[0.149s] DEBUG:colcon:Command line arguments: ['/usr/bin/colcon', 'build', '--symlink-install']
[0.149s] DEBUG:colcon:Parsed command line arguments: Namespace(log_base=None, log_level=None, verb_name='build', build_base='build', install_base='install', merge_install=False, symlink_install=True, test_result_base=None, continue_on_error=False, executor='parallel', parallel_workers=12, event_handlers=None, ignore_user_meta=False, metas=['./colcon.meta'], base_paths=['.'], packages_ignore=None, packages_ignore_regex=None, paths=None, packages_up_to=None, packages_up_to_regex=None, packages_above=None, packages_above_and_dependencies=None, packages_above_depth=None, packages_select_by_dep=None, packages_skip_by_dep=None, packages_skip_up_to=None, packages_select_build_failed=False, packages_skip_build_finished=False, packages_select_test_failures=False, packages_skip_test_passed=False, packages_select=None, packages_skip=None, packages_select_regex=None, packages_skip_regex=None, packages_start=None, packages_end=None, allow_overriding=[], cmake_args=None, cmake_target=None, cmake_target_skip_unavailable=False, cmake_clean_cache=False, cmake_clean_first=False, cmake_force_configure=False, ament_cmake_args=None, catkin_cmake_args=None, catkin_skip_building_tests=False, mixin_files=None, mixin=None, verb_parser=<colcon_mixin.mixin.mixin_argument.MixinArgumentDecorator object at 0x7e05fac150a0>, verb_extension=<colcon_core.verb.build.BuildVerb object at 0x7e05fabf3410>, main=<bound method BuildVerb.main of <colcon_core.verb.build.BuildVerb object at 0x7e05fabf3410>>, mixin_verb=('build',))
[0.183s] Level 1:colcon.colcon_core.package_discovery:discover_packages(colcon_meta) check parameters
[0.183s] Level 1:colcon.colcon_core.package_discovery:discover_packages(recursive) check parameters
[0.183s] Level 1:colcon.colcon_core.package_discovery:discover_packages(ignore) check parameters
[0.183s] Level 1:colcon.colcon_core.package_discovery:discover_packages(path) check parameters
[0.183s] Level 1:colcon.colcon_core.package_discovery:discover_packages(colcon_meta) discover
[0.183s] Level 1:colcon.colcon_core.package_discovery:discover_packages(recursive) discover
[0.183s] INFO:colcon.colcon_core.package_discovery:Crawling recursively for packages in '/home/mikks/ros2_px4_ws'
[0.183s] Level 1:colcon.colcon_core.package_identification:_identify(.) by extensions ['ignore', 'ignore_ament_install']
[0.183s] Level 1:colcon.colcon_core.package_identification:_identify(.) by extension 'ignore'
[0.183s] Level 1:colcon.colcon_core.package_identification:_identify(.) by extension 'ignore_ament_install'
[0.183s] Level 1:colcon.colcon_core.package_identification:_identify(.) by extensions ['colcon_pkg']
[0.183s] Level 1:colcon.colcon_core.package_identification:_identify(.) by extension 'colcon_pkg'
[0.183s] Level 1:colcon.colcon_core.package_identification:_identify(.) by extensions ['colcon_meta']
[0.183s] Level 1:colcon.colcon_core.package_identification:_identify(.) by extension 'colcon_meta'
[0.183s] Level 1:colcon.colcon_core.package_identification:_identify(.) by extensions ['ros']
[0.183s] Level 1:colcon.colcon_core.package_identification:_identify(.) by extension 'ros'
[0.207s] Level 1:colcon.colcon_core.package_identification:_identify(.) by extensions ['cmake', 'python']
[0.207s] Level 1:colcon.colcon_core.package_identification:_identify(.) by extension 'cmake'
[0.207s] Level 1:colcon.colcon_core.package_identification:_identify(.) by extension 'python'
[0.207s] Level 1:colcon.colcon_core.package_identification:_identify(.) by extensions ['python_setup_py']
[0.207s] Level 1:colcon.colcon_core.package_identification:_identify(.) by extension 'python_setup_py'
[0.207s] Level 1:colcon.colcon_core.package_identification:_identify(build) by extensions ['ignore', 'ignore_ament_install']
[0.207s] Level 1:colcon.colcon_core.package_identification:_identify(build) by extension 'ignore'
[0.207s] Level 1:colcon.colcon_core.package_identification:_identify(build) ignored
[0.207s] Level 1:colcon.colcon_core.package_identification:_identify(install) by extensions ['ignore', 'ignore_ament_install']
[0.208s] Level 1:colcon.colcon_core.package_identification:_identify(install) by extension 'ignore'
[0.208s] Level 1:colcon.colcon_core.package_identification:_identify(install) ignored
[0.208s] Level 1:colcon.colcon_core.package_identification:_identify(log) by extensions ['ignore', 'ignore_ament_install']
[0.208s] Level 1:colcon.colcon_core.package_identification:_identify(log) by extension 'ignore'
[0.208s] Level 1:colcon.colcon_core.package_identification:_identify(log) ignored
[0.208s] Level 1:colcon.colcon_core.package_identification:_identify(src) by extensions ['ignore', 'ignore_ament_install']
[0.208s] Level 1:colcon.colcon_core.package_identification:_identify(src) by extension 'ignore'
[0.208s] Level 1:colcon.colcon_core.package_identification:_identify(src) by extension 'ignore_ament_install'
[0.208s] Level 1:colcon.colcon_core.package_identification:_identify(src) by extensions ['colcon_pkg']
[0.208s] Level 1:colcon.colcon_core.package_identification:_identify(src) by extension 'colcon_pkg'
[0.208s] Level 1:colcon.colcon_core.package_identification:_identify(src) by extensions ['colcon_meta']
[0.208s] Level 1:colcon.colcon_core.package_identification:_identify(src) by extension 'colcon_meta'
[0.208s] Level 1:colcon.colcon_core.package_identification:_identify(src) by extensions ['ros']
[0.209s] Level 1:colcon.colcon_core.package_identification:_identify(src) by extension 'ros'
[0.209s] Level 1:colcon.colcon_core.package_identification:_identify(src) by extensions ['cmake', 'python']
[0.209s] Level 1:colcon.colcon_core.package_identification:_identify(src) by extension 'cmake'
[0.209s] Level 1:colcon.colcon_core.package_identification:_identify(src) by extension 'python'
[0.209s] Level 1:colcon.colcon_core.package_identification:_identify(src) by extensions ['python_setup_py']
[0.209s] Level 1:colcon.colcon_core.package_identification:_identify(src) by extension 'python_setup_py'
[0.209s] Level 1:colcon.colcon_core.package_identification:_identify(src/px4-ros2-interface-lib) by extensions ['ignore', 'ignore_ament_install']
[0.209s] Level 1:colcon.colcon_core.package_identification:_identify(src/px4-ros2-interface-lib) by extension 'ignore'
[0.209s] Level 1:colcon.colcon_core.package_identification:_identify(src/px4-ros2-interface-lib) by extension 'ignore_ament_install'
[0.209s] Level 1:colcon.colcon_core.package_identification:_identify(src/px4-ros2-interface-lib) by extensions ['colcon_pkg']
[0.209s] Level 1:colcon.colcon_core.package_identification:_identify(src/px4-ros2-interface-lib) by extension 'colcon_pkg'
[0.209s] Level 1:colcon.colcon_core.package_identification:_identify(src/px4-ros2-interface-lib) by extensions ['colcon_meta']
[0.209s] Level 1:colcon.colcon_core.package_identification:_identify(src/px4-ros2-interface-lib) by extension 'colcon_meta'
[0.210s] Level 1:colcon.colcon_core.package_identification:_identify(src/px4-ros2-interface-lib) by extensions ['ros']
[0.210s] Level 1:colcon.colcon_core.package_identification:_identify(src/px4-ros2-interface-lib) by extension 'ros'
[0.210s] Level 1:colcon.colcon_core.package_identification:_identify(src/px4-ros2-interface-lib) by extensions ['cmake', 'python']
[0.210s] Level 1:colcon.colcon_core.package_identification:_identify(src/px4-ros2-interface-lib) by extension 'cmake'
[0.210s] Level 1:colcon.colcon_core.package_identification:_identify(src/px4-ros2-interface-lib) by extension 'python'
[0.210s] Level 1:colcon.colcon_core.package_identification:_identify(src/px4-ros2-interface-lib) by extensions ['python_setup_py']
[0.210s] Level 1:colcon.colcon_core.package_identification:_identify(src/px4-ros2-interface-lib) by extension 'python_setup_py'
[0.210s] Level 1:colcon.colcon_core.package_identification:_identify(src/px4-ros2-interface-lib/examples) by extensions ['ignore', 'ignore_ament_install']
[0.210s] Level 1:colcon.colcon_core.package_identification:_identify(src/px4-ros2-interface-lib/examples) by extension 'ignore'
[0.210s] Level 1:colcon.colcon_core.package_identification:_identify(src/px4-ros2-interface-lib/examples) by extension 'ignore_ament_install'
[0.210s] Level 1:colcon.colcon_core.package_identification:_identify(src/px4-ros2-interface-lib/examples) by extensions ['colcon_pkg']
[0.210s] Level 1:colcon.colcon_core.package_identification:_identify(src/px4-ros2-interface-lib/examples) by extension 'colcon_pkg'
[0.210s] Level 1:colcon.colcon_core.package_identification:_identify(src/px4-ros2-interface-lib/examples) by extensions ['colcon_meta']
[0.210s] Level 1:colcon.colcon_core.package_identification:_identify(src/px4-ros2-interface-lib/examples) by extension 'colcon_meta'
[0.210s] Level 1:colcon.colcon_core.package_identification:_identify(src/px4-ros2-interface-lib/examples) by extensions ['ros']
[0.211s] Level 1:colcon.colcon_core.package_identification:_identify(src/px4-ros2-interface-lib/examples) by extension 'ros'
[0.211s] Level 1:colcon.colcon_core.package_identification:_identify(src/px4-ros2-interface-lib/examples) by extensions ['cmake', 'python']
[0.211s] Level 1:colcon.colcon_core.package_identification:_identify(src/px4-ros2-interface-lib/examples) by extension 'cmake'
[0.211s] Level 1:colcon.colcon_core.package_identification:_identify(src/px4-ros2-interface-lib/examples) by extension 'python'
[0.211s] Level 1:colcon.colcon_core.package_identification:_identify(src/px4-ros2-interface-lib/examples) by extensions ['python_setup_py']
[0.211s] Level 1:colcon.colcon_core.package_identification:_identify(src/px4-ros2-interface-lib/examples) by extension 'python_setup_py'
[0.211s] Level 1:colcon.colcon_core.package_identification:_identify(src/px4-ros2-interface-lib/examples/cpp) by extensions ['ignore', 'ignore_ament_install']
[0.211s] Level 1:colcon.colcon_core.package_identification:_identify(src/px4-ros2-interface-lib/examples/cpp) by extension 'ignore'
[0.211s] Level 1:colcon.colcon_core.package_identification:_identify(src/px4-ros2-interface-lib/examples/cpp) by extension 'ignore_ament_install'
[0.211s] Level 1:colcon.colcon_core.package_identification:_identify(src/px4-ros2-interface-lib/examples/cpp) by extensions ['colcon_pkg']
[0.211s] Level 1:colcon.colcon_core.package_identification:_identify(src/px4-ros2-interface-lib/examples/cpp) by extension 'colcon_pkg'
[0.211s] Level 1:colcon.colcon_core.package_identification:_identify(src/px4-ros2-interface-lib/examples/cpp) by extensions ['colcon_meta']
[0.211s] Level 1:colcon.colcon_core.package_identification:_identify(src/px4-ros2-interface-lib/examples/cpp) by extension 'colcon_meta'
[0.211s] Level 1:colcon.colcon_core.package_identification:_identify(src/px4-ros2-interface-lib/examples/cpp) by extensions ['ros']
[0.212s] Level 1:colcon.colcon_core.package_identification:_identify(src/px4-ros2-interface-lib/examples/cpp) by extension 'ros'
[0.212s] Level 1:colcon.colcon_core.package_identification:_identify(src/px4-ros2-interface-lib/examples/cpp) by extensions ['cmake', 'python']
[0.212s] Level 1:colcon.colcon_core.package_identification:_identify(src/px4-ros2-interface-lib/examples/cpp) by extension 'cmake'
[0.212s] Level 1:colcon.colcon_core.package_identification:_identify(src/px4-ros2-interface-lib/examples/cpp) by extension 'python'
[0.212s] Level 1:colcon.colcon_core.package_identification:_identify(src/px4-ros2-interface-lib/examples/cpp) by extensions ['python_setup_py']
[0.212s] Level 1:colcon.colcon_core.package_identification:_identify(src/px4-ros2-interface-lib/examples/cpp) by extension 'python_setup_py'
[0.212s] Level 1:colcon.colcon_core.package_identification:_identify(src/px4-ros2-interface-lib/examples/cpp/modes) by extensions ['ignore', 'ignore_ament_install']
[0.212s] Level 1:colcon.colcon_core.package_identification:_identify(src/px4-ros2-interface-lib/examples/cpp/modes) by extension 'ignore'
[0.212s] Level 1:colcon.colcon_core.package_identification:_identify(src/px4-ros2-interface-lib/examples/cpp/modes) by extension 'ignore_ament_install'
[0.212s] Level 1:colcon.colcon_core.package_identification:_identify(src/px4-ros2-interface-lib/examples/cpp/modes) by extensions ['colcon_pkg']
[0.212s] Level 1:colcon.colcon_core.package_identification:_identify(src/px4-ros2-interface-lib/examples/cpp/modes) by extension 'colcon_pkg'
[0.212s] Level 1:colcon.colcon_core.package_identification:_identify(src/px4-ros2-interface-lib/examples/cpp/modes) by extensions ['colcon_meta']
[0.212s] Level 1:colcon.colcon_core.package_identification:_identify(src/px4-ros2-interface-lib/examples/cpp/modes) by extension 'colcon_meta'
[0.213s] Level 1:colcon.colcon_core.package_identification:_identify(src/px4-ros2-interface-lib/examples/cpp/modes) by extensions ['ros']
[0.213s] Level 1:colcon.colcon_core.package_identification:_identify(src/px4-ros2-interface-lib/examples/cpp/modes) by extension 'ros'
[0.213s] Level 1:colcon.colcon_core.package_identification:_identify(src/px4-ros2-interface-lib/examples/cpp/modes) by extensions ['cmake', 'python']
[0.213s] Level 1:colcon.colcon_core.package_identification:_identify(src/px4-ros2-interface-lib/examples/cpp/modes) by extension 'cmake'
[0.213s] Level 1:colcon.colcon_core.package_identification:_identify(src/px4-ros2-interface-lib/examples/cpp/modes) by extension 'python'
[0.213s] Level 1:colcon.colcon_core.package_identification:_identify(src/px4-ros2-interface-lib/examples/cpp/modes) by extensions ['python_setup_py']
[0.213s] Level 1:colcon.colcon_core.package_identification:_identify(src/px4-ros2-interface-lib/examples/cpp/modes) by extension 'python_setup_py'
[0.213s] Level 1:colcon.colcon_core.package_identification:_identify(src/px4-ros2-interface-lib/examples/cpp/modes/executor_with_multiple_modes) by extensions ['ignore', 'ignore_ament_install']
[0.213s] Level 1:colcon.colcon_core.package_identification:_identify(src/px4-ros2-interface-lib/examples/cpp/modes/executor_with_multiple_modes) by extension 'ignore'
[0.213s] Level 1:colcon.colcon_core.package_identification:_identify(src/px4-ros2-interface-lib/examples/cpp/modes/executor_with_multiple_modes) by extension 'ignore_ament_install'
[0.213s] Level 1:colcon.colcon_core.package_identification:_identify(src/px4-ros2-interface-lib/examples/cpp/modes/executor_with_multiple_modes) by extensions ['colcon_pkg']
[0.213s] Level 1:colcon.colcon_core.package_identification:_identify(src/px4-ros2-interface-lib/examples/cpp/modes/executor_with_multiple_modes) by extension 'colcon_pkg'
[0.214s] Level 1:colcon.colcon_core.package_identification:_identify(src/px4-ros2-interface-lib/examples/cpp/modes/executor_with_multiple_modes) by extensions ['colcon_meta']
[0.214s] Level 1:colcon.colcon_core.package_identification:_identify(src/px4-ros2-interface-lib/examples/cpp/modes/executor_with_multiple_modes) by extension 'colcon_meta'
[0.214s] Level 1:colcon.colcon_core.package_identification:_identify(src/px4-ros2-interface-lib/examples/cpp/modes/executor_with_multiple_modes) by extensions ['ros']
[0.214s] Level 1:colcon.colcon_core.package_identification:_identify(src/px4-ros2-interface-lib/examples/cpp/modes/executor_with_multiple_modes) by extension 'ros'
[0.216s] DEBUG:colcon.colcon_core.package_identification:Package 'src/px4-ros2-interface-lib/examples/cpp/modes/executor_with_multiple_modes' with type 'ros.ament_cmake' and name 'example_executor_with_multiple_modes_cpp'
[0.216s] Level 1:colcon.colcon_core.package_identification:_identify(src/px4-ros2-interface-lib/examples/cpp/modes/fw_attitude) by extensions ['ignore', 'ignore_ament_install']
[0.216s] Level 1:colcon.colcon_core.package_identification:_identify(src/px4-ros2-interface-lib/examples/cpp/modes/fw_attitude) by extension 'ignore'
[0.216s] Level 1:colcon.colcon_core.package_identification:_identify(src/px4-ros2-interface-lib/examples/cpp/modes/fw_attitude) by extension 'ignore_ament_install'
[0.216s] Level 1:colcon.colcon_core.package_identification:_identify(src/px4-ros2-interface-lib/examples/cpp/modes/fw_attitude) by extensions ['colcon_pkg']
[0.216s] Level 1:colcon.colcon_core.package_identification:_identify(src/px4-ros2-interface-lib/examples/cpp/modes/fw_attitude) by extension 'colcon_pkg'
[0.216s] Level 1:colcon.colcon_core.package_identification:_identify(src/px4-ros2-interface-lib/examples/cpp/modes/fw_attitude) by extensions ['colcon_meta']
[0.216s] Level 1:colcon.colcon_core.package_identification:_identify(src/px4-ros2-interface-lib/examples/cpp/modes/fw_attitude) by extension 'colcon_meta'
[0.217s] Level 1:colcon.colcon_core.package_identification:_identify(src/px4-ros2-interface-lib/examples/cpp/modes/fw_attitude) by extensions ['ros']
[0.217s] Level 1:colcon.colcon_core.package_identification:_identify(src/px4-ros2-interface-lib/examples/cpp/modes/fw_attitude) by extension 'ros'
[0.217s] DEBUG:colcon.colcon_core.package_identification:Package 'src/px4-ros2-interface-lib/examples/cpp/modes/fw_attitude' with type 'ros.ament_cmake' and name 'example_mode_fw_attitude_cpp'
[0.217s] Level 1:colcon.colcon_core.package_identification:_identify(src/px4-ros2-interface-lib/examples/cpp/modes/goto) by extensions ['ignore', 'ignore_ament_install']
[0.217s] Level 1:colcon.colcon_core.package_identification:_identify(src/px4-ros2-interface-lib/examples/cpp/modes/goto) by extension 'ignore'
[0.218s] Level 1:colcon.colcon_core.package_identification:_identify(src/px4-ros2-interface-lib/examples/cpp/modes/goto) by extension 'ignore_ament_install'
[0.218s] Level 1:colcon.colcon_core.package_identification:_identify(src/px4-ros2-interface-lib/examples/cpp/modes/goto) by extensions ['colcon_pkg']
[0.218s] Level 1:colcon.colcon_core.package_identification:_identify(src/px4-ros2-interface-lib/examples/cpp/modes/goto) by extension 'colcon_pkg'
[0.218s] Level 1:colcon.colcon_core.package_identification:_identify(src/px4-ros2-interface-lib/examples/cpp/modes/goto) by extensions ['colcon_meta']
[0.218s] Level 1:colcon.colcon_core.package_identification:_identify(src/px4-ros2-interface-lib/examples/cpp/modes/goto) by extension 'colcon_meta'
[0.218s] Level 1:colcon.colcon_core.package_identification:_identify(src/px4-ros2-interface-lib/examples/cpp/modes/goto) by extensions ['ros']
[0.218s] Level 1:colcon.colcon_core.package_identification:_identify(src/px4-ros2-interface-lib/examples/cpp/modes/goto) by extension 'ros'
[0.218s] DEBUG:colcon.colcon_core.package_identification:Package 'src/px4-ros2-interface-lib/examples/cpp/modes/goto' with type 'ros.ament_cmake' and name 'example_mode_goto_cpp'
[0.218s] Level 1:colcon.colcon_core.package_identification:_identify(src/px4-ros2-interface-lib/examples/cpp/modes/goto_global) by extensions ['ignore', 'ignore_ament_install']
[0.219s] Level 1:colcon.colcon_core.package_identification:_identify(src/px4-ros2-interface-lib/examples/cpp/modes/goto_global) by extension 'ignore'
[0.219s] Level 1:colcon.colcon_core.package_identification:_identify(src/px4-ros2-interface-lib/examples/cpp/modes/goto_global) by extension 'ignore_ament_install'
[0.219s] Level 1:colcon.colcon_core.package_identification:_identify(src/px4-ros2-interface-lib/examples/cpp/modes/goto_global) by extensions ['colcon_pkg']
[0.219s] Level 1:colcon.colcon_core.package_identification:_identify(src/px4-ros2-interface-lib/examples/cpp/modes/goto_global) by extension 'colcon_pkg'
[0.219s] Level 1:colcon.colcon_core.package_identification:_identify(src/px4-ros2-interface-lib/examples/cpp/modes/goto_global) by extensions ['colcon_meta']
[0.219s] Level 1:colcon.colcon_core.package_identification:_identify(src/px4-ros2-interface-lib/examples/cpp/modes/goto_global) by extension 'colcon_meta'
[0.219s] Level 1:colcon.colcon_core.package_identification:_identify(src/px4-ros2-interface-lib/examples/cpp/modes/goto_global) by extensions ['ros']
[0.219s] Level 1:colcon.colcon_core.package_identification:_identify(src/px4-ros2-interface-lib/examples/cpp/modes/goto_global) by extension 'ros'
[0.220s] DEBUG:colcon.colcon_core.package_identification:Package 'src/px4-ros2-interface-lib/examples/cpp/modes/goto_global' with type 'ros.ament_cmake' and name 'example_mode_goto_global_cpp'
[0.220s] Level 1:colcon.colcon_core.package_identification:_identify(src/px4-ros2-interface-lib/examples/cpp/modes/manual) by extensions ['ignore', 'ignore_ament_install']
[0.220s] Level 1:colcon.colcon_core.package_identification:_identify(src/px4-ros2-interface-lib/examples/cpp/modes/manual) by extension 'ignore'
[0.220s] Level 1:colcon.colcon_core.package_identification:_identify(src/px4-ros2-interface-lib/examples/cpp/modes/manual) by extension 'ignore_ament_install'
[0.220s] Level 1:colcon.colcon_core.package_identification:_identify(src/px4-ros2-interface-lib/examples/cpp/modes/manual) by extensions ['colcon_pkg']
[0.220s] Level 1:colcon.colcon_core.package_identification:_identify(src/px4-ros2-interface-lib/examples/cpp/modes/manual) by extension 'colcon_pkg'
[0.220s] Level 1:colcon.colcon_core.package_identification:_identify(src/px4-ros2-interface-lib/examples/cpp/modes/manual) by extensions ['colcon_meta']
[0.220s] Level 1:colcon.colcon_core.package_identification:_identify(src/px4-ros2-interface-lib/examples/cpp/modes/manual) by extension 'colcon_meta'
[0.220s] Level 1:colcon.colcon_core.package_identification:_identify(src/px4-ros2-interface-lib/examples/cpp/modes/manual) by extensions ['ros']
[0.220s] Level 1:colcon.colcon_core.package_identification:_identify(src/px4-ros2-interface-lib/examples/cpp/modes/manual) by extension 'ros'
[0.221s] DEBUG:colcon.colcon_core.package_identification:Package 'src/px4-ros2-interface-lib/examples/cpp/modes/manual' with type 'ros.ament_cmake' and name 'example_mode_manual_cpp'
[0.221s] Level 1:colcon.colcon_core.package_identification:_identify(src/px4-ros2-interface-lib/examples/cpp/modes/mission) by extensions ['ignore', 'ignore_ament_install']
[0.221s] Level 1:colcon.colcon_core.package_identification:_identify(src/px4-ros2-interface-lib/examples/cpp/modes/mission) by extension 'ignore'
[0.221s] Level 1:colcon.colcon_core.package_identification:_identify(src/px4-ros2-interface-lib/examples/cpp/modes/mission) by extension 'ignore_ament_install'
[0.221s] Level 1:colcon.colcon_core.package_identification:_identify(src/px4-ros2-interface-lib/examples/cpp/modes/mission) by extensions ['colcon_pkg']
[0.221s] Level 1:colcon.colcon_core.package_identification:_identify(src/px4-ros2-interface-lib/examples/cpp/modes/mission) by extension 'colcon_pkg'
[0.221s] Level 1:colcon.colcon_core.package_identification:_identify(src/px4-ros2-interface-lib/examples/cpp/modes/mission) by extensions ['colcon_meta']
[0.221s] Level 1:colcon.colcon_core.package_identification:_identify(src/px4-ros2-interface-lib/examples/cpp/modes/mission) by extension 'colcon_meta'
[0.222s] Level 1:colcon.colcon_core.package_identification:_identify(src/px4-ros2-interface-lib/examples/cpp/modes/mission) by extensions ['ros']
[0.222s] Level 1:colcon.colcon_core.package_identification:_identify(src/px4-ros2-interface-lib/examples/cpp/modes/mission) by extension 'ros'
[0.222s] DEBUG:colcon.colcon_core.package_identification:Package 'src/px4-ros2-interface-lib/examples/cpp/modes/mission' with type 'ros.ament_cmake' and name 'example_mode_mission_cpp'
[0.222s] Level 1:colcon.colcon_core.package_identification:_identify(src/px4-ros2-interface-lib/examples/cpp/modes/mode_with_executor) by extensions ['ignore', 'ignore_ament_install']
[0.222s] Level 1:colcon.colcon_core.package_identification:_identify(src/px4-ros2-interface-lib/examples/cpp/modes/mode_with_executor) by extension 'ignore'
[0.222s] Level 1:colcon.colcon_core.package_identification:_identify(src/px4-ros2-interface-lib/examples/cpp/modes/mode_with_executor) by extension 'ignore_ament_install'
[0.223s] Level 1:colcon.colcon_core.package_identification:_identify(src/px4-ros2-interface-lib/examples/cpp/modes/mode_with_executor) by extensions ['colcon_pkg']
[0.223s] Level 1:colcon.colcon_core.package_identification:_identify(src/px4-ros2-interface-lib/examples/cpp/modes/mode_with_executor) by extension 'colcon_pkg'
[0.223s] Level 1:colcon.colcon_core.package_identification:_identify(src/px4-ros2-interface-lib/examples/cpp/modes/mode_with_executor) by extensions ['colcon_meta']
[0.223s] Level 1:colcon.colcon_core.package_identification:_identify(src/px4-ros2-interface-lib/examples/cpp/modes/mode_with_executor) by extension 'colcon_meta'
[0.223s] Level 1:colcon.colcon_core.package_identification:_identify(src/px4-ros2-interface-lib/examples/cpp/modes/mode_with_executor) by extensions ['ros']
[0.223s] Level 1:colcon.colcon_core.package_identification:_identify(src/px4-ros2-interface-lib/examples/cpp/modes/mode_with_executor) by extension 'ros'
[0.223s] DEBUG:colcon.colcon_core.package_identification:Package 'src/px4-ros2-interface-lib/examples/cpp/modes/mode_with_executor' with type 'ros.ament_cmake' and name 'example_mode_with_executor_cpp'
[0.223s] Level 1:colcon.colcon_core.package_identification:_identify(src/px4-ros2-interface-lib/examples/cpp/modes/rover_velocity) by extensions ['ignore', 'ignore_ament_install']
[0.224s] Level 1:colcon.colcon_core.package_identification:_identify(src/px4-ros2-interface-lib/examples/cpp/modes/rover_velocity) by extension 'ignore'
[0.224s] Level 1:colcon.colcon_core.package_identification:_identify(src/px4-ros2-interface-lib/examples/cpp/modes/rover_velocity) by extension 'ignore_ament_install'
[0.224s] Level 1:colcon.colcon_core.package_identification:_identify(src/px4-ros2-interface-lib/examples/cpp/modes/rover_velocity) by extensions ['colcon_pkg']
[0.224s] Level 1:colcon.colcon_core.package_identification:_identify(src/px4-ros2-interface-lib/examples/cpp/modes/rover_velocity) by extension 'colcon_pkg'
[0.224s] Level 1:colcon.colcon_core.package_identification:_identify(src/px4-ros2-interface-lib/examples/cpp/modes/rover_velocity) by extensions ['colcon_meta']
[0.224s] Level 1:colcon.colcon_core.package_identification:_identify(src/px4-ros2-interface-lib/examples/cpp/modes/rover_velocity) by extension 'colcon_meta'
[0.224s] Level 1:colcon.colcon_core.package_identification:_identify(src/px4-ros2-interface-lib/examples/cpp/modes/rover_velocity) by extensions ['ros']
[0.224s] Level 1:colcon.colcon_core.package_identification:_identify(src/px4-ros2-interface-lib/examples/cpp/modes/rover_velocity) by extension 'ros'
[0.225s] DEBUG:colcon.colcon_core.package_identification:Package 'src/px4-ros2-interface-lib/examples/cpp/modes/rover_velocity' with type 'ros.ament_cmake' and name 'example_rover_velocity_mode_cpp'
[0.225s] Level 1:colcon.colcon_core.package_identification:_identify(src/px4-ros2-interface-lib/examples/cpp/modes/rtl_replacement) by extensions ['ignore', 'ignore_ament_install']
[0.225s] Level 1:colcon.colcon_core.package_identification:_identify(src/px4-ros2-interface-lib/examples/cpp/modes/rtl_replacement) by extension 'ignore'
[0.225s] Level 1:colcon.colcon_core.package_identification:_identify(src/px4-ros2-interface-lib/examples/cpp/modes/rtl_replacement) by extension 'ignore_ament_install'
[0.225s] Level 1:colcon.colcon_core.package_identification:_identify(src/px4-ros2-interface-lib/examples/cpp/modes/rtl_replacement) by extensions ['colcon_pkg']
[0.225s] Level 1:colcon.colcon_core.package_identification:_identify(src/px4-ros2-interface-lib/examples/cpp/modes/rtl_replacement) by extension 'colcon_pkg'
[0.225s] Level 1:colcon.colcon_core.package_identification:_identify(src/px4-ros2-interface-lib/examples/cpp/modes/rtl_replacement) by extensions ['colcon_meta']
[0.225s] Level 1:colcon.colcon_core.package_identification:_identify(src/px4-ros2-interface-lib/examples/cpp/modes/rtl_replacement) by extension 'colcon_meta'
[0.225s] Level 1:colcon.colcon_core.package_identification:_identify(src/px4-ros2-interface-lib/examples/cpp/modes/rtl_replacement) by extensions ['ros']
[0.225s] Level 1:colcon.colcon_core.package_identification:_identify(src/px4-ros2-interface-lib/examples/cpp/modes/rtl_replacement) by extension 'ros'
[0.226s] DEBUG:colcon.colcon_core.package_identification:Package 'src/px4-ros2-interface-lib/examples/cpp/modes/rtl_replacement' with type 'ros.ament_cmake' and name 'example_mode_rtl_replacement_cpp'
[0.226s] Level 1:colcon.colcon_core.package_identification:_identify(src/px4-ros2-interface-lib/examples/cpp/modes/vtol) by extensions ['ignore', 'ignore_ament_install']
[0.226s] Level 1:colcon.colcon_core.package_identification:_identify(src/px4-ros2-interface-lib/examples/cpp/modes/vtol) by extension 'ignore'
[0.226s] Level 1:colcon.colcon_core.package_identification:_identify(src/px4-ros2-interface-lib/examples/cpp/modes/vtol) by extension 'ignore_ament_install'
[0.226s] Level 1:colcon.colcon_core.package_identification:_identify(src/px4-ros2-interface-lib/examples/cpp/modes/vtol) by extensions ['colcon_pkg']
[0.226s] Level 1:colcon.colcon_core.package_identification:_identify(src/px4-ros2-interface-lib/examples/cpp/modes/vtol) by extension 'colcon_pkg'
[0.226s] Level 1:colcon.colcon_core.package_identification:_identify(src/px4-ros2-interface-lib/examples/cpp/modes/vtol) by extensions ['colcon_meta']
[0.226s] Level 1:colcon.colcon_core.package_identification:_identify(src/px4-ros2-interface-lib/examples/cpp/modes/vtol) by extension 'colcon_meta'
[0.227s] Level 1:colcon.colcon_core.package_identification:_identify(src/px4-ros2-interface-lib/examples/cpp/modes/vtol) by extensions ['ros']
[0.227s] Level 1:colcon.colcon_core.package_identification:_identify(src/px4-ros2-interface-lib/examples/cpp/modes/vtol) by extension 'ros'
[0.227s] DEBUG:colcon.colcon_core.package_identification:Package 'src/px4-ros2-interface-lib/examples/cpp/modes/vtol' with type 'ros.ament_cmake' and name 'example_mode_vtol_cpp'
[0.227s] Level 1:colcon.colcon_core.package_identification:_identify(src/px4-ros2-interface-lib/examples/cpp/navigation) by extensions ['ignore', 'ignore_ament_install']
[0.227s] Level 1:colcon.colcon_core.package_identification:_identify(src/px4-ros2-interface-lib/examples/cpp/navigation) by extension 'ignore'
[0.228s] Level 1:colcon.colcon_core.package_identification:_identify(src/px4-ros2-interface-lib/examples/cpp/navigation) by extension 'ignore_ament_install'
[0.228s] Level 1:colcon.colcon_core.package_identification:_identify(src/px4-ros2-interface-lib/examples/cpp/navigation) by extensions ['colcon_pkg']
[0.228s] Level 1:colcon.colcon_core.package_identification:_identify(src/px4-ros2-interface-lib/examples/cpp/navigation) by extension 'colcon_pkg'
[0.228s] Level 1:colcon.colcon_core.package_identification:_identify(src/px4-ros2-interface-lib/examples/cpp/navigation) by extensions ['colcon_meta']
[0.228s] Level 1:colcon.colcon_core.package_identification:_identify(src/px4-ros2-interface-lib/examples/cpp/navigation) by extension 'colcon_meta'
[0.228s] Level 1:colcon.colcon_core.package_identification:_identify(src/px4-ros2-interface-lib/examples/cpp/navigation) by extensions ['ros']
[0.228s] Level 1:colcon.colcon_core.package_identification:_identify(src/px4-ros2-interface-lib/examples/cpp/navigation) by extension 'ros'
[0.228s] Level 1:colcon.colcon_core.package_identification:_identify(src/px4-ros2-interface-lib/examples/cpp/navigation) by extensions ['cmake', 'python']
[0.228s] Level 1:colcon.colcon_core.package_identification:_identify(src/px4-ros2-interface-lib/examples/cpp/navigation) by extension 'cmake'
[0.228s] Level 1:colcon.colcon_core.package_identification:_identify(src/px4-ros2-interface-lib/examples/cpp/navigation) by extension 'python'
[0.228s] Level 1:colcon.colcon_core.package_identification:_identify(src/px4-ros2-interface-lib/examples/cpp/navigation) by extensions ['python_setup_py']
[0.228s] Level 1:colcon.colcon_core.package_identification:_identify(src/px4-ros2-interface-lib/examples/cpp/navigation) by extension 'python_setup_py'
[0.228s] Level 1:colcon.colcon_core.package_identification:_identify(src/px4-ros2-interface-lib/examples/cpp/navigation/global_navigation) by extensions ['ignore', 'ignore_ament_install']
[0.228s] Level 1:colcon.colcon_core.package_identification:_identify(src/px4-ros2-interface-lib/examples/cpp/navigation/global_navigation) by extension 'ignore'
[0.229s] Level 1:colcon.colcon_core.package_identification:_identify(src/px4-ros2-interface-lib/examples/cpp/navigation/global_navigation) by extension 'ignore_ament_install'
[0.229s] Level 1:colcon.colcon_core.package_identification:_identify(src/px4-ros2-interface-lib/examples/cpp/navigation/global_navigation) by extensions ['colcon_pkg']
[0.229s] Level 1:colcon.colcon_core.package_identification:_identify(src/px4-ros2-interface-lib/examples/cpp/navigation/global_navigation) by extension 'colcon_pkg'
[0.229s] Level 1:colcon.colcon_core.package_identification:_identify(src/px4-ros2-interface-lib/examples/cpp/navigation/global_navigation) by extensions ['colcon_meta']
[0.229s] Level 1:colcon.colcon_core.package_identification:_identify(src/px4-ros2-interface-lib/examples/cpp/navigation/global_navigation) by extension 'colcon_meta'
[0.229s] Level 1:colcon.colcon_core.package_identification:_identify(src/px4-ros2-interface-lib/examples/cpp/navigation/global_navigation) by extensions ['ros']
[0.229s] Level 1:colcon.colcon_core.package_identification:_identify(src/px4-ros2-interface-lib/examples/cpp/navigation/global_navigation) by extension 'ros'
[0.229s] DEBUG:colcon.colcon_core.package_identification:Package 'src/px4-ros2-interface-lib/examples/cpp/navigation/global_navigation' with type 'ros.ament_cmake' and name 'example_global_navigation_cpp'
[0.230s] Level 1:colcon.colcon_core.package_identification:_identify(src/px4-ros2-interface-lib/examples/cpp/navigation/local_navigation) by extensions ['ignore', 'ignore_ament_install']
[0.230s] Level 1:colcon.colcon_core.package_identification:_identify(src/px4-ros2-interface-lib/examples/cpp/navigation/local_navigation) by extension 'ignore'
[0.230s] Level 1:colcon.colcon_core.package_identification:_identify(src/px4-ros2-interface-lib/examples/cpp/navigation/local_navigation) by extension 'ignore_ament_install'
[0.230s] Level 1:colcon.colcon_core.package_identification:_identify(src/px4-ros2-interface-lib/examples/cpp/navigation/local_navigation) by extensions ['colcon_pkg']
[0.230s] Level 1:colcon.colcon_core.package_identification:_identify(src/px4-ros2-interface-lib/examples/cpp/navigation/local_navigation) by extension 'colcon_pkg'
[0.230s] Level 1:colcon.colcon_core.package_identification:_identify(src/px4-ros2-interface-lib/examples/cpp/navigation/local_navigation) by extensions ['colcon_meta']
[0.230s] Level 1:colcon.colcon_core.package_identification:_identify(src/px4-ros2-interface-lib/examples/cpp/navigation/local_navigation) by extension 'colcon_meta'
[0.230s] Level 1:colcon.colcon_core.package_identification:_identify(src/px4-ros2-interface-lib/examples/cpp/navigation/local_navigation) by extensions ['ros']
[0.230s] Level 1:colcon.colcon_core.package_identification:_identify(src/px4-ros2-interface-lib/examples/cpp/navigation/local_navigation) by extension 'ros'
[0.231s] DEBUG:colcon.colcon_core.package_identification:Package 'src/px4-ros2-interface-lib/examples/cpp/navigation/local_navigation' with type 'ros.ament_cmake' and name 'example_local_navigation_cpp'
[0.231s] Level 1:colcon.colcon_core.package_identification:_identify(src/px4-ros2-interface-lib/examples/python) by extensions ['ignore', 'ignore_ament_install']
[0.231s] Level 1:colcon.colcon_core.package_identification:_identify(src/px4-ros2-interface-lib/examples/python) by extension 'ignore'
[0.231s] Level 1:colcon.colcon_core.package_identification:_identify(src/px4-ros2-interface-lib/examples/python) by extension 'ignore_ament_install'
[0.231s] Level 1:colcon.colcon_core.package_identification:_identify(src/px4-ros2-interface-lib/examples/python) by extensions ['colcon_pkg']
[0.231s] Level 1:colcon.colcon_core.package_identification:_identify(src/px4-ros2-interface-lib/examples/python) by extension 'colcon_pkg'
[0.231s] Level 1:colcon.colcon_core.package_identification:_identify(src/px4-ros2-interface-lib/examples/python) by extensions ['colcon_meta']
[0.231s] Level 1:colcon.colcon_core.package_identification:_identify(src/px4-ros2-interface-lib/examples/python) by extension 'colcon_meta'
[0.231s] Level 1:colcon.colcon_core.package_identification:_identify(src/px4-ros2-interface-lib/examples/python) by extensions ['ros']
[0.231s] Level 1:colcon.colcon_core.package_identification:_identify(src/px4-ros2-interface-lib/examples/python) by extension 'ros'
[0.231s] Level 1:colcon.colcon_core.package_identification:_identify(src/px4-ros2-interface-lib/examples/python) by extensions ['cmake', 'python']
[0.231s] Level 1:colcon.colcon_core.package_identification:_identify(src/px4-ros2-interface-lib/examples/python) by extension 'cmake'
[0.231s] Level 1:colcon.colcon_core.package_identification:_identify(src/px4-ros2-interface-lib/examples/python) by extension 'python'
[0.231s] Level 1:colcon.colcon_core.package_identification:_identify(src/px4-ros2-interface-lib/examples/python) by extensions ['python_setup_py']
[0.232s] Level 1:colcon.colcon_core.package_identification:_identify(src/px4-ros2-interface-lib/examples/python) by extension 'python_setup_py'
[0.232s] Level 1:colcon.colcon_core.package_identification:_identify(src/px4-ros2-interface-lib/examples/python/modes) by extensions ['ignore', 'ignore_ament_install']
[0.232s] Level 1:colcon.colcon_core.package_identification:_identify(src/px4-ros2-interface-lib/examples/python/modes) by extension 'ignore'
[0.232s] Level 1:colcon.colcon_core.package_identification:_identify(src/px4-ros2-interface-lib/examples/python/modes) by extension 'ignore_ament_install'
[0.232s] Level 1:colcon.colcon_core.package_identification:_identify(src/px4-ros2-interface-lib/examples/python/modes) by extensions ['colcon_pkg']
[0.232s] Level 1:colcon.colcon_core.package_identification:_identify(src/px4-ros2-interface-lib/examples/python/modes) by extension 'colcon_pkg'
[0.232s] Level 1:colcon.colcon_core.package_identification:_identify(src/px4-ros2-interface-lib/examples/python/modes) by extensions ['colcon_meta']
[0.232s] Level 1:colcon.colcon_core.package_identification:_identify(src/px4-ros2-interface-lib/examples/python/modes) by extension 'colcon_meta'
[0.232s] Level 1:colcon.colcon_core.package_identification:_identify(src/px4-ros2-interface-lib/examples/python/modes) by extensions ['ros']
[0.232s] Level 1:colcon.colcon_core.package_identification:_identify(src/px4-ros2-interface-lib/examples/python/modes) by extension 'ros'
[0.232s] Level 1:colcon.colcon_core.package_identification:_identify(src/px4-ros2-interface-lib/examples/python/modes) by extensions ['cmake', 'python']
[0.232s] Level 1:colcon.colcon_core.package_identification:_identify(src/px4-ros2-interface-lib/examples/python/modes) by extension 'cmake'
[0.232s] Level 1:colcon.colcon_core.package_identification:_identify(src/px4-ros2-interface-lib/examples/python/modes) by extension 'python'
[0.232s] Level 1:colcon.colcon_core.package_identification:_identify(src/px4-ros2-interface-lib/examples/python/modes) by extensions ['python_setup_py']
[0.232s] Level 1:colcon.colcon_core.package_identification:_identify(src/px4-ros2-interface-lib/examples/python/modes) by extension 'python_setup_py'
[0.233s] Level 1:colcon.colcon_core.package_identification:_identify(src/px4-ros2-interface-lib/examples/python/modes/goto) by extensions ['ignore', 'ignore_ament_install']
[0.233s] Level 1:colcon.colcon_core.package_identification:_identify(src/px4-ros2-interface-lib/examples/python/modes/goto) by extension 'ignore'
[0.233s] Level 1:colcon.colcon_core.package_identification:_identify(src/px4-ros2-interface-lib/examples/python/modes/goto) by extension 'ignore_ament_install'
[0.233s] Level 1:colcon.colcon_core.package_identification:_identify(src/px4-ros2-interface-lib/examples/python/modes/goto) by extensions ['colcon_pkg']
[0.233s] Level 1:colcon.colcon_core.package_identification:_identify(src/px4-ros2-interface-lib/examples/python/modes/goto) by extension 'colcon_pkg'
[0.233s] Level 1:colcon.colcon_core.package_identification:_identify(src/px4-ros2-interface-lib/examples/python/modes/goto) by extensions ['colcon_meta']
[0.233s] Level 1:colcon.colcon_core.package_identification:_identify(src/px4-ros2-interface-lib/examples/python/modes/goto) by extension 'colcon_meta'
[0.233s] Level 1:colcon.colcon_core.package_identification:_identify(src/px4-ros2-interface-lib/examples/python/modes/goto) by extensions ['ros']
[0.233s] Level 1:colcon.colcon_core.package_identification:_identify(src/px4-ros2-interface-lib/examples/python/modes/goto) by extension 'ros'
[0.234s] DEBUG:colcon.colcon_core.package_identification:Package 'src/px4-ros2-interface-lib/examples/python/modes/goto' with type 'ros.ament_python' and name 'example_mode_goto_py'
[0.234s] Level 1:colcon.colcon_core.package_identification:_identify(src/px4-ros2-interface-lib/examples/python/modes/goto_with_rclpy) by extensions ['ignore', 'ignore_ament_install']
[0.234s] Level 1:colcon.colcon_core.package_identification:_identify(src/px4-ros2-interface-lib/examples/python/modes/goto_with_rclpy) by extension 'ignore'
[0.234s] Level 1:colcon.colcon_core.package_identification:_identify(src/px4-ros2-interface-lib/examples/python/modes/goto_with_rclpy) by extension 'ignore_ament_install'
[0.234s] Level 1:colcon.colcon_core.package_identification:_identify(src/px4-ros2-interface-lib/examples/python/modes/goto_with_rclpy) by extensions ['colcon_pkg']
[0.234s] Level 1:colcon.colcon_core.package_identification:_identify(src/px4-ros2-interface-lib/examples/python/modes/goto_with_rclpy) by extension 'colcon_pkg'
[0.234s] Level 1:colcon.colcon_core.package_identification:_identify(src/px4-ros2-interface-lib/examples/python/modes/goto_with_rclpy) by extensions ['colcon_meta']
[0.234s] Level 1:colcon.colcon_core.package_identification:_identify(src/px4-ros2-interface-lib/examples/python/modes/goto_with_rclpy) by extension 'colcon_meta'
[0.234s] Level 1:colcon.colcon_core.package_identification:_identify(src/px4-ros2-interface-lib/examples/python/modes/goto_with_rclpy) by extensions ['ros']
[0.234s] Level 1:colcon.colcon_core.package_identification:_identify(src/px4-ros2-interface-lib/examples/python/modes/goto_with_rclpy) by extension 'ros'
[0.235s] DEBUG:colcon.colcon_core.package_identification:Package 'src/px4-ros2-interface-lib/examples/python/modes/goto_with_rclpy' with type 'ros.ament_python' and name 'example_mode_with_rclpy_py'
[0.235s] Level 1:colcon.colcon_core.package_identification:_identify(src/px4-ros2-interface-lib/mission) by extensions ['ignore', 'ignore_ament_install']
[0.235s] Level 1:colcon.colcon_core.package_identification:_identify(src/px4-ros2-interface-lib/mission) by extension 'ignore'
[0.235s] Level 1:colcon.colcon_core.package_identification:_identify(src/px4-ros2-interface-lib/mission) by extension 'ignore_ament_install'
[0.235s] Level 1:colcon.colcon_core.package_identification:_identify(src/px4-ros2-interface-lib/mission) by extensions ['colcon_pkg']
[0.235s] Level 1:colcon.colcon_core.package_identification:_identify(src/px4-ros2-interface-lib/mission) by extension 'colcon_pkg'
[0.235s] Level 1:colcon.colcon_core.package_identification:_identify(src/px4-ros2-interface-lib/mission) by extensions ['colcon_meta']
[0.235s] Level 1:colcon.colcon_core.package_identification:_identify(src/px4-ros2-interface-lib/mission) by extension 'colcon_meta'
[0.235s] Level 1:colcon.colcon_core.package_identification:_identify(src/px4-ros2-interface-lib/mission) by extensions ['ros']
[0.235s] Level 1:colcon.colcon_core.package_identification:_identify(src/px4-ros2-interface-lib/mission) by extension 'ros'
[0.235s] Level 1:colcon.colcon_core.package_identification:_identify(src/px4-ros2-interface-lib/mission) by extensions ['cmake', 'python']
[0.235s] Level 1:colcon.colcon_core.package_identification:_identify(src/px4-ros2-interface-lib/mission) by extension 'cmake'
[0.235s] Level 1:colcon.colcon_core.package_identification:_identify(src/px4-ros2-interface-lib/mission) by extension 'python'
[0.236s] Level 1:colcon.colcon_core.package_identification:_identify(src/px4-ros2-interface-lib/mission) by extensions ['python_setup_py']
[0.236s] Level 1:colcon.colcon_core.package_identification:_identify(src/px4-ros2-interface-lib/mission) by extension 'python_setup_py'
[0.236s] Level 1:colcon.colcon_core.package_identification:_identify(src/px4-ros2-interface-lib/mission/examples) by extensions ['ignore', 'ignore_ament_install']
[0.236s] Level 1:colcon.colcon_core.package_identification:_identify(src/px4-ros2-interface-lib/mission/examples) by extension 'ignore'
[0.236s] Level 1:colcon.colcon_core.package_identification:_identify(src/px4-ros2-interface-lib/mission/examples) by extension 'ignore_ament_install'
[0.236s] Level 1:colcon.colcon_core.package_identification:_identify(src/px4-ros2-interface-lib/mission/examples) by extensions ['colcon_pkg']
[0.236s] Level 1:colcon.colcon_core.package_identification:_identify(src/px4-ros2-interface-lib/mission/examples) by extension 'colcon_pkg'
[0.236s] Level 1:colcon.colcon_core.package_identification:_identify(src/px4-ros2-interface-lib/mission/examples) by extensions ['colcon_meta']
[0.236s] Level 1:colcon.colcon_core.package_identification:_identify(src/px4-ros2-interface-lib/mission/examples) by extension 'colcon_meta'
[0.236s] Level 1:colcon.colcon_core.package_identification:_identify(src/px4-ros2-interface-lib/mission/examples) by extensions ['ros']
[0.236s] Level 1:colcon.colcon_core.package_identification:_identify(src/px4-ros2-interface-lib/mission/examples) by extension 'ros'
[0.236s] Level 1:colcon.colcon_core.package_identification:_identify(src/px4-ros2-interface-lib/mission/examples) by extensions ['cmake', 'python']
[0.236s] Level 1:colcon.colcon_core.package_identification:_identify(src/px4-ros2-interface-lib/mission/examples) by extension 'cmake'
[0.236s] Level 1:colcon.colcon_core.package_identification:_identify(src/px4-ros2-interface-lib/mission/examples) by extension 'python'
[0.237s] Level 1:colcon.colcon_core.package_identification:_identify(src/px4-ros2-interface-lib/mission/examples) by extensions ['python_setup_py']
[0.237s] Level 1:colcon.colcon_core.package_identification:_identify(src/px4-ros2-interface-lib/mission/examples) by extension 'python_setup_py'
[0.237s] Level 1:colcon.colcon_core.package_identification:_identify(src/px4-ros2-interface-lib/px4_ros2_cpp) by extensions ['ignore', 'ignore_ament_install']
[0.237s] Level 1:colcon.colcon_core.package_identification:_identify(src/px4-ros2-interface-lib/px4_ros2_cpp) by extension 'ignore'
[0.237s] Level 1:colcon.colcon_core.package_identification:_identify(src/px4-ros2-interface-lib/px4_ros2_cpp) by extension 'ignore_ament_install'
[0.237s] Level 1:colcon.colcon_core.package_identification:_identify(src/px4-ros2-interface-lib/px4_ros2_cpp) by extensions ['colcon_pkg']
[0.237s] Level 1:colcon.colcon_core.package_identification:_identify(src/px4-ros2-interface-lib/px4_ros2_cpp) by extension 'colcon_pkg'
[0.237s] Level 1:colcon.colcon_core.package_identification:_identify(src/px4-ros2-interface-lib/px4_ros2_cpp) by extensions ['colcon_meta']
[0.237s] Level 1:colcon.colcon_core.package_identification:_identify(src/px4-ros2-interface-lib/px4_ros2_cpp) by extension 'colcon_meta'
[0.237s] Level 1:colcon.colcon_core.package_identification:_identify(src/px4-ros2-interface-lib/px4_ros2_cpp) by extensions ['ros']
[0.237s] Level 1:colcon.colcon_core.package_identification:_identify(src/px4-ros2-interface-lib/px4_ros2_cpp) by extension 'ros'
[0.238s] DEBUG:colcon.colcon_core.package_identification:Package 'src/px4-ros2-interface-lib/px4_ros2_cpp' with type 'ros.ament_cmake' and name 'px4_ros2_cpp'
[0.238s] Level 1:colcon.colcon_core.package_identification:_identify(src/px4-ros2-interface-lib/px4_ros2_py) by extensions ['ignore', 'ignore_ament_install']
[0.238s] Level 1:colcon.colcon_core.package_identification:_identify(src/px4-ros2-interface-lib/px4_ros2_py) by extension 'ignore'
[0.238s] Level 1:colcon.colcon_core.package_identification:_identify(src/px4-ros2-interface-lib/px4_ros2_py) by extension 'ignore_ament_install'
[0.238s] Level 1:colcon.colcon_core.package_identification:_identify(src/px4-ros2-interface-lib/px4_ros2_py) by extensions ['colcon_pkg']
[0.238s] Level 1:colcon.colcon_core.package_identification:_identify(src/px4-ros2-interface-lib/px4_ros2_py) by extension 'colcon_pkg'
[0.238s] Level 1:colcon.colcon_core.package_identification:_identify(src/px4-ros2-interface-lib/px4_ros2_py) by extensions ['colcon_meta']
[0.238s] Level 1:colcon.colcon_core.package_identification:_identify(src/px4-ros2-interface-lib/px4_ros2_py) by extension 'colcon_meta'
[0.238s] Level 1:colcon.colcon_core.package_identification:_identify(src/px4-ros2-interface-lib/px4_ros2_py) by extensions ['ros']
[0.238s] Level 1:colcon.colcon_core.package_identification:_identify(src/px4-ros2-interface-lib/px4_ros2_py) by extension 'ros'
[0.239s] DEBUG:colcon.colcon_core.package_identification:Package 'src/px4-ros2-interface-lib/px4_ros2_py' with type 'ros.ament_cmake' and name 'px4_ros2_py'
[0.239s] Level 1:colcon.colcon_core.package_identification:_identify(src/px4-ros2-interface-lib/python_docs) by extensions ['ignore', 'ignore_ament_install']
[0.239s] Level 1:colcon.colcon_core.package_identification:_identify(src/px4-ros2-interface-lib/python_docs) by extension 'ignore'
[0.239s] Level 1:colcon.colcon_core.package_identification:_identify(src/px4-ros2-interface-lib/python_docs) by extension 'ignore_ament_install'
[0.240s] Level 1:colcon.colcon_core.package_identification:_identify(src/px4-ros2-interface-lib/python_docs) by extensions ['colcon_pkg']
[0.240s] Level 1:colcon.colcon_core.package_identification:_identify(src/px4-ros2-interface-lib/python_docs) by extension 'colcon_pkg'
[0.240s] Level 1:colcon.colcon_core.package_identification:_identify(src/px4-ros2-interface-lib/python_docs) by extensions ['colcon_meta']
[0.240s] Level 1:colcon.colcon_core.package_identification:_identify(src/px4-ros2-interface-lib/python_docs) by extension 'colcon_meta'
[0.240s] Level 1:colcon.colcon_core.package_identification:_identify(src/px4-ros2-interface-lib/python_docs) by extensions ['ros']
[0.240s] Level 1:colcon.colcon_core.package_identification:_identify(src/px4-ros2-interface-lib/python_docs) by extension 'ros'
[0.240s] Level 1:colcon.colcon_core.package_identification:_identify(src/px4-ros2-interface-lib/python_docs) by extensions ['cmake', 'python']
[0.240s] Level 1:colcon.colcon_core.package_identification:_identify(src/px4-ros2-interface-lib/python_docs) by extension 'cmake'
[0.240s] Level 1:colcon.colcon_core.package_identification:_identify(src/px4-ros2-interface-lib/python_docs) by extension 'python'
[0.240s] Level 1:colcon.colcon_core.package_identification:_identify(src/px4-ros2-interface-lib/python_docs) by extensions ['python_setup_py']
[0.240s] Level 1:colcon.colcon_core.package_identification:_identify(src/px4-ros2-interface-lib/python_docs) by extension 'python_setup_py'
[0.240s] Level 1:colcon.colcon_core.package_identification:_identify(src/px4-ros2-interface-lib/scripts) by extensions ['ignore', 'ignore_ament_install']
[0.240s] Level 1:colcon.colcon_core.package_identification:_identify(src/px4-ros2-interface-lib/scripts) by extension 'ignore'
[0.240s] Level 1:colcon.colcon_core.package_identification:_identify(src/px4-ros2-interface-lib/scripts) by extension 'ignore_ament_install'
[0.240s] Level 1:colcon.colcon_core.package_identification:_identify(src/px4-ros2-interface-lib/scripts) by extensions ['colcon_pkg']
[0.241s] Level 1:colcon.colcon_core.package_identification:_identify(src/px4-ros2-interface-lib/scripts) by extension 'colcon_pkg'
[0.241s] Level 1:colcon.colcon_core.package_identification:_identify(src/px4-ros2-interface-lib/scripts) by extensions ['colcon_meta']
[0.241s] Level 1:colcon.colcon_core.package_identification:_identify(src/px4-ros2-interface-lib/scripts) by extension 'colcon_meta'
[0.241s] Level 1:colcon.colcon_core.package_identification:_identify(src/px4-ros2-interface-lib/scripts) by extensions ['ros']
[0.241s] Level 1:colcon.colcon_core.package_identification:_identify(src/px4-ros2-interface-lib/scripts) by extension 'ros'
[0.241s] Level 1:colcon.colcon_core.package_identification:_identify(src/px4-ros2-interface-lib/scripts) by extensions ['cmake', 'python']
[0.241s] Level 1:colcon.colcon_core.package_identification:_identify(src/px4-ros2-interface-lib/scripts) by extension 'cmake'
[0.241s] Level 1:colcon.colcon_core.package_identification:_identify(src/px4-ros2-interface-lib/scripts) by extension 'python'
[0.241s] Level 1:colcon.colcon_core.package_identification:_identify(src/px4-ros2-interface-lib/scripts) by extensions ['python_setup_py']
[0.241s] Level 1:colcon.colcon_core.package_identification:_identify(src/px4-ros2-interface-lib/scripts) by extension 'python_setup_py'
[0.241s] Level 1:colcon.colcon_core.package_identification:_identify(src/px4_actuator_ctrl) by extensions ['ignore', 'ignore_ament_install']
[0.241s] Level 1:colcon.colcon_core.package_identification:_identify(src/px4_actuator_ctrl) by extension 'ignore'
[0.241s] Level 1:colcon.colcon_core.package_identification:_identify(src/px4_actuator_ctrl) by extension 'ignore_ament_install'
[0.241s] Level 1:colcon.colcon_core.package_identification:_identify(src/px4_actuator_ctrl) by extensions ['colcon_pkg']
[0.241s] Level 1:colcon.colcon_core.package_identification:_identify(src/px4_actuator_ctrl) by extension 'colcon_pkg'
[0.242s] Level 1:colcon.colcon_core.package_identification:_identify(src/px4_actuator_ctrl) by extensions ['colcon_meta']
[0.242s] Level 1:colcon.colcon_core.package_identification:_identify(src/px4_actuator_ctrl) by extension 'colcon_meta'
[0.242s] Level 1:colcon.colcon_core.package_identification:_identify(src/px4_actuator_ctrl) by extensions ['ros']
[0.242s] Level 1:colcon.colcon_core.package_identification:_identify(src/px4_actuator_ctrl) by extension 'ros'
[0.242s] DEBUG:colcon.colcon_core.package_identification:Package 'src/px4_actuator_ctrl' with type 'ros.ament_python' and name 'px4_actuator_ctrl'
[0.242s] Level 1:colcon.colcon_core.package_identification:_identify(src/px4_msgs) by extensions ['ignore', 'ignore_ament_install']
[0.242s] Level 1:colcon.colcon_core.package_identification:_identify(src/px4_msgs) by extension 'ignore'
[0.242s] Level 1:colcon.colcon_core.package_identification:_identify(src/px4_msgs) by extension 'ignore_ament_install'
[0.243s] Level 1:colcon.colcon_core.package_identification:_identify(src/px4_msgs) by extensions ['colcon_pkg']
[0.243s] Level 1:colcon.colcon_core.package_identification:_identify(src/px4_msgs) by extension 'colcon_pkg'
[0.243s] Level 1:colcon.colcon_core.package_identification:_identify(src/px4_msgs) by extensions ['colcon_meta']
[0.243s] Level 1:colcon.colcon_core.package_identification:_identify(src/px4_msgs) by extension 'colcon_meta'
[0.243s] Level 1:colcon.colcon_core.package_identification:_identify(src/px4_msgs) by extensions ['ros']
[0.243s] Level 1:colcon.colcon_core.package_identification:_identify(src/px4_msgs) by extension 'ros'
[0.243s] DEBUG:colcon.colcon_core.package_identification:Package 'src/px4_msgs' with type 'ros.ament_cmake' and name 'px4_msgs'
[0.243s] Level 1:colcon.colcon_core.package_identification:_identify(src/px4_ros_com) by extensions ['ignore', 'ignore_ament_install']
[0.244s] Level 1:colcon.colcon_core.package_identification:_identify(src/px4_ros_com) by extension 'ignore'
[0.244s] Level 1:colcon.colcon_core.package_identification:_identify(src/px4_ros_com) by extension 'ignore_ament_install'
[0.244s] Level 1:colcon.colcon_core.package_identification:_identify(src/px4_ros_com) by extensions ['colcon_pkg']
[0.244s] Level 1:colcon.colcon_core.package_identification:_identify(src/px4_ros_com) by extension 'colcon_pkg'
[0.244s] Level 1:colcon.colcon_core.package_identification:_identify(src/px4_ros_com) by extensions ['colcon_meta']
[0.244s] Level 1:colcon.colcon_core.package_identification:_identify(src/px4_ros_com) by extension 'colcon_meta'
[0.244s] Level 1:colcon.colcon_core.package_identification:_identify(src/px4_ros_com) by extensions ['ros']
[0.244s] Level 1:colcon.colcon_core.package_identification:_identify(src/px4_ros_com) by extension 'ros'
[0.245s] DEBUG:colcon.colcon_core.package_identification:Package 'src/px4_ros_com' with type 'ros.ament_cmake' and name 'px4_ros_com'
[0.245s] Level 1:colcon.colcon_core.package_identification:_identify(src/x500_hover_controller) by extensions ['ignore', 'ignore_ament_install']
[0.245s] Level 1:colcon.colcon_core.package_identification:_identify(src/x500_hover_controller) by extension 'ignore'
[0.245s] Level 1:colcon.colcon_core.package_identification:_identify(src/x500_hover_controller) by extension 'ignore_ament_install'
[0.245s] Level 1:colcon.colcon_core.package_identification:_identify(src/x500_hover_controller) by extensions ['colcon_pkg']
[0.245s] Level 1:colcon.colcon_core.package_identification:_identify(src/x500_hover_controller) by extension 'colcon_pkg'
[0.245s] Level 1:colcon.colcon_core.package_identification:_identify(src/x500_hover_controller) by extensions ['colcon_meta']
[0.245s] Level 1:colcon.colcon_core.package_identification:_identify(src/x500_hover_controller) by extension 'colcon_meta'
[0.245s] Level 1:colcon.colcon_core.package_identification:_identify(src/x500_hover_controller) by extensions ['ros']
[0.245s] Level 1:colcon.colcon_core.package_identification:_identify(src/x500_hover_controller) by extension 'ros'
[0.246s] DEBUG:colcon.colcon_core.package_identification:Package 'src/x500_hover_controller' with type 'ros.ament_python' and name 'x500_hover_controller'
[0.246s] Level 1:colcon.colcon_core.package_discovery:discover_packages(recursive) using defaults
[0.246s] Level 1:colcon.colcon_core.package_discovery:discover_packages(ignore) discover
[0.246s] Level 1:colcon.colcon_core.package_discovery:discover_packages(ignore) using defaults
[0.246s] Level 1:colcon.colcon_core.package_discovery:discover_packages(path) discover
[0.246s] Level 1:colcon.colcon_core.package_discovery:discover_packages(path) using defaults
[0.266s] Level 1:colcon.colcon_core.package_discovery:discover_packages(prefix_path) check parameters
[0.266s] Level 1:colcon.colcon_core.package_discovery:discover_packages(prefix_path) discover
[0.270s] DEBUG:colcon.colcon_installed_package_information.package_discovery:Found 20 installed packages in /home/mikks/ros2_px4_ws/install
[0.271s] DEBUG:colcon.colcon_installed_package_information.package_discovery:Found 31 installed packages in /home/mikks/crazyflie_mapping_demo/ros2_ws/install
[0.271s] DEBUG:colcon.colcon_installed_package_information.package_discovery:Found 4 installed packages in /home/mikks/ros2_ws/install
[0.273s] DEBUG:colcon.colcon_installed_package_information.package_discovery:Found 300 installed packages in /opt/ros/jazzy
[0.273s] Level 1:colcon.colcon_core.package_discovery:discover_packages(prefix_path) using defaults
[0.323s] Level 5:colcon.colcon_core.verb:set package 'px4_msgs' build argument 'cmake_args' from command line to 'None'
[0.323s] Level 5:colcon.colcon_core.verb:set package 'px4_msgs' build argument 'cmake_target' from command line to 'None'
[0.323s] Level 5:colcon.colcon_core.verb:set package 'px4_msgs' build argument 'cmake_target_skip_unavailable' from command line to 'False'
[0.323s] Level 5:colcon.colcon_core.verb:set package 'px4_msgs' build argument 'cmake_clean_cache' from command line to 'False'
[0.323s] Level 5:colcon.colcon_core.verb:set package 'px4_msgs' build argument 'cmake_clean_first' from command line to 'False'
[0.323s] Level 5:colcon.colcon_core.verb:set package 'px4_msgs' build argument 'cmake_force_configure' from command line to 'False'
[0.323s] Level 5:colcon.colcon_core.verb:set package 'px4_msgs' build argument 'ament_cmake_args' from command line to 'None'
[0.323s] Level 5:colcon.colcon_core.verb:set package 'px4_msgs' build argument 'catkin_cmake_args' from command line to 'None'
[0.323s] Level 5:colcon.colcon_core.verb:set package 'px4_msgs' build argument 'catkin_skip_building_tests' from command line to 'False'
[0.323s] DEBUG:colcon.colcon_core.verb:Building package 'px4_msgs' with the following arguments: {'ament_cmake_args': None, 'build_base': '/home/mikks/ros2_px4_ws/build/px4_msgs', 'catkin_cmake_args': None, 'catkin_skip_building_tests': False, 'cmake_args': None, 'cmake_clean_cache': False, 'cmake_clean_first': False, 'cmake_force_configure': False, 'cmake_target': None, 'cmake_target_skip_unavailable': False, 'install_base': '/home/mikks/ros2_px4_ws/install/px4_msgs', 'merge_install': False, 'path': '/home/mikks/ros2_px4_ws/src/px4_msgs', 'symlink_install': True, 'test_result_base': None}
[0.324s] Level 5:colcon.colcon_core.verb:set package 'px4_actuator_ctrl' build argument 'cmake_args' from command line to 'None'
[0.324s] Level 5:colcon.colcon_core.verb:set package 'px4_actuator_ctrl' build argument 'cmake_target' from command line to 'None'
[0.324s] Level 5:colcon.colcon_core.verb:set package 'px4_actuator_ctrl' build argument 'cmake_target_skip_unavailable' from command line to 'False'
[0.324s] Level 5:colcon.colcon_core.verb:set package 'px4_actuator_ctrl' build argument 'cmake_clean_cache' from command line to 'False'
[0.324s] Level 5:colcon.colcon_core.verb:set package 'px4_actuator_ctrl' build argument 'cmake_clean_first' from command line to 'False'
[0.324s] Level 5:colcon.colcon_core.verb:set package 'px4_actuator_ctrl' build argument 'cmake_force_configure' from command line to 'False'
[0.324s] Level 5:colcon.colcon_core.verb:set package 'px4_actuator_ctrl' build argument 'ament_cmake_args' from command line to 'None'
[0.324s] Level 5:colcon.colcon_core.verb:set package 'px4_actuator_ctrl' build argument 'catkin_cmake_args' from command line to 'None'
[0.324s] Level 5:colcon.colcon_core.verb:set package 'px4_actuator_ctrl' build argument 'catkin_skip_building_tests' from command line to 'False'
[0.324s] DEBUG:colcon.colcon_core.verb:Building package 'px4_actuator_ctrl' with the following arguments: {'ament_cmake_args': None, 'build_base': '/home/mikks/ros2_px4_ws/build/px4_actuator_ctrl', 'catkin_cmake_args': None, 'catkin_skip_building_tests': False, 'cmake_args': None, 'cmake_clean_cache': False, 'cmake_clean_first': False, 'cmake_force_configure': False, 'cmake_target': None, 'cmake_target_skip_unavailable': False, 'install_base': '/home/mikks/ros2_px4_ws/install/px4_actuator_ctrl', 'merge_install': False, 'path': '/home/mikks/ros2_px4_ws/src/px4_actuator_ctrl', 'symlink_install': True, 'test_result_base': None}
[0.324s] Level 5:colcon.colcon_core.verb:set package 'px4_ros2_cpp' build argument 'cmake_args' from command line to 'None'
[0.324s] Level 5:colcon.colcon_core.verb:set package 'px4_ros2_cpp' build argument 'cmake_target' from command line to 'None'
[0.324s] Level 5:colcon.colcon_core.verb:set package 'px4_ros2_cpp' build argument 'cmake_target_skip_unavailable' from command line to 'False'
[0.324s] Level 5:colcon.colcon_core.verb:set package 'px4_ros2_cpp' build argument 'cmake_clean_cache' from command line to 'False'
[0.324s] Level 5:colcon.colcon_core.verb:set package 'px4_ros2_cpp' build argument 'cmake_clean_first' from command line to 'False'
[0.324s] Level 5:colcon.colcon_core.verb:set package 'px4_ros2_cpp' build argument 'cmake_force_configure' from command line to 'False'
[0.324s] Level 5:colcon.colcon_core.verb:set package 'px4_ros2_cpp' build argument 'ament_cmake_args' from command line to 'None'
[0.324s] Level 5:colcon.colcon_core.verb:set package 'px4_ros2_cpp' build argument 'catkin_cmake_args' from command line to 'None'
[0.324s] Level 5:colcon.colcon_core.verb:set package 'px4_ros2_cpp' build argument 'catkin_skip_building_tests' from command line to 'False'
[0.324s] DEBUG:colcon.colcon_core.verb:Building package 'px4_ros2_cpp' with the following arguments: {'ament_cmake_args': None, 'build_base': '/home/mikks/ros2_px4_ws/build/px4_ros2_cpp', 'catkin_cmake_args': None, 'catkin_skip_building_tests': False, 'cmake_args': None, 'cmake_clean_cache': False, 'cmake_clean_first': False, 'cmake_force_configure': False, 'cmake_target': None, 'cmake_target_skip_unavailable': False, 'install_base': '/home/mikks/ros2_px4_ws/install/px4_ros2_cpp', 'merge_install': False, 'path': '/home/mikks/ros2_px4_ws/src/px4-ros2-interface-lib/px4_ros2_cpp', 'symlink_install': True, 'test_result_base': None}
[0.325s] Level 5:colcon.colcon_core.verb:set package 'px4_ros_com' build argument 'cmake_args' from command line to 'None'
[0.325s] Level 5:colcon.colcon_core.verb:set package 'px4_ros_com' build argument 'cmake_target' from command line to 'None'
[0.325s] Level 5:colcon.colcon_core.verb:set package 'px4_ros_com' build argument 'cmake_target_skip_unavailable' from command line to 'False'
[0.325s] Level 5:colcon.colcon_core.verb:set package 'px4_ros_com' build argument 'cmake_clean_cache' from command line to 'False'
[0.325s] Level 5:colcon.colcon_core.verb:set package 'px4_ros_com' build argument 'cmake_clean_first' from command line to 'False'
[0.325s] Level 5:colcon.colcon_core.verb:set package 'px4_ros_com' build argument 'cmake_force_configure' from command line to 'False'
[0.325s] Level 5:colcon.colcon_core.verb:set package 'px4_ros_com' build argument 'ament_cmake_args' from command line to 'None'
[0.325s] Level 5:colcon.colcon_core.verb:set package 'px4_ros_com' build argument 'catkin_cmake_args' from command line to 'None'
[0.325s] Level 5:colcon.colcon_core.verb:set package 'px4_ros_com' build argument 'catkin_skip_building_tests' from command line to 'False'
[0.325s] DEBUG:colcon.colcon_core.verb:Building package 'px4_ros_com' with the following arguments: {'ament_cmake_args': None, 'build_base': '/home/mikks/ros2_px4_ws/build/px4_ros_com', 'catkin_cmake_args': None, 'catkin_skip_building_tests': False, 'cmake_args': None, 'cmake_clean_cache': False, 'cmake_clean_first': False, 'cmake_force_configure': False, 'cmake_target': None, 'cmake_target_skip_unavailable': False, 'install_base': '/home/mikks/ros2_px4_ws/install/px4_ros_com', 'merge_install': False, 'path': '/home/mikks/ros2_px4_ws/src/px4_ros_com', 'symlink_install': True, 'test_result_base': None}
[0.325s] Level 5:colcon.colcon_core.verb:set package 'x500_hover_controller' build argument 'cmake_args' from command line to 'None'
[0.325s] Level 5:colcon.colcon_core.verb:set package 'x500_hover_controller' build argument 'cmake_target' from command line to 'None'
[0.325s] Level 5:colcon.colcon_core.verb:set package 'x500_hover_controller' build argument 'cmake_target_skip_unavailable' from command line to 'False'
[0.325s] Level 5:colcon.colcon_core.verb:set package 'x500_hover_controller' build argument 'cmake_clean_cache' from command line to 'False'
[0.325s] Level 5:colcon.colcon_core.verb:set package 'x500_hover_controller' build argument 'cmake_clean_first' from command line to 'False'
[0.325s] Level 5:colcon.colcon_core.verb:set package 'x500_hover_controller' build argument 'cmake_force_configure' from command line to 'False'
[0.326s] Level 5:colcon.colcon_core.verb:set package 'x500_hover_controller' build argument 'ament_cmake_args' from command line to 'None'
[0.326s] Level 5:colcon.colcon_core.verb:set package 'x500_hover_controller' build argument 'catkin_cmake_args' from command line to 'None'
[0.326s] Level 5:colcon.colcon_core.verb:set package 'x500_hover_controller' build argument 'catkin_skip_building_tests' from command line to 'False'
[0.326s] DEBUG:colcon.colcon_core.verb:Building package 'x500_hover_controller' with the following arguments: {'ament_cmake_args': None, 'build_base': '/home/mikks/ros2_px4_ws/build/x500_hover_controller', 'catkin_cmake_args': None, 'catkin_skip_building_tests': False, 'cmake_args': None, 'cmake_clean_cache': False, 'cmake_clean_first': False, 'cmake_force_configure': False, 'cmake_target': None, 'cmake_target_skip_unavailable': False, 'install_base': '/home/mikks/ros2_px4_ws/install/x500_hover_controller', 'merge_install': False, 'path': '/home/mikks/ros2_px4_ws/src/x500_hover_controller', 'symlink_install': True, 'test_result_base': None}
[0.326s] Level 5:colcon.colcon_core.verb:set package 'example_executor_with_multiple_modes_cpp' build argument 'cmake_args' from command line to 'None'
[0.326s] Level 5:colcon.colcon_core.verb:set package 'example_executor_with_multiple_modes_cpp' build argument 'cmake_target' from command line to 'None'
[0.326s] Level 5:colcon.colcon_core.verb:set package 'example_executor_with_multiple_modes_cpp' build argument 'cmake_target_skip_unavailable' from command line to 'False'
[0.326s] Level 5:colcon.colcon_core.verb:set package 'example_executor_with_multiple_modes_cpp' build argument 'cmake_clean_cache' from command line to 'False'
[0.326s] Level 5:colcon.colcon_core.verb:set package 'example_executor_with_multiple_modes_cpp' build argument 'cmake_clean_first' from command line to 'False'
[0.326s] Level 5:colcon.colcon_core.verb:set package 'example_executor_with_multiple_modes_cpp' build argument 'cmake_force_configure' from command line to 'False'
[0.326s] Level 5:colcon.colcon_core.verb:set package 'example_executor_with_multiple_modes_cpp' build argument 'ament_cmake_args' from command line to 'None'
[0.326s] Level 5:colcon.colcon_core.verb:set package 'example_executor_with_multiple_modes_cpp' build argument 'catkin_cmake_args' from command line to 'None'
[0.326s] Level 5:colcon.colcon_core.verb:set package 'example_executor_with_multiple_modes_cpp' build argument 'catkin_skip_building_tests' from command line to 'False'
[0.326s] DEBUG:colcon.colcon_core.verb:Building package 'example_executor_with_multiple_modes_cpp' with the following arguments: {'ament_cmake_args': None, 'build_base': '/home/mikks/ros2_px4_ws/build/example_executor_with_multiple_modes_cpp', 'catkin_cmake_args': None, 'catkin_skip_building_tests': False, 'cmake_args': None, 'cmake_clean_cache': False, 'cmake_clean_first': False, 'cmake_force_configure': False, 'cmake_target': None, 'cmake_target_skip_unavailable': False, 'install_base': '/home/mikks/ros2_px4_ws/install/example_executor_with_multiple_modes_cpp', 'merge_install': False, 'path': '/home/mikks/ros2_px4_ws/src/px4-ros2-interface-lib/examples/cpp/modes/executor_with_multiple_modes', 'symlink_install': True, 'test_result_base': None}
[0.326s] Level 5:colcon.colcon_core.verb:set package 'example_global_navigation_cpp' build argument 'cmake_args' from command line to 'None'
[0.327s] Level 5:colcon.colcon_core.verb:set package 'example_global_navigation_cpp' build argument 'cmake_target' from command line to 'None'
[0.327s] Level 5:colcon.colcon_core.verb:set package 'example_global_navigation_cpp' build argument 'cmake_target_skip_unavailable' from command line to 'False'
[0.327s] Level 5:colcon.colcon_core.verb:set package 'example_global_navigation_cpp' build argument 'cmake_clean_cache' from command line to 'False'
[0.327s] Level 5:colcon.colcon_core.verb:set package 'example_global_navigation_cpp' build argument 'cmake_clean_first' from command line to 'False'
[0.327s] Level 5:colcon.colcon_core.verb:set package 'example_global_navigation_cpp' build argument 'cmake_force_configure' from command line to 'False'
[0.327s] Level 5:colcon.colcon_core.verb:set package 'example_global_navigation_cpp' build argument 'ament_cmake_args' from command line to 'None'
[0.327s] Level 5:colcon.colcon_core.verb:set package 'example_global_navigation_cpp' build argument 'catkin_cmake_args' from command line to 'None'
[0.327s] Level 5:colcon.colcon_core.verb:set package 'example_global_navigation_cpp' build argument 'catkin_skip_building_tests' from command line to 'False'
[0.327s] DEBUG:colcon.colcon_core.verb:Building package 'example_global_navigation_cpp' with the following arguments: {'ament_cmake_args': None, 'build_base': '/home/mikks/ros2_px4_ws/build/example_global_navigation_cpp', 'catkin_cmake_args': None, 'catkin_skip_building_tests': False, 'cmake_args': None, 'cmake_clean_cache': False, 'cmake_clean_first': False, 'cmake_force_configure': False, 'cmake_target': None, 'cmake_target_skip_unavailable': False, 'install_base': '/home/mikks/ros2_px4_ws/install/example_global_navigation_cpp', 'merge_install': False, 'path': '/home/mikks/ros2_px4_ws/src/px4-ros2-interface-lib/examples/cpp/navigation/global_navigation', 'symlink_install': True, 'test_result_base': None}
[0.327s] Level 5:colcon.colcon_core.verb:set package 'example_local_navigation_cpp' build argument 'cmake_args' from command line to 'None'
[0.327s] Level 5:colcon.colcon_core.verb:set package 'example_local_navigation_cpp' build argument 'cmake_target' from command line to 'None'
[0.327s] Level 5:colcon.colcon_core.verb:set package 'example_local_navigation_cpp' build argument 'cmake_target_skip_unavailable' from command line to 'False'
[0.327s] Level 5:colcon.colcon_core.verb:set package 'example_local_navigation_cpp' build argument 'cmake_clean_cache' from command line to 'False'
[0.327s] Level 5:colcon.colcon_core.verb:set package 'example_local_navigation_cpp' build argument 'cmake_clean_first' from command line to 'False'
[0.327s] Level 5:colcon.colcon_core.verb:set package 'example_local_navigation_cpp' build argument 'cmake_force_configure' from command line to 'False'
[0.327s] Level 5:colcon.colcon_core.verb:set package 'example_local_navigation_cpp' build argument 'ament_cmake_args' from command line to 'None'
[0.327s] Level 5:colcon.colcon_core.verb:set package 'example_local_navigation_cpp' build argument 'catkin_cmake_args' from command line to 'None'
[0.327s] Level 5:colcon.colcon_core.verb:set package 'example_local_navigation_cpp' build argument 'catkin_skip_building_tests' from command line to 'False'
[0.327s] DEBUG:colcon.colcon_core.verb:Building package 'example_local_navigation_cpp' with the following arguments: {'ament_cmake_args': None, 'build_base': '/home/mikks/ros2_px4_ws/build/example_local_navigation_cpp', 'catkin_cmake_args': None, 'catkin_skip_building_tests': False, 'cmake_args': None, 'cmake_clean_cache': False, 'cmake_clean_first': False, 'cmake_force_configure': False, 'cmake_target': None, 'cmake_target_skip_unavailable': False, 'install_base': '/home/mikks/ros2_px4_ws/install/example_local_navigation_cpp', 'merge_install': False, 'path': '/home/mikks/ros2_px4_ws/src/px4-ros2-interface-lib/examples/cpp/navigation/local_navigation', 'symlink_install': True, 'test_result_base': None}
[0.328s] Level 5:colcon.colcon_core.verb:set package 'example_mode_fw_attitude_cpp' build argument 'cmake_args' from command line to 'None'
[0.328s] Level 5:colcon.colcon_core.verb:set package 'example_mode_fw_attitude_cpp' build argument 'cmake_target' from command line to 'None'
[0.328s] Level 5:colcon.colcon_core.verb:set package 'example_mode_fw_attitude_cpp' build argument 'cmake_target_skip_unavailable' from command line to 'False'
[0.328s] Level 5:colcon.colcon_core.verb:set package 'example_mode_fw_attitude_cpp' build argument 'cmake_clean_cache' from command line to 'False'
[0.328s] Level 5:colcon.colcon_core.verb:set package 'example_mode_fw_attitude_cpp' build argument 'cmake_clean_first' from command line to 'False'
[0.328s] Level 5:colcon.colcon_core.verb:set package 'example_mode_fw_attitude_cpp' build argument 'cmake_force_configure' from command line to 'False'
[0.328s] Level 5:colcon.colcon_core.verb:set package 'example_mode_fw_attitude_cpp' build argument 'ament_cmake_args' from command line to 'None'
[0.328s] Level 5:colcon.colcon_core.verb:set package 'example_mode_fw_attitude_cpp' build argument 'catkin_cmake_args' from command line to 'None'
[0.328s] Level 5:colcon.colcon_core.verb:set package 'example_mode_fw_attitude_cpp' build argument 'catkin_skip_building_tests' from command line to 'False'
[0.328s] DEBUG:colcon.colcon_core.verb:Building package 'example_mode_fw_attitude_cpp' with the following arguments: {'ament_cmake_args': None, 'build_base': '/home/mikks/ros2_px4_ws/build/example_mode_fw_attitude_cpp', 'catkin_cmake_args': None, 'catkin_skip_building_tests': False, 'cmake_args': None, 'cmake_clean_cache': False, 'cmake_clean_first': False, 'cmake_force_configure': False, 'cmake_target': None, 'cmake_target_skip_unavailable': False, 'install_base': '/home/mikks/ros2_px4_ws/install/example_mode_fw_attitude_cpp', 'merge_install': False, 'path': '/home/mikks/ros2_px4_ws/src/px4-ros2-interface-lib/examples/cpp/modes/fw_attitude', 'symlink_install': True, 'test_result_base': None}
[0.328s] Level 5:colcon.colcon_core.verb:set package 'example_mode_goto_cpp' build argument 'cmake_args' from command line to 'None'
[0.328s] Level 5:colcon.colcon_core.verb:set package 'example_mode_goto_cpp' build argument 'cmake_target' from command line to 'None'
[0.328s] Level 5:colcon.colcon_core.verb:set package 'example_mode_goto_cpp' build argument 'cmake_target_skip_unavailable' from command line to 'False'
[0.328s] Level 5:colcon.colcon_core.verb:set package 'example_mode_goto_cpp' build argument 'cmake_clean_cache' from command line to 'False'
[0.328s] Level 5:colcon.colcon_core.verb:set package 'example_mode_goto_cpp' build argument 'cmake_clean_first' from command line to 'False'
[0.328s] Level 5:colcon.colcon_core.verb:set package 'example_mode_goto_cpp' build argument 'cmake_force_configure' from command line to 'False'
[0.328s] Level 5:colcon.colcon_core.verb:set package 'example_mode_goto_cpp' build argument 'ament_cmake_args' from command line to 'None'
[0.328s] Level 5:colcon.colcon_core.verb:set package 'example_mode_goto_cpp' build argument 'catkin_cmake_args' from command line to 'None'
[0.328s] Level 5:colcon.colcon_core.verb:set package 'example_mode_goto_cpp' build argument 'catkin_skip_building_tests' from command line to 'False'
[0.329s] DEBUG:colcon.colcon_core.verb:Building package 'example_mode_goto_cpp' with the following arguments: {'ament_cmake_args': None, 'build_base': '/home/mikks/ros2_px4_ws/build/example_mode_goto_cpp', 'catkin_cmake_args': None, 'catkin_skip_building_tests': False, 'cmake_args': None, 'cmake_clean_cache': False, 'cmake_clean_first': False, 'cmake_force_configure': False, 'cmake_target': None, 'cmake_target_skip_unavailable': False, 'install_base': '/home/mikks/ros2_px4_ws/install/example_mode_goto_cpp', 'merge_install': False, 'path': '/home/mikks/ros2_px4_ws/src/px4-ros2-interface-lib/examples/cpp/modes/goto', 'symlink_install': True, 'test_result_base': None}
[0.329s] Level 5:colcon.colcon_core.verb:set package 'example_mode_goto_global_cpp' build argument 'cmake_args' from command line to 'None'
[0.329s] Level 5:colcon.colcon_core.verb:set package 'example_mode_goto_global_cpp' build argument 'cmake_target' from command line to 'None'
[0.329s] Level 5:colcon.colcon_core.verb:set package 'example_mode_goto_global_cpp' build argument 'cmake_target_skip_unavailable' from command line to 'False'
[0.329s] Level 5:colcon.colcon_core.verb:set package 'example_mode_goto_global_cpp' build argument 'cmake_clean_cache' from command line to 'False'
[0.329s] Level 5:colcon.colcon_core.verb:set package 'example_mode_goto_global_cpp' build argument 'cmake_clean_first' from command line to 'False'
[0.329s] Level 5:colcon.colcon_core.verb:set package 'example_mode_goto_global_cpp' build argument 'cmake_force_configure' from command line to 'False'
[0.329s] Level 5:colcon.colcon_core.verb:set package 'example_mode_goto_global_cpp' build argument 'ament_cmake_args' from command line to 'None'
[0.329s] Level 5:colcon.colcon_core.verb:set package 'example_mode_goto_global_cpp' build argument 'catkin_cmake_args' from command line to 'None'
[0.329s] Level 5:colcon.colcon_core.verb:set package 'example_mode_goto_global_cpp' build argument 'catkin_skip_building_tests' from command line to 'False'
[0.329s] DEBUG:colcon.colcon_core.verb:Building package 'example_mode_goto_global_cpp' with the following arguments: {'ament_cmake_args': None, 'build_base': '/home/mikks/ros2_px4_ws/build/example_mode_goto_global_cpp', 'catkin_cmake_args': None, 'catkin_skip_building_tests': False, 'cmake_args': None, 'cmake_clean_cache': False, 'cmake_clean_first': False, 'cmake_force_configure': False, 'cmake_target': None, 'cmake_target_skip_unavailable': False, 'install_base': '/home/mikks/ros2_px4_ws/install/example_mode_goto_global_cpp', 'merge_install': False, 'path': '/home/mikks/ros2_px4_ws/src/px4-ros2-interface-lib/examples/cpp/modes/goto_global', 'symlink_install': True, 'test_result_base': None}
[0.329s] Level 5:colcon.colcon_core.verb:set package 'example_mode_manual_cpp' build argument 'cmake_args' from command line to 'None'
[0.329s] Level 5:colcon.colcon_core.verb:set package 'example_mode_manual_cpp' build argument 'cmake_target' from command line to 'None'
[0.329s] Level 5:colcon.colcon_core.verb:set package 'example_mode_manual_cpp' build argument 'cmake_target_skip_unavailable' from command line to 'False'
[0.329s] Level 5:colcon.colcon_core.verb:set package 'example_mode_manual_cpp' build argument 'cmake_clean_cache' from command line to 'False'
[0.329s] Level 5:colcon.colcon_core.verb:set package 'example_mode_manual_cpp' build argument 'cmake_clean_first' from command line to 'False'
[0.329s] Level 5:colcon.colcon_core.verb:set package 'example_mode_manual_cpp' build argument 'cmake_force_configure' from command line to 'False'
[0.330s] Level 5:colcon.colcon_core.verb:set package 'example_mode_manual_cpp' build argument 'ament_cmake_args' from command line to 'None'
[0.330s] Level 5:colcon.colcon_core.verb:set package 'example_mode_manual_cpp' build argument 'catkin_cmake_args' from command line to 'None'
[0.330s] Level 5:colcon.colcon_core.verb:set package 'example_mode_manual_cpp' build argument 'catkin_skip_building_tests' from command line to 'False'
[0.330s] DEBUG:colcon.colcon_core.verb:Building package 'example_mode_manual_cpp' with the following arguments: {'ament_cmake_args': None, 'build_base': '/home/mikks/ros2_px4_ws/build/example_mode_manual_cpp', 'catkin_cmake_args': None, 'catkin_skip_building_tests': False, 'cmake_args': None, 'cmake_clean_cache': False, 'cmake_clean_first': False, 'cmake_force_configure': False, 'cmake_target': None, 'cmake_target_skip_unavailable': False, 'install_base': '/home/mikks/ros2_px4_ws/install/example_mode_manual_cpp', 'merge_install': False, 'path': '/home/mikks/ros2_px4_ws/src/px4-ros2-interface-lib/examples/cpp/modes/manual', 'symlink_install': True, 'test_result_base': None}
[0.330s] Level 5:colcon.colcon_core.verb:set package 'example_mode_mission_cpp' build argument 'cmake_args' from command line to 'None'
[0.330s] Level 5:colcon.colcon_core.verb:set package 'example_mode_mission_cpp' build argument 'cmake_target' from command line to 'None'
[0.330s] Level 5:colcon.colcon_core.verb:set package 'example_mode_mission_cpp' build argument 'cmake_target_skip_unavailable' from command line to 'False'
[0.330s] Level 5:colcon.colcon_core.verb:set package 'example_mode_mission_cpp' build argument 'cmake_clean_cache' from command line to 'False'
[0.330s] Level 5:colcon.colcon_core.verb:set package 'example_mode_mission_cpp' build argument 'cmake_clean_first' from command line to 'False'
[0.330s] Level 5:colcon.colcon_core.verb:set package 'example_mode_mission_cpp' build argument 'cmake_force_configure' from command line to 'False'
[0.330s] Level 5:colcon.colcon_core.verb:set package 'example_mode_mission_cpp' build argument 'ament_cmake_args' from command line to 'None'
[0.330s] Level 5:colcon.colcon_core.verb:set package 'example_mode_mission_cpp' build argument 'catkin_cmake_args' from command line to 'None'
[0.330s] Level 5:colcon.colcon_core.verb:set package 'example_mode_mission_cpp' build argument 'catkin_skip_building_tests' from command line to 'False'
[0.330s] DEBUG:colcon.colcon_core.verb:Building package 'example_mode_mission_cpp' with the following arguments: {'ament_cmake_args': None, 'build_base': '/home/mikks/ros2_px4_ws/build/example_mode_mission_cpp', 'catkin_cmake_args': None, 'catkin_skip_building_tests': False, 'cmake_args': None, 'cmake_clean_cache': False, 'cmake_clean_first': False, 'cmake_force_configure': False, 'cmake_target': None, 'cmake_target_skip_unavailable': False, 'install_base': '/home/mikks/ros2_px4_ws/install/example_mode_mission_cpp', 'merge_install': False, 'path': '/home/mikks/ros2_px4_ws/src/px4-ros2-interface-lib/examples/cpp/modes/mission', 'symlink_install': True, 'test_result_base': None}
[0.330s] Level 5:colcon.colcon_core.verb:set package 'example_mode_rtl_replacement_cpp' build argument 'cmake_args' from command line to 'None'
[0.330s] Level 5:colcon.colcon_core.verb:set package 'example_mode_rtl_replacement_cpp' build argument 'cmake_target' from command line to 'None'
[0.330s] Level 5:colcon.colcon_core.verb:set package 'example_mode_rtl_replacement_cpp' build argument 'cmake_target_skip_unavailable' from command line to 'False'
[0.330s] Level 5:colcon.colcon_core.verb:set package 'example_mode_rtl_replacement_cpp' build argument 'cmake_clean_cache' from command line to 'False'
[0.330s] Level 5:colcon.colcon_core.verb:set package 'example_mode_rtl_replacement_cpp' build argument 'cmake_clean_first' from command line to 'False'
[0.330s] Level 5:colcon.colcon_core.verb:set package 'example_mode_rtl_replacement_cpp' build argument 'cmake_force_configure' from command line to 'False'
[0.330s] Level 5:colcon.colcon_core.verb:set package 'example_mode_rtl_replacement_cpp' build argument 'ament_cmake_args' from command line to 'None'
[0.330s] Level 5:colcon.colcon_core.verb:set package 'example_mode_rtl_replacement_cpp' build argument 'catkin_cmake_args' from command line to 'None'
[0.330s] Level 5:colcon.colcon_core.verb:set package 'example_mode_rtl_replacement_cpp' build argument 'catkin_skip_building_tests' from command line to 'False'
[0.330s] DEBUG:colcon.colcon_core.verb:Building package 'example_mode_rtl_replacement_cpp' with the following arguments: {'ament_cmake_args': None, 'build_base': '/home/mikks/ros2_px4_ws/build/example_mode_rtl_replacement_cpp', 'catkin_cmake_args': None, 'catkin_skip_building_tests': False, 'cmake_args': None, 'cmake_clean_cache': False, 'cmake_clean_first': False, 'cmake_force_configure': False, 'cmake_target': None, 'cmake_target_skip_unavailable': False, 'install_base': '/home/mikks/ros2_px4_ws/install/example_mode_rtl_replacement_cpp', 'merge_install': False, 'path': '/home/mikks/ros2_px4_ws/src/px4-ros2-interface-lib/examples/cpp/modes/rtl_replacement', 'symlink_install': True, 'test_result_base': None}
[0.331s] Level 5:colcon.colcon_core.verb:set package 'example_mode_vtol_cpp' build argument 'cmake_args' from command line to 'None'
[0.331s] Level 5:colcon.colcon_core.verb:set package 'example_mode_vtol_cpp' build argument 'cmake_target' from command line to 'None'
[0.331s] Level 5:colcon.colcon_core.verb:set package 'example_mode_vtol_cpp' build argument 'cmake_target_skip_unavailable' from command line to 'False'
[0.331s] Level 5:colcon.colcon_core.verb:set package 'example_mode_vtol_cpp' build argument 'cmake_clean_cache' from command line to 'False'
[0.331s] Level 5:colcon.colcon_core.verb:set package 'example_mode_vtol_cpp' build argument 'cmake_clean_first' from command line to 'False'
[0.331s] Level 5:colcon.colcon_core.verb:set package 'example_mode_vtol_cpp' build argument 'cmake_force_configure' from command line to 'False'
[0.331s] Level 5:colcon.colcon_core.verb:set package 'example_mode_vtol_cpp' build argument 'ament_cmake_args' from command line to 'None'
[0.331s] Level 5:colcon.colcon_core.verb:set package 'example_mode_vtol_cpp' build argument 'catkin_cmake_args' from command line to 'None'
[0.331s] Level 5:colcon.colcon_core.verb:set package 'example_mode_vtol_cpp' build argument 'catkin_skip_building_tests' from command line to 'False'
[0.331s] DEBUG:colcon.colcon_core.verb:Building package 'example_mode_vtol_cpp' with the following arguments: {'ament_cmake_args': None, 'build_base': '/home/mikks/ros2_px4_ws/build/example_mode_vtol_cpp', 'catkin_cmake_args': None, 'catkin_skip_building_tests': False, 'cmake_args': None, 'cmake_clean_cache': False, 'cmake_clean_first': False, 'cmake_force_configure': False, 'cmake_target': None, 'cmake_target_skip_unavailable': False, 'install_base': '/home/mikks/ros2_px4_ws/install/example_mode_vtol_cpp', 'merge_install': False, 'path': '/home/mikks/ros2_px4_ws/src/px4-ros2-interface-lib/examples/cpp/modes/vtol', 'symlink_install': True, 'test_result_base': None}
[0.331s] Level 5:colcon.colcon_core.verb:set package 'example_mode_with_executor_cpp' build argument 'cmake_args' from command line to 'None'
[0.331s] Level 5:colcon.colcon_core.verb:set package 'example_mode_with_executor_cpp' build argument 'cmake_target' from command line to 'None'
[0.331s] Level 5:colcon.colcon_core.verb:set package 'example_mode_with_executor_cpp' build argument 'cmake_target_skip_unavailable' from command line to 'False'
[0.331s] Level 5:colcon.colcon_core.verb:set package 'example_mode_with_executor_cpp' build argument 'cmake_clean_cache' from command line to 'False'
[0.331s] Level 5:colcon.colcon_core.verb:set package 'example_mode_with_executor_cpp' build argument 'cmake_clean_first' from command line to 'False'
[0.331s] Level 5:colcon.colcon_core.verb:set package 'example_mode_with_executor_cpp' build argument 'cmake_force_configure' from command line to 'False'
[0.331s] Level 5:colcon.colcon_core.verb:set package 'example_mode_with_executor_cpp' build argument 'ament_cmake_args' from command line to 'None'
[0.331s] Level 5:colcon.colcon_core.verb:set package 'example_mode_with_executor_cpp' build argument 'catkin_cmake_args' from command line to 'None'
[0.331s] Level 5:colcon.colcon_core.verb:set package 'example_mode_with_executor_cpp' build argument 'catkin_skip_building_tests' from command line to 'False'
[0.331s] DEBUG:colcon.colcon_core.verb:Building package 'example_mode_with_executor_cpp' with the following arguments: {'ament_cmake_args': None, 'build_base': '/home/mikks/ros2_px4_ws/build/example_mode_with_executor_cpp', 'catkin_cmake_args': None, 'catkin_skip_building_tests': False, 'cmake_args': None, 'cmake_clean_cache': False, 'cmake_clean_first': False, 'cmake_force_configure': False, 'cmake_target': None, 'cmake_target_skip_unavailable': False, 'install_base': '/home/mikks/ros2_px4_ws/install/example_mode_with_executor_cpp', 'merge_install': False, 'path': '/home/mikks/ros2_px4_ws/src/px4-ros2-interface-lib/examples/cpp/modes/mode_with_executor', 'symlink_install': True, 'test_result_base': None}
[0.331s] Level 5:colcon.colcon_core.verb:set package 'example_rover_velocity_mode_cpp' build argument 'cmake_args' from command line to 'None'
[0.331s] Level 5:colcon.colcon_core.verb:set package 'example_rover_velocity_mode_cpp' build argument 'cmake_target' from command line to 'None'
[0.331s] Level 5:colcon.colcon_core.verb:set package 'example_rover_velocity_mode_cpp' build argument 'cmake_target_skip_unavailable' from command line to 'False'
[0.332s] Level 5:colcon.colcon_core.verb:set package 'example_rover_velocity_mode_cpp' build argument 'cmake_clean_cache' from command line to 'False'
[0.332s] Level 5:colcon.colcon_core.verb:set package 'example_rover_velocity_mode_cpp' build argument 'cmake_clean_first' from command line to 'False'
[0.332s] Level 5:colcon.colcon_core.verb:set package 'example_rover_velocity_mode_cpp' build argument 'cmake_force_configure' from command line to 'False'
[0.332s] Level 5:colcon.colcon_core.verb:set package 'example_rover_velocity_mode_cpp' build argument 'ament_cmake_args' from command line to 'None'
[0.332s] Level 5:colcon.colcon_core.verb:set package 'example_rover_velocity_mode_cpp' build argument 'catkin_cmake_args' from command line to 'None'
[0.332s] Level 5:colcon.colcon_core.verb:set package 'example_rover_velocity_mode_cpp' build argument 'catkin_skip_building_tests' from command line to 'False'
[0.332s] DEBUG:colcon.colcon_core.verb:Building package 'example_rover_velocity_mode_cpp' with the following arguments: {'ament_cmake_args': None, 'build_base': '/home/mikks/ros2_px4_ws/build/example_rover_velocity_mode_cpp', 'catkin_cmake_args': None, 'catkin_skip_building_tests': False, 'cmake_args': None, 'cmake_clean_cache': False, 'cmake_clean_first': False, 'cmake_force_configure': False, 'cmake_target': None, 'cmake_target_skip_unavailable': False, 'install_base': '/home/mikks/ros2_px4_ws/install/example_rover_velocity_mode_cpp', 'merge_install': False, 'path': '/home/mikks/ros2_px4_ws/src/px4-ros2-interface-lib/examples/cpp/modes/rover_velocity', 'symlink_install': True, 'test_result_base': None}
[0.332s] Level 5:colcon.colcon_core.verb:set package 'px4_ros2_py' build argument 'cmake_args' from command line to 'None'
[0.332s] Level 5:colcon.colcon_core.verb:set package 'px4_ros2_py' build argument 'cmake_target' from command line to 'None'
[0.332s] Level 5:colcon.colcon_core.verb:set package 'px4_ros2_py' build argument 'cmake_target_skip_unavailable' from command line to 'False'
[0.332s] Level 5:colcon.colcon_core.verb:set package 'px4_ros2_py' build argument 'cmake_clean_cache' from command line to 'False'
[0.332s] Level 5:colcon.colcon_core.verb:set package 'px4_ros2_py' build argument 'cmake_clean_first' from command line to 'False'
[0.332s] Level 5:colcon.colcon_core.verb:set package 'px4_ros2_py' build argument 'cmake_force_configure' from command line to 'False'
[0.332s] Level 5:colcon.colcon_core.verb:set package 'px4_ros2_py' build argument 'ament_cmake_args' from command line to 'None'
[0.332s] Level 5:colcon.colcon_core.verb:set package 'px4_ros2_py' build argument 'catkin_cmake_args' from command line to 'None'
[0.332s] Level 5:colcon.colcon_core.verb:set package 'px4_ros2_py' build argument 'catkin_skip_building_tests' from command line to 'False'
[0.332s] DEBUG:colcon.colcon_core.verb:Building package 'px4_ros2_py' with the following arguments: {'ament_cmake_args': None, 'build_base': '/home/mikks/ros2_px4_ws/build/px4_ros2_py', 'catkin_cmake_args': None, 'catkin_skip_building_tests': False, 'cmake_args': None, 'cmake_clean_cache': False, 'cmake_clean_first': False, 'cmake_force_configure': False, 'cmake_target': None, 'cmake_target_skip_unavailable': False, 'install_base': '/home/mikks/ros2_px4_ws/install/px4_ros2_py', 'merge_install': False, 'path': '/home/mikks/ros2_px4_ws/src/px4-ros2-interface-lib/px4_ros2_py', 'symlink_install': True, 'test_result_base': None}
[0.332s] Level 5:colcon.colcon_core.verb:set package 'example_mode_goto_py' build argument 'cmake_args' from command line to 'None'
[0.332s] Level 5:colcon.colcon_core.verb:set package 'example_mode_goto_py' build argument 'cmake_target' from command line to 'None'
[0.332s] Level 5:colcon.colcon_core.verb:set package 'example_mode_goto_py' build argument 'cmake_target_skip_unavailable' from command line to 'False'
[0.332s] Level 5:colcon.colcon_core.verb:set package 'example_mode_goto_py' build argument 'cmake_clean_cache' from command line to 'False'
[0.332s] Level 5:colcon.colcon_core.verb:set package 'example_mode_goto_py' build argument 'cmake_clean_first' from command line to 'False'
[0.332s] Level 5:colcon.colcon_core.verb:set package 'example_mode_goto_py' build argument 'cmake_force_configure' from command line to 'False'
[0.332s] Level 5:colcon.colcon_core.verb:set package 'example_mode_goto_py' build argument 'ament_cmake_args' from command line to 'None'
[0.332s] Level 5:colcon.colcon_core.verb:set package 'example_mode_goto_py' build argument 'catkin_cmake_args' from command line to 'None'
[0.332s] Level 5:colcon.colcon_core.verb:set package 'example_mode_goto_py' build argument 'catkin_skip_building_tests' from command line to 'False'
[0.332s] DEBUG:colcon.colcon_core.verb:Building package 'example_mode_goto_py' with the following arguments: {'ament_cmake_args': None, 'build_base': '/home/mikks/ros2_px4_ws/build/example_mode_goto_py', 'catkin_cmake_args': None, 'catkin_skip_building_tests': False, 'cmake_args': None, 'cmake_clean_cache': False, 'cmake_clean_first': False, 'cmake_force_configure': False, 'cmake_target': None, 'cmake_target_skip_unavailable': False, 'install_base': '/home/mikks/ros2_px4_ws/install/example_mode_goto_py', 'merge_install': False, 'path': '/home/mikks/ros2_px4_ws/src/px4-ros2-interface-lib/examples/python/modes/goto', 'symlink_install': True, 'test_result_base': None}
[0.333s] Level 5:colcon.colcon_core.verb:set package 'example_mode_with_rclpy_py' build argument 'cmake_args' from command line to 'None'
[0.333s] Level 5:colcon.colcon_core.verb:set package 'example_mode_with_rclpy_py' build argument 'cmake_target' from command line to 'None'
[0.333s] Level 5:colcon.colcon_core.verb:set package 'example_mode_with_rclpy_py' build argument 'cmake_target_skip_unavailable' from command line to 'False'
[0.333s] Level 5:colcon.colcon_core.verb:set package 'example_mode_with_rclpy_py' build argument 'cmake_clean_cache' from command line to 'False'
[0.333s] Level 5:colcon.colcon_core.verb:set package 'example_mode_with_rclpy_py' build argument 'cmake_clean_first' from command line to 'False'
[0.333s] Level 5:colcon.colcon_core.verb:set package 'example_mode_with_rclpy_py' build argument 'cmake_force_configure' from command line to 'False'
[0.333s] Level 5:colcon.colcon_core.verb:set package 'example_mode_with_rclpy_py' build argument 'ament_cmake_args' from command line to 'None'
[0.333s] Level 5:colcon.colcon_core.verb:set package 'example_mode_with_rclpy_py' build argument 'catkin_cmake_args' from command line to 'None'
[0.333s] Level 5:colcon.colcon_core.verb:set package 'example_mode_with_rclpy_py' build argument 'catkin_skip_building_tests' from command line to 'False'
[0.333s] DEBUG:colcon.colcon_core.verb:Building package 'example_mode_with_rclpy_py' with the following arguments: {'ament_cmake_args': None, 'build_base': '/home/mikks/ros2_px4_ws/build/example_mode_with_rclpy_py', 'catkin_cmake_args': None, 'catkin_skip_building_tests': False, 'cmake_args': None, 'cmake_clean_cache': False, 'cmake_clean_first': False, 'cmake_force_configure': False, 'cmake_target': None, 'cmake_target_skip_unavailable': False, 'install_base': '/home/mikks/ros2_px4_ws/install/example_mode_with_rclpy_py', 'merge_install': False, 'path': '/home/mikks/ros2_px4_ws/src/px4-ros2-interface-lib/examples/python/modes/goto_with_rclpy', 'symlink_install': True, 'test_result_base': None}
[0.333s] INFO:colcon.colcon_core.executor:Executing jobs using 'parallel' executor
[0.334s] DEBUG:colcon.colcon_parallel_executor.executor.parallel:run_until_complete
[0.334s] INFO:colcon.colcon_ros.task.ament_cmake.build:Building ROS package in '/home/mikks/ros2_px4_ws/src/px4_msgs' with build type 'ament_cmake'
[0.334s] INFO:colcon.colcon_cmake.task.cmake.build:Building CMake package in '/home/mikks/ros2_px4_ws/src/px4_msgs'
[0.337s] INFO:colcon.colcon_core.plugin_system:Skipping extension 'colcon_core.shell.bat': Not used on non-Windows systems
[0.337s] INFO:colcon.colcon_core.shell:Skip shell extension 'powershell' for command environment: Not usable outside of PowerShell
[0.337s] DEBUG:colcon.colcon_core.shell:Skip shell extension 'dsv' for command environment
[0.348s] DEBUG:colcon.colcon_core.event_handler.log_command:Invoking command in '/home/mikks/ros2_px4_ws/build/px4_msgs': CMAKE_PREFIX_PATH=${CMAKE_PREFIX_PATH}:/home/mikks/ros2_px4_ws/install/x500_hover_controller:/home/mikks/ros2_px4_ws/install/example_mode_with_rclpy_py:/home/mikks/ros2_px4_ws/install/example_mode_goto_py:/home/mikks/ros2_px4_ws/install/px4_actuator_ctrl:/home/mikks/ros2_ws/install/rover_desc_description:/home/mikks/ros2_ws/install/px4_actuator_ctrl:/home/mikks/ros2_ws/install/mine_rover_description:/home/mikks/ros2_ws/install/ZerionURDFV5cp_description:/home/mikks/crazyflie_mapping_demo/ros2_ws/install/velocity_free_consensus:/home/mikks/crazyflie_mapping_demo/ros2_ws/install/stepwise_lowpos:/home/mikks/crazyflie_mapping_demo/ros2_ws/install/step_wise_lowpos:/home/mikks/crazyflie_mapping_demo/ros2_ws/install/second_order_formation_control:/home/mikks/crazyflie_mapping_demo/ros2_ws/install/ros_gz_crazyflie_control:/home/mikks/crazyflie_mapping_demo/ros2_ws/install/mixed_fractional_consensus:/home/mikks/crazyflie_mapping_demo/ros2_ws/install/lowest_pos:/home/mikks/crazyflie_mapping_demo/ros2_ws/install/linear_consensus:/home/mikks/crazyflie_mapping_demo/ros2_ws/install/highest_pos:/home/mikks/crazyflie_mapping_demo/ros2_ws/install/fractional_consensus_alpha:/home/mikks/crazyflie_mapping_demo/ros2_ws/install/event_triggered_swarm:/home/mikks/crazyflie_mapping_demo/ros2_ws/install/drone_logger:/home/mikks/crazyflie_mapping_demo/ros2_ws/install/distributed_average_tracking:/home/mikks/crazyflie_mapping_demo/ros2_ws/install/crazyflie_swarm_logic:/home/mikks/crazyflie_mapping_demo/ros2_ws/install/crazyflie_ros2_multiranger_wall_following:/home/mikks/crazyflie_mapping_demo/ros2_ws/install/crazyflie_ros2_multiranger_simple_mapper:/home/mikks/crazyflie_mapping_demo/ros2_ws/install/crazyflie_py:/home/mikks/crazyflie_mapping_demo/ros2_ws/install/cooperative_target_centric_formation:/home/mikks/crazyflie_mapping_demo/ros2_ws/install/containment_using_agent_information:/home/mikks/crazyflie_mapping_demo/ros2_ws/install/consensus_for_double_integrator:/home/mikks/crazyflie_mapping_demo/ros2_ws/install/consensus_alignment:/home/mikks/crazyflie_mapping_demo/ros2_ws/install/binary_consensus:/home/mikks/crazyflie_mapping_demo/ros2_ws/install/Second_Order_Min_Consensus_for_Heterogeneous_Agents:/home/mikks/crazyflie_mapping_demo/ros2_ws/install/BinaryContainmentChain:/opt/ros/jazzy DEBUGINFOD_URLS=https://debuginfod.ubuntu.com /usr/bin/cmake --build /home/mikks/ros2_px4_ws/build/px4_msgs -- -j12 -l12
[2.203s] DEBUG:colcon.colcon_core.event_handler.log_command:Invoked command in '/home/mikks/ros2_px4_ws/build/px4_msgs' returned '0': CMAKE_PREFIX_PATH=${CMAKE_PREFIX_PATH}:/home/mikks/ros2_px4_ws/install/x500_hover_controller:/home/mikks/ros2_px4_ws/install/example_mode_with_rclpy_py:/home/mikks/ros2_px4_ws/install/example_mode_goto_py:/home/mikks/ros2_px4_ws/install/px4_actuator_ctrl:/home/mikks/ros2_ws/install/rover_desc_description:/home/mikks/ros2_ws/install/px4_actuator_ctrl:/home/mikks/ros2_ws/install/mine_rover_description:/home/mikks/ros2_ws/install/ZerionURDFV5cp_description:/home/mikks/crazyflie_mapping_demo/ros2_ws/install/velocity_free_consensus:/home/mikks/crazyflie_mapping_demo/ros2_ws/install/stepwise_lowpos:/home/mikks/crazyflie_mapping_demo/ros2_ws/install/step_wise_lowpos:/home/mikks/crazyflie_mapping_demo/ros2_ws/install/second_order_formation_control:/home/mikks/crazyflie_mapping_demo/ros2_ws/install/ros_gz_crazyflie_control:/home/mikks/crazyflie_mapping_demo/ros2_ws/install/mixed_fractional_consensus:/home/mikks/crazyflie_mapping_demo/ros2_ws/install/lowest_pos:/home/mikks/crazyflie_mapping_demo/ros2_ws/install/linear_consensus:/home/mikks/crazyflie_mapping_demo/ros2_ws/install/highest_pos:/home/mikks/crazyflie_mapping_demo/ros2_ws/install/fractional_consensus_alpha:/home/mikks/crazyflie_mapping_demo/ros2_ws/install/event_triggered_swarm:/home/mikks/crazyflie_mapping_demo/ros2_ws/install/drone_logger:/home/mikks/crazyflie_mapping_demo/ros2_ws/install/distributed_average_tracking:/home/mikks/crazyflie_mapping_demo/ros2_ws/install/crazyflie_swarm_logic:/home/mikks/crazyflie_mapping_demo/ros2_ws/install/crazyflie_ros2_multiranger_wall_following:/home/mikks/crazyflie_mapping_demo/ros2_ws/install/crazyflie_ros2_multiranger_simple_mapper:/home/mikks/crazyflie_mapping_demo/ros2_ws/install/crazyflie_py:/home/mikks/crazyflie_mapping_demo/ros2_ws/install/cooperative_target_centric_formation:/home/mikks/crazyflie_mapping_demo/ros2_ws/install/containment_using_agent_information:/home/mikks/crazyflie_mapping_demo/ros2_ws/install/consensus_for_double_integrator:/home/mikks/crazyflie_mapping_demo/ros2_ws/install/consensus_alignment:/home/mikks/crazyflie_mapping_demo/ros2_ws/install/binary_consensus:/home/mikks/crazyflie_mapping_demo/ros2_ws/install/Second_Order_Min_Consensus_for_Heterogeneous_Agents:/home/mikks/crazyflie_mapping_demo/ros2_ws/install/BinaryContainmentChain:/opt/ros/jazzy DEBUGINFOD_URLS=https://debuginfod.ubuntu.com /usr/bin/cmake --build /home/mikks/ros2_px4_ws/build/px4_msgs -- -j12 -l12
[2.212s] DEBUG:colcon.colcon_core.event_handler.log_command:Invoking command in '/home/mikks/ros2_px4_ws/build/px4_msgs': CMAKE_PREFIX_PATH=${CMAKE_PREFIX_PATH}:/home/mikks/ros2_px4_ws/install/x500_hover_controller:/home/mikks/ros2_px4_ws/install/example_mode_with_rclpy_py:/home/mikks/ros2_px4_ws/install/example_mode_goto_py:/home/mikks/ros2_px4_ws/install/px4_actuator_ctrl:/home/mikks/ros2_ws/install/rover_desc_description:/home/mikks/ros2_ws/install/px4_actuator_ctrl:/home/mikks/ros2_ws/install/mine_rover_description:/home/mikks/ros2_ws/install/ZerionURDFV5cp_description:/home/mikks/crazyflie_mapping_demo/ros2_ws/install/velocity_free_consensus:/home/mikks/crazyflie_mapping_demo/ros2_ws/install/stepwise_lowpos:/home/mikks/crazyflie_mapping_demo/ros2_ws/install/step_wise_lowpos:/home/mikks/crazyflie_mapping_demo/ros2_ws/install/second_order_formation_control:/home/mikks/crazyflie_mapping_demo/ros2_ws/install/ros_gz_crazyflie_control:/home/mikks/crazyflie_mapping_demo/ros2_ws/install/mixed_fractional_consensus:/home/mikks/crazyflie_mapping_demo/ros2_ws/install/lowest_pos:/home/mikks/crazyflie_mapping_demo/ros2_ws/install/linear_consensus:/home/mikks/crazyflie_mapping_demo/ros2_ws/install/highest_pos:/home/mikks/crazyflie_mapping_demo/ros2_ws/install/fractional_consensus_alpha:/home/mikks/crazyflie_mapping_demo/ros2_ws/install/event_triggered_swarm:/home/mikks/crazyflie_mapping_demo/ros2_ws/install/drone_logger:/home/mikks/crazyflie_mapping_demo/ros2_ws/install/distributed_average_tracking:/home/mikks/crazyflie_mapping_demo/ros2_ws/install/crazyflie_swarm_logic:/home/mikks/crazyflie_mapping_demo/ros2_ws/install/crazyflie_ros2_multiranger_wall_following:/home/mikks/crazyflie_mapping_demo/ros2_ws/install/crazyflie_ros2_multiranger_simple_mapper:/home/mikks/crazyflie_mapping_demo/ros2_ws/install/crazyflie_py:/home/mikks/crazyflie_mapping_demo/ros2_ws/install/cooperative_target_centric_formation:/home/mikks/crazyflie_mapping_demo/ros2_ws/install/containment_using_agent_information:/home/mikks/crazyflie_mapping_demo/ros2_ws/install/consensus_for_double_integrator:/home/mikks/crazyflie_mapping_demo/ros2_ws/install/consensus_alignment:/home/mikks/crazyflie_mapping_demo/ros2_ws/install/binary_consensus:/home/mikks/crazyflie_mapping_demo/ros2_ws/install/Second_Order_Min_Consensus_for_Heterogeneous_Agents:/home/mikks/crazyflie_mapping_demo/ros2_ws/install/BinaryContainmentChain:/opt/ros/jazzy DEBUGINFOD_URLS=https://debuginfod.ubuntu.com /usr/bin/cmake --install /home/mikks/ros2_px4_ws/build/px4_msgs
[2.843s] Level 1:colcon.colcon_core.environment:create_environment_scripts_only(px4_msgs)
[2.843s] DEBUG:colcon.colcon_core.event_handler.log_command:Invoked command in '/home/mikks/ros2_px4_ws/build/px4_msgs' returned '0': CMAKE_PREFIX_PATH=${CMAKE_PREFIX_PATH}:/home/mikks/ros2_px4_ws/install/x500_hover_controller:/home/mikks/ros2_px4_ws/install/example_mode_with_rclpy_py:/home/mikks/ros2_px4_ws/install/example_mode_goto_py:/home/mikks/ros2_px4_ws/install/px4_actuator_ctrl:/home/mikks/ros2_ws/install/rover_desc_description:/home/mikks/ros2_ws/install/px4_actuator_ctrl:/home/mikks/ros2_ws/install/mine_rover_description:/home/mikks/ros2_ws/install/ZerionURDFV5cp_description:/home/mikks/crazyflie_mapping_demo/ros2_ws/install/velocity_free_consensus:/home/mikks/crazyflie_mapping_demo/ros2_ws/install/stepwise_lowpos:/home/mikks/crazyflie_mapping_demo/ros2_ws/install/step_wise_lowpos:/home/mikks/crazyflie_mapping_demo/ros2_ws/install/second_order_formation_control:/home/mikks/crazyflie_mapping_demo/ros2_ws/install/ros_gz_crazyflie_control:/home/mikks/crazyflie_mapping_demo/ros2_ws/install/mixed_fractional_consensus:/home/mikks/crazyflie_mapping_demo/ros2_ws/install/lowest_pos:/home/mikks/crazyflie_mapping_demo/ros2_ws/install/linear_consensus:/home/mikks/crazyflie_mapping_demo/ros2_ws/install/highest_pos:/home/mikks/crazyflie_mapping_demo/ros2_ws/install/fractional_consensus_alpha:/home/mikks/crazyflie_mapping_demo/ros2_ws/install/event_triggered_swarm:/home/mikks/crazyflie_mapping_demo/ros2_ws/install/drone_logger:/home/mikks/crazyflie_mapping_demo/ros2_ws/install/distributed_average_tracking:/home/mikks/crazyflie_mapping_demo/ros2_ws/install/crazyflie_swarm_logic:/home/mikks/crazyflie_mapping_demo/ros2_ws/install/crazyflie_ros2_multiranger_wall_following:/home/mikks/crazyflie_mapping_demo/ros2_ws/install/crazyflie_ros2_multiranger_simple_mapper:/home/mikks/crazyflie_mapping_demo/ros2_ws/install/crazyflie_py:/home/mikks/crazyflie_mapping_demo/ros2_ws/install/cooperative_target_centric_formation:/home/mikks/crazyflie_mapping_demo/ros2_ws/install/containment_using_agent_information:/home/mikks/crazyflie_mapping_demo/ros2_ws/install/consensus_for_double_integrator:/home/mikks/crazyflie_mapping_demo/ros2_ws/install/consensus_alignment:/home/mikks/crazyflie_mapping_demo/ros2_ws/install/binary_consensus:/home/mikks/crazyflie_mapping_demo/ros2_ws/install/Second_Order_Min_Consensus_for_Heterogeneous_Agents:/home/mikks/crazyflie_mapping_demo/ros2_ws/install/BinaryContainmentChain:/opt/ros/jazzy DEBUGINFOD_URLS=https://debuginfod.ubuntu.com /usr/bin/cmake --install /home/mikks/ros2_px4_ws/build/px4_msgs
[2.846s] Level 1:colcon.colcon_core.environment:checking '/home/mikks/ros2_px4_ws/install/px4_msgs' for CMake module files
[2.847s] Level 1:colcon.colcon_core.environment:checking '/home/mikks/ros2_px4_ws/install/px4_msgs' for CMake config files
[2.847s] Level 1:colcon.colcon_core.shell:create_environment_hook('px4_msgs', 'cmake_prefix_path')
[2.847s] INFO:colcon.colcon_core.shell:Creating environment hook '/home/mikks/ros2_px4_ws/install/px4_msgs/share/px4_msgs/hook/cmake_prefix_path.ps1'
[2.848s] INFO:colcon.colcon_core.shell:Creating environment descriptor '/home/mikks/ros2_px4_ws/install/px4_msgs/share/px4_msgs/hook/cmake_prefix_path.dsv'
[2.848s] INFO:colcon.colcon_core.shell:Creating environment hook '/home/mikks/ros2_px4_ws/install/px4_msgs/share/px4_msgs/hook/cmake_prefix_path.sh'
[2.849s] Level 1:colcon.colcon_core.environment:checking '/home/mikks/ros2_px4_ws/install/px4_msgs/lib'
[2.849s] Level 1:colcon.colcon_core.shell:create_environment_hook('px4_msgs', 'ld_library_path_lib')
[2.849s] INFO:colcon.colcon_core.shell:Creating environment hook '/home/mikks/ros2_px4_ws/install/px4_msgs/share/px4_msgs/hook/ld_library_path_lib.ps1'
[2.850s] INFO:colcon.colcon_core.shell:Creating environment descriptor '/home/mikks/ros2_px4_ws/install/px4_msgs/share/px4_msgs/hook/ld_library_path_lib.dsv'
[2.850s] INFO:colcon.colcon_core.shell:Creating environment hook '/home/mikks/ros2_px4_ws/install/px4_msgs/share/px4_msgs/hook/ld_library_path_lib.sh'
[2.850s] Level 1:colcon.colcon_core.environment:checking '/home/mikks/ros2_px4_ws/install/px4_msgs/bin'
[2.851s] Level 1:colcon.colcon_core.environment:checking '/home/mikks/ros2_px4_ws/install/px4_msgs/lib/pkgconfig/px4_msgs.pc'
[2.851s] Level 1:colcon.colcon_core.environment:checking '/home/mikks/ros2_px4_ws/install/px4_msgs/lib/python3.12/site-packages'
[2.851s] Level 1:colcon.colcon_core.shell:create_environment_hook('px4_msgs', 'pythonpath')
[2.851s] INFO:colcon.colcon_core.shell:Creating environment hook '/home/mikks/ros2_px4_ws/install/px4_msgs/share/px4_msgs/hook/pythonpath.ps1'
[2.851s] INFO:colcon.colcon_core.shell:Creating environment descriptor '/home/mikks/ros2_px4_ws/install/px4_msgs/share/px4_msgs/hook/pythonpath.dsv'
[2.852s] INFO:colcon.colcon_core.shell:Creating environment hook '/home/mikks/ros2_px4_ws/install/px4_msgs/share/px4_msgs/hook/pythonpath.sh'
[2.852s] Level 1:colcon.colcon_core.environment:checking '/home/mikks/ros2_px4_ws/install/px4_msgs/bin'
[2.852s] INFO:colcon.colcon_core.shell:Creating package script '/home/mikks/ros2_px4_ws/install/px4_msgs/share/px4_msgs/package.ps1'
[2.853s] INFO:colcon.colcon_core.shell:Creating package descriptor '/home/mikks/ros2_px4_ws/install/px4_msgs/share/px4_msgs/package.dsv'
[2.854s] INFO:colcon.colcon_core.shell:Creating package script '/home/mikks/ros2_px4_ws/install/px4_msgs/share/px4_msgs/package.sh'
[2.854s] INFO:colcon.colcon_core.shell:Creating package script '/home/mikks/ros2_px4_ws/install/px4_msgs/share/px4_msgs/package.bash'
[2.855s] INFO:colcon.colcon_core.shell:Creating package script '/home/mikks/ros2_px4_ws/install/px4_msgs/share/px4_msgs/package.zsh'
[2.855s] Level 1:colcon.colcon_core.environment:create_file_with_runtime_dependencies(/home/mikks/ros2_px4_ws/install/px4_msgs/share/colcon-core/packages/px4_msgs)
[2.856s] Level 1:colcon.colcon_core.environment:create_environment_scripts_only(px4_msgs)
[2.856s] Level 1:colcon.colcon_core.environment:checking '/home/mikks/ros2_px4_ws/install/px4_msgs' for CMake module files
[2.857s] Level 1:colcon.colcon_core.environment:checking '/home/mikks/ros2_px4_ws/install/px4_msgs' for CMake config files
[2.857s] Level 1:colcon.colcon_core.shell:create_environment_hook('px4_msgs', 'cmake_prefix_path')
[2.857s] INFO:colcon.colcon_core.shell:Creating environment hook '/home/mikks/ros2_px4_ws/install/px4_msgs/share/px4_msgs/hook/cmake_prefix_path.ps1'
[2.857s] INFO:colcon.colcon_core.shell:Creating environment descriptor '/home/mikks/ros2_px4_ws/install/px4_msgs/share/px4_msgs/hook/cmake_prefix_path.dsv'
[2.858s] INFO:colcon.colcon_core.shell:Creating environment hook '/home/mikks/ros2_px4_ws/install/px4_msgs/share/px4_msgs/hook/cmake_prefix_path.sh'
[2.858s] Level 1:colcon.colcon_core.environment:checking '/home/mikks/ros2_px4_ws/install/px4_msgs/lib'
[2.858s] Level 1:colcon.colcon_core.shell:create_environment_hook('px4_msgs', 'ld_library_path_lib')
[2.858s] INFO:colcon.colcon_core.shell:Creating environment hook '/home/mikks/ros2_px4_ws/install/px4_msgs/share/px4_msgs/hook/ld_library_path_lib.ps1'
[2.859s] INFO:colcon.colcon_core.shell:Creating environment descriptor '/home/mikks/ros2_px4_ws/install/px4_msgs/share/px4_msgs/hook/ld_library_path_lib.dsv'
[2.859s] INFO:colcon.colcon_core.shell:Creating environment hook '/home/mikks/ros2_px4_ws/install/px4_msgs/share/px4_msgs/hook/ld_library_path_lib.sh'
[2.859s] Level 1:colcon.colcon_core.environment:checking '/home/mikks/ros2_px4_ws/install/px4_msgs/bin'
[2.859s] Level 1:colcon.colcon_core.environment:checking '/home/mikks/ros2_px4_ws/install/px4_msgs/lib/pkgconfig/px4_msgs.pc'
[2.860s] Level 1:colcon.colcon_core.environment:checking '/home/mikks/ros2_px4_ws/install/px4_msgs/lib/python3.12/site-packages'
[2.860s] Level 1:colcon.colcon_core.shell:create_environment_hook('px4_msgs', 'pythonpath')
[2.860s] INFO:colcon.colcon_core.shell:Creating environment hook '/home/mikks/ros2_px4_ws/install/px4_msgs/share/px4_msgs/hook/pythonpath.ps1'
[2.860s] INFO:colcon.colcon_core.shell:Creating environment descriptor '/home/mikks/ros2_px4_ws/install/px4_msgs/share/px4_msgs/hook/pythonpath.dsv'
[2.861s] INFO:colcon.colcon_core.shell:Creating environment hook '/home/mikks/ros2_px4_ws/install/px4_msgs/share/px4_msgs/hook/pythonpath.sh'
[2.861s] Level 1:colcon.colcon_core.environment:checking '/home/mikks/ros2_px4_ws/install/px4_msgs/bin'
[2.861s] INFO:colcon.colcon_core.shell:Creating package script '/home/mikks/ros2_px4_ws/install/px4_msgs/share/px4_msgs/package.ps1'
[2.862s] INFO:colcon.colcon_core.shell:Creating package descriptor '/home/mikks/ros2_px4_ws/install/px4_msgs/share/px4_msgs/package.dsv'
[2.862s] INFO:colcon.colcon_core.shell:Creating package script '/home/mikks/ros2_px4_ws/install/px4_msgs/share/px4_msgs/package.sh'
[2.863s] INFO:colcon.colcon_core.shell:Creating package script '/home/mikks/ros2_px4_ws/install/px4_msgs/share/px4_msgs/package.bash'
[2.863s] INFO:colcon.colcon_core.shell:Creating package script '/home/mikks/ros2_px4_ws/install/px4_msgs/share/px4_msgs/package.zsh'
[2.863s] Level 1:colcon.colcon_core.environment:create_file_with_runtime_dependencies(/home/mikks/ros2_px4_ws/install/px4_msgs/share/colcon-core/packages/px4_msgs)
[2.864s] INFO:colcon.colcon_ros.task.ament_cmake.build:Building ROS package in '/home/mikks/ros2_px4_ws/src/px4-ros2-interface-lib/px4_ros2_cpp' with build type 'ament_cmake'
[2.864s] INFO:colcon.colcon_cmake.task.cmake.build:Building CMake package in '/home/mikks/ros2_px4_ws/src/px4-ros2-interface-lib/px4_ros2_cpp'
[2.864s] INFO:colcon.colcon_core.shell:Skip shell extension 'powershell' for command environment: Not usable outside of PowerShell
[2.864s] DEBUG:colcon.colcon_core.shell:Skip shell extension 'dsv' for command environment
[2.873s] INFO:colcon.colcon_ros.task.ament_python.build:Building ROS package in '/home/mikks/ros2_px4_ws/src/px4_actuator_ctrl' with build type 'ament_python'
[2.873s] Level 1:colcon.colcon_core.shell:create_environment_hook('px4_actuator_ctrl', 'ament_prefix_path')
[2.873s] INFO:colcon.colcon_core.shell:Creating environment hook '/home/mikks/ros2_px4_ws/install/px4_actuator_ctrl/share/px4_actuator_ctrl/hook/ament_prefix_path.ps1'
[2.874s] INFO:colcon.colcon_core.shell:Creating environment descriptor '/home/mikks/ros2_px4_ws/install/px4_actuator_ctrl/share/px4_actuator_ctrl/hook/ament_prefix_path.dsv'
[2.874s] INFO:colcon.colcon_core.shell:Creating environment hook '/home/mikks/ros2_px4_ws/install/px4_actuator_ctrl/share/px4_actuator_ctrl/hook/ament_prefix_path.sh'
[2.875s] INFO:colcon.colcon_core.shell:Skip shell extension 'powershell' for command environment: Not usable outside of PowerShell
[2.875s] DEBUG:colcon.colcon_core.shell:Skip shell extension 'dsv' for command environment
[2.882s] INFO:colcon.colcon_ros.task.ament_cmake.build:Building ROS package in '/home/mikks/ros2_px4_ws/src/px4_ros_com' with build type 'ament_cmake'
[2.882s] INFO:colcon.colcon_cmake.task.cmake.build:Building CMake package in '/home/mikks/ros2_px4_ws/src/px4_ros_com'
[2.882s] INFO:colcon.colcon_core.shell:Skip shell extension 'powershell' for command environment: Not usable outside of PowerShell
[2.882s] DEBUG:colcon.colcon_core.shell:Skip shell extension 'dsv' for command environment
[2.889s] INFO:colcon.colcon_ros.task.ament_python.build:Building ROS package in '/home/mikks/ros2_px4_ws/src/x500_hover_controller' with build type 'ament_python'
[2.889s] Level 1:colcon.colcon_core.shell:create_environment_hook('x500_hover_controller', 'ament_prefix_path')
[2.889s] INFO:colcon.colcon_core.shell:Creating environment hook '/home/mikks/ros2_px4_ws/install/x500_hover_controller/share/x500_hover_controller/hook/ament_prefix_path.ps1'
[2.890s] INFO:colcon.colcon_core.shell:Creating environment descriptor '/home/mikks/ros2_px4_ws/install/x500_hover_controller/share/x500_hover_controller/hook/ament_prefix_path.dsv'
[2.890s] INFO:colcon.colcon_core.shell:Creating environment hook '/home/mikks/ros2_px4_ws/install/x500_hover_controller/share/x500_hover_controller/hook/ament_prefix_path.sh'
[2.891s] INFO:colcon.colcon_core.shell:Skip shell extension 'powershell' for command environment: Not usable outside of PowerShell
[2.891s] DEBUG:colcon.colcon_core.shell:Skip shell extension 'dsv' for command environment
[2.902s] DEBUG:colcon.colcon_core.event_handler.log_command:Invoking command in '/home/mikks/ros2_px4_ws/build/px4_ros2_cpp': CMAKE_PREFIX_PATH=/home/mikks/ros2_px4_ws/install/px4_msgs:/home/mikks/ros2_px4_ws/install/px4_ros_com:/home/mikks/ros2_px4_ws/install/px4_ros2_py:/home/mikks/ros2_px4_ws/install/example_rover_velocity_mode_cpp:/home/mikks/ros2_px4_ws/install/example_mode_with_executor_cpp:/home/mikks/ros2_px4_ws/install/example_mode_vtol_cpp:/home/mikks/ros2_px4_ws/install/example_mode_rtl_replacement_cpp:/home/mikks/ros2_px4_ws/install/example_mode_mission_cpp:/home/mikks/ros2_px4_ws/install/example_mode_manual_cpp:/home/mikks/ros2_px4_ws/install/example_mode_goto_global_cpp:/home/mikks/ros2_px4_ws/install/example_mode_goto_cpp:/home/mikks/ros2_px4_ws/install/example_mode_fw_attitude_cpp:/home/mikks/ros2_px4_ws/install/example_local_navigation_cpp:/home/mikks/ros2_px4_ws/install/example_global_navigation_cpp:/home/mikks/ros2_px4_ws/install/example_executor_with_multiple_modes_cpp:/home/mikks/ros2_px4_ws/install/px4_ros2_cpp:/home/mikks/crazyflie_mapping_demo/ros2_ws/install/crazyflie_ros2_multiranger_bringup:/home/mikks/crazyflie_mapping_demo/ros2_ws/install/ros_gz_crazyflie_bringup:/home/mikks/crazyflie_mapping_demo/ros2_ws/install/ros_gz_crazyflie_gazebo:/home/mikks/crazyflie_mapping_demo/ros2_ws/install/crazyflie_sim:/home/mikks/crazyflie_mapping_demo/ros2_ws/install/crazyflie_examples:/home/mikks/crazyflie_mapping_demo/ros2_ws/install/crazyflie:/home/mikks/crazyflie_mapping_demo/ros2_ws/install/crazyflie_interfaces:/opt/ros/jazzy/opt/gz_sim_vendor:/opt/ros/jazzy/opt/gz_sensors_vendor:/opt/ros/jazzy/opt/gz_physics_vendor:/opt/ros/jazzy/opt/sdformat_vendor:/opt/ros/jazzy/opt/gz_gui_vendor:/opt/ros/jazzy/opt/gz_transport_vendor:/opt/ros/jazzy/opt/gz_rendering_vendor:/opt/ros/jazzy/opt/gz_plugin_vendor:/opt/ros/jazzy/opt/gz_fuel_tools_vendor:/opt/ros/jazzy/opt/gz_msgs_vendor:/opt/ros/jazzy/opt/gz_common_vendor:/opt/ros/jazzy/opt/gz_math_vendor:/opt/ros/jazzy/opt/gz_utils_vendor:/opt/ros/jazzy/opt/gz_tools_vendor:/opt/ros/jazzy/opt/gz_ogre_next_vendor:/opt/ros/jazzy/opt/gz_dartsim_vendor:/opt/ros/jazzy/opt/gz_cmake_vendor:/home/mikks/ros2_px4_ws/install/x500_hover_controller:/home/mikks/ros2_px4_ws/install/example_mode_with_rclpy_py:/home/mikks/ros2_px4_ws/install/example_mode_goto_py:/home/mikks/ros2_px4_ws/install/px4_actuator_ctrl:/home/mikks/ros2_ws/install/rover_desc_description:/home/mikks/ros2_ws/install/px4_actuator_ctrl:/home/mikks/ros2_ws/install/mine_rover_description:/home/mikks/ros2_ws/install/ZerionURDFV5cp_description:/home/mikks/crazyflie_mapping_demo/ros2_ws/install/velocity_free_consensus:/home/mikks/crazyflie_mapping_demo/ros2_ws/install/stepwise_lowpos:/home/mikks/crazyflie_mapping_demo/ros2_ws/install/step_wise_lowpos:/home/mikks/crazyflie_mapping_demo/ros2_ws/install/second_order_formation_control:/home/mikks/crazyflie_mapping_demo/ros2_ws/install/ros_gz_crazyflie_control:/home/mikks/crazyflie_mapping_demo/ros2_ws/install/mixed_fractional_consensus:/home/mikks/crazyflie_mapping_demo/ros2_ws/install/lowest_pos:/home/mikks/crazyflie_mapping_demo/ros2_ws/install/linear_consensus:/home/mikks/crazyflie_mapping_demo/ros2_ws/install/highest_pos:/home/mikks/crazyflie_mapping_demo/ros2_ws/install/fractional_consensus_alpha:/home/mikks/crazyflie_mapping_demo/ros2_ws/install/event_triggered_swarm:/home/mikks/crazyflie_mapping_demo/ros2_ws/install/drone_logger:/home/mikks/crazyflie_mapping_demo/ros2_ws/install/distributed_average_tracking:/home/mikks/crazyflie_mapping_demo/ros2_ws/install/crazyflie_swarm_logic:/home/mikks/crazyflie_mapping_demo/ros2_ws/install/crazyflie_ros2_multiranger_wall_following:/home/mikks/crazyflie_mapping_demo/ros2_ws/install/crazyflie_ros2_multiranger_simple_mapper:/home/mikks/crazyflie_mapping_demo/ros2_ws/install/crazyflie_py:/home/mikks/crazyflie_mapping_demo/ros2_ws/install/cooperative_target_centric_formation:/home/mikks/crazyflie_mapping_demo/ros2_ws/install/containment_using_agent_information:/home/mikks/crazyflie_mapping_demo/ros2_ws/install/consensus_for_double_integrator:/home/mikks/crazyflie_mapping_demo/ros2_ws/install/consensus_alignment:/home/mikks/crazyflie_mapping_demo/ros2_ws/install/binary_consensus:/home/mikks/crazyflie_mapping_demo/ros2_ws/install/Second_Order_Min_Consensus_for_Heterogeneous_Agents:/home/mikks/crazyflie_mapping_demo/ros2_ws/install/BinaryContainmentChain:/opt/ros/jazzy DEBUGINFOD_URLS=https://debuginfod.ubuntu.com LD_LIBRARY_PATH=/home/mikks/ros2_px4_ws/install/px4_msgs/lib:/home/mikks/ros2_px4_ws/install/px4_ros_com/lib:/home/mikks/ros2_px4_ws/install/px4_ros2_cpp/lib:/home/mikks/NatNet_SDK_4.3_ubuntu/lib:/home/mikks/crazyflie_mapping_demo/ros2_ws/install/crazyflie_interfaces/lib:/opt/ros/jazzy/opt/gz_sim_vendor/lib:/opt/ros/jazzy/opt/gz_sensors_vendor/lib:/opt/ros/jazzy/opt/gz_physics_vendor/lib:/opt/ros/jazzy/opt/sdformat_vendor/lib:/opt/ros/jazzy/opt/rviz_ogre_vendor/lib:/opt/ros/jazzy/lib/x86_64-linux-gnu:/opt/ros/jazzy/opt/gz_gui_vendor/lib:/opt/ros/jazzy/opt/gz_transport_vendor/lib:/opt/ros/jazzy/opt/gz_rendering_vendor/lib:/opt/ros/jazzy/opt/gz_plugin_vendor/lib:/opt/ros/jazzy/opt/gz_fuel_tools_vendor/lib:/opt/ros/jazzy/opt/gz_msgs_vendor/lib:/opt/ros/jazzy/opt/gz_common_vendor/lib:/opt/ros/jazzy/opt/gz_math_vendor/lib:/opt/ros/jazzy/opt/gz_utils_vendor/lib:/opt/ros/jazzy/opt/gz_tools_vendor/lib:/opt/ros/jazzy/opt/gz_ogre_next_vendor/lib:/opt/ros/jazzy/opt/gz_dartsim_vendor/lib:/opt/ros/jazzy/opt/gz_cmake_vendor/lib:/opt/ros/jazzy/lib PYTHONPATH=/home/mikks/ros2_px4_ws/install/px4_msgs/lib/python3.12/site-packages:/home/mikks/ros2_px4_ws/build/x500_hover_controller:/home/mikks/ros2_px4_ws/install/x500_hover_controller/lib/python3.12/site-packages:/home/mikks/ros2_px4_ws/install/px4_ros_com/lib/python3.12/site-packages:/home/mikks/ros2_px4_ws/build/example_mode_with_rclpy_py:/home/mikks/ros2_px4_ws/install/example_mode_with_rclpy_py/lib/python3.12/site-packages:/home/mikks/ros2_px4_ws/build/example_mode_goto_py:/home/mikks/ros2_px4_ws/install/example_mode_goto_py/lib/python3.12/site-packages:/home/mikks/ros2_px4_ws/install/px4_ros2_py/lib/python3.12/site-packages:/home/mikks/ros2_px4_ws/build/px4_actuator_ctrl:/home/mikks/ros2_px4_ws/install/px4_actuator_ctrl/lib/python3.12/site-packages:/home/mikks/ros2_ws/build/rover_desc_description:/home/mikks/ros2_ws/install/rover_desc_description/lib/python3.12/site-packages:/home/mikks/ros2_ws/install/px4_actuator_ctrl/lib/python3.12/site-packages:/home/mikks/ros2_ws/build/mine_rover_description:/home/mikks/ros2_ws/install/mine_rover_description/lib/python3.12/site-packages:/home/mikks/ros2_ws/build/ZerionURDFV5cp_description:/home/mikks/ros2_ws/install/ZerionURDFV5cp_description/lib/python3.12/site-packages:/home/mikks/crazyflie_mapping_demo/ros2_ws/install/velocity_free_consensus/lib/python3.12/site-packages:/home/mikks/crazyflie_mapping_demo/ros2_ws/install/stepwise_lowpos/lib/python3.12/site-packages:/home/mikks/crazyflie_mapping_demo/ros2_ws/install/step_wise_lowpos/lib/python3.12/site-packages:/home/mikks/crazyflie_mapping_demo/ros2_ws/install/second_order_formation_control/lib/python3.12/site-packages:/home/mikks/crazyflie_mapping_demo/ros2_ws/install/ros_gz_crazyflie_control/lib/python3.12/site-packages:/home/mikks/crazyflie_mapping_demo/ros2_ws/install/mixed_fractional_consensus/lib/python3.12/site-packages:/home/mikks/crazyflie_mapping_demo/ros2_ws/install/lowest_pos/lib/python3.12/site-packages:/home/mikks/crazyflie_mapping_demo/ros2_ws/install/linear_consensus/lib/python3.12/site-packages:/home/mikks/crazyflie_mapping_demo/ros2_ws/install/highest_pos/lib/python3.12/site-packages:/home/mikks/crazyflie_mapping_demo/ros2_ws/install/fractional_consensus_alpha/lib/python3.12/site-packages:/home/mikks/crazyflie_mapping_demo/ros2_ws/install/event_triggered_swarm/lib/python3.12/site-packages:/home/mikks/crazyflie_mapping_demo/ros2_ws/install/drone_logger/lib/python3.12/site-packages:/home/mikks/crazyflie_mapping_demo/ros2_ws/install/distributed_average_tracking/lib/python3.12/site-packages:/home/mikks/crazyflie_mapping_demo/ros2_ws/install/crazyflie_swarm_logic/lib/python3.12/site-packages:/home/mikks/crazyflie_mapping_demo/ros2_ws/install/crazyflie_sim/lib/python3.12/site-packages:/home/mikks/crazyflie_mapping_demo/ros2_ws/install/crazyflie_ros2_multiranger_wall_following/lib/python3.12/site-packages:/home/mikks/crazyflie_mapping_demo/ros2_ws/install/crazyflie_ros2_multiranger_simple_mapper/lib/python3.12/site-packages:/home/mikks/crazyflie_mapping_demo/ros2_ws/install/crazyflie_examples/lib/python3.12/site-packages:/home/mikks/crazyflie_mapping_demo/ros2_ws/install/crazyflie_py/lib/python3.12/site-packages:/home/mikks/crazyflie_mapping_demo/ros2_ws/install/crazyflie_interfaces/lib/python3.12/site-packages:/home/mikks/crazyflie_mapping_demo/ros2_ws/install/cooperative_target_centric_formation/lib/python3.12/site-packages:/home/mikks/crazyflie_mapping_demo/ros2_ws/install/containment_using_agent_information/lib/python3.12/site-packages:/home/mikks/crazyflie_mapping_demo/ros2_ws/install/consensus_for_double_integrator/lib/python3.12/site-packages:/home/mikks/crazyflie_mapping_demo/ros2_ws/install/consensus_alignment/lib/python3.12/site-packages:/home/mikks/crazyflie_mapping_demo/ros2_ws/install/binary_consensus/lib/python3.12/site-packages:/home/mikks/crazyflie_mapping_demo/ros2_ws/install/Second_Order_Min_Consensus_for_Heterogeneous_Agents/lib/python3.12/site-packages:/home/mikks/crazyflie_mapping_demo/ros2_ws/install/BinaryContainmentChain/lib/python3.12/site-packages:/opt/ros/jazzy/lib/python3.12/site-packages /usr/bin/cmake --build /home/mikks/ros2_px4_ws/build/px4_ros2_cpp -- -j12 -l12
[3.170s] INFO:colcon.colcon_core.task.python.build:Building Python package in '/home/mikks/ros2_px4_ws/src/px4_actuator_ctrl'
[3.171s] INFO:colcon.colcon_core.shell:Skip shell extension 'powershell' for command environment: Not usable outside of PowerShell
[3.171s] DEBUG:colcon.colcon_core.shell:Skip shell extension 'dsv' for command environment
[3.180s] DEBUG:colcon.colcon_core.event_handler.log_command:Invoking command in '/home/mikks/ros2_px4_ws/build/px4_ros_com': CMAKE_PREFIX_PATH=/home/mikks/ros2_px4_ws/install/px4_msgs:/home/mikks/ros2_px4_ws/install/px4_ros_com:/home/mikks/ros2_px4_ws/install/px4_ros2_py:/home/mikks/ros2_px4_ws/install/example_rover_velocity_mode_cpp:/home/mikks/ros2_px4_ws/install/example_mode_with_executor_cpp:/home/mikks/ros2_px4_ws/install/example_mode_vtol_cpp:/home/mikks/ros2_px4_ws/install/example_mode_rtl_replacement_cpp:/home/mikks/ros2_px4_ws/install/example_mode_mission_cpp:/home/mikks/ros2_px4_ws/install/example_mode_manual_cpp:/home/mikks/ros2_px4_ws/install/example_mode_goto_global_cpp:/home/mikks/ros2_px4_ws/install/example_mode_goto_cpp:/home/mikks/ros2_px4_ws/install/example_mode_fw_attitude_cpp:/home/mikks/ros2_px4_ws/install/example_local_navigation_cpp:/home/mikks/ros2_px4_ws/install/example_global_navigation_cpp:/home/mikks/ros2_px4_ws/install/example_executor_with_multiple_modes_cpp:/home/mikks/ros2_px4_ws/install/px4_ros2_cpp:/home/mikks/crazyflie_mapping_demo/ros2_ws/install/crazyflie_ros2_multiranger_bringup:/home/mikks/crazyflie_mapping_demo/ros2_ws/install/ros_gz_crazyflie_bringup:/home/mikks/crazyflie_mapping_demo/ros2_ws/install/ros_gz_crazyflie_gazebo:/home/mikks/crazyflie_mapping_demo/ros2_ws/install/crazyflie_sim:/home/mikks/crazyflie_mapping_demo/ros2_ws/install/crazyflie_examples:/home/mikks/crazyflie_mapping_demo/ros2_ws/install/crazyflie:/home/mikks/crazyflie_mapping_demo/ros2_ws/install/crazyflie_interfaces:/opt/ros/jazzy/opt/gz_sim_vendor:/opt/ros/jazzy/opt/gz_sensors_vendor:/opt/ros/jazzy/opt/gz_physics_vendor:/opt/ros/jazzy/opt/sdformat_vendor:/opt/ros/jazzy/opt/gz_gui_vendor:/opt/ros/jazzy/opt/gz_transport_vendor:/opt/ros/jazzy/opt/gz_rendering_vendor:/opt/ros/jazzy/opt/gz_plugin_vendor:/opt/ros/jazzy/opt/gz_fuel_tools_vendor:/opt/ros/jazzy/opt/gz_msgs_vendor:/opt/ros/jazzy/opt/gz_common_vendor:/opt/ros/jazzy/opt/gz_math_vendor:/opt/ros/jazzy/opt/gz_utils_vendor:/opt/ros/jazzy/opt/gz_tools_vendor:/opt/ros/jazzy/opt/gz_ogre_next_vendor:/opt/ros/jazzy/opt/gz_dartsim_vendor:/opt/ros/jazzy/opt/gz_cmake_vendor:/home/mikks/ros2_px4_ws/install/x500_hover_controller:/home/mikks/ros2_px4_ws/install/example_mode_with_rclpy_py:/home/mikks/ros2_px4_ws/install/example_mode_goto_py:/home/mikks/ros2_px4_ws/install/px4_actuator_ctrl:/home/mikks/ros2_ws/install/rover_desc_description:/home/mikks/ros2_ws/install/px4_actuator_ctrl:/home/mikks/ros2_ws/install/mine_rover_description:/home/mikks/ros2_ws/install/ZerionURDFV5cp_description:/home/mikks/crazyflie_mapping_demo/ros2_ws/install/velocity_free_consensus:/home/mikks/crazyflie_mapping_demo/ros2_ws/install/stepwise_lowpos:/home/mikks/crazyflie_mapping_demo/ros2_ws/install/step_wise_lowpos:/home/mikks/crazyflie_mapping_demo/ros2_ws/install/second_order_formation_control:/home/mikks/crazyflie_mapping_demo/ros2_ws/install/ros_gz_crazyflie_control:/home/mikks/crazyflie_mapping_demo/ros2_ws/install/mixed_fractional_consensus:/home/mikks/crazyflie_mapping_demo/ros2_ws/install/lowest_pos:/home/mikks/crazyflie_mapping_demo/ros2_ws/install/linear_consensus:/home/mikks/crazyflie_mapping_demo/ros2_ws/install/highest_pos:/home/mikks/crazyflie_mapping_demo/ros2_ws/install/fractional_consensus_alpha:/home/mikks/crazyflie_mapping_demo/ros2_ws/install/event_triggered_swarm:/home/mikks/crazyflie_mapping_demo/ros2_ws/install/drone_logger:/home/mikks/crazyflie_mapping_demo/ros2_ws/install/distributed_average_tracking:/home/mikks/crazyflie_mapping_demo/ros2_ws/install/crazyflie_swarm_logic:/home/mikks/crazyflie_mapping_demo/ros2_ws/install/crazyflie_ros2_multiranger_wall_following:/home/mikks/crazyflie_mapping_demo/ros2_ws/install/crazyflie_ros2_multiranger_simple_mapper:/home/mikks/crazyflie_mapping_demo/ros2_ws/install/crazyflie_py:/home/mikks/crazyflie_mapping_demo/ros2_ws/install/cooperative_target_centric_formation:/home/mikks/crazyflie_mapping_demo/ros2_ws/install/containment_using_agent_information:/home/mikks/crazyflie_mapping_demo/ros2_ws/install/consensus_for_double_integrator:/home/mikks/crazyflie_mapping_demo/ros2_ws/install/consensus_alignment:/home/mikks/crazyflie_mapping_demo/ros2_ws/install/binary_consensus:/home/mikks/crazyflie_mapping_demo/ros2_ws/install/Second_Order_Min_Consensus_for_Heterogeneous_Agents:/home/mikks/crazyflie_mapping_demo/ros2_ws/install/BinaryContainmentChain:/opt/ros/jazzy DEBUGINFOD_URLS=https://debuginfod.ubuntu.com LD_LIBRARY_PATH=/home/mikks/ros2_px4_ws/install/px4_msgs/lib:/home/mikks/ros2_px4_ws/install/px4_ros_com/lib:/home/mikks/ros2_px4_ws/install/px4_ros2_cpp/lib:/home/mikks/NatNet_SDK_4.3_ubuntu/lib:/home/mikks/crazyflie_mapping_demo/ros2_ws/install/crazyflie_interfaces/lib:/opt/ros/jazzy/opt/gz_sim_vendor/lib:/opt/ros/jazzy/opt/gz_sensors_vendor/lib:/opt/ros/jazzy/opt/gz_physics_vendor/lib:/opt/ros/jazzy/opt/sdformat_vendor/lib:/opt/ros/jazzy/opt/rviz_ogre_vendor/lib:/opt/ros/jazzy/lib/x86_64-linux-gnu:/opt/ros/jazzy/opt/gz_gui_vendor/lib:/opt/ros/jazzy/opt/gz_transport_vendor/lib:/opt/ros/jazzy/opt/gz_rendering_vendor/lib:/opt/ros/jazzy/opt/gz_plugin_vendor/lib:/opt/ros/jazzy/opt/gz_fuel_tools_vendor/lib:/opt/ros/jazzy/opt/gz_msgs_vendor/lib:/opt/ros/jazzy/opt/gz_common_vendor/lib:/opt/ros/jazzy/opt/gz_math_vendor/lib:/opt/ros/jazzy/opt/gz_utils_vendor/lib:/opt/ros/jazzy/opt/gz_tools_vendor/lib:/opt/ros/jazzy/opt/gz_ogre_next_vendor/lib:/opt/ros/jazzy/opt/gz_dartsim_vendor/lib:/opt/ros/jazzy/opt/gz_cmake_vendor/lib:/opt/ros/jazzy/lib PYTHONPATH=/home/mikks/ros2_px4_ws/install/px4_msgs/lib/python3.12/site-packages:/home/mikks/ros2_px4_ws/build/x500_hover_controller:/home/mikks/ros2_px4_ws/install/x500_hover_controller/lib/python3.12/site-packages:/home/mikks/ros2_px4_ws/install/px4_ros_com/lib/python3.12/site-packages:/home/mikks/ros2_px4_ws/build/example_mode_with_rclpy_py:/home/mikks/ros2_px4_ws/install/example_mode_with_rclpy_py/lib/python3.12/site-packages:/home/mikks/ros2_px4_ws/build/example_mode_goto_py:/home/mikks/ros2_px4_ws/install/example_mode_goto_py/lib/python3.12/site-packages:/home/mikks/ros2_px4_ws/install/px4_ros2_py/lib/python3.12/site-packages:/home/mikks/ros2_px4_ws/build/px4_actuator_ctrl:/home/mikks/ros2_px4_ws/install/px4_actuator_ctrl/lib/python3.12/site-packages:/home/mikks/ros2_ws/build/rover_desc_description:/home/mikks/ros2_ws/install/rover_desc_description/lib/python3.12/site-packages:/home/mikks/ros2_ws/install/px4_actuator_ctrl/lib/python3.12/site-packages:/home/mikks/ros2_ws/build/mine_rover_description:/home/mikks/ros2_ws/install/mine_rover_description/lib/python3.12/site-packages:/home/mikks/ros2_ws/build/ZerionURDFV5cp_description:/home/mikks/ros2_ws/install/ZerionURDFV5cp_description/lib/python3.12/site-packages:/home/mikks/crazyflie_mapping_demo/ros2_ws/install/velocity_free_consensus/lib/python3.12/site-packages:/home/mikks/crazyflie_mapping_demo/ros2_ws/install/stepwise_lowpos/lib/python3.12/site-packages:/home/mikks/crazyflie_mapping_demo/ros2_ws/install/step_wise_lowpos/lib/python3.12/site-packages:/home/mikks/crazyflie_mapping_demo/ros2_ws/install/second_order_formation_control/lib/python3.12/site-packages:/home/mikks/crazyflie_mapping_demo/ros2_ws/install/ros_gz_crazyflie_control/lib/python3.12/site-packages:/home/mikks/crazyflie_mapping_demo/ros2_ws/install/mixed_fractional_consensus/lib/python3.12/site-packages:/home/mikks/crazyflie_mapping_demo/ros2_ws/install/lowest_pos/lib/python3.12/site-packages:/home/mikks/crazyflie_mapping_demo/ros2_ws/install/linear_consensus/lib/python3.12/site-packages:/home/mikks/crazyflie_mapping_demo/ros2_ws/install/highest_pos/lib/python3.12/site-packages:/home/mikks/crazyflie_mapping_demo/ros2_ws/install/fractional_consensus_alpha/lib/python3.12/site-packages:/home/mikks/crazyflie_mapping_demo/ros2_ws/install/event_triggered_swarm/lib/python3.12/site-packages:/home/mikks/crazyflie_mapping_demo/ros2_ws/install/drone_logger/lib/python3.12/site-packages:/home/mikks/crazyflie_mapping_demo/ros2_ws/install/distributed_average_tracking/lib/python3.12/site-packages:/home/mikks/crazyflie_mapping_demo/ros2_ws/install/crazyflie_swarm_logic/lib/python3.12/site-packages:/home/mikks/crazyflie_mapping_demo/ros2_ws/install/crazyflie_sim/lib/python3.12/site-packages:/home/mikks/crazyflie_mapping_demo/ros2_ws/install/crazyflie_ros2_multiranger_wall_following/lib/python3.12/site-packages:/home/mikks/crazyflie_mapping_demo/ros2_ws/install/crazyflie_ros2_multiranger_simple_mapper/lib/python3.12/site-packages:/home/mikks/crazyflie_mapping_demo/ros2_ws/install/crazyflie_examples/lib/python3.12/site-packages:/home/mikks/crazyflie_mapping_demo/ros2_ws/install/crazyflie_py/lib/python3.12/site-packages:/home/mikks/crazyflie_mapping_demo/ros2_ws/install/crazyflie_interfaces/lib/python3.12/site-packages:/home/mikks/crazyflie_mapping_demo/ros2_ws/install/cooperative_target_centric_formation/lib/python3.12/site-packages:/home/mikks/crazyflie_mapping_demo/ros2_ws/install/containment_using_agent_information/lib/python3.12/site-packages:/home/mikks/crazyflie_mapping_demo/ros2_ws/install/consensus_for_double_integrator/lib/python3.12/site-packages:/home/mikks/crazyflie_mapping_demo/ros2_ws/install/consensus_alignment/lib/python3.12/site-packages:/home/mikks/crazyflie_mapping_demo/ros2_ws/install/binary_consensus/lib/python3.12/site-packages:/home/mikks/crazyflie_mapping_demo/ros2_ws/install/Second_Order_Min_Consensus_for_Heterogeneous_Agents/lib/python3.12/site-packages:/home/mikks/crazyflie_mapping_demo/ros2_ws/install/BinaryContainmentChain/lib/python3.12/site-packages:/opt/ros/jazzy/lib/python3.12/site-packages /usr/bin/cmake --build /home/mikks/ros2_px4_ws/build/px4_ros_com -- -j12 -l12
[3.456s] INFO:colcon.colcon_core.task.python.build:Building Python package in '/home/mikks/ros2_px4_ws/src/x500_hover_controller'
[3.457s] INFO:colcon.colcon_core.shell:Skip shell extension 'powershell' for command environment: Not usable outside of PowerShell
[3.457s] DEBUG:colcon.colcon_core.shell:Skip shell extension 'dsv' for command environment
[3.465s] DEBUG:colcon.colcon_core.event_handler.log_command:Invoked command in '/home/mikks/ros2_px4_ws/build/px4_ros2_cpp' returned '0': CMAKE_PREFIX_PATH=/home/mikks/ros2_px4_ws/install/px4_msgs:/home/mikks/ros2_px4_ws/install/px4_ros_com:/home/mikks/ros2_px4_ws/install/px4_ros2_py:/home/mikks/ros2_px4_ws/install/example_rover_velocity_mode_cpp:/home/mikks/ros2_px4_ws/install/example_mode_with_executor_cpp:/home/mikks/ros2_px4_ws/install/example_mode_vtol_cpp:/home/mikks/ros2_px4_ws/install/example_mode_rtl_replacement_cpp:/home/mikks/ros2_px4_ws/install/example_mode_mission_cpp:/home/mikks/ros2_px4_ws/install/example_mode_manual_cpp:/home/mikks/ros2_px4_ws/install/example_mode_goto_global_cpp:/home/mikks/ros2_px4_ws/install/example_mode_goto_cpp:/home/mikks/ros2_px4_ws/install/example_mode_fw_attitude_cpp:/home/mikks/ros2_px4_ws/install/example_local_navigation_cpp:/home/mikks/ros2_px4_ws/install/example_global_navigation_cpp:/home/mikks/ros2_px4_ws/install/example_executor_with_multiple_modes_cpp:/home/mikks/ros2_px4_ws/install/px4_ros2_cpp:/home/mikks/crazyflie_mapping_demo/ros2_ws/install/crazyflie_ros2_multiranger_bringup:/home/mikks/crazyflie_mapping_demo/ros2_ws/install/ros_gz_crazyflie_bringup:/home/mikks/crazyflie_mapping_demo/ros2_ws/install/ros_gz_crazyflie_gazebo:/home/mikks/crazyflie_mapping_demo/ros2_ws/install/crazyflie_sim:/home/mikks/crazyflie_mapping_demo/ros2_ws/install/crazyflie_examples:/home/mikks/crazyflie_mapping_demo/ros2_ws/install/crazyflie:/home/mikks/crazyflie_mapping_demo/ros2_ws/install/crazyflie_interfaces:/opt/ros/jazzy/opt/gz_sim_vendor:/opt/ros/jazzy/opt/gz_sensors_vendor:/opt/ros/jazzy/opt/gz_physics_vendor:/opt/ros/jazzy/opt/sdformat_vendor:/opt/ros/jazzy/opt/gz_gui_vendor:/opt/ros/jazzy/opt/gz_transport_vendor:/opt/ros/jazzy/opt/gz_rendering_vendor:/opt/ros/jazzy/opt/gz_plugin_vendor:/opt/ros/jazzy/opt/gz_fuel_tools_vendor:/opt/ros/jazzy/opt/gz_msgs_vendor:/opt/ros/jazzy/opt/gz_common_vendor:/opt/ros/jazzy/opt/gz_math_vendor:/opt/ros/jazzy/opt/gz_utils_vendor:/opt/ros/jazzy/opt/gz_tools_vendor:/opt/ros/jazzy/opt/gz_ogre_next_vendor:/opt/ros/jazzy/opt/gz_dartsim_vendor:/opt/ros/jazzy/opt/gz_cmake_vendor:/home/mikks/ros2_px4_ws/install/x500_hover_controller:/home/mikks/ros2_px4_ws/install/example_mode_with_rclpy_py:/home/mikks/ros2_px4_ws/install/example_mode_goto_py:/home/mikks/ros2_px4_ws/install/px4_actuator_ctrl:/home/mikks/ros2_ws/install/rover_desc_description:/home/mikks/ros2_ws/install/px4_actuator_ctrl:/home/mikks/ros2_ws/install/mine_rover_description:/home/mikks/ros2_ws/install/ZerionURDFV5cp_description:/home/mikks/crazyflie_mapping_demo/ros2_ws/install/velocity_free_consensus:/home/mikks/crazyflie_mapping_demo/ros2_ws/install/stepwise_lowpos:/home/mikks/crazyflie_mapping_demo/ros2_ws/install/step_wise_lowpos:/home/mikks/crazyflie_mapping_demo/ros2_ws/install/second_order_formation_control:/home/mikks/crazyflie_mapping_demo/ros2_ws/install/ros_gz_crazyflie_control:/home/mikks/crazyflie_mapping_demo/ros2_ws/install/mixed_fractional_consensus:/home/mikks/crazyflie_mapping_demo/ros2_ws/install/lowest_pos:/home/mikks/crazyflie_mapping_demo/ros2_ws/install/linear_consensus:/home/mikks/crazyflie_mapping_demo/ros2_ws/install/highest_pos:/home/mikks/crazyflie_mapping_demo/ros2_ws/install/fractional_consensus_alpha:/home/mikks/crazyflie_mapping_demo/ros2_ws/install/event_triggered_swarm:/home/mikks/crazyflie_mapping_demo/ros2_ws/install/drone_logger:/home/mikks/crazyflie_mapping_demo/ros2_ws/install/distributed_average_tracking:/home/mikks/crazyflie_mapping_demo/ros2_ws/install/crazyflie_swarm_logic:/home/mikks/crazyflie_mapping_demo/ros2_ws/install/crazyflie_ros2_multiranger_wall_following:/home/mikks/crazyflie_mapping_demo/ros2_ws/install/crazyflie_ros2_multiranger_simple_mapper:/home/mikks/crazyflie_mapping_demo/ros2_ws/install/crazyflie_py:/home/mikks/crazyflie_mapping_demo/ros2_ws/install/cooperative_target_centric_formation:/home/mikks/crazyflie_mapping_demo/ros2_ws/install/containment_using_agent_information:/home/mikks/crazyflie_mapping_demo/ros2_ws/install/consensus_for_double_integrator:/home/mikks/crazyflie_mapping_demo/ros2_ws/install/consensus_alignment:/home/mikks/crazyflie_mapping_demo/ros2_ws/install/binary_consensus:/home/mikks/crazyflie_mapping_demo/ros2_ws/install/Second_Order_Min_Consensus_for_Heterogeneous_Agents:/home/mikks/crazyflie_mapping_demo/ros2_ws/install/BinaryContainmentChain:/opt/ros/jazzy DEBUGINFOD_URLS=https://debuginfod.ubuntu.com LD_LIBRARY_PATH=/home/mikks/ros2_px4_ws/install/px4_msgs/lib:/home/mikks/ros2_px4_ws/install/px4_ros_com/lib:/home/mikks/ros2_px4_ws/install/px4_ros2_cpp/lib:/home/mikks/NatNet_SDK_4.3_ubuntu/lib:/home/mikks/crazyflie_mapping_demo/ros2_ws/install/crazyflie_interfaces/lib:/opt/ros/jazzy/opt/gz_sim_vendor/lib:/opt/ros/jazzy/opt/gz_sensors_vendor/lib:/opt/ros/jazzy/opt/gz_physics_vendor/lib:/opt/ros/jazzy/opt/sdformat_vendor/lib:/opt/ros/jazzy/opt/rviz_ogre_vendor/lib:/opt/ros/jazzy/lib/x86_64-linux-gnu:/opt/ros/jazzy/opt/gz_gui_vendor/lib:/opt/ros/jazzy/opt/gz_transport_vendor/lib:/opt/ros/jazzy/opt/gz_rendering_vendor/lib:/opt/ros/jazzy/opt/gz_plugin_vendor/lib:/opt/ros/jazzy/opt/gz_fuel_tools_vendor/lib:/opt/ros/jazzy/opt/gz_msgs_vendor/lib:/opt/ros/jazzy/opt/gz_common_vendor/lib:/opt/ros/jazzy/opt/gz_math_vendor/lib:/opt/ros/jazzy/opt/gz_utils_vendor/lib:/opt/ros/jazzy/opt/gz_tools_vendor/lib:/opt/ros/jazzy/opt/gz_ogre_next_vendor/lib:/opt/ros/jazzy/opt/gz_dartsim_vendor/lib:/opt/ros/jazzy/opt/gz_cmake_vendor/lib:/opt/ros/jazzy/lib PYTHONPATH=/home/mikks/ros2_px4_ws/install/px4_msgs/lib/python3.12/site-packages:/home/mikks/ros2_px4_ws/build/x500_hover_controller:/home/mikks/ros2_px4_ws/install/x500_hover_controller/lib/python3.12/site-packages:/home/mikks/ros2_px4_ws/install/px4_ros_com/lib/python3.12/site-packages:/home/mikks/ros2_px4_ws/build/example_mode_with_rclpy_py:/home/mikks/ros2_px4_ws/install/example_mode_with_rclpy_py/lib/python3.12/site-packages:/home/mikks/ros2_px4_ws/build/example_mode_goto_py:/home/mikks/ros2_px4_ws/install/example_mode_goto_py/lib/python3.12/site-packages:/home/mikks/ros2_px4_ws/install/px4_ros2_py/lib/python3.12/site-packages:/home/mikks/ros2_px4_ws/build/px4_actuator_ctrl:/home/mikks/ros2_px4_ws/install/px4_actuator_ctrl/lib/python3.12/site-packages:/home/mikks/ros2_ws/build/rover_desc_description:/home/mikks/ros2_ws/install/rover_desc_description/lib/python3.12/site-packages:/home/mikks/ros2_ws/install/px4_actuator_ctrl/lib/python3.12/site-packages:/home/mikks/ros2_ws/build/mine_rover_description:/home/mikks/ros2_ws/install/mine_rover_description/lib/python3.12/site-packages:/home/mikks/ros2_ws/build/ZerionURDFV5cp_description:/home/mikks/ros2_ws/install/ZerionURDFV5cp_description/lib/python3.12/site-packages:/home/mikks/crazyflie_mapping_demo/ros2_ws/install/velocity_free_consensus/lib/python3.12/site-packages:/home/mikks/crazyflie_mapping_demo/ros2_ws/install/stepwise_lowpos/lib/python3.12/site-packages:/home/mikks/crazyflie_mapping_demo/ros2_ws/install/step_wise_lowpos/lib/python3.12/site-packages:/home/mikks/crazyflie_mapping_demo/ros2_ws/install/second_order_formation_control/lib/python3.12/site-packages:/home/mikks/crazyflie_mapping_demo/ros2_ws/install/ros_gz_crazyflie_control/lib/python3.12/site-packages:/home/mikks/crazyflie_mapping_demo/ros2_ws/install/mixed_fractional_consensus/lib/python3.12/site-packages:/home/mikks/crazyflie_mapping_demo/ros2_ws/install/lowest_pos/lib/python3.12/site-packages:/home/mikks/crazyflie_mapping_demo/ros2_ws/install/linear_consensus/lib/python3.12/site-packages:/home/mikks/crazyflie_mapping_demo/ros2_ws/install/highest_pos/lib/python3.12/site-packages:/home/mikks/crazyflie_mapping_demo/ros2_ws/install/fractional_consensus_alpha/lib/python3.12/site-packages:/home/mikks/crazyflie_mapping_demo/ros2_ws/install/event_triggered_swarm/lib/python3.12/site-packages:/home/mikks/crazyflie_mapping_demo/ros2_ws/install/drone_logger/lib/python3.12/site-packages:/home/mikks/crazyflie_mapping_demo/ros2_ws/install/distributed_average_tracking/lib/python3.12/site-packages:/home/mikks/crazyflie_mapping_demo/ros2_ws/install/crazyflie_swarm_logic/lib/python3.12/site-packages:/home/mikks/crazyflie_mapping_demo/ros2_ws/install/crazyflie_sim/lib/python3.12/site-packages:/home/mikks/crazyflie_mapping_demo/ros2_ws/install/crazyflie_ros2_multiranger_wall_following/lib/python3.12/site-packages:/home/mikks/crazyflie_mapping_demo/ros2_ws/install/crazyflie_ros2_multiranger_simple_mapper/lib/python3.12/site-packages:/home/mikks/crazyflie_mapping_demo/ros2_ws/install/crazyflie_examples/lib/python3.12/site-packages:/home/mikks/crazyflie_mapping_demo/ros2_ws/install/crazyflie_py/lib/python3.12/site-packages:/home/mikks/crazyflie_mapping_demo/ros2_ws/install/crazyflie_interfaces/lib/python3.12/site-packages:/home/mikks/crazyflie_mapping_demo/ros2_ws/install/cooperative_target_centric_formation/lib/python3.12/site-packages:/home/mikks/crazyflie_mapping_demo/ros2_ws/install/containment_using_agent_information/lib/python3.12/site-packages:/home/mikks/crazyflie_mapping_demo/ros2_ws/install/consensus_for_double_integrator/lib/python3.12/site-packages:/home/mikks/crazyflie_mapping_demo/ros2_ws/install/consensus_alignment/lib/python3.12/site-packages:/home/mikks/crazyflie_mapping_demo/ros2_ws/install/binary_consensus/lib/python3.12/site-packages:/home/mikks/crazyflie_mapping_demo/ros2_ws/install/Second_Order_Min_Consensus_for_Heterogeneous_Agents/lib/python3.12/site-packages:/home/mikks/crazyflie_mapping_demo/ros2_ws/install/BinaryContainmentChain/lib/python3.12/site-packages:/opt/ros/jazzy/lib/python3.12/site-packages /usr/bin/cmake --build /home/mikks/ros2_px4_ws/build/px4_ros2_cpp -- -j12 -l12
[3.467s] DEBUG:colcon.colcon_core.event_handler.log_command:Invoking command in '/home/mikks/ros2_px4_ws/build/px4_ros2_cpp': CMAKE_PREFIX_PATH=/home/mikks/ros2_px4_ws/install/px4_msgs:/home/mikks/ros2_px4_ws/install/px4_ros_com:/home/mikks/ros2_px4_ws/install/px4_ros2_py:/home/mikks/ros2_px4_ws/install/example_rover_velocity_mode_cpp:/home/mikks/ros2_px4_ws/install/example_mode_with_executor_cpp:/home/mikks/ros2_px4_ws/install/example_mode_vtol_cpp:/home/mikks/ros2_px4_ws/install/example_mode_rtl_replacement_cpp:/home/mikks/ros2_px4_ws/install/example_mode_mission_cpp:/home/mikks/ros2_px4_ws/install/example_mode_manual_cpp:/home/mikks/ros2_px4_ws/install/example_mode_goto_global_cpp:/home/mikks/ros2_px4_ws/install/example_mode_goto_cpp:/home/mikks/ros2_px4_ws/install/example_mode_fw_attitude_cpp:/home/mikks/ros2_px4_ws/install/example_local_navigation_cpp:/home/mikks/ros2_px4_ws/install/example_global_navigation_cpp:/home/mikks/ros2_px4_ws/install/example_executor_with_multiple_modes_cpp:/home/mikks/ros2_px4_ws/install/px4_ros2_cpp:/home/mikks/crazyflie_mapping_demo/ros2_ws/install/crazyflie_ros2_multiranger_bringup:/home/mikks/crazyflie_mapping_demo/ros2_ws/install/ros_gz_crazyflie_bringup:/home/mikks/crazyflie_mapping_demo/ros2_ws/install/ros_gz_crazyflie_gazebo:/home/mikks/crazyflie_mapping_demo/ros2_ws/install/crazyflie_sim:/home/mikks/crazyflie_mapping_demo/ros2_ws/install/crazyflie_examples:/home/mikks/crazyflie_mapping_demo/ros2_ws/install/crazyflie:/home/mikks/crazyflie_mapping_demo/ros2_ws/install/crazyflie_interfaces:/opt/ros/jazzy/opt/gz_sim_vendor:/opt/ros/jazzy/opt/gz_sensors_vendor:/opt/ros/jazzy/opt/gz_physics_vendor:/opt/ros/jazzy/opt/sdformat_vendor:/opt/ros/jazzy/opt/gz_gui_vendor:/opt/ros/jazzy/opt/gz_transport_vendor:/opt/ros/jazzy/opt/gz_rendering_vendor:/opt/ros/jazzy/opt/gz_plugin_vendor:/opt/ros/jazzy/opt/gz_fuel_tools_vendor:/opt/ros/jazzy/opt/gz_msgs_vendor:/opt/ros/jazzy/opt/gz_common_vendor:/opt/ros/jazzy/opt/gz_math_vendor:/opt/ros/jazzy/opt/gz_utils_vendor:/opt/ros/jazzy/opt/gz_tools_vendor:/opt/ros/jazzy/opt/gz_ogre_next_vendor:/opt/ros/jazzy/opt/gz_dartsim_vendor:/opt/ros/jazzy/opt/gz_cmake_vendor:/home/mikks/ros2_px4_ws/install/x500_hover_controller:/home/mikks/ros2_px4_ws/install/example_mode_with_rclpy_py:/home/mikks/ros2_px4_ws/install/example_mode_goto_py:/home/mikks/ros2_px4_ws/install/px4_actuator_ctrl:/home/mikks/ros2_ws/install/rover_desc_description:/home/mikks/ros2_ws/install/px4_actuator_ctrl:/home/mikks/ros2_ws/install/mine_rover_description:/home/mikks/ros2_ws/install/ZerionURDFV5cp_description:/home/mikks/crazyflie_mapping_demo/ros2_ws/install/velocity_free_consensus:/home/mikks/crazyflie_mapping_demo/ros2_ws/install/stepwise_lowpos:/home/mikks/crazyflie_mapping_demo/ros2_ws/install/step_wise_lowpos:/home/mikks/crazyflie_mapping_demo/ros2_ws/install/second_order_formation_control:/home/mikks/crazyflie_mapping_demo/ros2_ws/install/ros_gz_crazyflie_control:/home/mikks/crazyflie_mapping_demo/ros2_ws/install/mixed_fractional_consensus:/home/mikks/crazyflie_mapping_demo/ros2_ws/install/lowest_pos:/home/mikks/crazyflie_mapping_demo/ros2_ws/install/linear_consensus:/home/mikks/crazyflie_mapping_demo/ros2_ws/install/highest_pos:/home/mikks/crazyflie_mapping_demo/ros2_ws/install/fractional_consensus_alpha:/home/mikks/crazyflie_mapping_demo/ros2_ws/install/event_triggered_swarm:/home/mikks/crazyflie_mapping_demo/ros2_ws/install/drone_logger:/home/mikks/crazyflie_mapping_demo/ros2_ws/install/distributed_average_tracking:/home/mikks/crazyflie_mapping_demo/ros2_ws/install/crazyflie_swarm_logic:/home/mikks/crazyflie_mapping_demo/ros2_ws/install/crazyflie_ros2_multiranger_wall_following:/home/mikks/crazyflie_mapping_demo/ros2_ws/install/crazyflie_ros2_multiranger_simple_mapper:/home/mikks/crazyflie_mapping_demo/ros2_ws/install/crazyflie_py:/home/mikks/crazyflie_mapping_demo/ros2_ws/install/cooperative_target_centric_formation:/home/mikks/crazyflie_mapping_demo/ros2_ws/install/containment_using_agent_information:/home/mikks/crazyflie_mapping_demo/ros2_ws/install/consensus_for_double_integrator:/home/mikks/crazyflie_mapping_demo/ros2_ws/install/consensus_alignment:/home/mikks/crazyflie_mapping_demo/ros2_ws/install/binary_consensus:/home/mikks/crazyflie_mapping_demo/ros2_ws/install/Second_Order_Min_Consensus_for_Heterogeneous_Agents:/home/mikks/crazyflie_mapping_demo/ros2_ws/install/BinaryContainmentChain:/opt/ros/jazzy DEBUGINFOD_URLS=https://debuginfod.ubuntu.com LD_LIBRARY_PATH=/home/mikks/ros2_px4_ws/install/px4_msgs/lib:/home/mikks/ros2_px4_ws/install/px4_ros_com/lib:/home/mikks/ros2_px4_ws/install/px4_ros2_cpp/lib:/home/mikks/NatNet_SDK_4.3_ubuntu/lib:/home/mikks/crazyflie_mapping_demo/ros2_ws/install/crazyflie_interfaces/lib:/opt/ros/jazzy/opt/gz_sim_vendor/lib:/opt/ros/jazzy/opt/gz_sensors_vendor/lib:/opt/ros/jazzy/opt/gz_physics_vendor/lib:/opt/ros/jazzy/opt/sdformat_vendor/lib:/opt/ros/jazzy/opt/rviz_ogre_vendor/lib:/opt/ros/jazzy/lib/x86_64-linux-gnu:/opt/ros/jazzy/opt/gz_gui_vendor/lib:/opt/ros/jazzy/opt/gz_transport_vendor/lib:/opt/ros/jazzy/opt/gz_rendering_vendor/lib:/opt/ros/jazzy/opt/gz_plugin_vendor/lib:/opt/ros/jazzy/opt/gz_fuel_tools_vendor/lib:/opt/ros/jazzy/opt/gz_msgs_vendor/lib:/opt/ros/jazzy/opt/gz_common_vendor/lib:/opt/ros/jazzy/opt/gz_math_vendor/lib:/opt/ros/jazzy/opt/gz_utils_vendor/lib:/opt/ros/jazzy/opt/gz_tools_vendor/lib:/opt/ros/jazzy/opt/gz_ogre_next_vendor/lib:/opt/ros/jazzy/opt/gz_dartsim_vendor/lib:/opt/ros/jazzy/opt/gz_cmake_vendor/lib:/opt/ros/jazzy/lib PYTHONPATH=/home/mikks/ros2_px4_ws/install/px4_msgs/lib/python3.12/site-packages:/home/mikks/ros2_px4_ws/build/x500_hover_controller:/home/mikks/ros2_px4_ws/install/x500_hover_controller/lib/python3.12/site-packages:/home/mikks/ros2_px4_ws/install/px4_ros_com/lib/python3.12/site-packages:/home/mikks/ros2_px4_ws/build/example_mode_with_rclpy_py:/home/mikks/ros2_px4_ws/install/example_mode_with_rclpy_py/lib/python3.12/site-packages:/home/mikks/ros2_px4_ws/build/example_mode_goto_py:/home/mikks/ros2_px4_ws/install/example_mode_goto_py/lib/python3.12/site-packages:/home/mikks/ros2_px4_ws/install/px4_ros2_py/lib/python3.12/site-packages:/home/mikks/ros2_px4_ws/build/px4_actuator_ctrl:/home/mikks/ros2_px4_ws/install/px4_actuator_ctrl/lib/python3.12/site-packages:/home/mikks/ros2_ws/build/rover_desc_description:/home/mikks/ros2_ws/install/rover_desc_description/lib/python3.12/site-packages:/home/mikks/ros2_ws/install/px4_actuator_ctrl/lib/python3.12/site-packages:/home/mikks/ros2_ws/build/mine_rover_description:/home/mikks/ros2_ws/install/mine_rover_description/lib/python3.12/site-packages:/home/mikks/ros2_ws/build/ZerionURDFV5cp_description:/home/mikks/ros2_ws/install/ZerionURDFV5cp_description/lib/python3.12/site-packages:/home/mikks/crazyflie_mapping_demo/ros2_ws/install/velocity_free_consensus/lib/python3.12/site-packages:/home/mikks/crazyflie_mapping_demo/ros2_ws/install/stepwise_lowpos/lib/python3.12/site-packages:/home/mikks/crazyflie_mapping_demo/ros2_ws/install/step_wise_lowpos/lib/python3.12/site-packages:/home/mikks/crazyflie_mapping_demo/ros2_ws/install/second_order_formation_control/lib/python3.12/site-packages:/home/mikks/crazyflie_mapping_demo/ros2_ws/install/ros_gz_crazyflie_control/lib/python3.12/site-packages:/home/mikks/crazyflie_mapping_demo/ros2_ws/install/mixed_fractional_consensus/lib/python3.12/site-packages:/home/mikks/crazyflie_mapping_demo/ros2_ws/install/lowest_pos/lib/python3.12/site-packages:/home/mikks/crazyflie_mapping_demo/ros2_ws/install/linear_consensus/lib/python3.12/site-packages:/home/mikks/crazyflie_mapping_demo/ros2_ws/install/highest_pos/lib/python3.12/site-packages:/home/mikks/crazyflie_mapping_demo/ros2_ws/install/fractional_consensus_alpha/lib/python3.12/site-packages:/home/mikks/crazyflie_mapping_demo/ros2_ws/install/event_triggered_swarm/lib/python3.12/site-packages:/home/mikks/crazyflie_mapping_demo/ros2_ws/install/drone_logger/lib/python3.12/site-packages:/home/mikks/crazyflie_mapping_demo/ros2_ws/install/distributed_average_tracking/lib/python3.12/site-packages:/home/mikks/crazyflie_mapping_demo/ros2_ws/install/crazyflie_swarm_logic/lib/python3.12/site-packages:/home/mikks/crazyflie_mapping_demo/ros2_ws/install/crazyflie_sim/lib/python3.12/site-packages:/home/mikks/crazyflie_mapping_demo/ros2_ws/install/crazyflie_ros2_multiranger_wall_following/lib/python3.12/site-packages:/home/mikks/crazyflie_mapping_demo/ros2_ws/install/crazyflie_ros2_multiranger_simple_mapper/lib/python3.12/site-packages:/home/mikks/crazyflie_mapping_demo/ros2_ws/install/crazyflie_examples/lib/python3.12/site-packages:/home/mikks/crazyflie_mapping_demo/ros2_ws/install/crazyflie_py/lib/python3.12/site-packages:/home/mikks/crazyflie_mapping_demo/ros2_ws/install/crazyflie_interfaces/lib/python3.12/site-packages:/home/mikks/crazyflie_mapping_demo/ros2_ws/install/cooperative_target_centric_formation/lib/python3.12/site-packages:/home/mikks/crazyflie_mapping_demo/ros2_ws/install/containment_using_agent_information/lib/python3.12/site-packages:/home/mikks/crazyflie_mapping_demo/ros2_ws/install/consensus_for_double_integrator/lib/python3.12/site-packages:/home/mikks/crazyflie_mapping_demo/ros2_ws/install/consensus_alignment/lib/python3.12/site-packages:/home/mikks/crazyflie_mapping_demo/ros2_ws/install/binary_consensus/lib/python3.12/site-packages:/home/mikks/crazyflie_mapping_demo/ros2_ws/install/Second_Order_Min_Consensus_for_Heterogeneous_Agents/lib/python3.12/site-packages:/home/mikks/crazyflie_mapping_demo/ros2_ws/install/BinaryContainmentChain/lib/python3.12/site-packages:/opt/ros/jazzy/lib/python3.12/site-packages /usr/bin/cmake --install /home/mikks/ros2_px4_ws/build/px4_ros2_cpp
[3.500s] Level 1:colcon.colcon_core.environment:create_environment_scripts_only(px4_ros2_cpp)
[3.501s] Level 1:colcon.colcon_core.environment:checking '/home/mikks/ros2_px4_ws/install/px4_ros2_cpp' for CMake module files
[3.501s] DEBUG:colcon.colcon_core.event_handler.log_command:Invoked command in '/home/mikks/ros2_px4_ws/build/px4_ros2_cpp' returned '0': CMAKE_PREFIX_PATH=/home/mikks/ros2_px4_ws/install/px4_msgs:/home/mikks/ros2_px4_ws/install/px4_ros_com:/home/mikks/ros2_px4_ws/install/px4_ros2_py:/home/mikks/ros2_px4_ws/install/example_rover_velocity_mode_cpp:/home/mikks/ros2_px4_ws/install/example_mode_with_executor_cpp:/home/mikks/ros2_px4_ws/install/example_mode_vtol_cpp:/home/mikks/ros2_px4_ws/install/example_mode_rtl_replacement_cpp:/home/mikks/ros2_px4_ws/install/example_mode_mission_cpp:/home/mikks/ros2_px4_ws/install/example_mode_manual_cpp:/home/mikks/ros2_px4_ws/install/example_mode_goto_global_cpp:/home/mikks/ros2_px4_ws/install/example_mode_goto_cpp:/home/mikks/ros2_px4_ws/install/example_mode_fw_attitude_cpp:/home/mikks/ros2_px4_ws/install/example_local_navigation_cpp:/home/mikks/ros2_px4_ws/install/example_global_navigation_cpp:/home/mikks/ros2_px4_ws/install/example_executor_with_multiple_modes_cpp:/home/mikks/ros2_px4_ws/install/px4_ros2_cpp:/home/mikks/crazyflie_mapping_demo/ros2_ws/install/crazyflie_ros2_multiranger_bringup:/home/mikks/crazyflie_mapping_demo/ros2_ws/install/ros_gz_crazyflie_bringup:/home/mikks/crazyflie_mapping_demo/ros2_ws/install/ros_gz_crazyflie_gazebo:/home/mikks/crazyflie_mapping_demo/ros2_ws/install/crazyflie_sim:/home/mikks/crazyflie_mapping_demo/ros2_ws/install/crazyflie_examples:/home/mikks/crazyflie_mapping_demo/ros2_ws/install/crazyflie:/home/mikks/crazyflie_mapping_demo/ros2_ws/install/crazyflie_interfaces:/opt/ros/jazzy/opt/gz_sim_vendor:/opt/ros/jazzy/opt/gz_sensors_vendor:/opt/ros/jazzy/opt/gz_physics_vendor:/opt/ros/jazzy/opt/sdformat_vendor:/opt/ros/jazzy/opt/gz_gui_vendor:/opt/ros/jazzy/opt/gz_transport_vendor:/opt/ros/jazzy/opt/gz_rendering_vendor:/opt/ros/jazzy/opt/gz_plugin_vendor:/opt/ros/jazzy/opt/gz_fuel_tools_vendor:/opt/ros/jazzy/opt/gz_msgs_vendor:/opt/ros/jazzy/opt/gz_common_vendor:/opt/ros/jazzy/opt/gz_math_vendor:/opt/ros/jazzy/opt/gz_utils_vendor:/opt/ros/jazzy/opt/gz_tools_vendor:/opt/ros/jazzy/opt/gz_ogre_next_vendor:/opt/ros/jazzy/opt/gz_dartsim_vendor:/opt/ros/jazzy/opt/gz_cmake_vendor:/home/mikks/ros2_px4_ws/install/x500_hover_controller:/home/mikks/ros2_px4_ws/install/example_mode_with_rclpy_py:/home/mikks/ros2_px4_ws/install/example_mode_goto_py:/home/mikks/ros2_px4_ws/install/px4_actuator_ctrl:/home/mikks/ros2_ws/install/rover_desc_description:/home/mikks/ros2_ws/install/px4_actuator_ctrl:/home/mikks/ros2_ws/install/mine_rover_description:/home/mikks/ros2_ws/install/ZerionURDFV5cp_description:/home/mikks/crazyflie_mapping_demo/ros2_ws/install/velocity_free_consensus:/home/mikks/crazyflie_mapping_demo/ros2_ws/install/stepwise_lowpos:/home/mikks/crazyflie_mapping_demo/ros2_ws/install/step_wise_lowpos:/home/mikks/crazyflie_mapping_demo/ros2_ws/install/second_order_formation_control:/home/mikks/crazyflie_mapping_demo/ros2_ws/install/ros_gz_crazyflie_control:/home/mikks/crazyflie_mapping_demo/ros2_ws/install/mixed_fractional_consensus:/home/mikks/crazyflie_mapping_demo/ros2_ws/install/lowest_pos:/home/mikks/crazyflie_mapping_demo/ros2_ws/install/linear_consensus:/home/mikks/crazyflie_mapping_demo/ros2_ws/install/highest_pos:/home/mikks/crazyflie_mapping_demo/ros2_ws/install/fractional_consensus_alpha:/home/mikks/crazyflie_mapping_demo/ros2_ws/install/event_triggered_swarm:/home/mikks/crazyflie_mapping_demo/ros2_ws/install/drone_logger:/home/mikks/crazyflie_mapping_demo/ros2_ws/install/distributed_average_tracking:/home/mikks/crazyflie_mapping_demo/ros2_ws/install/crazyflie_swarm_logic:/home/mikks/crazyflie_mapping_demo/ros2_ws/install/crazyflie_ros2_multiranger_wall_following:/home/mikks/crazyflie_mapping_demo/ros2_ws/install/crazyflie_ros2_multiranger_simple_mapper:/home/mikks/crazyflie_mapping_demo/ros2_ws/install/crazyflie_py:/home/mikks/crazyflie_mapping_demo/ros2_ws/install/cooperative_target_centric_formation:/home/mikks/crazyflie_mapping_demo/ros2_ws/install/containment_using_agent_information:/home/mikks/crazyflie_mapping_demo/ros2_ws/install/consensus_for_double_integrator:/home/mikks/crazyflie_mapping_demo/ros2_ws/install/consensus_alignment:/home/mikks/crazyflie_mapping_demo/ros2_ws/install/binary_consensus:/home/mikks/crazyflie_mapping_demo/ros2_ws/install/Second_Order_Min_Consensus_for_Heterogeneous_Agents:/home/mikks/crazyflie_mapping_demo/ros2_ws/install/BinaryContainmentChain:/opt/ros/jazzy DEBUGINFOD_URLS=https://debuginfod.ubuntu.com LD_LIBRARY_PATH=/home/mikks/ros2_px4_ws/install/px4_msgs/lib:/home/mikks/ros2_px4_ws/install/px4_ros_com/lib:/home/mikks/ros2_px4_ws/install/px4_ros2_cpp/lib:/home/mikks/NatNet_SDK_4.3_ubuntu/lib:/home/mikks/crazyflie_mapping_demo/ros2_ws/install/crazyflie_interfaces/lib:/opt/ros/jazzy/opt/gz_sim_vendor/lib:/opt/ros/jazzy/opt/gz_sensors_vendor/lib:/opt/ros/jazzy/opt/gz_physics_vendor/lib:/opt/ros/jazzy/opt/sdformat_vendor/lib:/opt/ros/jazzy/opt/rviz_ogre_vendor/lib:/opt/ros/jazzy/lib/x86_64-linux-gnu:/opt/ros/jazzy/opt/gz_gui_vendor/lib:/opt/ros/jazzy/opt/gz_transport_vendor/lib:/opt/ros/jazzy/opt/gz_rendering_vendor/lib:/opt/ros/jazzy/opt/gz_plugin_vendor/lib:/opt/ros/jazzy/opt/gz_fuel_tools_vendor/lib:/opt/ros/jazzy/opt/gz_msgs_vendor/lib:/opt/ros/jazzy/opt/gz_common_vendor/lib:/opt/ros/jazzy/opt/gz_math_vendor/lib:/opt/ros/jazzy/opt/gz_utils_vendor/lib:/opt/ros/jazzy/opt/gz_tools_vendor/lib:/opt/ros/jazzy/opt/gz_ogre_next_vendor/lib:/opt/ros/jazzy/opt/gz_dartsim_vendor/lib:/opt/ros/jazzy/opt/gz_cmake_vendor/lib:/opt/ros/jazzy/lib PYTHONPATH=/home/mikks/ros2_px4_ws/install/px4_msgs/lib/python3.12/site-packages:/home/mikks/ros2_px4_ws/build/x500_hover_controller:/home/mikks/ros2_px4_ws/install/x500_hover_controller/lib/python3.12/site-packages:/home/mikks/ros2_px4_ws/install/px4_ros_com/lib/python3.12/site-packages:/home/mikks/ros2_px4_ws/build/example_mode_with_rclpy_py:/home/mikks/ros2_px4_ws/install/example_mode_with_rclpy_py/lib/python3.12/site-packages:/home/mikks/ros2_px4_ws/build/example_mode_goto_py:/home/mikks/ros2_px4_ws/install/example_mode_goto_py/lib/python3.12/site-packages:/home/mikks/ros2_px4_ws/install/px4_ros2_py/lib/python3.12/site-packages:/home/mikks/ros2_px4_ws/build/px4_actuator_ctrl:/home/mikks/ros2_px4_ws/install/px4_actuator_ctrl/lib/python3.12/site-packages:/home/mikks/ros2_ws/build/rover_desc_description:/home/mikks/ros2_ws/install/rover_desc_description/lib/python3.12/site-packages:/home/mikks/ros2_ws/install/px4_actuator_ctrl/lib/python3.12/site-packages:/home/mikks/ros2_ws/build/mine_rover_description:/home/mikks/ros2_ws/install/mine_rover_description/lib/python3.12/site-packages:/home/mikks/ros2_ws/build/ZerionURDFV5cp_description:/home/mikks/ros2_ws/install/ZerionURDFV5cp_description/lib/python3.12/site-packages:/home/mikks/crazyflie_mapping_demo/ros2_ws/install/velocity_free_consensus/lib/python3.12/site-packages:/home/mikks/crazyflie_mapping_demo/ros2_ws/install/stepwise_lowpos/lib/python3.12/site-packages:/home/mikks/crazyflie_mapping_demo/ros2_ws/install/step_wise_lowpos/lib/python3.12/site-packages:/home/mikks/crazyflie_mapping_demo/ros2_ws/install/second_order_formation_control/lib/python3.12/site-packages:/home/mikks/crazyflie_mapping_demo/ros2_ws/install/ros_gz_crazyflie_control/lib/python3.12/site-packages:/home/mikks/crazyflie_mapping_demo/ros2_ws/install/mixed_fractional_consensus/lib/python3.12/site-packages:/home/mikks/crazyflie_mapping_demo/ros2_ws/install/lowest_pos/lib/python3.12/site-packages:/home/mikks/crazyflie_mapping_demo/ros2_ws/install/linear_consensus/lib/python3.12/site-packages:/home/mikks/crazyflie_mapping_demo/ros2_ws/install/highest_pos/lib/python3.12/site-packages:/home/mikks/crazyflie_mapping_demo/ros2_ws/install/fractional_consensus_alpha/lib/python3.12/site-packages:/home/mikks/crazyflie_mapping_demo/ros2_ws/install/event_triggered_swarm/lib/python3.12/site-packages:/home/mikks/crazyflie_mapping_demo/ros2_ws/install/drone_logger/lib/python3.12/site-packages:/home/mikks/crazyflie_mapping_demo/ros2_ws/install/distributed_average_tracking/lib/python3.12/site-packages:/home/mikks/crazyflie_mapping_demo/ros2_ws/install/crazyflie_swarm_logic/lib/python3.12/site-packages:/home/mikks/crazyflie_mapping_demo/ros2_ws/install/crazyflie_sim/lib/python3.12/site-packages:/home/mikks/crazyflie_mapping_demo/ros2_ws/install/crazyflie_ros2_multiranger_wall_following/lib/python3.12/site-packages:/home/mikks/crazyflie_mapping_demo/ros2_ws/install/crazyflie_ros2_multiranger_simple_mapper/lib/python3.12/site-packages:/home/mikks/crazyflie_mapping_demo/ros2_ws/install/crazyflie_examples/lib/python3.12/site-packages:/home/mikks/crazyflie_mapping_demo/ros2_ws/install/crazyflie_py/lib/python3.12/site-packages:/home/mikks/crazyflie_mapping_demo/ros2_ws/install/crazyflie_interfaces/lib/python3.12/site-packages:/home/mikks/crazyflie_mapping_demo/ros2_ws/install/cooperative_target_centric_formation/lib/python3.12/site-packages:/home/mikks/crazyflie_mapping_demo/ros2_ws/install/containment_using_agent_information/lib/python3.12/site-packages:/home/mikks/crazyflie_mapping_demo/ros2_ws/install/consensus_for_double_integrator/lib/python3.12/site-packages:/home/mikks/crazyflie_mapping_demo/ros2_ws/install/consensus_alignment/lib/python3.12/site-packages:/home/mikks/crazyflie_mapping_demo/ros2_ws/install/binary_consensus/lib/python3.12/site-packages:/home/mikks/crazyflie_mapping_demo/ros2_ws/install/Second_Order_Min_Consensus_for_Heterogeneous_Agents/lib/python3.12/site-packages:/home/mikks/crazyflie_mapping_demo/ros2_ws/install/BinaryContainmentChain/lib/python3.12/site-packages:/opt/ros/jazzy/lib/python3.12/site-packages /usr/bin/cmake --install /home/mikks/ros2_px4_ws/build/px4_ros2_cpp
[3.502s] Level 1:colcon.colcon_core.environment:checking '/home/mikks/ros2_px4_ws/install/px4_ros2_cpp' for CMake config files
[3.502s] Level 1:colcon.colcon_core.shell:create_environment_hook('px4_ros2_cpp', 'cmake_prefix_path')
[3.503s] INFO:colcon.colcon_core.shell:Creating environment hook '/home/mikks/ros2_px4_ws/install/px4_ros2_cpp/share/px4_ros2_cpp/hook/cmake_prefix_path.ps1'
[3.503s] INFO:colcon.colcon_core.shell:Creating environment descriptor '/home/mikks/ros2_px4_ws/install/px4_ros2_cpp/share/px4_ros2_cpp/hook/cmake_prefix_path.dsv'
[3.504s] INFO:colcon.colcon_core.shell:Creating environment hook '/home/mikks/ros2_px4_ws/install/px4_ros2_cpp/share/px4_ros2_cpp/hook/cmake_prefix_path.sh'
[3.504s] Level 1:colcon.colcon_core.environment:checking '/home/mikks/ros2_px4_ws/install/px4_ros2_cpp/lib'
[3.504s] Level 1:colcon.colcon_core.shell:create_environment_hook('px4_ros2_cpp', 'ld_library_path_lib')
[3.505s] INFO:colcon.colcon_core.shell:Creating environment hook '/home/mikks/ros2_px4_ws/install/px4_ros2_cpp/share/px4_ros2_cpp/hook/ld_library_path_lib.ps1'
[3.505s] INFO:colcon.colcon_core.shell:Creating environment descriptor '/home/mikks/ros2_px4_ws/install/px4_ros2_cpp/share/px4_ros2_cpp/hook/ld_library_path_lib.dsv'
[3.506s] INFO:colcon.colcon_core.shell:Creating environment hook '/home/mikks/ros2_px4_ws/install/px4_ros2_cpp/share/px4_ros2_cpp/hook/ld_library_path_lib.sh'
[3.506s] Level 1:colcon.colcon_core.environment:checking '/home/mikks/ros2_px4_ws/install/px4_ros2_cpp/bin'
[3.506s] Level 1:colcon.colcon_core.environment:checking '/home/mikks/ros2_px4_ws/install/px4_ros2_cpp/lib/pkgconfig/px4_ros2_cpp.pc'
[3.507s] Level 1:colcon.colcon_core.environment:checking '/home/mikks/ros2_px4_ws/install/px4_ros2_cpp/lib/python3.12/site-packages'
[3.507s] Level 1:colcon.colcon_core.environment:checking '/home/mikks/ros2_px4_ws/install/px4_ros2_cpp/bin'
[3.507s] INFO:colcon.colcon_core.shell:Creating package script '/home/mikks/ros2_px4_ws/install/px4_ros2_cpp/share/px4_ros2_cpp/package.ps1'
[3.508s] INFO:colcon.colcon_core.shell:Creating package descriptor '/home/mikks/ros2_px4_ws/install/px4_ros2_cpp/share/px4_ros2_cpp/package.dsv'
[3.509s] INFO:colcon.colcon_core.shell:Creating package script '/home/mikks/ros2_px4_ws/install/px4_ros2_cpp/share/px4_ros2_cpp/package.sh'
[3.509s] INFO:colcon.colcon_core.shell:Creating package script '/home/mikks/ros2_px4_ws/install/px4_ros2_cpp/share/px4_ros2_cpp/package.bash'
[3.510s] INFO:colcon.colcon_core.shell:Creating package script '/home/mikks/ros2_px4_ws/install/px4_ros2_cpp/share/px4_ros2_cpp/package.zsh'
[3.510s] Level 1:colcon.colcon_core.environment:create_file_with_runtime_dependencies(/home/mikks/ros2_px4_ws/install/px4_ros2_cpp/share/colcon-core/packages/px4_ros2_cpp)
[3.511s] Level 1:colcon.colcon_core.environment:create_environment_scripts_only(px4_ros2_cpp)
[3.511s] Level 1:colcon.colcon_core.environment:checking '/home/mikks/ros2_px4_ws/install/px4_ros2_cpp' for CMake module files
[3.512s] Level 1:colcon.colcon_core.environment:checking '/home/mikks/ros2_px4_ws/install/px4_ros2_cpp' for CMake config files
[3.512s] Level 1:colcon.colcon_core.shell:create_environment_hook('px4_ros2_cpp', 'cmake_prefix_path')
[3.512s] INFO:colcon.colcon_core.shell:Creating environment hook '/home/mikks/ros2_px4_ws/install/px4_ros2_cpp/share/px4_ros2_cpp/hook/cmake_prefix_path.ps1'
[3.513s] INFO:colcon.colcon_core.shell:Creating environment descriptor '/home/mikks/ros2_px4_ws/install/px4_ros2_cpp/share/px4_ros2_cpp/hook/cmake_prefix_path.dsv'
[3.513s] INFO:colcon.colcon_core.shell:Creating environment hook '/home/mikks/ros2_px4_ws/install/px4_ros2_cpp/share/px4_ros2_cpp/hook/cmake_prefix_path.sh'
[3.514s] Level 1:colcon.colcon_core.environment:checking '/home/mikks/ros2_px4_ws/install/px4_ros2_cpp/lib'
[3.514s] Level 1:colcon.colcon_core.shell:create_environment_hook('px4_ros2_cpp', 'ld_library_path_lib')
[3.514s] INFO:colcon.colcon_core.shell:Creating environment hook '/home/mikks/ros2_px4_ws/install/px4_ros2_cpp/share/px4_ros2_cpp/hook/ld_library_path_lib.ps1'
[3.514s] INFO:colcon.colcon_core.shell:Creating environment descriptor '/home/mikks/ros2_px4_ws/install/px4_ros2_cpp/share/px4_ros2_cpp/hook/ld_library_path_lib.dsv'
[3.515s] INFO:colcon.colcon_core.shell:Creating environment hook '/home/mikks/ros2_px4_ws/install/px4_ros2_cpp/share/px4_ros2_cpp/hook/ld_library_path_lib.sh'
[3.515s] Level 1:colcon.colcon_core.environment:checking '/home/mikks/ros2_px4_ws/install/px4_ros2_cpp/bin'
[3.515s] Level 1:colcon.colcon_core.environment:checking '/home/mikks/ros2_px4_ws/install/px4_ros2_cpp/lib/pkgconfig/px4_ros2_cpp.pc'
[3.516s] Level 1:colcon.colcon_core.environment:checking '/home/mikks/ros2_px4_ws/install/px4_ros2_cpp/lib/python3.12/site-packages'
[3.516s] Level 1:colcon.colcon_core.environment:checking '/home/mikks/ros2_px4_ws/install/px4_ros2_cpp/bin'
[3.516s] INFO:colcon.colcon_core.shell:Creating package script '/home/mikks/ros2_px4_ws/install/px4_ros2_cpp/share/px4_ros2_cpp/package.ps1'
[3.517s] INFO:colcon.colcon_core.shell:Creating package descriptor '/home/mikks/ros2_px4_ws/install/px4_ros2_cpp/share/px4_ros2_cpp/package.dsv'
[3.518s] INFO:colcon.colcon_core.shell:Creating package script '/home/mikks/ros2_px4_ws/install/px4_ros2_cpp/share/px4_ros2_cpp/package.sh'
[3.518s] INFO:colcon.colcon_core.shell:Creating package script '/home/mikks/ros2_px4_ws/install/px4_ros2_cpp/share/px4_ros2_cpp/package.bash'
[3.519s] INFO:colcon.colcon_core.shell:Creating package script '/home/mikks/ros2_px4_ws/install/px4_ros2_cpp/share/px4_ros2_cpp/package.zsh'
[3.519s] Level 1:colcon.colcon_core.environment:create_file_with_runtime_dependencies(/home/mikks/ros2_px4_ws/install/px4_ros2_cpp/share/colcon-core/packages/px4_ros2_cpp)
[3.520s] INFO:colcon.colcon_ros.task.ament_cmake.build:Building ROS package in '/home/mikks/ros2_px4_ws/src/px4-ros2-interface-lib/px4_ros2_py' with build type 'ament_cmake'
[3.520s] INFO:colcon.colcon_cmake.task.cmake.build:Building CMake package in '/home/mikks/ros2_px4_ws/src/px4-ros2-interface-lib/px4_ros2_py'
[3.520s] INFO:colcon.colcon_core.shell:Skip shell extension 'powershell' for command environment: Not usable outside of PowerShell
[3.520s] DEBUG:colcon.colcon_core.shell:Skip shell extension 'dsv' for command environment
[3.531s] INFO:colcon.colcon_ros.task.ament_cmake.build:Building ROS package in '/home/mikks/ros2_px4_ws/src/px4-ros2-interface-lib/examples/cpp/modes/executor_with_multiple_modes' with build type 'ament_cmake'
[3.531s] INFO:colcon.colcon_cmake.task.cmake.build:Building CMake package in '/home/mikks/ros2_px4_ws/src/px4-ros2-interface-lib/examples/cpp/modes/executor_with_multiple_modes'
[3.531s] INFO:colcon.colcon_core.shell:Skip shell extension 'powershell' for command environment: Not usable outside of PowerShell
[3.531s] DEBUG:colcon.colcon_core.shell:Skip shell extension 'dsv' for command environment
[3.542s] INFO:colcon.colcon_ros.task.ament_cmake.build:Building ROS package in '/home/mikks/ros2_px4_ws/src/px4-ros2-interface-lib/examples/cpp/navigation/global_navigation' with build type 'ament_cmake'
[3.542s] INFO:colcon.colcon_cmake.task.cmake.build:Building CMake package in '/home/mikks/ros2_px4_ws/src/px4-ros2-interface-lib/examples/cpp/navigation/global_navigation'
[3.543s] INFO:colcon.colcon_core.shell:Skip shell extension 'powershell' for command environment: Not usable outside of PowerShell
[3.543s] DEBUG:colcon.colcon_core.shell:Skip shell extension 'dsv' for command environment
[3.554s] INFO:colcon.colcon_ros.task.ament_cmake.build:Building ROS package in '/home/mikks/ros2_px4_ws/src/px4-ros2-interface-lib/examples/cpp/navigation/local_navigation' with build type 'ament_cmake'
[3.554s] INFO:colcon.colcon_cmake.task.cmake.build:Building CMake package in '/home/mikks/ros2_px4_ws/src/px4-ros2-interface-lib/examples/cpp/navigation/local_navigation'
[3.555s] INFO:colcon.colcon_core.shell:Skip shell extension 'powershell' for command environment: Not usable outside of PowerShell
[3.555s] DEBUG:colcon.colcon_core.shell:Skip shell extension 'dsv' for command environment
[3.566s] INFO:colcon.colcon_ros.task.ament_cmake.build:Building ROS package in '/home/mikks/ros2_px4_ws/src/px4-ros2-interface-lib/examples/cpp/modes/fw_attitude' with build type 'ament_cmake'
[3.567s] INFO:colcon.colcon_cmake.task.cmake.build:Building CMake package in '/home/mikks/ros2_px4_ws/src/px4-ros2-interface-lib/examples/cpp/modes/fw_attitude'
[3.567s] INFO:colcon.colcon_core.shell:Skip shell extension 'powershell' for command environment: Not usable outside of PowerShell
[3.567s] DEBUG:colcon.colcon_core.shell:Skip shell extension 'dsv' for command environment
[3.578s] INFO:colcon.colcon_ros.task.ament_cmake.build:Building ROS package in '/home/mikks/ros2_px4_ws/src/px4-ros2-interface-lib/examples/cpp/modes/goto' with build type 'ament_cmake'
[3.579s] INFO:colcon.colcon_cmake.task.cmake.build:Building CMake package in '/home/mikks/ros2_px4_ws/src/px4-ros2-interface-lib/examples/cpp/modes/goto'
[3.579s] INFO:colcon.colcon_core.shell:Skip shell extension 'powershell' for command environment: Not usable outside of PowerShell
[3.579s] DEBUG:colcon.colcon_core.shell:Skip shell extension 'dsv' for command environment
[3.589s] INFO:colcon.colcon_ros.task.ament_cmake.build:Building ROS package in '/home/mikks/ros2_px4_ws/src/px4-ros2-interface-lib/examples/cpp/modes/goto_global' with build type 'ament_cmake'
[3.589s] INFO:colcon.colcon_cmake.task.cmake.build:Building CMake package in '/home/mikks/ros2_px4_ws/src/px4-ros2-interface-lib/examples/cpp/modes/goto_global'
[3.589s] INFO:colcon.colcon_core.shell:Skip shell extension 'powershell' for command environment: Not usable outside of PowerShell
[3.589s] DEBUG:colcon.colcon_core.shell:Skip shell extension 'dsv' for command environment
[3.597s] INFO:colcon.colcon_ros.task.ament_cmake.build:Building ROS package in '/home/mikks/ros2_px4_ws/src/px4-ros2-interface-lib/examples/cpp/modes/manual' with build type 'ament_cmake'
[3.597s] INFO:colcon.colcon_cmake.task.cmake.build:Building CMake package in '/home/mikks/ros2_px4_ws/src/px4-ros2-interface-lib/examples/cpp/modes/manual'
[3.598s] INFO:colcon.colcon_core.shell:Skip shell extension 'powershell' for command environment: Not usable outside of PowerShell
[3.598s] DEBUG:colcon.colcon_core.shell:Skip shell extension 'dsv' for command environment
[3.604s] INFO:colcon.colcon_ros.task.ament_cmake.build:Building ROS package in '/home/mikks/ros2_px4_ws/src/px4-ros2-interface-lib/examples/cpp/modes/mission' with build type 'ament_cmake'
[3.605s] INFO:colcon.colcon_cmake.task.cmake.build:Building CMake package in '/home/mikks/ros2_px4_ws/src/px4-ros2-interface-lib/examples/cpp/modes/mission'
[3.605s] INFO:colcon.colcon_core.shell:Skip shell extension 'powershell' for command environment: Not usable outside of PowerShell
[3.605s] DEBUG:colcon.colcon_core.shell:Skip shell extension 'dsv' for command environment
[3.618s] DEBUG:colcon.colcon_core.event_handler.log_command:Invoking command in '/home/mikks/ros2_px4_ws/build/px4_ros2_py': CMAKE_PREFIX_PATH=/home/mikks/ros2_px4_ws/install/px4_ros2_cpp:/home/mikks/ros2_px4_ws/install/px4_msgs:/home/mikks/ros2_px4_ws/install/px4_ros_com:/home/mikks/ros2_px4_ws/install/px4_ros2_py:/home/mikks/ros2_px4_ws/install/example_rover_velocity_mode_cpp:/home/mikks/ros2_px4_ws/install/example_mode_with_executor_cpp:/home/mikks/ros2_px4_ws/install/example_mode_vtol_cpp:/home/mikks/ros2_px4_ws/install/example_mode_rtl_replacement_cpp:/home/mikks/ros2_px4_ws/install/example_mode_mission_cpp:/home/mikks/ros2_px4_ws/install/example_mode_manual_cpp:/home/mikks/ros2_px4_ws/install/example_mode_goto_global_cpp:/home/mikks/ros2_px4_ws/install/example_mode_goto_cpp:/home/mikks/ros2_px4_ws/install/example_mode_fw_attitude_cpp:/home/mikks/ros2_px4_ws/install/example_local_navigation_cpp:/home/mikks/ros2_px4_ws/install/example_global_navigation_cpp:/home/mikks/ros2_px4_ws/install/example_executor_with_multiple_modes_cpp:/home/mikks/crazyflie_mapping_demo/ros2_ws/install/crazyflie_ros2_multiranger_bringup:/home/mikks/crazyflie_mapping_demo/ros2_ws/install/ros_gz_crazyflie_bringup:/home/mikks/crazyflie_mapping_demo/ros2_ws/install/ros_gz_crazyflie_gazebo:/home/mikks/crazyflie_mapping_demo/ros2_ws/install/crazyflie_sim:/home/mikks/crazyflie_mapping_demo/ros2_ws/install/crazyflie_examples:/home/mikks/crazyflie_mapping_demo/ros2_ws/install/crazyflie:/home/mikks/crazyflie_mapping_demo/ros2_ws/install/crazyflie_interfaces:/opt/ros/jazzy/opt/gz_sim_vendor:/opt/ros/jazzy/opt/gz_sensors_vendor:/opt/ros/jazzy/opt/gz_physics_vendor:/opt/ros/jazzy/opt/sdformat_vendor:/opt/ros/jazzy/opt/gz_gui_vendor:/opt/ros/jazzy/opt/gz_transport_vendor:/opt/ros/jazzy/opt/gz_rendering_vendor:/opt/ros/jazzy/opt/gz_plugin_vendor:/opt/ros/jazzy/opt/gz_fuel_tools_vendor:/opt/ros/jazzy/opt/gz_msgs_vendor:/opt/ros/jazzy/opt/gz_common_vendor:/opt/ros/jazzy/opt/gz_math_vendor:/opt/ros/jazzy/opt/gz_utils_vendor:/opt/ros/jazzy/opt/gz_tools_vendor:/opt/ros/jazzy/opt/gz_ogre_next_vendor:/opt/ros/jazzy/opt/gz_dartsim_vendor:/opt/ros/jazzy/opt/gz_cmake_vendor:/home/mikks/ros2_px4_ws/install/x500_hover_controller:/home/mikks/ros2_px4_ws/install/example_mode_with_rclpy_py:/home/mikks/ros2_px4_ws/install/example_mode_goto_py:/home/mikks/ros2_px4_ws/install/px4_actuator_ctrl:/home/mikks/ros2_ws/install/rover_desc_description:/home/mikks/ros2_ws/install/px4_actuator_ctrl:/home/mikks/ros2_ws/install/mine_rover_description:/home/mikks/ros2_ws/install/ZerionURDFV5cp_description:/home/mikks/crazyflie_mapping_demo/ros2_ws/install/velocity_free_consensus:/home/mikks/crazyflie_mapping_demo/ros2_ws/install/stepwise_lowpos:/home/mikks/crazyflie_mapping_demo/ros2_ws/install/step_wise_lowpos:/home/mikks/crazyflie_mapping_demo/ros2_ws/install/second_order_formation_control:/home/mikks/crazyflie_mapping_demo/ros2_ws/install/ros_gz_crazyflie_control:/home/mikks/crazyflie_mapping_demo/ros2_ws/install/mixed_fractional_consensus:/home/mikks/crazyflie_mapping_demo/ros2_ws/install/lowest_pos:/home/mikks/crazyflie_mapping_demo/ros2_ws/install/linear_consensus:/home/mikks/crazyflie_mapping_demo/ros2_ws/install/highest_pos:/home/mikks/crazyflie_mapping_demo/ros2_ws/install/fractional_consensus_alpha:/home/mikks/crazyflie_mapping_demo/ros2_ws/install/event_triggered_swarm:/home/mikks/crazyflie_mapping_demo/ros2_ws/install/drone_logger:/home/mikks/crazyflie_mapping_demo/ros2_ws/install/distributed_average_tracking:/home/mikks/crazyflie_mapping_demo/ros2_ws/install/crazyflie_swarm_logic:/home/mikks/crazyflie_mapping_demo/ros2_ws/install/crazyflie_ros2_multiranger_wall_following:/home/mikks/crazyflie_mapping_demo/ros2_ws/install/crazyflie_ros2_multiranger_simple_mapper:/home/mikks/crazyflie_mapping_demo/ros2_ws/install/crazyflie_py:/home/mikks/crazyflie_mapping_demo/ros2_ws/install/cooperative_target_centric_formation:/home/mikks/crazyflie_mapping_demo/ros2_ws/install/containment_using_agent_information:/home/mikks/crazyflie_mapping_demo/ros2_ws/install/consensus_for_double_integrator:/home/mikks/crazyflie_mapping_demo/ros2_ws/install/consensus_alignment:/home/mikks/crazyflie_mapping_demo/ros2_ws/install/binary_consensus:/home/mikks/crazyflie_mapping_demo/ros2_ws/install/Second_Order_Min_Consensus_for_Heterogeneous_Agents:/home/mikks/crazyflie_mapping_demo/ros2_ws/install/BinaryContainmentChain:/opt/ros/jazzy DEBUGINFOD_URLS=https://debuginfod.ubuntu.com LD_LIBRARY_PATH=/home/mikks/ros2_px4_ws/install/px4_ros2_cpp/lib:/home/mikks/ros2_px4_ws/install/px4_msgs/lib:/home/mikks/ros2_px4_ws/install/px4_ros_com/lib:/home/mikks/NatNet_SDK_4.3_ubuntu/lib:/home/mikks/crazyflie_mapping_demo/ros2_ws/install/crazyflie_interfaces/lib:/opt/ros/jazzy/opt/gz_sim_vendor/lib:/opt/ros/jazzy/opt/gz_sensors_vendor/lib:/opt/ros/jazzy/opt/gz_physics_vendor/lib:/opt/ros/jazzy/opt/sdformat_vendor/lib:/opt/ros/jazzy/opt/rviz_ogre_vendor/lib:/opt/ros/jazzy/lib/x86_64-linux-gnu:/opt/ros/jazzy/opt/gz_gui_vendor/lib:/opt/ros/jazzy/opt/gz_transport_vendor/lib:/opt/ros/jazzy/opt/gz_rendering_vendor/lib:/opt/ros/jazzy/opt/gz_plugin_vendor/lib:/opt/ros/jazzy/opt/gz_fuel_tools_vendor/lib:/opt/ros/jazzy/opt/gz_msgs_vendor/lib:/opt/ros/jazzy/opt/gz_common_vendor/lib:/opt/ros/jazzy/opt/gz_math_vendor/lib:/opt/ros/jazzy/opt/gz_utils_vendor/lib:/opt/ros/jazzy/opt/gz_tools_vendor/lib:/opt/ros/jazzy/opt/gz_ogre_next_vendor/lib:/opt/ros/jazzy/opt/gz_dartsim_vendor/lib:/opt/ros/jazzy/opt/gz_cmake_vendor/lib:/opt/ros/jazzy/lib PYTHONPATH=/home/mikks/ros2_px4_ws/install/px4_msgs/lib/python3.12/site-packages:/home/mikks/ros2_px4_ws/build/x500_hover_controller:/home/mikks/ros2_px4_ws/install/x500_hover_controller/lib/python3.12/site-packages:/home/mikks/ros2_px4_ws/install/px4_ros_com/lib/python3.12/site-packages:/home/mikks/ros2_px4_ws/build/example_mode_with_rclpy_py:/home/mikks/ros2_px4_ws/install/example_mode_with_rclpy_py/lib/python3.12/site-packages:/home/mikks/ros2_px4_ws/build/example_mode_goto_py:/home/mikks/ros2_px4_ws/install/example_mode_goto_py/lib/python3.12/site-packages:/home/mikks/ros2_px4_ws/install/px4_ros2_py/lib/python3.12/site-packages:/home/mikks/ros2_px4_ws/build/px4_actuator_ctrl:/home/mikks/ros2_px4_ws/install/px4_actuator_ctrl/lib/python3.12/site-packages:/home/mikks/ros2_ws/build/rover_desc_description:/home/mikks/ros2_ws/install/rover_desc_description/lib/python3.12/site-packages:/home/mikks/ros2_ws/install/px4_actuator_ctrl/lib/python3.12/site-packages:/home/mikks/ros2_ws/build/mine_rover_description:/home/mikks/ros2_ws/install/mine_rover_description/lib/python3.12/site-packages:/home/mikks/ros2_ws/build/ZerionURDFV5cp_description:/home/mikks/ros2_ws/install/ZerionURDFV5cp_description/lib/python3.12/site-packages:/home/mikks/crazyflie_mapping_demo/ros2_ws/install/velocity_free_consensus/lib/python3.12/site-packages:/home/mikks/crazyflie_mapping_demo/ros2_ws/install/stepwise_lowpos/lib/python3.12/site-packages:/home/mikks/crazyflie_mapping_demo/ros2_ws/install/step_wise_lowpos/lib/python3.12/site-packages:/home/mikks/crazyflie_mapping_demo/ros2_ws/install/second_order_formation_control/lib/python3.12/site-packages:/home/mikks/crazyflie_mapping_demo/ros2_ws/install/ros_gz_crazyflie_control/lib/python3.12/site-packages:/home/mikks/crazyflie_mapping_demo/ros2_ws/install/mixed_fractional_consensus/lib/python3.12/site-packages:/home/mikks/crazyflie_mapping_demo/ros2_ws/install/lowest_pos/lib/python3.12/site-packages:/home/mikks/crazyflie_mapping_demo/ros2_ws/install/linear_consensus/lib/python3.12/site-packages:/home/mikks/crazyflie_mapping_demo/ros2_ws/install/highest_pos/lib/python3.12/site-packages:/home/mikks/crazyflie_mapping_demo/ros2_ws/install/fractional_consensus_alpha/lib/python3.12/site-packages:/home/mikks/crazyflie_mapping_demo/ros2_ws/install/event_triggered_swarm/lib/python3.12/site-packages:/home/mikks/crazyflie_mapping_demo/ros2_ws/install/drone_logger/lib/python3.12/site-packages:/home/mikks/crazyflie_mapping_demo/ros2_ws/install/distributed_average_tracking/lib/python3.12/site-packages:/home/mikks/crazyflie_mapping_demo/ros2_ws/install/crazyflie_swarm_logic/lib/python3.12/site-packages:/home/mikks/crazyflie_mapping_demo/ros2_ws/install/crazyflie_sim/lib/python3.12/site-packages:/home/mikks/crazyflie_mapping_demo/ros2_ws/install/crazyflie_ros2_multiranger_wall_following/lib/python3.12/site-packages:/home/mikks/crazyflie_mapping_demo/ros2_ws/install/crazyflie_ros2_multiranger_simple_mapper/lib/python3.12/site-packages:/home/mikks/crazyflie_mapping_demo/ros2_ws/install/crazyflie_examples/lib/python3.12/site-packages:/home/mikks/crazyflie_mapping_demo/ros2_ws/install/crazyflie_py/lib/python3.12/site-packages:/home/mikks/crazyflie_mapping_demo/ros2_ws/install/crazyflie_interfaces/lib/python3.12/site-packages:/home/mikks/crazyflie_mapping_demo/ros2_ws/install/cooperative_target_centric_formation/lib/python3.12/site-packages:/home/mikks/crazyflie_mapping_demo/ros2_ws/install/containment_using_agent_information/lib/python3.12/site-packages:/home/mikks/crazyflie_mapping_demo/ros2_ws/install/consensus_for_double_integrator/lib/python3.12/site-packages:/home/mikks/crazyflie_mapping_demo/ros2_ws/install/consensus_alignment/lib/python3.12/site-packages:/home/mikks/crazyflie_mapping_demo/ros2_ws/install/binary_consensus/lib/python3.12/site-packages:/home/mikks/crazyflie_mapping_demo/ros2_ws/install/Second_Order_Min_Consensus_for_Heterogeneous_Agents/lib/python3.12/site-packages:/home/mikks/crazyflie_mapping_demo/ros2_ws/install/BinaryContainmentChain/lib/python3.12/site-packages:/opt/ros/jazzy/lib/python3.12/site-packages /usr/bin/cmake --build /home/mikks/ros2_px4_ws/build/px4_ros2_py -- -j12 -l12
[3.620s] DEBUG:colcon.colcon_core.event_handler.log_command:Invoking command in '/home/mikks/ros2_px4_ws/build/example_executor_with_multiple_modes_cpp': CMAKE_PREFIX_PATH=/home/mikks/ros2_px4_ws/install/px4_ros2_cpp:/home/mikks/ros2_px4_ws/install/px4_msgs:/home/mikks/ros2_px4_ws/install/px4_ros_com:/home/mikks/ros2_px4_ws/install/px4_ros2_py:/home/mikks/ros2_px4_ws/install/example_rover_velocity_mode_cpp:/home/mikks/ros2_px4_ws/install/example_mode_with_executor_cpp:/home/mikks/ros2_px4_ws/install/example_mode_vtol_cpp:/home/mikks/ros2_px4_ws/install/example_mode_rtl_replacement_cpp:/home/mikks/ros2_px4_ws/install/example_mode_mission_cpp:/home/mikks/ros2_px4_ws/install/example_mode_manual_cpp:/home/mikks/ros2_px4_ws/install/example_mode_goto_global_cpp:/home/mikks/ros2_px4_ws/install/example_mode_goto_cpp:/home/mikks/ros2_px4_ws/install/example_mode_fw_attitude_cpp:/home/mikks/ros2_px4_ws/install/example_local_navigation_cpp:/home/mikks/ros2_px4_ws/install/example_global_navigation_cpp:/home/mikks/ros2_px4_ws/install/example_executor_with_multiple_modes_cpp:/home/mikks/crazyflie_mapping_demo/ros2_ws/install/crazyflie_ros2_multiranger_bringup:/home/mikks/crazyflie_mapping_demo/ros2_ws/install/ros_gz_crazyflie_bringup:/home/mikks/crazyflie_mapping_demo/ros2_ws/install/ros_gz_crazyflie_gazebo:/home/mikks/crazyflie_mapping_demo/ros2_ws/install/crazyflie_sim:/home/mikks/crazyflie_mapping_demo/ros2_ws/install/crazyflie_examples:/home/mikks/crazyflie_mapping_demo/ros2_ws/install/crazyflie:/home/mikks/crazyflie_mapping_demo/ros2_ws/install/crazyflie_interfaces:/opt/ros/jazzy/opt/gz_sim_vendor:/opt/ros/jazzy/opt/gz_sensors_vendor:/opt/ros/jazzy/opt/gz_physics_vendor:/opt/ros/jazzy/opt/sdformat_vendor:/opt/ros/jazzy/opt/gz_gui_vendor:/opt/ros/jazzy/opt/gz_transport_vendor:/opt/ros/jazzy/opt/gz_rendering_vendor:/opt/ros/jazzy/opt/gz_plugin_vendor:/opt/ros/jazzy/opt/gz_fuel_tools_vendor:/opt/ros/jazzy/opt/gz_msgs_vendor:/opt/ros/jazzy/opt/gz_common_vendor:/opt/ros/jazzy/opt/gz_math_vendor:/opt/ros/jazzy/opt/gz_utils_vendor:/opt/ros/jazzy/opt/gz_tools_vendor:/opt/ros/jazzy/opt/gz_ogre_next_vendor:/opt/ros/jazzy/opt/gz_dartsim_vendor:/opt/ros/jazzy/opt/gz_cmake_vendor:/home/mikks/ros2_px4_ws/install/x500_hover_controller:/home/mikks/ros2_px4_ws/install/example_mode_with_rclpy_py:/home/mikks/ros2_px4_ws/install/example_mode_goto_py:/home/mikks/ros2_px4_ws/install/px4_actuator_ctrl:/home/mikks/ros2_ws/install/rover_desc_description:/home/mikks/ros2_ws/install/px4_actuator_ctrl:/home/mikks/ros2_ws/install/mine_rover_description:/home/mikks/ros2_ws/install/ZerionURDFV5cp_description:/home/mikks/crazyflie_mapping_demo/ros2_ws/install/velocity_free_consensus:/home/mikks/crazyflie_mapping_demo/ros2_ws/install/stepwise_lowpos:/home/mikks/crazyflie_mapping_demo/ros2_ws/install/step_wise_lowpos:/home/mikks/crazyflie_mapping_demo/ros2_ws/install/second_order_formation_control:/home/mikks/crazyflie_mapping_demo/ros2_ws/install/ros_gz_crazyflie_control:/home/mikks/crazyflie_mapping_demo/ros2_ws/install/mixed_fractional_consensus:/home/mikks/crazyflie_mapping_demo/ros2_ws/install/lowest_pos:/home/mikks/crazyflie_mapping_demo/ros2_ws/install/linear_consensus:/home/mikks/crazyflie_mapping_demo/ros2_ws/install/highest_pos:/home/mikks/crazyflie_mapping_demo/ros2_ws/install/fractional_consensus_alpha:/home/mikks/crazyflie_mapping_demo/ros2_ws/install/event_triggered_swarm:/home/mikks/crazyflie_mapping_demo/ros2_ws/install/drone_logger:/home/mikks/crazyflie_mapping_demo/ros2_ws/install/distributed_average_tracking:/home/mikks/crazyflie_mapping_demo/ros2_ws/install/crazyflie_swarm_logic:/home/mikks/crazyflie_mapping_demo/ros2_ws/install/crazyflie_ros2_multiranger_wall_following:/home/mikks/crazyflie_mapping_demo/ros2_ws/install/crazyflie_ros2_multiranger_simple_mapper:/home/mikks/crazyflie_mapping_demo/ros2_ws/install/crazyflie_py:/home/mikks/crazyflie_mapping_demo/ros2_ws/install/cooperative_target_centric_formation:/home/mikks/crazyflie_mapping_demo/ros2_ws/install/containment_using_agent_information:/home/mikks/crazyflie_mapping_demo/ros2_ws/install/consensus_for_double_integrator:/home/mikks/crazyflie_mapping_demo/ros2_ws/install/consensus_alignment:/home/mikks/crazyflie_mapping_demo/ros2_ws/install/binary_consensus:/home/mikks/crazyflie_mapping_demo/ros2_ws/install/Second_Order_Min_Consensus_for_Heterogeneous_Agents:/home/mikks/crazyflie_mapping_demo/ros2_ws/install/BinaryContainmentChain:/opt/ros/jazzy DEBUGINFOD_URLS=https://debuginfod.ubuntu.com LD_LIBRARY_PATH=/home/mikks/ros2_px4_ws/install/px4_ros2_cpp/lib:/home/mikks/ros2_px4_ws/install/px4_msgs/lib:/home/mikks/ros2_px4_ws/install/px4_ros_com/lib:/home/mikks/NatNet_SDK_4.3_ubuntu/lib:/home/mikks/crazyflie_mapping_demo/ros2_ws/install/crazyflie_interfaces/lib:/opt/ros/jazzy/opt/gz_sim_vendor/lib:/opt/ros/jazzy/opt/gz_sensors_vendor/lib:/opt/ros/jazzy/opt/gz_physics_vendor/lib:/opt/ros/jazzy/opt/sdformat_vendor/lib:/opt/ros/jazzy/opt/rviz_ogre_vendor/lib:/opt/ros/jazzy/lib/x86_64-linux-gnu:/opt/ros/jazzy/opt/gz_gui_vendor/lib:/opt/ros/jazzy/opt/gz_transport_vendor/lib:/opt/ros/jazzy/opt/gz_rendering_vendor/lib:/opt/ros/jazzy/opt/gz_plugin_vendor/lib:/opt/ros/jazzy/opt/gz_fuel_tools_vendor/lib:/opt/ros/jazzy/opt/gz_msgs_vendor/lib:/opt/ros/jazzy/opt/gz_common_vendor/lib:/opt/ros/jazzy/opt/gz_math_vendor/lib:/opt/ros/jazzy/opt/gz_utils_vendor/lib:/opt/ros/jazzy/opt/gz_tools_vendor/lib:/opt/ros/jazzy/opt/gz_ogre_next_vendor/lib:/opt/ros/jazzy/opt/gz_dartsim_vendor/lib:/opt/ros/jazzy/opt/gz_cmake_vendor/lib:/opt/ros/jazzy/lib PYTHONPATH=/home/mikks/ros2_px4_ws/install/px4_msgs/lib/python3.12/site-packages:/home/mikks/ros2_px4_ws/build/x500_hover_controller:/home/mikks/ros2_px4_ws/install/x500_hover_controller/lib/python3.12/site-packages:/home/mikks/ros2_px4_ws/install/px4_ros_com/lib/python3.12/site-packages:/home/mikks/ros2_px4_ws/build/example_mode_with_rclpy_py:/home/mikks/ros2_px4_ws/install/example_mode_with_rclpy_py/lib/python3.12/site-packages:/home/mikks/ros2_px4_ws/build/example_mode_goto_py:/home/mikks/ros2_px4_ws/install/example_mode_goto_py/lib/python3.12/site-packages:/home/mikks/ros2_px4_ws/install/px4_ros2_py/lib/python3.12/site-packages:/home/mikks/ros2_px4_ws/build/px4_actuator_ctrl:/home/mikks/ros2_px4_ws/install/px4_actuator_ctrl/lib/python3.12/site-packages:/home/mikks/ros2_ws/build/rover_desc_description:/home/mikks/ros2_ws/install/rover_desc_description/lib/python3.12/site-packages:/home/mikks/ros2_ws/install/px4_actuator_ctrl/lib/python3.12/site-packages:/home/mikks/ros2_ws/build/mine_rover_description:/home/mikks/ros2_ws/install/mine_rover_description/lib/python3.12/site-packages:/home/mikks/ros2_ws/build/ZerionURDFV5cp_description:/home/mikks/ros2_ws/install/ZerionURDFV5cp_description/lib/python3.12/site-packages:/home/mikks/crazyflie_mapping_demo/ros2_ws/install/velocity_free_consensus/lib/python3.12/site-packages:/home/mikks/crazyflie_mapping_demo/ros2_ws/install/stepwise_lowpos/lib/python3.12/site-packages:/home/mikks/crazyflie_mapping_demo/ros2_ws/install/step_wise_lowpos/lib/python3.12/site-packages:/home/mikks/crazyflie_mapping_demo/ros2_ws/install/second_order_formation_control/lib/python3.12/site-packages:/home/mikks/crazyflie_mapping_demo/ros2_ws/install/ros_gz_crazyflie_control/lib/python3.12/site-packages:/home/mikks/crazyflie_mapping_demo/ros2_ws/install/mixed_fractional_consensus/lib/python3.12/site-packages:/home/mikks/crazyflie_mapping_demo/ros2_ws/install/lowest_pos/lib/python3.12/site-packages:/home/mikks/crazyflie_mapping_demo/ros2_ws/install/linear_consensus/lib/python3.12/site-packages:/home/mikks/crazyflie_mapping_demo/ros2_ws/install/highest_pos/lib/python3.12/site-packages:/home/mikks/crazyflie_mapping_demo/ros2_ws/install/fractional_consensus_alpha/lib/python3.12/site-packages:/home/mikks/crazyflie_mapping_demo/ros2_ws/install/event_triggered_swarm/lib/python3.12/site-packages:/home/mikks/crazyflie_mapping_demo/ros2_ws/install/drone_logger/lib/python3.12/site-packages:/home/mikks/crazyflie_mapping_demo/ros2_ws/install/distributed_average_tracking/lib/python3.12/site-packages:/home/mikks/crazyflie_mapping_demo/ros2_ws/install/crazyflie_swarm_logic/lib/python3.12/site-packages:/home/mikks/crazyflie_mapping_demo/ros2_ws/install/crazyflie_sim/lib/python3.12/site-packages:/home/mikks/crazyflie_mapping_demo/ros2_ws/install/crazyflie_ros2_multiranger_wall_following/lib/python3.12/site-packages:/home/mikks/crazyflie_mapping_demo/ros2_ws/install/crazyflie_ros2_multiranger_simple_mapper/lib/python3.12/site-packages:/home/mikks/crazyflie_mapping_demo/ros2_ws/install/crazyflie_examples/lib/python3.12/site-packages:/home/mikks/crazyflie_mapping_demo/ros2_ws/install/crazyflie_py/lib/python3.12/site-packages:/home/mikks/crazyflie_mapping_demo/ros2_ws/install/crazyflie_interfaces/lib/python3.12/site-packages:/home/mikks/crazyflie_mapping_demo/ros2_ws/install/cooperative_target_centric_formation/lib/python3.12/site-packages:/home/mikks/crazyflie_mapping_demo/ros2_ws/install/containment_using_agent_information/lib/python3.12/site-packages:/home/mikks/crazyflie_mapping_demo/ros2_ws/install/consensus_for_double_integrator/lib/python3.12/site-packages:/home/mikks/crazyflie_mapping_demo/ros2_ws/install/consensus_alignment/lib/python3.12/site-packages:/home/mikks/crazyflie_mapping_demo/ros2_ws/install/binary_consensus/lib/python3.12/site-packages:/home/mikks/crazyflie_mapping_demo/ros2_ws/install/Second_Order_Min_Consensus_for_Heterogeneous_Agents/lib/python3.12/site-packages:/home/mikks/crazyflie_mapping_demo/ros2_ws/install/BinaryContainmentChain/lib/python3.12/site-packages:/opt/ros/jazzy/lib/python3.12/site-packages /usr/bin/cmake --build /home/mikks/ros2_px4_ws/build/example_executor_with_multiple_modes_cpp -- -j12 -l12
[3.626s] DEBUG:colcon.colcon_core.event_handler.log_command:Invoking command in '/home/mikks/ros2_px4_ws/build/example_global_navigation_cpp': CMAKE_PREFIX_PATH=/home/mikks/ros2_px4_ws/install/px4_ros2_cpp:/home/mikks/ros2_px4_ws/install/px4_msgs:/home/mikks/ros2_px4_ws/install/px4_ros_com:/home/mikks/ros2_px4_ws/install/px4_ros2_py:/home/mikks/ros2_px4_ws/install/example_rover_velocity_mode_cpp:/home/mikks/ros2_px4_ws/install/example_mode_with_executor_cpp:/home/mikks/ros2_px4_ws/install/example_mode_vtol_cpp:/home/mikks/ros2_px4_ws/install/example_mode_rtl_replacement_cpp:/home/mikks/ros2_px4_ws/install/example_mode_mission_cpp:/home/mikks/ros2_px4_ws/install/example_mode_manual_cpp:/home/mikks/ros2_px4_ws/install/example_mode_goto_global_cpp:/home/mikks/ros2_px4_ws/install/example_mode_goto_cpp:/home/mikks/ros2_px4_ws/install/example_mode_fw_attitude_cpp:/home/mikks/ros2_px4_ws/install/example_local_navigation_cpp:/home/mikks/ros2_px4_ws/install/example_global_navigation_cpp:/home/mikks/ros2_px4_ws/install/example_executor_with_multiple_modes_cpp:/home/mikks/crazyflie_mapping_demo/ros2_ws/install/crazyflie_ros2_multiranger_bringup:/home/mikks/crazyflie_mapping_demo/ros2_ws/install/ros_gz_crazyflie_bringup:/home/mikks/crazyflie_mapping_demo/ros2_ws/install/ros_gz_crazyflie_gazebo:/home/mikks/crazyflie_mapping_demo/ros2_ws/install/crazyflie_sim:/home/mikks/crazyflie_mapping_demo/ros2_ws/install/crazyflie_examples:/home/mikks/crazyflie_mapping_demo/ros2_ws/install/crazyflie:/home/mikks/crazyflie_mapping_demo/ros2_ws/install/crazyflie_interfaces:/opt/ros/jazzy/opt/gz_sim_vendor:/opt/ros/jazzy/opt/gz_sensors_vendor:/opt/ros/jazzy/opt/gz_physics_vendor:/opt/ros/jazzy/opt/sdformat_vendor:/opt/ros/jazzy/opt/gz_gui_vendor:/opt/ros/jazzy/opt/gz_transport_vendor:/opt/ros/jazzy/opt/gz_rendering_vendor:/opt/ros/jazzy/opt/gz_plugin_vendor:/opt/ros/jazzy/opt/gz_fuel_tools_vendor:/opt/ros/jazzy/opt/gz_msgs_vendor:/opt/ros/jazzy/opt/gz_common_vendor:/opt/ros/jazzy/opt/gz_math_vendor:/opt/ros/jazzy/opt/gz_utils_vendor:/opt/ros/jazzy/opt/gz_tools_vendor:/opt/ros/jazzy/opt/gz_ogre_next_vendor:/opt/ros/jazzy/opt/gz_dartsim_vendor:/opt/ros/jazzy/opt/gz_cmake_vendor:/home/mikks/ros2_px4_ws/install/x500_hover_controller:/home/mikks/ros2_px4_ws/install/example_mode_with_rclpy_py:/home/mikks/ros2_px4_ws/install/example_mode_goto_py:/home/mikks/ros2_px4_ws/install/px4_actuator_ctrl:/home/mikks/ros2_ws/install/rover_desc_description:/home/mikks/ros2_ws/install/px4_actuator_ctrl:/home/mikks/ros2_ws/install/mine_rover_description:/home/mikks/ros2_ws/install/ZerionURDFV5cp_description:/home/mikks/crazyflie_mapping_demo/ros2_ws/install/velocity_free_consensus:/home/mikks/crazyflie_mapping_demo/ros2_ws/install/stepwise_lowpos:/home/mikks/crazyflie_mapping_demo/ros2_ws/install/step_wise_lowpos:/home/mikks/crazyflie_mapping_demo/ros2_ws/install/second_order_formation_control:/home/mikks/crazyflie_mapping_demo/ros2_ws/install/ros_gz_crazyflie_control:/home/mikks/crazyflie_mapping_demo/ros2_ws/install/mixed_fractional_consensus:/home/mikks/crazyflie_mapping_demo/ros2_ws/install/lowest_pos:/home/mikks/crazyflie_mapping_demo/ros2_ws/install/linear_consensus:/home/mikks/crazyflie_mapping_demo/ros2_ws/install/highest_pos:/home/mikks/crazyflie_mapping_demo/ros2_ws/install/fractional_consensus_alpha:/home/mikks/crazyflie_mapping_demo/ros2_ws/install/event_triggered_swarm:/home/mikks/crazyflie_mapping_demo/ros2_ws/install/drone_logger:/home/mikks/crazyflie_mapping_demo/ros2_ws/install/distributed_average_tracking:/home/mikks/crazyflie_mapping_demo/ros2_ws/install/crazyflie_swarm_logic:/home/mikks/crazyflie_mapping_demo/ros2_ws/install/crazyflie_ros2_multiranger_wall_following:/home/mikks/crazyflie_mapping_demo/ros2_ws/install/crazyflie_ros2_multiranger_simple_mapper:/home/mikks/crazyflie_mapping_demo/ros2_ws/install/crazyflie_py:/home/mikks/crazyflie_mapping_demo/ros2_ws/install/cooperative_target_centric_formation:/home/mikks/crazyflie_mapping_demo/ros2_ws/install/containment_using_agent_information:/home/mikks/crazyflie_mapping_demo/ros2_ws/install/consensus_for_double_integrator:/home/mikks/crazyflie_mapping_demo/ros2_ws/install/consensus_alignment:/home/mikks/crazyflie_mapping_demo/ros2_ws/install/binary_consensus:/home/mikks/crazyflie_mapping_demo/ros2_ws/install/Second_Order_Min_Consensus_for_Heterogeneous_Agents:/home/mikks/crazyflie_mapping_demo/ros2_ws/install/BinaryContainmentChain:/opt/ros/jazzy DEBUGINFOD_URLS=https://debuginfod.ubuntu.com LD_LIBRARY_PATH=/home/mikks/ros2_px4_ws/install/px4_ros2_cpp/lib:/home/mikks/ros2_px4_ws/install/px4_msgs/lib:/home/mikks/ros2_px4_ws/install/px4_ros_com/lib:/home/mikks/NatNet_SDK_4.3_ubuntu/lib:/home/mikks/crazyflie_mapping_demo/ros2_ws/install/crazyflie_interfaces/lib:/opt/ros/jazzy/opt/gz_sim_vendor/lib:/opt/ros/jazzy/opt/gz_sensors_vendor/lib:/opt/ros/jazzy/opt/gz_physics_vendor/lib:/opt/ros/jazzy/opt/sdformat_vendor/lib:/opt/ros/jazzy/opt/rviz_ogre_vendor/lib:/opt/ros/jazzy/lib/x86_64-linux-gnu:/opt/ros/jazzy/opt/gz_gui_vendor/lib:/opt/ros/jazzy/opt/gz_transport_vendor/lib:/opt/ros/jazzy/opt/gz_rendering_vendor/lib:/opt/ros/jazzy/opt/gz_plugin_vendor/lib:/opt/ros/jazzy/opt/gz_fuel_tools_vendor/lib:/opt/ros/jazzy/opt/gz_msgs_vendor/lib:/opt/ros/jazzy/opt/gz_common_vendor/lib:/opt/ros/jazzy/opt/gz_math_vendor/lib:/opt/ros/jazzy/opt/gz_utils_vendor/lib:/opt/ros/jazzy/opt/gz_tools_vendor/lib:/opt/ros/jazzy/opt/gz_ogre_next_vendor/lib:/opt/ros/jazzy/opt/gz_dartsim_vendor/lib:/opt/ros/jazzy/opt/gz_cmake_vendor/lib:/opt/ros/jazzy/lib PYTHONPATH=/home/mikks/ros2_px4_ws/install/px4_msgs/lib/python3.12/site-packages:/home/mikks/ros2_px4_ws/build/x500_hover_controller:/home/mikks/ros2_px4_ws/install/x500_hover_controller/lib/python3.12/site-packages:/home/mikks/ros2_px4_ws/install/px4_ros_com/lib/python3.12/site-packages:/home/mikks/ros2_px4_ws/build/example_mode_with_rclpy_py:/home/mikks/ros2_px4_ws/install/example_mode_with_rclpy_py/lib/python3.12/site-packages:/home/mikks/ros2_px4_ws/build/example_mode_goto_py:/home/mikks/ros2_px4_ws/install/example_mode_goto_py/lib/python3.12/site-packages:/home/mikks/ros2_px4_ws/install/px4_ros2_py/lib/python3.12/site-packages:/home/mikks/ros2_px4_ws/build/px4_actuator_ctrl:/home/mikks/ros2_px4_ws/install/px4_actuator_ctrl/lib/python3.12/site-packages:/home/mikks/ros2_ws/build/rover_desc_description:/home/mikks/ros2_ws/install/rover_desc_description/lib/python3.12/site-packages:/home/mikks/ros2_ws/install/px4_actuator_ctrl/lib/python3.12/site-packages:/home/mikks/ros2_ws/build/mine_rover_description:/home/mikks/ros2_ws/install/mine_rover_description/lib/python3.12/site-packages:/home/mikks/ros2_ws/build/ZerionURDFV5cp_description:/home/mikks/ros2_ws/install/ZerionURDFV5cp_description/lib/python3.12/site-packages:/home/mikks/crazyflie_mapping_demo/ros2_ws/install/velocity_free_consensus/lib/python3.12/site-packages:/home/mikks/crazyflie_mapping_demo/ros2_ws/install/stepwise_lowpos/lib/python3.12/site-packages:/home/mikks/crazyflie_mapping_demo/ros2_ws/install/step_wise_lowpos/lib/python3.12/site-packages:/home/mikks/crazyflie_mapping_demo/ros2_ws/install/second_order_formation_control/lib/python3.12/site-packages:/home/mikks/crazyflie_mapping_demo/ros2_ws/install/ros_gz_crazyflie_control/lib/python3.12/site-packages:/home/mikks/crazyflie_mapping_demo/ros2_ws/install/mixed_fractional_consensus/lib/python3.12/site-packages:/home/mikks/crazyflie_mapping_demo/ros2_ws/install/lowest_pos/lib/python3.12/site-packages:/home/mikks/crazyflie_mapping_demo/ros2_ws/install/linear_consensus/lib/python3.12/site-packages:/home/mikks/crazyflie_mapping_demo/ros2_ws/install/highest_pos/lib/python3.12/site-packages:/home/mikks/crazyflie_mapping_demo/ros2_ws/install/fractional_consensus_alpha/lib/python3.12/site-packages:/home/mikks/crazyflie_mapping_demo/ros2_ws/install/event_triggered_swarm/lib/python3.12/site-packages:/home/mikks/crazyflie_mapping_demo/ros2_ws/install/drone_logger/lib/python3.12/site-packages:/home/mikks/crazyflie_mapping_demo/ros2_ws/install/distributed_average_tracking/lib/python3.12/site-packages:/home/mikks/crazyflie_mapping_demo/ros2_ws/install/crazyflie_swarm_logic/lib/python3.12/site-packages:/home/mikks/crazyflie_mapping_demo/ros2_ws/install/crazyflie_sim/lib/python3.12/site-packages:/home/mikks/crazyflie_mapping_demo/ros2_ws/install/crazyflie_ros2_multiranger_wall_following/lib/python3.12/site-packages:/home/mikks/crazyflie_mapping_demo/ros2_ws/install/crazyflie_ros2_multiranger_simple_mapper/lib/python3.12/site-packages:/home/mikks/crazyflie_mapping_demo/ros2_ws/install/crazyflie_examples/lib/python3.12/site-packages:/home/mikks/crazyflie_mapping_demo/ros2_ws/install/crazyflie_py/lib/python3.12/site-packages:/home/mikks/crazyflie_mapping_demo/ros2_ws/install/crazyflie_interfaces/lib/python3.12/site-packages:/home/mikks/crazyflie_mapping_demo/ros2_ws/install/cooperative_target_centric_formation/lib/python3.12/site-packages:/home/mikks/crazyflie_mapping_demo/ros2_ws/install/containment_using_agent_information/lib/python3.12/site-packages:/home/mikks/crazyflie_mapping_demo/ros2_ws/install/consensus_for_double_integrator/lib/python3.12/site-packages:/home/mikks/crazyflie_mapping_demo/ros2_ws/install/consensus_alignment/lib/python3.12/site-packages:/home/mikks/crazyflie_mapping_demo/ros2_ws/install/binary_consensus/lib/python3.12/site-packages:/home/mikks/crazyflie_mapping_demo/ros2_ws/install/Second_Order_Min_Consensus_for_Heterogeneous_Agents/lib/python3.12/site-packages:/home/mikks/crazyflie_mapping_demo/ros2_ws/install/BinaryContainmentChain/lib/python3.12/site-packages:/opt/ros/jazzy/lib/python3.12/site-packages /usr/bin/cmake --build /home/mikks/ros2_px4_ws/build/example_global_navigation_cpp -- -j12 -l12
[3.629s] DEBUG:colcon.colcon_core.event_handler.log_command:Invoking command in '/home/mikks/ros2_px4_ws/build/example_local_navigation_cpp': CMAKE_PREFIX_PATH=/home/mikks/ros2_px4_ws/install/px4_ros2_cpp:/home/mikks/ros2_px4_ws/install/px4_msgs:/home/mikks/ros2_px4_ws/install/px4_ros_com:/home/mikks/ros2_px4_ws/install/px4_ros2_py:/home/mikks/ros2_px4_ws/install/example_rover_velocity_mode_cpp:/home/mikks/ros2_px4_ws/install/example_mode_with_executor_cpp:/home/mikks/ros2_px4_ws/install/example_mode_vtol_cpp:/home/mikks/ros2_px4_ws/install/example_mode_rtl_replacement_cpp:/home/mikks/ros2_px4_ws/install/example_mode_mission_cpp:/home/mikks/ros2_px4_ws/install/example_mode_manual_cpp:/home/mikks/ros2_px4_ws/install/example_mode_goto_global_cpp:/home/mikks/ros2_px4_ws/install/example_mode_goto_cpp:/home/mikks/ros2_px4_ws/install/example_mode_fw_attitude_cpp:/home/mikks/ros2_px4_ws/install/example_local_navigation_cpp:/home/mikks/ros2_px4_ws/install/example_global_navigation_cpp:/home/mikks/ros2_px4_ws/install/example_executor_with_multiple_modes_cpp:/home/mikks/crazyflie_mapping_demo/ros2_ws/install/crazyflie_ros2_multiranger_bringup:/home/mikks/crazyflie_mapping_demo/ros2_ws/install/ros_gz_crazyflie_bringup:/home/mikks/crazyflie_mapping_demo/ros2_ws/install/ros_gz_crazyflie_gazebo:/home/mikks/crazyflie_mapping_demo/ros2_ws/install/crazyflie_sim:/home/mikks/crazyflie_mapping_demo/ros2_ws/install/crazyflie_examples:/home/mikks/crazyflie_mapping_demo/ros2_ws/install/crazyflie:/home/mikks/crazyflie_mapping_demo/ros2_ws/install/crazyflie_interfaces:/opt/ros/jazzy/opt/gz_sim_vendor:/opt/ros/jazzy/opt/gz_sensors_vendor:/opt/ros/jazzy/opt/gz_physics_vendor:/opt/ros/jazzy/opt/sdformat_vendor:/opt/ros/jazzy/opt/gz_gui_vendor:/opt/ros/jazzy/opt/gz_transport_vendor:/opt/ros/jazzy/opt/gz_rendering_vendor:/opt/ros/jazzy/opt/gz_plugin_vendor:/opt/ros/jazzy/opt/gz_fuel_tools_vendor:/opt/ros/jazzy/opt/gz_msgs_vendor:/opt/ros/jazzy/opt/gz_common_vendor:/opt/ros/jazzy/opt/gz_math_vendor:/opt/ros/jazzy/opt/gz_utils_vendor:/opt/ros/jazzy/opt/gz_tools_vendor:/opt/ros/jazzy/opt/gz_ogre_next_vendor:/opt/ros/jazzy/opt/gz_dartsim_vendor:/opt/ros/jazzy/opt/gz_cmake_vendor:/home/mikks/ros2_px4_ws/install/x500_hover_controller:/home/mikks/ros2_px4_ws/install/example_mode_with_rclpy_py:/home/mikks/ros2_px4_ws/install/example_mode_goto_py:/home/mikks/ros2_px4_ws/install/px4_actuator_ctrl:/home/mikks/ros2_ws/install/rover_desc_description:/home/mikks/ros2_ws/install/px4_actuator_ctrl:/home/mikks/ros2_ws/install/mine_rover_description:/home/mikks/ros2_ws/install/ZerionURDFV5cp_description:/home/mikks/crazyflie_mapping_demo/ros2_ws/install/velocity_free_consensus:/home/mikks/crazyflie_mapping_demo/ros2_ws/install/stepwise_lowpos:/home/mikks/crazyflie_mapping_demo/ros2_ws/install/step_wise_lowpos:/home/mikks/crazyflie_mapping_demo/ros2_ws/install/second_order_formation_control:/home/mikks/crazyflie_mapping_demo/ros2_ws/install/ros_gz_crazyflie_control:/home/mikks/crazyflie_mapping_demo/ros2_ws/install/mixed_fractional_consensus:/home/mikks/crazyflie_mapping_demo/ros2_ws/install/lowest_pos:/home/mikks/crazyflie_mapping_demo/ros2_ws/install/linear_consensus:/home/mikks/crazyflie_mapping_demo/ros2_ws/install/highest_pos:/home/mikks/crazyflie_mapping_demo/ros2_ws/install/fractional_consensus_alpha:/home/mikks/crazyflie_mapping_demo/ros2_ws/install/event_triggered_swarm:/home/mikks/crazyflie_mapping_demo/ros2_ws/install/drone_logger:/home/mikks/crazyflie_mapping_demo/ros2_ws/install/distributed_average_tracking:/home/mikks/crazyflie_mapping_demo/ros2_ws/install/crazyflie_swarm_logic:/home/mikks/crazyflie_mapping_demo/ros2_ws/install/crazyflie_ros2_multiranger_wall_following:/home/mikks/crazyflie_mapping_demo/ros2_ws/install/crazyflie_ros2_multiranger_simple_mapper:/home/mikks/crazyflie_mapping_demo/ros2_ws/install/crazyflie_py:/home/mikks/crazyflie_mapping_demo/ros2_ws/install/cooperative_target_centric_formation:/home/mikks/crazyflie_mapping_demo/ros2_ws/install/containment_using_agent_information:/home/mikks/crazyflie_mapping_demo/ros2_ws/install/consensus_for_double_integrator:/home/mikks/crazyflie_mapping_demo/ros2_ws/install/consensus_alignment:/home/mikks/crazyflie_mapping_demo/ros2_ws/install/binary_consensus:/home/mikks/crazyflie_mapping_demo/ros2_ws/install/Second_Order_Min_Consensus_for_Heterogeneous_Agents:/home/mikks/crazyflie_mapping_demo/ros2_ws/install/BinaryContainmentChain:/opt/ros/jazzy DEBUGINFOD_URLS=https://debuginfod.ubuntu.com LD_LIBRARY_PATH=/home/mikks/ros2_px4_ws/install/px4_ros2_cpp/lib:/home/mikks/ros2_px4_ws/install/px4_msgs/lib:/home/mikks/ros2_px4_ws/install/px4_ros_com/lib:/home/mikks/NatNet_SDK_4.3_ubuntu/lib:/home/mikks/crazyflie_mapping_demo/ros2_ws/install/crazyflie_interfaces/lib:/opt/ros/jazzy/opt/gz_sim_vendor/lib:/opt/ros/jazzy/opt/gz_sensors_vendor/lib:/opt/ros/jazzy/opt/gz_physics_vendor/lib:/opt/ros/jazzy/opt/sdformat_vendor/lib:/opt/ros/jazzy/opt/rviz_ogre_vendor/lib:/opt/ros/jazzy/lib/x86_64-linux-gnu:/opt/ros/jazzy/opt/gz_gui_vendor/lib:/opt/ros/jazzy/opt/gz_transport_vendor/lib:/opt/ros/jazzy/opt/gz_rendering_vendor/lib:/opt/ros/jazzy/opt/gz_plugin_vendor/lib:/opt/ros/jazzy/opt/gz_fuel_tools_vendor/lib:/opt/ros/jazzy/opt/gz_msgs_vendor/lib:/opt/ros/jazzy/opt/gz_common_vendor/lib:/opt/ros/jazzy/opt/gz_math_vendor/lib:/opt/ros/jazzy/opt/gz_utils_vendor/lib:/opt/ros/jazzy/opt/gz_tools_vendor/lib:/opt/ros/jazzy/opt/gz_ogre_next_vendor/lib:/opt/ros/jazzy/opt/gz_dartsim_vendor/lib:/opt/ros/jazzy/opt/gz_cmake_vendor/lib:/opt/ros/jazzy/lib PYTHONPATH=/home/mikks/ros2_px4_ws/install/px4_msgs/lib/python3.12/site-packages:/home/mikks/ros2_px4_ws/build/x500_hover_controller:/home/mikks/ros2_px4_ws/install/x500_hover_controller/lib/python3.12/site-packages:/home/mikks/ros2_px4_ws/install/px4_ros_com/lib/python3.12/site-packages:/home/mikks/ros2_px4_ws/build/example_mode_with_rclpy_py:/home/mikks/ros2_px4_ws/install/example_mode_with_rclpy_py/lib/python3.12/site-packages:/home/mikks/ros2_px4_ws/build/example_mode_goto_py:/home/mikks/ros2_px4_ws/install/example_mode_goto_py/lib/python3.12/site-packages:/home/mikks/ros2_px4_ws/install/px4_ros2_py/lib/python3.12/site-packages:/home/mikks/ros2_px4_ws/build/px4_actuator_ctrl:/home/mikks/ros2_px4_ws/install/px4_actuator_ctrl/lib/python3.12/site-packages:/home/mikks/ros2_ws/build/rover_desc_description:/home/mikks/ros2_ws/install/rover_desc_description/lib/python3.12/site-packages:/home/mikks/ros2_ws/install/px4_actuator_ctrl/lib/python3.12/site-packages:/home/mikks/ros2_ws/build/mine_rover_description:/home/mikks/ros2_ws/install/mine_rover_description/lib/python3.12/site-packages:/home/mikks/ros2_ws/build/ZerionURDFV5cp_description:/home/mikks/ros2_ws/install/ZerionURDFV5cp_description/lib/python3.12/site-packages:/home/mikks/crazyflie_mapping_demo/ros2_ws/install/velocity_free_consensus/lib/python3.12/site-packages:/home/mikks/crazyflie_mapping_demo/ros2_ws/install/stepwise_lowpos/lib/python3.12/site-packages:/home/mikks/crazyflie_mapping_demo/ros2_ws/install/step_wise_lowpos/lib/python3.12/site-packages:/home/mikks/crazyflie_mapping_demo/ros2_ws/install/second_order_formation_control/lib/python3.12/site-packages:/home/mikks/crazyflie_mapping_demo/ros2_ws/install/ros_gz_crazyflie_control/lib/python3.12/site-packages:/home/mikks/crazyflie_mapping_demo/ros2_ws/install/mixed_fractional_consensus/lib/python3.12/site-packages:/home/mikks/crazyflie_mapping_demo/ros2_ws/install/lowest_pos/lib/python3.12/site-packages:/home/mikks/crazyflie_mapping_demo/ros2_ws/install/linear_consensus/lib/python3.12/site-packages:/home/mikks/crazyflie_mapping_demo/ros2_ws/install/highest_pos/lib/python3.12/site-packages:/home/mikks/crazyflie_mapping_demo/ros2_ws/install/fractional_consensus_alpha/lib/python3.12/site-packages:/home/mikks/crazyflie_mapping_demo/ros2_ws/install/event_triggered_swarm/lib/python3.12/site-packages:/home/mikks/crazyflie_mapping_demo/ros2_ws/install/drone_logger/lib/python3.12/site-packages:/home/mikks/crazyflie_mapping_demo/ros2_ws/install/distributed_average_tracking/lib/python3.12/site-packages:/home/mikks/crazyflie_mapping_demo/ros2_ws/install/crazyflie_swarm_logic/lib/python3.12/site-packages:/home/mikks/crazyflie_mapping_demo/ros2_ws/install/crazyflie_sim/lib/python3.12/site-packages:/home/mikks/crazyflie_mapping_demo/ros2_ws/install/crazyflie_ros2_multiranger_wall_following/lib/python3.12/site-packages:/home/mikks/crazyflie_mapping_demo/ros2_ws/install/crazyflie_ros2_multiranger_simple_mapper/lib/python3.12/site-packages:/home/mikks/crazyflie_mapping_demo/ros2_ws/install/crazyflie_examples/lib/python3.12/site-packages:/home/mikks/crazyflie_mapping_demo/ros2_ws/install/crazyflie_py/lib/python3.12/site-packages:/home/mikks/crazyflie_mapping_demo/ros2_ws/install/crazyflie_interfaces/lib/python3.12/site-packages:/home/mikks/crazyflie_mapping_demo/ros2_ws/install/cooperative_target_centric_formation/lib/python3.12/site-packages:/home/mikks/crazyflie_mapping_demo/ros2_ws/install/containment_using_agent_information/lib/python3.12/site-packages:/home/mikks/crazyflie_mapping_demo/ros2_ws/install/consensus_for_double_integrator/lib/python3.12/site-packages:/home/mikks/crazyflie_mapping_demo/ros2_ws/install/consensus_alignment/lib/python3.12/site-packages:/home/mikks/crazyflie_mapping_demo/ros2_ws/install/binary_consensus/lib/python3.12/site-packages:/home/mikks/crazyflie_mapping_demo/ros2_ws/install/Second_Order_Min_Consensus_for_Heterogeneous_Agents/lib/python3.12/site-packages:/home/mikks/crazyflie_mapping_demo/ros2_ws/install/BinaryContainmentChain/lib/python3.12/site-packages:/opt/ros/jazzy/lib/python3.12/site-packages /usr/bin/cmake --build /home/mikks/ros2_px4_ws/build/example_local_navigation_cpp -- -j12 -l12
[3.635s] DEBUG:colcon.colcon_core.event_handler.log_command:Invoking command in '/home/mikks/ros2_px4_ws/build/example_mode_fw_attitude_cpp': CMAKE_PREFIX_PATH=/home/mikks/ros2_px4_ws/install/px4_ros2_cpp:/home/mikks/ros2_px4_ws/install/px4_msgs:/home/mikks/ros2_px4_ws/install/px4_ros_com:/home/mikks/ros2_px4_ws/install/px4_ros2_py:/home/mikks/ros2_px4_ws/install/example_rover_velocity_mode_cpp:/home/mikks/ros2_px4_ws/install/example_mode_with_executor_cpp:/home/mikks/ros2_px4_ws/install/example_mode_vtol_cpp:/home/mikks/ros2_px4_ws/install/example_mode_rtl_replacement_cpp:/home/mikks/ros2_px4_ws/install/example_mode_mission_cpp:/home/mikks/ros2_px4_ws/install/example_mode_manual_cpp:/home/mikks/ros2_px4_ws/install/example_mode_goto_global_cpp:/home/mikks/ros2_px4_ws/install/example_mode_goto_cpp:/home/mikks/ros2_px4_ws/install/example_mode_fw_attitude_cpp:/home/mikks/ros2_px4_ws/install/example_local_navigation_cpp:/home/mikks/ros2_px4_ws/install/example_global_navigation_cpp:/home/mikks/ros2_px4_ws/install/example_executor_with_multiple_modes_cpp:/home/mikks/crazyflie_mapping_demo/ros2_ws/install/crazyflie_ros2_multiranger_bringup:/home/mikks/crazyflie_mapping_demo/ros2_ws/install/ros_gz_crazyflie_bringup:/home/mikks/crazyflie_mapping_demo/ros2_ws/install/ros_gz_crazyflie_gazebo:/home/mikks/crazyflie_mapping_demo/ros2_ws/install/crazyflie_sim:/home/mikks/crazyflie_mapping_demo/ros2_ws/install/crazyflie_examples:/home/mikks/crazyflie_mapping_demo/ros2_ws/install/crazyflie:/home/mikks/crazyflie_mapping_demo/ros2_ws/install/crazyflie_interfaces:/opt/ros/jazzy/opt/gz_sim_vendor:/opt/ros/jazzy/opt/gz_sensors_vendor:/opt/ros/jazzy/opt/gz_physics_vendor:/opt/ros/jazzy/opt/sdformat_vendor:/opt/ros/jazzy/opt/gz_gui_vendor:/opt/ros/jazzy/opt/gz_transport_vendor:/opt/ros/jazzy/opt/gz_rendering_vendor:/opt/ros/jazzy/opt/gz_plugin_vendor:/opt/ros/jazzy/opt/gz_fuel_tools_vendor:/opt/ros/jazzy/opt/gz_msgs_vendor:/opt/ros/jazzy/opt/gz_common_vendor:/opt/ros/jazzy/opt/gz_math_vendor:/opt/ros/jazzy/opt/gz_utils_vendor:/opt/ros/jazzy/opt/gz_tools_vendor:/opt/ros/jazzy/opt/gz_ogre_next_vendor:/opt/ros/jazzy/opt/gz_dartsim_vendor:/opt/ros/jazzy/opt/gz_cmake_vendor:/home/mikks/ros2_px4_ws/install/x500_hover_controller:/home/mikks/ros2_px4_ws/install/example_mode_with_rclpy_py:/home/mikks/ros2_px4_ws/install/example_mode_goto_py:/home/mikks/ros2_px4_ws/install/px4_actuator_ctrl:/home/mikks/ros2_ws/install/rover_desc_description:/home/mikks/ros2_ws/install/px4_actuator_ctrl:/home/mikks/ros2_ws/install/mine_rover_description:/home/mikks/ros2_ws/install/ZerionURDFV5cp_description:/home/mikks/crazyflie_mapping_demo/ros2_ws/install/velocity_free_consensus:/home/mikks/crazyflie_mapping_demo/ros2_ws/install/stepwise_lowpos:/home/mikks/crazyflie_mapping_demo/ros2_ws/install/step_wise_lowpos:/home/mikks/crazyflie_mapping_demo/ros2_ws/install/second_order_formation_control:/home/mikks/crazyflie_mapping_demo/ros2_ws/install/ros_gz_crazyflie_control:/home/mikks/crazyflie_mapping_demo/ros2_ws/install/mixed_fractional_consensus:/home/mikks/crazyflie_mapping_demo/ros2_ws/install/lowest_pos:/home/mikks/crazyflie_mapping_demo/ros2_ws/install/linear_consensus:/home/mikks/crazyflie_mapping_demo/ros2_ws/install/highest_pos:/home/mikks/crazyflie_mapping_demo/ros2_ws/install/fractional_consensus_alpha:/home/mikks/crazyflie_mapping_demo/ros2_ws/install/event_triggered_swarm:/home/mikks/crazyflie_mapping_demo/ros2_ws/install/drone_logger:/home/mikks/crazyflie_mapping_demo/ros2_ws/install/distributed_average_tracking:/home/mikks/crazyflie_mapping_demo/ros2_ws/install/crazyflie_swarm_logic:/home/mikks/crazyflie_mapping_demo/ros2_ws/install/crazyflie_ros2_multiranger_wall_following:/home/mikks/crazyflie_mapping_demo/ros2_ws/install/crazyflie_ros2_multiranger_simple_mapper:/home/mikks/crazyflie_mapping_demo/ros2_ws/install/crazyflie_py:/home/mikks/crazyflie_mapping_demo/ros2_ws/install/cooperative_target_centric_formation:/home/mikks/crazyflie_mapping_demo/ros2_ws/install/containment_using_agent_information:/home/mikks/crazyflie_mapping_demo/ros2_ws/install/consensus_for_double_integrator:/home/mikks/crazyflie_mapping_demo/ros2_ws/install/consensus_alignment:/home/mikks/crazyflie_mapping_demo/ros2_ws/install/binary_consensus:/home/mikks/crazyflie_mapping_demo/ros2_ws/install/Second_Order_Min_Consensus_for_Heterogeneous_Agents:/home/mikks/crazyflie_mapping_demo/ros2_ws/install/BinaryContainmentChain:/opt/ros/jazzy DEBUGINFOD_URLS=https://debuginfod.ubuntu.com LD_LIBRARY_PATH=/home/mikks/ros2_px4_ws/install/px4_ros2_cpp/lib:/home/mikks/ros2_px4_ws/install/px4_msgs/lib:/home/mikks/ros2_px4_ws/install/px4_ros_com/lib:/home/mikks/NatNet_SDK_4.3_ubuntu/lib:/home/mikks/crazyflie_mapping_demo/ros2_ws/install/crazyflie_interfaces/lib:/opt/ros/jazzy/opt/gz_sim_vendor/lib:/opt/ros/jazzy/opt/gz_sensors_vendor/lib:/opt/ros/jazzy/opt/gz_physics_vendor/lib:/opt/ros/jazzy/opt/sdformat_vendor/lib:/opt/ros/jazzy/opt/rviz_ogre_vendor/lib:/opt/ros/jazzy/lib/x86_64-linux-gnu:/opt/ros/jazzy/opt/gz_gui_vendor/lib:/opt/ros/jazzy/opt/gz_transport_vendor/lib:/opt/ros/jazzy/opt/gz_rendering_vendor/lib:/opt/ros/jazzy/opt/gz_plugin_vendor/lib:/opt/ros/jazzy/opt/gz_fuel_tools_vendor/lib:/opt/ros/jazzy/opt/gz_msgs_vendor/lib:/opt/ros/jazzy/opt/gz_common_vendor/lib:/opt/ros/jazzy/opt/gz_math_vendor/lib:/opt/ros/jazzy/opt/gz_utils_vendor/lib:/opt/ros/jazzy/opt/gz_tools_vendor/lib:/opt/ros/jazzy/opt/gz_ogre_next_vendor/lib:/opt/ros/jazzy/opt/gz_dartsim_vendor/lib:/opt/ros/jazzy/opt/gz_cmake_vendor/lib:/opt/ros/jazzy/lib PYTHONPATH=/home/mikks/ros2_px4_ws/install/px4_msgs/lib/python3.12/site-packages:/home/mikks/ros2_px4_ws/build/x500_hover_controller:/home/mikks/ros2_px4_ws/install/x500_hover_controller/lib/python3.12/site-packages:/home/mikks/ros2_px4_ws/install/px4_ros_com/lib/python3.12/site-packages:/home/mikks/ros2_px4_ws/build/example_mode_with_rclpy_py:/home/mikks/ros2_px4_ws/install/example_mode_with_rclpy_py/lib/python3.12/site-packages:/home/mikks/ros2_px4_ws/build/example_mode_goto_py:/home/mikks/ros2_px4_ws/install/example_mode_goto_py/lib/python3.12/site-packages:/home/mikks/ros2_px4_ws/install/px4_ros2_py/lib/python3.12/site-packages:/home/mikks/ros2_px4_ws/build/px4_actuator_ctrl:/home/mikks/ros2_px4_ws/install/px4_actuator_ctrl/lib/python3.12/site-packages:/home/mikks/ros2_ws/build/rover_desc_description:/home/mikks/ros2_ws/install/rover_desc_description/lib/python3.12/site-packages:/home/mikks/ros2_ws/install/px4_actuator_ctrl/lib/python3.12/site-packages:/home/mikks/ros2_ws/build/mine_rover_description:/home/mikks/ros2_ws/install/mine_rover_description/lib/python3.12/site-packages:/home/mikks/ros2_ws/build/ZerionURDFV5cp_description:/home/mikks/ros2_ws/install/ZerionURDFV5cp_description/lib/python3.12/site-packages:/home/mikks/crazyflie_mapping_demo/ros2_ws/install/velocity_free_consensus/lib/python3.12/site-packages:/home/mikks/crazyflie_mapping_demo/ros2_ws/install/stepwise_lowpos/lib/python3.12/site-packages:/home/mikks/crazyflie_mapping_demo/ros2_ws/install/step_wise_lowpos/lib/python3.12/site-packages:/home/mikks/crazyflie_mapping_demo/ros2_ws/install/second_order_formation_control/lib/python3.12/site-packages:/home/mikks/crazyflie_mapping_demo/ros2_ws/install/ros_gz_crazyflie_control/lib/python3.12/site-packages:/home/mikks/crazyflie_mapping_demo/ros2_ws/install/mixed_fractional_consensus/lib/python3.12/site-packages:/home/mikks/crazyflie_mapping_demo/ros2_ws/install/lowest_pos/lib/python3.12/site-packages:/home/mikks/crazyflie_mapping_demo/ros2_ws/install/linear_consensus/lib/python3.12/site-packages:/home/mikks/crazyflie_mapping_demo/ros2_ws/install/highest_pos/lib/python3.12/site-packages:/home/mikks/crazyflie_mapping_demo/ros2_ws/install/fractional_consensus_alpha/lib/python3.12/site-packages:/home/mikks/crazyflie_mapping_demo/ros2_ws/install/event_triggered_swarm/lib/python3.12/site-packages:/home/mikks/crazyflie_mapping_demo/ros2_ws/install/drone_logger/lib/python3.12/site-packages:/home/mikks/crazyflie_mapping_demo/ros2_ws/install/distributed_average_tracking/lib/python3.12/site-packages:/home/mikks/crazyflie_mapping_demo/ros2_ws/install/crazyflie_swarm_logic/lib/python3.12/site-packages:/home/mikks/crazyflie_mapping_demo/ros2_ws/install/crazyflie_sim/lib/python3.12/site-packages:/home/mikks/crazyflie_mapping_demo/ros2_ws/install/crazyflie_ros2_multiranger_wall_following/lib/python3.12/site-packages:/home/mikks/crazyflie_mapping_demo/ros2_ws/install/crazyflie_ros2_multiranger_simple_mapper/lib/python3.12/site-packages:/home/mikks/crazyflie_mapping_demo/ros2_ws/install/crazyflie_examples/lib/python3.12/site-packages:/home/mikks/crazyflie_mapping_demo/ros2_ws/install/crazyflie_py/lib/python3.12/site-packages:/home/mikks/crazyflie_mapping_demo/ros2_ws/install/crazyflie_interfaces/lib/python3.12/site-packages:/home/mikks/crazyflie_mapping_demo/ros2_ws/install/cooperative_target_centric_formation/lib/python3.12/site-packages:/home/mikks/crazyflie_mapping_demo/ros2_ws/install/containment_using_agent_information/lib/python3.12/site-packages:/home/mikks/crazyflie_mapping_demo/ros2_ws/install/consensus_for_double_integrator/lib/python3.12/site-packages:/home/mikks/crazyflie_mapping_demo/ros2_ws/install/consensus_alignment/lib/python3.12/site-packages:/home/mikks/crazyflie_mapping_demo/ros2_ws/install/binary_consensus/lib/python3.12/site-packages:/home/mikks/crazyflie_mapping_demo/ros2_ws/install/Second_Order_Min_Consensus_for_Heterogeneous_Agents/lib/python3.12/site-packages:/home/mikks/crazyflie_mapping_demo/ros2_ws/install/BinaryContainmentChain/lib/python3.12/site-packages:/opt/ros/jazzy/lib/python3.12/site-packages /usr/bin/cmake --build /home/mikks/ros2_px4_ws/build/example_mode_fw_attitude_cpp -- -j12 -l12
[3.637s] DEBUG:colcon.colcon_core.event_handler.log_command:Invoking command in '/home/mikks/ros2_px4_ws/build/example_mode_goto_cpp': CMAKE_PREFIX_PATH=/home/mikks/ros2_px4_ws/install/px4_ros2_cpp:/home/mikks/ros2_px4_ws/install/px4_msgs:/home/mikks/ros2_px4_ws/install/px4_ros_com:/home/mikks/ros2_px4_ws/install/px4_ros2_py:/home/mikks/ros2_px4_ws/install/example_rover_velocity_mode_cpp:/home/mikks/ros2_px4_ws/install/example_mode_with_executor_cpp:/home/mikks/ros2_px4_ws/install/example_mode_vtol_cpp:/home/mikks/ros2_px4_ws/install/example_mode_rtl_replacement_cpp:/home/mikks/ros2_px4_ws/install/example_mode_mission_cpp:/home/mikks/ros2_px4_ws/install/example_mode_manual_cpp:/home/mikks/ros2_px4_ws/install/example_mode_goto_global_cpp:/home/mikks/ros2_px4_ws/install/example_mode_goto_cpp:/home/mikks/ros2_px4_ws/install/example_mode_fw_attitude_cpp:/home/mikks/ros2_px4_ws/install/example_local_navigation_cpp:/home/mikks/ros2_px4_ws/install/example_global_navigation_cpp:/home/mikks/ros2_px4_ws/install/example_executor_with_multiple_modes_cpp:/home/mikks/crazyflie_mapping_demo/ros2_ws/install/crazyflie_ros2_multiranger_bringup:/home/mikks/crazyflie_mapping_demo/ros2_ws/install/ros_gz_crazyflie_bringup:/home/mikks/crazyflie_mapping_demo/ros2_ws/install/ros_gz_crazyflie_gazebo:/home/mikks/crazyflie_mapping_demo/ros2_ws/install/crazyflie_sim:/home/mikks/crazyflie_mapping_demo/ros2_ws/install/crazyflie_examples:/home/mikks/crazyflie_mapping_demo/ros2_ws/install/crazyflie:/home/mikks/crazyflie_mapping_demo/ros2_ws/install/crazyflie_interfaces:/opt/ros/jazzy/opt/gz_sim_vendor:/opt/ros/jazzy/opt/gz_sensors_vendor:/opt/ros/jazzy/opt/gz_physics_vendor:/opt/ros/jazzy/opt/sdformat_vendor:/opt/ros/jazzy/opt/gz_gui_vendor:/opt/ros/jazzy/opt/gz_transport_vendor:/opt/ros/jazzy/opt/gz_rendering_vendor:/opt/ros/jazzy/opt/gz_plugin_vendor:/opt/ros/jazzy/opt/gz_fuel_tools_vendor:/opt/ros/jazzy/opt/gz_msgs_vendor:/opt/ros/jazzy/opt/gz_common_vendor:/opt/ros/jazzy/opt/gz_math_vendor:/opt/ros/jazzy/opt/gz_utils_vendor:/opt/ros/jazzy/opt/gz_tools_vendor:/opt/ros/jazzy/opt/gz_ogre_next_vendor:/opt/ros/jazzy/opt/gz_dartsim_vendor:/opt/ros/jazzy/opt/gz_cmake_vendor:/home/mikks/ros2_px4_ws/install/x500_hover_controller:/home/mikks/ros2_px4_ws/install/example_mode_with_rclpy_py:/home/mikks/ros2_px4_ws/install/example_mode_goto_py:/home/mikks/ros2_px4_ws/install/px4_actuator_ctrl:/home/mikks/ros2_ws/install/rover_desc_description:/home/mikks/ros2_ws/install/px4_actuator_ctrl:/home/mikks/ros2_ws/install/mine_rover_description:/home/mikks/ros2_ws/install/ZerionURDFV5cp_description:/home/mikks/crazyflie_mapping_demo/ros2_ws/install/velocity_free_consensus:/home/mikks/crazyflie_mapping_demo/ros2_ws/install/stepwise_lowpos:/home/mikks/crazyflie_mapping_demo/ros2_ws/install/step_wise_lowpos:/home/mikks/crazyflie_mapping_demo/ros2_ws/install/second_order_formation_control:/home/mikks/crazyflie_mapping_demo/ros2_ws/install/ros_gz_crazyflie_control:/home/mikks/crazyflie_mapping_demo/ros2_ws/install/mixed_fractional_consensus:/home/mikks/crazyflie_mapping_demo/ros2_ws/install/lowest_pos:/home/mikks/crazyflie_mapping_demo/ros2_ws/install/linear_consensus:/home/mikks/crazyflie_mapping_demo/ros2_ws/install/highest_pos:/home/mikks/crazyflie_mapping_demo/ros2_ws/install/fractional_consensus_alpha:/home/mikks/crazyflie_mapping_demo/ros2_ws/install/event_triggered_swarm:/home/mikks/crazyflie_mapping_demo/ros2_ws/install/drone_logger:/home/mikks/crazyflie_mapping_demo/ros2_ws/install/distributed_average_tracking:/home/mikks/crazyflie_mapping_demo/ros2_ws/install/crazyflie_swarm_logic:/home/mikks/crazyflie_mapping_demo/ros2_ws/install/crazyflie_ros2_multiranger_wall_following:/home/mikks/crazyflie_mapping_demo/ros2_ws/install/crazyflie_ros2_multiranger_simple_mapper:/home/mikks/crazyflie_mapping_demo/ros2_ws/install/crazyflie_py:/home/mikks/crazyflie_mapping_demo/ros2_ws/install/cooperative_target_centric_formation:/home/mikks/crazyflie_mapping_demo/ros2_ws/install/containment_using_agent_information:/home/mikks/crazyflie_mapping_demo/ros2_ws/install/consensus_for_double_integrator:/home/mikks/crazyflie_mapping_demo/ros2_ws/install/consensus_alignment:/home/mikks/crazyflie_mapping_demo/ros2_ws/install/binary_consensus:/home/mikks/crazyflie_mapping_demo/ros2_ws/install/Second_Order_Min_Consensus_for_Heterogeneous_Agents:/home/mikks/crazyflie_mapping_demo/ros2_ws/install/BinaryContainmentChain:/opt/ros/jazzy DEBUGINFOD_URLS=https://debuginfod.ubuntu.com LD_LIBRARY_PATH=/home/mikks/ros2_px4_ws/install/px4_ros2_cpp/lib:/home/mikks/ros2_px4_ws/install/px4_msgs/lib:/home/mikks/ros2_px4_ws/install/px4_ros_com/lib:/home/mikks/NatNet_SDK_4.3_ubuntu/lib:/home/mikks/crazyflie_mapping_demo/ros2_ws/install/crazyflie_interfaces/lib:/opt/ros/jazzy/opt/gz_sim_vendor/lib:/opt/ros/jazzy/opt/gz_sensors_vendor/lib:/opt/ros/jazzy/opt/gz_physics_vendor/lib:/opt/ros/jazzy/opt/sdformat_vendor/lib:/opt/ros/jazzy/opt/rviz_ogre_vendor/lib:/opt/ros/jazzy/lib/x86_64-linux-gnu:/opt/ros/jazzy/opt/gz_gui_vendor/lib:/opt/ros/jazzy/opt/gz_transport_vendor/lib:/opt/ros/jazzy/opt/gz_rendering_vendor/lib:/opt/ros/jazzy/opt/gz_plugin_vendor/lib:/opt/ros/jazzy/opt/gz_fuel_tools_vendor/lib:/opt/ros/jazzy/opt/gz_msgs_vendor/lib:/opt/ros/jazzy/opt/gz_common_vendor/lib:/opt/ros/jazzy/opt/gz_math_vendor/lib:/opt/ros/jazzy/opt/gz_utils_vendor/lib:/opt/ros/jazzy/opt/gz_tools_vendor/lib:/opt/ros/jazzy/opt/gz_ogre_next_vendor/lib:/opt/ros/jazzy/opt/gz_dartsim_vendor/lib:/opt/ros/jazzy/opt/gz_cmake_vendor/lib:/opt/ros/jazzy/lib PYTHONPATH=/home/mikks/ros2_px4_ws/install/px4_msgs/lib/python3.12/site-packages:/home/mikks/ros2_px4_ws/build/x500_hover_controller:/home/mikks/ros2_px4_ws/install/x500_hover_controller/lib/python3.12/site-packages:/home/mikks/ros2_px4_ws/install/px4_ros_com/lib/python3.12/site-packages:/home/mikks/ros2_px4_ws/build/example_mode_with_rclpy_py:/home/mikks/ros2_px4_ws/install/example_mode_with_rclpy_py/lib/python3.12/site-packages:/home/mikks/ros2_px4_ws/build/example_mode_goto_py:/home/mikks/ros2_px4_ws/install/example_mode_goto_py/lib/python3.12/site-packages:/home/mikks/ros2_px4_ws/install/px4_ros2_py/lib/python3.12/site-packages:/home/mikks/ros2_px4_ws/build/px4_actuator_ctrl:/home/mikks/ros2_px4_ws/install/px4_actuator_ctrl/lib/python3.12/site-packages:/home/mikks/ros2_ws/build/rover_desc_description:/home/mikks/ros2_ws/install/rover_desc_description/lib/python3.12/site-packages:/home/mikks/ros2_ws/install/px4_actuator_ctrl/lib/python3.12/site-packages:/home/mikks/ros2_ws/build/mine_rover_description:/home/mikks/ros2_ws/install/mine_rover_description/lib/python3.12/site-packages:/home/mikks/ros2_ws/build/ZerionURDFV5cp_description:/home/mikks/ros2_ws/install/ZerionURDFV5cp_description/lib/python3.12/site-packages:/home/mikks/crazyflie_mapping_demo/ros2_ws/install/velocity_free_consensus/lib/python3.12/site-packages:/home/mikks/crazyflie_mapping_demo/ros2_ws/install/stepwise_lowpos/lib/python3.12/site-packages:/home/mikks/crazyflie_mapping_demo/ros2_ws/install/step_wise_lowpos/lib/python3.12/site-packages:/home/mikks/crazyflie_mapping_demo/ros2_ws/install/second_order_formation_control/lib/python3.12/site-packages:/home/mikks/crazyflie_mapping_demo/ros2_ws/install/ros_gz_crazyflie_control/lib/python3.12/site-packages:/home/mikks/crazyflie_mapping_demo/ros2_ws/install/mixed_fractional_consensus/lib/python3.12/site-packages:/home/mikks/crazyflie_mapping_demo/ros2_ws/install/lowest_pos/lib/python3.12/site-packages:/home/mikks/crazyflie_mapping_demo/ros2_ws/install/linear_consensus/lib/python3.12/site-packages:/home/mikks/crazyflie_mapping_demo/ros2_ws/install/highest_pos/lib/python3.12/site-packages:/home/mikks/crazyflie_mapping_demo/ros2_ws/install/fractional_consensus_alpha/lib/python3.12/site-packages:/home/mikks/crazyflie_mapping_demo/ros2_ws/install/event_triggered_swarm/lib/python3.12/site-packages:/home/mikks/crazyflie_mapping_demo/ros2_ws/install/drone_logger/lib/python3.12/site-packages:/home/mikks/crazyflie_mapping_demo/ros2_ws/install/distributed_average_tracking/lib/python3.12/site-packages:/home/mikks/crazyflie_mapping_demo/ros2_ws/install/crazyflie_swarm_logic/lib/python3.12/site-packages:/home/mikks/crazyflie_mapping_demo/ros2_ws/install/crazyflie_sim/lib/python3.12/site-packages:/home/mikks/crazyflie_mapping_demo/ros2_ws/install/crazyflie_ros2_multiranger_wall_following/lib/python3.12/site-packages:/home/mikks/crazyflie_mapping_demo/ros2_ws/install/crazyflie_ros2_multiranger_simple_mapper/lib/python3.12/site-packages:/home/mikks/crazyflie_mapping_demo/ros2_ws/install/crazyflie_examples/lib/python3.12/site-packages:/home/mikks/crazyflie_mapping_demo/ros2_ws/install/crazyflie_py/lib/python3.12/site-packages:/home/mikks/crazyflie_mapping_demo/ros2_ws/install/crazyflie_interfaces/lib/python3.12/site-packages:/home/mikks/crazyflie_mapping_demo/ros2_ws/install/cooperative_target_centric_formation/lib/python3.12/site-packages:/home/mikks/crazyflie_mapping_demo/ros2_ws/install/containment_using_agent_information/lib/python3.12/site-packages:/home/mikks/crazyflie_mapping_demo/ros2_ws/install/consensus_for_double_integrator/lib/python3.12/site-packages:/home/mikks/crazyflie_mapping_demo/ros2_ws/install/consensus_alignment/lib/python3.12/site-packages:/home/mikks/crazyflie_mapping_demo/ros2_ws/install/binary_consensus/lib/python3.12/site-packages:/home/mikks/crazyflie_mapping_demo/ros2_ws/install/Second_Order_Min_Consensus_for_Heterogeneous_Agents/lib/python3.12/site-packages:/home/mikks/crazyflie_mapping_demo/ros2_ws/install/BinaryContainmentChain/lib/python3.12/site-packages:/opt/ros/jazzy/lib/python3.12/site-packages /usr/bin/cmake --build /home/mikks/ros2_px4_ws/build/example_mode_goto_cpp -- -j12 -l12
[3.638s] DEBUG:colcon.colcon_core.event_handler.log_command:Invoking command in '/home/mikks/ros2_px4_ws/build/example_mode_goto_global_cpp': CMAKE_PREFIX_PATH=/home/mikks/ros2_px4_ws/install/px4_ros2_cpp:/home/mikks/ros2_px4_ws/install/px4_msgs:/home/mikks/ros2_px4_ws/install/px4_ros_com:/home/mikks/ros2_px4_ws/install/px4_ros2_py:/home/mikks/ros2_px4_ws/install/example_rover_velocity_mode_cpp:/home/mikks/ros2_px4_ws/install/example_mode_with_executor_cpp:/home/mikks/ros2_px4_ws/install/example_mode_vtol_cpp:/home/mikks/ros2_px4_ws/install/example_mode_rtl_replacement_cpp:/home/mikks/ros2_px4_ws/install/example_mode_mission_cpp:/home/mikks/ros2_px4_ws/install/example_mode_manual_cpp:/home/mikks/ros2_px4_ws/install/example_mode_goto_global_cpp:/home/mikks/ros2_px4_ws/install/example_mode_goto_cpp:/home/mikks/ros2_px4_ws/install/example_mode_fw_attitude_cpp:/home/mikks/ros2_px4_ws/install/example_local_navigation_cpp:/home/mikks/ros2_px4_ws/install/example_global_navigation_cpp:/home/mikks/ros2_px4_ws/install/example_executor_with_multiple_modes_cpp:/home/mikks/crazyflie_mapping_demo/ros2_ws/install/crazyflie_ros2_multiranger_bringup:/home/mikks/crazyflie_mapping_demo/ros2_ws/install/ros_gz_crazyflie_bringup:/home/mikks/crazyflie_mapping_demo/ros2_ws/install/ros_gz_crazyflie_gazebo:/home/mikks/crazyflie_mapping_demo/ros2_ws/install/crazyflie_sim:/home/mikks/crazyflie_mapping_demo/ros2_ws/install/crazyflie_examples:/home/mikks/crazyflie_mapping_demo/ros2_ws/install/crazyflie:/home/mikks/crazyflie_mapping_demo/ros2_ws/install/crazyflie_interfaces:/opt/ros/jazzy/opt/gz_sim_vendor:/opt/ros/jazzy/opt/gz_sensors_vendor:/opt/ros/jazzy/opt/gz_physics_vendor:/opt/ros/jazzy/opt/sdformat_vendor:/opt/ros/jazzy/opt/gz_gui_vendor:/opt/ros/jazzy/opt/gz_transport_vendor:/opt/ros/jazzy/opt/gz_rendering_vendor:/opt/ros/jazzy/opt/gz_plugin_vendor:/opt/ros/jazzy/opt/gz_fuel_tools_vendor:/opt/ros/jazzy/opt/gz_msgs_vendor:/opt/ros/jazzy/opt/gz_common_vendor:/opt/ros/jazzy/opt/gz_math_vendor:/opt/ros/jazzy/opt/gz_utils_vendor:/opt/ros/jazzy/opt/gz_tools_vendor:/opt/ros/jazzy/opt/gz_ogre_next_vendor:/opt/ros/jazzy/opt/gz_dartsim_vendor:/opt/ros/jazzy/opt/gz_cmake_vendor:/home/mikks/ros2_px4_ws/install/x500_hover_controller:/home/mikks/ros2_px4_ws/install/example_mode_with_rclpy_py:/home/mikks/ros2_px4_ws/install/example_mode_goto_py:/home/mikks/ros2_px4_ws/install/px4_actuator_ctrl:/home/mikks/ros2_ws/install/rover_desc_description:/home/mikks/ros2_ws/install/px4_actuator_ctrl:/home/mikks/ros2_ws/install/mine_rover_description:/home/mikks/ros2_ws/install/ZerionURDFV5cp_description:/home/mikks/crazyflie_mapping_demo/ros2_ws/install/velocity_free_consensus:/home/mikks/crazyflie_mapping_demo/ros2_ws/install/stepwise_lowpos:/home/mikks/crazyflie_mapping_demo/ros2_ws/install/step_wise_lowpos:/home/mikks/crazyflie_mapping_demo/ros2_ws/install/second_order_formation_control:/home/mikks/crazyflie_mapping_demo/ros2_ws/install/ros_gz_crazyflie_control:/home/mikks/crazyflie_mapping_demo/ros2_ws/install/mixed_fractional_consensus:/home/mikks/crazyflie_mapping_demo/ros2_ws/install/lowest_pos:/home/mikks/crazyflie_mapping_demo/ros2_ws/install/linear_consensus:/home/mikks/crazyflie_mapping_demo/ros2_ws/install/highest_pos:/home/mikks/crazyflie_mapping_demo/ros2_ws/install/fractional_consensus_alpha:/home/mikks/crazyflie_mapping_demo/ros2_ws/install/event_triggered_swarm:/home/mikks/crazyflie_mapping_demo/ros2_ws/install/drone_logger:/home/mikks/crazyflie_mapping_demo/ros2_ws/install/distributed_average_tracking:/home/mikks/crazyflie_mapping_demo/ros2_ws/install/crazyflie_swarm_logic:/home/mikks/crazyflie_mapping_demo/ros2_ws/install/crazyflie_ros2_multiranger_wall_following:/home/mikks/crazyflie_mapping_demo/ros2_ws/install/crazyflie_ros2_multiranger_simple_mapper:/home/mikks/crazyflie_mapping_demo/ros2_ws/install/crazyflie_py:/home/mikks/crazyflie_mapping_demo/ros2_ws/install/cooperative_target_centric_formation:/home/mikks/crazyflie_mapping_demo/ros2_ws/install/containment_using_agent_information:/home/mikks/crazyflie_mapping_demo/ros2_ws/install/consensus_for_double_integrator:/home/mikks/crazyflie_mapping_demo/ros2_ws/install/consensus_alignment:/home/mikks/crazyflie_mapping_demo/ros2_ws/install/binary_consensus:/home/mikks/crazyflie_mapping_demo/ros2_ws/install/Second_Order_Min_Consensus_for_Heterogeneous_Agents:/home/mikks/crazyflie_mapping_demo/ros2_ws/install/BinaryContainmentChain:/opt/ros/jazzy DEBUGINFOD_URLS=https://debuginfod.ubuntu.com LD_LIBRARY_PATH=/home/mikks/ros2_px4_ws/install/px4_ros2_cpp/lib:/home/mikks/ros2_px4_ws/install/px4_msgs/lib:/home/mikks/ros2_px4_ws/install/px4_ros_com/lib:/home/mikks/NatNet_SDK_4.3_ubuntu/lib:/home/mikks/crazyflie_mapping_demo/ros2_ws/install/crazyflie_interfaces/lib:/opt/ros/jazzy/opt/gz_sim_vendor/lib:/opt/ros/jazzy/opt/gz_sensors_vendor/lib:/opt/ros/jazzy/opt/gz_physics_vendor/lib:/opt/ros/jazzy/opt/sdformat_vendor/lib:/opt/ros/jazzy/opt/rviz_ogre_vendor/lib:/opt/ros/jazzy/lib/x86_64-linux-gnu:/opt/ros/jazzy/opt/gz_gui_vendor/lib:/opt/ros/jazzy/opt/gz_transport_vendor/lib:/opt/ros/jazzy/opt/gz_rendering_vendor/lib:/opt/ros/jazzy/opt/gz_plugin_vendor/lib:/opt/ros/jazzy/opt/gz_fuel_tools_vendor/lib:/opt/ros/jazzy/opt/gz_msgs_vendor/lib:/opt/ros/jazzy/opt/gz_common_vendor/lib:/opt/ros/jazzy/opt/gz_math_vendor/lib:/opt/ros/jazzy/opt/gz_utils_vendor/lib:/opt/ros/jazzy/opt/gz_tools_vendor/lib:/opt/ros/jazzy/opt/gz_ogre_next_vendor/lib:/opt/ros/jazzy/opt/gz_dartsim_vendor/lib:/opt/ros/jazzy/opt/gz_cmake_vendor/lib:/opt/ros/jazzy/lib PYTHONPATH=/home/mikks/ros2_px4_ws/install/px4_msgs/lib/python3.12/site-packages:/home/mikks/ros2_px4_ws/build/x500_hover_controller:/home/mikks/ros2_px4_ws/install/x500_hover_controller/lib/python3.12/site-packages:/home/mikks/ros2_px4_ws/install/px4_ros_com/lib/python3.12/site-packages:/home/mikks/ros2_px4_ws/build/example_mode_with_rclpy_py:/home/mikks/ros2_px4_ws/install/example_mode_with_rclpy_py/lib/python3.12/site-packages:/home/mikks/ros2_px4_ws/build/example_mode_goto_py:/home/mikks/ros2_px4_ws/install/example_mode_goto_py/lib/python3.12/site-packages:/home/mikks/ros2_px4_ws/install/px4_ros2_py/lib/python3.12/site-packages:/home/mikks/ros2_px4_ws/build/px4_actuator_ctrl:/home/mikks/ros2_px4_ws/install/px4_actuator_ctrl/lib/python3.12/site-packages:/home/mikks/ros2_ws/build/rover_desc_description:/home/mikks/ros2_ws/install/rover_desc_description/lib/python3.12/site-packages:/home/mikks/ros2_ws/install/px4_actuator_ctrl/lib/python3.12/site-packages:/home/mikks/ros2_ws/build/mine_rover_description:/home/mikks/ros2_ws/install/mine_rover_description/lib/python3.12/site-packages:/home/mikks/ros2_ws/build/ZerionURDFV5cp_description:/home/mikks/ros2_ws/install/ZerionURDFV5cp_description/lib/python3.12/site-packages:/home/mikks/crazyflie_mapping_demo/ros2_ws/install/velocity_free_consensus/lib/python3.12/site-packages:/home/mikks/crazyflie_mapping_demo/ros2_ws/install/stepwise_lowpos/lib/python3.12/site-packages:/home/mikks/crazyflie_mapping_demo/ros2_ws/install/step_wise_lowpos/lib/python3.12/site-packages:/home/mikks/crazyflie_mapping_demo/ros2_ws/install/second_order_formation_control/lib/python3.12/site-packages:/home/mikks/crazyflie_mapping_demo/ros2_ws/install/ros_gz_crazyflie_control/lib/python3.12/site-packages:/home/mikks/crazyflie_mapping_demo/ros2_ws/install/mixed_fractional_consensus/lib/python3.12/site-packages:/home/mikks/crazyflie_mapping_demo/ros2_ws/install/lowest_pos/lib/python3.12/site-packages:/home/mikks/crazyflie_mapping_demo/ros2_ws/install/linear_consensus/lib/python3.12/site-packages:/home/mikks/crazyflie_mapping_demo/ros2_ws/install/highest_pos/lib/python3.12/site-packages:/home/mikks/crazyflie_mapping_demo/ros2_ws/install/fractional_consensus_alpha/lib/python3.12/site-packages:/home/mikks/crazyflie_mapping_demo/ros2_ws/install/event_triggered_swarm/lib/python3.12/site-packages:/home/mikks/crazyflie_mapping_demo/ros2_ws/install/drone_logger/lib/python3.12/site-packages:/home/mikks/crazyflie_mapping_demo/ros2_ws/install/distributed_average_tracking/lib/python3.12/site-packages:/home/mikks/crazyflie_mapping_demo/ros2_ws/install/crazyflie_swarm_logic/lib/python3.12/site-packages:/home/mikks/crazyflie_mapping_demo/ros2_ws/install/crazyflie_sim/lib/python3.12/site-packages:/home/mikks/crazyflie_mapping_demo/ros2_ws/install/crazyflie_ros2_multiranger_wall_following/lib/python3.12/site-packages:/home/mikks/crazyflie_mapping_demo/ros2_ws/install/crazyflie_ros2_multiranger_simple_mapper/lib/python3.12/site-packages:/home/mikks/crazyflie_mapping_demo/ros2_ws/install/crazyflie_examples/lib/python3.12/site-packages:/home/mikks/crazyflie_mapping_demo/ros2_ws/install/crazyflie_py/lib/python3.12/site-packages:/home/mikks/crazyflie_mapping_demo/ros2_ws/install/crazyflie_interfaces/lib/python3.12/site-packages:/home/mikks/crazyflie_mapping_demo/ros2_ws/install/cooperative_target_centric_formation/lib/python3.12/site-packages:/home/mikks/crazyflie_mapping_demo/ros2_ws/install/containment_using_agent_information/lib/python3.12/site-packages:/home/mikks/crazyflie_mapping_demo/ros2_ws/install/consensus_for_double_integrator/lib/python3.12/site-packages:/home/mikks/crazyflie_mapping_demo/ros2_ws/install/consensus_alignment/lib/python3.12/site-packages:/home/mikks/crazyflie_mapping_demo/ros2_ws/install/binary_consensus/lib/python3.12/site-packages:/home/mikks/crazyflie_mapping_demo/ros2_ws/install/Second_Order_Min_Consensus_for_Heterogeneous_Agents/lib/python3.12/site-packages:/home/mikks/crazyflie_mapping_demo/ros2_ws/install/BinaryContainmentChain/lib/python3.12/site-packages:/opt/ros/jazzy/lib/python3.12/site-packages /usr/bin/cmake --build /home/mikks/ros2_px4_ws/build/example_mode_goto_global_cpp -- -j12 -l12
[3.643s] DEBUG:colcon.colcon_core.event_handler.log_command:Invoking command in '/home/mikks/ros2_px4_ws/build/example_mode_manual_cpp': CMAKE_PREFIX_PATH=/home/mikks/ros2_px4_ws/install/px4_ros2_cpp:/home/mikks/ros2_px4_ws/install/px4_msgs:/home/mikks/ros2_px4_ws/install/px4_ros_com:/home/mikks/ros2_px4_ws/install/px4_ros2_py:/home/mikks/ros2_px4_ws/install/example_rover_velocity_mode_cpp:/home/mikks/ros2_px4_ws/install/example_mode_with_executor_cpp:/home/mikks/ros2_px4_ws/install/example_mode_vtol_cpp:/home/mikks/ros2_px4_ws/install/example_mode_rtl_replacement_cpp:/home/mikks/ros2_px4_ws/install/example_mode_mission_cpp:/home/mikks/ros2_px4_ws/install/example_mode_manual_cpp:/home/mikks/ros2_px4_ws/install/example_mode_goto_global_cpp:/home/mikks/ros2_px4_ws/install/example_mode_goto_cpp:/home/mikks/ros2_px4_ws/install/example_mode_fw_attitude_cpp:/home/mikks/ros2_px4_ws/install/example_local_navigation_cpp:/home/mikks/ros2_px4_ws/install/example_global_navigation_cpp:/home/mikks/ros2_px4_ws/install/example_executor_with_multiple_modes_cpp:/home/mikks/crazyflie_mapping_demo/ros2_ws/install/crazyflie_ros2_multiranger_bringup:/home/mikks/crazyflie_mapping_demo/ros2_ws/install/ros_gz_crazyflie_bringup:/home/mikks/crazyflie_mapping_demo/ros2_ws/install/ros_gz_crazyflie_gazebo:/home/mikks/crazyflie_mapping_demo/ros2_ws/install/crazyflie_sim:/home/mikks/crazyflie_mapping_demo/ros2_ws/install/crazyflie_examples:/home/mikks/crazyflie_mapping_demo/ros2_ws/install/crazyflie:/home/mikks/crazyflie_mapping_demo/ros2_ws/install/crazyflie_interfaces:/opt/ros/jazzy/opt/gz_sim_vendor:/opt/ros/jazzy/opt/gz_sensors_vendor:/opt/ros/jazzy/opt/gz_physics_vendor:/opt/ros/jazzy/opt/sdformat_vendor:/opt/ros/jazzy/opt/gz_gui_vendor:/opt/ros/jazzy/opt/gz_transport_vendor:/opt/ros/jazzy/opt/gz_rendering_vendor:/opt/ros/jazzy/opt/gz_plugin_vendor:/opt/ros/jazzy/opt/gz_fuel_tools_vendor:/opt/ros/jazzy/opt/gz_msgs_vendor:/opt/ros/jazzy/opt/gz_common_vendor:/opt/ros/jazzy/opt/gz_math_vendor:/opt/ros/jazzy/opt/gz_utils_vendor:/opt/ros/jazzy/opt/gz_tools_vendor:/opt/ros/jazzy/opt/gz_ogre_next_vendor:/opt/ros/jazzy/opt/gz_dartsim_vendor:/opt/ros/jazzy/opt/gz_cmake_vendor:/home/mikks/ros2_px4_ws/install/x500_hover_controller:/home/mikks/ros2_px4_ws/install/example_mode_with_rclpy_py:/home/mikks/ros2_px4_ws/install/example_mode_goto_py:/home/mikks/ros2_px4_ws/install/px4_actuator_ctrl:/home/mikks/ros2_ws/install/rover_desc_description:/home/mikks/ros2_ws/install/px4_actuator_ctrl:/home/mikks/ros2_ws/install/mine_rover_description:/home/mikks/ros2_ws/install/ZerionURDFV5cp_description:/home/mikks/crazyflie_mapping_demo/ros2_ws/install/velocity_free_consensus:/home/mikks/crazyflie_mapping_demo/ros2_ws/install/stepwise_lowpos:/home/mikks/crazyflie_mapping_demo/ros2_ws/install/step_wise_lowpos:/home/mikks/crazyflie_mapping_demo/ros2_ws/install/second_order_formation_control:/home/mikks/crazyflie_mapping_demo/ros2_ws/install/ros_gz_crazyflie_control:/home/mikks/crazyflie_mapping_demo/ros2_ws/install/mixed_fractional_consensus:/home/mikks/crazyflie_mapping_demo/ros2_ws/install/lowest_pos:/home/mikks/crazyflie_mapping_demo/ros2_ws/install/linear_consensus:/home/mikks/crazyflie_mapping_demo/ros2_ws/install/highest_pos:/home/mikks/crazyflie_mapping_demo/ros2_ws/install/fractional_consensus_alpha:/home/mikks/crazyflie_mapping_demo/ros2_ws/install/event_triggered_swarm:/home/mikks/crazyflie_mapping_demo/ros2_ws/install/drone_logger:/home/mikks/crazyflie_mapping_demo/ros2_ws/install/distributed_average_tracking:/home/mikks/crazyflie_mapping_demo/ros2_ws/install/crazyflie_swarm_logic:/home/mikks/crazyflie_mapping_demo/ros2_ws/install/crazyflie_ros2_multiranger_wall_following:/home/mikks/crazyflie_mapping_demo/ros2_ws/install/crazyflie_ros2_multiranger_simple_mapper:/home/mikks/crazyflie_mapping_demo/ros2_ws/install/crazyflie_py:/home/mikks/crazyflie_mapping_demo/ros2_ws/install/cooperative_target_centric_formation:/home/mikks/crazyflie_mapping_demo/ros2_ws/install/containment_using_agent_information:/home/mikks/crazyflie_mapping_demo/ros2_ws/install/consensus_for_double_integrator:/home/mikks/crazyflie_mapping_demo/ros2_ws/install/consensus_alignment:/home/mikks/crazyflie_mapping_demo/ros2_ws/install/binary_consensus:/home/mikks/crazyflie_mapping_demo/ros2_ws/install/Second_Order_Min_Consensus_for_Heterogeneous_Agents:/home/mikks/crazyflie_mapping_demo/ros2_ws/install/BinaryContainmentChain:/opt/ros/jazzy DEBUGINFOD_URLS=https://debuginfod.ubuntu.com LD_LIBRARY_PATH=/home/mikks/ros2_px4_ws/install/px4_ros2_cpp/lib:/home/mikks/ros2_px4_ws/install/px4_msgs/lib:/home/mikks/ros2_px4_ws/install/px4_ros_com/lib:/home/mikks/NatNet_SDK_4.3_ubuntu/lib:/home/mikks/crazyflie_mapping_demo/ros2_ws/install/crazyflie_interfaces/lib:/opt/ros/jazzy/opt/gz_sim_vendor/lib:/opt/ros/jazzy/opt/gz_sensors_vendor/lib:/opt/ros/jazzy/opt/gz_physics_vendor/lib:/opt/ros/jazzy/opt/sdformat_vendor/lib:/opt/ros/jazzy/opt/rviz_ogre_vendor/lib:/opt/ros/jazzy/lib/x86_64-linux-gnu:/opt/ros/jazzy/opt/gz_gui_vendor/lib:/opt/ros/jazzy/opt/gz_transport_vendor/lib:/opt/ros/jazzy/opt/gz_rendering_vendor/lib:/opt/ros/jazzy/opt/gz_plugin_vendor/lib:/opt/ros/jazzy/opt/gz_fuel_tools_vendor/lib:/opt/ros/jazzy/opt/gz_msgs_vendor/lib:/opt/ros/jazzy/opt/gz_common_vendor/lib:/opt/ros/jazzy/opt/gz_math_vendor/lib:/opt/ros/jazzy/opt/gz_utils_vendor/lib:/opt/ros/jazzy/opt/gz_tools_vendor/lib:/opt/ros/jazzy/opt/gz_ogre_next_vendor/lib:/opt/ros/jazzy/opt/gz_dartsim_vendor/lib:/opt/ros/jazzy/opt/gz_cmake_vendor/lib:/opt/ros/jazzy/lib PYTHONPATH=/home/mikks/ros2_px4_ws/install/px4_msgs/lib/python3.12/site-packages:/home/mikks/ros2_px4_ws/build/x500_hover_controller:/home/mikks/ros2_px4_ws/install/x500_hover_controller/lib/python3.12/site-packages:/home/mikks/ros2_px4_ws/install/px4_ros_com/lib/python3.12/site-packages:/home/mikks/ros2_px4_ws/build/example_mode_with_rclpy_py:/home/mikks/ros2_px4_ws/install/example_mode_with_rclpy_py/lib/python3.12/site-packages:/home/mikks/ros2_px4_ws/build/example_mode_goto_py:/home/mikks/ros2_px4_ws/install/example_mode_goto_py/lib/python3.12/site-packages:/home/mikks/ros2_px4_ws/install/px4_ros2_py/lib/python3.12/site-packages:/home/mikks/ros2_px4_ws/build/px4_actuator_ctrl:/home/mikks/ros2_px4_ws/install/px4_actuator_ctrl/lib/python3.12/site-packages:/home/mikks/ros2_ws/build/rover_desc_description:/home/mikks/ros2_ws/install/rover_desc_description/lib/python3.12/site-packages:/home/mikks/ros2_ws/install/px4_actuator_ctrl/lib/python3.12/site-packages:/home/mikks/ros2_ws/build/mine_rover_description:/home/mikks/ros2_ws/install/mine_rover_description/lib/python3.12/site-packages:/home/mikks/ros2_ws/build/ZerionURDFV5cp_description:/home/mikks/ros2_ws/install/ZerionURDFV5cp_description/lib/python3.12/site-packages:/home/mikks/crazyflie_mapping_demo/ros2_ws/install/velocity_free_consensus/lib/python3.12/site-packages:/home/mikks/crazyflie_mapping_demo/ros2_ws/install/stepwise_lowpos/lib/python3.12/site-packages:/home/mikks/crazyflie_mapping_demo/ros2_ws/install/step_wise_lowpos/lib/python3.12/site-packages:/home/mikks/crazyflie_mapping_demo/ros2_ws/install/second_order_formation_control/lib/python3.12/site-packages:/home/mikks/crazyflie_mapping_demo/ros2_ws/install/ros_gz_crazyflie_control/lib/python3.12/site-packages:/home/mikks/crazyflie_mapping_demo/ros2_ws/install/mixed_fractional_consensus/lib/python3.12/site-packages:/home/mikks/crazyflie_mapping_demo/ros2_ws/install/lowest_pos/lib/python3.12/site-packages:/home/mikks/crazyflie_mapping_demo/ros2_ws/install/linear_consensus/lib/python3.12/site-packages:/home/mikks/crazyflie_mapping_demo/ros2_ws/install/highest_pos/lib/python3.12/site-packages:/home/mikks/crazyflie_mapping_demo/ros2_ws/install/fractional_consensus_alpha/lib/python3.12/site-packages:/home/mikks/crazyflie_mapping_demo/ros2_ws/install/event_triggered_swarm/lib/python3.12/site-packages:/home/mikks/crazyflie_mapping_demo/ros2_ws/install/drone_logger/lib/python3.12/site-packages:/home/mikks/crazyflie_mapping_demo/ros2_ws/install/distributed_average_tracking/lib/python3.12/site-packages:/home/mikks/crazyflie_mapping_demo/ros2_ws/install/crazyflie_swarm_logic/lib/python3.12/site-packages:/home/mikks/crazyflie_mapping_demo/ros2_ws/install/crazyflie_sim/lib/python3.12/site-packages:/home/mikks/crazyflie_mapping_demo/ros2_ws/install/crazyflie_ros2_multiranger_wall_following/lib/python3.12/site-packages:/home/mikks/crazyflie_mapping_demo/ros2_ws/install/crazyflie_ros2_multiranger_simple_mapper/lib/python3.12/site-packages:/home/mikks/crazyflie_mapping_demo/ros2_ws/install/crazyflie_examples/lib/python3.12/site-packages:/home/mikks/crazyflie_mapping_demo/ros2_ws/install/crazyflie_py/lib/python3.12/site-packages:/home/mikks/crazyflie_mapping_demo/ros2_ws/install/crazyflie_interfaces/lib/python3.12/site-packages:/home/mikks/crazyflie_mapping_demo/ros2_ws/install/cooperative_target_centric_formation/lib/python3.12/site-packages:/home/mikks/crazyflie_mapping_demo/ros2_ws/install/containment_using_agent_information/lib/python3.12/site-packages:/home/mikks/crazyflie_mapping_demo/ros2_ws/install/consensus_for_double_integrator/lib/python3.12/site-packages:/home/mikks/crazyflie_mapping_demo/ros2_ws/install/consensus_alignment/lib/python3.12/site-packages:/home/mikks/crazyflie_mapping_demo/ros2_ws/install/binary_consensus/lib/python3.12/site-packages:/home/mikks/crazyflie_mapping_demo/ros2_ws/install/Second_Order_Min_Consensus_for_Heterogeneous_Agents/lib/python3.12/site-packages:/home/mikks/crazyflie_mapping_demo/ros2_ws/install/BinaryContainmentChain/lib/python3.12/site-packages:/opt/ros/jazzy/lib/python3.12/site-packages /usr/bin/cmake --build /home/mikks/ros2_px4_ws/build/example_mode_manual_cpp -- -j12 -l12
[3.665s] DEBUG:colcon.colcon_core.event_handler.log_command:Invoking command in '/home/mikks/ros2_px4_ws/build/example_mode_mission_cpp': CMAKE_PREFIX_PATH=/home/mikks/ros2_px4_ws/install/px4_ros2_cpp:/home/mikks/ros2_px4_ws/install/px4_msgs:/home/mikks/ros2_px4_ws/install/px4_ros_com:/home/mikks/ros2_px4_ws/install/px4_ros2_py:/home/mikks/ros2_px4_ws/install/example_rover_velocity_mode_cpp:/home/mikks/ros2_px4_ws/install/example_mode_with_executor_cpp:/home/mikks/ros2_px4_ws/install/example_mode_vtol_cpp:/home/mikks/ros2_px4_ws/install/example_mode_rtl_replacement_cpp:/home/mikks/ros2_px4_ws/install/example_mode_mission_cpp:/home/mikks/ros2_px4_ws/install/example_mode_manual_cpp:/home/mikks/ros2_px4_ws/install/example_mode_goto_global_cpp:/home/mikks/ros2_px4_ws/install/example_mode_goto_cpp:/home/mikks/ros2_px4_ws/install/example_mode_fw_attitude_cpp:/home/mikks/ros2_px4_ws/install/example_local_navigation_cpp:/home/mikks/ros2_px4_ws/install/example_global_navigation_cpp:/home/mikks/ros2_px4_ws/install/example_executor_with_multiple_modes_cpp:/home/mikks/crazyflie_mapping_demo/ros2_ws/install/crazyflie_ros2_multiranger_bringup:/home/mikks/crazyflie_mapping_demo/ros2_ws/install/ros_gz_crazyflie_bringup:/home/mikks/crazyflie_mapping_demo/ros2_ws/install/ros_gz_crazyflie_gazebo:/home/mikks/crazyflie_mapping_demo/ros2_ws/install/crazyflie_sim:/home/mikks/crazyflie_mapping_demo/ros2_ws/install/crazyflie_examples:/home/mikks/crazyflie_mapping_demo/ros2_ws/install/crazyflie:/home/mikks/crazyflie_mapping_demo/ros2_ws/install/crazyflie_interfaces:/opt/ros/jazzy/opt/gz_sim_vendor:/opt/ros/jazzy/opt/gz_sensors_vendor:/opt/ros/jazzy/opt/gz_physics_vendor:/opt/ros/jazzy/opt/sdformat_vendor:/opt/ros/jazzy/opt/gz_gui_vendor:/opt/ros/jazzy/opt/gz_transport_vendor:/opt/ros/jazzy/opt/gz_rendering_vendor:/opt/ros/jazzy/opt/gz_plugin_vendor:/opt/ros/jazzy/opt/gz_fuel_tools_vendor:/opt/ros/jazzy/opt/gz_msgs_vendor:/opt/ros/jazzy/opt/gz_common_vendor:/opt/ros/jazzy/opt/gz_math_vendor:/opt/ros/jazzy/opt/gz_utils_vendor:/opt/ros/jazzy/opt/gz_tools_vendor:/opt/ros/jazzy/opt/gz_ogre_next_vendor:/opt/ros/jazzy/opt/gz_dartsim_vendor:/opt/ros/jazzy/opt/gz_cmake_vendor:/home/mikks/ros2_px4_ws/install/x500_hover_controller:/home/mikks/ros2_px4_ws/install/example_mode_with_rclpy_py:/home/mikks/ros2_px4_ws/install/example_mode_goto_py:/home/mikks/ros2_px4_ws/install/px4_actuator_ctrl:/home/mikks/ros2_ws/install/rover_desc_description:/home/mikks/ros2_ws/install/px4_actuator_ctrl:/home/mikks/ros2_ws/install/mine_rover_description:/home/mikks/ros2_ws/install/ZerionURDFV5cp_description:/home/mikks/crazyflie_mapping_demo/ros2_ws/install/velocity_free_consensus:/home/mikks/crazyflie_mapping_demo/ros2_ws/install/stepwise_lowpos:/home/mikks/crazyflie_mapping_demo/ros2_ws/install/step_wise_lowpos:/home/mikks/crazyflie_mapping_demo/ros2_ws/install/second_order_formation_control:/home/mikks/crazyflie_mapping_demo/ros2_ws/install/ros_gz_crazyflie_control:/home/mikks/crazyflie_mapping_demo/ros2_ws/install/mixed_fractional_consensus:/home/mikks/crazyflie_mapping_demo/ros2_ws/install/lowest_pos:/home/mikks/crazyflie_mapping_demo/ros2_ws/install/linear_consensus:/home/mikks/crazyflie_mapping_demo/ros2_ws/install/highest_pos:/home/mikks/crazyflie_mapping_demo/ros2_ws/install/fractional_consensus_alpha:/home/mikks/crazyflie_mapping_demo/ros2_ws/install/event_triggered_swarm:/home/mikks/crazyflie_mapping_demo/ros2_ws/install/drone_logger:/home/mikks/crazyflie_mapping_demo/ros2_ws/install/distributed_average_tracking:/home/mikks/crazyflie_mapping_demo/ros2_ws/install/crazyflie_swarm_logic:/home/mikks/crazyflie_mapping_demo/ros2_ws/install/crazyflie_ros2_multiranger_wall_following:/home/mikks/crazyflie_mapping_demo/ros2_ws/install/crazyflie_ros2_multiranger_simple_mapper:/home/mikks/crazyflie_mapping_demo/ros2_ws/install/crazyflie_py:/home/mikks/crazyflie_mapping_demo/ros2_ws/install/cooperative_target_centric_formation:/home/mikks/crazyflie_mapping_demo/ros2_ws/install/containment_using_agent_information:/home/mikks/crazyflie_mapping_demo/ros2_ws/install/consensus_for_double_integrator:/home/mikks/crazyflie_mapping_demo/ros2_ws/install/consensus_alignment:/home/mikks/crazyflie_mapping_demo/ros2_ws/install/binary_consensus:/home/mikks/crazyflie_mapping_demo/ros2_ws/install/Second_Order_Min_Consensus_for_Heterogeneous_Agents:/home/mikks/crazyflie_mapping_demo/ros2_ws/install/BinaryContainmentChain:/opt/ros/jazzy DEBUGINFOD_URLS=https://debuginfod.ubuntu.com LD_LIBRARY_PATH=/home/mikks/ros2_px4_ws/install/px4_ros2_cpp/lib:/home/mikks/ros2_px4_ws/install/px4_msgs/lib:/home/mikks/ros2_px4_ws/install/px4_ros_com/lib:/home/mikks/NatNet_SDK_4.3_ubuntu/lib:/home/mikks/crazyflie_mapping_demo/ros2_ws/install/crazyflie_interfaces/lib:/opt/ros/jazzy/opt/gz_sim_vendor/lib:/opt/ros/jazzy/opt/gz_sensors_vendor/lib:/opt/ros/jazzy/opt/gz_physics_vendor/lib:/opt/ros/jazzy/opt/sdformat_vendor/lib:/opt/ros/jazzy/opt/rviz_ogre_vendor/lib:/opt/ros/jazzy/lib/x86_64-linux-gnu:/opt/ros/jazzy/opt/gz_gui_vendor/lib:/opt/ros/jazzy/opt/gz_transport_vendor/lib:/opt/ros/jazzy/opt/gz_rendering_vendor/lib:/opt/ros/jazzy/opt/gz_plugin_vendor/lib:/opt/ros/jazzy/opt/gz_fuel_tools_vendor/lib:/opt/ros/jazzy/opt/gz_msgs_vendor/lib:/opt/ros/jazzy/opt/gz_common_vendor/lib:/opt/ros/jazzy/opt/gz_math_vendor/lib:/opt/ros/jazzy/opt/gz_utils_vendor/lib:/opt/ros/jazzy/opt/gz_tools_vendor/lib:/opt/ros/jazzy/opt/gz_ogre_next_vendor/lib:/opt/ros/jazzy/opt/gz_dartsim_vendor/lib:/opt/ros/jazzy/opt/gz_cmake_vendor/lib:/opt/ros/jazzy/lib PYTHONPATH=/home/mikks/ros2_px4_ws/install/px4_msgs/lib/python3.12/site-packages:/home/mikks/ros2_px4_ws/build/x500_hover_controller:/home/mikks/ros2_px4_ws/install/x500_hover_controller/lib/python3.12/site-packages:/home/mikks/ros2_px4_ws/install/px4_ros_com/lib/python3.12/site-packages:/home/mikks/ros2_px4_ws/build/example_mode_with_rclpy_py:/home/mikks/ros2_px4_ws/install/example_mode_with_rclpy_py/lib/python3.12/site-packages:/home/mikks/ros2_px4_ws/build/example_mode_goto_py:/home/mikks/ros2_px4_ws/install/example_mode_goto_py/lib/python3.12/site-packages:/home/mikks/ros2_px4_ws/install/px4_ros2_py/lib/python3.12/site-packages:/home/mikks/ros2_px4_ws/build/px4_actuator_ctrl:/home/mikks/ros2_px4_ws/install/px4_actuator_ctrl/lib/python3.12/site-packages:/home/mikks/ros2_ws/build/rover_desc_description:/home/mikks/ros2_ws/install/rover_desc_description/lib/python3.12/site-packages:/home/mikks/ros2_ws/install/px4_actuator_ctrl/lib/python3.12/site-packages:/home/mikks/ros2_ws/build/mine_rover_description:/home/mikks/ros2_ws/install/mine_rover_description/lib/python3.12/site-packages:/home/mikks/ros2_ws/build/ZerionURDFV5cp_description:/home/mikks/ros2_ws/install/ZerionURDFV5cp_description/lib/python3.12/site-packages:/home/mikks/crazyflie_mapping_demo/ros2_ws/install/velocity_free_consensus/lib/python3.12/site-packages:/home/mikks/crazyflie_mapping_demo/ros2_ws/install/stepwise_lowpos/lib/python3.12/site-packages:/home/mikks/crazyflie_mapping_demo/ros2_ws/install/step_wise_lowpos/lib/python3.12/site-packages:/home/mikks/crazyflie_mapping_demo/ros2_ws/install/second_order_formation_control/lib/python3.12/site-packages:/home/mikks/crazyflie_mapping_demo/ros2_ws/install/ros_gz_crazyflie_control/lib/python3.12/site-packages:/home/mikks/crazyflie_mapping_demo/ros2_ws/install/mixed_fractional_consensus/lib/python3.12/site-packages:/home/mikks/crazyflie_mapping_demo/ros2_ws/install/lowest_pos/lib/python3.12/site-packages:/home/mikks/crazyflie_mapping_demo/ros2_ws/install/linear_consensus/lib/python3.12/site-packages:/home/mikks/crazyflie_mapping_demo/ros2_ws/install/highest_pos/lib/python3.12/site-packages:/home/mikks/crazyflie_mapping_demo/ros2_ws/install/fractional_consensus_alpha/lib/python3.12/site-packages:/home/mikks/crazyflie_mapping_demo/ros2_ws/install/event_triggered_swarm/lib/python3.12/site-packages:/home/mikks/crazyflie_mapping_demo/ros2_ws/install/drone_logger/lib/python3.12/site-packages:/home/mikks/crazyflie_mapping_demo/ros2_ws/install/distributed_average_tracking/lib/python3.12/site-packages:/home/mikks/crazyflie_mapping_demo/ros2_ws/install/crazyflie_swarm_logic/lib/python3.12/site-packages:/home/mikks/crazyflie_mapping_demo/ros2_ws/install/crazyflie_sim/lib/python3.12/site-packages:/home/mikks/crazyflie_mapping_demo/ros2_ws/install/crazyflie_ros2_multiranger_wall_following/lib/python3.12/site-packages:/home/mikks/crazyflie_mapping_demo/ros2_ws/install/crazyflie_ros2_multiranger_simple_mapper/lib/python3.12/site-packages:/home/mikks/crazyflie_mapping_demo/ros2_ws/install/crazyflie_examples/lib/python3.12/site-packages:/home/mikks/crazyflie_mapping_demo/ros2_ws/install/crazyflie_py/lib/python3.12/site-packages:/home/mikks/crazyflie_mapping_demo/ros2_ws/install/crazyflie_interfaces/lib/python3.12/site-packages:/home/mikks/crazyflie_mapping_demo/ros2_ws/install/cooperative_target_centric_formation/lib/python3.12/site-packages:/home/mikks/crazyflie_mapping_demo/ros2_ws/install/containment_using_agent_information/lib/python3.12/site-packages:/home/mikks/crazyflie_mapping_demo/ros2_ws/install/consensus_for_double_integrator/lib/python3.12/site-packages:/home/mikks/crazyflie_mapping_demo/ros2_ws/install/consensus_alignment/lib/python3.12/site-packages:/home/mikks/crazyflie_mapping_demo/ros2_ws/install/binary_consensus/lib/python3.12/site-packages:/home/mikks/crazyflie_mapping_demo/ros2_ws/install/Second_Order_Min_Consensus_for_Heterogeneous_Agents/lib/python3.12/site-packages:/home/mikks/crazyflie_mapping_demo/ros2_ws/install/BinaryContainmentChain/lib/python3.12/site-packages:/opt/ros/jazzy/lib/python3.12/site-packages /usr/bin/cmake --build /home/mikks/ros2_px4_ws/build/example_mode_mission_cpp -- -j12 -l12
[3.753s] DEBUG:colcon.colcon_core.event_handler.log_command:Invoked command in '/home/mikks/ros2_px4_ws/build/example_executor_with_multiple_modes_cpp' returned '0': CMAKE_PREFIX_PATH=/home/mikks/ros2_px4_ws/install/px4_ros2_cpp:/home/mikks/ros2_px4_ws/install/px4_msgs:/home/mikks/ros2_px4_ws/install/px4_ros_com:/home/mikks/ros2_px4_ws/install/px4_ros2_py:/home/mikks/ros2_px4_ws/install/example_rover_velocity_mode_cpp:/home/mikks/ros2_px4_ws/install/example_mode_with_executor_cpp:/home/mikks/ros2_px4_ws/install/example_mode_vtol_cpp:/home/mikks/ros2_px4_ws/install/example_mode_rtl_replacement_cpp:/home/mikks/ros2_px4_ws/install/example_mode_mission_cpp:/home/mikks/ros2_px4_ws/install/example_mode_manual_cpp:/home/mikks/ros2_px4_ws/install/example_mode_goto_global_cpp:/home/mikks/ros2_px4_ws/install/example_mode_goto_cpp:/home/mikks/ros2_px4_ws/install/example_mode_fw_attitude_cpp:/home/mikks/ros2_px4_ws/install/example_local_navigation_cpp:/home/mikks/ros2_px4_ws/install/example_global_navigation_cpp:/home/mikks/ros2_px4_ws/install/example_executor_with_multiple_modes_cpp:/home/mikks/crazyflie_mapping_demo/ros2_ws/install/crazyflie_ros2_multiranger_bringup:/home/mikks/crazyflie_mapping_demo/ros2_ws/install/ros_gz_crazyflie_bringup:/home/mikks/crazyflie_mapping_demo/ros2_ws/install/ros_gz_crazyflie_gazebo:/home/mikks/crazyflie_mapping_demo/ros2_ws/install/crazyflie_sim:/home/mikks/crazyflie_mapping_demo/ros2_ws/install/crazyflie_examples:/home/mikks/crazyflie_mapping_demo/ros2_ws/install/crazyflie:/home/mikks/crazyflie_mapping_demo/ros2_ws/install/crazyflie_interfaces:/opt/ros/jazzy/opt/gz_sim_vendor:/opt/ros/jazzy/opt/gz_sensors_vendor:/opt/ros/jazzy/opt/gz_physics_vendor:/opt/ros/jazzy/opt/sdformat_vendor:/opt/ros/jazzy/opt/gz_gui_vendor:/opt/ros/jazzy/opt/gz_transport_vendor:/opt/ros/jazzy/opt/gz_rendering_vendor:/opt/ros/jazzy/opt/gz_plugin_vendor:/opt/ros/jazzy/opt/gz_fuel_tools_vendor:/opt/ros/jazzy/opt/gz_msgs_vendor:/opt/ros/jazzy/opt/gz_common_vendor:/opt/ros/jazzy/opt/gz_math_vendor:/opt/ros/jazzy/opt/gz_utils_vendor:/opt/ros/jazzy/opt/gz_tools_vendor:/opt/ros/jazzy/opt/gz_ogre_next_vendor:/opt/ros/jazzy/opt/gz_dartsim_vendor:/opt/ros/jazzy/opt/gz_cmake_vendor:/home/mikks/ros2_px4_ws/install/x500_hover_controller:/home/mikks/ros2_px4_ws/install/example_mode_with_rclpy_py:/home/mikks/ros2_px4_ws/install/example_mode_goto_py:/home/mikks/ros2_px4_ws/install/px4_actuator_ctrl:/home/mikks/ros2_ws/install/rover_desc_description:/home/mikks/ros2_ws/install/px4_actuator_ctrl:/home/mikks/ros2_ws/install/mine_rover_description:/home/mikks/ros2_ws/install/ZerionURDFV5cp_description:/home/mikks/crazyflie_mapping_demo/ros2_ws/install/velocity_free_consensus:/home/mikks/crazyflie_mapping_demo/ros2_ws/install/stepwise_lowpos:/home/mikks/crazyflie_mapping_demo/ros2_ws/install/step_wise_lowpos:/home/mikks/crazyflie_mapping_demo/ros2_ws/install/second_order_formation_control:/home/mikks/crazyflie_mapping_demo/ros2_ws/install/ros_gz_crazyflie_control:/home/mikks/crazyflie_mapping_demo/ros2_ws/install/mixed_fractional_consensus:/home/mikks/crazyflie_mapping_demo/ros2_ws/install/lowest_pos:/home/mikks/crazyflie_mapping_demo/ros2_ws/install/linear_consensus:/home/mikks/crazyflie_mapping_demo/ros2_ws/install/highest_pos:/home/mikks/crazyflie_mapping_demo/ros2_ws/install/fractional_consensus_alpha:/home/mikks/crazyflie_mapping_demo/ros2_ws/install/event_triggered_swarm:/home/mikks/crazyflie_mapping_demo/ros2_ws/install/drone_logger:/home/mikks/crazyflie_mapping_demo/ros2_ws/install/distributed_average_tracking:/home/mikks/crazyflie_mapping_demo/ros2_ws/install/crazyflie_swarm_logic:/home/mikks/crazyflie_mapping_demo/ros2_ws/install/crazyflie_ros2_multiranger_wall_following:/home/mikks/crazyflie_mapping_demo/ros2_ws/install/crazyflie_ros2_multiranger_simple_mapper:/home/mikks/crazyflie_mapping_demo/ros2_ws/install/crazyflie_py:/home/mikks/crazyflie_mapping_demo/ros2_ws/install/cooperative_target_centric_formation:/home/mikks/crazyflie_mapping_demo/ros2_ws/install/containment_using_agent_information:/home/mikks/crazyflie_mapping_demo/ros2_ws/install/consensus_for_double_integrator:/home/mikks/crazyflie_mapping_demo/ros2_ws/install/consensus_alignment:/home/mikks/crazyflie_mapping_demo/ros2_ws/install/binary_consensus:/home/mikks/crazyflie_mapping_demo/ros2_ws/install/Second_Order_Min_Consensus_for_Heterogeneous_Agents:/home/mikks/crazyflie_mapping_demo/ros2_ws/install/BinaryContainmentChain:/opt/ros/jazzy DEBUGINFOD_URLS=https://debuginfod.ubuntu.com LD_LIBRARY_PATH=/home/mikks/ros2_px4_ws/install/px4_ros2_cpp/lib:/home/mikks/ros2_px4_ws/install/px4_msgs/lib:/home/mikks/ros2_px4_ws/install/px4_ros_com/lib:/home/mikks/NatNet_SDK_4.3_ubuntu/lib:/home/mikks/crazyflie_mapping_demo/ros2_ws/install/crazyflie_interfaces/lib:/opt/ros/jazzy/opt/gz_sim_vendor/lib:/opt/ros/jazzy/opt/gz_sensors_vendor/lib:/opt/ros/jazzy/opt/gz_physics_vendor/lib:/opt/ros/jazzy/opt/sdformat_vendor/lib:/opt/ros/jazzy/opt/rviz_ogre_vendor/lib:/opt/ros/jazzy/lib/x86_64-linux-gnu:/opt/ros/jazzy/opt/gz_gui_vendor/lib:/opt/ros/jazzy/opt/gz_transport_vendor/lib:/opt/ros/jazzy/opt/gz_rendering_vendor/lib:/opt/ros/jazzy/opt/gz_plugin_vendor/lib:/opt/ros/jazzy/opt/gz_fuel_tools_vendor/lib:/opt/ros/jazzy/opt/gz_msgs_vendor/lib:/opt/ros/jazzy/opt/gz_common_vendor/lib:/opt/ros/jazzy/opt/gz_math_vendor/lib:/opt/ros/jazzy/opt/gz_utils_vendor/lib:/opt/ros/jazzy/opt/gz_tools_vendor/lib:/opt/ros/jazzy/opt/gz_ogre_next_vendor/lib:/opt/ros/jazzy/opt/gz_dartsim_vendor/lib:/opt/ros/jazzy/opt/gz_cmake_vendor/lib:/opt/ros/jazzy/lib PYTHONPATH=/home/mikks/ros2_px4_ws/install/px4_msgs/lib/python3.12/site-packages:/home/mikks/ros2_px4_ws/build/x500_hover_controller:/home/mikks/ros2_px4_ws/install/x500_hover_controller/lib/python3.12/site-packages:/home/mikks/ros2_px4_ws/install/px4_ros_com/lib/python3.12/site-packages:/home/mikks/ros2_px4_ws/build/example_mode_with_rclpy_py:/home/mikks/ros2_px4_ws/install/example_mode_with_rclpy_py/lib/python3.12/site-packages:/home/mikks/ros2_px4_ws/build/example_mode_goto_py:/home/mikks/ros2_px4_ws/install/example_mode_goto_py/lib/python3.12/site-packages:/home/mikks/ros2_px4_ws/install/px4_ros2_py/lib/python3.12/site-packages:/home/mikks/ros2_px4_ws/build/px4_actuator_ctrl:/home/mikks/ros2_px4_ws/install/px4_actuator_ctrl/lib/python3.12/site-packages:/home/mikks/ros2_ws/build/rover_desc_description:/home/mikks/ros2_ws/install/rover_desc_description/lib/python3.12/site-packages:/home/mikks/ros2_ws/install/px4_actuator_ctrl/lib/python3.12/site-packages:/home/mikks/ros2_ws/build/mine_rover_description:/home/mikks/ros2_ws/install/mine_rover_description/lib/python3.12/site-packages:/home/mikks/ros2_ws/build/ZerionURDFV5cp_description:/home/mikks/ros2_ws/install/ZerionURDFV5cp_description/lib/python3.12/site-packages:/home/mikks/crazyflie_mapping_demo/ros2_ws/install/velocity_free_consensus/lib/python3.12/site-packages:/home/mikks/crazyflie_mapping_demo/ros2_ws/install/stepwise_lowpos/lib/python3.12/site-packages:/home/mikks/crazyflie_mapping_demo/ros2_ws/install/step_wise_lowpos/lib/python3.12/site-packages:/home/mikks/crazyflie_mapping_demo/ros2_ws/install/second_order_formation_control/lib/python3.12/site-packages:/home/mikks/crazyflie_mapping_demo/ros2_ws/install/ros_gz_crazyflie_control/lib/python3.12/site-packages:/home/mikks/crazyflie_mapping_demo/ros2_ws/install/mixed_fractional_consensus/lib/python3.12/site-packages:/home/mikks/crazyflie_mapping_demo/ros2_ws/install/lowest_pos/lib/python3.12/site-packages:/home/mikks/crazyflie_mapping_demo/ros2_ws/install/linear_consensus/lib/python3.12/site-packages:/home/mikks/crazyflie_mapping_demo/ros2_ws/install/highest_pos/lib/python3.12/site-packages:/home/mikks/crazyflie_mapping_demo/ros2_ws/install/fractional_consensus_alpha/lib/python3.12/site-packages:/home/mikks/crazyflie_mapping_demo/ros2_ws/install/event_triggered_swarm/lib/python3.12/site-packages:/home/mikks/crazyflie_mapping_demo/ros2_ws/install/drone_logger/lib/python3.12/site-packages:/home/mikks/crazyflie_mapping_demo/ros2_ws/install/distributed_average_tracking/lib/python3.12/site-packages:/home/mikks/crazyflie_mapping_demo/ros2_ws/install/crazyflie_swarm_logic/lib/python3.12/site-packages:/home/mikks/crazyflie_mapping_demo/ros2_ws/install/crazyflie_sim/lib/python3.12/site-packages:/home/mikks/crazyflie_mapping_demo/ros2_ws/install/crazyflie_ros2_multiranger_wall_following/lib/python3.12/site-packages:/home/mikks/crazyflie_mapping_demo/ros2_ws/install/crazyflie_ros2_multiranger_simple_mapper/lib/python3.12/site-packages:/home/mikks/crazyflie_mapping_demo/ros2_ws/install/crazyflie_examples/lib/python3.12/site-packages:/home/mikks/crazyflie_mapping_demo/ros2_ws/install/crazyflie_py/lib/python3.12/site-packages:/home/mikks/crazyflie_mapping_demo/ros2_ws/install/crazyflie_interfaces/lib/python3.12/site-packages:/home/mikks/crazyflie_mapping_demo/ros2_ws/install/cooperative_target_centric_formation/lib/python3.12/site-packages:/home/mikks/crazyflie_mapping_demo/ros2_ws/install/containment_using_agent_information/lib/python3.12/site-packages:/home/mikks/crazyflie_mapping_demo/ros2_ws/install/consensus_for_double_integrator/lib/python3.12/site-packages:/home/mikks/crazyflie_mapping_demo/ros2_ws/install/consensus_alignment/lib/python3.12/site-packages:/home/mikks/crazyflie_mapping_demo/ros2_ws/install/binary_consensus/lib/python3.12/site-packages:/home/mikks/crazyflie_mapping_demo/ros2_ws/install/Second_Order_Min_Consensus_for_Heterogeneous_Agents/lib/python3.12/site-packages:/home/mikks/crazyflie_mapping_demo/ros2_ws/install/BinaryContainmentChain/lib/python3.12/site-packages:/opt/ros/jazzy/lib/python3.12/site-packages /usr/bin/cmake --build /home/mikks/ros2_px4_ws/build/example_executor_with_multiple_modes_cpp -- -j12 -l12
[3.754s] DEBUG:colcon.colcon_core.event_handler.log_command:Invoking command in '/home/mikks/ros2_px4_ws/build/example_executor_with_multiple_modes_cpp': CMAKE_PREFIX_PATH=/home/mikks/ros2_px4_ws/install/px4_ros2_cpp:/home/mikks/ros2_px4_ws/install/px4_msgs:/home/mikks/ros2_px4_ws/install/px4_ros_com:/home/mikks/ros2_px4_ws/install/px4_ros2_py:/home/mikks/ros2_px4_ws/install/example_rover_velocity_mode_cpp:/home/mikks/ros2_px4_ws/install/example_mode_with_executor_cpp:/home/mikks/ros2_px4_ws/install/example_mode_vtol_cpp:/home/mikks/ros2_px4_ws/install/example_mode_rtl_replacement_cpp:/home/mikks/ros2_px4_ws/install/example_mode_mission_cpp:/home/mikks/ros2_px4_ws/install/example_mode_manual_cpp:/home/mikks/ros2_px4_ws/install/example_mode_goto_global_cpp:/home/mikks/ros2_px4_ws/install/example_mode_goto_cpp:/home/mikks/ros2_px4_ws/install/example_mode_fw_attitude_cpp:/home/mikks/ros2_px4_ws/install/example_local_navigation_cpp:/home/mikks/ros2_px4_ws/install/example_global_navigation_cpp:/home/mikks/ros2_px4_ws/install/example_executor_with_multiple_modes_cpp:/home/mikks/crazyflie_mapping_demo/ros2_ws/install/crazyflie_ros2_multiranger_bringup:/home/mikks/crazyflie_mapping_demo/ros2_ws/install/ros_gz_crazyflie_bringup:/home/mikks/crazyflie_mapping_demo/ros2_ws/install/ros_gz_crazyflie_gazebo:/home/mikks/crazyflie_mapping_demo/ros2_ws/install/crazyflie_sim:/home/mikks/crazyflie_mapping_demo/ros2_ws/install/crazyflie_examples:/home/mikks/crazyflie_mapping_demo/ros2_ws/install/crazyflie:/home/mikks/crazyflie_mapping_demo/ros2_ws/install/crazyflie_interfaces:/opt/ros/jazzy/opt/gz_sim_vendor:/opt/ros/jazzy/opt/gz_sensors_vendor:/opt/ros/jazzy/opt/gz_physics_vendor:/opt/ros/jazzy/opt/sdformat_vendor:/opt/ros/jazzy/opt/gz_gui_vendor:/opt/ros/jazzy/opt/gz_transport_vendor:/opt/ros/jazzy/opt/gz_rendering_vendor:/opt/ros/jazzy/opt/gz_plugin_vendor:/opt/ros/jazzy/opt/gz_fuel_tools_vendor:/opt/ros/jazzy/opt/gz_msgs_vendor:/opt/ros/jazzy/opt/gz_common_vendor:/opt/ros/jazzy/opt/gz_math_vendor:/opt/ros/jazzy/opt/gz_utils_vendor:/opt/ros/jazzy/opt/gz_tools_vendor:/opt/ros/jazzy/opt/gz_ogre_next_vendor:/opt/ros/jazzy/opt/gz_dartsim_vendor:/opt/ros/jazzy/opt/gz_cmake_vendor:/home/mikks/ros2_px4_ws/install/x500_hover_controller:/home/mikks/ros2_px4_ws/install/example_mode_with_rclpy_py:/home/mikks/ros2_px4_ws/install/example_mode_goto_py:/home/mikks/ros2_px4_ws/install/px4_actuator_ctrl:/home/mikks/ros2_ws/install/rover_desc_description:/home/mikks/ros2_ws/install/px4_actuator_ctrl:/home/mikks/ros2_ws/install/mine_rover_description:/home/mikks/ros2_ws/install/ZerionURDFV5cp_description:/home/mikks/crazyflie_mapping_demo/ros2_ws/install/velocity_free_consensus:/home/mikks/crazyflie_mapping_demo/ros2_ws/install/stepwise_lowpos:/home/mikks/crazyflie_mapping_demo/ros2_ws/install/step_wise_lowpos:/home/mikks/crazyflie_mapping_demo/ros2_ws/install/second_order_formation_control:/home/mikks/crazyflie_mapping_demo/ros2_ws/install/ros_gz_crazyflie_control:/home/mikks/crazyflie_mapping_demo/ros2_ws/install/mixed_fractional_consensus:/home/mikks/crazyflie_mapping_demo/ros2_ws/install/lowest_pos:/home/mikks/crazyflie_mapping_demo/ros2_ws/install/linear_consensus:/home/mikks/crazyflie_mapping_demo/ros2_ws/install/highest_pos:/home/mikks/crazyflie_mapping_demo/ros2_ws/install/fractional_consensus_alpha:/home/mikks/crazyflie_mapping_demo/ros2_ws/install/event_triggered_swarm:/home/mikks/crazyflie_mapping_demo/ros2_ws/install/drone_logger:/home/mikks/crazyflie_mapping_demo/ros2_ws/install/distributed_average_tracking:/home/mikks/crazyflie_mapping_demo/ros2_ws/install/crazyflie_swarm_logic:/home/mikks/crazyflie_mapping_demo/ros2_ws/install/crazyflie_ros2_multiranger_wall_following:/home/mikks/crazyflie_mapping_demo/ros2_ws/install/crazyflie_ros2_multiranger_simple_mapper:/home/mikks/crazyflie_mapping_demo/ros2_ws/install/crazyflie_py:/home/mikks/crazyflie_mapping_demo/ros2_ws/install/cooperative_target_centric_formation:/home/mikks/crazyflie_mapping_demo/ros2_ws/install/containment_using_agent_information:/home/mikks/crazyflie_mapping_demo/ros2_ws/install/consensus_for_double_integrator:/home/mikks/crazyflie_mapping_demo/ros2_ws/install/consensus_alignment:/home/mikks/crazyflie_mapping_demo/ros2_ws/install/binary_consensus:/home/mikks/crazyflie_mapping_demo/ros2_ws/install/Second_Order_Min_Consensus_for_Heterogeneous_Agents:/home/mikks/crazyflie_mapping_demo/ros2_ws/install/BinaryContainmentChain:/opt/ros/jazzy DEBUGINFOD_URLS=https://debuginfod.ubuntu.com LD_LIBRARY_PATH=/home/mikks/ros2_px4_ws/install/px4_ros2_cpp/lib:/home/mikks/ros2_px4_ws/install/px4_msgs/lib:/home/mikks/ros2_px4_ws/install/px4_ros_com/lib:/home/mikks/NatNet_SDK_4.3_ubuntu/lib:/home/mikks/crazyflie_mapping_demo/ros2_ws/install/crazyflie_interfaces/lib:/opt/ros/jazzy/opt/gz_sim_vendor/lib:/opt/ros/jazzy/opt/gz_sensors_vendor/lib:/opt/ros/jazzy/opt/gz_physics_vendor/lib:/opt/ros/jazzy/opt/sdformat_vendor/lib:/opt/ros/jazzy/opt/rviz_ogre_vendor/lib:/opt/ros/jazzy/lib/x86_64-linux-gnu:/opt/ros/jazzy/opt/gz_gui_vendor/lib:/opt/ros/jazzy/opt/gz_transport_vendor/lib:/opt/ros/jazzy/opt/gz_rendering_vendor/lib:/opt/ros/jazzy/opt/gz_plugin_vendor/lib:/opt/ros/jazzy/opt/gz_fuel_tools_vendor/lib:/opt/ros/jazzy/opt/gz_msgs_vendor/lib:/opt/ros/jazzy/opt/gz_common_vendor/lib:/opt/ros/jazzy/opt/gz_math_vendor/lib:/opt/ros/jazzy/opt/gz_utils_vendor/lib:/opt/ros/jazzy/opt/gz_tools_vendor/lib:/opt/ros/jazzy/opt/gz_ogre_next_vendor/lib:/opt/ros/jazzy/opt/gz_dartsim_vendor/lib:/opt/ros/jazzy/opt/gz_cmake_vendor/lib:/opt/ros/jazzy/lib PYTHONPATH=/home/mikks/ros2_px4_ws/install/px4_msgs/lib/python3.12/site-packages:/home/mikks/ros2_px4_ws/build/x500_hover_controller:/home/mikks/ros2_px4_ws/install/x500_hover_controller/lib/python3.12/site-packages:/home/mikks/ros2_px4_ws/install/px4_ros_com/lib/python3.12/site-packages:/home/mikks/ros2_px4_ws/build/example_mode_with_rclpy_py:/home/mikks/ros2_px4_ws/install/example_mode_with_rclpy_py/lib/python3.12/site-packages:/home/mikks/ros2_px4_ws/build/example_mode_goto_py:/home/mikks/ros2_px4_ws/install/example_mode_goto_py/lib/python3.12/site-packages:/home/mikks/ros2_px4_ws/install/px4_ros2_py/lib/python3.12/site-packages:/home/mikks/ros2_px4_ws/build/px4_actuator_ctrl:/home/mikks/ros2_px4_ws/install/px4_actuator_ctrl/lib/python3.12/site-packages:/home/mikks/ros2_ws/build/rover_desc_description:/home/mikks/ros2_ws/install/rover_desc_description/lib/python3.12/site-packages:/home/mikks/ros2_ws/install/px4_actuator_ctrl/lib/python3.12/site-packages:/home/mikks/ros2_ws/build/mine_rover_description:/home/mikks/ros2_ws/install/mine_rover_description/lib/python3.12/site-packages:/home/mikks/ros2_ws/build/ZerionURDFV5cp_description:/home/mikks/ros2_ws/install/ZerionURDFV5cp_description/lib/python3.12/site-packages:/home/mikks/crazyflie_mapping_demo/ros2_ws/install/velocity_free_consensus/lib/python3.12/site-packages:/home/mikks/crazyflie_mapping_demo/ros2_ws/install/stepwise_lowpos/lib/python3.12/site-packages:/home/mikks/crazyflie_mapping_demo/ros2_ws/install/step_wise_lowpos/lib/python3.12/site-packages:/home/mikks/crazyflie_mapping_demo/ros2_ws/install/second_order_formation_control/lib/python3.12/site-packages:/home/mikks/crazyflie_mapping_demo/ros2_ws/install/ros_gz_crazyflie_control/lib/python3.12/site-packages:/home/mikks/crazyflie_mapping_demo/ros2_ws/install/mixed_fractional_consensus/lib/python3.12/site-packages:/home/mikks/crazyflie_mapping_demo/ros2_ws/install/lowest_pos/lib/python3.12/site-packages:/home/mikks/crazyflie_mapping_demo/ros2_ws/install/linear_consensus/lib/python3.12/site-packages:/home/mikks/crazyflie_mapping_demo/ros2_ws/install/highest_pos/lib/python3.12/site-packages:/home/mikks/crazyflie_mapping_demo/ros2_ws/install/fractional_consensus_alpha/lib/python3.12/site-packages:/home/mikks/crazyflie_mapping_demo/ros2_ws/install/event_triggered_swarm/lib/python3.12/site-packages:/home/mikks/crazyflie_mapping_demo/ros2_ws/install/drone_logger/lib/python3.12/site-packages:/home/mikks/crazyflie_mapping_demo/ros2_ws/install/distributed_average_tracking/lib/python3.12/site-packages:/home/mikks/crazyflie_mapping_demo/ros2_ws/install/crazyflie_swarm_logic/lib/python3.12/site-packages:/home/mikks/crazyflie_mapping_demo/ros2_ws/install/crazyflie_sim/lib/python3.12/site-packages:/home/mikks/crazyflie_mapping_demo/ros2_ws/install/crazyflie_ros2_multiranger_wall_following/lib/python3.12/site-packages:/home/mikks/crazyflie_mapping_demo/ros2_ws/install/crazyflie_ros2_multiranger_simple_mapper/lib/python3.12/site-packages:/home/mikks/crazyflie_mapping_demo/ros2_ws/install/crazyflie_examples/lib/python3.12/site-packages:/home/mikks/crazyflie_mapping_demo/ros2_ws/install/crazyflie_py/lib/python3.12/site-packages:/home/mikks/crazyflie_mapping_demo/ros2_ws/install/crazyflie_interfaces/lib/python3.12/site-packages:/home/mikks/crazyflie_mapping_demo/ros2_ws/install/cooperative_target_centric_formation/lib/python3.12/site-packages:/home/mikks/crazyflie_mapping_demo/ros2_ws/install/containment_using_agent_information/lib/python3.12/site-packages:/home/mikks/crazyflie_mapping_demo/ros2_ws/install/consensus_for_double_integrator/lib/python3.12/site-packages:/home/mikks/crazyflie_mapping_demo/ros2_ws/install/consensus_alignment/lib/python3.12/site-packages:/home/mikks/crazyflie_mapping_demo/ros2_ws/install/binary_consensus/lib/python3.12/site-packages:/home/mikks/crazyflie_mapping_demo/ros2_ws/install/Second_Order_Min_Consensus_for_Heterogeneous_Agents/lib/python3.12/site-packages:/home/mikks/crazyflie_mapping_demo/ros2_ws/install/BinaryContainmentChain/lib/python3.12/site-packages:/opt/ros/jazzy/lib/python3.12/site-packages /usr/bin/cmake --install /home/mikks/ros2_px4_ws/build/example_executor_with_multiple_modes_cpp
[3.761s] DEBUG:colcon.colcon_core.event_handler.log_command:Invoked command in '/home/mikks/ros2_px4_ws/build/example_global_navigation_cpp' returned '0': CMAKE_PREFIX_PATH=/home/mikks/ros2_px4_ws/install/px4_ros2_cpp:/home/mikks/ros2_px4_ws/install/px4_msgs:/home/mikks/ros2_px4_ws/install/px4_ros_com:/home/mikks/ros2_px4_ws/install/px4_ros2_py:/home/mikks/ros2_px4_ws/install/example_rover_velocity_mode_cpp:/home/mikks/ros2_px4_ws/install/example_mode_with_executor_cpp:/home/mikks/ros2_px4_ws/install/example_mode_vtol_cpp:/home/mikks/ros2_px4_ws/install/example_mode_rtl_replacement_cpp:/home/mikks/ros2_px4_ws/install/example_mode_mission_cpp:/home/mikks/ros2_px4_ws/install/example_mode_manual_cpp:/home/mikks/ros2_px4_ws/install/example_mode_goto_global_cpp:/home/mikks/ros2_px4_ws/install/example_mode_goto_cpp:/home/mikks/ros2_px4_ws/install/example_mode_fw_attitude_cpp:/home/mikks/ros2_px4_ws/install/example_local_navigation_cpp:/home/mikks/ros2_px4_ws/install/example_global_navigation_cpp:/home/mikks/ros2_px4_ws/install/example_executor_with_multiple_modes_cpp:/home/mikks/crazyflie_mapping_demo/ros2_ws/install/crazyflie_ros2_multiranger_bringup:/home/mikks/crazyflie_mapping_demo/ros2_ws/install/ros_gz_crazyflie_bringup:/home/mikks/crazyflie_mapping_demo/ros2_ws/install/ros_gz_crazyflie_gazebo:/home/mikks/crazyflie_mapping_demo/ros2_ws/install/crazyflie_sim:/home/mikks/crazyflie_mapping_demo/ros2_ws/install/crazyflie_examples:/home/mikks/crazyflie_mapping_demo/ros2_ws/install/crazyflie:/home/mikks/crazyflie_mapping_demo/ros2_ws/install/crazyflie_interfaces:/opt/ros/jazzy/opt/gz_sim_vendor:/opt/ros/jazzy/opt/gz_sensors_vendor:/opt/ros/jazzy/opt/gz_physics_vendor:/opt/ros/jazzy/opt/sdformat_vendor:/opt/ros/jazzy/opt/gz_gui_vendor:/opt/ros/jazzy/opt/gz_transport_vendor:/opt/ros/jazzy/opt/gz_rendering_vendor:/opt/ros/jazzy/opt/gz_plugin_vendor:/opt/ros/jazzy/opt/gz_fuel_tools_vendor:/opt/ros/jazzy/opt/gz_msgs_vendor:/opt/ros/jazzy/opt/gz_common_vendor:/opt/ros/jazzy/opt/gz_math_vendor:/opt/ros/jazzy/opt/gz_utils_vendor:/opt/ros/jazzy/opt/gz_tools_vendor:/opt/ros/jazzy/opt/gz_ogre_next_vendor:/opt/ros/jazzy/opt/gz_dartsim_vendor:/opt/ros/jazzy/opt/gz_cmake_vendor:/home/mikks/ros2_px4_ws/install/x500_hover_controller:/home/mikks/ros2_px4_ws/install/example_mode_with_rclpy_py:/home/mikks/ros2_px4_ws/install/example_mode_goto_py:/home/mikks/ros2_px4_ws/install/px4_actuator_ctrl:/home/mikks/ros2_ws/install/rover_desc_description:/home/mikks/ros2_ws/install/px4_actuator_ctrl:/home/mikks/ros2_ws/install/mine_rover_description:/home/mikks/ros2_ws/install/ZerionURDFV5cp_description:/home/mikks/crazyflie_mapping_demo/ros2_ws/install/velocity_free_consensus:/home/mikks/crazyflie_mapping_demo/ros2_ws/install/stepwise_lowpos:/home/mikks/crazyflie_mapping_demo/ros2_ws/install/step_wise_lowpos:/home/mikks/crazyflie_mapping_demo/ros2_ws/install/second_order_formation_control:/home/mikks/crazyflie_mapping_demo/ros2_ws/install/ros_gz_crazyflie_control:/home/mikks/crazyflie_mapping_demo/ros2_ws/install/mixed_fractional_consensus:/home/mikks/crazyflie_mapping_demo/ros2_ws/install/lowest_pos:/home/mikks/crazyflie_mapping_demo/ros2_ws/install/linear_consensus:/home/mikks/crazyflie_mapping_demo/ros2_ws/install/highest_pos:/home/mikks/crazyflie_mapping_demo/ros2_ws/install/fractional_consensus_alpha:/home/mikks/crazyflie_mapping_demo/ros2_ws/install/event_triggered_swarm:/home/mikks/crazyflie_mapping_demo/ros2_ws/install/drone_logger:/home/mikks/crazyflie_mapping_demo/ros2_ws/install/distributed_average_tracking:/home/mikks/crazyflie_mapping_demo/ros2_ws/install/crazyflie_swarm_logic:/home/mikks/crazyflie_mapping_demo/ros2_ws/install/crazyflie_ros2_multiranger_wall_following:/home/mikks/crazyflie_mapping_demo/ros2_ws/install/crazyflie_ros2_multiranger_simple_mapper:/home/mikks/crazyflie_mapping_demo/ros2_ws/install/crazyflie_py:/home/mikks/crazyflie_mapping_demo/ros2_ws/install/cooperative_target_centric_formation:/home/mikks/crazyflie_mapping_demo/ros2_ws/install/containment_using_agent_information:/home/mikks/crazyflie_mapping_demo/ros2_ws/install/consensus_for_double_integrator:/home/mikks/crazyflie_mapping_demo/ros2_ws/install/consensus_alignment:/home/mikks/crazyflie_mapping_demo/ros2_ws/install/binary_consensus:/home/mikks/crazyflie_mapping_demo/ros2_ws/install/Second_Order_Min_Consensus_for_Heterogeneous_Agents:/home/mikks/crazyflie_mapping_demo/ros2_ws/install/BinaryContainmentChain:/opt/ros/jazzy DEBUGINFOD_URLS=https://debuginfod.ubuntu.com LD_LIBRARY_PATH=/home/mikks/ros2_px4_ws/install/px4_ros2_cpp/lib:/home/mikks/ros2_px4_ws/install/px4_msgs/lib:/home/mikks/ros2_px4_ws/install/px4_ros_com/lib:/home/mikks/NatNet_SDK_4.3_ubuntu/lib:/home/mikks/crazyflie_mapping_demo/ros2_ws/install/crazyflie_interfaces/lib:/opt/ros/jazzy/opt/gz_sim_vendor/lib:/opt/ros/jazzy/opt/gz_sensors_vendor/lib:/opt/ros/jazzy/opt/gz_physics_vendor/lib:/opt/ros/jazzy/opt/sdformat_vendor/lib:/opt/ros/jazzy/opt/rviz_ogre_vendor/lib:/opt/ros/jazzy/lib/x86_64-linux-gnu:/opt/ros/jazzy/opt/gz_gui_vendor/lib:/opt/ros/jazzy/opt/gz_transport_vendor/lib:/opt/ros/jazzy/opt/gz_rendering_vendor/lib:/opt/ros/jazzy/opt/gz_plugin_vendor/lib:/opt/ros/jazzy/opt/gz_fuel_tools_vendor/lib:/opt/ros/jazzy/opt/gz_msgs_vendor/lib:/opt/ros/jazzy/opt/gz_common_vendor/lib:/opt/ros/jazzy/opt/gz_math_vendor/lib:/opt/ros/jazzy/opt/gz_utils_vendor/lib:/opt/ros/jazzy/opt/gz_tools_vendor/lib:/opt/ros/jazzy/opt/gz_ogre_next_vendor/lib:/opt/ros/jazzy/opt/gz_dartsim_vendor/lib:/opt/ros/jazzy/opt/gz_cmake_vendor/lib:/opt/ros/jazzy/lib PYTHONPATH=/home/mikks/ros2_px4_ws/install/px4_msgs/lib/python3.12/site-packages:/home/mikks/ros2_px4_ws/build/x500_hover_controller:/home/mikks/ros2_px4_ws/install/x500_hover_controller/lib/python3.12/site-packages:/home/mikks/ros2_px4_ws/install/px4_ros_com/lib/python3.12/site-packages:/home/mikks/ros2_px4_ws/build/example_mode_with_rclpy_py:/home/mikks/ros2_px4_ws/install/example_mode_with_rclpy_py/lib/python3.12/site-packages:/home/mikks/ros2_px4_ws/build/example_mode_goto_py:/home/mikks/ros2_px4_ws/install/example_mode_goto_py/lib/python3.12/site-packages:/home/mikks/ros2_px4_ws/install/px4_ros2_py/lib/python3.12/site-packages:/home/mikks/ros2_px4_ws/build/px4_actuator_ctrl:/home/mikks/ros2_px4_ws/install/px4_actuator_ctrl/lib/python3.12/site-packages:/home/mikks/ros2_ws/build/rover_desc_description:/home/mikks/ros2_ws/install/rover_desc_description/lib/python3.12/site-packages:/home/mikks/ros2_ws/install/px4_actuator_ctrl/lib/python3.12/site-packages:/home/mikks/ros2_ws/build/mine_rover_description:/home/mikks/ros2_ws/install/mine_rover_description/lib/python3.12/site-packages:/home/mikks/ros2_ws/build/ZerionURDFV5cp_description:/home/mikks/ros2_ws/install/ZerionURDFV5cp_description/lib/python3.12/site-packages:/home/mikks/crazyflie_mapping_demo/ros2_ws/install/velocity_free_consensus/lib/python3.12/site-packages:/home/mikks/crazyflie_mapping_demo/ros2_ws/install/stepwise_lowpos/lib/python3.12/site-packages:/home/mikks/crazyflie_mapping_demo/ros2_ws/install/step_wise_lowpos/lib/python3.12/site-packages:/home/mikks/crazyflie_mapping_demo/ros2_ws/install/second_order_formation_control/lib/python3.12/site-packages:/home/mikks/crazyflie_mapping_demo/ros2_ws/install/ros_gz_crazyflie_control/lib/python3.12/site-packages:/home/mikks/crazyflie_mapping_demo/ros2_ws/install/mixed_fractional_consensus/lib/python3.12/site-packages:/home/mikks/crazyflie_mapping_demo/ros2_ws/install/lowest_pos/lib/python3.12/site-packages:/home/mikks/crazyflie_mapping_demo/ros2_ws/install/linear_consensus/lib/python3.12/site-packages:/home/mikks/crazyflie_mapping_demo/ros2_ws/install/highest_pos/lib/python3.12/site-packages:/home/mikks/crazyflie_mapping_demo/ros2_ws/install/fractional_consensus_alpha/lib/python3.12/site-packages:/home/mikks/crazyflie_mapping_demo/ros2_ws/install/event_triggered_swarm/lib/python3.12/site-packages:/home/mikks/crazyflie_mapping_demo/ros2_ws/install/drone_logger/lib/python3.12/site-packages:/home/mikks/crazyflie_mapping_demo/ros2_ws/install/distributed_average_tracking/lib/python3.12/site-packages:/home/mikks/crazyflie_mapping_demo/ros2_ws/install/crazyflie_swarm_logic/lib/python3.12/site-packages:/home/mikks/crazyflie_mapping_demo/ros2_ws/install/crazyflie_sim/lib/python3.12/site-packages:/home/mikks/crazyflie_mapping_demo/ros2_ws/install/crazyflie_ros2_multiranger_wall_following/lib/python3.12/site-packages:/home/mikks/crazyflie_mapping_demo/ros2_ws/install/crazyflie_ros2_multiranger_simple_mapper/lib/python3.12/site-packages:/home/mikks/crazyflie_mapping_demo/ros2_ws/install/crazyflie_examples/lib/python3.12/site-packages:/home/mikks/crazyflie_mapping_demo/ros2_ws/install/crazyflie_py/lib/python3.12/site-packages:/home/mikks/crazyflie_mapping_demo/ros2_ws/install/crazyflie_interfaces/lib/python3.12/site-packages:/home/mikks/crazyflie_mapping_demo/ros2_ws/install/cooperative_target_centric_formation/lib/python3.12/site-packages:/home/mikks/crazyflie_mapping_demo/ros2_ws/install/containment_using_agent_information/lib/python3.12/site-packages:/home/mikks/crazyflie_mapping_demo/ros2_ws/install/consensus_for_double_integrator/lib/python3.12/site-packages:/home/mikks/crazyflie_mapping_demo/ros2_ws/install/consensus_alignment/lib/python3.12/site-packages:/home/mikks/crazyflie_mapping_demo/ros2_ws/install/binary_consensus/lib/python3.12/site-packages:/home/mikks/crazyflie_mapping_demo/ros2_ws/install/Second_Order_Min_Consensus_for_Heterogeneous_Agents/lib/python3.12/site-packages:/home/mikks/crazyflie_mapping_demo/ros2_ws/install/BinaryContainmentChain/lib/python3.12/site-packages:/opt/ros/jazzy/lib/python3.12/site-packages /usr/bin/cmake --build /home/mikks/ros2_px4_ws/build/example_global_navigation_cpp -- -j12 -l12
[3.761s] DEBUG:colcon.colcon_core.event_handler.log_command:Invoking command in '/home/mikks/ros2_px4_ws/build/example_global_navigation_cpp': CMAKE_PREFIX_PATH=/home/mikks/ros2_px4_ws/install/px4_ros2_cpp:/home/mikks/ros2_px4_ws/install/px4_msgs:/home/mikks/ros2_px4_ws/install/px4_ros_com:/home/mikks/ros2_px4_ws/install/px4_ros2_py:/home/mikks/ros2_px4_ws/install/example_rover_velocity_mode_cpp:/home/mikks/ros2_px4_ws/install/example_mode_with_executor_cpp:/home/mikks/ros2_px4_ws/install/example_mode_vtol_cpp:/home/mikks/ros2_px4_ws/install/example_mode_rtl_replacement_cpp:/home/mikks/ros2_px4_ws/install/example_mode_mission_cpp:/home/mikks/ros2_px4_ws/install/example_mode_manual_cpp:/home/mikks/ros2_px4_ws/install/example_mode_goto_global_cpp:/home/mikks/ros2_px4_ws/install/example_mode_goto_cpp:/home/mikks/ros2_px4_ws/install/example_mode_fw_attitude_cpp:/home/mikks/ros2_px4_ws/install/example_local_navigation_cpp:/home/mikks/ros2_px4_ws/install/example_global_navigation_cpp:/home/mikks/ros2_px4_ws/install/example_executor_with_multiple_modes_cpp:/home/mikks/crazyflie_mapping_demo/ros2_ws/install/crazyflie_ros2_multiranger_bringup:/home/mikks/crazyflie_mapping_demo/ros2_ws/install/ros_gz_crazyflie_bringup:/home/mikks/crazyflie_mapping_demo/ros2_ws/install/ros_gz_crazyflie_gazebo:/home/mikks/crazyflie_mapping_demo/ros2_ws/install/crazyflie_sim:/home/mikks/crazyflie_mapping_demo/ros2_ws/install/crazyflie_examples:/home/mikks/crazyflie_mapping_demo/ros2_ws/install/crazyflie:/home/mikks/crazyflie_mapping_demo/ros2_ws/install/crazyflie_interfaces:/opt/ros/jazzy/opt/gz_sim_vendor:/opt/ros/jazzy/opt/gz_sensors_vendor:/opt/ros/jazzy/opt/gz_physics_vendor:/opt/ros/jazzy/opt/sdformat_vendor:/opt/ros/jazzy/opt/gz_gui_vendor:/opt/ros/jazzy/opt/gz_transport_vendor:/opt/ros/jazzy/opt/gz_rendering_vendor:/opt/ros/jazzy/opt/gz_plugin_vendor:/opt/ros/jazzy/opt/gz_fuel_tools_vendor:/opt/ros/jazzy/opt/gz_msgs_vendor:/opt/ros/jazzy/opt/gz_common_vendor:/opt/ros/jazzy/opt/gz_math_vendor:/opt/ros/jazzy/opt/gz_utils_vendor:/opt/ros/jazzy/opt/gz_tools_vendor:/opt/ros/jazzy/opt/gz_ogre_next_vendor:/opt/ros/jazzy/opt/gz_dartsim_vendor:/opt/ros/jazzy/opt/gz_cmake_vendor:/home/mikks/ros2_px4_ws/install/x500_hover_controller:/home/mikks/ros2_px4_ws/install/example_mode_with_rclpy_py:/home/mikks/ros2_px4_ws/install/example_mode_goto_py:/home/mikks/ros2_px4_ws/install/px4_actuator_ctrl:/home/mikks/ros2_ws/install/rover_desc_description:/home/mikks/ros2_ws/install/px4_actuator_ctrl:/home/mikks/ros2_ws/install/mine_rover_description:/home/mikks/ros2_ws/install/ZerionURDFV5cp_description:/home/mikks/crazyflie_mapping_demo/ros2_ws/install/velocity_free_consensus:/home/mikks/crazyflie_mapping_demo/ros2_ws/install/stepwise_lowpos:/home/mikks/crazyflie_mapping_demo/ros2_ws/install/step_wise_lowpos:/home/mikks/crazyflie_mapping_demo/ros2_ws/install/second_order_formation_control:/home/mikks/crazyflie_mapping_demo/ros2_ws/install/ros_gz_crazyflie_control:/home/mikks/crazyflie_mapping_demo/ros2_ws/install/mixed_fractional_consensus:/home/mikks/crazyflie_mapping_demo/ros2_ws/install/lowest_pos:/home/mikks/crazyflie_mapping_demo/ros2_ws/install/linear_consensus:/home/mikks/crazyflie_mapping_demo/ros2_ws/install/highest_pos:/home/mikks/crazyflie_mapping_demo/ros2_ws/install/fractional_consensus_alpha:/home/mikks/crazyflie_mapping_demo/ros2_ws/install/event_triggered_swarm:/home/mikks/crazyflie_mapping_demo/ros2_ws/install/drone_logger:/home/mikks/crazyflie_mapping_demo/ros2_ws/install/distributed_average_tracking:/home/mikks/crazyflie_mapping_demo/ros2_ws/install/crazyflie_swarm_logic:/home/mikks/crazyflie_mapping_demo/ros2_ws/install/crazyflie_ros2_multiranger_wall_following:/home/mikks/crazyflie_mapping_demo/ros2_ws/install/crazyflie_ros2_multiranger_simple_mapper:/home/mikks/crazyflie_mapping_demo/ros2_ws/install/crazyflie_py:/home/mikks/crazyflie_mapping_demo/ros2_ws/install/cooperative_target_centric_formation:/home/mikks/crazyflie_mapping_demo/ros2_ws/install/containment_using_agent_information:/home/mikks/crazyflie_mapping_demo/ros2_ws/install/consensus_for_double_integrator:/home/mikks/crazyflie_mapping_demo/ros2_ws/install/consensus_alignment:/home/mikks/crazyflie_mapping_demo/ros2_ws/install/binary_consensus:/home/mikks/crazyflie_mapping_demo/ros2_ws/install/Second_Order_Min_Consensus_for_Heterogeneous_Agents:/home/mikks/crazyflie_mapping_demo/ros2_ws/install/BinaryContainmentChain:/opt/ros/jazzy DEBUGINFOD_URLS=https://debuginfod.ubuntu.com LD_LIBRARY_PATH=/home/mikks/ros2_px4_ws/install/px4_ros2_cpp/lib:/home/mikks/ros2_px4_ws/install/px4_msgs/lib:/home/mikks/ros2_px4_ws/install/px4_ros_com/lib:/home/mikks/NatNet_SDK_4.3_ubuntu/lib:/home/mikks/crazyflie_mapping_demo/ros2_ws/install/crazyflie_interfaces/lib:/opt/ros/jazzy/opt/gz_sim_vendor/lib:/opt/ros/jazzy/opt/gz_sensors_vendor/lib:/opt/ros/jazzy/opt/gz_physics_vendor/lib:/opt/ros/jazzy/opt/sdformat_vendor/lib:/opt/ros/jazzy/opt/rviz_ogre_vendor/lib:/opt/ros/jazzy/lib/x86_64-linux-gnu:/opt/ros/jazzy/opt/gz_gui_vendor/lib:/opt/ros/jazzy/opt/gz_transport_vendor/lib:/opt/ros/jazzy/opt/gz_rendering_vendor/lib:/opt/ros/jazzy/opt/gz_plugin_vendor/lib:/opt/ros/jazzy/opt/gz_fuel_tools_vendor/lib:/opt/ros/jazzy/opt/gz_msgs_vendor/lib:/opt/ros/jazzy/opt/gz_common_vendor/lib:/opt/ros/jazzy/opt/gz_math_vendor/lib:/opt/ros/jazzy/opt/gz_utils_vendor/lib:/opt/ros/jazzy/opt/gz_tools_vendor/lib:/opt/ros/jazzy/opt/gz_ogre_next_vendor/lib:/opt/ros/jazzy/opt/gz_dartsim_vendor/lib:/opt/ros/jazzy/opt/gz_cmake_vendor/lib:/opt/ros/jazzy/lib PYTHONPATH=/home/mikks/ros2_px4_ws/install/px4_msgs/lib/python3.12/site-packages:/home/mikks/ros2_px4_ws/build/x500_hover_controller:/home/mikks/ros2_px4_ws/install/x500_hover_controller/lib/python3.12/site-packages:/home/mikks/ros2_px4_ws/install/px4_ros_com/lib/python3.12/site-packages:/home/mikks/ros2_px4_ws/build/example_mode_with_rclpy_py:/home/mikks/ros2_px4_ws/install/example_mode_with_rclpy_py/lib/python3.12/site-packages:/home/mikks/ros2_px4_ws/build/example_mode_goto_py:/home/mikks/ros2_px4_ws/install/example_mode_goto_py/lib/python3.12/site-packages:/home/mikks/ros2_px4_ws/install/px4_ros2_py/lib/python3.12/site-packages:/home/mikks/ros2_px4_ws/build/px4_actuator_ctrl:/home/mikks/ros2_px4_ws/install/px4_actuator_ctrl/lib/python3.12/site-packages:/home/mikks/ros2_ws/build/rover_desc_description:/home/mikks/ros2_ws/install/rover_desc_description/lib/python3.12/site-packages:/home/mikks/ros2_ws/install/px4_actuator_ctrl/lib/python3.12/site-packages:/home/mikks/ros2_ws/build/mine_rover_description:/home/mikks/ros2_ws/install/mine_rover_description/lib/python3.12/site-packages:/home/mikks/ros2_ws/build/ZerionURDFV5cp_description:/home/mikks/ros2_ws/install/ZerionURDFV5cp_description/lib/python3.12/site-packages:/home/mikks/crazyflie_mapping_demo/ros2_ws/install/velocity_free_consensus/lib/python3.12/site-packages:/home/mikks/crazyflie_mapping_demo/ros2_ws/install/stepwise_lowpos/lib/python3.12/site-packages:/home/mikks/crazyflie_mapping_demo/ros2_ws/install/step_wise_lowpos/lib/python3.12/site-packages:/home/mikks/crazyflie_mapping_demo/ros2_ws/install/second_order_formation_control/lib/python3.12/site-packages:/home/mikks/crazyflie_mapping_demo/ros2_ws/install/ros_gz_crazyflie_control/lib/python3.12/site-packages:/home/mikks/crazyflie_mapping_demo/ros2_ws/install/mixed_fractional_consensus/lib/python3.12/site-packages:/home/mikks/crazyflie_mapping_demo/ros2_ws/install/lowest_pos/lib/python3.12/site-packages:/home/mikks/crazyflie_mapping_demo/ros2_ws/install/linear_consensus/lib/python3.12/site-packages:/home/mikks/crazyflie_mapping_demo/ros2_ws/install/highest_pos/lib/python3.12/site-packages:/home/mikks/crazyflie_mapping_demo/ros2_ws/install/fractional_consensus_alpha/lib/python3.12/site-packages:/home/mikks/crazyflie_mapping_demo/ros2_ws/install/event_triggered_swarm/lib/python3.12/site-packages:/home/mikks/crazyflie_mapping_demo/ros2_ws/install/drone_logger/lib/python3.12/site-packages:/home/mikks/crazyflie_mapping_demo/ros2_ws/install/distributed_average_tracking/lib/python3.12/site-packages:/home/mikks/crazyflie_mapping_demo/ros2_ws/install/crazyflie_swarm_logic/lib/python3.12/site-packages:/home/mikks/crazyflie_mapping_demo/ros2_ws/install/crazyflie_sim/lib/python3.12/site-packages:/home/mikks/crazyflie_mapping_demo/ros2_ws/install/crazyflie_ros2_multiranger_wall_following/lib/python3.12/site-packages:/home/mikks/crazyflie_mapping_demo/ros2_ws/install/crazyflie_ros2_multiranger_simple_mapper/lib/python3.12/site-packages:/home/mikks/crazyflie_mapping_demo/ros2_ws/install/crazyflie_examples/lib/python3.12/site-packages:/home/mikks/crazyflie_mapping_demo/ros2_ws/install/crazyflie_py/lib/python3.12/site-packages:/home/mikks/crazyflie_mapping_demo/ros2_ws/install/crazyflie_interfaces/lib/python3.12/site-packages:/home/mikks/crazyflie_mapping_demo/ros2_ws/install/cooperative_target_centric_formation/lib/python3.12/site-packages:/home/mikks/crazyflie_mapping_demo/ros2_ws/install/containment_using_agent_information/lib/python3.12/site-packages:/home/mikks/crazyflie_mapping_demo/ros2_ws/install/consensus_for_double_integrator/lib/python3.12/site-packages:/home/mikks/crazyflie_mapping_demo/ros2_ws/install/consensus_alignment/lib/python3.12/site-packages:/home/mikks/crazyflie_mapping_demo/ros2_ws/install/binary_consensus/lib/python3.12/site-packages:/home/mikks/crazyflie_mapping_demo/ros2_ws/install/Second_Order_Min_Consensus_for_Heterogeneous_Agents/lib/python3.12/site-packages:/home/mikks/crazyflie_mapping_demo/ros2_ws/install/BinaryContainmentChain/lib/python3.12/site-packages:/opt/ros/jazzy/lib/python3.12/site-packages /usr/bin/cmake --install /home/mikks/ros2_px4_ws/build/example_global_navigation_cpp
[3.771s] DEBUG:colcon.colcon_core.event_handler.log_command:Invoked command in '/home/mikks/ros2_px4_ws/build/example_mode_fw_attitude_cpp' returned '0': CMAKE_PREFIX_PATH=/home/mikks/ros2_px4_ws/install/px4_ros2_cpp:/home/mikks/ros2_px4_ws/install/px4_msgs:/home/mikks/ros2_px4_ws/install/px4_ros_com:/home/mikks/ros2_px4_ws/install/px4_ros2_py:/home/mikks/ros2_px4_ws/install/example_rover_velocity_mode_cpp:/home/mikks/ros2_px4_ws/install/example_mode_with_executor_cpp:/home/mikks/ros2_px4_ws/install/example_mode_vtol_cpp:/home/mikks/ros2_px4_ws/install/example_mode_rtl_replacement_cpp:/home/mikks/ros2_px4_ws/install/example_mode_mission_cpp:/home/mikks/ros2_px4_ws/install/example_mode_manual_cpp:/home/mikks/ros2_px4_ws/install/example_mode_goto_global_cpp:/home/mikks/ros2_px4_ws/install/example_mode_goto_cpp:/home/mikks/ros2_px4_ws/install/example_mode_fw_attitude_cpp:/home/mikks/ros2_px4_ws/install/example_local_navigation_cpp:/home/mikks/ros2_px4_ws/install/example_global_navigation_cpp:/home/mikks/ros2_px4_ws/install/example_executor_with_multiple_modes_cpp:/home/mikks/crazyflie_mapping_demo/ros2_ws/install/crazyflie_ros2_multiranger_bringup:/home/mikks/crazyflie_mapping_demo/ros2_ws/install/ros_gz_crazyflie_bringup:/home/mikks/crazyflie_mapping_demo/ros2_ws/install/ros_gz_crazyflie_gazebo:/home/mikks/crazyflie_mapping_demo/ros2_ws/install/crazyflie_sim:/home/mikks/crazyflie_mapping_demo/ros2_ws/install/crazyflie_examples:/home/mikks/crazyflie_mapping_demo/ros2_ws/install/crazyflie:/home/mikks/crazyflie_mapping_demo/ros2_ws/install/crazyflie_interfaces:/opt/ros/jazzy/opt/gz_sim_vendor:/opt/ros/jazzy/opt/gz_sensors_vendor:/opt/ros/jazzy/opt/gz_physics_vendor:/opt/ros/jazzy/opt/sdformat_vendor:/opt/ros/jazzy/opt/gz_gui_vendor:/opt/ros/jazzy/opt/gz_transport_vendor:/opt/ros/jazzy/opt/gz_rendering_vendor:/opt/ros/jazzy/opt/gz_plugin_vendor:/opt/ros/jazzy/opt/gz_fuel_tools_vendor:/opt/ros/jazzy/opt/gz_msgs_vendor:/opt/ros/jazzy/opt/gz_common_vendor:/opt/ros/jazzy/opt/gz_math_vendor:/opt/ros/jazzy/opt/gz_utils_vendor:/opt/ros/jazzy/opt/gz_tools_vendor:/opt/ros/jazzy/opt/gz_ogre_next_vendor:/opt/ros/jazzy/opt/gz_dartsim_vendor:/opt/ros/jazzy/opt/gz_cmake_vendor:/home/mikks/ros2_px4_ws/install/x500_hover_controller:/home/mikks/ros2_px4_ws/install/example_mode_with_rclpy_py:/home/mikks/ros2_px4_ws/install/example_mode_goto_py:/home/mikks/ros2_px4_ws/install/px4_actuator_ctrl:/home/mikks/ros2_ws/install/rover_desc_description:/home/mikks/ros2_ws/install/px4_actuator_ctrl:/home/mikks/ros2_ws/install/mine_rover_description:/home/mikks/ros2_ws/install/ZerionURDFV5cp_description:/home/mikks/crazyflie_mapping_demo/ros2_ws/install/velocity_free_consensus:/home/mikks/crazyflie_mapping_demo/ros2_ws/install/stepwise_lowpos:/home/mikks/crazyflie_mapping_demo/ros2_ws/install/step_wise_lowpos:/home/mikks/crazyflie_mapping_demo/ros2_ws/install/second_order_formation_control:/home/mikks/crazyflie_mapping_demo/ros2_ws/install/ros_gz_crazyflie_control:/home/mikks/crazyflie_mapping_demo/ros2_ws/install/mixed_fractional_consensus:/home/mikks/crazyflie_mapping_demo/ros2_ws/install/lowest_pos:/home/mikks/crazyflie_mapping_demo/ros2_ws/install/linear_consensus:/home/mikks/crazyflie_mapping_demo/ros2_ws/install/highest_pos:/home/mikks/crazyflie_mapping_demo/ros2_ws/install/fractional_consensus_alpha:/home/mikks/crazyflie_mapping_demo/ros2_ws/install/event_triggered_swarm:/home/mikks/crazyflie_mapping_demo/ros2_ws/install/drone_logger:/home/mikks/crazyflie_mapping_demo/ros2_ws/install/distributed_average_tracking:/home/mikks/crazyflie_mapping_demo/ros2_ws/install/crazyflie_swarm_logic:/home/mikks/crazyflie_mapping_demo/ros2_ws/install/crazyflie_ros2_multiranger_wall_following:/home/mikks/crazyflie_mapping_demo/ros2_ws/install/crazyflie_ros2_multiranger_simple_mapper:/home/mikks/crazyflie_mapping_demo/ros2_ws/install/crazyflie_py:/home/mikks/crazyflie_mapping_demo/ros2_ws/install/cooperative_target_centric_formation:/home/mikks/crazyflie_mapping_demo/ros2_ws/install/containment_using_agent_information:/home/mikks/crazyflie_mapping_demo/ros2_ws/install/consensus_for_double_integrator:/home/mikks/crazyflie_mapping_demo/ros2_ws/install/consensus_alignment:/home/mikks/crazyflie_mapping_demo/ros2_ws/install/binary_consensus:/home/mikks/crazyflie_mapping_demo/ros2_ws/install/Second_Order_Min_Consensus_for_Heterogeneous_Agents:/home/mikks/crazyflie_mapping_demo/ros2_ws/install/BinaryContainmentChain:/opt/ros/jazzy DEBUGINFOD_URLS=https://debuginfod.ubuntu.com LD_LIBRARY_PATH=/home/mikks/ros2_px4_ws/install/px4_ros2_cpp/lib:/home/mikks/ros2_px4_ws/install/px4_msgs/lib:/home/mikks/ros2_px4_ws/install/px4_ros_com/lib:/home/mikks/NatNet_SDK_4.3_ubuntu/lib:/home/mikks/crazyflie_mapping_demo/ros2_ws/install/crazyflie_interfaces/lib:/opt/ros/jazzy/opt/gz_sim_vendor/lib:/opt/ros/jazzy/opt/gz_sensors_vendor/lib:/opt/ros/jazzy/opt/gz_physics_vendor/lib:/opt/ros/jazzy/opt/sdformat_vendor/lib:/opt/ros/jazzy/opt/rviz_ogre_vendor/lib:/opt/ros/jazzy/lib/x86_64-linux-gnu:/opt/ros/jazzy/opt/gz_gui_vendor/lib:/opt/ros/jazzy/opt/gz_transport_vendor/lib:/opt/ros/jazzy/opt/gz_rendering_vendor/lib:/opt/ros/jazzy/opt/gz_plugin_vendor/lib:/opt/ros/jazzy/opt/gz_fuel_tools_vendor/lib:/opt/ros/jazzy/opt/gz_msgs_vendor/lib:/opt/ros/jazzy/opt/gz_common_vendor/lib:/opt/ros/jazzy/opt/gz_math_vendor/lib:/opt/ros/jazzy/opt/gz_utils_vendor/lib:/opt/ros/jazzy/opt/gz_tools_vendor/lib:/opt/ros/jazzy/opt/gz_ogre_next_vendor/lib:/opt/ros/jazzy/opt/gz_dartsim_vendor/lib:/opt/ros/jazzy/opt/gz_cmake_vendor/lib:/opt/ros/jazzy/lib PYTHONPATH=/home/mikks/ros2_px4_ws/install/px4_msgs/lib/python3.12/site-packages:/home/mikks/ros2_px4_ws/build/x500_hover_controller:/home/mikks/ros2_px4_ws/install/x500_hover_controller/lib/python3.12/site-packages:/home/mikks/ros2_px4_ws/install/px4_ros_com/lib/python3.12/site-packages:/home/mikks/ros2_px4_ws/build/example_mode_with_rclpy_py:/home/mikks/ros2_px4_ws/install/example_mode_with_rclpy_py/lib/python3.12/site-packages:/home/mikks/ros2_px4_ws/build/example_mode_goto_py:/home/mikks/ros2_px4_ws/install/example_mode_goto_py/lib/python3.12/site-packages:/home/mikks/ros2_px4_ws/install/px4_ros2_py/lib/python3.12/site-packages:/home/mikks/ros2_px4_ws/build/px4_actuator_ctrl:/home/mikks/ros2_px4_ws/install/px4_actuator_ctrl/lib/python3.12/site-packages:/home/mikks/ros2_ws/build/rover_desc_description:/home/mikks/ros2_ws/install/rover_desc_description/lib/python3.12/site-packages:/home/mikks/ros2_ws/install/px4_actuator_ctrl/lib/python3.12/site-packages:/home/mikks/ros2_ws/build/mine_rover_description:/home/mikks/ros2_ws/install/mine_rover_description/lib/python3.12/site-packages:/home/mikks/ros2_ws/build/ZerionURDFV5cp_description:/home/mikks/ros2_ws/install/ZerionURDFV5cp_description/lib/python3.12/site-packages:/home/mikks/crazyflie_mapping_demo/ros2_ws/install/velocity_free_consensus/lib/python3.12/site-packages:/home/mikks/crazyflie_mapping_demo/ros2_ws/install/stepwise_lowpos/lib/python3.12/site-packages:/home/mikks/crazyflie_mapping_demo/ros2_ws/install/step_wise_lowpos/lib/python3.12/site-packages:/home/mikks/crazyflie_mapping_demo/ros2_ws/install/second_order_formation_control/lib/python3.12/site-packages:/home/mikks/crazyflie_mapping_demo/ros2_ws/install/ros_gz_crazyflie_control/lib/python3.12/site-packages:/home/mikks/crazyflie_mapping_demo/ros2_ws/install/mixed_fractional_consensus/lib/python3.12/site-packages:/home/mikks/crazyflie_mapping_demo/ros2_ws/install/lowest_pos/lib/python3.12/site-packages:/home/mikks/crazyflie_mapping_demo/ros2_ws/install/linear_consensus/lib/python3.12/site-packages:/home/mikks/crazyflie_mapping_demo/ros2_ws/install/highest_pos/lib/python3.12/site-packages:/home/mikks/crazyflie_mapping_demo/ros2_ws/install/fractional_consensus_alpha/lib/python3.12/site-packages:/home/mikks/crazyflie_mapping_demo/ros2_ws/install/event_triggered_swarm/lib/python3.12/site-packages:/home/mikks/crazyflie_mapping_demo/ros2_ws/install/drone_logger/lib/python3.12/site-packages:/home/mikks/crazyflie_mapping_demo/ros2_ws/install/distributed_average_tracking/lib/python3.12/site-packages:/home/mikks/crazyflie_mapping_demo/ros2_ws/install/crazyflie_swarm_logic/lib/python3.12/site-packages:/home/mikks/crazyflie_mapping_demo/ros2_ws/install/crazyflie_sim/lib/python3.12/site-packages:/home/mikks/crazyflie_mapping_demo/ros2_ws/install/crazyflie_ros2_multiranger_wall_following/lib/python3.12/site-packages:/home/mikks/crazyflie_mapping_demo/ros2_ws/install/crazyflie_ros2_multiranger_simple_mapper/lib/python3.12/site-packages:/home/mikks/crazyflie_mapping_demo/ros2_ws/install/crazyflie_examples/lib/python3.12/site-packages:/home/mikks/crazyflie_mapping_demo/ros2_ws/install/crazyflie_py/lib/python3.12/site-packages:/home/mikks/crazyflie_mapping_demo/ros2_ws/install/crazyflie_interfaces/lib/python3.12/site-packages:/home/mikks/crazyflie_mapping_demo/ros2_ws/install/cooperative_target_centric_formation/lib/python3.12/site-packages:/home/mikks/crazyflie_mapping_demo/ros2_ws/install/containment_using_agent_information/lib/python3.12/site-packages:/home/mikks/crazyflie_mapping_demo/ros2_ws/install/consensus_for_double_integrator/lib/python3.12/site-packages:/home/mikks/crazyflie_mapping_demo/ros2_ws/install/consensus_alignment/lib/python3.12/site-packages:/home/mikks/crazyflie_mapping_demo/ros2_ws/install/binary_consensus/lib/python3.12/site-packages:/home/mikks/crazyflie_mapping_demo/ros2_ws/install/Second_Order_Min_Consensus_for_Heterogeneous_Agents/lib/python3.12/site-packages:/home/mikks/crazyflie_mapping_demo/ros2_ws/install/BinaryContainmentChain/lib/python3.12/site-packages:/opt/ros/jazzy/lib/python3.12/site-packages /usr/bin/cmake --build /home/mikks/ros2_px4_ws/build/example_mode_fw_attitude_cpp -- -j12 -l12
[3.771s] DEBUG:colcon.colcon_core.event_handler.log_command:Invoking command in '/home/mikks/ros2_px4_ws/build/example_mode_fw_attitude_cpp': CMAKE_PREFIX_PATH=/home/mikks/ros2_px4_ws/install/px4_ros2_cpp:/home/mikks/ros2_px4_ws/install/px4_msgs:/home/mikks/ros2_px4_ws/install/px4_ros_com:/home/mikks/ros2_px4_ws/install/px4_ros2_py:/home/mikks/ros2_px4_ws/install/example_rover_velocity_mode_cpp:/home/mikks/ros2_px4_ws/install/example_mode_with_executor_cpp:/home/mikks/ros2_px4_ws/install/example_mode_vtol_cpp:/home/mikks/ros2_px4_ws/install/example_mode_rtl_replacement_cpp:/home/mikks/ros2_px4_ws/install/example_mode_mission_cpp:/home/mikks/ros2_px4_ws/install/example_mode_manual_cpp:/home/mikks/ros2_px4_ws/install/example_mode_goto_global_cpp:/home/mikks/ros2_px4_ws/install/example_mode_goto_cpp:/home/mikks/ros2_px4_ws/install/example_mode_fw_attitude_cpp:/home/mikks/ros2_px4_ws/install/example_local_navigation_cpp:/home/mikks/ros2_px4_ws/install/example_global_navigation_cpp:/home/mikks/ros2_px4_ws/install/example_executor_with_multiple_modes_cpp:/home/mikks/crazyflie_mapping_demo/ros2_ws/install/crazyflie_ros2_multiranger_bringup:/home/mikks/crazyflie_mapping_demo/ros2_ws/install/ros_gz_crazyflie_bringup:/home/mikks/crazyflie_mapping_demo/ros2_ws/install/ros_gz_crazyflie_gazebo:/home/mikks/crazyflie_mapping_demo/ros2_ws/install/crazyflie_sim:/home/mikks/crazyflie_mapping_demo/ros2_ws/install/crazyflie_examples:/home/mikks/crazyflie_mapping_demo/ros2_ws/install/crazyflie:/home/mikks/crazyflie_mapping_demo/ros2_ws/install/crazyflie_interfaces:/opt/ros/jazzy/opt/gz_sim_vendor:/opt/ros/jazzy/opt/gz_sensors_vendor:/opt/ros/jazzy/opt/gz_physics_vendor:/opt/ros/jazzy/opt/sdformat_vendor:/opt/ros/jazzy/opt/gz_gui_vendor:/opt/ros/jazzy/opt/gz_transport_vendor:/opt/ros/jazzy/opt/gz_rendering_vendor:/opt/ros/jazzy/opt/gz_plugin_vendor:/opt/ros/jazzy/opt/gz_fuel_tools_vendor:/opt/ros/jazzy/opt/gz_msgs_vendor:/opt/ros/jazzy/opt/gz_common_vendor:/opt/ros/jazzy/opt/gz_math_vendor:/opt/ros/jazzy/opt/gz_utils_vendor:/opt/ros/jazzy/opt/gz_tools_vendor:/opt/ros/jazzy/opt/gz_ogre_next_vendor:/opt/ros/jazzy/opt/gz_dartsim_vendor:/opt/ros/jazzy/opt/gz_cmake_vendor:/home/mikks/ros2_px4_ws/install/x500_hover_controller:/home/mikks/ros2_px4_ws/install/example_mode_with_rclpy_py:/home/mikks/ros2_px4_ws/install/example_mode_goto_py:/home/mikks/ros2_px4_ws/install/px4_actuator_ctrl:/home/mikks/ros2_ws/install/rover_desc_description:/home/mikks/ros2_ws/install/px4_actuator_ctrl:/home/mikks/ros2_ws/install/mine_rover_description:/home/mikks/ros2_ws/install/ZerionURDFV5cp_description:/home/mikks/crazyflie_mapping_demo/ros2_ws/install/velocity_free_consensus:/home/mikks/crazyflie_mapping_demo/ros2_ws/install/stepwise_lowpos:/home/mikks/crazyflie_mapping_demo/ros2_ws/install/step_wise_lowpos:/home/mikks/crazyflie_mapping_demo/ros2_ws/install/second_order_formation_control:/home/mikks/crazyflie_mapping_demo/ros2_ws/install/ros_gz_crazyflie_control:/home/mikks/crazyflie_mapping_demo/ros2_ws/install/mixed_fractional_consensus:/home/mikks/crazyflie_mapping_demo/ros2_ws/install/lowest_pos:/home/mikks/crazyflie_mapping_demo/ros2_ws/install/linear_consensus:/home/mikks/crazyflie_mapping_demo/ros2_ws/install/highest_pos:/home/mikks/crazyflie_mapping_demo/ros2_ws/install/fractional_consensus_alpha:/home/mikks/crazyflie_mapping_demo/ros2_ws/install/event_triggered_swarm:/home/mikks/crazyflie_mapping_demo/ros2_ws/install/drone_logger:/home/mikks/crazyflie_mapping_demo/ros2_ws/install/distributed_average_tracking:/home/mikks/crazyflie_mapping_demo/ros2_ws/install/crazyflie_swarm_logic:/home/mikks/crazyflie_mapping_demo/ros2_ws/install/crazyflie_ros2_multiranger_wall_following:/home/mikks/crazyflie_mapping_demo/ros2_ws/install/crazyflie_ros2_multiranger_simple_mapper:/home/mikks/crazyflie_mapping_demo/ros2_ws/install/crazyflie_py:/home/mikks/crazyflie_mapping_demo/ros2_ws/install/cooperative_target_centric_formation:/home/mikks/crazyflie_mapping_demo/ros2_ws/install/containment_using_agent_information:/home/mikks/crazyflie_mapping_demo/ros2_ws/install/consensus_for_double_integrator:/home/mikks/crazyflie_mapping_demo/ros2_ws/install/consensus_alignment:/home/mikks/crazyflie_mapping_demo/ros2_ws/install/binary_consensus:/home/mikks/crazyflie_mapping_demo/ros2_ws/install/Second_Order_Min_Consensus_for_Heterogeneous_Agents:/home/mikks/crazyflie_mapping_demo/ros2_ws/install/BinaryContainmentChain:/opt/ros/jazzy DEBUGINFOD_URLS=https://debuginfod.ubuntu.com LD_LIBRARY_PATH=/home/mikks/ros2_px4_ws/install/px4_ros2_cpp/lib:/home/mikks/ros2_px4_ws/install/px4_msgs/lib:/home/mikks/ros2_px4_ws/install/px4_ros_com/lib:/home/mikks/NatNet_SDK_4.3_ubuntu/lib:/home/mikks/crazyflie_mapping_demo/ros2_ws/install/crazyflie_interfaces/lib:/opt/ros/jazzy/opt/gz_sim_vendor/lib:/opt/ros/jazzy/opt/gz_sensors_vendor/lib:/opt/ros/jazzy/opt/gz_physics_vendor/lib:/opt/ros/jazzy/opt/sdformat_vendor/lib:/opt/ros/jazzy/opt/rviz_ogre_vendor/lib:/opt/ros/jazzy/lib/x86_64-linux-gnu:/opt/ros/jazzy/opt/gz_gui_vendor/lib:/opt/ros/jazzy/opt/gz_transport_vendor/lib:/opt/ros/jazzy/opt/gz_rendering_vendor/lib:/opt/ros/jazzy/opt/gz_plugin_vendor/lib:/opt/ros/jazzy/opt/gz_fuel_tools_vendor/lib:/opt/ros/jazzy/opt/gz_msgs_vendor/lib:/opt/ros/jazzy/opt/gz_common_vendor/lib:/opt/ros/jazzy/opt/gz_math_vendor/lib:/opt/ros/jazzy/opt/gz_utils_vendor/lib:/opt/ros/jazzy/opt/gz_tools_vendor/lib:/opt/ros/jazzy/opt/gz_ogre_next_vendor/lib:/opt/ros/jazzy/opt/gz_dartsim_vendor/lib:/opt/ros/jazzy/opt/gz_cmake_vendor/lib:/opt/ros/jazzy/lib PYTHONPATH=/home/mikks/ros2_px4_ws/install/px4_msgs/lib/python3.12/site-packages:/home/mikks/ros2_px4_ws/build/x500_hover_controller:/home/mikks/ros2_px4_ws/install/x500_hover_controller/lib/python3.12/site-packages:/home/mikks/ros2_px4_ws/install/px4_ros_com/lib/python3.12/site-packages:/home/mikks/ros2_px4_ws/build/example_mode_with_rclpy_py:/home/mikks/ros2_px4_ws/install/example_mode_with_rclpy_py/lib/python3.12/site-packages:/home/mikks/ros2_px4_ws/build/example_mode_goto_py:/home/mikks/ros2_px4_ws/install/example_mode_goto_py/lib/python3.12/site-packages:/home/mikks/ros2_px4_ws/install/px4_ros2_py/lib/python3.12/site-packages:/home/mikks/ros2_px4_ws/build/px4_actuator_ctrl:/home/mikks/ros2_px4_ws/install/px4_actuator_ctrl/lib/python3.12/site-packages:/home/mikks/ros2_ws/build/rover_desc_description:/home/mikks/ros2_ws/install/rover_desc_description/lib/python3.12/site-packages:/home/mikks/ros2_ws/install/px4_actuator_ctrl/lib/python3.12/site-packages:/home/mikks/ros2_ws/build/mine_rover_description:/home/mikks/ros2_ws/install/mine_rover_description/lib/python3.12/site-packages:/home/mikks/ros2_ws/build/ZerionURDFV5cp_description:/home/mikks/ros2_ws/install/ZerionURDFV5cp_description/lib/python3.12/site-packages:/home/mikks/crazyflie_mapping_demo/ros2_ws/install/velocity_free_consensus/lib/python3.12/site-packages:/home/mikks/crazyflie_mapping_demo/ros2_ws/install/stepwise_lowpos/lib/python3.12/site-packages:/home/mikks/crazyflie_mapping_demo/ros2_ws/install/step_wise_lowpos/lib/python3.12/site-packages:/home/mikks/crazyflie_mapping_demo/ros2_ws/install/second_order_formation_control/lib/python3.12/site-packages:/home/mikks/crazyflie_mapping_demo/ros2_ws/install/ros_gz_crazyflie_control/lib/python3.12/site-packages:/home/mikks/crazyflie_mapping_demo/ros2_ws/install/mixed_fractional_consensus/lib/python3.12/site-packages:/home/mikks/crazyflie_mapping_demo/ros2_ws/install/lowest_pos/lib/python3.12/site-packages:/home/mikks/crazyflie_mapping_demo/ros2_ws/install/linear_consensus/lib/python3.12/site-packages:/home/mikks/crazyflie_mapping_demo/ros2_ws/install/highest_pos/lib/python3.12/site-packages:/home/mikks/crazyflie_mapping_demo/ros2_ws/install/fractional_consensus_alpha/lib/python3.12/site-packages:/home/mikks/crazyflie_mapping_demo/ros2_ws/install/event_triggered_swarm/lib/python3.12/site-packages:/home/mikks/crazyflie_mapping_demo/ros2_ws/install/drone_logger/lib/python3.12/site-packages:/home/mikks/crazyflie_mapping_demo/ros2_ws/install/distributed_average_tracking/lib/python3.12/site-packages:/home/mikks/crazyflie_mapping_demo/ros2_ws/install/crazyflie_swarm_logic/lib/python3.12/site-packages:/home/mikks/crazyflie_mapping_demo/ros2_ws/install/crazyflie_sim/lib/python3.12/site-packages:/home/mikks/crazyflie_mapping_demo/ros2_ws/install/crazyflie_ros2_multiranger_wall_following/lib/python3.12/site-packages:/home/mikks/crazyflie_mapping_demo/ros2_ws/install/crazyflie_ros2_multiranger_simple_mapper/lib/python3.12/site-packages:/home/mikks/crazyflie_mapping_demo/ros2_ws/install/crazyflie_examples/lib/python3.12/site-packages:/home/mikks/crazyflie_mapping_demo/ros2_ws/install/crazyflie_py/lib/python3.12/site-packages:/home/mikks/crazyflie_mapping_demo/ros2_ws/install/crazyflie_interfaces/lib/python3.12/site-packages:/home/mikks/crazyflie_mapping_demo/ros2_ws/install/cooperative_target_centric_formation/lib/python3.12/site-packages:/home/mikks/crazyflie_mapping_demo/ros2_ws/install/containment_using_agent_information/lib/python3.12/site-packages:/home/mikks/crazyflie_mapping_demo/ros2_ws/install/consensus_for_double_integrator/lib/python3.12/site-packages:/home/mikks/crazyflie_mapping_demo/ros2_ws/install/consensus_alignment/lib/python3.12/site-packages:/home/mikks/crazyflie_mapping_demo/ros2_ws/install/binary_consensus/lib/python3.12/site-packages:/home/mikks/crazyflie_mapping_demo/ros2_ws/install/Second_Order_Min_Consensus_for_Heterogeneous_Agents/lib/python3.12/site-packages:/home/mikks/crazyflie_mapping_demo/ros2_ws/install/BinaryContainmentChain/lib/python3.12/site-packages:/opt/ros/jazzy/lib/python3.12/site-packages /usr/bin/cmake --install /home/mikks/ros2_px4_ws/build/example_mode_fw_attitude_cpp
[3.778s] DEBUG:colcon.colcon_core.event_handler.log_command:Invoked command in '/home/mikks/ros2_px4_ws/build/example_local_navigation_cpp' returned '0': CMAKE_PREFIX_PATH=/home/mikks/ros2_px4_ws/install/px4_ros2_cpp:/home/mikks/ros2_px4_ws/install/px4_msgs:/home/mikks/ros2_px4_ws/install/px4_ros_com:/home/mikks/ros2_px4_ws/install/px4_ros2_py:/home/mikks/ros2_px4_ws/install/example_rover_velocity_mode_cpp:/home/mikks/ros2_px4_ws/install/example_mode_with_executor_cpp:/home/mikks/ros2_px4_ws/install/example_mode_vtol_cpp:/home/mikks/ros2_px4_ws/install/example_mode_rtl_replacement_cpp:/home/mikks/ros2_px4_ws/install/example_mode_mission_cpp:/home/mikks/ros2_px4_ws/install/example_mode_manual_cpp:/home/mikks/ros2_px4_ws/install/example_mode_goto_global_cpp:/home/mikks/ros2_px4_ws/install/example_mode_goto_cpp:/home/mikks/ros2_px4_ws/install/example_mode_fw_attitude_cpp:/home/mikks/ros2_px4_ws/install/example_local_navigation_cpp:/home/mikks/ros2_px4_ws/install/example_global_navigation_cpp:/home/mikks/ros2_px4_ws/install/example_executor_with_multiple_modes_cpp:/home/mikks/crazyflie_mapping_demo/ros2_ws/install/crazyflie_ros2_multiranger_bringup:/home/mikks/crazyflie_mapping_demo/ros2_ws/install/ros_gz_crazyflie_bringup:/home/mikks/crazyflie_mapping_demo/ros2_ws/install/ros_gz_crazyflie_gazebo:/home/mikks/crazyflie_mapping_demo/ros2_ws/install/crazyflie_sim:/home/mikks/crazyflie_mapping_demo/ros2_ws/install/crazyflie_examples:/home/mikks/crazyflie_mapping_demo/ros2_ws/install/crazyflie:/home/mikks/crazyflie_mapping_demo/ros2_ws/install/crazyflie_interfaces:/opt/ros/jazzy/opt/gz_sim_vendor:/opt/ros/jazzy/opt/gz_sensors_vendor:/opt/ros/jazzy/opt/gz_physics_vendor:/opt/ros/jazzy/opt/sdformat_vendor:/opt/ros/jazzy/opt/gz_gui_vendor:/opt/ros/jazzy/opt/gz_transport_vendor:/opt/ros/jazzy/opt/gz_rendering_vendor:/opt/ros/jazzy/opt/gz_plugin_vendor:/opt/ros/jazzy/opt/gz_fuel_tools_vendor:/opt/ros/jazzy/opt/gz_msgs_vendor:/opt/ros/jazzy/opt/gz_common_vendor:/opt/ros/jazzy/opt/gz_math_vendor:/opt/ros/jazzy/opt/gz_utils_vendor:/opt/ros/jazzy/opt/gz_tools_vendor:/opt/ros/jazzy/opt/gz_ogre_next_vendor:/opt/ros/jazzy/opt/gz_dartsim_vendor:/opt/ros/jazzy/opt/gz_cmake_vendor:/home/mikks/ros2_px4_ws/install/x500_hover_controller:/home/mikks/ros2_px4_ws/install/example_mode_with_rclpy_py:/home/mikks/ros2_px4_ws/install/example_mode_goto_py:/home/mikks/ros2_px4_ws/install/px4_actuator_ctrl:/home/mikks/ros2_ws/install/rover_desc_description:/home/mikks/ros2_ws/install/px4_actuator_ctrl:/home/mikks/ros2_ws/install/mine_rover_description:/home/mikks/ros2_ws/install/ZerionURDFV5cp_description:/home/mikks/crazyflie_mapping_demo/ros2_ws/install/velocity_free_consensus:/home/mikks/crazyflie_mapping_demo/ros2_ws/install/stepwise_lowpos:/home/mikks/crazyflie_mapping_demo/ros2_ws/install/step_wise_lowpos:/home/mikks/crazyflie_mapping_demo/ros2_ws/install/second_order_formation_control:/home/mikks/crazyflie_mapping_demo/ros2_ws/install/ros_gz_crazyflie_control:/home/mikks/crazyflie_mapping_demo/ros2_ws/install/mixed_fractional_consensus:/home/mikks/crazyflie_mapping_demo/ros2_ws/install/lowest_pos:/home/mikks/crazyflie_mapping_demo/ros2_ws/install/linear_consensus:/home/mikks/crazyflie_mapping_demo/ros2_ws/install/highest_pos:/home/mikks/crazyflie_mapping_demo/ros2_ws/install/fractional_consensus_alpha:/home/mikks/crazyflie_mapping_demo/ros2_ws/install/event_triggered_swarm:/home/mikks/crazyflie_mapping_demo/ros2_ws/install/drone_logger:/home/mikks/crazyflie_mapping_demo/ros2_ws/install/distributed_average_tracking:/home/mikks/crazyflie_mapping_demo/ros2_ws/install/crazyflie_swarm_logic:/home/mikks/crazyflie_mapping_demo/ros2_ws/install/crazyflie_ros2_multiranger_wall_following:/home/mikks/crazyflie_mapping_demo/ros2_ws/install/crazyflie_ros2_multiranger_simple_mapper:/home/mikks/crazyflie_mapping_demo/ros2_ws/install/crazyflie_py:/home/mikks/crazyflie_mapping_demo/ros2_ws/install/cooperative_target_centric_formation:/home/mikks/crazyflie_mapping_demo/ros2_ws/install/containment_using_agent_information:/home/mikks/crazyflie_mapping_demo/ros2_ws/install/consensus_for_double_integrator:/home/mikks/crazyflie_mapping_demo/ros2_ws/install/consensus_alignment:/home/mikks/crazyflie_mapping_demo/ros2_ws/install/binary_consensus:/home/mikks/crazyflie_mapping_demo/ros2_ws/install/Second_Order_Min_Consensus_for_Heterogeneous_Agents:/home/mikks/crazyflie_mapping_demo/ros2_ws/install/BinaryContainmentChain:/opt/ros/jazzy DEBUGINFOD_URLS=https://debuginfod.ubuntu.com LD_LIBRARY_PATH=/home/mikks/ros2_px4_ws/install/px4_ros2_cpp/lib:/home/mikks/ros2_px4_ws/install/px4_msgs/lib:/home/mikks/ros2_px4_ws/install/px4_ros_com/lib:/home/mikks/NatNet_SDK_4.3_ubuntu/lib:/home/mikks/crazyflie_mapping_demo/ros2_ws/install/crazyflie_interfaces/lib:/opt/ros/jazzy/opt/gz_sim_vendor/lib:/opt/ros/jazzy/opt/gz_sensors_vendor/lib:/opt/ros/jazzy/opt/gz_physics_vendor/lib:/opt/ros/jazzy/opt/sdformat_vendor/lib:/opt/ros/jazzy/opt/rviz_ogre_vendor/lib:/opt/ros/jazzy/lib/x86_64-linux-gnu:/opt/ros/jazzy/opt/gz_gui_vendor/lib:/opt/ros/jazzy/opt/gz_transport_vendor/lib:/opt/ros/jazzy/opt/gz_rendering_vendor/lib:/opt/ros/jazzy/opt/gz_plugin_vendor/lib:/opt/ros/jazzy/opt/gz_fuel_tools_vendor/lib:/opt/ros/jazzy/opt/gz_msgs_vendor/lib:/opt/ros/jazzy/opt/gz_common_vendor/lib:/opt/ros/jazzy/opt/gz_math_vendor/lib:/opt/ros/jazzy/opt/gz_utils_vendor/lib:/opt/ros/jazzy/opt/gz_tools_vendor/lib:/opt/ros/jazzy/opt/gz_ogre_next_vendor/lib:/opt/ros/jazzy/opt/gz_dartsim_vendor/lib:/opt/ros/jazzy/opt/gz_cmake_vendor/lib:/opt/ros/jazzy/lib PYTHONPATH=/home/mikks/ros2_px4_ws/install/px4_msgs/lib/python3.12/site-packages:/home/mikks/ros2_px4_ws/build/x500_hover_controller:/home/mikks/ros2_px4_ws/install/x500_hover_controller/lib/python3.12/site-packages:/home/mikks/ros2_px4_ws/install/px4_ros_com/lib/python3.12/site-packages:/home/mikks/ros2_px4_ws/build/example_mode_with_rclpy_py:/home/mikks/ros2_px4_ws/install/example_mode_with_rclpy_py/lib/python3.12/site-packages:/home/mikks/ros2_px4_ws/build/example_mode_goto_py:/home/mikks/ros2_px4_ws/install/example_mode_goto_py/lib/python3.12/site-packages:/home/mikks/ros2_px4_ws/install/px4_ros2_py/lib/python3.12/site-packages:/home/mikks/ros2_px4_ws/build/px4_actuator_ctrl:/home/mikks/ros2_px4_ws/install/px4_actuator_ctrl/lib/python3.12/site-packages:/home/mikks/ros2_ws/build/rover_desc_description:/home/mikks/ros2_ws/install/rover_desc_description/lib/python3.12/site-packages:/home/mikks/ros2_ws/install/px4_actuator_ctrl/lib/python3.12/site-packages:/home/mikks/ros2_ws/build/mine_rover_description:/home/mikks/ros2_ws/install/mine_rover_description/lib/python3.12/site-packages:/home/mikks/ros2_ws/build/ZerionURDFV5cp_description:/home/mikks/ros2_ws/install/ZerionURDFV5cp_description/lib/python3.12/site-packages:/home/mikks/crazyflie_mapping_demo/ros2_ws/install/velocity_free_consensus/lib/python3.12/site-packages:/home/mikks/crazyflie_mapping_demo/ros2_ws/install/stepwise_lowpos/lib/python3.12/site-packages:/home/mikks/crazyflie_mapping_demo/ros2_ws/install/step_wise_lowpos/lib/python3.12/site-packages:/home/mikks/crazyflie_mapping_demo/ros2_ws/install/second_order_formation_control/lib/python3.12/site-packages:/home/mikks/crazyflie_mapping_demo/ros2_ws/install/ros_gz_crazyflie_control/lib/python3.12/site-packages:/home/mikks/crazyflie_mapping_demo/ros2_ws/install/mixed_fractional_consensus/lib/python3.12/site-packages:/home/mikks/crazyflie_mapping_demo/ros2_ws/install/lowest_pos/lib/python3.12/site-packages:/home/mikks/crazyflie_mapping_demo/ros2_ws/install/linear_consensus/lib/python3.12/site-packages:/home/mikks/crazyflie_mapping_demo/ros2_ws/install/highest_pos/lib/python3.12/site-packages:/home/mikks/crazyflie_mapping_demo/ros2_ws/install/fractional_consensus_alpha/lib/python3.12/site-packages:/home/mikks/crazyflie_mapping_demo/ros2_ws/install/event_triggered_swarm/lib/python3.12/site-packages:/home/mikks/crazyflie_mapping_demo/ros2_ws/install/drone_logger/lib/python3.12/site-packages:/home/mikks/crazyflie_mapping_demo/ros2_ws/install/distributed_average_tracking/lib/python3.12/site-packages:/home/mikks/crazyflie_mapping_demo/ros2_ws/install/crazyflie_swarm_logic/lib/python3.12/site-packages:/home/mikks/crazyflie_mapping_demo/ros2_ws/install/crazyflie_sim/lib/python3.12/site-packages:/home/mikks/crazyflie_mapping_demo/ros2_ws/install/crazyflie_ros2_multiranger_wall_following/lib/python3.12/site-packages:/home/mikks/crazyflie_mapping_demo/ros2_ws/install/crazyflie_ros2_multiranger_simple_mapper/lib/python3.12/site-packages:/home/mikks/crazyflie_mapping_demo/ros2_ws/install/crazyflie_examples/lib/python3.12/site-packages:/home/mikks/crazyflie_mapping_demo/ros2_ws/install/crazyflie_py/lib/python3.12/site-packages:/home/mikks/crazyflie_mapping_demo/ros2_ws/install/crazyflie_interfaces/lib/python3.12/site-packages:/home/mikks/crazyflie_mapping_demo/ros2_ws/install/cooperative_target_centric_formation/lib/python3.12/site-packages:/home/mikks/crazyflie_mapping_demo/ros2_ws/install/containment_using_agent_information/lib/python3.12/site-packages:/home/mikks/crazyflie_mapping_demo/ros2_ws/install/consensus_for_double_integrator/lib/python3.12/site-packages:/home/mikks/crazyflie_mapping_demo/ros2_ws/install/consensus_alignment/lib/python3.12/site-packages:/home/mikks/crazyflie_mapping_demo/ros2_ws/install/binary_consensus/lib/python3.12/site-packages:/home/mikks/crazyflie_mapping_demo/ros2_ws/install/Second_Order_Min_Consensus_for_Heterogeneous_Agents/lib/python3.12/site-packages:/home/mikks/crazyflie_mapping_demo/ros2_ws/install/BinaryContainmentChain/lib/python3.12/site-packages:/opt/ros/jazzy/lib/python3.12/site-packages /usr/bin/cmake --build /home/mikks/ros2_px4_ws/build/example_local_navigation_cpp -- -j12 -l12
[3.783s] DEBUG:colcon.colcon_core.event_handler.log_command:Invoking command in '/home/mikks/ros2_px4_ws/build/example_local_navigation_cpp': CMAKE_PREFIX_PATH=/home/mikks/ros2_px4_ws/install/px4_ros2_cpp:/home/mikks/ros2_px4_ws/install/px4_msgs:/home/mikks/ros2_px4_ws/install/px4_ros_com:/home/mikks/ros2_px4_ws/install/px4_ros2_py:/home/mikks/ros2_px4_ws/install/example_rover_velocity_mode_cpp:/home/mikks/ros2_px4_ws/install/example_mode_with_executor_cpp:/home/mikks/ros2_px4_ws/install/example_mode_vtol_cpp:/home/mikks/ros2_px4_ws/install/example_mode_rtl_replacement_cpp:/home/mikks/ros2_px4_ws/install/example_mode_mission_cpp:/home/mikks/ros2_px4_ws/install/example_mode_manual_cpp:/home/mikks/ros2_px4_ws/install/example_mode_goto_global_cpp:/home/mikks/ros2_px4_ws/install/example_mode_goto_cpp:/home/mikks/ros2_px4_ws/install/example_mode_fw_attitude_cpp:/home/mikks/ros2_px4_ws/install/example_local_navigation_cpp:/home/mikks/ros2_px4_ws/install/example_global_navigation_cpp:/home/mikks/ros2_px4_ws/install/example_executor_with_multiple_modes_cpp:/home/mikks/crazyflie_mapping_demo/ros2_ws/install/crazyflie_ros2_multiranger_bringup:/home/mikks/crazyflie_mapping_demo/ros2_ws/install/ros_gz_crazyflie_bringup:/home/mikks/crazyflie_mapping_demo/ros2_ws/install/ros_gz_crazyflie_gazebo:/home/mikks/crazyflie_mapping_demo/ros2_ws/install/crazyflie_sim:/home/mikks/crazyflie_mapping_demo/ros2_ws/install/crazyflie_examples:/home/mikks/crazyflie_mapping_demo/ros2_ws/install/crazyflie:/home/mikks/crazyflie_mapping_demo/ros2_ws/install/crazyflie_interfaces:/opt/ros/jazzy/opt/gz_sim_vendor:/opt/ros/jazzy/opt/gz_sensors_vendor:/opt/ros/jazzy/opt/gz_physics_vendor:/opt/ros/jazzy/opt/sdformat_vendor:/opt/ros/jazzy/opt/gz_gui_vendor:/opt/ros/jazzy/opt/gz_transport_vendor:/opt/ros/jazzy/opt/gz_rendering_vendor:/opt/ros/jazzy/opt/gz_plugin_vendor:/opt/ros/jazzy/opt/gz_fuel_tools_vendor:/opt/ros/jazzy/opt/gz_msgs_vendor:/opt/ros/jazzy/opt/gz_common_vendor:/opt/ros/jazzy/opt/gz_math_vendor:/opt/ros/jazzy/opt/gz_utils_vendor:/opt/ros/jazzy/opt/gz_tools_vendor:/opt/ros/jazzy/opt/gz_ogre_next_vendor:/opt/ros/jazzy/opt/gz_dartsim_vendor:/opt/ros/jazzy/opt/gz_cmake_vendor:/home/mikks/ros2_px4_ws/install/x500_hover_controller:/home/mikks/ros2_px4_ws/install/example_mode_with_rclpy_py:/home/mikks/ros2_px4_ws/install/example_mode_goto_py:/home/mikks/ros2_px4_ws/install/px4_actuator_ctrl:/home/mikks/ros2_ws/install/rover_desc_description:/home/mikks/ros2_ws/install/px4_actuator_ctrl:/home/mikks/ros2_ws/install/mine_rover_description:/home/mikks/ros2_ws/install/ZerionURDFV5cp_description:/home/mikks/crazyflie_mapping_demo/ros2_ws/install/velocity_free_consensus:/home/mikks/crazyflie_mapping_demo/ros2_ws/install/stepwise_lowpos:/home/mikks/crazyflie_mapping_demo/ros2_ws/install/step_wise_lowpos:/home/mikks/crazyflie_mapping_demo/ros2_ws/install/second_order_formation_control:/home/mikks/crazyflie_mapping_demo/ros2_ws/install/ros_gz_crazyflie_control:/home/mikks/crazyflie_mapping_demo/ros2_ws/install/mixed_fractional_consensus:/home/mikks/crazyflie_mapping_demo/ros2_ws/install/lowest_pos:/home/mikks/crazyflie_mapping_demo/ros2_ws/install/linear_consensus:/home/mikks/crazyflie_mapping_demo/ros2_ws/install/highest_pos:/home/mikks/crazyflie_mapping_demo/ros2_ws/install/fractional_consensus_alpha:/home/mikks/crazyflie_mapping_demo/ros2_ws/install/event_triggered_swarm:/home/mikks/crazyflie_mapping_demo/ros2_ws/install/drone_logger:/home/mikks/crazyflie_mapping_demo/ros2_ws/install/distributed_average_tracking:/home/mikks/crazyflie_mapping_demo/ros2_ws/install/crazyflie_swarm_logic:/home/mikks/crazyflie_mapping_demo/ros2_ws/install/crazyflie_ros2_multiranger_wall_following:/home/mikks/crazyflie_mapping_demo/ros2_ws/install/crazyflie_ros2_multiranger_simple_mapper:/home/mikks/crazyflie_mapping_demo/ros2_ws/install/crazyflie_py:/home/mikks/crazyflie_mapping_demo/ros2_ws/install/cooperative_target_centric_formation:/home/mikks/crazyflie_mapping_demo/ros2_ws/install/containment_using_agent_information:/home/mikks/crazyflie_mapping_demo/ros2_ws/install/consensus_for_double_integrator:/home/mikks/crazyflie_mapping_demo/ros2_ws/install/consensus_alignment:/home/mikks/crazyflie_mapping_demo/ros2_ws/install/binary_consensus:/home/mikks/crazyflie_mapping_demo/ros2_ws/install/Second_Order_Min_Consensus_for_Heterogeneous_Agents:/home/mikks/crazyflie_mapping_demo/ros2_ws/install/BinaryContainmentChain:/opt/ros/jazzy DEBUGINFOD_URLS=https://debuginfod.ubuntu.com LD_LIBRARY_PATH=/home/mikks/ros2_px4_ws/install/px4_ros2_cpp/lib:/home/mikks/ros2_px4_ws/install/px4_msgs/lib:/home/mikks/ros2_px4_ws/install/px4_ros_com/lib:/home/mikks/NatNet_SDK_4.3_ubuntu/lib:/home/mikks/crazyflie_mapping_demo/ros2_ws/install/crazyflie_interfaces/lib:/opt/ros/jazzy/opt/gz_sim_vendor/lib:/opt/ros/jazzy/opt/gz_sensors_vendor/lib:/opt/ros/jazzy/opt/gz_physics_vendor/lib:/opt/ros/jazzy/opt/sdformat_vendor/lib:/opt/ros/jazzy/opt/rviz_ogre_vendor/lib:/opt/ros/jazzy/lib/x86_64-linux-gnu:/opt/ros/jazzy/opt/gz_gui_vendor/lib:/opt/ros/jazzy/opt/gz_transport_vendor/lib:/opt/ros/jazzy/opt/gz_rendering_vendor/lib:/opt/ros/jazzy/opt/gz_plugin_vendor/lib:/opt/ros/jazzy/opt/gz_fuel_tools_vendor/lib:/opt/ros/jazzy/opt/gz_msgs_vendor/lib:/opt/ros/jazzy/opt/gz_common_vendor/lib:/opt/ros/jazzy/opt/gz_math_vendor/lib:/opt/ros/jazzy/opt/gz_utils_vendor/lib:/opt/ros/jazzy/opt/gz_tools_vendor/lib:/opt/ros/jazzy/opt/gz_ogre_next_vendor/lib:/opt/ros/jazzy/opt/gz_dartsim_vendor/lib:/opt/ros/jazzy/opt/gz_cmake_vendor/lib:/opt/ros/jazzy/lib PYTHONPATH=/home/mikks/ros2_px4_ws/install/px4_msgs/lib/python3.12/site-packages:/home/mikks/ros2_px4_ws/build/x500_hover_controller:/home/mikks/ros2_px4_ws/install/x500_hover_controller/lib/python3.12/site-packages:/home/mikks/ros2_px4_ws/install/px4_ros_com/lib/python3.12/site-packages:/home/mikks/ros2_px4_ws/build/example_mode_with_rclpy_py:/home/mikks/ros2_px4_ws/install/example_mode_with_rclpy_py/lib/python3.12/site-packages:/home/mikks/ros2_px4_ws/build/example_mode_goto_py:/home/mikks/ros2_px4_ws/install/example_mode_goto_py/lib/python3.12/site-packages:/home/mikks/ros2_px4_ws/install/px4_ros2_py/lib/python3.12/site-packages:/home/mikks/ros2_px4_ws/build/px4_actuator_ctrl:/home/mikks/ros2_px4_ws/install/px4_actuator_ctrl/lib/python3.12/site-packages:/home/mikks/ros2_ws/build/rover_desc_description:/home/mikks/ros2_ws/install/rover_desc_description/lib/python3.12/site-packages:/home/mikks/ros2_ws/install/px4_actuator_ctrl/lib/python3.12/site-packages:/home/mikks/ros2_ws/build/mine_rover_description:/home/mikks/ros2_ws/install/mine_rover_description/lib/python3.12/site-packages:/home/mikks/ros2_ws/build/ZerionURDFV5cp_description:/home/mikks/ros2_ws/install/ZerionURDFV5cp_description/lib/python3.12/site-packages:/home/mikks/crazyflie_mapping_demo/ros2_ws/install/velocity_free_consensus/lib/python3.12/site-packages:/home/mikks/crazyflie_mapping_demo/ros2_ws/install/stepwise_lowpos/lib/python3.12/site-packages:/home/mikks/crazyflie_mapping_demo/ros2_ws/install/step_wise_lowpos/lib/python3.12/site-packages:/home/mikks/crazyflie_mapping_demo/ros2_ws/install/second_order_formation_control/lib/python3.12/site-packages:/home/mikks/crazyflie_mapping_demo/ros2_ws/install/ros_gz_crazyflie_control/lib/python3.12/site-packages:/home/mikks/crazyflie_mapping_demo/ros2_ws/install/mixed_fractional_consensus/lib/python3.12/site-packages:/home/mikks/crazyflie_mapping_demo/ros2_ws/install/lowest_pos/lib/python3.12/site-packages:/home/mikks/crazyflie_mapping_demo/ros2_ws/install/linear_consensus/lib/python3.12/site-packages:/home/mikks/crazyflie_mapping_demo/ros2_ws/install/highest_pos/lib/python3.12/site-packages:/home/mikks/crazyflie_mapping_demo/ros2_ws/install/fractional_consensus_alpha/lib/python3.12/site-packages:/home/mikks/crazyflie_mapping_demo/ros2_ws/install/event_triggered_swarm/lib/python3.12/site-packages:/home/mikks/crazyflie_mapping_demo/ros2_ws/install/drone_logger/lib/python3.12/site-packages:/home/mikks/crazyflie_mapping_demo/ros2_ws/install/distributed_average_tracking/lib/python3.12/site-packages:/home/mikks/crazyflie_mapping_demo/ros2_ws/install/crazyflie_swarm_logic/lib/python3.12/site-packages:/home/mikks/crazyflie_mapping_demo/ros2_ws/install/crazyflie_sim/lib/python3.12/site-packages:/home/mikks/crazyflie_mapping_demo/ros2_ws/install/crazyflie_ros2_multiranger_wall_following/lib/python3.12/site-packages:/home/mikks/crazyflie_mapping_demo/ros2_ws/install/crazyflie_ros2_multiranger_simple_mapper/lib/python3.12/site-packages:/home/mikks/crazyflie_mapping_demo/ros2_ws/install/crazyflie_examples/lib/python3.12/site-packages:/home/mikks/crazyflie_mapping_demo/ros2_ws/install/crazyflie_py/lib/python3.12/site-packages:/home/mikks/crazyflie_mapping_demo/ros2_ws/install/crazyflie_interfaces/lib/python3.12/site-packages:/home/mikks/crazyflie_mapping_demo/ros2_ws/install/cooperative_target_centric_formation/lib/python3.12/site-packages:/home/mikks/crazyflie_mapping_demo/ros2_ws/install/containment_using_agent_information/lib/python3.12/site-packages:/home/mikks/crazyflie_mapping_demo/ros2_ws/install/consensus_for_double_integrator/lib/python3.12/site-packages:/home/mikks/crazyflie_mapping_demo/ros2_ws/install/consensus_alignment/lib/python3.12/site-packages:/home/mikks/crazyflie_mapping_demo/ros2_ws/install/binary_consensus/lib/python3.12/site-packages:/home/mikks/crazyflie_mapping_demo/ros2_ws/install/Second_Order_Min_Consensus_for_Heterogeneous_Agents/lib/python3.12/site-packages:/home/mikks/crazyflie_mapping_demo/ros2_ws/install/BinaryContainmentChain/lib/python3.12/site-packages:/opt/ros/jazzy/lib/python3.12/site-packages /usr/bin/cmake --install /home/mikks/ros2_px4_ws/build/example_local_navigation_cpp
[3.786s] DEBUG:colcon.colcon_core.event_handler.log_command:Invoked command in '/home/mikks/ros2_px4_ws/build/example_mode_goto_cpp' returned '0': CMAKE_PREFIX_PATH=/home/mikks/ros2_px4_ws/install/px4_ros2_cpp:/home/mikks/ros2_px4_ws/install/px4_msgs:/home/mikks/ros2_px4_ws/install/px4_ros_com:/home/mikks/ros2_px4_ws/install/px4_ros2_py:/home/mikks/ros2_px4_ws/install/example_rover_velocity_mode_cpp:/home/mikks/ros2_px4_ws/install/example_mode_with_executor_cpp:/home/mikks/ros2_px4_ws/install/example_mode_vtol_cpp:/home/mikks/ros2_px4_ws/install/example_mode_rtl_replacement_cpp:/home/mikks/ros2_px4_ws/install/example_mode_mission_cpp:/home/mikks/ros2_px4_ws/install/example_mode_manual_cpp:/home/mikks/ros2_px4_ws/install/example_mode_goto_global_cpp:/home/mikks/ros2_px4_ws/install/example_mode_goto_cpp:/home/mikks/ros2_px4_ws/install/example_mode_fw_attitude_cpp:/home/mikks/ros2_px4_ws/install/example_local_navigation_cpp:/home/mikks/ros2_px4_ws/install/example_global_navigation_cpp:/home/mikks/ros2_px4_ws/install/example_executor_with_multiple_modes_cpp:/home/mikks/crazyflie_mapping_demo/ros2_ws/install/crazyflie_ros2_multiranger_bringup:/home/mikks/crazyflie_mapping_demo/ros2_ws/install/ros_gz_crazyflie_bringup:/home/mikks/crazyflie_mapping_demo/ros2_ws/install/ros_gz_crazyflie_gazebo:/home/mikks/crazyflie_mapping_demo/ros2_ws/install/crazyflie_sim:/home/mikks/crazyflie_mapping_demo/ros2_ws/install/crazyflie_examples:/home/mikks/crazyflie_mapping_demo/ros2_ws/install/crazyflie:/home/mikks/crazyflie_mapping_demo/ros2_ws/install/crazyflie_interfaces:/opt/ros/jazzy/opt/gz_sim_vendor:/opt/ros/jazzy/opt/gz_sensors_vendor:/opt/ros/jazzy/opt/gz_physics_vendor:/opt/ros/jazzy/opt/sdformat_vendor:/opt/ros/jazzy/opt/gz_gui_vendor:/opt/ros/jazzy/opt/gz_transport_vendor:/opt/ros/jazzy/opt/gz_rendering_vendor:/opt/ros/jazzy/opt/gz_plugin_vendor:/opt/ros/jazzy/opt/gz_fuel_tools_vendor:/opt/ros/jazzy/opt/gz_msgs_vendor:/opt/ros/jazzy/opt/gz_common_vendor:/opt/ros/jazzy/opt/gz_math_vendor:/opt/ros/jazzy/opt/gz_utils_vendor:/opt/ros/jazzy/opt/gz_tools_vendor:/opt/ros/jazzy/opt/gz_ogre_next_vendor:/opt/ros/jazzy/opt/gz_dartsim_vendor:/opt/ros/jazzy/opt/gz_cmake_vendor:/home/mikks/ros2_px4_ws/install/x500_hover_controller:/home/mikks/ros2_px4_ws/install/example_mode_with_rclpy_py:/home/mikks/ros2_px4_ws/install/example_mode_goto_py:/home/mikks/ros2_px4_ws/install/px4_actuator_ctrl:/home/mikks/ros2_ws/install/rover_desc_description:/home/mikks/ros2_ws/install/px4_actuator_ctrl:/home/mikks/ros2_ws/install/mine_rover_description:/home/mikks/ros2_ws/install/ZerionURDFV5cp_description:/home/mikks/crazyflie_mapping_demo/ros2_ws/install/velocity_free_consensus:/home/mikks/crazyflie_mapping_demo/ros2_ws/install/stepwise_lowpos:/home/mikks/crazyflie_mapping_demo/ros2_ws/install/step_wise_lowpos:/home/mikks/crazyflie_mapping_demo/ros2_ws/install/second_order_formation_control:/home/mikks/crazyflie_mapping_demo/ros2_ws/install/ros_gz_crazyflie_control:/home/mikks/crazyflie_mapping_demo/ros2_ws/install/mixed_fractional_consensus:/home/mikks/crazyflie_mapping_demo/ros2_ws/install/lowest_pos:/home/mikks/crazyflie_mapping_demo/ros2_ws/install/linear_consensus:/home/mikks/crazyflie_mapping_demo/ros2_ws/install/highest_pos:/home/mikks/crazyflie_mapping_demo/ros2_ws/install/fractional_consensus_alpha:/home/mikks/crazyflie_mapping_demo/ros2_ws/install/event_triggered_swarm:/home/mikks/crazyflie_mapping_demo/ros2_ws/install/drone_logger:/home/mikks/crazyflie_mapping_demo/ros2_ws/install/distributed_average_tracking:/home/mikks/crazyflie_mapping_demo/ros2_ws/install/crazyflie_swarm_logic:/home/mikks/crazyflie_mapping_demo/ros2_ws/install/crazyflie_ros2_multiranger_wall_following:/home/mikks/crazyflie_mapping_demo/ros2_ws/install/crazyflie_ros2_multiranger_simple_mapper:/home/mikks/crazyflie_mapping_demo/ros2_ws/install/crazyflie_py:/home/mikks/crazyflie_mapping_demo/ros2_ws/install/cooperative_target_centric_formation:/home/mikks/crazyflie_mapping_demo/ros2_ws/install/containment_using_agent_information:/home/mikks/crazyflie_mapping_demo/ros2_ws/install/consensus_for_double_integrator:/home/mikks/crazyflie_mapping_demo/ros2_ws/install/consensus_alignment:/home/mikks/crazyflie_mapping_demo/ros2_ws/install/binary_consensus:/home/mikks/crazyflie_mapping_demo/ros2_ws/install/Second_Order_Min_Consensus_for_Heterogeneous_Agents:/home/mikks/crazyflie_mapping_demo/ros2_ws/install/BinaryContainmentChain:/opt/ros/jazzy DEBUGINFOD_URLS=https://debuginfod.ubuntu.com LD_LIBRARY_PATH=/home/mikks/ros2_px4_ws/install/px4_ros2_cpp/lib:/home/mikks/ros2_px4_ws/install/px4_msgs/lib:/home/mikks/ros2_px4_ws/install/px4_ros_com/lib:/home/mikks/NatNet_SDK_4.3_ubuntu/lib:/home/mikks/crazyflie_mapping_demo/ros2_ws/install/crazyflie_interfaces/lib:/opt/ros/jazzy/opt/gz_sim_vendor/lib:/opt/ros/jazzy/opt/gz_sensors_vendor/lib:/opt/ros/jazzy/opt/gz_physics_vendor/lib:/opt/ros/jazzy/opt/sdformat_vendor/lib:/opt/ros/jazzy/opt/rviz_ogre_vendor/lib:/opt/ros/jazzy/lib/x86_64-linux-gnu:/opt/ros/jazzy/opt/gz_gui_vendor/lib:/opt/ros/jazzy/opt/gz_transport_vendor/lib:/opt/ros/jazzy/opt/gz_rendering_vendor/lib:/opt/ros/jazzy/opt/gz_plugin_vendor/lib:/opt/ros/jazzy/opt/gz_fuel_tools_vendor/lib:/opt/ros/jazzy/opt/gz_msgs_vendor/lib:/opt/ros/jazzy/opt/gz_common_vendor/lib:/opt/ros/jazzy/opt/gz_math_vendor/lib:/opt/ros/jazzy/opt/gz_utils_vendor/lib:/opt/ros/jazzy/opt/gz_tools_vendor/lib:/opt/ros/jazzy/opt/gz_ogre_next_vendor/lib:/opt/ros/jazzy/opt/gz_dartsim_vendor/lib:/opt/ros/jazzy/opt/gz_cmake_vendor/lib:/opt/ros/jazzy/lib PYTHONPATH=/home/mikks/ros2_px4_ws/install/px4_msgs/lib/python3.12/site-packages:/home/mikks/ros2_px4_ws/build/x500_hover_controller:/home/mikks/ros2_px4_ws/install/x500_hover_controller/lib/python3.12/site-packages:/home/mikks/ros2_px4_ws/install/px4_ros_com/lib/python3.12/site-packages:/home/mikks/ros2_px4_ws/build/example_mode_with_rclpy_py:/home/mikks/ros2_px4_ws/install/example_mode_with_rclpy_py/lib/python3.12/site-packages:/home/mikks/ros2_px4_ws/build/example_mode_goto_py:/home/mikks/ros2_px4_ws/install/example_mode_goto_py/lib/python3.12/site-packages:/home/mikks/ros2_px4_ws/install/px4_ros2_py/lib/python3.12/site-packages:/home/mikks/ros2_px4_ws/build/px4_actuator_ctrl:/home/mikks/ros2_px4_ws/install/px4_actuator_ctrl/lib/python3.12/site-packages:/home/mikks/ros2_ws/build/rover_desc_description:/home/mikks/ros2_ws/install/rover_desc_description/lib/python3.12/site-packages:/home/mikks/ros2_ws/install/px4_actuator_ctrl/lib/python3.12/site-packages:/home/mikks/ros2_ws/build/mine_rover_description:/home/mikks/ros2_ws/install/mine_rover_description/lib/python3.12/site-packages:/home/mikks/ros2_ws/build/ZerionURDFV5cp_description:/home/mikks/ros2_ws/install/ZerionURDFV5cp_description/lib/python3.12/site-packages:/home/mikks/crazyflie_mapping_demo/ros2_ws/install/velocity_free_consensus/lib/python3.12/site-packages:/home/mikks/crazyflie_mapping_demo/ros2_ws/install/stepwise_lowpos/lib/python3.12/site-packages:/home/mikks/crazyflie_mapping_demo/ros2_ws/install/step_wise_lowpos/lib/python3.12/site-packages:/home/mikks/crazyflie_mapping_demo/ros2_ws/install/second_order_formation_control/lib/python3.12/site-packages:/home/mikks/crazyflie_mapping_demo/ros2_ws/install/ros_gz_crazyflie_control/lib/python3.12/site-packages:/home/mikks/crazyflie_mapping_demo/ros2_ws/install/mixed_fractional_consensus/lib/python3.12/site-packages:/home/mikks/crazyflie_mapping_demo/ros2_ws/install/lowest_pos/lib/python3.12/site-packages:/home/mikks/crazyflie_mapping_demo/ros2_ws/install/linear_consensus/lib/python3.12/site-packages:/home/mikks/crazyflie_mapping_demo/ros2_ws/install/highest_pos/lib/python3.12/site-packages:/home/mikks/crazyflie_mapping_demo/ros2_ws/install/fractional_consensus_alpha/lib/python3.12/site-packages:/home/mikks/crazyflie_mapping_demo/ros2_ws/install/event_triggered_swarm/lib/python3.12/site-packages:/home/mikks/crazyflie_mapping_demo/ros2_ws/install/drone_logger/lib/python3.12/site-packages:/home/mikks/crazyflie_mapping_demo/ros2_ws/install/distributed_average_tracking/lib/python3.12/site-packages:/home/mikks/crazyflie_mapping_demo/ros2_ws/install/crazyflie_swarm_logic/lib/python3.12/site-packages:/home/mikks/crazyflie_mapping_demo/ros2_ws/install/crazyflie_sim/lib/python3.12/site-packages:/home/mikks/crazyflie_mapping_demo/ros2_ws/install/crazyflie_ros2_multiranger_wall_following/lib/python3.12/site-packages:/home/mikks/crazyflie_mapping_demo/ros2_ws/install/crazyflie_ros2_multiranger_simple_mapper/lib/python3.12/site-packages:/home/mikks/crazyflie_mapping_demo/ros2_ws/install/crazyflie_examples/lib/python3.12/site-packages:/home/mikks/crazyflie_mapping_demo/ros2_ws/install/crazyflie_py/lib/python3.12/site-packages:/home/mikks/crazyflie_mapping_demo/ros2_ws/install/crazyflie_interfaces/lib/python3.12/site-packages:/home/mikks/crazyflie_mapping_demo/ros2_ws/install/cooperative_target_centric_formation/lib/python3.12/site-packages:/home/mikks/crazyflie_mapping_demo/ros2_ws/install/containment_using_agent_information/lib/python3.12/site-packages:/home/mikks/crazyflie_mapping_demo/ros2_ws/install/consensus_for_double_integrator/lib/python3.12/site-packages:/home/mikks/crazyflie_mapping_demo/ros2_ws/install/consensus_alignment/lib/python3.12/site-packages:/home/mikks/crazyflie_mapping_demo/ros2_ws/install/binary_consensus/lib/python3.12/site-packages:/home/mikks/crazyflie_mapping_demo/ros2_ws/install/Second_Order_Min_Consensus_for_Heterogeneous_Agents/lib/python3.12/site-packages:/home/mikks/crazyflie_mapping_demo/ros2_ws/install/BinaryContainmentChain/lib/python3.12/site-packages:/opt/ros/jazzy/lib/python3.12/site-packages /usr/bin/cmake --build /home/mikks/ros2_px4_ws/build/example_mode_goto_cpp -- -j12 -l12
[3.787s] DEBUG:colcon.colcon_core.event_handler.log_command:Invoking command in '/home/mikks/ros2_px4_ws/build/example_mode_goto_cpp': CMAKE_PREFIX_PATH=/home/mikks/ros2_px4_ws/install/px4_ros2_cpp:/home/mikks/ros2_px4_ws/install/px4_msgs:/home/mikks/ros2_px4_ws/install/px4_ros_com:/home/mikks/ros2_px4_ws/install/px4_ros2_py:/home/mikks/ros2_px4_ws/install/example_rover_velocity_mode_cpp:/home/mikks/ros2_px4_ws/install/example_mode_with_executor_cpp:/home/mikks/ros2_px4_ws/install/example_mode_vtol_cpp:/home/mikks/ros2_px4_ws/install/example_mode_rtl_replacement_cpp:/home/mikks/ros2_px4_ws/install/example_mode_mission_cpp:/home/mikks/ros2_px4_ws/install/example_mode_manual_cpp:/home/mikks/ros2_px4_ws/install/example_mode_goto_global_cpp:/home/mikks/ros2_px4_ws/install/example_mode_goto_cpp:/home/mikks/ros2_px4_ws/install/example_mode_fw_attitude_cpp:/home/mikks/ros2_px4_ws/install/example_local_navigation_cpp:/home/mikks/ros2_px4_ws/install/example_global_navigation_cpp:/home/mikks/ros2_px4_ws/install/example_executor_with_multiple_modes_cpp:/home/mikks/crazyflie_mapping_demo/ros2_ws/install/crazyflie_ros2_multiranger_bringup:/home/mikks/crazyflie_mapping_demo/ros2_ws/install/ros_gz_crazyflie_bringup:/home/mikks/crazyflie_mapping_demo/ros2_ws/install/ros_gz_crazyflie_gazebo:/home/mikks/crazyflie_mapping_demo/ros2_ws/install/crazyflie_sim:/home/mikks/crazyflie_mapping_demo/ros2_ws/install/crazyflie_examples:/home/mikks/crazyflie_mapping_demo/ros2_ws/install/crazyflie:/home/mikks/crazyflie_mapping_demo/ros2_ws/install/crazyflie_interfaces:/opt/ros/jazzy/opt/gz_sim_vendor:/opt/ros/jazzy/opt/gz_sensors_vendor:/opt/ros/jazzy/opt/gz_physics_vendor:/opt/ros/jazzy/opt/sdformat_vendor:/opt/ros/jazzy/opt/gz_gui_vendor:/opt/ros/jazzy/opt/gz_transport_vendor:/opt/ros/jazzy/opt/gz_rendering_vendor:/opt/ros/jazzy/opt/gz_plugin_vendor:/opt/ros/jazzy/opt/gz_fuel_tools_vendor:/opt/ros/jazzy/opt/gz_msgs_vendor:/opt/ros/jazzy/opt/gz_common_vendor:/opt/ros/jazzy/opt/gz_math_vendor:/opt/ros/jazzy/opt/gz_utils_vendor:/opt/ros/jazzy/opt/gz_tools_vendor:/opt/ros/jazzy/opt/gz_ogre_next_vendor:/opt/ros/jazzy/opt/gz_dartsim_vendor:/opt/ros/jazzy/opt/gz_cmake_vendor:/home/mikks/ros2_px4_ws/install/x500_hover_controller:/home/mikks/ros2_px4_ws/install/example_mode_with_rclpy_py:/home/mikks/ros2_px4_ws/install/example_mode_goto_py:/home/mikks/ros2_px4_ws/install/px4_actuator_ctrl:/home/mikks/ros2_ws/install/rover_desc_description:/home/mikks/ros2_ws/install/px4_actuator_ctrl:/home/mikks/ros2_ws/install/mine_rover_description:/home/mikks/ros2_ws/install/ZerionURDFV5cp_description:/home/mikks/crazyflie_mapping_demo/ros2_ws/install/velocity_free_consensus:/home/mikks/crazyflie_mapping_demo/ros2_ws/install/stepwise_lowpos:/home/mikks/crazyflie_mapping_demo/ros2_ws/install/step_wise_lowpos:/home/mikks/crazyflie_mapping_demo/ros2_ws/install/second_order_formation_control:/home/mikks/crazyflie_mapping_demo/ros2_ws/install/ros_gz_crazyflie_control:/home/mikks/crazyflie_mapping_demo/ros2_ws/install/mixed_fractional_consensus:/home/mikks/crazyflie_mapping_demo/ros2_ws/install/lowest_pos:/home/mikks/crazyflie_mapping_demo/ros2_ws/install/linear_consensus:/home/mikks/crazyflie_mapping_demo/ros2_ws/install/highest_pos:/home/mikks/crazyflie_mapping_demo/ros2_ws/install/fractional_consensus_alpha:/home/mikks/crazyflie_mapping_demo/ros2_ws/install/event_triggered_swarm:/home/mikks/crazyflie_mapping_demo/ros2_ws/install/drone_logger:/home/mikks/crazyflie_mapping_demo/ros2_ws/install/distributed_average_tracking:/home/mikks/crazyflie_mapping_demo/ros2_ws/install/crazyflie_swarm_logic:/home/mikks/crazyflie_mapping_demo/ros2_ws/install/crazyflie_ros2_multiranger_wall_following:/home/mikks/crazyflie_mapping_demo/ros2_ws/install/crazyflie_ros2_multiranger_simple_mapper:/home/mikks/crazyflie_mapping_demo/ros2_ws/install/crazyflie_py:/home/mikks/crazyflie_mapping_demo/ros2_ws/install/cooperative_target_centric_formation:/home/mikks/crazyflie_mapping_demo/ros2_ws/install/containment_using_agent_information:/home/mikks/crazyflie_mapping_demo/ros2_ws/install/consensus_for_double_integrator:/home/mikks/crazyflie_mapping_demo/ros2_ws/install/consensus_alignment:/home/mikks/crazyflie_mapping_demo/ros2_ws/install/binary_consensus:/home/mikks/crazyflie_mapping_demo/ros2_ws/install/Second_Order_Min_Consensus_for_Heterogeneous_Agents:/home/mikks/crazyflie_mapping_demo/ros2_ws/install/BinaryContainmentChain:/opt/ros/jazzy DEBUGINFOD_URLS=https://debuginfod.ubuntu.com LD_LIBRARY_PATH=/home/mikks/ros2_px4_ws/install/px4_ros2_cpp/lib:/home/mikks/ros2_px4_ws/install/px4_msgs/lib:/home/mikks/ros2_px4_ws/install/px4_ros_com/lib:/home/mikks/NatNet_SDK_4.3_ubuntu/lib:/home/mikks/crazyflie_mapping_demo/ros2_ws/install/crazyflie_interfaces/lib:/opt/ros/jazzy/opt/gz_sim_vendor/lib:/opt/ros/jazzy/opt/gz_sensors_vendor/lib:/opt/ros/jazzy/opt/gz_physics_vendor/lib:/opt/ros/jazzy/opt/sdformat_vendor/lib:/opt/ros/jazzy/opt/rviz_ogre_vendor/lib:/opt/ros/jazzy/lib/x86_64-linux-gnu:/opt/ros/jazzy/opt/gz_gui_vendor/lib:/opt/ros/jazzy/opt/gz_transport_vendor/lib:/opt/ros/jazzy/opt/gz_rendering_vendor/lib:/opt/ros/jazzy/opt/gz_plugin_vendor/lib:/opt/ros/jazzy/opt/gz_fuel_tools_vendor/lib:/opt/ros/jazzy/opt/gz_msgs_vendor/lib:/opt/ros/jazzy/opt/gz_common_vendor/lib:/opt/ros/jazzy/opt/gz_math_vendor/lib:/opt/ros/jazzy/opt/gz_utils_vendor/lib:/opt/ros/jazzy/opt/gz_tools_vendor/lib:/opt/ros/jazzy/opt/gz_ogre_next_vendor/lib:/opt/ros/jazzy/opt/gz_dartsim_vendor/lib:/opt/ros/jazzy/opt/gz_cmake_vendor/lib:/opt/ros/jazzy/lib PYTHONPATH=/home/mikks/ros2_px4_ws/install/px4_msgs/lib/python3.12/site-packages:/home/mikks/ros2_px4_ws/build/x500_hover_controller:/home/mikks/ros2_px4_ws/install/x500_hover_controller/lib/python3.12/site-packages:/home/mikks/ros2_px4_ws/install/px4_ros_com/lib/python3.12/site-packages:/home/mikks/ros2_px4_ws/build/example_mode_with_rclpy_py:/home/mikks/ros2_px4_ws/install/example_mode_with_rclpy_py/lib/python3.12/site-packages:/home/mikks/ros2_px4_ws/build/example_mode_goto_py:/home/mikks/ros2_px4_ws/install/example_mode_goto_py/lib/python3.12/site-packages:/home/mikks/ros2_px4_ws/install/px4_ros2_py/lib/python3.12/site-packages:/home/mikks/ros2_px4_ws/build/px4_actuator_ctrl:/home/mikks/ros2_px4_ws/install/px4_actuator_ctrl/lib/python3.12/site-packages:/home/mikks/ros2_ws/build/rover_desc_description:/home/mikks/ros2_ws/install/rover_desc_description/lib/python3.12/site-packages:/home/mikks/ros2_ws/install/px4_actuator_ctrl/lib/python3.12/site-packages:/home/mikks/ros2_ws/build/mine_rover_description:/home/mikks/ros2_ws/install/mine_rover_description/lib/python3.12/site-packages:/home/mikks/ros2_ws/build/ZerionURDFV5cp_description:/home/mikks/ros2_ws/install/ZerionURDFV5cp_description/lib/python3.12/site-packages:/home/mikks/crazyflie_mapping_demo/ros2_ws/install/velocity_free_consensus/lib/python3.12/site-packages:/home/mikks/crazyflie_mapping_demo/ros2_ws/install/stepwise_lowpos/lib/python3.12/site-packages:/home/mikks/crazyflie_mapping_demo/ros2_ws/install/step_wise_lowpos/lib/python3.12/site-packages:/home/mikks/crazyflie_mapping_demo/ros2_ws/install/second_order_formation_control/lib/python3.12/site-packages:/home/mikks/crazyflie_mapping_demo/ros2_ws/install/ros_gz_crazyflie_control/lib/python3.12/site-packages:/home/mikks/crazyflie_mapping_demo/ros2_ws/install/mixed_fractional_consensus/lib/python3.12/site-packages:/home/mikks/crazyflie_mapping_demo/ros2_ws/install/lowest_pos/lib/python3.12/site-packages:/home/mikks/crazyflie_mapping_demo/ros2_ws/install/linear_consensus/lib/python3.12/site-packages:/home/mikks/crazyflie_mapping_demo/ros2_ws/install/highest_pos/lib/python3.12/site-packages:/home/mikks/crazyflie_mapping_demo/ros2_ws/install/fractional_consensus_alpha/lib/python3.12/site-packages:/home/mikks/crazyflie_mapping_demo/ros2_ws/install/event_triggered_swarm/lib/python3.12/site-packages:/home/mikks/crazyflie_mapping_demo/ros2_ws/install/drone_logger/lib/python3.12/site-packages:/home/mikks/crazyflie_mapping_demo/ros2_ws/install/distributed_average_tracking/lib/python3.12/site-packages:/home/mikks/crazyflie_mapping_demo/ros2_ws/install/crazyflie_swarm_logic/lib/python3.12/site-packages:/home/mikks/crazyflie_mapping_demo/ros2_ws/install/crazyflie_sim/lib/python3.12/site-packages:/home/mikks/crazyflie_mapping_demo/ros2_ws/install/crazyflie_ros2_multiranger_wall_following/lib/python3.12/site-packages:/home/mikks/crazyflie_mapping_demo/ros2_ws/install/crazyflie_ros2_multiranger_simple_mapper/lib/python3.12/site-packages:/home/mikks/crazyflie_mapping_demo/ros2_ws/install/crazyflie_examples/lib/python3.12/site-packages:/home/mikks/crazyflie_mapping_demo/ros2_ws/install/crazyflie_py/lib/python3.12/site-packages:/home/mikks/crazyflie_mapping_demo/ros2_ws/install/crazyflie_interfaces/lib/python3.12/site-packages:/home/mikks/crazyflie_mapping_demo/ros2_ws/install/cooperative_target_centric_formation/lib/python3.12/site-packages:/home/mikks/crazyflie_mapping_demo/ros2_ws/install/containment_using_agent_information/lib/python3.12/site-packages:/home/mikks/crazyflie_mapping_demo/ros2_ws/install/consensus_for_double_integrator/lib/python3.12/site-packages:/home/mikks/crazyflie_mapping_demo/ros2_ws/install/consensus_alignment/lib/python3.12/site-packages:/home/mikks/crazyflie_mapping_demo/ros2_ws/install/binary_consensus/lib/python3.12/site-packages:/home/mikks/crazyflie_mapping_demo/ros2_ws/install/Second_Order_Min_Consensus_for_Heterogeneous_Agents/lib/python3.12/site-packages:/home/mikks/crazyflie_mapping_demo/ros2_ws/install/BinaryContainmentChain/lib/python3.12/site-packages:/opt/ros/jazzy/lib/python3.12/site-packages /usr/bin/cmake --install /home/mikks/ros2_px4_ws/build/example_mode_goto_cpp
[3.791s] DEBUG:colcon.colcon_core.event_handler.log_command:Invoked command in '/home/mikks/ros2_px4_ws/build/example_mode_goto_global_cpp' returned '0': CMAKE_PREFIX_PATH=/home/mikks/ros2_px4_ws/install/px4_ros2_cpp:/home/mikks/ros2_px4_ws/install/px4_msgs:/home/mikks/ros2_px4_ws/install/px4_ros_com:/home/mikks/ros2_px4_ws/install/px4_ros2_py:/home/mikks/ros2_px4_ws/install/example_rover_velocity_mode_cpp:/home/mikks/ros2_px4_ws/install/example_mode_with_executor_cpp:/home/mikks/ros2_px4_ws/install/example_mode_vtol_cpp:/home/mikks/ros2_px4_ws/install/example_mode_rtl_replacement_cpp:/home/mikks/ros2_px4_ws/install/example_mode_mission_cpp:/home/mikks/ros2_px4_ws/install/example_mode_manual_cpp:/home/mikks/ros2_px4_ws/install/example_mode_goto_global_cpp:/home/mikks/ros2_px4_ws/install/example_mode_goto_cpp:/home/mikks/ros2_px4_ws/install/example_mode_fw_attitude_cpp:/home/mikks/ros2_px4_ws/install/example_local_navigation_cpp:/home/mikks/ros2_px4_ws/install/example_global_navigation_cpp:/home/mikks/ros2_px4_ws/install/example_executor_with_multiple_modes_cpp:/home/mikks/crazyflie_mapping_demo/ros2_ws/install/crazyflie_ros2_multiranger_bringup:/home/mikks/crazyflie_mapping_demo/ros2_ws/install/ros_gz_crazyflie_bringup:/home/mikks/crazyflie_mapping_demo/ros2_ws/install/ros_gz_crazyflie_gazebo:/home/mikks/crazyflie_mapping_demo/ros2_ws/install/crazyflie_sim:/home/mikks/crazyflie_mapping_demo/ros2_ws/install/crazyflie_examples:/home/mikks/crazyflie_mapping_demo/ros2_ws/install/crazyflie:/home/mikks/crazyflie_mapping_demo/ros2_ws/install/crazyflie_interfaces:/opt/ros/jazzy/opt/gz_sim_vendor:/opt/ros/jazzy/opt/gz_sensors_vendor:/opt/ros/jazzy/opt/gz_physics_vendor:/opt/ros/jazzy/opt/sdformat_vendor:/opt/ros/jazzy/opt/gz_gui_vendor:/opt/ros/jazzy/opt/gz_transport_vendor:/opt/ros/jazzy/opt/gz_rendering_vendor:/opt/ros/jazzy/opt/gz_plugin_vendor:/opt/ros/jazzy/opt/gz_fuel_tools_vendor:/opt/ros/jazzy/opt/gz_msgs_vendor:/opt/ros/jazzy/opt/gz_common_vendor:/opt/ros/jazzy/opt/gz_math_vendor:/opt/ros/jazzy/opt/gz_utils_vendor:/opt/ros/jazzy/opt/gz_tools_vendor:/opt/ros/jazzy/opt/gz_ogre_next_vendor:/opt/ros/jazzy/opt/gz_dartsim_vendor:/opt/ros/jazzy/opt/gz_cmake_vendor:/home/mikks/ros2_px4_ws/install/x500_hover_controller:/home/mikks/ros2_px4_ws/install/example_mode_with_rclpy_py:/home/mikks/ros2_px4_ws/install/example_mode_goto_py:/home/mikks/ros2_px4_ws/install/px4_actuator_ctrl:/home/mikks/ros2_ws/install/rover_desc_description:/home/mikks/ros2_ws/install/px4_actuator_ctrl:/home/mikks/ros2_ws/install/mine_rover_description:/home/mikks/ros2_ws/install/ZerionURDFV5cp_description:/home/mikks/crazyflie_mapping_demo/ros2_ws/install/velocity_free_consensus:/home/mikks/crazyflie_mapping_demo/ros2_ws/install/stepwise_lowpos:/home/mikks/crazyflie_mapping_demo/ros2_ws/install/step_wise_lowpos:/home/mikks/crazyflie_mapping_demo/ros2_ws/install/second_order_formation_control:/home/mikks/crazyflie_mapping_demo/ros2_ws/install/ros_gz_crazyflie_control:/home/mikks/crazyflie_mapping_demo/ros2_ws/install/mixed_fractional_consensus:/home/mikks/crazyflie_mapping_demo/ros2_ws/install/lowest_pos:/home/mikks/crazyflie_mapping_demo/ros2_ws/install/linear_consensus:/home/mikks/crazyflie_mapping_demo/ros2_ws/install/highest_pos:/home/mikks/crazyflie_mapping_demo/ros2_ws/install/fractional_consensus_alpha:/home/mikks/crazyflie_mapping_demo/ros2_ws/install/event_triggered_swarm:/home/mikks/crazyflie_mapping_demo/ros2_ws/install/drone_logger:/home/mikks/crazyflie_mapping_demo/ros2_ws/install/distributed_average_tracking:/home/mikks/crazyflie_mapping_demo/ros2_ws/install/crazyflie_swarm_logic:/home/mikks/crazyflie_mapping_demo/ros2_ws/install/crazyflie_ros2_multiranger_wall_following:/home/mikks/crazyflie_mapping_demo/ros2_ws/install/crazyflie_ros2_multiranger_simple_mapper:/home/mikks/crazyflie_mapping_demo/ros2_ws/install/crazyflie_py:/home/mikks/crazyflie_mapping_demo/ros2_ws/install/cooperative_target_centric_formation:/home/mikks/crazyflie_mapping_demo/ros2_ws/install/containment_using_agent_information:/home/mikks/crazyflie_mapping_demo/ros2_ws/install/consensus_for_double_integrator:/home/mikks/crazyflie_mapping_demo/ros2_ws/install/consensus_alignment:/home/mikks/crazyflie_mapping_demo/ros2_ws/install/binary_consensus:/home/mikks/crazyflie_mapping_demo/ros2_ws/install/Second_Order_Min_Consensus_for_Heterogeneous_Agents:/home/mikks/crazyflie_mapping_demo/ros2_ws/install/BinaryContainmentChain:/opt/ros/jazzy DEBUGINFOD_URLS=https://debuginfod.ubuntu.com LD_LIBRARY_PATH=/home/mikks/ros2_px4_ws/install/px4_ros2_cpp/lib:/home/mikks/ros2_px4_ws/install/px4_msgs/lib:/home/mikks/ros2_px4_ws/install/px4_ros_com/lib:/home/mikks/NatNet_SDK_4.3_ubuntu/lib:/home/mikks/crazyflie_mapping_demo/ros2_ws/install/crazyflie_interfaces/lib:/opt/ros/jazzy/opt/gz_sim_vendor/lib:/opt/ros/jazzy/opt/gz_sensors_vendor/lib:/opt/ros/jazzy/opt/gz_physics_vendor/lib:/opt/ros/jazzy/opt/sdformat_vendor/lib:/opt/ros/jazzy/opt/rviz_ogre_vendor/lib:/opt/ros/jazzy/lib/x86_64-linux-gnu:/opt/ros/jazzy/opt/gz_gui_vendor/lib:/opt/ros/jazzy/opt/gz_transport_vendor/lib:/opt/ros/jazzy/opt/gz_rendering_vendor/lib:/opt/ros/jazzy/opt/gz_plugin_vendor/lib:/opt/ros/jazzy/opt/gz_fuel_tools_vendor/lib:/opt/ros/jazzy/opt/gz_msgs_vendor/lib:/opt/ros/jazzy/opt/gz_common_vendor/lib:/opt/ros/jazzy/opt/gz_math_vendor/lib:/opt/ros/jazzy/opt/gz_utils_vendor/lib:/opt/ros/jazzy/opt/gz_tools_vendor/lib:/opt/ros/jazzy/opt/gz_ogre_next_vendor/lib:/opt/ros/jazzy/opt/gz_dartsim_vendor/lib:/opt/ros/jazzy/opt/gz_cmake_vendor/lib:/opt/ros/jazzy/lib PYTHONPATH=/home/mikks/ros2_px4_ws/install/px4_msgs/lib/python3.12/site-packages:/home/mikks/ros2_px4_ws/build/x500_hover_controller:/home/mikks/ros2_px4_ws/install/x500_hover_controller/lib/python3.12/site-packages:/home/mikks/ros2_px4_ws/install/px4_ros_com/lib/python3.12/site-packages:/home/mikks/ros2_px4_ws/build/example_mode_with_rclpy_py:/home/mikks/ros2_px4_ws/install/example_mode_with_rclpy_py/lib/python3.12/site-packages:/home/mikks/ros2_px4_ws/build/example_mode_goto_py:/home/mikks/ros2_px4_ws/install/example_mode_goto_py/lib/python3.12/site-packages:/home/mikks/ros2_px4_ws/install/px4_ros2_py/lib/python3.12/site-packages:/home/mikks/ros2_px4_ws/build/px4_actuator_ctrl:/home/mikks/ros2_px4_ws/install/px4_actuator_ctrl/lib/python3.12/site-packages:/home/mikks/ros2_ws/build/rover_desc_description:/home/mikks/ros2_ws/install/rover_desc_description/lib/python3.12/site-packages:/home/mikks/ros2_ws/install/px4_actuator_ctrl/lib/python3.12/site-packages:/home/mikks/ros2_ws/build/mine_rover_description:/home/mikks/ros2_ws/install/mine_rover_description/lib/python3.12/site-packages:/home/mikks/ros2_ws/build/ZerionURDFV5cp_description:/home/mikks/ros2_ws/install/ZerionURDFV5cp_description/lib/python3.12/site-packages:/home/mikks/crazyflie_mapping_demo/ros2_ws/install/velocity_free_consensus/lib/python3.12/site-packages:/home/mikks/crazyflie_mapping_demo/ros2_ws/install/stepwise_lowpos/lib/python3.12/site-packages:/home/mikks/crazyflie_mapping_demo/ros2_ws/install/step_wise_lowpos/lib/python3.12/site-packages:/home/mikks/crazyflie_mapping_demo/ros2_ws/install/second_order_formation_control/lib/python3.12/site-packages:/home/mikks/crazyflie_mapping_demo/ros2_ws/install/ros_gz_crazyflie_control/lib/python3.12/site-packages:/home/mikks/crazyflie_mapping_demo/ros2_ws/install/mixed_fractional_consensus/lib/python3.12/site-packages:/home/mikks/crazyflie_mapping_demo/ros2_ws/install/lowest_pos/lib/python3.12/site-packages:/home/mikks/crazyflie_mapping_demo/ros2_ws/install/linear_consensus/lib/python3.12/site-packages:/home/mikks/crazyflie_mapping_demo/ros2_ws/install/highest_pos/lib/python3.12/site-packages:/home/mikks/crazyflie_mapping_demo/ros2_ws/install/fractional_consensus_alpha/lib/python3.12/site-packages:/home/mikks/crazyflie_mapping_demo/ros2_ws/install/event_triggered_swarm/lib/python3.12/site-packages:/home/mikks/crazyflie_mapping_demo/ros2_ws/install/drone_logger/lib/python3.12/site-packages:/home/mikks/crazyflie_mapping_demo/ros2_ws/install/distributed_average_tracking/lib/python3.12/site-packages:/home/mikks/crazyflie_mapping_demo/ros2_ws/install/crazyflie_swarm_logic/lib/python3.12/site-packages:/home/mikks/crazyflie_mapping_demo/ros2_ws/install/crazyflie_sim/lib/python3.12/site-packages:/home/mikks/crazyflie_mapping_demo/ros2_ws/install/crazyflie_ros2_multiranger_wall_following/lib/python3.12/site-packages:/home/mikks/crazyflie_mapping_demo/ros2_ws/install/crazyflie_ros2_multiranger_simple_mapper/lib/python3.12/site-packages:/home/mikks/crazyflie_mapping_demo/ros2_ws/install/crazyflie_examples/lib/python3.12/site-packages:/home/mikks/crazyflie_mapping_demo/ros2_ws/install/crazyflie_py/lib/python3.12/site-packages:/home/mikks/crazyflie_mapping_demo/ros2_ws/install/crazyflie_interfaces/lib/python3.12/site-packages:/home/mikks/crazyflie_mapping_demo/ros2_ws/install/cooperative_target_centric_formation/lib/python3.12/site-packages:/home/mikks/crazyflie_mapping_demo/ros2_ws/install/containment_using_agent_information/lib/python3.12/site-packages:/home/mikks/crazyflie_mapping_demo/ros2_ws/install/consensus_for_double_integrator/lib/python3.12/site-packages:/home/mikks/crazyflie_mapping_demo/ros2_ws/install/consensus_alignment/lib/python3.12/site-packages:/home/mikks/crazyflie_mapping_demo/ros2_ws/install/binary_consensus/lib/python3.12/site-packages:/home/mikks/crazyflie_mapping_demo/ros2_ws/install/Second_Order_Min_Consensus_for_Heterogeneous_Agents/lib/python3.12/site-packages:/home/mikks/crazyflie_mapping_demo/ros2_ws/install/BinaryContainmentChain/lib/python3.12/site-packages:/opt/ros/jazzy/lib/python3.12/site-packages /usr/bin/cmake --build /home/mikks/ros2_px4_ws/build/example_mode_goto_global_cpp -- -j12 -l12
[3.791s] DEBUG:colcon.colcon_core.event_handler.log_command:Invoking command in '/home/mikks/ros2_px4_ws/build/example_mode_goto_global_cpp': CMAKE_PREFIX_PATH=/home/mikks/ros2_px4_ws/install/px4_ros2_cpp:/home/mikks/ros2_px4_ws/install/px4_msgs:/home/mikks/ros2_px4_ws/install/px4_ros_com:/home/mikks/ros2_px4_ws/install/px4_ros2_py:/home/mikks/ros2_px4_ws/install/example_rover_velocity_mode_cpp:/home/mikks/ros2_px4_ws/install/example_mode_with_executor_cpp:/home/mikks/ros2_px4_ws/install/example_mode_vtol_cpp:/home/mikks/ros2_px4_ws/install/example_mode_rtl_replacement_cpp:/home/mikks/ros2_px4_ws/install/example_mode_mission_cpp:/home/mikks/ros2_px4_ws/install/example_mode_manual_cpp:/home/mikks/ros2_px4_ws/install/example_mode_goto_global_cpp:/home/mikks/ros2_px4_ws/install/example_mode_goto_cpp:/home/mikks/ros2_px4_ws/install/example_mode_fw_attitude_cpp:/home/mikks/ros2_px4_ws/install/example_local_navigation_cpp:/home/mikks/ros2_px4_ws/install/example_global_navigation_cpp:/home/mikks/ros2_px4_ws/install/example_executor_with_multiple_modes_cpp:/home/mikks/crazyflie_mapping_demo/ros2_ws/install/crazyflie_ros2_multiranger_bringup:/home/mikks/crazyflie_mapping_demo/ros2_ws/install/ros_gz_crazyflie_bringup:/home/mikks/crazyflie_mapping_demo/ros2_ws/install/ros_gz_crazyflie_gazebo:/home/mikks/crazyflie_mapping_demo/ros2_ws/install/crazyflie_sim:/home/mikks/crazyflie_mapping_demo/ros2_ws/install/crazyflie_examples:/home/mikks/crazyflie_mapping_demo/ros2_ws/install/crazyflie:/home/mikks/crazyflie_mapping_demo/ros2_ws/install/crazyflie_interfaces:/opt/ros/jazzy/opt/gz_sim_vendor:/opt/ros/jazzy/opt/gz_sensors_vendor:/opt/ros/jazzy/opt/gz_physics_vendor:/opt/ros/jazzy/opt/sdformat_vendor:/opt/ros/jazzy/opt/gz_gui_vendor:/opt/ros/jazzy/opt/gz_transport_vendor:/opt/ros/jazzy/opt/gz_rendering_vendor:/opt/ros/jazzy/opt/gz_plugin_vendor:/opt/ros/jazzy/opt/gz_fuel_tools_vendor:/opt/ros/jazzy/opt/gz_msgs_vendor:/opt/ros/jazzy/opt/gz_common_vendor:/opt/ros/jazzy/opt/gz_math_vendor:/opt/ros/jazzy/opt/gz_utils_vendor:/opt/ros/jazzy/opt/gz_tools_vendor:/opt/ros/jazzy/opt/gz_ogre_next_vendor:/opt/ros/jazzy/opt/gz_dartsim_vendor:/opt/ros/jazzy/opt/gz_cmake_vendor:/home/mikks/ros2_px4_ws/install/x500_hover_controller:/home/mikks/ros2_px4_ws/install/example_mode_with_rclpy_py:/home/mikks/ros2_px4_ws/install/example_mode_goto_py:/home/mikks/ros2_px4_ws/install/px4_actuator_ctrl:/home/mikks/ros2_ws/install/rover_desc_description:/home/mikks/ros2_ws/install/px4_actuator_ctrl:/home/mikks/ros2_ws/install/mine_rover_description:/home/mikks/ros2_ws/install/ZerionURDFV5cp_description:/home/mikks/crazyflie_mapping_demo/ros2_ws/install/velocity_free_consensus:/home/mikks/crazyflie_mapping_demo/ros2_ws/install/stepwise_lowpos:/home/mikks/crazyflie_mapping_demo/ros2_ws/install/step_wise_lowpos:/home/mikks/crazyflie_mapping_demo/ros2_ws/install/second_order_formation_control:/home/mikks/crazyflie_mapping_demo/ros2_ws/install/ros_gz_crazyflie_control:/home/mikks/crazyflie_mapping_demo/ros2_ws/install/mixed_fractional_consensus:/home/mikks/crazyflie_mapping_demo/ros2_ws/install/lowest_pos:/home/mikks/crazyflie_mapping_demo/ros2_ws/install/linear_consensus:/home/mikks/crazyflie_mapping_demo/ros2_ws/install/highest_pos:/home/mikks/crazyflie_mapping_demo/ros2_ws/install/fractional_consensus_alpha:/home/mikks/crazyflie_mapping_demo/ros2_ws/install/event_triggered_swarm:/home/mikks/crazyflie_mapping_demo/ros2_ws/install/drone_logger:/home/mikks/crazyflie_mapping_demo/ros2_ws/install/distributed_average_tracking:/home/mikks/crazyflie_mapping_demo/ros2_ws/install/crazyflie_swarm_logic:/home/mikks/crazyflie_mapping_demo/ros2_ws/install/crazyflie_ros2_multiranger_wall_following:/home/mikks/crazyflie_mapping_demo/ros2_ws/install/crazyflie_ros2_multiranger_simple_mapper:/home/mikks/crazyflie_mapping_demo/ros2_ws/install/crazyflie_py:/home/mikks/crazyflie_mapping_demo/ros2_ws/install/cooperative_target_centric_formation:/home/mikks/crazyflie_mapping_demo/ros2_ws/install/containment_using_agent_information:/home/mikks/crazyflie_mapping_demo/ros2_ws/install/consensus_for_double_integrator:/home/mikks/crazyflie_mapping_demo/ros2_ws/install/consensus_alignment:/home/mikks/crazyflie_mapping_demo/ros2_ws/install/binary_consensus:/home/mikks/crazyflie_mapping_demo/ros2_ws/install/Second_Order_Min_Consensus_for_Heterogeneous_Agents:/home/mikks/crazyflie_mapping_demo/ros2_ws/install/BinaryContainmentChain:/opt/ros/jazzy DEBUGINFOD_URLS=https://debuginfod.ubuntu.com LD_LIBRARY_PATH=/home/mikks/ros2_px4_ws/install/px4_ros2_cpp/lib:/home/mikks/ros2_px4_ws/install/px4_msgs/lib:/home/mikks/ros2_px4_ws/install/px4_ros_com/lib:/home/mikks/NatNet_SDK_4.3_ubuntu/lib:/home/mikks/crazyflie_mapping_demo/ros2_ws/install/crazyflie_interfaces/lib:/opt/ros/jazzy/opt/gz_sim_vendor/lib:/opt/ros/jazzy/opt/gz_sensors_vendor/lib:/opt/ros/jazzy/opt/gz_physics_vendor/lib:/opt/ros/jazzy/opt/sdformat_vendor/lib:/opt/ros/jazzy/opt/rviz_ogre_vendor/lib:/opt/ros/jazzy/lib/x86_64-linux-gnu:/opt/ros/jazzy/opt/gz_gui_vendor/lib:/opt/ros/jazzy/opt/gz_transport_vendor/lib:/opt/ros/jazzy/opt/gz_rendering_vendor/lib:/opt/ros/jazzy/opt/gz_plugin_vendor/lib:/opt/ros/jazzy/opt/gz_fuel_tools_vendor/lib:/opt/ros/jazzy/opt/gz_msgs_vendor/lib:/opt/ros/jazzy/opt/gz_common_vendor/lib:/opt/ros/jazzy/opt/gz_math_vendor/lib:/opt/ros/jazzy/opt/gz_utils_vendor/lib:/opt/ros/jazzy/opt/gz_tools_vendor/lib:/opt/ros/jazzy/opt/gz_ogre_next_vendor/lib:/opt/ros/jazzy/opt/gz_dartsim_vendor/lib:/opt/ros/jazzy/opt/gz_cmake_vendor/lib:/opt/ros/jazzy/lib PYTHONPATH=/home/mikks/ros2_px4_ws/install/px4_msgs/lib/python3.12/site-packages:/home/mikks/ros2_px4_ws/build/x500_hover_controller:/home/mikks/ros2_px4_ws/install/x500_hover_controller/lib/python3.12/site-packages:/home/mikks/ros2_px4_ws/install/px4_ros_com/lib/python3.12/site-packages:/home/mikks/ros2_px4_ws/build/example_mode_with_rclpy_py:/home/mikks/ros2_px4_ws/install/example_mode_with_rclpy_py/lib/python3.12/site-packages:/home/mikks/ros2_px4_ws/build/example_mode_goto_py:/home/mikks/ros2_px4_ws/install/example_mode_goto_py/lib/python3.12/site-packages:/home/mikks/ros2_px4_ws/install/px4_ros2_py/lib/python3.12/site-packages:/home/mikks/ros2_px4_ws/build/px4_actuator_ctrl:/home/mikks/ros2_px4_ws/install/px4_actuator_ctrl/lib/python3.12/site-packages:/home/mikks/ros2_ws/build/rover_desc_description:/home/mikks/ros2_ws/install/rover_desc_description/lib/python3.12/site-packages:/home/mikks/ros2_ws/install/px4_actuator_ctrl/lib/python3.12/site-packages:/home/mikks/ros2_ws/build/mine_rover_description:/home/mikks/ros2_ws/install/mine_rover_description/lib/python3.12/site-packages:/home/mikks/ros2_ws/build/ZerionURDFV5cp_description:/home/mikks/ros2_ws/install/ZerionURDFV5cp_description/lib/python3.12/site-packages:/home/mikks/crazyflie_mapping_demo/ros2_ws/install/velocity_free_consensus/lib/python3.12/site-packages:/home/mikks/crazyflie_mapping_demo/ros2_ws/install/stepwise_lowpos/lib/python3.12/site-packages:/home/mikks/crazyflie_mapping_demo/ros2_ws/install/step_wise_lowpos/lib/python3.12/site-packages:/home/mikks/crazyflie_mapping_demo/ros2_ws/install/second_order_formation_control/lib/python3.12/site-packages:/home/mikks/crazyflie_mapping_demo/ros2_ws/install/ros_gz_crazyflie_control/lib/python3.12/site-packages:/home/mikks/crazyflie_mapping_demo/ros2_ws/install/mixed_fractional_consensus/lib/python3.12/site-packages:/home/mikks/crazyflie_mapping_demo/ros2_ws/install/lowest_pos/lib/python3.12/site-packages:/home/mikks/crazyflie_mapping_demo/ros2_ws/install/linear_consensus/lib/python3.12/site-packages:/home/mikks/crazyflie_mapping_demo/ros2_ws/install/highest_pos/lib/python3.12/site-packages:/home/mikks/crazyflie_mapping_demo/ros2_ws/install/fractional_consensus_alpha/lib/python3.12/site-packages:/home/mikks/crazyflie_mapping_demo/ros2_ws/install/event_triggered_swarm/lib/python3.12/site-packages:/home/mikks/crazyflie_mapping_demo/ros2_ws/install/drone_logger/lib/python3.12/site-packages:/home/mikks/crazyflie_mapping_demo/ros2_ws/install/distributed_average_tracking/lib/python3.12/site-packages:/home/mikks/crazyflie_mapping_demo/ros2_ws/install/crazyflie_swarm_logic/lib/python3.12/site-packages:/home/mikks/crazyflie_mapping_demo/ros2_ws/install/crazyflie_sim/lib/python3.12/site-packages:/home/mikks/crazyflie_mapping_demo/ros2_ws/install/crazyflie_ros2_multiranger_wall_following/lib/python3.12/site-packages:/home/mikks/crazyflie_mapping_demo/ros2_ws/install/crazyflie_ros2_multiranger_simple_mapper/lib/python3.12/site-packages:/home/mikks/crazyflie_mapping_demo/ros2_ws/install/crazyflie_examples/lib/python3.12/site-packages:/home/mikks/crazyflie_mapping_demo/ros2_ws/install/crazyflie_py/lib/python3.12/site-packages:/home/mikks/crazyflie_mapping_demo/ros2_ws/install/crazyflie_interfaces/lib/python3.12/site-packages:/home/mikks/crazyflie_mapping_demo/ros2_ws/install/cooperative_target_centric_formation/lib/python3.12/site-packages:/home/mikks/crazyflie_mapping_demo/ros2_ws/install/containment_using_agent_information/lib/python3.12/site-packages:/home/mikks/crazyflie_mapping_demo/ros2_ws/install/consensus_for_double_integrator/lib/python3.12/site-packages:/home/mikks/crazyflie_mapping_demo/ros2_ws/install/consensus_alignment/lib/python3.12/site-packages:/home/mikks/crazyflie_mapping_demo/ros2_ws/install/binary_consensus/lib/python3.12/site-packages:/home/mikks/crazyflie_mapping_demo/ros2_ws/install/Second_Order_Min_Consensus_for_Heterogeneous_Agents/lib/python3.12/site-packages:/home/mikks/crazyflie_mapping_demo/ros2_ws/install/BinaryContainmentChain/lib/python3.12/site-packages:/opt/ros/jazzy/lib/python3.12/site-packages /usr/bin/cmake --install /home/mikks/ros2_px4_ws/build/example_mode_goto_global_cpp
[3.800s] Level 1:colcon.colcon_core.environment:create_environment_scripts_only(example_executor_with_multiple_modes_cpp)
[3.800s] Level 1:colcon.colcon_core.environment:checking '/home/mikks/ros2_px4_ws/install/example_executor_with_multiple_modes_cpp' for CMake module files
[3.801s] DEBUG:colcon.colcon_core.event_handler.log_command:Invoked command in '/home/mikks/ros2_px4_ws/build/example_executor_with_multiple_modes_cpp' returned '0': CMAKE_PREFIX_PATH=/home/mikks/ros2_px4_ws/install/px4_ros2_cpp:/home/mikks/ros2_px4_ws/install/px4_msgs:/home/mikks/ros2_px4_ws/install/px4_ros_com:/home/mikks/ros2_px4_ws/install/px4_ros2_py:/home/mikks/ros2_px4_ws/install/example_rover_velocity_mode_cpp:/home/mikks/ros2_px4_ws/install/example_mode_with_executor_cpp:/home/mikks/ros2_px4_ws/install/example_mode_vtol_cpp:/home/mikks/ros2_px4_ws/install/example_mode_rtl_replacement_cpp:/home/mikks/ros2_px4_ws/install/example_mode_mission_cpp:/home/mikks/ros2_px4_ws/install/example_mode_manual_cpp:/home/mikks/ros2_px4_ws/install/example_mode_goto_global_cpp:/home/mikks/ros2_px4_ws/install/example_mode_goto_cpp:/home/mikks/ros2_px4_ws/install/example_mode_fw_attitude_cpp:/home/mikks/ros2_px4_ws/install/example_local_navigation_cpp:/home/mikks/ros2_px4_ws/install/example_global_navigation_cpp:/home/mikks/ros2_px4_ws/install/example_executor_with_multiple_modes_cpp:/home/mikks/crazyflie_mapping_demo/ros2_ws/install/crazyflie_ros2_multiranger_bringup:/home/mikks/crazyflie_mapping_demo/ros2_ws/install/ros_gz_crazyflie_bringup:/home/mikks/crazyflie_mapping_demo/ros2_ws/install/ros_gz_crazyflie_gazebo:/home/mikks/crazyflie_mapping_demo/ros2_ws/install/crazyflie_sim:/home/mikks/crazyflie_mapping_demo/ros2_ws/install/crazyflie_examples:/home/mikks/crazyflie_mapping_demo/ros2_ws/install/crazyflie:/home/mikks/crazyflie_mapping_demo/ros2_ws/install/crazyflie_interfaces:/opt/ros/jazzy/opt/gz_sim_vendor:/opt/ros/jazzy/opt/gz_sensors_vendor:/opt/ros/jazzy/opt/gz_physics_vendor:/opt/ros/jazzy/opt/sdformat_vendor:/opt/ros/jazzy/opt/gz_gui_vendor:/opt/ros/jazzy/opt/gz_transport_vendor:/opt/ros/jazzy/opt/gz_rendering_vendor:/opt/ros/jazzy/opt/gz_plugin_vendor:/opt/ros/jazzy/opt/gz_fuel_tools_vendor:/opt/ros/jazzy/opt/gz_msgs_vendor:/opt/ros/jazzy/opt/gz_common_vendor:/opt/ros/jazzy/opt/gz_math_vendor:/opt/ros/jazzy/opt/gz_utils_vendor:/opt/ros/jazzy/opt/gz_tools_vendor:/opt/ros/jazzy/opt/gz_ogre_next_vendor:/opt/ros/jazzy/opt/gz_dartsim_vendor:/opt/ros/jazzy/opt/gz_cmake_vendor:/home/mikks/ros2_px4_ws/install/x500_hover_controller:/home/mikks/ros2_px4_ws/install/example_mode_with_rclpy_py:/home/mikks/ros2_px4_ws/install/example_mode_goto_py:/home/mikks/ros2_px4_ws/install/px4_actuator_ctrl:/home/mikks/ros2_ws/install/rover_desc_description:/home/mikks/ros2_ws/install/px4_actuator_ctrl:/home/mikks/ros2_ws/install/mine_rover_description:/home/mikks/ros2_ws/install/ZerionURDFV5cp_description:/home/mikks/crazyflie_mapping_demo/ros2_ws/install/velocity_free_consensus:/home/mikks/crazyflie_mapping_demo/ros2_ws/install/stepwise_lowpos:/home/mikks/crazyflie_mapping_demo/ros2_ws/install/step_wise_lowpos:/home/mikks/crazyflie_mapping_demo/ros2_ws/install/second_order_formation_control:/home/mikks/crazyflie_mapping_demo/ros2_ws/install/ros_gz_crazyflie_control:/home/mikks/crazyflie_mapping_demo/ros2_ws/install/mixed_fractional_consensus:/home/mikks/crazyflie_mapping_demo/ros2_ws/install/lowest_pos:/home/mikks/crazyflie_mapping_demo/ros2_ws/install/linear_consensus:/home/mikks/crazyflie_mapping_demo/ros2_ws/install/highest_pos:/home/mikks/crazyflie_mapping_demo/ros2_ws/install/fractional_consensus_alpha:/home/mikks/crazyflie_mapping_demo/ros2_ws/install/event_triggered_swarm:/home/mikks/crazyflie_mapping_demo/ros2_ws/install/drone_logger:/home/mikks/crazyflie_mapping_demo/ros2_ws/install/distributed_average_tracking:/home/mikks/crazyflie_mapping_demo/ros2_ws/install/crazyflie_swarm_logic:/home/mikks/crazyflie_mapping_demo/ros2_ws/install/crazyflie_ros2_multiranger_wall_following:/home/mikks/crazyflie_mapping_demo/ros2_ws/install/crazyflie_ros2_multiranger_simple_mapper:/home/mikks/crazyflie_mapping_demo/ros2_ws/install/crazyflie_py:/home/mikks/crazyflie_mapping_demo/ros2_ws/install/cooperative_target_centric_formation:/home/mikks/crazyflie_mapping_demo/ros2_ws/install/containment_using_agent_information:/home/mikks/crazyflie_mapping_demo/ros2_ws/install/consensus_for_double_integrator:/home/mikks/crazyflie_mapping_demo/ros2_ws/install/consensus_alignment:/home/mikks/crazyflie_mapping_demo/ros2_ws/install/binary_consensus:/home/mikks/crazyflie_mapping_demo/ros2_ws/install/Second_Order_Min_Consensus_for_Heterogeneous_Agents:/home/mikks/crazyflie_mapping_demo/ros2_ws/install/BinaryContainmentChain:/opt/ros/jazzy DEBUGINFOD_URLS=https://debuginfod.ubuntu.com LD_LIBRARY_PATH=/home/mikks/ros2_px4_ws/install/px4_ros2_cpp/lib:/home/mikks/ros2_px4_ws/install/px4_msgs/lib:/home/mikks/ros2_px4_ws/install/px4_ros_com/lib:/home/mikks/NatNet_SDK_4.3_ubuntu/lib:/home/mikks/crazyflie_mapping_demo/ros2_ws/install/crazyflie_interfaces/lib:/opt/ros/jazzy/opt/gz_sim_vendor/lib:/opt/ros/jazzy/opt/gz_sensors_vendor/lib:/opt/ros/jazzy/opt/gz_physics_vendor/lib:/opt/ros/jazzy/opt/sdformat_vendor/lib:/opt/ros/jazzy/opt/rviz_ogre_vendor/lib:/opt/ros/jazzy/lib/x86_64-linux-gnu:/opt/ros/jazzy/opt/gz_gui_vendor/lib:/opt/ros/jazzy/opt/gz_transport_vendor/lib:/opt/ros/jazzy/opt/gz_rendering_vendor/lib:/opt/ros/jazzy/opt/gz_plugin_vendor/lib:/opt/ros/jazzy/opt/gz_fuel_tools_vendor/lib:/opt/ros/jazzy/opt/gz_msgs_vendor/lib:/opt/ros/jazzy/opt/gz_common_vendor/lib:/opt/ros/jazzy/opt/gz_math_vendor/lib:/opt/ros/jazzy/opt/gz_utils_vendor/lib:/opt/ros/jazzy/opt/gz_tools_vendor/lib:/opt/ros/jazzy/opt/gz_ogre_next_vendor/lib:/opt/ros/jazzy/opt/gz_dartsim_vendor/lib:/opt/ros/jazzy/opt/gz_cmake_vendor/lib:/opt/ros/jazzy/lib PYTHONPATH=/home/mikks/ros2_px4_ws/install/px4_msgs/lib/python3.12/site-packages:/home/mikks/ros2_px4_ws/build/x500_hover_controller:/home/mikks/ros2_px4_ws/install/x500_hover_controller/lib/python3.12/site-packages:/home/mikks/ros2_px4_ws/install/px4_ros_com/lib/python3.12/site-packages:/home/mikks/ros2_px4_ws/build/example_mode_with_rclpy_py:/home/mikks/ros2_px4_ws/install/example_mode_with_rclpy_py/lib/python3.12/site-packages:/home/mikks/ros2_px4_ws/build/example_mode_goto_py:/home/mikks/ros2_px4_ws/install/example_mode_goto_py/lib/python3.12/site-packages:/home/mikks/ros2_px4_ws/install/px4_ros2_py/lib/python3.12/site-packages:/home/mikks/ros2_px4_ws/build/px4_actuator_ctrl:/home/mikks/ros2_px4_ws/install/px4_actuator_ctrl/lib/python3.12/site-packages:/home/mikks/ros2_ws/build/rover_desc_description:/home/mikks/ros2_ws/install/rover_desc_description/lib/python3.12/site-packages:/home/mikks/ros2_ws/install/px4_actuator_ctrl/lib/python3.12/site-packages:/home/mikks/ros2_ws/build/mine_rover_description:/home/mikks/ros2_ws/install/mine_rover_description/lib/python3.12/site-packages:/home/mikks/ros2_ws/build/ZerionURDFV5cp_description:/home/mikks/ros2_ws/install/ZerionURDFV5cp_description/lib/python3.12/site-packages:/home/mikks/crazyflie_mapping_demo/ros2_ws/install/velocity_free_consensus/lib/python3.12/site-packages:/home/mikks/crazyflie_mapping_demo/ros2_ws/install/stepwise_lowpos/lib/python3.12/site-packages:/home/mikks/crazyflie_mapping_demo/ros2_ws/install/step_wise_lowpos/lib/python3.12/site-packages:/home/mikks/crazyflie_mapping_demo/ros2_ws/install/second_order_formation_control/lib/python3.12/site-packages:/home/mikks/crazyflie_mapping_demo/ros2_ws/install/ros_gz_crazyflie_control/lib/python3.12/site-packages:/home/mikks/crazyflie_mapping_demo/ros2_ws/install/mixed_fractional_consensus/lib/python3.12/site-packages:/home/mikks/crazyflie_mapping_demo/ros2_ws/install/lowest_pos/lib/python3.12/site-packages:/home/mikks/crazyflie_mapping_demo/ros2_ws/install/linear_consensus/lib/python3.12/site-packages:/home/mikks/crazyflie_mapping_demo/ros2_ws/install/highest_pos/lib/python3.12/site-packages:/home/mikks/crazyflie_mapping_demo/ros2_ws/install/fractional_consensus_alpha/lib/python3.12/site-packages:/home/mikks/crazyflie_mapping_demo/ros2_ws/install/event_triggered_swarm/lib/python3.12/site-packages:/home/mikks/crazyflie_mapping_demo/ros2_ws/install/drone_logger/lib/python3.12/site-packages:/home/mikks/crazyflie_mapping_demo/ros2_ws/install/distributed_average_tracking/lib/python3.12/site-packages:/home/mikks/crazyflie_mapping_demo/ros2_ws/install/crazyflie_swarm_logic/lib/python3.12/site-packages:/home/mikks/crazyflie_mapping_demo/ros2_ws/install/crazyflie_sim/lib/python3.12/site-packages:/home/mikks/crazyflie_mapping_demo/ros2_ws/install/crazyflie_ros2_multiranger_wall_following/lib/python3.12/site-packages:/home/mikks/crazyflie_mapping_demo/ros2_ws/install/crazyflie_ros2_multiranger_simple_mapper/lib/python3.12/site-packages:/home/mikks/crazyflie_mapping_demo/ros2_ws/install/crazyflie_examples/lib/python3.12/site-packages:/home/mikks/crazyflie_mapping_demo/ros2_ws/install/crazyflie_py/lib/python3.12/site-packages:/home/mikks/crazyflie_mapping_demo/ros2_ws/install/crazyflie_interfaces/lib/python3.12/site-packages:/home/mikks/crazyflie_mapping_demo/ros2_ws/install/cooperative_target_centric_formation/lib/python3.12/site-packages:/home/mikks/crazyflie_mapping_demo/ros2_ws/install/containment_using_agent_information/lib/python3.12/site-packages:/home/mikks/crazyflie_mapping_demo/ros2_ws/install/consensus_for_double_integrator/lib/python3.12/site-packages:/home/mikks/crazyflie_mapping_demo/ros2_ws/install/consensus_alignment/lib/python3.12/site-packages:/home/mikks/crazyflie_mapping_demo/ros2_ws/install/binary_consensus/lib/python3.12/site-packages:/home/mikks/crazyflie_mapping_demo/ros2_ws/install/Second_Order_Min_Consensus_for_Heterogeneous_Agents/lib/python3.12/site-packages:/home/mikks/crazyflie_mapping_demo/ros2_ws/install/BinaryContainmentChain/lib/python3.12/site-packages:/opt/ros/jazzy/lib/python3.12/site-packages /usr/bin/cmake --install /home/mikks/ros2_px4_ws/build/example_executor_with_multiple_modes_cpp
[3.804s] Level 1:colcon.colcon_core.environment:checking '/home/mikks/ros2_px4_ws/install/example_executor_with_multiple_modes_cpp' for CMake config files
[3.804s] Level 1:colcon.colcon_core.shell:create_environment_hook('example_executor_with_multiple_modes_cpp', 'cmake_prefix_path')
[3.805s] INFO:colcon.colcon_core.shell:Creating environment hook '/home/mikks/ros2_px4_ws/install/example_executor_with_multiple_modes_cpp/share/example_executor_with_multiple_modes_cpp/hook/cmake_prefix_path.ps1'
[3.805s] INFO:colcon.colcon_core.shell:Creating environment descriptor '/home/mikks/ros2_px4_ws/install/example_executor_with_multiple_modes_cpp/share/example_executor_with_multiple_modes_cpp/hook/cmake_prefix_path.dsv'
[3.808s] INFO:colcon.colcon_core.shell:Creating environment hook '/home/mikks/ros2_px4_ws/install/example_executor_with_multiple_modes_cpp/share/example_executor_with_multiple_modes_cpp/hook/cmake_prefix_path.sh'
[3.809s] Level 1:colcon.colcon_core.environment:checking '/home/mikks/ros2_px4_ws/install/example_executor_with_multiple_modes_cpp/lib'
[3.809s] Level 1:colcon.colcon_core.environment:checking '/home/mikks/ros2_px4_ws/install/example_executor_with_multiple_modes_cpp/bin'
[3.809s] Level 1:colcon.colcon_core.environment:checking '/home/mikks/ros2_px4_ws/install/example_executor_with_multiple_modes_cpp/lib/pkgconfig/example_executor_with_multiple_modes_cpp.pc'
[3.810s] Level 1:colcon.colcon_core.environment:checking '/home/mikks/ros2_px4_ws/install/example_executor_with_multiple_modes_cpp/lib/python3.12/site-packages'
[3.810s] Level 1:colcon.colcon_core.environment:checking '/home/mikks/ros2_px4_ws/install/example_executor_with_multiple_modes_cpp/bin'
[3.810s] INFO:colcon.colcon_core.shell:Creating package script '/home/mikks/ros2_px4_ws/install/example_executor_with_multiple_modes_cpp/share/example_executor_with_multiple_modes_cpp/package.ps1'
[3.811s] INFO:colcon.colcon_core.shell:Creating package descriptor '/home/mikks/ros2_px4_ws/install/example_executor_with_multiple_modes_cpp/share/example_executor_with_multiple_modes_cpp/package.dsv'
[3.811s] INFO:colcon.colcon_core.shell:Creating package script '/home/mikks/ros2_px4_ws/install/example_executor_with_multiple_modes_cpp/share/example_executor_with_multiple_modes_cpp/package.sh'
[3.812s] INFO:colcon.colcon_core.shell:Creating package script '/home/mikks/ros2_px4_ws/install/example_executor_with_multiple_modes_cpp/share/example_executor_with_multiple_modes_cpp/package.bash'
[3.812s] INFO:colcon.colcon_core.shell:Creating package script '/home/mikks/ros2_px4_ws/install/example_executor_with_multiple_modes_cpp/share/example_executor_with_multiple_modes_cpp/package.zsh'
[3.812s] Level 1:colcon.colcon_core.environment:create_file_with_runtime_dependencies(/home/mikks/ros2_px4_ws/install/example_executor_with_multiple_modes_cpp/share/colcon-core/packages/example_executor_with_multiple_modes_cpp)
[3.813s] Level 1:colcon.colcon_core.environment:create_environment_scripts_only(example_executor_with_multiple_modes_cpp)
[3.813s] Level 1:colcon.colcon_core.environment:checking '/home/mikks/ros2_px4_ws/install/example_executor_with_multiple_modes_cpp' for CMake module files
[3.818s] Level 1:colcon.colcon_core.environment:checking '/home/mikks/ros2_px4_ws/install/example_executor_with_multiple_modes_cpp' for CMake config files
[3.818s] Level 1:colcon.colcon_core.shell:create_environment_hook('example_executor_with_multiple_modes_cpp', 'cmake_prefix_path')
[3.818s] INFO:colcon.colcon_core.shell:Creating environment hook '/home/mikks/ros2_px4_ws/install/example_executor_with_multiple_modes_cpp/share/example_executor_with_multiple_modes_cpp/hook/cmake_prefix_path.ps1'
[3.819s] INFO:colcon.colcon_core.shell:Creating environment descriptor '/home/mikks/ros2_px4_ws/install/example_executor_with_multiple_modes_cpp/share/example_executor_with_multiple_modes_cpp/hook/cmake_prefix_path.dsv'
[3.820s] INFO:colcon.colcon_core.shell:Creating environment hook '/home/mikks/ros2_px4_ws/install/example_executor_with_multiple_modes_cpp/share/example_executor_with_multiple_modes_cpp/hook/cmake_prefix_path.sh'
[3.820s] Level 1:colcon.colcon_core.environment:checking '/home/mikks/ros2_px4_ws/install/example_executor_with_multiple_modes_cpp/lib'
[3.820s] Level 1:colcon.colcon_core.environment:checking '/home/mikks/ros2_px4_ws/install/example_executor_with_multiple_modes_cpp/bin'
[3.820s] Level 1:colcon.colcon_core.environment:checking '/home/mikks/ros2_px4_ws/install/example_executor_with_multiple_modes_cpp/lib/pkgconfig/example_executor_with_multiple_modes_cpp.pc'
[3.821s] Level 1:colcon.colcon_core.environment:checking '/home/mikks/ros2_px4_ws/install/example_executor_with_multiple_modes_cpp/lib/python3.12/site-packages'
[3.821s] Level 1:colcon.colcon_core.environment:checking '/home/mikks/ros2_px4_ws/install/example_executor_with_multiple_modes_cpp/bin'
[3.822s] INFO:colcon.colcon_core.shell:Creating package script '/home/mikks/ros2_px4_ws/install/example_executor_with_multiple_modes_cpp/share/example_executor_with_multiple_modes_cpp/package.ps1'
[3.823s] INFO:colcon.colcon_core.shell:Creating package descriptor '/home/mikks/ros2_px4_ws/install/example_executor_with_multiple_modes_cpp/share/example_executor_with_multiple_modes_cpp/package.dsv'
[3.825s] INFO:colcon.colcon_core.shell:Creating package script '/home/mikks/ros2_px4_ws/install/example_executor_with_multiple_modes_cpp/share/example_executor_with_multiple_modes_cpp/package.sh'
[3.825s] INFO:colcon.colcon_core.shell:Creating package script '/home/mikks/ros2_px4_ws/install/example_executor_with_multiple_modes_cpp/share/example_executor_with_multiple_modes_cpp/package.bash'
[3.826s] INFO:colcon.colcon_core.shell:Creating package script '/home/mikks/ros2_px4_ws/install/example_executor_with_multiple_modes_cpp/share/example_executor_with_multiple_modes_cpp/package.zsh'
[3.826s] Level 1:colcon.colcon_core.environment:create_file_with_runtime_dependencies(/home/mikks/ros2_px4_ws/install/example_executor_with_multiple_modes_cpp/share/colcon-core/packages/example_executor_with_multiple_modes_cpp)
[3.830s] DEBUG:colcon.colcon_core.event_handler.log_command:Invoked command in '/home/mikks/ros2_px4_ws/build/px4_ros_com' returned '0': CMAKE_PREFIX_PATH=/home/mikks/ros2_px4_ws/install/px4_msgs:/home/mikks/ros2_px4_ws/install/px4_ros_com:/home/mikks/ros2_px4_ws/install/px4_ros2_py:/home/mikks/ros2_px4_ws/install/example_rover_velocity_mode_cpp:/home/mikks/ros2_px4_ws/install/example_mode_with_executor_cpp:/home/mikks/ros2_px4_ws/install/example_mode_vtol_cpp:/home/mikks/ros2_px4_ws/install/example_mode_rtl_replacement_cpp:/home/mikks/ros2_px4_ws/install/example_mode_mission_cpp:/home/mikks/ros2_px4_ws/install/example_mode_manual_cpp:/home/mikks/ros2_px4_ws/install/example_mode_goto_global_cpp:/home/mikks/ros2_px4_ws/install/example_mode_goto_cpp:/home/mikks/ros2_px4_ws/install/example_mode_fw_attitude_cpp:/home/mikks/ros2_px4_ws/install/example_local_navigation_cpp:/home/mikks/ros2_px4_ws/install/example_global_navigation_cpp:/home/mikks/ros2_px4_ws/install/example_executor_with_multiple_modes_cpp:/home/mikks/ros2_px4_ws/install/px4_ros2_cpp:/home/mikks/crazyflie_mapping_demo/ros2_ws/install/crazyflie_ros2_multiranger_bringup:/home/mikks/crazyflie_mapping_demo/ros2_ws/install/ros_gz_crazyflie_bringup:/home/mikks/crazyflie_mapping_demo/ros2_ws/install/ros_gz_crazyflie_gazebo:/home/mikks/crazyflie_mapping_demo/ros2_ws/install/crazyflie_sim:/home/mikks/crazyflie_mapping_demo/ros2_ws/install/crazyflie_examples:/home/mikks/crazyflie_mapping_demo/ros2_ws/install/crazyflie:/home/mikks/crazyflie_mapping_demo/ros2_ws/install/crazyflie_interfaces:/opt/ros/jazzy/opt/gz_sim_vendor:/opt/ros/jazzy/opt/gz_sensors_vendor:/opt/ros/jazzy/opt/gz_physics_vendor:/opt/ros/jazzy/opt/sdformat_vendor:/opt/ros/jazzy/opt/gz_gui_vendor:/opt/ros/jazzy/opt/gz_transport_vendor:/opt/ros/jazzy/opt/gz_rendering_vendor:/opt/ros/jazzy/opt/gz_plugin_vendor:/opt/ros/jazzy/opt/gz_fuel_tools_vendor:/opt/ros/jazzy/opt/gz_msgs_vendor:/opt/ros/jazzy/opt/gz_common_vendor:/opt/ros/jazzy/opt/gz_math_vendor:/opt/ros/jazzy/opt/gz_utils_vendor:/opt/ros/jazzy/opt/gz_tools_vendor:/opt/ros/jazzy/opt/gz_ogre_next_vendor:/opt/ros/jazzy/opt/gz_dartsim_vendor:/opt/ros/jazzy/opt/gz_cmake_vendor:/home/mikks/ros2_px4_ws/install/x500_hover_controller:/home/mikks/ros2_px4_ws/install/example_mode_with_rclpy_py:/home/mikks/ros2_px4_ws/install/example_mode_goto_py:/home/mikks/ros2_px4_ws/install/px4_actuator_ctrl:/home/mikks/ros2_ws/install/rover_desc_description:/home/mikks/ros2_ws/install/px4_actuator_ctrl:/home/mikks/ros2_ws/install/mine_rover_description:/home/mikks/ros2_ws/install/ZerionURDFV5cp_description:/home/mikks/crazyflie_mapping_demo/ros2_ws/install/velocity_free_consensus:/home/mikks/crazyflie_mapping_demo/ros2_ws/install/stepwise_lowpos:/home/mikks/crazyflie_mapping_demo/ros2_ws/install/step_wise_lowpos:/home/mikks/crazyflie_mapping_demo/ros2_ws/install/second_order_formation_control:/home/mikks/crazyflie_mapping_demo/ros2_ws/install/ros_gz_crazyflie_control:/home/mikks/crazyflie_mapping_demo/ros2_ws/install/mixed_fractional_consensus:/home/mikks/crazyflie_mapping_demo/ros2_ws/install/lowest_pos:/home/mikks/crazyflie_mapping_demo/ros2_ws/install/linear_consensus:/home/mikks/crazyflie_mapping_demo/ros2_ws/install/highest_pos:/home/mikks/crazyflie_mapping_demo/ros2_ws/install/fractional_consensus_alpha:/home/mikks/crazyflie_mapping_demo/ros2_ws/install/event_triggered_swarm:/home/mikks/crazyflie_mapping_demo/ros2_ws/install/drone_logger:/home/mikks/crazyflie_mapping_demo/ros2_ws/install/distributed_average_tracking:/home/mikks/crazyflie_mapping_demo/ros2_ws/install/crazyflie_swarm_logic:/home/mikks/crazyflie_mapping_demo/ros2_ws/install/crazyflie_ros2_multiranger_wall_following:/home/mikks/crazyflie_mapping_demo/ros2_ws/install/crazyflie_ros2_multiranger_simple_mapper:/home/mikks/crazyflie_mapping_demo/ros2_ws/install/crazyflie_py:/home/mikks/crazyflie_mapping_demo/ros2_ws/install/cooperative_target_centric_formation:/home/mikks/crazyflie_mapping_demo/ros2_ws/install/containment_using_agent_information:/home/mikks/crazyflie_mapping_demo/ros2_ws/install/consensus_for_double_integrator:/home/mikks/crazyflie_mapping_demo/ros2_ws/install/consensus_alignment:/home/mikks/crazyflie_mapping_demo/ros2_ws/install/binary_consensus:/home/mikks/crazyflie_mapping_demo/ros2_ws/install/Second_Order_Min_Consensus_for_Heterogeneous_Agents:/home/mikks/crazyflie_mapping_demo/ros2_ws/install/BinaryContainmentChain:/opt/ros/jazzy DEBUGINFOD_URLS=https://debuginfod.ubuntu.com LD_LIBRARY_PATH=/home/mikks/ros2_px4_ws/install/px4_msgs/lib:/home/mikks/ros2_px4_ws/install/px4_ros_com/lib:/home/mikks/ros2_px4_ws/install/px4_ros2_cpp/lib:/home/mikks/NatNet_SDK_4.3_ubuntu/lib:/home/mikks/crazyflie_mapping_demo/ros2_ws/install/crazyflie_interfaces/lib:/opt/ros/jazzy/opt/gz_sim_vendor/lib:/opt/ros/jazzy/opt/gz_sensors_vendor/lib:/opt/ros/jazzy/opt/gz_physics_vendor/lib:/opt/ros/jazzy/opt/sdformat_vendor/lib:/opt/ros/jazzy/opt/rviz_ogre_vendor/lib:/opt/ros/jazzy/lib/x86_64-linux-gnu:/opt/ros/jazzy/opt/gz_gui_vendor/lib:/opt/ros/jazzy/opt/gz_transport_vendor/lib:/opt/ros/jazzy/opt/gz_rendering_vendor/lib:/opt/ros/jazzy/opt/gz_plugin_vendor/lib:/opt/ros/jazzy/opt/gz_fuel_tools_vendor/lib:/opt/ros/jazzy/opt/gz_msgs_vendor/lib:/opt/ros/jazzy/opt/gz_common_vendor/lib:/opt/ros/jazzy/opt/gz_math_vendor/lib:/opt/ros/jazzy/opt/gz_utils_vendor/lib:/opt/ros/jazzy/opt/gz_tools_vendor/lib:/opt/ros/jazzy/opt/gz_ogre_next_vendor/lib:/opt/ros/jazzy/opt/gz_dartsim_vendor/lib:/opt/ros/jazzy/opt/gz_cmake_vendor/lib:/opt/ros/jazzy/lib PYTHONPATH=/home/mikks/ros2_px4_ws/install/px4_msgs/lib/python3.12/site-packages:/home/mikks/ros2_px4_ws/build/x500_hover_controller:/home/mikks/ros2_px4_ws/install/x500_hover_controller/lib/python3.12/site-packages:/home/mikks/ros2_px4_ws/install/px4_ros_com/lib/python3.12/site-packages:/home/mikks/ros2_px4_ws/build/example_mode_with_rclpy_py:/home/mikks/ros2_px4_ws/install/example_mode_with_rclpy_py/lib/python3.12/site-packages:/home/mikks/ros2_px4_ws/build/example_mode_goto_py:/home/mikks/ros2_px4_ws/install/example_mode_goto_py/lib/python3.12/site-packages:/home/mikks/ros2_px4_ws/install/px4_ros2_py/lib/python3.12/site-packages:/home/mikks/ros2_px4_ws/build/px4_actuator_ctrl:/home/mikks/ros2_px4_ws/install/px4_actuator_ctrl/lib/python3.12/site-packages:/home/mikks/ros2_ws/build/rover_desc_description:/home/mikks/ros2_ws/install/rover_desc_description/lib/python3.12/site-packages:/home/mikks/ros2_ws/install/px4_actuator_ctrl/lib/python3.12/site-packages:/home/mikks/ros2_ws/build/mine_rover_description:/home/mikks/ros2_ws/install/mine_rover_description/lib/python3.12/site-packages:/home/mikks/ros2_ws/build/ZerionURDFV5cp_description:/home/mikks/ros2_ws/install/ZerionURDFV5cp_description/lib/python3.12/site-packages:/home/mikks/crazyflie_mapping_demo/ros2_ws/install/velocity_free_consensus/lib/python3.12/site-packages:/home/mikks/crazyflie_mapping_demo/ros2_ws/install/stepwise_lowpos/lib/python3.12/site-packages:/home/mikks/crazyflie_mapping_demo/ros2_ws/install/step_wise_lowpos/lib/python3.12/site-packages:/home/mikks/crazyflie_mapping_demo/ros2_ws/install/second_order_formation_control/lib/python3.12/site-packages:/home/mikks/crazyflie_mapping_demo/ros2_ws/install/ros_gz_crazyflie_control/lib/python3.12/site-packages:/home/mikks/crazyflie_mapping_demo/ros2_ws/install/mixed_fractional_consensus/lib/python3.12/site-packages:/home/mikks/crazyflie_mapping_demo/ros2_ws/install/lowest_pos/lib/python3.12/site-packages:/home/mikks/crazyflie_mapping_demo/ros2_ws/install/linear_consensus/lib/python3.12/site-packages:/home/mikks/crazyflie_mapping_demo/ros2_ws/install/highest_pos/lib/python3.12/site-packages:/home/mikks/crazyflie_mapping_demo/ros2_ws/install/fractional_consensus_alpha/lib/python3.12/site-packages:/home/mikks/crazyflie_mapping_demo/ros2_ws/install/event_triggered_swarm/lib/python3.12/site-packages:/home/mikks/crazyflie_mapping_demo/ros2_ws/install/drone_logger/lib/python3.12/site-packages:/home/mikks/crazyflie_mapping_demo/ros2_ws/install/distributed_average_tracking/lib/python3.12/site-packages:/home/mikks/crazyflie_mapping_demo/ros2_ws/install/crazyflie_swarm_logic/lib/python3.12/site-packages:/home/mikks/crazyflie_mapping_demo/ros2_ws/install/crazyflie_sim/lib/python3.12/site-packages:/home/mikks/crazyflie_mapping_demo/ros2_ws/install/crazyflie_ros2_multiranger_wall_following/lib/python3.12/site-packages:/home/mikks/crazyflie_mapping_demo/ros2_ws/install/crazyflie_ros2_multiranger_simple_mapper/lib/python3.12/site-packages:/home/mikks/crazyflie_mapping_demo/ros2_ws/install/crazyflie_examples/lib/python3.12/site-packages:/home/mikks/crazyflie_mapping_demo/ros2_ws/install/crazyflie_py/lib/python3.12/site-packages:/home/mikks/crazyflie_mapping_demo/ros2_ws/install/crazyflie_interfaces/lib/python3.12/site-packages:/home/mikks/crazyflie_mapping_demo/ros2_ws/install/cooperative_target_centric_formation/lib/python3.12/site-packages:/home/mikks/crazyflie_mapping_demo/ros2_ws/install/containment_using_agent_information/lib/python3.12/site-packages:/home/mikks/crazyflie_mapping_demo/ros2_ws/install/consensus_for_double_integrator/lib/python3.12/site-packages:/home/mikks/crazyflie_mapping_demo/ros2_ws/install/consensus_alignment/lib/python3.12/site-packages:/home/mikks/crazyflie_mapping_demo/ros2_ws/install/binary_consensus/lib/python3.12/site-packages:/home/mikks/crazyflie_mapping_demo/ros2_ws/install/Second_Order_Min_Consensus_for_Heterogeneous_Agents/lib/python3.12/site-packages:/home/mikks/crazyflie_mapping_demo/ros2_ws/install/BinaryContainmentChain/lib/python3.12/site-packages:/opt/ros/jazzy/lib/python3.12/site-packages /usr/bin/cmake --build /home/mikks/ros2_px4_ws/build/px4_ros_com -- -j12 -l12
[3.831s] DEBUG:colcon.colcon_core.event_handler.log_command:Invoking command in '/home/mikks/ros2_px4_ws/build/px4_ros_com': CMAKE_PREFIX_PATH=/home/mikks/ros2_px4_ws/install/px4_msgs:/home/mikks/ros2_px4_ws/install/px4_ros_com:/home/mikks/ros2_px4_ws/install/px4_ros2_py:/home/mikks/ros2_px4_ws/install/example_rover_velocity_mode_cpp:/home/mikks/ros2_px4_ws/install/example_mode_with_executor_cpp:/home/mikks/ros2_px4_ws/install/example_mode_vtol_cpp:/home/mikks/ros2_px4_ws/install/example_mode_rtl_replacement_cpp:/home/mikks/ros2_px4_ws/install/example_mode_mission_cpp:/home/mikks/ros2_px4_ws/install/example_mode_manual_cpp:/home/mikks/ros2_px4_ws/install/example_mode_goto_global_cpp:/home/mikks/ros2_px4_ws/install/example_mode_goto_cpp:/home/mikks/ros2_px4_ws/install/example_mode_fw_attitude_cpp:/home/mikks/ros2_px4_ws/install/example_local_navigation_cpp:/home/mikks/ros2_px4_ws/install/example_global_navigation_cpp:/home/mikks/ros2_px4_ws/install/example_executor_with_multiple_modes_cpp:/home/mikks/ros2_px4_ws/install/px4_ros2_cpp:/home/mikks/crazyflie_mapping_demo/ros2_ws/install/crazyflie_ros2_multiranger_bringup:/home/mikks/crazyflie_mapping_demo/ros2_ws/install/ros_gz_crazyflie_bringup:/home/mikks/crazyflie_mapping_demo/ros2_ws/install/ros_gz_crazyflie_gazebo:/home/mikks/crazyflie_mapping_demo/ros2_ws/install/crazyflie_sim:/home/mikks/crazyflie_mapping_demo/ros2_ws/install/crazyflie_examples:/home/mikks/crazyflie_mapping_demo/ros2_ws/install/crazyflie:/home/mikks/crazyflie_mapping_demo/ros2_ws/install/crazyflie_interfaces:/opt/ros/jazzy/opt/gz_sim_vendor:/opt/ros/jazzy/opt/gz_sensors_vendor:/opt/ros/jazzy/opt/gz_physics_vendor:/opt/ros/jazzy/opt/sdformat_vendor:/opt/ros/jazzy/opt/gz_gui_vendor:/opt/ros/jazzy/opt/gz_transport_vendor:/opt/ros/jazzy/opt/gz_rendering_vendor:/opt/ros/jazzy/opt/gz_plugin_vendor:/opt/ros/jazzy/opt/gz_fuel_tools_vendor:/opt/ros/jazzy/opt/gz_msgs_vendor:/opt/ros/jazzy/opt/gz_common_vendor:/opt/ros/jazzy/opt/gz_math_vendor:/opt/ros/jazzy/opt/gz_utils_vendor:/opt/ros/jazzy/opt/gz_tools_vendor:/opt/ros/jazzy/opt/gz_ogre_next_vendor:/opt/ros/jazzy/opt/gz_dartsim_vendor:/opt/ros/jazzy/opt/gz_cmake_vendor:/home/mikks/ros2_px4_ws/install/x500_hover_controller:/home/mikks/ros2_px4_ws/install/example_mode_with_rclpy_py:/home/mikks/ros2_px4_ws/install/example_mode_goto_py:/home/mikks/ros2_px4_ws/install/px4_actuator_ctrl:/home/mikks/ros2_ws/install/rover_desc_description:/home/mikks/ros2_ws/install/px4_actuator_ctrl:/home/mikks/ros2_ws/install/mine_rover_description:/home/mikks/ros2_ws/install/ZerionURDFV5cp_description:/home/mikks/crazyflie_mapping_demo/ros2_ws/install/velocity_free_consensus:/home/mikks/crazyflie_mapping_demo/ros2_ws/install/stepwise_lowpos:/home/mikks/crazyflie_mapping_demo/ros2_ws/install/step_wise_lowpos:/home/mikks/crazyflie_mapping_demo/ros2_ws/install/second_order_formation_control:/home/mikks/crazyflie_mapping_demo/ros2_ws/install/ros_gz_crazyflie_control:/home/mikks/crazyflie_mapping_demo/ros2_ws/install/mixed_fractional_consensus:/home/mikks/crazyflie_mapping_demo/ros2_ws/install/lowest_pos:/home/mikks/crazyflie_mapping_demo/ros2_ws/install/linear_consensus:/home/mikks/crazyflie_mapping_demo/ros2_ws/install/highest_pos:/home/mikks/crazyflie_mapping_demo/ros2_ws/install/fractional_consensus_alpha:/home/mikks/crazyflie_mapping_demo/ros2_ws/install/event_triggered_swarm:/home/mikks/crazyflie_mapping_demo/ros2_ws/install/drone_logger:/home/mikks/crazyflie_mapping_demo/ros2_ws/install/distributed_average_tracking:/home/mikks/crazyflie_mapping_demo/ros2_ws/install/crazyflie_swarm_logic:/home/mikks/crazyflie_mapping_demo/ros2_ws/install/crazyflie_ros2_multiranger_wall_following:/home/mikks/crazyflie_mapping_demo/ros2_ws/install/crazyflie_ros2_multiranger_simple_mapper:/home/mikks/crazyflie_mapping_demo/ros2_ws/install/crazyflie_py:/home/mikks/crazyflie_mapping_demo/ros2_ws/install/cooperative_target_centric_formation:/home/mikks/crazyflie_mapping_demo/ros2_ws/install/containment_using_agent_information:/home/mikks/crazyflie_mapping_demo/ros2_ws/install/consensus_for_double_integrator:/home/mikks/crazyflie_mapping_demo/ros2_ws/install/consensus_alignment:/home/mikks/crazyflie_mapping_demo/ros2_ws/install/binary_consensus:/home/mikks/crazyflie_mapping_demo/ros2_ws/install/Second_Order_Min_Consensus_for_Heterogeneous_Agents:/home/mikks/crazyflie_mapping_demo/ros2_ws/install/BinaryContainmentChain:/opt/ros/jazzy DEBUGINFOD_URLS=https://debuginfod.ubuntu.com LD_LIBRARY_PATH=/home/mikks/ros2_px4_ws/install/px4_msgs/lib:/home/mikks/ros2_px4_ws/install/px4_ros_com/lib:/home/mikks/ros2_px4_ws/install/px4_ros2_cpp/lib:/home/mikks/NatNet_SDK_4.3_ubuntu/lib:/home/mikks/crazyflie_mapping_demo/ros2_ws/install/crazyflie_interfaces/lib:/opt/ros/jazzy/opt/gz_sim_vendor/lib:/opt/ros/jazzy/opt/gz_sensors_vendor/lib:/opt/ros/jazzy/opt/gz_physics_vendor/lib:/opt/ros/jazzy/opt/sdformat_vendor/lib:/opt/ros/jazzy/opt/rviz_ogre_vendor/lib:/opt/ros/jazzy/lib/x86_64-linux-gnu:/opt/ros/jazzy/opt/gz_gui_vendor/lib:/opt/ros/jazzy/opt/gz_transport_vendor/lib:/opt/ros/jazzy/opt/gz_rendering_vendor/lib:/opt/ros/jazzy/opt/gz_plugin_vendor/lib:/opt/ros/jazzy/opt/gz_fuel_tools_vendor/lib:/opt/ros/jazzy/opt/gz_msgs_vendor/lib:/opt/ros/jazzy/opt/gz_common_vendor/lib:/opt/ros/jazzy/opt/gz_math_vendor/lib:/opt/ros/jazzy/opt/gz_utils_vendor/lib:/opt/ros/jazzy/opt/gz_tools_vendor/lib:/opt/ros/jazzy/opt/gz_ogre_next_vendor/lib:/opt/ros/jazzy/opt/gz_dartsim_vendor/lib:/opt/ros/jazzy/opt/gz_cmake_vendor/lib:/opt/ros/jazzy/lib PYTHONPATH=/home/mikks/ros2_px4_ws/install/px4_msgs/lib/python3.12/site-packages:/home/mikks/ros2_px4_ws/build/x500_hover_controller:/home/mikks/ros2_px4_ws/install/x500_hover_controller/lib/python3.12/site-packages:/home/mikks/ros2_px4_ws/install/px4_ros_com/lib/python3.12/site-packages:/home/mikks/ros2_px4_ws/build/example_mode_with_rclpy_py:/home/mikks/ros2_px4_ws/install/example_mode_with_rclpy_py/lib/python3.12/site-packages:/home/mikks/ros2_px4_ws/build/example_mode_goto_py:/home/mikks/ros2_px4_ws/install/example_mode_goto_py/lib/python3.12/site-packages:/home/mikks/ros2_px4_ws/install/px4_ros2_py/lib/python3.12/site-packages:/home/mikks/ros2_px4_ws/build/px4_actuator_ctrl:/home/mikks/ros2_px4_ws/install/px4_actuator_ctrl/lib/python3.12/site-packages:/home/mikks/ros2_ws/build/rover_desc_description:/home/mikks/ros2_ws/install/rover_desc_description/lib/python3.12/site-packages:/home/mikks/ros2_ws/install/px4_actuator_ctrl/lib/python3.12/site-packages:/home/mikks/ros2_ws/build/mine_rover_description:/home/mikks/ros2_ws/install/mine_rover_description/lib/python3.12/site-packages:/home/mikks/ros2_ws/build/ZerionURDFV5cp_description:/home/mikks/ros2_ws/install/ZerionURDFV5cp_description/lib/python3.12/site-packages:/home/mikks/crazyflie_mapping_demo/ros2_ws/install/velocity_free_consensus/lib/python3.12/site-packages:/home/mikks/crazyflie_mapping_demo/ros2_ws/install/stepwise_lowpos/lib/python3.12/site-packages:/home/mikks/crazyflie_mapping_demo/ros2_ws/install/step_wise_lowpos/lib/python3.12/site-packages:/home/mikks/crazyflie_mapping_demo/ros2_ws/install/second_order_formation_control/lib/python3.12/site-packages:/home/mikks/crazyflie_mapping_demo/ros2_ws/install/ros_gz_crazyflie_control/lib/python3.12/site-packages:/home/mikks/crazyflie_mapping_demo/ros2_ws/install/mixed_fractional_consensus/lib/python3.12/site-packages:/home/mikks/crazyflie_mapping_demo/ros2_ws/install/lowest_pos/lib/python3.12/site-packages:/home/mikks/crazyflie_mapping_demo/ros2_ws/install/linear_consensus/lib/python3.12/site-packages:/home/mikks/crazyflie_mapping_demo/ros2_ws/install/highest_pos/lib/python3.12/site-packages:/home/mikks/crazyflie_mapping_demo/ros2_ws/install/fractional_consensus_alpha/lib/python3.12/site-packages:/home/mikks/crazyflie_mapping_demo/ros2_ws/install/event_triggered_swarm/lib/python3.12/site-packages:/home/mikks/crazyflie_mapping_demo/ros2_ws/install/drone_logger/lib/python3.12/site-packages:/home/mikks/crazyflie_mapping_demo/ros2_ws/install/distributed_average_tracking/lib/python3.12/site-packages:/home/mikks/crazyflie_mapping_demo/ros2_ws/install/crazyflie_swarm_logic/lib/python3.12/site-packages:/home/mikks/crazyflie_mapping_demo/ros2_ws/install/crazyflie_sim/lib/python3.12/site-packages:/home/mikks/crazyflie_mapping_demo/ros2_ws/install/crazyflie_ros2_multiranger_wall_following/lib/python3.12/site-packages:/home/mikks/crazyflie_mapping_demo/ros2_ws/install/crazyflie_ros2_multiranger_simple_mapper/lib/python3.12/site-packages:/home/mikks/crazyflie_mapping_demo/ros2_ws/install/crazyflie_examples/lib/python3.12/site-packages:/home/mikks/crazyflie_mapping_demo/ros2_ws/install/crazyflie_py/lib/python3.12/site-packages:/home/mikks/crazyflie_mapping_demo/ros2_ws/install/crazyflie_interfaces/lib/python3.12/site-packages:/home/mikks/crazyflie_mapping_demo/ros2_ws/install/cooperative_target_centric_formation/lib/python3.12/site-packages:/home/mikks/crazyflie_mapping_demo/ros2_ws/install/containment_using_agent_information/lib/python3.12/site-packages:/home/mikks/crazyflie_mapping_demo/ros2_ws/install/consensus_for_double_integrator/lib/python3.12/site-packages:/home/mikks/crazyflie_mapping_demo/ros2_ws/install/consensus_alignment/lib/python3.12/site-packages:/home/mikks/crazyflie_mapping_demo/ros2_ws/install/binary_consensus/lib/python3.12/site-packages:/home/mikks/crazyflie_mapping_demo/ros2_ws/install/Second_Order_Min_Consensus_for_Heterogeneous_Agents/lib/python3.12/site-packages:/home/mikks/crazyflie_mapping_demo/ros2_ws/install/BinaryContainmentChain/lib/python3.12/site-packages:/opt/ros/jazzy/lib/python3.12/site-packages /usr/bin/cmake --install /home/mikks/ros2_px4_ws/build/px4_ros_com
[3.831s] Level 1:colcon.colcon_core.environment:create_environment_scripts_only(example_global_navigation_cpp)
[3.832s] Level 1:colcon.colcon_core.environment:checking '/home/mikks/ros2_px4_ws/install/example_global_navigation_cpp' for CMake module files
[3.833s] DEBUG:colcon.colcon_core.event_handler.log_command:Invoked command in '/home/mikks/ros2_px4_ws/build/example_global_navigation_cpp' returned '0': CMAKE_PREFIX_PATH=/home/mikks/ros2_px4_ws/install/px4_ros2_cpp:/home/mikks/ros2_px4_ws/install/px4_msgs:/home/mikks/ros2_px4_ws/install/px4_ros_com:/home/mikks/ros2_px4_ws/install/px4_ros2_py:/home/mikks/ros2_px4_ws/install/example_rover_velocity_mode_cpp:/home/mikks/ros2_px4_ws/install/example_mode_with_executor_cpp:/home/mikks/ros2_px4_ws/install/example_mode_vtol_cpp:/home/mikks/ros2_px4_ws/install/example_mode_rtl_replacement_cpp:/home/mikks/ros2_px4_ws/install/example_mode_mission_cpp:/home/mikks/ros2_px4_ws/install/example_mode_manual_cpp:/home/mikks/ros2_px4_ws/install/example_mode_goto_global_cpp:/home/mikks/ros2_px4_ws/install/example_mode_goto_cpp:/home/mikks/ros2_px4_ws/install/example_mode_fw_attitude_cpp:/home/mikks/ros2_px4_ws/install/example_local_navigation_cpp:/home/mikks/ros2_px4_ws/install/example_global_navigation_cpp:/home/mikks/ros2_px4_ws/install/example_executor_with_multiple_modes_cpp:/home/mikks/crazyflie_mapping_demo/ros2_ws/install/crazyflie_ros2_multiranger_bringup:/home/mikks/crazyflie_mapping_demo/ros2_ws/install/ros_gz_crazyflie_bringup:/home/mikks/crazyflie_mapping_demo/ros2_ws/install/ros_gz_crazyflie_gazebo:/home/mikks/crazyflie_mapping_demo/ros2_ws/install/crazyflie_sim:/home/mikks/crazyflie_mapping_demo/ros2_ws/install/crazyflie_examples:/home/mikks/crazyflie_mapping_demo/ros2_ws/install/crazyflie:/home/mikks/crazyflie_mapping_demo/ros2_ws/install/crazyflie_interfaces:/opt/ros/jazzy/opt/gz_sim_vendor:/opt/ros/jazzy/opt/gz_sensors_vendor:/opt/ros/jazzy/opt/gz_physics_vendor:/opt/ros/jazzy/opt/sdformat_vendor:/opt/ros/jazzy/opt/gz_gui_vendor:/opt/ros/jazzy/opt/gz_transport_vendor:/opt/ros/jazzy/opt/gz_rendering_vendor:/opt/ros/jazzy/opt/gz_plugin_vendor:/opt/ros/jazzy/opt/gz_fuel_tools_vendor:/opt/ros/jazzy/opt/gz_msgs_vendor:/opt/ros/jazzy/opt/gz_common_vendor:/opt/ros/jazzy/opt/gz_math_vendor:/opt/ros/jazzy/opt/gz_utils_vendor:/opt/ros/jazzy/opt/gz_tools_vendor:/opt/ros/jazzy/opt/gz_ogre_next_vendor:/opt/ros/jazzy/opt/gz_dartsim_vendor:/opt/ros/jazzy/opt/gz_cmake_vendor:/home/mikks/ros2_px4_ws/install/x500_hover_controller:/home/mikks/ros2_px4_ws/install/example_mode_with_rclpy_py:/home/mikks/ros2_px4_ws/install/example_mode_goto_py:/home/mikks/ros2_px4_ws/install/px4_actuator_ctrl:/home/mikks/ros2_ws/install/rover_desc_description:/home/mikks/ros2_ws/install/px4_actuator_ctrl:/home/mikks/ros2_ws/install/mine_rover_description:/home/mikks/ros2_ws/install/ZerionURDFV5cp_description:/home/mikks/crazyflie_mapping_demo/ros2_ws/install/velocity_free_consensus:/home/mikks/crazyflie_mapping_demo/ros2_ws/install/stepwise_lowpos:/home/mikks/crazyflie_mapping_demo/ros2_ws/install/step_wise_lowpos:/home/mikks/crazyflie_mapping_demo/ros2_ws/install/second_order_formation_control:/home/mikks/crazyflie_mapping_demo/ros2_ws/install/ros_gz_crazyflie_control:/home/mikks/crazyflie_mapping_demo/ros2_ws/install/mixed_fractional_consensus:/home/mikks/crazyflie_mapping_demo/ros2_ws/install/lowest_pos:/home/mikks/crazyflie_mapping_demo/ros2_ws/install/linear_consensus:/home/mikks/crazyflie_mapping_demo/ros2_ws/install/highest_pos:/home/mikks/crazyflie_mapping_demo/ros2_ws/install/fractional_consensus_alpha:/home/mikks/crazyflie_mapping_demo/ros2_ws/install/event_triggered_swarm:/home/mikks/crazyflie_mapping_demo/ros2_ws/install/drone_logger:/home/mikks/crazyflie_mapping_demo/ros2_ws/install/distributed_average_tracking:/home/mikks/crazyflie_mapping_demo/ros2_ws/install/crazyflie_swarm_logic:/home/mikks/crazyflie_mapping_demo/ros2_ws/install/crazyflie_ros2_multiranger_wall_following:/home/mikks/crazyflie_mapping_demo/ros2_ws/install/crazyflie_ros2_multiranger_simple_mapper:/home/mikks/crazyflie_mapping_demo/ros2_ws/install/crazyflie_py:/home/mikks/crazyflie_mapping_demo/ros2_ws/install/cooperative_target_centric_formation:/home/mikks/crazyflie_mapping_demo/ros2_ws/install/containment_using_agent_information:/home/mikks/crazyflie_mapping_demo/ros2_ws/install/consensus_for_double_integrator:/home/mikks/crazyflie_mapping_demo/ros2_ws/install/consensus_alignment:/home/mikks/crazyflie_mapping_demo/ros2_ws/install/binary_consensus:/home/mikks/crazyflie_mapping_demo/ros2_ws/install/Second_Order_Min_Consensus_for_Heterogeneous_Agents:/home/mikks/crazyflie_mapping_demo/ros2_ws/install/BinaryContainmentChain:/opt/ros/jazzy DEBUGINFOD_URLS=https://debuginfod.ubuntu.com LD_LIBRARY_PATH=/home/mikks/ros2_px4_ws/install/px4_ros2_cpp/lib:/home/mikks/ros2_px4_ws/install/px4_msgs/lib:/home/mikks/ros2_px4_ws/install/px4_ros_com/lib:/home/mikks/NatNet_SDK_4.3_ubuntu/lib:/home/mikks/crazyflie_mapping_demo/ros2_ws/install/crazyflie_interfaces/lib:/opt/ros/jazzy/opt/gz_sim_vendor/lib:/opt/ros/jazzy/opt/gz_sensors_vendor/lib:/opt/ros/jazzy/opt/gz_physics_vendor/lib:/opt/ros/jazzy/opt/sdformat_vendor/lib:/opt/ros/jazzy/opt/rviz_ogre_vendor/lib:/opt/ros/jazzy/lib/x86_64-linux-gnu:/opt/ros/jazzy/opt/gz_gui_vendor/lib:/opt/ros/jazzy/opt/gz_transport_vendor/lib:/opt/ros/jazzy/opt/gz_rendering_vendor/lib:/opt/ros/jazzy/opt/gz_plugin_vendor/lib:/opt/ros/jazzy/opt/gz_fuel_tools_vendor/lib:/opt/ros/jazzy/opt/gz_msgs_vendor/lib:/opt/ros/jazzy/opt/gz_common_vendor/lib:/opt/ros/jazzy/opt/gz_math_vendor/lib:/opt/ros/jazzy/opt/gz_utils_vendor/lib:/opt/ros/jazzy/opt/gz_tools_vendor/lib:/opt/ros/jazzy/opt/gz_ogre_next_vendor/lib:/opt/ros/jazzy/opt/gz_dartsim_vendor/lib:/opt/ros/jazzy/opt/gz_cmake_vendor/lib:/opt/ros/jazzy/lib PYTHONPATH=/home/mikks/ros2_px4_ws/install/px4_msgs/lib/python3.12/site-packages:/home/mikks/ros2_px4_ws/build/x500_hover_controller:/home/mikks/ros2_px4_ws/install/x500_hover_controller/lib/python3.12/site-packages:/home/mikks/ros2_px4_ws/install/px4_ros_com/lib/python3.12/site-packages:/home/mikks/ros2_px4_ws/build/example_mode_with_rclpy_py:/home/mikks/ros2_px4_ws/install/example_mode_with_rclpy_py/lib/python3.12/site-packages:/home/mikks/ros2_px4_ws/build/example_mode_goto_py:/home/mikks/ros2_px4_ws/install/example_mode_goto_py/lib/python3.12/site-packages:/home/mikks/ros2_px4_ws/install/px4_ros2_py/lib/python3.12/site-packages:/home/mikks/ros2_px4_ws/build/px4_actuator_ctrl:/home/mikks/ros2_px4_ws/install/px4_actuator_ctrl/lib/python3.12/site-packages:/home/mikks/ros2_ws/build/rover_desc_description:/home/mikks/ros2_ws/install/rover_desc_description/lib/python3.12/site-packages:/home/mikks/ros2_ws/install/px4_actuator_ctrl/lib/python3.12/site-packages:/home/mikks/ros2_ws/build/mine_rover_description:/home/mikks/ros2_ws/install/mine_rover_description/lib/python3.12/site-packages:/home/mikks/ros2_ws/build/ZerionURDFV5cp_description:/home/mikks/ros2_ws/install/ZerionURDFV5cp_description/lib/python3.12/site-packages:/home/mikks/crazyflie_mapping_demo/ros2_ws/install/velocity_free_consensus/lib/python3.12/site-packages:/home/mikks/crazyflie_mapping_demo/ros2_ws/install/stepwise_lowpos/lib/python3.12/site-packages:/home/mikks/crazyflie_mapping_demo/ros2_ws/install/step_wise_lowpos/lib/python3.12/site-packages:/home/mikks/crazyflie_mapping_demo/ros2_ws/install/second_order_formation_control/lib/python3.12/site-packages:/home/mikks/crazyflie_mapping_demo/ros2_ws/install/ros_gz_crazyflie_control/lib/python3.12/site-packages:/home/mikks/crazyflie_mapping_demo/ros2_ws/install/mixed_fractional_consensus/lib/python3.12/site-packages:/home/mikks/crazyflie_mapping_demo/ros2_ws/install/lowest_pos/lib/python3.12/site-packages:/home/mikks/crazyflie_mapping_demo/ros2_ws/install/linear_consensus/lib/python3.12/site-packages:/home/mikks/crazyflie_mapping_demo/ros2_ws/install/highest_pos/lib/python3.12/site-packages:/home/mikks/crazyflie_mapping_demo/ros2_ws/install/fractional_consensus_alpha/lib/python3.12/site-packages:/home/mikks/crazyflie_mapping_demo/ros2_ws/install/event_triggered_swarm/lib/python3.12/site-packages:/home/mikks/crazyflie_mapping_demo/ros2_ws/install/drone_logger/lib/python3.12/site-packages:/home/mikks/crazyflie_mapping_demo/ros2_ws/install/distributed_average_tracking/lib/python3.12/site-packages:/home/mikks/crazyflie_mapping_demo/ros2_ws/install/crazyflie_swarm_logic/lib/python3.12/site-packages:/home/mikks/crazyflie_mapping_demo/ros2_ws/install/crazyflie_sim/lib/python3.12/site-packages:/home/mikks/crazyflie_mapping_demo/ros2_ws/install/crazyflie_ros2_multiranger_wall_following/lib/python3.12/site-packages:/home/mikks/crazyflie_mapping_demo/ros2_ws/install/crazyflie_ros2_multiranger_simple_mapper/lib/python3.12/site-packages:/home/mikks/crazyflie_mapping_demo/ros2_ws/install/crazyflie_examples/lib/python3.12/site-packages:/home/mikks/crazyflie_mapping_demo/ros2_ws/install/crazyflie_py/lib/python3.12/site-packages:/home/mikks/crazyflie_mapping_demo/ros2_ws/install/crazyflie_interfaces/lib/python3.12/site-packages:/home/mikks/crazyflie_mapping_demo/ros2_ws/install/cooperative_target_centric_formation/lib/python3.12/site-packages:/home/mikks/crazyflie_mapping_demo/ros2_ws/install/containment_using_agent_information/lib/python3.12/site-packages:/home/mikks/crazyflie_mapping_demo/ros2_ws/install/consensus_for_double_integrator/lib/python3.12/site-packages:/home/mikks/crazyflie_mapping_demo/ros2_ws/install/consensus_alignment/lib/python3.12/site-packages:/home/mikks/crazyflie_mapping_demo/ros2_ws/install/binary_consensus/lib/python3.12/site-packages:/home/mikks/crazyflie_mapping_demo/ros2_ws/install/Second_Order_Min_Consensus_for_Heterogeneous_Agents/lib/python3.12/site-packages:/home/mikks/crazyflie_mapping_demo/ros2_ws/install/BinaryContainmentChain/lib/python3.12/site-packages:/opt/ros/jazzy/lib/python3.12/site-packages /usr/bin/cmake --install /home/mikks/ros2_px4_ws/build/example_global_navigation_cpp
[3.833s] Level 1:colcon.colcon_core.environment:checking '/home/mikks/ros2_px4_ws/install/example_global_navigation_cpp' for CMake config files
[3.834s] Level 1:colcon.colcon_core.shell:create_environment_hook('example_global_navigation_cpp', 'cmake_prefix_path')
[3.834s] INFO:colcon.colcon_core.shell:Creating environment hook '/home/mikks/ros2_px4_ws/install/example_global_navigation_cpp/share/example_global_navigation_cpp/hook/cmake_prefix_path.ps1'
[3.835s] INFO:colcon.colcon_core.shell:Creating environment descriptor '/home/mikks/ros2_px4_ws/install/example_global_navigation_cpp/share/example_global_navigation_cpp/hook/cmake_prefix_path.dsv'
[3.835s] INFO:colcon.colcon_core.shell:Creating environment hook '/home/mikks/ros2_px4_ws/install/example_global_navigation_cpp/share/example_global_navigation_cpp/hook/cmake_prefix_path.sh'
[3.836s] Level 1:colcon.colcon_core.environment:checking '/home/mikks/ros2_px4_ws/install/example_global_navigation_cpp/lib'
[3.836s] Level 1:colcon.colcon_core.environment:checking '/home/mikks/ros2_px4_ws/install/example_global_navigation_cpp/bin'
[3.836s] Level 1:colcon.colcon_core.environment:checking '/home/mikks/ros2_px4_ws/install/example_global_navigation_cpp/lib/pkgconfig/example_global_navigation_cpp.pc'
[3.837s] Level 1:colcon.colcon_core.environment:checking '/home/mikks/ros2_px4_ws/install/example_global_navigation_cpp/lib/python3.12/site-packages'
[3.837s] Level 1:colcon.colcon_core.environment:checking '/home/mikks/ros2_px4_ws/install/example_global_navigation_cpp/bin'
[3.837s] INFO:colcon.colcon_core.shell:Creating package script '/home/mikks/ros2_px4_ws/install/example_global_navigation_cpp/share/example_global_navigation_cpp/package.ps1'
[3.838s] INFO:colcon.colcon_core.shell:Creating package descriptor '/home/mikks/ros2_px4_ws/install/example_global_navigation_cpp/share/example_global_navigation_cpp/package.dsv'
[3.839s] INFO:colcon.colcon_core.shell:Creating package script '/home/mikks/ros2_px4_ws/install/example_global_navigation_cpp/share/example_global_navigation_cpp/package.sh'
[3.839s] INFO:colcon.colcon_core.shell:Creating package script '/home/mikks/ros2_px4_ws/install/example_global_navigation_cpp/share/example_global_navigation_cpp/package.bash'
[3.840s] INFO:colcon.colcon_core.shell:Creating package script '/home/mikks/ros2_px4_ws/install/example_global_navigation_cpp/share/example_global_navigation_cpp/package.zsh'
[3.840s] Level 1:colcon.colcon_core.environment:create_file_with_runtime_dependencies(/home/mikks/ros2_px4_ws/install/example_global_navigation_cpp/share/colcon-core/packages/example_global_navigation_cpp)
[3.841s] Level 1:colcon.colcon_core.environment:create_environment_scripts_only(example_global_navigation_cpp)
[3.841s] Level 1:colcon.colcon_core.environment:checking '/home/mikks/ros2_px4_ws/install/example_global_navigation_cpp' for CMake module files
[3.842s] Level 1:colcon.colcon_core.environment:checking '/home/mikks/ros2_px4_ws/install/example_global_navigation_cpp' for CMake config files
[3.842s] Level 1:colcon.colcon_core.shell:create_environment_hook('example_global_navigation_cpp', 'cmake_prefix_path')
[3.843s] INFO:colcon.colcon_core.shell:Creating environment hook '/home/mikks/ros2_px4_ws/install/example_global_navigation_cpp/share/example_global_navigation_cpp/hook/cmake_prefix_path.ps1'
[3.843s] INFO:colcon.colcon_core.shell:Creating environment descriptor '/home/mikks/ros2_px4_ws/install/example_global_navigation_cpp/share/example_global_navigation_cpp/hook/cmake_prefix_path.dsv'
[3.844s] INFO:colcon.colcon_core.shell:Creating environment hook '/home/mikks/ros2_px4_ws/install/example_global_navigation_cpp/share/example_global_navigation_cpp/hook/cmake_prefix_path.sh'
[3.844s] Level 1:colcon.colcon_core.environment:checking '/home/mikks/ros2_px4_ws/install/example_global_navigation_cpp/lib'
[3.845s] Level 1:colcon.colcon_core.environment:checking '/home/mikks/ros2_px4_ws/install/example_global_navigation_cpp/bin'
[3.845s] Level 1:colcon.colcon_core.environment:checking '/home/mikks/ros2_px4_ws/install/example_global_navigation_cpp/lib/pkgconfig/example_global_navigation_cpp.pc'
[3.845s] Level 1:colcon.colcon_core.environment:checking '/home/mikks/ros2_px4_ws/install/example_global_navigation_cpp/lib/python3.12/site-packages'
[3.845s] Level 1:colcon.colcon_core.environment:checking '/home/mikks/ros2_px4_ws/install/example_global_navigation_cpp/bin'
[3.846s] INFO:colcon.colcon_core.shell:Creating package script '/home/mikks/ros2_px4_ws/install/example_global_navigation_cpp/share/example_global_navigation_cpp/package.ps1'
[3.846s] INFO:colcon.colcon_core.shell:Creating package descriptor '/home/mikks/ros2_px4_ws/install/example_global_navigation_cpp/share/example_global_navigation_cpp/package.dsv'
[3.847s] INFO:colcon.colcon_core.shell:Creating package script '/home/mikks/ros2_px4_ws/install/example_global_navigation_cpp/share/example_global_navigation_cpp/package.sh'
[3.848s] INFO:colcon.colcon_core.shell:Creating package script '/home/mikks/ros2_px4_ws/install/example_global_navigation_cpp/share/example_global_navigation_cpp/package.bash'
[3.848s] INFO:colcon.colcon_core.shell:Creating package script '/home/mikks/ros2_px4_ws/install/example_global_navigation_cpp/share/example_global_navigation_cpp/package.zsh'
[3.849s] Level 1:colcon.colcon_core.environment:create_file_with_runtime_dependencies(/home/mikks/ros2_px4_ws/install/example_global_navigation_cpp/share/colcon-core/packages/example_global_navigation_cpp)
[3.850s] INFO:colcon.colcon_ros.task.ament_cmake.build:Building ROS package in '/home/mikks/ros2_px4_ws/src/px4-ros2-interface-lib/examples/cpp/modes/rtl_replacement' with build type 'ament_cmake'
[3.850s] INFO:colcon.colcon_cmake.task.cmake.build:Building CMake package in '/home/mikks/ros2_px4_ws/src/px4-ros2-interface-lib/examples/cpp/modes/rtl_replacement'
[3.850s] INFO:colcon.colcon_core.shell:Skip shell extension 'powershell' for command environment: Not usable outside of PowerShell
[3.850s] DEBUG:colcon.colcon_core.shell:Skip shell extension 'dsv' for command environment
[3.862s] INFO:colcon.colcon_ros.task.ament_cmake.build:Building ROS package in '/home/mikks/ros2_px4_ws/src/px4-ros2-interface-lib/examples/cpp/modes/vtol' with build type 'ament_cmake'
[3.862s] INFO:colcon.colcon_cmake.task.cmake.build:Building CMake package in '/home/mikks/ros2_px4_ws/src/px4-ros2-interface-lib/examples/cpp/modes/vtol'
[3.862s] INFO:colcon.colcon_core.shell:Skip shell extension 'powershell' for command environment: Not usable outside of PowerShell
[3.862s] DEBUG:colcon.colcon_core.shell:Skip shell extension 'dsv' for command environment
[3.881s] Level 1:colcon.colcon_core.environment:create_environment_scripts_only(example_mode_fw_attitude_cpp)
[3.882s] Level 1:colcon.colcon_core.environment:checking '/home/mikks/ros2_px4_ws/install/example_mode_fw_attitude_cpp' for CMake module files
[3.885s] DEBUG:colcon.colcon_core.event_handler.log_command:Invoked command in '/home/mikks/ros2_px4_ws/build/example_mode_manual_cpp' returned '0': CMAKE_PREFIX_PATH=/home/mikks/ros2_px4_ws/install/px4_ros2_cpp:/home/mikks/ros2_px4_ws/install/px4_msgs:/home/mikks/ros2_px4_ws/install/px4_ros_com:/home/mikks/ros2_px4_ws/install/px4_ros2_py:/home/mikks/ros2_px4_ws/install/example_rover_velocity_mode_cpp:/home/mikks/ros2_px4_ws/install/example_mode_with_executor_cpp:/home/mikks/ros2_px4_ws/install/example_mode_vtol_cpp:/home/mikks/ros2_px4_ws/install/example_mode_rtl_replacement_cpp:/home/mikks/ros2_px4_ws/install/example_mode_mission_cpp:/home/mikks/ros2_px4_ws/install/example_mode_manual_cpp:/home/mikks/ros2_px4_ws/install/example_mode_goto_global_cpp:/home/mikks/ros2_px4_ws/install/example_mode_goto_cpp:/home/mikks/ros2_px4_ws/install/example_mode_fw_attitude_cpp:/home/mikks/ros2_px4_ws/install/example_local_navigation_cpp:/home/mikks/ros2_px4_ws/install/example_global_navigation_cpp:/home/mikks/ros2_px4_ws/install/example_executor_with_multiple_modes_cpp:/home/mikks/crazyflie_mapping_demo/ros2_ws/install/crazyflie_ros2_multiranger_bringup:/home/mikks/crazyflie_mapping_demo/ros2_ws/install/ros_gz_crazyflie_bringup:/home/mikks/crazyflie_mapping_demo/ros2_ws/install/ros_gz_crazyflie_gazebo:/home/mikks/crazyflie_mapping_demo/ros2_ws/install/crazyflie_sim:/home/mikks/crazyflie_mapping_demo/ros2_ws/install/crazyflie_examples:/home/mikks/crazyflie_mapping_demo/ros2_ws/install/crazyflie:/home/mikks/crazyflie_mapping_demo/ros2_ws/install/crazyflie_interfaces:/opt/ros/jazzy/opt/gz_sim_vendor:/opt/ros/jazzy/opt/gz_sensors_vendor:/opt/ros/jazzy/opt/gz_physics_vendor:/opt/ros/jazzy/opt/sdformat_vendor:/opt/ros/jazzy/opt/gz_gui_vendor:/opt/ros/jazzy/opt/gz_transport_vendor:/opt/ros/jazzy/opt/gz_rendering_vendor:/opt/ros/jazzy/opt/gz_plugin_vendor:/opt/ros/jazzy/opt/gz_fuel_tools_vendor:/opt/ros/jazzy/opt/gz_msgs_vendor:/opt/ros/jazzy/opt/gz_common_vendor:/opt/ros/jazzy/opt/gz_math_vendor:/opt/ros/jazzy/opt/gz_utils_vendor:/opt/ros/jazzy/opt/gz_tools_vendor:/opt/ros/jazzy/opt/gz_ogre_next_vendor:/opt/ros/jazzy/opt/gz_dartsim_vendor:/opt/ros/jazzy/opt/gz_cmake_vendor:/home/mikks/ros2_px4_ws/install/x500_hover_controller:/home/mikks/ros2_px4_ws/install/example_mode_with_rclpy_py:/home/mikks/ros2_px4_ws/install/example_mode_goto_py:/home/mikks/ros2_px4_ws/install/px4_actuator_ctrl:/home/mikks/ros2_ws/install/rover_desc_description:/home/mikks/ros2_ws/install/px4_actuator_ctrl:/home/mikks/ros2_ws/install/mine_rover_description:/home/mikks/ros2_ws/install/ZerionURDFV5cp_description:/home/mikks/crazyflie_mapping_demo/ros2_ws/install/velocity_free_consensus:/home/mikks/crazyflie_mapping_demo/ros2_ws/install/stepwise_lowpos:/home/mikks/crazyflie_mapping_demo/ros2_ws/install/step_wise_lowpos:/home/mikks/crazyflie_mapping_demo/ros2_ws/install/second_order_formation_control:/home/mikks/crazyflie_mapping_demo/ros2_ws/install/ros_gz_crazyflie_control:/home/mikks/crazyflie_mapping_demo/ros2_ws/install/mixed_fractional_consensus:/home/mikks/crazyflie_mapping_demo/ros2_ws/install/lowest_pos:/home/mikks/crazyflie_mapping_demo/ros2_ws/install/linear_consensus:/home/mikks/crazyflie_mapping_demo/ros2_ws/install/highest_pos:/home/mikks/crazyflie_mapping_demo/ros2_ws/install/fractional_consensus_alpha:/home/mikks/crazyflie_mapping_demo/ros2_ws/install/event_triggered_swarm:/home/mikks/crazyflie_mapping_demo/ros2_ws/install/drone_logger:/home/mikks/crazyflie_mapping_demo/ros2_ws/install/distributed_average_tracking:/home/mikks/crazyflie_mapping_demo/ros2_ws/install/crazyflie_swarm_logic:/home/mikks/crazyflie_mapping_demo/ros2_ws/install/crazyflie_ros2_multiranger_wall_following:/home/mikks/crazyflie_mapping_demo/ros2_ws/install/crazyflie_ros2_multiranger_simple_mapper:/home/mikks/crazyflie_mapping_demo/ros2_ws/install/crazyflie_py:/home/mikks/crazyflie_mapping_demo/ros2_ws/install/cooperative_target_centric_formation:/home/mikks/crazyflie_mapping_demo/ros2_ws/install/containment_using_agent_information:/home/mikks/crazyflie_mapping_demo/ros2_ws/install/consensus_for_double_integrator:/home/mikks/crazyflie_mapping_demo/ros2_ws/install/consensus_alignment:/home/mikks/crazyflie_mapping_demo/ros2_ws/install/binary_consensus:/home/mikks/crazyflie_mapping_demo/ros2_ws/install/Second_Order_Min_Consensus_for_Heterogeneous_Agents:/home/mikks/crazyflie_mapping_demo/ros2_ws/install/BinaryContainmentChain:/opt/ros/jazzy DEBUGINFOD_URLS=https://debuginfod.ubuntu.com LD_LIBRARY_PATH=/home/mikks/ros2_px4_ws/install/px4_ros2_cpp/lib:/home/mikks/ros2_px4_ws/install/px4_msgs/lib:/home/mikks/ros2_px4_ws/install/px4_ros_com/lib:/home/mikks/NatNet_SDK_4.3_ubuntu/lib:/home/mikks/crazyflie_mapping_demo/ros2_ws/install/crazyflie_interfaces/lib:/opt/ros/jazzy/opt/gz_sim_vendor/lib:/opt/ros/jazzy/opt/gz_sensors_vendor/lib:/opt/ros/jazzy/opt/gz_physics_vendor/lib:/opt/ros/jazzy/opt/sdformat_vendor/lib:/opt/ros/jazzy/opt/rviz_ogre_vendor/lib:/opt/ros/jazzy/lib/x86_64-linux-gnu:/opt/ros/jazzy/opt/gz_gui_vendor/lib:/opt/ros/jazzy/opt/gz_transport_vendor/lib:/opt/ros/jazzy/opt/gz_rendering_vendor/lib:/opt/ros/jazzy/opt/gz_plugin_vendor/lib:/opt/ros/jazzy/opt/gz_fuel_tools_vendor/lib:/opt/ros/jazzy/opt/gz_msgs_vendor/lib:/opt/ros/jazzy/opt/gz_common_vendor/lib:/opt/ros/jazzy/opt/gz_math_vendor/lib:/opt/ros/jazzy/opt/gz_utils_vendor/lib:/opt/ros/jazzy/opt/gz_tools_vendor/lib:/opt/ros/jazzy/opt/gz_ogre_next_vendor/lib:/opt/ros/jazzy/opt/gz_dartsim_vendor/lib:/opt/ros/jazzy/opt/gz_cmake_vendor/lib:/opt/ros/jazzy/lib PYTHONPATH=/home/mikks/ros2_px4_ws/install/px4_msgs/lib/python3.12/site-packages:/home/mikks/ros2_px4_ws/build/x500_hover_controller:/home/mikks/ros2_px4_ws/install/x500_hover_controller/lib/python3.12/site-packages:/home/mikks/ros2_px4_ws/install/px4_ros_com/lib/python3.12/site-packages:/home/mikks/ros2_px4_ws/build/example_mode_with_rclpy_py:/home/mikks/ros2_px4_ws/install/example_mode_with_rclpy_py/lib/python3.12/site-packages:/home/mikks/ros2_px4_ws/build/example_mode_goto_py:/home/mikks/ros2_px4_ws/install/example_mode_goto_py/lib/python3.12/site-packages:/home/mikks/ros2_px4_ws/install/px4_ros2_py/lib/python3.12/site-packages:/home/mikks/ros2_px4_ws/build/px4_actuator_ctrl:/home/mikks/ros2_px4_ws/install/px4_actuator_ctrl/lib/python3.12/site-packages:/home/mikks/ros2_ws/build/rover_desc_description:/home/mikks/ros2_ws/install/rover_desc_description/lib/python3.12/site-packages:/home/mikks/ros2_ws/install/px4_actuator_ctrl/lib/python3.12/site-packages:/home/mikks/ros2_ws/build/mine_rover_description:/home/mikks/ros2_ws/install/mine_rover_description/lib/python3.12/site-packages:/home/mikks/ros2_ws/build/ZerionURDFV5cp_description:/home/mikks/ros2_ws/install/ZerionURDFV5cp_description/lib/python3.12/site-packages:/home/mikks/crazyflie_mapping_demo/ros2_ws/install/velocity_free_consensus/lib/python3.12/site-packages:/home/mikks/crazyflie_mapping_demo/ros2_ws/install/stepwise_lowpos/lib/python3.12/site-packages:/home/mikks/crazyflie_mapping_demo/ros2_ws/install/step_wise_lowpos/lib/python3.12/site-packages:/home/mikks/crazyflie_mapping_demo/ros2_ws/install/second_order_formation_control/lib/python3.12/site-packages:/home/mikks/crazyflie_mapping_demo/ros2_ws/install/ros_gz_crazyflie_control/lib/python3.12/site-packages:/home/mikks/crazyflie_mapping_demo/ros2_ws/install/mixed_fractional_consensus/lib/python3.12/site-packages:/home/mikks/crazyflie_mapping_demo/ros2_ws/install/lowest_pos/lib/python3.12/site-packages:/home/mikks/crazyflie_mapping_demo/ros2_ws/install/linear_consensus/lib/python3.12/site-packages:/home/mikks/crazyflie_mapping_demo/ros2_ws/install/highest_pos/lib/python3.12/site-packages:/home/mikks/crazyflie_mapping_demo/ros2_ws/install/fractional_consensus_alpha/lib/python3.12/site-packages:/home/mikks/crazyflie_mapping_demo/ros2_ws/install/event_triggered_swarm/lib/python3.12/site-packages:/home/mikks/crazyflie_mapping_demo/ros2_ws/install/drone_logger/lib/python3.12/site-packages:/home/mikks/crazyflie_mapping_demo/ros2_ws/install/distributed_average_tracking/lib/python3.12/site-packages:/home/mikks/crazyflie_mapping_demo/ros2_ws/install/crazyflie_swarm_logic/lib/python3.12/site-packages:/home/mikks/crazyflie_mapping_demo/ros2_ws/install/crazyflie_sim/lib/python3.12/site-packages:/home/mikks/crazyflie_mapping_demo/ros2_ws/install/crazyflie_ros2_multiranger_wall_following/lib/python3.12/site-packages:/home/mikks/crazyflie_mapping_demo/ros2_ws/install/crazyflie_ros2_multiranger_simple_mapper/lib/python3.12/site-packages:/home/mikks/crazyflie_mapping_demo/ros2_ws/install/crazyflie_examples/lib/python3.12/site-packages:/home/mikks/crazyflie_mapping_demo/ros2_ws/install/crazyflie_py/lib/python3.12/site-packages:/home/mikks/crazyflie_mapping_demo/ros2_ws/install/crazyflie_interfaces/lib/python3.12/site-packages:/home/mikks/crazyflie_mapping_demo/ros2_ws/install/cooperative_target_centric_formation/lib/python3.12/site-packages:/home/mikks/crazyflie_mapping_demo/ros2_ws/install/containment_using_agent_information/lib/python3.12/site-packages:/home/mikks/crazyflie_mapping_demo/ros2_ws/install/consensus_for_double_integrator/lib/python3.12/site-packages:/home/mikks/crazyflie_mapping_demo/ros2_ws/install/consensus_alignment/lib/python3.12/site-packages:/home/mikks/crazyflie_mapping_demo/ros2_ws/install/binary_consensus/lib/python3.12/site-packages:/home/mikks/crazyflie_mapping_demo/ros2_ws/install/Second_Order_Min_Consensus_for_Heterogeneous_Agents/lib/python3.12/site-packages:/home/mikks/crazyflie_mapping_demo/ros2_ws/install/BinaryContainmentChain/lib/python3.12/site-packages:/opt/ros/jazzy/lib/python3.12/site-packages /usr/bin/cmake --build /home/mikks/ros2_px4_ws/build/example_mode_manual_cpp -- -j12 -l12
[3.885s] DEBUG:colcon.colcon_core.event_handler.log_command:Invoking command in '/home/mikks/ros2_px4_ws/build/example_mode_manual_cpp': CMAKE_PREFIX_PATH=/home/mikks/ros2_px4_ws/install/px4_ros2_cpp:/home/mikks/ros2_px4_ws/install/px4_msgs:/home/mikks/ros2_px4_ws/install/px4_ros_com:/home/mikks/ros2_px4_ws/install/px4_ros2_py:/home/mikks/ros2_px4_ws/install/example_rover_velocity_mode_cpp:/home/mikks/ros2_px4_ws/install/example_mode_with_executor_cpp:/home/mikks/ros2_px4_ws/install/example_mode_vtol_cpp:/home/mikks/ros2_px4_ws/install/example_mode_rtl_replacement_cpp:/home/mikks/ros2_px4_ws/install/example_mode_mission_cpp:/home/mikks/ros2_px4_ws/install/example_mode_manual_cpp:/home/mikks/ros2_px4_ws/install/example_mode_goto_global_cpp:/home/mikks/ros2_px4_ws/install/example_mode_goto_cpp:/home/mikks/ros2_px4_ws/install/example_mode_fw_attitude_cpp:/home/mikks/ros2_px4_ws/install/example_local_navigation_cpp:/home/mikks/ros2_px4_ws/install/example_global_navigation_cpp:/home/mikks/ros2_px4_ws/install/example_executor_with_multiple_modes_cpp:/home/mikks/crazyflie_mapping_demo/ros2_ws/install/crazyflie_ros2_multiranger_bringup:/home/mikks/crazyflie_mapping_demo/ros2_ws/install/ros_gz_crazyflie_bringup:/home/mikks/crazyflie_mapping_demo/ros2_ws/install/ros_gz_crazyflie_gazebo:/home/mikks/crazyflie_mapping_demo/ros2_ws/install/crazyflie_sim:/home/mikks/crazyflie_mapping_demo/ros2_ws/install/crazyflie_examples:/home/mikks/crazyflie_mapping_demo/ros2_ws/install/crazyflie:/home/mikks/crazyflie_mapping_demo/ros2_ws/install/crazyflie_interfaces:/opt/ros/jazzy/opt/gz_sim_vendor:/opt/ros/jazzy/opt/gz_sensors_vendor:/opt/ros/jazzy/opt/gz_physics_vendor:/opt/ros/jazzy/opt/sdformat_vendor:/opt/ros/jazzy/opt/gz_gui_vendor:/opt/ros/jazzy/opt/gz_transport_vendor:/opt/ros/jazzy/opt/gz_rendering_vendor:/opt/ros/jazzy/opt/gz_plugin_vendor:/opt/ros/jazzy/opt/gz_fuel_tools_vendor:/opt/ros/jazzy/opt/gz_msgs_vendor:/opt/ros/jazzy/opt/gz_common_vendor:/opt/ros/jazzy/opt/gz_math_vendor:/opt/ros/jazzy/opt/gz_utils_vendor:/opt/ros/jazzy/opt/gz_tools_vendor:/opt/ros/jazzy/opt/gz_ogre_next_vendor:/opt/ros/jazzy/opt/gz_dartsim_vendor:/opt/ros/jazzy/opt/gz_cmake_vendor:/home/mikks/ros2_px4_ws/install/x500_hover_controller:/home/mikks/ros2_px4_ws/install/example_mode_with_rclpy_py:/home/mikks/ros2_px4_ws/install/example_mode_goto_py:/home/mikks/ros2_px4_ws/install/px4_actuator_ctrl:/home/mikks/ros2_ws/install/rover_desc_description:/home/mikks/ros2_ws/install/px4_actuator_ctrl:/home/mikks/ros2_ws/install/mine_rover_description:/home/mikks/ros2_ws/install/ZerionURDFV5cp_description:/home/mikks/crazyflie_mapping_demo/ros2_ws/install/velocity_free_consensus:/home/mikks/crazyflie_mapping_demo/ros2_ws/install/stepwise_lowpos:/home/mikks/crazyflie_mapping_demo/ros2_ws/install/step_wise_lowpos:/home/mikks/crazyflie_mapping_demo/ros2_ws/install/second_order_formation_control:/home/mikks/crazyflie_mapping_demo/ros2_ws/install/ros_gz_crazyflie_control:/home/mikks/crazyflie_mapping_demo/ros2_ws/install/mixed_fractional_consensus:/home/mikks/crazyflie_mapping_demo/ros2_ws/install/lowest_pos:/home/mikks/crazyflie_mapping_demo/ros2_ws/install/linear_consensus:/home/mikks/crazyflie_mapping_demo/ros2_ws/install/highest_pos:/home/mikks/crazyflie_mapping_demo/ros2_ws/install/fractional_consensus_alpha:/home/mikks/crazyflie_mapping_demo/ros2_ws/install/event_triggered_swarm:/home/mikks/crazyflie_mapping_demo/ros2_ws/install/drone_logger:/home/mikks/crazyflie_mapping_demo/ros2_ws/install/distributed_average_tracking:/home/mikks/crazyflie_mapping_demo/ros2_ws/install/crazyflie_swarm_logic:/home/mikks/crazyflie_mapping_demo/ros2_ws/install/crazyflie_ros2_multiranger_wall_following:/home/mikks/crazyflie_mapping_demo/ros2_ws/install/crazyflie_ros2_multiranger_simple_mapper:/home/mikks/crazyflie_mapping_demo/ros2_ws/install/crazyflie_py:/home/mikks/crazyflie_mapping_demo/ros2_ws/install/cooperative_target_centric_formation:/home/mikks/crazyflie_mapping_demo/ros2_ws/install/containment_using_agent_information:/home/mikks/crazyflie_mapping_demo/ros2_ws/install/consensus_for_double_integrator:/home/mikks/crazyflie_mapping_demo/ros2_ws/install/consensus_alignment:/home/mikks/crazyflie_mapping_demo/ros2_ws/install/binary_consensus:/home/mikks/crazyflie_mapping_demo/ros2_ws/install/Second_Order_Min_Consensus_for_Heterogeneous_Agents:/home/mikks/crazyflie_mapping_demo/ros2_ws/install/BinaryContainmentChain:/opt/ros/jazzy DEBUGINFOD_URLS=https://debuginfod.ubuntu.com LD_LIBRARY_PATH=/home/mikks/ros2_px4_ws/install/px4_ros2_cpp/lib:/home/mikks/ros2_px4_ws/install/px4_msgs/lib:/home/mikks/ros2_px4_ws/install/px4_ros_com/lib:/home/mikks/NatNet_SDK_4.3_ubuntu/lib:/home/mikks/crazyflie_mapping_demo/ros2_ws/install/crazyflie_interfaces/lib:/opt/ros/jazzy/opt/gz_sim_vendor/lib:/opt/ros/jazzy/opt/gz_sensors_vendor/lib:/opt/ros/jazzy/opt/gz_physics_vendor/lib:/opt/ros/jazzy/opt/sdformat_vendor/lib:/opt/ros/jazzy/opt/rviz_ogre_vendor/lib:/opt/ros/jazzy/lib/x86_64-linux-gnu:/opt/ros/jazzy/opt/gz_gui_vendor/lib:/opt/ros/jazzy/opt/gz_transport_vendor/lib:/opt/ros/jazzy/opt/gz_rendering_vendor/lib:/opt/ros/jazzy/opt/gz_plugin_vendor/lib:/opt/ros/jazzy/opt/gz_fuel_tools_vendor/lib:/opt/ros/jazzy/opt/gz_msgs_vendor/lib:/opt/ros/jazzy/opt/gz_common_vendor/lib:/opt/ros/jazzy/opt/gz_math_vendor/lib:/opt/ros/jazzy/opt/gz_utils_vendor/lib:/opt/ros/jazzy/opt/gz_tools_vendor/lib:/opt/ros/jazzy/opt/gz_ogre_next_vendor/lib:/opt/ros/jazzy/opt/gz_dartsim_vendor/lib:/opt/ros/jazzy/opt/gz_cmake_vendor/lib:/opt/ros/jazzy/lib PYTHONPATH=/home/mikks/ros2_px4_ws/install/px4_msgs/lib/python3.12/site-packages:/home/mikks/ros2_px4_ws/build/x500_hover_controller:/home/mikks/ros2_px4_ws/install/x500_hover_controller/lib/python3.12/site-packages:/home/mikks/ros2_px4_ws/install/px4_ros_com/lib/python3.12/site-packages:/home/mikks/ros2_px4_ws/build/example_mode_with_rclpy_py:/home/mikks/ros2_px4_ws/install/example_mode_with_rclpy_py/lib/python3.12/site-packages:/home/mikks/ros2_px4_ws/build/example_mode_goto_py:/home/mikks/ros2_px4_ws/install/example_mode_goto_py/lib/python3.12/site-packages:/home/mikks/ros2_px4_ws/install/px4_ros2_py/lib/python3.12/site-packages:/home/mikks/ros2_px4_ws/build/px4_actuator_ctrl:/home/mikks/ros2_px4_ws/install/px4_actuator_ctrl/lib/python3.12/site-packages:/home/mikks/ros2_ws/build/rover_desc_description:/home/mikks/ros2_ws/install/rover_desc_description/lib/python3.12/site-packages:/home/mikks/ros2_ws/install/px4_actuator_ctrl/lib/python3.12/site-packages:/home/mikks/ros2_ws/build/mine_rover_description:/home/mikks/ros2_ws/install/mine_rover_description/lib/python3.12/site-packages:/home/mikks/ros2_ws/build/ZerionURDFV5cp_description:/home/mikks/ros2_ws/install/ZerionURDFV5cp_description/lib/python3.12/site-packages:/home/mikks/crazyflie_mapping_demo/ros2_ws/install/velocity_free_consensus/lib/python3.12/site-packages:/home/mikks/crazyflie_mapping_demo/ros2_ws/install/stepwise_lowpos/lib/python3.12/site-packages:/home/mikks/crazyflie_mapping_demo/ros2_ws/install/step_wise_lowpos/lib/python3.12/site-packages:/home/mikks/crazyflie_mapping_demo/ros2_ws/install/second_order_formation_control/lib/python3.12/site-packages:/home/mikks/crazyflie_mapping_demo/ros2_ws/install/ros_gz_crazyflie_control/lib/python3.12/site-packages:/home/mikks/crazyflie_mapping_demo/ros2_ws/install/mixed_fractional_consensus/lib/python3.12/site-packages:/home/mikks/crazyflie_mapping_demo/ros2_ws/install/lowest_pos/lib/python3.12/site-packages:/home/mikks/crazyflie_mapping_demo/ros2_ws/install/linear_consensus/lib/python3.12/site-packages:/home/mikks/crazyflie_mapping_demo/ros2_ws/install/highest_pos/lib/python3.12/site-packages:/home/mikks/crazyflie_mapping_demo/ros2_ws/install/fractional_consensus_alpha/lib/python3.12/site-packages:/home/mikks/crazyflie_mapping_demo/ros2_ws/install/event_triggered_swarm/lib/python3.12/site-packages:/home/mikks/crazyflie_mapping_demo/ros2_ws/install/drone_logger/lib/python3.12/site-packages:/home/mikks/crazyflie_mapping_demo/ros2_ws/install/distributed_average_tracking/lib/python3.12/site-packages:/home/mikks/crazyflie_mapping_demo/ros2_ws/install/crazyflie_swarm_logic/lib/python3.12/site-packages:/home/mikks/crazyflie_mapping_demo/ros2_ws/install/crazyflie_sim/lib/python3.12/site-packages:/home/mikks/crazyflie_mapping_demo/ros2_ws/install/crazyflie_ros2_multiranger_wall_following/lib/python3.12/site-packages:/home/mikks/crazyflie_mapping_demo/ros2_ws/install/crazyflie_ros2_multiranger_simple_mapper/lib/python3.12/site-packages:/home/mikks/crazyflie_mapping_demo/ros2_ws/install/crazyflie_examples/lib/python3.12/site-packages:/home/mikks/crazyflie_mapping_demo/ros2_ws/install/crazyflie_py/lib/python3.12/site-packages:/home/mikks/crazyflie_mapping_demo/ros2_ws/install/crazyflie_interfaces/lib/python3.12/site-packages:/home/mikks/crazyflie_mapping_demo/ros2_ws/install/cooperative_target_centric_formation/lib/python3.12/site-packages:/home/mikks/crazyflie_mapping_demo/ros2_ws/install/containment_using_agent_information/lib/python3.12/site-packages:/home/mikks/crazyflie_mapping_demo/ros2_ws/install/consensus_for_double_integrator/lib/python3.12/site-packages:/home/mikks/crazyflie_mapping_demo/ros2_ws/install/consensus_alignment/lib/python3.12/site-packages:/home/mikks/crazyflie_mapping_demo/ros2_ws/install/binary_consensus/lib/python3.12/site-packages:/home/mikks/crazyflie_mapping_demo/ros2_ws/install/Second_Order_Min_Consensus_for_Heterogeneous_Agents/lib/python3.12/site-packages:/home/mikks/crazyflie_mapping_demo/ros2_ws/install/BinaryContainmentChain/lib/python3.12/site-packages:/opt/ros/jazzy/lib/python3.12/site-packages /usr/bin/cmake --install /home/mikks/ros2_px4_ws/build/example_mode_manual_cpp
[3.886s] DEBUG:colcon.colcon_core.event_handler.log_command:Invoked command in '/home/mikks/ros2_px4_ws/build/example_mode_fw_attitude_cpp' returned '0': CMAKE_PREFIX_PATH=/home/mikks/ros2_px4_ws/install/px4_ros2_cpp:/home/mikks/ros2_px4_ws/install/px4_msgs:/home/mikks/ros2_px4_ws/install/px4_ros_com:/home/mikks/ros2_px4_ws/install/px4_ros2_py:/home/mikks/ros2_px4_ws/install/example_rover_velocity_mode_cpp:/home/mikks/ros2_px4_ws/install/example_mode_with_executor_cpp:/home/mikks/ros2_px4_ws/install/example_mode_vtol_cpp:/home/mikks/ros2_px4_ws/install/example_mode_rtl_replacement_cpp:/home/mikks/ros2_px4_ws/install/example_mode_mission_cpp:/home/mikks/ros2_px4_ws/install/example_mode_manual_cpp:/home/mikks/ros2_px4_ws/install/example_mode_goto_global_cpp:/home/mikks/ros2_px4_ws/install/example_mode_goto_cpp:/home/mikks/ros2_px4_ws/install/example_mode_fw_attitude_cpp:/home/mikks/ros2_px4_ws/install/example_local_navigation_cpp:/home/mikks/ros2_px4_ws/install/example_global_navigation_cpp:/home/mikks/ros2_px4_ws/install/example_executor_with_multiple_modes_cpp:/home/mikks/crazyflie_mapping_demo/ros2_ws/install/crazyflie_ros2_multiranger_bringup:/home/mikks/crazyflie_mapping_demo/ros2_ws/install/ros_gz_crazyflie_bringup:/home/mikks/crazyflie_mapping_demo/ros2_ws/install/ros_gz_crazyflie_gazebo:/home/mikks/crazyflie_mapping_demo/ros2_ws/install/crazyflie_sim:/home/mikks/crazyflie_mapping_demo/ros2_ws/install/crazyflie_examples:/home/mikks/crazyflie_mapping_demo/ros2_ws/install/crazyflie:/home/mikks/crazyflie_mapping_demo/ros2_ws/install/crazyflie_interfaces:/opt/ros/jazzy/opt/gz_sim_vendor:/opt/ros/jazzy/opt/gz_sensors_vendor:/opt/ros/jazzy/opt/gz_physics_vendor:/opt/ros/jazzy/opt/sdformat_vendor:/opt/ros/jazzy/opt/gz_gui_vendor:/opt/ros/jazzy/opt/gz_transport_vendor:/opt/ros/jazzy/opt/gz_rendering_vendor:/opt/ros/jazzy/opt/gz_plugin_vendor:/opt/ros/jazzy/opt/gz_fuel_tools_vendor:/opt/ros/jazzy/opt/gz_msgs_vendor:/opt/ros/jazzy/opt/gz_common_vendor:/opt/ros/jazzy/opt/gz_math_vendor:/opt/ros/jazzy/opt/gz_utils_vendor:/opt/ros/jazzy/opt/gz_tools_vendor:/opt/ros/jazzy/opt/gz_ogre_next_vendor:/opt/ros/jazzy/opt/gz_dartsim_vendor:/opt/ros/jazzy/opt/gz_cmake_vendor:/home/mikks/ros2_px4_ws/install/x500_hover_controller:/home/mikks/ros2_px4_ws/install/example_mode_with_rclpy_py:/home/mikks/ros2_px4_ws/install/example_mode_goto_py:/home/mikks/ros2_px4_ws/install/px4_actuator_ctrl:/home/mikks/ros2_ws/install/rover_desc_description:/home/mikks/ros2_ws/install/px4_actuator_ctrl:/home/mikks/ros2_ws/install/mine_rover_description:/home/mikks/ros2_ws/install/ZerionURDFV5cp_description:/home/mikks/crazyflie_mapping_demo/ros2_ws/install/velocity_free_consensus:/home/mikks/crazyflie_mapping_demo/ros2_ws/install/stepwise_lowpos:/home/mikks/crazyflie_mapping_demo/ros2_ws/install/step_wise_lowpos:/home/mikks/crazyflie_mapping_demo/ros2_ws/install/second_order_formation_control:/home/mikks/crazyflie_mapping_demo/ros2_ws/install/ros_gz_crazyflie_control:/home/mikks/crazyflie_mapping_demo/ros2_ws/install/mixed_fractional_consensus:/home/mikks/crazyflie_mapping_demo/ros2_ws/install/lowest_pos:/home/mikks/crazyflie_mapping_demo/ros2_ws/install/linear_consensus:/home/mikks/crazyflie_mapping_demo/ros2_ws/install/highest_pos:/home/mikks/crazyflie_mapping_demo/ros2_ws/install/fractional_consensus_alpha:/home/mikks/crazyflie_mapping_demo/ros2_ws/install/event_triggered_swarm:/home/mikks/crazyflie_mapping_demo/ros2_ws/install/drone_logger:/home/mikks/crazyflie_mapping_demo/ros2_ws/install/distributed_average_tracking:/home/mikks/crazyflie_mapping_demo/ros2_ws/install/crazyflie_swarm_logic:/home/mikks/crazyflie_mapping_demo/ros2_ws/install/crazyflie_ros2_multiranger_wall_following:/home/mikks/crazyflie_mapping_demo/ros2_ws/install/crazyflie_ros2_multiranger_simple_mapper:/home/mikks/crazyflie_mapping_demo/ros2_ws/install/crazyflie_py:/home/mikks/crazyflie_mapping_demo/ros2_ws/install/cooperative_target_centric_formation:/home/mikks/crazyflie_mapping_demo/ros2_ws/install/containment_using_agent_information:/home/mikks/crazyflie_mapping_demo/ros2_ws/install/consensus_for_double_integrator:/home/mikks/crazyflie_mapping_demo/ros2_ws/install/consensus_alignment:/home/mikks/crazyflie_mapping_demo/ros2_ws/install/binary_consensus:/home/mikks/crazyflie_mapping_demo/ros2_ws/install/Second_Order_Min_Consensus_for_Heterogeneous_Agents:/home/mikks/crazyflie_mapping_demo/ros2_ws/install/BinaryContainmentChain:/opt/ros/jazzy DEBUGINFOD_URLS=https://debuginfod.ubuntu.com LD_LIBRARY_PATH=/home/mikks/ros2_px4_ws/install/px4_ros2_cpp/lib:/home/mikks/ros2_px4_ws/install/px4_msgs/lib:/home/mikks/ros2_px4_ws/install/px4_ros_com/lib:/home/mikks/NatNet_SDK_4.3_ubuntu/lib:/home/mikks/crazyflie_mapping_demo/ros2_ws/install/crazyflie_interfaces/lib:/opt/ros/jazzy/opt/gz_sim_vendor/lib:/opt/ros/jazzy/opt/gz_sensors_vendor/lib:/opt/ros/jazzy/opt/gz_physics_vendor/lib:/opt/ros/jazzy/opt/sdformat_vendor/lib:/opt/ros/jazzy/opt/rviz_ogre_vendor/lib:/opt/ros/jazzy/lib/x86_64-linux-gnu:/opt/ros/jazzy/opt/gz_gui_vendor/lib:/opt/ros/jazzy/opt/gz_transport_vendor/lib:/opt/ros/jazzy/opt/gz_rendering_vendor/lib:/opt/ros/jazzy/opt/gz_plugin_vendor/lib:/opt/ros/jazzy/opt/gz_fuel_tools_vendor/lib:/opt/ros/jazzy/opt/gz_msgs_vendor/lib:/opt/ros/jazzy/opt/gz_common_vendor/lib:/opt/ros/jazzy/opt/gz_math_vendor/lib:/opt/ros/jazzy/opt/gz_utils_vendor/lib:/opt/ros/jazzy/opt/gz_tools_vendor/lib:/opt/ros/jazzy/opt/gz_ogre_next_vendor/lib:/opt/ros/jazzy/opt/gz_dartsim_vendor/lib:/opt/ros/jazzy/opt/gz_cmake_vendor/lib:/opt/ros/jazzy/lib PYTHONPATH=/home/mikks/ros2_px4_ws/install/px4_msgs/lib/python3.12/site-packages:/home/mikks/ros2_px4_ws/build/x500_hover_controller:/home/mikks/ros2_px4_ws/install/x500_hover_controller/lib/python3.12/site-packages:/home/mikks/ros2_px4_ws/install/px4_ros_com/lib/python3.12/site-packages:/home/mikks/ros2_px4_ws/build/example_mode_with_rclpy_py:/home/mikks/ros2_px4_ws/install/example_mode_with_rclpy_py/lib/python3.12/site-packages:/home/mikks/ros2_px4_ws/build/example_mode_goto_py:/home/mikks/ros2_px4_ws/install/example_mode_goto_py/lib/python3.12/site-packages:/home/mikks/ros2_px4_ws/install/px4_ros2_py/lib/python3.12/site-packages:/home/mikks/ros2_px4_ws/build/px4_actuator_ctrl:/home/mikks/ros2_px4_ws/install/px4_actuator_ctrl/lib/python3.12/site-packages:/home/mikks/ros2_ws/build/rover_desc_description:/home/mikks/ros2_ws/install/rover_desc_description/lib/python3.12/site-packages:/home/mikks/ros2_ws/install/px4_actuator_ctrl/lib/python3.12/site-packages:/home/mikks/ros2_ws/build/mine_rover_description:/home/mikks/ros2_ws/install/mine_rover_description/lib/python3.12/site-packages:/home/mikks/ros2_ws/build/ZerionURDFV5cp_description:/home/mikks/ros2_ws/install/ZerionURDFV5cp_description/lib/python3.12/site-packages:/home/mikks/crazyflie_mapping_demo/ros2_ws/install/velocity_free_consensus/lib/python3.12/site-packages:/home/mikks/crazyflie_mapping_demo/ros2_ws/install/stepwise_lowpos/lib/python3.12/site-packages:/home/mikks/crazyflie_mapping_demo/ros2_ws/install/step_wise_lowpos/lib/python3.12/site-packages:/home/mikks/crazyflie_mapping_demo/ros2_ws/install/second_order_formation_control/lib/python3.12/site-packages:/home/mikks/crazyflie_mapping_demo/ros2_ws/install/ros_gz_crazyflie_control/lib/python3.12/site-packages:/home/mikks/crazyflie_mapping_demo/ros2_ws/install/mixed_fractional_consensus/lib/python3.12/site-packages:/home/mikks/crazyflie_mapping_demo/ros2_ws/install/lowest_pos/lib/python3.12/site-packages:/home/mikks/crazyflie_mapping_demo/ros2_ws/install/linear_consensus/lib/python3.12/site-packages:/home/mikks/crazyflie_mapping_demo/ros2_ws/install/highest_pos/lib/python3.12/site-packages:/home/mikks/crazyflie_mapping_demo/ros2_ws/install/fractional_consensus_alpha/lib/python3.12/site-packages:/home/mikks/crazyflie_mapping_demo/ros2_ws/install/event_triggered_swarm/lib/python3.12/site-packages:/home/mikks/crazyflie_mapping_demo/ros2_ws/install/drone_logger/lib/python3.12/site-packages:/home/mikks/crazyflie_mapping_demo/ros2_ws/install/distributed_average_tracking/lib/python3.12/site-packages:/home/mikks/crazyflie_mapping_demo/ros2_ws/install/crazyflie_swarm_logic/lib/python3.12/site-packages:/home/mikks/crazyflie_mapping_demo/ros2_ws/install/crazyflie_sim/lib/python3.12/site-packages:/home/mikks/crazyflie_mapping_demo/ros2_ws/install/crazyflie_ros2_multiranger_wall_following/lib/python3.12/site-packages:/home/mikks/crazyflie_mapping_demo/ros2_ws/install/crazyflie_ros2_multiranger_simple_mapper/lib/python3.12/site-packages:/home/mikks/crazyflie_mapping_demo/ros2_ws/install/crazyflie_examples/lib/python3.12/site-packages:/home/mikks/crazyflie_mapping_demo/ros2_ws/install/crazyflie_py/lib/python3.12/site-packages:/home/mikks/crazyflie_mapping_demo/ros2_ws/install/crazyflie_interfaces/lib/python3.12/site-packages:/home/mikks/crazyflie_mapping_demo/ros2_ws/install/cooperative_target_centric_formation/lib/python3.12/site-packages:/home/mikks/crazyflie_mapping_demo/ros2_ws/install/containment_using_agent_information/lib/python3.12/site-packages:/home/mikks/crazyflie_mapping_demo/ros2_ws/install/consensus_for_double_integrator/lib/python3.12/site-packages:/home/mikks/crazyflie_mapping_demo/ros2_ws/install/consensus_alignment/lib/python3.12/site-packages:/home/mikks/crazyflie_mapping_demo/ros2_ws/install/binary_consensus/lib/python3.12/site-packages:/home/mikks/crazyflie_mapping_demo/ros2_ws/install/Second_Order_Min_Consensus_for_Heterogeneous_Agents/lib/python3.12/site-packages:/home/mikks/crazyflie_mapping_demo/ros2_ws/install/BinaryContainmentChain/lib/python3.12/site-packages:/opt/ros/jazzy/lib/python3.12/site-packages /usr/bin/cmake --install /home/mikks/ros2_px4_ws/build/example_mode_fw_attitude_cpp
[3.886s] Level 1:colcon.colcon_core.environment:checking '/home/mikks/ros2_px4_ws/install/example_mode_fw_attitude_cpp' for CMake config files
[3.887s] Level 1:colcon.colcon_core.shell:create_environment_hook('example_mode_fw_attitude_cpp', 'cmake_prefix_path')
[3.887s] INFO:colcon.colcon_core.shell:Creating environment hook '/home/mikks/ros2_px4_ws/install/example_mode_fw_attitude_cpp/share/example_mode_fw_attitude_cpp/hook/cmake_prefix_path.ps1'
[3.887s] INFO:colcon.colcon_core.shell:Creating environment descriptor '/home/mikks/ros2_px4_ws/install/example_mode_fw_attitude_cpp/share/example_mode_fw_attitude_cpp/hook/cmake_prefix_path.dsv'
[3.888s] INFO:colcon.colcon_core.shell:Creating environment hook '/home/mikks/ros2_px4_ws/install/example_mode_fw_attitude_cpp/share/example_mode_fw_attitude_cpp/hook/cmake_prefix_path.sh'
[3.888s] Level 1:colcon.colcon_core.environment:checking '/home/mikks/ros2_px4_ws/install/example_mode_fw_attitude_cpp/lib'
[3.889s] Level 1:colcon.colcon_core.environment:checking '/home/mikks/ros2_px4_ws/install/example_mode_fw_attitude_cpp/bin'
[3.889s] Level 1:colcon.colcon_core.environment:checking '/home/mikks/ros2_px4_ws/install/example_mode_fw_attitude_cpp/lib/pkgconfig/example_mode_fw_attitude_cpp.pc'
[3.889s] Level 1:colcon.colcon_core.environment:checking '/home/mikks/ros2_px4_ws/install/example_mode_fw_attitude_cpp/lib/python3.12/site-packages'
[3.889s] Level 1:colcon.colcon_core.environment:checking '/home/mikks/ros2_px4_ws/install/example_mode_fw_attitude_cpp/bin'
[3.890s] INFO:colcon.colcon_core.shell:Creating package script '/home/mikks/ros2_px4_ws/install/example_mode_fw_attitude_cpp/share/example_mode_fw_attitude_cpp/package.ps1'
[3.890s] INFO:colcon.colcon_core.shell:Creating package descriptor '/home/mikks/ros2_px4_ws/install/example_mode_fw_attitude_cpp/share/example_mode_fw_attitude_cpp/package.dsv'
[3.891s] INFO:colcon.colcon_core.shell:Creating package script '/home/mikks/ros2_px4_ws/install/example_mode_fw_attitude_cpp/share/example_mode_fw_attitude_cpp/package.sh'
[3.891s] INFO:colcon.colcon_core.shell:Creating package script '/home/mikks/ros2_px4_ws/install/example_mode_fw_attitude_cpp/share/example_mode_fw_attitude_cpp/package.bash'
[3.892s] INFO:colcon.colcon_core.shell:Creating package script '/home/mikks/ros2_px4_ws/install/example_mode_fw_attitude_cpp/share/example_mode_fw_attitude_cpp/package.zsh'
[3.892s] Level 1:colcon.colcon_core.environment:create_file_with_runtime_dependencies(/home/mikks/ros2_px4_ws/install/example_mode_fw_attitude_cpp/share/colcon-core/packages/example_mode_fw_attitude_cpp)
[3.894s] Level 1:colcon.colcon_core.environment:create_environment_scripts_only(example_mode_fw_attitude_cpp)
[3.894s] Level 1:colcon.colcon_core.environment:checking '/home/mikks/ros2_px4_ws/install/example_mode_fw_attitude_cpp' for CMake module files
[3.897s] Level 1:colcon.colcon_core.environment:checking '/home/mikks/ros2_px4_ws/install/example_mode_fw_attitude_cpp' for CMake config files
[3.897s] Level 1:colcon.colcon_core.shell:create_environment_hook('example_mode_fw_attitude_cpp', 'cmake_prefix_path')
[3.898s] INFO:colcon.colcon_core.shell:Creating environment hook '/home/mikks/ros2_px4_ws/install/example_mode_fw_attitude_cpp/share/example_mode_fw_attitude_cpp/hook/cmake_prefix_path.ps1'
[3.898s] INFO:colcon.colcon_core.shell:Creating environment descriptor '/home/mikks/ros2_px4_ws/install/example_mode_fw_attitude_cpp/share/example_mode_fw_attitude_cpp/hook/cmake_prefix_path.dsv'
[3.899s] INFO:colcon.colcon_core.shell:Creating environment hook '/home/mikks/ros2_px4_ws/install/example_mode_fw_attitude_cpp/share/example_mode_fw_attitude_cpp/hook/cmake_prefix_path.sh'
[3.900s] Level 1:colcon.colcon_core.environment:checking '/home/mikks/ros2_px4_ws/install/example_mode_fw_attitude_cpp/lib'
[3.900s] Level 1:colcon.colcon_core.environment:checking '/home/mikks/ros2_px4_ws/install/example_mode_fw_attitude_cpp/bin'
[3.900s] Level 1:colcon.colcon_core.environment:checking '/home/mikks/ros2_px4_ws/install/example_mode_fw_attitude_cpp/lib/pkgconfig/example_mode_fw_attitude_cpp.pc'
[3.900s] Level 1:colcon.colcon_core.environment:checking '/home/mikks/ros2_px4_ws/install/example_mode_fw_attitude_cpp/lib/python3.12/site-packages'
[3.901s] Level 1:colcon.colcon_core.environment:checking '/home/mikks/ros2_px4_ws/install/example_mode_fw_attitude_cpp/bin'
[3.901s] INFO:colcon.colcon_core.shell:Creating package script '/home/mikks/ros2_px4_ws/install/example_mode_fw_attitude_cpp/share/example_mode_fw_attitude_cpp/package.ps1'
[3.902s] INFO:colcon.colcon_core.shell:Creating package descriptor '/home/mikks/ros2_px4_ws/install/example_mode_fw_attitude_cpp/share/example_mode_fw_attitude_cpp/package.dsv'
[3.902s] INFO:colcon.colcon_core.shell:Creating package script '/home/mikks/ros2_px4_ws/install/example_mode_fw_attitude_cpp/share/example_mode_fw_attitude_cpp/package.sh'
[3.903s] INFO:colcon.colcon_core.shell:Creating package script '/home/mikks/ros2_px4_ws/install/example_mode_fw_attitude_cpp/share/example_mode_fw_attitude_cpp/package.bash'
[3.903s] INFO:colcon.colcon_core.shell:Creating package script '/home/mikks/ros2_px4_ws/install/example_mode_fw_attitude_cpp/share/example_mode_fw_attitude_cpp/package.zsh'
[3.904s] Level 1:colcon.colcon_core.environment:create_file_with_runtime_dependencies(/home/mikks/ros2_px4_ws/install/example_mode_fw_attitude_cpp/share/colcon-core/packages/example_mode_fw_attitude_cpp)
[3.904s] Level 1:colcon.colcon_core.environment:create_environment_scripts_only(example_mode_goto_global_cpp)
[3.905s] Level 1:colcon.colcon_core.environment:checking '/home/mikks/ros2_px4_ws/install/example_mode_goto_global_cpp' for CMake module files
[3.906s] DEBUG:colcon.colcon_core.event_handler.log_command:Invoked command in '/home/mikks/ros2_px4_ws/build/example_mode_goto_global_cpp' returned '0': CMAKE_PREFIX_PATH=/home/mikks/ros2_px4_ws/install/px4_ros2_cpp:/home/mikks/ros2_px4_ws/install/px4_msgs:/home/mikks/ros2_px4_ws/install/px4_ros_com:/home/mikks/ros2_px4_ws/install/px4_ros2_py:/home/mikks/ros2_px4_ws/install/example_rover_velocity_mode_cpp:/home/mikks/ros2_px4_ws/install/example_mode_with_executor_cpp:/home/mikks/ros2_px4_ws/install/example_mode_vtol_cpp:/home/mikks/ros2_px4_ws/install/example_mode_rtl_replacement_cpp:/home/mikks/ros2_px4_ws/install/example_mode_mission_cpp:/home/mikks/ros2_px4_ws/install/example_mode_manual_cpp:/home/mikks/ros2_px4_ws/install/example_mode_goto_global_cpp:/home/mikks/ros2_px4_ws/install/example_mode_goto_cpp:/home/mikks/ros2_px4_ws/install/example_mode_fw_attitude_cpp:/home/mikks/ros2_px4_ws/install/example_local_navigation_cpp:/home/mikks/ros2_px4_ws/install/example_global_navigation_cpp:/home/mikks/ros2_px4_ws/install/example_executor_with_multiple_modes_cpp:/home/mikks/crazyflie_mapping_demo/ros2_ws/install/crazyflie_ros2_multiranger_bringup:/home/mikks/crazyflie_mapping_demo/ros2_ws/install/ros_gz_crazyflie_bringup:/home/mikks/crazyflie_mapping_demo/ros2_ws/install/ros_gz_crazyflie_gazebo:/home/mikks/crazyflie_mapping_demo/ros2_ws/install/crazyflie_sim:/home/mikks/crazyflie_mapping_demo/ros2_ws/install/crazyflie_examples:/home/mikks/crazyflie_mapping_demo/ros2_ws/install/crazyflie:/home/mikks/crazyflie_mapping_demo/ros2_ws/install/crazyflie_interfaces:/opt/ros/jazzy/opt/gz_sim_vendor:/opt/ros/jazzy/opt/gz_sensors_vendor:/opt/ros/jazzy/opt/gz_physics_vendor:/opt/ros/jazzy/opt/sdformat_vendor:/opt/ros/jazzy/opt/gz_gui_vendor:/opt/ros/jazzy/opt/gz_transport_vendor:/opt/ros/jazzy/opt/gz_rendering_vendor:/opt/ros/jazzy/opt/gz_plugin_vendor:/opt/ros/jazzy/opt/gz_fuel_tools_vendor:/opt/ros/jazzy/opt/gz_msgs_vendor:/opt/ros/jazzy/opt/gz_common_vendor:/opt/ros/jazzy/opt/gz_math_vendor:/opt/ros/jazzy/opt/gz_utils_vendor:/opt/ros/jazzy/opt/gz_tools_vendor:/opt/ros/jazzy/opt/gz_ogre_next_vendor:/opt/ros/jazzy/opt/gz_dartsim_vendor:/opt/ros/jazzy/opt/gz_cmake_vendor:/home/mikks/ros2_px4_ws/install/x500_hover_controller:/home/mikks/ros2_px4_ws/install/example_mode_with_rclpy_py:/home/mikks/ros2_px4_ws/install/example_mode_goto_py:/home/mikks/ros2_px4_ws/install/px4_actuator_ctrl:/home/mikks/ros2_ws/install/rover_desc_description:/home/mikks/ros2_ws/install/px4_actuator_ctrl:/home/mikks/ros2_ws/install/mine_rover_description:/home/mikks/ros2_ws/install/ZerionURDFV5cp_description:/home/mikks/crazyflie_mapping_demo/ros2_ws/install/velocity_free_consensus:/home/mikks/crazyflie_mapping_demo/ros2_ws/install/stepwise_lowpos:/home/mikks/crazyflie_mapping_demo/ros2_ws/install/step_wise_lowpos:/home/mikks/crazyflie_mapping_demo/ros2_ws/install/second_order_formation_control:/home/mikks/crazyflie_mapping_demo/ros2_ws/install/ros_gz_crazyflie_control:/home/mikks/crazyflie_mapping_demo/ros2_ws/install/mixed_fractional_consensus:/home/mikks/crazyflie_mapping_demo/ros2_ws/install/lowest_pos:/home/mikks/crazyflie_mapping_demo/ros2_ws/install/linear_consensus:/home/mikks/crazyflie_mapping_demo/ros2_ws/install/highest_pos:/home/mikks/crazyflie_mapping_demo/ros2_ws/install/fractional_consensus_alpha:/home/mikks/crazyflie_mapping_demo/ros2_ws/install/event_triggered_swarm:/home/mikks/crazyflie_mapping_demo/ros2_ws/install/drone_logger:/home/mikks/crazyflie_mapping_demo/ros2_ws/install/distributed_average_tracking:/home/mikks/crazyflie_mapping_demo/ros2_ws/install/crazyflie_swarm_logic:/home/mikks/crazyflie_mapping_demo/ros2_ws/install/crazyflie_ros2_multiranger_wall_following:/home/mikks/crazyflie_mapping_demo/ros2_ws/install/crazyflie_ros2_multiranger_simple_mapper:/home/mikks/crazyflie_mapping_demo/ros2_ws/install/crazyflie_py:/home/mikks/crazyflie_mapping_demo/ros2_ws/install/cooperative_target_centric_formation:/home/mikks/crazyflie_mapping_demo/ros2_ws/install/containment_using_agent_information:/home/mikks/crazyflie_mapping_demo/ros2_ws/install/consensus_for_double_integrator:/home/mikks/crazyflie_mapping_demo/ros2_ws/install/consensus_alignment:/home/mikks/crazyflie_mapping_demo/ros2_ws/install/binary_consensus:/home/mikks/crazyflie_mapping_demo/ros2_ws/install/Second_Order_Min_Consensus_for_Heterogeneous_Agents:/home/mikks/crazyflie_mapping_demo/ros2_ws/install/BinaryContainmentChain:/opt/ros/jazzy DEBUGINFOD_URLS=https://debuginfod.ubuntu.com LD_LIBRARY_PATH=/home/mikks/ros2_px4_ws/install/px4_ros2_cpp/lib:/home/mikks/ros2_px4_ws/install/px4_msgs/lib:/home/mikks/ros2_px4_ws/install/px4_ros_com/lib:/home/mikks/NatNet_SDK_4.3_ubuntu/lib:/home/mikks/crazyflie_mapping_demo/ros2_ws/install/crazyflie_interfaces/lib:/opt/ros/jazzy/opt/gz_sim_vendor/lib:/opt/ros/jazzy/opt/gz_sensors_vendor/lib:/opt/ros/jazzy/opt/gz_physics_vendor/lib:/opt/ros/jazzy/opt/sdformat_vendor/lib:/opt/ros/jazzy/opt/rviz_ogre_vendor/lib:/opt/ros/jazzy/lib/x86_64-linux-gnu:/opt/ros/jazzy/opt/gz_gui_vendor/lib:/opt/ros/jazzy/opt/gz_transport_vendor/lib:/opt/ros/jazzy/opt/gz_rendering_vendor/lib:/opt/ros/jazzy/opt/gz_plugin_vendor/lib:/opt/ros/jazzy/opt/gz_fuel_tools_vendor/lib:/opt/ros/jazzy/opt/gz_msgs_vendor/lib:/opt/ros/jazzy/opt/gz_common_vendor/lib:/opt/ros/jazzy/opt/gz_math_vendor/lib:/opt/ros/jazzy/opt/gz_utils_vendor/lib:/opt/ros/jazzy/opt/gz_tools_vendor/lib:/opt/ros/jazzy/opt/gz_ogre_next_vendor/lib:/opt/ros/jazzy/opt/gz_dartsim_vendor/lib:/opt/ros/jazzy/opt/gz_cmake_vendor/lib:/opt/ros/jazzy/lib PYTHONPATH=/home/mikks/ros2_px4_ws/install/px4_msgs/lib/python3.12/site-packages:/home/mikks/ros2_px4_ws/build/x500_hover_controller:/home/mikks/ros2_px4_ws/install/x500_hover_controller/lib/python3.12/site-packages:/home/mikks/ros2_px4_ws/install/px4_ros_com/lib/python3.12/site-packages:/home/mikks/ros2_px4_ws/build/example_mode_with_rclpy_py:/home/mikks/ros2_px4_ws/install/example_mode_with_rclpy_py/lib/python3.12/site-packages:/home/mikks/ros2_px4_ws/build/example_mode_goto_py:/home/mikks/ros2_px4_ws/install/example_mode_goto_py/lib/python3.12/site-packages:/home/mikks/ros2_px4_ws/install/px4_ros2_py/lib/python3.12/site-packages:/home/mikks/ros2_px4_ws/build/px4_actuator_ctrl:/home/mikks/ros2_px4_ws/install/px4_actuator_ctrl/lib/python3.12/site-packages:/home/mikks/ros2_ws/build/rover_desc_description:/home/mikks/ros2_ws/install/rover_desc_description/lib/python3.12/site-packages:/home/mikks/ros2_ws/install/px4_actuator_ctrl/lib/python3.12/site-packages:/home/mikks/ros2_ws/build/mine_rover_description:/home/mikks/ros2_ws/install/mine_rover_description/lib/python3.12/site-packages:/home/mikks/ros2_ws/build/ZerionURDFV5cp_description:/home/mikks/ros2_ws/install/ZerionURDFV5cp_description/lib/python3.12/site-packages:/home/mikks/crazyflie_mapping_demo/ros2_ws/install/velocity_free_consensus/lib/python3.12/site-packages:/home/mikks/crazyflie_mapping_demo/ros2_ws/install/stepwise_lowpos/lib/python3.12/site-packages:/home/mikks/crazyflie_mapping_demo/ros2_ws/install/step_wise_lowpos/lib/python3.12/site-packages:/home/mikks/crazyflie_mapping_demo/ros2_ws/install/second_order_formation_control/lib/python3.12/site-packages:/home/mikks/crazyflie_mapping_demo/ros2_ws/install/ros_gz_crazyflie_control/lib/python3.12/site-packages:/home/mikks/crazyflie_mapping_demo/ros2_ws/install/mixed_fractional_consensus/lib/python3.12/site-packages:/home/mikks/crazyflie_mapping_demo/ros2_ws/install/lowest_pos/lib/python3.12/site-packages:/home/mikks/crazyflie_mapping_demo/ros2_ws/install/linear_consensus/lib/python3.12/site-packages:/home/mikks/crazyflie_mapping_demo/ros2_ws/install/highest_pos/lib/python3.12/site-packages:/home/mikks/crazyflie_mapping_demo/ros2_ws/install/fractional_consensus_alpha/lib/python3.12/site-packages:/home/mikks/crazyflie_mapping_demo/ros2_ws/install/event_triggered_swarm/lib/python3.12/site-packages:/home/mikks/crazyflie_mapping_demo/ros2_ws/install/drone_logger/lib/python3.12/site-packages:/home/mikks/crazyflie_mapping_demo/ros2_ws/install/distributed_average_tracking/lib/python3.12/site-packages:/home/mikks/crazyflie_mapping_demo/ros2_ws/install/crazyflie_swarm_logic/lib/python3.12/site-packages:/home/mikks/crazyflie_mapping_demo/ros2_ws/install/crazyflie_sim/lib/python3.12/site-packages:/home/mikks/crazyflie_mapping_demo/ros2_ws/install/crazyflie_ros2_multiranger_wall_following/lib/python3.12/site-packages:/home/mikks/crazyflie_mapping_demo/ros2_ws/install/crazyflie_ros2_multiranger_simple_mapper/lib/python3.12/site-packages:/home/mikks/crazyflie_mapping_demo/ros2_ws/install/crazyflie_examples/lib/python3.12/site-packages:/home/mikks/crazyflie_mapping_demo/ros2_ws/install/crazyflie_py/lib/python3.12/site-packages:/home/mikks/crazyflie_mapping_demo/ros2_ws/install/crazyflie_interfaces/lib/python3.12/site-packages:/home/mikks/crazyflie_mapping_demo/ros2_ws/install/cooperative_target_centric_formation/lib/python3.12/site-packages:/home/mikks/crazyflie_mapping_demo/ros2_ws/install/containment_using_agent_information/lib/python3.12/site-packages:/home/mikks/crazyflie_mapping_demo/ros2_ws/install/consensus_for_double_integrator/lib/python3.12/site-packages:/home/mikks/crazyflie_mapping_demo/ros2_ws/install/consensus_alignment/lib/python3.12/site-packages:/home/mikks/crazyflie_mapping_demo/ros2_ws/install/binary_consensus/lib/python3.12/site-packages:/home/mikks/crazyflie_mapping_demo/ros2_ws/install/Second_Order_Min_Consensus_for_Heterogeneous_Agents/lib/python3.12/site-packages:/home/mikks/crazyflie_mapping_demo/ros2_ws/install/BinaryContainmentChain/lib/python3.12/site-packages:/opt/ros/jazzy/lib/python3.12/site-packages /usr/bin/cmake --install /home/mikks/ros2_px4_ws/build/example_mode_goto_global_cpp
[3.906s] Level 1:colcon.colcon_core.environment:checking '/home/mikks/ros2_px4_ws/install/example_mode_goto_global_cpp' for CMake config files
[3.908s] Level 1:colcon.colcon_core.shell:create_environment_hook('example_mode_goto_global_cpp', 'cmake_prefix_path')
[3.909s] INFO:colcon.colcon_core.shell:Creating environment hook '/home/mikks/ros2_px4_ws/install/example_mode_goto_global_cpp/share/example_mode_goto_global_cpp/hook/cmake_prefix_path.ps1'
[3.910s] INFO:colcon.colcon_core.shell:Creating environment descriptor '/home/mikks/ros2_px4_ws/install/example_mode_goto_global_cpp/share/example_mode_goto_global_cpp/hook/cmake_prefix_path.dsv'
[3.910s] INFO:colcon.colcon_core.shell:Creating environment hook '/home/mikks/ros2_px4_ws/install/example_mode_goto_global_cpp/share/example_mode_goto_global_cpp/hook/cmake_prefix_path.sh'
[3.911s] Level 1:colcon.colcon_core.environment:checking '/home/mikks/ros2_px4_ws/install/example_mode_goto_global_cpp/lib'
[3.911s] Level 1:colcon.colcon_core.environment:checking '/home/mikks/ros2_px4_ws/install/example_mode_goto_global_cpp/bin'
[3.911s] Level 1:colcon.colcon_core.environment:checking '/home/mikks/ros2_px4_ws/install/example_mode_goto_global_cpp/lib/pkgconfig/example_mode_goto_global_cpp.pc'
[3.911s] Level 1:colcon.colcon_core.environment:checking '/home/mikks/ros2_px4_ws/install/example_mode_goto_global_cpp/lib/python3.12/site-packages'
[3.911s] Level 1:colcon.colcon_core.environment:checking '/home/mikks/ros2_px4_ws/install/example_mode_goto_global_cpp/bin'
[3.912s] INFO:colcon.colcon_core.shell:Creating package script '/home/mikks/ros2_px4_ws/install/example_mode_goto_global_cpp/share/example_mode_goto_global_cpp/package.ps1'
[3.912s] INFO:colcon.colcon_core.shell:Creating package descriptor '/home/mikks/ros2_px4_ws/install/example_mode_goto_global_cpp/share/example_mode_goto_global_cpp/package.dsv'
[3.912s] INFO:colcon.colcon_core.shell:Creating package script '/home/mikks/ros2_px4_ws/install/example_mode_goto_global_cpp/share/example_mode_goto_global_cpp/package.sh'
[3.913s] INFO:colcon.colcon_core.shell:Creating package script '/home/mikks/ros2_px4_ws/install/example_mode_goto_global_cpp/share/example_mode_goto_global_cpp/package.bash'
[3.913s] INFO:colcon.colcon_core.shell:Creating package script '/home/mikks/ros2_px4_ws/install/example_mode_goto_global_cpp/share/example_mode_goto_global_cpp/package.zsh'
[3.914s] Level 1:colcon.colcon_core.environment:create_file_with_runtime_dependencies(/home/mikks/ros2_px4_ws/install/example_mode_goto_global_cpp/share/colcon-core/packages/example_mode_goto_global_cpp)
[3.914s] Level 1:colcon.colcon_core.environment:create_environment_scripts_only(example_mode_goto_global_cpp)
[3.914s] Level 1:colcon.colcon_core.environment:checking '/home/mikks/ros2_px4_ws/install/example_mode_goto_global_cpp' for CMake module files
[3.915s] Level 1:colcon.colcon_core.environment:checking '/home/mikks/ros2_px4_ws/install/example_mode_goto_global_cpp' for CMake config files
[3.915s] Level 1:colcon.colcon_core.shell:create_environment_hook('example_mode_goto_global_cpp', 'cmake_prefix_path')
[3.915s] INFO:colcon.colcon_core.shell:Creating environment hook '/home/mikks/ros2_px4_ws/install/example_mode_goto_global_cpp/share/example_mode_goto_global_cpp/hook/cmake_prefix_path.ps1'
[3.916s] INFO:colcon.colcon_core.shell:Creating environment descriptor '/home/mikks/ros2_px4_ws/install/example_mode_goto_global_cpp/share/example_mode_goto_global_cpp/hook/cmake_prefix_path.dsv'
[3.916s] INFO:colcon.colcon_core.shell:Creating environment hook '/home/mikks/ros2_px4_ws/install/example_mode_goto_global_cpp/share/example_mode_goto_global_cpp/hook/cmake_prefix_path.sh'
[3.917s] Level 1:colcon.colcon_core.environment:checking '/home/mikks/ros2_px4_ws/install/example_mode_goto_global_cpp/lib'
[3.917s] Level 1:colcon.colcon_core.environment:checking '/home/mikks/ros2_px4_ws/install/example_mode_goto_global_cpp/bin'
[3.917s] Level 1:colcon.colcon_core.environment:checking '/home/mikks/ros2_px4_ws/install/example_mode_goto_global_cpp/lib/pkgconfig/example_mode_goto_global_cpp.pc'
[3.917s] Level 1:colcon.colcon_core.environment:checking '/home/mikks/ros2_px4_ws/install/example_mode_goto_global_cpp/lib/python3.12/site-packages'
[3.917s] Level 1:colcon.colcon_core.environment:checking '/home/mikks/ros2_px4_ws/install/example_mode_goto_global_cpp/bin'
[3.917s] INFO:colcon.colcon_core.shell:Creating package script '/home/mikks/ros2_px4_ws/install/example_mode_goto_global_cpp/share/example_mode_goto_global_cpp/package.ps1'
[3.918s] INFO:colcon.colcon_core.shell:Creating package descriptor '/home/mikks/ros2_px4_ws/install/example_mode_goto_global_cpp/share/example_mode_goto_global_cpp/package.dsv'
[3.919s] INFO:colcon.colcon_core.shell:Creating package script '/home/mikks/ros2_px4_ws/install/example_mode_goto_global_cpp/share/example_mode_goto_global_cpp/package.sh'
[3.919s] INFO:colcon.colcon_core.shell:Creating package script '/home/mikks/ros2_px4_ws/install/example_mode_goto_global_cpp/share/example_mode_goto_global_cpp/package.bash'
[3.919s] INFO:colcon.colcon_core.shell:Creating package script '/home/mikks/ros2_px4_ws/install/example_mode_goto_global_cpp/share/example_mode_goto_global_cpp/package.zsh'
[3.920s] Level 1:colcon.colcon_core.environment:create_file_with_runtime_dependencies(/home/mikks/ros2_px4_ws/install/example_mode_goto_global_cpp/share/colcon-core/packages/example_mode_goto_global_cpp)
[3.920s] Level 1:colcon.colcon_core.environment:create_environment_scripts_only(example_local_navigation_cpp)
[3.920s] Level 1:colcon.colcon_core.environment:checking '/home/mikks/ros2_px4_ws/install/example_local_navigation_cpp' for CMake module files
[3.922s] Level 1:colcon.colcon_core.environment:checking '/home/mikks/ros2_px4_ws/install/example_local_navigation_cpp' for CMake config files
[3.922s] DEBUG:colcon.colcon_core.event_handler.log_command:Invoked command in '/home/mikks/ros2_px4_ws/build/example_local_navigation_cpp' returned '0': CMAKE_PREFIX_PATH=/home/mikks/ros2_px4_ws/install/px4_ros2_cpp:/home/mikks/ros2_px4_ws/install/px4_msgs:/home/mikks/ros2_px4_ws/install/px4_ros_com:/home/mikks/ros2_px4_ws/install/px4_ros2_py:/home/mikks/ros2_px4_ws/install/example_rover_velocity_mode_cpp:/home/mikks/ros2_px4_ws/install/example_mode_with_executor_cpp:/home/mikks/ros2_px4_ws/install/example_mode_vtol_cpp:/home/mikks/ros2_px4_ws/install/example_mode_rtl_replacement_cpp:/home/mikks/ros2_px4_ws/install/example_mode_mission_cpp:/home/mikks/ros2_px4_ws/install/example_mode_manual_cpp:/home/mikks/ros2_px4_ws/install/example_mode_goto_global_cpp:/home/mikks/ros2_px4_ws/install/example_mode_goto_cpp:/home/mikks/ros2_px4_ws/install/example_mode_fw_attitude_cpp:/home/mikks/ros2_px4_ws/install/example_local_navigation_cpp:/home/mikks/ros2_px4_ws/install/example_global_navigation_cpp:/home/mikks/ros2_px4_ws/install/example_executor_with_multiple_modes_cpp:/home/mikks/crazyflie_mapping_demo/ros2_ws/install/crazyflie_ros2_multiranger_bringup:/home/mikks/crazyflie_mapping_demo/ros2_ws/install/ros_gz_crazyflie_bringup:/home/mikks/crazyflie_mapping_demo/ros2_ws/install/ros_gz_crazyflie_gazebo:/home/mikks/crazyflie_mapping_demo/ros2_ws/install/crazyflie_sim:/home/mikks/crazyflie_mapping_demo/ros2_ws/install/crazyflie_examples:/home/mikks/crazyflie_mapping_demo/ros2_ws/install/crazyflie:/home/mikks/crazyflie_mapping_demo/ros2_ws/install/crazyflie_interfaces:/opt/ros/jazzy/opt/gz_sim_vendor:/opt/ros/jazzy/opt/gz_sensors_vendor:/opt/ros/jazzy/opt/gz_physics_vendor:/opt/ros/jazzy/opt/sdformat_vendor:/opt/ros/jazzy/opt/gz_gui_vendor:/opt/ros/jazzy/opt/gz_transport_vendor:/opt/ros/jazzy/opt/gz_rendering_vendor:/opt/ros/jazzy/opt/gz_plugin_vendor:/opt/ros/jazzy/opt/gz_fuel_tools_vendor:/opt/ros/jazzy/opt/gz_msgs_vendor:/opt/ros/jazzy/opt/gz_common_vendor:/opt/ros/jazzy/opt/gz_math_vendor:/opt/ros/jazzy/opt/gz_utils_vendor:/opt/ros/jazzy/opt/gz_tools_vendor:/opt/ros/jazzy/opt/gz_ogre_next_vendor:/opt/ros/jazzy/opt/gz_dartsim_vendor:/opt/ros/jazzy/opt/gz_cmake_vendor:/home/mikks/ros2_px4_ws/install/x500_hover_controller:/home/mikks/ros2_px4_ws/install/example_mode_with_rclpy_py:/home/mikks/ros2_px4_ws/install/example_mode_goto_py:/home/mikks/ros2_px4_ws/install/px4_actuator_ctrl:/home/mikks/ros2_ws/install/rover_desc_description:/home/mikks/ros2_ws/install/px4_actuator_ctrl:/home/mikks/ros2_ws/install/mine_rover_description:/home/mikks/ros2_ws/install/ZerionURDFV5cp_description:/home/mikks/crazyflie_mapping_demo/ros2_ws/install/velocity_free_consensus:/home/mikks/crazyflie_mapping_demo/ros2_ws/install/stepwise_lowpos:/home/mikks/crazyflie_mapping_demo/ros2_ws/install/step_wise_lowpos:/home/mikks/crazyflie_mapping_demo/ros2_ws/install/second_order_formation_control:/home/mikks/crazyflie_mapping_demo/ros2_ws/install/ros_gz_crazyflie_control:/home/mikks/crazyflie_mapping_demo/ros2_ws/install/mixed_fractional_consensus:/home/mikks/crazyflie_mapping_demo/ros2_ws/install/lowest_pos:/home/mikks/crazyflie_mapping_demo/ros2_ws/install/linear_consensus:/home/mikks/crazyflie_mapping_demo/ros2_ws/install/highest_pos:/home/mikks/crazyflie_mapping_demo/ros2_ws/install/fractional_consensus_alpha:/home/mikks/crazyflie_mapping_demo/ros2_ws/install/event_triggered_swarm:/home/mikks/crazyflie_mapping_demo/ros2_ws/install/drone_logger:/home/mikks/crazyflie_mapping_demo/ros2_ws/install/distributed_average_tracking:/home/mikks/crazyflie_mapping_demo/ros2_ws/install/crazyflie_swarm_logic:/home/mikks/crazyflie_mapping_demo/ros2_ws/install/crazyflie_ros2_multiranger_wall_following:/home/mikks/crazyflie_mapping_demo/ros2_ws/install/crazyflie_ros2_multiranger_simple_mapper:/home/mikks/crazyflie_mapping_demo/ros2_ws/install/crazyflie_py:/home/mikks/crazyflie_mapping_demo/ros2_ws/install/cooperative_target_centric_formation:/home/mikks/crazyflie_mapping_demo/ros2_ws/install/containment_using_agent_information:/home/mikks/crazyflie_mapping_demo/ros2_ws/install/consensus_for_double_integrator:/home/mikks/crazyflie_mapping_demo/ros2_ws/install/consensus_alignment:/home/mikks/crazyflie_mapping_demo/ros2_ws/install/binary_consensus:/home/mikks/crazyflie_mapping_demo/ros2_ws/install/Second_Order_Min_Consensus_for_Heterogeneous_Agents:/home/mikks/crazyflie_mapping_demo/ros2_ws/install/BinaryContainmentChain:/opt/ros/jazzy DEBUGINFOD_URLS=https://debuginfod.ubuntu.com LD_LIBRARY_PATH=/home/mikks/ros2_px4_ws/install/px4_ros2_cpp/lib:/home/mikks/ros2_px4_ws/install/px4_msgs/lib:/home/mikks/ros2_px4_ws/install/px4_ros_com/lib:/home/mikks/NatNet_SDK_4.3_ubuntu/lib:/home/mikks/crazyflie_mapping_demo/ros2_ws/install/crazyflie_interfaces/lib:/opt/ros/jazzy/opt/gz_sim_vendor/lib:/opt/ros/jazzy/opt/gz_sensors_vendor/lib:/opt/ros/jazzy/opt/gz_physics_vendor/lib:/opt/ros/jazzy/opt/sdformat_vendor/lib:/opt/ros/jazzy/opt/rviz_ogre_vendor/lib:/opt/ros/jazzy/lib/x86_64-linux-gnu:/opt/ros/jazzy/opt/gz_gui_vendor/lib:/opt/ros/jazzy/opt/gz_transport_vendor/lib:/opt/ros/jazzy/opt/gz_rendering_vendor/lib:/opt/ros/jazzy/opt/gz_plugin_vendor/lib:/opt/ros/jazzy/opt/gz_fuel_tools_vendor/lib:/opt/ros/jazzy/opt/gz_msgs_vendor/lib:/opt/ros/jazzy/opt/gz_common_vendor/lib:/opt/ros/jazzy/opt/gz_math_vendor/lib:/opt/ros/jazzy/opt/gz_utils_vendor/lib:/opt/ros/jazzy/opt/gz_tools_vendor/lib:/opt/ros/jazzy/opt/gz_ogre_next_vendor/lib:/opt/ros/jazzy/opt/gz_dartsim_vendor/lib:/opt/ros/jazzy/opt/gz_cmake_vendor/lib:/opt/ros/jazzy/lib PYTHONPATH=/home/mikks/ros2_px4_ws/install/px4_msgs/lib/python3.12/site-packages:/home/mikks/ros2_px4_ws/build/x500_hover_controller:/home/mikks/ros2_px4_ws/install/x500_hover_controller/lib/python3.12/site-packages:/home/mikks/ros2_px4_ws/install/px4_ros_com/lib/python3.12/site-packages:/home/mikks/ros2_px4_ws/build/example_mode_with_rclpy_py:/home/mikks/ros2_px4_ws/install/example_mode_with_rclpy_py/lib/python3.12/site-packages:/home/mikks/ros2_px4_ws/build/example_mode_goto_py:/home/mikks/ros2_px4_ws/install/example_mode_goto_py/lib/python3.12/site-packages:/home/mikks/ros2_px4_ws/install/px4_ros2_py/lib/python3.12/site-packages:/home/mikks/ros2_px4_ws/build/px4_actuator_ctrl:/home/mikks/ros2_px4_ws/install/px4_actuator_ctrl/lib/python3.12/site-packages:/home/mikks/ros2_ws/build/rover_desc_description:/home/mikks/ros2_ws/install/rover_desc_description/lib/python3.12/site-packages:/home/mikks/ros2_ws/install/px4_actuator_ctrl/lib/python3.12/site-packages:/home/mikks/ros2_ws/build/mine_rover_description:/home/mikks/ros2_ws/install/mine_rover_description/lib/python3.12/site-packages:/home/mikks/ros2_ws/build/ZerionURDFV5cp_description:/home/mikks/ros2_ws/install/ZerionURDFV5cp_description/lib/python3.12/site-packages:/home/mikks/crazyflie_mapping_demo/ros2_ws/install/velocity_free_consensus/lib/python3.12/site-packages:/home/mikks/crazyflie_mapping_demo/ros2_ws/install/stepwise_lowpos/lib/python3.12/site-packages:/home/mikks/crazyflie_mapping_demo/ros2_ws/install/step_wise_lowpos/lib/python3.12/site-packages:/home/mikks/crazyflie_mapping_demo/ros2_ws/install/second_order_formation_control/lib/python3.12/site-packages:/home/mikks/crazyflie_mapping_demo/ros2_ws/install/ros_gz_crazyflie_control/lib/python3.12/site-packages:/home/mikks/crazyflie_mapping_demo/ros2_ws/install/mixed_fractional_consensus/lib/python3.12/site-packages:/home/mikks/crazyflie_mapping_demo/ros2_ws/install/lowest_pos/lib/python3.12/site-packages:/home/mikks/crazyflie_mapping_demo/ros2_ws/install/linear_consensus/lib/python3.12/site-packages:/home/mikks/crazyflie_mapping_demo/ros2_ws/install/highest_pos/lib/python3.12/site-packages:/home/mikks/crazyflie_mapping_demo/ros2_ws/install/fractional_consensus_alpha/lib/python3.12/site-packages:/home/mikks/crazyflie_mapping_demo/ros2_ws/install/event_triggered_swarm/lib/python3.12/site-packages:/home/mikks/crazyflie_mapping_demo/ros2_ws/install/drone_logger/lib/python3.12/site-packages:/home/mikks/crazyflie_mapping_demo/ros2_ws/install/distributed_average_tracking/lib/python3.12/site-packages:/home/mikks/crazyflie_mapping_demo/ros2_ws/install/crazyflie_swarm_logic/lib/python3.12/site-packages:/home/mikks/crazyflie_mapping_demo/ros2_ws/install/crazyflie_sim/lib/python3.12/site-packages:/home/mikks/crazyflie_mapping_demo/ros2_ws/install/crazyflie_ros2_multiranger_wall_following/lib/python3.12/site-packages:/home/mikks/crazyflie_mapping_demo/ros2_ws/install/crazyflie_ros2_multiranger_simple_mapper/lib/python3.12/site-packages:/home/mikks/crazyflie_mapping_demo/ros2_ws/install/crazyflie_examples/lib/python3.12/site-packages:/home/mikks/crazyflie_mapping_demo/ros2_ws/install/crazyflie_py/lib/python3.12/site-packages:/home/mikks/crazyflie_mapping_demo/ros2_ws/install/crazyflie_interfaces/lib/python3.12/site-packages:/home/mikks/crazyflie_mapping_demo/ros2_ws/install/cooperative_target_centric_formation/lib/python3.12/site-packages:/home/mikks/crazyflie_mapping_demo/ros2_ws/install/containment_using_agent_information/lib/python3.12/site-packages:/home/mikks/crazyflie_mapping_demo/ros2_ws/install/consensus_for_double_integrator/lib/python3.12/site-packages:/home/mikks/crazyflie_mapping_demo/ros2_ws/install/consensus_alignment/lib/python3.12/site-packages:/home/mikks/crazyflie_mapping_demo/ros2_ws/install/binary_consensus/lib/python3.12/site-packages:/home/mikks/crazyflie_mapping_demo/ros2_ws/install/Second_Order_Min_Consensus_for_Heterogeneous_Agents/lib/python3.12/site-packages:/home/mikks/crazyflie_mapping_demo/ros2_ws/install/BinaryContainmentChain/lib/python3.12/site-packages:/opt/ros/jazzy/lib/python3.12/site-packages /usr/bin/cmake --install /home/mikks/ros2_px4_ws/build/example_local_navigation_cpp
[3.922s] Level 1:colcon.colcon_core.shell:create_environment_hook('example_local_navigation_cpp', 'cmake_prefix_path')
[3.922s] INFO:colcon.colcon_core.shell:Creating environment hook '/home/mikks/ros2_px4_ws/install/example_local_navigation_cpp/share/example_local_navigation_cpp/hook/cmake_prefix_path.ps1'
[3.923s] INFO:colcon.colcon_core.shell:Creating environment descriptor '/home/mikks/ros2_px4_ws/install/example_local_navigation_cpp/share/example_local_navigation_cpp/hook/cmake_prefix_path.dsv'
[3.923s] INFO:colcon.colcon_core.shell:Creating environment hook '/home/mikks/ros2_px4_ws/install/example_local_navigation_cpp/share/example_local_navigation_cpp/hook/cmake_prefix_path.sh'
[3.924s] Level 1:colcon.colcon_core.environment:checking '/home/mikks/ros2_px4_ws/install/example_local_navigation_cpp/lib'
[3.924s] Level 1:colcon.colcon_core.environment:checking '/home/mikks/ros2_px4_ws/install/example_local_navigation_cpp/bin'
[3.924s] Level 1:colcon.colcon_core.environment:checking '/home/mikks/ros2_px4_ws/install/example_local_navigation_cpp/lib/pkgconfig/example_local_navigation_cpp.pc'
[3.925s] Level 1:colcon.colcon_core.environment:checking '/home/mikks/ros2_px4_ws/install/example_local_navigation_cpp/lib/python3.12/site-packages'
[3.925s] Level 1:colcon.colcon_core.environment:checking '/home/mikks/ros2_px4_ws/install/example_local_navigation_cpp/bin'
[3.925s] INFO:colcon.colcon_core.shell:Creating package script '/home/mikks/ros2_px4_ws/install/example_local_navigation_cpp/share/example_local_navigation_cpp/package.ps1'
[3.926s] INFO:colcon.colcon_core.shell:Creating package descriptor '/home/mikks/ros2_px4_ws/install/example_local_navigation_cpp/share/example_local_navigation_cpp/package.dsv'
[3.927s] INFO:colcon.colcon_core.shell:Creating package script '/home/mikks/ros2_px4_ws/install/example_local_navigation_cpp/share/example_local_navigation_cpp/package.sh'
[3.927s] INFO:colcon.colcon_core.shell:Creating package script '/home/mikks/ros2_px4_ws/install/example_local_navigation_cpp/share/example_local_navigation_cpp/package.bash'
[3.928s] INFO:colcon.colcon_core.shell:Creating package script '/home/mikks/ros2_px4_ws/install/example_local_navigation_cpp/share/example_local_navigation_cpp/package.zsh'
[3.928s] Level 1:colcon.colcon_core.environment:create_file_with_runtime_dependencies(/home/mikks/ros2_px4_ws/install/example_local_navigation_cpp/share/colcon-core/packages/example_local_navigation_cpp)
[3.929s] Level 1:colcon.colcon_core.environment:create_environment_scripts_only(example_local_navigation_cpp)
[3.929s] Level 1:colcon.colcon_core.environment:checking '/home/mikks/ros2_px4_ws/install/example_local_navigation_cpp' for CMake module files
[3.930s] Level 1:colcon.colcon_core.environment:checking '/home/mikks/ros2_px4_ws/install/example_local_navigation_cpp' for CMake config files
[3.930s] Level 1:colcon.colcon_core.shell:create_environment_hook('example_local_navigation_cpp', 'cmake_prefix_path')
[3.931s] INFO:colcon.colcon_core.shell:Creating environment hook '/home/mikks/ros2_px4_ws/install/example_local_navigation_cpp/share/example_local_navigation_cpp/hook/cmake_prefix_path.ps1'
[3.931s] INFO:colcon.colcon_core.shell:Creating environment descriptor '/home/mikks/ros2_px4_ws/install/example_local_navigation_cpp/share/example_local_navigation_cpp/hook/cmake_prefix_path.dsv'
[3.932s] INFO:colcon.colcon_core.shell:Creating environment hook '/home/mikks/ros2_px4_ws/install/example_local_navigation_cpp/share/example_local_navigation_cpp/hook/cmake_prefix_path.sh'
[3.933s] Level 1:colcon.colcon_core.environment:checking '/home/mikks/ros2_px4_ws/install/example_local_navigation_cpp/lib'
[3.933s] Level 1:colcon.colcon_core.environment:checking '/home/mikks/ros2_px4_ws/install/example_local_navigation_cpp/bin'
[3.933s] Level 1:colcon.colcon_core.environment:checking '/home/mikks/ros2_px4_ws/install/example_local_navigation_cpp/lib/pkgconfig/example_local_navigation_cpp.pc'
[3.933s] Level 1:colcon.colcon_core.environment:checking '/home/mikks/ros2_px4_ws/install/example_local_navigation_cpp/lib/python3.12/site-packages'
[3.933s] Level 1:colcon.colcon_core.environment:checking '/home/mikks/ros2_px4_ws/install/example_local_navigation_cpp/bin'
[3.934s] INFO:colcon.colcon_core.shell:Creating package script '/home/mikks/ros2_px4_ws/install/example_local_navigation_cpp/share/example_local_navigation_cpp/package.ps1'
[3.935s] INFO:colcon.colcon_core.shell:Creating package descriptor '/home/mikks/ros2_px4_ws/install/example_local_navigation_cpp/share/example_local_navigation_cpp/package.dsv'
[3.936s] INFO:colcon.colcon_core.shell:Creating package script '/home/mikks/ros2_px4_ws/install/example_local_navigation_cpp/share/example_local_navigation_cpp/package.sh'
[3.936s] INFO:colcon.colcon_core.shell:Creating package script '/home/mikks/ros2_px4_ws/install/example_local_navigation_cpp/share/example_local_navigation_cpp/package.bash'
[3.937s] INFO:colcon.colcon_core.shell:Creating package script '/home/mikks/ros2_px4_ws/install/example_local_navigation_cpp/share/example_local_navigation_cpp/package.zsh'
[3.937s] Level 1:colcon.colcon_core.environment:create_file_with_runtime_dependencies(/home/mikks/ros2_px4_ws/install/example_local_navigation_cpp/share/colcon-core/packages/example_local_navigation_cpp)
[3.939s] Level 1:colcon.colcon_core.environment:create_environment_scripts_only(example_mode_goto_cpp)
[3.940s] DEBUG:colcon.colcon_core.event_handler.log_command:Invoked command in '/home/mikks/ros2_px4_ws/build/example_mode_mission_cpp' returned '0': CMAKE_PREFIX_PATH=/home/mikks/ros2_px4_ws/install/px4_ros2_cpp:/home/mikks/ros2_px4_ws/install/px4_msgs:/home/mikks/ros2_px4_ws/install/px4_ros_com:/home/mikks/ros2_px4_ws/install/px4_ros2_py:/home/mikks/ros2_px4_ws/install/example_rover_velocity_mode_cpp:/home/mikks/ros2_px4_ws/install/example_mode_with_executor_cpp:/home/mikks/ros2_px4_ws/install/example_mode_vtol_cpp:/home/mikks/ros2_px4_ws/install/example_mode_rtl_replacement_cpp:/home/mikks/ros2_px4_ws/install/example_mode_mission_cpp:/home/mikks/ros2_px4_ws/install/example_mode_manual_cpp:/home/mikks/ros2_px4_ws/install/example_mode_goto_global_cpp:/home/mikks/ros2_px4_ws/install/example_mode_goto_cpp:/home/mikks/ros2_px4_ws/install/example_mode_fw_attitude_cpp:/home/mikks/ros2_px4_ws/install/example_local_navigation_cpp:/home/mikks/ros2_px4_ws/install/example_global_navigation_cpp:/home/mikks/ros2_px4_ws/install/example_executor_with_multiple_modes_cpp:/home/mikks/crazyflie_mapping_demo/ros2_ws/install/crazyflie_ros2_multiranger_bringup:/home/mikks/crazyflie_mapping_demo/ros2_ws/install/ros_gz_crazyflie_bringup:/home/mikks/crazyflie_mapping_demo/ros2_ws/install/ros_gz_crazyflie_gazebo:/home/mikks/crazyflie_mapping_demo/ros2_ws/install/crazyflie_sim:/home/mikks/crazyflie_mapping_demo/ros2_ws/install/crazyflie_examples:/home/mikks/crazyflie_mapping_demo/ros2_ws/install/crazyflie:/home/mikks/crazyflie_mapping_demo/ros2_ws/install/crazyflie_interfaces:/opt/ros/jazzy/opt/gz_sim_vendor:/opt/ros/jazzy/opt/gz_sensors_vendor:/opt/ros/jazzy/opt/gz_physics_vendor:/opt/ros/jazzy/opt/sdformat_vendor:/opt/ros/jazzy/opt/gz_gui_vendor:/opt/ros/jazzy/opt/gz_transport_vendor:/opt/ros/jazzy/opt/gz_rendering_vendor:/opt/ros/jazzy/opt/gz_plugin_vendor:/opt/ros/jazzy/opt/gz_fuel_tools_vendor:/opt/ros/jazzy/opt/gz_msgs_vendor:/opt/ros/jazzy/opt/gz_common_vendor:/opt/ros/jazzy/opt/gz_math_vendor:/opt/ros/jazzy/opt/gz_utils_vendor:/opt/ros/jazzy/opt/gz_tools_vendor:/opt/ros/jazzy/opt/gz_ogre_next_vendor:/opt/ros/jazzy/opt/gz_dartsim_vendor:/opt/ros/jazzy/opt/gz_cmake_vendor:/home/mikks/ros2_px4_ws/install/x500_hover_controller:/home/mikks/ros2_px4_ws/install/example_mode_with_rclpy_py:/home/mikks/ros2_px4_ws/install/example_mode_goto_py:/home/mikks/ros2_px4_ws/install/px4_actuator_ctrl:/home/mikks/ros2_ws/install/rover_desc_description:/home/mikks/ros2_ws/install/px4_actuator_ctrl:/home/mikks/ros2_ws/install/mine_rover_description:/home/mikks/ros2_ws/install/ZerionURDFV5cp_description:/home/mikks/crazyflie_mapping_demo/ros2_ws/install/velocity_free_consensus:/home/mikks/crazyflie_mapping_demo/ros2_ws/install/stepwise_lowpos:/home/mikks/crazyflie_mapping_demo/ros2_ws/install/step_wise_lowpos:/home/mikks/crazyflie_mapping_demo/ros2_ws/install/second_order_formation_control:/home/mikks/crazyflie_mapping_demo/ros2_ws/install/ros_gz_crazyflie_control:/home/mikks/crazyflie_mapping_demo/ros2_ws/install/mixed_fractional_consensus:/home/mikks/crazyflie_mapping_demo/ros2_ws/install/lowest_pos:/home/mikks/crazyflie_mapping_demo/ros2_ws/install/linear_consensus:/home/mikks/crazyflie_mapping_demo/ros2_ws/install/highest_pos:/home/mikks/crazyflie_mapping_demo/ros2_ws/install/fractional_consensus_alpha:/home/mikks/crazyflie_mapping_demo/ros2_ws/install/event_triggered_swarm:/home/mikks/crazyflie_mapping_demo/ros2_ws/install/drone_logger:/home/mikks/crazyflie_mapping_demo/ros2_ws/install/distributed_average_tracking:/home/mikks/crazyflie_mapping_demo/ros2_ws/install/crazyflie_swarm_logic:/home/mikks/crazyflie_mapping_demo/ros2_ws/install/crazyflie_ros2_multiranger_wall_following:/home/mikks/crazyflie_mapping_demo/ros2_ws/install/crazyflie_ros2_multiranger_simple_mapper:/home/mikks/crazyflie_mapping_demo/ros2_ws/install/crazyflie_py:/home/mikks/crazyflie_mapping_demo/ros2_ws/install/cooperative_target_centric_formation:/home/mikks/crazyflie_mapping_demo/ros2_ws/install/containment_using_agent_information:/home/mikks/crazyflie_mapping_demo/ros2_ws/install/consensus_for_double_integrator:/home/mikks/crazyflie_mapping_demo/ros2_ws/install/consensus_alignment:/home/mikks/crazyflie_mapping_demo/ros2_ws/install/binary_consensus:/home/mikks/crazyflie_mapping_demo/ros2_ws/install/Second_Order_Min_Consensus_for_Heterogeneous_Agents:/home/mikks/crazyflie_mapping_demo/ros2_ws/install/BinaryContainmentChain:/opt/ros/jazzy DEBUGINFOD_URLS=https://debuginfod.ubuntu.com LD_LIBRARY_PATH=/home/mikks/ros2_px4_ws/install/px4_ros2_cpp/lib:/home/mikks/ros2_px4_ws/install/px4_msgs/lib:/home/mikks/ros2_px4_ws/install/px4_ros_com/lib:/home/mikks/NatNet_SDK_4.3_ubuntu/lib:/home/mikks/crazyflie_mapping_demo/ros2_ws/install/crazyflie_interfaces/lib:/opt/ros/jazzy/opt/gz_sim_vendor/lib:/opt/ros/jazzy/opt/gz_sensors_vendor/lib:/opt/ros/jazzy/opt/gz_physics_vendor/lib:/opt/ros/jazzy/opt/sdformat_vendor/lib:/opt/ros/jazzy/opt/rviz_ogre_vendor/lib:/opt/ros/jazzy/lib/x86_64-linux-gnu:/opt/ros/jazzy/opt/gz_gui_vendor/lib:/opt/ros/jazzy/opt/gz_transport_vendor/lib:/opt/ros/jazzy/opt/gz_rendering_vendor/lib:/opt/ros/jazzy/opt/gz_plugin_vendor/lib:/opt/ros/jazzy/opt/gz_fuel_tools_vendor/lib:/opt/ros/jazzy/opt/gz_msgs_vendor/lib:/opt/ros/jazzy/opt/gz_common_vendor/lib:/opt/ros/jazzy/opt/gz_math_vendor/lib:/opt/ros/jazzy/opt/gz_utils_vendor/lib:/opt/ros/jazzy/opt/gz_tools_vendor/lib:/opt/ros/jazzy/opt/gz_ogre_next_vendor/lib:/opt/ros/jazzy/opt/gz_dartsim_vendor/lib:/opt/ros/jazzy/opt/gz_cmake_vendor/lib:/opt/ros/jazzy/lib PYTHONPATH=/home/mikks/ros2_px4_ws/install/px4_msgs/lib/python3.12/site-packages:/home/mikks/ros2_px4_ws/build/x500_hover_controller:/home/mikks/ros2_px4_ws/install/x500_hover_controller/lib/python3.12/site-packages:/home/mikks/ros2_px4_ws/install/px4_ros_com/lib/python3.12/site-packages:/home/mikks/ros2_px4_ws/build/example_mode_with_rclpy_py:/home/mikks/ros2_px4_ws/install/example_mode_with_rclpy_py/lib/python3.12/site-packages:/home/mikks/ros2_px4_ws/build/example_mode_goto_py:/home/mikks/ros2_px4_ws/install/example_mode_goto_py/lib/python3.12/site-packages:/home/mikks/ros2_px4_ws/install/px4_ros2_py/lib/python3.12/site-packages:/home/mikks/ros2_px4_ws/build/px4_actuator_ctrl:/home/mikks/ros2_px4_ws/install/px4_actuator_ctrl/lib/python3.12/site-packages:/home/mikks/ros2_ws/build/rover_desc_description:/home/mikks/ros2_ws/install/rover_desc_description/lib/python3.12/site-packages:/home/mikks/ros2_ws/install/px4_actuator_ctrl/lib/python3.12/site-packages:/home/mikks/ros2_ws/build/mine_rover_description:/home/mikks/ros2_ws/install/mine_rover_description/lib/python3.12/site-packages:/home/mikks/ros2_ws/build/ZerionURDFV5cp_description:/home/mikks/ros2_ws/install/ZerionURDFV5cp_description/lib/python3.12/site-packages:/home/mikks/crazyflie_mapping_demo/ros2_ws/install/velocity_free_consensus/lib/python3.12/site-packages:/home/mikks/crazyflie_mapping_demo/ros2_ws/install/stepwise_lowpos/lib/python3.12/site-packages:/home/mikks/crazyflie_mapping_demo/ros2_ws/install/step_wise_lowpos/lib/python3.12/site-packages:/home/mikks/crazyflie_mapping_demo/ros2_ws/install/second_order_formation_control/lib/python3.12/site-packages:/home/mikks/crazyflie_mapping_demo/ros2_ws/install/ros_gz_crazyflie_control/lib/python3.12/site-packages:/home/mikks/crazyflie_mapping_demo/ros2_ws/install/mixed_fractional_consensus/lib/python3.12/site-packages:/home/mikks/crazyflie_mapping_demo/ros2_ws/install/lowest_pos/lib/python3.12/site-packages:/home/mikks/crazyflie_mapping_demo/ros2_ws/install/linear_consensus/lib/python3.12/site-packages:/home/mikks/crazyflie_mapping_demo/ros2_ws/install/highest_pos/lib/python3.12/site-packages:/home/mikks/crazyflie_mapping_demo/ros2_ws/install/fractional_consensus_alpha/lib/python3.12/site-packages:/home/mikks/crazyflie_mapping_demo/ros2_ws/install/event_triggered_swarm/lib/python3.12/site-packages:/home/mikks/crazyflie_mapping_demo/ros2_ws/install/drone_logger/lib/python3.12/site-packages:/home/mikks/crazyflie_mapping_demo/ros2_ws/install/distributed_average_tracking/lib/python3.12/site-packages:/home/mikks/crazyflie_mapping_demo/ros2_ws/install/crazyflie_swarm_logic/lib/python3.12/site-packages:/home/mikks/crazyflie_mapping_demo/ros2_ws/install/crazyflie_sim/lib/python3.12/site-packages:/home/mikks/crazyflie_mapping_demo/ros2_ws/install/crazyflie_ros2_multiranger_wall_following/lib/python3.12/site-packages:/home/mikks/crazyflie_mapping_demo/ros2_ws/install/crazyflie_ros2_multiranger_simple_mapper/lib/python3.12/site-packages:/home/mikks/crazyflie_mapping_demo/ros2_ws/install/crazyflie_examples/lib/python3.12/site-packages:/home/mikks/crazyflie_mapping_demo/ros2_ws/install/crazyflie_py/lib/python3.12/site-packages:/home/mikks/crazyflie_mapping_demo/ros2_ws/install/crazyflie_interfaces/lib/python3.12/site-packages:/home/mikks/crazyflie_mapping_demo/ros2_ws/install/cooperative_target_centric_formation/lib/python3.12/site-packages:/home/mikks/crazyflie_mapping_demo/ros2_ws/install/containment_using_agent_information/lib/python3.12/site-packages:/home/mikks/crazyflie_mapping_demo/ros2_ws/install/consensus_for_double_integrator/lib/python3.12/site-packages:/home/mikks/crazyflie_mapping_demo/ros2_ws/install/consensus_alignment/lib/python3.12/site-packages:/home/mikks/crazyflie_mapping_demo/ros2_ws/install/binary_consensus/lib/python3.12/site-packages:/home/mikks/crazyflie_mapping_demo/ros2_ws/install/Second_Order_Min_Consensus_for_Heterogeneous_Agents/lib/python3.12/site-packages:/home/mikks/crazyflie_mapping_demo/ros2_ws/install/BinaryContainmentChain/lib/python3.12/site-packages:/opt/ros/jazzy/lib/python3.12/site-packages /usr/bin/cmake --build /home/mikks/ros2_px4_ws/build/example_mode_mission_cpp -- -j12 -l12
[3.940s] Level 1:colcon.colcon_core.environment:checking '/home/mikks/ros2_px4_ws/install/example_mode_goto_cpp' for CMake module files
[3.941s] DEBUG:colcon.colcon_core.event_handler.log_command:Invoking command in '/home/mikks/ros2_px4_ws/build/example_mode_mission_cpp': CMAKE_PREFIX_PATH=/home/mikks/ros2_px4_ws/install/px4_ros2_cpp:/home/mikks/ros2_px4_ws/install/px4_msgs:/home/mikks/ros2_px4_ws/install/px4_ros_com:/home/mikks/ros2_px4_ws/install/px4_ros2_py:/home/mikks/ros2_px4_ws/install/example_rover_velocity_mode_cpp:/home/mikks/ros2_px4_ws/install/example_mode_with_executor_cpp:/home/mikks/ros2_px4_ws/install/example_mode_vtol_cpp:/home/mikks/ros2_px4_ws/install/example_mode_rtl_replacement_cpp:/home/mikks/ros2_px4_ws/install/example_mode_mission_cpp:/home/mikks/ros2_px4_ws/install/example_mode_manual_cpp:/home/mikks/ros2_px4_ws/install/example_mode_goto_global_cpp:/home/mikks/ros2_px4_ws/install/example_mode_goto_cpp:/home/mikks/ros2_px4_ws/install/example_mode_fw_attitude_cpp:/home/mikks/ros2_px4_ws/install/example_local_navigation_cpp:/home/mikks/ros2_px4_ws/install/example_global_navigation_cpp:/home/mikks/ros2_px4_ws/install/example_executor_with_multiple_modes_cpp:/home/mikks/crazyflie_mapping_demo/ros2_ws/install/crazyflie_ros2_multiranger_bringup:/home/mikks/crazyflie_mapping_demo/ros2_ws/install/ros_gz_crazyflie_bringup:/home/mikks/crazyflie_mapping_demo/ros2_ws/install/ros_gz_crazyflie_gazebo:/home/mikks/crazyflie_mapping_demo/ros2_ws/install/crazyflie_sim:/home/mikks/crazyflie_mapping_demo/ros2_ws/install/crazyflie_examples:/home/mikks/crazyflie_mapping_demo/ros2_ws/install/crazyflie:/home/mikks/crazyflie_mapping_demo/ros2_ws/install/crazyflie_interfaces:/opt/ros/jazzy/opt/gz_sim_vendor:/opt/ros/jazzy/opt/gz_sensors_vendor:/opt/ros/jazzy/opt/gz_physics_vendor:/opt/ros/jazzy/opt/sdformat_vendor:/opt/ros/jazzy/opt/gz_gui_vendor:/opt/ros/jazzy/opt/gz_transport_vendor:/opt/ros/jazzy/opt/gz_rendering_vendor:/opt/ros/jazzy/opt/gz_plugin_vendor:/opt/ros/jazzy/opt/gz_fuel_tools_vendor:/opt/ros/jazzy/opt/gz_msgs_vendor:/opt/ros/jazzy/opt/gz_common_vendor:/opt/ros/jazzy/opt/gz_math_vendor:/opt/ros/jazzy/opt/gz_utils_vendor:/opt/ros/jazzy/opt/gz_tools_vendor:/opt/ros/jazzy/opt/gz_ogre_next_vendor:/opt/ros/jazzy/opt/gz_dartsim_vendor:/opt/ros/jazzy/opt/gz_cmake_vendor:/home/mikks/ros2_px4_ws/install/x500_hover_controller:/home/mikks/ros2_px4_ws/install/example_mode_with_rclpy_py:/home/mikks/ros2_px4_ws/install/example_mode_goto_py:/home/mikks/ros2_px4_ws/install/px4_actuator_ctrl:/home/mikks/ros2_ws/install/rover_desc_description:/home/mikks/ros2_ws/install/px4_actuator_ctrl:/home/mikks/ros2_ws/install/mine_rover_description:/home/mikks/ros2_ws/install/ZerionURDFV5cp_description:/home/mikks/crazyflie_mapping_demo/ros2_ws/install/velocity_free_consensus:/home/mikks/crazyflie_mapping_demo/ros2_ws/install/stepwise_lowpos:/home/mikks/crazyflie_mapping_demo/ros2_ws/install/step_wise_lowpos:/home/mikks/crazyflie_mapping_demo/ros2_ws/install/second_order_formation_control:/home/mikks/crazyflie_mapping_demo/ros2_ws/install/ros_gz_crazyflie_control:/home/mikks/crazyflie_mapping_demo/ros2_ws/install/mixed_fractional_consensus:/home/mikks/crazyflie_mapping_demo/ros2_ws/install/lowest_pos:/home/mikks/crazyflie_mapping_demo/ros2_ws/install/linear_consensus:/home/mikks/crazyflie_mapping_demo/ros2_ws/install/highest_pos:/home/mikks/crazyflie_mapping_demo/ros2_ws/install/fractional_consensus_alpha:/home/mikks/crazyflie_mapping_demo/ros2_ws/install/event_triggered_swarm:/home/mikks/crazyflie_mapping_demo/ros2_ws/install/drone_logger:/home/mikks/crazyflie_mapping_demo/ros2_ws/install/distributed_average_tracking:/home/mikks/crazyflie_mapping_demo/ros2_ws/install/crazyflie_swarm_logic:/home/mikks/crazyflie_mapping_demo/ros2_ws/install/crazyflie_ros2_multiranger_wall_following:/home/mikks/crazyflie_mapping_demo/ros2_ws/install/crazyflie_ros2_multiranger_simple_mapper:/home/mikks/crazyflie_mapping_demo/ros2_ws/install/crazyflie_py:/home/mikks/crazyflie_mapping_demo/ros2_ws/install/cooperative_target_centric_formation:/home/mikks/crazyflie_mapping_demo/ros2_ws/install/containment_using_agent_information:/home/mikks/crazyflie_mapping_demo/ros2_ws/install/consensus_for_double_integrator:/home/mikks/crazyflie_mapping_demo/ros2_ws/install/consensus_alignment:/home/mikks/crazyflie_mapping_demo/ros2_ws/install/binary_consensus:/home/mikks/crazyflie_mapping_demo/ros2_ws/install/Second_Order_Min_Consensus_for_Heterogeneous_Agents:/home/mikks/crazyflie_mapping_demo/ros2_ws/install/BinaryContainmentChain:/opt/ros/jazzy DEBUGINFOD_URLS=https://debuginfod.ubuntu.com LD_LIBRARY_PATH=/home/mikks/ros2_px4_ws/install/px4_ros2_cpp/lib:/home/mikks/ros2_px4_ws/install/px4_msgs/lib:/home/mikks/ros2_px4_ws/install/px4_ros_com/lib:/home/mikks/NatNet_SDK_4.3_ubuntu/lib:/home/mikks/crazyflie_mapping_demo/ros2_ws/install/crazyflie_interfaces/lib:/opt/ros/jazzy/opt/gz_sim_vendor/lib:/opt/ros/jazzy/opt/gz_sensors_vendor/lib:/opt/ros/jazzy/opt/gz_physics_vendor/lib:/opt/ros/jazzy/opt/sdformat_vendor/lib:/opt/ros/jazzy/opt/rviz_ogre_vendor/lib:/opt/ros/jazzy/lib/x86_64-linux-gnu:/opt/ros/jazzy/opt/gz_gui_vendor/lib:/opt/ros/jazzy/opt/gz_transport_vendor/lib:/opt/ros/jazzy/opt/gz_rendering_vendor/lib:/opt/ros/jazzy/opt/gz_plugin_vendor/lib:/opt/ros/jazzy/opt/gz_fuel_tools_vendor/lib:/opt/ros/jazzy/opt/gz_msgs_vendor/lib:/opt/ros/jazzy/opt/gz_common_vendor/lib:/opt/ros/jazzy/opt/gz_math_vendor/lib:/opt/ros/jazzy/opt/gz_utils_vendor/lib:/opt/ros/jazzy/opt/gz_tools_vendor/lib:/opt/ros/jazzy/opt/gz_ogre_next_vendor/lib:/opt/ros/jazzy/opt/gz_dartsim_vendor/lib:/opt/ros/jazzy/opt/gz_cmake_vendor/lib:/opt/ros/jazzy/lib PYTHONPATH=/home/mikks/ros2_px4_ws/install/px4_msgs/lib/python3.12/site-packages:/home/mikks/ros2_px4_ws/build/x500_hover_controller:/home/mikks/ros2_px4_ws/install/x500_hover_controller/lib/python3.12/site-packages:/home/mikks/ros2_px4_ws/install/px4_ros_com/lib/python3.12/site-packages:/home/mikks/ros2_px4_ws/build/example_mode_with_rclpy_py:/home/mikks/ros2_px4_ws/install/example_mode_with_rclpy_py/lib/python3.12/site-packages:/home/mikks/ros2_px4_ws/build/example_mode_goto_py:/home/mikks/ros2_px4_ws/install/example_mode_goto_py/lib/python3.12/site-packages:/home/mikks/ros2_px4_ws/install/px4_ros2_py/lib/python3.12/site-packages:/home/mikks/ros2_px4_ws/build/px4_actuator_ctrl:/home/mikks/ros2_px4_ws/install/px4_actuator_ctrl/lib/python3.12/site-packages:/home/mikks/ros2_ws/build/rover_desc_description:/home/mikks/ros2_ws/install/rover_desc_description/lib/python3.12/site-packages:/home/mikks/ros2_ws/install/px4_actuator_ctrl/lib/python3.12/site-packages:/home/mikks/ros2_ws/build/mine_rover_description:/home/mikks/ros2_ws/install/mine_rover_description/lib/python3.12/site-packages:/home/mikks/ros2_ws/build/ZerionURDFV5cp_description:/home/mikks/ros2_ws/install/ZerionURDFV5cp_description/lib/python3.12/site-packages:/home/mikks/crazyflie_mapping_demo/ros2_ws/install/velocity_free_consensus/lib/python3.12/site-packages:/home/mikks/crazyflie_mapping_demo/ros2_ws/install/stepwise_lowpos/lib/python3.12/site-packages:/home/mikks/crazyflie_mapping_demo/ros2_ws/install/step_wise_lowpos/lib/python3.12/site-packages:/home/mikks/crazyflie_mapping_demo/ros2_ws/install/second_order_formation_control/lib/python3.12/site-packages:/home/mikks/crazyflie_mapping_demo/ros2_ws/install/ros_gz_crazyflie_control/lib/python3.12/site-packages:/home/mikks/crazyflie_mapping_demo/ros2_ws/install/mixed_fractional_consensus/lib/python3.12/site-packages:/home/mikks/crazyflie_mapping_demo/ros2_ws/install/lowest_pos/lib/python3.12/site-packages:/home/mikks/crazyflie_mapping_demo/ros2_ws/install/linear_consensus/lib/python3.12/site-packages:/home/mikks/crazyflie_mapping_demo/ros2_ws/install/highest_pos/lib/python3.12/site-packages:/home/mikks/crazyflie_mapping_demo/ros2_ws/install/fractional_consensus_alpha/lib/python3.12/site-packages:/home/mikks/crazyflie_mapping_demo/ros2_ws/install/event_triggered_swarm/lib/python3.12/site-packages:/home/mikks/crazyflie_mapping_demo/ros2_ws/install/drone_logger/lib/python3.12/site-packages:/home/mikks/crazyflie_mapping_demo/ros2_ws/install/distributed_average_tracking/lib/python3.12/site-packages:/home/mikks/crazyflie_mapping_demo/ros2_ws/install/crazyflie_swarm_logic/lib/python3.12/site-packages:/home/mikks/crazyflie_mapping_demo/ros2_ws/install/crazyflie_sim/lib/python3.12/site-packages:/home/mikks/crazyflie_mapping_demo/ros2_ws/install/crazyflie_ros2_multiranger_wall_following/lib/python3.12/site-packages:/home/mikks/crazyflie_mapping_demo/ros2_ws/install/crazyflie_ros2_multiranger_simple_mapper/lib/python3.12/site-packages:/home/mikks/crazyflie_mapping_demo/ros2_ws/install/crazyflie_examples/lib/python3.12/site-packages:/home/mikks/crazyflie_mapping_demo/ros2_ws/install/crazyflie_py/lib/python3.12/site-packages:/home/mikks/crazyflie_mapping_demo/ros2_ws/install/crazyflie_interfaces/lib/python3.12/site-packages:/home/mikks/crazyflie_mapping_demo/ros2_ws/install/cooperative_target_centric_formation/lib/python3.12/site-packages:/home/mikks/crazyflie_mapping_demo/ros2_ws/install/containment_using_agent_information/lib/python3.12/site-packages:/home/mikks/crazyflie_mapping_demo/ros2_ws/install/consensus_for_double_integrator/lib/python3.12/site-packages:/home/mikks/crazyflie_mapping_demo/ros2_ws/install/consensus_alignment/lib/python3.12/site-packages:/home/mikks/crazyflie_mapping_demo/ros2_ws/install/binary_consensus/lib/python3.12/site-packages:/home/mikks/crazyflie_mapping_demo/ros2_ws/install/Second_Order_Min_Consensus_for_Heterogeneous_Agents/lib/python3.12/site-packages:/home/mikks/crazyflie_mapping_demo/ros2_ws/install/BinaryContainmentChain/lib/python3.12/site-packages:/opt/ros/jazzy/lib/python3.12/site-packages /usr/bin/cmake --install /home/mikks/ros2_px4_ws/build/example_mode_mission_cpp
[3.942s] DEBUG:colcon.colcon_core.event_handler.log_command:Invoked command in '/home/mikks/ros2_px4_ws/build/example_mode_goto_cpp' returned '0': CMAKE_PREFIX_PATH=/home/mikks/ros2_px4_ws/install/px4_ros2_cpp:/home/mikks/ros2_px4_ws/install/px4_msgs:/home/mikks/ros2_px4_ws/install/px4_ros_com:/home/mikks/ros2_px4_ws/install/px4_ros2_py:/home/mikks/ros2_px4_ws/install/example_rover_velocity_mode_cpp:/home/mikks/ros2_px4_ws/install/example_mode_with_executor_cpp:/home/mikks/ros2_px4_ws/install/example_mode_vtol_cpp:/home/mikks/ros2_px4_ws/install/example_mode_rtl_replacement_cpp:/home/mikks/ros2_px4_ws/install/example_mode_mission_cpp:/home/mikks/ros2_px4_ws/install/example_mode_manual_cpp:/home/mikks/ros2_px4_ws/install/example_mode_goto_global_cpp:/home/mikks/ros2_px4_ws/install/example_mode_goto_cpp:/home/mikks/ros2_px4_ws/install/example_mode_fw_attitude_cpp:/home/mikks/ros2_px4_ws/install/example_local_navigation_cpp:/home/mikks/ros2_px4_ws/install/example_global_navigation_cpp:/home/mikks/ros2_px4_ws/install/example_executor_with_multiple_modes_cpp:/home/mikks/crazyflie_mapping_demo/ros2_ws/install/crazyflie_ros2_multiranger_bringup:/home/mikks/crazyflie_mapping_demo/ros2_ws/install/ros_gz_crazyflie_bringup:/home/mikks/crazyflie_mapping_demo/ros2_ws/install/ros_gz_crazyflie_gazebo:/home/mikks/crazyflie_mapping_demo/ros2_ws/install/crazyflie_sim:/home/mikks/crazyflie_mapping_demo/ros2_ws/install/crazyflie_examples:/home/mikks/crazyflie_mapping_demo/ros2_ws/install/crazyflie:/home/mikks/crazyflie_mapping_demo/ros2_ws/install/crazyflie_interfaces:/opt/ros/jazzy/opt/gz_sim_vendor:/opt/ros/jazzy/opt/gz_sensors_vendor:/opt/ros/jazzy/opt/gz_physics_vendor:/opt/ros/jazzy/opt/sdformat_vendor:/opt/ros/jazzy/opt/gz_gui_vendor:/opt/ros/jazzy/opt/gz_transport_vendor:/opt/ros/jazzy/opt/gz_rendering_vendor:/opt/ros/jazzy/opt/gz_plugin_vendor:/opt/ros/jazzy/opt/gz_fuel_tools_vendor:/opt/ros/jazzy/opt/gz_msgs_vendor:/opt/ros/jazzy/opt/gz_common_vendor:/opt/ros/jazzy/opt/gz_math_vendor:/opt/ros/jazzy/opt/gz_utils_vendor:/opt/ros/jazzy/opt/gz_tools_vendor:/opt/ros/jazzy/opt/gz_ogre_next_vendor:/opt/ros/jazzy/opt/gz_dartsim_vendor:/opt/ros/jazzy/opt/gz_cmake_vendor:/home/mikks/ros2_px4_ws/install/x500_hover_controller:/home/mikks/ros2_px4_ws/install/example_mode_with_rclpy_py:/home/mikks/ros2_px4_ws/install/example_mode_goto_py:/home/mikks/ros2_px4_ws/install/px4_actuator_ctrl:/home/mikks/ros2_ws/install/rover_desc_description:/home/mikks/ros2_ws/install/px4_actuator_ctrl:/home/mikks/ros2_ws/install/mine_rover_description:/home/mikks/ros2_ws/install/ZerionURDFV5cp_description:/home/mikks/crazyflie_mapping_demo/ros2_ws/install/velocity_free_consensus:/home/mikks/crazyflie_mapping_demo/ros2_ws/install/stepwise_lowpos:/home/mikks/crazyflie_mapping_demo/ros2_ws/install/step_wise_lowpos:/home/mikks/crazyflie_mapping_demo/ros2_ws/install/second_order_formation_control:/home/mikks/crazyflie_mapping_demo/ros2_ws/install/ros_gz_crazyflie_control:/home/mikks/crazyflie_mapping_demo/ros2_ws/install/mixed_fractional_consensus:/home/mikks/crazyflie_mapping_demo/ros2_ws/install/lowest_pos:/home/mikks/crazyflie_mapping_demo/ros2_ws/install/linear_consensus:/home/mikks/crazyflie_mapping_demo/ros2_ws/install/highest_pos:/home/mikks/crazyflie_mapping_demo/ros2_ws/install/fractional_consensus_alpha:/home/mikks/crazyflie_mapping_demo/ros2_ws/install/event_triggered_swarm:/home/mikks/crazyflie_mapping_demo/ros2_ws/install/drone_logger:/home/mikks/crazyflie_mapping_demo/ros2_ws/install/distributed_average_tracking:/home/mikks/crazyflie_mapping_demo/ros2_ws/install/crazyflie_swarm_logic:/home/mikks/crazyflie_mapping_demo/ros2_ws/install/crazyflie_ros2_multiranger_wall_following:/home/mikks/crazyflie_mapping_demo/ros2_ws/install/crazyflie_ros2_multiranger_simple_mapper:/home/mikks/crazyflie_mapping_demo/ros2_ws/install/crazyflie_py:/home/mikks/crazyflie_mapping_demo/ros2_ws/install/cooperative_target_centric_formation:/home/mikks/crazyflie_mapping_demo/ros2_ws/install/containment_using_agent_information:/home/mikks/crazyflie_mapping_demo/ros2_ws/install/consensus_for_double_integrator:/home/mikks/crazyflie_mapping_demo/ros2_ws/install/consensus_alignment:/home/mikks/crazyflie_mapping_demo/ros2_ws/install/binary_consensus:/home/mikks/crazyflie_mapping_demo/ros2_ws/install/Second_Order_Min_Consensus_for_Heterogeneous_Agents:/home/mikks/crazyflie_mapping_demo/ros2_ws/install/BinaryContainmentChain:/opt/ros/jazzy DEBUGINFOD_URLS=https://debuginfod.ubuntu.com LD_LIBRARY_PATH=/home/mikks/ros2_px4_ws/install/px4_ros2_cpp/lib:/home/mikks/ros2_px4_ws/install/px4_msgs/lib:/home/mikks/ros2_px4_ws/install/px4_ros_com/lib:/home/mikks/NatNet_SDK_4.3_ubuntu/lib:/home/mikks/crazyflie_mapping_demo/ros2_ws/install/crazyflie_interfaces/lib:/opt/ros/jazzy/opt/gz_sim_vendor/lib:/opt/ros/jazzy/opt/gz_sensors_vendor/lib:/opt/ros/jazzy/opt/gz_physics_vendor/lib:/opt/ros/jazzy/opt/sdformat_vendor/lib:/opt/ros/jazzy/opt/rviz_ogre_vendor/lib:/opt/ros/jazzy/lib/x86_64-linux-gnu:/opt/ros/jazzy/opt/gz_gui_vendor/lib:/opt/ros/jazzy/opt/gz_transport_vendor/lib:/opt/ros/jazzy/opt/gz_rendering_vendor/lib:/opt/ros/jazzy/opt/gz_plugin_vendor/lib:/opt/ros/jazzy/opt/gz_fuel_tools_vendor/lib:/opt/ros/jazzy/opt/gz_msgs_vendor/lib:/opt/ros/jazzy/opt/gz_common_vendor/lib:/opt/ros/jazzy/opt/gz_math_vendor/lib:/opt/ros/jazzy/opt/gz_utils_vendor/lib:/opt/ros/jazzy/opt/gz_tools_vendor/lib:/opt/ros/jazzy/opt/gz_ogre_next_vendor/lib:/opt/ros/jazzy/opt/gz_dartsim_vendor/lib:/opt/ros/jazzy/opt/gz_cmake_vendor/lib:/opt/ros/jazzy/lib PYTHONPATH=/home/mikks/ros2_px4_ws/install/px4_msgs/lib/python3.12/site-packages:/home/mikks/ros2_px4_ws/build/x500_hover_controller:/home/mikks/ros2_px4_ws/install/x500_hover_controller/lib/python3.12/site-packages:/home/mikks/ros2_px4_ws/install/px4_ros_com/lib/python3.12/site-packages:/home/mikks/ros2_px4_ws/build/example_mode_with_rclpy_py:/home/mikks/ros2_px4_ws/install/example_mode_with_rclpy_py/lib/python3.12/site-packages:/home/mikks/ros2_px4_ws/build/example_mode_goto_py:/home/mikks/ros2_px4_ws/install/example_mode_goto_py/lib/python3.12/site-packages:/home/mikks/ros2_px4_ws/install/px4_ros2_py/lib/python3.12/site-packages:/home/mikks/ros2_px4_ws/build/px4_actuator_ctrl:/home/mikks/ros2_px4_ws/install/px4_actuator_ctrl/lib/python3.12/site-packages:/home/mikks/ros2_ws/build/rover_desc_description:/home/mikks/ros2_ws/install/rover_desc_description/lib/python3.12/site-packages:/home/mikks/ros2_ws/install/px4_actuator_ctrl/lib/python3.12/site-packages:/home/mikks/ros2_ws/build/mine_rover_description:/home/mikks/ros2_ws/install/mine_rover_description/lib/python3.12/site-packages:/home/mikks/ros2_ws/build/ZerionURDFV5cp_description:/home/mikks/ros2_ws/install/ZerionURDFV5cp_description/lib/python3.12/site-packages:/home/mikks/crazyflie_mapping_demo/ros2_ws/install/velocity_free_consensus/lib/python3.12/site-packages:/home/mikks/crazyflie_mapping_demo/ros2_ws/install/stepwise_lowpos/lib/python3.12/site-packages:/home/mikks/crazyflie_mapping_demo/ros2_ws/install/step_wise_lowpos/lib/python3.12/site-packages:/home/mikks/crazyflie_mapping_demo/ros2_ws/install/second_order_formation_control/lib/python3.12/site-packages:/home/mikks/crazyflie_mapping_demo/ros2_ws/install/ros_gz_crazyflie_control/lib/python3.12/site-packages:/home/mikks/crazyflie_mapping_demo/ros2_ws/install/mixed_fractional_consensus/lib/python3.12/site-packages:/home/mikks/crazyflie_mapping_demo/ros2_ws/install/lowest_pos/lib/python3.12/site-packages:/home/mikks/crazyflie_mapping_demo/ros2_ws/install/linear_consensus/lib/python3.12/site-packages:/home/mikks/crazyflie_mapping_demo/ros2_ws/install/highest_pos/lib/python3.12/site-packages:/home/mikks/crazyflie_mapping_demo/ros2_ws/install/fractional_consensus_alpha/lib/python3.12/site-packages:/home/mikks/crazyflie_mapping_demo/ros2_ws/install/event_triggered_swarm/lib/python3.12/site-packages:/home/mikks/crazyflie_mapping_demo/ros2_ws/install/drone_logger/lib/python3.12/site-packages:/home/mikks/crazyflie_mapping_demo/ros2_ws/install/distributed_average_tracking/lib/python3.12/site-packages:/home/mikks/crazyflie_mapping_demo/ros2_ws/install/crazyflie_swarm_logic/lib/python3.12/site-packages:/home/mikks/crazyflie_mapping_demo/ros2_ws/install/crazyflie_sim/lib/python3.12/site-packages:/home/mikks/crazyflie_mapping_demo/ros2_ws/install/crazyflie_ros2_multiranger_wall_following/lib/python3.12/site-packages:/home/mikks/crazyflie_mapping_demo/ros2_ws/install/crazyflie_ros2_multiranger_simple_mapper/lib/python3.12/site-packages:/home/mikks/crazyflie_mapping_demo/ros2_ws/install/crazyflie_examples/lib/python3.12/site-packages:/home/mikks/crazyflie_mapping_demo/ros2_ws/install/crazyflie_py/lib/python3.12/site-packages:/home/mikks/crazyflie_mapping_demo/ros2_ws/install/crazyflie_interfaces/lib/python3.12/site-packages:/home/mikks/crazyflie_mapping_demo/ros2_ws/install/cooperative_target_centric_formation/lib/python3.12/site-packages:/home/mikks/crazyflie_mapping_demo/ros2_ws/install/containment_using_agent_information/lib/python3.12/site-packages:/home/mikks/crazyflie_mapping_demo/ros2_ws/install/consensus_for_double_integrator/lib/python3.12/site-packages:/home/mikks/crazyflie_mapping_demo/ros2_ws/install/consensus_alignment/lib/python3.12/site-packages:/home/mikks/crazyflie_mapping_demo/ros2_ws/install/binary_consensus/lib/python3.12/site-packages:/home/mikks/crazyflie_mapping_demo/ros2_ws/install/Second_Order_Min_Consensus_for_Heterogeneous_Agents/lib/python3.12/site-packages:/home/mikks/crazyflie_mapping_demo/ros2_ws/install/BinaryContainmentChain/lib/python3.12/site-packages:/opt/ros/jazzy/lib/python3.12/site-packages /usr/bin/cmake --install /home/mikks/ros2_px4_ws/build/example_mode_goto_cpp
[3.942s] Level 1:colcon.colcon_core.environment:checking '/home/mikks/ros2_px4_ws/install/example_mode_goto_cpp' for CMake config files
[3.943s] Level 1:colcon.colcon_core.shell:create_environment_hook('example_mode_goto_cpp', 'cmake_prefix_path')
[3.943s] INFO:colcon.colcon_core.shell:Creating environment hook '/home/mikks/ros2_px4_ws/install/example_mode_goto_cpp/share/example_mode_goto_cpp/hook/cmake_prefix_path.ps1'
[3.944s] INFO:colcon.colcon_core.shell:Creating environment descriptor '/home/mikks/ros2_px4_ws/install/example_mode_goto_cpp/share/example_mode_goto_cpp/hook/cmake_prefix_path.dsv'
[3.944s] INFO:colcon.colcon_core.shell:Creating environment hook '/home/mikks/ros2_px4_ws/install/example_mode_goto_cpp/share/example_mode_goto_cpp/hook/cmake_prefix_path.sh'
[3.945s] Level 1:colcon.colcon_core.environment:checking '/home/mikks/ros2_px4_ws/install/example_mode_goto_cpp/lib'
[3.945s] Level 1:colcon.colcon_core.environment:checking '/home/mikks/ros2_px4_ws/install/example_mode_goto_cpp/bin'
[3.945s] Level 1:colcon.colcon_core.environment:checking '/home/mikks/ros2_px4_ws/install/example_mode_goto_cpp/lib/pkgconfig/example_mode_goto_cpp.pc'
[3.946s] Level 1:colcon.colcon_core.environment:checking '/home/mikks/ros2_px4_ws/install/example_mode_goto_cpp/lib/python3.12/site-packages'
[3.946s] Level 1:colcon.colcon_core.environment:checking '/home/mikks/ros2_px4_ws/install/example_mode_goto_cpp/bin'
[3.946s] INFO:colcon.colcon_core.shell:Creating package script '/home/mikks/ros2_px4_ws/install/example_mode_goto_cpp/share/example_mode_goto_cpp/package.ps1'
[3.948s] INFO:colcon.colcon_core.shell:Creating package descriptor '/home/mikks/ros2_px4_ws/install/example_mode_goto_cpp/share/example_mode_goto_cpp/package.dsv'
[3.949s] INFO:colcon.colcon_core.shell:Creating package script '/home/mikks/ros2_px4_ws/install/example_mode_goto_cpp/share/example_mode_goto_cpp/package.sh'
[3.949s] INFO:colcon.colcon_core.shell:Creating package script '/home/mikks/ros2_px4_ws/install/example_mode_goto_cpp/share/example_mode_goto_cpp/package.bash'
[3.950s] INFO:colcon.colcon_core.shell:Creating package script '/home/mikks/ros2_px4_ws/install/example_mode_goto_cpp/share/example_mode_goto_cpp/package.zsh'
[3.950s] Level 1:colcon.colcon_core.environment:create_file_with_runtime_dependencies(/home/mikks/ros2_px4_ws/install/example_mode_goto_cpp/share/colcon-core/packages/example_mode_goto_cpp)
[3.951s] Level 1:colcon.colcon_core.environment:create_environment_scripts_only(example_mode_goto_cpp)
[3.951s] Level 1:colcon.colcon_core.environment:checking '/home/mikks/ros2_px4_ws/install/example_mode_goto_cpp' for CMake module files
[3.952s] Level 1:colcon.colcon_core.environment:checking '/home/mikks/ros2_px4_ws/install/example_mode_goto_cpp' for CMake config files
[3.952s] Level 1:colcon.colcon_core.shell:create_environment_hook('example_mode_goto_cpp', 'cmake_prefix_path')
[3.952s] INFO:colcon.colcon_core.shell:Creating environment hook '/home/mikks/ros2_px4_ws/install/example_mode_goto_cpp/share/example_mode_goto_cpp/hook/cmake_prefix_path.ps1'
[3.953s] INFO:colcon.colcon_core.shell:Creating environment descriptor '/home/mikks/ros2_px4_ws/install/example_mode_goto_cpp/share/example_mode_goto_cpp/hook/cmake_prefix_path.dsv'
[3.953s] INFO:colcon.colcon_core.shell:Creating environment hook '/home/mikks/ros2_px4_ws/install/example_mode_goto_cpp/share/example_mode_goto_cpp/hook/cmake_prefix_path.sh'
[3.954s] Level 1:colcon.colcon_core.environment:checking '/home/mikks/ros2_px4_ws/install/example_mode_goto_cpp/lib'
[3.954s] Level 1:colcon.colcon_core.environment:checking '/home/mikks/ros2_px4_ws/install/example_mode_goto_cpp/bin'
[3.954s] Level 1:colcon.colcon_core.environment:checking '/home/mikks/ros2_px4_ws/install/example_mode_goto_cpp/lib/pkgconfig/example_mode_goto_cpp.pc'
[3.955s] Level 1:colcon.colcon_core.environment:checking '/home/mikks/ros2_px4_ws/install/example_mode_goto_cpp/lib/python3.12/site-packages'
[3.955s] Level 1:colcon.colcon_core.environment:checking '/home/mikks/ros2_px4_ws/install/example_mode_goto_cpp/bin'
[3.955s] INFO:colcon.colcon_core.shell:Creating package script '/home/mikks/ros2_px4_ws/install/example_mode_goto_cpp/share/example_mode_goto_cpp/package.ps1'
[3.956s] INFO:colcon.colcon_core.shell:Creating package descriptor '/home/mikks/ros2_px4_ws/install/example_mode_goto_cpp/share/example_mode_goto_cpp/package.dsv'
[3.956s] INFO:colcon.colcon_core.shell:Creating package script '/home/mikks/ros2_px4_ws/install/example_mode_goto_cpp/share/example_mode_goto_cpp/package.sh'
[3.957s] INFO:colcon.colcon_core.shell:Creating package script '/home/mikks/ros2_px4_ws/install/example_mode_goto_cpp/share/example_mode_goto_cpp/package.bash'
[3.958s] INFO:colcon.colcon_core.shell:Creating package script '/home/mikks/ros2_px4_ws/install/example_mode_goto_cpp/share/example_mode_goto_cpp/package.zsh'
[3.958s] Level 1:colcon.colcon_core.environment:create_file_with_runtime_dependencies(/home/mikks/ros2_px4_ws/install/example_mode_goto_cpp/share/colcon-core/packages/example_mode_goto_cpp)
[3.959s] INFO:colcon.colcon_ros.task.ament_cmake.build:Building ROS package in '/home/mikks/ros2_px4_ws/src/px4-ros2-interface-lib/examples/cpp/modes/mode_with_executor' with build type 'ament_cmake'
[3.959s] INFO:colcon.colcon_cmake.task.cmake.build:Building CMake package in '/home/mikks/ros2_px4_ws/src/px4-ros2-interface-lib/examples/cpp/modes/mode_with_executor'
[3.960s] INFO:colcon.colcon_core.shell:Skip shell extension 'powershell' for command environment: Not usable outside of PowerShell
[3.960s] DEBUG:colcon.colcon_core.shell:Skip shell extension 'dsv' for command environment
[3.971s] INFO:colcon.colcon_ros.task.ament_cmake.build:Building ROS package in '/home/mikks/ros2_px4_ws/src/px4-ros2-interface-lib/examples/cpp/modes/rover_velocity' with build type 'ament_cmake'
[3.971s] INFO:colcon.colcon_cmake.task.cmake.build:Building CMake package in '/home/mikks/ros2_px4_ws/src/px4-ros2-interface-lib/examples/cpp/modes/rover_velocity'
[3.971s] INFO:colcon.colcon_core.shell:Skip shell extension 'powershell' for command environment: Not usable outside of PowerShell
[3.971s] DEBUG:colcon.colcon_core.shell:Skip shell extension 'dsv' for command environment
[3.989s] DEBUG:colcon.colcon_core.event_handler.log_command:Invoking command in '/home/mikks/ros2_px4_ws/build/example_mode_rtl_replacement_cpp': CMAKE_PREFIX_PATH=/home/mikks/ros2_px4_ws/install/px4_ros2_cpp:/home/mikks/ros2_px4_ws/install/px4_msgs:/home/mikks/ros2_px4_ws/install/px4_ros_com:/home/mikks/ros2_px4_ws/install/px4_ros2_py:/home/mikks/ros2_px4_ws/install/example_rover_velocity_mode_cpp:/home/mikks/ros2_px4_ws/install/example_mode_with_executor_cpp:/home/mikks/ros2_px4_ws/install/example_mode_vtol_cpp:/home/mikks/ros2_px4_ws/install/example_mode_rtl_replacement_cpp:/home/mikks/ros2_px4_ws/install/example_mode_mission_cpp:/home/mikks/ros2_px4_ws/install/example_mode_manual_cpp:/home/mikks/ros2_px4_ws/install/example_mode_goto_global_cpp:/home/mikks/ros2_px4_ws/install/example_mode_goto_cpp:/home/mikks/ros2_px4_ws/install/example_mode_fw_attitude_cpp:/home/mikks/ros2_px4_ws/install/example_local_navigation_cpp:/home/mikks/ros2_px4_ws/install/example_global_navigation_cpp:/home/mikks/ros2_px4_ws/install/example_executor_with_multiple_modes_cpp:/home/mikks/crazyflie_mapping_demo/ros2_ws/install/crazyflie_ros2_multiranger_bringup:/home/mikks/crazyflie_mapping_demo/ros2_ws/install/ros_gz_crazyflie_bringup:/home/mikks/crazyflie_mapping_demo/ros2_ws/install/ros_gz_crazyflie_gazebo:/home/mikks/crazyflie_mapping_demo/ros2_ws/install/crazyflie_sim:/home/mikks/crazyflie_mapping_demo/ros2_ws/install/crazyflie_examples:/home/mikks/crazyflie_mapping_demo/ros2_ws/install/crazyflie:/home/mikks/crazyflie_mapping_demo/ros2_ws/install/crazyflie_interfaces:/opt/ros/jazzy/opt/gz_sim_vendor:/opt/ros/jazzy/opt/gz_sensors_vendor:/opt/ros/jazzy/opt/gz_physics_vendor:/opt/ros/jazzy/opt/sdformat_vendor:/opt/ros/jazzy/opt/gz_gui_vendor:/opt/ros/jazzy/opt/gz_transport_vendor:/opt/ros/jazzy/opt/gz_rendering_vendor:/opt/ros/jazzy/opt/gz_plugin_vendor:/opt/ros/jazzy/opt/gz_fuel_tools_vendor:/opt/ros/jazzy/opt/gz_msgs_vendor:/opt/ros/jazzy/opt/gz_common_vendor:/opt/ros/jazzy/opt/gz_math_vendor:/opt/ros/jazzy/opt/gz_utils_vendor:/opt/ros/jazzy/opt/gz_tools_vendor:/opt/ros/jazzy/opt/gz_ogre_next_vendor:/opt/ros/jazzy/opt/gz_dartsim_vendor:/opt/ros/jazzy/opt/gz_cmake_vendor:/home/mikks/ros2_px4_ws/install/x500_hover_controller:/home/mikks/ros2_px4_ws/install/example_mode_with_rclpy_py:/home/mikks/ros2_px4_ws/install/example_mode_goto_py:/home/mikks/ros2_px4_ws/install/px4_actuator_ctrl:/home/mikks/ros2_ws/install/rover_desc_description:/home/mikks/ros2_ws/install/px4_actuator_ctrl:/home/mikks/ros2_ws/install/mine_rover_description:/home/mikks/ros2_ws/install/ZerionURDFV5cp_description:/home/mikks/crazyflie_mapping_demo/ros2_ws/install/velocity_free_consensus:/home/mikks/crazyflie_mapping_demo/ros2_ws/install/stepwise_lowpos:/home/mikks/crazyflie_mapping_demo/ros2_ws/install/step_wise_lowpos:/home/mikks/crazyflie_mapping_demo/ros2_ws/install/second_order_formation_control:/home/mikks/crazyflie_mapping_demo/ros2_ws/install/ros_gz_crazyflie_control:/home/mikks/crazyflie_mapping_demo/ros2_ws/install/mixed_fractional_consensus:/home/mikks/crazyflie_mapping_demo/ros2_ws/install/lowest_pos:/home/mikks/crazyflie_mapping_demo/ros2_ws/install/linear_consensus:/home/mikks/crazyflie_mapping_demo/ros2_ws/install/highest_pos:/home/mikks/crazyflie_mapping_demo/ros2_ws/install/fractional_consensus_alpha:/home/mikks/crazyflie_mapping_demo/ros2_ws/install/event_triggered_swarm:/home/mikks/crazyflie_mapping_demo/ros2_ws/install/drone_logger:/home/mikks/crazyflie_mapping_demo/ros2_ws/install/distributed_average_tracking:/home/mikks/crazyflie_mapping_demo/ros2_ws/install/crazyflie_swarm_logic:/home/mikks/crazyflie_mapping_demo/ros2_ws/install/crazyflie_ros2_multiranger_wall_following:/home/mikks/crazyflie_mapping_demo/ros2_ws/install/crazyflie_ros2_multiranger_simple_mapper:/home/mikks/crazyflie_mapping_demo/ros2_ws/install/crazyflie_py:/home/mikks/crazyflie_mapping_demo/ros2_ws/install/cooperative_target_centric_formation:/home/mikks/crazyflie_mapping_demo/ros2_ws/install/containment_using_agent_information:/home/mikks/crazyflie_mapping_demo/ros2_ws/install/consensus_for_double_integrator:/home/mikks/crazyflie_mapping_demo/ros2_ws/install/consensus_alignment:/home/mikks/crazyflie_mapping_demo/ros2_ws/install/binary_consensus:/home/mikks/crazyflie_mapping_demo/ros2_ws/install/Second_Order_Min_Consensus_for_Heterogeneous_Agents:/home/mikks/crazyflie_mapping_demo/ros2_ws/install/BinaryContainmentChain:/opt/ros/jazzy DEBUGINFOD_URLS=https://debuginfod.ubuntu.com LD_LIBRARY_PATH=/home/mikks/ros2_px4_ws/install/px4_ros2_cpp/lib:/home/mikks/ros2_px4_ws/install/px4_msgs/lib:/home/mikks/ros2_px4_ws/install/px4_ros_com/lib:/home/mikks/NatNet_SDK_4.3_ubuntu/lib:/home/mikks/crazyflie_mapping_demo/ros2_ws/install/crazyflie_interfaces/lib:/opt/ros/jazzy/opt/gz_sim_vendor/lib:/opt/ros/jazzy/opt/gz_sensors_vendor/lib:/opt/ros/jazzy/opt/gz_physics_vendor/lib:/opt/ros/jazzy/opt/sdformat_vendor/lib:/opt/ros/jazzy/opt/rviz_ogre_vendor/lib:/opt/ros/jazzy/lib/x86_64-linux-gnu:/opt/ros/jazzy/opt/gz_gui_vendor/lib:/opt/ros/jazzy/opt/gz_transport_vendor/lib:/opt/ros/jazzy/opt/gz_rendering_vendor/lib:/opt/ros/jazzy/opt/gz_plugin_vendor/lib:/opt/ros/jazzy/opt/gz_fuel_tools_vendor/lib:/opt/ros/jazzy/opt/gz_msgs_vendor/lib:/opt/ros/jazzy/opt/gz_common_vendor/lib:/opt/ros/jazzy/opt/gz_math_vendor/lib:/opt/ros/jazzy/opt/gz_utils_vendor/lib:/opt/ros/jazzy/opt/gz_tools_vendor/lib:/opt/ros/jazzy/opt/gz_ogre_next_vendor/lib:/opt/ros/jazzy/opt/gz_dartsim_vendor/lib:/opt/ros/jazzy/opt/gz_cmake_vendor/lib:/opt/ros/jazzy/lib PYTHONPATH=/home/mikks/ros2_px4_ws/install/px4_msgs/lib/python3.12/site-packages:/home/mikks/ros2_px4_ws/build/x500_hover_controller:/home/mikks/ros2_px4_ws/install/x500_hover_controller/lib/python3.12/site-packages:/home/mikks/ros2_px4_ws/install/px4_ros_com/lib/python3.12/site-packages:/home/mikks/ros2_px4_ws/build/example_mode_with_rclpy_py:/home/mikks/ros2_px4_ws/install/example_mode_with_rclpy_py/lib/python3.12/site-packages:/home/mikks/ros2_px4_ws/build/example_mode_goto_py:/home/mikks/ros2_px4_ws/install/example_mode_goto_py/lib/python3.12/site-packages:/home/mikks/ros2_px4_ws/install/px4_ros2_py/lib/python3.12/site-packages:/home/mikks/ros2_px4_ws/build/px4_actuator_ctrl:/home/mikks/ros2_px4_ws/install/px4_actuator_ctrl/lib/python3.12/site-packages:/home/mikks/ros2_ws/build/rover_desc_description:/home/mikks/ros2_ws/install/rover_desc_description/lib/python3.12/site-packages:/home/mikks/ros2_ws/install/px4_actuator_ctrl/lib/python3.12/site-packages:/home/mikks/ros2_ws/build/mine_rover_description:/home/mikks/ros2_ws/install/mine_rover_description/lib/python3.12/site-packages:/home/mikks/ros2_ws/build/ZerionURDFV5cp_description:/home/mikks/ros2_ws/install/ZerionURDFV5cp_description/lib/python3.12/site-packages:/home/mikks/crazyflie_mapping_demo/ros2_ws/install/velocity_free_consensus/lib/python3.12/site-packages:/home/mikks/crazyflie_mapping_demo/ros2_ws/install/stepwise_lowpos/lib/python3.12/site-packages:/home/mikks/crazyflie_mapping_demo/ros2_ws/install/step_wise_lowpos/lib/python3.12/site-packages:/home/mikks/crazyflie_mapping_demo/ros2_ws/install/second_order_formation_control/lib/python3.12/site-packages:/home/mikks/crazyflie_mapping_demo/ros2_ws/install/ros_gz_crazyflie_control/lib/python3.12/site-packages:/home/mikks/crazyflie_mapping_demo/ros2_ws/install/mixed_fractional_consensus/lib/python3.12/site-packages:/home/mikks/crazyflie_mapping_demo/ros2_ws/install/lowest_pos/lib/python3.12/site-packages:/home/mikks/crazyflie_mapping_demo/ros2_ws/install/linear_consensus/lib/python3.12/site-packages:/home/mikks/crazyflie_mapping_demo/ros2_ws/install/highest_pos/lib/python3.12/site-packages:/home/mikks/crazyflie_mapping_demo/ros2_ws/install/fractional_consensus_alpha/lib/python3.12/site-packages:/home/mikks/crazyflie_mapping_demo/ros2_ws/install/event_triggered_swarm/lib/python3.12/site-packages:/home/mikks/crazyflie_mapping_demo/ros2_ws/install/drone_logger/lib/python3.12/site-packages:/home/mikks/crazyflie_mapping_demo/ros2_ws/install/distributed_average_tracking/lib/python3.12/site-packages:/home/mikks/crazyflie_mapping_demo/ros2_ws/install/crazyflie_swarm_logic/lib/python3.12/site-packages:/home/mikks/crazyflie_mapping_demo/ros2_ws/install/crazyflie_sim/lib/python3.12/site-packages:/home/mikks/crazyflie_mapping_demo/ros2_ws/install/crazyflie_ros2_multiranger_wall_following/lib/python3.12/site-packages:/home/mikks/crazyflie_mapping_demo/ros2_ws/install/crazyflie_ros2_multiranger_simple_mapper/lib/python3.12/site-packages:/home/mikks/crazyflie_mapping_demo/ros2_ws/install/crazyflie_examples/lib/python3.12/site-packages:/home/mikks/crazyflie_mapping_demo/ros2_ws/install/crazyflie_py/lib/python3.12/site-packages:/home/mikks/crazyflie_mapping_demo/ros2_ws/install/crazyflie_interfaces/lib/python3.12/site-packages:/home/mikks/crazyflie_mapping_demo/ros2_ws/install/cooperative_target_centric_formation/lib/python3.12/site-packages:/home/mikks/crazyflie_mapping_demo/ros2_ws/install/containment_using_agent_information/lib/python3.12/site-packages:/home/mikks/crazyflie_mapping_demo/ros2_ws/install/consensus_for_double_integrator/lib/python3.12/site-packages:/home/mikks/crazyflie_mapping_demo/ros2_ws/install/consensus_alignment/lib/python3.12/site-packages:/home/mikks/crazyflie_mapping_demo/ros2_ws/install/binary_consensus/lib/python3.12/site-packages:/home/mikks/crazyflie_mapping_demo/ros2_ws/install/Second_Order_Min_Consensus_for_Heterogeneous_Agents/lib/python3.12/site-packages:/home/mikks/crazyflie_mapping_demo/ros2_ws/install/BinaryContainmentChain/lib/python3.12/site-packages:/opt/ros/jazzy/lib/python3.12/site-packages /usr/bin/cmake --build /home/mikks/ros2_px4_ws/build/example_mode_rtl_replacement_cpp -- -j12 -l12
[3.989s] Level 1:colcon.colcon_core.environment:create_environment_scripts_only(px4_ros_com)
[3.989s] Level 1:colcon.colcon_core.environment:checking '/home/mikks/ros2_px4_ws/install/px4_ros_com' for CMake module files
[3.990s] DEBUG:colcon.colcon_core.event_handler.log_command:Invoked command in '/home/mikks/ros2_px4_ws/build/px4_ros_com' returned '0': CMAKE_PREFIX_PATH=/home/mikks/ros2_px4_ws/install/px4_msgs:/home/mikks/ros2_px4_ws/install/px4_ros_com:/home/mikks/ros2_px4_ws/install/px4_ros2_py:/home/mikks/ros2_px4_ws/install/example_rover_velocity_mode_cpp:/home/mikks/ros2_px4_ws/install/example_mode_with_executor_cpp:/home/mikks/ros2_px4_ws/install/example_mode_vtol_cpp:/home/mikks/ros2_px4_ws/install/example_mode_rtl_replacement_cpp:/home/mikks/ros2_px4_ws/install/example_mode_mission_cpp:/home/mikks/ros2_px4_ws/install/example_mode_manual_cpp:/home/mikks/ros2_px4_ws/install/example_mode_goto_global_cpp:/home/mikks/ros2_px4_ws/install/example_mode_goto_cpp:/home/mikks/ros2_px4_ws/install/example_mode_fw_attitude_cpp:/home/mikks/ros2_px4_ws/install/example_local_navigation_cpp:/home/mikks/ros2_px4_ws/install/example_global_navigation_cpp:/home/mikks/ros2_px4_ws/install/example_executor_with_multiple_modes_cpp:/home/mikks/ros2_px4_ws/install/px4_ros2_cpp:/home/mikks/crazyflie_mapping_demo/ros2_ws/install/crazyflie_ros2_multiranger_bringup:/home/mikks/crazyflie_mapping_demo/ros2_ws/install/ros_gz_crazyflie_bringup:/home/mikks/crazyflie_mapping_demo/ros2_ws/install/ros_gz_crazyflie_gazebo:/home/mikks/crazyflie_mapping_demo/ros2_ws/install/crazyflie_sim:/home/mikks/crazyflie_mapping_demo/ros2_ws/install/crazyflie_examples:/home/mikks/crazyflie_mapping_demo/ros2_ws/install/crazyflie:/home/mikks/crazyflie_mapping_demo/ros2_ws/install/crazyflie_interfaces:/opt/ros/jazzy/opt/gz_sim_vendor:/opt/ros/jazzy/opt/gz_sensors_vendor:/opt/ros/jazzy/opt/gz_physics_vendor:/opt/ros/jazzy/opt/sdformat_vendor:/opt/ros/jazzy/opt/gz_gui_vendor:/opt/ros/jazzy/opt/gz_transport_vendor:/opt/ros/jazzy/opt/gz_rendering_vendor:/opt/ros/jazzy/opt/gz_plugin_vendor:/opt/ros/jazzy/opt/gz_fuel_tools_vendor:/opt/ros/jazzy/opt/gz_msgs_vendor:/opt/ros/jazzy/opt/gz_common_vendor:/opt/ros/jazzy/opt/gz_math_vendor:/opt/ros/jazzy/opt/gz_utils_vendor:/opt/ros/jazzy/opt/gz_tools_vendor:/opt/ros/jazzy/opt/gz_ogre_next_vendor:/opt/ros/jazzy/opt/gz_dartsim_vendor:/opt/ros/jazzy/opt/gz_cmake_vendor:/home/mikks/ros2_px4_ws/install/x500_hover_controller:/home/mikks/ros2_px4_ws/install/example_mode_with_rclpy_py:/home/mikks/ros2_px4_ws/install/example_mode_goto_py:/home/mikks/ros2_px4_ws/install/px4_actuator_ctrl:/home/mikks/ros2_ws/install/rover_desc_description:/home/mikks/ros2_ws/install/px4_actuator_ctrl:/home/mikks/ros2_ws/install/mine_rover_description:/home/mikks/ros2_ws/install/ZerionURDFV5cp_description:/home/mikks/crazyflie_mapping_demo/ros2_ws/install/velocity_free_consensus:/home/mikks/crazyflie_mapping_demo/ros2_ws/install/stepwise_lowpos:/home/mikks/crazyflie_mapping_demo/ros2_ws/install/step_wise_lowpos:/home/mikks/crazyflie_mapping_demo/ros2_ws/install/second_order_formation_control:/home/mikks/crazyflie_mapping_demo/ros2_ws/install/ros_gz_crazyflie_control:/home/mikks/crazyflie_mapping_demo/ros2_ws/install/mixed_fractional_consensus:/home/mikks/crazyflie_mapping_demo/ros2_ws/install/lowest_pos:/home/mikks/crazyflie_mapping_demo/ros2_ws/install/linear_consensus:/home/mikks/crazyflie_mapping_demo/ros2_ws/install/highest_pos:/home/mikks/crazyflie_mapping_demo/ros2_ws/install/fractional_consensus_alpha:/home/mikks/crazyflie_mapping_demo/ros2_ws/install/event_triggered_swarm:/home/mikks/crazyflie_mapping_demo/ros2_ws/install/drone_logger:/home/mikks/crazyflie_mapping_demo/ros2_ws/install/distributed_average_tracking:/home/mikks/crazyflie_mapping_demo/ros2_ws/install/crazyflie_swarm_logic:/home/mikks/crazyflie_mapping_demo/ros2_ws/install/crazyflie_ros2_multiranger_wall_following:/home/mikks/crazyflie_mapping_demo/ros2_ws/install/crazyflie_ros2_multiranger_simple_mapper:/home/mikks/crazyflie_mapping_demo/ros2_ws/install/crazyflie_py:/home/mikks/crazyflie_mapping_demo/ros2_ws/install/cooperative_target_centric_formation:/home/mikks/crazyflie_mapping_demo/ros2_ws/install/containment_using_agent_information:/home/mikks/crazyflie_mapping_demo/ros2_ws/install/consensus_for_double_integrator:/home/mikks/crazyflie_mapping_demo/ros2_ws/install/consensus_alignment:/home/mikks/crazyflie_mapping_demo/ros2_ws/install/binary_consensus:/home/mikks/crazyflie_mapping_demo/ros2_ws/install/Second_Order_Min_Consensus_for_Heterogeneous_Agents:/home/mikks/crazyflie_mapping_demo/ros2_ws/install/BinaryContainmentChain:/opt/ros/jazzy DEBUGINFOD_URLS=https://debuginfod.ubuntu.com LD_LIBRARY_PATH=/home/mikks/ros2_px4_ws/install/px4_msgs/lib:/home/mikks/ros2_px4_ws/install/px4_ros_com/lib:/home/mikks/ros2_px4_ws/install/px4_ros2_cpp/lib:/home/mikks/NatNet_SDK_4.3_ubuntu/lib:/home/mikks/crazyflie_mapping_demo/ros2_ws/install/crazyflie_interfaces/lib:/opt/ros/jazzy/opt/gz_sim_vendor/lib:/opt/ros/jazzy/opt/gz_sensors_vendor/lib:/opt/ros/jazzy/opt/gz_physics_vendor/lib:/opt/ros/jazzy/opt/sdformat_vendor/lib:/opt/ros/jazzy/opt/rviz_ogre_vendor/lib:/opt/ros/jazzy/lib/x86_64-linux-gnu:/opt/ros/jazzy/opt/gz_gui_vendor/lib:/opt/ros/jazzy/opt/gz_transport_vendor/lib:/opt/ros/jazzy/opt/gz_rendering_vendor/lib:/opt/ros/jazzy/opt/gz_plugin_vendor/lib:/opt/ros/jazzy/opt/gz_fuel_tools_vendor/lib:/opt/ros/jazzy/opt/gz_msgs_vendor/lib:/opt/ros/jazzy/opt/gz_common_vendor/lib:/opt/ros/jazzy/opt/gz_math_vendor/lib:/opt/ros/jazzy/opt/gz_utils_vendor/lib:/opt/ros/jazzy/opt/gz_tools_vendor/lib:/opt/ros/jazzy/opt/gz_ogre_next_vendor/lib:/opt/ros/jazzy/opt/gz_dartsim_vendor/lib:/opt/ros/jazzy/opt/gz_cmake_vendor/lib:/opt/ros/jazzy/lib PYTHONPATH=/home/mikks/ros2_px4_ws/install/px4_msgs/lib/python3.12/site-packages:/home/mikks/ros2_px4_ws/build/x500_hover_controller:/home/mikks/ros2_px4_ws/install/x500_hover_controller/lib/python3.12/site-packages:/home/mikks/ros2_px4_ws/install/px4_ros_com/lib/python3.12/site-packages:/home/mikks/ros2_px4_ws/build/example_mode_with_rclpy_py:/home/mikks/ros2_px4_ws/install/example_mode_with_rclpy_py/lib/python3.12/site-packages:/home/mikks/ros2_px4_ws/build/example_mode_goto_py:/home/mikks/ros2_px4_ws/install/example_mode_goto_py/lib/python3.12/site-packages:/home/mikks/ros2_px4_ws/install/px4_ros2_py/lib/python3.12/site-packages:/home/mikks/ros2_px4_ws/build/px4_actuator_ctrl:/home/mikks/ros2_px4_ws/install/px4_actuator_ctrl/lib/python3.12/site-packages:/home/mikks/ros2_ws/build/rover_desc_description:/home/mikks/ros2_ws/install/rover_desc_description/lib/python3.12/site-packages:/home/mikks/ros2_ws/install/px4_actuator_ctrl/lib/python3.12/site-packages:/home/mikks/ros2_ws/build/mine_rover_description:/home/mikks/ros2_ws/install/mine_rover_description/lib/python3.12/site-packages:/home/mikks/ros2_ws/build/ZerionURDFV5cp_description:/home/mikks/ros2_ws/install/ZerionURDFV5cp_description/lib/python3.12/site-packages:/home/mikks/crazyflie_mapping_demo/ros2_ws/install/velocity_free_consensus/lib/python3.12/site-packages:/home/mikks/crazyflie_mapping_demo/ros2_ws/install/stepwise_lowpos/lib/python3.12/site-packages:/home/mikks/crazyflie_mapping_demo/ros2_ws/install/step_wise_lowpos/lib/python3.12/site-packages:/home/mikks/crazyflie_mapping_demo/ros2_ws/install/second_order_formation_control/lib/python3.12/site-packages:/home/mikks/crazyflie_mapping_demo/ros2_ws/install/ros_gz_crazyflie_control/lib/python3.12/site-packages:/home/mikks/crazyflie_mapping_demo/ros2_ws/install/mixed_fractional_consensus/lib/python3.12/site-packages:/home/mikks/crazyflie_mapping_demo/ros2_ws/install/lowest_pos/lib/python3.12/site-packages:/home/mikks/crazyflie_mapping_demo/ros2_ws/install/linear_consensus/lib/python3.12/site-packages:/home/mikks/crazyflie_mapping_demo/ros2_ws/install/highest_pos/lib/python3.12/site-packages:/home/mikks/crazyflie_mapping_demo/ros2_ws/install/fractional_consensus_alpha/lib/python3.12/site-packages:/home/mikks/crazyflie_mapping_demo/ros2_ws/install/event_triggered_swarm/lib/python3.12/site-packages:/home/mikks/crazyflie_mapping_demo/ros2_ws/install/drone_logger/lib/python3.12/site-packages:/home/mikks/crazyflie_mapping_demo/ros2_ws/install/distributed_average_tracking/lib/python3.12/site-packages:/home/mikks/crazyflie_mapping_demo/ros2_ws/install/crazyflie_swarm_logic/lib/python3.12/site-packages:/home/mikks/crazyflie_mapping_demo/ros2_ws/install/crazyflie_sim/lib/python3.12/site-packages:/home/mikks/crazyflie_mapping_demo/ros2_ws/install/crazyflie_ros2_multiranger_wall_following/lib/python3.12/site-packages:/home/mikks/crazyflie_mapping_demo/ros2_ws/install/crazyflie_ros2_multiranger_simple_mapper/lib/python3.12/site-packages:/home/mikks/crazyflie_mapping_demo/ros2_ws/install/crazyflie_examples/lib/python3.12/site-packages:/home/mikks/crazyflie_mapping_demo/ros2_ws/install/crazyflie_py/lib/python3.12/site-packages:/home/mikks/crazyflie_mapping_demo/ros2_ws/install/crazyflie_interfaces/lib/python3.12/site-packages:/home/mikks/crazyflie_mapping_demo/ros2_ws/install/cooperative_target_centric_formation/lib/python3.12/site-packages:/home/mikks/crazyflie_mapping_demo/ros2_ws/install/containment_using_agent_information/lib/python3.12/site-packages:/home/mikks/crazyflie_mapping_demo/ros2_ws/install/consensus_for_double_integrator/lib/python3.12/site-packages:/home/mikks/crazyflie_mapping_demo/ros2_ws/install/consensus_alignment/lib/python3.12/site-packages:/home/mikks/crazyflie_mapping_demo/ros2_ws/install/binary_consensus/lib/python3.12/site-packages:/home/mikks/crazyflie_mapping_demo/ros2_ws/install/Second_Order_Min_Consensus_for_Heterogeneous_Agents/lib/python3.12/site-packages:/home/mikks/crazyflie_mapping_demo/ros2_ws/install/BinaryContainmentChain/lib/python3.12/site-packages:/opt/ros/jazzy/lib/python3.12/site-packages /usr/bin/cmake --install /home/mikks/ros2_px4_ws/build/px4_ros_com
[3.991s] Level 1:colcon.colcon_core.environment:checking '/home/mikks/ros2_px4_ws/install/px4_ros_com' for CMake config files
[3.991s] Level 1:colcon.colcon_core.shell:create_environment_hook('px4_ros_com', 'cmake_prefix_path')
[3.992s] INFO:colcon.colcon_core.shell:Creating environment hook '/home/mikks/ros2_px4_ws/install/px4_ros_com/share/px4_ros_com/hook/cmake_prefix_path.ps1'
[3.992s] INFO:colcon.colcon_core.shell:Creating environment descriptor '/home/mikks/ros2_px4_ws/install/px4_ros_com/share/px4_ros_com/hook/cmake_prefix_path.dsv'
[3.993s] INFO:colcon.colcon_core.shell:Creating environment hook '/home/mikks/ros2_px4_ws/install/px4_ros_com/share/px4_ros_com/hook/cmake_prefix_path.sh'
[3.993s] Level 1:colcon.colcon_core.environment:checking '/home/mikks/ros2_px4_ws/install/px4_ros_com/lib'
[3.993s] Level 1:colcon.colcon_core.shell:create_environment_hook('px4_ros_com', 'ld_library_path_lib')
[3.994s] INFO:colcon.colcon_core.shell:Creating environment hook '/home/mikks/ros2_px4_ws/install/px4_ros_com/share/px4_ros_com/hook/ld_library_path_lib.ps1'
[3.994s] INFO:colcon.colcon_core.shell:Creating environment descriptor '/home/mikks/ros2_px4_ws/install/px4_ros_com/share/px4_ros_com/hook/ld_library_path_lib.dsv'
[3.995s] INFO:colcon.colcon_core.shell:Creating environment hook '/home/mikks/ros2_px4_ws/install/px4_ros_com/share/px4_ros_com/hook/ld_library_path_lib.sh'
[3.995s] Level 1:colcon.colcon_core.environment:checking '/home/mikks/ros2_px4_ws/install/px4_ros_com/bin'
[3.995s] Level 1:colcon.colcon_core.environment:checking '/home/mikks/ros2_px4_ws/install/px4_ros_com/lib/pkgconfig/px4_ros_com.pc'
[3.996s] Level 1:colcon.colcon_core.environment:checking '/home/mikks/ros2_px4_ws/install/px4_ros_com/lib/python3.12/site-packages'
[3.996s] Level 1:colcon.colcon_core.shell:create_environment_hook('px4_ros_com', 'pythonpath')
[3.996s] INFO:colcon.colcon_core.shell:Creating environment hook '/home/mikks/ros2_px4_ws/install/px4_ros_com/share/px4_ros_com/hook/pythonpath.ps1'
[3.997s] INFO:colcon.colcon_core.shell:Creating environment descriptor '/home/mikks/ros2_px4_ws/install/px4_ros_com/share/px4_ros_com/hook/pythonpath.dsv'
[3.997s] INFO:colcon.colcon_core.shell:Creating environment hook '/home/mikks/ros2_px4_ws/install/px4_ros_com/share/px4_ros_com/hook/pythonpath.sh'
[3.998s] Level 1:colcon.colcon_core.environment:checking '/home/mikks/ros2_px4_ws/install/px4_ros_com/bin'
[3.998s] INFO:colcon.colcon_core.shell:Creating package script '/home/mikks/ros2_px4_ws/install/px4_ros_com/share/px4_ros_com/package.ps1'
[3.999s] INFO:colcon.colcon_core.shell:Creating package descriptor '/home/mikks/ros2_px4_ws/install/px4_ros_com/share/px4_ros_com/package.dsv'
[3.999s] INFO:colcon.colcon_core.shell:Creating package script '/home/mikks/ros2_px4_ws/install/px4_ros_com/share/px4_ros_com/package.sh'
[4.000s] INFO:colcon.colcon_core.shell:Creating package script '/home/mikks/ros2_px4_ws/install/px4_ros_com/share/px4_ros_com/package.bash'
[4.000s] INFO:colcon.colcon_core.shell:Creating package script '/home/mikks/ros2_px4_ws/install/px4_ros_com/share/px4_ros_com/package.zsh'
[4.001s] Level 1:colcon.colcon_core.environment:create_file_with_runtime_dependencies(/home/mikks/ros2_px4_ws/install/px4_ros_com/share/colcon-core/packages/px4_ros_com)
[4.002s] Level 1:colcon.colcon_core.environment:create_environment_scripts_only(px4_ros_com)
[4.002s] Level 1:colcon.colcon_core.environment:checking '/home/mikks/ros2_px4_ws/install/px4_ros_com' for CMake module files
[4.003s] Level 1:colcon.colcon_core.environment:checking '/home/mikks/ros2_px4_ws/install/px4_ros_com' for CMake config files
[4.003s] Level 1:colcon.colcon_core.shell:create_environment_hook('px4_ros_com', 'cmake_prefix_path')
[4.003s] INFO:colcon.colcon_core.shell:Creating environment hook '/home/mikks/ros2_px4_ws/install/px4_ros_com/share/px4_ros_com/hook/cmake_prefix_path.ps1'
[4.004s] INFO:colcon.colcon_core.shell:Creating environment descriptor '/home/mikks/ros2_px4_ws/install/px4_ros_com/share/px4_ros_com/hook/cmake_prefix_path.dsv'
[4.004s] INFO:colcon.colcon_core.shell:Creating environment hook '/home/mikks/ros2_px4_ws/install/px4_ros_com/share/px4_ros_com/hook/cmake_prefix_path.sh'
[4.005s] Level 1:colcon.colcon_core.environment:checking '/home/mikks/ros2_px4_ws/install/px4_ros_com/lib'
[4.005s] Level 1:colcon.colcon_core.shell:create_environment_hook('px4_ros_com', 'ld_library_path_lib')
[4.006s] INFO:colcon.colcon_core.shell:Creating environment hook '/home/mikks/ros2_px4_ws/install/px4_ros_com/share/px4_ros_com/hook/ld_library_path_lib.ps1'
[4.006s] INFO:colcon.colcon_core.shell:Creating environment descriptor '/home/mikks/ros2_px4_ws/install/px4_ros_com/share/px4_ros_com/hook/ld_library_path_lib.dsv'
[4.006s] INFO:colcon.colcon_core.shell:Creating environment hook '/home/mikks/ros2_px4_ws/install/px4_ros_com/share/px4_ros_com/hook/ld_library_path_lib.sh'
[4.007s] Level 1:colcon.colcon_core.environment:checking '/home/mikks/ros2_px4_ws/install/px4_ros_com/bin'
[4.007s] Level 1:colcon.colcon_core.environment:checking '/home/mikks/ros2_px4_ws/install/px4_ros_com/lib/pkgconfig/px4_ros_com.pc'
[4.007s] Level 1:colcon.colcon_core.environment:checking '/home/mikks/ros2_px4_ws/install/px4_ros_com/lib/python3.12/site-packages'
[4.007s] Level 1:colcon.colcon_core.shell:create_environment_hook('px4_ros_com', 'pythonpath')
[4.008s] INFO:colcon.colcon_core.shell:Creating environment hook '/home/mikks/ros2_px4_ws/install/px4_ros_com/share/px4_ros_com/hook/pythonpath.ps1'
[4.008s] INFO:colcon.colcon_core.shell:Creating environment descriptor '/home/mikks/ros2_px4_ws/install/px4_ros_com/share/px4_ros_com/hook/pythonpath.dsv'
[4.009s] INFO:colcon.colcon_core.shell:Creating environment hook '/home/mikks/ros2_px4_ws/install/px4_ros_com/share/px4_ros_com/hook/pythonpath.sh'
[4.009s] Level 1:colcon.colcon_core.environment:checking '/home/mikks/ros2_px4_ws/install/px4_ros_com/bin'
[4.010s] INFO:colcon.colcon_core.shell:Creating package script '/home/mikks/ros2_px4_ws/install/px4_ros_com/share/px4_ros_com/package.ps1'
[4.011s] INFO:colcon.colcon_core.shell:Creating package descriptor '/home/mikks/ros2_px4_ws/install/px4_ros_com/share/px4_ros_com/package.dsv'
[4.011s] INFO:colcon.colcon_core.shell:Creating package script '/home/mikks/ros2_px4_ws/install/px4_ros_com/share/px4_ros_com/package.sh'
[4.012s] INFO:colcon.colcon_core.shell:Creating package script '/home/mikks/ros2_px4_ws/install/px4_ros_com/share/px4_ros_com/package.bash'
[4.012s] INFO:colcon.colcon_core.shell:Creating package script '/home/mikks/ros2_px4_ws/install/px4_ros_com/share/px4_ros_com/package.zsh'
[4.013s] Level 1:colcon.colcon_core.environment:create_file_with_runtime_dependencies(/home/mikks/ros2_px4_ws/install/px4_ros_com/share/colcon-core/packages/px4_ros_com)
[4.013s] Level 1:colcon.colcon_core.environment:create_environment_scripts_only(example_mode_manual_cpp)
[4.014s] Level 1:colcon.colcon_core.environment:checking '/home/mikks/ros2_px4_ws/install/example_mode_manual_cpp' for CMake module files
[4.015s] Level 1:colcon.colcon_core.environment:checking '/home/mikks/ros2_px4_ws/install/example_mode_manual_cpp' for CMake config files
[4.015s] Level 1:colcon.colcon_core.shell:create_environment_hook('example_mode_manual_cpp', 'cmake_prefix_path')
[4.016s] INFO:colcon.colcon_core.shell:Creating environment hook '/home/mikks/ros2_px4_ws/install/example_mode_manual_cpp/share/example_mode_manual_cpp/hook/cmake_prefix_path.ps1'
[4.016s] INFO:colcon.colcon_core.shell:Creating environment descriptor '/home/mikks/ros2_px4_ws/install/example_mode_manual_cpp/share/example_mode_manual_cpp/hook/cmake_prefix_path.dsv'
[4.017s] INFO:colcon.colcon_core.shell:Creating environment hook '/home/mikks/ros2_px4_ws/install/example_mode_manual_cpp/share/example_mode_manual_cpp/hook/cmake_prefix_path.sh'
[4.017s] Level 1:colcon.colcon_core.environment:checking '/home/mikks/ros2_px4_ws/install/example_mode_manual_cpp/lib'
[4.018s] Level 1:colcon.colcon_core.environment:checking '/home/mikks/ros2_px4_ws/install/example_mode_manual_cpp/bin'
[4.018s] DEBUG:colcon.colcon_core.event_handler.log_command:Invoked command in '/home/mikks/ros2_px4_ws/build/example_mode_manual_cpp' returned '0': CMAKE_PREFIX_PATH=/home/mikks/ros2_px4_ws/install/px4_ros2_cpp:/home/mikks/ros2_px4_ws/install/px4_msgs:/home/mikks/ros2_px4_ws/install/px4_ros_com:/home/mikks/ros2_px4_ws/install/px4_ros2_py:/home/mikks/ros2_px4_ws/install/example_rover_velocity_mode_cpp:/home/mikks/ros2_px4_ws/install/example_mode_with_executor_cpp:/home/mikks/ros2_px4_ws/install/example_mode_vtol_cpp:/home/mikks/ros2_px4_ws/install/example_mode_rtl_replacement_cpp:/home/mikks/ros2_px4_ws/install/example_mode_mission_cpp:/home/mikks/ros2_px4_ws/install/example_mode_manual_cpp:/home/mikks/ros2_px4_ws/install/example_mode_goto_global_cpp:/home/mikks/ros2_px4_ws/install/example_mode_goto_cpp:/home/mikks/ros2_px4_ws/install/example_mode_fw_attitude_cpp:/home/mikks/ros2_px4_ws/install/example_local_navigation_cpp:/home/mikks/ros2_px4_ws/install/example_global_navigation_cpp:/home/mikks/ros2_px4_ws/install/example_executor_with_multiple_modes_cpp:/home/mikks/crazyflie_mapping_demo/ros2_ws/install/crazyflie_ros2_multiranger_bringup:/home/mikks/crazyflie_mapping_demo/ros2_ws/install/ros_gz_crazyflie_bringup:/home/mikks/crazyflie_mapping_demo/ros2_ws/install/ros_gz_crazyflie_gazebo:/home/mikks/crazyflie_mapping_demo/ros2_ws/install/crazyflie_sim:/home/mikks/crazyflie_mapping_demo/ros2_ws/install/crazyflie_examples:/home/mikks/crazyflie_mapping_demo/ros2_ws/install/crazyflie:/home/mikks/crazyflie_mapping_demo/ros2_ws/install/crazyflie_interfaces:/opt/ros/jazzy/opt/gz_sim_vendor:/opt/ros/jazzy/opt/gz_sensors_vendor:/opt/ros/jazzy/opt/gz_physics_vendor:/opt/ros/jazzy/opt/sdformat_vendor:/opt/ros/jazzy/opt/gz_gui_vendor:/opt/ros/jazzy/opt/gz_transport_vendor:/opt/ros/jazzy/opt/gz_rendering_vendor:/opt/ros/jazzy/opt/gz_plugin_vendor:/opt/ros/jazzy/opt/gz_fuel_tools_vendor:/opt/ros/jazzy/opt/gz_msgs_vendor:/opt/ros/jazzy/opt/gz_common_vendor:/opt/ros/jazzy/opt/gz_math_vendor:/opt/ros/jazzy/opt/gz_utils_vendor:/opt/ros/jazzy/opt/gz_tools_vendor:/opt/ros/jazzy/opt/gz_ogre_next_vendor:/opt/ros/jazzy/opt/gz_dartsim_vendor:/opt/ros/jazzy/opt/gz_cmake_vendor:/home/mikks/ros2_px4_ws/install/x500_hover_controller:/home/mikks/ros2_px4_ws/install/example_mode_with_rclpy_py:/home/mikks/ros2_px4_ws/install/example_mode_goto_py:/home/mikks/ros2_px4_ws/install/px4_actuator_ctrl:/home/mikks/ros2_ws/install/rover_desc_description:/home/mikks/ros2_ws/install/px4_actuator_ctrl:/home/mikks/ros2_ws/install/mine_rover_description:/home/mikks/ros2_ws/install/ZerionURDFV5cp_description:/home/mikks/crazyflie_mapping_demo/ros2_ws/install/velocity_free_consensus:/home/mikks/crazyflie_mapping_demo/ros2_ws/install/stepwise_lowpos:/home/mikks/crazyflie_mapping_demo/ros2_ws/install/step_wise_lowpos:/home/mikks/crazyflie_mapping_demo/ros2_ws/install/second_order_formation_control:/home/mikks/crazyflie_mapping_demo/ros2_ws/install/ros_gz_crazyflie_control:/home/mikks/crazyflie_mapping_demo/ros2_ws/install/mixed_fractional_consensus:/home/mikks/crazyflie_mapping_demo/ros2_ws/install/lowest_pos:/home/mikks/crazyflie_mapping_demo/ros2_ws/install/linear_consensus:/home/mikks/crazyflie_mapping_demo/ros2_ws/install/highest_pos:/home/mikks/crazyflie_mapping_demo/ros2_ws/install/fractional_consensus_alpha:/home/mikks/crazyflie_mapping_demo/ros2_ws/install/event_triggered_swarm:/home/mikks/crazyflie_mapping_demo/ros2_ws/install/drone_logger:/home/mikks/crazyflie_mapping_demo/ros2_ws/install/distributed_average_tracking:/home/mikks/crazyflie_mapping_demo/ros2_ws/install/crazyflie_swarm_logic:/home/mikks/crazyflie_mapping_demo/ros2_ws/install/crazyflie_ros2_multiranger_wall_following:/home/mikks/crazyflie_mapping_demo/ros2_ws/install/crazyflie_ros2_multiranger_simple_mapper:/home/mikks/crazyflie_mapping_demo/ros2_ws/install/crazyflie_py:/home/mikks/crazyflie_mapping_demo/ros2_ws/install/cooperative_target_centric_formation:/home/mikks/crazyflie_mapping_demo/ros2_ws/install/containment_using_agent_information:/home/mikks/crazyflie_mapping_demo/ros2_ws/install/consensus_for_double_integrator:/home/mikks/crazyflie_mapping_demo/ros2_ws/install/consensus_alignment:/home/mikks/crazyflie_mapping_demo/ros2_ws/install/binary_consensus:/home/mikks/crazyflie_mapping_demo/ros2_ws/install/Second_Order_Min_Consensus_for_Heterogeneous_Agents:/home/mikks/crazyflie_mapping_demo/ros2_ws/install/BinaryContainmentChain:/opt/ros/jazzy DEBUGINFOD_URLS=https://debuginfod.ubuntu.com LD_LIBRARY_PATH=/home/mikks/ros2_px4_ws/install/px4_ros2_cpp/lib:/home/mikks/ros2_px4_ws/install/px4_msgs/lib:/home/mikks/ros2_px4_ws/install/px4_ros_com/lib:/home/mikks/NatNet_SDK_4.3_ubuntu/lib:/home/mikks/crazyflie_mapping_demo/ros2_ws/install/crazyflie_interfaces/lib:/opt/ros/jazzy/opt/gz_sim_vendor/lib:/opt/ros/jazzy/opt/gz_sensors_vendor/lib:/opt/ros/jazzy/opt/gz_physics_vendor/lib:/opt/ros/jazzy/opt/sdformat_vendor/lib:/opt/ros/jazzy/opt/rviz_ogre_vendor/lib:/opt/ros/jazzy/lib/x86_64-linux-gnu:/opt/ros/jazzy/opt/gz_gui_vendor/lib:/opt/ros/jazzy/opt/gz_transport_vendor/lib:/opt/ros/jazzy/opt/gz_rendering_vendor/lib:/opt/ros/jazzy/opt/gz_plugin_vendor/lib:/opt/ros/jazzy/opt/gz_fuel_tools_vendor/lib:/opt/ros/jazzy/opt/gz_msgs_vendor/lib:/opt/ros/jazzy/opt/gz_common_vendor/lib:/opt/ros/jazzy/opt/gz_math_vendor/lib:/opt/ros/jazzy/opt/gz_utils_vendor/lib:/opt/ros/jazzy/opt/gz_tools_vendor/lib:/opt/ros/jazzy/opt/gz_ogre_next_vendor/lib:/opt/ros/jazzy/opt/gz_dartsim_vendor/lib:/opt/ros/jazzy/opt/gz_cmake_vendor/lib:/opt/ros/jazzy/lib PYTHONPATH=/home/mikks/ros2_px4_ws/install/px4_msgs/lib/python3.12/site-packages:/home/mikks/ros2_px4_ws/build/x500_hover_controller:/home/mikks/ros2_px4_ws/install/x500_hover_controller/lib/python3.12/site-packages:/home/mikks/ros2_px4_ws/install/px4_ros_com/lib/python3.12/site-packages:/home/mikks/ros2_px4_ws/build/example_mode_with_rclpy_py:/home/mikks/ros2_px4_ws/install/example_mode_with_rclpy_py/lib/python3.12/site-packages:/home/mikks/ros2_px4_ws/build/example_mode_goto_py:/home/mikks/ros2_px4_ws/install/example_mode_goto_py/lib/python3.12/site-packages:/home/mikks/ros2_px4_ws/install/px4_ros2_py/lib/python3.12/site-packages:/home/mikks/ros2_px4_ws/build/px4_actuator_ctrl:/home/mikks/ros2_px4_ws/install/px4_actuator_ctrl/lib/python3.12/site-packages:/home/mikks/ros2_ws/build/rover_desc_description:/home/mikks/ros2_ws/install/rover_desc_description/lib/python3.12/site-packages:/home/mikks/ros2_ws/install/px4_actuator_ctrl/lib/python3.12/site-packages:/home/mikks/ros2_ws/build/mine_rover_description:/home/mikks/ros2_ws/install/mine_rover_description/lib/python3.12/site-packages:/home/mikks/ros2_ws/build/ZerionURDFV5cp_description:/home/mikks/ros2_ws/install/ZerionURDFV5cp_description/lib/python3.12/site-packages:/home/mikks/crazyflie_mapping_demo/ros2_ws/install/velocity_free_consensus/lib/python3.12/site-packages:/home/mikks/crazyflie_mapping_demo/ros2_ws/install/stepwise_lowpos/lib/python3.12/site-packages:/home/mikks/crazyflie_mapping_demo/ros2_ws/install/step_wise_lowpos/lib/python3.12/site-packages:/home/mikks/crazyflie_mapping_demo/ros2_ws/install/second_order_formation_control/lib/python3.12/site-packages:/home/mikks/crazyflie_mapping_demo/ros2_ws/install/ros_gz_crazyflie_control/lib/python3.12/site-packages:/home/mikks/crazyflie_mapping_demo/ros2_ws/install/mixed_fractional_consensus/lib/python3.12/site-packages:/home/mikks/crazyflie_mapping_demo/ros2_ws/install/lowest_pos/lib/python3.12/site-packages:/home/mikks/crazyflie_mapping_demo/ros2_ws/install/linear_consensus/lib/python3.12/site-packages:/home/mikks/crazyflie_mapping_demo/ros2_ws/install/highest_pos/lib/python3.12/site-packages:/home/mikks/crazyflie_mapping_demo/ros2_ws/install/fractional_consensus_alpha/lib/python3.12/site-packages:/home/mikks/crazyflie_mapping_demo/ros2_ws/install/event_triggered_swarm/lib/python3.12/site-packages:/home/mikks/crazyflie_mapping_demo/ros2_ws/install/drone_logger/lib/python3.12/site-packages:/home/mikks/crazyflie_mapping_demo/ros2_ws/install/distributed_average_tracking/lib/python3.12/site-packages:/home/mikks/crazyflie_mapping_demo/ros2_ws/install/crazyflie_swarm_logic/lib/python3.12/site-packages:/home/mikks/crazyflie_mapping_demo/ros2_ws/install/crazyflie_sim/lib/python3.12/site-packages:/home/mikks/crazyflie_mapping_demo/ros2_ws/install/crazyflie_ros2_multiranger_wall_following/lib/python3.12/site-packages:/home/mikks/crazyflie_mapping_demo/ros2_ws/install/crazyflie_ros2_multiranger_simple_mapper/lib/python3.12/site-packages:/home/mikks/crazyflie_mapping_demo/ros2_ws/install/crazyflie_examples/lib/python3.12/site-packages:/home/mikks/crazyflie_mapping_demo/ros2_ws/install/crazyflie_py/lib/python3.12/site-packages:/home/mikks/crazyflie_mapping_demo/ros2_ws/install/crazyflie_interfaces/lib/python3.12/site-packages:/home/mikks/crazyflie_mapping_demo/ros2_ws/install/cooperative_target_centric_formation/lib/python3.12/site-packages:/home/mikks/crazyflie_mapping_demo/ros2_ws/install/containment_using_agent_information/lib/python3.12/site-packages:/home/mikks/crazyflie_mapping_demo/ros2_ws/install/consensus_for_double_integrator/lib/python3.12/site-packages:/home/mikks/crazyflie_mapping_demo/ros2_ws/install/consensus_alignment/lib/python3.12/site-packages:/home/mikks/crazyflie_mapping_demo/ros2_ws/install/binary_consensus/lib/python3.12/site-packages:/home/mikks/crazyflie_mapping_demo/ros2_ws/install/Second_Order_Min_Consensus_for_Heterogeneous_Agents/lib/python3.12/site-packages:/home/mikks/crazyflie_mapping_demo/ros2_ws/install/BinaryContainmentChain/lib/python3.12/site-packages:/opt/ros/jazzy/lib/python3.12/site-packages /usr/bin/cmake --install /home/mikks/ros2_px4_ws/build/example_mode_manual_cpp
[4.018s] Level 1:colcon.colcon_core.environment:checking '/home/mikks/ros2_px4_ws/install/example_mode_manual_cpp/lib/pkgconfig/example_mode_manual_cpp.pc'
[4.018s] Level 1:colcon.colcon_core.environment:checking '/home/mikks/ros2_px4_ws/install/example_mode_manual_cpp/lib/python3.12/site-packages'
[4.019s] Level 1:colcon.colcon_core.environment:checking '/home/mikks/ros2_px4_ws/install/example_mode_manual_cpp/bin'
[4.019s] INFO:colcon.colcon_core.shell:Creating package script '/home/mikks/ros2_px4_ws/install/example_mode_manual_cpp/share/example_mode_manual_cpp/package.ps1'
[4.020s] INFO:colcon.colcon_core.shell:Creating package descriptor '/home/mikks/ros2_px4_ws/install/example_mode_manual_cpp/share/example_mode_manual_cpp/package.dsv'
[4.020s] INFO:colcon.colcon_core.shell:Creating package script '/home/mikks/ros2_px4_ws/install/example_mode_manual_cpp/share/example_mode_manual_cpp/package.sh'
[4.021s] INFO:colcon.colcon_core.shell:Creating package script '/home/mikks/ros2_px4_ws/install/example_mode_manual_cpp/share/example_mode_manual_cpp/package.bash'
[4.021s] INFO:colcon.colcon_core.shell:Creating package script '/home/mikks/ros2_px4_ws/install/example_mode_manual_cpp/share/example_mode_manual_cpp/package.zsh'
[4.022s] Level 1:colcon.colcon_core.environment:create_file_with_runtime_dependencies(/home/mikks/ros2_px4_ws/install/example_mode_manual_cpp/share/colcon-core/packages/example_mode_manual_cpp)
[4.022s] Level 1:colcon.colcon_core.environment:create_environment_scripts_only(example_mode_manual_cpp)
[4.022s] Level 1:colcon.colcon_core.environment:checking '/home/mikks/ros2_px4_ws/install/example_mode_manual_cpp' for CMake module files
[4.023s] Level 1:colcon.colcon_core.environment:checking '/home/mikks/ros2_px4_ws/install/example_mode_manual_cpp' for CMake config files
[4.024s] Level 1:colcon.colcon_core.shell:create_environment_hook('example_mode_manual_cpp', 'cmake_prefix_path')
[4.024s] INFO:colcon.colcon_core.shell:Creating environment hook '/home/mikks/ros2_px4_ws/install/example_mode_manual_cpp/share/example_mode_manual_cpp/hook/cmake_prefix_path.ps1'
[4.024s] INFO:colcon.colcon_core.shell:Creating environment descriptor '/home/mikks/ros2_px4_ws/install/example_mode_manual_cpp/share/example_mode_manual_cpp/hook/cmake_prefix_path.dsv'
[4.025s] INFO:colcon.colcon_core.shell:Creating environment hook '/home/mikks/ros2_px4_ws/install/example_mode_manual_cpp/share/example_mode_manual_cpp/hook/cmake_prefix_path.sh'
[4.026s] Level 1:colcon.colcon_core.environment:checking '/home/mikks/ros2_px4_ws/install/example_mode_manual_cpp/lib'
[4.026s] Level 1:colcon.colcon_core.environment:checking '/home/mikks/ros2_px4_ws/install/example_mode_manual_cpp/bin'
[4.026s] Level 1:colcon.colcon_core.environment:checking '/home/mikks/ros2_px4_ws/install/example_mode_manual_cpp/lib/pkgconfig/example_mode_manual_cpp.pc'
[4.026s] Level 1:colcon.colcon_core.environment:checking '/home/mikks/ros2_px4_ws/install/example_mode_manual_cpp/lib/python3.12/site-packages'
[4.026s] Level 1:colcon.colcon_core.environment:checking '/home/mikks/ros2_px4_ws/install/example_mode_manual_cpp/bin'
[4.027s] INFO:colcon.colcon_core.shell:Creating package script '/home/mikks/ros2_px4_ws/install/example_mode_manual_cpp/share/example_mode_manual_cpp/package.ps1'
[4.027s] INFO:colcon.colcon_core.shell:Creating package descriptor '/home/mikks/ros2_px4_ws/install/example_mode_manual_cpp/share/example_mode_manual_cpp/package.dsv'
[4.028s] INFO:colcon.colcon_core.shell:Creating package script '/home/mikks/ros2_px4_ws/install/example_mode_manual_cpp/share/example_mode_manual_cpp/package.sh'
[4.028s] INFO:colcon.colcon_core.shell:Creating package script '/home/mikks/ros2_px4_ws/install/example_mode_manual_cpp/share/example_mode_manual_cpp/package.bash'
[4.029s] INFO:colcon.colcon_core.shell:Creating package script '/home/mikks/ros2_px4_ws/install/example_mode_manual_cpp/share/example_mode_manual_cpp/package.zsh'
[4.029s] Level 1:colcon.colcon_core.environment:create_file_with_runtime_dependencies(/home/mikks/ros2_px4_ws/install/example_mode_manual_cpp/share/colcon-core/packages/example_mode_manual_cpp)
[4.034s] DEBUG:colcon.colcon_core.event_handler.log_command:Invoking command in '/home/mikks/ros2_px4_ws/build/example_mode_vtol_cpp': CMAKE_PREFIX_PATH=/home/mikks/ros2_px4_ws/install/px4_ros2_cpp:/home/mikks/ros2_px4_ws/install/px4_msgs:/home/mikks/ros2_px4_ws/install/px4_ros_com:/home/mikks/ros2_px4_ws/install/px4_ros2_py:/home/mikks/ros2_px4_ws/install/example_rover_velocity_mode_cpp:/home/mikks/ros2_px4_ws/install/example_mode_with_executor_cpp:/home/mikks/ros2_px4_ws/install/example_mode_vtol_cpp:/home/mikks/ros2_px4_ws/install/example_mode_rtl_replacement_cpp:/home/mikks/ros2_px4_ws/install/example_mode_mission_cpp:/home/mikks/ros2_px4_ws/install/example_mode_manual_cpp:/home/mikks/ros2_px4_ws/install/example_mode_goto_global_cpp:/home/mikks/ros2_px4_ws/install/example_mode_goto_cpp:/home/mikks/ros2_px4_ws/install/example_mode_fw_attitude_cpp:/home/mikks/ros2_px4_ws/install/example_local_navigation_cpp:/home/mikks/ros2_px4_ws/install/example_global_navigation_cpp:/home/mikks/ros2_px4_ws/install/example_executor_with_multiple_modes_cpp:/home/mikks/crazyflie_mapping_demo/ros2_ws/install/crazyflie_ros2_multiranger_bringup:/home/mikks/crazyflie_mapping_demo/ros2_ws/install/ros_gz_crazyflie_bringup:/home/mikks/crazyflie_mapping_demo/ros2_ws/install/ros_gz_crazyflie_gazebo:/home/mikks/crazyflie_mapping_demo/ros2_ws/install/crazyflie_sim:/home/mikks/crazyflie_mapping_demo/ros2_ws/install/crazyflie_examples:/home/mikks/crazyflie_mapping_demo/ros2_ws/install/crazyflie:/home/mikks/crazyflie_mapping_demo/ros2_ws/install/crazyflie_interfaces:/opt/ros/jazzy/opt/gz_sim_vendor:/opt/ros/jazzy/opt/gz_sensors_vendor:/opt/ros/jazzy/opt/gz_physics_vendor:/opt/ros/jazzy/opt/sdformat_vendor:/opt/ros/jazzy/opt/gz_gui_vendor:/opt/ros/jazzy/opt/gz_transport_vendor:/opt/ros/jazzy/opt/gz_rendering_vendor:/opt/ros/jazzy/opt/gz_plugin_vendor:/opt/ros/jazzy/opt/gz_fuel_tools_vendor:/opt/ros/jazzy/opt/gz_msgs_vendor:/opt/ros/jazzy/opt/gz_common_vendor:/opt/ros/jazzy/opt/gz_math_vendor:/opt/ros/jazzy/opt/gz_utils_vendor:/opt/ros/jazzy/opt/gz_tools_vendor:/opt/ros/jazzy/opt/gz_ogre_next_vendor:/opt/ros/jazzy/opt/gz_dartsim_vendor:/opt/ros/jazzy/opt/gz_cmake_vendor:/home/mikks/ros2_px4_ws/install/x500_hover_controller:/home/mikks/ros2_px4_ws/install/example_mode_with_rclpy_py:/home/mikks/ros2_px4_ws/install/example_mode_goto_py:/home/mikks/ros2_px4_ws/install/px4_actuator_ctrl:/home/mikks/ros2_ws/install/rover_desc_description:/home/mikks/ros2_ws/install/px4_actuator_ctrl:/home/mikks/ros2_ws/install/mine_rover_description:/home/mikks/ros2_ws/install/ZerionURDFV5cp_description:/home/mikks/crazyflie_mapping_demo/ros2_ws/install/velocity_free_consensus:/home/mikks/crazyflie_mapping_demo/ros2_ws/install/stepwise_lowpos:/home/mikks/crazyflie_mapping_demo/ros2_ws/install/step_wise_lowpos:/home/mikks/crazyflie_mapping_demo/ros2_ws/install/second_order_formation_control:/home/mikks/crazyflie_mapping_demo/ros2_ws/install/ros_gz_crazyflie_control:/home/mikks/crazyflie_mapping_demo/ros2_ws/install/mixed_fractional_consensus:/home/mikks/crazyflie_mapping_demo/ros2_ws/install/lowest_pos:/home/mikks/crazyflie_mapping_demo/ros2_ws/install/linear_consensus:/home/mikks/crazyflie_mapping_demo/ros2_ws/install/highest_pos:/home/mikks/crazyflie_mapping_demo/ros2_ws/install/fractional_consensus_alpha:/home/mikks/crazyflie_mapping_demo/ros2_ws/install/event_triggered_swarm:/home/mikks/crazyflie_mapping_demo/ros2_ws/install/drone_logger:/home/mikks/crazyflie_mapping_demo/ros2_ws/install/distributed_average_tracking:/home/mikks/crazyflie_mapping_demo/ros2_ws/install/crazyflie_swarm_logic:/home/mikks/crazyflie_mapping_demo/ros2_ws/install/crazyflie_ros2_multiranger_wall_following:/home/mikks/crazyflie_mapping_demo/ros2_ws/install/crazyflie_ros2_multiranger_simple_mapper:/home/mikks/crazyflie_mapping_demo/ros2_ws/install/crazyflie_py:/home/mikks/crazyflie_mapping_demo/ros2_ws/install/cooperative_target_centric_formation:/home/mikks/crazyflie_mapping_demo/ros2_ws/install/containment_using_agent_information:/home/mikks/crazyflie_mapping_demo/ros2_ws/install/consensus_for_double_integrator:/home/mikks/crazyflie_mapping_demo/ros2_ws/install/consensus_alignment:/home/mikks/crazyflie_mapping_demo/ros2_ws/install/binary_consensus:/home/mikks/crazyflie_mapping_demo/ros2_ws/install/Second_Order_Min_Consensus_for_Heterogeneous_Agents:/home/mikks/crazyflie_mapping_demo/ros2_ws/install/BinaryContainmentChain:/opt/ros/jazzy DEBUGINFOD_URLS=https://debuginfod.ubuntu.com LD_LIBRARY_PATH=/home/mikks/ros2_px4_ws/install/px4_ros2_cpp/lib:/home/mikks/ros2_px4_ws/install/px4_msgs/lib:/home/mikks/ros2_px4_ws/install/px4_ros_com/lib:/home/mikks/NatNet_SDK_4.3_ubuntu/lib:/home/mikks/crazyflie_mapping_demo/ros2_ws/install/crazyflie_interfaces/lib:/opt/ros/jazzy/opt/gz_sim_vendor/lib:/opt/ros/jazzy/opt/gz_sensors_vendor/lib:/opt/ros/jazzy/opt/gz_physics_vendor/lib:/opt/ros/jazzy/opt/sdformat_vendor/lib:/opt/ros/jazzy/opt/rviz_ogre_vendor/lib:/opt/ros/jazzy/lib/x86_64-linux-gnu:/opt/ros/jazzy/opt/gz_gui_vendor/lib:/opt/ros/jazzy/opt/gz_transport_vendor/lib:/opt/ros/jazzy/opt/gz_rendering_vendor/lib:/opt/ros/jazzy/opt/gz_plugin_vendor/lib:/opt/ros/jazzy/opt/gz_fuel_tools_vendor/lib:/opt/ros/jazzy/opt/gz_msgs_vendor/lib:/opt/ros/jazzy/opt/gz_common_vendor/lib:/opt/ros/jazzy/opt/gz_math_vendor/lib:/opt/ros/jazzy/opt/gz_utils_vendor/lib:/opt/ros/jazzy/opt/gz_tools_vendor/lib:/opt/ros/jazzy/opt/gz_ogre_next_vendor/lib:/opt/ros/jazzy/opt/gz_dartsim_vendor/lib:/opt/ros/jazzy/opt/gz_cmake_vendor/lib:/opt/ros/jazzy/lib PYTHONPATH=/home/mikks/ros2_px4_ws/install/px4_msgs/lib/python3.12/site-packages:/home/mikks/ros2_px4_ws/build/x500_hover_controller:/home/mikks/ros2_px4_ws/install/x500_hover_controller/lib/python3.12/site-packages:/home/mikks/ros2_px4_ws/install/px4_ros_com/lib/python3.12/site-packages:/home/mikks/ros2_px4_ws/build/example_mode_with_rclpy_py:/home/mikks/ros2_px4_ws/install/example_mode_with_rclpy_py/lib/python3.12/site-packages:/home/mikks/ros2_px4_ws/build/example_mode_goto_py:/home/mikks/ros2_px4_ws/install/example_mode_goto_py/lib/python3.12/site-packages:/home/mikks/ros2_px4_ws/install/px4_ros2_py/lib/python3.12/site-packages:/home/mikks/ros2_px4_ws/build/px4_actuator_ctrl:/home/mikks/ros2_px4_ws/install/px4_actuator_ctrl/lib/python3.12/site-packages:/home/mikks/ros2_ws/build/rover_desc_description:/home/mikks/ros2_ws/install/rover_desc_description/lib/python3.12/site-packages:/home/mikks/ros2_ws/install/px4_actuator_ctrl/lib/python3.12/site-packages:/home/mikks/ros2_ws/build/mine_rover_description:/home/mikks/ros2_ws/install/mine_rover_description/lib/python3.12/site-packages:/home/mikks/ros2_ws/build/ZerionURDFV5cp_description:/home/mikks/ros2_ws/install/ZerionURDFV5cp_description/lib/python3.12/site-packages:/home/mikks/crazyflie_mapping_demo/ros2_ws/install/velocity_free_consensus/lib/python3.12/site-packages:/home/mikks/crazyflie_mapping_demo/ros2_ws/install/stepwise_lowpos/lib/python3.12/site-packages:/home/mikks/crazyflie_mapping_demo/ros2_ws/install/step_wise_lowpos/lib/python3.12/site-packages:/home/mikks/crazyflie_mapping_demo/ros2_ws/install/second_order_formation_control/lib/python3.12/site-packages:/home/mikks/crazyflie_mapping_demo/ros2_ws/install/ros_gz_crazyflie_control/lib/python3.12/site-packages:/home/mikks/crazyflie_mapping_demo/ros2_ws/install/mixed_fractional_consensus/lib/python3.12/site-packages:/home/mikks/crazyflie_mapping_demo/ros2_ws/install/lowest_pos/lib/python3.12/site-packages:/home/mikks/crazyflie_mapping_demo/ros2_ws/install/linear_consensus/lib/python3.12/site-packages:/home/mikks/crazyflie_mapping_demo/ros2_ws/install/highest_pos/lib/python3.12/site-packages:/home/mikks/crazyflie_mapping_demo/ros2_ws/install/fractional_consensus_alpha/lib/python3.12/site-packages:/home/mikks/crazyflie_mapping_demo/ros2_ws/install/event_triggered_swarm/lib/python3.12/site-packages:/home/mikks/crazyflie_mapping_demo/ros2_ws/install/drone_logger/lib/python3.12/site-packages:/home/mikks/crazyflie_mapping_demo/ros2_ws/install/distributed_average_tracking/lib/python3.12/site-packages:/home/mikks/crazyflie_mapping_demo/ros2_ws/install/crazyflie_swarm_logic/lib/python3.12/site-packages:/home/mikks/crazyflie_mapping_demo/ros2_ws/install/crazyflie_sim/lib/python3.12/site-packages:/home/mikks/crazyflie_mapping_demo/ros2_ws/install/crazyflie_ros2_multiranger_wall_following/lib/python3.12/site-packages:/home/mikks/crazyflie_mapping_demo/ros2_ws/install/crazyflie_ros2_multiranger_simple_mapper/lib/python3.12/site-packages:/home/mikks/crazyflie_mapping_demo/ros2_ws/install/crazyflie_examples/lib/python3.12/site-packages:/home/mikks/crazyflie_mapping_demo/ros2_ws/install/crazyflie_py/lib/python3.12/site-packages:/home/mikks/crazyflie_mapping_demo/ros2_ws/install/crazyflie_interfaces/lib/python3.12/site-packages:/home/mikks/crazyflie_mapping_demo/ros2_ws/install/cooperative_target_centric_formation/lib/python3.12/site-packages:/home/mikks/crazyflie_mapping_demo/ros2_ws/install/containment_using_agent_information/lib/python3.12/site-packages:/home/mikks/crazyflie_mapping_demo/ros2_ws/install/consensus_for_double_integrator/lib/python3.12/site-packages:/home/mikks/crazyflie_mapping_demo/ros2_ws/install/consensus_alignment/lib/python3.12/site-packages:/home/mikks/crazyflie_mapping_demo/ros2_ws/install/binary_consensus/lib/python3.12/site-packages:/home/mikks/crazyflie_mapping_demo/ros2_ws/install/Second_Order_Min_Consensus_for_Heterogeneous_Agents/lib/python3.12/site-packages:/home/mikks/crazyflie_mapping_demo/ros2_ws/install/BinaryContainmentChain/lib/python3.12/site-packages:/opt/ros/jazzy/lib/python3.12/site-packages /usr/bin/cmake --build /home/mikks/ros2_px4_ws/build/example_mode_vtol_cpp -- -j12 -l12
[4.034s] Level 1:colcon.colcon_core.environment:create_environment_scripts_only(example_mode_mission_cpp)
[4.035s] Level 1:colcon.colcon_core.environment:checking '/home/mikks/ros2_px4_ws/install/example_mode_mission_cpp' for CMake module files
[4.035s] DEBUG:colcon.colcon_core.event_handler.log_command:Invoked command in '/home/mikks/ros2_px4_ws/build/example_mode_mission_cpp' returned '0': CMAKE_PREFIX_PATH=/home/mikks/ros2_px4_ws/install/px4_ros2_cpp:/home/mikks/ros2_px4_ws/install/px4_msgs:/home/mikks/ros2_px4_ws/install/px4_ros_com:/home/mikks/ros2_px4_ws/install/px4_ros2_py:/home/mikks/ros2_px4_ws/install/example_rover_velocity_mode_cpp:/home/mikks/ros2_px4_ws/install/example_mode_with_executor_cpp:/home/mikks/ros2_px4_ws/install/example_mode_vtol_cpp:/home/mikks/ros2_px4_ws/install/example_mode_rtl_replacement_cpp:/home/mikks/ros2_px4_ws/install/example_mode_mission_cpp:/home/mikks/ros2_px4_ws/install/example_mode_manual_cpp:/home/mikks/ros2_px4_ws/install/example_mode_goto_global_cpp:/home/mikks/ros2_px4_ws/install/example_mode_goto_cpp:/home/mikks/ros2_px4_ws/install/example_mode_fw_attitude_cpp:/home/mikks/ros2_px4_ws/install/example_local_navigation_cpp:/home/mikks/ros2_px4_ws/install/example_global_navigation_cpp:/home/mikks/ros2_px4_ws/install/example_executor_with_multiple_modes_cpp:/home/mikks/crazyflie_mapping_demo/ros2_ws/install/crazyflie_ros2_multiranger_bringup:/home/mikks/crazyflie_mapping_demo/ros2_ws/install/ros_gz_crazyflie_bringup:/home/mikks/crazyflie_mapping_demo/ros2_ws/install/ros_gz_crazyflie_gazebo:/home/mikks/crazyflie_mapping_demo/ros2_ws/install/crazyflie_sim:/home/mikks/crazyflie_mapping_demo/ros2_ws/install/crazyflie_examples:/home/mikks/crazyflie_mapping_demo/ros2_ws/install/crazyflie:/home/mikks/crazyflie_mapping_demo/ros2_ws/install/crazyflie_interfaces:/opt/ros/jazzy/opt/gz_sim_vendor:/opt/ros/jazzy/opt/gz_sensors_vendor:/opt/ros/jazzy/opt/gz_physics_vendor:/opt/ros/jazzy/opt/sdformat_vendor:/opt/ros/jazzy/opt/gz_gui_vendor:/opt/ros/jazzy/opt/gz_transport_vendor:/opt/ros/jazzy/opt/gz_rendering_vendor:/opt/ros/jazzy/opt/gz_plugin_vendor:/opt/ros/jazzy/opt/gz_fuel_tools_vendor:/opt/ros/jazzy/opt/gz_msgs_vendor:/opt/ros/jazzy/opt/gz_common_vendor:/opt/ros/jazzy/opt/gz_math_vendor:/opt/ros/jazzy/opt/gz_utils_vendor:/opt/ros/jazzy/opt/gz_tools_vendor:/opt/ros/jazzy/opt/gz_ogre_next_vendor:/opt/ros/jazzy/opt/gz_dartsim_vendor:/opt/ros/jazzy/opt/gz_cmake_vendor:/home/mikks/ros2_px4_ws/install/x500_hover_controller:/home/mikks/ros2_px4_ws/install/example_mode_with_rclpy_py:/home/mikks/ros2_px4_ws/install/example_mode_goto_py:/home/mikks/ros2_px4_ws/install/px4_actuator_ctrl:/home/mikks/ros2_ws/install/rover_desc_description:/home/mikks/ros2_ws/install/px4_actuator_ctrl:/home/mikks/ros2_ws/install/mine_rover_description:/home/mikks/ros2_ws/install/ZerionURDFV5cp_description:/home/mikks/crazyflie_mapping_demo/ros2_ws/install/velocity_free_consensus:/home/mikks/crazyflie_mapping_demo/ros2_ws/install/stepwise_lowpos:/home/mikks/crazyflie_mapping_demo/ros2_ws/install/step_wise_lowpos:/home/mikks/crazyflie_mapping_demo/ros2_ws/install/second_order_formation_control:/home/mikks/crazyflie_mapping_demo/ros2_ws/install/ros_gz_crazyflie_control:/home/mikks/crazyflie_mapping_demo/ros2_ws/install/mixed_fractional_consensus:/home/mikks/crazyflie_mapping_demo/ros2_ws/install/lowest_pos:/home/mikks/crazyflie_mapping_demo/ros2_ws/install/linear_consensus:/home/mikks/crazyflie_mapping_demo/ros2_ws/install/highest_pos:/home/mikks/crazyflie_mapping_demo/ros2_ws/install/fractional_consensus_alpha:/home/mikks/crazyflie_mapping_demo/ros2_ws/install/event_triggered_swarm:/home/mikks/crazyflie_mapping_demo/ros2_ws/install/drone_logger:/home/mikks/crazyflie_mapping_demo/ros2_ws/install/distributed_average_tracking:/home/mikks/crazyflie_mapping_demo/ros2_ws/install/crazyflie_swarm_logic:/home/mikks/crazyflie_mapping_demo/ros2_ws/install/crazyflie_ros2_multiranger_wall_following:/home/mikks/crazyflie_mapping_demo/ros2_ws/install/crazyflie_ros2_multiranger_simple_mapper:/home/mikks/crazyflie_mapping_demo/ros2_ws/install/crazyflie_py:/home/mikks/crazyflie_mapping_demo/ros2_ws/install/cooperative_target_centric_formation:/home/mikks/crazyflie_mapping_demo/ros2_ws/install/containment_using_agent_information:/home/mikks/crazyflie_mapping_demo/ros2_ws/install/consensus_for_double_integrator:/home/mikks/crazyflie_mapping_demo/ros2_ws/install/consensus_alignment:/home/mikks/crazyflie_mapping_demo/ros2_ws/install/binary_consensus:/home/mikks/crazyflie_mapping_demo/ros2_ws/install/Second_Order_Min_Consensus_for_Heterogeneous_Agents:/home/mikks/crazyflie_mapping_demo/ros2_ws/install/BinaryContainmentChain:/opt/ros/jazzy DEBUGINFOD_URLS=https://debuginfod.ubuntu.com LD_LIBRARY_PATH=/home/mikks/ros2_px4_ws/install/px4_ros2_cpp/lib:/home/mikks/ros2_px4_ws/install/px4_msgs/lib:/home/mikks/ros2_px4_ws/install/px4_ros_com/lib:/home/mikks/NatNet_SDK_4.3_ubuntu/lib:/home/mikks/crazyflie_mapping_demo/ros2_ws/install/crazyflie_interfaces/lib:/opt/ros/jazzy/opt/gz_sim_vendor/lib:/opt/ros/jazzy/opt/gz_sensors_vendor/lib:/opt/ros/jazzy/opt/gz_physics_vendor/lib:/opt/ros/jazzy/opt/sdformat_vendor/lib:/opt/ros/jazzy/opt/rviz_ogre_vendor/lib:/opt/ros/jazzy/lib/x86_64-linux-gnu:/opt/ros/jazzy/opt/gz_gui_vendor/lib:/opt/ros/jazzy/opt/gz_transport_vendor/lib:/opt/ros/jazzy/opt/gz_rendering_vendor/lib:/opt/ros/jazzy/opt/gz_plugin_vendor/lib:/opt/ros/jazzy/opt/gz_fuel_tools_vendor/lib:/opt/ros/jazzy/opt/gz_msgs_vendor/lib:/opt/ros/jazzy/opt/gz_common_vendor/lib:/opt/ros/jazzy/opt/gz_math_vendor/lib:/opt/ros/jazzy/opt/gz_utils_vendor/lib:/opt/ros/jazzy/opt/gz_tools_vendor/lib:/opt/ros/jazzy/opt/gz_ogre_next_vendor/lib:/opt/ros/jazzy/opt/gz_dartsim_vendor/lib:/opt/ros/jazzy/opt/gz_cmake_vendor/lib:/opt/ros/jazzy/lib PYTHONPATH=/home/mikks/ros2_px4_ws/install/px4_msgs/lib/python3.12/site-packages:/home/mikks/ros2_px4_ws/build/x500_hover_controller:/home/mikks/ros2_px4_ws/install/x500_hover_controller/lib/python3.12/site-packages:/home/mikks/ros2_px4_ws/install/px4_ros_com/lib/python3.12/site-packages:/home/mikks/ros2_px4_ws/build/example_mode_with_rclpy_py:/home/mikks/ros2_px4_ws/install/example_mode_with_rclpy_py/lib/python3.12/site-packages:/home/mikks/ros2_px4_ws/build/example_mode_goto_py:/home/mikks/ros2_px4_ws/install/example_mode_goto_py/lib/python3.12/site-packages:/home/mikks/ros2_px4_ws/install/px4_ros2_py/lib/python3.12/site-packages:/home/mikks/ros2_px4_ws/build/px4_actuator_ctrl:/home/mikks/ros2_px4_ws/install/px4_actuator_ctrl/lib/python3.12/site-packages:/home/mikks/ros2_ws/build/rover_desc_description:/home/mikks/ros2_ws/install/rover_desc_description/lib/python3.12/site-packages:/home/mikks/ros2_ws/install/px4_actuator_ctrl/lib/python3.12/site-packages:/home/mikks/ros2_ws/build/mine_rover_description:/home/mikks/ros2_ws/install/mine_rover_description/lib/python3.12/site-packages:/home/mikks/ros2_ws/build/ZerionURDFV5cp_description:/home/mikks/ros2_ws/install/ZerionURDFV5cp_description/lib/python3.12/site-packages:/home/mikks/crazyflie_mapping_demo/ros2_ws/install/velocity_free_consensus/lib/python3.12/site-packages:/home/mikks/crazyflie_mapping_demo/ros2_ws/install/stepwise_lowpos/lib/python3.12/site-packages:/home/mikks/crazyflie_mapping_demo/ros2_ws/install/step_wise_lowpos/lib/python3.12/site-packages:/home/mikks/crazyflie_mapping_demo/ros2_ws/install/second_order_formation_control/lib/python3.12/site-packages:/home/mikks/crazyflie_mapping_demo/ros2_ws/install/ros_gz_crazyflie_control/lib/python3.12/site-packages:/home/mikks/crazyflie_mapping_demo/ros2_ws/install/mixed_fractional_consensus/lib/python3.12/site-packages:/home/mikks/crazyflie_mapping_demo/ros2_ws/install/lowest_pos/lib/python3.12/site-packages:/home/mikks/crazyflie_mapping_demo/ros2_ws/install/linear_consensus/lib/python3.12/site-packages:/home/mikks/crazyflie_mapping_demo/ros2_ws/install/highest_pos/lib/python3.12/site-packages:/home/mikks/crazyflie_mapping_demo/ros2_ws/install/fractional_consensus_alpha/lib/python3.12/site-packages:/home/mikks/crazyflie_mapping_demo/ros2_ws/install/event_triggered_swarm/lib/python3.12/site-packages:/home/mikks/crazyflie_mapping_demo/ros2_ws/install/drone_logger/lib/python3.12/site-packages:/home/mikks/crazyflie_mapping_demo/ros2_ws/install/distributed_average_tracking/lib/python3.12/site-packages:/home/mikks/crazyflie_mapping_demo/ros2_ws/install/crazyflie_swarm_logic/lib/python3.12/site-packages:/home/mikks/crazyflie_mapping_demo/ros2_ws/install/crazyflie_sim/lib/python3.12/site-packages:/home/mikks/crazyflie_mapping_demo/ros2_ws/install/crazyflie_ros2_multiranger_wall_following/lib/python3.12/site-packages:/home/mikks/crazyflie_mapping_demo/ros2_ws/install/crazyflie_ros2_multiranger_simple_mapper/lib/python3.12/site-packages:/home/mikks/crazyflie_mapping_demo/ros2_ws/install/crazyflie_examples/lib/python3.12/site-packages:/home/mikks/crazyflie_mapping_demo/ros2_ws/install/crazyflie_py/lib/python3.12/site-packages:/home/mikks/crazyflie_mapping_demo/ros2_ws/install/crazyflie_interfaces/lib/python3.12/site-packages:/home/mikks/crazyflie_mapping_demo/ros2_ws/install/cooperative_target_centric_formation/lib/python3.12/site-packages:/home/mikks/crazyflie_mapping_demo/ros2_ws/install/containment_using_agent_information/lib/python3.12/site-packages:/home/mikks/crazyflie_mapping_demo/ros2_ws/install/consensus_for_double_integrator/lib/python3.12/site-packages:/home/mikks/crazyflie_mapping_demo/ros2_ws/install/consensus_alignment/lib/python3.12/site-packages:/home/mikks/crazyflie_mapping_demo/ros2_ws/install/binary_consensus/lib/python3.12/site-packages:/home/mikks/crazyflie_mapping_demo/ros2_ws/install/Second_Order_Min_Consensus_for_Heterogeneous_Agents/lib/python3.12/site-packages:/home/mikks/crazyflie_mapping_demo/ros2_ws/install/BinaryContainmentChain/lib/python3.12/site-packages:/opt/ros/jazzy/lib/python3.12/site-packages /usr/bin/cmake --install /home/mikks/ros2_px4_ws/build/example_mode_mission_cpp
[4.036s] Level 1:colcon.colcon_core.environment:checking '/home/mikks/ros2_px4_ws/install/example_mode_mission_cpp' for CMake config files
[4.036s] Level 1:colcon.colcon_core.shell:create_environment_hook('example_mode_mission_cpp', 'cmake_prefix_path')
[4.036s] INFO:colcon.colcon_core.shell:Creating environment hook '/home/mikks/ros2_px4_ws/install/example_mode_mission_cpp/share/example_mode_mission_cpp/hook/cmake_prefix_path.ps1'
[4.036s] INFO:colcon.colcon_core.shell:Creating environment descriptor '/home/mikks/ros2_px4_ws/install/example_mode_mission_cpp/share/example_mode_mission_cpp/hook/cmake_prefix_path.dsv'
[4.037s] INFO:colcon.colcon_core.shell:Creating environment hook '/home/mikks/ros2_px4_ws/install/example_mode_mission_cpp/share/example_mode_mission_cpp/hook/cmake_prefix_path.sh'
[4.037s] Level 1:colcon.colcon_core.environment:checking '/home/mikks/ros2_px4_ws/install/example_mode_mission_cpp/lib'
[4.037s] Level 1:colcon.colcon_core.environment:checking '/home/mikks/ros2_px4_ws/install/example_mode_mission_cpp/bin'
[4.037s] Level 1:colcon.colcon_core.environment:checking '/home/mikks/ros2_px4_ws/install/example_mode_mission_cpp/lib/pkgconfig/example_mode_mission_cpp.pc'
[4.038s] Level 1:colcon.colcon_core.environment:checking '/home/mikks/ros2_px4_ws/install/example_mode_mission_cpp/lib/python3.12/site-packages'
[4.038s] Level 1:colcon.colcon_core.environment:checking '/home/mikks/ros2_px4_ws/install/example_mode_mission_cpp/bin'
[4.038s] INFO:colcon.colcon_core.shell:Creating package script '/home/mikks/ros2_px4_ws/install/example_mode_mission_cpp/share/example_mode_mission_cpp/package.ps1'
[4.039s] INFO:colcon.colcon_core.shell:Creating package descriptor '/home/mikks/ros2_px4_ws/install/example_mode_mission_cpp/share/example_mode_mission_cpp/package.dsv'
[4.039s] INFO:colcon.colcon_core.shell:Creating package script '/home/mikks/ros2_px4_ws/install/example_mode_mission_cpp/share/example_mode_mission_cpp/package.sh'
[4.039s] INFO:colcon.colcon_core.shell:Creating package script '/home/mikks/ros2_px4_ws/install/example_mode_mission_cpp/share/example_mode_mission_cpp/package.bash'
[4.040s] INFO:colcon.colcon_core.shell:Creating package script '/home/mikks/ros2_px4_ws/install/example_mode_mission_cpp/share/example_mode_mission_cpp/package.zsh'
[4.040s] Level 1:colcon.colcon_core.environment:create_file_with_runtime_dependencies(/home/mikks/ros2_px4_ws/install/example_mode_mission_cpp/share/colcon-core/packages/example_mode_mission_cpp)
[4.040s] Level 1:colcon.colcon_core.environment:create_environment_scripts_only(example_mode_mission_cpp)
[4.041s] Level 1:colcon.colcon_core.environment:checking '/home/mikks/ros2_px4_ws/install/example_mode_mission_cpp' for CMake module files
[4.041s] Level 1:colcon.colcon_core.environment:checking '/home/mikks/ros2_px4_ws/install/example_mode_mission_cpp' for CMake config files
[4.041s] Level 1:colcon.colcon_core.shell:create_environment_hook('example_mode_mission_cpp', 'cmake_prefix_path')
[4.042s] INFO:colcon.colcon_core.shell:Creating environment hook '/home/mikks/ros2_px4_ws/install/example_mode_mission_cpp/share/example_mode_mission_cpp/hook/cmake_prefix_path.ps1'
[4.042s] INFO:colcon.colcon_core.shell:Creating environment descriptor '/home/mikks/ros2_px4_ws/install/example_mode_mission_cpp/share/example_mode_mission_cpp/hook/cmake_prefix_path.dsv'
[4.042s] INFO:colcon.colcon_core.shell:Creating environment hook '/home/mikks/ros2_px4_ws/install/example_mode_mission_cpp/share/example_mode_mission_cpp/hook/cmake_prefix_path.sh'
[4.043s] Level 1:colcon.colcon_core.environment:checking '/home/mikks/ros2_px4_ws/install/example_mode_mission_cpp/lib'
[4.043s] Level 1:colcon.colcon_core.environment:checking '/home/mikks/ros2_px4_ws/install/example_mode_mission_cpp/bin'
[4.043s] Level 1:colcon.colcon_core.environment:checking '/home/mikks/ros2_px4_ws/install/example_mode_mission_cpp/lib/pkgconfig/example_mode_mission_cpp.pc'
[4.043s] Level 1:colcon.colcon_core.environment:checking '/home/mikks/ros2_px4_ws/install/example_mode_mission_cpp/lib/python3.12/site-packages'
[4.043s] Level 1:colcon.colcon_core.environment:checking '/home/mikks/ros2_px4_ws/install/example_mode_mission_cpp/bin'
[4.044s] INFO:colcon.colcon_core.shell:Creating package script '/home/mikks/ros2_px4_ws/install/example_mode_mission_cpp/share/example_mode_mission_cpp/package.ps1'
[4.044s] INFO:colcon.colcon_core.shell:Creating package descriptor '/home/mikks/ros2_px4_ws/install/example_mode_mission_cpp/share/example_mode_mission_cpp/package.dsv'
[4.045s] INFO:colcon.colcon_core.shell:Creating package script '/home/mikks/ros2_px4_ws/install/example_mode_mission_cpp/share/example_mode_mission_cpp/package.sh'
[4.045s] INFO:colcon.colcon_core.shell:Creating package script '/home/mikks/ros2_px4_ws/install/example_mode_mission_cpp/share/example_mode_mission_cpp/package.bash'
[4.046s] INFO:colcon.colcon_core.shell:Creating package script '/home/mikks/ros2_px4_ws/install/example_mode_mission_cpp/share/example_mode_mission_cpp/package.zsh'
[4.046s] Level 1:colcon.colcon_core.environment:create_file_with_runtime_dependencies(/home/mikks/ros2_px4_ws/install/example_mode_mission_cpp/share/colcon-core/packages/example_mode_mission_cpp)
[4.049s] DEBUG:colcon.colcon_core.event_handler.log_command:Invoking command in '/home/mikks/ros2_px4_ws/build/example_mode_with_executor_cpp': CMAKE_PREFIX_PATH=/home/mikks/ros2_px4_ws/install/px4_ros2_cpp:/home/mikks/ros2_px4_ws/install/px4_msgs:/home/mikks/ros2_px4_ws/install/px4_ros_com:/home/mikks/ros2_px4_ws/install/px4_ros2_py:/home/mikks/ros2_px4_ws/install/example_rover_velocity_mode_cpp:/home/mikks/ros2_px4_ws/install/example_mode_with_executor_cpp:/home/mikks/ros2_px4_ws/install/example_mode_vtol_cpp:/home/mikks/ros2_px4_ws/install/example_mode_rtl_replacement_cpp:/home/mikks/ros2_px4_ws/install/example_mode_mission_cpp:/home/mikks/ros2_px4_ws/install/example_mode_manual_cpp:/home/mikks/ros2_px4_ws/install/example_mode_goto_global_cpp:/home/mikks/ros2_px4_ws/install/example_mode_goto_cpp:/home/mikks/ros2_px4_ws/install/example_mode_fw_attitude_cpp:/home/mikks/ros2_px4_ws/install/example_local_navigation_cpp:/home/mikks/ros2_px4_ws/install/example_global_navigation_cpp:/home/mikks/ros2_px4_ws/install/example_executor_with_multiple_modes_cpp:/home/mikks/crazyflie_mapping_demo/ros2_ws/install/crazyflie_ros2_multiranger_bringup:/home/mikks/crazyflie_mapping_demo/ros2_ws/install/ros_gz_crazyflie_bringup:/home/mikks/crazyflie_mapping_demo/ros2_ws/install/ros_gz_crazyflie_gazebo:/home/mikks/crazyflie_mapping_demo/ros2_ws/install/crazyflie_sim:/home/mikks/crazyflie_mapping_demo/ros2_ws/install/crazyflie_examples:/home/mikks/crazyflie_mapping_demo/ros2_ws/install/crazyflie:/home/mikks/crazyflie_mapping_demo/ros2_ws/install/crazyflie_interfaces:/opt/ros/jazzy/opt/gz_sim_vendor:/opt/ros/jazzy/opt/gz_sensors_vendor:/opt/ros/jazzy/opt/gz_physics_vendor:/opt/ros/jazzy/opt/sdformat_vendor:/opt/ros/jazzy/opt/gz_gui_vendor:/opt/ros/jazzy/opt/gz_transport_vendor:/opt/ros/jazzy/opt/gz_rendering_vendor:/opt/ros/jazzy/opt/gz_plugin_vendor:/opt/ros/jazzy/opt/gz_fuel_tools_vendor:/opt/ros/jazzy/opt/gz_msgs_vendor:/opt/ros/jazzy/opt/gz_common_vendor:/opt/ros/jazzy/opt/gz_math_vendor:/opt/ros/jazzy/opt/gz_utils_vendor:/opt/ros/jazzy/opt/gz_tools_vendor:/opt/ros/jazzy/opt/gz_ogre_next_vendor:/opt/ros/jazzy/opt/gz_dartsim_vendor:/opt/ros/jazzy/opt/gz_cmake_vendor:/home/mikks/ros2_px4_ws/install/x500_hover_controller:/home/mikks/ros2_px4_ws/install/example_mode_with_rclpy_py:/home/mikks/ros2_px4_ws/install/example_mode_goto_py:/home/mikks/ros2_px4_ws/install/px4_actuator_ctrl:/home/mikks/ros2_ws/install/rover_desc_description:/home/mikks/ros2_ws/install/px4_actuator_ctrl:/home/mikks/ros2_ws/install/mine_rover_description:/home/mikks/ros2_ws/install/ZerionURDFV5cp_description:/home/mikks/crazyflie_mapping_demo/ros2_ws/install/velocity_free_consensus:/home/mikks/crazyflie_mapping_demo/ros2_ws/install/stepwise_lowpos:/home/mikks/crazyflie_mapping_demo/ros2_ws/install/step_wise_lowpos:/home/mikks/crazyflie_mapping_demo/ros2_ws/install/second_order_formation_control:/home/mikks/crazyflie_mapping_demo/ros2_ws/install/ros_gz_crazyflie_control:/home/mikks/crazyflie_mapping_demo/ros2_ws/install/mixed_fractional_consensus:/home/mikks/crazyflie_mapping_demo/ros2_ws/install/lowest_pos:/home/mikks/crazyflie_mapping_demo/ros2_ws/install/linear_consensus:/home/mikks/crazyflie_mapping_demo/ros2_ws/install/highest_pos:/home/mikks/crazyflie_mapping_demo/ros2_ws/install/fractional_consensus_alpha:/home/mikks/crazyflie_mapping_demo/ros2_ws/install/event_triggered_swarm:/home/mikks/crazyflie_mapping_demo/ros2_ws/install/drone_logger:/home/mikks/crazyflie_mapping_demo/ros2_ws/install/distributed_average_tracking:/home/mikks/crazyflie_mapping_demo/ros2_ws/install/crazyflie_swarm_logic:/home/mikks/crazyflie_mapping_demo/ros2_ws/install/crazyflie_ros2_multiranger_wall_following:/home/mikks/crazyflie_mapping_demo/ros2_ws/install/crazyflie_ros2_multiranger_simple_mapper:/home/mikks/crazyflie_mapping_demo/ros2_ws/install/crazyflie_py:/home/mikks/crazyflie_mapping_demo/ros2_ws/install/cooperative_target_centric_formation:/home/mikks/crazyflie_mapping_demo/ros2_ws/install/containment_using_agent_information:/home/mikks/crazyflie_mapping_demo/ros2_ws/install/consensus_for_double_integrator:/home/mikks/crazyflie_mapping_demo/ros2_ws/install/consensus_alignment:/home/mikks/crazyflie_mapping_demo/ros2_ws/install/binary_consensus:/home/mikks/crazyflie_mapping_demo/ros2_ws/install/Second_Order_Min_Consensus_for_Heterogeneous_Agents:/home/mikks/crazyflie_mapping_demo/ros2_ws/install/BinaryContainmentChain:/opt/ros/jazzy DEBUGINFOD_URLS=https://debuginfod.ubuntu.com LD_LIBRARY_PATH=/home/mikks/ros2_px4_ws/install/px4_ros2_cpp/lib:/home/mikks/ros2_px4_ws/install/px4_msgs/lib:/home/mikks/ros2_px4_ws/install/px4_ros_com/lib:/home/mikks/NatNet_SDK_4.3_ubuntu/lib:/home/mikks/crazyflie_mapping_demo/ros2_ws/install/crazyflie_interfaces/lib:/opt/ros/jazzy/opt/gz_sim_vendor/lib:/opt/ros/jazzy/opt/gz_sensors_vendor/lib:/opt/ros/jazzy/opt/gz_physics_vendor/lib:/opt/ros/jazzy/opt/sdformat_vendor/lib:/opt/ros/jazzy/opt/rviz_ogre_vendor/lib:/opt/ros/jazzy/lib/x86_64-linux-gnu:/opt/ros/jazzy/opt/gz_gui_vendor/lib:/opt/ros/jazzy/opt/gz_transport_vendor/lib:/opt/ros/jazzy/opt/gz_rendering_vendor/lib:/opt/ros/jazzy/opt/gz_plugin_vendor/lib:/opt/ros/jazzy/opt/gz_fuel_tools_vendor/lib:/opt/ros/jazzy/opt/gz_msgs_vendor/lib:/opt/ros/jazzy/opt/gz_common_vendor/lib:/opt/ros/jazzy/opt/gz_math_vendor/lib:/opt/ros/jazzy/opt/gz_utils_vendor/lib:/opt/ros/jazzy/opt/gz_tools_vendor/lib:/opt/ros/jazzy/opt/gz_ogre_next_vendor/lib:/opt/ros/jazzy/opt/gz_dartsim_vendor/lib:/opt/ros/jazzy/opt/gz_cmake_vendor/lib:/opt/ros/jazzy/lib PYTHONPATH=/home/mikks/ros2_px4_ws/install/px4_msgs/lib/python3.12/site-packages:/home/mikks/ros2_px4_ws/build/x500_hover_controller:/home/mikks/ros2_px4_ws/install/x500_hover_controller/lib/python3.12/site-packages:/home/mikks/ros2_px4_ws/install/px4_ros_com/lib/python3.12/site-packages:/home/mikks/ros2_px4_ws/build/example_mode_with_rclpy_py:/home/mikks/ros2_px4_ws/install/example_mode_with_rclpy_py/lib/python3.12/site-packages:/home/mikks/ros2_px4_ws/build/example_mode_goto_py:/home/mikks/ros2_px4_ws/install/example_mode_goto_py/lib/python3.12/site-packages:/home/mikks/ros2_px4_ws/install/px4_ros2_py/lib/python3.12/site-packages:/home/mikks/ros2_px4_ws/build/px4_actuator_ctrl:/home/mikks/ros2_px4_ws/install/px4_actuator_ctrl/lib/python3.12/site-packages:/home/mikks/ros2_ws/build/rover_desc_description:/home/mikks/ros2_ws/install/rover_desc_description/lib/python3.12/site-packages:/home/mikks/ros2_ws/install/px4_actuator_ctrl/lib/python3.12/site-packages:/home/mikks/ros2_ws/build/mine_rover_description:/home/mikks/ros2_ws/install/mine_rover_description/lib/python3.12/site-packages:/home/mikks/ros2_ws/build/ZerionURDFV5cp_description:/home/mikks/ros2_ws/install/ZerionURDFV5cp_description/lib/python3.12/site-packages:/home/mikks/crazyflie_mapping_demo/ros2_ws/install/velocity_free_consensus/lib/python3.12/site-packages:/home/mikks/crazyflie_mapping_demo/ros2_ws/install/stepwise_lowpos/lib/python3.12/site-packages:/home/mikks/crazyflie_mapping_demo/ros2_ws/install/step_wise_lowpos/lib/python3.12/site-packages:/home/mikks/crazyflie_mapping_demo/ros2_ws/install/second_order_formation_control/lib/python3.12/site-packages:/home/mikks/crazyflie_mapping_demo/ros2_ws/install/ros_gz_crazyflie_control/lib/python3.12/site-packages:/home/mikks/crazyflie_mapping_demo/ros2_ws/install/mixed_fractional_consensus/lib/python3.12/site-packages:/home/mikks/crazyflie_mapping_demo/ros2_ws/install/lowest_pos/lib/python3.12/site-packages:/home/mikks/crazyflie_mapping_demo/ros2_ws/install/linear_consensus/lib/python3.12/site-packages:/home/mikks/crazyflie_mapping_demo/ros2_ws/install/highest_pos/lib/python3.12/site-packages:/home/mikks/crazyflie_mapping_demo/ros2_ws/install/fractional_consensus_alpha/lib/python3.12/site-packages:/home/mikks/crazyflie_mapping_demo/ros2_ws/install/event_triggered_swarm/lib/python3.12/site-packages:/home/mikks/crazyflie_mapping_demo/ros2_ws/install/drone_logger/lib/python3.12/site-packages:/home/mikks/crazyflie_mapping_demo/ros2_ws/install/distributed_average_tracking/lib/python3.12/site-packages:/home/mikks/crazyflie_mapping_demo/ros2_ws/install/crazyflie_swarm_logic/lib/python3.12/site-packages:/home/mikks/crazyflie_mapping_demo/ros2_ws/install/crazyflie_sim/lib/python3.12/site-packages:/home/mikks/crazyflie_mapping_demo/ros2_ws/install/crazyflie_ros2_multiranger_wall_following/lib/python3.12/site-packages:/home/mikks/crazyflie_mapping_demo/ros2_ws/install/crazyflie_ros2_multiranger_simple_mapper/lib/python3.12/site-packages:/home/mikks/crazyflie_mapping_demo/ros2_ws/install/crazyflie_examples/lib/python3.12/site-packages:/home/mikks/crazyflie_mapping_demo/ros2_ws/install/crazyflie_py/lib/python3.12/site-packages:/home/mikks/crazyflie_mapping_demo/ros2_ws/install/crazyflie_interfaces/lib/python3.12/site-packages:/home/mikks/crazyflie_mapping_demo/ros2_ws/install/cooperative_target_centric_formation/lib/python3.12/site-packages:/home/mikks/crazyflie_mapping_demo/ros2_ws/install/containment_using_agent_information/lib/python3.12/site-packages:/home/mikks/crazyflie_mapping_demo/ros2_ws/install/consensus_for_double_integrator/lib/python3.12/site-packages:/home/mikks/crazyflie_mapping_demo/ros2_ws/install/consensus_alignment/lib/python3.12/site-packages:/home/mikks/crazyflie_mapping_demo/ros2_ws/install/binary_consensus/lib/python3.12/site-packages:/home/mikks/crazyflie_mapping_demo/ros2_ws/install/Second_Order_Min_Consensus_for_Heterogeneous_Agents/lib/python3.12/site-packages:/home/mikks/crazyflie_mapping_demo/ros2_ws/install/BinaryContainmentChain/lib/python3.12/site-packages:/opt/ros/jazzy/lib/python3.12/site-packages /usr/bin/cmake --build /home/mikks/ros2_px4_ws/build/example_mode_with_executor_cpp -- -j12 -l12
[4.052s] DEBUG:colcon.colcon_core.event_handler.log_command:Invoking command in '/home/mikks/ros2_px4_ws/build/example_rover_velocity_mode_cpp': CMAKE_PREFIX_PATH=/home/mikks/ros2_px4_ws/install/px4_ros2_cpp:/home/mikks/ros2_px4_ws/install/px4_msgs:/home/mikks/ros2_px4_ws/install/px4_ros_com:/home/mikks/ros2_px4_ws/install/px4_ros2_py:/home/mikks/ros2_px4_ws/install/example_rover_velocity_mode_cpp:/home/mikks/ros2_px4_ws/install/example_mode_with_executor_cpp:/home/mikks/ros2_px4_ws/install/example_mode_vtol_cpp:/home/mikks/ros2_px4_ws/install/example_mode_rtl_replacement_cpp:/home/mikks/ros2_px4_ws/install/example_mode_mission_cpp:/home/mikks/ros2_px4_ws/install/example_mode_manual_cpp:/home/mikks/ros2_px4_ws/install/example_mode_goto_global_cpp:/home/mikks/ros2_px4_ws/install/example_mode_goto_cpp:/home/mikks/ros2_px4_ws/install/example_mode_fw_attitude_cpp:/home/mikks/ros2_px4_ws/install/example_local_navigation_cpp:/home/mikks/ros2_px4_ws/install/example_global_navigation_cpp:/home/mikks/ros2_px4_ws/install/example_executor_with_multiple_modes_cpp:/home/mikks/crazyflie_mapping_demo/ros2_ws/install/crazyflie_ros2_multiranger_bringup:/home/mikks/crazyflie_mapping_demo/ros2_ws/install/ros_gz_crazyflie_bringup:/home/mikks/crazyflie_mapping_demo/ros2_ws/install/ros_gz_crazyflie_gazebo:/home/mikks/crazyflie_mapping_demo/ros2_ws/install/crazyflie_sim:/home/mikks/crazyflie_mapping_demo/ros2_ws/install/crazyflie_examples:/home/mikks/crazyflie_mapping_demo/ros2_ws/install/crazyflie:/home/mikks/crazyflie_mapping_demo/ros2_ws/install/crazyflie_interfaces:/opt/ros/jazzy/opt/gz_sim_vendor:/opt/ros/jazzy/opt/gz_sensors_vendor:/opt/ros/jazzy/opt/gz_physics_vendor:/opt/ros/jazzy/opt/sdformat_vendor:/opt/ros/jazzy/opt/gz_gui_vendor:/opt/ros/jazzy/opt/gz_transport_vendor:/opt/ros/jazzy/opt/gz_rendering_vendor:/opt/ros/jazzy/opt/gz_plugin_vendor:/opt/ros/jazzy/opt/gz_fuel_tools_vendor:/opt/ros/jazzy/opt/gz_msgs_vendor:/opt/ros/jazzy/opt/gz_common_vendor:/opt/ros/jazzy/opt/gz_math_vendor:/opt/ros/jazzy/opt/gz_utils_vendor:/opt/ros/jazzy/opt/gz_tools_vendor:/opt/ros/jazzy/opt/gz_ogre_next_vendor:/opt/ros/jazzy/opt/gz_dartsim_vendor:/opt/ros/jazzy/opt/gz_cmake_vendor:/home/mikks/ros2_px4_ws/install/x500_hover_controller:/home/mikks/ros2_px4_ws/install/example_mode_with_rclpy_py:/home/mikks/ros2_px4_ws/install/example_mode_goto_py:/home/mikks/ros2_px4_ws/install/px4_actuator_ctrl:/home/mikks/ros2_ws/install/rover_desc_description:/home/mikks/ros2_ws/install/px4_actuator_ctrl:/home/mikks/ros2_ws/install/mine_rover_description:/home/mikks/ros2_ws/install/ZerionURDFV5cp_description:/home/mikks/crazyflie_mapping_demo/ros2_ws/install/velocity_free_consensus:/home/mikks/crazyflie_mapping_demo/ros2_ws/install/stepwise_lowpos:/home/mikks/crazyflie_mapping_demo/ros2_ws/install/step_wise_lowpos:/home/mikks/crazyflie_mapping_demo/ros2_ws/install/second_order_formation_control:/home/mikks/crazyflie_mapping_demo/ros2_ws/install/ros_gz_crazyflie_control:/home/mikks/crazyflie_mapping_demo/ros2_ws/install/mixed_fractional_consensus:/home/mikks/crazyflie_mapping_demo/ros2_ws/install/lowest_pos:/home/mikks/crazyflie_mapping_demo/ros2_ws/install/linear_consensus:/home/mikks/crazyflie_mapping_demo/ros2_ws/install/highest_pos:/home/mikks/crazyflie_mapping_demo/ros2_ws/install/fractional_consensus_alpha:/home/mikks/crazyflie_mapping_demo/ros2_ws/install/event_triggered_swarm:/home/mikks/crazyflie_mapping_demo/ros2_ws/install/drone_logger:/home/mikks/crazyflie_mapping_demo/ros2_ws/install/distributed_average_tracking:/home/mikks/crazyflie_mapping_demo/ros2_ws/install/crazyflie_swarm_logic:/home/mikks/crazyflie_mapping_demo/ros2_ws/install/crazyflie_ros2_multiranger_wall_following:/home/mikks/crazyflie_mapping_demo/ros2_ws/install/crazyflie_ros2_multiranger_simple_mapper:/home/mikks/crazyflie_mapping_demo/ros2_ws/install/crazyflie_py:/home/mikks/crazyflie_mapping_demo/ros2_ws/install/cooperative_target_centric_formation:/home/mikks/crazyflie_mapping_demo/ros2_ws/install/containment_using_agent_information:/home/mikks/crazyflie_mapping_demo/ros2_ws/install/consensus_for_double_integrator:/home/mikks/crazyflie_mapping_demo/ros2_ws/install/consensus_alignment:/home/mikks/crazyflie_mapping_demo/ros2_ws/install/binary_consensus:/home/mikks/crazyflie_mapping_demo/ros2_ws/install/Second_Order_Min_Consensus_for_Heterogeneous_Agents:/home/mikks/crazyflie_mapping_demo/ros2_ws/install/BinaryContainmentChain:/opt/ros/jazzy DEBUGINFOD_URLS=https://debuginfod.ubuntu.com LD_LIBRARY_PATH=/home/mikks/ros2_px4_ws/install/px4_ros2_cpp/lib:/home/mikks/ros2_px4_ws/install/px4_msgs/lib:/home/mikks/ros2_px4_ws/install/px4_ros_com/lib:/home/mikks/NatNet_SDK_4.3_ubuntu/lib:/home/mikks/crazyflie_mapping_demo/ros2_ws/install/crazyflie_interfaces/lib:/opt/ros/jazzy/opt/gz_sim_vendor/lib:/opt/ros/jazzy/opt/gz_sensors_vendor/lib:/opt/ros/jazzy/opt/gz_physics_vendor/lib:/opt/ros/jazzy/opt/sdformat_vendor/lib:/opt/ros/jazzy/opt/rviz_ogre_vendor/lib:/opt/ros/jazzy/lib/x86_64-linux-gnu:/opt/ros/jazzy/opt/gz_gui_vendor/lib:/opt/ros/jazzy/opt/gz_transport_vendor/lib:/opt/ros/jazzy/opt/gz_rendering_vendor/lib:/opt/ros/jazzy/opt/gz_plugin_vendor/lib:/opt/ros/jazzy/opt/gz_fuel_tools_vendor/lib:/opt/ros/jazzy/opt/gz_msgs_vendor/lib:/opt/ros/jazzy/opt/gz_common_vendor/lib:/opt/ros/jazzy/opt/gz_math_vendor/lib:/opt/ros/jazzy/opt/gz_utils_vendor/lib:/opt/ros/jazzy/opt/gz_tools_vendor/lib:/opt/ros/jazzy/opt/gz_ogre_next_vendor/lib:/opt/ros/jazzy/opt/gz_dartsim_vendor/lib:/opt/ros/jazzy/opt/gz_cmake_vendor/lib:/opt/ros/jazzy/lib PYTHONPATH=/home/mikks/ros2_px4_ws/install/px4_msgs/lib/python3.12/site-packages:/home/mikks/ros2_px4_ws/build/x500_hover_controller:/home/mikks/ros2_px4_ws/install/x500_hover_controller/lib/python3.12/site-packages:/home/mikks/ros2_px4_ws/install/px4_ros_com/lib/python3.12/site-packages:/home/mikks/ros2_px4_ws/build/example_mode_with_rclpy_py:/home/mikks/ros2_px4_ws/install/example_mode_with_rclpy_py/lib/python3.12/site-packages:/home/mikks/ros2_px4_ws/build/example_mode_goto_py:/home/mikks/ros2_px4_ws/install/example_mode_goto_py/lib/python3.12/site-packages:/home/mikks/ros2_px4_ws/install/px4_ros2_py/lib/python3.12/site-packages:/home/mikks/ros2_px4_ws/build/px4_actuator_ctrl:/home/mikks/ros2_px4_ws/install/px4_actuator_ctrl/lib/python3.12/site-packages:/home/mikks/ros2_ws/build/rover_desc_description:/home/mikks/ros2_ws/install/rover_desc_description/lib/python3.12/site-packages:/home/mikks/ros2_ws/install/px4_actuator_ctrl/lib/python3.12/site-packages:/home/mikks/ros2_ws/build/mine_rover_description:/home/mikks/ros2_ws/install/mine_rover_description/lib/python3.12/site-packages:/home/mikks/ros2_ws/build/ZerionURDFV5cp_description:/home/mikks/ros2_ws/install/ZerionURDFV5cp_description/lib/python3.12/site-packages:/home/mikks/crazyflie_mapping_demo/ros2_ws/install/velocity_free_consensus/lib/python3.12/site-packages:/home/mikks/crazyflie_mapping_demo/ros2_ws/install/stepwise_lowpos/lib/python3.12/site-packages:/home/mikks/crazyflie_mapping_demo/ros2_ws/install/step_wise_lowpos/lib/python3.12/site-packages:/home/mikks/crazyflie_mapping_demo/ros2_ws/install/second_order_formation_control/lib/python3.12/site-packages:/home/mikks/crazyflie_mapping_demo/ros2_ws/install/ros_gz_crazyflie_control/lib/python3.12/site-packages:/home/mikks/crazyflie_mapping_demo/ros2_ws/install/mixed_fractional_consensus/lib/python3.12/site-packages:/home/mikks/crazyflie_mapping_demo/ros2_ws/install/lowest_pos/lib/python3.12/site-packages:/home/mikks/crazyflie_mapping_demo/ros2_ws/install/linear_consensus/lib/python3.12/site-packages:/home/mikks/crazyflie_mapping_demo/ros2_ws/install/highest_pos/lib/python3.12/site-packages:/home/mikks/crazyflie_mapping_demo/ros2_ws/install/fractional_consensus_alpha/lib/python3.12/site-packages:/home/mikks/crazyflie_mapping_demo/ros2_ws/install/event_triggered_swarm/lib/python3.12/site-packages:/home/mikks/crazyflie_mapping_demo/ros2_ws/install/drone_logger/lib/python3.12/site-packages:/home/mikks/crazyflie_mapping_demo/ros2_ws/install/distributed_average_tracking/lib/python3.12/site-packages:/home/mikks/crazyflie_mapping_demo/ros2_ws/install/crazyflie_swarm_logic/lib/python3.12/site-packages:/home/mikks/crazyflie_mapping_demo/ros2_ws/install/crazyflie_sim/lib/python3.12/site-packages:/home/mikks/crazyflie_mapping_demo/ros2_ws/install/crazyflie_ros2_multiranger_wall_following/lib/python3.12/site-packages:/home/mikks/crazyflie_mapping_demo/ros2_ws/install/crazyflie_ros2_multiranger_simple_mapper/lib/python3.12/site-packages:/home/mikks/crazyflie_mapping_demo/ros2_ws/install/crazyflie_examples/lib/python3.12/site-packages:/home/mikks/crazyflie_mapping_demo/ros2_ws/install/crazyflie_py/lib/python3.12/site-packages:/home/mikks/crazyflie_mapping_demo/ros2_ws/install/crazyflie_interfaces/lib/python3.12/site-packages:/home/mikks/crazyflie_mapping_demo/ros2_ws/install/cooperative_target_centric_formation/lib/python3.12/site-packages:/home/mikks/crazyflie_mapping_demo/ros2_ws/install/containment_using_agent_information/lib/python3.12/site-packages:/home/mikks/crazyflie_mapping_demo/ros2_ws/install/consensus_for_double_integrator/lib/python3.12/site-packages:/home/mikks/crazyflie_mapping_demo/ros2_ws/install/consensus_alignment/lib/python3.12/site-packages:/home/mikks/crazyflie_mapping_demo/ros2_ws/install/binary_consensus/lib/python3.12/site-packages:/home/mikks/crazyflie_mapping_demo/ros2_ws/install/Second_Order_Min_Consensus_for_Heterogeneous_Agents/lib/python3.12/site-packages:/home/mikks/crazyflie_mapping_demo/ros2_ws/install/BinaryContainmentChain/lib/python3.12/site-packages:/opt/ros/jazzy/lib/python3.12/site-packages /usr/bin/cmake --build /home/mikks/ros2_px4_ws/build/example_rover_velocity_mode_cpp -- -j12 -l12
[4.067s] DEBUG:colcon.colcon_core.event_handler.log_command:Invoked command in '/home/mikks/ros2_px4_ws/build/example_mode_rtl_replacement_cpp' returned '0': CMAKE_PREFIX_PATH=/home/mikks/ros2_px4_ws/install/px4_ros2_cpp:/home/mikks/ros2_px4_ws/install/px4_msgs:/home/mikks/ros2_px4_ws/install/px4_ros_com:/home/mikks/ros2_px4_ws/install/px4_ros2_py:/home/mikks/ros2_px4_ws/install/example_rover_velocity_mode_cpp:/home/mikks/ros2_px4_ws/install/example_mode_with_executor_cpp:/home/mikks/ros2_px4_ws/install/example_mode_vtol_cpp:/home/mikks/ros2_px4_ws/install/example_mode_rtl_replacement_cpp:/home/mikks/ros2_px4_ws/install/example_mode_mission_cpp:/home/mikks/ros2_px4_ws/install/example_mode_manual_cpp:/home/mikks/ros2_px4_ws/install/example_mode_goto_global_cpp:/home/mikks/ros2_px4_ws/install/example_mode_goto_cpp:/home/mikks/ros2_px4_ws/install/example_mode_fw_attitude_cpp:/home/mikks/ros2_px4_ws/install/example_local_navigation_cpp:/home/mikks/ros2_px4_ws/install/example_global_navigation_cpp:/home/mikks/ros2_px4_ws/install/example_executor_with_multiple_modes_cpp:/home/mikks/crazyflie_mapping_demo/ros2_ws/install/crazyflie_ros2_multiranger_bringup:/home/mikks/crazyflie_mapping_demo/ros2_ws/install/ros_gz_crazyflie_bringup:/home/mikks/crazyflie_mapping_demo/ros2_ws/install/ros_gz_crazyflie_gazebo:/home/mikks/crazyflie_mapping_demo/ros2_ws/install/crazyflie_sim:/home/mikks/crazyflie_mapping_demo/ros2_ws/install/crazyflie_examples:/home/mikks/crazyflie_mapping_demo/ros2_ws/install/crazyflie:/home/mikks/crazyflie_mapping_demo/ros2_ws/install/crazyflie_interfaces:/opt/ros/jazzy/opt/gz_sim_vendor:/opt/ros/jazzy/opt/gz_sensors_vendor:/opt/ros/jazzy/opt/gz_physics_vendor:/opt/ros/jazzy/opt/sdformat_vendor:/opt/ros/jazzy/opt/gz_gui_vendor:/opt/ros/jazzy/opt/gz_transport_vendor:/opt/ros/jazzy/opt/gz_rendering_vendor:/opt/ros/jazzy/opt/gz_plugin_vendor:/opt/ros/jazzy/opt/gz_fuel_tools_vendor:/opt/ros/jazzy/opt/gz_msgs_vendor:/opt/ros/jazzy/opt/gz_common_vendor:/opt/ros/jazzy/opt/gz_math_vendor:/opt/ros/jazzy/opt/gz_utils_vendor:/opt/ros/jazzy/opt/gz_tools_vendor:/opt/ros/jazzy/opt/gz_ogre_next_vendor:/opt/ros/jazzy/opt/gz_dartsim_vendor:/opt/ros/jazzy/opt/gz_cmake_vendor:/home/mikks/ros2_px4_ws/install/x500_hover_controller:/home/mikks/ros2_px4_ws/install/example_mode_with_rclpy_py:/home/mikks/ros2_px4_ws/install/example_mode_goto_py:/home/mikks/ros2_px4_ws/install/px4_actuator_ctrl:/home/mikks/ros2_ws/install/rover_desc_description:/home/mikks/ros2_ws/install/px4_actuator_ctrl:/home/mikks/ros2_ws/install/mine_rover_description:/home/mikks/ros2_ws/install/ZerionURDFV5cp_description:/home/mikks/crazyflie_mapping_demo/ros2_ws/install/velocity_free_consensus:/home/mikks/crazyflie_mapping_demo/ros2_ws/install/stepwise_lowpos:/home/mikks/crazyflie_mapping_demo/ros2_ws/install/step_wise_lowpos:/home/mikks/crazyflie_mapping_demo/ros2_ws/install/second_order_formation_control:/home/mikks/crazyflie_mapping_demo/ros2_ws/install/ros_gz_crazyflie_control:/home/mikks/crazyflie_mapping_demo/ros2_ws/install/mixed_fractional_consensus:/home/mikks/crazyflie_mapping_demo/ros2_ws/install/lowest_pos:/home/mikks/crazyflie_mapping_demo/ros2_ws/install/linear_consensus:/home/mikks/crazyflie_mapping_demo/ros2_ws/install/highest_pos:/home/mikks/crazyflie_mapping_demo/ros2_ws/install/fractional_consensus_alpha:/home/mikks/crazyflie_mapping_demo/ros2_ws/install/event_triggered_swarm:/home/mikks/crazyflie_mapping_demo/ros2_ws/install/drone_logger:/home/mikks/crazyflie_mapping_demo/ros2_ws/install/distributed_average_tracking:/home/mikks/crazyflie_mapping_demo/ros2_ws/install/crazyflie_swarm_logic:/home/mikks/crazyflie_mapping_demo/ros2_ws/install/crazyflie_ros2_multiranger_wall_following:/home/mikks/crazyflie_mapping_demo/ros2_ws/install/crazyflie_ros2_multiranger_simple_mapper:/home/mikks/crazyflie_mapping_demo/ros2_ws/install/crazyflie_py:/home/mikks/crazyflie_mapping_demo/ros2_ws/install/cooperative_target_centric_formation:/home/mikks/crazyflie_mapping_demo/ros2_ws/install/containment_using_agent_information:/home/mikks/crazyflie_mapping_demo/ros2_ws/install/consensus_for_double_integrator:/home/mikks/crazyflie_mapping_demo/ros2_ws/install/consensus_alignment:/home/mikks/crazyflie_mapping_demo/ros2_ws/install/binary_consensus:/home/mikks/crazyflie_mapping_demo/ros2_ws/install/Second_Order_Min_Consensus_for_Heterogeneous_Agents:/home/mikks/crazyflie_mapping_demo/ros2_ws/install/BinaryContainmentChain:/opt/ros/jazzy DEBUGINFOD_URLS=https://debuginfod.ubuntu.com LD_LIBRARY_PATH=/home/mikks/ros2_px4_ws/install/px4_ros2_cpp/lib:/home/mikks/ros2_px4_ws/install/px4_msgs/lib:/home/mikks/ros2_px4_ws/install/px4_ros_com/lib:/home/mikks/NatNet_SDK_4.3_ubuntu/lib:/home/mikks/crazyflie_mapping_demo/ros2_ws/install/crazyflie_interfaces/lib:/opt/ros/jazzy/opt/gz_sim_vendor/lib:/opt/ros/jazzy/opt/gz_sensors_vendor/lib:/opt/ros/jazzy/opt/gz_physics_vendor/lib:/opt/ros/jazzy/opt/sdformat_vendor/lib:/opt/ros/jazzy/opt/rviz_ogre_vendor/lib:/opt/ros/jazzy/lib/x86_64-linux-gnu:/opt/ros/jazzy/opt/gz_gui_vendor/lib:/opt/ros/jazzy/opt/gz_transport_vendor/lib:/opt/ros/jazzy/opt/gz_rendering_vendor/lib:/opt/ros/jazzy/opt/gz_plugin_vendor/lib:/opt/ros/jazzy/opt/gz_fuel_tools_vendor/lib:/opt/ros/jazzy/opt/gz_msgs_vendor/lib:/opt/ros/jazzy/opt/gz_common_vendor/lib:/opt/ros/jazzy/opt/gz_math_vendor/lib:/opt/ros/jazzy/opt/gz_utils_vendor/lib:/opt/ros/jazzy/opt/gz_tools_vendor/lib:/opt/ros/jazzy/opt/gz_ogre_next_vendor/lib:/opt/ros/jazzy/opt/gz_dartsim_vendor/lib:/opt/ros/jazzy/opt/gz_cmake_vendor/lib:/opt/ros/jazzy/lib PYTHONPATH=/home/mikks/ros2_px4_ws/install/px4_msgs/lib/python3.12/site-packages:/home/mikks/ros2_px4_ws/build/x500_hover_controller:/home/mikks/ros2_px4_ws/install/x500_hover_controller/lib/python3.12/site-packages:/home/mikks/ros2_px4_ws/install/px4_ros_com/lib/python3.12/site-packages:/home/mikks/ros2_px4_ws/build/example_mode_with_rclpy_py:/home/mikks/ros2_px4_ws/install/example_mode_with_rclpy_py/lib/python3.12/site-packages:/home/mikks/ros2_px4_ws/build/example_mode_goto_py:/home/mikks/ros2_px4_ws/install/example_mode_goto_py/lib/python3.12/site-packages:/home/mikks/ros2_px4_ws/install/px4_ros2_py/lib/python3.12/site-packages:/home/mikks/ros2_px4_ws/build/px4_actuator_ctrl:/home/mikks/ros2_px4_ws/install/px4_actuator_ctrl/lib/python3.12/site-packages:/home/mikks/ros2_ws/build/rover_desc_description:/home/mikks/ros2_ws/install/rover_desc_description/lib/python3.12/site-packages:/home/mikks/ros2_ws/install/px4_actuator_ctrl/lib/python3.12/site-packages:/home/mikks/ros2_ws/build/mine_rover_description:/home/mikks/ros2_ws/install/mine_rover_description/lib/python3.12/site-packages:/home/mikks/ros2_ws/build/ZerionURDFV5cp_description:/home/mikks/ros2_ws/install/ZerionURDFV5cp_description/lib/python3.12/site-packages:/home/mikks/crazyflie_mapping_demo/ros2_ws/install/velocity_free_consensus/lib/python3.12/site-packages:/home/mikks/crazyflie_mapping_demo/ros2_ws/install/stepwise_lowpos/lib/python3.12/site-packages:/home/mikks/crazyflie_mapping_demo/ros2_ws/install/step_wise_lowpos/lib/python3.12/site-packages:/home/mikks/crazyflie_mapping_demo/ros2_ws/install/second_order_formation_control/lib/python3.12/site-packages:/home/mikks/crazyflie_mapping_demo/ros2_ws/install/ros_gz_crazyflie_control/lib/python3.12/site-packages:/home/mikks/crazyflie_mapping_demo/ros2_ws/install/mixed_fractional_consensus/lib/python3.12/site-packages:/home/mikks/crazyflie_mapping_demo/ros2_ws/install/lowest_pos/lib/python3.12/site-packages:/home/mikks/crazyflie_mapping_demo/ros2_ws/install/linear_consensus/lib/python3.12/site-packages:/home/mikks/crazyflie_mapping_demo/ros2_ws/install/highest_pos/lib/python3.12/site-packages:/home/mikks/crazyflie_mapping_demo/ros2_ws/install/fractional_consensus_alpha/lib/python3.12/site-packages:/home/mikks/crazyflie_mapping_demo/ros2_ws/install/event_triggered_swarm/lib/python3.12/site-packages:/home/mikks/crazyflie_mapping_demo/ros2_ws/install/drone_logger/lib/python3.12/site-packages:/home/mikks/crazyflie_mapping_demo/ros2_ws/install/distributed_average_tracking/lib/python3.12/site-packages:/home/mikks/crazyflie_mapping_demo/ros2_ws/install/crazyflie_swarm_logic/lib/python3.12/site-packages:/home/mikks/crazyflie_mapping_demo/ros2_ws/install/crazyflie_sim/lib/python3.12/site-packages:/home/mikks/crazyflie_mapping_demo/ros2_ws/install/crazyflie_ros2_multiranger_wall_following/lib/python3.12/site-packages:/home/mikks/crazyflie_mapping_demo/ros2_ws/install/crazyflie_ros2_multiranger_simple_mapper/lib/python3.12/site-packages:/home/mikks/crazyflie_mapping_demo/ros2_ws/install/crazyflie_examples/lib/python3.12/site-packages:/home/mikks/crazyflie_mapping_demo/ros2_ws/install/crazyflie_py/lib/python3.12/site-packages:/home/mikks/crazyflie_mapping_demo/ros2_ws/install/crazyflie_interfaces/lib/python3.12/site-packages:/home/mikks/crazyflie_mapping_demo/ros2_ws/install/cooperative_target_centric_formation/lib/python3.12/site-packages:/home/mikks/crazyflie_mapping_demo/ros2_ws/install/containment_using_agent_information/lib/python3.12/site-packages:/home/mikks/crazyflie_mapping_demo/ros2_ws/install/consensus_for_double_integrator/lib/python3.12/site-packages:/home/mikks/crazyflie_mapping_demo/ros2_ws/install/consensus_alignment/lib/python3.12/site-packages:/home/mikks/crazyflie_mapping_demo/ros2_ws/install/binary_consensus/lib/python3.12/site-packages:/home/mikks/crazyflie_mapping_demo/ros2_ws/install/Second_Order_Min_Consensus_for_Heterogeneous_Agents/lib/python3.12/site-packages:/home/mikks/crazyflie_mapping_demo/ros2_ws/install/BinaryContainmentChain/lib/python3.12/site-packages:/opt/ros/jazzy/lib/python3.12/site-packages /usr/bin/cmake --build /home/mikks/ros2_px4_ws/build/example_mode_rtl_replacement_cpp -- -j12 -l12
[4.069s] DEBUG:colcon.colcon_core.event_handler.log_command:Invoking command in '/home/mikks/ros2_px4_ws/build/example_mode_rtl_replacement_cpp': CMAKE_PREFIX_PATH=/home/mikks/ros2_px4_ws/install/px4_ros2_cpp:/home/mikks/ros2_px4_ws/install/px4_msgs:/home/mikks/ros2_px4_ws/install/px4_ros_com:/home/mikks/ros2_px4_ws/install/px4_ros2_py:/home/mikks/ros2_px4_ws/install/example_rover_velocity_mode_cpp:/home/mikks/ros2_px4_ws/install/example_mode_with_executor_cpp:/home/mikks/ros2_px4_ws/install/example_mode_vtol_cpp:/home/mikks/ros2_px4_ws/install/example_mode_rtl_replacement_cpp:/home/mikks/ros2_px4_ws/install/example_mode_mission_cpp:/home/mikks/ros2_px4_ws/install/example_mode_manual_cpp:/home/mikks/ros2_px4_ws/install/example_mode_goto_global_cpp:/home/mikks/ros2_px4_ws/install/example_mode_goto_cpp:/home/mikks/ros2_px4_ws/install/example_mode_fw_attitude_cpp:/home/mikks/ros2_px4_ws/install/example_local_navigation_cpp:/home/mikks/ros2_px4_ws/install/example_global_navigation_cpp:/home/mikks/ros2_px4_ws/install/example_executor_with_multiple_modes_cpp:/home/mikks/crazyflie_mapping_demo/ros2_ws/install/crazyflie_ros2_multiranger_bringup:/home/mikks/crazyflie_mapping_demo/ros2_ws/install/ros_gz_crazyflie_bringup:/home/mikks/crazyflie_mapping_demo/ros2_ws/install/ros_gz_crazyflie_gazebo:/home/mikks/crazyflie_mapping_demo/ros2_ws/install/crazyflie_sim:/home/mikks/crazyflie_mapping_demo/ros2_ws/install/crazyflie_examples:/home/mikks/crazyflie_mapping_demo/ros2_ws/install/crazyflie:/home/mikks/crazyflie_mapping_demo/ros2_ws/install/crazyflie_interfaces:/opt/ros/jazzy/opt/gz_sim_vendor:/opt/ros/jazzy/opt/gz_sensors_vendor:/opt/ros/jazzy/opt/gz_physics_vendor:/opt/ros/jazzy/opt/sdformat_vendor:/opt/ros/jazzy/opt/gz_gui_vendor:/opt/ros/jazzy/opt/gz_transport_vendor:/opt/ros/jazzy/opt/gz_rendering_vendor:/opt/ros/jazzy/opt/gz_plugin_vendor:/opt/ros/jazzy/opt/gz_fuel_tools_vendor:/opt/ros/jazzy/opt/gz_msgs_vendor:/opt/ros/jazzy/opt/gz_common_vendor:/opt/ros/jazzy/opt/gz_math_vendor:/opt/ros/jazzy/opt/gz_utils_vendor:/opt/ros/jazzy/opt/gz_tools_vendor:/opt/ros/jazzy/opt/gz_ogre_next_vendor:/opt/ros/jazzy/opt/gz_dartsim_vendor:/opt/ros/jazzy/opt/gz_cmake_vendor:/home/mikks/ros2_px4_ws/install/x500_hover_controller:/home/mikks/ros2_px4_ws/install/example_mode_with_rclpy_py:/home/mikks/ros2_px4_ws/install/example_mode_goto_py:/home/mikks/ros2_px4_ws/install/px4_actuator_ctrl:/home/mikks/ros2_ws/install/rover_desc_description:/home/mikks/ros2_ws/install/px4_actuator_ctrl:/home/mikks/ros2_ws/install/mine_rover_description:/home/mikks/ros2_ws/install/ZerionURDFV5cp_description:/home/mikks/crazyflie_mapping_demo/ros2_ws/install/velocity_free_consensus:/home/mikks/crazyflie_mapping_demo/ros2_ws/install/stepwise_lowpos:/home/mikks/crazyflie_mapping_demo/ros2_ws/install/step_wise_lowpos:/home/mikks/crazyflie_mapping_demo/ros2_ws/install/second_order_formation_control:/home/mikks/crazyflie_mapping_demo/ros2_ws/install/ros_gz_crazyflie_control:/home/mikks/crazyflie_mapping_demo/ros2_ws/install/mixed_fractional_consensus:/home/mikks/crazyflie_mapping_demo/ros2_ws/install/lowest_pos:/home/mikks/crazyflie_mapping_demo/ros2_ws/install/linear_consensus:/home/mikks/crazyflie_mapping_demo/ros2_ws/install/highest_pos:/home/mikks/crazyflie_mapping_demo/ros2_ws/install/fractional_consensus_alpha:/home/mikks/crazyflie_mapping_demo/ros2_ws/install/event_triggered_swarm:/home/mikks/crazyflie_mapping_demo/ros2_ws/install/drone_logger:/home/mikks/crazyflie_mapping_demo/ros2_ws/install/distributed_average_tracking:/home/mikks/crazyflie_mapping_demo/ros2_ws/install/crazyflie_swarm_logic:/home/mikks/crazyflie_mapping_demo/ros2_ws/install/crazyflie_ros2_multiranger_wall_following:/home/mikks/crazyflie_mapping_demo/ros2_ws/install/crazyflie_ros2_multiranger_simple_mapper:/home/mikks/crazyflie_mapping_demo/ros2_ws/install/crazyflie_py:/home/mikks/crazyflie_mapping_demo/ros2_ws/install/cooperative_target_centric_formation:/home/mikks/crazyflie_mapping_demo/ros2_ws/install/containment_using_agent_information:/home/mikks/crazyflie_mapping_demo/ros2_ws/install/consensus_for_double_integrator:/home/mikks/crazyflie_mapping_demo/ros2_ws/install/consensus_alignment:/home/mikks/crazyflie_mapping_demo/ros2_ws/install/binary_consensus:/home/mikks/crazyflie_mapping_demo/ros2_ws/install/Second_Order_Min_Consensus_for_Heterogeneous_Agents:/home/mikks/crazyflie_mapping_demo/ros2_ws/install/BinaryContainmentChain:/opt/ros/jazzy DEBUGINFOD_URLS=https://debuginfod.ubuntu.com LD_LIBRARY_PATH=/home/mikks/ros2_px4_ws/install/px4_ros2_cpp/lib:/home/mikks/ros2_px4_ws/install/px4_msgs/lib:/home/mikks/ros2_px4_ws/install/px4_ros_com/lib:/home/mikks/NatNet_SDK_4.3_ubuntu/lib:/home/mikks/crazyflie_mapping_demo/ros2_ws/install/crazyflie_interfaces/lib:/opt/ros/jazzy/opt/gz_sim_vendor/lib:/opt/ros/jazzy/opt/gz_sensors_vendor/lib:/opt/ros/jazzy/opt/gz_physics_vendor/lib:/opt/ros/jazzy/opt/sdformat_vendor/lib:/opt/ros/jazzy/opt/rviz_ogre_vendor/lib:/opt/ros/jazzy/lib/x86_64-linux-gnu:/opt/ros/jazzy/opt/gz_gui_vendor/lib:/opt/ros/jazzy/opt/gz_transport_vendor/lib:/opt/ros/jazzy/opt/gz_rendering_vendor/lib:/opt/ros/jazzy/opt/gz_plugin_vendor/lib:/opt/ros/jazzy/opt/gz_fuel_tools_vendor/lib:/opt/ros/jazzy/opt/gz_msgs_vendor/lib:/opt/ros/jazzy/opt/gz_common_vendor/lib:/opt/ros/jazzy/opt/gz_math_vendor/lib:/opt/ros/jazzy/opt/gz_utils_vendor/lib:/opt/ros/jazzy/opt/gz_tools_vendor/lib:/opt/ros/jazzy/opt/gz_ogre_next_vendor/lib:/opt/ros/jazzy/opt/gz_dartsim_vendor/lib:/opt/ros/jazzy/opt/gz_cmake_vendor/lib:/opt/ros/jazzy/lib PYTHONPATH=/home/mikks/ros2_px4_ws/install/px4_msgs/lib/python3.12/site-packages:/home/mikks/ros2_px4_ws/build/x500_hover_controller:/home/mikks/ros2_px4_ws/install/x500_hover_controller/lib/python3.12/site-packages:/home/mikks/ros2_px4_ws/install/px4_ros_com/lib/python3.12/site-packages:/home/mikks/ros2_px4_ws/build/example_mode_with_rclpy_py:/home/mikks/ros2_px4_ws/install/example_mode_with_rclpy_py/lib/python3.12/site-packages:/home/mikks/ros2_px4_ws/build/example_mode_goto_py:/home/mikks/ros2_px4_ws/install/example_mode_goto_py/lib/python3.12/site-packages:/home/mikks/ros2_px4_ws/install/px4_ros2_py/lib/python3.12/site-packages:/home/mikks/ros2_px4_ws/build/px4_actuator_ctrl:/home/mikks/ros2_px4_ws/install/px4_actuator_ctrl/lib/python3.12/site-packages:/home/mikks/ros2_ws/build/rover_desc_description:/home/mikks/ros2_ws/install/rover_desc_description/lib/python3.12/site-packages:/home/mikks/ros2_ws/install/px4_actuator_ctrl/lib/python3.12/site-packages:/home/mikks/ros2_ws/build/mine_rover_description:/home/mikks/ros2_ws/install/mine_rover_description/lib/python3.12/site-packages:/home/mikks/ros2_ws/build/ZerionURDFV5cp_description:/home/mikks/ros2_ws/install/ZerionURDFV5cp_description/lib/python3.12/site-packages:/home/mikks/crazyflie_mapping_demo/ros2_ws/install/velocity_free_consensus/lib/python3.12/site-packages:/home/mikks/crazyflie_mapping_demo/ros2_ws/install/stepwise_lowpos/lib/python3.12/site-packages:/home/mikks/crazyflie_mapping_demo/ros2_ws/install/step_wise_lowpos/lib/python3.12/site-packages:/home/mikks/crazyflie_mapping_demo/ros2_ws/install/second_order_formation_control/lib/python3.12/site-packages:/home/mikks/crazyflie_mapping_demo/ros2_ws/install/ros_gz_crazyflie_control/lib/python3.12/site-packages:/home/mikks/crazyflie_mapping_demo/ros2_ws/install/mixed_fractional_consensus/lib/python3.12/site-packages:/home/mikks/crazyflie_mapping_demo/ros2_ws/install/lowest_pos/lib/python3.12/site-packages:/home/mikks/crazyflie_mapping_demo/ros2_ws/install/linear_consensus/lib/python3.12/site-packages:/home/mikks/crazyflie_mapping_demo/ros2_ws/install/highest_pos/lib/python3.12/site-packages:/home/mikks/crazyflie_mapping_demo/ros2_ws/install/fractional_consensus_alpha/lib/python3.12/site-packages:/home/mikks/crazyflie_mapping_demo/ros2_ws/install/event_triggered_swarm/lib/python3.12/site-packages:/home/mikks/crazyflie_mapping_demo/ros2_ws/install/drone_logger/lib/python3.12/site-packages:/home/mikks/crazyflie_mapping_demo/ros2_ws/install/distributed_average_tracking/lib/python3.12/site-packages:/home/mikks/crazyflie_mapping_demo/ros2_ws/install/crazyflie_swarm_logic/lib/python3.12/site-packages:/home/mikks/crazyflie_mapping_demo/ros2_ws/install/crazyflie_sim/lib/python3.12/site-packages:/home/mikks/crazyflie_mapping_demo/ros2_ws/install/crazyflie_ros2_multiranger_wall_following/lib/python3.12/site-packages:/home/mikks/crazyflie_mapping_demo/ros2_ws/install/crazyflie_ros2_multiranger_simple_mapper/lib/python3.12/site-packages:/home/mikks/crazyflie_mapping_demo/ros2_ws/install/crazyflie_examples/lib/python3.12/site-packages:/home/mikks/crazyflie_mapping_demo/ros2_ws/install/crazyflie_py/lib/python3.12/site-packages:/home/mikks/crazyflie_mapping_demo/ros2_ws/install/crazyflie_interfaces/lib/python3.12/site-packages:/home/mikks/crazyflie_mapping_demo/ros2_ws/install/cooperative_target_centric_formation/lib/python3.12/site-packages:/home/mikks/crazyflie_mapping_demo/ros2_ws/install/containment_using_agent_information/lib/python3.12/site-packages:/home/mikks/crazyflie_mapping_demo/ros2_ws/install/consensus_for_double_integrator/lib/python3.12/site-packages:/home/mikks/crazyflie_mapping_demo/ros2_ws/install/consensus_alignment/lib/python3.12/site-packages:/home/mikks/crazyflie_mapping_demo/ros2_ws/install/binary_consensus/lib/python3.12/site-packages:/home/mikks/crazyflie_mapping_demo/ros2_ws/install/Second_Order_Min_Consensus_for_Heterogeneous_Agents/lib/python3.12/site-packages:/home/mikks/crazyflie_mapping_demo/ros2_ws/install/BinaryContainmentChain/lib/python3.12/site-packages:/opt/ros/jazzy/lib/python3.12/site-packages /usr/bin/cmake --install /home/mikks/ros2_px4_ws/build/example_mode_rtl_replacement_cpp
[4.095s] Level 1:colcon.colcon_core.environment:create_environment_scripts_only(example_mode_rtl_replacement_cpp)
[4.096s] Level 1:colcon.colcon_core.environment:checking '/home/mikks/ros2_px4_ws/install/example_mode_rtl_replacement_cpp' for CMake module files
[4.096s] DEBUG:colcon.colcon_core.event_handler.log_command:Invoked command in '/home/mikks/ros2_px4_ws/build/example_mode_rtl_replacement_cpp' returned '0': CMAKE_PREFIX_PATH=/home/mikks/ros2_px4_ws/install/px4_ros2_cpp:/home/mikks/ros2_px4_ws/install/px4_msgs:/home/mikks/ros2_px4_ws/install/px4_ros_com:/home/mikks/ros2_px4_ws/install/px4_ros2_py:/home/mikks/ros2_px4_ws/install/example_rover_velocity_mode_cpp:/home/mikks/ros2_px4_ws/install/example_mode_with_executor_cpp:/home/mikks/ros2_px4_ws/install/example_mode_vtol_cpp:/home/mikks/ros2_px4_ws/install/example_mode_rtl_replacement_cpp:/home/mikks/ros2_px4_ws/install/example_mode_mission_cpp:/home/mikks/ros2_px4_ws/install/example_mode_manual_cpp:/home/mikks/ros2_px4_ws/install/example_mode_goto_global_cpp:/home/mikks/ros2_px4_ws/install/example_mode_goto_cpp:/home/mikks/ros2_px4_ws/install/example_mode_fw_attitude_cpp:/home/mikks/ros2_px4_ws/install/example_local_navigation_cpp:/home/mikks/ros2_px4_ws/install/example_global_navigation_cpp:/home/mikks/ros2_px4_ws/install/example_executor_with_multiple_modes_cpp:/home/mikks/crazyflie_mapping_demo/ros2_ws/install/crazyflie_ros2_multiranger_bringup:/home/mikks/crazyflie_mapping_demo/ros2_ws/install/ros_gz_crazyflie_bringup:/home/mikks/crazyflie_mapping_demo/ros2_ws/install/ros_gz_crazyflie_gazebo:/home/mikks/crazyflie_mapping_demo/ros2_ws/install/crazyflie_sim:/home/mikks/crazyflie_mapping_demo/ros2_ws/install/crazyflie_examples:/home/mikks/crazyflie_mapping_demo/ros2_ws/install/crazyflie:/home/mikks/crazyflie_mapping_demo/ros2_ws/install/crazyflie_interfaces:/opt/ros/jazzy/opt/gz_sim_vendor:/opt/ros/jazzy/opt/gz_sensors_vendor:/opt/ros/jazzy/opt/gz_physics_vendor:/opt/ros/jazzy/opt/sdformat_vendor:/opt/ros/jazzy/opt/gz_gui_vendor:/opt/ros/jazzy/opt/gz_transport_vendor:/opt/ros/jazzy/opt/gz_rendering_vendor:/opt/ros/jazzy/opt/gz_plugin_vendor:/opt/ros/jazzy/opt/gz_fuel_tools_vendor:/opt/ros/jazzy/opt/gz_msgs_vendor:/opt/ros/jazzy/opt/gz_common_vendor:/opt/ros/jazzy/opt/gz_math_vendor:/opt/ros/jazzy/opt/gz_utils_vendor:/opt/ros/jazzy/opt/gz_tools_vendor:/opt/ros/jazzy/opt/gz_ogre_next_vendor:/opt/ros/jazzy/opt/gz_dartsim_vendor:/opt/ros/jazzy/opt/gz_cmake_vendor:/home/mikks/ros2_px4_ws/install/x500_hover_controller:/home/mikks/ros2_px4_ws/install/example_mode_with_rclpy_py:/home/mikks/ros2_px4_ws/install/example_mode_goto_py:/home/mikks/ros2_px4_ws/install/px4_actuator_ctrl:/home/mikks/ros2_ws/install/rover_desc_description:/home/mikks/ros2_ws/install/px4_actuator_ctrl:/home/mikks/ros2_ws/install/mine_rover_description:/home/mikks/ros2_ws/install/ZerionURDFV5cp_description:/home/mikks/crazyflie_mapping_demo/ros2_ws/install/velocity_free_consensus:/home/mikks/crazyflie_mapping_demo/ros2_ws/install/stepwise_lowpos:/home/mikks/crazyflie_mapping_demo/ros2_ws/install/step_wise_lowpos:/home/mikks/crazyflie_mapping_demo/ros2_ws/install/second_order_formation_control:/home/mikks/crazyflie_mapping_demo/ros2_ws/install/ros_gz_crazyflie_control:/home/mikks/crazyflie_mapping_demo/ros2_ws/install/mixed_fractional_consensus:/home/mikks/crazyflie_mapping_demo/ros2_ws/install/lowest_pos:/home/mikks/crazyflie_mapping_demo/ros2_ws/install/linear_consensus:/home/mikks/crazyflie_mapping_demo/ros2_ws/install/highest_pos:/home/mikks/crazyflie_mapping_demo/ros2_ws/install/fractional_consensus_alpha:/home/mikks/crazyflie_mapping_demo/ros2_ws/install/event_triggered_swarm:/home/mikks/crazyflie_mapping_demo/ros2_ws/install/drone_logger:/home/mikks/crazyflie_mapping_demo/ros2_ws/install/distributed_average_tracking:/home/mikks/crazyflie_mapping_demo/ros2_ws/install/crazyflie_swarm_logic:/home/mikks/crazyflie_mapping_demo/ros2_ws/install/crazyflie_ros2_multiranger_wall_following:/home/mikks/crazyflie_mapping_demo/ros2_ws/install/crazyflie_ros2_multiranger_simple_mapper:/home/mikks/crazyflie_mapping_demo/ros2_ws/install/crazyflie_py:/home/mikks/crazyflie_mapping_demo/ros2_ws/install/cooperative_target_centric_formation:/home/mikks/crazyflie_mapping_demo/ros2_ws/install/containment_using_agent_information:/home/mikks/crazyflie_mapping_demo/ros2_ws/install/consensus_for_double_integrator:/home/mikks/crazyflie_mapping_demo/ros2_ws/install/consensus_alignment:/home/mikks/crazyflie_mapping_demo/ros2_ws/install/binary_consensus:/home/mikks/crazyflie_mapping_demo/ros2_ws/install/Second_Order_Min_Consensus_for_Heterogeneous_Agents:/home/mikks/crazyflie_mapping_demo/ros2_ws/install/BinaryContainmentChain:/opt/ros/jazzy DEBUGINFOD_URLS=https://debuginfod.ubuntu.com LD_LIBRARY_PATH=/home/mikks/ros2_px4_ws/install/px4_ros2_cpp/lib:/home/mikks/ros2_px4_ws/install/px4_msgs/lib:/home/mikks/ros2_px4_ws/install/px4_ros_com/lib:/home/mikks/NatNet_SDK_4.3_ubuntu/lib:/home/mikks/crazyflie_mapping_demo/ros2_ws/install/crazyflie_interfaces/lib:/opt/ros/jazzy/opt/gz_sim_vendor/lib:/opt/ros/jazzy/opt/gz_sensors_vendor/lib:/opt/ros/jazzy/opt/gz_physics_vendor/lib:/opt/ros/jazzy/opt/sdformat_vendor/lib:/opt/ros/jazzy/opt/rviz_ogre_vendor/lib:/opt/ros/jazzy/lib/x86_64-linux-gnu:/opt/ros/jazzy/opt/gz_gui_vendor/lib:/opt/ros/jazzy/opt/gz_transport_vendor/lib:/opt/ros/jazzy/opt/gz_rendering_vendor/lib:/opt/ros/jazzy/opt/gz_plugin_vendor/lib:/opt/ros/jazzy/opt/gz_fuel_tools_vendor/lib:/opt/ros/jazzy/opt/gz_msgs_vendor/lib:/opt/ros/jazzy/opt/gz_common_vendor/lib:/opt/ros/jazzy/opt/gz_math_vendor/lib:/opt/ros/jazzy/opt/gz_utils_vendor/lib:/opt/ros/jazzy/opt/gz_tools_vendor/lib:/opt/ros/jazzy/opt/gz_ogre_next_vendor/lib:/opt/ros/jazzy/opt/gz_dartsim_vendor/lib:/opt/ros/jazzy/opt/gz_cmake_vendor/lib:/opt/ros/jazzy/lib PYTHONPATH=/home/mikks/ros2_px4_ws/install/px4_msgs/lib/python3.12/site-packages:/home/mikks/ros2_px4_ws/build/x500_hover_controller:/home/mikks/ros2_px4_ws/install/x500_hover_controller/lib/python3.12/site-packages:/home/mikks/ros2_px4_ws/install/px4_ros_com/lib/python3.12/site-packages:/home/mikks/ros2_px4_ws/build/example_mode_with_rclpy_py:/home/mikks/ros2_px4_ws/install/example_mode_with_rclpy_py/lib/python3.12/site-packages:/home/mikks/ros2_px4_ws/build/example_mode_goto_py:/home/mikks/ros2_px4_ws/install/example_mode_goto_py/lib/python3.12/site-packages:/home/mikks/ros2_px4_ws/install/px4_ros2_py/lib/python3.12/site-packages:/home/mikks/ros2_px4_ws/build/px4_actuator_ctrl:/home/mikks/ros2_px4_ws/install/px4_actuator_ctrl/lib/python3.12/site-packages:/home/mikks/ros2_ws/build/rover_desc_description:/home/mikks/ros2_ws/install/rover_desc_description/lib/python3.12/site-packages:/home/mikks/ros2_ws/install/px4_actuator_ctrl/lib/python3.12/site-packages:/home/mikks/ros2_ws/build/mine_rover_description:/home/mikks/ros2_ws/install/mine_rover_description/lib/python3.12/site-packages:/home/mikks/ros2_ws/build/ZerionURDFV5cp_description:/home/mikks/ros2_ws/install/ZerionURDFV5cp_description/lib/python3.12/site-packages:/home/mikks/crazyflie_mapping_demo/ros2_ws/install/velocity_free_consensus/lib/python3.12/site-packages:/home/mikks/crazyflie_mapping_demo/ros2_ws/install/stepwise_lowpos/lib/python3.12/site-packages:/home/mikks/crazyflie_mapping_demo/ros2_ws/install/step_wise_lowpos/lib/python3.12/site-packages:/home/mikks/crazyflie_mapping_demo/ros2_ws/install/second_order_formation_control/lib/python3.12/site-packages:/home/mikks/crazyflie_mapping_demo/ros2_ws/install/ros_gz_crazyflie_control/lib/python3.12/site-packages:/home/mikks/crazyflie_mapping_demo/ros2_ws/install/mixed_fractional_consensus/lib/python3.12/site-packages:/home/mikks/crazyflie_mapping_demo/ros2_ws/install/lowest_pos/lib/python3.12/site-packages:/home/mikks/crazyflie_mapping_demo/ros2_ws/install/linear_consensus/lib/python3.12/site-packages:/home/mikks/crazyflie_mapping_demo/ros2_ws/install/highest_pos/lib/python3.12/site-packages:/home/mikks/crazyflie_mapping_demo/ros2_ws/install/fractional_consensus_alpha/lib/python3.12/site-packages:/home/mikks/crazyflie_mapping_demo/ros2_ws/install/event_triggered_swarm/lib/python3.12/site-packages:/home/mikks/crazyflie_mapping_demo/ros2_ws/install/drone_logger/lib/python3.12/site-packages:/home/mikks/crazyflie_mapping_demo/ros2_ws/install/distributed_average_tracking/lib/python3.12/site-packages:/home/mikks/crazyflie_mapping_demo/ros2_ws/install/crazyflie_swarm_logic/lib/python3.12/site-packages:/home/mikks/crazyflie_mapping_demo/ros2_ws/install/crazyflie_sim/lib/python3.12/site-packages:/home/mikks/crazyflie_mapping_demo/ros2_ws/install/crazyflie_ros2_multiranger_wall_following/lib/python3.12/site-packages:/home/mikks/crazyflie_mapping_demo/ros2_ws/install/crazyflie_ros2_multiranger_simple_mapper/lib/python3.12/site-packages:/home/mikks/crazyflie_mapping_demo/ros2_ws/install/crazyflie_examples/lib/python3.12/site-packages:/home/mikks/crazyflie_mapping_demo/ros2_ws/install/crazyflie_py/lib/python3.12/site-packages:/home/mikks/crazyflie_mapping_demo/ros2_ws/install/crazyflie_interfaces/lib/python3.12/site-packages:/home/mikks/crazyflie_mapping_demo/ros2_ws/install/cooperative_target_centric_formation/lib/python3.12/site-packages:/home/mikks/crazyflie_mapping_demo/ros2_ws/install/containment_using_agent_information/lib/python3.12/site-packages:/home/mikks/crazyflie_mapping_demo/ros2_ws/install/consensus_for_double_integrator/lib/python3.12/site-packages:/home/mikks/crazyflie_mapping_demo/ros2_ws/install/consensus_alignment/lib/python3.12/site-packages:/home/mikks/crazyflie_mapping_demo/ros2_ws/install/binary_consensus/lib/python3.12/site-packages:/home/mikks/crazyflie_mapping_demo/ros2_ws/install/Second_Order_Min_Consensus_for_Heterogeneous_Agents/lib/python3.12/site-packages:/home/mikks/crazyflie_mapping_demo/ros2_ws/install/BinaryContainmentChain/lib/python3.12/site-packages:/opt/ros/jazzy/lib/python3.12/site-packages /usr/bin/cmake --install /home/mikks/ros2_px4_ws/build/example_mode_rtl_replacement_cpp
[4.097s] Level 1:colcon.colcon_core.environment:checking '/home/mikks/ros2_px4_ws/install/example_mode_rtl_replacement_cpp' for CMake config files
[4.097s] Level 1:colcon.colcon_core.shell:create_environment_hook('example_mode_rtl_replacement_cpp', 'cmake_prefix_path')
[4.097s] INFO:colcon.colcon_core.shell:Creating environment hook '/home/mikks/ros2_px4_ws/install/example_mode_rtl_replacement_cpp/share/example_mode_rtl_replacement_cpp/hook/cmake_prefix_path.ps1'
[4.098s] INFO:colcon.colcon_core.shell:Creating environment descriptor '/home/mikks/ros2_px4_ws/install/example_mode_rtl_replacement_cpp/share/example_mode_rtl_replacement_cpp/hook/cmake_prefix_path.dsv'
[4.099s] INFO:colcon.colcon_core.shell:Creating environment hook '/home/mikks/ros2_px4_ws/install/example_mode_rtl_replacement_cpp/share/example_mode_rtl_replacement_cpp/hook/cmake_prefix_path.sh'
[4.099s] Level 1:colcon.colcon_core.environment:checking '/home/mikks/ros2_px4_ws/install/example_mode_rtl_replacement_cpp/lib'
[4.099s] Level 1:colcon.colcon_core.environment:checking '/home/mikks/ros2_px4_ws/install/example_mode_rtl_replacement_cpp/bin'
[4.099s] Level 1:colcon.colcon_core.environment:checking '/home/mikks/ros2_px4_ws/install/example_mode_rtl_replacement_cpp/lib/pkgconfig/example_mode_rtl_replacement_cpp.pc'
[4.100s] Level 1:colcon.colcon_core.environment:checking '/home/mikks/ros2_px4_ws/install/example_mode_rtl_replacement_cpp/lib/python3.12/site-packages'
[4.100s] Level 1:colcon.colcon_core.environment:checking '/home/mikks/ros2_px4_ws/install/example_mode_rtl_replacement_cpp/bin'
[4.100s] INFO:colcon.colcon_core.shell:Creating package script '/home/mikks/ros2_px4_ws/install/example_mode_rtl_replacement_cpp/share/example_mode_rtl_replacement_cpp/package.ps1'
[4.101s] INFO:colcon.colcon_core.shell:Creating package descriptor '/home/mikks/ros2_px4_ws/install/example_mode_rtl_replacement_cpp/share/example_mode_rtl_replacement_cpp/package.dsv'
[4.101s] INFO:colcon.colcon_core.shell:Creating package script '/home/mikks/ros2_px4_ws/install/example_mode_rtl_replacement_cpp/share/example_mode_rtl_replacement_cpp/package.sh'
[4.102s] INFO:colcon.colcon_core.shell:Creating package script '/home/mikks/ros2_px4_ws/install/example_mode_rtl_replacement_cpp/share/example_mode_rtl_replacement_cpp/package.bash'
[4.102s] INFO:colcon.colcon_core.shell:Creating package script '/home/mikks/ros2_px4_ws/install/example_mode_rtl_replacement_cpp/share/example_mode_rtl_replacement_cpp/package.zsh'
[4.103s] Level 1:colcon.colcon_core.environment:create_file_with_runtime_dependencies(/home/mikks/ros2_px4_ws/install/example_mode_rtl_replacement_cpp/share/colcon-core/packages/example_mode_rtl_replacement_cpp)
[4.103s] Level 1:colcon.colcon_core.environment:create_environment_scripts_only(example_mode_rtl_replacement_cpp)
[4.104s] Level 1:colcon.colcon_core.environment:checking '/home/mikks/ros2_px4_ws/install/example_mode_rtl_replacement_cpp' for CMake module files
[4.104s] Level 1:colcon.colcon_core.environment:checking '/home/mikks/ros2_px4_ws/install/example_mode_rtl_replacement_cpp' for CMake config files
[4.105s] Level 1:colcon.colcon_core.shell:create_environment_hook('example_mode_rtl_replacement_cpp', 'cmake_prefix_path')
[4.105s] INFO:colcon.colcon_core.shell:Creating environment hook '/home/mikks/ros2_px4_ws/install/example_mode_rtl_replacement_cpp/share/example_mode_rtl_replacement_cpp/hook/cmake_prefix_path.ps1'
[4.106s] INFO:colcon.colcon_core.shell:Creating environment descriptor '/home/mikks/ros2_px4_ws/install/example_mode_rtl_replacement_cpp/share/example_mode_rtl_replacement_cpp/hook/cmake_prefix_path.dsv'
[4.106s] INFO:colcon.colcon_core.shell:Creating environment hook '/home/mikks/ros2_px4_ws/install/example_mode_rtl_replacement_cpp/share/example_mode_rtl_replacement_cpp/hook/cmake_prefix_path.sh'
[4.108s] Level 1:colcon.colcon_core.environment:checking '/home/mikks/ros2_px4_ws/install/example_mode_rtl_replacement_cpp/lib'
[4.108s] Level 1:colcon.colcon_core.environment:checking '/home/mikks/ros2_px4_ws/install/example_mode_rtl_replacement_cpp/bin'
[4.108s] Level 1:colcon.colcon_core.environment:checking '/home/mikks/ros2_px4_ws/install/example_mode_rtl_replacement_cpp/lib/pkgconfig/example_mode_rtl_replacement_cpp.pc'
[4.108s] Level 1:colcon.colcon_core.environment:checking '/home/mikks/ros2_px4_ws/install/example_mode_rtl_replacement_cpp/lib/python3.12/site-packages'
[4.108s] Level 1:colcon.colcon_core.environment:checking '/home/mikks/ros2_px4_ws/install/example_mode_rtl_replacement_cpp/bin'
[4.109s] INFO:colcon.colcon_core.shell:Creating package script '/home/mikks/ros2_px4_ws/install/example_mode_rtl_replacement_cpp/share/example_mode_rtl_replacement_cpp/package.ps1'
[4.109s] INFO:colcon.colcon_core.shell:Creating package descriptor '/home/mikks/ros2_px4_ws/install/example_mode_rtl_replacement_cpp/share/example_mode_rtl_replacement_cpp/package.dsv'
[4.110s] INFO:colcon.colcon_core.shell:Creating package script '/home/mikks/ros2_px4_ws/install/example_mode_rtl_replacement_cpp/share/example_mode_rtl_replacement_cpp/package.sh'
[4.110s] INFO:colcon.colcon_core.shell:Creating package script '/home/mikks/ros2_px4_ws/install/example_mode_rtl_replacement_cpp/share/example_mode_rtl_replacement_cpp/package.bash'
[4.111s] INFO:colcon.colcon_core.shell:Creating package script '/home/mikks/ros2_px4_ws/install/example_mode_rtl_replacement_cpp/share/example_mode_rtl_replacement_cpp/package.zsh'
[4.111s] Level 1:colcon.colcon_core.environment:create_file_with_runtime_dependencies(/home/mikks/ros2_px4_ws/install/example_mode_rtl_replacement_cpp/share/colcon-core/packages/example_mode_rtl_replacement_cpp)
[4.117s] DEBUG:colcon.colcon_core.event_handler.log_command:Invoked command in '/home/mikks/ros2_px4_ws/build/example_rover_velocity_mode_cpp' returned '0': CMAKE_PREFIX_PATH=/home/mikks/ros2_px4_ws/install/px4_ros2_cpp:/home/mikks/ros2_px4_ws/install/px4_msgs:/home/mikks/ros2_px4_ws/install/px4_ros_com:/home/mikks/ros2_px4_ws/install/px4_ros2_py:/home/mikks/ros2_px4_ws/install/example_rover_velocity_mode_cpp:/home/mikks/ros2_px4_ws/install/example_mode_with_executor_cpp:/home/mikks/ros2_px4_ws/install/example_mode_vtol_cpp:/home/mikks/ros2_px4_ws/install/example_mode_rtl_replacement_cpp:/home/mikks/ros2_px4_ws/install/example_mode_mission_cpp:/home/mikks/ros2_px4_ws/install/example_mode_manual_cpp:/home/mikks/ros2_px4_ws/install/example_mode_goto_global_cpp:/home/mikks/ros2_px4_ws/install/example_mode_goto_cpp:/home/mikks/ros2_px4_ws/install/example_mode_fw_attitude_cpp:/home/mikks/ros2_px4_ws/install/example_local_navigation_cpp:/home/mikks/ros2_px4_ws/install/example_global_navigation_cpp:/home/mikks/ros2_px4_ws/install/example_executor_with_multiple_modes_cpp:/home/mikks/crazyflie_mapping_demo/ros2_ws/install/crazyflie_ros2_multiranger_bringup:/home/mikks/crazyflie_mapping_demo/ros2_ws/install/ros_gz_crazyflie_bringup:/home/mikks/crazyflie_mapping_demo/ros2_ws/install/ros_gz_crazyflie_gazebo:/home/mikks/crazyflie_mapping_demo/ros2_ws/install/crazyflie_sim:/home/mikks/crazyflie_mapping_demo/ros2_ws/install/crazyflie_examples:/home/mikks/crazyflie_mapping_demo/ros2_ws/install/crazyflie:/home/mikks/crazyflie_mapping_demo/ros2_ws/install/crazyflie_interfaces:/opt/ros/jazzy/opt/gz_sim_vendor:/opt/ros/jazzy/opt/gz_sensors_vendor:/opt/ros/jazzy/opt/gz_physics_vendor:/opt/ros/jazzy/opt/sdformat_vendor:/opt/ros/jazzy/opt/gz_gui_vendor:/opt/ros/jazzy/opt/gz_transport_vendor:/opt/ros/jazzy/opt/gz_rendering_vendor:/opt/ros/jazzy/opt/gz_plugin_vendor:/opt/ros/jazzy/opt/gz_fuel_tools_vendor:/opt/ros/jazzy/opt/gz_msgs_vendor:/opt/ros/jazzy/opt/gz_common_vendor:/opt/ros/jazzy/opt/gz_math_vendor:/opt/ros/jazzy/opt/gz_utils_vendor:/opt/ros/jazzy/opt/gz_tools_vendor:/opt/ros/jazzy/opt/gz_ogre_next_vendor:/opt/ros/jazzy/opt/gz_dartsim_vendor:/opt/ros/jazzy/opt/gz_cmake_vendor:/home/mikks/ros2_px4_ws/install/x500_hover_controller:/home/mikks/ros2_px4_ws/install/example_mode_with_rclpy_py:/home/mikks/ros2_px4_ws/install/example_mode_goto_py:/home/mikks/ros2_px4_ws/install/px4_actuator_ctrl:/home/mikks/ros2_ws/install/rover_desc_description:/home/mikks/ros2_ws/install/px4_actuator_ctrl:/home/mikks/ros2_ws/install/mine_rover_description:/home/mikks/ros2_ws/install/ZerionURDFV5cp_description:/home/mikks/crazyflie_mapping_demo/ros2_ws/install/velocity_free_consensus:/home/mikks/crazyflie_mapping_demo/ros2_ws/install/stepwise_lowpos:/home/mikks/crazyflie_mapping_demo/ros2_ws/install/step_wise_lowpos:/home/mikks/crazyflie_mapping_demo/ros2_ws/install/second_order_formation_control:/home/mikks/crazyflie_mapping_demo/ros2_ws/install/ros_gz_crazyflie_control:/home/mikks/crazyflie_mapping_demo/ros2_ws/install/mixed_fractional_consensus:/home/mikks/crazyflie_mapping_demo/ros2_ws/install/lowest_pos:/home/mikks/crazyflie_mapping_demo/ros2_ws/install/linear_consensus:/home/mikks/crazyflie_mapping_demo/ros2_ws/install/highest_pos:/home/mikks/crazyflie_mapping_demo/ros2_ws/install/fractional_consensus_alpha:/home/mikks/crazyflie_mapping_demo/ros2_ws/install/event_triggered_swarm:/home/mikks/crazyflie_mapping_demo/ros2_ws/install/drone_logger:/home/mikks/crazyflie_mapping_demo/ros2_ws/install/distributed_average_tracking:/home/mikks/crazyflie_mapping_demo/ros2_ws/install/crazyflie_swarm_logic:/home/mikks/crazyflie_mapping_demo/ros2_ws/install/crazyflie_ros2_multiranger_wall_following:/home/mikks/crazyflie_mapping_demo/ros2_ws/install/crazyflie_ros2_multiranger_simple_mapper:/home/mikks/crazyflie_mapping_demo/ros2_ws/install/crazyflie_py:/home/mikks/crazyflie_mapping_demo/ros2_ws/install/cooperative_target_centric_formation:/home/mikks/crazyflie_mapping_demo/ros2_ws/install/containment_using_agent_information:/home/mikks/crazyflie_mapping_demo/ros2_ws/install/consensus_for_double_integrator:/home/mikks/crazyflie_mapping_demo/ros2_ws/install/consensus_alignment:/home/mikks/crazyflie_mapping_demo/ros2_ws/install/binary_consensus:/home/mikks/crazyflie_mapping_demo/ros2_ws/install/Second_Order_Min_Consensus_for_Heterogeneous_Agents:/home/mikks/crazyflie_mapping_demo/ros2_ws/install/BinaryContainmentChain:/opt/ros/jazzy DEBUGINFOD_URLS=https://debuginfod.ubuntu.com LD_LIBRARY_PATH=/home/mikks/ros2_px4_ws/install/px4_ros2_cpp/lib:/home/mikks/ros2_px4_ws/install/px4_msgs/lib:/home/mikks/ros2_px4_ws/install/px4_ros_com/lib:/home/mikks/NatNet_SDK_4.3_ubuntu/lib:/home/mikks/crazyflie_mapping_demo/ros2_ws/install/crazyflie_interfaces/lib:/opt/ros/jazzy/opt/gz_sim_vendor/lib:/opt/ros/jazzy/opt/gz_sensors_vendor/lib:/opt/ros/jazzy/opt/gz_physics_vendor/lib:/opt/ros/jazzy/opt/sdformat_vendor/lib:/opt/ros/jazzy/opt/rviz_ogre_vendor/lib:/opt/ros/jazzy/lib/x86_64-linux-gnu:/opt/ros/jazzy/opt/gz_gui_vendor/lib:/opt/ros/jazzy/opt/gz_transport_vendor/lib:/opt/ros/jazzy/opt/gz_rendering_vendor/lib:/opt/ros/jazzy/opt/gz_plugin_vendor/lib:/opt/ros/jazzy/opt/gz_fuel_tools_vendor/lib:/opt/ros/jazzy/opt/gz_msgs_vendor/lib:/opt/ros/jazzy/opt/gz_common_vendor/lib:/opt/ros/jazzy/opt/gz_math_vendor/lib:/opt/ros/jazzy/opt/gz_utils_vendor/lib:/opt/ros/jazzy/opt/gz_tools_vendor/lib:/opt/ros/jazzy/opt/gz_ogre_next_vendor/lib:/opt/ros/jazzy/opt/gz_dartsim_vendor/lib:/opt/ros/jazzy/opt/gz_cmake_vendor/lib:/opt/ros/jazzy/lib PYTHONPATH=/home/mikks/ros2_px4_ws/install/px4_msgs/lib/python3.12/site-packages:/home/mikks/ros2_px4_ws/build/x500_hover_controller:/home/mikks/ros2_px4_ws/install/x500_hover_controller/lib/python3.12/site-packages:/home/mikks/ros2_px4_ws/install/px4_ros_com/lib/python3.12/site-packages:/home/mikks/ros2_px4_ws/build/example_mode_with_rclpy_py:/home/mikks/ros2_px4_ws/install/example_mode_with_rclpy_py/lib/python3.12/site-packages:/home/mikks/ros2_px4_ws/build/example_mode_goto_py:/home/mikks/ros2_px4_ws/install/example_mode_goto_py/lib/python3.12/site-packages:/home/mikks/ros2_px4_ws/install/px4_ros2_py/lib/python3.12/site-packages:/home/mikks/ros2_px4_ws/build/px4_actuator_ctrl:/home/mikks/ros2_px4_ws/install/px4_actuator_ctrl/lib/python3.12/site-packages:/home/mikks/ros2_ws/build/rover_desc_description:/home/mikks/ros2_ws/install/rover_desc_description/lib/python3.12/site-packages:/home/mikks/ros2_ws/install/px4_actuator_ctrl/lib/python3.12/site-packages:/home/mikks/ros2_ws/build/mine_rover_description:/home/mikks/ros2_ws/install/mine_rover_description/lib/python3.12/site-packages:/home/mikks/ros2_ws/build/ZerionURDFV5cp_description:/home/mikks/ros2_ws/install/ZerionURDFV5cp_description/lib/python3.12/site-packages:/home/mikks/crazyflie_mapping_demo/ros2_ws/install/velocity_free_consensus/lib/python3.12/site-packages:/home/mikks/crazyflie_mapping_demo/ros2_ws/install/stepwise_lowpos/lib/python3.12/site-packages:/home/mikks/crazyflie_mapping_demo/ros2_ws/install/step_wise_lowpos/lib/python3.12/site-packages:/home/mikks/crazyflie_mapping_demo/ros2_ws/install/second_order_formation_control/lib/python3.12/site-packages:/home/mikks/crazyflie_mapping_demo/ros2_ws/install/ros_gz_crazyflie_control/lib/python3.12/site-packages:/home/mikks/crazyflie_mapping_demo/ros2_ws/install/mixed_fractional_consensus/lib/python3.12/site-packages:/home/mikks/crazyflie_mapping_demo/ros2_ws/install/lowest_pos/lib/python3.12/site-packages:/home/mikks/crazyflie_mapping_demo/ros2_ws/install/linear_consensus/lib/python3.12/site-packages:/home/mikks/crazyflie_mapping_demo/ros2_ws/install/highest_pos/lib/python3.12/site-packages:/home/mikks/crazyflie_mapping_demo/ros2_ws/install/fractional_consensus_alpha/lib/python3.12/site-packages:/home/mikks/crazyflie_mapping_demo/ros2_ws/install/event_triggered_swarm/lib/python3.12/site-packages:/home/mikks/crazyflie_mapping_demo/ros2_ws/install/drone_logger/lib/python3.12/site-packages:/home/mikks/crazyflie_mapping_demo/ros2_ws/install/distributed_average_tracking/lib/python3.12/site-packages:/home/mikks/crazyflie_mapping_demo/ros2_ws/install/crazyflie_swarm_logic/lib/python3.12/site-packages:/home/mikks/crazyflie_mapping_demo/ros2_ws/install/crazyflie_sim/lib/python3.12/site-packages:/home/mikks/crazyflie_mapping_demo/ros2_ws/install/crazyflie_ros2_multiranger_wall_following/lib/python3.12/site-packages:/home/mikks/crazyflie_mapping_demo/ros2_ws/install/crazyflie_ros2_multiranger_simple_mapper/lib/python3.12/site-packages:/home/mikks/crazyflie_mapping_demo/ros2_ws/install/crazyflie_examples/lib/python3.12/site-packages:/home/mikks/crazyflie_mapping_demo/ros2_ws/install/crazyflie_py/lib/python3.12/site-packages:/home/mikks/crazyflie_mapping_demo/ros2_ws/install/crazyflie_interfaces/lib/python3.12/site-packages:/home/mikks/crazyflie_mapping_demo/ros2_ws/install/cooperative_target_centric_formation/lib/python3.12/site-packages:/home/mikks/crazyflie_mapping_demo/ros2_ws/install/containment_using_agent_information/lib/python3.12/site-packages:/home/mikks/crazyflie_mapping_demo/ros2_ws/install/consensus_for_double_integrator/lib/python3.12/site-packages:/home/mikks/crazyflie_mapping_demo/ros2_ws/install/consensus_alignment/lib/python3.12/site-packages:/home/mikks/crazyflie_mapping_demo/ros2_ws/install/binary_consensus/lib/python3.12/site-packages:/home/mikks/crazyflie_mapping_demo/ros2_ws/install/Second_Order_Min_Consensus_for_Heterogeneous_Agents/lib/python3.12/site-packages:/home/mikks/crazyflie_mapping_demo/ros2_ws/install/BinaryContainmentChain/lib/python3.12/site-packages:/opt/ros/jazzy/lib/python3.12/site-packages /usr/bin/cmake --build /home/mikks/ros2_px4_ws/build/example_rover_velocity_mode_cpp -- -j12 -l12
[4.118s] DEBUG:colcon.colcon_core.event_handler.log_command:Invoking command in '/home/mikks/ros2_px4_ws/build/example_rover_velocity_mode_cpp': CMAKE_PREFIX_PATH=/home/mikks/ros2_px4_ws/install/px4_ros2_cpp:/home/mikks/ros2_px4_ws/install/px4_msgs:/home/mikks/ros2_px4_ws/install/px4_ros_com:/home/mikks/ros2_px4_ws/install/px4_ros2_py:/home/mikks/ros2_px4_ws/install/example_rover_velocity_mode_cpp:/home/mikks/ros2_px4_ws/install/example_mode_with_executor_cpp:/home/mikks/ros2_px4_ws/install/example_mode_vtol_cpp:/home/mikks/ros2_px4_ws/install/example_mode_rtl_replacement_cpp:/home/mikks/ros2_px4_ws/install/example_mode_mission_cpp:/home/mikks/ros2_px4_ws/install/example_mode_manual_cpp:/home/mikks/ros2_px4_ws/install/example_mode_goto_global_cpp:/home/mikks/ros2_px4_ws/install/example_mode_goto_cpp:/home/mikks/ros2_px4_ws/install/example_mode_fw_attitude_cpp:/home/mikks/ros2_px4_ws/install/example_local_navigation_cpp:/home/mikks/ros2_px4_ws/install/example_global_navigation_cpp:/home/mikks/ros2_px4_ws/install/example_executor_with_multiple_modes_cpp:/home/mikks/crazyflie_mapping_demo/ros2_ws/install/crazyflie_ros2_multiranger_bringup:/home/mikks/crazyflie_mapping_demo/ros2_ws/install/ros_gz_crazyflie_bringup:/home/mikks/crazyflie_mapping_demo/ros2_ws/install/ros_gz_crazyflie_gazebo:/home/mikks/crazyflie_mapping_demo/ros2_ws/install/crazyflie_sim:/home/mikks/crazyflie_mapping_demo/ros2_ws/install/crazyflie_examples:/home/mikks/crazyflie_mapping_demo/ros2_ws/install/crazyflie:/home/mikks/crazyflie_mapping_demo/ros2_ws/install/crazyflie_interfaces:/opt/ros/jazzy/opt/gz_sim_vendor:/opt/ros/jazzy/opt/gz_sensors_vendor:/opt/ros/jazzy/opt/gz_physics_vendor:/opt/ros/jazzy/opt/sdformat_vendor:/opt/ros/jazzy/opt/gz_gui_vendor:/opt/ros/jazzy/opt/gz_transport_vendor:/opt/ros/jazzy/opt/gz_rendering_vendor:/opt/ros/jazzy/opt/gz_plugin_vendor:/opt/ros/jazzy/opt/gz_fuel_tools_vendor:/opt/ros/jazzy/opt/gz_msgs_vendor:/opt/ros/jazzy/opt/gz_common_vendor:/opt/ros/jazzy/opt/gz_math_vendor:/opt/ros/jazzy/opt/gz_utils_vendor:/opt/ros/jazzy/opt/gz_tools_vendor:/opt/ros/jazzy/opt/gz_ogre_next_vendor:/opt/ros/jazzy/opt/gz_dartsim_vendor:/opt/ros/jazzy/opt/gz_cmake_vendor:/home/mikks/ros2_px4_ws/install/x500_hover_controller:/home/mikks/ros2_px4_ws/install/example_mode_with_rclpy_py:/home/mikks/ros2_px4_ws/install/example_mode_goto_py:/home/mikks/ros2_px4_ws/install/px4_actuator_ctrl:/home/mikks/ros2_ws/install/rover_desc_description:/home/mikks/ros2_ws/install/px4_actuator_ctrl:/home/mikks/ros2_ws/install/mine_rover_description:/home/mikks/ros2_ws/install/ZerionURDFV5cp_description:/home/mikks/crazyflie_mapping_demo/ros2_ws/install/velocity_free_consensus:/home/mikks/crazyflie_mapping_demo/ros2_ws/install/stepwise_lowpos:/home/mikks/crazyflie_mapping_demo/ros2_ws/install/step_wise_lowpos:/home/mikks/crazyflie_mapping_demo/ros2_ws/install/second_order_formation_control:/home/mikks/crazyflie_mapping_demo/ros2_ws/install/ros_gz_crazyflie_control:/home/mikks/crazyflie_mapping_demo/ros2_ws/install/mixed_fractional_consensus:/home/mikks/crazyflie_mapping_demo/ros2_ws/install/lowest_pos:/home/mikks/crazyflie_mapping_demo/ros2_ws/install/linear_consensus:/home/mikks/crazyflie_mapping_demo/ros2_ws/install/highest_pos:/home/mikks/crazyflie_mapping_demo/ros2_ws/install/fractional_consensus_alpha:/home/mikks/crazyflie_mapping_demo/ros2_ws/install/event_triggered_swarm:/home/mikks/crazyflie_mapping_demo/ros2_ws/install/drone_logger:/home/mikks/crazyflie_mapping_demo/ros2_ws/install/distributed_average_tracking:/home/mikks/crazyflie_mapping_demo/ros2_ws/install/crazyflie_swarm_logic:/home/mikks/crazyflie_mapping_demo/ros2_ws/install/crazyflie_ros2_multiranger_wall_following:/home/mikks/crazyflie_mapping_demo/ros2_ws/install/crazyflie_ros2_multiranger_simple_mapper:/home/mikks/crazyflie_mapping_demo/ros2_ws/install/crazyflie_py:/home/mikks/crazyflie_mapping_demo/ros2_ws/install/cooperative_target_centric_formation:/home/mikks/crazyflie_mapping_demo/ros2_ws/install/containment_using_agent_information:/home/mikks/crazyflie_mapping_demo/ros2_ws/install/consensus_for_double_integrator:/home/mikks/crazyflie_mapping_demo/ros2_ws/install/consensus_alignment:/home/mikks/crazyflie_mapping_demo/ros2_ws/install/binary_consensus:/home/mikks/crazyflie_mapping_demo/ros2_ws/install/Second_Order_Min_Consensus_for_Heterogeneous_Agents:/home/mikks/crazyflie_mapping_demo/ros2_ws/install/BinaryContainmentChain:/opt/ros/jazzy DEBUGINFOD_URLS=https://debuginfod.ubuntu.com LD_LIBRARY_PATH=/home/mikks/ros2_px4_ws/install/px4_ros2_cpp/lib:/home/mikks/ros2_px4_ws/install/px4_msgs/lib:/home/mikks/ros2_px4_ws/install/px4_ros_com/lib:/home/mikks/NatNet_SDK_4.3_ubuntu/lib:/home/mikks/crazyflie_mapping_demo/ros2_ws/install/crazyflie_interfaces/lib:/opt/ros/jazzy/opt/gz_sim_vendor/lib:/opt/ros/jazzy/opt/gz_sensors_vendor/lib:/opt/ros/jazzy/opt/gz_physics_vendor/lib:/opt/ros/jazzy/opt/sdformat_vendor/lib:/opt/ros/jazzy/opt/rviz_ogre_vendor/lib:/opt/ros/jazzy/lib/x86_64-linux-gnu:/opt/ros/jazzy/opt/gz_gui_vendor/lib:/opt/ros/jazzy/opt/gz_transport_vendor/lib:/opt/ros/jazzy/opt/gz_rendering_vendor/lib:/opt/ros/jazzy/opt/gz_plugin_vendor/lib:/opt/ros/jazzy/opt/gz_fuel_tools_vendor/lib:/opt/ros/jazzy/opt/gz_msgs_vendor/lib:/opt/ros/jazzy/opt/gz_common_vendor/lib:/opt/ros/jazzy/opt/gz_math_vendor/lib:/opt/ros/jazzy/opt/gz_utils_vendor/lib:/opt/ros/jazzy/opt/gz_tools_vendor/lib:/opt/ros/jazzy/opt/gz_ogre_next_vendor/lib:/opt/ros/jazzy/opt/gz_dartsim_vendor/lib:/opt/ros/jazzy/opt/gz_cmake_vendor/lib:/opt/ros/jazzy/lib PYTHONPATH=/home/mikks/ros2_px4_ws/install/px4_msgs/lib/python3.12/site-packages:/home/mikks/ros2_px4_ws/build/x500_hover_controller:/home/mikks/ros2_px4_ws/install/x500_hover_controller/lib/python3.12/site-packages:/home/mikks/ros2_px4_ws/install/px4_ros_com/lib/python3.12/site-packages:/home/mikks/ros2_px4_ws/build/example_mode_with_rclpy_py:/home/mikks/ros2_px4_ws/install/example_mode_with_rclpy_py/lib/python3.12/site-packages:/home/mikks/ros2_px4_ws/build/example_mode_goto_py:/home/mikks/ros2_px4_ws/install/example_mode_goto_py/lib/python3.12/site-packages:/home/mikks/ros2_px4_ws/install/px4_ros2_py/lib/python3.12/site-packages:/home/mikks/ros2_px4_ws/build/px4_actuator_ctrl:/home/mikks/ros2_px4_ws/install/px4_actuator_ctrl/lib/python3.12/site-packages:/home/mikks/ros2_ws/build/rover_desc_description:/home/mikks/ros2_ws/install/rover_desc_description/lib/python3.12/site-packages:/home/mikks/ros2_ws/install/px4_actuator_ctrl/lib/python3.12/site-packages:/home/mikks/ros2_ws/build/mine_rover_description:/home/mikks/ros2_ws/install/mine_rover_description/lib/python3.12/site-packages:/home/mikks/ros2_ws/build/ZerionURDFV5cp_description:/home/mikks/ros2_ws/install/ZerionURDFV5cp_description/lib/python3.12/site-packages:/home/mikks/crazyflie_mapping_demo/ros2_ws/install/velocity_free_consensus/lib/python3.12/site-packages:/home/mikks/crazyflie_mapping_demo/ros2_ws/install/stepwise_lowpos/lib/python3.12/site-packages:/home/mikks/crazyflie_mapping_demo/ros2_ws/install/step_wise_lowpos/lib/python3.12/site-packages:/home/mikks/crazyflie_mapping_demo/ros2_ws/install/second_order_formation_control/lib/python3.12/site-packages:/home/mikks/crazyflie_mapping_demo/ros2_ws/install/ros_gz_crazyflie_control/lib/python3.12/site-packages:/home/mikks/crazyflie_mapping_demo/ros2_ws/install/mixed_fractional_consensus/lib/python3.12/site-packages:/home/mikks/crazyflie_mapping_demo/ros2_ws/install/lowest_pos/lib/python3.12/site-packages:/home/mikks/crazyflie_mapping_demo/ros2_ws/install/linear_consensus/lib/python3.12/site-packages:/home/mikks/crazyflie_mapping_demo/ros2_ws/install/highest_pos/lib/python3.12/site-packages:/home/mikks/crazyflie_mapping_demo/ros2_ws/install/fractional_consensus_alpha/lib/python3.12/site-packages:/home/mikks/crazyflie_mapping_demo/ros2_ws/install/event_triggered_swarm/lib/python3.12/site-packages:/home/mikks/crazyflie_mapping_demo/ros2_ws/install/drone_logger/lib/python3.12/site-packages:/home/mikks/crazyflie_mapping_demo/ros2_ws/install/distributed_average_tracking/lib/python3.12/site-packages:/home/mikks/crazyflie_mapping_demo/ros2_ws/install/crazyflie_swarm_logic/lib/python3.12/site-packages:/home/mikks/crazyflie_mapping_demo/ros2_ws/install/crazyflie_sim/lib/python3.12/site-packages:/home/mikks/crazyflie_mapping_demo/ros2_ws/install/crazyflie_ros2_multiranger_wall_following/lib/python3.12/site-packages:/home/mikks/crazyflie_mapping_demo/ros2_ws/install/crazyflie_ros2_multiranger_simple_mapper/lib/python3.12/site-packages:/home/mikks/crazyflie_mapping_demo/ros2_ws/install/crazyflie_examples/lib/python3.12/site-packages:/home/mikks/crazyflie_mapping_demo/ros2_ws/install/crazyflie_py/lib/python3.12/site-packages:/home/mikks/crazyflie_mapping_demo/ros2_ws/install/crazyflie_interfaces/lib/python3.12/site-packages:/home/mikks/crazyflie_mapping_demo/ros2_ws/install/cooperative_target_centric_formation/lib/python3.12/site-packages:/home/mikks/crazyflie_mapping_demo/ros2_ws/install/containment_using_agent_information/lib/python3.12/site-packages:/home/mikks/crazyflie_mapping_demo/ros2_ws/install/consensus_for_double_integrator/lib/python3.12/site-packages:/home/mikks/crazyflie_mapping_demo/ros2_ws/install/consensus_alignment/lib/python3.12/site-packages:/home/mikks/crazyflie_mapping_demo/ros2_ws/install/binary_consensus/lib/python3.12/site-packages:/home/mikks/crazyflie_mapping_demo/ros2_ws/install/Second_Order_Min_Consensus_for_Heterogeneous_Agents/lib/python3.12/site-packages:/home/mikks/crazyflie_mapping_demo/ros2_ws/install/BinaryContainmentChain/lib/python3.12/site-packages:/opt/ros/jazzy/lib/python3.12/site-packages /usr/bin/cmake --install /home/mikks/ros2_px4_ws/build/example_rover_velocity_mode_cpp
[4.121s] DEBUG:colcon.colcon_core.event_handler.log_command:Invoked command in '/home/mikks/ros2_px4_ws/build/example_mode_with_executor_cpp' returned '0': CMAKE_PREFIX_PATH=/home/mikks/ros2_px4_ws/install/px4_ros2_cpp:/home/mikks/ros2_px4_ws/install/px4_msgs:/home/mikks/ros2_px4_ws/install/px4_ros_com:/home/mikks/ros2_px4_ws/install/px4_ros2_py:/home/mikks/ros2_px4_ws/install/example_rover_velocity_mode_cpp:/home/mikks/ros2_px4_ws/install/example_mode_with_executor_cpp:/home/mikks/ros2_px4_ws/install/example_mode_vtol_cpp:/home/mikks/ros2_px4_ws/install/example_mode_rtl_replacement_cpp:/home/mikks/ros2_px4_ws/install/example_mode_mission_cpp:/home/mikks/ros2_px4_ws/install/example_mode_manual_cpp:/home/mikks/ros2_px4_ws/install/example_mode_goto_global_cpp:/home/mikks/ros2_px4_ws/install/example_mode_goto_cpp:/home/mikks/ros2_px4_ws/install/example_mode_fw_attitude_cpp:/home/mikks/ros2_px4_ws/install/example_local_navigation_cpp:/home/mikks/ros2_px4_ws/install/example_global_navigation_cpp:/home/mikks/ros2_px4_ws/install/example_executor_with_multiple_modes_cpp:/home/mikks/crazyflie_mapping_demo/ros2_ws/install/crazyflie_ros2_multiranger_bringup:/home/mikks/crazyflie_mapping_demo/ros2_ws/install/ros_gz_crazyflie_bringup:/home/mikks/crazyflie_mapping_demo/ros2_ws/install/ros_gz_crazyflie_gazebo:/home/mikks/crazyflie_mapping_demo/ros2_ws/install/crazyflie_sim:/home/mikks/crazyflie_mapping_demo/ros2_ws/install/crazyflie_examples:/home/mikks/crazyflie_mapping_demo/ros2_ws/install/crazyflie:/home/mikks/crazyflie_mapping_demo/ros2_ws/install/crazyflie_interfaces:/opt/ros/jazzy/opt/gz_sim_vendor:/opt/ros/jazzy/opt/gz_sensors_vendor:/opt/ros/jazzy/opt/gz_physics_vendor:/opt/ros/jazzy/opt/sdformat_vendor:/opt/ros/jazzy/opt/gz_gui_vendor:/opt/ros/jazzy/opt/gz_transport_vendor:/opt/ros/jazzy/opt/gz_rendering_vendor:/opt/ros/jazzy/opt/gz_plugin_vendor:/opt/ros/jazzy/opt/gz_fuel_tools_vendor:/opt/ros/jazzy/opt/gz_msgs_vendor:/opt/ros/jazzy/opt/gz_common_vendor:/opt/ros/jazzy/opt/gz_math_vendor:/opt/ros/jazzy/opt/gz_utils_vendor:/opt/ros/jazzy/opt/gz_tools_vendor:/opt/ros/jazzy/opt/gz_ogre_next_vendor:/opt/ros/jazzy/opt/gz_dartsim_vendor:/opt/ros/jazzy/opt/gz_cmake_vendor:/home/mikks/ros2_px4_ws/install/x500_hover_controller:/home/mikks/ros2_px4_ws/install/example_mode_with_rclpy_py:/home/mikks/ros2_px4_ws/install/example_mode_goto_py:/home/mikks/ros2_px4_ws/install/px4_actuator_ctrl:/home/mikks/ros2_ws/install/rover_desc_description:/home/mikks/ros2_ws/install/px4_actuator_ctrl:/home/mikks/ros2_ws/install/mine_rover_description:/home/mikks/ros2_ws/install/ZerionURDFV5cp_description:/home/mikks/crazyflie_mapping_demo/ros2_ws/install/velocity_free_consensus:/home/mikks/crazyflie_mapping_demo/ros2_ws/install/stepwise_lowpos:/home/mikks/crazyflie_mapping_demo/ros2_ws/install/step_wise_lowpos:/home/mikks/crazyflie_mapping_demo/ros2_ws/install/second_order_formation_control:/home/mikks/crazyflie_mapping_demo/ros2_ws/install/ros_gz_crazyflie_control:/home/mikks/crazyflie_mapping_demo/ros2_ws/install/mixed_fractional_consensus:/home/mikks/crazyflie_mapping_demo/ros2_ws/install/lowest_pos:/home/mikks/crazyflie_mapping_demo/ros2_ws/install/linear_consensus:/home/mikks/crazyflie_mapping_demo/ros2_ws/install/highest_pos:/home/mikks/crazyflie_mapping_demo/ros2_ws/install/fractional_consensus_alpha:/home/mikks/crazyflie_mapping_demo/ros2_ws/install/event_triggered_swarm:/home/mikks/crazyflie_mapping_demo/ros2_ws/install/drone_logger:/home/mikks/crazyflie_mapping_demo/ros2_ws/install/distributed_average_tracking:/home/mikks/crazyflie_mapping_demo/ros2_ws/install/crazyflie_swarm_logic:/home/mikks/crazyflie_mapping_demo/ros2_ws/install/crazyflie_ros2_multiranger_wall_following:/home/mikks/crazyflie_mapping_demo/ros2_ws/install/crazyflie_ros2_multiranger_simple_mapper:/home/mikks/crazyflie_mapping_demo/ros2_ws/install/crazyflie_py:/home/mikks/crazyflie_mapping_demo/ros2_ws/install/cooperative_target_centric_formation:/home/mikks/crazyflie_mapping_demo/ros2_ws/install/containment_using_agent_information:/home/mikks/crazyflie_mapping_demo/ros2_ws/install/consensus_for_double_integrator:/home/mikks/crazyflie_mapping_demo/ros2_ws/install/consensus_alignment:/home/mikks/crazyflie_mapping_demo/ros2_ws/install/binary_consensus:/home/mikks/crazyflie_mapping_demo/ros2_ws/install/Second_Order_Min_Consensus_for_Heterogeneous_Agents:/home/mikks/crazyflie_mapping_demo/ros2_ws/install/BinaryContainmentChain:/opt/ros/jazzy DEBUGINFOD_URLS=https://debuginfod.ubuntu.com LD_LIBRARY_PATH=/home/mikks/ros2_px4_ws/install/px4_ros2_cpp/lib:/home/mikks/ros2_px4_ws/install/px4_msgs/lib:/home/mikks/ros2_px4_ws/install/px4_ros_com/lib:/home/mikks/NatNet_SDK_4.3_ubuntu/lib:/home/mikks/crazyflie_mapping_demo/ros2_ws/install/crazyflie_interfaces/lib:/opt/ros/jazzy/opt/gz_sim_vendor/lib:/opt/ros/jazzy/opt/gz_sensors_vendor/lib:/opt/ros/jazzy/opt/gz_physics_vendor/lib:/opt/ros/jazzy/opt/sdformat_vendor/lib:/opt/ros/jazzy/opt/rviz_ogre_vendor/lib:/opt/ros/jazzy/lib/x86_64-linux-gnu:/opt/ros/jazzy/opt/gz_gui_vendor/lib:/opt/ros/jazzy/opt/gz_transport_vendor/lib:/opt/ros/jazzy/opt/gz_rendering_vendor/lib:/opt/ros/jazzy/opt/gz_plugin_vendor/lib:/opt/ros/jazzy/opt/gz_fuel_tools_vendor/lib:/opt/ros/jazzy/opt/gz_msgs_vendor/lib:/opt/ros/jazzy/opt/gz_common_vendor/lib:/opt/ros/jazzy/opt/gz_math_vendor/lib:/opt/ros/jazzy/opt/gz_utils_vendor/lib:/opt/ros/jazzy/opt/gz_tools_vendor/lib:/opt/ros/jazzy/opt/gz_ogre_next_vendor/lib:/opt/ros/jazzy/opt/gz_dartsim_vendor/lib:/opt/ros/jazzy/opt/gz_cmake_vendor/lib:/opt/ros/jazzy/lib PYTHONPATH=/home/mikks/ros2_px4_ws/install/px4_msgs/lib/python3.12/site-packages:/home/mikks/ros2_px4_ws/build/x500_hover_controller:/home/mikks/ros2_px4_ws/install/x500_hover_controller/lib/python3.12/site-packages:/home/mikks/ros2_px4_ws/install/px4_ros_com/lib/python3.12/site-packages:/home/mikks/ros2_px4_ws/build/example_mode_with_rclpy_py:/home/mikks/ros2_px4_ws/install/example_mode_with_rclpy_py/lib/python3.12/site-packages:/home/mikks/ros2_px4_ws/build/example_mode_goto_py:/home/mikks/ros2_px4_ws/install/example_mode_goto_py/lib/python3.12/site-packages:/home/mikks/ros2_px4_ws/install/px4_ros2_py/lib/python3.12/site-packages:/home/mikks/ros2_px4_ws/build/px4_actuator_ctrl:/home/mikks/ros2_px4_ws/install/px4_actuator_ctrl/lib/python3.12/site-packages:/home/mikks/ros2_ws/build/rover_desc_description:/home/mikks/ros2_ws/install/rover_desc_description/lib/python3.12/site-packages:/home/mikks/ros2_ws/install/px4_actuator_ctrl/lib/python3.12/site-packages:/home/mikks/ros2_ws/build/mine_rover_description:/home/mikks/ros2_ws/install/mine_rover_description/lib/python3.12/site-packages:/home/mikks/ros2_ws/build/ZerionURDFV5cp_description:/home/mikks/ros2_ws/install/ZerionURDFV5cp_description/lib/python3.12/site-packages:/home/mikks/crazyflie_mapping_demo/ros2_ws/install/velocity_free_consensus/lib/python3.12/site-packages:/home/mikks/crazyflie_mapping_demo/ros2_ws/install/stepwise_lowpos/lib/python3.12/site-packages:/home/mikks/crazyflie_mapping_demo/ros2_ws/install/step_wise_lowpos/lib/python3.12/site-packages:/home/mikks/crazyflie_mapping_demo/ros2_ws/install/second_order_formation_control/lib/python3.12/site-packages:/home/mikks/crazyflie_mapping_demo/ros2_ws/install/ros_gz_crazyflie_control/lib/python3.12/site-packages:/home/mikks/crazyflie_mapping_demo/ros2_ws/install/mixed_fractional_consensus/lib/python3.12/site-packages:/home/mikks/crazyflie_mapping_demo/ros2_ws/install/lowest_pos/lib/python3.12/site-packages:/home/mikks/crazyflie_mapping_demo/ros2_ws/install/linear_consensus/lib/python3.12/site-packages:/home/mikks/crazyflie_mapping_demo/ros2_ws/install/highest_pos/lib/python3.12/site-packages:/home/mikks/crazyflie_mapping_demo/ros2_ws/install/fractional_consensus_alpha/lib/python3.12/site-packages:/home/mikks/crazyflie_mapping_demo/ros2_ws/install/event_triggered_swarm/lib/python3.12/site-packages:/home/mikks/crazyflie_mapping_demo/ros2_ws/install/drone_logger/lib/python3.12/site-packages:/home/mikks/crazyflie_mapping_demo/ros2_ws/install/distributed_average_tracking/lib/python3.12/site-packages:/home/mikks/crazyflie_mapping_demo/ros2_ws/install/crazyflie_swarm_logic/lib/python3.12/site-packages:/home/mikks/crazyflie_mapping_demo/ros2_ws/install/crazyflie_sim/lib/python3.12/site-packages:/home/mikks/crazyflie_mapping_demo/ros2_ws/install/crazyflie_ros2_multiranger_wall_following/lib/python3.12/site-packages:/home/mikks/crazyflie_mapping_demo/ros2_ws/install/crazyflie_ros2_multiranger_simple_mapper/lib/python3.12/site-packages:/home/mikks/crazyflie_mapping_demo/ros2_ws/install/crazyflie_examples/lib/python3.12/site-packages:/home/mikks/crazyflie_mapping_demo/ros2_ws/install/crazyflie_py/lib/python3.12/site-packages:/home/mikks/crazyflie_mapping_demo/ros2_ws/install/crazyflie_interfaces/lib/python3.12/site-packages:/home/mikks/crazyflie_mapping_demo/ros2_ws/install/cooperative_target_centric_formation/lib/python3.12/site-packages:/home/mikks/crazyflie_mapping_demo/ros2_ws/install/containment_using_agent_information/lib/python3.12/site-packages:/home/mikks/crazyflie_mapping_demo/ros2_ws/install/consensus_for_double_integrator/lib/python3.12/site-packages:/home/mikks/crazyflie_mapping_demo/ros2_ws/install/consensus_alignment/lib/python3.12/site-packages:/home/mikks/crazyflie_mapping_demo/ros2_ws/install/binary_consensus/lib/python3.12/site-packages:/home/mikks/crazyflie_mapping_demo/ros2_ws/install/Second_Order_Min_Consensus_for_Heterogeneous_Agents/lib/python3.12/site-packages:/home/mikks/crazyflie_mapping_demo/ros2_ws/install/BinaryContainmentChain/lib/python3.12/site-packages:/opt/ros/jazzy/lib/python3.12/site-packages /usr/bin/cmake --build /home/mikks/ros2_px4_ws/build/example_mode_with_executor_cpp -- -j12 -l12
[4.122s] DEBUG:colcon.colcon_core.event_handler.log_command:Invoking command in '/home/mikks/ros2_px4_ws/build/example_mode_with_executor_cpp': CMAKE_PREFIX_PATH=/home/mikks/ros2_px4_ws/install/px4_ros2_cpp:/home/mikks/ros2_px4_ws/install/px4_msgs:/home/mikks/ros2_px4_ws/install/px4_ros_com:/home/mikks/ros2_px4_ws/install/px4_ros2_py:/home/mikks/ros2_px4_ws/install/example_rover_velocity_mode_cpp:/home/mikks/ros2_px4_ws/install/example_mode_with_executor_cpp:/home/mikks/ros2_px4_ws/install/example_mode_vtol_cpp:/home/mikks/ros2_px4_ws/install/example_mode_rtl_replacement_cpp:/home/mikks/ros2_px4_ws/install/example_mode_mission_cpp:/home/mikks/ros2_px4_ws/install/example_mode_manual_cpp:/home/mikks/ros2_px4_ws/install/example_mode_goto_global_cpp:/home/mikks/ros2_px4_ws/install/example_mode_goto_cpp:/home/mikks/ros2_px4_ws/install/example_mode_fw_attitude_cpp:/home/mikks/ros2_px4_ws/install/example_local_navigation_cpp:/home/mikks/ros2_px4_ws/install/example_global_navigation_cpp:/home/mikks/ros2_px4_ws/install/example_executor_with_multiple_modes_cpp:/home/mikks/crazyflie_mapping_demo/ros2_ws/install/crazyflie_ros2_multiranger_bringup:/home/mikks/crazyflie_mapping_demo/ros2_ws/install/ros_gz_crazyflie_bringup:/home/mikks/crazyflie_mapping_demo/ros2_ws/install/ros_gz_crazyflie_gazebo:/home/mikks/crazyflie_mapping_demo/ros2_ws/install/crazyflie_sim:/home/mikks/crazyflie_mapping_demo/ros2_ws/install/crazyflie_examples:/home/mikks/crazyflie_mapping_demo/ros2_ws/install/crazyflie:/home/mikks/crazyflie_mapping_demo/ros2_ws/install/crazyflie_interfaces:/opt/ros/jazzy/opt/gz_sim_vendor:/opt/ros/jazzy/opt/gz_sensors_vendor:/opt/ros/jazzy/opt/gz_physics_vendor:/opt/ros/jazzy/opt/sdformat_vendor:/opt/ros/jazzy/opt/gz_gui_vendor:/opt/ros/jazzy/opt/gz_transport_vendor:/opt/ros/jazzy/opt/gz_rendering_vendor:/opt/ros/jazzy/opt/gz_plugin_vendor:/opt/ros/jazzy/opt/gz_fuel_tools_vendor:/opt/ros/jazzy/opt/gz_msgs_vendor:/opt/ros/jazzy/opt/gz_common_vendor:/opt/ros/jazzy/opt/gz_math_vendor:/opt/ros/jazzy/opt/gz_utils_vendor:/opt/ros/jazzy/opt/gz_tools_vendor:/opt/ros/jazzy/opt/gz_ogre_next_vendor:/opt/ros/jazzy/opt/gz_dartsim_vendor:/opt/ros/jazzy/opt/gz_cmake_vendor:/home/mikks/ros2_px4_ws/install/x500_hover_controller:/home/mikks/ros2_px4_ws/install/example_mode_with_rclpy_py:/home/mikks/ros2_px4_ws/install/example_mode_goto_py:/home/mikks/ros2_px4_ws/install/px4_actuator_ctrl:/home/mikks/ros2_ws/install/rover_desc_description:/home/mikks/ros2_ws/install/px4_actuator_ctrl:/home/mikks/ros2_ws/install/mine_rover_description:/home/mikks/ros2_ws/install/ZerionURDFV5cp_description:/home/mikks/crazyflie_mapping_demo/ros2_ws/install/velocity_free_consensus:/home/mikks/crazyflie_mapping_demo/ros2_ws/install/stepwise_lowpos:/home/mikks/crazyflie_mapping_demo/ros2_ws/install/step_wise_lowpos:/home/mikks/crazyflie_mapping_demo/ros2_ws/install/second_order_formation_control:/home/mikks/crazyflie_mapping_demo/ros2_ws/install/ros_gz_crazyflie_control:/home/mikks/crazyflie_mapping_demo/ros2_ws/install/mixed_fractional_consensus:/home/mikks/crazyflie_mapping_demo/ros2_ws/install/lowest_pos:/home/mikks/crazyflie_mapping_demo/ros2_ws/install/linear_consensus:/home/mikks/crazyflie_mapping_demo/ros2_ws/install/highest_pos:/home/mikks/crazyflie_mapping_demo/ros2_ws/install/fractional_consensus_alpha:/home/mikks/crazyflie_mapping_demo/ros2_ws/install/event_triggered_swarm:/home/mikks/crazyflie_mapping_demo/ros2_ws/install/drone_logger:/home/mikks/crazyflie_mapping_demo/ros2_ws/install/distributed_average_tracking:/home/mikks/crazyflie_mapping_demo/ros2_ws/install/crazyflie_swarm_logic:/home/mikks/crazyflie_mapping_demo/ros2_ws/install/crazyflie_ros2_multiranger_wall_following:/home/mikks/crazyflie_mapping_demo/ros2_ws/install/crazyflie_ros2_multiranger_simple_mapper:/home/mikks/crazyflie_mapping_demo/ros2_ws/install/crazyflie_py:/home/mikks/crazyflie_mapping_demo/ros2_ws/install/cooperative_target_centric_formation:/home/mikks/crazyflie_mapping_demo/ros2_ws/install/containment_using_agent_information:/home/mikks/crazyflie_mapping_demo/ros2_ws/install/consensus_for_double_integrator:/home/mikks/crazyflie_mapping_demo/ros2_ws/install/consensus_alignment:/home/mikks/crazyflie_mapping_demo/ros2_ws/install/binary_consensus:/home/mikks/crazyflie_mapping_demo/ros2_ws/install/Second_Order_Min_Consensus_for_Heterogeneous_Agents:/home/mikks/crazyflie_mapping_demo/ros2_ws/install/BinaryContainmentChain:/opt/ros/jazzy DEBUGINFOD_URLS=https://debuginfod.ubuntu.com LD_LIBRARY_PATH=/home/mikks/ros2_px4_ws/install/px4_ros2_cpp/lib:/home/mikks/ros2_px4_ws/install/px4_msgs/lib:/home/mikks/ros2_px4_ws/install/px4_ros_com/lib:/home/mikks/NatNet_SDK_4.3_ubuntu/lib:/home/mikks/crazyflie_mapping_demo/ros2_ws/install/crazyflie_interfaces/lib:/opt/ros/jazzy/opt/gz_sim_vendor/lib:/opt/ros/jazzy/opt/gz_sensors_vendor/lib:/opt/ros/jazzy/opt/gz_physics_vendor/lib:/opt/ros/jazzy/opt/sdformat_vendor/lib:/opt/ros/jazzy/opt/rviz_ogre_vendor/lib:/opt/ros/jazzy/lib/x86_64-linux-gnu:/opt/ros/jazzy/opt/gz_gui_vendor/lib:/opt/ros/jazzy/opt/gz_transport_vendor/lib:/opt/ros/jazzy/opt/gz_rendering_vendor/lib:/opt/ros/jazzy/opt/gz_plugin_vendor/lib:/opt/ros/jazzy/opt/gz_fuel_tools_vendor/lib:/opt/ros/jazzy/opt/gz_msgs_vendor/lib:/opt/ros/jazzy/opt/gz_common_vendor/lib:/opt/ros/jazzy/opt/gz_math_vendor/lib:/opt/ros/jazzy/opt/gz_utils_vendor/lib:/opt/ros/jazzy/opt/gz_tools_vendor/lib:/opt/ros/jazzy/opt/gz_ogre_next_vendor/lib:/opt/ros/jazzy/opt/gz_dartsim_vendor/lib:/opt/ros/jazzy/opt/gz_cmake_vendor/lib:/opt/ros/jazzy/lib PYTHONPATH=/home/mikks/ros2_px4_ws/install/px4_msgs/lib/python3.12/site-packages:/home/mikks/ros2_px4_ws/build/x500_hover_controller:/home/mikks/ros2_px4_ws/install/x500_hover_controller/lib/python3.12/site-packages:/home/mikks/ros2_px4_ws/install/px4_ros_com/lib/python3.12/site-packages:/home/mikks/ros2_px4_ws/build/example_mode_with_rclpy_py:/home/mikks/ros2_px4_ws/install/example_mode_with_rclpy_py/lib/python3.12/site-packages:/home/mikks/ros2_px4_ws/build/example_mode_goto_py:/home/mikks/ros2_px4_ws/install/example_mode_goto_py/lib/python3.12/site-packages:/home/mikks/ros2_px4_ws/install/px4_ros2_py/lib/python3.12/site-packages:/home/mikks/ros2_px4_ws/build/px4_actuator_ctrl:/home/mikks/ros2_px4_ws/install/px4_actuator_ctrl/lib/python3.12/site-packages:/home/mikks/ros2_ws/build/rover_desc_description:/home/mikks/ros2_ws/install/rover_desc_description/lib/python3.12/site-packages:/home/mikks/ros2_ws/install/px4_actuator_ctrl/lib/python3.12/site-packages:/home/mikks/ros2_ws/build/mine_rover_description:/home/mikks/ros2_ws/install/mine_rover_description/lib/python3.12/site-packages:/home/mikks/ros2_ws/build/ZerionURDFV5cp_description:/home/mikks/ros2_ws/install/ZerionURDFV5cp_description/lib/python3.12/site-packages:/home/mikks/crazyflie_mapping_demo/ros2_ws/install/velocity_free_consensus/lib/python3.12/site-packages:/home/mikks/crazyflie_mapping_demo/ros2_ws/install/stepwise_lowpos/lib/python3.12/site-packages:/home/mikks/crazyflie_mapping_demo/ros2_ws/install/step_wise_lowpos/lib/python3.12/site-packages:/home/mikks/crazyflie_mapping_demo/ros2_ws/install/second_order_formation_control/lib/python3.12/site-packages:/home/mikks/crazyflie_mapping_demo/ros2_ws/install/ros_gz_crazyflie_control/lib/python3.12/site-packages:/home/mikks/crazyflie_mapping_demo/ros2_ws/install/mixed_fractional_consensus/lib/python3.12/site-packages:/home/mikks/crazyflie_mapping_demo/ros2_ws/install/lowest_pos/lib/python3.12/site-packages:/home/mikks/crazyflie_mapping_demo/ros2_ws/install/linear_consensus/lib/python3.12/site-packages:/home/mikks/crazyflie_mapping_demo/ros2_ws/install/highest_pos/lib/python3.12/site-packages:/home/mikks/crazyflie_mapping_demo/ros2_ws/install/fractional_consensus_alpha/lib/python3.12/site-packages:/home/mikks/crazyflie_mapping_demo/ros2_ws/install/event_triggered_swarm/lib/python3.12/site-packages:/home/mikks/crazyflie_mapping_demo/ros2_ws/install/drone_logger/lib/python3.12/site-packages:/home/mikks/crazyflie_mapping_demo/ros2_ws/install/distributed_average_tracking/lib/python3.12/site-packages:/home/mikks/crazyflie_mapping_demo/ros2_ws/install/crazyflie_swarm_logic/lib/python3.12/site-packages:/home/mikks/crazyflie_mapping_demo/ros2_ws/install/crazyflie_sim/lib/python3.12/site-packages:/home/mikks/crazyflie_mapping_demo/ros2_ws/install/crazyflie_ros2_multiranger_wall_following/lib/python3.12/site-packages:/home/mikks/crazyflie_mapping_demo/ros2_ws/install/crazyflie_ros2_multiranger_simple_mapper/lib/python3.12/site-packages:/home/mikks/crazyflie_mapping_demo/ros2_ws/install/crazyflie_examples/lib/python3.12/site-packages:/home/mikks/crazyflie_mapping_demo/ros2_ws/install/crazyflie_py/lib/python3.12/site-packages:/home/mikks/crazyflie_mapping_demo/ros2_ws/install/crazyflie_interfaces/lib/python3.12/site-packages:/home/mikks/crazyflie_mapping_demo/ros2_ws/install/cooperative_target_centric_formation/lib/python3.12/site-packages:/home/mikks/crazyflie_mapping_demo/ros2_ws/install/containment_using_agent_information/lib/python3.12/site-packages:/home/mikks/crazyflie_mapping_demo/ros2_ws/install/consensus_for_double_integrator/lib/python3.12/site-packages:/home/mikks/crazyflie_mapping_demo/ros2_ws/install/consensus_alignment/lib/python3.12/site-packages:/home/mikks/crazyflie_mapping_demo/ros2_ws/install/binary_consensus/lib/python3.12/site-packages:/home/mikks/crazyflie_mapping_demo/ros2_ws/install/Second_Order_Min_Consensus_for_Heterogeneous_Agents/lib/python3.12/site-packages:/home/mikks/crazyflie_mapping_demo/ros2_ws/install/BinaryContainmentChain/lib/python3.12/site-packages:/opt/ros/jazzy/lib/python3.12/site-packages /usr/bin/cmake --install /home/mikks/ros2_px4_ws/build/example_mode_with_executor_cpp
[4.123s] DEBUG:colcon.colcon_core.event_handler.log_command:Invoked command in '/home/mikks/ros2_px4_ws/build/example_mode_vtol_cpp' returned '0': CMAKE_PREFIX_PATH=/home/mikks/ros2_px4_ws/install/px4_ros2_cpp:/home/mikks/ros2_px4_ws/install/px4_msgs:/home/mikks/ros2_px4_ws/install/px4_ros_com:/home/mikks/ros2_px4_ws/install/px4_ros2_py:/home/mikks/ros2_px4_ws/install/example_rover_velocity_mode_cpp:/home/mikks/ros2_px4_ws/install/example_mode_with_executor_cpp:/home/mikks/ros2_px4_ws/install/example_mode_vtol_cpp:/home/mikks/ros2_px4_ws/install/example_mode_rtl_replacement_cpp:/home/mikks/ros2_px4_ws/install/example_mode_mission_cpp:/home/mikks/ros2_px4_ws/install/example_mode_manual_cpp:/home/mikks/ros2_px4_ws/install/example_mode_goto_global_cpp:/home/mikks/ros2_px4_ws/install/example_mode_goto_cpp:/home/mikks/ros2_px4_ws/install/example_mode_fw_attitude_cpp:/home/mikks/ros2_px4_ws/install/example_local_navigation_cpp:/home/mikks/ros2_px4_ws/install/example_global_navigation_cpp:/home/mikks/ros2_px4_ws/install/example_executor_with_multiple_modes_cpp:/home/mikks/crazyflie_mapping_demo/ros2_ws/install/crazyflie_ros2_multiranger_bringup:/home/mikks/crazyflie_mapping_demo/ros2_ws/install/ros_gz_crazyflie_bringup:/home/mikks/crazyflie_mapping_demo/ros2_ws/install/ros_gz_crazyflie_gazebo:/home/mikks/crazyflie_mapping_demo/ros2_ws/install/crazyflie_sim:/home/mikks/crazyflie_mapping_demo/ros2_ws/install/crazyflie_examples:/home/mikks/crazyflie_mapping_demo/ros2_ws/install/crazyflie:/home/mikks/crazyflie_mapping_demo/ros2_ws/install/crazyflie_interfaces:/opt/ros/jazzy/opt/gz_sim_vendor:/opt/ros/jazzy/opt/gz_sensors_vendor:/opt/ros/jazzy/opt/gz_physics_vendor:/opt/ros/jazzy/opt/sdformat_vendor:/opt/ros/jazzy/opt/gz_gui_vendor:/opt/ros/jazzy/opt/gz_transport_vendor:/opt/ros/jazzy/opt/gz_rendering_vendor:/opt/ros/jazzy/opt/gz_plugin_vendor:/opt/ros/jazzy/opt/gz_fuel_tools_vendor:/opt/ros/jazzy/opt/gz_msgs_vendor:/opt/ros/jazzy/opt/gz_common_vendor:/opt/ros/jazzy/opt/gz_math_vendor:/opt/ros/jazzy/opt/gz_utils_vendor:/opt/ros/jazzy/opt/gz_tools_vendor:/opt/ros/jazzy/opt/gz_ogre_next_vendor:/opt/ros/jazzy/opt/gz_dartsim_vendor:/opt/ros/jazzy/opt/gz_cmake_vendor:/home/mikks/ros2_px4_ws/install/x500_hover_controller:/home/mikks/ros2_px4_ws/install/example_mode_with_rclpy_py:/home/mikks/ros2_px4_ws/install/example_mode_goto_py:/home/mikks/ros2_px4_ws/install/px4_actuator_ctrl:/home/mikks/ros2_ws/install/rover_desc_description:/home/mikks/ros2_ws/install/px4_actuator_ctrl:/home/mikks/ros2_ws/install/mine_rover_description:/home/mikks/ros2_ws/install/ZerionURDFV5cp_description:/home/mikks/crazyflie_mapping_demo/ros2_ws/install/velocity_free_consensus:/home/mikks/crazyflie_mapping_demo/ros2_ws/install/stepwise_lowpos:/home/mikks/crazyflie_mapping_demo/ros2_ws/install/step_wise_lowpos:/home/mikks/crazyflie_mapping_demo/ros2_ws/install/second_order_formation_control:/home/mikks/crazyflie_mapping_demo/ros2_ws/install/ros_gz_crazyflie_control:/home/mikks/crazyflie_mapping_demo/ros2_ws/install/mixed_fractional_consensus:/home/mikks/crazyflie_mapping_demo/ros2_ws/install/lowest_pos:/home/mikks/crazyflie_mapping_demo/ros2_ws/install/linear_consensus:/home/mikks/crazyflie_mapping_demo/ros2_ws/install/highest_pos:/home/mikks/crazyflie_mapping_demo/ros2_ws/install/fractional_consensus_alpha:/home/mikks/crazyflie_mapping_demo/ros2_ws/install/event_triggered_swarm:/home/mikks/crazyflie_mapping_demo/ros2_ws/install/drone_logger:/home/mikks/crazyflie_mapping_demo/ros2_ws/install/distributed_average_tracking:/home/mikks/crazyflie_mapping_demo/ros2_ws/install/crazyflie_swarm_logic:/home/mikks/crazyflie_mapping_demo/ros2_ws/install/crazyflie_ros2_multiranger_wall_following:/home/mikks/crazyflie_mapping_demo/ros2_ws/install/crazyflie_ros2_multiranger_simple_mapper:/home/mikks/crazyflie_mapping_demo/ros2_ws/install/crazyflie_py:/home/mikks/crazyflie_mapping_demo/ros2_ws/install/cooperative_target_centric_formation:/home/mikks/crazyflie_mapping_demo/ros2_ws/install/containment_using_agent_information:/home/mikks/crazyflie_mapping_demo/ros2_ws/install/consensus_for_double_integrator:/home/mikks/crazyflie_mapping_demo/ros2_ws/install/consensus_alignment:/home/mikks/crazyflie_mapping_demo/ros2_ws/install/binary_consensus:/home/mikks/crazyflie_mapping_demo/ros2_ws/install/Second_Order_Min_Consensus_for_Heterogeneous_Agents:/home/mikks/crazyflie_mapping_demo/ros2_ws/install/BinaryContainmentChain:/opt/ros/jazzy DEBUGINFOD_URLS=https://debuginfod.ubuntu.com LD_LIBRARY_PATH=/home/mikks/ros2_px4_ws/install/px4_ros2_cpp/lib:/home/mikks/ros2_px4_ws/install/px4_msgs/lib:/home/mikks/ros2_px4_ws/install/px4_ros_com/lib:/home/mikks/NatNet_SDK_4.3_ubuntu/lib:/home/mikks/crazyflie_mapping_demo/ros2_ws/install/crazyflie_interfaces/lib:/opt/ros/jazzy/opt/gz_sim_vendor/lib:/opt/ros/jazzy/opt/gz_sensors_vendor/lib:/opt/ros/jazzy/opt/gz_physics_vendor/lib:/opt/ros/jazzy/opt/sdformat_vendor/lib:/opt/ros/jazzy/opt/rviz_ogre_vendor/lib:/opt/ros/jazzy/lib/x86_64-linux-gnu:/opt/ros/jazzy/opt/gz_gui_vendor/lib:/opt/ros/jazzy/opt/gz_transport_vendor/lib:/opt/ros/jazzy/opt/gz_rendering_vendor/lib:/opt/ros/jazzy/opt/gz_plugin_vendor/lib:/opt/ros/jazzy/opt/gz_fuel_tools_vendor/lib:/opt/ros/jazzy/opt/gz_msgs_vendor/lib:/opt/ros/jazzy/opt/gz_common_vendor/lib:/opt/ros/jazzy/opt/gz_math_vendor/lib:/opt/ros/jazzy/opt/gz_utils_vendor/lib:/opt/ros/jazzy/opt/gz_tools_vendor/lib:/opt/ros/jazzy/opt/gz_ogre_next_vendor/lib:/opt/ros/jazzy/opt/gz_dartsim_vendor/lib:/opt/ros/jazzy/opt/gz_cmake_vendor/lib:/opt/ros/jazzy/lib PYTHONPATH=/home/mikks/ros2_px4_ws/install/px4_msgs/lib/python3.12/site-packages:/home/mikks/ros2_px4_ws/build/x500_hover_controller:/home/mikks/ros2_px4_ws/install/x500_hover_controller/lib/python3.12/site-packages:/home/mikks/ros2_px4_ws/install/px4_ros_com/lib/python3.12/site-packages:/home/mikks/ros2_px4_ws/build/example_mode_with_rclpy_py:/home/mikks/ros2_px4_ws/install/example_mode_with_rclpy_py/lib/python3.12/site-packages:/home/mikks/ros2_px4_ws/build/example_mode_goto_py:/home/mikks/ros2_px4_ws/install/example_mode_goto_py/lib/python3.12/site-packages:/home/mikks/ros2_px4_ws/install/px4_ros2_py/lib/python3.12/site-packages:/home/mikks/ros2_px4_ws/build/px4_actuator_ctrl:/home/mikks/ros2_px4_ws/install/px4_actuator_ctrl/lib/python3.12/site-packages:/home/mikks/ros2_ws/build/rover_desc_description:/home/mikks/ros2_ws/install/rover_desc_description/lib/python3.12/site-packages:/home/mikks/ros2_ws/install/px4_actuator_ctrl/lib/python3.12/site-packages:/home/mikks/ros2_ws/build/mine_rover_description:/home/mikks/ros2_ws/install/mine_rover_description/lib/python3.12/site-packages:/home/mikks/ros2_ws/build/ZerionURDFV5cp_description:/home/mikks/ros2_ws/install/ZerionURDFV5cp_description/lib/python3.12/site-packages:/home/mikks/crazyflie_mapping_demo/ros2_ws/install/velocity_free_consensus/lib/python3.12/site-packages:/home/mikks/crazyflie_mapping_demo/ros2_ws/install/stepwise_lowpos/lib/python3.12/site-packages:/home/mikks/crazyflie_mapping_demo/ros2_ws/install/step_wise_lowpos/lib/python3.12/site-packages:/home/mikks/crazyflie_mapping_demo/ros2_ws/install/second_order_formation_control/lib/python3.12/site-packages:/home/mikks/crazyflie_mapping_demo/ros2_ws/install/ros_gz_crazyflie_control/lib/python3.12/site-packages:/home/mikks/crazyflie_mapping_demo/ros2_ws/install/mixed_fractional_consensus/lib/python3.12/site-packages:/home/mikks/crazyflie_mapping_demo/ros2_ws/install/lowest_pos/lib/python3.12/site-packages:/home/mikks/crazyflie_mapping_demo/ros2_ws/install/linear_consensus/lib/python3.12/site-packages:/home/mikks/crazyflie_mapping_demo/ros2_ws/install/highest_pos/lib/python3.12/site-packages:/home/mikks/crazyflie_mapping_demo/ros2_ws/install/fractional_consensus_alpha/lib/python3.12/site-packages:/home/mikks/crazyflie_mapping_demo/ros2_ws/install/event_triggered_swarm/lib/python3.12/site-packages:/home/mikks/crazyflie_mapping_demo/ros2_ws/install/drone_logger/lib/python3.12/site-packages:/home/mikks/crazyflie_mapping_demo/ros2_ws/install/distributed_average_tracking/lib/python3.12/site-packages:/home/mikks/crazyflie_mapping_demo/ros2_ws/install/crazyflie_swarm_logic/lib/python3.12/site-packages:/home/mikks/crazyflie_mapping_demo/ros2_ws/install/crazyflie_sim/lib/python3.12/site-packages:/home/mikks/crazyflie_mapping_demo/ros2_ws/install/crazyflie_ros2_multiranger_wall_following/lib/python3.12/site-packages:/home/mikks/crazyflie_mapping_demo/ros2_ws/install/crazyflie_ros2_multiranger_simple_mapper/lib/python3.12/site-packages:/home/mikks/crazyflie_mapping_demo/ros2_ws/install/crazyflie_examples/lib/python3.12/site-packages:/home/mikks/crazyflie_mapping_demo/ros2_ws/install/crazyflie_py/lib/python3.12/site-packages:/home/mikks/crazyflie_mapping_demo/ros2_ws/install/crazyflie_interfaces/lib/python3.12/site-packages:/home/mikks/crazyflie_mapping_demo/ros2_ws/install/cooperative_target_centric_formation/lib/python3.12/site-packages:/home/mikks/crazyflie_mapping_demo/ros2_ws/install/containment_using_agent_information/lib/python3.12/site-packages:/home/mikks/crazyflie_mapping_demo/ros2_ws/install/consensus_for_double_integrator/lib/python3.12/site-packages:/home/mikks/crazyflie_mapping_demo/ros2_ws/install/consensus_alignment/lib/python3.12/site-packages:/home/mikks/crazyflie_mapping_demo/ros2_ws/install/binary_consensus/lib/python3.12/site-packages:/home/mikks/crazyflie_mapping_demo/ros2_ws/install/Second_Order_Min_Consensus_for_Heterogeneous_Agents/lib/python3.12/site-packages:/home/mikks/crazyflie_mapping_demo/ros2_ws/install/BinaryContainmentChain/lib/python3.12/site-packages:/opt/ros/jazzy/lib/python3.12/site-packages /usr/bin/cmake --build /home/mikks/ros2_px4_ws/build/example_mode_vtol_cpp -- -j12 -l12
[4.124s] DEBUG:colcon.colcon_core.event_handler.log_command:Invoking command in '/home/mikks/ros2_px4_ws/build/example_mode_vtol_cpp': CMAKE_PREFIX_PATH=/home/mikks/ros2_px4_ws/install/px4_ros2_cpp:/home/mikks/ros2_px4_ws/install/px4_msgs:/home/mikks/ros2_px4_ws/install/px4_ros_com:/home/mikks/ros2_px4_ws/install/px4_ros2_py:/home/mikks/ros2_px4_ws/install/example_rover_velocity_mode_cpp:/home/mikks/ros2_px4_ws/install/example_mode_with_executor_cpp:/home/mikks/ros2_px4_ws/install/example_mode_vtol_cpp:/home/mikks/ros2_px4_ws/install/example_mode_rtl_replacement_cpp:/home/mikks/ros2_px4_ws/install/example_mode_mission_cpp:/home/mikks/ros2_px4_ws/install/example_mode_manual_cpp:/home/mikks/ros2_px4_ws/install/example_mode_goto_global_cpp:/home/mikks/ros2_px4_ws/install/example_mode_goto_cpp:/home/mikks/ros2_px4_ws/install/example_mode_fw_attitude_cpp:/home/mikks/ros2_px4_ws/install/example_local_navigation_cpp:/home/mikks/ros2_px4_ws/install/example_global_navigation_cpp:/home/mikks/ros2_px4_ws/install/example_executor_with_multiple_modes_cpp:/home/mikks/crazyflie_mapping_demo/ros2_ws/install/crazyflie_ros2_multiranger_bringup:/home/mikks/crazyflie_mapping_demo/ros2_ws/install/ros_gz_crazyflie_bringup:/home/mikks/crazyflie_mapping_demo/ros2_ws/install/ros_gz_crazyflie_gazebo:/home/mikks/crazyflie_mapping_demo/ros2_ws/install/crazyflie_sim:/home/mikks/crazyflie_mapping_demo/ros2_ws/install/crazyflie_examples:/home/mikks/crazyflie_mapping_demo/ros2_ws/install/crazyflie:/home/mikks/crazyflie_mapping_demo/ros2_ws/install/crazyflie_interfaces:/opt/ros/jazzy/opt/gz_sim_vendor:/opt/ros/jazzy/opt/gz_sensors_vendor:/opt/ros/jazzy/opt/gz_physics_vendor:/opt/ros/jazzy/opt/sdformat_vendor:/opt/ros/jazzy/opt/gz_gui_vendor:/opt/ros/jazzy/opt/gz_transport_vendor:/opt/ros/jazzy/opt/gz_rendering_vendor:/opt/ros/jazzy/opt/gz_plugin_vendor:/opt/ros/jazzy/opt/gz_fuel_tools_vendor:/opt/ros/jazzy/opt/gz_msgs_vendor:/opt/ros/jazzy/opt/gz_common_vendor:/opt/ros/jazzy/opt/gz_math_vendor:/opt/ros/jazzy/opt/gz_utils_vendor:/opt/ros/jazzy/opt/gz_tools_vendor:/opt/ros/jazzy/opt/gz_ogre_next_vendor:/opt/ros/jazzy/opt/gz_dartsim_vendor:/opt/ros/jazzy/opt/gz_cmake_vendor:/home/mikks/ros2_px4_ws/install/x500_hover_controller:/home/mikks/ros2_px4_ws/install/example_mode_with_rclpy_py:/home/mikks/ros2_px4_ws/install/example_mode_goto_py:/home/mikks/ros2_px4_ws/install/px4_actuator_ctrl:/home/mikks/ros2_ws/install/rover_desc_description:/home/mikks/ros2_ws/install/px4_actuator_ctrl:/home/mikks/ros2_ws/install/mine_rover_description:/home/mikks/ros2_ws/install/ZerionURDFV5cp_description:/home/mikks/crazyflie_mapping_demo/ros2_ws/install/velocity_free_consensus:/home/mikks/crazyflie_mapping_demo/ros2_ws/install/stepwise_lowpos:/home/mikks/crazyflie_mapping_demo/ros2_ws/install/step_wise_lowpos:/home/mikks/crazyflie_mapping_demo/ros2_ws/install/second_order_formation_control:/home/mikks/crazyflie_mapping_demo/ros2_ws/install/ros_gz_crazyflie_control:/home/mikks/crazyflie_mapping_demo/ros2_ws/install/mixed_fractional_consensus:/home/mikks/crazyflie_mapping_demo/ros2_ws/install/lowest_pos:/home/mikks/crazyflie_mapping_demo/ros2_ws/install/linear_consensus:/home/mikks/crazyflie_mapping_demo/ros2_ws/install/highest_pos:/home/mikks/crazyflie_mapping_demo/ros2_ws/install/fractional_consensus_alpha:/home/mikks/crazyflie_mapping_demo/ros2_ws/install/event_triggered_swarm:/home/mikks/crazyflie_mapping_demo/ros2_ws/install/drone_logger:/home/mikks/crazyflie_mapping_demo/ros2_ws/install/distributed_average_tracking:/home/mikks/crazyflie_mapping_demo/ros2_ws/install/crazyflie_swarm_logic:/home/mikks/crazyflie_mapping_demo/ros2_ws/install/crazyflie_ros2_multiranger_wall_following:/home/mikks/crazyflie_mapping_demo/ros2_ws/install/crazyflie_ros2_multiranger_simple_mapper:/home/mikks/crazyflie_mapping_demo/ros2_ws/install/crazyflie_py:/home/mikks/crazyflie_mapping_demo/ros2_ws/install/cooperative_target_centric_formation:/home/mikks/crazyflie_mapping_demo/ros2_ws/install/containment_using_agent_information:/home/mikks/crazyflie_mapping_demo/ros2_ws/install/consensus_for_double_integrator:/home/mikks/crazyflie_mapping_demo/ros2_ws/install/consensus_alignment:/home/mikks/crazyflie_mapping_demo/ros2_ws/install/binary_consensus:/home/mikks/crazyflie_mapping_demo/ros2_ws/install/Second_Order_Min_Consensus_for_Heterogeneous_Agents:/home/mikks/crazyflie_mapping_demo/ros2_ws/install/BinaryContainmentChain:/opt/ros/jazzy DEBUGINFOD_URLS=https://debuginfod.ubuntu.com LD_LIBRARY_PATH=/home/mikks/ros2_px4_ws/install/px4_ros2_cpp/lib:/home/mikks/ros2_px4_ws/install/px4_msgs/lib:/home/mikks/ros2_px4_ws/install/px4_ros_com/lib:/home/mikks/NatNet_SDK_4.3_ubuntu/lib:/home/mikks/crazyflie_mapping_demo/ros2_ws/install/crazyflie_interfaces/lib:/opt/ros/jazzy/opt/gz_sim_vendor/lib:/opt/ros/jazzy/opt/gz_sensors_vendor/lib:/opt/ros/jazzy/opt/gz_physics_vendor/lib:/opt/ros/jazzy/opt/sdformat_vendor/lib:/opt/ros/jazzy/opt/rviz_ogre_vendor/lib:/opt/ros/jazzy/lib/x86_64-linux-gnu:/opt/ros/jazzy/opt/gz_gui_vendor/lib:/opt/ros/jazzy/opt/gz_transport_vendor/lib:/opt/ros/jazzy/opt/gz_rendering_vendor/lib:/opt/ros/jazzy/opt/gz_plugin_vendor/lib:/opt/ros/jazzy/opt/gz_fuel_tools_vendor/lib:/opt/ros/jazzy/opt/gz_msgs_vendor/lib:/opt/ros/jazzy/opt/gz_common_vendor/lib:/opt/ros/jazzy/opt/gz_math_vendor/lib:/opt/ros/jazzy/opt/gz_utils_vendor/lib:/opt/ros/jazzy/opt/gz_tools_vendor/lib:/opt/ros/jazzy/opt/gz_ogre_next_vendor/lib:/opt/ros/jazzy/opt/gz_dartsim_vendor/lib:/opt/ros/jazzy/opt/gz_cmake_vendor/lib:/opt/ros/jazzy/lib PYTHONPATH=/home/mikks/ros2_px4_ws/install/px4_msgs/lib/python3.12/site-packages:/home/mikks/ros2_px4_ws/build/x500_hover_controller:/home/mikks/ros2_px4_ws/install/x500_hover_controller/lib/python3.12/site-packages:/home/mikks/ros2_px4_ws/install/px4_ros_com/lib/python3.12/site-packages:/home/mikks/ros2_px4_ws/build/example_mode_with_rclpy_py:/home/mikks/ros2_px4_ws/install/example_mode_with_rclpy_py/lib/python3.12/site-packages:/home/mikks/ros2_px4_ws/build/example_mode_goto_py:/home/mikks/ros2_px4_ws/install/example_mode_goto_py/lib/python3.12/site-packages:/home/mikks/ros2_px4_ws/install/px4_ros2_py/lib/python3.12/site-packages:/home/mikks/ros2_px4_ws/build/px4_actuator_ctrl:/home/mikks/ros2_px4_ws/install/px4_actuator_ctrl/lib/python3.12/site-packages:/home/mikks/ros2_ws/build/rover_desc_description:/home/mikks/ros2_ws/install/rover_desc_description/lib/python3.12/site-packages:/home/mikks/ros2_ws/install/px4_actuator_ctrl/lib/python3.12/site-packages:/home/mikks/ros2_ws/build/mine_rover_description:/home/mikks/ros2_ws/install/mine_rover_description/lib/python3.12/site-packages:/home/mikks/ros2_ws/build/ZerionURDFV5cp_description:/home/mikks/ros2_ws/install/ZerionURDFV5cp_description/lib/python3.12/site-packages:/home/mikks/crazyflie_mapping_demo/ros2_ws/install/velocity_free_consensus/lib/python3.12/site-packages:/home/mikks/crazyflie_mapping_demo/ros2_ws/install/stepwise_lowpos/lib/python3.12/site-packages:/home/mikks/crazyflie_mapping_demo/ros2_ws/install/step_wise_lowpos/lib/python3.12/site-packages:/home/mikks/crazyflie_mapping_demo/ros2_ws/install/second_order_formation_control/lib/python3.12/site-packages:/home/mikks/crazyflie_mapping_demo/ros2_ws/install/ros_gz_crazyflie_control/lib/python3.12/site-packages:/home/mikks/crazyflie_mapping_demo/ros2_ws/install/mixed_fractional_consensus/lib/python3.12/site-packages:/home/mikks/crazyflie_mapping_demo/ros2_ws/install/lowest_pos/lib/python3.12/site-packages:/home/mikks/crazyflie_mapping_demo/ros2_ws/install/linear_consensus/lib/python3.12/site-packages:/home/mikks/crazyflie_mapping_demo/ros2_ws/install/highest_pos/lib/python3.12/site-packages:/home/mikks/crazyflie_mapping_demo/ros2_ws/install/fractional_consensus_alpha/lib/python3.12/site-packages:/home/mikks/crazyflie_mapping_demo/ros2_ws/install/event_triggered_swarm/lib/python3.12/site-packages:/home/mikks/crazyflie_mapping_demo/ros2_ws/install/drone_logger/lib/python3.12/site-packages:/home/mikks/crazyflie_mapping_demo/ros2_ws/install/distributed_average_tracking/lib/python3.12/site-packages:/home/mikks/crazyflie_mapping_demo/ros2_ws/install/crazyflie_swarm_logic/lib/python3.12/site-packages:/home/mikks/crazyflie_mapping_demo/ros2_ws/install/crazyflie_sim/lib/python3.12/site-packages:/home/mikks/crazyflie_mapping_demo/ros2_ws/install/crazyflie_ros2_multiranger_wall_following/lib/python3.12/site-packages:/home/mikks/crazyflie_mapping_demo/ros2_ws/install/crazyflie_ros2_multiranger_simple_mapper/lib/python3.12/site-packages:/home/mikks/crazyflie_mapping_demo/ros2_ws/install/crazyflie_examples/lib/python3.12/site-packages:/home/mikks/crazyflie_mapping_demo/ros2_ws/install/crazyflie_py/lib/python3.12/site-packages:/home/mikks/crazyflie_mapping_demo/ros2_ws/install/crazyflie_interfaces/lib/python3.12/site-packages:/home/mikks/crazyflie_mapping_demo/ros2_ws/install/cooperative_target_centric_formation/lib/python3.12/site-packages:/home/mikks/crazyflie_mapping_demo/ros2_ws/install/containment_using_agent_information/lib/python3.12/site-packages:/home/mikks/crazyflie_mapping_demo/ros2_ws/install/consensus_for_double_integrator/lib/python3.12/site-packages:/home/mikks/crazyflie_mapping_demo/ros2_ws/install/consensus_alignment/lib/python3.12/site-packages:/home/mikks/crazyflie_mapping_demo/ros2_ws/install/binary_consensus/lib/python3.12/site-packages:/home/mikks/crazyflie_mapping_demo/ros2_ws/install/Second_Order_Min_Consensus_for_Heterogeneous_Agents/lib/python3.12/site-packages:/home/mikks/crazyflie_mapping_demo/ros2_ws/install/BinaryContainmentChain/lib/python3.12/site-packages:/opt/ros/jazzy/lib/python3.12/site-packages /usr/bin/cmake --install /home/mikks/ros2_px4_ws/build/example_mode_vtol_cpp
[4.141s] Level 1:colcon.colcon_core.environment:create_environment_scripts_only(example_rover_velocity_mode_cpp)
[4.141s] Level 1:colcon.colcon_core.environment:checking '/home/mikks/ros2_px4_ws/install/example_rover_velocity_mode_cpp' for CMake module files
[4.142s] DEBUG:colcon.colcon_core.event_handler.log_command:Invoked command in '/home/mikks/ros2_px4_ws/build/example_rover_velocity_mode_cpp' returned '0': CMAKE_PREFIX_PATH=/home/mikks/ros2_px4_ws/install/px4_ros2_cpp:/home/mikks/ros2_px4_ws/install/px4_msgs:/home/mikks/ros2_px4_ws/install/px4_ros_com:/home/mikks/ros2_px4_ws/install/px4_ros2_py:/home/mikks/ros2_px4_ws/install/example_rover_velocity_mode_cpp:/home/mikks/ros2_px4_ws/install/example_mode_with_executor_cpp:/home/mikks/ros2_px4_ws/install/example_mode_vtol_cpp:/home/mikks/ros2_px4_ws/install/example_mode_rtl_replacement_cpp:/home/mikks/ros2_px4_ws/install/example_mode_mission_cpp:/home/mikks/ros2_px4_ws/install/example_mode_manual_cpp:/home/mikks/ros2_px4_ws/install/example_mode_goto_global_cpp:/home/mikks/ros2_px4_ws/install/example_mode_goto_cpp:/home/mikks/ros2_px4_ws/install/example_mode_fw_attitude_cpp:/home/mikks/ros2_px4_ws/install/example_local_navigation_cpp:/home/mikks/ros2_px4_ws/install/example_global_navigation_cpp:/home/mikks/ros2_px4_ws/install/example_executor_with_multiple_modes_cpp:/home/mikks/crazyflie_mapping_demo/ros2_ws/install/crazyflie_ros2_multiranger_bringup:/home/mikks/crazyflie_mapping_demo/ros2_ws/install/ros_gz_crazyflie_bringup:/home/mikks/crazyflie_mapping_demo/ros2_ws/install/ros_gz_crazyflie_gazebo:/home/mikks/crazyflie_mapping_demo/ros2_ws/install/crazyflie_sim:/home/mikks/crazyflie_mapping_demo/ros2_ws/install/crazyflie_examples:/home/mikks/crazyflie_mapping_demo/ros2_ws/install/crazyflie:/home/mikks/crazyflie_mapping_demo/ros2_ws/install/crazyflie_interfaces:/opt/ros/jazzy/opt/gz_sim_vendor:/opt/ros/jazzy/opt/gz_sensors_vendor:/opt/ros/jazzy/opt/gz_physics_vendor:/opt/ros/jazzy/opt/sdformat_vendor:/opt/ros/jazzy/opt/gz_gui_vendor:/opt/ros/jazzy/opt/gz_transport_vendor:/opt/ros/jazzy/opt/gz_rendering_vendor:/opt/ros/jazzy/opt/gz_plugin_vendor:/opt/ros/jazzy/opt/gz_fuel_tools_vendor:/opt/ros/jazzy/opt/gz_msgs_vendor:/opt/ros/jazzy/opt/gz_common_vendor:/opt/ros/jazzy/opt/gz_math_vendor:/opt/ros/jazzy/opt/gz_utils_vendor:/opt/ros/jazzy/opt/gz_tools_vendor:/opt/ros/jazzy/opt/gz_ogre_next_vendor:/opt/ros/jazzy/opt/gz_dartsim_vendor:/opt/ros/jazzy/opt/gz_cmake_vendor:/home/mikks/ros2_px4_ws/install/x500_hover_controller:/home/mikks/ros2_px4_ws/install/example_mode_with_rclpy_py:/home/mikks/ros2_px4_ws/install/example_mode_goto_py:/home/mikks/ros2_px4_ws/install/px4_actuator_ctrl:/home/mikks/ros2_ws/install/rover_desc_description:/home/mikks/ros2_ws/install/px4_actuator_ctrl:/home/mikks/ros2_ws/install/mine_rover_description:/home/mikks/ros2_ws/install/ZerionURDFV5cp_description:/home/mikks/crazyflie_mapping_demo/ros2_ws/install/velocity_free_consensus:/home/mikks/crazyflie_mapping_demo/ros2_ws/install/stepwise_lowpos:/home/mikks/crazyflie_mapping_demo/ros2_ws/install/step_wise_lowpos:/home/mikks/crazyflie_mapping_demo/ros2_ws/install/second_order_formation_control:/home/mikks/crazyflie_mapping_demo/ros2_ws/install/ros_gz_crazyflie_control:/home/mikks/crazyflie_mapping_demo/ros2_ws/install/mixed_fractional_consensus:/home/mikks/crazyflie_mapping_demo/ros2_ws/install/lowest_pos:/home/mikks/crazyflie_mapping_demo/ros2_ws/install/linear_consensus:/home/mikks/crazyflie_mapping_demo/ros2_ws/install/highest_pos:/home/mikks/crazyflie_mapping_demo/ros2_ws/install/fractional_consensus_alpha:/home/mikks/crazyflie_mapping_demo/ros2_ws/install/event_triggered_swarm:/home/mikks/crazyflie_mapping_demo/ros2_ws/install/drone_logger:/home/mikks/crazyflie_mapping_demo/ros2_ws/install/distributed_average_tracking:/home/mikks/crazyflie_mapping_demo/ros2_ws/install/crazyflie_swarm_logic:/home/mikks/crazyflie_mapping_demo/ros2_ws/install/crazyflie_ros2_multiranger_wall_following:/home/mikks/crazyflie_mapping_demo/ros2_ws/install/crazyflie_ros2_multiranger_simple_mapper:/home/mikks/crazyflie_mapping_demo/ros2_ws/install/crazyflie_py:/home/mikks/crazyflie_mapping_demo/ros2_ws/install/cooperative_target_centric_formation:/home/mikks/crazyflie_mapping_demo/ros2_ws/install/containment_using_agent_information:/home/mikks/crazyflie_mapping_demo/ros2_ws/install/consensus_for_double_integrator:/home/mikks/crazyflie_mapping_demo/ros2_ws/install/consensus_alignment:/home/mikks/crazyflie_mapping_demo/ros2_ws/install/binary_consensus:/home/mikks/crazyflie_mapping_demo/ros2_ws/install/Second_Order_Min_Consensus_for_Heterogeneous_Agents:/home/mikks/crazyflie_mapping_demo/ros2_ws/install/BinaryContainmentChain:/opt/ros/jazzy DEBUGINFOD_URLS=https://debuginfod.ubuntu.com LD_LIBRARY_PATH=/home/mikks/ros2_px4_ws/install/px4_ros2_cpp/lib:/home/mikks/ros2_px4_ws/install/px4_msgs/lib:/home/mikks/ros2_px4_ws/install/px4_ros_com/lib:/home/mikks/NatNet_SDK_4.3_ubuntu/lib:/home/mikks/crazyflie_mapping_demo/ros2_ws/install/crazyflie_interfaces/lib:/opt/ros/jazzy/opt/gz_sim_vendor/lib:/opt/ros/jazzy/opt/gz_sensors_vendor/lib:/opt/ros/jazzy/opt/gz_physics_vendor/lib:/opt/ros/jazzy/opt/sdformat_vendor/lib:/opt/ros/jazzy/opt/rviz_ogre_vendor/lib:/opt/ros/jazzy/lib/x86_64-linux-gnu:/opt/ros/jazzy/opt/gz_gui_vendor/lib:/opt/ros/jazzy/opt/gz_transport_vendor/lib:/opt/ros/jazzy/opt/gz_rendering_vendor/lib:/opt/ros/jazzy/opt/gz_plugin_vendor/lib:/opt/ros/jazzy/opt/gz_fuel_tools_vendor/lib:/opt/ros/jazzy/opt/gz_msgs_vendor/lib:/opt/ros/jazzy/opt/gz_common_vendor/lib:/opt/ros/jazzy/opt/gz_math_vendor/lib:/opt/ros/jazzy/opt/gz_utils_vendor/lib:/opt/ros/jazzy/opt/gz_tools_vendor/lib:/opt/ros/jazzy/opt/gz_ogre_next_vendor/lib:/opt/ros/jazzy/opt/gz_dartsim_vendor/lib:/opt/ros/jazzy/opt/gz_cmake_vendor/lib:/opt/ros/jazzy/lib PYTHONPATH=/home/mikks/ros2_px4_ws/install/px4_msgs/lib/python3.12/site-packages:/home/mikks/ros2_px4_ws/build/x500_hover_controller:/home/mikks/ros2_px4_ws/install/x500_hover_controller/lib/python3.12/site-packages:/home/mikks/ros2_px4_ws/install/px4_ros_com/lib/python3.12/site-packages:/home/mikks/ros2_px4_ws/build/example_mode_with_rclpy_py:/home/mikks/ros2_px4_ws/install/example_mode_with_rclpy_py/lib/python3.12/site-packages:/home/mikks/ros2_px4_ws/build/example_mode_goto_py:/home/mikks/ros2_px4_ws/install/example_mode_goto_py/lib/python3.12/site-packages:/home/mikks/ros2_px4_ws/install/px4_ros2_py/lib/python3.12/site-packages:/home/mikks/ros2_px4_ws/build/px4_actuator_ctrl:/home/mikks/ros2_px4_ws/install/px4_actuator_ctrl/lib/python3.12/site-packages:/home/mikks/ros2_ws/build/rover_desc_description:/home/mikks/ros2_ws/install/rover_desc_description/lib/python3.12/site-packages:/home/mikks/ros2_ws/install/px4_actuator_ctrl/lib/python3.12/site-packages:/home/mikks/ros2_ws/build/mine_rover_description:/home/mikks/ros2_ws/install/mine_rover_description/lib/python3.12/site-packages:/home/mikks/ros2_ws/build/ZerionURDFV5cp_description:/home/mikks/ros2_ws/install/ZerionURDFV5cp_description/lib/python3.12/site-packages:/home/mikks/crazyflie_mapping_demo/ros2_ws/install/velocity_free_consensus/lib/python3.12/site-packages:/home/mikks/crazyflie_mapping_demo/ros2_ws/install/stepwise_lowpos/lib/python3.12/site-packages:/home/mikks/crazyflie_mapping_demo/ros2_ws/install/step_wise_lowpos/lib/python3.12/site-packages:/home/mikks/crazyflie_mapping_demo/ros2_ws/install/second_order_formation_control/lib/python3.12/site-packages:/home/mikks/crazyflie_mapping_demo/ros2_ws/install/ros_gz_crazyflie_control/lib/python3.12/site-packages:/home/mikks/crazyflie_mapping_demo/ros2_ws/install/mixed_fractional_consensus/lib/python3.12/site-packages:/home/mikks/crazyflie_mapping_demo/ros2_ws/install/lowest_pos/lib/python3.12/site-packages:/home/mikks/crazyflie_mapping_demo/ros2_ws/install/linear_consensus/lib/python3.12/site-packages:/home/mikks/crazyflie_mapping_demo/ros2_ws/install/highest_pos/lib/python3.12/site-packages:/home/mikks/crazyflie_mapping_demo/ros2_ws/install/fractional_consensus_alpha/lib/python3.12/site-packages:/home/mikks/crazyflie_mapping_demo/ros2_ws/install/event_triggered_swarm/lib/python3.12/site-packages:/home/mikks/crazyflie_mapping_demo/ros2_ws/install/drone_logger/lib/python3.12/site-packages:/home/mikks/crazyflie_mapping_demo/ros2_ws/install/distributed_average_tracking/lib/python3.12/site-packages:/home/mikks/crazyflie_mapping_demo/ros2_ws/install/crazyflie_swarm_logic/lib/python3.12/site-packages:/home/mikks/crazyflie_mapping_demo/ros2_ws/install/crazyflie_sim/lib/python3.12/site-packages:/home/mikks/crazyflie_mapping_demo/ros2_ws/install/crazyflie_ros2_multiranger_wall_following/lib/python3.12/site-packages:/home/mikks/crazyflie_mapping_demo/ros2_ws/install/crazyflie_ros2_multiranger_simple_mapper/lib/python3.12/site-packages:/home/mikks/crazyflie_mapping_demo/ros2_ws/install/crazyflie_examples/lib/python3.12/site-packages:/home/mikks/crazyflie_mapping_demo/ros2_ws/install/crazyflie_py/lib/python3.12/site-packages:/home/mikks/crazyflie_mapping_demo/ros2_ws/install/crazyflie_interfaces/lib/python3.12/site-packages:/home/mikks/crazyflie_mapping_demo/ros2_ws/install/cooperative_target_centric_formation/lib/python3.12/site-packages:/home/mikks/crazyflie_mapping_demo/ros2_ws/install/containment_using_agent_information/lib/python3.12/site-packages:/home/mikks/crazyflie_mapping_demo/ros2_ws/install/consensus_for_double_integrator/lib/python3.12/site-packages:/home/mikks/crazyflie_mapping_demo/ros2_ws/install/consensus_alignment/lib/python3.12/site-packages:/home/mikks/crazyflie_mapping_demo/ros2_ws/install/binary_consensus/lib/python3.12/site-packages:/home/mikks/crazyflie_mapping_demo/ros2_ws/install/Second_Order_Min_Consensus_for_Heterogeneous_Agents/lib/python3.12/site-packages:/home/mikks/crazyflie_mapping_demo/ros2_ws/install/BinaryContainmentChain/lib/python3.12/site-packages:/opt/ros/jazzy/lib/python3.12/site-packages /usr/bin/cmake --install /home/mikks/ros2_px4_ws/build/example_rover_velocity_mode_cpp
[4.143s] Level 1:colcon.colcon_core.environment:checking '/home/mikks/ros2_px4_ws/install/example_rover_velocity_mode_cpp' for CMake config files
[4.143s] Level 1:colcon.colcon_core.shell:create_environment_hook('example_rover_velocity_mode_cpp', 'cmake_prefix_path')
[4.143s] INFO:colcon.colcon_core.shell:Creating environment hook '/home/mikks/ros2_px4_ws/install/example_rover_velocity_mode_cpp/share/example_rover_velocity_mode_cpp/hook/cmake_prefix_path.ps1'
[4.144s] INFO:colcon.colcon_core.shell:Creating environment descriptor '/home/mikks/ros2_px4_ws/install/example_rover_velocity_mode_cpp/share/example_rover_velocity_mode_cpp/hook/cmake_prefix_path.dsv'
[4.144s] INFO:colcon.colcon_core.shell:Creating environment hook '/home/mikks/ros2_px4_ws/install/example_rover_velocity_mode_cpp/share/example_rover_velocity_mode_cpp/hook/cmake_prefix_path.sh'
[4.145s] Level 1:colcon.colcon_core.environment:checking '/home/mikks/ros2_px4_ws/install/example_rover_velocity_mode_cpp/lib'
[4.145s] Level 1:colcon.colcon_core.environment:checking '/home/mikks/ros2_px4_ws/install/example_rover_velocity_mode_cpp/bin'
[4.145s] Level 1:colcon.colcon_core.environment:checking '/home/mikks/ros2_px4_ws/install/example_rover_velocity_mode_cpp/lib/pkgconfig/example_rover_velocity_mode_cpp.pc'
[4.145s] Level 1:colcon.colcon_core.environment:checking '/home/mikks/ros2_px4_ws/install/example_rover_velocity_mode_cpp/lib/python3.12/site-packages'
[4.145s] Level 1:colcon.colcon_core.environment:checking '/home/mikks/ros2_px4_ws/install/example_rover_velocity_mode_cpp/bin'
[4.146s] INFO:colcon.colcon_core.shell:Creating package script '/home/mikks/ros2_px4_ws/install/example_rover_velocity_mode_cpp/share/example_rover_velocity_mode_cpp/package.ps1'
[4.146s] INFO:colcon.colcon_core.shell:Creating package descriptor '/home/mikks/ros2_px4_ws/install/example_rover_velocity_mode_cpp/share/example_rover_velocity_mode_cpp/package.dsv'
[4.146s] INFO:colcon.colcon_core.shell:Creating package script '/home/mikks/ros2_px4_ws/install/example_rover_velocity_mode_cpp/share/example_rover_velocity_mode_cpp/package.sh'
[4.147s] INFO:colcon.colcon_core.shell:Creating package script '/home/mikks/ros2_px4_ws/install/example_rover_velocity_mode_cpp/share/example_rover_velocity_mode_cpp/package.bash'
[4.147s] INFO:colcon.colcon_core.shell:Creating package script '/home/mikks/ros2_px4_ws/install/example_rover_velocity_mode_cpp/share/example_rover_velocity_mode_cpp/package.zsh'
[4.147s] Level 1:colcon.colcon_core.environment:create_file_with_runtime_dependencies(/home/mikks/ros2_px4_ws/install/example_rover_velocity_mode_cpp/share/colcon-core/packages/example_rover_velocity_mode_cpp)
[4.148s] Level 1:colcon.colcon_core.environment:create_environment_scripts_only(example_rover_velocity_mode_cpp)
[4.148s] Level 1:colcon.colcon_core.environment:checking '/home/mikks/ros2_px4_ws/install/example_rover_velocity_mode_cpp' for CMake module files
[4.149s] Level 1:colcon.colcon_core.environment:checking '/home/mikks/ros2_px4_ws/install/example_rover_velocity_mode_cpp' for CMake config files
[4.149s] Level 1:colcon.colcon_core.shell:create_environment_hook('example_rover_velocity_mode_cpp', 'cmake_prefix_path')
[4.149s] INFO:colcon.colcon_core.shell:Creating environment hook '/home/mikks/ros2_px4_ws/install/example_rover_velocity_mode_cpp/share/example_rover_velocity_mode_cpp/hook/cmake_prefix_path.ps1'
[4.149s] INFO:colcon.colcon_core.shell:Creating environment descriptor '/home/mikks/ros2_px4_ws/install/example_rover_velocity_mode_cpp/share/example_rover_velocity_mode_cpp/hook/cmake_prefix_path.dsv'
[4.150s] INFO:colcon.colcon_core.shell:Creating environment hook '/home/mikks/ros2_px4_ws/install/example_rover_velocity_mode_cpp/share/example_rover_velocity_mode_cpp/hook/cmake_prefix_path.sh'
[4.150s] Level 1:colcon.colcon_core.environment:checking '/home/mikks/ros2_px4_ws/install/example_rover_velocity_mode_cpp/lib'
[4.150s] Level 1:colcon.colcon_core.environment:checking '/home/mikks/ros2_px4_ws/install/example_rover_velocity_mode_cpp/bin'
[4.150s] Level 1:colcon.colcon_core.environment:checking '/home/mikks/ros2_px4_ws/install/example_rover_velocity_mode_cpp/lib/pkgconfig/example_rover_velocity_mode_cpp.pc'
[4.151s] Level 1:colcon.colcon_core.environment:checking '/home/mikks/ros2_px4_ws/install/example_rover_velocity_mode_cpp/lib/python3.12/site-packages'
[4.151s] Level 1:colcon.colcon_core.environment:checking '/home/mikks/ros2_px4_ws/install/example_rover_velocity_mode_cpp/bin'
[4.151s] INFO:colcon.colcon_core.shell:Creating package script '/home/mikks/ros2_px4_ws/install/example_rover_velocity_mode_cpp/share/example_rover_velocity_mode_cpp/package.ps1'
[4.151s] INFO:colcon.colcon_core.shell:Creating package descriptor '/home/mikks/ros2_px4_ws/install/example_rover_velocity_mode_cpp/share/example_rover_velocity_mode_cpp/package.dsv'
[4.152s] INFO:colcon.colcon_core.shell:Creating package script '/home/mikks/ros2_px4_ws/install/example_rover_velocity_mode_cpp/share/example_rover_velocity_mode_cpp/package.sh'
[4.152s] INFO:colcon.colcon_core.shell:Creating package script '/home/mikks/ros2_px4_ws/install/example_rover_velocity_mode_cpp/share/example_rover_velocity_mode_cpp/package.bash'
[4.153s] INFO:colcon.colcon_core.shell:Creating package script '/home/mikks/ros2_px4_ws/install/example_rover_velocity_mode_cpp/share/example_rover_velocity_mode_cpp/package.zsh'
[4.153s] Level 1:colcon.colcon_core.environment:create_file_with_runtime_dependencies(/home/mikks/ros2_px4_ws/install/example_rover_velocity_mode_cpp/share/colcon-core/packages/example_rover_velocity_mode_cpp)
[4.154s] Level 1:colcon.colcon_core.environment:create_environment_scripts_only(example_mode_vtol_cpp)
[4.154s] Level 1:colcon.colcon_core.environment:checking '/home/mikks/ros2_px4_ws/install/example_mode_vtol_cpp' for CMake module files
[4.155s] Level 1:colcon.colcon_core.environment:checking '/home/mikks/ros2_px4_ws/install/example_mode_vtol_cpp' for CMake config files
[4.155s] DEBUG:colcon.colcon_core.event_handler.log_command:Invoked command in '/home/mikks/ros2_px4_ws/build/example_mode_vtol_cpp' returned '0': CMAKE_PREFIX_PATH=/home/mikks/ros2_px4_ws/install/px4_ros2_cpp:/home/mikks/ros2_px4_ws/install/px4_msgs:/home/mikks/ros2_px4_ws/install/px4_ros_com:/home/mikks/ros2_px4_ws/install/px4_ros2_py:/home/mikks/ros2_px4_ws/install/example_rover_velocity_mode_cpp:/home/mikks/ros2_px4_ws/install/example_mode_with_executor_cpp:/home/mikks/ros2_px4_ws/install/example_mode_vtol_cpp:/home/mikks/ros2_px4_ws/install/example_mode_rtl_replacement_cpp:/home/mikks/ros2_px4_ws/install/example_mode_mission_cpp:/home/mikks/ros2_px4_ws/install/example_mode_manual_cpp:/home/mikks/ros2_px4_ws/install/example_mode_goto_global_cpp:/home/mikks/ros2_px4_ws/install/example_mode_goto_cpp:/home/mikks/ros2_px4_ws/install/example_mode_fw_attitude_cpp:/home/mikks/ros2_px4_ws/install/example_local_navigation_cpp:/home/mikks/ros2_px4_ws/install/example_global_navigation_cpp:/home/mikks/ros2_px4_ws/install/example_executor_with_multiple_modes_cpp:/home/mikks/crazyflie_mapping_demo/ros2_ws/install/crazyflie_ros2_multiranger_bringup:/home/mikks/crazyflie_mapping_demo/ros2_ws/install/ros_gz_crazyflie_bringup:/home/mikks/crazyflie_mapping_demo/ros2_ws/install/ros_gz_crazyflie_gazebo:/home/mikks/crazyflie_mapping_demo/ros2_ws/install/crazyflie_sim:/home/mikks/crazyflie_mapping_demo/ros2_ws/install/crazyflie_examples:/home/mikks/crazyflie_mapping_demo/ros2_ws/install/crazyflie:/home/mikks/crazyflie_mapping_demo/ros2_ws/install/crazyflie_interfaces:/opt/ros/jazzy/opt/gz_sim_vendor:/opt/ros/jazzy/opt/gz_sensors_vendor:/opt/ros/jazzy/opt/gz_physics_vendor:/opt/ros/jazzy/opt/sdformat_vendor:/opt/ros/jazzy/opt/gz_gui_vendor:/opt/ros/jazzy/opt/gz_transport_vendor:/opt/ros/jazzy/opt/gz_rendering_vendor:/opt/ros/jazzy/opt/gz_plugin_vendor:/opt/ros/jazzy/opt/gz_fuel_tools_vendor:/opt/ros/jazzy/opt/gz_msgs_vendor:/opt/ros/jazzy/opt/gz_common_vendor:/opt/ros/jazzy/opt/gz_math_vendor:/opt/ros/jazzy/opt/gz_utils_vendor:/opt/ros/jazzy/opt/gz_tools_vendor:/opt/ros/jazzy/opt/gz_ogre_next_vendor:/opt/ros/jazzy/opt/gz_dartsim_vendor:/opt/ros/jazzy/opt/gz_cmake_vendor:/home/mikks/ros2_px4_ws/install/x500_hover_controller:/home/mikks/ros2_px4_ws/install/example_mode_with_rclpy_py:/home/mikks/ros2_px4_ws/install/example_mode_goto_py:/home/mikks/ros2_px4_ws/install/px4_actuator_ctrl:/home/mikks/ros2_ws/install/rover_desc_description:/home/mikks/ros2_ws/install/px4_actuator_ctrl:/home/mikks/ros2_ws/install/mine_rover_description:/home/mikks/ros2_ws/install/ZerionURDFV5cp_description:/home/mikks/crazyflie_mapping_demo/ros2_ws/install/velocity_free_consensus:/home/mikks/crazyflie_mapping_demo/ros2_ws/install/stepwise_lowpos:/home/mikks/crazyflie_mapping_demo/ros2_ws/install/step_wise_lowpos:/home/mikks/crazyflie_mapping_demo/ros2_ws/install/second_order_formation_control:/home/mikks/crazyflie_mapping_demo/ros2_ws/install/ros_gz_crazyflie_control:/home/mikks/crazyflie_mapping_demo/ros2_ws/install/mixed_fractional_consensus:/home/mikks/crazyflie_mapping_demo/ros2_ws/install/lowest_pos:/home/mikks/crazyflie_mapping_demo/ros2_ws/install/linear_consensus:/home/mikks/crazyflie_mapping_demo/ros2_ws/install/highest_pos:/home/mikks/crazyflie_mapping_demo/ros2_ws/install/fractional_consensus_alpha:/home/mikks/crazyflie_mapping_demo/ros2_ws/install/event_triggered_swarm:/home/mikks/crazyflie_mapping_demo/ros2_ws/install/drone_logger:/home/mikks/crazyflie_mapping_demo/ros2_ws/install/distributed_average_tracking:/home/mikks/crazyflie_mapping_demo/ros2_ws/install/crazyflie_swarm_logic:/home/mikks/crazyflie_mapping_demo/ros2_ws/install/crazyflie_ros2_multiranger_wall_following:/home/mikks/crazyflie_mapping_demo/ros2_ws/install/crazyflie_ros2_multiranger_simple_mapper:/home/mikks/crazyflie_mapping_demo/ros2_ws/install/crazyflie_py:/home/mikks/crazyflie_mapping_demo/ros2_ws/install/cooperative_target_centric_formation:/home/mikks/crazyflie_mapping_demo/ros2_ws/install/containment_using_agent_information:/home/mikks/crazyflie_mapping_demo/ros2_ws/install/consensus_for_double_integrator:/home/mikks/crazyflie_mapping_demo/ros2_ws/install/consensus_alignment:/home/mikks/crazyflie_mapping_demo/ros2_ws/install/binary_consensus:/home/mikks/crazyflie_mapping_demo/ros2_ws/install/Second_Order_Min_Consensus_for_Heterogeneous_Agents:/home/mikks/crazyflie_mapping_demo/ros2_ws/install/BinaryContainmentChain:/opt/ros/jazzy DEBUGINFOD_URLS=https://debuginfod.ubuntu.com LD_LIBRARY_PATH=/home/mikks/ros2_px4_ws/install/px4_ros2_cpp/lib:/home/mikks/ros2_px4_ws/install/px4_msgs/lib:/home/mikks/ros2_px4_ws/install/px4_ros_com/lib:/home/mikks/NatNet_SDK_4.3_ubuntu/lib:/home/mikks/crazyflie_mapping_demo/ros2_ws/install/crazyflie_interfaces/lib:/opt/ros/jazzy/opt/gz_sim_vendor/lib:/opt/ros/jazzy/opt/gz_sensors_vendor/lib:/opt/ros/jazzy/opt/gz_physics_vendor/lib:/opt/ros/jazzy/opt/sdformat_vendor/lib:/opt/ros/jazzy/opt/rviz_ogre_vendor/lib:/opt/ros/jazzy/lib/x86_64-linux-gnu:/opt/ros/jazzy/opt/gz_gui_vendor/lib:/opt/ros/jazzy/opt/gz_transport_vendor/lib:/opt/ros/jazzy/opt/gz_rendering_vendor/lib:/opt/ros/jazzy/opt/gz_plugin_vendor/lib:/opt/ros/jazzy/opt/gz_fuel_tools_vendor/lib:/opt/ros/jazzy/opt/gz_msgs_vendor/lib:/opt/ros/jazzy/opt/gz_common_vendor/lib:/opt/ros/jazzy/opt/gz_math_vendor/lib:/opt/ros/jazzy/opt/gz_utils_vendor/lib:/opt/ros/jazzy/opt/gz_tools_vendor/lib:/opt/ros/jazzy/opt/gz_ogre_next_vendor/lib:/opt/ros/jazzy/opt/gz_dartsim_vendor/lib:/opt/ros/jazzy/opt/gz_cmake_vendor/lib:/opt/ros/jazzy/lib PYTHONPATH=/home/mikks/ros2_px4_ws/install/px4_msgs/lib/python3.12/site-packages:/home/mikks/ros2_px4_ws/build/x500_hover_controller:/home/mikks/ros2_px4_ws/install/x500_hover_controller/lib/python3.12/site-packages:/home/mikks/ros2_px4_ws/install/px4_ros_com/lib/python3.12/site-packages:/home/mikks/ros2_px4_ws/build/example_mode_with_rclpy_py:/home/mikks/ros2_px4_ws/install/example_mode_with_rclpy_py/lib/python3.12/site-packages:/home/mikks/ros2_px4_ws/build/example_mode_goto_py:/home/mikks/ros2_px4_ws/install/example_mode_goto_py/lib/python3.12/site-packages:/home/mikks/ros2_px4_ws/install/px4_ros2_py/lib/python3.12/site-packages:/home/mikks/ros2_px4_ws/build/px4_actuator_ctrl:/home/mikks/ros2_px4_ws/install/px4_actuator_ctrl/lib/python3.12/site-packages:/home/mikks/ros2_ws/build/rover_desc_description:/home/mikks/ros2_ws/install/rover_desc_description/lib/python3.12/site-packages:/home/mikks/ros2_ws/install/px4_actuator_ctrl/lib/python3.12/site-packages:/home/mikks/ros2_ws/build/mine_rover_description:/home/mikks/ros2_ws/install/mine_rover_description/lib/python3.12/site-packages:/home/mikks/ros2_ws/build/ZerionURDFV5cp_description:/home/mikks/ros2_ws/install/ZerionURDFV5cp_description/lib/python3.12/site-packages:/home/mikks/crazyflie_mapping_demo/ros2_ws/install/velocity_free_consensus/lib/python3.12/site-packages:/home/mikks/crazyflie_mapping_demo/ros2_ws/install/stepwise_lowpos/lib/python3.12/site-packages:/home/mikks/crazyflie_mapping_demo/ros2_ws/install/step_wise_lowpos/lib/python3.12/site-packages:/home/mikks/crazyflie_mapping_demo/ros2_ws/install/second_order_formation_control/lib/python3.12/site-packages:/home/mikks/crazyflie_mapping_demo/ros2_ws/install/ros_gz_crazyflie_control/lib/python3.12/site-packages:/home/mikks/crazyflie_mapping_demo/ros2_ws/install/mixed_fractional_consensus/lib/python3.12/site-packages:/home/mikks/crazyflie_mapping_demo/ros2_ws/install/lowest_pos/lib/python3.12/site-packages:/home/mikks/crazyflie_mapping_demo/ros2_ws/install/linear_consensus/lib/python3.12/site-packages:/home/mikks/crazyflie_mapping_demo/ros2_ws/install/highest_pos/lib/python3.12/site-packages:/home/mikks/crazyflie_mapping_demo/ros2_ws/install/fractional_consensus_alpha/lib/python3.12/site-packages:/home/mikks/crazyflie_mapping_demo/ros2_ws/install/event_triggered_swarm/lib/python3.12/site-packages:/home/mikks/crazyflie_mapping_demo/ros2_ws/install/drone_logger/lib/python3.12/site-packages:/home/mikks/crazyflie_mapping_demo/ros2_ws/install/distributed_average_tracking/lib/python3.12/site-packages:/home/mikks/crazyflie_mapping_demo/ros2_ws/install/crazyflie_swarm_logic/lib/python3.12/site-packages:/home/mikks/crazyflie_mapping_demo/ros2_ws/install/crazyflie_sim/lib/python3.12/site-packages:/home/mikks/crazyflie_mapping_demo/ros2_ws/install/crazyflie_ros2_multiranger_wall_following/lib/python3.12/site-packages:/home/mikks/crazyflie_mapping_demo/ros2_ws/install/crazyflie_ros2_multiranger_simple_mapper/lib/python3.12/site-packages:/home/mikks/crazyflie_mapping_demo/ros2_ws/install/crazyflie_examples/lib/python3.12/site-packages:/home/mikks/crazyflie_mapping_demo/ros2_ws/install/crazyflie_py/lib/python3.12/site-packages:/home/mikks/crazyflie_mapping_demo/ros2_ws/install/crazyflie_interfaces/lib/python3.12/site-packages:/home/mikks/crazyflie_mapping_demo/ros2_ws/install/cooperative_target_centric_formation/lib/python3.12/site-packages:/home/mikks/crazyflie_mapping_demo/ros2_ws/install/containment_using_agent_information/lib/python3.12/site-packages:/home/mikks/crazyflie_mapping_demo/ros2_ws/install/consensus_for_double_integrator/lib/python3.12/site-packages:/home/mikks/crazyflie_mapping_demo/ros2_ws/install/consensus_alignment/lib/python3.12/site-packages:/home/mikks/crazyflie_mapping_demo/ros2_ws/install/binary_consensus/lib/python3.12/site-packages:/home/mikks/crazyflie_mapping_demo/ros2_ws/install/Second_Order_Min_Consensus_for_Heterogeneous_Agents/lib/python3.12/site-packages:/home/mikks/crazyflie_mapping_demo/ros2_ws/install/BinaryContainmentChain/lib/python3.12/site-packages:/opt/ros/jazzy/lib/python3.12/site-packages /usr/bin/cmake --install /home/mikks/ros2_px4_ws/build/example_mode_vtol_cpp
[4.155s] Level 1:colcon.colcon_core.shell:create_environment_hook('example_mode_vtol_cpp', 'cmake_prefix_path')
[4.156s] INFO:colcon.colcon_core.shell:Creating environment hook '/home/mikks/ros2_px4_ws/install/example_mode_vtol_cpp/share/example_mode_vtol_cpp/hook/cmake_prefix_path.ps1'
[4.156s] INFO:colcon.colcon_core.shell:Creating environment descriptor '/home/mikks/ros2_px4_ws/install/example_mode_vtol_cpp/share/example_mode_vtol_cpp/hook/cmake_prefix_path.dsv'
[4.156s] INFO:colcon.colcon_core.shell:Creating environment hook '/home/mikks/ros2_px4_ws/install/example_mode_vtol_cpp/share/example_mode_vtol_cpp/hook/cmake_prefix_path.sh'
[4.157s] Level 1:colcon.colcon_core.environment:checking '/home/mikks/ros2_px4_ws/install/example_mode_vtol_cpp/lib'
[4.157s] Level 1:colcon.colcon_core.environment:checking '/home/mikks/ros2_px4_ws/install/example_mode_vtol_cpp/bin'
[4.157s] Level 1:colcon.colcon_core.environment:checking '/home/mikks/ros2_px4_ws/install/example_mode_vtol_cpp/lib/pkgconfig/example_mode_vtol_cpp.pc'
[4.157s] Level 1:colcon.colcon_core.environment:checking '/home/mikks/ros2_px4_ws/install/example_mode_vtol_cpp/lib/python3.12/site-packages'
[4.157s] Level 1:colcon.colcon_core.environment:checking '/home/mikks/ros2_px4_ws/install/example_mode_vtol_cpp/bin'
[4.157s] INFO:colcon.colcon_core.shell:Creating package script '/home/mikks/ros2_px4_ws/install/example_mode_vtol_cpp/share/example_mode_vtol_cpp/package.ps1'
[4.158s] INFO:colcon.colcon_core.shell:Creating package descriptor '/home/mikks/ros2_px4_ws/install/example_mode_vtol_cpp/share/example_mode_vtol_cpp/package.dsv'
[4.158s] INFO:colcon.colcon_core.shell:Creating package script '/home/mikks/ros2_px4_ws/install/example_mode_vtol_cpp/share/example_mode_vtol_cpp/package.sh'
[4.159s] INFO:colcon.colcon_core.shell:Creating package script '/home/mikks/ros2_px4_ws/install/example_mode_vtol_cpp/share/example_mode_vtol_cpp/package.bash'
[4.159s] INFO:colcon.colcon_core.shell:Creating package script '/home/mikks/ros2_px4_ws/install/example_mode_vtol_cpp/share/example_mode_vtol_cpp/package.zsh'
[4.159s] Level 1:colcon.colcon_core.environment:create_file_with_runtime_dependencies(/home/mikks/ros2_px4_ws/install/example_mode_vtol_cpp/share/colcon-core/packages/example_mode_vtol_cpp)
[4.160s] Level 1:colcon.colcon_core.environment:create_environment_scripts_only(example_mode_vtol_cpp)
[4.160s] Level 1:colcon.colcon_core.environment:checking '/home/mikks/ros2_px4_ws/install/example_mode_vtol_cpp' for CMake module files
[4.160s] Level 1:colcon.colcon_core.environment:checking '/home/mikks/ros2_px4_ws/install/example_mode_vtol_cpp' for CMake config files
[4.160s] Level 1:colcon.colcon_core.shell:create_environment_hook('example_mode_vtol_cpp', 'cmake_prefix_path')
[4.160s] INFO:colcon.colcon_core.shell:Creating environment hook '/home/mikks/ros2_px4_ws/install/example_mode_vtol_cpp/share/example_mode_vtol_cpp/hook/cmake_prefix_path.ps1'
[4.161s] INFO:colcon.colcon_core.shell:Creating environment descriptor '/home/mikks/ros2_px4_ws/install/example_mode_vtol_cpp/share/example_mode_vtol_cpp/hook/cmake_prefix_path.dsv'
[4.161s] INFO:colcon.colcon_core.shell:Creating environment hook '/home/mikks/ros2_px4_ws/install/example_mode_vtol_cpp/share/example_mode_vtol_cpp/hook/cmake_prefix_path.sh'
[4.162s] Level 1:colcon.colcon_core.environment:checking '/home/mikks/ros2_px4_ws/install/example_mode_vtol_cpp/lib'
[4.162s] Level 1:colcon.colcon_core.environment:checking '/home/mikks/ros2_px4_ws/install/example_mode_vtol_cpp/bin'
[4.162s] Level 1:colcon.colcon_core.environment:checking '/home/mikks/ros2_px4_ws/install/example_mode_vtol_cpp/lib/pkgconfig/example_mode_vtol_cpp.pc'
[4.162s] Level 1:colcon.colcon_core.environment:checking '/home/mikks/ros2_px4_ws/install/example_mode_vtol_cpp/lib/python3.12/site-packages'
[4.162s] Level 1:colcon.colcon_core.environment:checking '/home/mikks/ros2_px4_ws/install/example_mode_vtol_cpp/bin'
[4.162s] INFO:colcon.colcon_core.shell:Creating package script '/home/mikks/ros2_px4_ws/install/example_mode_vtol_cpp/share/example_mode_vtol_cpp/package.ps1'
[4.163s] INFO:colcon.colcon_core.shell:Creating package descriptor '/home/mikks/ros2_px4_ws/install/example_mode_vtol_cpp/share/example_mode_vtol_cpp/package.dsv'
[4.163s] INFO:colcon.colcon_core.shell:Creating package script '/home/mikks/ros2_px4_ws/install/example_mode_vtol_cpp/share/example_mode_vtol_cpp/package.sh'
[4.164s] INFO:colcon.colcon_core.shell:Creating package script '/home/mikks/ros2_px4_ws/install/example_mode_vtol_cpp/share/example_mode_vtol_cpp/package.bash'
[4.164s] INFO:colcon.colcon_core.shell:Creating package script '/home/mikks/ros2_px4_ws/install/example_mode_vtol_cpp/share/example_mode_vtol_cpp/package.zsh'
[4.164s] Level 1:colcon.colcon_core.environment:create_file_with_runtime_dependencies(/home/mikks/ros2_px4_ws/install/example_mode_vtol_cpp/share/colcon-core/packages/example_mode_vtol_cpp)
[4.165s] Level 1:colcon.colcon_core.environment:create_environment_scripts_only(example_mode_with_executor_cpp)
[4.165s] Level 1:colcon.colcon_core.environment:checking '/home/mikks/ros2_px4_ws/install/example_mode_with_executor_cpp' for CMake module files
[4.165s] DEBUG:colcon.colcon_core.event_handler.log_command:Invoked command in '/home/mikks/ros2_px4_ws/build/example_mode_with_executor_cpp' returned '0': CMAKE_PREFIX_PATH=/home/mikks/ros2_px4_ws/install/px4_ros2_cpp:/home/mikks/ros2_px4_ws/install/px4_msgs:/home/mikks/ros2_px4_ws/install/px4_ros_com:/home/mikks/ros2_px4_ws/install/px4_ros2_py:/home/mikks/ros2_px4_ws/install/example_rover_velocity_mode_cpp:/home/mikks/ros2_px4_ws/install/example_mode_with_executor_cpp:/home/mikks/ros2_px4_ws/install/example_mode_vtol_cpp:/home/mikks/ros2_px4_ws/install/example_mode_rtl_replacement_cpp:/home/mikks/ros2_px4_ws/install/example_mode_mission_cpp:/home/mikks/ros2_px4_ws/install/example_mode_manual_cpp:/home/mikks/ros2_px4_ws/install/example_mode_goto_global_cpp:/home/mikks/ros2_px4_ws/install/example_mode_goto_cpp:/home/mikks/ros2_px4_ws/install/example_mode_fw_attitude_cpp:/home/mikks/ros2_px4_ws/install/example_local_navigation_cpp:/home/mikks/ros2_px4_ws/install/example_global_navigation_cpp:/home/mikks/ros2_px4_ws/install/example_executor_with_multiple_modes_cpp:/home/mikks/crazyflie_mapping_demo/ros2_ws/install/crazyflie_ros2_multiranger_bringup:/home/mikks/crazyflie_mapping_demo/ros2_ws/install/ros_gz_crazyflie_bringup:/home/mikks/crazyflie_mapping_demo/ros2_ws/install/ros_gz_crazyflie_gazebo:/home/mikks/crazyflie_mapping_demo/ros2_ws/install/crazyflie_sim:/home/mikks/crazyflie_mapping_demo/ros2_ws/install/crazyflie_examples:/home/mikks/crazyflie_mapping_demo/ros2_ws/install/crazyflie:/home/mikks/crazyflie_mapping_demo/ros2_ws/install/crazyflie_interfaces:/opt/ros/jazzy/opt/gz_sim_vendor:/opt/ros/jazzy/opt/gz_sensors_vendor:/opt/ros/jazzy/opt/gz_physics_vendor:/opt/ros/jazzy/opt/sdformat_vendor:/opt/ros/jazzy/opt/gz_gui_vendor:/opt/ros/jazzy/opt/gz_transport_vendor:/opt/ros/jazzy/opt/gz_rendering_vendor:/opt/ros/jazzy/opt/gz_plugin_vendor:/opt/ros/jazzy/opt/gz_fuel_tools_vendor:/opt/ros/jazzy/opt/gz_msgs_vendor:/opt/ros/jazzy/opt/gz_common_vendor:/opt/ros/jazzy/opt/gz_math_vendor:/opt/ros/jazzy/opt/gz_utils_vendor:/opt/ros/jazzy/opt/gz_tools_vendor:/opt/ros/jazzy/opt/gz_ogre_next_vendor:/opt/ros/jazzy/opt/gz_dartsim_vendor:/opt/ros/jazzy/opt/gz_cmake_vendor:/home/mikks/ros2_px4_ws/install/x500_hover_controller:/home/mikks/ros2_px4_ws/install/example_mode_with_rclpy_py:/home/mikks/ros2_px4_ws/install/example_mode_goto_py:/home/mikks/ros2_px4_ws/install/px4_actuator_ctrl:/home/mikks/ros2_ws/install/rover_desc_description:/home/mikks/ros2_ws/install/px4_actuator_ctrl:/home/mikks/ros2_ws/install/mine_rover_description:/home/mikks/ros2_ws/install/ZerionURDFV5cp_description:/home/mikks/crazyflie_mapping_demo/ros2_ws/install/velocity_free_consensus:/home/mikks/crazyflie_mapping_demo/ros2_ws/install/stepwise_lowpos:/home/mikks/crazyflie_mapping_demo/ros2_ws/install/step_wise_lowpos:/home/mikks/crazyflie_mapping_demo/ros2_ws/install/second_order_formation_control:/home/mikks/crazyflie_mapping_demo/ros2_ws/install/ros_gz_crazyflie_control:/home/mikks/crazyflie_mapping_demo/ros2_ws/install/mixed_fractional_consensus:/home/mikks/crazyflie_mapping_demo/ros2_ws/install/lowest_pos:/home/mikks/crazyflie_mapping_demo/ros2_ws/install/linear_consensus:/home/mikks/crazyflie_mapping_demo/ros2_ws/install/highest_pos:/home/mikks/crazyflie_mapping_demo/ros2_ws/install/fractional_consensus_alpha:/home/mikks/crazyflie_mapping_demo/ros2_ws/install/event_triggered_swarm:/home/mikks/crazyflie_mapping_demo/ros2_ws/install/drone_logger:/home/mikks/crazyflie_mapping_demo/ros2_ws/install/distributed_average_tracking:/home/mikks/crazyflie_mapping_demo/ros2_ws/install/crazyflie_swarm_logic:/home/mikks/crazyflie_mapping_demo/ros2_ws/install/crazyflie_ros2_multiranger_wall_following:/home/mikks/crazyflie_mapping_demo/ros2_ws/install/crazyflie_ros2_multiranger_simple_mapper:/home/mikks/crazyflie_mapping_demo/ros2_ws/install/crazyflie_py:/home/mikks/crazyflie_mapping_demo/ros2_ws/install/cooperative_target_centric_formation:/home/mikks/crazyflie_mapping_demo/ros2_ws/install/containment_using_agent_information:/home/mikks/crazyflie_mapping_demo/ros2_ws/install/consensus_for_double_integrator:/home/mikks/crazyflie_mapping_demo/ros2_ws/install/consensus_alignment:/home/mikks/crazyflie_mapping_demo/ros2_ws/install/binary_consensus:/home/mikks/crazyflie_mapping_demo/ros2_ws/install/Second_Order_Min_Consensus_for_Heterogeneous_Agents:/home/mikks/crazyflie_mapping_demo/ros2_ws/install/BinaryContainmentChain:/opt/ros/jazzy DEBUGINFOD_URLS=https://debuginfod.ubuntu.com LD_LIBRARY_PATH=/home/mikks/ros2_px4_ws/install/px4_ros2_cpp/lib:/home/mikks/ros2_px4_ws/install/px4_msgs/lib:/home/mikks/ros2_px4_ws/install/px4_ros_com/lib:/home/mikks/NatNet_SDK_4.3_ubuntu/lib:/home/mikks/crazyflie_mapping_demo/ros2_ws/install/crazyflie_interfaces/lib:/opt/ros/jazzy/opt/gz_sim_vendor/lib:/opt/ros/jazzy/opt/gz_sensors_vendor/lib:/opt/ros/jazzy/opt/gz_physics_vendor/lib:/opt/ros/jazzy/opt/sdformat_vendor/lib:/opt/ros/jazzy/opt/rviz_ogre_vendor/lib:/opt/ros/jazzy/lib/x86_64-linux-gnu:/opt/ros/jazzy/opt/gz_gui_vendor/lib:/opt/ros/jazzy/opt/gz_transport_vendor/lib:/opt/ros/jazzy/opt/gz_rendering_vendor/lib:/opt/ros/jazzy/opt/gz_plugin_vendor/lib:/opt/ros/jazzy/opt/gz_fuel_tools_vendor/lib:/opt/ros/jazzy/opt/gz_msgs_vendor/lib:/opt/ros/jazzy/opt/gz_common_vendor/lib:/opt/ros/jazzy/opt/gz_math_vendor/lib:/opt/ros/jazzy/opt/gz_utils_vendor/lib:/opt/ros/jazzy/opt/gz_tools_vendor/lib:/opt/ros/jazzy/opt/gz_ogre_next_vendor/lib:/opt/ros/jazzy/opt/gz_dartsim_vendor/lib:/opt/ros/jazzy/opt/gz_cmake_vendor/lib:/opt/ros/jazzy/lib PYTHONPATH=/home/mikks/ros2_px4_ws/install/px4_msgs/lib/python3.12/site-packages:/home/mikks/ros2_px4_ws/build/x500_hover_controller:/home/mikks/ros2_px4_ws/install/x500_hover_controller/lib/python3.12/site-packages:/home/mikks/ros2_px4_ws/install/px4_ros_com/lib/python3.12/site-packages:/home/mikks/ros2_px4_ws/build/example_mode_with_rclpy_py:/home/mikks/ros2_px4_ws/install/example_mode_with_rclpy_py/lib/python3.12/site-packages:/home/mikks/ros2_px4_ws/build/example_mode_goto_py:/home/mikks/ros2_px4_ws/install/example_mode_goto_py/lib/python3.12/site-packages:/home/mikks/ros2_px4_ws/install/px4_ros2_py/lib/python3.12/site-packages:/home/mikks/ros2_px4_ws/build/px4_actuator_ctrl:/home/mikks/ros2_px4_ws/install/px4_actuator_ctrl/lib/python3.12/site-packages:/home/mikks/ros2_ws/build/rover_desc_description:/home/mikks/ros2_ws/install/rover_desc_description/lib/python3.12/site-packages:/home/mikks/ros2_ws/install/px4_actuator_ctrl/lib/python3.12/site-packages:/home/mikks/ros2_ws/build/mine_rover_description:/home/mikks/ros2_ws/install/mine_rover_description/lib/python3.12/site-packages:/home/mikks/ros2_ws/build/ZerionURDFV5cp_description:/home/mikks/ros2_ws/install/ZerionURDFV5cp_description/lib/python3.12/site-packages:/home/mikks/crazyflie_mapping_demo/ros2_ws/install/velocity_free_consensus/lib/python3.12/site-packages:/home/mikks/crazyflie_mapping_demo/ros2_ws/install/stepwise_lowpos/lib/python3.12/site-packages:/home/mikks/crazyflie_mapping_demo/ros2_ws/install/step_wise_lowpos/lib/python3.12/site-packages:/home/mikks/crazyflie_mapping_demo/ros2_ws/install/second_order_formation_control/lib/python3.12/site-packages:/home/mikks/crazyflie_mapping_demo/ros2_ws/install/ros_gz_crazyflie_control/lib/python3.12/site-packages:/home/mikks/crazyflie_mapping_demo/ros2_ws/install/mixed_fractional_consensus/lib/python3.12/site-packages:/home/mikks/crazyflie_mapping_demo/ros2_ws/install/lowest_pos/lib/python3.12/site-packages:/home/mikks/crazyflie_mapping_demo/ros2_ws/install/linear_consensus/lib/python3.12/site-packages:/home/mikks/crazyflie_mapping_demo/ros2_ws/install/highest_pos/lib/python3.12/site-packages:/home/mikks/crazyflie_mapping_demo/ros2_ws/install/fractional_consensus_alpha/lib/python3.12/site-packages:/home/mikks/crazyflie_mapping_demo/ros2_ws/install/event_triggered_swarm/lib/python3.12/site-packages:/home/mikks/crazyflie_mapping_demo/ros2_ws/install/drone_logger/lib/python3.12/site-packages:/home/mikks/crazyflie_mapping_demo/ros2_ws/install/distributed_average_tracking/lib/python3.12/site-packages:/home/mikks/crazyflie_mapping_demo/ros2_ws/install/crazyflie_swarm_logic/lib/python3.12/site-packages:/home/mikks/crazyflie_mapping_demo/ros2_ws/install/crazyflie_sim/lib/python3.12/site-packages:/home/mikks/crazyflie_mapping_demo/ros2_ws/install/crazyflie_ros2_multiranger_wall_following/lib/python3.12/site-packages:/home/mikks/crazyflie_mapping_demo/ros2_ws/install/crazyflie_ros2_multiranger_simple_mapper/lib/python3.12/site-packages:/home/mikks/crazyflie_mapping_demo/ros2_ws/install/crazyflie_examples/lib/python3.12/site-packages:/home/mikks/crazyflie_mapping_demo/ros2_ws/install/crazyflie_py/lib/python3.12/site-packages:/home/mikks/crazyflie_mapping_demo/ros2_ws/install/crazyflie_interfaces/lib/python3.12/site-packages:/home/mikks/crazyflie_mapping_demo/ros2_ws/install/cooperative_target_centric_formation/lib/python3.12/site-packages:/home/mikks/crazyflie_mapping_demo/ros2_ws/install/containment_using_agent_information/lib/python3.12/site-packages:/home/mikks/crazyflie_mapping_demo/ros2_ws/install/consensus_for_double_integrator/lib/python3.12/site-packages:/home/mikks/crazyflie_mapping_demo/ros2_ws/install/consensus_alignment/lib/python3.12/site-packages:/home/mikks/crazyflie_mapping_demo/ros2_ws/install/binary_consensus/lib/python3.12/site-packages:/home/mikks/crazyflie_mapping_demo/ros2_ws/install/Second_Order_Min_Consensus_for_Heterogeneous_Agents/lib/python3.12/site-packages:/home/mikks/crazyflie_mapping_demo/ros2_ws/install/BinaryContainmentChain/lib/python3.12/site-packages:/opt/ros/jazzy/lib/python3.12/site-packages /usr/bin/cmake --install /home/mikks/ros2_px4_ws/build/example_mode_with_executor_cpp
[4.166s] Level 1:colcon.colcon_core.environment:checking '/home/mikks/ros2_px4_ws/install/example_mode_with_executor_cpp' for CMake config files
[4.166s] Level 1:colcon.colcon_core.shell:create_environment_hook('example_mode_with_executor_cpp', 'cmake_prefix_path')
[4.166s] INFO:colcon.colcon_core.shell:Creating environment hook '/home/mikks/ros2_px4_ws/install/example_mode_with_executor_cpp/share/example_mode_with_executor_cpp/hook/cmake_prefix_path.ps1'
[4.166s] INFO:colcon.colcon_core.shell:Creating environment descriptor '/home/mikks/ros2_px4_ws/install/example_mode_with_executor_cpp/share/example_mode_with_executor_cpp/hook/cmake_prefix_path.dsv'
[4.167s] INFO:colcon.colcon_core.shell:Creating environment hook '/home/mikks/ros2_px4_ws/install/example_mode_with_executor_cpp/share/example_mode_with_executor_cpp/hook/cmake_prefix_path.sh'
[4.167s] Level 1:colcon.colcon_core.environment:checking '/home/mikks/ros2_px4_ws/install/example_mode_with_executor_cpp/lib'
[4.167s] Level 1:colcon.colcon_core.environment:checking '/home/mikks/ros2_px4_ws/install/example_mode_with_executor_cpp/bin'
[4.167s] Level 1:colcon.colcon_core.environment:checking '/home/mikks/ros2_px4_ws/install/example_mode_with_executor_cpp/lib/pkgconfig/example_mode_with_executor_cpp.pc'
[4.167s] Level 1:colcon.colcon_core.environment:checking '/home/mikks/ros2_px4_ws/install/example_mode_with_executor_cpp/lib/python3.12/site-packages'
[4.168s] Level 1:colcon.colcon_core.environment:checking '/home/mikks/ros2_px4_ws/install/example_mode_with_executor_cpp/bin'
[4.168s] INFO:colcon.colcon_core.shell:Creating package script '/home/mikks/ros2_px4_ws/install/example_mode_with_executor_cpp/share/example_mode_with_executor_cpp/package.ps1'
[4.168s] INFO:colcon.colcon_core.shell:Creating package descriptor '/home/mikks/ros2_px4_ws/install/example_mode_with_executor_cpp/share/example_mode_with_executor_cpp/package.dsv'
[4.169s] INFO:colcon.colcon_core.shell:Creating package script '/home/mikks/ros2_px4_ws/install/example_mode_with_executor_cpp/share/example_mode_with_executor_cpp/package.sh'
[4.169s] INFO:colcon.colcon_core.shell:Creating package script '/home/mikks/ros2_px4_ws/install/example_mode_with_executor_cpp/share/example_mode_with_executor_cpp/package.bash'
[4.169s] INFO:colcon.colcon_core.shell:Creating package script '/home/mikks/ros2_px4_ws/install/example_mode_with_executor_cpp/share/example_mode_with_executor_cpp/package.zsh'
[4.170s] Level 1:colcon.colcon_core.environment:create_file_with_runtime_dependencies(/home/mikks/ros2_px4_ws/install/example_mode_with_executor_cpp/share/colcon-core/packages/example_mode_with_executor_cpp)
[4.170s] Level 1:colcon.colcon_core.environment:create_environment_scripts_only(example_mode_with_executor_cpp)
[4.170s] Level 1:colcon.colcon_core.environment:checking '/home/mikks/ros2_px4_ws/install/example_mode_with_executor_cpp' for CMake module files
[4.171s] Level 1:colcon.colcon_core.environment:checking '/home/mikks/ros2_px4_ws/install/example_mode_with_executor_cpp' for CMake config files
[4.171s] Level 1:colcon.colcon_core.shell:create_environment_hook('example_mode_with_executor_cpp', 'cmake_prefix_path')
[4.171s] INFO:colcon.colcon_core.shell:Creating environment hook '/home/mikks/ros2_px4_ws/install/example_mode_with_executor_cpp/share/example_mode_with_executor_cpp/hook/cmake_prefix_path.ps1'
[4.171s] INFO:colcon.colcon_core.shell:Creating environment descriptor '/home/mikks/ros2_px4_ws/install/example_mode_with_executor_cpp/share/example_mode_with_executor_cpp/hook/cmake_prefix_path.dsv'
[4.172s] INFO:colcon.colcon_core.shell:Creating environment hook '/home/mikks/ros2_px4_ws/install/example_mode_with_executor_cpp/share/example_mode_with_executor_cpp/hook/cmake_prefix_path.sh'
[4.172s] Level 1:colcon.colcon_core.environment:checking '/home/mikks/ros2_px4_ws/install/example_mode_with_executor_cpp/lib'
[4.172s] Level 1:colcon.colcon_core.environment:checking '/home/mikks/ros2_px4_ws/install/example_mode_with_executor_cpp/bin'
[4.172s] Level 1:colcon.colcon_core.environment:checking '/home/mikks/ros2_px4_ws/install/example_mode_with_executor_cpp/lib/pkgconfig/example_mode_with_executor_cpp.pc'
[4.172s] Level 1:colcon.colcon_core.environment:checking '/home/mikks/ros2_px4_ws/install/example_mode_with_executor_cpp/lib/python3.12/site-packages'
[4.173s] Level 1:colcon.colcon_core.environment:checking '/home/mikks/ros2_px4_ws/install/example_mode_with_executor_cpp/bin'
[4.173s] INFO:colcon.colcon_core.shell:Creating package script '/home/mikks/ros2_px4_ws/install/example_mode_with_executor_cpp/share/example_mode_with_executor_cpp/package.ps1'
[4.173s] INFO:colcon.colcon_core.shell:Creating package descriptor '/home/mikks/ros2_px4_ws/install/example_mode_with_executor_cpp/share/example_mode_with_executor_cpp/package.dsv'
[4.173s] INFO:colcon.colcon_core.shell:Creating package script '/home/mikks/ros2_px4_ws/install/example_mode_with_executor_cpp/share/example_mode_with_executor_cpp/package.sh'
[4.174s] INFO:colcon.colcon_core.shell:Creating package script '/home/mikks/ros2_px4_ws/install/example_mode_with_executor_cpp/share/example_mode_with_executor_cpp/package.bash'
[4.174s] INFO:colcon.colcon_core.shell:Creating package script '/home/mikks/ros2_px4_ws/install/example_mode_with_executor_cpp/share/example_mode_with_executor_cpp/package.zsh'
[4.174s] Level 1:colcon.colcon_core.environment:create_file_with_runtime_dependencies(/home/mikks/ros2_px4_ws/install/example_mode_with_executor_cpp/share/colcon-core/packages/example_mode_with_executor_cpp)
[4.271s] DEBUG:colcon.colcon_core.event_handler.log_command:Invoked command in '/home/mikks/ros2_px4_ws/build/px4_ros2_py' returned '0': CMAKE_PREFIX_PATH=/home/mikks/ros2_px4_ws/install/px4_ros2_cpp:/home/mikks/ros2_px4_ws/install/px4_msgs:/home/mikks/ros2_px4_ws/install/px4_ros_com:/home/mikks/ros2_px4_ws/install/px4_ros2_py:/home/mikks/ros2_px4_ws/install/example_rover_velocity_mode_cpp:/home/mikks/ros2_px4_ws/install/example_mode_with_executor_cpp:/home/mikks/ros2_px4_ws/install/example_mode_vtol_cpp:/home/mikks/ros2_px4_ws/install/example_mode_rtl_replacement_cpp:/home/mikks/ros2_px4_ws/install/example_mode_mission_cpp:/home/mikks/ros2_px4_ws/install/example_mode_manual_cpp:/home/mikks/ros2_px4_ws/install/example_mode_goto_global_cpp:/home/mikks/ros2_px4_ws/install/example_mode_goto_cpp:/home/mikks/ros2_px4_ws/install/example_mode_fw_attitude_cpp:/home/mikks/ros2_px4_ws/install/example_local_navigation_cpp:/home/mikks/ros2_px4_ws/install/example_global_navigation_cpp:/home/mikks/ros2_px4_ws/install/example_executor_with_multiple_modes_cpp:/home/mikks/crazyflie_mapping_demo/ros2_ws/install/crazyflie_ros2_multiranger_bringup:/home/mikks/crazyflie_mapping_demo/ros2_ws/install/ros_gz_crazyflie_bringup:/home/mikks/crazyflie_mapping_demo/ros2_ws/install/ros_gz_crazyflie_gazebo:/home/mikks/crazyflie_mapping_demo/ros2_ws/install/crazyflie_sim:/home/mikks/crazyflie_mapping_demo/ros2_ws/install/crazyflie_examples:/home/mikks/crazyflie_mapping_demo/ros2_ws/install/crazyflie:/home/mikks/crazyflie_mapping_demo/ros2_ws/install/crazyflie_interfaces:/opt/ros/jazzy/opt/gz_sim_vendor:/opt/ros/jazzy/opt/gz_sensors_vendor:/opt/ros/jazzy/opt/gz_physics_vendor:/opt/ros/jazzy/opt/sdformat_vendor:/opt/ros/jazzy/opt/gz_gui_vendor:/opt/ros/jazzy/opt/gz_transport_vendor:/opt/ros/jazzy/opt/gz_rendering_vendor:/opt/ros/jazzy/opt/gz_plugin_vendor:/opt/ros/jazzy/opt/gz_fuel_tools_vendor:/opt/ros/jazzy/opt/gz_msgs_vendor:/opt/ros/jazzy/opt/gz_common_vendor:/opt/ros/jazzy/opt/gz_math_vendor:/opt/ros/jazzy/opt/gz_utils_vendor:/opt/ros/jazzy/opt/gz_tools_vendor:/opt/ros/jazzy/opt/gz_ogre_next_vendor:/opt/ros/jazzy/opt/gz_dartsim_vendor:/opt/ros/jazzy/opt/gz_cmake_vendor:/home/mikks/ros2_px4_ws/install/x500_hover_controller:/home/mikks/ros2_px4_ws/install/example_mode_with_rclpy_py:/home/mikks/ros2_px4_ws/install/example_mode_goto_py:/home/mikks/ros2_px4_ws/install/px4_actuator_ctrl:/home/mikks/ros2_ws/install/rover_desc_description:/home/mikks/ros2_ws/install/px4_actuator_ctrl:/home/mikks/ros2_ws/install/mine_rover_description:/home/mikks/ros2_ws/install/ZerionURDFV5cp_description:/home/mikks/crazyflie_mapping_demo/ros2_ws/install/velocity_free_consensus:/home/mikks/crazyflie_mapping_demo/ros2_ws/install/stepwise_lowpos:/home/mikks/crazyflie_mapping_demo/ros2_ws/install/step_wise_lowpos:/home/mikks/crazyflie_mapping_demo/ros2_ws/install/second_order_formation_control:/home/mikks/crazyflie_mapping_demo/ros2_ws/install/ros_gz_crazyflie_control:/home/mikks/crazyflie_mapping_demo/ros2_ws/install/mixed_fractional_consensus:/home/mikks/crazyflie_mapping_demo/ros2_ws/install/lowest_pos:/home/mikks/crazyflie_mapping_demo/ros2_ws/install/linear_consensus:/home/mikks/crazyflie_mapping_demo/ros2_ws/install/highest_pos:/home/mikks/crazyflie_mapping_demo/ros2_ws/install/fractional_consensus_alpha:/home/mikks/crazyflie_mapping_demo/ros2_ws/install/event_triggered_swarm:/home/mikks/crazyflie_mapping_demo/ros2_ws/install/drone_logger:/home/mikks/crazyflie_mapping_demo/ros2_ws/install/distributed_average_tracking:/home/mikks/crazyflie_mapping_demo/ros2_ws/install/crazyflie_swarm_logic:/home/mikks/crazyflie_mapping_demo/ros2_ws/install/crazyflie_ros2_multiranger_wall_following:/home/mikks/crazyflie_mapping_demo/ros2_ws/install/crazyflie_ros2_multiranger_simple_mapper:/home/mikks/crazyflie_mapping_demo/ros2_ws/install/crazyflie_py:/home/mikks/crazyflie_mapping_demo/ros2_ws/install/cooperative_target_centric_formation:/home/mikks/crazyflie_mapping_demo/ros2_ws/install/containment_using_agent_information:/home/mikks/crazyflie_mapping_demo/ros2_ws/install/consensus_for_double_integrator:/home/mikks/crazyflie_mapping_demo/ros2_ws/install/consensus_alignment:/home/mikks/crazyflie_mapping_demo/ros2_ws/install/binary_consensus:/home/mikks/crazyflie_mapping_demo/ros2_ws/install/Second_Order_Min_Consensus_for_Heterogeneous_Agents:/home/mikks/crazyflie_mapping_demo/ros2_ws/install/BinaryContainmentChain:/opt/ros/jazzy DEBUGINFOD_URLS=https://debuginfod.ubuntu.com LD_LIBRARY_PATH=/home/mikks/ros2_px4_ws/install/px4_ros2_cpp/lib:/home/mikks/ros2_px4_ws/install/px4_msgs/lib:/home/mikks/ros2_px4_ws/install/px4_ros_com/lib:/home/mikks/NatNet_SDK_4.3_ubuntu/lib:/home/mikks/crazyflie_mapping_demo/ros2_ws/install/crazyflie_interfaces/lib:/opt/ros/jazzy/opt/gz_sim_vendor/lib:/opt/ros/jazzy/opt/gz_sensors_vendor/lib:/opt/ros/jazzy/opt/gz_physics_vendor/lib:/opt/ros/jazzy/opt/sdformat_vendor/lib:/opt/ros/jazzy/opt/rviz_ogre_vendor/lib:/opt/ros/jazzy/lib/x86_64-linux-gnu:/opt/ros/jazzy/opt/gz_gui_vendor/lib:/opt/ros/jazzy/opt/gz_transport_vendor/lib:/opt/ros/jazzy/opt/gz_rendering_vendor/lib:/opt/ros/jazzy/opt/gz_plugin_vendor/lib:/opt/ros/jazzy/opt/gz_fuel_tools_vendor/lib:/opt/ros/jazzy/opt/gz_msgs_vendor/lib:/opt/ros/jazzy/opt/gz_common_vendor/lib:/opt/ros/jazzy/opt/gz_math_vendor/lib:/opt/ros/jazzy/opt/gz_utils_vendor/lib:/opt/ros/jazzy/opt/gz_tools_vendor/lib:/opt/ros/jazzy/opt/gz_ogre_next_vendor/lib:/opt/ros/jazzy/opt/gz_dartsim_vendor/lib:/opt/ros/jazzy/opt/gz_cmake_vendor/lib:/opt/ros/jazzy/lib PYTHONPATH=/home/mikks/ros2_px4_ws/install/px4_msgs/lib/python3.12/site-packages:/home/mikks/ros2_px4_ws/build/x500_hover_controller:/home/mikks/ros2_px4_ws/install/x500_hover_controller/lib/python3.12/site-packages:/home/mikks/ros2_px4_ws/install/px4_ros_com/lib/python3.12/site-packages:/home/mikks/ros2_px4_ws/build/example_mode_with_rclpy_py:/home/mikks/ros2_px4_ws/install/example_mode_with_rclpy_py/lib/python3.12/site-packages:/home/mikks/ros2_px4_ws/build/example_mode_goto_py:/home/mikks/ros2_px4_ws/install/example_mode_goto_py/lib/python3.12/site-packages:/home/mikks/ros2_px4_ws/install/px4_ros2_py/lib/python3.12/site-packages:/home/mikks/ros2_px4_ws/build/px4_actuator_ctrl:/home/mikks/ros2_px4_ws/install/px4_actuator_ctrl/lib/python3.12/site-packages:/home/mikks/ros2_ws/build/rover_desc_description:/home/mikks/ros2_ws/install/rover_desc_description/lib/python3.12/site-packages:/home/mikks/ros2_ws/install/px4_actuator_ctrl/lib/python3.12/site-packages:/home/mikks/ros2_ws/build/mine_rover_description:/home/mikks/ros2_ws/install/mine_rover_description/lib/python3.12/site-packages:/home/mikks/ros2_ws/build/ZerionURDFV5cp_description:/home/mikks/ros2_ws/install/ZerionURDFV5cp_description/lib/python3.12/site-packages:/home/mikks/crazyflie_mapping_demo/ros2_ws/install/velocity_free_consensus/lib/python3.12/site-packages:/home/mikks/crazyflie_mapping_demo/ros2_ws/install/stepwise_lowpos/lib/python3.12/site-packages:/home/mikks/crazyflie_mapping_demo/ros2_ws/install/step_wise_lowpos/lib/python3.12/site-packages:/home/mikks/crazyflie_mapping_demo/ros2_ws/install/second_order_formation_control/lib/python3.12/site-packages:/home/mikks/crazyflie_mapping_demo/ros2_ws/install/ros_gz_crazyflie_control/lib/python3.12/site-packages:/home/mikks/crazyflie_mapping_demo/ros2_ws/install/mixed_fractional_consensus/lib/python3.12/site-packages:/home/mikks/crazyflie_mapping_demo/ros2_ws/install/lowest_pos/lib/python3.12/site-packages:/home/mikks/crazyflie_mapping_demo/ros2_ws/install/linear_consensus/lib/python3.12/site-packages:/home/mikks/crazyflie_mapping_demo/ros2_ws/install/highest_pos/lib/python3.12/site-packages:/home/mikks/crazyflie_mapping_demo/ros2_ws/install/fractional_consensus_alpha/lib/python3.12/site-packages:/home/mikks/crazyflie_mapping_demo/ros2_ws/install/event_triggered_swarm/lib/python3.12/site-packages:/home/mikks/crazyflie_mapping_demo/ros2_ws/install/drone_logger/lib/python3.12/site-packages:/home/mikks/crazyflie_mapping_demo/ros2_ws/install/distributed_average_tracking/lib/python3.12/site-packages:/home/mikks/crazyflie_mapping_demo/ros2_ws/install/crazyflie_swarm_logic/lib/python3.12/site-packages:/home/mikks/crazyflie_mapping_demo/ros2_ws/install/crazyflie_sim/lib/python3.12/site-packages:/home/mikks/crazyflie_mapping_demo/ros2_ws/install/crazyflie_ros2_multiranger_wall_following/lib/python3.12/site-packages:/home/mikks/crazyflie_mapping_demo/ros2_ws/install/crazyflie_ros2_multiranger_simple_mapper/lib/python3.12/site-packages:/home/mikks/crazyflie_mapping_demo/ros2_ws/install/crazyflie_examples/lib/python3.12/site-packages:/home/mikks/crazyflie_mapping_demo/ros2_ws/install/crazyflie_py/lib/python3.12/site-packages:/home/mikks/crazyflie_mapping_demo/ros2_ws/install/crazyflie_interfaces/lib/python3.12/site-packages:/home/mikks/crazyflie_mapping_demo/ros2_ws/install/cooperative_target_centric_formation/lib/python3.12/site-packages:/home/mikks/crazyflie_mapping_demo/ros2_ws/install/containment_using_agent_information/lib/python3.12/site-packages:/home/mikks/crazyflie_mapping_demo/ros2_ws/install/consensus_for_double_integrator/lib/python3.12/site-packages:/home/mikks/crazyflie_mapping_demo/ros2_ws/install/consensus_alignment/lib/python3.12/site-packages:/home/mikks/crazyflie_mapping_demo/ros2_ws/install/binary_consensus/lib/python3.12/site-packages:/home/mikks/crazyflie_mapping_demo/ros2_ws/install/Second_Order_Min_Consensus_for_Heterogeneous_Agents/lib/python3.12/site-packages:/home/mikks/crazyflie_mapping_demo/ros2_ws/install/BinaryContainmentChain/lib/python3.12/site-packages:/opt/ros/jazzy/lib/python3.12/site-packages /usr/bin/cmake --build /home/mikks/ros2_px4_ws/build/px4_ros2_py -- -j12 -l12
[4.272s] DEBUG:colcon.colcon_core.event_handler.log_command:Invoking command in '/home/mikks/ros2_px4_ws/build/px4_ros2_py': CMAKE_PREFIX_PATH=/home/mikks/ros2_px4_ws/install/px4_ros2_cpp:/home/mikks/ros2_px4_ws/install/px4_msgs:/home/mikks/ros2_px4_ws/install/px4_ros_com:/home/mikks/ros2_px4_ws/install/px4_ros2_py:/home/mikks/ros2_px4_ws/install/example_rover_velocity_mode_cpp:/home/mikks/ros2_px4_ws/install/example_mode_with_executor_cpp:/home/mikks/ros2_px4_ws/install/example_mode_vtol_cpp:/home/mikks/ros2_px4_ws/install/example_mode_rtl_replacement_cpp:/home/mikks/ros2_px4_ws/install/example_mode_mission_cpp:/home/mikks/ros2_px4_ws/install/example_mode_manual_cpp:/home/mikks/ros2_px4_ws/install/example_mode_goto_global_cpp:/home/mikks/ros2_px4_ws/install/example_mode_goto_cpp:/home/mikks/ros2_px4_ws/install/example_mode_fw_attitude_cpp:/home/mikks/ros2_px4_ws/install/example_local_navigation_cpp:/home/mikks/ros2_px4_ws/install/example_global_navigation_cpp:/home/mikks/ros2_px4_ws/install/example_executor_with_multiple_modes_cpp:/home/mikks/crazyflie_mapping_demo/ros2_ws/install/crazyflie_ros2_multiranger_bringup:/home/mikks/crazyflie_mapping_demo/ros2_ws/install/ros_gz_crazyflie_bringup:/home/mikks/crazyflie_mapping_demo/ros2_ws/install/ros_gz_crazyflie_gazebo:/home/mikks/crazyflie_mapping_demo/ros2_ws/install/crazyflie_sim:/home/mikks/crazyflie_mapping_demo/ros2_ws/install/crazyflie_examples:/home/mikks/crazyflie_mapping_demo/ros2_ws/install/crazyflie:/home/mikks/crazyflie_mapping_demo/ros2_ws/install/crazyflie_interfaces:/opt/ros/jazzy/opt/gz_sim_vendor:/opt/ros/jazzy/opt/gz_sensors_vendor:/opt/ros/jazzy/opt/gz_physics_vendor:/opt/ros/jazzy/opt/sdformat_vendor:/opt/ros/jazzy/opt/gz_gui_vendor:/opt/ros/jazzy/opt/gz_transport_vendor:/opt/ros/jazzy/opt/gz_rendering_vendor:/opt/ros/jazzy/opt/gz_plugin_vendor:/opt/ros/jazzy/opt/gz_fuel_tools_vendor:/opt/ros/jazzy/opt/gz_msgs_vendor:/opt/ros/jazzy/opt/gz_common_vendor:/opt/ros/jazzy/opt/gz_math_vendor:/opt/ros/jazzy/opt/gz_utils_vendor:/opt/ros/jazzy/opt/gz_tools_vendor:/opt/ros/jazzy/opt/gz_ogre_next_vendor:/opt/ros/jazzy/opt/gz_dartsim_vendor:/opt/ros/jazzy/opt/gz_cmake_vendor:/home/mikks/ros2_px4_ws/install/x500_hover_controller:/home/mikks/ros2_px4_ws/install/example_mode_with_rclpy_py:/home/mikks/ros2_px4_ws/install/example_mode_goto_py:/home/mikks/ros2_px4_ws/install/px4_actuator_ctrl:/home/mikks/ros2_ws/install/rover_desc_description:/home/mikks/ros2_ws/install/px4_actuator_ctrl:/home/mikks/ros2_ws/install/mine_rover_description:/home/mikks/ros2_ws/install/ZerionURDFV5cp_description:/home/mikks/crazyflie_mapping_demo/ros2_ws/install/velocity_free_consensus:/home/mikks/crazyflie_mapping_demo/ros2_ws/install/stepwise_lowpos:/home/mikks/crazyflie_mapping_demo/ros2_ws/install/step_wise_lowpos:/home/mikks/crazyflie_mapping_demo/ros2_ws/install/second_order_formation_control:/home/mikks/crazyflie_mapping_demo/ros2_ws/install/ros_gz_crazyflie_control:/home/mikks/crazyflie_mapping_demo/ros2_ws/install/mixed_fractional_consensus:/home/mikks/crazyflie_mapping_demo/ros2_ws/install/lowest_pos:/home/mikks/crazyflie_mapping_demo/ros2_ws/install/linear_consensus:/home/mikks/crazyflie_mapping_demo/ros2_ws/install/highest_pos:/home/mikks/crazyflie_mapping_demo/ros2_ws/install/fractional_consensus_alpha:/home/mikks/crazyflie_mapping_demo/ros2_ws/install/event_triggered_swarm:/home/mikks/crazyflie_mapping_demo/ros2_ws/install/drone_logger:/home/mikks/crazyflie_mapping_demo/ros2_ws/install/distributed_average_tracking:/home/mikks/crazyflie_mapping_demo/ros2_ws/install/crazyflie_swarm_logic:/home/mikks/crazyflie_mapping_demo/ros2_ws/install/crazyflie_ros2_multiranger_wall_following:/home/mikks/crazyflie_mapping_demo/ros2_ws/install/crazyflie_ros2_multiranger_simple_mapper:/home/mikks/crazyflie_mapping_demo/ros2_ws/install/crazyflie_py:/home/mikks/crazyflie_mapping_demo/ros2_ws/install/cooperative_target_centric_formation:/home/mikks/crazyflie_mapping_demo/ros2_ws/install/containment_using_agent_information:/home/mikks/crazyflie_mapping_demo/ros2_ws/install/consensus_for_double_integrator:/home/mikks/crazyflie_mapping_demo/ros2_ws/install/consensus_alignment:/home/mikks/crazyflie_mapping_demo/ros2_ws/install/binary_consensus:/home/mikks/crazyflie_mapping_demo/ros2_ws/install/Second_Order_Min_Consensus_for_Heterogeneous_Agents:/home/mikks/crazyflie_mapping_demo/ros2_ws/install/BinaryContainmentChain:/opt/ros/jazzy DEBUGINFOD_URLS=https://debuginfod.ubuntu.com LD_LIBRARY_PATH=/home/mikks/ros2_px4_ws/install/px4_ros2_cpp/lib:/home/mikks/ros2_px4_ws/install/px4_msgs/lib:/home/mikks/ros2_px4_ws/install/px4_ros_com/lib:/home/mikks/NatNet_SDK_4.3_ubuntu/lib:/home/mikks/crazyflie_mapping_demo/ros2_ws/install/crazyflie_interfaces/lib:/opt/ros/jazzy/opt/gz_sim_vendor/lib:/opt/ros/jazzy/opt/gz_sensors_vendor/lib:/opt/ros/jazzy/opt/gz_physics_vendor/lib:/opt/ros/jazzy/opt/sdformat_vendor/lib:/opt/ros/jazzy/opt/rviz_ogre_vendor/lib:/opt/ros/jazzy/lib/x86_64-linux-gnu:/opt/ros/jazzy/opt/gz_gui_vendor/lib:/opt/ros/jazzy/opt/gz_transport_vendor/lib:/opt/ros/jazzy/opt/gz_rendering_vendor/lib:/opt/ros/jazzy/opt/gz_plugin_vendor/lib:/opt/ros/jazzy/opt/gz_fuel_tools_vendor/lib:/opt/ros/jazzy/opt/gz_msgs_vendor/lib:/opt/ros/jazzy/opt/gz_common_vendor/lib:/opt/ros/jazzy/opt/gz_math_vendor/lib:/opt/ros/jazzy/opt/gz_utils_vendor/lib:/opt/ros/jazzy/opt/gz_tools_vendor/lib:/opt/ros/jazzy/opt/gz_ogre_next_vendor/lib:/opt/ros/jazzy/opt/gz_dartsim_vendor/lib:/opt/ros/jazzy/opt/gz_cmake_vendor/lib:/opt/ros/jazzy/lib PYTHONPATH=/home/mikks/ros2_px4_ws/install/px4_msgs/lib/python3.12/site-packages:/home/mikks/ros2_px4_ws/build/x500_hover_controller:/home/mikks/ros2_px4_ws/install/x500_hover_controller/lib/python3.12/site-packages:/home/mikks/ros2_px4_ws/install/px4_ros_com/lib/python3.12/site-packages:/home/mikks/ros2_px4_ws/build/example_mode_with_rclpy_py:/home/mikks/ros2_px4_ws/install/example_mode_with_rclpy_py/lib/python3.12/site-packages:/home/mikks/ros2_px4_ws/build/example_mode_goto_py:/home/mikks/ros2_px4_ws/install/example_mode_goto_py/lib/python3.12/site-packages:/home/mikks/ros2_px4_ws/install/px4_ros2_py/lib/python3.12/site-packages:/home/mikks/ros2_px4_ws/build/px4_actuator_ctrl:/home/mikks/ros2_px4_ws/install/px4_actuator_ctrl/lib/python3.12/site-packages:/home/mikks/ros2_ws/build/rover_desc_description:/home/mikks/ros2_ws/install/rover_desc_description/lib/python3.12/site-packages:/home/mikks/ros2_ws/install/px4_actuator_ctrl/lib/python3.12/site-packages:/home/mikks/ros2_ws/build/mine_rover_description:/home/mikks/ros2_ws/install/mine_rover_description/lib/python3.12/site-packages:/home/mikks/ros2_ws/build/ZerionURDFV5cp_description:/home/mikks/ros2_ws/install/ZerionURDFV5cp_description/lib/python3.12/site-packages:/home/mikks/crazyflie_mapping_demo/ros2_ws/install/velocity_free_consensus/lib/python3.12/site-packages:/home/mikks/crazyflie_mapping_demo/ros2_ws/install/stepwise_lowpos/lib/python3.12/site-packages:/home/mikks/crazyflie_mapping_demo/ros2_ws/install/step_wise_lowpos/lib/python3.12/site-packages:/home/mikks/crazyflie_mapping_demo/ros2_ws/install/second_order_formation_control/lib/python3.12/site-packages:/home/mikks/crazyflie_mapping_demo/ros2_ws/install/ros_gz_crazyflie_control/lib/python3.12/site-packages:/home/mikks/crazyflie_mapping_demo/ros2_ws/install/mixed_fractional_consensus/lib/python3.12/site-packages:/home/mikks/crazyflie_mapping_demo/ros2_ws/install/lowest_pos/lib/python3.12/site-packages:/home/mikks/crazyflie_mapping_demo/ros2_ws/install/linear_consensus/lib/python3.12/site-packages:/home/mikks/crazyflie_mapping_demo/ros2_ws/install/highest_pos/lib/python3.12/site-packages:/home/mikks/crazyflie_mapping_demo/ros2_ws/install/fractional_consensus_alpha/lib/python3.12/site-packages:/home/mikks/crazyflie_mapping_demo/ros2_ws/install/event_triggered_swarm/lib/python3.12/site-packages:/home/mikks/crazyflie_mapping_demo/ros2_ws/install/drone_logger/lib/python3.12/site-packages:/home/mikks/crazyflie_mapping_demo/ros2_ws/install/distributed_average_tracking/lib/python3.12/site-packages:/home/mikks/crazyflie_mapping_demo/ros2_ws/install/crazyflie_swarm_logic/lib/python3.12/site-packages:/home/mikks/crazyflie_mapping_demo/ros2_ws/install/crazyflie_sim/lib/python3.12/site-packages:/home/mikks/crazyflie_mapping_demo/ros2_ws/install/crazyflie_ros2_multiranger_wall_following/lib/python3.12/site-packages:/home/mikks/crazyflie_mapping_demo/ros2_ws/install/crazyflie_ros2_multiranger_simple_mapper/lib/python3.12/site-packages:/home/mikks/crazyflie_mapping_demo/ros2_ws/install/crazyflie_examples/lib/python3.12/site-packages:/home/mikks/crazyflie_mapping_demo/ros2_ws/install/crazyflie_py/lib/python3.12/site-packages:/home/mikks/crazyflie_mapping_demo/ros2_ws/install/crazyflie_interfaces/lib/python3.12/site-packages:/home/mikks/crazyflie_mapping_demo/ros2_ws/install/cooperative_target_centric_formation/lib/python3.12/site-packages:/home/mikks/crazyflie_mapping_demo/ros2_ws/install/containment_using_agent_information/lib/python3.12/site-packages:/home/mikks/crazyflie_mapping_demo/ros2_ws/install/consensus_for_double_integrator/lib/python3.12/site-packages:/home/mikks/crazyflie_mapping_demo/ros2_ws/install/consensus_alignment/lib/python3.12/site-packages:/home/mikks/crazyflie_mapping_demo/ros2_ws/install/binary_consensus/lib/python3.12/site-packages:/home/mikks/crazyflie_mapping_demo/ros2_ws/install/Second_Order_Min_Consensus_for_Heterogeneous_Agents/lib/python3.12/site-packages:/home/mikks/crazyflie_mapping_demo/ros2_ws/install/BinaryContainmentChain/lib/python3.12/site-packages:/opt/ros/jazzy/lib/python3.12/site-packages /usr/bin/cmake --install /home/mikks/ros2_px4_ws/build/px4_ros2_py
[4.341s] DEBUG:colcon.colcon_core.event_handler.log_command:Invoking command in '/home/mikks/ros2_px4_ws/build/x500_hover_controller': CMAKE_PREFIX_PATH=/home/mikks/ros2_px4_ws/install/px4_msgs:/home/mikks/ros2_px4_ws/install/px4_ros_com:/home/mikks/ros2_px4_ws/install/px4_ros2_py:/home/mikks/ros2_px4_ws/install/example_rover_velocity_mode_cpp:/home/mikks/ros2_px4_ws/install/example_mode_with_executor_cpp:/home/mikks/ros2_px4_ws/install/example_mode_vtol_cpp:/home/mikks/ros2_px4_ws/install/example_mode_rtl_replacement_cpp:/home/mikks/ros2_px4_ws/install/example_mode_mission_cpp:/home/mikks/ros2_px4_ws/install/example_mode_manual_cpp:/home/mikks/ros2_px4_ws/install/example_mode_goto_global_cpp:/home/mikks/ros2_px4_ws/install/example_mode_goto_cpp:/home/mikks/ros2_px4_ws/install/example_mode_fw_attitude_cpp:/home/mikks/ros2_px4_ws/install/example_local_navigation_cpp:/home/mikks/ros2_px4_ws/install/example_global_navigation_cpp:/home/mikks/ros2_px4_ws/install/example_executor_with_multiple_modes_cpp:/home/mikks/ros2_px4_ws/install/px4_ros2_cpp:/home/mikks/crazyflie_mapping_demo/ros2_ws/install/crazyflie_ros2_multiranger_bringup:/home/mikks/crazyflie_mapping_demo/ros2_ws/install/ros_gz_crazyflie_bringup:/home/mikks/crazyflie_mapping_demo/ros2_ws/install/ros_gz_crazyflie_gazebo:/home/mikks/crazyflie_mapping_demo/ros2_ws/install/crazyflie_sim:/home/mikks/crazyflie_mapping_demo/ros2_ws/install/crazyflie_examples:/home/mikks/crazyflie_mapping_demo/ros2_ws/install/crazyflie:/home/mikks/crazyflie_mapping_demo/ros2_ws/install/crazyflie_interfaces:/opt/ros/jazzy/opt/gz_sim_vendor:/opt/ros/jazzy/opt/gz_sensors_vendor:/opt/ros/jazzy/opt/gz_physics_vendor:/opt/ros/jazzy/opt/sdformat_vendor:/opt/ros/jazzy/opt/gz_gui_vendor:/opt/ros/jazzy/opt/gz_transport_vendor:/opt/ros/jazzy/opt/gz_rendering_vendor:/opt/ros/jazzy/opt/gz_plugin_vendor:/opt/ros/jazzy/opt/gz_fuel_tools_vendor:/opt/ros/jazzy/opt/gz_msgs_vendor:/opt/ros/jazzy/opt/gz_common_vendor:/opt/ros/jazzy/opt/gz_math_vendor:/opt/ros/jazzy/opt/gz_utils_vendor:/opt/ros/jazzy/opt/gz_tools_vendor:/opt/ros/jazzy/opt/gz_ogre_next_vendor:/opt/ros/jazzy/opt/gz_dartsim_vendor:/opt/ros/jazzy/opt/gz_cmake_vendor DEBUGINFOD_URLS=https://debuginfod.ubuntu.com LD_LIBRARY_PATH=/home/mikks/ros2_px4_ws/install/px4_msgs/lib:/home/mikks/ros2_px4_ws/install/px4_ros_com/lib:/home/mikks/ros2_px4_ws/install/px4_ros2_cpp/lib:/home/mikks/NatNet_SDK_4.3_ubuntu/lib:/home/mikks/crazyflie_mapping_demo/ros2_ws/install/crazyflie_interfaces/lib:/opt/ros/jazzy/opt/gz_sim_vendor/lib:/opt/ros/jazzy/opt/gz_sensors_vendor/lib:/opt/ros/jazzy/opt/gz_physics_vendor/lib:/opt/ros/jazzy/opt/sdformat_vendor/lib:/opt/ros/jazzy/opt/rviz_ogre_vendor/lib:/opt/ros/jazzy/lib/x86_64-linux-gnu:/opt/ros/jazzy/opt/gz_gui_vendor/lib:/opt/ros/jazzy/opt/gz_transport_vendor/lib:/opt/ros/jazzy/opt/gz_rendering_vendor/lib:/opt/ros/jazzy/opt/gz_plugin_vendor/lib:/opt/ros/jazzy/opt/gz_fuel_tools_vendor/lib:/opt/ros/jazzy/opt/gz_msgs_vendor/lib:/opt/ros/jazzy/opt/gz_common_vendor/lib:/opt/ros/jazzy/opt/gz_math_vendor/lib:/opt/ros/jazzy/opt/gz_utils_vendor/lib:/opt/ros/jazzy/opt/gz_tools_vendor/lib:/opt/ros/jazzy/opt/gz_ogre_next_vendor/lib:/opt/ros/jazzy/opt/gz_dartsim_vendor/lib:/opt/ros/jazzy/opt/gz_cmake_vendor/lib:/opt/ros/jazzy/lib PYTHONPATH=/home/mikks/ros2_px4_ws/build/x500_hover_controller/prefix_override:/usr/lib/python3/dist-packages/colcon_core/task/python/colcon_distutils_commands:/home/mikks/ros2_px4_ws/install/x500_hover_controller/lib/python3.12/site-packages:/home/mikks/ros2_px4_ws/install/px4_msgs/lib/python3.12/site-packages:/home/mikks/ros2_px4_ws/build/x500_hover_controller:/home/mikks/ros2_px4_ws/install/x500_hover_controller/lib/python3.12/site-packages:/home/mikks/ros2_px4_ws/install/px4_ros_com/lib/python3.12/site-packages:/home/mikks/ros2_px4_ws/build/example_mode_with_rclpy_py:/home/mikks/ros2_px4_ws/install/example_mode_with_rclpy_py/lib/python3.12/site-packages:/home/mikks/ros2_px4_ws/build/example_mode_goto_py:/home/mikks/ros2_px4_ws/install/example_mode_goto_py/lib/python3.12/site-packages:/home/mikks/ros2_px4_ws/install/px4_ros2_py/lib/python3.12/site-packages:/home/mikks/ros2_px4_ws/build/px4_actuator_ctrl:/home/mikks/ros2_px4_ws/install/px4_actuator_ctrl/lib/python3.12/site-packages:/home/mikks/ros2_ws/build/rover_desc_description:/home/mikks/ros2_ws/install/rover_desc_description/lib/python3.12/site-packages:/home/mikks/ros2_ws/install/px4_actuator_ctrl/lib/python3.12/site-packages:/home/mikks/ros2_ws/build/mine_rover_description:/home/mikks/ros2_ws/install/mine_rover_description/lib/python3.12/site-packages:/home/mikks/ros2_ws/build/ZerionURDFV5cp_description:/home/mikks/ros2_ws/install/ZerionURDFV5cp_description/lib/python3.12/site-packages:/home/mikks/crazyflie_mapping_demo/ros2_ws/install/velocity_free_consensus/lib/python3.12/site-packages:/home/mikks/crazyflie_mapping_demo/ros2_ws/install/stepwise_lowpos/lib/python3.12/site-packages:/home/mikks/crazyflie_mapping_demo/ros2_ws/install/step_wise_lowpos/lib/python3.12/site-packages:/home/mikks/crazyflie_mapping_demo/ros2_ws/install/second_order_formation_control/lib/python3.12/site-packages:/home/mikks/crazyflie_mapping_demo/ros2_ws/install/ros_gz_crazyflie_control/lib/python3.12/site-packages:/home/mikks/crazyflie_mapping_demo/ros2_ws/install/mixed_fractional_consensus/lib/python3.12/site-packages:/home/mikks/crazyflie_mapping_demo/ros2_ws/install/lowest_pos/lib/python3.12/site-packages:/home/mikks/crazyflie_mapping_demo/ros2_ws/install/linear_consensus/lib/python3.12/site-packages:/home/mikks/crazyflie_mapping_demo/ros2_ws/install/highest_pos/lib/python3.12/site-packages:/home/mikks/crazyflie_mapping_demo/ros2_ws/install/fractional_consensus_alpha/lib/python3.12/site-packages:/home/mikks/crazyflie_mapping_demo/ros2_ws/install/event_triggered_swarm/lib/python3.12/site-packages:/home/mikks/crazyflie_mapping_demo/ros2_ws/install/drone_logger/lib/python3.12/site-packages:/home/mikks/crazyflie_mapping_demo/ros2_ws/install/distributed_average_tracking/lib/python3.12/site-packages:/home/mikks/crazyflie_mapping_demo/ros2_ws/install/crazyflie_swarm_logic/lib/python3.12/site-packages:/home/mikks/crazyflie_mapping_demo/ros2_ws/install/crazyflie_sim/lib/python3.12/site-packages:/home/mikks/crazyflie_mapping_demo/ros2_ws/install/crazyflie_ros2_multiranger_wall_following/lib/python3.12/site-packages:/home/mikks/crazyflie_mapping_demo/ros2_ws/install/crazyflie_ros2_multiranger_simple_mapper/lib/python3.12/site-packages:/home/mikks/crazyflie_mapping_demo/ros2_ws/install/crazyflie_examples/lib/python3.12/site-packages:/home/mikks/crazyflie_mapping_demo/ros2_ws/install/crazyflie_py/lib/python3.12/site-packages:/home/mikks/crazyflie_mapping_demo/ros2_ws/install/crazyflie_interfaces/lib/python3.12/site-packages:/home/mikks/crazyflie_mapping_demo/ros2_ws/install/cooperative_target_centric_formation/lib/python3.12/site-packages:/home/mikks/crazyflie_mapping_demo/ros2_ws/install/containment_using_agent_information/lib/python3.12/site-packages:/home/mikks/crazyflie_mapping_demo/ros2_ws/install/consensus_for_double_integrator/lib/python3.12/site-packages:/home/mikks/crazyflie_mapping_demo/ros2_ws/install/consensus_alignment/lib/python3.12/site-packages:/home/mikks/crazyflie_mapping_demo/ros2_ws/install/binary_consensus/lib/python3.12/site-packages:/home/mikks/crazyflie_mapping_demo/ros2_ws/install/Second_Order_Min_Consensus_for_Heterogeneous_Agents/lib/python3.12/site-packages:/home/mikks/crazyflie_mapping_demo/ros2_ws/install/BinaryContainmentChain/lib/python3.12/site-packages:/opt/ros/jazzy/lib/python3.12/site-packages /usr/bin/python3 -W ignore:setup.py install is deprecated -W ignore:easy_install command is deprecated setup.py develop --editable --build-directory /home/mikks/ros2_px4_ws/build/x500_hover_controller/build --no-deps symlink_data
[4.342s] Level 1:colcon.colcon_core.environment:create_environment_scripts_only(px4_ros2_py)
[4.342s] Level 1:colcon.colcon_core.environment:checking '/home/mikks/ros2_px4_ws/install/px4_ros2_py' for CMake module files
[4.343s] DEBUG:colcon.colcon_core.event_handler.log_command:Invoked command in '/home/mikks/ros2_px4_ws/build/px4_ros2_py' returned '0': CMAKE_PREFIX_PATH=/home/mikks/ros2_px4_ws/install/px4_ros2_cpp:/home/mikks/ros2_px4_ws/install/px4_msgs:/home/mikks/ros2_px4_ws/install/px4_ros_com:/home/mikks/ros2_px4_ws/install/px4_ros2_py:/home/mikks/ros2_px4_ws/install/example_rover_velocity_mode_cpp:/home/mikks/ros2_px4_ws/install/example_mode_with_executor_cpp:/home/mikks/ros2_px4_ws/install/example_mode_vtol_cpp:/home/mikks/ros2_px4_ws/install/example_mode_rtl_replacement_cpp:/home/mikks/ros2_px4_ws/install/example_mode_mission_cpp:/home/mikks/ros2_px4_ws/install/example_mode_manual_cpp:/home/mikks/ros2_px4_ws/install/example_mode_goto_global_cpp:/home/mikks/ros2_px4_ws/install/example_mode_goto_cpp:/home/mikks/ros2_px4_ws/install/example_mode_fw_attitude_cpp:/home/mikks/ros2_px4_ws/install/example_local_navigation_cpp:/home/mikks/ros2_px4_ws/install/example_global_navigation_cpp:/home/mikks/ros2_px4_ws/install/example_executor_with_multiple_modes_cpp:/home/mikks/crazyflie_mapping_demo/ros2_ws/install/crazyflie_ros2_multiranger_bringup:/home/mikks/crazyflie_mapping_demo/ros2_ws/install/ros_gz_crazyflie_bringup:/home/mikks/crazyflie_mapping_demo/ros2_ws/install/ros_gz_crazyflie_gazebo:/home/mikks/crazyflie_mapping_demo/ros2_ws/install/crazyflie_sim:/home/mikks/crazyflie_mapping_demo/ros2_ws/install/crazyflie_examples:/home/mikks/crazyflie_mapping_demo/ros2_ws/install/crazyflie:/home/mikks/crazyflie_mapping_demo/ros2_ws/install/crazyflie_interfaces:/opt/ros/jazzy/opt/gz_sim_vendor:/opt/ros/jazzy/opt/gz_sensors_vendor:/opt/ros/jazzy/opt/gz_physics_vendor:/opt/ros/jazzy/opt/sdformat_vendor:/opt/ros/jazzy/opt/gz_gui_vendor:/opt/ros/jazzy/opt/gz_transport_vendor:/opt/ros/jazzy/opt/gz_rendering_vendor:/opt/ros/jazzy/opt/gz_plugin_vendor:/opt/ros/jazzy/opt/gz_fuel_tools_vendor:/opt/ros/jazzy/opt/gz_msgs_vendor:/opt/ros/jazzy/opt/gz_common_vendor:/opt/ros/jazzy/opt/gz_math_vendor:/opt/ros/jazzy/opt/gz_utils_vendor:/opt/ros/jazzy/opt/gz_tools_vendor:/opt/ros/jazzy/opt/gz_ogre_next_vendor:/opt/ros/jazzy/opt/gz_dartsim_vendor:/opt/ros/jazzy/opt/gz_cmake_vendor:/home/mikks/ros2_px4_ws/install/x500_hover_controller:/home/mikks/ros2_px4_ws/install/example_mode_with_rclpy_py:/home/mikks/ros2_px4_ws/install/example_mode_goto_py:/home/mikks/ros2_px4_ws/install/px4_actuator_ctrl:/home/mikks/ros2_ws/install/rover_desc_description:/home/mikks/ros2_ws/install/px4_actuator_ctrl:/home/mikks/ros2_ws/install/mine_rover_description:/home/mikks/ros2_ws/install/ZerionURDFV5cp_description:/home/mikks/crazyflie_mapping_demo/ros2_ws/install/velocity_free_consensus:/home/mikks/crazyflie_mapping_demo/ros2_ws/install/stepwise_lowpos:/home/mikks/crazyflie_mapping_demo/ros2_ws/install/step_wise_lowpos:/home/mikks/crazyflie_mapping_demo/ros2_ws/install/second_order_formation_control:/home/mikks/crazyflie_mapping_demo/ros2_ws/install/ros_gz_crazyflie_control:/home/mikks/crazyflie_mapping_demo/ros2_ws/install/mixed_fractional_consensus:/home/mikks/crazyflie_mapping_demo/ros2_ws/install/lowest_pos:/home/mikks/crazyflie_mapping_demo/ros2_ws/install/linear_consensus:/home/mikks/crazyflie_mapping_demo/ros2_ws/install/highest_pos:/home/mikks/crazyflie_mapping_demo/ros2_ws/install/fractional_consensus_alpha:/home/mikks/crazyflie_mapping_demo/ros2_ws/install/event_triggered_swarm:/home/mikks/crazyflie_mapping_demo/ros2_ws/install/drone_logger:/home/mikks/crazyflie_mapping_demo/ros2_ws/install/distributed_average_tracking:/home/mikks/crazyflie_mapping_demo/ros2_ws/install/crazyflie_swarm_logic:/home/mikks/crazyflie_mapping_demo/ros2_ws/install/crazyflie_ros2_multiranger_wall_following:/home/mikks/crazyflie_mapping_demo/ros2_ws/install/crazyflie_ros2_multiranger_simple_mapper:/home/mikks/crazyflie_mapping_demo/ros2_ws/install/crazyflie_py:/home/mikks/crazyflie_mapping_demo/ros2_ws/install/cooperative_target_centric_formation:/home/mikks/crazyflie_mapping_demo/ros2_ws/install/containment_using_agent_information:/home/mikks/crazyflie_mapping_demo/ros2_ws/install/consensus_for_double_integrator:/home/mikks/crazyflie_mapping_demo/ros2_ws/install/consensus_alignment:/home/mikks/crazyflie_mapping_demo/ros2_ws/install/binary_consensus:/home/mikks/crazyflie_mapping_demo/ros2_ws/install/Second_Order_Min_Consensus_for_Heterogeneous_Agents:/home/mikks/crazyflie_mapping_demo/ros2_ws/install/BinaryContainmentChain:/opt/ros/jazzy DEBUGINFOD_URLS=https://debuginfod.ubuntu.com LD_LIBRARY_PATH=/home/mikks/ros2_px4_ws/install/px4_ros2_cpp/lib:/home/mikks/ros2_px4_ws/install/px4_msgs/lib:/home/mikks/ros2_px4_ws/install/px4_ros_com/lib:/home/mikks/NatNet_SDK_4.3_ubuntu/lib:/home/mikks/crazyflie_mapping_demo/ros2_ws/install/crazyflie_interfaces/lib:/opt/ros/jazzy/opt/gz_sim_vendor/lib:/opt/ros/jazzy/opt/gz_sensors_vendor/lib:/opt/ros/jazzy/opt/gz_physics_vendor/lib:/opt/ros/jazzy/opt/sdformat_vendor/lib:/opt/ros/jazzy/opt/rviz_ogre_vendor/lib:/opt/ros/jazzy/lib/x86_64-linux-gnu:/opt/ros/jazzy/opt/gz_gui_vendor/lib:/opt/ros/jazzy/opt/gz_transport_vendor/lib:/opt/ros/jazzy/opt/gz_rendering_vendor/lib:/opt/ros/jazzy/opt/gz_plugin_vendor/lib:/opt/ros/jazzy/opt/gz_fuel_tools_vendor/lib:/opt/ros/jazzy/opt/gz_msgs_vendor/lib:/opt/ros/jazzy/opt/gz_common_vendor/lib:/opt/ros/jazzy/opt/gz_math_vendor/lib:/opt/ros/jazzy/opt/gz_utils_vendor/lib:/opt/ros/jazzy/opt/gz_tools_vendor/lib:/opt/ros/jazzy/opt/gz_ogre_next_vendor/lib:/opt/ros/jazzy/opt/gz_dartsim_vendor/lib:/opt/ros/jazzy/opt/gz_cmake_vendor/lib:/opt/ros/jazzy/lib PYTHONPATH=/home/mikks/ros2_px4_ws/install/px4_msgs/lib/python3.12/site-packages:/home/mikks/ros2_px4_ws/build/x500_hover_controller:/home/mikks/ros2_px4_ws/install/x500_hover_controller/lib/python3.12/site-packages:/home/mikks/ros2_px4_ws/install/px4_ros_com/lib/python3.12/site-packages:/home/mikks/ros2_px4_ws/build/example_mode_with_rclpy_py:/home/mikks/ros2_px4_ws/install/example_mode_with_rclpy_py/lib/python3.12/site-packages:/home/mikks/ros2_px4_ws/build/example_mode_goto_py:/home/mikks/ros2_px4_ws/install/example_mode_goto_py/lib/python3.12/site-packages:/home/mikks/ros2_px4_ws/install/px4_ros2_py/lib/python3.12/site-packages:/home/mikks/ros2_px4_ws/build/px4_actuator_ctrl:/home/mikks/ros2_px4_ws/install/px4_actuator_ctrl/lib/python3.12/site-packages:/home/mikks/ros2_ws/build/rover_desc_description:/home/mikks/ros2_ws/install/rover_desc_description/lib/python3.12/site-packages:/home/mikks/ros2_ws/install/px4_actuator_ctrl/lib/python3.12/site-packages:/home/mikks/ros2_ws/build/mine_rover_description:/home/mikks/ros2_ws/install/mine_rover_description/lib/python3.12/site-packages:/home/mikks/ros2_ws/build/ZerionURDFV5cp_description:/home/mikks/ros2_ws/install/ZerionURDFV5cp_description/lib/python3.12/site-packages:/home/mikks/crazyflie_mapping_demo/ros2_ws/install/velocity_free_consensus/lib/python3.12/site-packages:/home/mikks/crazyflie_mapping_demo/ros2_ws/install/stepwise_lowpos/lib/python3.12/site-packages:/home/mikks/crazyflie_mapping_demo/ros2_ws/install/step_wise_lowpos/lib/python3.12/site-packages:/home/mikks/crazyflie_mapping_demo/ros2_ws/install/second_order_formation_control/lib/python3.12/site-packages:/home/mikks/crazyflie_mapping_demo/ros2_ws/install/ros_gz_crazyflie_control/lib/python3.12/site-packages:/home/mikks/crazyflie_mapping_demo/ros2_ws/install/mixed_fractional_consensus/lib/python3.12/site-packages:/home/mikks/crazyflie_mapping_demo/ros2_ws/install/lowest_pos/lib/python3.12/site-packages:/home/mikks/crazyflie_mapping_demo/ros2_ws/install/linear_consensus/lib/python3.12/site-packages:/home/mikks/crazyflie_mapping_demo/ros2_ws/install/highest_pos/lib/python3.12/site-packages:/home/mikks/crazyflie_mapping_demo/ros2_ws/install/fractional_consensus_alpha/lib/python3.12/site-packages:/home/mikks/crazyflie_mapping_demo/ros2_ws/install/event_triggered_swarm/lib/python3.12/site-packages:/home/mikks/crazyflie_mapping_demo/ros2_ws/install/drone_logger/lib/python3.12/site-packages:/home/mikks/crazyflie_mapping_demo/ros2_ws/install/distributed_average_tracking/lib/python3.12/site-packages:/home/mikks/crazyflie_mapping_demo/ros2_ws/install/crazyflie_swarm_logic/lib/python3.12/site-packages:/home/mikks/crazyflie_mapping_demo/ros2_ws/install/crazyflie_sim/lib/python3.12/site-packages:/home/mikks/crazyflie_mapping_demo/ros2_ws/install/crazyflie_ros2_multiranger_wall_following/lib/python3.12/site-packages:/home/mikks/crazyflie_mapping_demo/ros2_ws/install/crazyflie_ros2_multiranger_simple_mapper/lib/python3.12/site-packages:/home/mikks/crazyflie_mapping_demo/ros2_ws/install/crazyflie_examples/lib/python3.12/site-packages:/home/mikks/crazyflie_mapping_demo/ros2_ws/install/crazyflie_py/lib/python3.12/site-packages:/home/mikks/crazyflie_mapping_demo/ros2_ws/install/crazyflie_interfaces/lib/python3.12/site-packages:/home/mikks/crazyflie_mapping_demo/ros2_ws/install/cooperative_target_centric_formation/lib/python3.12/site-packages:/home/mikks/crazyflie_mapping_demo/ros2_ws/install/containment_using_agent_information/lib/python3.12/site-packages:/home/mikks/crazyflie_mapping_demo/ros2_ws/install/consensus_for_double_integrator/lib/python3.12/site-packages:/home/mikks/crazyflie_mapping_demo/ros2_ws/install/consensus_alignment/lib/python3.12/site-packages:/home/mikks/crazyflie_mapping_demo/ros2_ws/install/binary_consensus/lib/python3.12/site-packages:/home/mikks/crazyflie_mapping_demo/ros2_ws/install/Second_Order_Min_Consensus_for_Heterogeneous_Agents/lib/python3.12/site-packages:/home/mikks/crazyflie_mapping_demo/ros2_ws/install/BinaryContainmentChain/lib/python3.12/site-packages:/opt/ros/jazzy/lib/python3.12/site-packages /usr/bin/cmake --install /home/mikks/ros2_px4_ws/build/px4_ros2_py
[4.343s] Level 1:colcon.colcon_core.environment:checking '/home/mikks/ros2_px4_ws/install/px4_ros2_py' for CMake config files
[4.343s] Level 1:colcon.colcon_core.shell:create_environment_hook('px4_ros2_py', 'cmake_prefix_path')
[4.344s] INFO:colcon.colcon_core.shell:Creating environment hook '/home/mikks/ros2_px4_ws/install/px4_ros2_py/share/px4_ros2_py/hook/cmake_prefix_path.ps1'
[4.344s] INFO:colcon.colcon_core.shell:Creating environment descriptor '/home/mikks/ros2_px4_ws/install/px4_ros2_py/share/px4_ros2_py/hook/cmake_prefix_path.dsv'
[4.344s] INFO:colcon.colcon_core.shell:Creating environment hook '/home/mikks/ros2_px4_ws/install/px4_ros2_py/share/px4_ros2_py/hook/cmake_prefix_path.sh'
[4.345s] Level 1:colcon.colcon_core.environment:checking '/home/mikks/ros2_px4_ws/install/px4_ros2_py/lib'
[4.345s] Level 1:colcon.colcon_core.environment:checking '/home/mikks/ros2_px4_ws/install/px4_ros2_py/bin'
[4.345s] Level 1:colcon.colcon_core.environment:checking '/home/mikks/ros2_px4_ws/install/px4_ros2_py/lib/pkgconfig/px4_ros2_py.pc'
[4.345s] Level 1:colcon.colcon_core.environment:checking '/home/mikks/ros2_px4_ws/install/px4_ros2_py/lib/python3.12/site-packages'
[4.346s] Level 1:colcon.colcon_core.shell:create_environment_hook('px4_ros2_py', 'pythonpath')
[4.346s] INFO:colcon.colcon_core.shell:Creating environment hook '/home/mikks/ros2_px4_ws/install/px4_ros2_py/share/px4_ros2_py/hook/pythonpath.ps1'
[4.346s] INFO:colcon.colcon_core.shell:Creating environment descriptor '/home/mikks/ros2_px4_ws/install/px4_ros2_py/share/px4_ros2_py/hook/pythonpath.dsv'
[4.346s] INFO:colcon.colcon_core.shell:Creating environment hook '/home/mikks/ros2_px4_ws/install/px4_ros2_py/share/px4_ros2_py/hook/pythonpath.sh'
[4.347s] Level 1:colcon.colcon_core.environment:checking '/home/mikks/ros2_px4_ws/install/px4_ros2_py/bin'
[4.347s] INFO:colcon.colcon_core.shell:Creating package script '/home/mikks/ros2_px4_ws/install/px4_ros2_py/share/px4_ros2_py/package.ps1'
[4.347s] INFO:colcon.colcon_core.shell:Creating package descriptor '/home/mikks/ros2_px4_ws/install/px4_ros2_py/share/px4_ros2_py/package.dsv'
[4.348s] INFO:colcon.colcon_core.shell:Creating package script '/home/mikks/ros2_px4_ws/install/px4_ros2_py/share/px4_ros2_py/package.sh'
[4.348s] INFO:colcon.colcon_core.shell:Creating package script '/home/mikks/ros2_px4_ws/install/px4_ros2_py/share/px4_ros2_py/package.bash'
[4.348s] INFO:colcon.colcon_core.shell:Creating package script '/home/mikks/ros2_px4_ws/install/px4_ros2_py/share/px4_ros2_py/package.zsh'
[4.349s] Level 1:colcon.colcon_core.environment:create_file_with_runtime_dependencies(/home/mikks/ros2_px4_ws/install/px4_ros2_py/share/colcon-core/packages/px4_ros2_py)
[4.349s] Level 1:colcon.colcon_core.environment:create_environment_scripts_only(px4_ros2_py)
[4.349s] Level 1:colcon.colcon_core.environment:checking '/home/mikks/ros2_px4_ws/install/px4_ros2_py' for CMake module files
[4.350s] Level 1:colcon.colcon_core.environment:checking '/home/mikks/ros2_px4_ws/install/px4_ros2_py' for CMake config files
[4.350s] Level 1:colcon.colcon_core.shell:create_environment_hook('px4_ros2_py', 'cmake_prefix_path')
[4.350s] INFO:colcon.colcon_core.shell:Creating environment hook '/home/mikks/ros2_px4_ws/install/px4_ros2_py/share/px4_ros2_py/hook/cmake_prefix_path.ps1'
[4.351s] INFO:colcon.colcon_core.shell:Creating environment descriptor '/home/mikks/ros2_px4_ws/install/px4_ros2_py/share/px4_ros2_py/hook/cmake_prefix_path.dsv'
[4.351s] INFO:colcon.colcon_core.shell:Creating environment hook '/home/mikks/ros2_px4_ws/install/px4_ros2_py/share/px4_ros2_py/hook/cmake_prefix_path.sh'
[4.352s] Level 1:colcon.colcon_core.environment:checking '/home/mikks/ros2_px4_ws/install/px4_ros2_py/lib'
[4.352s] Level 1:colcon.colcon_core.environment:checking '/home/mikks/ros2_px4_ws/install/px4_ros2_py/bin'
[4.352s] Level 1:colcon.colcon_core.environment:checking '/home/mikks/ros2_px4_ws/install/px4_ros2_py/lib/pkgconfig/px4_ros2_py.pc'
[4.352s] Level 1:colcon.colcon_core.environment:checking '/home/mikks/ros2_px4_ws/install/px4_ros2_py/lib/python3.12/site-packages'
[4.352s] Level 1:colcon.colcon_core.shell:create_environment_hook('px4_ros2_py', 'pythonpath')
[4.352s] INFO:colcon.colcon_core.shell:Creating environment hook '/home/mikks/ros2_px4_ws/install/px4_ros2_py/share/px4_ros2_py/hook/pythonpath.ps1'
[4.352s] INFO:colcon.colcon_core.shell:Creating environment descriptor '/home/mikks/ros2_px4_ws/install/px4_ros2_py/share/px4_ros2_py/hook/pythonpath.dsv'
[4.353s] INFO:colcon.colcon_core.shell:Creating environment hook '/home/mikks/ros2_px4_ws/install/px4_ros2_py/share/px4_ros2_py/hook/pythonpath.sh'
[4.353s] Level 1:colcon.colcon_core.environment:checking '/home/mikks/ros2_px4_ws/install/px4_ros2_py/bin'
[4.354s] INFO:colcon.colcon_core.shell:Creating package script '/home/mikks/ros2_px4_ws/install/px4_ros2_py/share/px4_ros2_py/package.ps1'
[4.354s] INFO:colcon.colcon_core.shell:Creating package descriptor '/home/mikks/ros2_px4_ws/install/px4_ros2_py/share/px4_ros2_py/package.dsv'
[4.355s] INFO:colcon.colcon_core.shell:Creating package script '/home/mikks/ros2_px4_ws/install/px4_ros2_py/share/px4_ros2_py/package.sh'
[4.355s] INFO:colcon.colcon_core.shell:Creating package script '/home/mikks/ros2_px4_ws/install/px4_ros2_py/share/px4_ros2_py/package.bash'
[4.356s] INFO:colcon.colcon_core.shell:Creating package script '/home/mikks/ros2_px4_ws/install/px4_ros2_py/share/px4_ros2_py/package.zsh'
[4.356s] Level 1:colcon.colcon_core.environment:create_file_with_runtime_dependencies(/home/mikks/ros2_px4_ws/install/px4_ros2_py/share/colcon-core/packages/px4_ros2_py)
[4.356s] INFO:colcon.colcon_ros.task.ament_python.build:Building ROS package in '/home/mikks/ros2_px4_ws/src/px4-ros2-interface-lib/examples/python/modes/goto' with build type 'ament_python'
[4.356s] Level 1:colcon.colcon_core.shell:create_environment_hook('example_mode_goto_py', 'ament_prefix_path')
[4.357s] INFO:colcon.colcon_core.shell:Creating environment hook '/home/mikks/ros2_px4_ws/install/example_mode_goto_py/share/example_mode_goto_py/hook/ament_prefix_path.ps1'
[4.357s] INFO:colcon.colcon_core.shell:Creating environment descriptor '/home/mikks/ros2_px4_ws/install/example_mode_goto_py/share/example_mode_goto_py/hook/ament_prefix_path.dsv'
[4.358s] INFO:colcon.colcon_core.shell:Creating environment hook '/home/mikks/ros2_px4_ws/install/example_mode_goto_py/share/example_mode_goto_py/hook/ament_prefix_path.sh'
[4.358s] INFO:colcon.colcon_core.shell:Skip shell extension 'powershell' for command environment: Not usable outside of PowerShell
[4.358s] DEBUG:colcon.colcon_core.shell:Skip shell extension 'dsv' for command environment
[4.366s] INFO:colcon.colcon_ros.task.ament_python.build:Building ROS package in '/home/mikks/ros2_px4_ws/src/px4-ros2-interface-lib/examples/python/modes/goto_with_rclpy' with build type 'ament_python'
[4.366s] Level 1:colcon.colcon_core.shell:create_environment_hook('example_mode_with_rclpy_py', 'ament_prefix_path')
[4.367s] INFO:colcon.colcon_core.shell:Creating environment hook '/home/mikks/ros2_px4_ws/install/example_mode_with_rclpy_py/share/example_mode_with_rclpy_py/hook/ament_prefix_path.ps1'
[4.367s] INFO:colcon.colcon_core.shell:Creating environment descriptor '/home/mikks/ros2_px4_ws/install/example_mode_with_rclpy_py/share/example_mode_with_rclpy_py/hook/ament_prefix_path.dsv'
[4.368s] INFO:colcon.colcon_core.shell:Creating environment hook '/home/mikks/ros2_px4_ws/install/example_mode_with_rclpy_py/share/example_mode_with_rclpy_py/hook/ament_prefix_path.sh'
[4.368s] INFO:colcon.colcon_core.shell:Skip shell extension 'powershell' for command environment: Not usable outside of PowerShell
[4.368s] DEBUG:colcon.colcon_core.shell:Skip shell extension 'dsv' for command environment
[4.636s] INFO:colcon.colcon_core.task.python.build:Building Python package in '/home/mikks/ros2_px4_ws/src/px4-ros2-interface-lib/examples/python/modes/goto'
[4.636s] INFO:colcon.colcon_core.shell:Skip shell extension 'powershell' for command environment: Not usable outside of PowerShell
[4.636s] DEBUG:colcon.colcon_core.shell:Skip shell extension 'dsv' for command environment
[4.645s] DEBUG:colcon.colcon_core.event_handler.log_command:Invoking command in '/home/mikks/ros2_px4_ws/build/px4_actuator_ctrl': CMAKE_PREFIX_PATH=/home/mikks/ros2_px4_ws/install/px4_msgs:/home/mikks/ros2_px4_ws/install/px4_ros_com:/home/mikks/ros2_px4_ws/install/px4_ros2_py:/home/mikks/ros2_px4_ws/install/example_rover_velocity_mode_cpp:/home/mikks/ros2_px4_ws/install/example_mode_with_executor_cpp:/home/mikks/ros2_px4_ws/install/example_mode_vtol_cpp:/home/mikks/ros2_px4_ws/install/example_mode_rtl_replacement_cpp:/home/mikks/ros2_px4_ws/install/example_mode_mission_cpp:/home/mikks/ros2_px4_ws/install/example_mode_manual_cpp:/home/mikks/ros2_px4_ws/install/example_mode_goto_global_cpp:/home/mikks/ros2_px4_ws/install/example_mode_goto_cpp:/home/mikks/ros2_px4_ws/install/example_mode_fw_attitude_cpp:/home/mikks/ros2_px4_ws/install/example_local_navigation_cpp:/home/mikks/ros2_px4_ws/install/example_global_navigation_cpp:/home/mikks/ros2_px4_ws/install/example_executor_with_multiple_modes_cpp:/home/mikks/ros2_px4_ws/install/px4_ros2_cpp:/home/mikks/crazyflie_mapping_demo/ros2_ws/install/crazyflie_ros2_multiranger_bringup:/home/mikks/crazyflie_mapping_demo/ros2_ws/install/ros_gz_crazyflie_bringup:/home/mikks/crazyflie_mapping_demo/ros2_ws/install/ros_gz_crazyflie_gazebo:/home/mikks/crazyflie_mapping_demo/ros2_ws/install/crazyflie_sim:/home/mikks/crazyflie_mapping_demo/ros2_ws/install/crazyflie_examples:/home/mikks/crazyflie_mapping_demo/ros2_ws/install/crazyflie:/home/mikks/crazyflie_mapping_demo/ros2_ws/install/crazyflie_interfaces:/opt/ros/jazzy/opt/gz_sim_vendor:/opt/ros/jazzy/opt/gz_sensors_vendor:/opt/ros/jazzy/opt/gz_physics_vendor:/opt/ros/jazzy/opt/sdformat_vendor:/opt/ros/jazzy/opt/gz_gui_vendor:/opt/ros/jazzy/opt/gz_transport_vendor:/opt/ros/jazzy/opt/gz_rendering_vendor:/opt/ros/jazzy/opt/gz_plugin_vendor:/opt/ros/jazzy/opt/gz_fuel_tools_vendor:/opt/ros/jazzy/opt/gz_msgs_vendor:/opt/ros/jazzy/opt/gz_common_vendor:/opt/ros/jazzy/opt/gz_math_vendor:/opt/ros/jazzy/opt/gz_utils_vendor:/opt/ros/jazzy/opt/gz_tools_vendor:/opt/ros/jazzy/opt/gz_ogre_next_vendor:/opt/ros/jazzy/opt/gz_dartsim_vendor:/opt/ros/jazzy/opt/gz_cmake_vendor DEBUGINFOD_URLS=https://debuginfod.ubuntu.com LD_LIBRARY_PATH=/home/mikks/ros2_px4_ws/install/px4_msgs/lib:/home/mikks/ros2_px4_ws/install/px4_ros_com/lib:/home/mikks/ros2_px4_ws/install/px4_ros2_cpp/lib:/home/mikks/NatNet_SDK_4.3_ubuntu/lib:/home/mikks/crazyflie_mapping_demo/ros2_ws/install/crazyflie_interfaces/lib:/opt/ros/jazzy/opt/gz_sim_vendor/lib:/opt/ros/jazzy/opt/gz_sensors_vendor/lib:/opt/ros/jazzy/opt/gz_physics_vendor/lib:/opt/ros/jazzy/opt/sdformat_vendor/lib:/opt/ros/jazzy/opt/rviz_ogre_vendor/lib:/opt/ros/jazzy/lib/x86_64-linux-gnu:/opt/ros/jazzy/opt/gz_gui_vendor/lib:/opt/ros/jazzy/opt/gz_transport_vendor/lib:/opt/ros/jazzy/opt/gz_rendering_vendor/lib:/opt/ros/jazzy/opt/gz_plugin_vendor/lib:/opt/ros/jazzy/opt/gz_fuel_tools_vendor/lib:/opt/ros/jazzy/opt/gz_msgs_vendor/lib:/opt/ros/jazzy/opt/gz_common_vendor/lib:/opt/ros/jazzy/opt/gz_math_vendor/lib:/opt/ros/jazzy/opt/gz_utils_vendor/lib:/opt/ros/jazzy/opt/gz_tools_vendor/lib:/opt/ros/jazzy/opt/gz_ogre_next_vendor/lib:/opt/ros/jazzy/opt/gz_dartsim_vendor/lib:/opt/ros/jazzy/opt/gz_cmake_vendor/lib:/opt/ros/jazzy/lib PYTHONPATH=/home/mikks/ros2_px4_ws/build/px4_actuator_ctrl/prefix_override:/usr/lib/python3/dist-packages/colcon_core/task/python/colcon_distutils_commands:/home/mikks/ros2_px4_ws/install/px4_actuator_ctrl/lib/python3.12/site-packages:/home/mikks/ros2_px4_ws/install/px4_msgs/lib/python3.12/site-packages:/home/mikks/ros2_px4_ws/build/x500_hover_controller:/home/mikks/ros2_px4_ws/install/x500_hover_controller/lib/python3.12/site-packages:/home/mikks/ros2_px4_ws/install/px4_ros_com/lib/python3.12/site-packages:/home/mikks/ros2_px4_ws/build/example_mode_with_rclpy_py:/home/mikks/ros2_px4_ws/install/example_mode_with_rclpy_py/lib/python3.12/site-packages:/home/mikks/ros2_px4_ws/build/example_mode_goto_py:/home/mikks/ros2_px4_ws/install/example_mode_goto_py/lib/python3.12/site-packages:/home/mikks/ros2_px4_ws/install/px4_ros2_py/lib/python3.12/site-packages:/home/mikks/ros2_px4_ws/build/px4_actuator_ctrl:/home/mikks/ros2_px4_ws/install/px4_actuator_ctrl/lib/python3.12/site-packages:/home/mikks/ros2_ws/build/rover_desc_description:/home/mikks/ros2_ws/install/rover_desc_description/lib/python3.12/site-packages:/home/mikks/ros2_ws/install/px4_actuator_ctrl/lib/python3.12/site-packages:/home/mikks/ros2_ws/build/mine_rover_description:/home/mikks/ros2_ws/install/mine_rover_description/lib/python3.12/site-packages:/home/mikks/ros2_ws/build/ZerionURDFV5cp_description:/home/mikks/ros2_ws/install/ZerionURDFV5cp_description/lib/python3.12/site-packages:/home/mikks/crazyflie_mapping_demo/ros2_ws/install/velocity_free_consensus/lib/python3.12/site-packages:/home/mikks/crazyflie_mapping_demo/ros2_ws/install/stepwise_lowpos/lib/python3.12/site-packages:/home/mikks/crazyflie_mapping_demo/ros2_ws/install/step_wise_lowpos/lib/python3.12/site-packages:/home/mikks/crazyflie_mapping_demo/ros2_ws/install/second_order_formation_control/lib/python3.12/site-packages:/home/mikks/crazyflie_mapping_demo/ros2_ws/install/ros_gz_crazyflie_control/lib/python3.12/site-packages:/home/mikks/crazyflie_mapping_demo/ros2_ws/install/mixed_fractional_consensus/lib/python3.12/site-packages:/home/mikks/crazyflie_mapping_demo/ros2_ws/install/lowest_pos/lib/python3.12/site-packages:/home/mikks/crazyflie_mapping_demo/ros2_ws/install/linear_consensus/lib/python3.12/site-packages:/home/mikks/crazyflie_mapping_demo/ros2_ws/install/highest_pos/lib/python3.12/site-packages:/home/mikks/crazyflie_mapping_demo/ros2_ws/install/fractional_consensus_alpha/lib/python3.12/site-packages:/home/mikks/crazyflie_mapping_demo/ros2_ws/install/event_triggered_swarm/lib/python3.12/site-packages:/home/mikks/crazyflie_mapping_demo/ros2_ws/install/drone_logger/lib/python3.12/site-packages:/home/mikks/crazyflie_mapping_demo/ros2_ws/install/distributed_average_tracking/lib/python3.12/site-packages:/home/mikks/crazyflie_mapping_demo/ros2_ws/install/crazyflie_swarm_logic/lib/python3.12/site-packages:/home/mikks/crazyflie_mapping_demo/ros2_ws/install/crazyflie_sim/lib/python3.12/site-packages:/home/mikks/crazyflie_mapping_demo/ros2_ws/install/crazyflie_ros2_multiranger_wall_following/lib/python3.12/site-packages:/home/mikks/crazyflie_mapping_demo/ros2_ws/install/crazyflie_ros2_multiranger_simple_mapper/lib/python3.12/site-packages:/home/mikks/crazyflie_mapping_demo/ros2_ws/install/crazyflie_examples/lib/python3.12/site-packages:/home/mikks/crazyflie_mapping_demo/ros2_ws/install/crazyflie_py/lib/python3.12/site-packages:/home/mikks/crazyflie_mapping_demo/ros2_ws/install/crazyflie_interfaces/lib/python3.12/site-packages:/home/mikks/crazyflie_mapping_demo/ros2_ws/install/cooperative_target_centric_formation/lib/python3.12/site-packages:/home/mikks/crazyflie_mapping_demo/ros2_ws/install/containment_using_agent_information/lib/python3.12/site-packages:/home/mikks/crazyflie_mapping_demo/ros2_ws/install/consensus_for_double_integrator/lib/python3.12/site-packages:/home/mikks/crazyflie_mapping_demo/ros2_ws/install/consensus_alignment/lib/python3.12/site-packages:/home/mikks/crazyflie_mapping_demo/ros2_ws/install/binary_consensus/lib/python3.12/site-packages:/home/mikks/crazyflie_mapping_demo/ros2_ws/install/Second_Order_Min_Consensus_for_Heterogeneous_Agents/lib/python3.12/site-packages:/home/mikks/crazyflie_mapping_demo/ros2_ws/install/BinaryContainmentChain/lib/python3.12/site-packages:/opt/ros/jazzy/lib/python3.12/site-packages /usr/bin/python3 -W ignore:setup.py install is deprecated -W ignore:easy_install command is deprecated setup.py develop --editable --build-directory /home/mikks/ros2_px4_ws/build/px4_actuator_ctrl/build --no-deps symlink_data
[4.892s] INFO:colcon.colcon_core.task.python.build:Building Python package in '/home/mikks/ros2_px4_ws/src/px4-ros2-interface-lib/examples/python/modes/goto_with_rclpy'
[4.892s] INFO:colcon.colcon_core.shell:Skip shell extension 'powershell' for command environment: Not usable outside of PowerShell
[4.892s] DEBUG:colcon.colcon_core.shell:Skip shell extension 'dsv' for command environment
[5.146s] Level 1:colcon.colcon_core.shell:create_environment_hook('x500_hover_controller', 'pythonpath_develop')
[5.146s] INFO:colcon.colcon_core.shell:Creating environment hook '/home/mikks/ros2_px4_ws/build/x500_hover_controller/share/x500_hover_controller/hook/pythonpath_develop.ps1'
[5.147s] DEBUG:colcon.colcon_core.event_handler.log_command:Invoked command in '/home/mikks/ros2_px4_ws/build/x500_hover_controller' returned '0': CMAKE_PREFIX_PATH=/home/mikks/ros2_px4_ws/install/px4_msgs:/home/mikks/ros2_px4_ws/install/px4_ros_com:/home/mikks/ros2_px4_ws/install/px4_ros2_py:/home/mikks/ros2_px4_ws/install/example_rover_velocity_mode_cpp:/home/mikks/ros2_px4_ws/install/example_mode_with_executor_cpp:/home/mikks/ros2_px4_ws/install/example_mode_vtol_cpp:/home/mikks/ros2_px4_ws/install/example_mode_rtl_replacement_cpp:/home/mikks/ros2_px4_ws/install/example_mode_mission_cpp:/home/mikks/ros2_px4_ws/install/example_mode_manual_cpp:/home/mikks/ros2_px4_ws/install/example_mode_goto_global_cpp:/home/mikks/ros2_px4_ws/install/example_mode_goto_cpp:/home/mikks/ros2_px4_ws/install/example_mode_fw_attitude_cpp:/home/mikks/ros2_px4_ws/install/example_local_navigation_cpp:/home/mikks/ros2_px4_ws/install/example_global_navigation_cpp:/home/mikks/ros2_px4_ws/install/example_executor_with_multiple_modes_cpp:/home/mikks/ros2_px4_ws/install/px4_ros2_cpp:/home/mikks/crazyflie_mapping_demo/ros2_ws/install/crazyflie_ros2_multiranger_bringup:/home/mikks/crazyflie_mapping_demo/ros2_ws/install/ros_gz_crazyflie_bringup:/home/mikks/crazyflie_mapping_demo/ros2_ws/install/ros_gz_crazyflie_gazebo:/home/mikks/crazyflie_mapping_demo/ros2_ws/install/crazyflie_sim:/home/mikks/crazyflie_mapping_demo/ros2_ws/install/crazyflie_examples:/home/mikks/crazyflie_mapping_demo/ros2_ws/install/crazyflie:/home/mikks/crazyflie_mapping_demo/ros2_ws/install/crazyflie_interfaces:/opt/ros/jazzy/opt/gz_sim_vendor:/opt/ros/jazzy/opt/gz_sensors_vendor:/opt/ros/jazzy/opt/gz_physics_vendor:/opt/ros/jazzy/opt/sdformat_vendor:/opt/ros/jazzy/opt/gz_gui_vendor:/opt/ros/jazzy/opt/gz_transport_vendor:/opt/ros/jazzy/opt/gz_rendering_vendor:/opt/ros/jazzy/opt/gz_plugin_vendor:/opt/ros/jazzy/opt/gz_fuel_tools_vendor:/opt/ros/jazzy/opt/gz_msgs_vendor:/opt/ros/jazzy/opt/gz_common_vendor:/opt/ros/jazzy/opt/gz_math_vendor:/opt/ros/jazzy/opt/gz_utils_vendor:/opt/ros/jazzy/opt/gz_tools_vendor:/opt/ros/jazzy/opt/gz_ogre_next_vendor:/opt/ros/jazzy/opt/gz_dartsim_vendor:/opt/ros/jazzy/opt/gz_cmake_vendor DEBUGINFOD_URLS=https://debuginfod.ubuntu.com LD_LIBRARY_PATH=/home/mikks/ros2_px4_ws/install/px4_msgs/lib:/home/mikks/ros2_px4_ws/install/px4_ros_com/lib:/home/mikks/ros2_px4_ws/install/px4_ros2_cpp/lib:/home/mikks/NatNet_SDK_4.3_ubuntu/lib:/home/mikks/crazyflie_mapping_demo/ros2_ws/install/crazyflie_interfaces/lib:/opt/ros/jazzy/opt/gz_sim_vendor/lib:/opt/ros/jazzy/opt/gz_sensors_vendor/lib:/opt/ros/jazzy/opt/gz_physics_vendor/lib:/opt/ros/jazzy/opt/sdformat_vendor/lib:/opt/ros/jazzy/opt/rviz_ogre_vendor/lib:/opt/ros/jazzy/lib/x86_64-linux-gnu:/opt/ros/jazzy/opt/gz_gui_vendor/lib:/opt/ros/jazzy/opt/gz_transport_vendor/lib:/opt/ros/jazzy/opt/gz_rendering_vendor/lib:/opt/ros/jazzy/opt/gz_plugin_vendor/lib:/opt/ros/jazzy/opt/gz_fuel_tools_vendor/lib:/opt/ros/jazzy/opt/gz_msgs_vendor/lib:/opt/ros/jazzy/opt/gz_common_vendor/lib:/opt/ros/jazzy/opt/gz_math_vendor/lib:/opt/ros/jazzy/opt/gz_utils_vendor/lib:/opt/ros/jazzy/opt/gz_tools_vendor/lib:/opt/ros/jazzy/opt/gz_ogre_next_vendor/lib:/opt/ros/jazzy/opt/gz_dartsim_vendor/lib:/opt/ros/jazzy/opt/gz_cmake_vendor/lib:/opt/ros/jazzy/lib PYTHONPATH=/home/mikks/ros2_px4_ws/build/x500_hover_controller/prefix_override:/usr/lib/python3/dist-packages/colcon_core/task/python/colcon_distutils_commands:/home/mikks/ros2_px4_ws/install/x500_hover_controller/lib/python3.12/site-packages:/home/mikks/ros2_px4_ws/install/px4_msgs/lib/python3.12/site-packages:/home/mikks/ros2_px4_ws/build/x500_hover_controller:/home/mikks/ros2_px4_ws/install/x500_hover_controller/lib/python3.12/site-packages:/home/mikks/ros2_px4_ws/install/px4_ros_com/lib/python3.12/site-packages:/home/mikks/ros2_px4_ws/build/example_mode_with_rclpy_py:/home/mikks/ros2_px4_ws/install/example_mode_with_rclpy_py/lib/python3.12/site-packages:/home/mikks/ros2_px4_ws/build/example_mode_goto_py:/home/mikks/ros2_px4_ws/install/example_mode_goto_py/lib/python3.12/site-packages:/home/mikks/ros2_px4_ws/install/px4_ros2_py/lib/python3.12/site-packages:/home/mikks/ros2_px4_ws/build/px4_actuator_ctrl:/home/mikks/ros2_px4_ws/install/px4_actuator_ctrl/lib/python3.12/site-packages:/home/mikks/ros2_ws/build/rover_desc_description:/home/mikks/ros2_ws/install/rover_desc_description/lib/python3.12/site-packages:/home/mikks/ros2_ws/install/px4_actuator_ctrl/lib/python3.12/site-packages:/home/mikks/ros2_ws/build/mine_rover_description:/home/mikks/ros2_ws/install/mine_rover_description/lib/python3.12/site-packages:/home/mikks/ros2_ws/build/ZerionURDFV5cp_description:/home/mikks/ros2_ws/install/ZerionURDFV5cp_description/lib/python3.12/site-packages:/home/mikks/crazyflie_mapping_demo/ros2_ws/install/velocity_free_consensus/lib/python3.12/site-packages:/home/mikks/crazyflie_mapping_demo/ros2_ws/install/stepwise_lowpos/lib/python3.12/site-packages:/home/mikks/crazyflie_mapping_demo/ros2_ws/install/step_wise_lowpos/lib/python3.12/site-packages:/home/mikks/crazyflie_mapping_demo/ros2_ws/install/second_order_formation_control/lib/python3.12/site-packages:/home/mikks/crazyflie_mapping_demo/ros2_ws/install/ros_gz_crazyflie_control/lib/python3.12/site-packages:/home/mikks/crazyflie_mapping_demo/ros2_ws/install/mixed_fractional_consensus/lib/python3.12/site-packages:/home/mikks/crazyflie_mapping_demo/ros2_ws/install/lowest_pos/lib/python3.12/site-packages:/home/mikks/crazyflie_mapping_demo/ros2_ws/install/linear_consensus/lib/python3.12/site-packages:/home/mikks/crazyflie_mapping_demo/ros2_ws/install/highest_pos/lib/python3.12/site-packages:/home/mikks/crazyflie_mapping_demo/ros2_ws/install/fractional_consensus_alpha/lib/python3.12/site-packages:/home/mikks/crazyflie_mapping_demo/ros2_ws/install/event_triggered_swarm/lib/python3.12/site-packages:/home/mikks/crazyflie_mapping_demo/ros2_ws/install/drone_logger/lib/python3.12/site-packages:/home/mikks/crazyflie_mapping_demo/ros2_ws/install/distributed_average_tracking/lib/python3.12/site-packages:/home/mikks/crazyflie_mapping_demo/ros2_ws/install/crazyflie_swarm_logic/lib/python3.12/site-packages:/home/mikks/crazyflie_mapping_demo/ros2_ws/install/crazyflie_sim/lib/python3.12/site-packages:/home/mikks/crazyflie_mapping_demo/ros2_ws/install/crazyflie_ros2_multiranger_wall_following/lib/python3.12/site-packages:/home/mikks/crazyflie_mapping_demo/ros2_ws/install/crazyflie_ros2_multiranger_simple_mapper/lib/python3.12/site-packages:/home/mikks/crazyflie_mapping_demo/ros2_ws/install/crazyflie_examples/lib/python3.12/site-packages:/home/mikks/crazyflie_mapping_demo/ros2_ws/install/crazyflie_py/lib/python3.12/site-packages:/home/mikks/crazyflie_mapping_demo/ros2_ws/install/crazyflie_interfaces/lib/python3.12/site-packages:/home/mikks/crazyflie_mapping_demo/ros2_ws/install/cooperative_target_centric_formation/lib/python3.12/site-packages:/home/mikks/crazyflie_mapping_demo/ros2_ws/install/containment_using_agent_information/lib/python3.12/site-packages:/home/mikks/crazyflie_mapping_demo/ros2_ws/install/consensus_for_double_integrator/lib/python3.12/site-packages:/home/mikks/crazyflie_mapping_demo/ros2_ws/install/consensus_alignment/lib/python3.12/site-packages:/home/mikks/crazyflie_mapping_demo/ros2_ws/install/binary_consensus/lib/python3.12/site-packages:/home/mikks/crazyflie_mapping_demo/ros2_ws/install/Second_Order_Min_Consensus_for_Heterogeneous_Agents/lib/python3.12/site-packages:/home/mikks/crazyflie_mapping_demo/ros2_ws/install/BinaryContainmentChain/lib/python3.12/site-packages:/opt/ros/jazzy/lib/python3.12/site-packages /usr/bin/python3 -W ignore:setup.py install is deprecated -W ignore:easy_install command is deprecated setup.py develop --editable --build-directory /home/mikks/ros2_px4_ws/build/x500_hover_controller/build --no-deps symlink_data
[5.147s] INFO:colcon.colcon_core.shell:Creating environment descriptor '/home/mikks/ros2_px4_ws/build/x500_hover_controller/share/x500_hover_controller/hook/pythonpath_develop.dsv'
[5.147s] INFO:colcon.colcon_core.shell:Creating environment hook '/home/mikks/ros2_px4_ws/build/x500_hover_controller/share/x500_hover_controller/hook/pythonpath_develop.sh'
[5.148s] Level 1:colcon.colcon_core.environment:checking '/home/mikks/ros2_px4_ws/install/x500_hover_controller' for CMake module files
[5.148s] Level 1:colcon.colcon_core.environment:checking '/home/mikks/ros2_px4_ws/install/x500_hover_controller' for CMake config files
[5.149s] Level 1:colcon.colcon_core.environment:checking '/home/mikks/ros2_px4_ws/install/x500_hover_controller/lib'
[5.149s] Level 1:colcon.colcon_core.environment:checking '/home/mikks/ros2_px4_ws/install/x500_hover_controller/bin'
[5.149s] Level 1:colcon.colcon_core.environment:checking '/home/mikks/ros2_px4_ws/install/x500_hover_controller/lib/pkgconfig/x500_hover_controller.pc'
[5.149s] Level 1:colcon.colcon_core.environment:checking '/home/mikks/ros2_px4_ws/install/x500_hover_controller/lib/python3.12/site-packages'
[5.149s] Level 1:colcon.colcon_core.shell:create_environment_hook('x500_hover_controller', 'pythonpath')
[5.149s] INFO:colcon.colcon_core.shell:Creating environment hook '/home/mikks/ros2_px4_ws/install/x500_hover_controller/share/x500_hover_controller/hook/pythonpath.ps1'
[5.149s] INFO:colcon.colcon_core.shell:Creating environment descriptor '/home/mikks/ros2_px4_ws/install/x500_hover_controller/share/x500_hover_controller/hook/pythonpath.dsv'
[5.150s] INFO:colcon.colcon_core.shell:Creating environment hook '/home/mikks/ros2_px4_ws/install/x500_hover_controller/share/x500_hover_controller/hook/pythonpath.sh'
[5.150s] Level 1:colcon.colcon_core.environment:checking '/home/mikks/ros2_px4_ws/install/x500_hover_controller/bin'
[5.150s] Level 1:colcon.colcon_core.environment:create_environment_scripts_only(x500_hover_controller)
[5.150s] INFO:colcon.colcon_core.shell:Creating package script '/home/mikks/ros2_px4_ws/install/x500_hover_controller/share/x500_hover_controller/package.ps1'
[5.151s] INFO:colcon.colcon_core.shell:Creating package descriptor '/home/mikks/ros2_px4_ws/install/x500_hover_controller/share/x500_hover_controller/package.dsv'
[5.151s] INFO:colcon.colcon_core.shell:Creating package script '/home/mikks/ros2_px4_ws/install/x500_hover_controller/share/x500_hover_controller/package.sh'
[5.152s] INFO:colcon.colcon_core.shell:Creating package script '/home/mikks/ros2_px4_ws/install/x500_hover_controller/share/x500_hover_controller/package.bash'
[5.152s] INFO:colcon.colcon_core.shell:Creating package script '/home/mikks/ros2_px4_ws/install/x500_hover_controller/share/x500_hover_controller/package.zsh'
[5.152s] Level 1:colcon.colcon_core.environment:create_file_with_runtime_dependencies(/home/mikks/ros2_px4_ws/install/x500_hover_controller/share/colcon-core/packages/x500_hover_controller)
[5.409s] Level 1:colcon.colcon_core.shell:create_environment_hook('px4_actuator_ctrl', 'pythonpath_develop')
[5.409s] INFO:colcon.colcon_core.shell:Creating environment hook '/home/mikks/ros2_px4_ws/build/px4_actuator_ctrl/share/px4_actuator_ctrl/hook/pythonpath_develop.ps1'
[5.410s] DEBUG:colcon.colcon_core.event_handler.log_command:Invoked command in '/home/mikks/ros2_px4_ws/build/px4_actuator_ctrl' returned '0': CMAKE_PREFIX_PATH=/home/mikks/ros2_px4_ws/install/px4_msgs:/home/mikks/ros2_px4_ws/install/px4_ros_com:/home/mikks/ros2_px4_ws/install/px4_ros2_py:/home/mikks/ros2_px4_ws/install/example_rover_velocity_mode_cpp:/home/mikks/ros2_px4_ws/install/example_mode_with_executor_cpp:/home/mikks/ros2_px4_ws/install/example_mode_vtol_cpp:/home/mikks/ros2_px4_ws/install/example_mode_rtl_replacement_cpp:/home/mikks/ros2_px4_ws/install/example_mode_mission_cpp:/home/mikks/ros2_px4_ws/install/example_mode_manual_cpp:/home/mikks/ros2_px4_ws/install/example_mode_goto_global_cpp:/home/mikks/ros2_px4_ws/install/example_mode_goto_cpp:/home/mikks/ros2_px4_ws/install/example_mode_fw_attitude_cpp:/home/mikks/ros2_px4_ws/install/example_local_navigation_cpp:/home/mikks/ros2_px4_ws/install/example_global_navigation_cpp:/home/mikks/ros2_px4_ws/install/example_executor_with_multiple_modes_cpp:/home/mikks/ros2_px4_ws/install/px4_ros2_cpp:/home/mikks/crazyflie_mapping_demo/ros2_ws/install/crazyflie_ros2_multiranger_bringup:/home/mikks/crazyflie_mapping_demo/ros2_ws/install/ros_gz_crazyflie_bringup:/home/mikks/crazyflie_mapping_demo/ros2_ws/install/ros_gz_crazyflie_gazebo:/home/mikks/crazyflie_mapping_demo/ros2_ws/install/crazyflie_sim:/home/mikks/crazyflie_mapping_demo/ros2_ws/install/crazyflie_examples:/home/mikks/crazyflie_mapping_demo/ros2_ws/install/crazyflie:/home/mikks/crazyflie_mapping_demo/ros2_ws/install/crazyflie_interfaces:/opt/ros/jazzy/opt/gz_sim_vendor:/opt/ros/jazzy/opt/gz_sensors_vendor:/opt/ros/jazzy/opt/gz_physics_vendor:/opt/ros/jazzy/opt/sdformat_vendor:/opt/ros/jazzy/opt/gz_gui_vendor:/opt/ros/jazzy/opt/gz_transport_vendor:/opt/ros/jazzy/opt/gz_rendering_vendor:/opt/ros/jazzy/opt/gz_plugin_vendor:/opt/ros/jazzy/opt/gz_fuel_tools_vendor:/opt/ros/jazzy/opt/gz_msgs_vendor:/opt/ros/jazzy/opt/gz_common_vendor:/opt/ros/jazzy/opt/gz_math_vendor:/opt/ros/jazzy/opt/gz_utils_vendor:/opt/ros/jazzy/opt/gz_tools_vendor:/opt/ros/jazzy/opt/gz_ogre_next_vendor:/opt/ros/jazzy/opt/gz_dartsim_vendor:/opt/ros/jazzy/opt/gz_cmake_vendor DEBUGINFOD_URLS=https://debuginfod.ubuntu.com LD_LIBRARY_PATH=/home/mikks/ros2_px4_ws/install/px4_msgs/lib:/home/mikks/ros2_px4_ws/install/px4_ros_com/lib:/home/mikks/ros2_px4_ws/install/px4_ros2_cpp/lib:/home/mikks/NatNet_SDK_4.3_ubuntu/lib:/home/mikks/crazyflie_mapping_demo/ros2_ws/install/crazyflie_interfaces/lib:/opt/ros/jazzy/opt/gz_sim_vendor/lib:/opt/ros/jazzy/opt/gz_sensors_vendor/lib:/opt/ros/jazzy/opt/gz_physics_vendor/lib:/opt/ros/jazzy/opt/sdformat_vendor/lib:/opt/ros/jazzy/opt/rviz_ogre_vendor/lib:/opt/ros/jazzy/lib/x86_64-linux-gnu:/opt/ros/jazzy/opt/gz_gui_vendor/lib:/opt/ros/jazzy/opt/gz_transport_vendor/lib:/opt/ros/jazzy/opt/gz_rendering_vendor/lib:/opt/ros/jazzy/opt/gz_plugin_vendor/lib:/opt/ros/jazzy/opt/gz_fuel_tools_vendor/lib:/opt/ros/jazzy/opt/gz_msgs_vendor/lib:/opt/ros/jazzy/opt/gz_common_vendor/lib:/opt/ros/jazzy/opt/gz_math_vendor/lib:/opt/ros/jazzy/opt/gz_utils_vendor/lib:/opt/ros/jazzy/opt/gz_tools_vendor/lib:/opt/ros/jazzy/opt/gz_ogre_next_vendor/lib:/opt/ros/jazzy/opt/gz_dartsim_vendor/lib:/opt/ros/jazzy/opt/gz_cmake_vendor/lib:/opt/ros/jazzy/lib PYTHONPATH=/home/mikks/ros2_px4_ws/build/px4_actuator_ctrl/prefix_override:/usr/lib/python3/dist-packages/colcon_core/task/python/colcon_distutils_commands:/home/mikks/ros2_px4_ws/install/px4_actuator_ctrl/lib/python3.12/site-packages:/home/mikks/ros2_px4_ws/install/px4_msgs/lib/python3.12/site-packages:/home/mikks/ros2_px4_ws/build/x500_hover_controller:/home/mikks/ros2_px4_ws/install/x500_hover_controller/lib/python3.12/site-packages:/home/mikks/ros2_px4_ws/install/px4_ros_com/lib/python3.12/site-packages:/home/mikks/ros2_px4_ws/build/example_mode_with_rclpy_py:/home/mikks/ros2_px4_ws/install/example_mode_with_rclpy_py/lib/python3.12/site-packages:/home/mikks/ros2_px4_ws/build/example_mode_goto_py:/home/mikks/ros2_px4_ws/install/example_mode_goto_py/lib/python3.12/site-packages:/home/mikks/ros2_px4_ws/install/px4_ros2_py/lib/python3.12/site-packages:/home/mikks/ros2_px4_ws/build/px4_actuator_ctrl:/home/mikks/ros2_px4_ws/install/px4_actuator_ctrl/lib/python3.12/site-packages:/home/mikks/ros2_ws/build/rover_desc_description:/home/mikks/ros2_ws/install/rover_desc_description/lib/python3.12/site-packages:/home/mikks/ros2_ws/install/px4_actuator_ctrl/lib/python3.12/site-packages:/home/mikks/ros2_ws/build/mine_rover_description:/home/mikks/ros2_ws/install/mine_rover_description/lib/python3.12/site-packages:/home/mikks/ros2_ws/build/ZerionURDFV5cp_description:/home/mikks/ros2_ws/install/ZerionURDFV5cp_description/lib/python3.12/site-packages:/home/mikks/crazyflie_mapping_demo/ros2_ws/install/velocity_free_consensus/lib/python3.12/site-packages:/home/mikks/crazyflie_mapping_demo/ros2_ws/install/stepwise_lowpos/lib/python3.12/site-packages:/home/mikks/crazyflie_mapping_demo/ros2_ws/install/step_wise_lowpos/lib/python3.12/site-packages:/home/mikks/crazyflie_mapping_demo/ros2_ws/install/second_order_formation_control/lib/python3.12/site-packages:/home/mikks/crazyflie_mapping_demo/ros2_ws/install/ros_gz_crazyflie_control/lib/python3.12/site-packages:/home/mikks/crazyflie_mapping_demo/ros2_ws/install/mixed_fractional_consensus/lib/python3.12/site-packages:/home/mikks/crazyflie_mapping_demo/ros2_ws/install/lowest_pos/lib/python3.12/site-packages:/home/mikks/crazyflie_mapping_demo/ros2_ws/install/linear_consensus/lib/python3.12/site-packages:/home/mikks/crazyflie_mapping_demo/ros2_ws/install/highest_pos/lib/python3.12/site-packages:/home/mikks/crazyflie_mapping_demo/ros2_ws/install/fractional_consensus_alpha/lib/python3.12/site-packages:/home/mikks/crazyflie_mapping_demo/ros2_ws/install/event_triggered_swarm/lib/python3.12/site-packages:/home/mikks/crazyflie_mapping_demo/ros2_ws/install/drone_logger/lib/python3.12/site-packages:/home/mikks/crazyflie_mapping_demo/ros2_ws/install/distributed_average_tracking/lib/python3.12/site-packages:/home/mikks/crazyflie_mapping_demo/ros2_ws/install/crazyflie_swarm_logic/lib/python3.12/site-packages:/home/mikks/crazyflie_mapping_demo/ros2_ws/install/crazyflie_sim/lib/python3.12/site-packages:/home/mikks/crazyflie_mapping_demo/ros2_ws/install/crazyflie_ros2_multiranger_wall_following/lib/python3.12/site-packages:/home/mikks/crazyflie_mapping_demo/ros2_ws/install/crazyflie_ros2_multiranger_simple_mapper/lib/python3.12/site-packages:/home/mikks/crazyflie_mapping_demo/ros2_ws/install/crazyflie_examples/lib/python3.12/site-packages:/home/mikks/crazyflie_mapping_demo/ros2_ws/install/crazyflie_py/lib/python3.12/site-packages:/home/mikks/crazyflie_mapping_demo/ros2_ws/install/crazyflie_interfaces/lib/python3.12/site-packages:/home/mikks/crazyflie_mapping_demo/ros2_ws/install/cooperative_target_centric_formation/lib/python3.12/site-packages:/home/mikks/crazyflie_mapping_demo/ros2_ws/install/containment_using_agent_information/lib/python3.12/site-packages:/home/mikks/crazyflie_mapping_demo/ros2_ws/install/consensus_for_double_integrator/lib/python3.12/site-packages:/home/mikks/crazyflie_mapping_demo/ros2_ws/install/consensus_alignment/lib/python3.12/site-packages:/home/mikks/crazyflie_mapping_demo/ros2_ws/install/binary_consensus/lib/python3.12/site-packages:/home/mikks/crazyflie_mapping_demo/ros2_ws/install/Second_Order_Min_Consensus_for_Heterogeneous_Agents/lib/python3.12/site-packages:/home/mikks/crazyflie_mapping_demo/ros2_ws/install/BinaryContainmentChain/lib/python3.12/site-packages:/opt/ros/jazzy/lib/python3.12/site-packages /usr/bin/python3 -W ignore:setup.py install is deprecated -W ignore:easy_install command is deprecated setup.py develop --editable --build-directory /home/mikks/ros2_px4_ws/build/px4_actuator_ctrl/build --no-deps symlink_data
[5.410s] INFO:colcon.colcon_core.shell:Creating environment descriptor '/home/mikks/ros2_px4_ws/build/px4_actuator_ctrl/share/px4_actuator_ctrl/hook/pythonpath_develop.dsv'
[5.410s] INFO:colcon.colcon_core.shell:Creating environment hook '/home/mikks/ros2_px4_ws/build/px4_actuator_ctrl/share/px4_actuator_ctrl/hook/pythonpath_develop.sh'
[5.411s] Level 1:colcon.colcon_core.environment:checking '/home/mikks/ros2_px4_ws/install/px4_actuator_ctrl' for CMake module files
[5.411s] Level 1:colcon.colcon_core.environment:checking '/home/mikks/ros2_px4_ws/install/px4_actuator_ctrl' for CMake config files
[5.411s] Level 1:colcon.colcon_core.environment:checking '/home/mikks/ros2_px4_ws/install/px4_actuator_ctrl/lib'
[5.412s] Level 1:colcon.colcon_core.environment:checking '/home/mikks/ros2_px4_ws/install/px4_actuator_ctrl/bin'
[5.412s] Level 1:colcon.colcon_core.environment:checking '/home/mikks/ros2_px4_ws/install/px4_actuator_ctrl/lib/pkgconfig/px4_actuator_ctrl.pc'
[5.412s] Level 1:colcon.colcon_core.environment:checking '/home/mikks/ros2_px4_ws/install/px4_actuator_ctrl/lib/python3.12/site-packages'
[5.412s] Level 1:colcon.colcon_core.shell:create_environment_hook('px4_actuator_ctrl', 'pythonpath')
[5.412s] INFO:colcon.colcon_core.shell:Creating environment hook '/home/mikks/ros2_px4_ws/install/px4_actuator_ctrl/share/px4_actuator_ctrl/hook/pythonpath.ps1'
[5.412s] INFO:colcon.colcon_core.shell:Creating environment descriptor '/home/mikks/ros2_px4_ws/install/px4_actuator_ctrl/share/px4_actuator_ctrl/hook/pythonpath.dsv'
[5.413s] INFO:colcon.colcon_core.shell:Creating environment hook '/home/mikks/ros2_px4_ws/install/px4_actuator_ctrl/share/px4_actuator_ctrl/hook/pythonpath.sh'
[5.413s] Level 1:colcon.colcon_core.environment:checking '/home/mikks/ros2_px4_ws/install/px4_actuator_ctrl/bin'
[5.413s] Level 1:colcon.colcon_core.environment:create_environment_scripts_only(px4_actuator_ctrl)
[5.413s] INFO:colcon.colcon_core.shell:Creating package script '/home/mikks/ros2_px4_ws/install/px4_actuator_ctrl/share/px4_actuator_ctrl/package.ps1'
[5.414s] INFO:colcon.colcon_core.shell:Creating package descriptor '/home/mikks/ros2_px4_ws/install/px4_actuator_ctrl/share/px4_actuator_ctrl/package.dsv'
[5.414s] INFO:colcon.colcon_core.shell:Creating package script '/home/mikks/ros2_px4_ws/install/px4_actuator_ctrl/share/px4_actuator_ctrl/package.sh'
[5.415s] INFO:colcon.colcon_core.shell:Creating package script '/home/mikks/ros2_px4_ws/install/px4_actuator_ctrl/share/px4_actuator_ctrl/package.bash'
[5.415s] INFO:colcon.colcon_core.shell:Creating package script '/home/mikks/ros2_px4_ws/install/px4_actuator_ctrl/share/px4_actuator_ctrl/package.zsh'
[5.415s] Level 1:colcon.colcon_core.environment:create_file_with_runtime_dependencies(/home/mikks/ros2_px4_ws/install/px4_actuator_ctrl/share/colcon-core/packages/px4_actuator_ctrl)
[5.637s] DEBUG:colcon.colcon_core.event_handler.log_command:Invoking command in '/home/mikks/ros2_px4_ws/build/example_mode_with_rclpy_py': CMAKE_PREFIX_PATH=/home/mikks/ros2_px4_ws/install/px4_ros2_py:/home/mikks/ros2_px4_ws/install/px4_ros2_cpp:/home/mikks/ros2_px4_ws/install/px4_msgs:/home/mikks/ros2_px4_ws/install/px4_ros_com:/home/mikks/ros2_px4_ws/install/example_rover_velocity_mode_cpp:/home/mikks/ros2_px4_ws/install/example_mode_with_executor_cpp:/home/mikks/ros2_px4_ws/install/example_mode_vtol_cpp:/home/mikks/ros2_px4_ws/install/example_mode_rtl_replacement_cpp:/home/mikks/ros2_px4_ws/install/example_mode_mission_cpp:/home/mikks/ros2_px4_ws/install/example_mode_manual_cpp:/home/mikks/ros2_px4_ws/install/example_mode_goto_global_cpp:/home/mikks/ros2_px4_ws/install/example_mode_goto_cpp:/home/mikks/ros2_px4_ws/install/example_mode_fw_attitude_cpp:/home/mikks/ros2_px4_ws/install/example_local_navigation_cpp:/home/mikks/ros2_px4_ws/install/example_global_navigation_cpp:/home/mikks/ros2_px4_ws/install/example_executor_with_multiple_modes_cpp:/home/mikks/crazyflie_mapping_demo/ros2_ws/install/crazyflie_ros2_multiranger_bringup:/home/mikks/crazyflie_mapping_demo/ros2_ws/install/ros_gz_crazyflie_bringup:/home/mikks/crazyflie_mapping_demo/ros2_ws/install/ros_gz_crazyflie_gazebo:/home/mikks/crazyflie_mapping_demo/ros2_ws/install/crazyflie_sim:/home/mikks/crazyflie_mapping_demo/ros2_ws/install/crazyflie_examples:/home/mikks/crazyflie_mapping_demo/ros2_ws/install/crazyflie:/home/mikks/crazyflie_mapping_demo/ros2_ws/install/crazyflie_interfaces:/opt/ros/jazzy/opt/gz_sim_vendor:/opt/ros/jazzy/opt/gz_sensors_vendor:/opt/ros/jazzy/opt/gz_physics_vendor:/opt/ros/jazzy/opt/sdformat_vendor:/opt/ros/jazzy/opt/gz_gui_vendor:/opt/ros/jazzy/opt/gz_transport_vendor:/opt/ros/jazzy/opt/gz_rendering_vendor:/opt/ros/jazzy/opt/gz_plugin_vendor:/opt/ros/jazzy/opt/gz_fuel_tools_vendor:/opt/ros/jazzy/opt/gz_msgs_vendor:/opt/ros/jazzy/opt/gz_common_vendor:/opt/ros/jazzy/opt/gz_math_vendor:/opt/ros/jazzy/opt/gz_utils_vendor:/opt/ros/jazzy/opt/gz_tools_vendor:/opt/ros/jazzy/opt/gz_ogre_next_vendor:/opt/ros/jazzy/opt/gz_dartsim_vendor:/opt/ros/jazzy/opt/gz_cmake_vendor DEBUGINFOD_URLS=https://debuginfod.ubuntu.com LD_LIBRARY_PATH=/home/mikks/ros2_px4_ws/install/px4_ros2_cpp/lib:/home/mikks/ros2_px4_ws/install/px4_msgs/lib:/home/mikks/ros2_px4_ws/install/px4_ros_com/lib:/home/mikks/NatNet_SDK_4.3_ubuntu/lib:/home/mikks/crazyflie_mapping_demo/ros2_ws/install/crazyflie_interfaces/lib:/opt/ros/jazzy/opt/gz_sim_vendor/lib:/opt/ros/jazzy/opt/gz_sensors_vendor/lib:/opt/ros/jazzy/opt/gz_physics_vendor/lib:/opt/ros/jazzy/opt/sdformat_vendor/lib:/opt/ros/jazzy/opt/rviz_ogre_vendor/lib:/opt/ros/jazzy/lib/x86_64-linux-gnu:/opt/ros/jazzy/opt/gz_gui_vendor/lib:/opt/ros/jazzy/opt/gz_transport_vendor/lib:/opt/ros/jazzy/opt/gz_rendering_vendor/lib:/opt/ros/jazzy/opt/gz_plugin_vendor/lib:/opt/ros/jazzy/opt/gz_fuel_tools_vendor/lib:/opt/ros/jazzy/opt/gz_msgs_vendor/lib:/opt/ros/jazzy/opt/gz_common_vendor/lib:/opt/ros/jazzy/opt/gz_math_vendor/lib:/opt/ros/jazzy/opt/gz_utils_vendor/lib:/opt/ros/jazzy/opt/gz_tools_vendor/lib:/opt/ros/jazzy/opt/gz_ogre_next_vendor/lib:/opt/ros/jazzy/opt/gz_dartsim_vendor/lib:/opt/ros/jazzy/opt/gz_cmake_vendor/lib:/opt/ros/jazzy/lib PYTHONPATH=/home/mikks/ros2_px4_ws/build/example_mode_with_rclpy_py/prefix_override:/usr/lib/python3/dist-packages/colcon_core/task/python/colcon_distutils_commands:/home/mikks/ros2_px4_ws/install/example_mode_with_rclpy_py/lib/python3.12/site-packages:/home/mikks/ros2_px4_ws/install/px4_ros2_py/lib/python3.12/site-packages:/home/mikks/ros2_px4_ws/install/px4_msgs/lib/python3.12/site-packages:/home/mikks/ros2_px4_ws/build/x500_hover_controller:/home/mikks/ros2_px4_ws/install/x500_hover_controller/lib/python3.12/site-packages:/home/mikks/ros2_px4_ws/install/px4_ros_com/lib/python3.12/site-packages:/home/mikks/ros2_px4_ws/build/example_mode_with_rclpy_py:/home/mikks/ros2_px4_ws/install/example_mode_with_rclpy_py/lib/python3.12/site-packages:/home/mikks/ros2_px4_ws/build/example_mode_goto_py:/home/mikks/ros2_px4_ws/install/example_mode_goto_py/lib/python3.12/site-packages:/home/mikks/ros2_px4_ws/build/px4_actuator_ctrl:/home/mikks/ros2_px4_ws/install/px4_actuator_ctrl/lib/python3.12/site-packages:/home/mikks/ros2_ws/build/rover_desc_description:/home/mikks/ros2_ws/install/rover_desc_description/lib/python3.12/site-packages:/home/mikks/ros2_ws/install/px4_actuator_ctrl/lib/python3.12/site-packages:/home/mikks/ros2_ws/build/mine_rover_description:/home/mikks/ros2_ws/install/mine_rover_description/lib/python3.12/site-packages:/home/mikks/ros2_ws/build/ZerionURDFV5cp_description:/home/mikks/ros2_ws/install/ZerionURDFV5cp_description/lib/python3.12/site-packages:/home/mikks/crazyflie_mapping_demo/ros2_ws/install/velocity_free_consensus/lib/python3.12/site-packages:/home/mikks/crazyflie_mapping_demo/ros2_ws/install/stepwise_lowpos/lib/python3.12/site-packages:/home/mikks/crazyflie_mapping_demo/ros2_ws/install/step_wise_lowpos/lib/python3.12/site-packages:/home/mikks/crazyflie_mapping_demo/ros2_ws/install/second_order_formation_control/lib/python3.12/site-packages:/home/mikks/crazyflie_mapping_demo/ros2_ws/install/ros_gz_crazyflie_control/lib/python3.12/site-packages:/home/mikks/crazyflie_mapping_demo/ros2_ws/install/mixed_fractional_consensus/lib/python3.12/site-packages:/home/mikks/crazyflie_mapping_demo/ros2_ws/install/lowest_pos/lib/python3.12/site-packages:/home/mikks/crazyflie_mapping_demo/ros2_ws/install/linear_consensus/lib/python3.12/site-packages:/home/mikks/crazyflie_mapping_demo/ros2_ws/install/highest_pos/lib/python3.12/site-packages:/home/mikks/crazyflie_mapping_demo/ros2_ws/install/fractional_consensus_alpha/lib/python3.12/site-packages:/home/mikks/crazyflie_mapping_demo/ros2_ws/install/event_triggered_swarm/lib/python3.12/site-packages:/home/mikks/crazyflie_mapping_demo/ros2_ws/install/drone_logger/lib/python3.12/site-packages:/home/mikks/crazyflie_mapping_demo/ros2_ws/install/distributed_average_tracking/lib/python3.12/site-packages:/home/mikks/crazyflie_mapping_demo/ros2_ws/install/crazyflie_swarm_logic/lib/python3.12/site-packages:/home/mikks/crazyflie_mapping_demo/ros2_ws/install/crazyflie_sim/lib/python3.12/site-packages:/home/mikks/crazyflie_mapping_demo/ros2_ws/install/crazyflie_ros2_multiranger_wall_following/lib/python3.12/site-packages:/home/mikks/crazyflie_mapping_demo/ros2_ws/install/crazyflie_ros2_multiranger_simple_mapper/lib/python3.12/site-packages:/home/mikks/crazyflie_mapping_demo/ros2_ws/install/crazyflie_examples/lib/python3.12/site-packages:/home/mikks/crazyflie_mapping_demo/ros2_ws/install/crazyflie_py/lib/python3.12/site-packages:/home/mikks/crazyflie_mapping_demo/ros2_ws/install/crazyflie_interfaces/lib/python3.12/site-packages:/home/mikks/crazyflie_mapping_demo/ros2_ws/install/cooperative_target_centric_formation/lib/python3.12/site-packages:/home/mikks/crazyflie_mapping_demo/ros2_ws/install/containment_using_agent_information/lib/python3.12/site-packages:/home/mikks/crazyflie_mapping_demo/ros2_ws/install/consensus_for_double_integrator/lib/python3.12/site-packages:/home/mikks/crazyflie_mapping_demo/ros2_ws/install/consensus_alignment/lib/python3.12/site-packages:/home/mikks/crazyflie_mapping_demo/ros2_ws/install/binary_consensus/lib/python3.12/site-packages:/home/mikks/crazyflie_mapping_demo/ros2_ws/install/Second_Order_Min_Consensus_for_Heterogeneous_Agents/lib/python3.12/site-packages:/home/mikks/crazyflie_mapping_demo/ros2_ws/install/BinaryContainmentChain/lib/python3.12/site-packages:/opt/ros/jazzy/lib/python3.12/site-packages /usr/bin/python3 -W ignore:setup.py install is deprecated -W ignore:easy_install command is deprecated setup.py develop --editable --build-directory /home/mikks/ros2_px4_ws/build/example_mode_with_rclpy_py/build --no-deps symlink_data
[5.639s] DEBUG:colcon.colcon_core.event_handler.log_command:Invoking command in '/home/mikks/ros2_px4_ws/build/example_mode_goto_py': CMAKE_PREFIX_PATH=/home/mikks/ros2_px4_ws/install/px4_ros2_py:/home/mikks/ros2_px4_ws/install/px4_ros2_cpp:/home/mikks/ros2_px4_ws/install/px4_msgs:/home/mikks/ros2_px4_ws/install/px4_ros_com:/home/mikks/ros2_px4_ws/install/example_rover_velocity_mode_cpp:/home/mikks/ros2_px4_ws/install/example_mode_with_executor_cpp:/home/mikks/ros2_px4_ws/install/example_mode_vtol_cpp:/home/mikks/ros2_px4_ws/install/example_mode_rtl_replacement_cpp:/home/mikks/ros2_px4_ws/install/example_mode_mission_cpp:/home/mikks/ros2_px4_ws/install/example_mode_manual_cpp:/home/mikks/ros2_px4_ws/install/example_mode_goto_global_cpp:/home/mikks/ros2_px4_ws/install/example_mode_goto_cpp:/home/mikks/ros2_px4_ws/install/example_mode_fw_attitude_cpp:/home/mikks/ros2_px4_ws/install/example_local_navigation_cpp:/home/mikks/ros2_px4_ws/install/example_global_navigation_cpp:/home/mikks/ros2_px4_ws/install/example_executor_with_multiple_modes_cpp:/home/mikks/crazyflie_mapping_demo/ros2_ws/install/crazyflie_ros2_multiranger_bringup:/home/mikks/crazyflie_mapping_demo/ros2_ws/install/ros_gz_crazyflie_bringup:/home/mikks/crazyflie_mapping_demo/ros2_ws/install/ros_gz_crazyflie_gazebo:/home/mikks/crazyflie_mapping_demo/ros2_ws/install/crazyflie_sim:/home/mikks/crazyflie_mapping_demo/ros2_ws/install/crazyflie_examples:/home/mikks/crazyflie_mapping_demo/ros2_ws/install/crazyflie:/home/mikks/crazyflie_mapping_demo/ros2_ws/install/crazyflie_interfaces:/opt/ros/jazzy/opt/gz_sim_vendor:/opt/ros/jazzy/opt/gz_sensors_vendor:/opt/ros/jazzy/opt/gz_physics_vendor:/opt/ros/jazzy/opt/sdformat_vendor:/opt/ros/jazzy/opt/gz_gui_vendor:/opt/ros/jazzy/opt/gz_transport_vendor:/opt/ros/jazzy/opt/gz_rendering_vendor:/opt/ros/jazzy/opt/gz_plugin_vendor:/opt/ros/jazzy/opt/gz_fuel_tools_vendor:/opt/ros/jazzy/opt/gz_msgs_vendor:/opt/ros/jazzy/opt/gz_common_vendor:/opt/ros/jazzy/opt/gz_math_vendor:/opt/ros/jazzy/opt/gz_utils_vendor:/opt/ros/jazzy/opt/gz_tools_vendor:/opt/ros/jazzy/opt/gz_ogre_next_vendor:/opt/ros/jazzy/opt/gz_dartsim_vendor:/opt/ros/jazzy/opt/gz_cmake_vendor DEBUGINFOD_URLS=https://debuginfod.ubuntu.com LD_LIBRARY_PATH=/home/mikks/ros2_px4_ws/install/px4_ros2_cpp/lib:/home/mikks/ros2_px4_ws/install/px4_msgs/lib:/home/mikks/ros2_px4_ws/install/px4_ros_com/lib:/home/mikks/NatNet_SDK_4.3_ubuntu/lib:/home/mikks/crazyflie_mapping_demo/ros2_ws/install/crazyflie_interfaces/lib:/opt/ros/jazzy/opt/gz_sim_vendor/lib:/opt/ros/jazzy/opt/gz_sensors_vendor/lib:/opt/ros/jazzy/opt/gz_physics_vendor/lib:/opt/ros/jazzy/opt/sdformat_vendor/lib:/opt/ros/jazzy/opt/rviz_ogre_vendor/lib:/opt/ros/jazzy/lib/x86_64-linux-gnu:/opt/ros/jazzy/opt/gz_gui_vendor/lib:/opt/ros/jazzy/opt/gz_transport_vendor/lib:/opt/ros/jazzy/opt/gz_rendering_vendor/lib:/opt/ros/jazzy/opt/gz_plugin_vendor/lib:/opt/ros/jazzy/opt/gz_fuel_tools_vendor/lib:/opt/ros/jazzy/opt/gz_msgs_vendor/lib:/opt/ros/jazzy/opt/gz_common_vendor/lib:/opt/ros/jazzy/opt/gz_math_vendor/lib:/opt/ros/jazzy/opt/gz_utils_vendor/lib:/opt/ros/jazzy/opt/gz_tools_vendor/lib:/opt/ros/jazzy/opt/gz_ogre_next_vendor/lib:/opt/ros/jazzy/opt/gz_dartsim_vendor/lib:/opt/ros/jazzy/opt/gz_cmake_vendor/lib:/opt/ros/jazzy/lib PYTHONPATH=/home/mikks/ros2_px4_ws/build/example_mode_goto_py/prefix_override:/usr/lib/python3/dist-packages/colcon_core/task/python/colcon_distutils_commands:/home/mikks/ros2_px4_ws/install/example_mode_goto_py/lib/python3.12/site-packages:/home/mikks/ros2_px4_ws/install/px4_ros2_py/lib/python3.12/site-packages:/home/mikks/ros2_px4_ws/install/px4_msgs/lib/python3.12/site-packages:/home/mikks/ros2_px4_ws/build/x500_hover_controller:/home/mikks/ros2_px4_ws/install/x500_hover_controller/lib/python3.12/site-packages:/home/mikks/ros2_px4_ws/install/px4_ros_com/lib/python3.12/site-packages:/home/mikks/ros2_px4_ws/build/example_mode_with_rclpy_py:/home/mikks/ros2_px4_ws/install/example_mode_with_rclpy_py/lib/python3.12/site-packages:/home/mikks/ros2_px4_ws/build/example_mode_goto_py:/home/mikks/ros2_px4_ws/install/example_mode_goto_py/lib/python3.12/site-packages:/home/mikks/ros2_px4_ws/build/px4_actuator_ctrl:/home/mikks/ros2_px4_ws/install/px4_actuator_ctrl/lib/python3.12/site-packages:/home/mikks/ros2_ws/build/rover_desc_description:/home/mikks/ros2_ws/install/rover_desc_description/lib/python3.12/site-packages:/home/mikks/ros2_ws/install/px4_actuator_ctrl/lib/python3.12/site-packages:/home/mikks/ros2_ws/build/mine_rover_description:/home/mikks/ros2_ws/install/mine_rover_description/lib/python3.12/site-packages:/home/mikks/ros2_ws/build/ZerionURDFV5cp_description:/home/mikks/ros2_ws/install/ZerionURDFV5cp_description/lib/python3.12/site-packages:/home/mikks/crazyflie_mapping_demo/ros2_ws/install/velocity_free_consensus/lib/python3.12/site-packages:/home/mikks/crazyflie_mapping_demo/ros2_ws/install/stepwise_lowpos/lib/python3.12/site-packages:/home/mikks/crazyflie_mapping_demo/ros2_ws/install/step_wise_lowpos/lib/python3.12/site-packages:/home/mikks/crazyflie_mapping_demo/ros2_ws/install/second_order_formation_control/lib/python3.12/site-packages:/home/mikks/crazyflie_mapping_demo/ros2_ws/install/ros_gz_crazyflie_control/lib/python3.12/site-packages:/home/mikks/crazyflie_mapping_demo/ros2_ws/install/mixed_fractional_consensus/lib/python3.12/site-packages:/home/mikks/crazyflie_mapping_demo/ros2_ws/install/lowest_pos/lib/python3.12/site-packages:/home/mikks/crazyflie_mapping_demo/ros2_ws/install/linear_consensus/lib/python3.12/site-packages:/home/mikks/crazyflie_mapping_demo/ros2_ws/install/highest_pos/lib/python3.12/site-packages:/home/mikks/crazyflie_mapping_demo/ros2_ws/install/fractional_consensus_alpha/lib/python3.12/site-packages:/home/mikks/crazyflie_mapping_demo/ros2_ws/install/event_triggered_swarm/lib/python3.12/site-packages:/home/mikks/crazyflie_mapping_demo/ros2_ws/install/drone_logger/lib/python3.12/site-packages:/home/mikks/crazyflie_mapping_demo/ros2_ws/install/distributed_average_tracking/lib/python3.12/site-packages:/home/mikks/crazyflie_mapping_demo/ros2_ws/install/crazyflie_swarm_logic/lib/python3.12/site-packages:/home/mikks/crazyflie_mapping_demo/ros2_ws/install/crazyflie_sim/lib/python3.12/site-packages:/home/mikks/crazyflie_mapping_demo/ros2_ws/install/crazyflie_ros2_multiranger_wall_following/lib/python3.12/site-packages:/home/mikks/crazyflie_mapping_demo/ros2_ws/install/crazyflie_ros2_multiranger_simple_mapper/lib/python3.12/site-packages:/home/mikks/crazyflie_mapping_demo/ros2_ws/install/crazyflie_examples/lib/python3.12/site-packages:/home/mikks/crazyflie_mapping_demo/ros2_ws/install/crazyflie_py/lib/python3.12/site-packages:/home/mikks/crazyflie_mapping_demo/ros2_ws/install/crazyflie_interfaces/lib/python3.12/site-packages:/home/mikks/crazyflie_mapping_demo/ros2_ws/install/cooperative_target_centric_formation/lib/python3.12/site-packages:/home/mikks/crazyflie_mapping_demo/ros2_ws/install/containment_using_agent_information/lib/python3.12/site-packages:/home/mikks/crazyflie_mapping_demo/ros2_ws/install/consensus_for_double_integrator/lib/python3.12/site-packages:/home/mikks/crazyflie_mapping_demo/ros2_ws/install/consensus_alignment/lib/python3.12/site-packages:/home/mikks/crazyflie_mapping_demo/ros2_ws/install/binary_consensus/lib/python3.12/site-packages:/home/mikks/crazyflie_mapping_demo/ros2_ws/install/Second_Order_Min_Consensus_for_Heterogeneous_Agents/lib/python3.12/site-packages:/home/mikks/crazyflie_mapping_demo/ros2_ws/install/BinaryContainmentChain/lib/python3.12/site-packages:/opt/ros/jazzy/lib/python3.12/site-packages /usr/bin/python3 -W ignore:setup.py install is deprecated -W ignore:easy_install command is deprecated setup.py develop --editable --build-directory /home/mikks/ros2_px4_ws/build/example_mode_goto_py/build --no-deps symlink_data
[6.423s] Level 1:colcon.colcon_core.shell:create_environment_hook('example_mode_goto_py', 'pythonpath_develop')
[6.423s] INFO:colcon.colcon_core.shell:Creating environment hook '/home/mikks/ros2_px4_ws/build/example_mode_goto_py/share/example_mode_goto_py/hook/pythonpath_develop.ps1'
[6.424s] DEBUG:colcon.colcon_core.event_handler.log_command:Invoked command in '/home/mikks/ros2_px4_ws/build/example_mode_goto_py' returned '0': CMAKE_PREFIX_PATH=/home/mikks/ros2_px4_ws/install/px4_ros2_py:/home/mikks/ros2_px4_ws/install/px4_ros2_cpp:/home/mikks/ros2_px4_ws/install/px4_msgs:/home/mikks/ros2_px4_ws/install/px4_ros_com:/home/mikks/ros2_px4_ws/install/example_rover_velocity_mode_cpp:/home/mikks/ros2_px4_ws/install/example_mode_with_executor_cpp:/home/mikks/ros2_px4_ws/install/example_mode_vtol_cpp:/home/mikks/ros2_px4_ws/install/example_mode_rtl_replacement_cpp:/home/mikks/ros2_px4_ws/install/example_mode_mission_cpp:/home/mikks/ros2_px4_ws/install/example_mode_manual_cpp:/home/mikks/ros2_px4_ws/install/example_mode_goto_global_cpp:/home/mikks/ros2_px4_ws/install/example_mode_goto_cpp:/home/mikks/ros2_px4_ws/install/example_mode_fw_attitude_cpp:/home/mikks/ros2_px4_ws/install/example_local_navigation_cpp:/home/mikks/ros2_px4_ws/install/example_global_navigation_cpp:/home/mikks/ros2_px4_ws/install/example_executor_with_multiple_modes_cpp:/home/mikks/crazyflie_mapping_demo/ros2_ws/install/crazyflie_ros2_multiranger_bringup:/home/mikks/crazyflie_mapping_demo/ros2_ws/install/ros_gz_crazyflie_bringup:/home/mikks/crazyflie_mapping_demo/ros2_ws/install/ros_gz_crazyflie_gazebo:/home/mikks/crazyflie_mapping_demo/ros2_ws/install/crazyflie_sim:/home/mikks/crazyflie_mapping_demo/ros2_ws/install/crazyflie_examples:/home/mikks/crazyflie_mapping_demo/ros2_ws/install/crazyflie:/home/mikks/crazyflie_mapping_demo/ros2_ws/install/crazyflie_interfaces:/opt/ros/jazzy/opt/gz_sim_vendor:/opt/ros/jazzy/opt/gz_sensors_vendor:/opt/ros/jazzy/opt/gz_physics_vendor:/opt/ros/jazzy/opt/sdformat_vendor:/opt/ros/jazzy/opt/gz_gui_vendor:/opt/ros/jazzy/opt/gz_transport_vendor:/opt/ros/jazzy/opt/gz_rendering_vendor:/opt/ros/jazzy/opt/gz_plugin_vendor:/opt/ros/jazzy/opt/gz_fuel_tools_vendor:/opt/ros/jazzy/opt/gz_msgs_vendor:/opt/ros/jazzy/opt/gz_common_vendor:/opt/ros/jazzy/opt/gz_math_vendor:/opt/ros/jazzy/opt/gz_utils_vendor:/opt/ros/jazzy/opt/gz_tools_vendor:/opt/ros/jazzy/opt/gz_ogre_next_vendor:/opt/ros/jazzy/opt/gz_dartsim_vendor:/opt/ros/jazzy/opt/gz_cmake_vendor DEBUGINFOD_URLS=https://debuginfod.ubuntu.com LD_LIBRARY_PATH=/home/mikks/ros2_px4_ws/install/px4_ros2_cpp/lib:/home/mikks/ros2_px4_ws/install/px4_msgs/lib:/home/mikks/ros2_px4_ws/install/px4_ros_com/lib:/home/mikks/NatNet_SDK_4.3_ubuntu/lib:/home/mikks/crazyflie_mapping_demo/ros2_ws/install/crazyflie_interfaces/lib:/opt/ros/jazzy/opt/gz_sim_vendor/lib:/opt/ros/jazzy/opt/gz_sensors_vendor/lib:/opt/ros/jazzy/opt/gz_physics_vendor/lib:/opt/ros/jazzy/opt/sdformat_vendor/lib:/opt/ros/jazzy/opt/rviz_ogre_vendor/lib:/opt/ros/jazzy/lib/x86_64-linux-gnu:/opt/ros/jazzy/opt/gz_gui_vendor/lib:/opt/ros/jazzy/opt/gz_transport_vendor/lib:/opt/ros/jazzy/opt/gz_rendering_vendor/lib:/opt/ros/jazzy/opt/gz_plugin_vendor/lib:/opt/ros/jazzy/opt/gz_fuel_tools_vendor/lib:/opt/ros/jazzy/opt/gz_msgs_vendor/lib:/opt/ros/jazzy/opt/gz_common_vendor/lib:/opt/ros/jazzy/opt/gz_math_vendor/lib:/opt/ros/jazzy/opt/gz_utils_vendor/lib:/opt/ros/jazzy/opt/gz_tools_vendor/lib:/opt/ros/jazzy/opt/gz_ogre_next_vendor/lib:/opt/ros/jazzy/opt/gz_dartsim_vendor/lib:/opt/ros/jazzy/opt/gz_cmake_vendor/lib:/opt/ros/jazzy/lib PYTHONPATH=/home/mikks/ros2_px4_ws/build/example_mode_goto_py/prefix_override:/usr/lib/python3/dist-packages/colcon_core/task/python/colcon_distutils_commands:/home/mikks/ros2_px4_ws/install/example_mode_goto_py/lib/python3.12/site-packages:/home/mikks/ros2_px4_ws/install/px4_ros2_py/lib/python3.12/site-packages:/home/mikks/ros2_px4_ws/install/px4_msgs/lib/python3.12/site-packages:/home/mikks/ros2_px4_ws/build/x500_hover_controller:/home/mikks/ros2_px4_ws/install/x500_hover_controller/lib/python3.12/site-packages:/home/mikks/ros2_px4_ws/install/px4_ros_com/lib/python3.12/site-packages:/home/mikks/ros2_px4_ws/build/example_mode_with_rclpy_py:/home/mikks/ros2_px4_ws/install/example_mode_with_rclpy_py/lib/python3.12/site-packages:/home/mikks/ros2_px4_ws/build/example_mode_goto_py:/home/mikks/ros2_px4_ws/install/example_mode_goto_py/lib/python3.12/site-packages:/home/mikks/ros2_px4_ws/build/px4_actuator_ctrl:/home/mikks/ros2_px4_ws/install/px4_actuator_ctrl/lib/python3.12/site-packages:/home/mikks/ros2_ws/build/rover_desc_description:/home/mikks/ros2_ws/install/rover_desc_description/lib/python3.12/site-packages:/home/mikks/ros2_ws/install/px4_actuator_ctrl/lib/python3.12/site-packages:/home/mikks/ros2_ws/build/mine_rover_description:/home/mikks/ros2_ws/install/mine_rover_description/lib/python3.12/site-packages:/home/mikks/ros2_ws/build/ZerionURDFV5cp_description:/home/mikks/ros2_ws/install/ZerionURDFV5cp_description/lib/python3.12/site-packages:/home/mikks/crazyflie_mapping_demo/ros2_ws/install/velocity_free_consensus/lib/python3.12/site-packages:/home/mikks/crazyflie_mapping_demo/ros2_ws/install/stepwise_lowpos/lib/python3.12/site-packages:/home/mikks/crazyflie_mapping_demo/ros2_ws/install/step_wise_lowpos/lib/python3.12/site-packages:/home/mikks/crazyflie_mapping_demo/ros2_ws/install/second_order_formation_control/lib/python3.12/site-packages:/home/mikks/crazyflie_mapping_demo/ros2_ws/install/ros_gz_crazyflie_control/lib/python3.12/site-packages:/home/mikks/crazyflie_mapping_demo/ros2_ws/install/mixed_fractional_consensus/lib/python3.12/site-packages:/home/mikks/crazyflie_mapping_demo/ros2_ws/install/lowest_pos/lib/python3.12/site-packages:/home/mikks/crazyflie_mapping_demo/ros2_ws/install/linear_consensus/lib/python3.12/site-packages:/home/mikks/crazyflie_mapping_demo/ros2_ws/install/highest_pos/lib/python3.12/site-packages:/home/mikks/crazyflie_mapping_demo/ros2_ws/install/fractional_consensus_alpha/lib/python3.12/site-packages:/home/mikks/crazyflie_mapping_demo/ros2_ws/install/event_triggered_swarm/lib/python3.12/site-packages:/home/mikks/crazyflie_mapping_demo/ros2_ws/install/drone_logger/lib/python3.12/site-packages:/home/mikks/crazyflie_mapping_demo/ros2_ws/install/distributed_average_tracking/lib/python3.12/site-packages:/home/mikks/crazyflie_mapping_demo/ros2_ws/install/crazyflie_swarm_logic/lib/python3.12/site-packages:/home/mikks/crazyflie_mapping_demo/ros2_ws/install/crazyflie_sim/lib/python3.12/site-packages:/home/mikks/crazyflie_mapping_demo/ros2_ws/install/crazyflie_ros2_multiranger_wall_following/lib/python3.12/site-packages:/home/mikks/crazyflie_mapping_demo/ros2_ws/install/crazyflie_ros2_multiranger_simple_mapper/lib/python3.12/site-packages:/home/mikks/crazyflie_mapping_demo/ros2_ws/install/crazyflie_examples/lib/python3.12/site-packages:/home/mikks/crazyflie_mapping_demo/ros2_ws/install/crazyflie_py/lib/python3.12/site-packages:/home/mikks/crazyflie_mapping_demo/ros2_ws/install/crazyflie_interfaces/lib/python3.12/site-packages:/home/mikks/crazyflie_mapping_demo/ros2_ws/install/cooperative_target_centric_formation/lib/python3.12/site-packages:/home/mikks/crazyflie_mapping_demo/ros2_ws/install/containment_using_agent_information/lib/python3.12/site-packages:/home/mikks/crazyflie_mapping_demo/ros2_ws/install/consensus_for_double_integrator/lib/python3.12/site-packages:/home/mikks/crazyflie_mapping_demo/ros2_ws/install/consensus_alignment/lib/python3.12/site-packages:/home/mikks/crazyflie_mapping_demo/ros2_ws/install/binary_consensus/lib/python3.12/site-packages:/home/mikks/crazyflie_mapping_demo/ros2_ws/install/Second_Order_Min_Consensus_for_Heterogeneous_Agents/lib/python3.12/site-packages:/home/mikks/crazyflie_mapping_demo/ros2_ws/install/BinaryContainmentChain/lib/python3.12/site-packages:/opt/ros/jazzy/lib/python3.12/site-packages /usr/bin/python3 -W ignore:setup.py install is deprecated -W ignore:easy_install command is deprecated setup.py develop --editable --build-directory /home/mikks/ros2_px4_ws/build/example_mode_goto_py/build --no-deps symlink_data
[6.424s] INFO:colcon.colcon_core.shell:Creating environment descriptor '/home/mikks/ros2_px4_ws/build/example_mode_goto_py/share/example_mode_goto_py/hook/pythonpath_develop.dsv'
[6.424s] INFO:colcon.colcon_core.shell:Creating environment hook '/home/mikks/ros2_px4_ws/build/example_mode_goto_py/share/example_mode_goto_py/hook/pythonpath_develop.sh'
[6.425s] Level 1:colcon.colcon_core.environment:checking '/home/mikks/ros2_px4_ws/install/example_mode_goto_py' for CMake module files
[6.425s] Level 1:colcon.colcon_core.environment:checking '/home/mikks/ros2_px4_ws/install/example_mode_goto_py' for CMake config files
[6.426s] Level 1:colcon.colcon_core.environment:checking '/home/mikks/ros2_px4_ws/install/example_mode_goto_py/lib'
[6.426s] Level 1:colcon.colcon_core.environment:checking '/home/mikks/ros2_px4_ws/install/example_mode_goto_py/bin'
[6.426s] Level 1:colcon.colcon_core.environment:checking '/home/mikks/ros2_px4_ws/install/example_mode_goto_py/lib/pkgconfig/example_mode_goto_py.pc'
[6.426s] Level 1:colcon.colcon_core.environment:checking '/home/mikks/ros2_px4_ws/install/example_mode_goto_py/lib/python3.12/site-packages'
[6.426s] Level 1:colcon.colcon_core.shell:create_environment_hook('example_mode_goto_py', 'pythonpath')
[6.426s] INFO:colcon.colcon_core.shell:Creating environment hook '/home/mikks/ros2_px4_ws/install/example_mode_goto_py/share/example_mode_goto_py/hook/pythonpath.ps1'
[6.426s] INFO:colcon.colcon_core.shell:Creating environment descriptor '/home/mikks/ros2_px4_ws/install/example_mode_goto_py/share/example_mode_goto_py/hook/pythonpath.dsv'
[6.427s] INFO:colcon.colcon_core.shell:Creating environment hook '/home/mikks/ros2_px4_ws/install/example_mode_goto_py/share/example_mode_goto_py/hook/pythonpath.sh'
[6.427s] Level 1:colcon.colcon_core.environment:checking '/home/mikks/ros2_px4_ws/install/example_mode_goto_py/bin'
[6.427s] Level 1:colcon.colcon_core.environment:create_environment_scripts_only(example_mode_goto_py)
[6.427s] INFO:colcon.colcon_core.shell:Creating package script '/home/mikks/ros2_px4_ws/install/example_mode_goto_py/share/example_mode_goto_py/package.ps1'
[6.428s] INFO:colcon.colcon_core.shell:Creating package descriptor '/home/mikks/ros2_px4_ws/install/example_mode_goto_py/share/example_mode_goto_py/package.dsv'
[6.428s] INFO:colcon.colcon_core.shell:Creating package script '/home/mikks/ros2_px4_ws/install/example_mode_goto_py/share/example_mode_goto_py/package.sh'
[6.429s] INFO:colcon.colcon_core.shell:Creating package script '/home/mikks/ros2_px4_ws/install/example_mode_goto_py/share/example_mode_goto_py/package.bash'
[6.429s] INFO:colcon.colcon_core.shell:Creating package script '/home/mikks/ros2_px4_ws/install/example_mode_goto_py/share/example_mode_goto_py/package.zsh'
[6.429s] Level 1:colcon.colcon_core.environment:create_file_with_runtime_dependencies(/home/mikks/ros2_px4_ws/install/example_mode_goto_py/share/colcon-core/packages/example_mode_goto_py)
[6.438s] Level 1:colcon.colcon_core.shell:create_environment_hook('example_mode_with_rclpy_py', 'pythonpath_develop')
[6.439s] INFO:colcon.colcon_core.shell:Creating environment hook '/home/mikks/ros2_px4_ws/build/example_mode_with_rclpy_py/share/example_mode_with_rclpy_py/hook/pythonpath_develop.ps1'
[6.439s] DEBUG:colcon.colcon_core.event_handler.log_command:Invoked command in '/home/mikks/ros2_px4_ws/build/example_mode_with_rclpy_py' returned '0': CMAKE_PREFIX_PATH=/home/mikks/ros2_px4_ws/install/px4_ros2_py:/home/mikks/ros2_px4_ws/install/px4_ros2_cpp:/home/mikks/ros2_px4_ws/install/px4_msgs:/home/mikks/ros2_px4_ws/install/px4_ros_com:/home/mikks/ros2_px4_ws/install/example_rover_velocity_mode_cpp:/home/mikks/ros2_px4_ws/install/example_mode_with_executor_cpp:/home/mikks/ros2_px4_ws/install/example_mode_vtol_cpp:/home/mikks/ros2_px4_ws/install/example_mode_rtl_replacement_cpp:/home/mikks/ros2_px4_ws/install/example_mode_mission_cpp:/home/mikks/ros2_px4_ws/install/example_mode_manual_cpp:/home/mikks/ros2_px4_ws/install/example_mode_goto_global_cpp:/home/mikks/ros2_px4_ws/install/example_mode_goto_cpp:/home/mikks/ros2_px4_ws/install/example_mode_fw_attitude_cpp:/home/mikks/ros2_px4_ws/install/example_local_navigation_cpp:/home/mikks/ros2_px4_ws/install/example_global_navigation_cpp:/home/mikks/ros2_px4_ws/install/example_executor_with_multiple_modes_cpp:/home/mikks/crazyflie_mapping_demo/ros2_ws/install/crazyflie_ros2_multiranger_bringup:/home/mikks/crazyflie_mapping_demo/ros2_ws/install/ros_gz_crazyflie_bringup:/home/mikks/crazyflie_mapping_demo/ros2_ws/install/ros_gz_crazyflie_gazebo:/home/mikks/crazyflie_mapping_demo/ros2_ws/install/crazyflie_sim:/home/mikks/crazyflie_mapping_demo/ros2_ws/install/crazyflie_examples:/home/mikks/crazyflie_mapping_demo/ros2_ws/install/crazyflie:/home/mikks/crazyflie_mapping_demo/ros2_ws/install/crazyflie_interfaces:/opt/ros/jazzy/opt/gz_sim_vendor:/opt/ros/jazzy/opt/gz_sensors_vendor:/opt/ros/jazzy/opt/gz_physics_vendor:/opt/ros/jazzy/opt/sdformat_vendor:/opt/ros/jazzy/opt/gz_gui_vendor:/opt/ros/jazzy/opt/gz_transport_vendor:/opt/ros/jazzy/opt/gz_rendering_vendor:/opt/ros/jazzy/opt/gz_plugin_vendor:/opt/ros/jazzy/opt/gz_fuel_tools_vendor:/opt/ros/jazzy/opt/gz_msgs_vendor:/opt/ros/jazzy/opt/gz_common_vendor:/opt/ros/jazzy/opt/gz_math_vendor:/opt/ros/jazzy/opt/gz_utils_vendor:/opt/ros/jazzy/opt/gz_tools_vendor:/opt/ros/jazzy/opt/gz_ogre_next_vendor:/opt/ros/jazzy/opt/gz_dartsim_vendor:/opt/ros/jazzy/opt/gz_cmake_vendor DEBUGINFOD_URLS=https://debuginfod.ubuntu.com LD_LIBRARY_PATH=/home/mikks/ros2_px4_ws/install/px4_ros2_cpp/lib:/home/mikks/ros2_px4_ws/install/px4_msgs/lib:/home/mikks/ros2_px4_ws/install/px4_ros_com/lib:/home/mikks/NatNet_SDK_4.3_ubuntu/lib:/home/mikks/crazyflie_mapping_demo/ros2_ws/install/crazyflie_interfaces/lib:/opt/ros/jazzy/opt/gz_sim_vendor/lib:/opt/ros/jazzy/opt/gz_sensors_vendor/lib:/opt/ros/jazzy/opt/gz_physics_vendor/lib:/opt/ros/jazzy/opt/sdformat_vendor/lib:/opt/ros/jazzy/opt/rviz_ogre_vendor/lib:/opt/ros/jazzy/lib/x86_64-linux-gnu:/opt/ros/jazzy/opt/gz_gui_vendor/lib:/opt/ros/jazzy/opt/gz_transport_vendor/lib:/opt/ros/jazzy/opt/gz_rendering_vendor/lib:/opt/ros/jazzy/opt/gz_plugin_vendor/lib:/opt/ros/jazzy/opt/gz_fuel_tools_vendor/lib:/opt/ros/jazzy/opt/gz_msgs_vendor/lib:/opt/ros/jazzy/opt/gz_common_vendor/lib:/opt/ros/jazzy/opt/gz_math_vendor/lib:/opt/ros/jazzy/opt/gz_utils_vendor/lib:/opt/ros/jazzy/opt/gz_tools_vendor/lib:/opt/ros/jazzy/opt/gz_ogre_next_vendor/lib:/opt/ros/jazzy/opt/gz_dartsim_vendor/lib:/opt/ros/jazzy/opt/gz_cmake_vendor/lib:/opt/ros/jazzy/lib PYTHONPATH=/home/mikks/ros2_px4_ws/build/example_mode_with_rclpy_py/prefix_override:/usr/lib/python3/dist-packages/colcon_core/task/python/colcon_distutils_commands:/home/mikks/ros2_px4_ws/install/example_mode_with_rclpy_py/lib/python3.12/site-packages:/home/mikks/ros2_px4_ws/install/px4_ros2_py/lib/python3.12/site-packages:/home/mikks/ros2_px4_ws/install/px4_msgs/lib/python3.12/site-packages:/home/mikks/ros2_px4_ws/build/x500_hover_controller:/home/mikks/ros2_px4_ws/install/x500_hover_controller/lib/python3.12/site-packages:/home/mikks/ros2_px4_ws/install/px4_ros_com/lib/python3.12/site-packages:/home/mikks/ros2_px4_ws/build/example_mode_with_rclpy_py:/home/mikks/ros2_px4_ws/install/example_mode_with_rclpy_py/lib/python3.12/site-packages:/home/mikks/ros2_px4_ws/build/example_mode_goto_py:/home/mikks/ros2_px4_ws/install/example_mode_goto_py/lib/python3.12/site-packages:/home/mikks/ros2_px4_ws/build/px4_actuator_ctrl:/home/mikks/ros2_px4_ws/install/px4_actuator_ctrl/lib/python3.12/site-packages:/home/mikks/ros2_ws/build/rover_desc_description:/home/mikks/ros2_ws/install/rover_desc_description/lib/python3.12/site-packages:/home/mikks/ros2_ws/install/px4_actuator_ctrl/lib/python3.12/site-packages:/home/mikks/ros2_ws/build/mine_rover_description:/home/mikks/ros2_ws/install/mine_rover_description/lib/python3.12/site-packages:/home/mikks/ros2_ws/build/ZerionURDFV5cp_description:/home/mikks/ros2_ws/install/ZerionURDFV5cp_description/lib/python3.12/site-packages:/home/mikks/crazyflie_mapping_demo/ros2_ws/install/velocity_free_consensus/lib/python3.12/site-packages:/home/mikks/crazyflie_mapping_demo/ros2_ws/install/stepwise_lowpos/lib/python3.12/site-packages:/home/mikks/crazyflie_mapping_demo/ros2_ws/install/step_wise_lowpos/lib/python3.12/site-packages:/home/mikks/crazyflie_mapping_demo/ros2_ws/install/second_order_formation_control/lib/python3.12/site-packages:/home/mikks/crazyflie_mapping_demo/ros2_ws/install/ros_gz_crazyflie_control/lib/python3.12/site-packages:/home/mikks/crazyflie_mapping_demo/ros2_ws/install/mixed_fractional_consensus/lib/python3.12/site-packages:/home/mikks/crazyflie_mapping_demo/ros2_ws/install/lowest_pos/lib/python3.12/site-packages:/home/mikks/crazyflie_mapping_demo/ros2_ws/install/linear_consensus/lib/python3.12/site-packages:/home/mikks/crazyflie_mapping_demo/ros2_ws/install/highest_pos/lib/python3.12/site-packages:/home/mikks/crazyflie_mapping_demo/ros2_ws/install/fractional_consensus_alpha/lib/python3.12/site-packages:/home/mikks/crazyflie_mapping_demo/ros2_ws/install/event_triggered_swarm/lib/python3.12/site-packages:/home/mikks/crazyflie_mapping_demo/ros2_ws/install/drone_logger/lib/python3.12/site-packages:/home/mikks/crazyflie_mapping_demo/ros2_ws/install/distributed_average_tracking/lib/python3.12/site-packages:/home/mikks/crazyflie_mapping_demo/ros2_ws/install/crazyflie_swarm_logic/lib/python3.12/site-packages:/home/mikks/crazyflie_mapping_demo/ros2_ws/install/crazyflie_sim/lib/python3.12/site-packages:/home/mikks/crazyflie_mapping_demo/ros2_ws/install/crazyflie_ros2_multiranger_wall_following/lib/python3.12/site-packages:/home/mikks/crazyflie_mapping_demo/ros2_ws/install/crazyflie_ros2_multiranger_simple_mapper/lib/python3.12/site-packages:/home/mikks/crazyflie_mapping_demo/ros2_ws/install/crazyflie_examples/lib/python3.12/site-packages:/home/mikks/crazyflie_mapping_demo/ros2_ws/install/crazyflie_py/lib/python3.12/site-packages:/home/mikks/crazyflie_mapping_demo/ros2_ws/install/crazyflie_interfaces/lib/python3.12/site-packages:/home/mikks/crazyflie_mapping_demo/ros2_ws/install/cooperative_target_centric_formation/lib/python3.12/site-packages:/home/mikks/crazyflie_mapping_demo/ros2_ws/install/containment_using_agent_information/lib/python3.12/site-packages:/home/mikks/crazyflie_mapping_demo/ros2_ws/install/consensus_for_double_integrator/lib/python3.12/site-packages:/home/mikks/crazyflie_mapping_demo/ros2_ws/install/consensus_alignment/lib/python3.12/site-packages:/home/mikks/crazyflie_mapping_demo/ros2_ws/install/binary_consensus/lib/python3.12/site-packages:/home/mikks/crazyflie_mapping_demo/ros2_ws/install/Second_Order_Min_Consensus_for_Heterogeneous_Agents/lib/python3.12/site-packages:/home/mikks/crazyflie_mapping_demo/ros2_ws/install/BinaryContainmentChain/lib/python3.12/site-packages:/opt/ros/jazzy/lib/python3.12/site-packages /usr/bin/python3 -W ignore:setup.py install is deprecated -W ignore:easy_install command is deprecated setup.py develop --editable --build-directory /home/mikks/ros2_px4_ws/build/example_mode_with_rclpy_py/build --no-deps symlink_data
[6.439s] INFO:colcon.colcon_core.shell:Creating environment descriptor '/home/mikks/ros2_px4_ws/build/example_mode_with_rclpy_py/share/example_mode_with_rclpy_py/hook/pythonpath_develop.dsv'
[6.440s] INFO:colcon.colcon_core.shell:Creating environment hook '/home/mikks/ros2_px4_ws/build/example_mode_with_rclpy_py/share/example_mode_with_rclpy_py/hook/pythonpath_develop.sh'
[6.440s] Level 1:colcon.colcon_core.environment:checking '/home/mikks/ros2_px4_ws/install/example_mode_with_rclpy_py' for CMake module files
[6.440s] Level 1:colcon.colcon_core.environment:checking '/home/mikks/ros2_px4_ws/install/example_mode_with_rclpy_py' for CMake config files
[6.441s] Level 1:colcon.colcon_core.environment:checking '/home/mikks/ros2_px4_ws/install/example_mode_with_rclpy_py/lib'
[6.441s] Level 1:colcon.colcon_core.environment:checking '/home/mikks/ros2_px4_ws/install/example_mode_with_rclpy_py/bin'
[6.441s] Level 1:colcon.colcon_core.environment:checking '/home/mikks/ros2_px4_ws/install/example_mode_with_rclpy_py/lib/pkgconfig/example_mode_with_rclpy_py.pc'
[6.441s] Level 1:colcon.colcon_core.environment:checking '/home/mikks/ros2_px4_ws/install/example_mode_with_rclpy_py/lib/python3.12/site-packages'
[6.441s] Level 1:colcon.colcon_core.shell:create_environment_hook('example_mode_with_rclpy_py', 'pythonpath')
[6.441s] INFO:colcon.colcon_core.shell:Creating environment hook '/home/mikks/ros2_px4_ws/install/example_mode_with_rclpy_py/share/example_mode_with_rclpy_py/hook/pythonpath.ps1'
[6.442s] INFO:colcon.colcon_core.shell:Creating environment descriptor '/home/mikks/ros2_px4_ws/install/example_mode_with_rclpy_py/share/example_mode_with_rclpy_py/hook/pythonpath.dsv'
[6.442s] INFO:colcon.colcon_core.shell:Creating environment hook '/home/mikks/ros2_px4_ws/install/example_mode_with_rclpy_py/share/example_mode_with_rclpy_py/hook/pythonpath.sh'
[6.442s] Level 1:colcon.colcon_core.environment:checking '/home/mikks/ros2_px4_ws/install/example_mode_with_rclpy_py/bin'
[6.442s] Level 1:colcon.colcon_core.environment:create_environment_scripts_only(example_mode_with_rclpy_py)
[6.443s] INFO:colcon.colcon_core.shell:Creating package script '/home/mikks/ros2_px4_ws/install/example_mode_with_rclpy_py/share/example_mode_with_rclpy_py/package.ps1'
[6.443s] INFO:colcon.colcon_core.shell:Creating package descriptor '/home/mikks/ros2_px4_ws/install/example_mode_with_rclpy_py/share/example_mode_with_rclpy_py/package.dsv'
[6.443s] INFO:colcon.colcon_core.shell:Creating package script '/home/mikks/ros2_px4_ws/install/example_mode_with_rclpy_py/share/example_mode_with_rclpy_py/package.sh'
[6.444s] INFO:colcon.colcon_core.shell:Creating package script '/home/mikks/ros2_px4_ws/install/example_mode_with_rclpy_py/share/example_mode_with_rclpy_py/package.bash'
[6.444s] INFO:colcon.colcon_core.shell:Creating package script '/home/mikks/ros2_px4_ws/install/example_mode_with_rclpy_py/share/example_mode_with_rclpy_py/package.zsh'
[6.444s] Level 1:colcon.colcon_core.environment:create_file_with_runtime_dependencies(/home/mikks/ros2_px4_ws/install/example_mode_with_rclpy_py/share/colcon-core/packages/example_mode_with_rclpy_py)
[6.445s] DEBUG:colcon.colcon_parallel_executor.executor.parallel:closing loop
[6.445s] DEBUG:colcon.colcon_parallel_executor.executor.parallel:loop closed
[6.445s] DEBUG:colcon.colcon_parallel_executor.executor.parallel:run_until_complete finished with '0'
[6.445s] DEBUG:colcon.colcon_core.event_reactor:joining thread
[6.451s] INFO:colcon.colcon_core.plugin_system:Skipping extension 'colcon_notification.desktop_notification.terminal_notifier': Not used on non-Darwin systems
[6.451s] INFO:colcon.colcon_core.plugin_system:Skipping extension 'colcon_notification.desktop_notification.win32': Not used on non-Windows systems
[6.451s] INFO:colcon.colcon_notification.desktop_notification:Sending desktop notification using 'notify2'
[6.465s] DEBUG:colcon.colcon_core.event_reactor:joined thread
[6.465s] INFO:colcon.colcon_core.shell:Creating prefix script '/home/mikks/ros2_px4_ws/install/local_setup.ps1'
[6.466s] INFO:colcon.colcon_core.shell:Creating prefix util module '/home/mikks/ros2_px4_ws/install/_local_setup_util_ps1.py'
[6.467s] INFO:colcon.colcon_core.shell:Creating prefix chain script '/home/mikks/ros2_px4_ws/install/setup.ps1'
[6.470s] INFO:colcon.colcon_core.shell:Creating prefix script '/home/mikks/ros2_px4_ws/install/local_setup.sh'
[6.470s] INFO:colcon.colcon_core.shell:Creating prefix util module '/home/mikks/ros2_px4_ws/install/_local_setup_util_sh.py'
[6.471s] INFO:colcon.colcon_core.shell:Creating prefix chain script '/home/mikks/ros2_px4_ws/install/setup.sh'
[6.473s] INFO:colcon.colcon_core.shell:Creating prefix script '/home/mikks/ros2_px4_ws/install/local_setup.bash'
[6.474s] INFO:colcon.colcon_core.shell:Creating prefix chain script '/home/mikks/ros2_px4_ws/install/setup.bash'
[6.476s] INFO:colcon.colcon_core.shell:Creating prefix script '/home/mikks/ros2_px4_ws/install/local_setup.zsh'
[6.476s] INFO:colcon.colcon_core.shell:Creating prefix chain script '/home/mikks/ros2_px4_ws/install/setup.zsh'
