time,px,py,pz,spx,spy,spz,vx,vy,vz,err_x,err_y,err_z,pitch_tilt,roll_tilt,thrust,rx,ry,rz,m1,m2,m3,m4
1777804245.4681604,0.04448822,0.03660211,-0.70678586,0.10217111,0.12395549,2.5950584,-0.016836386,-0.0034905,-0.60088766,0.0,0.0,0.0,0.057682887,0.08735338,3.3018444,0.0,0.0,0.0,0.0,0.0,0.9,1.3250377e-05,0.00023260825,0.0002539009,0.8999062811047763,0.8999413783638737,0.9000565015757462,0.9000958389556045
1777804245.487937,0.04247108,0.03423697,-0.7116646,0.10217111,0.12395549,2.5950584,-0.017033065,-0.0068095275,-0.60567564,0.0,0.0,0.0,0.059700027,0.08971852,3.306723,0.0,0.0,0.0,0.0,0.0,0.9,5.3200998e-05,-3.767421e-05,-2.5693085e-05,0.9000149779422275,0.9000004379089295,0.8999910499313779,0.899993534217466
1777804245.5080001,0.04054484,0.03181399,-0.7171421,0.10217111,0.12395549,2.5950584,-0.017362671,-0.009993153,-0.5964592,0.0,0.0,0.0,0.061626267,0.092141494,3.3122005,0.0,0.0,0.0,0.0,0.0,0.9,-0.00010146943,0.00020147992,2.7239896e-05,0.8999675920830844,0.9000160639795285,0.9000001711289594,0.9000161728084287
1777804245.527965,0.039388422,0.030272396,-0.7206604,0.10217111,0.12395549,2.5950584,-0.01780592,-0.011923298,-0.55128044,0.0,0.0,0.0,0.06278269,0.093683094,3.315719,0.0,0.0,0.0,0.0,0.0,0.9,-0.00012051784,0.00032653823,9.5757e-05,0.8999355084143457,0.9000070373850757,0.9000122454695526,0.9000452087310269
1777804245.5479188,0.037794515,0.028043836,-0.72476333,0.10217111,0.12395549,2.5950584,-0.01853621,-0.014595949,-0.46481368,0.0,0.0,0.0,0.06437659,0.09591165,3.3198218,0.0,0.0,0.0,0.0,0.0,0.9,8.099165e-05,5.820292e-05,-0.00015842564,0.9000493507902132,0.900045704593067,0.8999413367424864,0.8999636078742344
1777804245.568029,0.035693802,0.025012389,-0.7225989,0.10217111,0.12395549,2.5950584,-0.020121166,-0.017340079,-0.4029224,0.0,0.0,0.0,0.066477306,0.0989431,3.3176575,0.0,0.0,0.0,0.0,0.0,0.9,7.964401e-06,0.0004765751,-1.5781881e-05,0.8999672457079207,0.9000422234208598,0.899956502274909,0.9000340285963112
1777804245.588174,0.032735787,0.020666152,-0.7186462,0.10217111,0.12395549,2.5950584,-0.022370992,-0.021319812,-0.3072766,0.0,0.0,0.0,0.06943532,0.103289336,3.3137047,0.0,0.0,0.0,0.0,0.0,0.886091490983963,0.00018695855,0.00012997593,-0.00018866833,0.8861526500931353,0.8861435328735386,0.8860095357257529,0.886060245243426
1777804245.6086738,0.03177439,0.019230766,-0.71693546,0.10217111,0.12395549,2.5950584,-0.02310969,-0.022628406,-0.2758214,0.0,0.0,0.0,0.07039672,0.10472472,3.3119938,0.0,0.0,0.0,0.0,0.0,0.8813732081651687,-1.9474207e-06,0.00024034946,-0.00031938535,0.8814496400192904,0.8814884075199187,0.8812583203977379,0.8812964647237287
1777804245.628139,0.028163489,0.013757771,-0.708698,0.10217111,0.12395549,2.5950584,-0.025931664,-0.02749688,-0.15659088,0.0,0.0,0.0,0.074007615,0.110197715,3.3037565,0.0,0.0,0.0,0.0,0.0,0.8634886318445205,-0.00018761691,4.9097696e-05,3.7366433e-05,0.8634584847458602,0.8634963590831465,0.8635109233117696,0.8634887602373065
1777804245.6480196,0.027301028,0.01242783,-0.7062588,0.10217111,0.12395549,2.5950584,-0.02660689,-0.028670263,-0.12844789,0.0,0.0,0.0,0.07487008,0.11152766,3.3013172,0.0,0.0,0.0,0.0,0.0,0.8592671835422516,-0.0001130466,3.3189703e-05,-0.00016697202,0.8593055762449506,0.8593289740529143,0.8592234804871265,0.8592107033840158
1777804245.6679773,0.02477532,0.008491341,-0.6981181,0.10217111,0.12395549,2.5950584,-0.028558454,-0.03214392,-0.04875355,0.0,0.0,0.0,0.07739579,0.11546415,3.2931767,0.0,0.0,0.0,0.0,0.0,0.8473130322620273,5.2017243e-05,0.00016328196,6.173192e-05,0.8472856115095776,0.8473034138645743,0.8473143279005313,0.8473487757734265
1777804245.6880307,0.023153016,0.0059158513,-0.69204617,0.10217111,0.12395549,2.5950584,-0.029765256,-0.03440182,0.00071773597,0.0,0.0,0.0,0.07901809,0.11803964,3.2871046,0.0,0.0,0.0,0.0,0.0,0.8398923396051395,0.00023798243,0.00020115028,1.3706187e-05,0.8398911743209457,0.839885281177121,0.8398613208445027,0.8399315820779892
1777804245.7084882,0.02024122,0.0010974995,-0.6754708,0.10217111,0.12395549,2.5950584,-0.031917244,-0.038251486,0.07111144,0.0,0.0,0.0,0.08192989,0.12285799,3.2705293,0.0,0.0,0.0,0.0,0.0,0.8293332839012146,0.00014853726,0.0001609791,-3.1084463e-05,0.8293416138924652,0.8293436045874841,0.8292991972528404,0.8293487198720695
1777804245.7280157,0.018368227,-0.00202379,-0.66412777,0.10217111,0.12395549,2.5950584,-0.033295415,-0.040703975,0.11477949,0.0,0.0,0.0,0.08380288,0.12597927,3.2591863,0.0,0.0,0.0,0.0,0.0,0.8227830769121647,-3.1900916e-05,0.00024083452,-0.00016587033,0.8228110191752778,0.8228546568445744,0.822716601126304,0.8227500305025032
1777804245.7481027,0.01563208,-0.006613066,-0.6466072,0.10217111,0.12395549,2.5950584,-0.0353142,-0.044207368,0.17451587,0.0,0.0,0.0,0.08653903,0.13056855,3.2416656,0.0,0.0,0.0,0.0,0.0,0.8138226190209389,0.00010590564,-5.676556e-05,9.909252e-05,0.8138059049611904,0.8137798775697591,0.8138484155701013,0.8138562779827052
1777804245.768089,0.013863496,-0.009597531,-0.6347097,0.10217111,0.12395549,2.5950584,-0.03663174,-0.04647658,0.21000168,0.0,0.0,0.0,0.08830761,0.13355301,3.2297683,0.0,0.0,0.0,0.0,0.0,0.8084997484087943,-0.00026619015,0.00040942742,0.00011163806,0.8084122075853513,0.8085203063968218,0.8085217808451858,0.8085446988078192
1777804245.7882555,0.012129665,-0.012532519,-0.6225966,0.10217111,0.12395549,2.5950584,-0.03793265,-0.048679408,0.243325,0.0,0.0,0.0,0.09004144,0.136488,3.2176552,0.0,0.0,0.0,0.0,0.0,0.8035012507438659,6.0056227e-06,9.185744e-05,0.00013665314,0.8034533866579288,0.8034671229482044,0.8035344176398944,0.8035500757294366
1777804245.808225,0.00961221,-0.016818356,-0.6042405,0.10217111,0.12395549,2.5950584,-0.03976082,-0.05182839,0.2881011,0.0,0.0,0.0,0.0925589,0.14077385,3.1992989,0.0,0.0,0.0,0.0,0.0,0.7967848339676857,-0.00020365487,3.390364e-05,5.4124124e-05,0.7967495920495997,0.796787601411197,0.7968146513031394,0.7967874911068075
1777804245.8280027,0.008451448,-0.018566182,-0.5869388,0.10217111,0.12395549,2.5950584,-0.040491775,-0.053155508,0.31766105,0.0,0.0,0.0,0.09371966,0.14252166,3.1819973,0.0,0.0,0.0,0.0,0.0,0.7923508429527283,-6.8198366e-05,0.000107789994,-0.00011958233,0.7923726385823096,0.7924007967198848,0.7923118009240722,0.7923181355846473
1777804245.8481615,0.0067947744,-0.021117192,-0.56153154,0.10217111,0.12395549,2.5950584,-0.041463606,-0.055083703,0.3563409,0.0,0.0,0.0,0.095376335,0.14507268,3.15659,0.0,0.0,0.0,0.0,0.0,0.786548867225647,7.615438e-05,0.0001590049,-0.00013294116,0.7865821215315366,0.7865953776161767,0.7864901721346547,0.7865277976202205
1777804245.867972,0.0056986213,-0.02282662,-0.5446167,0.10217111,0.12395549,2.5950584,-0.042117923,-0.05633624,0.3801748,0.0,0.0,0.0,0.09647249,0.1467821,3.1396751,0.0,0.0,0.0,0.0,0.0,0.7829737821221352,-8.682173e-05,-5.1828483e-05,8.276929e-05,0.7829461518743478,0.7829517507941636,0.7830097049272451,0.7829875208927851
1777804245.8881228,0.0035752123,-0.026189065,-0.51130444,0.10217111,0.12395549,2.5950584,-0.043389082,-0.05870664,0.4219683,0.0,0.0,0.0,0.098595895,0.15014455,3.1063628,0.0,0.0,0.0,0.0,0.0,0.7767047533392906,3.840036e-05,-4.2929307e-05,0.00017161337,0.7766597757017001,0.7766467629547695,0.7767565996659692,0.7767558750347243
1777804245.9082885,0.0025401057,-0.027844498,-0.49486223,0.10217111,0.12395549,2.5950584,-0.043984618,-0.059802115,0.440392,0.0,0.0,0.0,0.099631004,0.15179999,3.0899208,0.0,0.0,0.0,0.0,0.0,0.7739412018656731,-0.00013829206,0.0001381833,3.449105e-05,0.7739087365215522,0.7739529725789907,0.773951557881956,0.7739515404801941
1777804245.9280055,0.0015246412,-0.029482018,-0.47859523,0.10217111,0.12395549,2.5950584,-0.044567708,-0.0608837,0.45693505,0.0,0.0,0.0,0.100646466,0.15343751,3.0736537,0.0,0.0,0.0,0.0,0.0,0.7714597427845001,0.00019872944,-0.00021651213,-5.4193406e-05,0.7715092201314104,0.7714427814811642,0.7714449073777365,0.7714420621476902
1777804245.9479737,0.0008474188,-0.031474575,-0.45037663,0.10217111,0.12395549,2.5950584,-0.043960962,-0.06142342,0.48175287,0.0,0.0,0.0,0.10132369,0.15543006,3.045435,0.0,0.0,0.0,0.0,0.0,0.7677370691299439,-0.00036306982,-5.8276113e-05,0.00046717306,0.7675725337164472,0.7676213007094338,0.7679109287215403,0.7678435133723551
1777804245.9679344,0.00067849073,-0.033115614,-0.42145988,0.10217111,0.12395549,2.5950584,-0.04267516,-0.06140411,0.5041431,0.0,0.0,0.0,0.10149262,0.1570711,3.0165184,0.0,0.0,0.0,0.0,0.0,0.7643785321712494,-3.6056434e-05,-2.6714391e-05,0.000111407295,0.7643443626194488,0.7643458573461975,0.7644169760256778,0.7644069326936742
1777804245.9879613,0.000553665,-0.034218695,-0.40236673,0.10217111,0.12395549,2.5950584,-0.041888837,-0.061426677,0.5177179,0.0,0.0,0.0,0.10161744,0.15817419,2.997425,0.0,0.0,0.0,0.0,0.0,0.7623423153162002,-3.9908053e-05,0.00015274432,4.493231e-05,0.7623134234334423,0.762344247813671,0.7623467681071638,0.7623648219105243
1777804246.008563,0.00039133697,-0.03584283,-0.37420723,0.10217111,0.12395549,2.5950584,-0.040747028,-0.061488047,0.5357658,0.0,0.0,0.0,0.101779774,0.15979832,2.9692657,0.0,0.0,0.0,0.0,0.0,0.7596351259946823,-2.9618668e-05,-0.00017251418,-1.6788774e-05,0.7596515942675609,0.7596287309860781,0.7596462599901866,0.7596139187349045
1777804246.0280273,0.00034183857,-0.036839183,-0.3563466,0.10217111,0.12395549,2.5950584,-0.03998565,-0.06148718,0.5460428,0.0,0.0,0.0,0.10182927,0.16079468,2.951405,0.0,0.0,0.0,0.0,0.0,0.7580935800075531,-0.00020715766,5.2712523e-05,-7.0147296e-05,0.7580938345818135,0.7581354138111054,0.7580848914296081,0.7580601802076863
1777804246.0485532,0.00024423865,-0.038370527,-0.32938448,0.10217111,0.12395549,2.5950584,-0.038979504,-0.06148395,0.56007695,0.0,0.0,0.0,0.10192687,0.16232601,2.924443,0.0,0.0,0.0,0.0,0.0,0.7559884572029114,-7.8163444e-05,4.844837e-05,-7.7516765e-05,0.7560015832869971,0.7560218411775712,0.7559675793793582,0.7559628249677198
1777804246.067922,0.0012267453,-0.03920677,-0.3083155,0.10217111,0.12395549,2.5950584,-0.037604783,-0.06062858,0.56994337,0.0,0.0,0.0,0.10094436,0.16316226,2.903374,0.0,0.0,0.0,0.0,0.0,0.7545084947347641,-9.596415e-05,-0.00021877832,-4.7428817e-05,0.7545325485141069,0.754512898245739,0.7545194454873859,0.7544690866918254
1777804246.0879757,0.0019964494,-0.040305622,-0.2848864,0.10217111,0.12395549,2.5950584,-0.036379006,-0.05990903,0.5801363,0.0,0.0,0.0,0.10017466,0.1642611,2.8799448,0.0,0.0,0.0,0.0,0.0,0.7529795551300049,-0.0001464528,-0.00029054465,0.00015526121,0.7529445041148569,0.7529214494201004,0.7530610932884162,0.7529911736966469
1777804246.1082582,0.0029245154,-0.041093733,-0.2643359,0.10217111,0.12395549,2.5950584,-0.035094712,-0.0590456,0.5883487,0.0,0.0,0.0,0.09924659,0.16504923,2.8593943,0.0,0.0,0.0,0.0,0.0,0.7517476969957352,-0.00022795351,-0.00017231442,3.3385031e-06,0.7517422443177743,0.7517511465718234,0.7517807199814166,0.7517166771119274
1777804246.1280541,0.0037959772,-0.04190197,-0.24358383,0.10217111,0.12395549,2.5950584,-0.033858944,-0.05823152,0.59597576,0.0,0.0,0.0,0.098375134,0.16585746,2.8386424,0.0,0.0,0.0,0.0,0.0,0.7506036365032196,-0.00023858905,4.8269925e-05,-1.7654738e-05,0.7505859842062995,0.7506318816430938,0.750613565612112,0.7505831145513738
1777804246.1481614,0.0051065013,-0.042974412,-0.2139982,0.10217111,0.12395549,2.5950584,-0.03208083,-0.057063952,0.60586846,0.0,0.0,0.0,0.09706461,0.1669299,2.8090568,0.0,0.0,0.0,0.0,0.0,0.7491197311878204,-0.00018047038,6.504287e-05,0.00012547297,0.7490624482362176,0.749101730356051,0.749166607280204,0.7491481388788096
1777804246.1682067,0.005960207,-0.043641992,-0.19484814,0.10217111,0.12395549,2.5950584,-0.030964032,-0.05635979,0.6116775,0.0,0.0,0.0,0.096210904,0.16759747,2.7899065,0.0,0.0,0.0,0.0,0.0,0.748248370885849,-8.201741e-05,-8.483249e-05,0.00022520698,0.7481810339976794,0.7481805835844715,0.7483292809728304,0.7483025849884151
1777804246.188067,0.0068010953,-0.044291656,-0.17584667,0.10217111,0.12395549,2.5950584,-0.02985943,-0.055663437,0.6169679,0.0,0.0,0.0,0.09537001,0.16824715,2.770905,0.0,0.0,0.0,0.0,0.0,0.7474548125267029,-0.00013910123,-0.00017688681,-0.00014921535,0.7475025999787607,0.7474965542866265,0.7474353269641874,0.7473847688772374
1777804246.2087686,0.007734504,-0.045435313,-0.1433867,0.10217111,0.12395549,2.5950584,-0.028896108,-0.054785486,0.62646234,0.0,0.0,0.0,0.0944366,0.1693908,2.738445,0.0,0.0,0.0,0.0,0.0,0.7460306489467621,4.5735505e-05,4.9303577e-05,-1.4808647e-06,0.7460308077604708,0.7460313786518963,0.7460226015607627,0.7460378078139192
1777804246.2280042,0.008613597,-0.046528883,-0.11174495,0.10217111,0.12395549,2.5950584,-0.028035853,-0.0539668,0.63455755,0.0,0.0,0.0,0.093557514,0.17048436,2.7068033,0.0,0.0,0.0,0.0,0.0,0.7448163682222366,-0.0002868569,2.7157468e-05,0.00020048425,0.7447311017967871,0.7447813440955359,0.7448972894527838,0.7448557375438403
1777804246.2482934,0.009240456,-0.04724268,-0.09037531,0.10217111,0.12395549,2.5950584,-0.027464854,-0.053473927,0.6396342,0.0,0.0,0.0,0.09293065,0.17119816,2.6854339,0.0,0.0,0.0,0.0,0.0,0.7440548712015151,-0.000106525345,0.00010739724,4.6412904e-05,0.744023833523533,0.7440580611368931,0.7440687253214132,0.744068864824222
1777804246.268024,0.009689646,-0.04817214,-0.06685514,0.10217111,0.12395549,2.5950584,-0.026988935,-0.053123936,0.64373016,0.0,0.0,0.0,0.092481464,0.17212763,2.6619136,0.0,0.0,0.0,0.0,0.0,0.7434404754638672,-0.00015888033,0.00010252652,-5.872089e-07,0.7434197390784715,0.7434615641745949,0.7434448076056109,0.7434357909967919
1777804246.288209,0.010501169,-0.049159147,-0.03684707,0.10217111,0.12395549,2.5950584,-0.02620782,-0.05255062,0.64874005,0.0,0.0,0.0,0.09166994,0.17311463,2.6319056,0.0,0.0,0.0,0.0,0.0,0.742688992023468,-0.00043583417,-8.489364e-05,-5.0670737e-05,0.7426761180021271,0.7427322684867249,0.7427154490271646,0.7426321325778562
1777804246.3080688,0.011014541,-0.049767226,-0.017819222,0.10217111,0.12395549,2.5950584,-0.025750563,-0.052207265,0.6514518,0.0,0.0,0.0,0.091156565,0.17372271,2.6128776,0.0,0.0,0.0,0.0,0.0,0.7422822260856629,1.7025872e-05,0.00015077676,6.191523e-05,0.7422529514465709,0.7422743515885667,0.7422873764432738,0.7423142248642406
1777804246.3280802,0.010969396,-0.051884502,0.012086156,0.10217111,0.12395549,2.5950584,-0.025385374,-0.053144403,0.6569448,0.0,0.0,0.0,0.091201715,0.17583999,2.5829723,0.0,0.0,0.0,0.0,0.0,0.741458278298378,2.7592854e-05,6.856832e-05,5.359455e-05,0.7414389218958962,0.7414454779702645,0.7414666637698251,0.7414820495575266
1777804246.3480775,0.010942824,-0.053255532,0.031480394,0.10217111,0.12395549,2.5950584,-0.025127575,-0.053747665,0.6600462,0.0,0.0,0.0,0.091228284,0.17721102,2.5635781,0.0,0.0,0.0,0.0,0.0,0.7409930670261383,-5.776674e-06,0.0001816644,0.00028573227,0.7408923520590174,0.7409223426319658,0.7410647156881173,0.7410928577254534
1777804246.3679986,0.010899433,-0.055257678,0.059804462,0.10217111,0.12395549,2.5950584,-0.024819048,-0.05465078,0.6637584,0.0,0.0,0.0,0.091271676,0.17921317,2.535254,0.0,0.0,0.0,0.0,0.0,0.7404362404346466,-0.00016424942,8.1800645e-05,0.00029413388,0.7403283162671136,0.7403676842770073,0.7405310764990286,0.7405178846954376
1777804246.3880243,0.010854219,-0.057222486,0.08746458,0.10217111,0.12395549,2.5950584,-0.024561642,-0.055476934,0.6667248,0.0,0.0,0.0,0.091316886,0.18117797,2.5075939,0.0,0.0,0.0,0.0,0.0,0.7399912798404693,-3.266985e-06,5.588671e-05,-4.5150984e-05,0.7400000928400544,0.7400095574313308,0.7399735249672089,0.7399819441232838
1777804246.4082546,0.010820695,-0.058542777,0.10578011,0.10217111,0.12395549,2.5950584,-0.024357175,-0.05604303,0.66832894,0.0,0.0,0.0,0.091350414,0.18249826,2.4892783,0.0,0.0,0.0,0.0,0.0,0.7397506588697433,-0.00014658281,5.514265e-05,0.00026857317,0.7396539488807315,0.7396862249542027,0.7398385460348804,0.7398239156091594
1777804246.4280822,0.010503507,-0.060066275,0.13516998,0.10217111,0.12395549,2.5950584,-0.024099747,-0.056322567,0.6711931,0.0,0.0,0.0,0.0916676,0.18402177,2.4598885,0.0,0.0,0.0,0.0,0.0,0.7393210315704346,-0.000216827,-0.00019307241,0.00017921293,0.7392653673232411,0.7392691680576535,0.7394075874032574,0.7393420034975869
1777804246.447981,0.009986922,-0.06042219,0.1564575,0.10217111,0.12395549,2.5950584,-0.023907792,-0.05574456,0.6738854,0.0,0.0,0.0,0.092184186,0.18437767,2.438601,0.0,0.0,0.0,0.0,0.0,0.7389171892404556,-0.00027526103,2.7492384e-05,0.0001513188,0.7388475733262015,0.7388960138725814,0.7389824063732525,0.7389427633897875
1777804246.467946,0.009265811,-0.06097551,0.18726932,0.10217111,0.12395549,2.5950584,-0.023674937,-0.055000514,0.6768501,0.0,0.0,0.0,0.0929053,0.184931,2.4077892,0.0,0.0,0.0,0.0,0.0,0.7384724879264831,-0.0003396592,-0.00022320187,7.799925e-05,0.7384397715666268,0.7384584047376118,0.7385409165862079,0.7384508588154866
1777804246.488003,0.008805189,-0.06137559,0.2074362,0.10217111,0.12395549,2.5950584,-0.023526927,-0.054536898,0.6782545,0.0,0.0,0.0,0.09336592,0.18533108,2.3876224,0.0,0.0,0.0,0.0,0.0,0.7382618272304535,-0.00034014892,-0.00013141992,0.0001356643,0.738204429618781,0.7382378262595738,0.7383402520290115,0.7382648010144484
1777804246.5079577,0.008175844,-0.061925564,0.23615862,0.10217111,0.12395549,2.5950584,-0.023330793,-0.05387174,0.6799293,0.0,0.0,0.0,0.093995266,0.18588105,2.3588998,0.0,0.0,0.0,0.0,0.0,0.7380106025934219,-0.00010520032,-0.00039955298,-5.5068984e-05,0.738050671501623,0.7380035750754903,0.7380344621626868,0.737953701633888
1777804246.5278997,0.007770123,-0.06231491,0.25506753,0.10217111,0.12395549,2.5950584,-0.023213394,-0.05347456,0.6805781,0.0,0.0,0.0,0.09440099,0.1862704,2.3399909,0.0,0.0,0.0,0.0,0.0,0.7379132831096649,0.00067847956,-0.00097489543,-7.490233e-05,0.7380680238080088,0.7378034838099846,0.7379145256805354,0.7378670991401312
1777804246.548239,0.0073873913,-0.06268548,0.2733522,0.10217111,0.12395549,2.5950584,-0.023124449,-0.05312948,0.6809522,0.0,0.0,0.0,0.094783716,0.18664098,2.3217063,0.0,0.0,0.0,0.0,0.0,0.7378571712970734,0.0014781839,-0.0013833076,-3.9663744e-05,0.7380979897420179,0.7376401510986761,0.7378376820717681,0.7378528622758321
1777804246.5679626,0.007024988,-0.063918754,0.3043434,0.10217111,0.12395549,2.5950584,-0.023781473,-0.053499367,0.6830427,0.0,0.0,0.0,0.09514612,0.18787424,2.290715,0.0,0.0,0.0,0.0,0.0,0.7375435942411422,0.0015470543,-0.001918765,0.0001992864,0.7377610738648213,0.7372065427785854,0.7376331170203052,0.7375736433008577
1777804246.587922,0.0067105955,-0.065487415,0.3365221,0.10217111,0.12395549,2.5950584,-0.024768844,-0.05429419,0.685424,0.0,0.0,0.0,0.09546051,0.1894429,2.2585363,0.0,0.0,0.0,0.0,0.0,0.737186404466629,0.0016267131,-0.0019966315,-2.4489309e-05,0.7374836188262264,0.73690388369243,0.7372086511472302,0.7371494642006299
1777804246.60893,0.0064740637,-0.06651979,0.35729003,0.10217111,0.12395549,2.5950584,-0.025402807,-0.05487307,0.6866281,0.0,0.0,0.0,0.095697045,0.19047529,2.2377684,0.0,0.0,0.0,0.0,0.0,0.7370057845115662,0.0018707715,-0.0018809589,-6.4099368e-06,0.7373078459269886,0.7367075690581986,0.7370046765216107,0.7370030465394674
1777804246.6280255,0.006339613,-0.06705025,0.3677012,0.10217111,0.12395549,2.5950584,-0.025722139,-0.055153746,0.68703973,0.0,0.0,0.0,0.0958315,0.19100574,2.2273571,0.0,0.0,0.0,0.0,0.0,0.7369440400600433,0.0011789576,-0.0014603446,-0.00013966391,0.7371970834166853,0.7367747950510237,0.7369246518469303,0.7368796299255345
1777804246.6485612,0.005928567,-0.06857979,0.3975589,0.10217111,0.12395549,2.5950584,-0.02659618,-0.055950265,0.6879973,0.0,0.0,0.0,0.09624254,0.19253528,2.1974995,0.0,0.0,0.0,0.0,0.0,0.7368004077672958,-0.00013448388,0.00014525342,-0.00020369765,0.7368391380785028,0.7368838960467836,0.7367384369089273,0.7367401600349702
1777804246.6683056,0.005490277,-0.07011652,0.4265746,0.10217111,0.12395549,2.5950584,-0.02730403,-0.056737654,0.68820655,0.0,0.0,0.0,0.096680835,0.19407201,2.1684837,0.0,0.0,0.0,0.0,0.0,0.7367690169811248,-0.0020580976,0.0017866538,3.5516536e-05,0.7364507819088607,0.7370659421319578,0.7368013874506145,0.7367579564330671
1777804246.6882596,0.005271499,-0.070977084,0.4462502,0.10217111,0.12395549,2.5950584,-0.027764685,-0.05724397,0.68857944,0.0,0.0,0.0,0.09689961,0.19493258,2.1488082,0.0,0.0,0.0,0.0,0.0,0.7367130839824676,-0.0030898028,0.0027700854,3.5109362e-05,0.7362337601211032,0.7371713422265018,0.7367491941872871,0.7366980393949787
1777804246.7081294,0.005105665,-0.07172299,0.46671984,0.10217111,0.12395549,2.5950584,-0.028241498,-0.057736363,0.68914694,0.0,0.0,0.0,0.09706544,0.19567847,2.1283386,0.0,0.0,0.0,0.0,0.0,0.7366279596090317,-0.0029378177,0.0026517739,8.9137706e-05,0.7361540509715264,0.7370483856230566,0.7366775844291265,0.736631817412418
1777804246.7285202,0.004826722,-0.07282743,0.49598324,0.10217111,0.12395549,2.5950584,-0.028940365,-0.05842115,0.68974084,0.0,0.0,0.0,0.09734438,0.19678292,2.0990753,0.0,0.0,0.0,0.0,0.0,0.7365388745069503,-0.0010629623,0.0008133479,0.00024971433,0.7363138553866878,0.7366140650300075,0.7366337579587712,0.7365938196523355
1777804246.7481132,0.004598296,-0.073603384,0.5152228,0.10217111,0.12395549,2.5950584,-0.029423716,-0.058853175,0.6898619,0.0,0.0,0.0,0.09757281,0.19755888,2.0798357,0.0,0.0,0.0,0.0,0.0,0.7365207159519196,-7.8150115e-06,-8.137812e-05,0.00040807124,0.7364041796291707,0.7363924095313995,0.7366502727742777,0.736636001872831
1777804246.7681112,0.0042147962,-0.07478471,0.54305625,0.10217111,0.12395549,2.5950584,-0.030152103,-0.059576463,0.6895397,0.0,0.0,0.0,0.097956315,0.1987402,2.0520022,0.0,0.0,0.0,0.0,0.0,0.7365690493583679,0.0003376651,-0.00077025563,7.830217e-05,0.7366341923654539,0.7364569250505881,0.7366271472524389,0.7365579327649909
1777804246.7880242,0.003929804,-0.07559293,0.56117505,0.10217111,0.12395549,2.5950584,-0.030629577,-0.06004224,0.6890679,0.0,0.0,0.0,0.09824131,0.19954842,2.0338833,0.0,0.0,0.0,0.0,0.0,0.7366398149728774,0.00070592243,-0.0008298843,0.00022114477,0.7366963360810763,0.7364506070016067,0.7367160753553621,0.7366962414534654
1777804246.808476,0.0034558165,-0.076847486,0.587884,0.10217111,0.12395549,2.5950584,-0.03128086,-0.06070832,0.6879783,0.0,0.0,0.0,0.09871529,0.20080298,2.0071745,0.0,0.0,0.0,0.0,0.0,0.7368032509088516,0.0009031632,-0.0012469592,0.00045674937,0.7368382358906086,0.736494216302526,0.7369677793997111,0.7369127720425611
1777804246.828182,0.003768671,-0.075977854,0.60847825,0.10217111,0.12395549,2.5950584,-0.03156481,-0.05985409,0.6889002,0.0,0.0,0.0,0.09840244,0.19993335,1.9865801,0.0,0.0,0.0,0.0,0.0,0.7366649740934372,0.00065266807,-0.0013123079,0.00010707396,0.7367900499825186,0.7364756538283835,0.7367498674678795,0.7366443250949677
1777804246.8480232,0.0041287034,-0.074834354,0.6386796,0.10217111,0.12395549,2.5950584,-0.03196943,-0.058678795,0.689655,0.0,0.0,0.0,0.098042406,0.19878983,1.9563788,0.0,0.0,0.0,0.0,0.0,0.7365517491102218,0.0007268005,-0.0010772332,0.00051926967,0.7365402909100516,0.7362516455084549,0.7367355646274523,0.736679495394929
1777804246.8680153,0.0043727364,-0.073850505,0.66823274,0.10217111,0.12395549,2.5950584,-0.032330096,-0.05757843,0.68979293,0.0,0.0,0.0,0.09779837,0.197806,1.9268258,0.0,0.0,0.0,0.0,0.0,0.7365310603380203,0.0007562239,-0.0012164973,0.0003205618,0.7365927094896318,0.7362770740990525,0.7366640507499691,0.7365904070134283
1777804246.887929,0.0045588687,-0.07292161,0.69614154,0.10217111,0.12395549,2.5950584,-0.0327056,-0.056567527,0.68971205,0.0,0.0,0.0,0.09761224,0.19687709,1.898917,0.0,0.0,0.0,0.0,0.0,0.7365431928634644,0.00083247793,-0.0014379983,0.00023006379,0.7366558118231473,0.736292535632092,0.7366606536254408,0.736563770373178
1777804246.9080682,0.004617903,-0.07239799,0.71454954,0.10217111,0.12395549,2.5950584,-0.03295972,-0.055956766,0.689276,0.0,0.0,0.0,0.09755321,0.19635348,1.8805089,0.0,0.0,0.0,0.0,0.0,0.7366086030006409,0.0006748252,-0.0012147208,0.0001490056,0.7367150649995887,0.736412737640494,0.7366964963256037,0.7366101130368778
1777804246.9280853,0.00484379,-0.0713528,0.7448342,0.10217111,0.12395549,2.5950584,-0.032983184,-0.054979328,0.6896013,0.0,0.0,0.0,0.09732732,0.1953083,1.8502243,0.0,0.0,0.0,0.0,0.0,0.7365598046779632,0.000905263,-0.0012912933,0.0002355107,0.7366648759727826,0.736313426963752,0.7366613403114028,0.736599575463916
1777804246.9479487,0.0052396264,-0.07024435,0.7685793,0.10217111,0.12395549,2.5950584,-0.032483444,-0.054210983,0.69135547,0.0,0.0,0.0,0.09693148,0.19419983,1.8264792,0.0,0.0,0.0,0.0,0.0,0.7362966799736023,0.000511692,-0.0012431856,0.00013484736,0.7363966159755359,0.7361158355558289,0.7363956536678602,0.7362786146951846
1777804246.9681163,0.0057625347,-0.06873392,0.8035646,0.10217111,0.12395549,2.5950584,-0.031827897,-0.05308927,0.69333935,0.0,0.0,0.0,0.096408576,0.19268942,1.7914939,0.0,0.0,0.0,0.0,0.0,0.7359990978240967,0.0009334934,-0.0013187444,0.00031355134,0.7360852114425501,0.7357248534017707,0.7361239833070435,0.736062343145023
1777804246.987912,0.0060908715,-0.067786075,0.8258003,0.10217111,0.12395549,2.5950584,-0.031401947,-0.052389547,0.6944363,0.0,0.0,0.0,0.096080236,0.19174156,1.7692581,0.0,0.0,0.0,0.0,0.0,0.7358345532417297,0.0005553344,-0.0010814025,0.00024478382,0.7358920570486219,0.735630179143045,0.7359500738396314,0.7358659029356212
1777804247.0081997,0.006511655,-0.066531666,0.8582774,0.10217111,0.12395549,2.5950584,-0.030826157,-0.051464852,0.695287,0.0,0.0,0.0,0.09565945,0.19048715,1.7367811,0.0,0.0,0.0,0.0,0.0,0.7357069516181945,-0.00042108292,0.00026416822,0.00029781816,0.7355627860792441,0.7356724262621718,0.7358088502415926,0.7357837438897703
1777804247.0286145,0.006771055,-0.06575431,0.8793088,0.10217111,0.12395549,2.5950584,-0.030438276,-0.050869398,0.6955508,0.0,0.0,0.0,0.09540005,0.1897098,1.7157496,0.0,0.0,0.0,0.0,0.0,0.7356673800945281,-0.0007838324,0.0019174118,0.00048593536,0.7353054999490263,0.7357376990211194,0.7357224743510601,0.7359038470569074
1777804247.0479074,0.007113313,-0.06471274,0.90970445,0.10217111,0.12395549,2.5950584,-0.02994311,-0.050092384,0.69525075,0.0,0.0,0.0,0.09505779,0.18866822,1.685354,0.0,0.0,0.0,0.0,0.0,0.7357123875617981,-0.0011862346,0.0030762295,-7.485537e-05,0.7353938470437419,0.7360758413030998,0.735538731363486,0.7358411305368653
1777804247.068113,0.0072209174,-0.06397861,0.92377895,0.10217111,0.12395549,2.5950584,-0.029848328,-0.04964157,0.6962153,0.0,0.0,0.0,0.09495019,0.1879341,1.6712794,0.0,0.0,0.0,0.0,0.0,0.7355677092075348,-0.0020250876,0.0029470401,-6.780121e-05,0.7351902793512266,0.7359858197883294,0.7354736126422362,0.7356211250483473
1777804247.0882146,0.007583166,-0.06126785,0.9782823,0.10217111,0.12395549,2.5950584,-0.029553408,-0.047896415,0.6993148,0.0,0.0,0.0,0.094587944,0.18522334,1.6167762,0.0,0.0,0.0,0.0,0.0,0.73510278403759,-0.0014312735,0.00020351498,0.00010105329,0.7349416849706898,0.735203251132334,0.7352313207075353,0.7350348793398014
1777804247.1081927,0.007649401,-0.060658965,0.9916136,0.10217111,0.12395549,2.5950584,-0.029468814,-0.047507416,0.69981,0.0,0.0,0.0,0.09452171,0.18461445,1.6034448,0.0,0.0,0.0,0.0,0.0,0.7350284957885742,-0.00085667695,-0.0006002819,0.00016551794,0.734958328805514,0.7349993520096176,0.7351947078801463,0.7349615944590194
1777804247.1284013,0.0078690685,-0.058857445,1.0293716,0.10217111,0.12395549,2.5950584,-0.029264614,-0.046414398,0.7011992,0.0,0.0,0.0,0.09430204,0.18281293,1.5656868,0.0,0.0,0.0,0.0,0.0,0.7348201239109039,0.00020296831,-0.0023385815,8.216352e-05,0.7349987988389324,0.7345921508717582,0.7350156220205831,0.7346739239123424
1777804247.1480572,0.007976066,-0.057775985,1.0538163,0.10217111,0.12395549,2.5950584,-0.029148035,-0.045751784,0.70158094,0.0,0.0,0.0,0.09419504,0.18173148,1.5412421,0.0,0.0,0.0,0.0,0.0,0.7347628587484359,0.0007943909,-0.0028732284,0.00019202952,0.7349986594379874,0.7344118403480386,0.7349867746024397,0.7346541606052787
1777804247.1680596,0.008092907,-0.05627514,1.0894746,0.10217111,0.12395549,2.5950584,-0.028955622,-0.04476857,0.7015645,0.0,0.0,0.0,0.0940782,0.18023063,1.5055839,0.0,0.0,0.0,0.0,0.0,0.7347653263807297,0.0009506135,-0.00116638,0.00018933314,0.7348778859229054,0.7345391669572563,0.734839387640241,0.7348048650025165
1777804247.1880834,0.0074621676,-0.055291336,1.1143228,0.10217111,0.12395549,2.5950584,-0.029386783,-0.044116586,0.7020549,0.0,0.0,0.0,0.09470894,0.17924683,1.4807357,0.0,0.0,0.0,0.0,0.0,0.7346917623281479,0.00078134576,0.001103051,0.00027547055,0.7345833847438912,0.7346348575828596,0.7346236517513176,0.734925155234524
1777804247.2080379,0.0061295875,-0.05433244,1.1413178,0.10217111,0.12395549,2.5950584,-0.030343266,-0.043512695,0.7029991,0.0,0.0,0.0,0.09604152,0.17828792,1.4537406,0.0,0.0,0.0,0.0,0.0,0.7345501327514649,0.00033877298,0.0028980712,0.00020434926,0.7342840841173888,0.7346935718314488,0.7343524899944901,0.7348703850625323
1777804247.2283585,0.004214157,-0.05296583,1.1793691,0.10217111,0.12395549,2.5950584,-0.031710763,-0.042602044,0.7040577,0.0,0.0,0.0,0.09795695,0.17692132,1.4156893,0.0,0.0,0.0,0.0,0.0,0.7343913459777832,-0.0015628128,0.0040105833,0.0002589589,0.7338677866198117,0.7347595299966633,0.734273212011904,0.7346648552827545
1777804247.2480078,0.0029401225,-0.05214059,1.2042153,0.10217111,0.12395549,2.5950584,-0.032568257,-0.042007037,0.704196,0.0,0.0,0.0,0.09923098,0.17609608,1.3908432,0.0,0.0,0.0,0.0,0.0,0.7343706035614014,-0.0030745948,0.003580547,-6.074299e-05,0.7338564151215536,0.7349212377953517,0.7343119044911878,0.734392856837513
1777804247.2681427,0.0010686745,-0.051009532,1.2400602,0.10217111,0.12395549,2.5950584,-0.033840712,-0.04119011,0.7039827,0.0,0.0,0.0,0.101102434,0.17496502,1.3549982,0.0,0.0,0.0,0.0,0.0,0.7344025933742523,-0.0038406462,0.0015870923,-8.6224245e-06,0.733970961018785,0.7348393991844203,0.7345802909626222,0.7342197223311822
1777804247.2882302,-0.00014807422,-0.0503251,1.2629158,0.10217111,0.12395549,2.5950584,-0.03463186,-0.040700387,0.70352566,0.0,0.0,0.0,0.10231918,0.17428058,1.3321426,0.0,0.0,0.0,0.0,0.0,0.734471150636673,-0.0029860241,0.00029635694,-7.1933646e-05,0.7342301402443258,0.7347553212165076,0.7346647439182566,0.7342343971676026
1777804247.308045,-0.0019521508,-0.049394168,1.2960546,0.10217111,0.12395549,2.5950584,-0.03577519,-0.040066607,0.7024566,0.0,0.0,0.0,0.10412326,0.17334965,1.2990038,0.0,0.0,0.0,0.0,0.0,0.7346315109729766,-0.00089388713,-0.002651187,0.00018139833,0.7347176754561945,0.7344365074945379,0.7349695363926007,0.7344023245485739
1777804247.328339,-0.0034503909,-0.047816396,1.3205615,0.10217111,0.12395549,2.5950584,-0.036953684,-0.0388297,0.703639,0.0,0.0,0.0,0.1056215,0.17177188,1.2744969,0.0,0.0,0.0,0.0,0.0,0.7344541543722153,4.928105e-05,-0.0038533385,0.0002584272,0.7346888357790881,0.7340644166449782,0.7348360071313805,0.734227357933415
1777804247.3480036,-0.0056852656,-0.045609817,1.3563359,0.10217111,0.12395549,2.5950584,-0.03860122,-0.037135657,0.7048958,0.0,0.0,0.0,0.10785637,0.1695653,1.2387226,0.0,0.0,0.0,0.0,0.0,0.7342656308412552,0.0017637135,-0.0029359427,0.00023203356,0.734571993274439,0.7338200482705723,0.7344290192445628,0.7342414625754471
1777804247.3681717,-0.0071615926,-0.04421379,1.3793093,0.10217111,0.12395549,2.5950584,-0.03966909,-0.036037497,0.70543283,0.0,0.0,0.0,0.1093327,0.16816927,1.2157491,0.0,0.0,0.0,0.0,0.0,0.7341850751638412,0.0028132116,-0.0013385233,0.00011114564,0.7344838702719421,0.7338195926736806,0.7341004437912493,0.7343363939184936
1777804247.3879342,-0.010104403,-0.04166173,1.4237169,0.10217111,0.12395549,2.5950584,-0.041679524,-0.03393305,0.7053283,0.0,0.0,0.0,0.11227551,0.16561721,1.1713415,0.0,0.0,0.0,0.0,0.0,0.7342007571458816,0.003907173,0.0008688046,0.00018099847,0.7343895270745264,0.733903388136532,0.7338729784847241,0.7346371348877445
1777804247.408042,-0.011549932,-0.04046597,1.4449223,0.10217111,0.12395549,2.5950584,-0.042617533,-0.03298669,0.70492643,0.0,0.0,0.0,0.11372104,0.16442145,1.1501361,0.0,0.0,0.0,0.0,0.0,0.734261035323143,0.0044022463,0.0010699513,0.00035590757,0.7344208466511912,0.7338876794528914,0.7339300317812018,0.7348055834072883
1777804247.4280941,-0.014087927,-0.03905916,1.477482,0.10217111,0.12395549,2.5950584,-0.044512853,-0.032020852,0.70477116,0.0,0.0,0.0,0.11625904,0.16301465,1.1175765,0.0,0.0,0.0,0.0,0.0,0.734284325838089,0.0038827627,0.0011954283,0.00024359832,0.7344262330970373,0.733996259587875,0.7339511500493977,0.7347636606180467
1777804247.4480124,-0.015162076,-0.03880117,1.4890013,0.10217111,0.12395549,2.5950584,-0.045462307,-0.031938825,0.7052494,0.0,0.0,0.0,0.11733318,0.16275665,1.1060572,0.0,0.0,0.0,0.0,0.0,0.7342125856876374,0.0036890868,0.0006458728,0.00022782145,0.734387696369958,0.73390078213386,0.733934135359305,0.734627728887427
1777804247.4679308,-0.019460782,-0.037897788,1.5342808,0.10217111,0.12395549,2.5950584,-0.049076565,-0.03162683,0.706233,0.0,0.0,0.0,0.12163189,0.16185328,1.0607777,0.0,0.0,0.0,0.0,0.0,0.7340650463104248,0.0010128396,-0.0018327496,5.4496988e-05,0.7342763443490543,0.7338210500789863,0.7341469882043025,0.7340158026093566
1777804247.4879174,-0.02158028,-0.037501704,1.5559895,0.10217111,0.12395549,2.5950584,-0.050775662,-0.031450715,0.70628923,0.0,0.0,0.0,0.12375139,0.1614572,1.0390689,0.0,0.0,0.0,0.0,0.0,0.7340566152334214,0.00032928083,-0.0026267008,0.00011994128,0.7342571113788284,0.7337841543200192,0.734276391214808,0.7339088040200303
1777804247.5080106,-0.024681443,-0.036939,1.5872227,0.10217111,0.12395549,2.5950584,-0.053001057,-0.031079695,0.70590734,0.0,0.0,0.0,0.12685256,0.16089448,1.0078357,0.0,0.0,0.0,0.0,0.0,0.7341138982772827,-0.00031584082,-0.0031046486,-0.00013632732,0.7343779010913561,0.7339316918543771,0.7343466392316627,0.7337993609317353
1777804247.5283961,-0.02570952,-0.036766306,1.5974085,0.10217111,0.12395549,2.5950584,-0.053739663,-0.03095069,0.7056758,0.0,0.0,0.0,0.12788063,0.1607218,0.9976499,0.0,0.0,0.0,0.0,0.0,0.7339371246099472,-0.00025657564,-0.002908943,3.7150843e-05,0.7341381687445386,0.7337137899694789,0.7342015113534585,0.7336950283723135
1777804247.547927,-0.02979502,-0.03617225,1.6371415,0.10217111,0.12395549,2.5950584,-0.056521572,-0.030591846,0.70407027,0.0,0.0,0.0,0.13196613,0.16012773,0.957917,0.0,0.0,0.0,0.0,0.0,0.7306019872426986,-0.000630871,-0.003300203,-3.3587763e-05,0.730825610133615,0.7303985170095983,0.7309063968334526,0.7302774249941293
1777804247.5680895,-0.030930424,-0.035751298,1.6492865,0.10217111,0.12395549,2.5950584,-0.057175193,-0.030465106,0.7045572,0.0,0.0,0.0,0.13310154,0.15970679,0.94577193,0.0,0.0,0.0,0.0,0.0,0.7294358968734741,-0.0004134812,-0.0032083162,-0.00018249647,0.7297142326115857,0.7292670590180204,0.7296708917216169,0.7290914041426739
1777804247.588039,-0.03541014,-0.034252044,1.6964134,0.10217111,0.12395549,2.5950584,-0.059596498,-0.030055843,0.7045619,0.0,0.0,0.0,0.13758124,0.15820754,0.89864504,0.0,0.0,0.0,0.0,0.0,0.7251937705278396,-0.0006240777,-0.0031402989,-8.6741726e-05,0.725421090741292,0.7250184953497955,0.725468898135587,0.7248665978846847
1777804247.6083696,-0.036513034,-0.03391425,1.7078102,0.10217111,0.12395549,2.5950584,-0.06016902,-0.02996633,0.70409745,0.0,0.0,0.0,0.13868414,0.15786974,0.8872483,0.0,0.0,0.0,0.0,0.0,0.72423772752285,-0.0005504118,-0.003023329,-0.000118106334,0.7244709927945218,0.7240753260518248,0.7244881948844708,0.7239163963605831
1777804247.6282895,-0.039774105,-0.032961145,1.7410039,0.10217111,0.12395549,2.5950584,-0.06182381,-0.029742904,0.7014134,0.0,0.0,0.0,0.14194521,0.15691663,0.8540546,0.0,0.0,0.0,0.0,0.0,0.7216529023647308,-0.0007612276,-0.0015260774,2.4721367e-05,0.7217066739363867,0.7215842979731313,0.7218433031761746,0.7214773343732311
1777804247.6480443,-0.041930772,-0.032392763,1.76255,0.10217111,0.12395549,2.5950584,-0.062836155,-0.029598966,0.69827056,0.0,0.0,0.0,0.14410189,0.15634826,0.83250844,0.0,0.0,0.0,0.0,0.0,0.7201851761341095,-0.0007914946,0.00042733693,8.148687e-05,0.7200632235498046,0.720258236597001,0.7202387548101256,0.7201804895795074
1777804247.668171,-0.045070738,-0.031587165,1.7932673,0.10217111,0.12395549,2.5950584,-0.064217344,-0.029340878,0.6922166,0.0,0.0,0.0,0.14724185,0.15554266,0.8017912,0.0,0.0,0.0,0.0,0.0,0.7183287209272384,-6.1341096e-05,0.00369056,-9.2957955e-05,0.7180564562167268,0.718656760410522,0.7180104960192697,0.7185911710624358
1777804247.6881254,-0.047474824,-0.031407993,1.813737,0.10217111,0.12395549,2.5950584,-0.06543754,-0.029423634,0.6877364,0.0,0.0,0.0,0.14964592,0.15536349,0.7813214,0.0,0.0,0.0,0.0,0.0,0.7171584677696228,0.0005718743,0.004944348,-0.00013847725,0.7168502130673727,0.7175498088204766,0.7166756268276372,0.7175582223630053
1777804247.7080643,-0.050187506,-0.031545166,1.8343223,0.10217111,0.12395549,2.5950584,-0.06692513,-0.029792493,0.6832236,0.0,0.0,0.0,0.15235862,0.15550065,0.7607361,0.0,0.0,0.0,0.0,0.0,0.7159827089309693,0.0005785575,0.0046313545,0.00013362129,0.7156183987858816,0.7162668463031877,0.7156060023602918,0.7164395882745165
1777804247.729578,-0.05421793,-0.031867128,1.8647685,0.10217111,0.12395549,2.5950584,-0.06899909,-0.030407675,0.67447174,0.0,0.0,0.0,0.15638904,0.15582262,0.73028994,0.0,0.0,0.0,0.0,0.0,0.7145553338527679,0.00094314595,0.0022613932,9.200517e-05,0.7144222725191497,0.7146331920856026,0.7143265722683286,0.7148392985379913
1777804247.7516067,-0.056747623,-0.032072525,1.8833691,0.10217111,0.12395549,2.5950584,-0.070295714,-0.030781558,0.6687049,0.0,0.0,0.0,0.15891874,0.15602802,0.71168935,0.0,0.0,0.0,0.0,0.0,0.7137463027238846,0.0008922537,-0.00018079556,-0.0002255541,0.7138998128962698,0.7137281250138766,0.7136217198404489,0.7137355531449437
1777804247.7681649,-0.061815396,-0.032611165,1.9202102,0.10217111,0.12395549,2.5950584,-0.072697766,-0.03157295,0.6544927,0.0,0.0,0.0,0.1639865,0.15656665,0.6748482,0.0,0.0,0.0,0.0,0.0,0.7125624364614487,0.00018810609,-0.004256057,0.00012699679,0.7128798704783543,0.7121688043701578,0.712925971578516,0.7122750994187671
1777804247.7890143,-0.06323626,-0.032859612,1.9306775,0.10217111,0.12395549,2.5950584,-0.07329083,-0.031883053,0.6489844,0.0,0.0,0.0,0.16540736,0.1568151,0.6643809,0.0,0.0,0.0,0.0,0.0,0.712446625828743,2.7033617e-05,-0.004815374,-0.00022777134,0.7129023498416057,0.7121275646172579,0.7127613616615421,0.7119952271945665
1777804247.8090737,-0.065671846,-0.03320172,1.9478023,0.10217111,0.12395549,2.5950584,-0.07437341,-0.032346394,0.64112985,0.0,0.0,0.0,0.16784295,0.15715721,0.64725614,0.0,0.0,0.0,0.0,0.0,0.7120835745334625,-0.00038300588,-0.0051627466,-0.00014991986,0.7125109297508601,0.7117461712291696,0.7124822587793465,0.7115949383744744
1777804247.8285136,-0.06797768,-0.033098288,1.9696757,0.10217111,0.12395549,2.5950584,-0.07498297,-0.032428034,0.63108736,0.0,0.0,0.0,0.17014879,0.15705377,0.6253828,0.0,0.0,0.0,0.0,0.0,0.7116213458776474,-0.0007078701,-0.003909392,8.098928e-05,0.711853170829417,0.7113409273573778,0.7120150236165504,0.7112762617072447
1777804247.8484178,-0.07042967,-0.03198167,2.00196,0.10217111,0.12395549,2.5950584,-0.0751754,-0.031922106,0.6206481,0.0,0.0,0.0,0.17260078,0.15593717,0.5930984,0.0,0.0,0.0,0.0,0.0,0.7102816432714463,-0.00090356695,-0.00042350852,-0.00028964377,0.7103301317268046,0.7104069410753435,0.7103009161795495,0.710088584104088
1777804247.8683307,-0.07193934,-0.03127495,2.0217633,0.10217111,0.12395549,2.5950584,-0.07527913,-0.031651612,0.6141038,0.0,0.0,0.0,0.17411044,0.15523043,0.5732951,0.0,0.0,0.0,0.0,0.0,0.7094809913635254,-0.0007654675,0.00092743576,-0.00029367127,0.7094336604815902,0.7097045250074006,0.7093799325241712,0.7094058474409402
1777804247.88792,-0.0750023,-0.030039664,2.0604389,0.10217111,0.12395549,2.5950584,-0.07548935,-0.031139996,0.5988973,0.0,0.0,0.0,0.1771734,0.15399516,0.53461957,0.0,0.0,0.0,0.0,0.0,0.7082811695337295,-0.00080806797,0.002175312,-0.0002663268,0.7081223971728463,0.7085997379716718,0.7080918919708351,0.7083106510195656
1777804247.9080524,-0.07575164,-0.029769512,2.0696306,0.10217111,0.12395549,2.5950584,-0.07553698,-0.031030666,0.5947843,0.0,0.0,0.0,0.17792276,0.153725,0.5254278,0.0,0.0,0.0,0.0,0.0,0.7080708557367325,-0.0009925866,0.002402532,-0.00023205683,0.7078688633046107,0.7084120822674593,0.7078884430625481,0.7081140343123123
1777804247.9282556,-0.078037694,-0.028996484,2.0971723,0.10217111,0.12395549,2.5950584,-0.075711645,-0.030702835,0.58151215,0.0,0.0,0.0,0.1802088,0.15295197,0.49788618,0.0,0.0,0.0,0.0,0.0,0.7075829333066941,-0.0010998524,0.002837241,-0.00018893009,0.7073246448693675,0.7079545797986793,0.707387263195415,0.707665245363315
1777804247.9484332,-0.078566246,-0.028701106,2.1179175,0.10217111,0.12395549,2.5950584,-0.075169735,-0.030494856,0.57344073,0.0,0.0,0.0,0.18073735,0.1526566,0.4771409,0.0,0.0,0.0,0.0,0.0,0.706926571726799,-0.0010260354,0.0028592204,-0.00030443096,0.7067070805514225,0.7073287214757873,0.7066885876422752,0.7069818972377114
1777804247.968202,-0.07797978,-0.028459636,2.1535566,0.10217111,0.12395549,2.5950584,-0.07342525,-0.030117067,0.56303126,0.0,0.0,0.0,0.1801509,0.15241513,0.44150186,0.0,0.0,0.0,0.0,0.0,0.7052804785966873,-0.0010821851,0.001260762,-0.00039309173,0.7052109703508899,0.7055858418805291,0.7051482649246468,0.705176837230684
1777804247.9880064,-0.077520266,-0.028284922,2.187641,0.10217111,0.12395549,2.5950584,-0.07184691,-0.029795518,0.5510819,0.0,0.0,0.0,0.17969137,0.15224041,0.40741754,0.0,0.0,0.0,0.0,0.0,0.7040052938461303,-0.0009907383,-0.00023545817,-9.1094844e-05,0.7039721998904127,0.7040930447081335,0.7040760611084992,0.7038798696774764
1777804248.0081005,-0.07756682,-0.028346546,2.2101228,0.10217111,0.12395549,2.5950584,-0.07088845,-0.029701566,0.53890496,0.0,0.0,0.0,0.17973793,0.15230203,0.38493562,0.0,0.0,0.0,0.0,0.0,0.7038084608316422,-0.00049339177,-0.0013184076,2.8178332e-05,0.7038660085981968,0.7037340060657151,0.7039618582801636,0.7036719703824936
1777804248.0280948,-0.07739645,-0.028333375,2.2293036,0.10217111,0.12395549,2.5950584,-0.069957644,-0.029581012,0.5291856,0.0,0.0,0.0,0.17956756,0.15228887,0.36575484,0.0,0.0,0.0,0.0,0.0,0.7035400968790054,-4.118122e-05,-0.0022078482,-5.70826e-05,0.7037305550211744,0.7033838882976851,0.7037028944557828,0.70334304974138
1777804248.0480728,-0.077579044,-0.028482527,2.2497392,0.10217111,0.12395549,2.5950584,-0.06906867,-0.029524771,0.5150235,0.0,0.0,0.0,0.17975014,0.15243801,0.34531927,0.0,0.0,0.0,0.0,0.0,0.7038252049684525,0.00022386631,-0.0022696326,-0.00033361424,0.7041247691574967,0.7037258093233685,0.7038887820031964,0.7035614593897488
1777804248.068112,-0.07748989,-0.028526349,2.2670403,0.10217111,0.12395549,2.5950584,-0.06819704,-0.029448817,0.50434554,0.0,0.0,0.0,0.179661,0.15248184,0.3280182,0.0,0.0,0.0,0.0,0.0,0.7038698065280914,0.00027874345,-0.0022137242,-1.8083369e-05,0.704074628949856,0.7036758341274616,0.7040191799767858,0.7037095830582628
1777804248.088113,-0.07873176,-0.028628886,2.289713,0.10217111,0.12395549,2.5950584,-0.06763267,-0.029255144,0.4908939,0.0,0.0,0.0,0.18090287,0.15258437,0.30534554,0.0,0.0,0.0,0.0,0.0,0.7038470131158828,-0.0006052365,-0.0017376228,-0.00037200848,0.7040492065611755,0.7038680247578303,0.7039228393149101,0.7035479818296161
1777804248.1090841,-0.08048105,-0.0286144,2.3274708,0.10217111,0.12395549,2.5950584,-0.066556476,-0.028824009,0.47166187,0.0,0.0,0.0,0.18265216,0.15256989,0.26758766,0.0,0.0,0.0,0.0,0.0,0.703333609700203,-0.001964524,-0.0006274772,-3.835522e-05,0.7032381525278465,0.7034520800054451,0.7035294632225855,0.7031147430449354
1777804248.1280394,-0.08131671,-0.028631587,2.3451376,0.10217111,0.12395549,2.5950584,-0.0659837,-0.02865402,0.461718,0.0,0.0,0.0,0.18348782,0.15258707,0.24992085,0.0,0.0,0.0,0.003986664646168862,-0.0016540092421351682,0.7364450246095657,-0.0021432717,-0.0001895478,-0.00014802779,0.7340004796271294,0.7389783862636335,0.73094656794852,0.7418546645989805
1777804248.148036,-0.08254005,-0.028674187,2.3706582,0.10217111,0.12395549,2.5950584,-0.065170616,-0.02840828,0.4493109,0.0,0.0,0.0,0.18471116,0.15262967,0.22440028,0.0,0.0,0.0,0.003936597199869263,-0.0016425874732430112,0.7274068713188171,-0.0048761163,-0.0056691114,0.00014078377,0.7251340660688425,0.7295952063068549,0.7227135399908037,0.7321846729087678
1777804248.1681235,-0.08320829,-0.028822348,2.3805077,0.10217111,0.12395549,2.5950584,-0.06493868,-0.028404355,0.44660574,0.0,0.0,0.0,0.1853794,0.15277784,0.21455073,0.0,0.0,0.0,0.003922168678284414,-0.0016438016601557236,0.7232936441898346,-0.009720936,-0.01771048,0.00023048381,0.7215852955816313,0.7248637025104596,0.7199913323757111,0.7267342462915367
1777804248.1879919,-0.08466977,-0.028983073,2.4074519,0.10217111,0.12395549,2.5950584,-0.06414054,-0.028147258,0.44210345,0.0,0.0,0.0,0.18684088,0.15293856,0.18760657,0.0,0.0,0.0,0.0038729292646749423,-0.0016318226381803224,0.7111722528934479,-0.021648554,-0.047695816,-4.8479327e-05,0.7110294709796678,0.7113441224035674,0.7112005067679903,0.7111149114225667
1777804248.207939,-0.08500011,-0.028721472,2.4291897,0.10217111,0.12395549,2.5950584,-0.06287189,-0.028124254,0.44098696,0.0,0.0,0.0,0.18717122,0.15267695,0.16586876,0.0,0.0,0.0,0.0037961624141300463,-0.0016330750744323107,0.7006382912397384,-0.026429933,-0.062575705,0.00012194099,0.7013302834259472,0.6998731344597514,0.7023660870811808,0.698983659992075
1777804248.228075,-0.08544624,-0.028429382,2.4590752,0.10217111,0.12395549,2.5950584,-0.060762256,-0.027967596,0.43463755,0.0,0.0,0.0,0.18761735,0.15238488,0.13598323,0.0,0.0,0.0,0.003668874254105745,-0.0016268445685228249,0.6876003503799438,-0.02775103,-0.07218421,0.00024288674,0.6890401092393924,0.6860148594736911,0.6903723170132144,0.6849741157934779
1777804248.248116,-0.08575037,-0.028281765,2.47843,0.10217111,0.12395549,2.5950584,-0.059147075,-0.02780638,0.42654976,0.0,0.0,0.0,0.18792148,0.15223725,0.11662841,0.0,0.0,0.0,0.003571455490034283,-0.0016193638310729175,0.68034927546978,-0.026784653,-0.07180047,-0.00011387311,0.6820326111443199,0.6787342636609468,0.683011104071519,0.6776191230023346
1777804248.269441,-0.08617645,-0.028172975,2.5040944,0.10217111,0.12395549,2.5950584,-0.05655492,-0.027491301,0.40815714,0.0,0.0,0.0,0.18834755,0.15212846,0.09096408,0.0,0.0,0.0,0.003415172313405481,-0.0016036523591375928,0.6730348974466324,-0.023774717,-0.062022626,-0.00037333748,0.6743952114869295,0.6718985858919638,0.6747678590035232,0.6710779334041136
1777804248.2880282,-0.086476825,-0.028165616,2.519882,0.10217111,0.12395549,2.5950584,-0.05468069,-0.027232872,0.39182147,0.0,0.0,0.0,0.18864793,0.1521211,0.07517648,0.0,0.0,0.0,0.0033022651893809306,-0.0015901589527074944,0.6700417965650558,-0.02132331,-0.053174004,-0.00013304455,0.6709176591937913,0.6692457606675545,0.6710692441909507,0.6689345222079274
1777804248.308349,-0.08672598,-0.028173627,2.534394,0.10217111,0.12395549,2.5950584,-0.05276195,-0.026943872,0.3738634,0.0,0.0,0.0,0.18889709,0.15212911,0.060664415,0.0,0.0,0.0,0.0031867057532411567,-0.0015747556679357188,0.6681731879711151,-0.018879607,-0.044027444,-2.2725806e-05,0.6685798825600537,0.6677801288658045,0.6684374729117277,0.6678952675468751
1777804248.3279817,-0.08639903,-0.028327826,2.5631168,0.10217111,0.12395549,2.5950584,-0.048673604,-0.026343003,0.3399634,0.0,0.0,0.0,0.18857014,0.15228331,0.031941652,0.0,0.0,0.0,0.0029406573882845644,-0.0015424527513234487,0.6639818042516709,-0.016579546,-0.0344173,-7.12518e-05,0.6640319955856561,0.663974363998449,0.6635570663677399,0.664363791054839
1777804248.3483937,-0.08575496,-0.028395047,2.581793,0.10217111,0.12395549,2.5950584,-0.04587708,-0.026002267,0.3205732,0.0,0.0,0.0,0.18792607,0.15235053,0.013265371,0.0,0.0,0.0,0.0027726202127511513,-0.0015241562803226948,0.6604607224464416,-0.015908787,-0.03162907,-0.00028984575,0.6605568349268245,0.6605385174136644,0.659880020842894,0.6608675166023842
1777804248.3684206,-0.08516465,-0.028509567,2.5985177,0.10217111,0.12395549,2.5950584,-0.04311887,-0.0256469,0.2993923,0.0,0.0,0.0,0.18733576,0.15246506,-0.0034592152,0.0,0.0,0.0,0.002607036025089684,-0.0015046694474106336,0.6584526985883713,-0.016272916,-0.031033076,-0.00024430404,0.6586044360890898,0.6584475435134569,0.6580521812528206,0.6587066334981184
1777804248.3880465,-0.084348716,-0.028747411,2.62076,0.10217111,0.12395549,2.5950584,-0.039060928,-0.025101515,0.26450193,0.0,0.0,0.0,0.18651983,0.1527029,-0.025701523,0.0,0.0,0.0,0.0023634532628802017,-0.001474628719005222,0.6577986598014831,-0.017832771,-0.03164074,-0.00031933718,0.6581102737964066,0.6576786481153277,0.6578226574006111,0.6575830598935876
1777804248.4084692,-0.08380617,-0.028923608,2.6340373,0.10217111,0.12395549,2.5950584,-0.036361396,-0.024725018,0.24035351,0.0,0.0,0.0,0.18597728,0.15287909,-0.038978815,0.0,0.0,0.0,0.0022014081641951663,-0.0014538586184661595,0.6584045395255089,-0.01912049,-0.03258788,3.6930156e-05,0.6587233019911689,0.6580636189662142,0.6588970212764261,0.657934215868227
1777804248.428133,-0.08328671,-0.029126018,2.6462653,0.10217111,0.12395549,2.5950584,-0.033631213,-0.02428521,0.21477406,0.0,0.0,0.0,0.18545783,0.1530815,-0.051206827,0.0,0.0,0.0,0.0020374453698939997,-0.0014293943845771584,0.659964369237423,-0.01990847,-0.033285286,-0.00019988284,0.6604864284719251,0.6595622397054071,0.660693065067538,0.6591157437048223
1777804248.4482832,-0.08141521,-0.02876721,2.6685708,0.10217111,0.12395549,2.5950584,-0.028749242,-0.023245482,0.17794076,0.0,0.0,0.0,0.18358633,0.1527227,-0.073512316,0.0,0.0,0.0,0.0017439398438053755,-0.0013706905380724986,0.6598616153001785,-0.020457175,-0.032012984,-0.0001661814,0.6604626851773052,0.6593602542643497,0.6608947432004982,0.6587287785585613
1777804248.4681785,-0.07899212,-0.028097704,2.6916149,0.10217111,0.12395549,2.5950584,-0.023525367,-0.02196917,0.14339665,0.0,0.0,0.0,0.18116322,0.15205319,-0.096556425,0.0,0.0,0.0,0.0014297156322368454,-0.0012981817151588636,0.6587027937173844,-0.017731756,-0.028468795,-0.00019202247,0.659487829674695,0.6580329712450421,0.6596133337149146,0.6576770402348864
1777804248.4881952,-0.078166425,-0.027879385,2.6992333,0.10217111,0.12395549,2.5950584,-0.021687347,-0.021499973,0.13096885,0.0,0.0,0.0,0.18033753,0.15183488,-0.10417485,0.0,0.0,0.0,0.0013190829370330092,-0.0012715438316144745,0.6586219176650048,-0.016884215,-0.026619013,-0.00016115255,0.6594015081827981,0.6579390186779908,0.6594632034169671,0.6576839403822637
1777804248.5096495,-0.075763255,-0.027279826,2.7195075,0.10217111,0.12395549,2.5950584,-0.016445901,-0.020152587,0.09548771,0.0,0.0,0.0,0.17793436,0.15123531,-0.124449015,0.0,0.0,0.0,0.0010036006302658862,-0.0011950368175654845,0.6591291807591915,-0.015100682,-0.02022797,-0.000301394,0.6598212182187057,0.6586179796999266,0.6596664173280133,0.6584111077901208
1777804248.5281248,-0.074230224,-0.02694315,2.7313707,0.10217111,0.12395549,2.5950584,-0.012989977,-0.019218523,0.07048741,0.0,0.0,0.0,0.17640133,0.15089864,-0.13631225,0.0,0.0,0.0,0.0007955458331551534,-0.001141883952350724,0.6606976538896561,-0.014045297,-0.015814345,-0.00026323833,0.6612644873595099,0.6602887634152306,0.6610700240062918,0.6601673407775925
1777804248.5481086,-0.07196266,-0.02648144,2.7471924,0.10217111,0.12395549,2.5950584,-0.007856246,-0.017799223,0.032810878,0.0,0.0,0.0,0.17413378,0.15043692,-0.15213394,0.0,0.0,0.0,0.0004864373673968858,-0.0010610721911220365,0.6640897657722235,-0.013472632,-0.010033028,-0.00033487173,0.6644896938448166,0.6638907607371121,0.6643222474768794,0.6636563610300863
1777804248.568545,-0.071053304,-0.026598634,2.7594488,0.10217111,0.12395549,2.5950584,-0.00473919,-0.017059352,0.008856044,0.0,0.0,0.0,0.17322442,0.15055412,-0.16439033,0.0,0.0,0.0,0.0002988274502416338,-0.001019348369792068,0.665148023981601,-0.013336432,-0.0065694456,-0.00016669804,0.6653771953873919,0.6650188713990959,0.665372308971146,0.6648237201687708
1777804248.5880945,-0.070459545,-0.027335312,2.78066,0.10217111,0.12395549,2.5950584,-0.0004177741,-0.01618719,-0.024723362,0.0,0.0,0.0,0.17263065,0.1512908,-0.18560147,0.0,0.0,0.0,3.8848388505964105e-05,-0.0009707280624856814,0.664616272225976,-0.013106187,-0.0018174436,-9.2795526e-05,0.6646728910991334,0.6646153306685038,0.6647727475583509,0.6644041195779163
1777804248.6085308,-0.07000098,-0.027864842,2.793162,0.10217111,0.12395549,2.5950584,0.0029840707,-0.015365212,-0.053335022,0.0,0.0,0.0,0.17217208,0.15182033,-0.19810367,0.0,0.0,0.0,-0.00016592944542687116,-0.0009243341563483415,0.6669486735016108,-0.01338775,0.0019625255,-0.00054619985,0.666974775023675,0.6672502918905476,0.6669404267844423,0.666629200307779
1777804248.6281803,-0.06950177,-0.02831932,2.8045504,0.10217111,0.12395549,2.5950584,0.005854687,-0.014676233,-0.0761914,0.0,0.0,0.0,0.17167288,0.1522748,-0.20949197,0.0,0.0,0.0,-0.00033873108212837674,-0.0008854622182387611,0.6681114368140697,-0.013364347,0.0036223333,-0.00043331148,0.6681066891589567,0.6683761713557039,0.6682140733076266,0.6677488134339923
1777804248.6482272,-0.06867698,-0.028963063,2.8197742,0.10217111,0.12395549,2.5950584,0.010062959,-0.01355909,-0.109786704,0.0,0.0,0.0,0.17084809,0.15291855,-0.22471571,0.0,0.0,0.0,-0.0005921647155565824,-0.0008220341868833802,0.6705781564116478,-0.013270691,0.0051557845,-0.00031238658,0.6706119532402409,0.6707317915282865,0.670903763487191,0.670065117390873
1777804248.668206,-0.06808332,-0.02936885,2.8286264,0.10217111,0.12395549,2.5950584,0.012830376,-0.012768274,-0.13178468,0.0,0.0,0.0,0.17025444,0.15332434,-0.23356795,0.0,0.0,0.0,-0.0007588765911014627,-0.0007769407668009486,0.6727514266967773,-0.013381502,0.005146137,-0.00041752233,0.6729302896628663,0.6728230771283106,0.6732669349972027,0.6719854049987304
1777804248.6880648,-0.06712043,-0.029948099,2.8402023,0.10217111,0.12395549,2.5950584,0.016990041,-0.01155515,-0.16461256,0.0,0.0,0.0,0.16929154,0.15390359,-0.24514389,0.0,0.0,0.0,-0.0010094804576420136,-0.0007076706304600732,0.6768118232488632,-0.013009693,0.0057818065,0.00012449827,0.6769883049292692,0.6765606426061853,0.6777292134373821,0.6759691320226168
1777804248.708334,-0.06538291,-0.03038617,2.8528206,0.10217111,0.12395549,2.5950584,0.021009011,-0.010310949,-0.18942471,0.0,0.0,0.0,0.16755402,0.15434165,-0.2577622,0.0,0.0,0.0,-0.0012516703324535006,-0.0006363802110016225,0.6779463157057762,-0.012231639,0.0074483207,-7.59293e-05,0.6782827482884359,0.6776554407051683,0.678921492469192,0.6769255813603093
1777804248.7283058,-0.06288533,-0.03093211,2.8704267,0.10217111,0.12395549,2.5950584,0.026093194,-0.008774013,-0.2165451,0.0,0.0,0.0,0.16505644,0.1548876,-0.2753682,0.0,0.0,0.0,-0.0015580139252506574,-0.0005483657549979015,0.6772794246673584,-0.01037078,0.010474974,-0.00011405499,0.6777523605178283,0.6768749218088628,0.6782465207810638,0.6762438955616791
1777804248.7480953,-0.06120953,-0.03126703,2.88082,0.10217111,0.12395549,2.5950584,0.029395988,-0.007686876,-0.23450013,0.0,0.0,0.0,0.16338064,0.15522252,-0.2857616,0.0,0.0,0.0,-0.001757088608445106,-0.0004858411457787276,0.677469240128994,-0.008911391,0.0143276965,-0.00014903811,0.6778977543314371,0.6771301487931359,0.6782624716995114,0.6765865856918921
1777804248.7680569,-0.059482116,-0.031574287,2.891061,0.10217111,0.12395549,2.5950584,0.032632,-0.0065977657,-0.25213274,0.0,0.0,0.0,0.16165322,0.15552977,-0.29600263,0.0,0.0,0.0,-0.001952154289885416,-0.0004231202632845776,0.6776385098695755,-0.0073864707,0.018791113,-0.00039820364,0.6780390388174876,0.6774769031076258,0.6781357114136275,0.6769023861395618
1777804248.78801,-0.055980954,-0.032119215,2.9087918,0.10217111,0.12395549,2.5950584,0.038812142,-0.004425757,-0.2883703,0.0,0.0,0.0,0.15815206,0.1560747,-0.31373334,0.0,0.0,0.0,-0.002324784108294041,-0.0002975321649081991,0.6796444237232209,-0.002798969,0.026380945,-0.00034254417,0.6800351101330412,0.6794592638143402,0.679682354330457,0.6794009666150457
1777804248.8086197,-0.054253995,-0.032359514,2.9153993,0.10217111,0.12395549,2.5950584,0.041753475,-0.0033234057,-0.30743018,0.0,0.0,0.0,0.1564251,0.156315,-0.32034087,0.0,0.0,0.0,-0.0025021737269765444,-0.000233580139284133,0.6820586174726486,-0.0008368122,0.029350907,-8.759939e-05,0.682405633650602,0.6817641609265712,0.6820198036909699,0.6820448716224519
1777804248.8280873,-0.051085282,-0.031301323,2.9336298,0.10217111,0.12395549,2.5950584,0.046090998,-0.00034698224,-0.3313762,0.0,0.0,0.0,0.15325639,0.15525681,-0.3385713,0.0,0.0,0.0,-0.002764830127671788,-5.8412706700600656e-05,0.6801272034645081,0.00067034375,0.032785438,3.6473197e-05,0.6803702968000536,0.679862226210873,0.6801681003041211,0.6801081905429851
1777804248.8480957,-0.050051253,-0.030954633,2.9390175,0.10217111,0.12395549,2.5950584,0.047454692,0.0006085273,-0.33912206,0.0,0.0,0.0,0.15222237,0.15491012,-0.3439591,0.0,0.0,0.0,-0.0028474211192395333,-2.1576589979012404e-06,0.6797570705413818,0.0006389646,0.033482496,-0.00017567472,0.6800318692475913,0.6795876766686197,0.6798199147623948,0.6795888214869219
1777804248.8680365,-0.04576614,-0.029455362,2.9601095,0.10217111,0.12395549,2.5950584,0.052754372,0.0044569885,-0.37086672,0.0,0.0,0.0,0.14793725,0.15341085,-0.36505103,0.0,0.0,0.0,-0.003168491116509131,0.0002245892317137632,0.6787344992160798,-0.0004940609,0.036245998,-0.00027877447,0.6788228287298295,0.6788134343868985,0.6791837922561261,0.6781179414914655
1777804248.8880851,-0.043666985,-0.0287234,2.9683785,0.10217111,0.12395549,2.5950584,0.055233445,0.0062834565,-0.38786137,0.0,0.0,0.0,0.1458381,0.15267889,-0.3733201,0.0,0.0,0.0,-0.0033186972894719167,0.00033223437563697497,0.679698359966278,-0.0002448621,0.037595797,-0.00010945948,0.6796904079681577,0.679771987650744,0.6803283789705195,0.6790026652756914
1777804248.9083035,-0.041606717,-0.028001685,2.9752393,0.10217111,0.12395549,2.5950584,0.05755041,0.008065773,-0.4054038,0.0,0.0,0.0,0.14377782,0.15195717,-0.38018084,0.0,0.0,0.0,-0.0034591488290366865,0.0004372880340038998,0.6815307199954986,0.00023366505,0.039036207,-0.00032799153,0.6815467749001057,0.6817114600061367,0.682187169644793,0.6806774754309596
1777804248.9281132,-0.039566975,-0.027284866,2.9807572,0.10217111,0.12395549,2.5950584,0.059761308,0.009827166,-0.42349258,0.0,0.0,0.0,0.14173809,0.15124035,-0.3856988,0.0,0.0,0.0,-0.003593233988153457,0.0005410994347332909,0.6841983765363693,0.0013870411,0.04085903,0.00012425921,0.6840554743155205,0.6842667232302642,0.6849903021420026,0.6834810064576904
1777804248.9481666,-0.035692904,-0.026492083,2.9912348,0.10217111,0.12395549,2.5950584,0.06335068,0.012152813,-0.44891435,0.0,0.0,0.0,0.13786401,0.15044758,-0.39617634,0.0,0.0,0.0,-0.0038104844734686426,0.0006776571703929157,0.6865861356258393,0.0036830194,0.04400722,-0.00017103074,0.6865443361555166,0.686730553540523,0.6872077489432303,0.6858619038640876
1777804248.9682095,-0.032911558,-0.026050197,2.998422,0.10217111,0.12395549,2.5950584,0.065673,0.013585082,-0.46436566,0.0,0.0,0.0,0.13508266,0.15000568,-0.40336347,0.0,0.0,0.0,-0.003950967667330516,0.0007617848324606601,0.6876279652118683,0.006205208,0.045268573,-4.851146e-05,0.6877066323065468,0.6875784049940893,0.688208261793144,0.6870185617536937
1777804248.988325,-0.0301165,-0.025574343,3.004157,0.10217111,0.12395549,2.5950584,0.06794707,0.015056648,-0.48054153,0.0,0.0,0.0,0.1322876,0.14952983,-0.40909863,0.0,0.0,0.0,-0.007116740104904887,0.0014278843333684764,0.6896131455898284,0.008498924,0.046517927,-0.00010178689,0.6922910171614278,0.6869963461538054,0.6937258858761024,0.6854393331679787
1777804249.0084274,-0.026095742,-0.024851419,3.0117297,0.10217111,0.12395549,2.5950584,0.07099518,0.017092666,-0.5024558,0.0,0.0,0.0,0.12826686,0.1488069,-0.41667128,0.0,0.0,0.0,-0.007448511587569124,0.0016312296241346713,0.6924010932445526,0.010139369,0.050885543,-0.00019376732,0.6950168114989784,0.6899016353835323,0.6965407112489135,0.6881452148467866
1777804249.0282981,-0.023378449,-0.024331547,3.0145247,0.10217111,0.12395549,2.5950584,0.072939485,0.018478887,-0.5188377,0.0,0.0,0.0,0.12554955,0.14828703,-0.41946626,0.0,0.0,0.0,-0.007661193914181822,0.0017699910912125018,0.6959181785583496,0.012281016,0.05953069,-0.00014266613,0.6980722073119259,0.6938497494845054,0.6995616271831552,0.6921891302538126
1777804249.0485513,-0.019536965,-0.023583423,3.018291,0.10217111,0.12395549,2.5950584,0.07543416,0.02030752,-0.5400214,0.0,0.0,0.0,0.12170807,0.14753892,-0.42323256,0.0,0.0,0.0,-0.007936333611709116,0.001953317394937173,0.7003901481628418,0.016635288,0.08284549,-0.00022165253,0.7011428442073453,0.6997704436373958,0.702254841469671,0.6983924633369558
1777804249.0684013,-0.016915405,-0.023016473,3.0228872,0.10217111,0.12395549,2.5950584,0.076752834,0.021660442,-0.55289376,0.0,0.0,0.0,0.11908651,0.14697196,-0.4278288,0.0,0.0,0.0,-0.008085904260121946,0.0020896379962747754,0.7019537329673767,0.021019015,0.09931683,-9.0877395e-05,0.7017134374502533,0.7022485549212242,0.7024751445322861,0.7013777949657439
1777804249.0885806,-0.012983408,-0.022068273,3.0333862,0.10217111,0.12395549,2.5950584,0.07805236,0.023815757,-0.56815684,0.0,0.0,0.0,0.11515452,0.14602377,-0.4383278,0.0,0.0,0.0,-0.008242896323595011,0.0023070774983266528,0.7012831568717957,0.027178455,0.115800254,-0.00039076153,0.7002464602444103,0.7025543104183141,0.7002776054988642,0.7020542513255946
1777804249.108425,-0.010456468,-0.02142706,3.039276,0.10217111,0.12395549,2.5950584,0.07851736,0.025170343,-0.5774845,0.0,0.0,0.0,0.11262757,0.14538255,-0.44421744,0.0,0.0,0.0,-0.008306763656608,0.002444388076584405,0.7011366248130798,0.030462539,0.11954163,-0.00041727032,0.6999978541828618,0.7025257576348793,0.6997622619326918,0.702260625501887
1777804249.12816,-0.0067433286,-0.020444127,3.0458782,0.10217111,0.12395549,2.5950584,0.07864132,0.02697669,-0.5922294,0.0,0.0,0.0,0.108914435,0.14439961,-0.45081973,0.0,0.0,0.0,-0.008344464097985957,0.0026286461821523055,0.702258962392807,0.033219628,0.11848428,-0.0001625237,0.7012023651828976,0.7034130738260232,0.7010470028381323,0.7033734077241757
1777804249.1481686,-0.0043353136,-0.019772992,3.049268,0.10217111,0.12395549,2.5950584,0.078397505,0.028097065,-0.6023795,0.0,0.0,0.0,0.10650642,0.14372848,-0.45420957,0.0,0.0,0.0,-0.008336439934994846,0.0027436594846292264,0.7036090672016144,0.034081377,0.11455711,-0.00045603156,0.7029005985044703,0.7045911548332011,0.7026612782050428,0.7042832372637441
1777804249.1682677,-0.00081545336,-0.01873964,3.052166,0.10217111,0.12395549,2.5950584,0.077388585,0.029585412,-0.6183317,0.0,0.0,0.0,0.10298656,0.14269513,-0.45710754,0.0,0.0,0.0,-0.008259285268639479,0.002898035160620067,0.7069457292556762,0.03470303,0.107766435,-0.0003329284,0.7065617856167065,0.7075294299395475,0.7066056139038792,0.7070860875625724
1777804249.1881447,0.002157266,-0.016982438,3.0574117,0.10217111,0.12395549,2.5950584,0.07557883,0.031131286,-0.63195777,0.0,0.0,0.0,0.100013845,0.14093792,-0.46235323,0.0,0.0,0.0,-0.008098947026948208,0.003063841308311459,0.7084107160568237,0.03507746,0.10040364,-0.00020752203,0.708281984256393,0.7086639610725227,0.708672760040118,0.7080241588582616
1777804249.208327,0.004390032,-0.013816032,3.0662677,0.10217111,0.12395549,2.5950584,0.072660536,0.033066392,-0.6432731,0.0,0.0,0.0,0.09778108,0.13777152,-0.4712093,0.0,0.0,0.0,-0.007824354864686843,0.0032781516929314943,0.707377290725708,0.03531254,0.09999976,-0.00018519328,0.7068040741007794,0.708061623316046,0.7075992549885642,0.7070442104974428
1777804249.2283492,0.0057850294,-0.011801996,3.0709546,0.10217111,0.12395549,2.5950584,0.07046084,0.034160577,-0.65057886,0.0,0.0,0.0,0.096386075,0.13575749,-0.47589612,0.0,0.0,0.0,-0.007615072013066318,0.0034013385549761565,0.7072255969047546,0.036057223,0.10005237,-0.00027915408,0.7064034646665808,0.7082152215882533,0.70726949370968,0.7070142076545051
1777804249.248251,0.007820917,-0.008852957,3.0758557,0.10217111,0.12395549,2.5950584,0.06663591,0.035566878,-0.6626312,0.0,0.0,0.0,0.09435019,0.13280845,-0.4807973,0.0,0.0,0.0,-0.007247906431454165,0.0035632964854434546,0.7083907186985016,0.037887998,0.09983663,-0.00014684325,0.7071634908434655,0.7097060525008982,0.7081398981989471,0.708553433250696
1777804249.2682652,0.009059783,-0.006964227,3.0786278,0.10217111,0.12395549,2.5950584,0.06388568,0.036320698,-0.6704725,0.0,0.0,0.0,0.09311132,0.13091971,-0.48356938,0.0,0.0,0.0,-0.006982116722232945,0.003652945713376674,0.7093570590019226,0.040445328,0.09815482,-4.2486405e-05,0.7080822165127498,0.7106573933339202,0.7088913636552725,0.7097972625057485
1777804249.2881873,0.010827243,-0.0042346,3.080475,0.10217111,0.12395549,2.5950584,0.059248943,0.037265766,-0.6828683,0.0,0.0,0.0,0.091343865,0.12819009,-0.48541665,0.0,0.0,0.0,-0.006531473600216935,0.003769288220376108,0.7121521651744842,0.044863813,0.09533278,-0.00014074147,0.7109190556853784,0.7134697195440749,0.7111949772255808,0.7130249082429033
1777804249.3083358,0.011973518,-0.0025103064,3.0839531,0.10217111,0.12395549,2.5950584,0.055942032,0.037644077,-0.6899614,0.0,0.0,0.0,0.09019759,0.1264658,-0.4888947,0.0,0.0,0.0,-0.006208882485593495,0.0038216197461344594,0.7125410616397858,0.047966495,0.09241465,-8.370882e-05,0.711397584851321,0.7137347637219212,0.7113159598249136,0.713715938160988
1777804249.328378,0.0136633245,-2.7262955e-05,3.091924,0.10217111,0.12395549,2.5950584,0.050536357,0.037921093,-0.69877124,0.0,0.0,0.0,0.08850779,0.12398275,-0.4968655,0.0,0.0,0.0,-0.005679539334842349,0.0038718584365372523,0.7111986160278321,0.050756034,0.086999364,-0.0002343779,0.7101771438426971,0.7123607149560529,0.7096592686110909,0.7125973367014878
1777804249.348338,0.01418062,0.0007700298,3.0941062,0.10217111,0.12395549,2.5950584,0.04863822,0.037955202,-0.70163184,0.0,0.0,0.0,0.087990485,0.123185456,-0.49904776,0.0,0.0,0.0,-0.0054930862313728925,0.0038828385173723494,0.7109656751155853,0.051281728,0.08433626,-0.00040631276,0.7100534542068114,0.7121216836781027,0.7093702671317429,0.7123172954456847
1777804249.3684227,0.016050113,0.0038468423,3.1005394,0.10217111,0.12395549,2.5950584,0.040617794,0.037699617,-0.7140771,0.0,0.0,0.0,0.08612099,0.12010865,-0.505481,0.0,0.0,0.0,-0.004702653086777912,0.00388788729209824,0.7114826321601868,0.05085692,0.073082335,-9.2535556e-05,0.7105471255440023,0.7124736601100772,0.7101302713030001,0.7127794716836682
1777804249.3881066,0.016853537,0.005304189,3.1024072,0.10217111,0.12395549,2.5950584,0.03643317,0.037337054,-0.7208753,0.0,0.0,0.0,0.08531757,0.1186513,-0.5073488,0.0,0.0,0.0,-0.004288821864427286,0.00386690688769677,0.7125882089138031,0.050696533,0.067885764,-0.00038799143,0.7117513828577353,0.7136578298274543,0.7111409564678143,0.7138026665022094
1777804249.4082994,0.017574726,0.0067178393,3.1034305,0.10217111,0.12395549,2.5950584,0.032068368,0.03688933,-0.72785455,0.0,0.0,0.0,0.08459638,0.11723765,-0.50837207,0.0,0.0,0.0,-0.0038562059460788807,0.003837682031696636,0.7141703307628632,0.050320737,0.062391665,-4.6688656e-05,0.7132371870524863,0.7151314876667536,0.7128332199921449,0.7154794283400686
1777804249.4281385,0.018209156,0.008076355,3.103491,0.10217111,0.12395549,2.5950584,0.027536402,0.03627653,-0.7349548,0.0,0.0,0.0,0.08396195,0.11587913,-0.5084326,0.0,0.0,0.0,-0.0034061171854934827,0.0037919296074461406,0.7162701189517975,0.049521923,0.056131598,-0.0003356202,0.7154562186240965,0.717285391394905,0.714915198033153,0.7174236677550362
1777804249.4488313,0.018069588,0.01005093,3.1093676,0.10217111,0.12395549,2.5950584,0.019768212,0.03480775,-0.74287564,0.0,0.0,0.0,0.08410152,0.11390456,-0.51430917,0.0,0.0,0.0,-0.002626658131667048,0.003669715691932347,0.7157081067562103,0.04924354,0.04692406,-0.00043372845,0.7149807262282848,0.7166957243530043,0.7141809542117994,0.7169750222317534
1777804249.468199,0.017580891,0.011295983,3.1144912,0.10217111,0.12395549,2.5950584,0.014248294,0.03362562,-0.7469142,0.0,0.0,0.0,0.08459022,0.11265951,-0.5194328,0.0,0.0,0.0,-0.0020703103847029536,0.0035681176822799144,0.7143578708171845,0.049461726,0.041318145,-4.5157365e-05,0.7135250972451339,0.7152177388082905,0.7127203620147582,0.715968285200556
1777804249.4883785,0.016725257,0.013107301,3.1198535,0.10217111,0.12395549,2.5950584,0.005541571,0.031581566,-0.7539182,0.0,0.0,0.0,0.08544585,0.11084819,-0.52479506,0.0,0.0,0.0,-0.001191900535478581,0.003389105785610376,0.7137779235839844,0.049016383,0.033177312,-9.494893e-05,0.7128763286203221,0.7147364879075124,0.7117549496244403,0.7157439281836634
1777804249.5082676,0.016064307,0.014213073,3.1229913,0.10217111,0.12395549,2.5950584,-8.650706e-06,0.030169027,-0.75859356,0.0,0.0,0.0,0.0861068,0.10974242,-0.5279329,0.0,0.0,0.0,-0.0006310911718765152,0.003263762083747569,0.7136116266250611,0.048001807,0.027130703,-3.1069303e-05,0.7126579648779167,0.714583929954051,0.7114865583142822,0.715718053353995
1777804249.5282195,0.015338153,0.015282605,3.12434,0.10217111,0.12395549,2.5950584,-0.0058720233,0.028542135,-0.76439756,0.0,0.0,0.0,0.086832955,0.10867289,-0.5292816,0.0,0.0,0.0,-3.8296970605085075e-05,0.0031172804970837575,0.7146784603595734,0.04725994,0.020783558,-9.330345e-05,0.713745578525873,0.7156673242653542,0.7123625667764212,0.7169383718706459
1777804249.5482345,0.014132081,0.016723374,3.125837,0.10217111,0.12395549,2.5950584,-0.014176595,0.026050255,-0.7729586,0.0,0.0,0.0,0.088039026,0.107232116,-0.53077865,0.0,0.0,0.0,0.0008025928904369094,0.0028906179227371175,0.7164982497692108,0.045139626,0.0106710065,5.4272656e-05,0.715546246691562,0.7174176892534458,0.7141377060234863,0.7188913571083498
1777804249.5681362,0.014033493,0.018198526,3.1284828,0.10217111,0.12395549,2.5950584,-0.01945199,0.024533354,-0.7782092,0.0,0.0,0.0,0.08813761,0.10575696,-0.5334244,0.0,0.0,0.0,0.0013324876596196942,0.002756571474372427,0.7167505741119384,0.042770937,0.0040437346,0.000231491,0.7156902438758619,0.7176720097514115,0.7144989314875863,0.7191411113328946
1777804249.5881336,0.014853316,0.02108308,3.1353688,0.10217111,0.12395549,2.5950584,-0.026688134,0.022479305,-0.7842544,0.0,0.0,0.0,0.087317795,0.10287241,-0.5403104,0.0,0.0,0.0,0.002053657251466423,0.0025803569821678416,0.7151211202144623,0.038567,-0.0070112017,7.2873605e-05,0.7141114999662014,0.7160870162997528,0.7131452182315235,0.717140746360372
1777804249.6086278,0.015372173,0.023738777,3.1398861,0.10217111,0.12395549,2.5950584,-0.03407582,0.020052502,-0.7907336,0.0,0.0,0.0,0.086798936,0.10021671,-0.5448277,0.0,0.0,0.0,0.002792245764942969,0.002365921337147094,0.7148062229156494,0.03473147,-0.020376775,-1.8290855e-05,0.7140622027071002,0.715561217637332,0.7132260356605129,0.7163754356576532
1777804249.628055,0.015593124,0.026134532,3.1420164,0.10217111,0.12395549,2.5950584,-0.041333158,0.01742204,-0.7982138,0.0,0.0,0.0,0.08657798,0.09782095,-0.54695797,0.0,0.0,0.0,0.0035197945726164657,0.002129787554754361,0.7159851491451263,0.03041273,-0.03400968,0.00023129288,0.7154199719509049,0.7164115506086087,0.7149522860184251,0.7171567880025672
1777804249.648142,0.015612298,0.027621351,3.142787,0.10217111,0.12395549,2.5950584,-0.045976333,0.015569225,-0.80342335,0.0,0.0,0.0,0.08655881,0.09633414,-0.54772854,0.0,0.0,0.0,0.003986352385534073,0.0019615817741608053,0.7171627342700958,0.027806712,-0.041379668,0.00013980846,0.7167077679839793,0.7175338154820842,0.7162657426361115,0.7181436109782088
1777804249.6681366,0.015497163,0.029004754,3.1422994,0.10217111,0.12395549,2.5950584,-0.050591808,0.013573229,-0.80890405,0.0,0.0,0.0,0.086673945,0.094950736,-0.547241,0.0,0.0,0.0,0.0044512449143504365,0.0017785167382427147,0.7190507292747498,0.026377916,-0.04686284,-0.00013869972,0.7187218380964443,0.719462840283467,0.7179751851287488,0.7200430535903396
1777804249.6881766,0.014859606,0.031212594,3.1438816,0.10217111,0.12395549,2.5950584,-0.057537127,0.010587903,-0.8154398,0.0,0.0,0.0,0.087311506,0.09274289,-0.5488231,0.0,0.0,0.0,0.005153629313168608,0.0015059992996400771,0.7202203869819641,0.025380794,-0.053212132,-8.954542e-05,0.7198750560966678,0.7206194451200761,0.7187724004097082,0.7216146463014049
1777804249.7082853,0.013388086,0.033776257,3.1488624,0.10217111,0.12395549,2.5950584,-0.064917065,0.00758033,-0.81951565,0.0,0.0,0.0,0.088783026,0.090179235,-0.5538039,0.0,0.0,0.0,0.005904491704195455,0.0012350488832365786,0.7189527332782746,0.023800246,-0.060730394,2.7407017e-05,0.7185674218171872,0.7193216005290926,0.7172459243671265,0.7206759863996925
1777804249.7282233,0.012284768,0.03534118,3.1507783,0.10217111,0.12395549,2.5950584,-0.06969004,0.0054267365,-0.8223821,0.0,0.0,0.0,0.08988634,0.08861431,-0.55571985,0.0,0.0,0.0,0.006391526702112291,0.0010386580544438661,0.7188547015190124,0.022584943,-0.0654274,0.00016004752,0.7184174899675071,0.7191958845570092,0.7169772436937741,0.7208281878577598
1777804249.748683,0.01045715,0.0374987,3.152361,0.10217111,0.12395549,2.5950584,-0.0766022,0.001953527,-0.82733375,0.0,0.0,0.0,0.09171396,0.08645679,-0.5573025,0.0,0.0,0.0,0.007099049987936673,0.0007186774320744737,0.719548887014389,0.017823203,-0.07407619,0.00014074444,0.7190408877136668,0.7199724396534706,0.7177109768337752,0.7214712438566441
1777804249.7681446,0.009189285,0.03879229,3.152904,0.10217111,0.12395549,2.5950584,-0.080788925,-0.00032390922,-0.8307524,0.0,0.0,0.0,0.09298182,0.0851632,-0.5578456,0.0,0.0,0.0,0.007529012776247818,0.0005078862518644116,0.7203029155731201,0.013542252,-0.07995917,0.00030419586,0.7196548714437525,0.7207684421893199,0.7186864011948223,0.7221019474645862
1777804249.7880576,0.0070963525,0.040516928,3.1514142,0.10217111,0.12395549,2.5950584,-0.08679973,-0.0039327606,-0.83663344,0.0,0.0,0.0,0.09507476,0.08343856,-0.5563557,0.0,0.0,0.0,0.008148834232924293,0.00017094509911172565,0.7228121757507324,0.00854489,-0.09027292,3.14853e-05,0.7223883755133786,0.7232170848088789,0.7213819744572045,0.7242612682234681
1777804249.8085363,0.006348468,0.04104021,3.1504,0.10217111,0.12395549,2.5950584,-0.0887123,-0.0051967576,-0.83864397,0.0,0.0,0.0,0.09582264,0.08291528,-0.5553415,0.0,0.0,0.0,0.008346836563257848,5.2090129147242025e-05,0.7239224493503571,0.006827391,-0.09324355,9.861105e-05,0.7234996143820734,0.7242861176865131,0.7225705786775528,0.7253334866552896
1777804249.828042,0.002629695,0.043341164,3.1616454,0.10217111,0.12395549,2.5950584,-0.095903195,-0.010429198,-0.8402004,0.0,0.0,0.0,0.09954141,0.08061433,-0.566587,0.0,0.0,0.0,0.009097986041326108,-0.0004392560412881918,0.7187666416168212,0.000834501,-0.10744371,0.00027448713,0.7186878225696135,0.7186807683855426,0.7178404826056535,0.719857492906476
1777804249.8488448,0.0016701599,0.04384127,3.163733,0.10217111,0.12395549,2.5950584,-0.097540684,-0.011761618,-0.8405666,0.0,0.0,0.0,0.10050095,0.080114216,-0.56867456,0.0,0.0,0.0,0.009270098786761851,-0.0005651433948891804,0.7178326904773712,-0.00074453093,-0.11129281,0.00017445581,0.7179192606077449,0.7176414468607939,0.717012772253149,0.7187572821877977
1777804249.868745,-0.00226358,0.04557072,3.1697094,0.10217111,0.12395549,2.5950584,-0.10329684,-0.017059533,-0.84425783,0.0,0.0,0.0,0.10443469,0.07838477,-0.574651,0.0,0.0,0.0,0.009880128553340996,-0.0010684356489981096,0.7159518480300904,-0.0067647365,-0.12286359,9.3601855e-05,0.7163999829072447,0.7154475520399103,0.7154016305610245,0.7165582266121826
1777804249.888243,-0.0043414272,0.04625867,3.1708276,0.10217111,0.12395549,2.5950584,-0.105759695,-0.01973308,-0.8476673,0.0,0.0,0.0,0.10651253,0.077696815,-0.5757692,0.0,0.0,0.0,0.010144526396352329,-0.0013247692583874926,0.7164155900478363,-0.009746957,-0.12652773,0.000140193,0.7168962366090333,0.715850827683164,0.7158903269579726,0.7170249689411757
1777804249.9086273,-0.0063915746,0.04685997,3.171563,0.10217111,0.12395549,2.5950584,-0.10780758,-0.02229608,-0.8515576,0.0,0.0,0.0,0.108562686,0.07709552,-0.57650447,0.0,0.0,0.0,0.01036707566092468,-0.001571838834709429,0.7172150492668152,-0.012758304,-0.12998943,0.00055312895,0.7176323638311188,0.7164658573326117,0.716861892229997,0.7179000836735341
1777804249.9283483,-0.008507795,0.047347903,3.170966,0.10217111,0.12395549,2.5950584,-0.10956699,-0.024900742,-0.8562414,0.0,0.0,0.0,0.110678904,0.076607585,-0.57590747,0.0,0.0,0.0,0.010561334841956382,-0.0018243512834300768,0.7189186871051788,-0.015126918,-0.13148786,-4.5799818e-05,0.7195043189185817,0.7183605351823347,0.7182484434119707,0.7195614509078287
1777804249.948716,-0.010424344,0.04726089,3.1738136,0.10217111,0.12395549,2.5950584,-0.11079525,-0.027809855,-0.85971373,0.0,0.0,0.0,0.112595454,0.07669459,-0.57875514,0.0,0.0,0.0,0.010701974068566687,-0.002111905493535153,0.7185365498065948,-0.017955547,-0.13229735,-9.2737166e-05,0.719121646761886,0.7180070951507151,0.7177150810271888,0.7193023762865896
1777804249.9682646,-0.013194979,0.04622918,3.180693,0.10217111,0.12395549,2.5950584,-0.111875825,-0.032887507,-0.86374456,0.0,0.0,0.0,0.11536609,0.077726305,-0.58563447,0.0,0.0,0.0,0.01083842551302161,-0.002618900067781498,0.7163061320781707,-0.021995539,-0.13432558,1.6559774e-05,0.7170680418977983,0.7155342863941787,0.7153594638419054,0.7172627361788011
1777804249.9881673,-0.015027605,0.04547398,3.1845427,0.10217111,0.12395549,2.5950584,-0.11218294,-0.03612314,-0.8663695,0.0,0.0,0.0,0.11719871,0.07848151,-0.5894842,0.0,0.0,0.0,0.01088781386820667,-0.0029434137543756745,0.7151687383651733,-0.025215829,-0.13481538,1.2145054e-05,0.7159886588300443,0.7143415308679523,0.7141436509602449,0.716201112802452
1777804250.008452,-0.017787192,0.044226717,3.187812,0.10217111,0.12395549,2.5950584,-0.11202878,-0.04082636,-0.8715667,0.0,0.0,0.0,0.1199583,0.07972877,-0.59275365,0.0,0.0,0.0,0.01090037295698166,-0.0034173081906725454,0.7150931894779204,-0.031647395,-0.13733634,2.5857185e-05,0.7160574834107334,0.7141133812338717,0.7143019645954386,0.7158999286716388
1777804250.0282705,-0.02057695,0.042839456,3.1887028,0.10217111,0.12395549,2.5950584,-0.111123614,-0.045335088,-0.87832165,0.0,0.0,0.0,0.12274806,0.081116036,-0.5936444,0.0,0.0,0.0,0.010837677519212635,-0.0038747842263708466,0.7166743040084839,-0.04022146,-0.13880372,2.1417072e-06,0.7175973490283253,0.7157499739643053,0.716284499226096,0.7170653938152095
1777804250.048386,-0.022385778,0.041863903,3.1885471,0.10217111,0.12395549,2.5950584,-0.110136464,-0.04810352,-0.88314617,0.0,0.0,0.0,0.124556884,0.082091585,-0.5934887,0.0,0.0,0.0,0.01075660971195675,-0.004157691993745801,0.7181995034217834,-0.045658827,-0.14016408,0.00018956648,0.7191041357972511,0.7171811311610417,0.7182079039875143,0.718304842741327
1777804250.068107,-0.024821281,0.03969124,3.1923091,0.10217111,0.12395549,2.5950584,-0.10761153,-0.052534997,-0.88857055,0.0,0.0,0.0,0.12699239,0.08426425,-0.5972507,0.0,0.0,0.0,0.010529973493311431,-0.004615935277007131,0.7179458141326904,-0.053443868,-0.14005122,-6.8024885e-05,0.7189807712357844,0.7169516719605764,0.7182591045849046,0.7175917087494968
1777804250.088351,-0.0263457,0.037990343,3.195192,0.10217111,0.12395549,2.5950584,-0.1053531,-0.05551677,-0.89159054,0.0,0.0,0.0,0.12851681,0.08596514,-0.60013366,0.0,0.0,0.0,0.010321393750860768,-0.004926121179765435,0.7174103319644928,-0.057005707,-0.14153545,-3.4624012e-05,0.7187878257069125,0.7160536126293847,0.7180357220879967,0.7167641674336778
1777804250.1081734,-0.028509054,0.035429686,3.198769,0.10217111,0.12395549,2.5950584,-0.10138877,-0.059500426,-0.8960623,0.0,0.0,0.0,0.13068016,0.0885258,-0.60371065,0.0,0.0,0.0,0.00994924950479131,-0.005344100055539016,0.7169633686542511,-0.06080097,-0.13851552,-0.000105404324,0.7186070043034308,0.7153829755995494,0.7175837167339836,0.7162797779800413
1777804250.129878,-0.030653546,0.032795195,3.198824,3.1013854,0.19261104,2.5950584,-0.096672416,-0.063092425,-0.90205014,0.0,0.0,0.0,3.1320388,0.15981585,-0.6037655,0.0,0.0,0.0,0.009501045348445557,-0.005725566342402724,0.7187322974205017,-0.064299874,-0.13449115,9.47112e-05,0.7205437067831655,0.7168640613387544,0.7194373806586762,0.7180840409014113
1777804250.148257,-0.03198058,0.031039422,3.1982763,3.1013854,0.19261104,2.5950584,-0.09321754,-0.065229066,-0.9061802,0.0998672902584076,0.005149644613265992,-0.09651485443115236,3.1333659,0.16157162,-0.60321784,0.0,0.0,0.0,0.008634674174792172,-0.016390304209014904,0.8,-0.06697704,-0.12984344,-0.00016634884,0.8128348470573801,0.7872649622445199,0.7906707555741757,0.8092294351239252
1777804250.1683824,-0.03327615,0.029265331,3.1964426,3.1013854,0.19261104,2.5950584,-0.089361146,-0.067158714,-0.9096196,0.17975830316543578,0.009323605746030809,-0.17343334960937504,3.1346614,0.16334571,-0.60138416,0.0,0.0,0.0,0.01327481037299949,-0.01591037918931987,0.8,-0.071066685,-0.124854796,-2.965409e-05,0.8069475138922165,0.7930702785613647,0.7864796326633439,0.8135025748830758
1777804250.1881979,-0.035934985,0.026501404,3.1918936,3.1013854,0.19261104,2.5950584,-0.08128803,-0.07004182,-0.8812837,0.2436667444705963,0.012746111631393435,-0.23424030151367192,3.1373203,0.16610964,-0.59683514,0.0,0.0,0.0,0.01470380320489037,-0.013615941175855002,0.8,-0.1475106,-0.117469914,-0.0002449092,0.7965823556256318,0.8035645898937404,0.7928052242457917,0.8070478302348371
1777804250.207997,-0.037995424,0.02508952,3.1944873,3.1013854,0.19261104,2.5950584,-0.07618108,-0.0712309,-0.8558047,0.29479129214286803,0.015525439122319224,-0.28330086395263676,3.1393807,0.16752152,-0.5994289,0.0,0.0,0.0,0.0168129932312315,-0.011194559108453241,0.8,-0.1970379,-0.13080625,-0.0003083028,0.7891755244736407,0.8110094572142844,0.7981274894415513,0.8016875288705244
1777804250.2281,-0.040863536,0.022911914,3.1970868,3.1013854,0.19261104,2.5950584,-0.06775973,-0.071744606,-0.81591904,0.33568749109268187,0.017813054339289668,-0.32296523034667973,3.1422489,0.16969913,-0.60202837,0.0,0.0,0.0,0.01589046607203815,-0.006225636922848784,0.8,-0.22645448,-0.1681686,0.00016558822,0.7856226242153909,0.814278022851142,0.8095034203403619,0.7905959325931061
1777804250.2484226,-0.04174069,0.022198066,3.1979363,3.1013854,0.19261104,2.5950584,-0.06482067,-0.071548,-0.80286264,0.36840331180381775,0.019664257732987408,-0.35483264112548835,3.143126,0.17041297,-0.60287786,0.0,0.0,0.0,0.01720764372271679,-0.004588458152051046,0.8,-0.2232416,-0.1839778,0.00022413966,0.7841724685490674,0.8156930476562503,0.8108486916258909,0.7892857921687924
1777804250.268169,-0.04492242,0.019327959,3.1997106,3.1013854,0.19261104,2.5950584,-0.05138858,-0.06904903,-0.7502323,0.39457130132904056,0.021230576534438137,-0.38061045951904304,3.1463077,0.17328309,-0.60465217,0.0,0.0,0.0,0.011090056747932273,0.0015770963231669984,0.8,-0.14432001,-0.22786295,-5.5398043e-05,0.794032901781745,0.8060003370438171,0.820245057384744,0.7797217037896947
1777804250.2882638,-0.045615785,0.018633233,3.2000074,3.1013854,0.19261104,2.5950584,-0.0476988,-0.068110496,-0.7375109,0.4155045485400391,0.022504399323954587,-0.4012802072148438,3.147001,0.1739778,-0.604949,0.0,0.0,0.0,0.010754164429173929,0.0025617115142760796,0.8,-0.11399039,-0.23650531,-1.31827255e-05,0.7964892729459765,0.8035186366893375,0.8198432485489167,0.7801488418157702
1777804250.3081405,-0.048190527,0.015287122,3.2040522,3.1013854,0.19261104,2.5950584,-0.03109164,-0.0639377,-0.6851692,0.43224549578851323,0.023624704612886436,-0.41846316876259776,3.149576,0.17732392,-0.60899377,0.0,0.0,0.0,0.002715797198537963,0.004259152720696102,0.8,0.019947464,-0.2089698,-0.00014080803,0.8113806737140169,0.7887038111027441,0.8166229001552036,0.7832926150280363
1777804250.3282297,-0.048872296,0.013981722,3.2069654,3.1013854,0.19261104,2.5950584,-0.026206696,-0.06305055,-0.6705212,0.4456359945712556,0.024560976343230827,-0.43267565585968765,3.1502576,0.17862931,-0.611907,0.0,0.0,0.0,0.001650698649766233,0.003873876863483068,0.8,0.053403225,-0.19196165,8.2256454e-05,0.8140799372205357,0.7858707089068631,0.8133325288527344,0.7867168250198675
1777804250.3485358,-0.050642706,0.010183491,3.2201018,3.1013854,0.19261104,2.5950584,-0.0121489875,-0.061230395,-0.6289041,0.45634170595630563,0.025426735384763418,-0.4461474674367736,3.152028,0.18242756,-0.6250434,0.0,0.0,0.0,-0.0027214672373050905,0.0016549073663305394,0.7976291674127649,0.1170887,-0.1084054,0.00041549545,0.8166106061837852,0.7783984313709597,0.801435526531119,0.7940721055651964
1777804250.3680608,-0.051544286,0.0077661527,3.2266626,3.1013854,0.19261104,2.5950584,-0.0020493465,-0.060233887,-0.60153466,0.46490192392527707,0.026193976573945,-0.45797464509199703,3.1529295,0.18484488,-0.6316042,0.0,0.0,0.0,-0.004384953874443508,-0.0004262877971533737,0.7931677592309617,0.13208964,-0.039006505,0.00045346998,0.8115306518939884,0.7745327845776736,0.7898158151426657,0.7967917853095198
1777804250.3881772,-0.05248198,0.004283329,3.2349315,3.1013854,0.19261104,2.5950584,0.013423531,-0.059349764,-0.5615941,0.47174370272206984,0.026915888625622525,-0.46875940052183984,3.1538672,0.18832771,-0.639873,0.0,0.0,0.0,-0.005440901116088977,-0.0035721618055224776,0.7871521870177391,0.112100296,0.06117264,0.0005209372,0.8000831810911591,0.77390863062254,0.7753153724862962,0.7993015638709619
1777804250.4081316,-0.05284706,0.002065071,3.2397254,3.1013854,0.19261104,2.5950584,0.023283226,-0.059163738,-0.53702,0.4772129653552987,0.027562677746606458,-0.4781542260449133,3.1542325,0.19054596,-0.6446669,0.0,0.0,0.0,-0.004791209184048059,-0.005113868233799566,0.7832400465609999,0.07236003,0.116448246,0.0003629868,0.7895091707721615,0.7767531302782026,0.7679216213671195,0.7987762638265167
1777804250.4283864,-0.053033095,-0.0011700367,3.2459583,3.1013854,0.19261104,2.5950584,0.037266962,-0.05921391,-0.5031713,0.48158218849975415,0.02818174502101945,-0.48666736276952444,3.1544185,0.19378108,-0.6508999,0.0,0.0,0.0,-0.0028617644973365566,-0.005939185818483637,0.7781898984243076,-0.010951133,0.16586922,0.0001340699,0.7728049994088662,0.7834943555030143,0.762759251059819,0.7937009877255319
1777804250.4487052,-0.0510222,-0.001792877,3.2588222,3.1013854,0.19261104,2.5950584,0.047086976,-0.05846272,-0.47951388,0.48507611266198597,0.028700540812590977,-0.49553609205888133,3.1524076,0.19440392,-0.66376376,0.0,0.0,0.0,-0.0012554655228825193,-0.0051760622407278495,0.7744371180492998,-0.07146283,0.17064853,0.00038871253,0.7613831230510851,0.7872578855265656,0.7626982792731807,0.7864091843463686
1777804250.4682176,-0.048912752,-0.0024257968,3.2705588,3.1013854,0.19261104,2.5950584,0.056395423,-0.057460226,-0.45737413,0.487869761875652,0.029139659212453574,-0.5045089365133161,3.150298,0.19503683,-0.6755004,0.0,0.0,0.0,0.00021612987249598065,-0.0033835996361570135,0.7708736290725082,-0.12228489,0.1511722,5.243383e-05,0.7521488010854951,0.7895669967624886,0.7649786443856048,0.7768000740564451
1777804250.4882932,-0.045614917,-0.0033644582,3.286936,3.1013854,0.19261104,2.5950584,0.06899189,-0.055268124,-0.42768005,0.4901024401119413,0.029527060190974404,-0.5143075657755943,3.1470003,0.1959755,-0.6918776,0.0,0.0,0.0,0.0012277209856012272,0.000532701380827014,0.7662651773920328,-0.16568072,0.084098004,0.0005907011,0.7443452466725048,0.7878306874384581,0.772273985531609,0.7606107899255602
1777804250.508203,-0.043294787,-0.004009973,3.2966552,3.1013854,0.19261104,2.5950584,0.07703194,-0.05313753,-0.4096343,0.49188702105927967,0.029861956810068077,-0.523701530525749,3.14468,0.19662102,-0.70159674,0.0,0.0,0.0,0.0009289373983425303,0.003600944625814428,0.7632015871657096,-0.16698624,0.024984304,0.00046633143,0.7431741620480365,0.7829492134241174,0.7773736488688007,0.7493093243218848
1777804250.5283694,-0.03967155,-0.0049276026,3.3101416,3.1013854,0.19261104,2.5950584,0.08872957,-0.04906123,-0.3856916,0.4933124148801844,0.030166085789689212,-0.533374523981146,3.141057,0.19753864,-0.7150831,0.0,0.0,0.0,-0.0014124697029039152,0.007683397139958827,0.7593502458003643,-0.115130186,-0.055223837,0.0003644924,0.7481774627520664,0.7703043333999499,0.7821837822536459,0.7367354047957956
1777804250.5484111,-0.037173662,-0.005486916,3.3185098,3.1013854,0.19261104,2.5950584,0.09647778,-0.04590975,-0.37166542,0.49445129942543353,0.030432080461652113,-0.5424518393387254,3.138559,0.19809796,-0.7234514,0.0,0.0,0.0,-0.0038191020844443313,0.009394354943050869,0.7568332843724781,-0.049622472,-0.09035635,0.0002907476,0.7544295174435045,0.7590626027496081,0.7813322714615513,0.7325087458352493
1777804250.5681903,-0.03289979,-0.006009404,3.3344445,3.1013854,0.19261104,2.5950584,0.10904873,-0.040748917,-0.35133317,0.49536082753854627,0.03067000179216944,-0.5522632445422694,3.1342852,0.19862044,-0.7393861,0.0,0.0,0.0,-0.008255539832796782,0.009774131803450995,0.7534406075212092,0.073262736,-0.09775002,-5.694569e-05,0.7656201199941651,0.7412952624620853,0.7734121783950297,0.7334348692335575
1777804250.5882087,-0.029513549,-0.005956178,3.3505576,3.1013854,0.19261104,2.5950584,0.11813616,-0.037474558,-0.337208,0.4960881222034902,0.030865461875801747,-0.562690455558132,3.130899,0.19856721,-0.7554991,0.0,0.0,0.0,-0.011098448682269314,0.008305070721011021,0.7508075799871057,0.15401043,-0.072770454,5.9125505e-05,0.7717256910143605,0.7298539936569842,0.7637296389627103,0.7379209963143684
1777804250.6080847,-0.024273105,-0.0058366642,3.3730538,3.1013854,0.19261104,2.5950584,0.13203499,-0.0333816,-0.3184658,0.496669528782003,0.0310285987951799,-0.5746316201227752,3.1256585,0.1984477,-0.77799535,0.0,0.0,0.0,-0.014104754347561914,0.004065967456632853,0.747458733134178,0.23294292,0.014199688,0.00059418526,0.7748187233120989,0.7197422318015787,0.7460363015554888,0.7492376758675461
1777804250.6284463,-0.018794797,-0.005722652,3.3932736,3.1013854,0.19261104,2.5950584,0.1458174,-0.030747237,-0.3024515,0.4971341831681195,0.031166556676105163,-0.587419720231521,3.1201801,0.1983337,-0.79821515,0.0,0.0,0.0,-0.014453259852080864,-0.0014294774871602906,0.7443996798236444,0.24053212,0.13385408,0.00067011995,0.7686156242860994,0.7197816633939335,0.7276736028627449,0.7615278287518005
1777804250.6488101,-0.015054057,-0.0056483317,3.4058518,3.1013854,0.19261104,2.5950584,0.1544384,-0.029937685,-0.2931326,0.497505572891002,0.031282136152089045,-0.5996627201549434,3.1164393,0.19825937,-0.8107934,0.0,0.0,0.0,-0.013037633716447845,-0.004786426082071032,0.7422525001721141,0.1998043,0.20739383,0.00038427958,0.7593541145732274,0.7249203180200134,0.7180431411952293,0.7666924268999867
1777804250.6680532,-0.009240839,-0.0055912687,3.4228888,3.1013854,0.19261104,2.5950584,0.16625711,-0.029754952,-0.2813744,0.4978020468996089,0.0313845931966308,-0.6121830264657516,3.1106262,0.19820231,-0.8278303,0.0,0.0,0.0,-0.00902220566957836,-0.008029050763892449,0.7397670827120194,0.07916997,0.27306095,-0.00015225768,0.7413527379389654,0.7382727820922116,0.712536087199169,0.7669067236177323
1777804250.6880288,-0.0041981037,-0.0052944887,3.4432836,3.1013854,0.19261104,2.5950584,0.17575605,-0.030257862,-0.2699859,0.49803917246231405,0.03146734412345912,-0.6254624398493591,3.1055834,0.19790553,-0.8482251,0.0,0.0,0.0,-0.003844248494754461,-0.007950300987953221,0.7372716823701478,-0.0658288,0.27058306,0.00012466997,0.7221158817770694,0.7523526809821257,0.7168226898144905,0.7577954769069064
1777804250.7081249,-0.0011891143,-0.0050182007,3.4578526,3.1013854,0.19261104,2.5950584,0.18068208,-0.030442642,-0.26286015,0.49822904576594806,0.03153083583381674,-0.6384170176143507,3.1025746,0.19762924,-0.86279416,0.0,0.0,0.0,-0.0008261756733954212,-0.006164942140781115,0.735355140133955,-0.14376248,0.22903402,4.8478094e-05,0.7125079940647736,0.7581731993467604,0.7232091941104434,0.7475301730138431
1777804250.7280738,0.003617075,-0.004682677,3.4774144,3.1013854,0.19261104,2.5950584,0.18705733,-0.029789314,-0.2542373,0.49838100401350005,0.03158068744871538,-0.6519105626388438,3.0977683,0.19729371,-0.8823559,0.0,0.0,0.0,0.0021464101822571274,-0.0016243720258105037,0.7332028160944927,-0.20005278,0.11977858,0.00049552467,0.7069456114286425,0.759162705958623,0.7360026274416506,0.7307003195490551
1777804250.7481127,0.0068832575,-0.0044741454,3.4894605,3.1013854,0.19261104,2.5950584,0.19079,-0.028693052,-0.2496857,0.4985025765720061,0.03162055234935698,-0.6646327744518954,3.0945022,0.19708519,-0.894402,0.0,0.0,0.0,0.0026137166918504644,0.001771347171301567,0.7316386029458797,-0.19389372,0.03990517,0.00065184786,0.7083540737176246,0.7545320234568303,0.7433108712958125,0.7203574433132518
1777804250.7679932,0.011923024,-0.004191441,3.5057514,3.1013854,0.19261104,2.5950584,0.19622266,-0.02594732,-0.24460098,0.49859975117230826,0.03165367510578487,-0.6774170883969656,3.0894623,0.19680248,-0.91069293,0.0,0.0,0.0,0.0012179502225921068,0.006101072850717434,0.7300003503890623,-0.122409225,-0.054469395,0.000263502,0.7171670903873227,0.7426755091869498,0.7491128132142408,0.7110459887677364
1777804250.788131,0.015425815,-0.00400574,3.515629,3.1013854,0.19261104,2.5950584,0.20004559,-0.02360698,-0.24235043,0.49867741336651183,0.03168137955992583,-0.6892249686301701,3.0859594,0.19661678,-0.9205706,0.0,0.0,0.0,-0.0007926564460864864,0.007789873473094759,0.7288051036095875,-0.04902841,-0.09244596,-5.8501755e-05,0.7252988411589881,0.7323464671132583,0.7486880328933235,0.7088870732727806
1777804250.809716,0.018860886,-0.003806891,3.52476,3.1013854,0.19261104,2.5950584,0.20398344,-0.021220218,-0.24079633,0.49873950139862333,0.03170418759846023,-0.7001322255755229,3.0825245,0.19641793,-0.92970157,0.0,0.0,0.0,-0.0030828303606014115,0.008224319445041008,0.7277692295403962,0.02882513,-0.10052175,-9.8593904e-05,0.7330050691121334,0.7225925463111262,0.744782530809567,0.7106967719287589
1777804250.828224,0.024536742,-0.0037266004,3.5446317,3.1013854,0.19261104,2.5950584,0.21053688,-0.017313292,-0.2368184,0.4987885936592582,0.031731523737615994,-0.7120375050087582,3.0768485,0.19633764,-0.9495733,0.0,0.0,0.0,-0.006323563136386864,0.006808344088783187,0.7263420323456418,0.12619779,-0.06733447,0.00016879395,0.7412891938696702,0.7112935944509159,0.7348155127956809,0.7179698282663006
1777804250.8487241,0.030286716,-0.0035826792,3.562509,3.1013854,0.19261104,2.5950584,0.21740375,-0.014233732,-0.23441687,0.4988274085120013,0.03176061002636485,-0.72442210300603,3.0710986,0.19619372,-0.9674506,0.0,0.0,0.0,-0.008209535982787427,0.0034339292366319654,0.725083071853287,0.1825439,0.0037658673,0.00013294528,0.7441210379169505,0.7059653386222875,0.7218616389832709,0.7283842718906397
1777804250.8681383,0.03419748,-0.0034591453,3.5731902,3.1013854,0.19261104,2.5950584,0.22202332,-0.0127490545,-0.23362014,0.49885820409422327,0.03178797166128582,-0.7360387657788475,3.0671878,0.19607018,-0.9781318,0.0,0.0,0.0,-0.008408427709080563,0.0007191264041128591,0.7240913961101146,0.18391022,0.059109196,0.00037947716,0.7416509362500738,0.7063041696730064,0.7138912400176194,0.7345192384997595
1777804250.8883939,0.038301736,-0.0033225545,3.5829606,3.1013854,0.19261104,2.5950584,0.2266102,-0.011810343,-0.23354536,0.49888257233909933,0.03181394165221553,-0.7468953589365546,3.0630836,0.1959336,-0.98790216,0.0,0.0,0.0,-0.0077053504078625,-0.001875797250857928,0.7232516636894197,0.15392315,0.10775334,5.020653e-05,0.7365113347848231,0.7099618686757567,0.7081621595810059,0.7383712917160938
1777804250.9081726,0.04232969,-0.0031808414,3.5919528,3.1013854,0.19261104,2.5950584,0.23077597,-0.011350963,-0.23407528,0.4989018344768856,0.031838485403567165,-0.7570193846834233,3.0590556,0.19579189,-0.99689436,0.0,0.0,0.0,-0.00632086057601532,-0.0037479730399279454,0.7225465279060179,0.10257246,0.14354055,-2.2239925e-05,0.729344586871806,0.7157618128951537,0.705423702684576,0.7396560091725365
1777804250.9284806,0.048475586,-0.0029744941,3.604179,3.1013854,0.19261104,2.5950584,0.23627742,-0.011205852,-0.23598877,0.4989168448359945,0.03186420752899616,-0.7670747820387309,3.0529099,0.19558553,-1.0091205,0.0,0.0,0.0,-0.003394936723282359,-0.004804954121205003,0.7220264610966378,0.0037834048,0.16821238,-0.00022259678,0.7171388126413841,0.7270476676177541,0.706790001560773,0.7371293625666405
1777804250.9485447,0.052633192,-0.0018613468,3.6164482,3.1013854,0.19261104,2.5950584,0.23952718,-0.010298883,-0.23586959,0.4989306174207671,0.03185718008316969,-0.7770821812828402,3.048752,0.19447239,-1.0213897,0.0,0.0,0.0,-0.001340477247525113,-0.004000028263861316,0.721245880406141,-0.062495943,0.16251485,-0.00049225945,0.7087332002608135,0.7340539162230189,0.7104371389669593,0.731759266173773
1777804250.9681432,0.057135522,-0.0008015777,3.6274111,3.1013854,0.19261104,2.5950584,0.24250123,-0.009370653,-0.23664142,0.49894323885352965,0.031826332695781515,-0.7868421747748074,3.0442498,0.19341262,-1.0323527,0.0,0.0,0.0,0.0006942629242780596,-0.0021077772046371435,0.7206000186520856,-0.11439096,0.1384852,-2.9332055e-05,0.701792240142797,0.739425396394625,0.7158616403924077,0.7253207976785131
1777804250.9882674,0.063513994,0.0007662439,3.6428757,3.1013854,0.19261104,2.5950584,0.2459437,-0.0073737046,-0.23797934,0.4989557499878531,0.03176361510157532,-0.7971244966557836,3.0378714,0.19184479,-1.0478172,0.0,0.0,0.0,0.002490712722563117,0.0016655726408285054,0.7199877963095022,-0.14791325,0.07000738,0.0004108798,0.6982745971122776,0.7414544676342121,0.7255183898419502,0.7147037306495695
1777804251.0083086,0.06783325,0.0017685003,3.6518273,3.1013854,0.19261104,2.5950584,0.24790965,-0.0056316163,-0.23961976,0.49896727285328907,0.03168953658342319,-0.806782620395916,3.0335522,0.19084254,-1.0567689,0.0,0.0,0.0,0.002736554689739908,0.004370446701936629,0.7194626127296072,-0.13858575,0.015168795,0.00077903696,0.6998215369189849,0.7386362663664047,0.7312035719028113,0.7081890757302286
1777804251.0283158,0.07441231,0.0032104403,3.6637642,3.1013854,0.19261104,2.5950584,0.2508135,-0.0024547165,-0.24295984,0.49897860115006293,0.03159651034533943,-0.8164190238680025,3.026973,0.1894006,-1.0687058,0.0,0.0,0.0,0.001503711684132129,0.007679912930126004,0.7191599925999674,-0.07909932,-0.056471962,0.00035407516,0.708059956845008,0.7300475832564852,0.7362881189837405,0.7022443113146367
1777804251.0482006,0.08092999,0.0046630567,3.6743386,3.1013854,0.19261104,2.5950584,0.2539457,0.0011214761,-0.2470908,0.49898980955469396,0.031487699337482175,-0.8258200411769215,3.0204554,0.18794799,-1.0792801,0.0,0.0,0.0,-0.0010847571768791107,0.008966097556187363,0.7189781590250193,0.019882353,-0.097566806,6.818086e-05,0.7204722970920194,0.7174431124422158,0.7352642242365667,0.7027330023292757
1777804251.068098,0.085197926,0.0052659353,3.6837728,3.1013854,0.19261104,2.5950584,0.25630495,0.0031163194,-0.2491093,0.49899947365274266,0.031389532029771586,-0.8348503307320647,3.0161874,0.1873451,-1.0887144,0.0,0.0,0.0,-0.00314019002036879,0.008357202762731088,0.7185501123770511,0.09006584,-0.099401325,-1.768866e-05,0.7284957791843732,0.7086150587660831,0.7307890376084523,0.7063005739492964
1777804251.0882847,0.09150601,0.005617552,3.700367,3.1013854,0.19261104,2.5950584,0.26029062,0.0050422703,-0.25145054,0.4990071155242144,0.031312325504536456,-0.8447296298200269,3.0098794,0.18699348,-1.1053085,0.0,0.0,0.0,-0.0058195615637026,0.005345782809531324,0.7180991044235402,0.16534257,-0.059349716,0.0004389239,0.7364165888157899,0.6995182656977066,0.7209166976722454,0.7155448655084194
1777804251.1081762,0.0956911,0.0058626845,3.7103422,3.1013854,0.19261104,2.5950584,0.26313174,0.0057577365,-0.25349584,0.4990132051795339,0.031251053140254836,-0.8542291002793614,3.0056942,0.18674836,-1.1152837,0.0,0.0,0.0,-0.006823452464944115,0.002547919450035007,0.7176386714488701,0.18975414,-0.012448981,0.0005546515,0.7379240589984195,0.6970204930067487,0.7129920258538974,0.7226181079364151
1777804251.1285472,0.10093578,0.0061450084,3.719028,3.1013854,0.19261104,2.5950584,0.26669237,0.0059311413,-0.25725168,0.4990179815363579,0.031203476936175048,-0.8632184090076689,3.0004497,0.18646602,-1.1239696,0.0,0.0,0.0,-0.0069274177512953,-0.001092098229436852,0.7174395594707231,0.1759865,0.053205114,0.00055249984,0.7351158362779288,0.699431782758657,0.7051052999488304,0.7301053188974769
1777804251.148384,0.10520295,0.006392677,3.7276254,3.1013854,0.19261104,2.5950584,0.26945066,0.0055992366,-0.2598478,0.4990217668590302,0.031165997863255836,-0.8717854358242991,2.9961824,0.18621837,-1.1325669,0.0,0.0,0.0,-0.006099529371702624,-0.003609353489998646,0.7171220036070719,0.13698052,0.10099828,0.0007067147,0.729497450961747,0.7043225274357632,0.7007858898065928,0.733882146224185
1777804251.168099,0.112833194,0.0067412783,3.7377458,3.1013854,0.19261104,2.5950584,0.2735515,0.004097135,-0.2665799,0.4990245388171955,0.031140194380635342,-0.8802583199729159,2.988552,0.18586975,-1.1426873,0.0,0.0,0.0,-0.0030463310632233885,-0.006079362361136081,0.7173491977497766,0.025886625,0.15270226,0.00037311664,0.7162177056244274,0.7182568198934152,0.7001409908756263,0.7347812746056379
1777804251.188108,0.119231835,0.0069689923,3.7506342,3.1013854,0.19261104,2.5950584,0.2758442,0.0024541966,-0.27104288,0.49902640471632354,0.03112522744683768,-0.889098776339661,2.9821534,0.18564205,-1.1555758,0.0,0.0,0.0,0.0003263472663502121,-0.005551759142311082,0.7172533735041124,-0.07601181,0.15019588,0.0003498259,0.7042772225374857,0.7300196289376946,0.7055454888621414,0.7291711536791287
1777804251.2082038,0.12312817,0.0070375586,3.7628722,3.1013854,0.19261104,2.5950584,0.27657163,0.0015246903,-0.27240446,0.49902752788682836,0.031119061254845825,-0.8981292255395023,2.9782572,0.18557347,-1.1678138,0.0,0.0,0.0,0.0023515521914888576,-0.00402681378284339,0.7167399360098745,-0.123764895,0.119450904,0.0006584392,0.6987604019003114,0.7343244066106692,0.7109042210278264,0.7229707145006916
1777804251.2288513,0.12912871,0.0071096737,3.7793143,3.1013854,0.19261104,2.5950584,0.27704224,0.00078710454,-0.2752054,0.49902780057446205,0.031124222720374083,-0.9079843145746683,2.9722567,0.18550137,-1.1842558,0.0,0.0,0.0,0.004220914214442426,-0.0007542270876129287,0.7163505248874373,-0.14551584,0.04465764,0.0008292277,0.6974211907069614,0.734782322462223,0.7196928082135675,0.713505778166998
1777804251.2480845,0.1330406,0.00714581,3.789305,3.1013854,0.19261104,2.5950584,0.27715087,0.0007912143,-0.27751303,0.4990275836106622,0.03113531893071287,-0.9174668965449887,2.9683447,0.18546523,-1.1942465,0.0,0.0,0.0,0.004394303523492493,0.0014098730649531105,0.7159254780321269,-0.13084409,-0.009464275,0.0007125941,0.7001971383156642,0.7312262613032324,0.7243794947163064,0.7078990177933052
1777804251.2680905,0.13832156,0.0071854345,3.797025,3.1013854,0.19261104,2.5950584,0.27743337,0.0013130304,-0.28254294,0.4990268020722456,0.03115393716058535,-0.9262881610958543,2.9630637,0.18542561,-1.2019665,0.0,0.0,0.0,0.0034838736588864204,0.0036305235979445403,0.7159048043307727,-0.082867436,-0.06320524,0.00033355373,0.7071173654377005,0.7244921109840015,0.7278373346511892,0.7041724062502004
1777804251.289694,0.14230615,0.0072396602,3.8062305,3.1013854,0.19261104,2.5950584,0.277723,0.002018173,-0.28550956,0.49902575960899886,0.031175386392763477,-0.9348180654977774,2.9590793,0.18537138,-1.2111721,0.0,0.0,0.0,0.0021284379545795616,0.004528931926651299,0.7156382396518347,-0.030288242,-0.09230093,0.00025889912,0.7138642150208764,0.7172569248112621,0.7279235370342936,0.7035082817409073
1777804251.3080962,0.14830585,0.007390018,3.820155,3.1013854,0.19261104,2.5950584,0.27862757,0.0032085178,-0.2900035,0.49902446072217227,0.031200137175076186,-0.9438698866633586,2.9530795,0.18522102,-1.2250965,0.0,0.0,0.0,-0.0004261484624607172,0.00432141408943268,0.7155302809263283,0.047277488,-0.100981325,0.00032136386,0.7233993111607137,0.7074684323785709,0.7246705596026431,0.7065828205633861
1777804251.3281722,0.15341645,0.008558856,3.84109,3.1013854,0.19261104,2.5950584,0.2792052,0.0044715684,-0.29177552,0.4990252097520542,0.031191330551666403,-0.9544609529708237,2.947969,0.18405218,-1.2460315,0.0,0.0,0.0,-0.0025831541397899906,0.0025203440315782325,0.714950874759711,0.10231113,-0.072675124,0.00035641092,0.7289056616474818,0.7007822413192881,0.7177904159612429,0.7123251801108316
1777804251.3482401,0.15525405,0.00891456,3.846819,3.1013854,0.19261104,2.5950584,0.2796035,0.0047464436,-0.29296556,0.49902631561544036,0.031176153689275093,-0.9638504396227527,2.9461312,0.18369648,-1.2517605,0.0,0.0,0.0,-0.003128686887507512,0.001636169771238457,0.7143876919995851,0.111317396,-0.055467166,0.00060580636,0.7290412321817671,0.6993706680019485,0.7148662721534684,0.7142725956611569
1777804251.368291,0.16055751,0.009893099,3.8620942,3.1013854,0.19261104,2.5950584,0.28092593,0.0050623645,-0.29685646,0.49902855929205014,0.03114210935505224,-0.9738060673354093,2.9408278,0.18271793,-1.2670357,0.0,0.0,0.0,-0.003778356419306305,-0.0010398865677132745,0.7141322568569493,0.10487982,0.0048474004,0.00074052426,0.7267309360445237,0.7010892631103839,0.7083147064510138,0.7203941218218761
1777804251.388335,0.16604112,0.010751691,3.8746254,3.1013854,0.19261104,2.5950584,0.28235158,0.0046408884,-0.30226815,0.4990314449983374,0.03109733224071656,-0.983775574388347,2.9353442,0.18185934,-1.279567,0.0,0.0,0.0,-0.0029272622667428872,-0.003182056002681793,0.7140734151642013,0.06441046,0.06574329,0.00060735416,0.7198939010329328,0.7078885168000684,0.7035885274468906,0.724922715376914
1777804251.4081898,0.16787668,0.01101318,3.8782136,3.1013854,0.19261104,2.5950584,0.28274873,0.0044049947,-0.30434254,0.49903406350752,0.031056502641499794,-0.9923252919691736,2.9335086,0.18159786,-1.2831552,0.0,0.0,0.0,-0.002344363874109161,-0.0036419447375669353,0.7136893743785611,0.04495995,0.08131191,0.0008261459,0.7165196824165828,0.7103633788176131,0.702537888273633,0.7253365480064158
1777804251.428356,0.1733264,0.011817846,3.8902333,3.1013854,0.19261104,2.5950584,0.283571,0.0035092062,-0.3100644,0.49903714179150493,0.03100797071557105,-1.0010882075133272,2.9280589,0.1807932,-1.2951748,0.0,0.0,0.0,-2.753143462599461e-05,-0.004043042738416692,0.7137630949030234,-0.018300904,0.104976036,0.0006732932,0.7077695259485366,0.7193526879409488,0.7030155610220349,0.7249146047005738
1777804251.4482756,0.17694336,0.0126740765,3.899547,3.1013854,0.19261104,2.5950584,0.28376272,0.003025348,-0.31369916,0.49904092764180685,0.03094762566288996,-1.0095887514354664,2.924442,0.17993696,-1.3044887,0.0,0.0,0.0,0.0016845671860418769,-0.0034383010227648572,0.7135856129069434,-0.059438486,0.100195274,0.00062001916,0.702382640243985,0.7244165740760098,0.705388207396701,0.7221550299110785
1777804251.4682252,0.18195242,0.014389973,3.9150264,3.1013854,0.19261104,2.5950584,0.28322527,0.0028500664,-0.31840968,0.49904688887057136,0.030851401409313587,-1.018865878772885,2.9194329,0.17822106,-1.319968,0.0,0.0,0.0,0.00393317519792353,-0.0013347933877944848,0.7134885759564965,-0.10581948,0.069530725,0.0007029678,0.696651287474841,0.7299040837527229,0.7113345979656447,0.7160643346327781
1777804251.4881787,0.18526825,0.015437644,3.923872,3.1013854,0.19261104,2.5950584,0.28263348,0.0030405372,-0.32188594,0.49905341619060384,0.03074559720023911,-1.0277028714753393,2.9161172,0.17717339,-1.3288136,0.0,0.0,0.0,0.004851301846463761,0.0004958834669690423,0.7132647731136382,-0.117056035,0.033245604,0.00090697693,0.6956213636021336,0.7303639964675022,0.7158862822145715,0.7111874501703462
1777804251.508173,0.19040176,0.016897809,3.9349415,3.1013854,0.19261104,2.5950584,0.2815941,0.003790465,-0.32797047,0.49906101627195637,0.030621723918433517,-1.03654359143076,2.9109836,0.17571323,-1.3398831,0.0,0.0,0.0,0.005056147918561887,0.003242913561194799,0.713379679894367,-0.097271204,-0.030331383,0.0008717147,0.6994639182787399,0.7267724126729422,0.7220361668773418,0.7052462217484446
1777804251.5281248,0.19504245,0.017843643,3.9398468,3.1013854,0.19261104,2.5950584,0.28110442,0.0048213867,-0.33466086,0.4990684672438682,0.030499843652697825,-1.044401003210526,2.906343,0.17476739,-1.3447883,0.0,0.0,0.0,0.0039879467983471376,0.004881930647204717,0.713648505752788,-0.052210607,-0.079438455,0.00052123383,0.7068004860599332,0.7201837851481199,0.7252307847134047,0.702378967089695
1777804251.5481827,0.19861905,0.018736921,3.9451323,3.1013854,0.19261104,2.5950584,0.28079897,0.005893353,-0.33961886,0.499075816809621,0.030379101079227467,-1.0515326128711553,2.9027662,0.17387411,-1.3500738,0.0,0.0,0.0,0.002515024753212923,0.005460997026505589,0.713747664296373,-0.0046211528,-0.105732314,0.0005303286,0.7137014368579797,0.7134756945738064,0.725681012514519,0.7021325132391876
1777804251.5683043,0.20458794,0.019798389,3.9553697,3.1013854,0.19261104,2.5950584,0.28136513,0.0072948136,-0.34620684,0.49908315081555565,0.03025833696446573,-1.0588758934585454,2.8967974,0.17281266,-1.3603113,0.0,0.0,0.0,-0.0003167852764447807,0.004765952377983884,0.7140424871674964,0.066883974,-0.11284747,0.00013099815,0.7239325361043086,0.7040738393434895,0.7228416039431043,0.7053219692790837
1777804251.588194,0.20896499,0.020159546,3.9660144,3.1013854,0.19261104,2.5950584,0.28260455,0.0077569326,-0.34859696,0.4990892206760957,0.030158284994536683,-1.066453665816641,2.8924203,0.1724515,-1.370956,0.0,0.0,0.0,-0.00214709734049542,0.003422601077964824,0.7137737892755056,0.103707395,-0.09636704,0.00048093533,0.728359959682434,0.69889905767251,0.7189005397553937,0.7089355999916852
1777804251.608162,0.2157933,0.020690706,3.9802215,3.1013854,0.19261104,2.5950584,0.28504676,0.008001923,-0.3530144,0.49909433882496473,0.0300739679029179,-1.0747890236567308,2.885592,0.17192033,-1.3851631,0.0,0.0,0.0,-0.00425936343684999,0.0005062960548130957,0.7137106628122767,0.1285733,-0.044759076,0.0005564635,0.7311633811101182,0.6959240664191727,0.7119381235623217,0.7158170801574947
1777804251.6281695,0.22278531,0.021175733,3.9918945,3.1013854,0.19261104,2.5950584,0.28782746,0.0074756253,-0.35841614,0.49909856447427847,0.03000414829775432,-1.0833249857100526,2.8786001,0.17143531,-1.396836,0.0,0.0,0.0,-0.004901980680880405,-0.0025778519281585118,0.7137601263321937,0.11023982,0.023433706,0.0005924172,0.7280067228132333,0.6991580795310958,0.7055680982862217,0.7223076046982244
1777804251.6480842,0.22736976,0.021468155,3.9987073,3.1013854,0.19261104,2.5950584,0.2896537,0.006730083,-0.36225268,0.49910198671698075,0.029947621316311672,-1.0912438050963624,2.8740156,0.17114288,-1.4036489,0.0,0.0,0.0,-0.004434677568056024,-0.0041711756642942325,0.7136533449605537,0.07671413,0.06621674,0.0007344809,0.7228786452169768,0.7039873561564516,0.7027027219151326,0.7250446565536542
1777804251.6680775,0.23435561,0.021884382,4.0085306,3.1013854,0.19261104,2.5950584,0.29201314,0.005270766,-0.3682572,0.4991047304716071,0.02990239265310599,-1.099150592172793,2.8670297,0.17072666,-1.4134722,0.0,0.0,0.0,-0.0026270433476727707,-0.005298133939610018,0.7138292544232101,0.0029591362,0.108728655,0.000346918,0.7131887948256056,0.7142615632158398,0.7023272159669383,0.7255394436844573
1777804251.6880186,0.24183467,0.021129092,4.0214076,3.1013854,0.19261104,2.5950584,0.29366952,0.0036220793,-0.37324345,0.49910442804069205,0.029907973207019437,-1.1075363398271016,2.8595507,0.17148195,-1.4263492,0.0,0.0,0.0,-0.0001173012531599542,-0.004592856564116659,0.7138362014643247,-0.071547695,0.1156352,0.00031478575,0.7034772918895682,0.7240062395892897,0.7059280813318085,0.7219331930466331
1777804251.7080362,0.24699795,0.020273522,4.029169,3.1013854,0.19261104,2.5950584,0.2943497,0.0026758232,-0.37676775,0.49910174230552423,0.029953038098997013,-1.1154867744984,2.8543873,0.17233752,-1.4341106,0.0,0.0,0.0,0.001489248169933468,-0.003231254007676334,0.7136864212815962,-0.10524511,0.09789961,0.00063421484,0.6989865849321425,0.7280057287265517,0.7097438239609369,0.7180095475067544
1777804251.7281153,0.25476727,0.019041099,4.0385814,3.1013854,0.19261104,2.5950584,0.29491383,0.0017678451,-0.38278264,0.4990959876363811,0.0300485340973426,-1.1233530884219622,2.8466182,0.17356995,-1.4435229,0.0,0.0,0.0,0.0030417767239950834,-0.0005482841152214014,0.7138667738732833,-0.11743686,0.04465425,0.00076706323,0.6981758732044315,0.7290974366022924,0.7163294410709515,0.7118643446154584
1777804251.7480278,0.25964805,0.018261226,4.044102,3.1013854,0.19261104,2.5950584,0.29506487,0.0015424879,-0.38674968,0.49908907720131374,0.030162635304187866,-1.13052947085964,2.8417373,0.17434981,-1.4490438,0.0,0.0,0.0,0.0032860246841851216,0.0010883379317243526,0.713833714629815,-0.102159485,0.0037204938,0.0008631428,0.7007300108627122,0.7264195327305766,0.719770090027848,0.7084152248981239
1777804251.7680871,0.26712945,0.017172765,4.050123,3.1013854,0.19261104,2.5950584,0.29528233,0.00176725,-0.39373752,0.49908020503268796,0.030308205297712592,-1.1372339404572434,2.834256,0.17543827,-1.4550648,0.0,0.0,0.0,0.0025722977943334613,0.0028952222593020276,0.7142293457701379,-0.051037945,-0.046256185,0.0005021851,0.7082286293701332,0.7199287511214628,0.7224864561139462,0.7062735464750097
1777804251.7884746,0.2697515,0.016834218,4.0516477,3.1013854,0.19261104,2.5950584,0.29538736,0.0019572643,-0.39644736,0.499072016532788,0.030442247642973354,-1.1428414278784902,2.8316338,0.17577682,-1.4565892,0.0,0.0,0.0,0.0020764885106593738,0.0032213612934972797,0.714152834788804,-0.030777855,-0.058196235,0.0003591523,0.7109407097434459,0.7171494684552486,0.7225233804845427,0.7059977804719793
1777804251.8081992,0.27730218,0.015879882,4.055332,3.1013854,0.19261104,2.5950584,0.2959367,0.002604828,-0.40437332,0.4990623364890173,0.030599578850586645,-1.1479169411309171,2.824083,0.17673115,-1.4602737,0.0,0.0,0.0,0.00027920684272186326,0.003226373204661357,0.7147949313743185,0.02756902,-0.071113184,0.00029264472,0.7190961342519705,0.7103181416649098,0.7213134242663313,0.7084520253140628
1777804251.8283074,0.28211707,0.013413017,4.0636196,3.1013854,0.19261104,2.5950584,0.29633057,0.0016760648,-0.40748984,0.4990484412546599,0.03082304940272922,-1.15330334050239,2.8192682,0.17919803,-1.4685612,0.0,0.0,0.0,-0.0008947329342455616,0.0022250862045672423,0.7147881789804865,0.06129728,-0.06597865,0.00061698415,0.723454804475285,0.7057513629951845,0.71846760275872,0.711478945692757
1777804251.8481584,0.28719044,0.011047883,4.0706205,3.1013854,0.19261104,2.5950584,0.29696453,0.00073487434,-0.4112323,0.49903124539340693,0.03109674251595779,-1.1587326077046465,2.814195,0.18156315,-1.4755621,0.0,0.0,0.0,-0.001985144733984044,0.0006802800240616343,0.7148595018228984,0.08383905,-0.050849058,0.0006162237,0.7267545481477911,0.7025947212624315,0.7150705942034157,0.7150181436779558
1777804251.8681383,0.29446495,0.0076068514,4.080201,3.1013854,0.19261104,2.5950584,0.2981814,-0.001128166,-0.41644746,0.4990084645611855,0.031454124323683136,-1.1646089194156704,2.8069205,0.18500419,-1.4851427,0.0,0.0,0.0,-0.0029185108907037443,-0.001978460414480528,0.715088053961033,0.09131166,-0.012284068,0.00078489515,0.7280372152636141,0.7016679555684567,0.7099413653823756,0.7207056796296861
1777804251.8881698,0.30175018,0.004309447,4.08808,3.1013854,0.19261104,2.5950584,0.29947457,-0.0034248747,-0.42210984,0.49898131708008553,0.031874068695034306,-1.170570573642888,2.7996352,0.1883016,-1.4930215,0.0,0.0,0.0,-0.0028151765172679997,-0.004427032351481437,0.7153682073629475,0.06509049,0.03383262,0.0008429797,0.724858152044258,0.7053724748606154,0.7060953963834778,0.7251468061634392
1777804251.908303,0.30671936,0.0022099847,4.0920153,3.1013854,0.19261104,2.5950584,0.30029282,-0.00511412,-0.42640594,0.4989537399586241,0.0322965112767424,-1.175969550955326,2.794666,0.19040105,-1.4969568,0.0,0.0,0.0,-0.0021352612477765305,-0.005568104789890189,0.7155138021497893,0.02948204,0.060438655,0.0006148921,0.7205561713736628,0.710102497660337,0.7050717705707761,0.7263247689943821
1777804251.92857,0.3115836,0.00017776235,4.095292,3.1013854,0.19261104,2.5950584,0.30096948,-0.0068519665,-0.43079153,0.4989259085318407,0.03271859580809322,-1.1808130247974642,2.7898018,0.19243328,-1.5002337,0.0,0.0,0.0,-0.0010977682675186256,-0.006032782417064874,0.715713498184803,-0.014523549,0.07818193,0.0005868948,0.7152515421161052,0.7158233173696155,0.7058618820067234,0.7259172512467685
1777804251.9481552,0.317984,-0.002930093,4.105548,3.1013854,0.19261104,2.5950584,0.30131096,-0.009316783,-0.43563378,0.49889482786345174,0.033182859973386505,-1.1863287340469557,2.7834013,0.19554113,-1.5104895,0.0,0.0,0.0,0.0007991534708555515,-0.005339916343176169,0.7159211540891475,-0.07846087,0.07844222,0.00039360815,0.707791586873464,0.7238145564157648,0.7099016586239077,0.722176814443454
1777804251.9681325,0.323079,-0.005040261,4.1120443,3.1013854,0.19261104,2.5950584,0.30118686,-0.010751419,-0.44012707,0.49886373464336153,0.03364244371157931,-1.1917807301574865,2.7783065,0.1976513,-1.5169859,0.0,0.0,0.0,0.0021935195721766183,-0.0036351491447518995,0.7160883259040051,-0.12016939,0.060328167,0.0006391877,0.7028983943157937,0.7288947448746612,0.7152387116387643,0.7173214527868016
1777804251.9881094,0.3271465,-0.007045515,4.119024,3.1013854,0.19261104,2.5950584,0.3008382,-0.011702917,-0.443088,0.4988329830493145,0.03409219151339568,-1.1972590415234503,2.7742388,0.19965655,-1.5239654,0.0,0.0,0.0,0.0029993143174862897,-0.001766593690817349,0.7160543229438119,-0.13599826,0.034962766,0.00082959153,0.7008958424712635,0.730715048497017,0.7196201322417911,0.7129862685651767
1777804252.0082226,0.33332965,-0.009957938,4.128164,3.1013854,0.19261104,2.5950584,0.3001786,-0.012456341,-0.44776267,0.4987996496936173,0.03457232929747611,-1.2031040929599712,2.7680557,0.20256898,-1.5331054,0.0,0.0,0.0,0.003310938652776837,0.0011999224436313157,0.7162150176563324,-0.12190483,-0.012030153,0.0010401434,0.7026021395279411,0.7292038097288184,0.7251308428958073,0.7079232784727634
1777804252.0282886,0.33924097,-0.012698456,4.135497,3.1013854,0.19261104,2.5950584,0.299472,-0.012475292,-0.45269236,0.49876457875414615,0.03507038721427369,-1.2089534586941488,2.7621443,0.2053095,-1.5404387,0.0,0.0,0.0,0.0025517925333679824,0.003314167489741008,0.7164085273601466,-0.072058365,-0.054552037,0.0006436072,0.7089489789699325,0.7234819114129634,0.7274928166466449,0.7057104024110461
1777804252.0480826,0.3433323,-0.014436573,4.1391816,3.1013854,0.19261104,2.5950584,0.29916048,-0.012110878,-0.45651305,0.4987310383752499,0.03554226423490086,-1.2142224745969208,2.758053,0.20704761,-1.5441232,0.0,0.0,0.0,0.0015433365253215456,0.003995123488234014,0.7165022706203183,-0.025530357,-0.07296978,0.0005447783,0.7145955309121826,0.7180821433459487,0.7269975019773652,0.7063339062457774
1777804252.0680935,0.34894025,-0.01643526,4.1466756,3.1013854,0.19261104,2.5950584,0.29848018,-0.011090003,-0.46157262,0.49869761975888527,0.036006928703689885,-1.2196367229636695,2.7524452,0.2090463,-1.5516171,0.0,0.0,0.0,-0.00017968229371603562,0.0037104328693092336,0.7167459273252027,0.04203501,-0.073812135,0.00045107852,0.7223476247350755,0.7108735828021178,0.7233135360329895,0.7104489657306285
1777804252.088247,0.3517174,-0.017030792,4.154951,3.1013854,0.19261104,2.5950584,0.2975956,-0.010081081,-0.463643,0.49866867949393684,0.03640773691455866,-1.225292203077967,2.749668,0.20964183,-1.5598927,0.0,0.0,0.0,-0.0009852637044839335,0.002802949437848628,0.71658263788787,0.07772071,-0.05952833,0.00036209912,0.7256362454286084,0.7073117708755934,0.7190240903126331,0.7143584449346456
1777804252.1082506,0.35588968,-0.01761979,4.1603394,3.1013854,0.19261104,2.5950584,0.2971908,-0.00903223,-0.4678286,0.49864301792643306,0.03676113474544164,-1.2306787087514361,2.7454958,0.21023083,-1.5652809,0.0,0.0,0.0,-0.001672736945536496,0.0010685590546446484,0.7167148249989442,0.099718325,-0.027875928,0.0005777152,0.7273532285660442,0.7057297922965329,0.7138820438362342,0.7198942352969662
1777804252.1281943,0.36161172,-0.018456269,4.169539,3.1013854,0.19261104,2.5950584,0.29666385,-0.008271817,-0.47311866,0.4986189481565304,0.037089967633694626,-1.2364598523771255,2.7397738,0.2110673,-1.5744805,0.0,0.0,0.0,-0.0014160295079378707,-0.001557052742919402,0.7169603865871228,0.08564095,0.022640528,0.0005219728,0.7248169109120399,0.7087906785969295,0.7083134367729047,0.7259205200666177
1777804252.148189,0.36309284,-0.018712826,4.1729445,3.1013854,0.19261104,2.5950584,0.29640934,-0.008208517,-0.47430962,0.49859866118025364,0.03736645094983595,-1.241629658635099,2.7382925,0.21132386,-1.5778861,0.0,0.0,0.0,-0.001084543712020432,-0.0021957295141606073,0.7167199312595812,0.07426578,0.035020933,0.0005564293,0.7229728633292622,0.710133141595376,0.7070327374051092,0.7267409827085781
1777804252.1679933,0.36936352,-0.019670375,4.1828246,3.1013854,0.19261104,2.5950584,0.2953607,-0.008345834,-0.48052037,0.498578384443852,0.03763992950266852,-1.2473463141883527,2.7320218,0.2122814,-1.5877662,0.0,0.0,0.0,0.0008957211202316826,-0.0034100146335385114,0.7170900835541508,0.002239529,0.057650596,0.00033301613,0.7150715868805257,0.7189087705515061,0.708093042642769,0.7262869341418029
1777804252.188016,0.37260488,-0.02011268,4.1859317,3.1013854,0.19261104,2.5950584,0.2947343,-0.008468955,-0.48418984,0.4985601901409886,0.037883920639326205,-1.252416769978612,2.7287805,0.21272372,-1.5908732,0.0,0.0,0.0,0.0019793703626591534,-0.0030911974030280024,0.7171793532118452,-0.036747437,0.053990588,0.0002222692,0.7109654575277232,0.7232598873770015,0.7107960141559089,0.723696053786748
1777804252.2082133,0.37645492,-0.021289736,4.1962123,3.1013854,0.19261104,2.5950584,0.29240602,-0.00875273,-0.4871676,0.4985414444921702,0.03813283074464006,-1.2581180320717569,2.7249305,0.21390077,-1.6011539,0.0,0.0,0.0,0.0035364421037819924,-0.0016984027342602298,0.7171304946939023,-0.072800644,0.027482487,0.00032012025,0.7071737687694266,0.7268951484690113,0.7156171384490068,0.7188359230881652
1777804252.2281933,0.3790163,-0.02203442,4.20196,3.1013854,0.19261104,2.5950584,0.29084462,-0.008711072,-0.48942658,0.49852374192224264,0.03836637902113281,-1.2635986889630697,2.722369,0.21464546,-1.6069016,0.0,0.0,0.0,0.004107008756908524,-0.00045319728644570637,0.7170050849514897,-0.0808653,0.0014483484,0.00035189049,0.7066606143683801,0.7271384212435775,0.7189038022772,0.7153175019168019
1777804252.2480628,0.3830283,-0.023088714,4.2086167,3.1013854,0.19261104,2.5950584,0.2885939,-0.008233545,-0.49344254,0.4985056221178875,0.03860316782476491,-1.2690482779526824,2.718357,0.21569975,-1.6135583,0.0,0.0,0.0,0.0041441064208242225,0.001389744079788294,0.7171104004731228,-0.064800754,-0.03766687,0.00046630434,0.7092659478098944,0.7246750705344855,0.7226933392416556,0.7118072443064563
1777804252.268112,0.38569218,-0.023798736,4.214143,3.1013854,0.19261104,2.5950584,0.2871069,-0.0076616253,-0.49593973,0.49848845598631747,0.03882620843674331,-1.274292119676599,2.7156932,0.21640977,-1.6190844,0.0,0.0,0.0,0.0036655973445449516,0.002315031506819381,0.7170340533699823,-0.042308394,-0.058263358,0.0005025014,0.7121790712131807,0.7215875346978464,0.7238799780742889,0.7104896294946135
1777804252.288024,0.3894851,-0.024761502,4.2219625,3.1013854,0.19261104,2.5950584,0.28529346,-0.0065551763,-0.49967277,0.49847102759308537,0.039050844956839796,-1.279738337464912,2.7119002,0.21737254,-1.626904,0.0,0.0,0.0,0.0025123534434054674,0.002908796134813032,0.7171028567603162,0.00033593934,-0.07253111,0.00034083828,0.7174088197698713,0.7165923907849711,0.7233771647100956,0.7110330517763271
1777804252.308214,0.3916588,-0.025300905,4.2285132,3.1013854,0.19261104,2.5950584,0.2838461,-0.0057912823,-0.50186586,0.49845498679500355,0.03925663716547069,-1.2851434379162656,2.7097266,0.21791194,-1.6334548,0.0,0.0,0.0,0.0017027324450875796,0.0027662827908121112,0.7169746587541499,0.027128467,-0.07018594,0.0005375697,0.7201295249562982,0.7134972507363065,0.7216440775798103,0.7126277817441851
1777804252.3282576,0.39339975,-0.025801213,4.2365923,3.1013854,0.19261104,2.5950584,0.28216574,-0.0051696072,-0.5034578,0.4984402766102277,0.0394446888522496,-1.2907601665927784,2.7079856,0.21841225,-1.6415339,0.0,0.0,0.0,0.0011165426044833907,0.0022050900641088994,0.7167521458193294,0.046994958,-0.058956414,0.0004546305,0.7217702338037574,0.7114612795354965,0.7189339989397163,0.7148430709983481
1777804252.348098,0.39532396,-0.026267784,4.2430086,3.1013854,0.19261104,2.5950584,0.28078938,-0.004659143,-0.50570273,0.4984266666788835,0.039617883529757675,-1.2962801608621133,2.7060614,0.21887882,-1.6479502,0.0,0.0,0.0,0.0007086698619070263,0.001394869899463456,0.7166219013031725,0.057266567,-0.04223792,0.00045407788,0.7223424970372676,0.710628858843792,0.7162420328570964,0.7172742164745345
1777804252.368361,0.3984427,-0.026907941,4.2505045,3.1013854,0.19261104,2.5950584,0.27918002,-0.0040493985,-0.5098434,0.49841312632711565,0.039789133164481495,-1.3018954970978938,2.7029426,0.21951897,-1.655446,0.0,0.0,0.0,0.0005841343781202253,4.7511747687053844e-05,0.7167307562955716,0.05652228,-0.013061754,0.00027056097,0.7215846646306655,0.711714511380953,0.7127984599091168,0.7208253892615515
1777804252.3880224,0.4016776,-0.027474178,4.255946,3.1013854,0.19261104,2.5950584,0.2778695,-0.0037641122,-0.51462895,0.4983998144924787,0.0399565349663863,-1.3072584325904244,2.6997077,0.22008522,-1.6608877,0.0,0.0,0.0,0.0010449059753421873,-0.0010659778629129707,0.7169427190379676,0.038994905,0.011215481,-4.9529226e-06,0.7191876306928587,0.7147007791366411,0.7108135184762628,0.7230689478461081
1777804252.4084332,0.4028652,-0.027654419,4.2571387,3.1013854,0.19261104,2.5950584,0.2774822,-0.0037114313,-0.51651925,0.4983883484411357,0.04010062272513465,-1.3117395921416755,2.6985202,0.22026546,-1.6620803,0.0,0.0,0.0,0.0013012607313711135,-0.0013411577998054878,0.7168458050675677,0.030171111,0.016709907,0.0001448464,0.7179191445548492,0.715685557738671,0.7104963590006805,0.7232821589760704
1777804252.4283195,0.40642196,-0.028173111,4.259793,3.1013854,0.19261104,2.5950584,0.27631736,-0.0036718887,-0.5223272,0.4983767437305545,0.040245613298134454,-1.3157491718822858,2.6949635,0.22078416,-1.6647344,0.0,0.0,0.0,0.0021781563205438563,-0.001659722855865318,0.7172941154547321,-0.00092361955,0.020749792,-2.8672977e-05,0.7150504109229366,0.7195550237729373,0.7118615405523795,0.7227094865706756
1777804252.4481826,0.4084451,-0.028988611,4.26361,3.1013854,0.19261104,2.5950584,0.27503413,-0.0040195375,-0.5259689,0.4983644916507797,0.04039767774249431,-1.3195675687070005,2.6929402,0.22159965,-1.6685514,0.0,0.0,0.0,0.002815208863279534,-0.0015031623145951487,0.7174755014648122,-0.022778466,0.015264594,-0.00016513093,0.7131695493674807,0.7218805321192479,0.7137087007962073,0.7211432235763136
1777804252.4681573,0.41040987,-0.030760955,4.27335,3.1013854,0.19261104,2.5950584,0.2724141,-0.004700525,-0.52981746,0.498348812968985,0.04059047042175386,-1.3241806662937254,2.6909754,0.223372,-1.6782913,0.0,0.0,0.0,0.0036493738221023884,-0.0007830386217063841,0.7176230141446052,-0.047447406,-0.0023456127,2.2015818e-05,0.7111419307573984,0.724090888040949,0.7171806479257321,0.7180785898543417
1777804252.488181,0.41194966,-0.031885587,4.2783966,3.1013854,0.19261104,2.5950584,0.27086177,-0.0049736327,-0.5327856,0.4983324314844257,0.04079079311167601,-1.328678639480293,2.6894357,0.22449663,-1.6833382,0.0,0.0,0.0,0.0038686810936151917,-5.385648690907959e-05,0.7176648970356274,-0.053172804,-0.01908854,0.00014610501,0.7110794997900831,0.7241626312737366,0.7195670985301366,0.7158503585485539
1777804252.5084746,0.4144586,-0.033492718,4.2844157,3.1013854,0.19261104,2.5950584,0.26873317,-0.0049922904,-0.5376628,0.49831372346016933,0.041017953007025744,-1.3332400765012267,2.6869268,0.22610375,-1.6893573,0.0,0.0,0.0,0.003624553372509083,0.0010886766657503865,0.7179500527916078,-0.04514933,-0.043070752,-5.5420187e-05,0.7130871625793551,0.722846195116049,0.7224551566066283,0.7134116968643995
1777804252.5282004,0.4160329,-0.034497805,4.287837,3.1013854,0.19261104,2.5950584,0.26751128,-0.0048730653,-0.5409041,0.49829521652486464,0.041241594164453534,-1.3374366351755909,2.6853523,0.22710884,-1.6927786,0.0,0.0,0.0,0.0031605324203077185,0.0016173800546987948,0.7180504849259001,-0.030376295,-0.056391884,-0.0002482102,0.7154282826360725,0.7208216133438946,0.7233743237577491,0.7125777199658846
1777804252.5480833,0.41881135,-0.035923745,4.290912,3.1013854,0.19261104,2.5950584,0.26617542,-0.0044725593,-0.5465831,0.49827521941206093,0.041481759803599194,-1.3412859017684025,2.682574,0.22853479,-1.6958537,0.0,0.0,0.0,0.002040124828263396,0.001933986523576717,0.7184942958382142,-0.00018406796,-0.065099485,-0.00020026084,0.7197734961183418,0.7173352520609028,0.7235507635365237,0.7133176716370891
1777804252.5684226,0.42078963,-0.036635865,4.295452,3.1013854,0.19261104,2.5950584,0.2656134,-0.003998372,-0.5495197,0.49825643818490695,0.04170638876724726,-1.345091709695972,2.6805956,0.2292469,-1.7003937,0.0,0.0,0.0,0.0012103509668281573,0.001748773620692503,0.7185849998823974,0.02096436,-0.06265325,-9.7599856e-05,0.7223445641200797,0.7148839955580191,0.7224292538698264,0.7146821859816651
1777804252.58808,0.4240909,-0.037383918,4.305512,3.1013854,0.19261104,2.5950584,0.2653498,-0.0032661918,-0.5528289,0.498238158789579,0.04192415769949346,-1.3497459294022855,2.6772945,0.22999495,-1.7104535,0.0,0.0,0.0,6.296027589503504e-05,0.0009441804506356965,0.7186592671361589,0.043816093,-0.046339415,-0.00026742677,0.7249447951114756,0.7125341952254644,0.7196621250112584,0.7174959531964378
1777804252.6080742,0.42749283,-0.038076222,4.313322,3.1013854,0.19261104,2.5950584,0.26556703,-0.0028047937,-0.5565889,0.49822039410853697,0.042134788303015945,-1.3547189236976098,2.6738925,0.23068726,-1.7182636,0.0,0.0,0.0,-0.0005967637695065472,-0.00024719246135053614,0.7187677516933506,0.052044325,-0.018984308,1.722954e-05,0.7252888297055438,0.7122363359569228,0.716477690574781,0.7210681505361555
1777804252.6287613,0.4298577,-0.03851212,4.317382,3.1013854,0.19261104,2.5950584,0.265857,-0.0026780656,-0.5593122,0.49820413792438756,0.04232698041672573,-1.3593468857842597,2.6715276,0.23112315,-1.7223234,0.0,0.0,0.0,-0.0006872744193615922,-0.001057564316227999,0.7187678823880743,0.046245642,0.00048297673,-7.3604897e-06,0.7241759424928698,0.713364238577092,0.7146570948455774,0.7228742536367586
1777804252.6481717,0.4325544,-0.038931273,4.3200026,3.1013854,0.19261104,2.5950584,0.26627856,-0.0026583872,-0.56266665,0.4981890408540365,0.0425049090065564,-1.3634685669770172,2.6688309,0.23154232,-1.7249441,0.0,0.0,0.0,-0.0005159290428584573,-0.0017347383221323525,0.7188887420352086,0.03188072,0.016310172,-0.00014087277,0.7224273151745692,0.7154346925574916,0.7137723994366849,0.7239205609720892
1777804252.6682336,0.43854803,-0.03955184,4.318698,3.1013854,0.19261104,2.5950584,0.26754278,-0.0027293705,-0.5710699,0.49817327963070845,0.04268960246864997,-1.366557171696848,2.6628373,0.23216288,-1.7236395,0.0,0.0,0.0,0.0003033515160879184,-0.002048316298520435,0.7197447741528028,-0.012000661,0.036240894,-2.2978587e-05,0.7176373080561836,0.7218660274018416,0.7154469941216574,0.7240287670315293
1777804252.6881824,0.44110513,-0.039929915,4.3200126,3.1013854,0.19261104,2.5950584,0.2677666,-0.0028079667,-0.57450867,0.4981587215801619,0.0428596940789544,-1.3692383978799394,2.6602802,0.23254095,-1.7249541,0.0,0.0,0.0,0.000890531753485203,-0.0017057020068995967,0.7199867220249121,-0.032594863,0.03714883,0.00022453314,0.715155036905856,0.7246836872590131,0.7170935309090695,0.7230146330257103
1777804252.7080626,0.44402826,-0.03977834,4.328662,3.1013854,0.19261104,2.5950584,0.26711017,-0.00258239,-0.5771414,0.49814672943278493,0.04299963347346969,-1.3727672747004358,2.6573572,0.23238938,-1.7336035,0.0,0.0,0.0,0.0018329852182550274,-0.0006765629908433452,0.7200591055379888,-0.04692084,0.023735184,9.396901e-05,0.7132220106948682,0.7268398189768253,0.7194326004690056,0.7207419920112567
1777804252.728094,0.4460468,-0.03966585,4.333319,3.1013854,0.19261104,2.5950584,0.26654282,-0.0022343157,-0.57903886,0.4981369330590911,0.043113969919930994,-1.3763355391207002,2.6553385,0.23227689,-1.7382607,0.0,0.0,0.0,0.002240393610176745,0.00012819957186928788,0.7200329143870476,-0.047083855,0.009327246,0.00029639355,0.713062515094415,0.7268254775467453,0.7210301671191358,0.719213497787895
1777804252.7480483,0.44921872,-0.039504007,4.3387737,3.1013854,0.19261104,2.5950584,0.26588833,-0.0015127802,-0.58223003,0.49812872045087403,0.04320974923797537,-1.3800628770973415,2.6521666,0.23211505,-1.7437153,0.0,0.0,0.0,0.0023451618756882933,0.0011734991974620551,0.7201627032534266,-0.031205222,-0.013996723,0.00013720295,0.7152262013827634,0.7250168833534835,0.7226483570699921,0.7177593712074679
1777804252.7688773,0.4514448,-0.039397106,4.341432,3.1013854,0.19261104,2.5950584,0.26556683,-0.00093015743,-0.5847108,0.49812185830154093,0.04328965243798962,-1.3834700862237719,2.6499405,0.23200814,-1.7463737,0.0,0.0,0.0,0.002087258382509404,0.001597658444670854,0.7202246342863017,-0.014755289,-0.02717937,0.0002756692,0.7174509431461348,0.7228329238992754,0.7231725078139193,0.7174421622858778
1777804252.7880182,0.45490518,-0.039219834,4.34373,3.1013854,0.19261104,2.5950584,0.26535323,4.40812e-05,-0.5889278,0.49811596327048996,0.04335827035389321,-1.3865635140473769,2.64648,0.23183087,-1.7486715,0.0,0.0,0.0,0.0013803828690971947,0.0017575265758240496,0.7205362184473687,0.009980607,-0.037343036,0.00013124745,0.7211448262262186,0.7198488621992772,0.7231417307516668,0.7180094546123128
1777804252.8081841,0.45743874,-0.039076943,4.3442554,3.1013854,0.19261104,2.5950584,0.2654742,0.00071154785,-0.5920566,0.4981109909456767,0.04341612033193888,-1.3891223322339954,2.6439466,0.23168798,-1.749197,0.0,0.0,0.0,0.0007860491399775673,0.001561958146169334,0.7207472346321454,0.023593245,-0.036421973,0.00036877254,0.7230898130505183,0.7181833926896269,0.7226600736551384,0.7190556591332985
1777804252.8283408,0.45979592,-0.038694553,4.3563137,3.1013854,0.19261104,2.5950584,0.265525,0.0010346744,-0.5912549,0.4981075852904159,0.04345582070665027,-1.3930987080723527,2.6415894,0.2313056,-1.7612553,0.0,0.0,0.0,0.0002920653241564935,0.0011312002357196293,0.7203390361580517,0.032480143,-0.029992959,0.00025915483,0.7238358722738456,0.7166867071469744,0.7210569427588701,0.7197766224525174
1777804252.847943,0.4636508,-0.038174234,4.370278,3.1013854,0.19261104,2.5950584,0.26597852,0.0014471153,-0.5913365,0.4981054627731195,0.04348073019756052,-1.398514076931515,2.6377347,0.23078528,-1.7752194,0.0,0.0,0.0,-0.00023041917265402296,0.00034109299589836495,0.7199356233867636,0.034245424,-0.012966585,0.00033978303,0.7234999754000834,0.7161674015556648,0.7189067633740425,0.7211683532172645
1777804252.8684678,0.4664292,-0.037902843,4.3767424,3.1013854,0.19261104,2.5950584,0.26643842,0.0015836405,-0.5924482,0.49810384820578507,0.043499596082553646,-1.4038806890354463,2.6349561,0.23051389,-1.7816839,0.0,0.0,0.0,-0.00036361087713234104,-0.00018002717533864392,0.7196698162434639,0.0294387,-0.0009359396,0.00029495184,0.7225549399550606,0.7166077214288019,0.7176616646231365,0.7218549389668573
1777804252.8881989,0.47066596,-0.03753764,4.3837037,3.1013854,0.19261104,2.5950584,0.26726434,0.001695054,-0.59504896,0.49810253867052406,0.04351489219139845,-1.4092877940262087,2.6307194,0.23014867,-1.7886453,0.0,0.0,0.0,-0.0002648270986040126,-0.0007311176275971512,0.7195944529674231,0.015745047,0.013682245,0.00023044573,0.7206862881507835,0.7183643503459017,0.7168431127369717,0.722484060636036
1777804252.908602,0.47383332,-0.03731683,4.386228,3.1013854,0.19261104,2.5950584,0.26792383,0.001707727,-0.5977292,0.4981013062679165,0.043529247278538,-1.414017378165303,2.627552,0.22992787,-1.7911696,0.0,0.0,0.0,-4.996598902882836e-05,-0.0008879001743175119,0.7195812139250772,0.003027136,0.020150926,0.00022275776,0.7190823495597652,0.7199464236318224,0.716955862114188,0.7223402203945338
1777804252.928254,0.47677845,-0.037110213,4.3884172,3.1013854,0.19261104,2.5950584,0.2684836,0.0017450406,-0.6002676,0.49810015941328956,0.043542656578275885,-1.4181513109795079,2.6246068,0.22972125,-1.7933588,0.0,0.0,0.0,0.00021961678850800602,-0.0008371833515840527,0.719595074357487,-0.008912336,0.022368671,0.0001797837,0.7176562252133404,0.7214260532797966,0.7175157025050124,0.7217823164317995
1777804252.948244,0.47989315,-0.037092727,4.392609,3.1013854,0.19261104,2.5950584,0.2689087,0.001607192,-0.6023488,0.49809838958316766,0.04356300569784906,-1.4221291573041142,2.6214921,0.22970377,-1.7975507,0.0,0.0,0.0,0.000522308160816401,-0.000635398354171493,0.719561452475577,-0.018861823,0.020737052,0.00026947845,0.7164257891544414,0.7225354287273722,0.7183345711608706,0.7209500208596242
1777804252.9683506,0.4843995,-0.03734596,4.402071,3.1013854,0.19261104,2.5950584,0.26920572,0.0013029582,-0.604301,0.4980948279518582,0.04360376611123297,-1.4268253351206353,2.6169858,0.229957,-1.8070126,0.0,0.0,0.0,0.0009338539279764705,-0.00015398767863659697,0.719456140502917,-0.028700523,0.013034175,0.00040999101,0.7152145010908688,0.7234517853061151,0.7197446040349966,0.7194136715796878
1777804252.9882338,0.48753572,-0.037517175,4.407076,3.1013854,0.19261104,2.5950584,0.26944232,0.0012430404,-0.6060256,0.49809050045162023,0.04365327161367586,-1.431383058623852,2.6138496,0.23012821,-1.8120174,0.0,0.0,0.0,0.0010709426719722162,0.00027434969671654135,0.7193318369680541,-0.030238433,0.005946921,0.00032133373,0.7149953161598689,0.723475557536346,0.7205749650427493,0.7182815091332528
1777804253.0081456,0.49236113,-0.03779599,4.4127164,3.1013854,0.19261104,2.5950584,0.26979357,0.0012974131,-0.609173,0.49808468406796125,0.04371953419300597,-1.4359317185055271,2.6090243,0.23040703,-1.817658,0.0,0.0,0.0,0.001043336562701229,0.0008945266913098892,0.7193931488696478,-0.024500925,-0.005297725,0.00019102807,0.7158617211942901,0.722809959703112,0.721685539433826,0.7172153751473636
1777804253.0286798,0.49552318,-0.037987415,4.4156704,3.1013854,0.19261104,2.5950584,0.2700442,0.0013979529,-0.61148816,0.498078457398412,0.04379039733769641,-1.440043287402078,2.6058621,0.23059845,-1.820612,0.0,0.0,0.0,0.0008695765317380255,0.0011699915672141112,0.7193797073866671,-0.01631975,-0.013075072,-4.7500962e-05,0.7170948153716176,0.721693099978889,0.7220174579091709,0.7167134562869916
1777804253.048273,0.500435,-0.038265985,4.418378,3.1013854,0.19261104,2.5950584,0.27058473,0.0016791003,-0.6156137,0.4980710680351237,0.04387419008542812,-1.4437657395408032,2.6009502,0.23087703,-1.8233194,0.0,0.0,0.0,0.00038386711867550863,0.0013183543986571749,0.7196313096948547,-0.00023169235,-0.02042423,7.1311035e-05,0.7195230978810705,0.7196967348877316,0.7222396640751627,0.7170657419354545
1777804253.0683494,0.50411195,-0.038764667,4.4229484,3.1013854,0.19261104,2.5950584,0.27119732,0.0017384952,-0.6175271,0.498062373007582,0.04397261805001669,-1.4474749787176036,2.5972733,0.23137571,-1.8278899,0.0,0.0,0.0,-2.672380965279466e-05,0.0011634338590967418,0.7195964163389564,0.010803859,-0.020016888,2.7391641e-05,0.720917148549641,0.718259249143553,0.7215318338526227,0.7176774338100096
1777804253.0882075,0.5102658,-0.03991465,4.43272,3.1013854,0.19261104,2.5950584,0.27238613,0.0016290734,-0.61935264,0.498049617453612,0.04411612012317795,-1.4520058618803329,2.5911195,0.23252569,-1.8376617,0.0,0.0,0.0,-0.0005918498175457266,0.0005922110810957521,0.7194872796625149,0.022958314,-0.011922469,4.5239085e-05,0.7222638093461713,0.716683606527851,0.7198020447119685,0.7191996580640694
1777804253.1081643,0.51654726,-0.041003734,4.440242,3.1013854,0.19261104,2.5950584,0.27374557,0.0014406666,-0.6218911,0.4980337267273244,0.044294093019414095,-1.456834029103876,2.5848382,0.23361477,-1.8451834,0.0,0.0,0.0,-0.0009162123262312413,-0.00019949195695048976,0.7194480731836062,0.028030973,0.0010596327,0.00021537385,0.7226568725273417,0.7161100495322678,0.7179021572525945,0.7211232134222213
1777804253.1285846,0.5206112,-0.04170044,4.4445257,3.1013854,0.19261104,2.5950584,0.27463305,0.001205786,-0.6237483,0.49801732461878273,0.04447719695500386,-1.4613819876873977,2.580774,0.23431148,-1.8494673,0.0,0.0,0.0,-0.0009357660859143613,-0.0007363110751998419,0.7193417527900704,0.025241474,0.011351731,0.0003970985,0.7220058798386112,0.716439366633956,0.7167328810054374,0.7221888836822776
1777804253.1482038,0.52691156,-0.042711277,4.449006,3.1013854,0.19261104,2.5950584,0.27604553,0.0007352533,-0.62726396,0.49799866566044976,0.04468440457051477,-1.4657372124643713,2.5744739,0.23532231,-1.8539476,0.0,0.0,0.0,-0.0007260077181366802,-0.0013640530126087097,0.7194657124658579,0.012039527,0.022349527,2.3275556e-05,0.7207239905452361,0.7181934690531327,0.7160835254858428,0.7228618647792205
1777804253.1681802,0.53335786,-0.043681335,4.4514947,3.1013854,0.19261104,2.5950584,0.27744246,0.00025605562,-0.6314511,0.49797824294553517,0.044910132935567545,-1.4696195703865362,2.5680275,0.23629238,-1.8564363,0.0,0.0,0.0,-0.0003258915821041709,-0.0015613137856525152,0.7197130915303747,-0.0075831492,0.027779832,-8.615905e-06,0.7187738431316654,0.72065750947223,0.7168593498961181,0.7225616636214858
1777804253.1880095,0.53806835,-0.044265497,4.455344,3.1013854,0.19261104,2.5950584,0.27877852,8.750624e-05,-0.63342106,0.4979582867716656,0.04512991164201407,-1.473341377744776,2.563317,0.23687653,-1.8602858,0.0,0.0,0.0,-0.00010979995439865933,-0.0014150794934186537,0.719684589910937,-0.020086383,0.028211597,0.0002943366,0.7172573299109612,0.7219352479433705,0.7178175942431947,0.721728187546222
1777804253.2083623,0.54628193,-0.04506709,4.4627185,3.1013854,0.19261104,2.5950584,0.2813335,8.930717e-05,-0.6358622,0.49793673687735446,0.045366035136174425,-1.4774987094956256,2.5551033,0.23767813,-1.86766,0.0,0.0,0.0,-1.1476186187813712e-05,-0.0008012579078324053,0.7196840205099178,-0.030786745,0.02074583,0.0005954786,0.7161955049629436,0.7228152489126027,0.7198761555316042,0.7198491726325209
1777804253.2283907,0.5515265,-0.045585416,4.4671807,3.1013854,0.19261104,2.5950584,0.28287658,0.00014002013,-0.63742524,0.4979158610785743,0.045593884821805375,-1.4815385336365396,2.5498588,0.23819646,-1.8721223,0.0,0.0,0.0,-6.259218255711416e-05,-0.0003300103924234951,0.7195783156724174,-0.03261287,0.014355182,0.00041460857,0.7160890914287096,0.7228187747739556,0.7208958952066181,0.7185095012803867
1777804253.248211,0.5542306,-0.045833718,4.4688005,3.1013854,0.19261104,2.5950584,0.28363833,0.00021767322,-0.6384522,0.49789734845834893,0.04579557407782318,-1.4850295634814974,2.547155,0.23844476,-1.8737421,0.0,0.0,0.0,-0.00012064093155169362,-8.627062581396689e-05,0.7194448875683036,-0.031721752,0.011394709,0.00037448725,0.7160901360312264,0.7225749467541954,0.7212177674726955,0.7178967000150976
1777804253.2687337,0.5622431,-0.046543676,4.47268,3.1013854,0.19261104,2.5950584,0.28582385,0.00054844026,-0.64175785,0.4978772097069258,0.04601367431987001,-1.4884431148965263,2.5391421,0.23915471,-1.8776217,0.0,0.0,0.0,-0.00039534096795500683,0.0005824240273040173,0.7196135491664446,-0.023076147,0.0052713817,0.00016138844,0.7171102472925734,0.7220200179776076,0.7220641119044579,0.71725981949114
1777804253.2884676,0.5675692,-0.047019947,4.4743075,3.1013854,0.19261104,2.5950584,0.28722653,0.00077212835,-0.6442757,0.4978575045457073,0.04622623964634477,-1.4914343472639007,2.533816,0.23963098,-1.8792491,0.0,0.0,0.0,-0.0006312100721033152,0.0008758752873223221,0.7197121084927351,-0.01457719,0.0029372864,0.00015769797,0.7180189757435965,0.7213106224597048,0.7221976955630856,0.7173211402045542
1777804253.3083806,0.5755781,-0.04773658,4.4752097,3.1013854,0.19261104,2.5950584,0.2892745,0.0010834124,-0.6484822,0.49783628063127106,0.04645387222955179,-1.4939716813023316,2.5258074,0.24034762,-1.8801513,0.0,0.0,0.0,-0.0010048561446783302,0.0010125947720267163,0.7200648358332438,0.0006240266,0.0029989488,3.411818e-05,0.7198568679744811,0.7202523327838031,0.7218026841740476,0.7183474584006438
1777804253.328475,0.5811134,-0.048654307,4.481013,3.1013854,0.19261104,2.5950584,0.29057068,0.0010175367,-0.6494618,0.49781390131890546,0.04669251702697715,-1.4969300458475294,2.520272,0.24126534,-1.8859544,0.0,0.0,0.0,-0.001212761582882182,0.0008300908722138735,0.7199659795203618,0.010873132,0.005349751,-0.00013197033,0.7208301118330599,0.7191810294054686,0.7206714101980329,0.7191813666448863
1777804253.3482428,0.5894804,-0.049953654,4.4877224,3.1013854,0.19261104,2.5950584,0.2925081,0.0009458146,-0.6514772,0.4977880644907933,0.04696590110637062,-1.50037026958818,2.511905,0.2425647,-1.892664,0.0,0.0,0.0,-0.001408018259174125,0.00028359818211609426,0.7199649069248212,0.02294764,0.012013359,-3.2053373e-05,0.7219736854322182,0.7179753604410474,0.7188500274965214,0.7210605543294984
1777804253.3685427,0.5948704,-0.050759763,4.491477,3.1013854,0.19261104,2.5950584,0.2937256,0.0008794363,-0.6528843,0.49776234651489115,0.047236798941908784,-1.503723187106091,2.506515,0.2433708,-1.8964186,0.0,0.0,0.0,-0.00141722881204588,-0.0001808154431738639,0.7198914463809538,0.026084917,0.018969124,-9.881399e-05,0.722088398231004,0.7177537829232703,0.7174938922857059,0.7222297120838356
1777804253.3880754,0.6059829,-0.052289836,4.4963174,3.1013854,0.19261104,2.5950584,0.29617715,0.0005834097,-0.6567198,0.49773170490966684,0.0475565952478397,-1.507179980959287,2.4954023,0.24490088,-1.901259,0.0,0.0,0.0,-0.0010761439389879563,-0.001051133564546028,0.7201256640304217,0.016929569,0.031601567,-0.00021975419,0.7211451079433056,0.7192380726319969,0.7162022573040997,0.723917218242285
1777804253.4084811,0.6086523,-0.052659225,4.4974384,3.1013854,0.19261104,2.5950584,0.29672298,0.00046137974,-0.6576395,0.49770474187458713,0.0478373976980486,-1.5101247831072735,2.492733,0.24527027,-1.90238,0.0,0.0,0.0,-0.0009368124510530924,-0.0012178311144390311,0.7200200590831064,0.011746637,0.033483274,1.8549035e-06,0.720435215162405,0.719603790061689,0.7161212040209499,0.7239200270873823
1777804253.4282146,0.6154119,-0.05331103,4.4953623,3.1013854,0.19261104,2.5950584,0.2979538,0.00042873243,-0.6615945,0.49767801564475034,0.04811424885669061,-1.5121484409877721,2.4859734,0.24592207,-1.9003038,0.0,0.0,0.0,-0.0004957965668927029,-0.0013501579286115369,0.720379373720502,-0.002609825,0.03479816,2.6597845e-06,0.7192318914654572,0.721525260104838,0.716950743478076,0.7238095998336374
1777804253.4487627,0.62666994,-0.055776905,4.4985847,3.1013854,0.19261104,2.5950584,0.2998508,-4.43474e-05,-0.6657565,0.49764244279495984,0.04847824746949442,-1.5142829617745928,2.4747155,0.24838795,-1.9035263,0.0,0.0,0.0,0.00016556622503980907,-0.0009808319864201154,0.7207571189938878,-0.023774553,0.026773414,-0.00012590777,0.7175663197472699,0.7240234629018817,0.7193330396075075,0.7221056537188928
1777804253.4686282,0.63183343,-0.05758042,4.502364,3.1013854,0.19261104,2.5950584,0.30065194,-0.0004674156,-0.6667648,0.4976046385068267,0.04886204515562827,-1.5165952842145962,2.469552,0.25019145,-1.9073057,0.0,0.0,0.0,0.0003447521483482699,-0.0006559971574401904,0.7207113818480259,-0.031086598,0.019243574,-4.7368074e-05,0.7170104235703515,0.7244407609700186,0.7206438640258153,0.7207504788259187
1777804253.4880214,0.6395441,-0.06010638,4.5062222,3.1013854,0.19261104,2.5950584,0.30172104,-0.0008371652,-0.6685908,0.49756090654520746,0.04930135197175641,-1.5190624364781224,2.461841,0.25271744,-1.9111638,0.0,0.0,0.0,0.0003852801578459327,-2.2815635679996303e-05,0.7207600842818219,-0.031203775,0.0062299483,0.00011305057,0.7173690067496997,0.7240833314720754,0.7223838097778619,0.7192041891276513
1777804253.508183,0.6421635,-0.060913797,4.5070887,3.1013854,0.19261104,2.5950584,0.30207235,-0.0009002621,-0.66931903,0.49752149235080523,0.04969587742672841,-1.521174784387576,2.4592218,0.25352484,-1.9120302,0.0,0.0,0.0,0.00033149160901319225,0.00015290299939280192,0.7206932395084928,-0.02870921,0.0021601738,-1.7735641e-05,0.7177446148488221,0.7236525055530327,0.7226332531356058,0.7187425844965114
1777804253.5285325,0.6525399,-0.06391282,4.508379,3.1013854,0.19261104,2.5950584,0.30346322,-0.0008173365,-0.6729635,0.49747297367152254,0.050174991096150715,-1.5230711141311546,2.4488454,0.25652385,-1.9133205,0.0,0.0,0.0,-8.017663214168877e-05,0.0007084764449603225,0.7210219279836669,-0.010911567,-0.0062167724,-0.0002630608,0.7200969628269261,0.7221047296158166,0.7231019299833015,0.718784089508624
1777804253.5482028,0.655289,-0.06461316,4.50787,3.1013854,0.19261104,2.5950584,0.30382937,-0.00071472814,-0.6742333,0.4974299804424976,0.0505980264088248,-1.5245067722863692,2.4460964,0.2572242,-1.9128118,0.0,0.0,0.0,-0.0002175437368827657,0.0007348273358404886,0.7210772065207169,-0.0057825153,-0.006787007,-0.00030372763,0.7207314005662301,0.7216052490549156,0.7229440211023953,0.7190281553593273
1777804253.5684521,0.6606171,-0.06596507,4.506801,3.1013854,0.19261104,2.5950584,0.30458015,-0.0005520119,-0.67661947,0.4973874498252658,0.05101350707338133,-1.52548424778515,2.4407682,0.2585761,-1.9117427,0.0,0.0,0.0,-0.0004832931191706927,0.0006993324326309497,0.72131260240803,0.004105257,-0.005682667,-0.0003891266,0.7219963349656144,0.7208623458075107,0.7225046827745493,0.7198870460844461
1777804253.588316,0.6687589,-0.06911906,4.5190535,3.1013854,0.19261104,2.5950584,0.30613273,-0.0003340253,-0.6752764,0.49733609826124414,0.051508220384723975,-1.5282266011089796,2.4326265,0.2617301,-1.923995,0.0,0.0,0.0,-0.0008450345290694815,0.0004110999075220339,0.7209283846063024,0.015501623,0.0021952335,-0.00027301232,0.7225087340898636,0.7195118425167235,0.7206868668242172,0.7210060949944057
1777804253.6082861,0.6742902,-0.07108948,4.525799,3.1013854,0.19261104,2.5950584,0.3071441,-0.000200167,-0.6748246,0.49728378153448666,0.05200786777353846,-1.5314997379184336,2.4270952,0.26370052,-1.9307404,0.0,0.0,0.0,-0.0009481385827217236,7.625560720419221e-05,0.7206194241887159,0.020138023,0.009657201,-0.00011283883,0.7223636245789928,0.718942927097721,0.7192263487467326,0.7219447963314178
1777804253.6283448,0.68244845,-0.07371086,4.532448,3.1013854,0.19261104,2.5950584,0.30857867,-6.906601e-06,-0.67527956,0.49722635345940086,0.0525500340800807,-1.5351820901394344,2.418937,0.2663219,-1.9373894,0.0,0.0,0.0,-0.0008785531158715615,-0.000447080058637808,0.7203970295136093,0.02058033,0.019668562,-0.00018541416,0.7218512284179467,0.7190540791047941,0.7175529668669739,0.723129843664723
1777804253.6481276,0.68797857,-0.07528535,4.534891,3.1013854,0.19261104,2.5950584,0.3094409,0.000119268545,-0.676333,0.49717058815387327,0.05307260114282967,-1.5385189020920165,2.4134068,0.26789638,-1.9398327,0.0,0.0,0.0,-0.0006885308719654804,-0.0007712221772703956,0.7202788390858066,0.016611693,0.024805149,-0.00013036173,0.7211222242036806,0.7195136710070495,0.7168436918617086,0.7236357692707882
1777804253.6683629,0.69611233,-0.077465415,4.53708,3.1013854,0.19261104,2.5950584,0.31064716,0.00026934236,-0.67848885,0.4971119330551421,0.05361647051239492,-1.5415385408630664,2.405273,0.27007645,-1.9420214,0.0,0.0,0.0,-0.0002994284840714366,-0.0010177669225558336,0.7203281718092204,0.0035004707,0.028276894,-0.0002171207,0.7197283895396915,0.7210582264996866,0.7170025079682405,0.7235235632292634
1777804253.6881166,0.70164835,-0.078796834,4.537014,3.1013854,0.19261104,2.5950584,0.3113173,0.00038031177,-0.6805266,0.4970560027143316,0.05413142505617525,-1.5439437233154534,2.399737,0.27140787,-1.9419556,0.0,0.0,0.0,1.051906874719984e-05,-0.0009903368454716732,0.7204091381320002,-0.007341187,0.027605984,-0.00021721357,0.7186583462729599,0.7222902581341718,0.7177219343559493,0.7229660137649204
1777804253.708178,0.7103458,-0.080889165,4.545058,3.1013854,0.19261104,2.5950584,0.31195378,1.856286e-05,-0.68085116,0.49699691160368575,0.054669578429711554,-1.5471548718408394,2.3910396,0.2735002,-1.9499993,0.0,0.0,0.0,0.0004539324736056666,-0.0007373280696532595,0.7202058187030229,-0.021598225,0.020983288,0.0001726012,0.7170309128577916,0.7232771638295458,0.7191155335107069,0.7213996646140479
1777804253.7280872,0.71627516,-0.082215585,4.5490613,3.1013854,0.19261104,2.5950584,0.3122724,-9.9893834e-05,-0.68159086,0.49694017349757874,0.05518251498075541,-1.550364354625992,2.3851101,0.27482662,-1.9540029,0.0,0.0,0.0,0.0006613473202896391,-0.00039687706415413027,0.7200565829542211,-0.02846772,0.0136188585,-8.150362e-05,0.7164496374711212,0.7237124306082858,0.7201618164317629,0.7199024473057152
1777804253.7483363,0.72485805,-0.08406912,4.5537024,3.1013854,0.19261104,2.5950584,0.3126108,-8.799367e-05,-0.6831094,0.49688121103507776,0.055710105812805624,-1.5536745098238405,2.3765273,0.27668017,-1.9586439,0.0,0.0,0.0,0.0007356740159080275,0.0002524884097895412,0.7200008759029747,-0.029676087,0.00059324235,0.00017029929,0.7165400773264983,0.7233594949063,0.7218954076713314,0.7182085237077696
1777804253.7684786,0.7304865,-0.085221976,4.555803,3.1013854,0.19261104,2.5950584,0.31286484,7.066858e-05,-0.6844903,0.4968253089846174,0.056206907056774884,-1.556658708811221,2.3708987,0.277833,-1.9607444,0.0,0.0,0.0,0.0006168944640393185,0.0006452539415651914,0.7199522053794076,-0.025269352,-0.00703069,0.00011277988,0.7171971300642433,0.7226396127651737,0.722598402180712,0.7173736765075018
1777804253.788115,0.73909646,-0.08680531,4.556803,3.1013854,0.19261104,2.5950584,0.31327987,0.00059318705,-0.68736476,0.4967679332781633,0.05671184055845435,-1.559206132698391,2.362289,0.27941635,-1.9617448,0.0,0.0,0.0,0.0002663388111215164,0.0011091300301129536,0.7201310367175675,-0.01123183,-0.013026342,0.00012401254,0.7188619250298958,0.7213257408799943,0.7229516854703435,0.7173847954900369
1777804253.8082914,0.7447054,-0.08778059,4.5567713,3.1013854,0.19261104,2.5950584,0.31357405,0.001018573,-0.68945247,0.4967139503231685,0.057183880451047386,-1.561238960113791,2.35668,0.28039163,-1.9617128,0.0,0.0,0.0,-1.4964220715596964e-06,0.0011967661698234515,0.720246959619181,-0.0004625177,-0.0128651885,6.2837775e-05,0.7200250522059085,0.7204311643676033,0.7225302900416488,0.7180013318615637
1777804253.8283334,0.7534065,-0.09128453,4.564041,3.1013854,0.19261104,2.5950584,0.3139602,0.0005632352,-0.69003737,0.49664806651044213,0.05775073550559995,-1.5640283995363453,2.3479788,0.28389555,-1.9689827,0.0,0.0,0.0,-0.00031801608864887596,0.000785159899460262,0.720109718431229,0.015611322,-0.0073675355,-0.00027805008,0.7215642982171687,0.7188219686932535,0.7204699765016697,0.7195826303128243
1777804253.8483927,0.7619127,-0.094566,4.569577,3.1013854,0.19261104,2.5950584,0.31434855,0.0001530376,-0.6911574,0.4965734070695903,0.058384420036617264,-1.567145723779467,2.3394728,0.28717703,-1.9745188,0.0,0.0,0.0,-0.00040813191517174345,3.943957125694935e-05,0.7200169620194727,0.026159713,0.0033108885,-8.697428e-05,0.7222396526077196,0.7178464559991284,0.7180807930951693,0.7219009463758742
1777804253.8682315,0.76755565,-0.096661024,4.5722904,3.1013854,0.19261104,2.5950584,0.31455326,-0.00019598336,-0.69223136,0.49649927307426667,0.05900814210124282,-1.5700736957227925,2.3338296,0.28927207,-1.977232,0.0,0.0,0.0,-0.000316298698532082,-0.0005730618649560067,0.7199326919987135,0.02697607,0.009916452,4.447736e-05,0.722173478767857,0.7176652188127467,0.7167378703450922,0.7231542000691585
1777804253.8881204,0.7760204,-0.09960576,4.5744658,3.1013854,0.19261104,2.5950584,0.31481138,-0.00075807713,-0.6944891,0.49641902080583367,0.05967493663030838,-1.5727641262559686,2.325365,0.2922168,-1.9794073,0.0,0.0,0.0,-1.0433289224394664e-05,-0.0013327868486917279,0.7200204405432463,0.015809394,0.01611278,-0.00012299774,0.7213762891393694,0.7187383905882194,0.7161074136938191,0.7238596687515779
1777804253.908052,0.7844954,-0.10235027,4.5746994,3.1013854,0.19261104,2.5950584,0.31498832,-0.0013038192,-0.69748604,0.49633451764907677,0.060368927795076174,-1.5749538547157127,2.31689,0.2949613,-1.979641,0.0,0.0,0.0,0.0003981734024087521,-0.0016913621303124753,0.7202425382616773,-0.0033006321,0.017628115,-0.00022122549,0.7199277948939318,0.7206900169241777,0.7169404364773229,0.7234119047512775
1777804253.9292972,0.7844954,-0.10235027,4.5746994,3.1013854,0.19261104,2.5950584,0.31498832,-0.0013038192,-0.69748604,0.49626691512367127,0.06092412072689041,-1.5767056374835078,2.31689,0.2949613,-1.979641,0.0,0.0,0.0,0.00039280245722871174,-0.0017518227268213992,0.7201086099155155,-0.0033006321,0.017628115,-0.00022122549,0.7198596980894589,0.720490257036327,0.7167514184798321,0.7233330660564445
1777804253.9482932,0.7979813,-0.10602379,4.5818524,3.1013854,0.19261104,2.5950584,0.31426424,-0.002173485,-0.7005629,0.4961834897367239,0.06159661599612796,-1.5792515491713766,2.303404,0.29863483,-1.986794,0.0,0.0,0.0,0.0011773469833373938,-0.0012463328592381955,0.7203138663007633,-0.035249934,0.011477578,-0.00015667296,0.7166916531028628,0.7240300832761486,0.7197449729829701,0.7207887558410724
1777804253.9680886,0.8031042,-0.10726246,4.5862565,3.1013854,0.19261104,2.5950584,0.31374246,-0.0024034726,-0.7012631,0.49610625304922107,0.062215351173214625,-1.581992929400578,2.2982812,0.2998735,-1.9911981,0.0,0.0,0.0,0.001437276906983709,-0.0007588975842372078,0.7201952893843973,-0.04440707,0.0064645014,-0.00020601324,0.7155089883485951,0.7250051983637318,0.7209727163858807,0.7192942544393821
1777804253.9880724,0.8109241,-0.1090382,4.590675,3.1013854,0.19261104,2.5950584,0.31296948,-0.0024681846,-0.7028142,0.4960288592032166,0.06282933104748131,-1.5848929732812047,2.2904613,0.30164924,-1.9956164,0.0,0.0,0.0,0.0016454650170896127,0.00015144452088766778,0.7201751675189224,-0.041967046,-0.003369999,-0.00014356119,0.715333562608135,0.725102909144963,0.7222650422171816,0.7179991561054107
1777804254.0082598,0.8162325,-0.11017819,4.59225,3.1013854,0.19261104,2.5950584,0.3124933,-0.002346383,-0.70438117,0.49595658483915106,0.06339893230767728,-1.5874650072870733,2.285153,0.3027892,-1.9971914,0.0,0.0,0.0,0.0016282135568180976,0.0006438545587465995,0.7201821848718362,-0.032049645,-0.009857278,-0.00052852643,0.7162932853728359,0.7243882002313613,0.7223918217879542,0.7176554320951938
1777804254.028185,0.82123435,-0.1112635,4.593609,3.1013854,0.19261104,2.5950584,0.3120606,-0.0021521621,-0.70596945,0.495888847135008,0.06392929495550538,-1.5897400722359087,2.280151,0.30387455,-1.9985504,0.0,0.0,0.0,0.0015333899193809685,0.0009278135587379261,0.7202146791730204,-0.018205838,-0.014167219,-0.00030261965,0.7175211720797071,0.7230897580563502,0.7221081615316366,0.7181396250243883
1777804254.0484958,0.83031577,-0.11281148,4.5906715,3.1013854,0.19261104,2.5950584,0.3115023,-0.0013612311,-0.7105105,0.4958188259780413,0.06447184217911836,-1.5910901534918522,2.2710695,0.3054225,-1.9956131,0.0,0.0,0.0,0.0011821502650288594,0.001012772261493349,0.720701657301215,0.0076776734,-0.018554896,-0.0002731101,0.7206872733666211,0.7208799073031136,0.7213205240843523,0.7199189244507739
1777804254.0687833,0.8379323,-0.11405021,4.5923576,3.1013854,0.19261104,2.5950584,0.31202602,-0.0006874833,-0.712263,0.49574966622829486,0.06500318901095292,-1.5924399938872318,2.263453,0.30666125,-1.9972992,0.0,0.0,0.0,0.0007108992674676449,0.0006698871385232112,0.7208262298063184,0.022133913,-0.018350236,-0.00053316733,0.7228441255203503,0.7191282344908941,0.7203225733362054,0.7210099858778243
1777804254.088109,0.84109336,-0.114636466,4.5941615,3.1013854,0.19261104,2.5950584,0.31227943,-0.00048206735,-0.71252733,0.4956884196872715,0.06547194028976362,-1.5938084861986528,2.260292,0.30724752,-1.9991031,0.0,0.0,0.0,0.0005161478220359764,0.00044032394893113447,0.7207559619858186,0.024687115,-0.017135851,-6.1990155e-05,0.7231639245563435,0.7183851935081674,0.7200574399448514,0.7214172899339126
1777804254.1083188,0.8535703,-0.11685075,4.599626,3.1013854,0.19261104,2.5950584,0.31330612,0.00019023957,-0.71417576,0.4956162779708866,0.06601612909700713,-1.5957776086610709,2.2478151,0.30946177,-2.0045676,0.0,0.0,0.0,-9.106134252590253e-05,-0.0003678921840377953,0.7208196615203519,0.021852203,-0.008045105,-3.369256e-05,0.7236805074526751,0.7179790311232153,0.719428155115255,0.7221909523902629
1777804254.1280923,0.8566288,-0.11736118,4.6003995,3.1013854,0.19261104,2.5950584,0.31357646,0.00032578642,-0.71477985,0.49555299752395665,0.06649182056638592,-1.597476655410302,2.2447567,0.30997223,-2.005341,0.0,0.0,0.0,-0.00019367304509171563,-0.0005693025421827352,0.7207682786058203,0.01873965,-0.004970125,-5.1367162e-05,0.7234434463376126,0.7181239311712792,0.719275676951842,0.7222300599625477
1777804254.1482236,0.86442757,-0.11837137,4.5975842,3.1013854,0.19261104,2.5950584,0.31418672,0.00075719453,-0.7179388,0.495489808507294,0.06696305177810187,-1.598385453356562,2.2369578,0.3109824,-2.0025258,0.0,0.0,0.0,-0.00031601778652078213,-0.0008485241529789878,0.7211093643653058,0.008478454,0.0031087664,5.3895797e-05,0.7226873125990517,0.7194990786530808,0.7196660490813056,0.7225850171277857
1777804254.1685333,0.8713463,-0.11934112,4.5956697,3.1013854,0.19261104,2.5950584,0.31473613,0.001000418,-0.72058696,0.49542752113940763,0.06742418658496853,-1.5988061715231405,2.2300391,0.31195217,-2.0006113,0.0,0.0,0.0,-0.00027416407127740577,-0.0009000386700463749,0.7214213797359985,-0.0051369835,0.011176757,0.0003893844,0.7211736679540871,0.7214354608798053,0.72042913860716,0.7226472515029423
1777804254.188174,0.8805106,-0.1207075,4.59409,3.1013854,0.19261104,2.5950584,0.31539354,0.0012860581,-0.72366494,0.49536142513753934,0.06790889731456373,-1.5988899842155828,2.2208748,0.31331855,-1.9990315,0.0,0.0,0.0,-3.252779601507598e-05,-0.0006149342748264387,0.721815015811159,-0.018794857,0.01775395,0.00029052293,0.7194514164934664,0.7240043013684884,0.7214030388186639,0.722401306564018
1777804254.2081876,0.88641053,-0.1209488,4.597399,3.1013854,0.19261104,2.5950584,0.3155156,0.0018790981,-0.7242634,0.49530189645768774,0.06834372078505782,-1.5994865143500054,2.2149749,0.31355983,-2.0023408,0.0,0.0,0.0,0.0002317741724324543,-0.00021703493427012444,0.7218471963273589,-0.024898307,0.019902432,0.00032778695,0.7181500618239912,0.7253476586579747,0.7218963933118772,0.7219946715155933
1777804254.2281642,0.8922478,-0.1205818,4.6038227,3.1013854,0.19261104,2.5950584,0.3154429,0.0028357618,-0.7237877,0.4952514184513217,0.06871176318429016,-1.6009914941948482,2.2091374,0.31319284,-2.0087643,0.0,0.0,0.0,0.0005583046076685343,0.0003398185102741931,0.721670308279564,-0.027435994,0.019548196,0.0001982795,0.7169539661040454,0.7262676827593382,0.7221423298244546,0.7213172544304184
1777804254.248112,0.90118265,-0.12003477,4.6121087,3.1013854,0.19261104,2.5950584,0.31523097,0.0044222367,-0.7233678,0.49520653589554836,0.0690379425374834,-1.6035212379584178,2.2002027,0.3126458,-2.0170503,0.0,0.0,0.0,0.0010046937636092003,0.0012136121036635927,0.721422324442099,-0.02193268,0.014137006,0.00017678236,0.716265408946062,0.7264731705245393,0.7223079313925553,0.7206427869052398
1777804254.2682917,0.90691566,-0.11966179,4.616131,3.1013854,0.19261104,2.5950584,0.31499323,0.005533511,-0.72348785,0.4951678403535542,0.06931841697201477,-1.6061885723979845,2.1944697,0.31227285,-2.0210724,0.0,0.0,0.0,0.0012034969167956716,0.001654399399754293,0.7212340027191741,-0.013303059,0.007831981,7.4242955e-05,0.7166630302714964,0.7257604293940166,0.722144864308362,0.7203676869028222
1777804254.288098,0.91528875,-0.1192441,4.6188164,3.1013854,0.19261104,2.5950584,0.31453004,0.006950268,-0.72483295,0.49513199037862277,0.06957714071595944,-1.6087521274496377,2.1860967,0.31185514,-2.023758,0.0,0.0,0.0,0.001310713245895905,0.001964413588776105,0.7212128343354212,0.004160257,-0.003985229,-0.00014216165,0.7186319948752479,0.7238789707838482,0.7218098839355298,0.7205304877470594
1777804254.308121,0.92084223,-0.11902659,4.6206255,3.1013854,0.19261104,2.5950584,0.31419715,0.007833432,-0.7258082,0.49509966855488186,0.06980969308395607,-1.6110924307194758,2.1805432,0.31163764,-2.025567,0.0,0.0,0.0,0.001229374831683411,0.001877405028087746,0.7211606676327632,0.018204285,-0.0117527265,0.0001656616,0.7204007502023952,0.7218211881072102,0.721342271641391,0.721078460580057
1777804254.3281176,0.9289239,-0.11749468,4.6299496,3.1013854,0.19261104,2.5950584,0.3133409,0.009574163,-0.7251864,0.49507620720260914,0.06997890113655268,-1.6144565251419871,2.1724615,0.3101057,-2.0348911,0.0,0.0,0.0,0.001011070806977531,0.0014802245755635808,0.7208226567155153,0.03464965,-0.018015718,0.00033724858,0.7224434163255572,0.7189995479570148,0.7200622703855268,0.7217853921939628
1777804254.3482866,0.93563485,-0.116111144,4.632583,3.1013854,0.19261104,2.5950584,0.31276137,0.011033967,-0.7262919,0.4950601620530572,0.07009520303299856,-1.617569172139957,2.1657505,0.3087222,-2.0375247,0.0,0.0,0.0,0.0007444104692548438,0.0009130500216336665,0.7207283667653469,0.042334817,-0.019907717,0.00015236778,0.7240045986618795,0.7173607142018006,0.7191485485961753,0.7223996056015329
1777804254.368222,0.9407644,-0.11485248,4.6363544,3.1013854,0.19261104,2.5950584,0.31232503,0.012060326,-0.726619,0.4950506995563099,0.07016455617420539,-1.6206626985518096,2.160621,0.30746353,-2.041296,0.0,0.0,0.0,0.0005456844870504493,0.00042899041446577395,0.720534374787052,0.041342665,-0.018356744,0.00046093675,0.724197371558507,0.7165948159679395,0.7187170881134944,0.7226282235082674
1777804254.387994,0.95132583,-0.11245719,4.638852,3.1013854,0.19261104,2.5950584,0.3116841,0.013828126,-0.7291404,0.49504885160481055,0.07017976084846389,-1.6235371473668385,2.1500595,0.30506822,-2.0437937,0.0,0.0,0.0,0.0002531601706242926,-0.00033497809657646437,0.720642318212488,0.02439702,-0.0093638245,7.506466e-05,0.7234024842450046,0.7178371133853378,0.7188740437589841,0.7224556314606262
1777804254.4081602,0.95654374,-0.111316234,4.6386223,3.1013854,0.19261104,2.5950584,0.31144056,0.014571296,-0.73095655,0.49504994220380083,0.07017379583516226,-1.625799932737221,2.1448417,0.30392727,-2.0435638,0.0,0.0,0.0,0.00024210409427502218,-0.00046400986391908865,0.7207053668076209,0.011214357,-0.0023148512,0.00033280742,0.7219097669920485,0.7193012821690645,0.7193871346192259,0.7222232834501452
1777804254.4280941,0.96170163,-0.11016156,4.637456,3.1013854,0.19261104,2.5950584,0.31122646,0.01536493,-0.73308074,0.49505353265479485,0.07014979834634864,-1.6274235460432926,2.1396837,0.30277258,-2.0423975,0.0,0.0,0.0,0.0003352359752540443,-0.00036735982650220374,0.7208573189557589,-0.0018208682,0.0042061154,0.00026167504,0.7203287816054084,0.7212288512805692,0.7200424058948125,0.7218292370422461
1777804254.4481049,0.96869844,-0.1085029,4.6396203,3.1013854,0.19261104,2.5950584,0.31038678,0.01634981,-0.7350202,0.49506070847094286,0.07010016771379157,-1.6290687349059234,2.1326869,0.30111393,-2.0445619,0.0,0.0,0.0,0.0007444822395541889,0.0001037951354039739,0.7209836111321936,-0.017609175,0.01086165,0.00038341497,0.7177426432344057,0.7239945300489511,0.7209977505333863,0.7211995207120316
1777804254.4686406,0.97571075,-0.106929325,4.641729,3.1013854,0.19261104,2.5950584,0.3093514,0.017373808,-0.7369103,0.4950702042164821,0.0700338109908346,-1.6307222578221998,2.1256747,0.29954037,-2.0466704,0.0,0.0,0.0,0.0012895219291948054,0.0008574537288665489,0.721102845434153,-0.023523951,0.010902741,0.00036995334,0.7160907484184825,0.7258929704453124,0.721791460032617,0.7206362028402009
1777804254.4880733,0.9799244,-0.10598668,4.64314,3.1013854,0.19261104,2.5950584,0.30874407,0.017965917,-0.7379203,0.495080053868486,0.0699647590182498,-1.6322708299394006,2.121461,0.29859772,-2.0480814,0.0,0.0,0.0,0.0015668694443071005,0.001291905347662256,0.7211157199968594,-0.019788343,0.0074978964,0.00026299583,0.715995147263134,0.7260784952310243,0.7219028904115182,0.7204863470817617
1777804254.5081277,0.9866712,-0.10455052,4.6458325,3.1013854,0.19261104,2.5950584,0.30768275,0.019028675,-0.7392726,0.4950910747548688,0.06988717463908792,-1.6339405195423409,2.1147141,0.29716155,-2.050774,0.0,0.0,0.0,0.0018674831778753682,0.001769124733840402,0.7211638286777499,-0.00532926,-0.0012327303,0.00022540489,0.7171318769157832,0.7250605375065413,0.7216580509385487,0.7208048493501268
1777804254.5281723,0.991057,-0.103635125,4.64608,3.1013854,0.19261104,2.5950584,0.30703866,0.01973134,-0.74067646,0.49510182861493024,0.06981134591339588,-1.6353158677823103,2.1103284,0.29624617,-2.0510216,0.0,0.0,0.0,0.0019318728121785,0.0018581571725561534,0.7212411392080891,0.0068794,-0.007357601,0.00028208867,0.7185054427072706,0.7238075825051219,0.7212903062567688,0.7213612253631956
1777804254.5481133,0.9977613,-0.10227947,4.643846,3.1013854,0.19261104,2.5950584,0.30612653,0.020791939,-0.74371064,0.4951131139119943,0.069731545371521,-1.6360587092404968,2.103624,0.29489052,-2.0487876,0.0,0.0,0.0,0.0018283754659608438,0.0016668624832568446,0.7215786992154309,0.021477032,-0.016100565,0.00031013717,0.720996627909333,0.7219746882198668,0.7210801099850577,0.7222633707474668
1777804254.5684528,1.0012524,-0.103674024,4.6468925,3.1013854,0.19261104,2.5950584,0.30485654,0.020120066,-0.7443591,0.4951098993556087,0.06975481414612808,-1.6371404244236476,2.100133,0.29628506,-2.051834,0.0,0.0,0.0,0.0018071890525278838,0.0011037274848056367,0.7215802751418319,0.028076615,-0.020173637,0.0004285605,0.7224008106419617,0.7205026033356744,0.7203731434880737,0.7230445431016183
1777804254.5882514,1.0066539,-0.10560905,4.649329,3.1013854,0.19261104,2.5950584,0.30315828,0.019130742,-0.7457861,0.4950896012891439,0.06989839924428207,-1.638395658630715,2.0947313,0.2982201,-2.0542707,0.0,0.0,0.0,0.0016745675936551561,0.00010727218024121372,0.7216697762760285,0.02909571,-0.02227174,0.00014973007,0.7239524133728303,0.7192973011377676,0.7196014822829508,0.7238279083105656
1777804254.6083195,1.008429,-0.10621912,4.6497607,3.1013854,0.19261104,2.5950584,0.30265504,0.018782863,-0.7463433,0.4950676705923961,0.07005326501968179,-1.6394688920168767,2.0929563,0.29883015,-2.0547023,0.0,0.0,0.0,0.0016157154420046822,-0.00022118072145476536,0.7216601480828521,0.027119927,-0.022445489,9.0394584e-05,0.7242037282535086,0.7190623311619018,0.7194764152235671,0.7238981176924313
1777804254.6281574,1.0138649,-0.1079862,4.6501203,3.1013854,0.19261104,2.5950584,0.30127186,0.017670011,-0.74832195,0.4950331804344882,0.07029532384826878,-1.6403850043605717,2.0875206,0.30059725,-2.0550618,0.0,0.0,0.0,0.001439397086996167,-0.00104247660923269,0.7218472701451544,0.015733894,-0.019585919,0.0003571556,0.7241687879948192,0.7193114589350116,0.7197807051031179,0.7241281285476694
1777804254.6483974,1.0175358,-0.109058626,4.6490088,3.1013854,0.19261104,2.5950584,0.30048606,0.016978115,-0.75002795,0.49499482966977987,0.0705634603258303,-1.6409400530490044,2.0838494,0.30166966,-2.0539503,0.0,0.0,0.0,0.0013631416718994883,-0.001398774047281825,0.7220265663314732,0.004978792,-0.015130592,0.0002618162,0.7235924045191602,0.7203036384260993,0.7201553394525922,0.7240548829280417
1777804254.6684,1.0231441,-0.110569105,4.645885,3.1013854,0.19261104,2.5950584,0.29947037,0.016033277,-0.75295943,0.49494841939225703,0.07088626667708804,-1.6408842903640084,2.0782413,0.30318016,-2.0508265,0.0,0.0,0.0,0.0013539758695589117,-0.0015412402371643534,0.7224118298964595,-0.014376949,-0.0084639955,0.00029352072,0.7220380018048169,0.7226095455586297,0.7214319455339763,0.7235678266884156
1777804254.6881123,1.0267763,-0.11129811,4.64496,3.1013854,0.19261104,2.5950584,0.2987505,0.015685875,-0.7543926,0.49490269021999767,0.07120329832912009,-1.6406916699621052,2.074609,0.30390915,-2.0499015,0.0,0.0,0.0,0.0014306075409002133,-0.0013301680561733217,0.7226128252987333,-0.026412917,-0.005127448,9.515866e-05,0.7207810006809804,0.7243875547189322,0.7224038265343574,0.7228789192606636
1777804254.7085974,1.0326086,-0.1120544,4.644371,3.1013854,0.19261104,2.5950584,0.29787606,0.015649306,-0.7558564,0.4948550263787264,0.07153232650661882,-1.640443350618122,2.0687766,0.30466545,-2.0493126,0.0,0.0,0.0,0.0015797440279781234,-0.0005622666854338473,0.7228220572298274,-0.03726498,-0.0026205592,0.00039657828,0.718914052707585,0.7264921147830777,0.7239898631658324,0.721892198262815
1777804254.7281165,1.0360461,-0.11254099,4.6442657,3.1013854,0.19261104,2.5950584,0.2973159,0.01569503,-0.7565387,0.4948100467320247,0.07184209431572292,-1.640227834181021,2.065339,0.30515203,-2.0492072,0.0,0.0,0.0,0.0016805438301430583,-2.8955072101106982e-05,0.7229272118800133,-0.03830871,-0.0029480003,0.0004226424,0.71831997364198,0.7272808646830615,0.7246450425103389,0.7214629666846734
1777804254.7480989,1.0397193,-0.1129881,4.6430507,3.1013854,0.19261104,2.5950584,0.29678738,0.015909027,-0.75748694,0.4947671786781918,0.07213638230453756,-1.6398610240586842,2.061666,0.30559915,-2.0479922,0.0,0.0,0.0,0.001739188030461224,0.0005240900826008685,0.7230784976399741,-0.033617187,-0.005914904,0.00037289795,0.7184871674927755,0.7274460890171713,0.7251378363946004,0.7212428976553498
1777804254.7681766,1.0452613,-0.11359885,4.640009,3.1013854,0.19261104,2.5950584,0.29609138,0.016379634,-0.7592275,0.49472286469433874,0.07243922405871413,-1.639080896883666,2.0561242,0.3062099,-2.0449505,0.0,0.0,0.0,0.0016964046245074994,0.001148437492914,0.7233643646247025,-0.018236171,-0.011410411,0.00033250416,0.7198737104582381,0.7266555162941862,0.7252878753737177,0.7216403563726687
1777804254.788181,1.0491276,-0.11396204,4.63681,3.1013854,0.19261104,2.5950584,0.29570988,0.016749242,-0.76077026,0.49468081527307967,0.07272576732184619,-1.6379449390645502,2.0522578,0.3065731,-2.0417514,0.0,0.0,0.0,0.0015700016583211607,0.0013260954259623559,0.7236517210309622,-0.005134979,-0.01464782,0.00042000407,0.7213906500241852,0.7256607895950172,0.7251164399263981,0.7224390045782488
1777804254.8082566,1.0547695,-0.11444949,4.6314282,3.1013854,0.19261104,2.5950584,0.2952842,0.01730804,-0.76321626,0.49463776416266236,0.07301787440177702,-1.6361751193424605,2.0466158,0.30706054,-2.0363698,0.0,0.0,0.0,0.0012841969921267844,0.00121246202285026,0.7241049334587569,0.014842023,-0.017917836,0.00059623976,0.7240501912552921,0.7238019318089836,0.724458135451562,0.7241094753191906
1777804254.8281271,1.059247,-0.11391771,4.6346946,3.1013854,0.19261104,2.5950584,0.2956461,0.018066734,-0.76266867,0.4946023159558318,0.07325818810222073,-1.6352818770901796,2.0421383,0.30652875,-2.0396361,0.0,0.0,0.0,0.0009129554999658721,0.0009602336179813271,0.7241020540176392,0.025482362,-0.01969768,0.00011535772,0.7258086608918097,0.7223262325128288,0.7237211648166134,0.7245521578493054
1777804254.8481092,1.0659616,-0.11307413,4.6379886,3.1013854,0.19261104,2.5950584,0.29624546,0.019121552,-0.76211584,0.4945727831788653,0.07345824429080904,-1.6350943218625735,2.0354238,0.30568516,-2.0429301,0.0,0.0,0.0,0.00033602348479853917,0.0003670402438686231,0.7240445394296261,0.033800166,-0.017761553,0.00036391584,0.7273572384539281,0.720513490902203,0.7229016418687446,0.7254057864936292
1777804254.8681982,1.0726733,-0.11221092,4.6399117,3.1013854,0.19261104,2.5950584,0.29691634,0.020009272,-0.76177686,0.4945481257969375,0.07362519294966077,-1.6352519711619338,2.028712,0.30482197,-2.0448532,0.0,0.0,0.0,-0.0001289660286169364,-0.00026191524079759686,0.7239884303313807,0.02934334,-0.01091116,0.00037611197,0.7274868380643675,0.7202643554144073,0.7224937402794165,0.7257087875673321
1777804254.8881068,1.0791312,-0.11131216,4.6398144,3.1013854,0.19261104,2.5950584,0.2973154,0.020744536,-0.762126,0.49452789325191465,0.07376217467346839,-1.6353625266365786,2.022254,0.3039232,-2.044756,0.0,0.0,0.0,-0.00032506095701423984,-0.0006359402120266872,0.7240253605441233,0.014268841,-0.0012708002,0.00031821424,0.7261340687142369,0.7217257238305568,0.7227701023275351,0.7254715473041647
1777804254.9084253,1.0836424,-0.11070109,4.638369,3.1013854,0.19261104,2.5950584,0.29765445,0.021193884,-0.7628924,0.4945112303787382,0.07387496529228729,-1.6352197240680522,2.017743,0.30331212,-2.0433106,0.0,0.0,0.0,-0.0003288073066265645,-0.0006566684771762794,0.7241358881051837,0.0018007967,0.0054011946,0.00017537078,0.7247807208283595,0.7233858329160711,0.7232844788654572,0.7250925198108474
1777804254.9281185,1.0879481,-0.11010577,4.636665,3.1013854,0.19261104,2.5950584,0.29796648,0.021644305,-0.76369387,0.4944975066895415,0.07396768926149402,-1.634832807452684,2.0134373,0.3027168,-2.0416064,0.0,0.0,0.0,-0.00024033977061835125,-0.00047936689707430476,0.7242696311927713,-0.01011911,0.0108095305,6.251625e-05,0.7232962917174178,0.7252054609180151,0.7239941253287138,0.7245826468069392
1777804254.9480438,1.0943971,-0.10885585,4.6431303,3.1013854,0.19261104,2.5950584,0.2985883,0.022489242,-0.7618307,0.4944885721775,0.07402836351446943,-1.6355577437648816,2.0069883,0.30146688,-2.0480719,0.0,0.0,0.0,-3.0223729426822558e-06,0.00010325739549790248,0.7239720481086577,-0.020416822,0.016543506,0.00034474646,0.7208115629097522,0.7269256854345117,0.7244916171393134,0.723659326951054
1777804254.9683003,1.1007433,-0.10763828,4.647902,3.1013854,0.19261104,2.5950584,0.29908574,0.023409504,-0.7604073,0.494483325956035,0.0740641236810099,-1.6369011663253819,2.000642,0.3002493,-2.0528436,0.0,0.0,0.0,0.00031466700732597904,0.0008315280830057683,0.7236843468303853,-0.022449395,0.017726596,0.00033286033,0.7192242143491313,0.7279447631110522,0.724678889865812,0.7228895199955463
1777804254.988011,1.105111,-0.10680505,4.649603,3.1013854,0.19261104,2.5950584,0.29932815,0.02415887,-0.7599292,0.4944804283601192,0.07408412341342059,-1.6382480448767118,1.9962744,0.2994161,-2.0545444,0.0,0.0,0.0,0.0005337491926399732,0.0013053958457853207,0.7235192316092743,-0.016844524,0.015688106,0.0006278009,0.7188891358676467,0.727772646822622,0.724571731938797,0.7228434118080324
1777804255.008109,1.111639,-0.105564915,4.650985,3.1013854,0.19261104,2.5950584,0.29964456,0.025363734,-0.75972545,0.49448001167155486,0.07408743486059258,-1.6395466475712914,1.9897463,0.29817596,-2.0559263,0.0,0.0,0.0,0.0007576906912436705,0.0017603830363237026,0.7233934697373041,-0.0013294703,0.008862859,0.0003715313,0.7199485503062294,0.7266154703929799,0.7239049504037847,0.723104907846223
1777804255.0280716,1.116014,-0.10473998,4.6510344,3.1013854,0.19261104,2.5950584,0.2998599,0.026178155,-0.75995934,0.4944809180973147,0.07408183324537713,-1.6405934642972677,1.9853714,0.297351,-2.055976,0.0,0.0,0.0,0.0008029013797222733,0.001826900249274216,0.7233438371577414,0.011303753,0.0032421264,0.0005733688,0.7211869549865693,0.7251566980481511,0.7233761763401603,0.7236555192560856
1777804255.0481014,1.1226203,-0.10350982,4.6494846,3.1013854,0.19261104,2.5950584,0.30014727,0.027337248,-0.7608999,0.494483407535408,0.07406558599632612,-1.641182962355783,1.978765,0.29612085,-2.0544262,0.0,0.0,0.0,0.0007020239960968038,0.0015825173578789382,0.7234210127037835,0.025777366,-0.004782646,0.0003832224,0.7234663055913436,0.7231457863832208,0.7227368951781308,0.7243350636624393
1777804255.0680017,1.126472,-0.104249224,4.6508994,3.1013854,0.19261104,2.5950584,0.29939342,0.02727449,-0.76092935,0.4944757312125,0.0741170282686681,-1.6418809249383375,1.9749134,0.29686028,-2.055841,0.0,0.0,0.0,0.0007188732708624343,0.0009687845013202343,0.7233714794712954,0.03183871,-0.008521632,0.0002377623,0.7248413204998319,0.7217589810613924,0.7218273530676543,0.7250582632563037
1777804255.0880308,1.1291643,-0.104945384,4.6540165,3.1013854,0.19261104,2.5950584,0.29849848,0.027140448,-0.76030123,0.49446146008062625,0.07421215260226968,-1.642938028524889,1.972221,0.29755643,-2.058958,0.0,0.0,0.0,0.0007735112666876723,0.0004160166292777952,0.7232090237528168,0.031276885,-0.009027189,0.00043164653,0.7251143278215504,0.7210447317632582,0.7212010473337179,0.7254759880927414
1777804255.1085882,1.1318676,-0.105597526,4.656593,3.1013854,0.19261104,2.5950584,0.297713,0.026949678,-0.7598919,0.4944421813224814,0.07434027947345928,-1.6441959275806535,1.9695177,0.29820856,-2.0615344,0.0,0.0,0.0,0.0008338619403928523,-8.824091787482417e-05,0.7230596610560103,0.02652984,-0.0069648465,0.0005374464,0.7248323809729148,0.7209644732937062,0.7207335927005865,0.7257081972568342
1777804255.1282165,1.1347662,-0.106193334,4.657947,3.1013854,0.19261104,2.5950584,0.2970007,0.026711266,-0.7598793,0.49441904547493154,0.07449362969286884,-1.6454189216299526,1.9666191,0.29880437,-2.0628886,0.0,0.0,0.0,0.0009118918085595323,-0.0005049978821906869,0.7229645149301646,0.018373383,-0.005273886,0.00033175264,0.724349876749763,0.7213801015250514,0.7205991912574392,0.7255288901884052
1777804255.148114,1.1392457,-0.10701546,4.6585217,3.1013854,0.19261104,2.5950584,0.2960442,0.02626565,-0.76036996,0.49438926555856466,0.07469030605465289,-1.6464892510734934,1.9621396,0.2996265,-2.0634632,0.0,0.0,0.0,0.0010643193407481213,-0.0008642379035760919,0.7229464596977555,0.0038089496,-0.0028188177,0.00016687256,0.7232265378803479,0.7225662579792044,0.7209887536718178,0.7250042892596525
1777804255.1683652,1.1422055,-0.10750876,4.6581335,3.1013854,0.19261104,2.5950584,0.29549095,0.025981545,-0.7609676,0.49435831290995597,0.0748942505257139,-1.6472834113568418,1.9591799,0.30011982,-2.063075,0.0,0.0,0.0,0.001178086554722973,-0.0009032062111875806,0.7229634169521018,-0.006889954,-0.0016301272,0.00022111098,0.7222014171529186,0.7235927501619412,0.7216300639933799,0.7244294365001679
1777804255.1883855,1.1454197,-0.10794623,4.656615,3.1013854,0.19261104,2.5950584,0.2950042,0.02572261,-0.76192814,0.4943265114825211,0.0751033135999687,-1.6476757433677,1.9559656,0.30055726,-2.0615563,0.0,0.0,0.0,0.001300553057494658,-0.0007677797747471723,0.7230582638051146,-0.016337374,-0.0005341657,-9.9420344e-05,0.7212910599441785,0.7248851198723052,0.7223098280644715,0.7237470473395039
1777804255.2084925,1.1511257,-0.108644456,4.658697,3.1013854,0.19261104,2.5950584,0.29487488,0.025015714,-0.7620532,0.49428905404418644,0.07534853140508713,-1.6483227846355666,1.9502597,0.3012555,-2.0636387,0.0,0.0,0.0,0.0013637112536099207,-0.00041249462606573724,0.723025050387687,-0.026469769,-0.0022349872,7.4928015e-05,0.7201125728163523,0.7258925711498785,0.7235677034063731,0.7225273541781448
1777804255.2283332,1.1555742,-0.109077446,4.659947,3.1013854,0.19261104,2.5950584,0.29501772,0.024523128,-0.7621273,0.49425049310374214,0.07560026611880924,-1.6490403840805237,1.9458112,0.3016885,-2.0648885,0.0,0.0,0.0,0.0013048466001322687,-8.776017973517736e-05,0.7229798168379511,-0.029203655,-0.0041744253,0.00017908623,0.7197066661541016,0.7261455157839416,0.7243111823642052,0.7217559030495565
1777804255.2483506,1.1615969,-0.10988108,4.6652107,3.1013854,0.19261104,2.5950584,0.29510495,0.023800055,-0.76110667,0.4942062094644543,0.07588806721366617,-1.6504566724987941,1.9397885,0.3024921,-2.0701523,0.0,0.0,0.0,0.0011718562495234494,0.000333745694940539,0.7227388902306852,-0.025122961,-0.008445876,0.0001361928,0.71985826362119,0.7255378011597537,0.7246271444562037,0.7209323516855939
1777804255.268112,1.1658463,-0.110312745,4.6660185,3.1013854,0.19261104,2.5950584,0.29524583,0.023535646,-0.7613103,0.4941622650492856,0.07617284037905672,-1.65171894517677,1.935539,0.3029238,-2.07096,0.0,0.0,0.0,0.001014239044942414,0.000542816266633995,0.7226688482959936,-0.01747254,-0.009792971,-7.1308896e-05,0.7205188202393455,0.7248616616900687,0.7243572736907182,0.7209376375638427
1777804255.2889466,1.172329,-0.11083733,4.6651306,3.1013854,0.19261104,2.5950584,0.295462,0.02338634,-0.76228243,0.4941150336161192,0.07647758764614852,-1.6525867039929785,1.9290564,0.30344838,-2.0700722,0.0,0.0,0.0,0.0007477065356061666,0.0006268936790754373,0.722728855877758,-0.002052221,-0.010984746,0.00012948034,0.7220300135481134,0.7233500100052566,0.7236898444654616,0.7218455554922012
1777804255.308459,1.1766714,-0.11109276,4.6634955,3.1013854,0.19261104,2.5950584,0.29571718,0.02339599,-0.7632977,0.49406984557270495,0.07676838521234347,-1.653019299107469,1.924714,0.30370378,-2.068437,0.0,0.0,0.0,0.0005413262818266479,0.0004944186910890462,0.7228277333226836,0.008317904,-0.010386622,4.552414e-05,0.7232746931237201,0.7223534590383419,0.7229599804107182,0.7227228007179547
1777804255.3281596,1.1824448,-0.11085339,4.6655335,3.1013854,0.19261104,2.5950584,0.29578477,0.023572959,-0.7633737,0.49402836648273063,0.07703475204366171,-1.653691455521327,1.9189405,0.3034644,-2.070475,0.0,0.0,0.0,0.0003324236556685975,9.331359341397706e-05,0.7227862200850208,0.018143134,-0.0073283487,0.00033087877,0.7242989378359918,0.7210749750715031,0.7217811908147057,0.7239897766178832
1777804255.348155,1.1860555,-0.1105193,4.6681995,3.1013854,0.19261104,2.5950584,0.29580683,0.023701219,-0.76296866,0.49399329970397626,0.07725976494755525,-1.6546557401006554,1.9153298,0.30313033,-2.073141,0.0,0.0,0.0,0.0002622607521940714,-0.00025803174595313404,0.7226598609236194,0.02080621,-0.003109134,7.039214e-05,0.7245477418075553,0.7207297447559198,0.7207449199809249,0.7246170371500784
1777804255.3680959,1.1928669,-0.10990817,4.666773,3.1013854,0.19261104,2.5950584,0.29608193,0.023876414,-0.7640904,0.49396150906974534,0.07746334592744653,-1.6551988962797433,1.9085184,0.3025192,-2.0717144,0.0,0.0,0.0,0.0002915183723783295,-0.0008336711505298566,0.7227641296411925,0.015632348,0.006214403,4.5620007e-05,0.7240460320215603,0.721454855256709,0.7199048860229984,0.7256507452635029
1777804255.3884122,1.1987653,-0.10938342,4.6662354,3.1013854,0.19261104,2.5950584,0.29625285,0.023848854,-0.7649323,0.49393278042550454,0.07764698143994764,-1.6555474379466464,1.9026201,0.30199444,-2.071177,0.0,0.0,0.0,0.0005103839231809589,-0.0011277543365090978,0.7228468991716817,0.0040221703,0.011060861,0.00020852992,0.7228386153597134,0.7227300650315288,0.7200646773869961,0.7257542389084889
1777804255.4083776,1.2025192,-0.10902534,4.6654143,3.1013854,0.19261104,2.5950584,0.29627302,0.023832675,-0.76564693,0.4939078842010146,0.07780595084981884,-1.6556948931063407,1.8988662,0.30163637,-2.070356,0.0,0.0,0.0,0.0007008500094071255,-0.0011364938388169223,0.7229285097462048,-0.005610939,0.011752901,-1.161352e-05,0.7219785304489159,0.7238854571553406,0.7205963249178813,0.725253726462682
1777804255.4280953,1.2065104,-0.10865045,4.663286,3.1013854,0.19261104,2.5950584,0.29632118,0.023859115,-0.766813,0.4938858750983911,0.07794630049432727,-1.6554723573561665,1.8948749,0.30126148,-2.0682278,0.0,0.0,0.0,0.0008692516588793974,-0.0009799961580989865,0.723097073004727,-0.014583903,0.0091847945,-0.0002335682,0.7213763921325991,0.7249578947926095,0.7216096834390209,0.7244443216546792
1777804255.448265,1.2121521,-0.108729884,4.663852,3.1013854,0.19261104,2.5950584,0.29618362,0.024021426,-0.76713365,0.49386033443807265,0.07810835753890207,-1.655384889669113,1.8892332,0.30134094,-2.0687938,0.0,0.0,0.0,0.0010731073359869195,-0.0004997448040722744,0.7231454378188072,-0.023240527,0.0045508025,6.737368e-05,0.7203285568102847,0.725921894619638,0.7230879757519305,0.7232433240933762
1777804255.4680119,1.217614,-0.10905588,4.6654897,3.1013854,0.19261104,2.5950584,0.29597723,0.024318546,-0.7669561,0.4938301267480747,0.07829919628312056,-1.6555769089276733,1.8837713,0.30166692,-2.0704312,0.0,0.0,0.0,0.0011418832550847036,0.00012128300174984747,0.7231076765967623,-0.024939263,-0.002490452,-0.0001709036,0.7200998765229297,0.726218018830906,0.7242301824844392,0.721882628548775
1777804255.4880054,1.2214049,-0.1092406,4.6650805,3.1013854,0.19261104,2.5950584,0.2958422,0.024581116,-0.76723444,0.49379945772933137,0.07849240886775545,-1.6556650641294435,1.8799804,0.30185163,-2.070022,0.0,0.0,0.0,0.0010950200654447383,0.0005130389783324944,0.7231371143699352,-0.020491794,-0.006515964,-0.00026679639,0.7204910278563902,0.7259432787147219,0.7246357149820886,0.7214784359265408
1777804255.5080044,1.2268903,-0.10961806,4.665698,3.1013854,0.19261104,2.5950584,0.29550856,0.024955085,-0.7672537,0.4937645274642879,0.07871157695935482,-1.6558343889500393,1.874495,0.3022291,-2.0706396,0.0,0.0,0.0,0.0009672711149925654,0.0008745292840629066,0.7231266753587755,-0.008510707,-0.0100829275,-0.0005023749,0.7215613650755129,0.7249934105798258,0.7243707118172519,0.721581213962512
1777804255.5280895,1.228867,-0.10971105,4.665156,3.1013854,0.19261104,2.5950584,0.29545212,0.025128126,-0.7675278,0.49373317386657195,0.07890806810129734,-1.6558831025906955,1.8725183,0.3023221,-2.0700974,0.0,0.0,0.0,0.0008961343663557309,0.0009204741327441526,0.7231585771532859,-0.0034884096,-0.010637809,-0.000420492,0.7220400681752907,0.7245293813294323,0.72418686677315,0.7218779923352712
1777804255.5485854,1.2345035,-0.10991547,4.6630073,3.1013854,0.19261104,2.5950584,0.295344,0.025634162,-0.7685807,0.49369879862427873,0.07912268561974409,-1.6555782929856424,1.8668818,0.3025265,-2.0679488,0.0,0.0,0.0,0.0006931900786426319,0.0008594182676862168,0.7233187206917426,0.010425731,-0.009526149,-0.00036130124,0.7234706531149828,0.7233835690111322,0.7233045920103813,0.7231160686304748
1777804255.5679832,1.2407386,-0.11099697,4.66517,3.1013854,0.19261104,2.5950584,0.2956118,0.02571055,-0.76836926,0.4936537210206999,0.07940249202931121,-1.6556805146375375,1.8606467,0.303608,-2.0701118,0.0,0.0,0.0,0.0004882667984992255,0.0004345237568059192,0.7232834272926684,0.020069426,-0.0054358914,-0.0002717076,0.7244825744069435,0.722247304737544,0.721977489213307,0.7244263408128796
1777804255.5880039,1.2472403,-0.1124012,4.668319,3.1013854,0.19261104,2.5950584,0.29600036,0.025508462,-0.76772195,0.49359672578659164,0.07975411014385379,-1.6562661371738971,1.854145,0.30501223,-2.0732608,0.0,0.0,0.0,0.0003614955973161555,-0.00019051125711092368,0.7231545248853135,0.021315774,-0.0009197079,-0.0003259492,0.7248601638490865,0.7216444554374667,0.7208730479870945,0.725240432267607
1777804255.6084468,1.2494054,-0.11283408,4.668956,3.1013854,0.19261104,2.5950584,0.296161,0.025432693,-0.76761514,0.4935443823535165,0.08007633514505512,-1.6568364876199773,1.85198,0.30544513,-2.0738974,0.0,0.0,0.0,0.0003374934533338066,-0.00041203276944748717,0.723097035145351,0.020073896,0.00076375995,-0.00057243963,0.7248881172572302,0.7216494168128982,0.7205087645350738,0.7253418419762022
1777804255.6283529,1.2581825,-0.11436333,4.66901,3.1013854,0.19261104,2.5950584,0.29679635,0.025198845,-0.76816565,0.49347681204469374,0.08048918407997996,-1.657301465486607,1.8432028,0.30697435,-2.0739517,0.0,0.0,0.0,0.00036642374794396604,-0.0009518106805127212,0.7231330392940998,0.0062258835,0.0061783865,-0.00041567447,0.7238469283262099,0.7226685549433698,0.7206977609245946,0.7253189129822253
1777804255.6484222,1.2603705,-0.114711344,4.668632,3.1013854,0.19261104,2.5950584,0.29694873,0.025115326,-0.76844406,0.4934165628750433,0.08085660139196325,-1.6576129466812777,1.8410149,0.30732238,-2.0735736,0.0,0.0,0.0,0.0003923244940902163,-0.0010323825207417666,0.7231454077715342,0.0009029008,0.006628724,-0.00042055012,0.7234535649938817,0.7230895806195476,0.720992005750593,0.7250464797221153
1777804255.6680913,1.267108,-0.11565157,4.665938,3.1013854,0.19261104,2.5950584,0.29739112,0.024930684,-0.7697445,0.4933502735296337,0.08125853289741841,-1.6574310708459987,1.8342774,0.30826262,-2.0708795,0.0,0.0,0.0,0.0004944456161988721,-0.0009426990088844682,0.7233283337436018,-0.013599834,0.007002265,-0.0003272246,0.7222265865516025,0.7246264157018245,0.7223208272723923,0.7241395054485885
1777804255.6881075,1.2715423,-0.11615785,4.663434,3.1013854,0.19261104,2.5950584,0.29753256,0.024985483,-0.77077246,0.49328619731262907,0.08164566258254503,-1.6568849506709398,1.829843,0.3087689,-2.0683756,0.0,0.0,0.0,0.0005785483003927076,-0.000686906416470982,0.723503686125145,-0.020768391,0.0057407366,-8.43328e-05,0.7215166138753427,0.7255413580559273,0.7234151439163718,0.7235416286529388
1777804255.7084901,1.2782499,-0.11655006,4.6666956,3.1013854,0.19261104,2.5950584,0.29761416,0.025360467,-0.77030736,0.4932213822428035,0.08203549732496625,-1.65696990511683,1.8231355,0.3091611,-2.0716372,0.0,0.0,0.0,0.0006832511949656996,-8.593497347362915e-05,0.7234367434600963,-0.026135907,0.002992974,-0.00016078984,0.7205573537542193,0.7264126070728605,0.724470754952723,0.7223062580605832
1777804255.7284324,1.2828978,-0.11672814,4.6669683,3.1013854,0.19261104,2.5950584,0.29768434,0.025712144,-0.7704819,0.4931608815529861,0.08239828089658646,-1.657081508810261,1.8184875,0.30933917,-2.07191,0.0,0.0,0.0,0.0007059574161001074,0.00035384751165248255,0.723450895465315,-0.024850413,0.0005407547,-7.4448617e-06,0.720362030563842,0.7265442272838041,0.7250413247826496,0.7218559992309651
1777804255.74831,1.287342,-0.116889454,4.667152,3.1013854,0.19261104,2.5950584,0.29773986,0.026107881,-0.770668,0.4931042317182953,0.08273694993880772,-1.6572001649339512,1.8140434,0.3095005,-2.0720935,0.0,0.0,0.0,0.0006904129083300683,0.0007315530953280356,0.723466016637748,-0.019781409,-0.0016632194,2.5990164e-05,0.7205867984315629,0.7263296407452736,0.7252305241339151,0.7217171032402409
1777804255.7681952,1.2942815,-0.11702981,4.665258,3.1013854,0.19261104,2.5950584,0.29790905,0.026864346,-0.7716165,0.4930469074750849,0.08307806964180775,-1.656992050282122,1.8071039,0.30964085,-2.0701995,0.0,0.0,0.0,0.0005945039313052332,0.0011238747782011818,0.7236052016149874,-0.006413511,-0.0048009856,-0.00011133323,0.7217912208406504,0.725485982328992,0.7249983322174773,0.7221452710728304
1777804255.788153,1.2988333,-0.11708521,4.66344,3.1013854,0.19261104,2.5950584,0.29802078,0.02735891,-0.77243686,0.4929934365673787,0.08339533510177857,-1.6565347260411276,1.8025521,0.30969626,-2.0683818,0.0,0.0,0.0,0.00048669431138026746,0.0011734978678632456,0.7237467837338563,0.0042983815,-0.00652019,-0.00025902217,0.7230297839111111,0.724619196858728,0.7245336253035278,0.7228045288620586
1777804255.8082464,1.3057073,-0.117091954,4.6593485,3.1013854,0.19261104,2.5950584,0.2982874,0.028126841,-0.7740432,0.4929397581516844,0.08371245803331953,-1.6555141883036053,1.795678,0.309703,-2.06429,0.0,0.0,0.0,0.0002942067117997088,0.0009780557146103308,0.7240335822459287,0.017554067,-0.0060836747,-4.6957775e-05,0.7246664264964497,0.7234289126606106,0.7237857125284275,0.7242532772982276
1777804255.8283284,1.3105024,-0.11714914,4.661049,3.1013854,0.19261104,2.5950584,0.29851952,0.02841319,-0.77363485,0.49288865554325917,0.08401339902000128,-1.6549698223225717,1.790883,0.30976018,-2.0659904,0.0,0.0,0.0,0.0001916927023725046,0.0006436198023183981,0.724022125876153,0.023343034,-0.0031386798,-7.6621116e-05,0.7253283368156135,0.7227618876063053,0.72283471829646,0.7251635607862338
1777804255.8483098,1.3175583,-0.11724254,4.6625147,3.1013854,0.19261104,2.5950584,0.29890624,0.028612778,-0.7732053,0.4928355604648045,0.08432460449947118,-1.6547688571256356,1.7838271,0.30985358,-2.0674562,0.0,0.0,0.0,0.00013370729421860288,2.159274898601857e-05,0.7239816586811338,0.025154354,0.0021243638,-0.00011599164,0.7257035553516868,0.7223293569962692,0.7216524492158499,0.72624127316073
1777804255.8681893,1.3223269,-0.11725587,4.6622376,3.1013854,0.19261104,2.5950584,0.29919428,0.028690407,-0.7732632,0.4927852106284659,0.0846188073183155,-1.6545637581858603,1.7790585,0.3098669,-2.0671792,0.0,0.0,0.0,0.0001607955794912701,-0.0003765532765554651,0.7240048716335489,0.020801539,0.005775871,6.0925377e-06,0.7254208549597578,0.7225852327847432,0.7213431577530012,0.726670241036694
1777804255.888085,1.3319432,-0.11719612,4.659467,3.1013854,0.19261104,2.5950584,0.29973328,0.028698,-0.7741203,0.49272970177265496,0.08494143077334212,-1.6539564112117744,1.7694422,0.30980715,-2.0644088,0.0,0.0,0.0,0.00039070903111910094,-0.0008256846360794631,0.72416269448607,0.0036737884,0.011619252,9.5855285e-05,0.7239332764048642,0.7243345993965159,0.7217516141605989,0.7266312879823015
1777804255.9082038,1.3367131,-0.11713072,4.6572123,3.1013854,0.19261104,2.5950584,0.2999674,0.028684217,-0.7747558,0.49267798715855676,0.08524121255557099,-1.6531097395651226,1.7646723,0.30974177,-2.0621538,0.0,0.0,0.0,0.0005481871259644469,-0.000820249443531154,0.7243100190910551,-0.0073127914,0.012133553,1.1163022e-05,0.7230230249729678,0.7255903153962092,0.7225592705263605,0.7260674654686834
1777804255.9282885,1.341533,-0.11703489,4.6541324,3.1013854,0.19261104,2.5950584,0.30016196,0.028729407,-0.77560467,0.49262945694944066,0.08552176285489685,-1.651939619655028,1.7598524,0.30964592,-2.059074,0.0,0.0,0.0,0.000684213080391842,-0.0006424936168555567,0.7245098101896328,-0.016199555,0.008901745,0.00011032654,0.72242688873821,0.7265265357179183,0.7238000262673201,0.7252857900350833
1777804255.948399,1.3497003,-0.11765706,4.6535096,3.1013854,0.19261104,2.5950584,0.30111492,0.02824538,-0.77535963,0.4925708082772955,0.08585847142302423,-1.6509038838343741,1.751685,0.3102681,-2.0584512,0.0,0.0,0.0,0.0006436190187715316,-0.0003061226275981096,0.7245571465014309,-0.02220859,0.0029311476,6.0175647e-05,0.7221904184047286,0.7268877692097062,0.7251676529476353,0.7239827454436539
1777804255.968017,1.3582056,-0.11862549,4.653535,3.1013854,0.19261104,2.5950584,0.3022524,0.027598672,-0.77475625,0.49249979714216113,0.08626333751649404,-1.6500793387569526,1.7431798,0.31123653,-2.0584764,0.0,0.0,0.0,0.0003922010328081234,-4.43243228702081e-07,0.7245417649070487,-0.019965662,-0.0028832438,0.0006146027,0.7225990328792705,0.7261157353143419,0.7261614138836406,0.7232908775509422
1777804255.988184,1.3639723,-0.11921733,4.652242,3.1013854,0.19261104,2.5950584,0.3029653,0.027271643,-0.7747678,0.4924270499520407,0.08667624396777746,-1.649212869809273,1.737413,0.31182837,-2.0571837,0.0,0.0,0.0,0.00017326463225642366,0.00013691318643226699,0.7246095124972975,-0.014904493,-0.00464545,0.0005993397,0.7232988093628505,0.7255606117992681,0.7263169583737433,0.7232616704533288
1777804256.0082257,1.3721697,-0.12005768,4.6500416,3.1013854,0.19261104,2.5950584,0.30399552,0.026850136,-0.7749438,0.4923458984512413,0.08713399491863726,-1.6481675980935122,1.7292156,0.3126687,-2.0549831,0.0,0.0,0.0,-0.00014690090567507502,0.00017199953550903722,0.7247123020257787,-0.0055981018,-0.0037202546,0.00035497337,0.7244304836157897,0.7247811364158767,0.725883162989086,0.7237544250823632
1777804256.028194,1.3778063,-0.120552756,4.647402,3.1013854,0.19261104,2.5950584,0.3047017,0.026637614,-0.77534753,0.4922658078685065,0.08758389252151869,-1.6469090174396537,1.723579,0.3131638,-2.0523434,0.0,0.0,0.0,-0.0003342081435488875,7.86144346640854e-05,0.7248609922806566,-2.0088279e-05,-0.0009845033,0.00040240103,0.725073018883646,0.7244075250615842,0.7254749024936477,0.7244885226837492
1777804256.048477,1.3862066,-0.1212093,4.6422176,3.1013854,0.19261104,2.5950584,0.30574524,0.02637221,-0.7762798,0.4921796459209649,0.08806498386641998,-1.6450726851431294,1.7151787,0.31382033,-2.0471592,0.0,0.0,0.0,-0.00048035315336423905,-0.00015700658656854494,0.7251225534275298,0.005043466,0.0060328664,0.00038341183,0.7255657375946291,0.7244493221653286,0.724674816939029,0.7258003370111332
1777804256.0682147,1.3918879,-0.121044174,4.644244,3.1013854,0.19261104,2.5950584,0.30665374,0.026168456,-0.77508587,0.4921017875871443,0.08849853158538071,-1.6439278685734882,1.7094975,0.3136552,-2.0491858,0.0,0.0,0.0,-0.0005289793049730509,-0.0003807667684474214,0.7250549004918345,0.0060743736,0.010787542,0.00034704985,0.7254834781412423,0.7244180929332408,0.7239582747358829,0.7263597561569727
1777804256.0880725,1.4004242,-0.12076202,4.64569,3.1013854,0.19261104,2.5950584,0.3079349,0.025945587,-0.7736276,0.49202629849127,0.08891718888715527,-1.6432433385599625,1.7009611,0.31337306,-2.0506315,0.0,0.0,0.0,-0.0004659639875344611,-0.0006513917939475599,0.7249177027569742,0.0029288703,0.016672147,0.00044040504,0.724803474852143,0.7247676876369377,0.7232963150468054,0.7268033334920113
1777804256.1079893,1.4060694,-0.12053876,4.645849,3.1013854,0.19261104,2.5950584,0.30867374,0.02583622,-0.77296376,0.4919574552759414,0.0892979343091299,-1.6427211967268764,1.695316,0.3131498,-2.0507908,0.0,0.0,0.0,-0.00034211773414402147,-0.0007603738691422416,0.7248713455011296,-0.0009521444,0.01936069,0.0005874207,0.724172584184002,0.7252176543906421,0.7231566319751325,0.7269385114547425
1777804256.1283143,1.4146361,-0.12018045,4.6441,3.1013854,0.19261104,2.5950584,0.30967134,0.025759716,-0.77258176,0.4918896193492322,0.08967152749338546,-1.6420236370690011,1.6867492,0.3127915,-2.0490417,0.0,0.0,0.0,-9.384863110187703e-05,-0.0007448911559723419,0.7248750279975401,-0.008365609,0.019626128,0.00038312835,0.7233594903738365,0.7261606886089269,0.7234380824744927,0.7265418505329049
1777804256.1485097,1.4174424,-0.120067574,4.6434584,3.1013854,0.19261104,2.5950584,0.30996555,0.02575589,-0.7724939,0.4918310769548344,0.08999340347320875,-1.6413628976923103,1.6839429,0.3126786,-2.0484,0.0,0.0,0.0,-9.92494003125002e-06,-0.0007151574593650479,0.7249141235737544,-0.010742966,0.019479651,0.00035205297,0.723115780714454,0.7265012346500217,0.723615572152465,0.7264239067780774
1777804256.1683621,1.4259745,-0.119691506,4.6395617,3.1013854,0.19261104,2.5950584,0.31074136,0.025858387,-0.7727913,0.4917714995662632,0.0903194287369334,-1.6402108320698638,1.6754109,0.31230253,-2.0445032,0.0,0.0,0.0,0.0002339602693755406,-0.0004274542247783633,0.72504085842269,-0.016371455,0.016075425,0.0002474154,0.7225643773702081,0.7273688902423694,0.7244773509604228,0.7257528151177601
1777804256.1882806,1.4317064,-0.11945365,4.6362596,3.1013854,0.19261104,2.5950584,0.311247,0.025956886,-0.77317613,0.49171501020751496,0.09062750500040716,-1.6387608440006176,1.6696789,0.3120647,-2.041201,0.0,0.0,0.0,0.0003339493166397895,-0.0001855485738231702,0.7252017260867307,-0.017818121,0.012303274,0.00017794021,0.7225902316522916,0.7277064563962299,0.7251767980279124,0.7253334182704895
1777804256.2081587,1.4373009,-0.117862746,4.633856,3.1013854,0.19261104,2.5950584,0.3115243,0.026471602,-0.77307093,0.491675630173382,0.09084283897556836,-1.6372162557669006,1.6640844,0.3104738,-2.0387974,0.0,0.0,0.0,0.00041072869312379964,0.0001376095697770436,0.7253061385251671,-0.016470559,0.008565248,4.1656465e-05,0.7227424387681429,0.7278448444029939,0.7256779412175131,0.7249593297120192
1777804256.2283146,1.4457064,-0.11557734,4.62899,3.1013854,0.19261104,2.5950584,0.31185395,0.027304728,-0.77327716,0.4916518032243227,0.09097395361882826,-1.6352020817619581,1.655679,0.30818838,-2.0339317,0.0,0.0,0.0,0.0004210097314281424,0.000578102412923504,0.7254869312258942,-0.011123043,0.0014423316,0.00020027629,0.7234225062625688,0.7274311904139219,0.7264785636723,0.7246154645547869
1777804256.2485294,1.4512142,-0.11412236,4.625249,3.1013854,0.19261104,2.5950584,0.31205025,0.027877007,-0.77351516,0.4916373371831875,0.09105409599480932,-1.6329921402630823,1.6501712,0.3067334,-2.0301905,0.0,0.0,0.0,0.00033847235467071536,0.000776601297964045,0.7256868239959444,-0.005138831,-0.0028898362,-4.439739e-05,0.7244051499602185,0.7269951364664621,0.726753927115454,0.7245930824416438
1777804256.2684786,1.4594176,-0.11200428,4.6184487,3.1013854,0.19261104,2.5950584,0.3123378,0.028801305,-0.7741746,0.4916321360868058,0.09108387165973905,-1.63013615910988,1.6419678,0.30461532,-2.0233903,0.0,0.0,0.0,0.00013976842110072045,0.0008844556798193008,0.7259908733619608,0.005990687,-0.0052499636,1.1950886e-05,0.7258623160299965,0.7261122601623895,0.7266798880289458,0.725309029226512
1777804256.2884433,1.4648982,-0.11063826,4.61329,3.1013854,0.19261104,2.5950584,0.31252483,0.029412111,-0.77470964,0.49163174222325023,0.09108740575083354,-1.6270259499929822,1.6364871,0.3032493,-2.0182314,0.0,0.0,0.0,1.8928938649925668e-05,0.0008227801500262054,0.726298200242757,0.0125981085,-0.0033289208,-0.000110261,0.7267637317977353,0.725898825285819,0.7263274381397091,0.7262028057477653
1777804256.3081784,1.4732879,-0.10870971,4.6043077,3.1013854,0.19261104,2.5950584,0.31289017,0.030163806,-0.7757139,0.4916354683273215,0.09106839984232791,-1.6231006336516125,1.6280974,0.30132073,-2.0092492,0.0,0.0,0.0,-8.662554887466783e-05,0.0005542379145138648,0.7267288250272885,0.01769687,0.0018641055,1.4489935e-05,0.7275234868833842,0.7259254692102022,0.7258091573948576,0.7276571866207108
1777804256.3281689,1.4809644,-0.10566638,4.6058273,3.1013854,0.19261104,2.5950584,0.31301966,0.03124803,-0.7739707,0.4916560325807873,0.09095796924491412,-1.6202035293822277,1.6204209,0.2982774,-2.010769,0.0,0.0,0.0,3.135878804742115e-06,0.0003205821710351234,0.7267237547322153,0.01727517,0.008725553,0.00044379296,0.7269508681281005,0.7262303655602449,0.7250942811275733,0.728619504112943
1777804256.3483388,1.4860568,-0.10371826,4.606068,3.1013854,0.19261104,2.5950584,0.3131033,0.03188411,-0.77290696,0.49168342143587623,0.09081009313789755,-1.6179243744091028,1.6153286,0.2963293,-2.0110097,0.0,0.0,0.0,0.00014132753081948484,0.0002053836170428083,0.7267597447972488,0.013655734,0.011429639,6.743606e-05,0.7265708904820518,0.7269081374743177,0.7248372018745124,0.7287227493581139
1777804256.368088,1.4937904,-0.10092293,4.6044054,3.1013854,0.19261104,2.5950584,0.31318325,0.032725785,-0.771883,0.4917202515625346,0.09061029184125066,-1.615835013443298,1.607595,0.29353398,-2.009347,0.0,0.0,0.0,0.00042731101354492006,0.00015254685396382667,0.7267863967326569,0.005787574,0.013665952,0.00011223789,0.7255425972930183,0.7279628534389125,0.7249890218590574,0.7286511143396398
1777804256.3880327,1.5016171,-0.098176494,4.6010876,3.1013854,0.19261104,2.5950584,0.3131618,0.033635806,-0.7712424,0.4917639969367495,0.09037203791349888,-1.6136326713991698,1.5997683,0.29078752,-2.0060291,0.0,0.0,0.0,0.0007443480607871823,0.0003087322168083121,0.7268715118381186,-0.00091400207,0.012411943,0.00011274018,0.7247185339252368,0.7289568456445427,0.725549882796544,0.7282607849861514
1777804256.408142,1.5065678,-0.09641477,4.5988216,3.1013854,0.19261104,2.5950584,0.31309348,0.034268532,-0.77087146,0.49180833328395773,0.09012996020006943,-1.6115082489357424,1.5948175,0.2890258,-2.0037632,0.0,0.0,0.0,0.0009149097523890566,0.0005011103122724665,0.7269857216948731,-0.0034223904,0.009533079,0.0002563796,0.7244563501678021,0.7293612654615748,0.7261599810225972,0.7279652901275188
1777804256.4280775,1.5147549,-0.09379618,4.5955997,3.1013854,0.19261104,2.5950584,0.31314737,0.03537052,-0.7699885,0.49185612860226385,0.08986814309825744,-1.6092931927765237,1.5866305,0.28640723,-2.0005412,0.0,0.0,0.0,0.0010309983158935379,0.000815505804962965,0.7270403067701937,-0.0021699404,0.0024436405,0.0004631048,0.7246857847368295,0.729116965919453,0.7269418496929136,0.7274166267315793
1777804256.4480054,1.520699,-0.09203841,4.596352,3.1013854,0.19261104,2.5950584,0.31345847,0.036216408,-0.7684042,0.4919018094770412,0.08961739531890747,-1.607641539694852,1.5806863,0.28464943,-2.0012937,0.0,0.0,0.0,0.000947924022313253,0.001028733934543434,0.7269606705012985,-0.00025080482,-0.0024008579,2.001777e-05,0.7251500114570396,0.7287593188840354,0.7272596187588645,0.7266737329052552
1777804256.467985,1.5295626,-0.08947962,4.5958133,3.1013854,0.19261104,2.5950584,0.31382808,0.037462197,-0.76652163,0.491948850554808,0.08935840838540553,-1.6062340050713113,1.5718228,0.28209066,-2.0007548,0.0,0.0,0.0,0.0007234754984568456,0.0012264317223357906,0.7268236049379664,0.006332754,-0.007396098,0.0002744605,0.7258896677576352,0.7275928658178141,0.7274939668375932,0.7263179193388236
1777804256.4881423,1.5356047,-0.08779716,4.594143,3.1013854,0.19261104,2.5950584,0.31406483,0.038253307,-0.7656716,0.4919930160860889,0.0891147914599495,-1.604840719682049,1.5657806,0.2804082,-1.9990845,0.0,0.0,0.0,0.0005254079568457306,0.0012658041726089928,0.7268196470160496,0.010556558,-0.008829653,0.00022516347,0.7265117827577023,0.7269924131909858,0.7274894398828001,0.7262849522327108
1777804256.5080476,1.544268,-0.08539723,4.5913496,3.1013854,0.19261104,2.5950584,0.3145881,0.03929633,-0.7646641,0.49203764087523405,0.08886792266934053,-1.6032791614389987,1.5571173,0.27800828,-1.9962912,0.0,0.0,0.0,0.00021652802300772996,0.0012011555057851058,0.7268080888184524,0.014461271,-0.0067537148,9.687147e-05,0.7270585427472591,0.7264995120096448,0.7272051732044585,0.7264691273124476
1777804256.5280662,1.5500469,-0.08386523,4.5884223,3.1013854,0.19261104,2.5950584,0.31485566,0.03990494,-0.7642819,0.4920788243338695,0.0886396597192203,-1.601561546314285,1.5513384,0.27647626,-1.9933639,0.0,0.0,0.0,8.27531222368609e-05,0.001106409339833963,0.7268897344221729,0.015874464,-0.0030947616,0.00031358146,0.7271240355772037,0.7264672843897907,0.7269850888838494,0.7269825288378481
1777804256.5480754,1.5587091,-0.081612505,4.582941,3.1013854,0.19261104,2.5950584,0.31523636,0.040764306,-0.7640295,0.492119573348779,0.0884131937516145,-1.599310455313147,1.5426762,0.27422354,-1.9878826,0.0,0.0,0.0,2.0750444095126927e-05,0.0009023364458352512,0.727029026284463,0.017182585,0.0037167952,0.00019960557,0.727123320893937,0.726814968335817,0.7262985435484629,0.7278792723596355
1777804256.567986,1.5641358,-0.08067364,4.5829825,3.1013854,0.19261104,2.5950584,0.31514582,0.040931053,-0.76262593,0.49215189241887614,0.08823361987212594,-1.5975162200854787,1.5372496,0.27328467,-1.9879241,0.0,0.0,0.0,0.00013807887658628688,0.00070111425716837,0.7269837817655534,0.01597765,0.007961778,0.0002100516,0.7267228429848205,0.7271186895866312,0.7256946783178826,0.7283989161728801
1777804256.5882895,1.5723791,-0.07927326,4.581507,3.1013854,0.19261104,2.5950584,0.31498057,0.04109905,-0.76082367,0.49217702645875205,0.08809402431519267,-1.595844778436547,1.5290062,0.2718843,-1.9864488,0.0,0.0,0.0,0.0004077806436695846,0.0004156273997045082,0.7268773279500751,0.012199255,0.010496344,0.0002152155,0.7261255880778497,0.7274999385183314,0.7251340914281879,0.728749693775932
1777804256.6083846,1.575083,-0.07882346,4.580746,3.1013854,0.19261104,2.5950584,0.31492966,0.041118223,-0.7603038,0.49219678798371314,0.08798428502060125,-1.594385859980683,1.5263023,0.2714345,-1.9856877,0.0,0.0,0.0,0.0005062722494379229,0.00034269146376440145,0.726921300456786,0.010813011,0.010975864,0.00036607386,0.7259494863518022,0.727673470246694,0.7251244318573656,0.7289378133712828
1777804256.6283596,1.5832956,-0.077468485,4.577284,3.1013854,0.19261104,2.5950584,0.31465644,0.04124274,-0.7592269,0.4922114170317154,0.08790312907200773,-1.5926647548790778,1.5180898,0.27007952,-1.9822254,0.0,0.0,0.0,0.0008277771736793678,0.00018718872140142083,0.726912921866723,0.0055362307,0.010450458,0.0004130848,0.7253808923360073,0.7281971005113574,0.7251173237454266,0.728956370874101
1777804256.6481884,1.5885661,-0.07659783,4.57475,3.1013854,0.19261104,2.5950584,0.31448233,0.041308824,-0.75858253,0.4922223692515931,0.08784243177256361,-1.590882444772403,1.5128193,0.26920888,-1.9796915,0.0,0.0,0.0,0.0009960313472531504,0.0001535237007756502,0.7269654322902969,0.0021060568,0.0070894416,0.0003456876,0.7253135001777181,0.7284099518514849,0.7254909910456228,0.7286472860863622
1777804256.6683395,1.5940998,-0.07569735,4.5708137,3.1013854,0.19261104,2.5950584,0.31424513,0.04138326,-0.7582407,0.4922301773531788,0.0877992070585996,-1.5888267901685085,1.5072856,0.2683084,-1.9757552,0.0,0.0,0.0,0.0011076692937123508,0.00017011206573819444,0.7270781623604294,-0.0011450538,0.0019388199,9.724117e-05,0.7255244987566645,0.7285734812606186,0.7261062761951289,0.7281083932293063
1777804256.6881254,1.601997,-0.07432669,4.564759,3.1013854,0.19261104,2.5950584,0.3139416,0.041632123,-0.7578652,0.4922360304437918,0.08776686246160748,-1.5862134859678148,1.4993883,0.26693773,-1.9697003,0.0,0.0,0.0,0.001120428261582671,0.00031096697857281065,0.7272291515389577,-0.0049501453,-0.0042885295,0.00030995547,0.7256518403966984,0.7286204893966831,0.7272517708798982,0.7273925054825517
1777804256.708235,1.6081685,-0.0729735,4.567019,3.1013854,0.19261104,2.5950584,0.3141872,0.04200057,-0.7560229,0.49224360374155385,0.08772472216657069,-1.584484475908041,1.4932169,0.26558453,-1.9719605,0.0,0.0,0.0,0.0009668199588089193,0.00047645737880443813,0.727121894964038,-0.0063635493,-0.007312797,9.549086e-05,0.7257259101873451,0.7284605852241388,0.7277542873447042,0.7265467970999645
1777804256.7285087,1.6171544,-0.07097576,4.5693026,3.1013854,0.19261104,2.5950584,0.31456348,0.042637248,-0.75358325,0.4922542280955533,0.08766531883852693,-1.5834666395643235,1.484231,0.2635868,-1.9742441,0.0,0.0,0.0,0.0006549182520162837,0.0007602837172114101,0.7268826354499403,-0.005983084,-0.010297599,5.057068e-07,0.7258124429905953,0.7279525244852083,0.7282906072850266,0.7254749670389314
1777804256.7480772,1.6232265,-0.06963894,4.5696,3.1013854,0.19261104,2.5950584,0.3148282,0.04310911,-0.7522399,0.49226569589006264,0.08760110836567095,-1.5826999779112247,1.4781588,0.26224998,-1.9745417,0.0,0.0,0.0,0.0004243853653666703,0.0009317076674288831,0.7267666545090515,-0.003247691,-0.010132327,-0.0001022785,0.7259920158789643,0.7276026602391263,0.7283136946875247,0.7251582472305913
1777804256.7682157,1.6321063,-0.06767179,4.5691442,3.1013854,0.19261104,2.5950584,0.31522736,0.043759797,-0.7505053,0.4922793821972796,0.08752428731395094,-1.582013711577027,1.469279,0.2602828,-1.9740858,0.0,0.0,0.0,0.00012644320610794187,0.0010739387822557777,0.7265936809117938,0.0022520537,-0.0071452386,-4.0353807e-05,0.7261571884476712,0.7270543856601039,0.7279205251356354,0.7252426244037651
1777804256.788121,1.6380502,-0.06637403,4.5678377,3.1013854,0.19261104,2.5950584,0.31547484,0.044210114,-0.74976546,0.4922931505427511,0.08744685791789127,-1.5812556530995123,1.4633352,0.25898507,-1.9727793,0.0,0.0,0.0,-9.234758774488878e-06,0.0010812297218877657,0.7265554761154225,0.0077503095,-0.0029783759,-5.147914e-05,0.7263572197274825,0.7267846199868064,0.7272487421617191,0.7258313225856826
1777804256.8082557,1.6469585,-0.064488806,4.5644126,3.1013854,0.19261104,2.5950584,0.3158824,0.04481426,-0.74916965,0.4923077534187437,0.08736465329216825,-1.580101186908321,1.4544269,0.25709984,-1.9693542,0.0,0.0,0.0,-6.731696920556692e-05,0.0009167377420741985,0.7265663021446674,0.015289542,0.00498882,-0.00014255746,0.7265837064046611,0.7266344323601841,0.7258853206508618,0.7271617491629634
1777804256.828231,1.6540507,-0.06425519,4.5671535,3.1013854,0.19261104,2.5950584,0.31715155,0.04450759,-0.7475217,0.4923075207510472,0.08736617876519288,-1.5796161515530243,1.4473346,0.25686622,-1.972095,0.0,0.0,0.0,-0.00019658511949342296,0.0005604749661131405,0.7263891995331662,0.019719103,0.0096840495,-0.00020364343,0.7268892070219123,0.7260113781028531,0.7247329143595082,0.7279232986483917
1777804256.8480945,1.6646813,-0.06383892,4.56904,3.1013854,0.19261104,2.5950584,0.31882313,0.043995943,-0.74552256,0.4922899479420091,0.08746506731454154,-1.579529942116443,1.436704,0.25644997,-1.9739814,0.0,0.0,0.0,-0.00026333990437614387,-7.626768309911556e-05,0.7261359634323084,0.020921277,0.014577233,3.0019459e-05,0.7269740886741245,0.725279826515217,0.7234921606820351,0.7287977778578573
1777804256.86818,1.6751858,-0.06338709,4.56934,3.1013854,0.19261104,2.5950584,0.32028338,0.043417238,-0.7439804,0.4922588487268373,0.08763935783103005,-1.579509039752725,1.4261996,0.25599813,-1.9742818,0.0,0.0,0.0,-0.0002027573921632407,-0.0006639488974820643,0.7259371294619654,0.0149321575,0.016915604,-0.00014140461,0.7266875813754209,0.7252715203161921,0.7228856956172907,0.7289037205389585
1777804256.8880289,1.6854053,-0.06291432,4.568286,3.1013854,0.19261104,2.5950584,0.321524,0.042813506,-0.7431001,0.492217470789026,0.08787045771753706,-1.5793236319486645,1.4159801,0.25552535,-1.9732275,0.0,0.0,0.0,-7.583273393884857e-05,-0.0010344892779239282,0.7258368935283023,0.0036816786,0.017569857,-0.00029176456,0.7259236906557971,0.7259251551377383,0.7230905847937757,0.7284081435258984
1777804256.9083498,1.6922348,-0.06253879,4.5664835,3.1013854,0.19261104,2.5950584,0.32222596,0.042431958,-0.74287146,0.49217389590268995,0.08811328675250941,-1.578886914592135,1.4091506,0.25514984,-1.971425,0.0,0.0,0.0,1.9963394082639363e-05,-0.001097764318734002,0.7258405614077599,-0.006578585,0.016103173,-0.00019912313,0.7251635586454841,0.7266370380454189,0.7239011297539063,0.7276605191862309
1777804256.9281867,1.6989634,-0.062161278,4.5642166,3.1013854,0.19261104,2.5950584,0.32288888,0.042054843,-0.7428046,0.4921286767063592,0.08836466166099496,-1.5781748392908956,1.402422,0.2547723,-1.9691582,0.0,0.0,0.0,8.689860032363907e-05,-0.0010154219298886128,0.7258863113499351,-0.015110774,0.013768751,-0.00012021084,0.7245405359202057,0.7273042132834647,0.7248552893911432,0.7268452068049273
1777804256.9481409,1.7065336,-0.06189679,4.5660253,3.1013854,0.19261104,2.5950584,0.3240027,0.04170817,-0.7415289,0.4920786909531001,0.08864159359709889,-1.5778945619844744,1.3948518,0.25450784,-1.9709668,0.0,0.0,0.0,1.229795722566731e-05,-0.000817280969720295,0.7257419444933264,-0.020934144,0.009790397,-0.00012844386,0.7241274973617475,0.7274334579422217,0.7257653321505879,0.725641490518749
1777804256.9680326,1.7214291,-0.06124686,4.5673723,3.1013854,0.19261104,2.5950584,0.32603696,0.041368958,-0.73963624,0.49201257763468775,0.08900575368941999,-1.5778858705348453,1.3799562,0.2538579,-1.9723139,0.0,0.0,0.0,-0.00030486359236604754,-0.00015245281114673655,0.7254966167804338,-0.025886133,0.0034151655,-8.242368e-05,0.723634556384668,0.7274081313827996,0.7274219778858834,0.7235218014683845
1777804256.987987,1.7287292,-0.060912926,4.567383,3.1013854,0.19261104,2.5950584,0.32700726,0.041301586,-0.7388927,0.491946794495293,0.08936699652148228,-1.5778805958419388,1.3726561,0.25352398,-1.9723244,0.0,0.0,0.0,-0.0005021748762015178,0.00018364312889894863,0.7254003766723689,-0.024438966,0.003151049,-0.00031780856,0.7236070497901658,0.7273843886910479,0.7276938854819913,0.7229161827262711
1777804257.0081651,1.739606,-0.060352463,4.565191,3.1013854,0.19261104,2.5950584,0.32826057,0.04137579,-0.73850757,0.4918754402043887,0.08975710559664521,-1.5775256528210122,1.3617793,0.2529635,-1.9701324,0.0,0.0,0.0,-0.0007150736050879417,0.0006212651281680809,0.7253774642264481,-0.015695332,0.006447483,-0.00050102297,0.7238501544351365,0.727205387796868,0.7273033239712751,0.7231509907025134
1777804257.0282612,1.7467147,-0.05996029,4.5631495,3.1013854,0.19261104,2.5950584,0.32902813,0.041480195,-0.7384694,0.4918062391473824,0.09013430944107655,-1.5769150840243882,1.3546706,0.25257134,-1.968091,0.0,0.0,0.0,-0.0007650670628442076,0.0007483908722887697,0.7254191858581842,-0.0064906264,0.0113057885,-0.00012626706,0.7240500289731198,0.7268641029766968,0.726509550703833,0.7242530607790878
1777804257.0481098,1.7573272,-0.059328895,4.558721,3.1013854,0.19261104,2.5950584,0.33003384,0.04170992,-0.7388627,0.4917330803548475,0.09053127305525686,-1.5757180871169716,1.3440582,0.25193992,-1.9636626,0.0,0.0,0.0,-0.0006770903492044414,0.0007033914202407994,0.7255618099104181,0.006737573,0.017092094,-0.0005491675,0.7248718974324551,0.7265812228950124,0.7248711680747354,0.7259229512394699
1777804257.0684643,1.7653364,-0.05931289,4.55893,3.1013854,0.19261104,2.5950584,0.33126307,0.041432064,-0.73803115,0.4916547109345738,0.09095437098994372,-1.5747939063390852,1.336049,0.25192392,-1.9638715,0.0,0.0,0.0,-0.0006576744858577642,0.0004019379385897374,0.7255243892237015,0.013741907,0.019407507,-0.0005536493,0.7254929725448784,0.7258879954983164,0.7237659537490951,0.7269506351025168
1777804257.0882676,1.7769555,-0.059228327,4.558338,3.1013854,0.19261104,2.5950584,0.3328543,0.041022718,-0.7370665,0.491563458813043,0.0914437012430391,-1.5739598809306434,1.3244299,0.25183937,-1.9632797,0.0,0.0,0.0,-0.0005758939790327412,-0.00016243761823342764,0.7254627823751834,0.017415043,0.020318989,-0.00034679464,0.7260728367040719,0.7250608048285859,0.7227534778106576,0.7279640101574186
1777804257.10834,1.7847883,-0.059032973,4.5569725,3.1013854,0.19261104,2.5950584,0.33386946,0.040859006,-0.7366919,0.49147268897121077,0.09192832750529936,-1.5730741547445148,1.3165971,0.25164402,-1.9619141,0.0,0.0,0.0,-0.0005103746547512463,-0.0005192794428317275,0.7254818076471026,0.014917852,0.01978596,-0.00020449676,0.7261833622178708,0.7249029511293528,0.7226352489020644,0.7282056683391228
1777804257.1286194,1.7924778,-0.05882259,4.555064,3.1013854,0.19261104,2.5950584,0.3347454,0.04070772,-0.7365468,0.4913826148972903,0.09240717742801421,-1.5720602454264712,1.3089075,0.25143364,-1.9600058,0.0,0.0,0.0,-0.00044529731638739706,-0.00078839512401036,0.7255404670735524,0.008713686,0.017786343,-0.0004438635,0.7261815060268391,0.7251657462249606,0.722944207928936,0.7278704081134744
1777804257.1483393,1.8000993,-0.058586057,4.5523825,3.1013854,0.19261104,2.5950584,0.33551326,0.04053891,-0.73664534,0.49129334777720723,0.09287957045603366,-1.5708200408235988,1.3012861,0.2511971,-1.957324,0.0,0.0,0.0,-0.00038978515353632094,-0.0009376446309653304,0.725648088912596,0.00061274844,0.015436041,-0.00015884082,0.725837307524441,0.7255541747924473,0.7237686740208047,0.7274321993126918
1777804257.1683533,1.8113447,-0.05823155,4.5474463,3.1013854,0.19261104,2.5950584,0.3364795,0.04025857,-0.7370886,0.49119612526995304,0.09339070871010281,-1.569038082219426,1.2900406,0.2508426,-1.9523878,0.0,0.0,0.0,-0.000328982312714084,-0.0008989019847266432,0.7258419375462403,-0.011424545,0.012874625,-0.0004824344,0.7252706185744968,0.726702717162109,0.7250112811927072,0.7263831332556486
1777804257.188102,1.8187438,-0.057980105,4.543419,3.1013854,0.19261104,2.5950584,0.33698586,0.04011768,-0.7375721,0.49110128841481504,0.09388714873421079,-1.5669681366739785,1.2826415,0.25059116,-1.9483604,0.0,0.0,0.0,-0.0002924196067600592,-0.0007274797012627177,0.7260630257719479,-0.018210646,0.011440574,-0.00041986542,0.7248367871096102,0.7275411836866174,0.726043611777164,0.7258305205144008
1777804257.2084143,1.8270575,-0.0582722,4.540349,3.1013854,0.19261104,2.5950584,0.33694774,0.03967363,-0.7378696,0.4909975477988076,0.09442640567722231,-1.5648209998176985,1.2743279,0.25088325,-1.9452906,0.0,0.0,0.0,-0.0001453108401582217,-0.0004447742296787142,0.7262658500740766,-0.022179775,0.009540463,-0.00037858525,0.7244318916931757,0.7283269596025325,0.7268639560766659,0.725440592923933
1777804257.2282877,1.8370963,-0.0588716,4.5390067,3.1013854,0.19261104,2.5950584,0.3370967,0.039122306,-0.7375687,0.4908764977403126,0.09505013604881216,-1.5628885228766198,1.264289,0.25148264,-1.9439483,0.0,0.0,0.0,-3.351267660309416e-05,-0.00010906212979236007,0.726374480829044,-0.021533942,0.008562075,-0.0003897131,0.7242262882181496,0.7287565012972383,0.7272197667972758,0.7252953670035127
1777804257.2481678,1.8438747,-0.0591838,4.537019,3.1013854,0.19261104,2.5950584,0.33713192,0.038897146,-0.7375233,0.49075480851710973,0.09567365382052938,-1.561024471865749,1.2575107,0.25179484,-1.9419603,0.0,0.0,0.0,5.336050719873496e-05,8.607579387038449e-05,0.7265110957067603,-0.017967792,0.008581753,-0.00039646385,0.7243666349499701,0.7288934347707844,0.7271757549869357,0.7256085581193518
1777804257.2681355,1.8507042,-0.05944256,4.53421,3.1013854,0.19261104,2.5950584,0.33710092,0.03875917,-0.73762673,0.4906328344597907,0.0962950032666324,-1.5590838597191619,1.2506812,0.2520536,-1.9391518,0.0,0.0,0.0,0.00016371072598038092,0.00022773157894922808,0.7266729034933563,-0.012948993,0.009267139,-0.00048164226,0.7246486633132174,0.7289861290287861,0.7268869799417664,0.7261698416896559
1777804257.2882142,1.8605589,-0.05978495,4.529512,3.1013854,0.19261104,2.5950584,0.3369739,0.038626775,-0.7378511,0.4904994805061413,0.09696876142144191,-1.556779645758728,1.2408265,0.252396,-1.9344535,0.0,0.0,0.0,0.0003415422953214394,0.0002997045892451748,0.7268782264354321,-0.003703762,0.008689989,-0.00026962347,0.7253263664796915,0.728591860475144,0.7263566035067961,0.7272380752800973
1777804257.308164,1.8705336,-0.06005293,4.523473,3.1013854,0.19261104,2.5950584,0.33678567,0.03852607,-0.7382906,0.4903569391889249,0.09768327382183066,-1.553970011772998,1.2308518,0.25266397,-1.9284143,0.0,0.0,0.0,0.0005123292565879858,0.0001325303263045195,0.7271501559318108,0.0064656236,0.007044679,7.7777804e-07,0.7264587385836092,0.727841106613187,0.7256897661237003,0.7286110124067472
1777804257.328135,1.8759944,-0.061263684,4.523362,3.1013854,0.19261104,2.5950584,0.3361838,0.03789339,-0.73728496,0.4902060347018937,0.0984336425421714,-1.5517046043891018,1.2253909,0.25387472,-1.9283037,0.0,0.0,0.0,0.0006908454735750705,-0.0002255536641251727,0.7271926457909702,0.010905791,0.006145119,-0.00017775934,0.7271615355340747,0.7273304116533517,0.7248588460284927,0.7294197899479623
1777804257.348109,1.8815979,-0.062385973,4.522295,3.1013854,0.19261104,2.5950584,0.33552527,0.037281167,-0.7364561,0.49004875558362804,0.09920958495601648,-1.5497215326323754,1.2197875,0.25499701,-1.9272366,0.0,0.0,0.0,0.0008643179113632,-0.0006356222635505479,0.7272365309556672,0.01218593,0.0040966966,-0.00013605857,0.7276957915724458,0.7268589054831943,0.724393163057131,0.7299982637098983
1777804257.3683093,1.8898845,-0.06411737,4.5217476,3.1013854,0.19261104,2.5950584,0.3345688,0.03624922,-0.73486674,0.4898665403345935,0.10009824239384837,-1.5480474897777754,1.2115009,0.2567284,-1.9266891,0.0,0.0,0.0,0.0010555828150681634,-0.0012081247286668518,0.7271579456882578,0.008506673,0.00028151658,-0.0002584238,0.7280460272852295,0.72642491836856,0.7241136558085127,0.7300471812907292
1777804257.3881516,1.898218,-0.06560671,4.5191646,3.1013854,0.19261104,2.5950584,0.33356443,0.035378817,-0.73375326,0.48966679612952174,0.10106226754722364,-1.5462949711923377,1.2031673,0.25821775,-1.9241061,0.0,0.0,0.0,0.0011823673892106812,-0.0015698767465781665,0.7271472158626697,-0.001748137,-0.002522014,-4.2056447e-05,0.7276092523250621,0.7267104132682041,0.7247239668748924,0.7295452309825209
1777804257.408336,1.9038087,-0.06646433,4.515979,3.1013854,0.19261104,2.5950584,0.3328776,0.034855865,-0.7334476,0.4894724241110301,0.10199398360679442,-1.5443832364753547,1.1975766,0.25907537,-1.9209204,0.0,0.0,0.0,0.0012265894734484126,-0.0016534610306281543,0.7272536456351337,-0.011926161,-0.0048258184,0.00018347232,0.727057448073721,0.7273397598030261,0.7257687951860338,0.7288485794777546
1777804257.428145,1.911991,-0.067637525,4.5103245,3.1013854,0.19261104,2.5950584,0.33186784,0.034180228,-0.7332813,0.48926668574115567,0.10297023057564017,-1.5419491550982527,1.1893944,0.26024857,-1.915266,0.0,0.0,0.0,0.0012282819456663225,-0.0014421429365321851,0.72741812396441,-0.02423212,-0.008597982,8.913635e-05,0.7263545130730714,0.728428253044265,0.7274008481029827,0.7274888816373214
1777804257.4482737,1.916591,-0.067190565,4.509595,3.1013854,0.19261104,2.5950584,0.33073708,0.03470396,-0.7322973,0.4890924569741959,0.10379525065123175,-1.5398851602602428,1.1847943,0.2598016,-1.9145365,0.0,0.0,0.0,0.0012640185070828275,-0.0009877485440619475,0.7274480314936446,-0.030187659,-0.010147156,-4.888531e-05,0.7255831869022192,0.729342207271739,0.7284083840619205,0.7264583477387
1777804257.4685447,1.9235796,-0.066479154,4.507387,3.1013854,0.19261104,2.5950584,0.32908997,0.035658553,-0.7310617,0.4889388046086689,0.10452021938323289,-1.537880723423038,1.1778058,0.2590902,-1.9123287,0.0,0.0,0.0,0.0012975674062060101,-9.979012163079375e-05,0.7274406851290172,-0.03161941,-0.010835856,2.0688763e-05,0.7245740168343922,0.7302949401655593,0.7294459556031124,0.7254478279130054
1777804257.4881217,1.9305372,-0.065720126,4.503331,3.1013854,0.19261104,2.5950584,0.32748073,0.036743168,-0.7303087,0.48880235842234776,0.10516156629132677,-1.5356282176544462,1.1708481,0.25833118,-1.9082727,0.0,0.0,0.0,0.0013407388339652555,0.0007207714616532662,0.7275150304208671,-0.023679072,-0.009967439,-0.00020444435,0.7244179227784667,0.7307348046754178,0.7295254506155975,0.7253819436139869
1777804257.5079906,1.9353362,-0.06520978,4.499733,3.1013854,0.19261104,2.5950584,0.326483,0.037479687,-0.7299707,0.48868353359990824,0.10571843684043447,-1.5332504989282447,1.1660491,0.2578208,-1.9046745,0.0,0.0,0.0,0.0013639403697232495,0.0011063317552935104,0.7276528798356929,-0.014169321,-0.009567067,-0.00012715237,0.7248525730707565,0.7305294780197288,0.7292560365855175,0.7259734316667695
1777804257.5281081,1.9424783,-0.06450395,4.4936724,3.1013854,0.19261104,2.5950584,0.32519042,0.038499434,-0.72974145,0.4885729407715282,0.10623406857511171,-1.5303786279023615,1.158907,0.257115,-1.8986139,0.0,0.0,0.0,0.001377854276405712,0.0013692077942009514,0.7278426486322022,0.002073613,-0.009022827,-0.00018187091,0.726037863056056,0.7297565567563671,0.7283353780171681,0.7272407966992179
1777804257.5482745,1.9472923,-0.064049125,4.488931,3.1013854,0.19261104,2.5950584,0.32436407,0.039107714,-0.7298205,0.488473481372792,0.10669600260464962,-1.5273225403834128,1.154093,0.25666016,-1.8938727,0.0,0.0,0.0,0.0013856902935709837,0.0012955250584931657,0.7280865657872689,0.013044241,-0.008371329,-0.00021177994,0.7271821300042494,0.7291180695372566,0.7275590336127508,0.7284870299948196
1777804257.568281,1.9521118,-0.06357076,4.4837685,3.1013854,0.19261104,2.5950584,0.32352263,0.03969827,-0.7299601,0.48838322078053037,0.10711357329057548,-1.5240516358223553,1.1492735,0.2561818,-1.88871,0.0,0.0,0.0,0.00140161238446218,0.0010770790130948098,0.7283547760817572,0.020869968,-0.0082519585,0.000117512245,0.7281705851694952,0.7284684596469005,0.7270560555893623,0.7297240039212716
1777804257.5879922,1.9593532,-0.06280764,4.4751716,3.1013854,0.19261104,2.5950584,0.3223252,0.040495425,-0.7302982,0.4882955508618663,0.10751690682782249,-1.5200594086334704,1.1420321,0.2554187,-1.8801131,0.0,0.0,0.0,0.0014114058531118833,0.0005978051091524118,0.7287039438178233,0.02655419,-0.008798605,-0.0003359143,0.7296237306978042,0.7279857055097729,0.7263691220045945,0.7308372170591222
1777804257.6079617,1.9666344,-0.06198122,4.465574,3.1013854,0.19261104,2.5950584,0.32129228,0.041180234,-0.73074806,0.48821070450060455,0.10790524754534972,-1.5153299823511124,1.134751,0.25459227,-1.8705153,0.0,0.0,0.0,0.001383417211162215,9.089215894842254e-05,0.7291239816060635,0.02350362,-0.009296725,-0.00019750476,0.7303329512450225,0.7280335148251986,0.7266356534764243,0.731493806877609
1777804257.6286225,1.969112,-0.061690655,4.4621077,3.1013854,0.19261104,2.5950584,0.32094193,0.04136929,-0.730898,0.48813793387025906,0.10823768624552736,-1.5109918606367494,1.1322733,0.2543017,-1.8670492,0.0,0.0,0.0,0.0013661596657627093,-7.819066490574473e-05,0.7294751368342525,0.020691898,-0.009700387,-0.00027778302,0.7307018855007585,0.7284150579816618,0.7270681307218162,0.7317154731327739
1777804257.6481402,1.9764768,-0.06080173,4.4512644,3.1013854,0.19261104,2.5950584,0.3199652,0.041858498,-0.7312216,0.48806551953959715,0.1085668032279702,-1.505786438948853,1.1249086,0.25341278,-1.8562059,0.0,0.0,0.0,0.0013091267757242885,-0.00034312073779888333,0.7299151607604397,0.00855946,-0.009564511,6.5770626e-05,0.7303793411640894,0.7294115179812184,0.7283630484928013,0.7315067354036504
1777804257.6684015,1.9813768,-0.0601914,4.443645,3.1013854,0.19261104,2.5950584,0.31933153,0.042160638,-0.7314834,0.48799835531559194,0.10887099752116935,-1.500403000646387,1.1200086,0.25280243,-1.8485866,0.0,0.0,0.0,0.0012669404472462446,-0.0003488846835908903,0.7303607606519045,-0.0010244258,-0.009379779,-0.0001839613,0.7301663215285649,0.7306655765528365,0.729522083518937,0.7310890610072801
1777804257.6882231,1.988703,-0.05926629,4.431617,3.1013854,0.19261104,2.5950584,0.31842965,0.04261016,-0.73188317,0.48793088506576704,0.10917511244049657,-1.4941717352339068,1.1126823,0.25187734,-1.8365583,0.0,0.0,0.0,0.0012033164842542837,-9.236190833327666e-05,0.7308891152063547,-0.012471333,-0.00903595,4.7491616e-05,0.7294890824615711,0.7322606529815452,0.7313282669178732,0.7304784584644298
1777804257.708346,1.9936023,-0.05863052,4.423208,3.1013854,0.19261104,2.5950584,0.317857,0.042952366,-0.73206115,0.48786793240640397,0.10945803699438564,-1.4878413554722818,1.1077831,0.25124156,-1.8281498,0.0,0.0,0.0,0.0011630883826821816,0.00020142812216826338,0.7313962201710721,-0.016773667,-0.008325267,0.00019009378,0.7292988034898492,0.7333795805851008,0.73249950275122,0.7304069938581189
1777804257.7283764,1.9984823,-0.05811397,4.4143276,3.1013854,0.19261104,2.5950584,0.3171832,0.04318983,-0.7322073,0.4878063109615154,0.10973400644496913,-1.4813561532254818,1.102903,0.250725,-1.8192692,0.0,0.0,0.0,0.0011627458683665694,0.0005105934886189874,0.731911028581689,-0.01739832,-0.006590587,9.629715e-06,0.7293701816659794,0.7344460976681876,0.7331808776945814,0.7306469572980081
1777804257.7480998,2.005686,-0.057314638,4.400915,3.1013854,0.19261104,2.5950584,0.31625113,0.043640237,-0.732188,0.48774085498640596,0.1100257025920219,-1.4740219953342917,1.0956993,0.24992567,-1.8058567,0.0,0.0,0.0,0.0012096754654898501,0.0009102656734518537,0.7324692331483494,-0.011517789,-0.00389316,-0.00050806615,0.7298917415195978,0.7353515644673163,0.7332502794506626,0.7313833471558217
1777804257.768427,2.0105333,-0.05674878,4.3915267,3.1013854,0.19261104,2.5950584,0.3156306,0.044034626,-0.73213995,0.48767801767023133,0.11030490889254148,-1.466652517532082,1.090852,0.24935982,-1.7964683,0.0,0.0,0.0,0.0012681103256990175,0.0010666709954813445,0.7330264058883241,-0.00411289,-0.0027844156,5.7781217e-05,0.7305680122519238,0.7354501307945012,0.7333940853715438,0.7326933951353283
1777804257.788166,2.0177705,-0.05586902,4.3769794,3.1013854,0.19261104,2.5950584,0.31472218,0.04463033,-0.73190284,0.4876125903561253,0.11059448426248976,-1.4584293596067202,1.0836148,0.24848005,-1.7819209,0.0,0.0,0.0,0.001345336620341319,0.001069230381607571,0.733624269169115,0.00865876,-0.0046697515,-0.00023868874,0.7323475897264728,0.7350441618530013,0.7329574356120823,0.7341478894849044
1777804257.8082907,2.02258,-0.05526555,4.3671055,3.1013854,0.19261104,2.5950584,0.31412083,0.045019895,-0.73161894,0.48755041373845254,0.11086900029804189,-1.4502710145408448,1.0788054,0.24787658,-1.772047,0.0,0.0,0.0,0.001351075594958841,0.0009066591513958509,0.7342110983936663,0.015443693,-0.0071729906,-0.0001557587,0.7338094259361727,0.7347062260680065,0.7330582981556955,0.735270443414791
1777804257.8283072,2.0298975,-0.054290473,4.351828,3.1013854,0.19261104,2.5950584,0.31331715,0.045579456,-0.7309973,0.4874866355504697,0.11114961997052733,-1.4412999567742775,1.0714879,0.24690151,-1.7567697,0.0,0.0,0.0,0.0012587683605367692,0.0005042283638873107,0.7348161692667048,0.021981748,-0.011160679,-1.412729e-06,0.7357049905195922,0.7339281956512372,0.7331955199585916,0.7364359709373988
1777804257.8483524,2.037181,-0.05328977,4.3361964,3.1013854,0.19261104,2.5950584,0.312609,0.04601824,-0.7300282,0.4874220171806102,0.11143302148883108,-1.4316220424457893,1.0642045,0.24590081,-1.741138,0.0,0.0,0.0,0.0010683150905746288,2.4470597690288715e-05,0.7354301174277824,0.02124769,-0.013808019,0.0001135901,0.7371077115107626,0.7336843692868481,0.7338251762771325,0.7371032126363871
1777804257.8683178,2.042103,-0.05259792,4.325388,3.1013854,0.19261104,2.5950584,0.31217858,0.046240896,-0.72926027,0.48736132814382593,0.11169863771442226,-1.4221503561246003,1.0592823,0.24520896,-1.7303295,0.0,0.0,0.0,0.0009088885190303335,-0.0002643096665166833,0.7360544420292101,0.016474789,-0.014269272,-1.12730195e-05,0.7378727699524592,0.7342428779176493,0.7347014205663782,0.7374006996803544
1777804257.8881006,2.049397,-0.051563196,4.309108,3.1013854,0.19261104,2.5950584,0.31158054,0.04648055,-0.72773755,0.48729945527629126,0.11196857914164585,-1.4119681791867897,1.0519884,0.24417424,-1.7140493,0.0,0.0,0.0,0.0006997375255810975,-0.0004891124486451444,0.7366349884523917,0.0044921683,-0.011405925,-8.763837e-05,0.7377225023732638,0.7356000575541441,0.7359729475229885,0.737244446359171
1777804257.9082503,2.054266,-0.050862107,4.2980075,3.1013854,0.19261104,2.5950584,0.31118676,0.046631496,-0.7266549,0.48724116529715916,0.11222239911425053,-1.4020463908836116,1.0471194,0.24347314,-1.702949,0.0,0.0,0.0,0.0006111131466459011,-0.00046988834092322705,0.7372528215163947,-0.004422234,-0.008367721,-0.0001166228,0.7374622225184402,0.7371133941961692,0.7371600295796771,0.7372756397712931
1777804257.9283893,2.0613682,-0.049720693,4.281245,3.1013854,0.19261104,2.5950584,0.31047004,0.047008198,-0.7246765,0.4871839892521927,0.11247076058282804,-1.3914269991814987,1.0400171,0.24233173,-1.6861868,0.0,0.0,0.0,0.0006195901540404563,-0.00017848184646013926,0.7378075722821451,-0.013543785,-0.0022703593,-0.00023593154,0.7365353694122554,0.7392213340762585,0.7382038523340523,0.7372697333060149
1777804257.9481006,2.068634,-0.04857059,4.2638116,3.1013854,0.19261104,2.5950584,0.30979416,0.04744535,-0.7222602,0.4871269235337122,0.11271800072109184,-1.380142102885238,1.0327513,0.24118163,-1.6687531,0.0,0.0,0.0,0.0007598761811328991,0.0002528973402015117,0.7383562819910348,-0.015470746,0.0026151754,-0.00021431953,0.7359609306156075,0.7408802250848463,0.7388134529333529,0.7377705193303329
1777804257.9683225,2.0733526,-0.04786018,4.2524223,3.1013854,0.19261104,2.5950584,0.309349,0.04774424,-0.7205565,0.4870730455179488,0.11295095510177201,-1.3692919049644405,1.0280328,0.24047121,-1.6573639,0.0,0.0,0.0,0.0008921649611291823,0.0005107932715834782,0.7389643820389336,-0.013263716,0.0037292682,-4.9070484e-05,0.7362167061856977,0.7417415001827115,0.7393310450563096,0.7385682767310161
1777804257.9880068,2.0805032,-0.046761952,4.2350135,3.1013854,0.19261104,2.5950584,0.30864707,0.04824307,-0.71778,0.48701778375780386,0.1131892566036573,-1.3578263309783885,1.0208821,0.239373,-1.639955,0.0,0.0,0.0,0.0010945903302326814,0.0007811656157873745,0.7394800962416043,-0.005068234,0.002463318,-4.323227e-05,0.7370147858079142,0.7419713460375336,0.7393620951441289,0.7395721579768408
1777804258.0082116,2.0853615,-0.046000026,4.2230587,3.1013854,0.19261104,2.5950584,0.30819482,0.048602607,-0.7158125,0.48696553368310774,0.1134141555747502,-1.3467411062866173,1.0160239,0.23861107,-1.6280003,0.0,0.0,0.0,0.0011913161342951895,0.0008457943998122124,0.7400718783555341,0.00088218664,1.9751897e-06,-1.4366844e-05,0.7381094947903134,0.7420428820271364,0.7396513136218185,0.7404838229828687
1777804258.0283747,2.0924456,-0.044888657,4.2056165,3.1013854,0.19261104,2.5950584,0.30758294,0.049104404,-0.71269596,0.48691185441764706,0.1136445703165621,-1.3350821703076141,1.0089397,0.2374997,-1.610558,0.0,0.0,0.0,0.0011942757138614164,0.0007645088549998545,0.7405581756423755,0.009625181,-0.00712957,-0.00015011585,0.7399848058802321,0.7412216149174712,0.7398837251773717,0.7411425565944274
1777804258.048454,2.0949683,-0.04448655,4.199391,3.1013854,0.19261104,2.5950584,0.3073778,0.049289852,-0.71153396,0.48686477444293114,0.11384647206917528,-1.3247589277744116,1.006417,0.23709759,-1.6043324,0.0,0.0,0.0,0.0011570885352215339,0.0006789436177719581,0.7411963908716093,0.012449479,-0.008957762,0.00022409618,0.7410057091457491,0.7412526148914605,0.7405061374904127,0.7420211019588151
1777804258.068432,2.1020558,-0.043341395,4.181768,3.1013854,0.19261104,2.5950584,0.30684564,0.04977139,-0.7080061,0.48681569021321947,0.1140563879724751,-1.3136806621169903,0.99932957,0.23595244,-1.5867095,0.0,0.0,0.0,0.0009968861214137152,0.00037221920637036353,0.7415848370568114,0.016467515,-0.011219631,-6.941003e-05,0.7424515264445519,0.7407597936875782,0.7405195163781153,0.7426085117170009
1777804258.0881233,2.1068904,-0.04254821,4.169717,3.1013854,0.19261104,2.5950584,0.30652884,0.050039936,-0.7053639,0.4867688053558478,0.11425660704107365,-1.3028898727111704,0.9944949,0.23515925,-1.5746584,0.0,0.0,0.0,0.0008637057738436131,0.00014100562952298196,0.7420664221017012,0.015183047,-0.011641082,-4.2266503e-05,0.7432203210289957,0.7409378830764711,0.7410476848033416,0.7430597994979967
1777804258.1082838,2.1141272,-0.04136648,4.1517167,3.1013854,0.19261104,2.5950584,0.3061375,0.050315127,-0.70122904,0.4867195970781811,0.1144662019970519,-1.2913772210449128,0.9872582,0.23397753,-1.5566583,0.0,0.0,0.0,0.0006603040560562426,-0.00012962244603085572,0.74240918409683,0.009165659,-0.010415785,0.00022081568,0.7433787732731499,0.7413071055123758,0.7417855124107381,0.7431653451910567
1777804258.128306,2.1188166,-0.040477857,4.1396585,3.1013854,0.19261104,2.5950584,0.3058277,0.05053367,-0.69828737,0.48667527134960237,0.11465476193924767,-1.2802377784228445,0.98256874,0.2330889,-1.5446,0.0,0.0,0.0,0.0005744359151423116,-0.00020648956905142558,0.7428784970116169,0.0037728513,-0.007809573,0.00025225873,0.7433614669794643,0.7422441718051375,0.7424961868699885,0.7434121623918779
1777804258.1483088,2.1235714,-0.039575458,4.1274815,3.1013854,0.19261104,2.5950584,0.3055406,0.05076414,-0.69516575,0.4866347682137914,0.11482685596863447,-1.2693779058437444,0.97781396,0.2321865,-1.532423,0.0,0.0,0.0,0.0005376741066882261,-0.00018349773905711924,0.7433030476265354,-0.0017414743,-0.0039354297,-3.4489523e-05,0.7431347345536589,0.7434920544134432,0.7430256812433549,0.7435597202956853
1777804258.1684427,2.1306345,-0.038220048,4.1094766,3.1013854,0.19261104,2.5950584,0.30509412,0.05108544,-0.69033945,0.486595105859409,0.11499505473073338,-1.2578092246994097,0.9707508,0.23083109,-1.5144181,0.0,0.0,0.0,0.0006152722485908376,3.325120018718257e-06,0.7435602305607396,-0.008549786,0.0021971203,-0.00012393795,0.7421190620558975,0.7450757618349547,0.7434193153142113,0.7436267830378953
1777804258.1882703,2.1353106,-0.03730392,4.09739,3.1013854,0.19261104,2.5950584,0.30477977,0.05132524,-0.68707174,0.48655893542986733,0.11514827297445944,-1.246620457152106,0.9660747,0.22991496,-1.5023317,0.0,0.0,0.0,0.0007465626015352362,0.00019728928894481319,0.7439909396019385,-0.010612392,0.0056571113,3.803792e-05,0.7417341160823719,0.7462249403691423,0.7438495001113037,0.7441552018449367
1777804258.2082326,2.1423483,-0.03591985,4.079273,3.1013854,0.19261104,2.5950584,0.30426854,0.051747274,-0.681911,0.48652335316834155,0.11529876340482086,-1.2347707309560598,0.95903707,0.22853088,-1.4842148,0.0,0.0,0.0,0.0010337234365254896,0.0005272531375736297,0.7442261428838126,-0.010046047,0.008966132,0.00017705976,0.7410910740439124,0.7472549758682203,0.7438591837199188,0.7446993379031995
1777804258.2281077,2.1470208,-0.034994707,4.0672417,3.1013854,0.19261104,2.5950584,0.30389327,0.05204169,-0.6783858,0.4864905600619102,0.11543731430414081,-1.223365901171098,0.95436454,0.22760575,-1.4721832,0.0,0.0,0.0,0.0012344423121764952,0.0007127387306387627,0.7446399043505794,-0.0080041075,0.0074372445,-0.00023009905,0.7415264448585271,0.7478914232698941,0.7440945200945478,0.745047229179349
1777804258.2484705,2.1541498,-0.03362381,4.048819,3.1013854,0.19261104,2.5950584,0.303203,0.05248372,-0.672804,0.4864566902217694,0.11558014483644771,-1.21129442076598,0.9472356,0.22623485,-1.4537606,0.0,0.0,0.0,0.001462787011666895,0.0008875362337678371,0.7448373371454475,-0.0010716828,0.0010368683,6.775526e-05,0.7422980032343767,0.747336017900634,0.7442851981029031,0.745430129343877
1777804258.2684522,2.1585996,-0.03276995,4.037186,3.1013854,0.19261104,2.5950584,0.30275366,0.052747715,-0.6692697,0.48642471868971415,0.1157147985211548,-1.1997759693520418,0.94278574,0.22538099,-1.4421277,0.0,0.0,0.0,0.001503980960255349,0.0008782695924792533,0.7452586004792888,0.005164607,-0.005311409,0.00016413163,0.7436651917142794,0.7467535302639352,0.7446938727656248,0.7459218071733165
1777804258.2881613,2.165544,-0.031431332,4.0192256,3.1013854,0.19261104,2.5950584,0.30212826,0.053092062,-0.66351104,0.48639158359511236,0.11585412534169648,-1.1876875204767507,0.9358413,0.22404237,-1.4241672,0.0,0.0,0.0,0.0013674208375924748,0.0006779244887531954,0.7454343454027447,0.01398456,-0.014092468,0.00033695519,0.7455340757417196,0.7451324419527401,0.7448545682246289,0.7462162956918906
1777804258.3081858,2.1701517,-0.030533522,4.0073733,3.1013854,0.19261104,2.5950584,0.30177507,0.053276714,-0.6595661,0.4863602237013463,0.11598586131805019,-1.1761203990718303,0.93123364,0.22314456,-1.4123149,0.0,0.0,0.0,0.0011704328886395143,0.00043845690814218454,0.7458059611978776,0.017495694,-0.017936802,-7.53958e-06,0.7470339328892718,0.7445825132545489,0.7451070119752636,0.7465003866724265
1777804258.3282626,2.176988,-0.02909087,3.989621,3.1013854,0.19261104,2.5950584,0.30127287,0.05354144,-0.65352607,0.4863304687426475,0.11611069313425888,-1.1640263165108822,0.92439747,0.2217019,-1.3945625,0.0,0.0,0.0,0.0008152820226791191,3.5839409148709454e-05,0.7459455651893006,0.01763299,-0.018600719,-0.00010297191,0.7480240319924556,0.7439288815341207,0.7452126493887189,0.7466166978419077
1777804258.3480606,2.183809,-0.027601527,3.9719129,3.1013854,0.19261104,2.5950584,0.30085576,0.05375622,-0.6473006,0.4863031361807178,0.11622524815193074,-1.1515177603620261,0.9175763,0.22021256,-1.3768544,0.0,0.0,0.0,0.0005063198381998549,-0.0002771792209055137,0.7460927574394404,0.010897518,-0.014559755,0.00028129053,0.7478158115222795,0.7442009290388835,0.7456866244964895,0.7466676647001097
1777804258.368187,2.1906877,-0.02610427,3.9542005,3.1013854,0.19261104,2.5950584,0.30054545,0.053923827,-0.64093924,0.48627755080134,0.1163323953341743,-1.1386769386973359,0.9106977,0.21871531,-1.3591421,0.0,0.0,0.0,0.00032475633075474027,-0.00035397341973489966,0.7462476873126966,-0.00054844655,-0.0068733534,0.0005157556,0.7466281702637947,0.7455577509924797,0.7463174282415986,0.7464873997529141
1777804258.3881164,2.1952467,-0.025161684,3.9425938,3.1013854,0.19261104,2.5950584,0.3004172,0.053991124,-0.6366758,0.4862533691284683,0.1164335670742433,-1.126547210442732,0.90613866,0.21777272,-1.3475354,0.0,0.0,0.0,0.0003071586160326139,-0.0002710527703689747,0.7466209184330758,-0.007240909,-0.0010063937,8.238442e-05,0.7460613360257637,0.7471310701904267,0.7467272065992645,0.7465640609168487
1777804258.4081159,2.202273,-0.023784006,3.9250147,3.1013854,0.19261104,2.5950584,0.30021784,0.05409604,-0.6300087,0.4862263765142462,0.11654628864312495,-1.1140307752511585,0.89911246,0.21639505,-1.3299563,0.0,0.0,0.0,0.0004258912690162293,8.595176403113601e-06,0.7467113162443354,-0.012795677,0.005483238,0.00016115708,0.7447661694410258,0.748559768801477,0.7469273624253725,0.7465919643094668
1777804258.4279954,2.206851,-0.022881115,3.913586,3.1013854,0.19261104,2.5950584,0.3001165,0.054218676,-0.6255889,0.4861998650396746,0.11665690433092377,-1.1021890138166495,0.89453435,0.21549216,-1.3185275,0.0,0.0,0.0,0.0005629904444288138,0.0002328688488160962,0.7470422099233178,-0.013365606,0.0077897483,-5.2588235e-05,0.7445696987725119,0.7495462740151958,0.7471423804644399,0.7469104864411242
1777804258.4480693,2.2139432,-0.02147895,3.8960614,3.1013854,0.19261104,2.5950584,0.2998728,0.05447452,-0.61871177,0.4861710085840926,0.11677711102253169,-1.08991168773789,0.8874421,0.21408999,-1.301003,0.0,0.0,0.0,0.0008176155556595646,0.00054012655671028,0.7470870266535635,-0.008919725,0.0079693915,-6.375747e-06,0.7443800679271582,0.7497978108281889,0.7468836516234909,0.7472865762354168
1777804258.4685864,2.2185645,-0.020561991,3.8847528,3.1013854,0.19261104,2.5950584,0.2996979,0.054645732,-0.6141586,0.48614295239225275,0.11689386680035568,-1.0782804396678511,0.88282084,0.21317303,-1.2896943,0.0,0.0,0.0,0.0009640163756171518,0.0006545370612038837,0.747384489198332,-0.004049946,0.006302525,4.6787172e-05,0.7449237019368503,0.7498172041564192,0.746908839736788,0.7478882109632711
1777804258.4882557,2.2255495,-0.019168098,3.8677306,3.1013854,0.19261104,2.5950584,0.2994343,0.0549281,-0.60730696,0.48611308666050634,0.1170179678146742,-1.0662518999520545,0.8758359,0.21177913,-1.2726722,0.0,0.0,0.0,0.001107917459226442,0.0006779728467641187,0.7474136030094976,0.003950051,0.001983906,0.0003162548,0.7456901278749211,0.7489473252673148,0.7466038182800878,0.7484131406156671
1777804258.5082414,2.2279,-0.018697236,3.8620355,3.1013854,0.19261104,2.5950584,0.29933527,0.055026036,-0.6049926,0.48608671452188656,0.11712750062503038,-1.0557178514435772,0.8734853,0.21130827,-1.2669771,0.0,0.0,0.0,0.0011317964116080662,0.000640460841887723,0.7479181668411847,0.006101165,0.00019208813,0.00016766464,0.7465683363438105,0.7491673985574214,0.7469736704140323,0.7489632620494752
1777804258.5281188,2.2370362,-0.016525747,3.8396127,3.1013854,0.19261104,2.5950584,0.2988148,0.055628836,-0.5955357,0.486064621413423,0.11721923661357259,-1.0437029661524204,0.8643491,0.20913678,-1.2445543,0.0,0.0,0.0,0.0011102777670444286,0.00041311376813076917,0.7476076226579859,0.012158309,-0.0064062662,0.00010621111,0.7475375338175275,0.7476139848315945,0.7464821585631177,0.7487968134197043
1777804258.5479455,2.2415667,-0.015195601,3.8284934,3.1013854,0.19261104,2.5950584,0.29855374,0.056097023,-0.59064496,0.4860529908376323,0.11726763764720038,-1.0323119594087529,0.8598187,0.20780665,-1.2334349,0.0,0.0,0.0,0.001030441292137656,0.0003018491350199053,0.7478428485634865,0.012805948,-0.008707532,-9.712494e-05,0.7482607739990315,0.7474831980914622,0.7467572456201222,0.7488701765433305
1777804258.5685942,2.2460976,-0.013873223,3.8174994,3.1013854,0.19261104,2.5950584,0.29834524,0.056505386,-0.58580637,0.4860495812763681,0.11728194739183487,-1.0214401208106938,0.8552878,0.20648426,-1.222441,0.0,0.0,0.0,0.0009209497908942354,0.00019257822082224254,0.7480451611481534,0.0114402855,-0.009745885,3.196622e-05,0.7486169368835083,0.7474542056800263,0.7471908273808834,0.7489186746481964
1777804258.5882804,2.2506652,-0.012555764,3.8064845,3.1013854,0.19261104,2.5950584,0.29813728,0.05688292,-0.5809364,0.48605245050350115,0.11727020749060871,-1.0109802597955277,0.85072017,0.2051668,-1.211426,0.0,0.0,0.0,0.0008140016736572536,0.00011154363323627502,0.7482118939664127,0.0088161435,-0.0087806005,-0.00016782888,0.7487444368444002,0.7477800484180418,0.7474562438216047,0.748866846781605
1777804258.608358,2.25744,-0.010633625,3.790203,3.1013854,0.19261104,2.5950584,0.29785195,0.057327006,-0.5736031,0.4860623037541651,0.11722943223403742,-1.0000073523676722,0.84394526,0.20324466,-1.1951447,0.0,0.0,0.0,0.0006934372267407769,9.270713790605943e-05,0.7480976988404325,0.0021478569,-0.0065889615,-0.0001819111,0.7480650732739409,0.748239471070377,0.74779768378759,0.7482885672298228
1777804258.6284885,2.2620106,-0.009362221,3.7792819,3.1013854,0.19261104,2.5950584,0.2976642,0.057611797,-0.56859654,0.4860746865053768,0.11717812299241107,-0.9894816280489229,0.8393748,0.20197326,-1.1842234,0.0,0.0,0.0,0.0006353492047366297,0.000168619676096461,0.7482517201154584,-0.002193714,-0.0056583504,-0.00025662538,0.7478019097607947,0.7488555056995988,0.7483361681277291,0.7480132968737114
1777804258.6483185,2.2665453,-0.0081041735,3.7685523,3.1013854,0.19261104,2.5950584,0.29750952,0.05788652,-0.56355256,0.48608900941052396,0.11711870246735796,-0.9793443203834743,0.83484006,0.20071521,-1.1734939,0.0,0.0,0.0,0.0005894116150503203,0.0002930570028693712,0.7483711791264229,-0.0045276065,-0.0042964406,-0.00024956037,0.747545085346962,0.74934700912753,0.7487058801767673,0.7478867418544328
1777804258.668504,2.273206,-0.006257132,3.7529283,3.1013854,0.19261104,2.5950584,0.29733497,0.058305,-0.5561079,0.48610701828510255,0.11704389841244686,-0.9687346268390061,0.82817936,0.19886817,-1.1578698,0.0,0.0,0.0,0.0005728825608820149,0.0005104837623021337,0.7482147379882228,-0.0047209123,-0.0011631118,-0.00022891248,0.7469154213658673,0.7496514020999402,0.7485543873715023,0.747737741115582
1777804258.688103,2.277877,-0.0049009235,3.7422557,3.1013854,0.19261104,2.5950584,0.2973143,0.05864747,-0.55094254,0.48612771367478924,0.11695786935795204,-0.9585392609194472,0.82350826,0.19751196,-1.1471972,0.0,0.0,0.0,0.0005821841041216706,0.00066384305331001,0.7483228641688007,-0.0038825043,0.00038458582,-0.00010637021,0.7467673808642895,0.7499421695978138,0.7486524455345912,0.7479294606785087
1777804258.7082052,2.284616,-0.0029354186,3.7269378,3.1013854,0.19261104,2.5950584,0.297282,0.059127603,-0.5435324,0.48615369348087756,0.11684972493019785,-0.9479321014845812,0.81676936,0.19554646,-1.1318793,0.0,0.0,0.0,0.0006173449496867998,0.0008278735506406737,0.7481707133104826,-0.0006969683,0.0013586755,0.00012382687,0.7465238952419095,0.7497432352545426,0.7483654533936609,0.7480502693518177
1777804258.728113,2.2905297,-0.0013646692,3.7142828,3.1013854,0.19261104,2.5950584,0.29731375,0.059456013,-0.5370959,0.48617867945320487,0.11674563197825025,-0.9374215707750674,0.8108556,0.1939757,-1.1192243,0.0,0.0,0.0,0.0006524262982174245,0.0008887386888723607,0.7481377254387628,0.0025752566,0.0017837515,-0.00038984726,0.7467768350385642,0.7497325241974564,0.7479083629971878,0.7481331795218433
1777804258.7483122,2.2951288,-7.37097e-05,3.7041478,3.1013854,0.19261104,2.5950584,0.29732305,0.059770178,-0.5321096,0.48620387171655566,0.11664059447076855,-0.9273915565468118,0.80625653,0.19268475,-1.1090894,0.0,0.0,0.0,0.00068928444716575,0.0009011998319687492,0.7482564822943837,0.005020358,0.0022841706,9.7804965e-05,0.7468555515290224,0.7495987300808926,0.7479133768703627,0.7486582706972575
1777804258.7683744,2.3020706,0.0019190884,3.689123,3.1013854,0.19261104,2.5950584,0.29737684,0.060205378,-0.5246821,0.48623319868206716,0.11651813437006425,-0.9169635610943832,0.79931474,0.19069195,-1.0940645,0.0,0.0,0.0,0.0007507645402135095,0.0008283139137135859,0.7480883804819924,0.009287342,0.0031987054,-0.00015017402,0.7470414451976132,0.7492254201777272,0.7471219938250194,0.7489646627276105
1777804258.7881398,2.3091767,0.003925336,3.6740358,3.1013854,0.19261104,2.5950584,0.2974531,0.060542434,-0.51704544,0.486265267165182,0.1163840369340702,-0.9062072243027527,0.7922087,0.1886857,-1.0789773,0.0,0.0,0.0,0.0008223147517100815,0.0006361871449473125,0.7479181968523834,0.012813794,0.0033049532,-2.8538401e-05,0.7472289637725281,0.7486245529729811,0.7464340079134213,0.7493852627506035
1777804258.8083324,2.3138013,0.0052311663,3.664344,3.1013854,0.19261104,2.5950584,0.2975038,0.06075324,-0.51203585,0.4862966141952499,0.11625287093376512,-0.8960514804309717,0.78758407,0.18737987,-1.0692856,0.0,0.0,0.0,0.0008547590854896918,0.00048116676141259215,0.7480435357076031,0.013675976,0.0017391061,-0.00019481788,0.747721004783475,0.7484829573617175,0.7463782914781867,0.7495918892070336
1777804258.8281758,2.3208637,0.007148978,3.6498055,3.1013854,0.19261104,2.5950584,0.2976042,0.06092827,-0.5045924,0.48632835561859006,0.11611991500977989,-0.8856007210879415,0.78052163,0.18546206,-1.0547471,0.0,0.0,0.0,0.0008401542396170288,0.00022738708379575756,0.7478751054075873,0.011494127,-0.0014956789,-0.0002636265,0.7479258365188611,0.7479825502038762,0.7463833744425389,0.7492086604650735
1777804258.8483334,2.3256576,0.008434769,3.6400955,3.1013854,0.19261104,2.5950584,0.2976898,0.060998995,-0.49955842,0.48635787935914515,0.11599613230327223,-0.8756865018581462,0.77572775,0.18417627,-1.045037,0.0,0.0,0.0,0.0007889707482567766,0.000108415589808959,0.7479788074528109,0.00782956,-0.0025755996,6.5548375e-05,0.7478941693668095,0.7480241165140813,0.7468975999764512,0.749099343953902
1777804258.868264,2.332664,0.010315927,3.6262512,3.1013854,0.19261104,2.5950584,0.297817,0.06110476,-0.49211854,0.4863876912741814,0.11587102463562851,-0.8655400462130796,0.76872134,0.18229511,-1.0311928,0.0,0.0,0.0,0.0006734459037974559,5.209565192915264e-05,0.7477875725940152,0.0013222842,-0.0045355936,0.00018755833,0.7474743937631799,0.7479882164294261,0.7474795545865519,0.7482081255969033
1777804258.8881035,2.3398604,0.012276013,3.6124024,3.1013854,0.19261104,2.5950584,0.29797584,0.061211105,-0.48429826,0.4864188066124085,0.11574026595131211,-0.8552070766433153,0.7615249,0.18033503,-1.017344,0.0,0.0,0.0,0.0005310963114303268,0.0001398592499362015,0.7475611590757033,-0.003978981,-0.0046323473,-0.000114627575,0.7469768610743592,0.7482142336222779,0.74782444001633,0.7472291015898467
1777804258.9088585,2.342095,0.0128965685,3.6080024,3.1013854,0.19261104,2.5950584,0.29803166,0.06124809,-0.4819179,0.4864463214873603,0.11562456508935016,-0.8462366986071328,0.75929046,0.17971447,-1.012944,0.0,0.0,0.0,0.0004908353634069051,0.00019686354764540627,0.7479375932574875,-0.0047298004,-0.004342366,0.00012435712,0.7471815924608131,0.7486189797840368,0.7484067018889402,0.7475430988961607
1777804258.9280443,2.3515294,0.015515881,3.5895844,3.1013854,0.19261104,2.5950584,0.2982334,0.06151962,-0.47188747,0.4864795569419329,0.11548452333975254,-0.8361135043935188,0.749856,0.17709516,-0.9945259,0.0,0.0,0.0,0.0003722524002799481,0.0004248599432827014,0.7474078889481564,-0.003707749,-0.00047590857,-0.0001500923,0.7463972570532675,0.7485085762202671,0.7477501614139073,0.746975561105184
1777804258.9481044,2.3562632,0.016842479,3.580381,3.1013854,0.19261104,2.5950584,0.2982893,0.061671652,-0.46689692,0.48651223690028705,0.11534667963877057,-0.8265423995841511,0.7451222,0.17576855,-0.9853225,0.0,0.0,0.0,0.0003863859022129111,0.0005130043450485555,0.7474910073188211,-0.0016908167,0.0021565903,-8.6720276e-05,0.7463098405895525,0.748724206213784,0.7475543477885622,0.7473756346833862
1777804258.9681349,2.362874,0.019063074,3.5671642,3.1013854,0.19261104,2.5950584,0.29820025,0.06209246,-0.4597678,0.4865578239020961,0.11515384330427438,-0.8167708383074577,0.7385113,0.17354797,-0.97210574,0.0,0.0,0.0,0.0005177568947844296,0.0005954141623417514,0.7473114988819116,0.0031247113,0.0062235952,-3.670287e-05,0.7459614279737784,0.7486835915118598,0.7466302807627964,0.7479706952792124
1777804258.9881039,2.3674319,0.02054675,3.5582016,3.1013854,0.19261104,2.5950584,0.2981708,0.062319197,-0.4549596,0.48660646477200653,0.11494770180444551,-0.8075195682900091,0.7339535,0.17206429,-0.9631431,0.0,0.0,0.0,0.0006437643950111568,0.0005866505906785755,0.7473938656444385,0.0059987297,0.0072013224,-0.0002724187,0.7461489688563937,0.7488022136479678,0.7461990220657607,0.7484252580076325
1777804259.0087714,2.3720706,0.02203062,3.5492277,3.1013854,0.19261104,2.5950584,0.29812604,0.06252136,-0.45006385,0.4866571195829556,0.11473261639484272,-0.7986827383722418,0.7293148,0.17058042,-0.9541693,0.0,0.0,0.0,0.0007768814461424135,0.000541447500228007,0.7474331664513075,0.0076858476,0.006849142,-0.00022875886,0.7462504016253647,0.7487531865918708,0.7459663056983313,0.7487627718896638
1777804259.028212,2.3766897,0.02349236,3.540373,3.1013854,0.19261104,2.5950584,0.29806578,0.06271932,-0.44522664,0.486709004077009,0.11451195687062349,-0.7901965340205473,0.7246957,0.16911867,-0.94531465,0.0,0.0,0.0,0.0008959257795717337,0.0004750446032315927,0.747453268816921,0.008464759,0.005710872,-0.00018366394,0.7463577086028049,0.748659027396328,0.7458432379694635,0.7489531012990881
1777804259.04838,2.3835483,0.025880579,3.5273716,3.1013854,0.19261104,2.5950584,0.2979151,0.06312647,-0.4380762,0.48677410915111835,0.11423405665164635,-0.7813273398263012,0.7178371,0.16673046,-0.9323132,0.0,0.0,0.0,0.0010280721924281772,0.0003856512313122455,0.7472020014574985,0.008498465,0.0025746406,-0.0004184999,0.7463877339352956,0.7482673689184604,0.7455481821053997,0.7486047208708388
1777804259.068482,2.3879707,0.02742353,3.5191178,3.1013854,0.19261104,2.5950584,0.29780018,0.06335045,-0.4334056,0.4868416904180474,0.11394490327839411,-0.7729113744245176,0.71341467,0.16518751,-0.9240594,0.0,0.0,0.0,0.0010648697206153005,0.00034755319172523997,0.7472383906827744,0.0072996127,-0.0008813256,-0.0005097754,0.7466333754655349,0.7481492711510068,0.7458546785592861,0.7483162375552704
1777804259.0881765,2.3948247,0.029730633,3.5064583,3.1013854,0.19261104,2.5950584,0.29767388,0.06360439,-0.426255,0.48691753496879164,0.11361931434396393,-0.7641530741489891,0.7065606,0.1628804,-0.91139984,0.0,0.0,0.0,0.0010049775983273976,0.00029101258658810643,0.7469786246888244,0.0055847387,-0.005785751,-0.0006988421,0.7468019263235404,0.7475746283190575,0.7460710880424949,0.7474668560702052
1777804259.108336,2.3994539,0.03125856,3.4980664,3.1013854,0.19261104,2.5950584,0.2976149,0.06376893,-0.4214026,0.4869921878985868,0.11329808818200021,-0.7558037367850117,0.7019315,0.16135249,-0.903008,0.0,0.0,0.0,0.0009063708781532581,0.0002913202833945245,0.746986290066754,0.0038294462,-0.008182977,-0.0004726858,0.746891398520097,0.7473647930861063,0.7465777162292986,0.7471112524315145
1777804259.12828,2.4039927,0.032789797,3.4897633,3.1013854,0.19261104,2.5950584,0.297509,0.06393914,-0.41665414,0.48706678160129435,0.11297633190471959,-0.7477957604241032,0.6973927,0.15982124,-0.8947048,0.0,0.0,0.0,0.0007970733015899502,0.0003214130188622424,0.7469813665277394,0.002189661,-0.008591913,-0.0002968892,0.746814472853011,0.7473263937183411,0.7469288196291798,0.7468557799104263
1777804259.1481795,2.4107382,0.035244383,3.4775472,3.1013854,0.19261104,2.5950584,0.2973626,0.06431636,-0.40963286,0.487154309813964,0.1125970264436327,-0.7394348047504155,0.6906471,0.15736666,-0.8824887,0.0,0.0,0.0,0.000651024380823817,0.0004341091516039567,0.7467080307425366,-0.00021361659,-0.006348659,-0.00023529668,0.7461842895939328,0.7473729499015205,0.7469455085404928,0.7463293749342007
1777804259.168256,2.4152215,0.036854237,3.4695807,3.1013854,0.19261104,2.5950584,0.29730484,0.06456633,-0.40493074,0.48724240451239564,0.1122140828896779,-0.7314713972671293,0.6861639,0.1557568,-0.8745222,0.0,0.0,0.0,0.0005960585689617961,0.0005384215883836951,0.7467057240584738,-0.0007259761,-0.0038430085,-9.638708e-06,0.7458234981109,0.7475937332311074,0.7470107142346153,0.7463949506572731
1777804259.1880949,2.4218757,0.03919235,3.4578314,3.1013854,0.19261104,2.5950584,0.2971788,0.06488188,-0.39806625,0.4873384625846785,0.11179472956094885,-0.7232207884680003,0.67950964,0.15341869,-0.86277294,0.0,0.0,0.0,0.0006113975561464087,0.0006662150571968327,0.7464443305589649,0.00028446873,0.001247872,-4.7342823e-05,0.7451038485291877,0.7478132182823339,0.7463623579538263,0.7464978974705122
1777804259.20829,2.4262564,0.04068464,3.4500802,3.1013854,0.19261104,2.5950584,0.29704025,0.06504196,-0.39354712,0.4874309075780425,0.11139005037572977,-0.7153801052006699,0.67512894,0.1519264,-0.8550217,0.0,0.0,0.0,0.0007062241858205593,0.0007281978145786852,0.7464564216289391,0.001952286,0.0044652293,6.183016e-05,0.7448024151136867,0.7480733300503012,0.7459835430775706,0.7469663982741984
1777804259.2282078,2.4329894,0.042917613,3.4383776,3.1013854,0.19261104,2.5950584,0.29682022,0.065262765,-0.3866487,0.4875272629982403,0.11096654673359393,-0.707235152580946,0.668396,0.14969343,-0.8433192,0.0,0.0,0.0,0.0009116870082118717,0.0007279370153851116,0.7461825416100705,0.005579003,0.0058320155,-0.00015871279,0.7445702904316887,0.7478900204634984,0.7450382962861524,0.747231559258943
1777804259.2481267,2.4373615,0.044360682,3.430865,3.1013854,0.19261104,2.5950584,0.29668546,0.06537854,-0.38216835,0.4876188610654013,0.11056281200998305,-0.6995171793767685,0.6640239,0.14825036,-0.8358066,0.0,0.0,0.0,0.0010278496388245403,0.0006861212500396327,0.7461902911413574,0.0079883635,0.0041126884,-0.00025672626,0.7448633921410373,0.7476712258954802,0.7448034607266086,0.747423085802304
1777804259.2684345,2.443675,0.04667052,3.4196253,3.1013854,0.19261104,2.5950584,0.29617926,0.06561825,-0.375453,0.48772046960679194,0.11011251914066696,-0.6915444380814929,0.6577103,0.14594051,-0.82456684,0.0,0.0,0.0,0.0011911316774930747,0.0005499646874121886,0.7459270368507703,0.011067122,7.83765e-05,0.00016657298,0.7450150682497282,0.746739061664021,0.7444442018569855,0.7475098156323472
1777804259.2881835,2.4497824,0.04899733,3.4086642,3.1013854,0.19261104,2.5950584,0.2955916,0.06575192,-0.36886808,0.4878324587924282,0.10961347754846115,-0.6834124761243741,0.651603,0.14361371,-0.8136058,0.0,0.0,0.0,0.0012584630362263377,0.0003488336627552612,0.7456929094518294,0.013178941,-0.005115772,9.879011e-05,0.7455195527601113,0.7458069920789953,0.7441678636121877,0.747277229356024
1777804259.30819,2.4560997,0.051312048,3.397667,3.1013854,0.19261104,2.5950584,0.29509854,0.065799974,-0.36225492,0.48795130410059295,0.10908106216629426,-0.6751473392979368,0.6452856,0.141299,-0.8026085,0.0,0.0,0.0,0.0011834897842648681,9.927551347780941e-05,0.745465290732218,0.013161037,-0.009315623,0.0003710455,0.7458693445941335,0.7448386095755865,0.7441847569770467,0.746968451782106
1777804259.3280096,2.4603415,0.05308352,3.3903878,3.1013854,0.19261104,2.5950584,0.29478845,0.06594168,-0.35785604,0.48807313687216447,0.10853254396788344,-0.667370564614619,0.6410439,0.13952751,-0.79532933,0.0,0.0,0.0,0.00109853753336587,-1.49123200347286e-06,0.7454881260948197,0.010843399,-0.010350974,0.00016936436,0.7460358203469132,0.744838813228445,0.7443995126602604,0.7466783581436609
1777804259.3481874,2.4664037,0.05575387,3.3799717,3.1013854,0.19261104,2.5950584,0.29438782,0.06615013,-0.35166875,0.4882136197615561,0.10789512971299542,-0.6594825799265585,0.63498163,0.13685717,-0.7849133,0.0,0.0,0.0,0.0009768665103152725,-5.6713450381612495e-05,0.7452870250036905,0.0048865527,-0.008992723,-8.306203e-05,0.7455021326221766,0.7451217546011237,0.7445570200748608,0.7459671927166014
1777804259.3682592,2.4705634,0.057521783,3.373034,3.1013854,0.19261104,2.5950584,0.29419315,0.066268764,-0.34748584,0.4883537460747478,0.10725610507931434,-0.6520621534187858,0.63082194,0.13508925,-0.77797556,0.0,0.0,0.0,0.0009062883992313345,9.786155852597339e-06,0.7453106861717288,0.0006867909,-0.0075840824,0.00012245805,0.7450195440692732,0.745528353445215,0.7450027046642602,0.7456921425081674
1777804259.3882258,2.477034,0.06022678,3.3626945,3.1013854,0.19261104,2.5950584,0.29403773,0.06641286,-0.3412072,0.48850796972776395,0.1065471916668107,-0.6444714924493842,0.62435126,0.13238426,-0.76763606,0.0,0.0,0.0,0.0008342159721713694,0.00020235831703139292,0.7450749808282586,-0.005065572,-0.0041135284,-0.00018602808,0.7440180514760304,0.7462435270257288,0.7451216427820376,0.7449167020292381
1777804259.408644,2.4814396,0.06209362,3.356008,3.1013854,0.19261104,2.5950584,0.29406008,0.066587806,-0.3371552,0.4886611211702422,0.10583915108621042,-0.6373291318257184,0.61994576,0.13051742,-0.7609496,0.0,0.0,0.0,0.000796821449081452,0.0004228783181565615,0.7450943952956853,-0.0065440787,-0.0033182253,-0.00019380773,0.7436747695736439,0.7466303056575335,0.7454512941621897,0.7446212117893748
1777804259.428177,2.4881885,0.06485989,3.3459773,3.1013854,0.19261104,2.5950584,0.2941022,0.06686733,-0.33111906,0.4888267245614684,0.10506698871993955,-0.6300103238931919,0.61319685,0.12775114,-0.75091887,0.0,0.0,0.0,0.0007565074074815453,0.0007210330628648682,0.7448694252266703,-0.0049191467,-0.0020664628,-0.00014388349,0.7432068350917449,0.7466183454543399,0.7453496345892532,0.7443028857713438
1777804259.448114,2.4926822,0.066658095,3.3393867,3.1013854,0.19261104,2.5950584,0.2941552,0.067073874,-0.32707632,0.4889868042249804,0.10431633450860928,-0.623100780782034,0.60870314,0.12595294,-0.74432826,0.0,0.0,0.0,0.0007388201476126561,0.0008899874212147042,0.7448722443588427,-0.0010441347,-0.0013927208,-5.1969546e-05,0.7432869145436577,0.746488755901563,0.7452027692146828,0.7445105377754678
1777804259.4681373,2.4994423,0.06930838,3.3297262,3.1013854,0.19261104,2.5950584,0.29425582,0.06737392,-0.32105935,0.48915508917008443,0.1035204569162937,-0.6160274691080492,0.601943,0.12330266,-0.7346678,0.0,0.0,0.0,0.0007166562393986866,0.0009617962559313626,0.7446309946857503,0.0065654,-0.0012153292,-0.0001008806,0.7436052646977858,0.745717253033323,0.7444178648606636,0.7447835961512295
1777804259.4881454,2.5019681,0.07024317,3.3262787,3.1013854,0.19261104,2.5950584,0.29429498,0.067460425,-0.3188155,0.48930310432938423,0.10281826870934264,-0.6098172145442519,0.5994172,0.12236787,-0.73122025,0.0,0.0,0.0,0.0007142556475412507,0.0009801581623402817,0.744814153799737,0.009091721,-0.0009985855,0.000261272,0.7438485828981386,0.7456229614937017,0.7445109870838403,0.745274083723268
1777804259.5084283,2.5085497,0.07276409,3.3170729,3.1013854,0.19261104,2.5950584,0.2944099,0.067635715,-0.31317675,0.489459484615546,0.1020696143690435,-0.6033760799850109,0.59283566,0.11984695,-0.7220144,0.0,0.0,0.0,0.0006869540751653631,0.0008113876392503653,0.7445737304256332,0.015170022,-0.0011710324,-6.049522e-07,0.744382854544596,0.7447649692780018,0.7435780633455344,0.7455690345344014
1777804259.5282807,2.5131361,0.07445397,3.3108172,3.1013854,0.19261104,2.5950584,0.2945077,0.067664266,-0.30933523,0.4896091936418387,0.10134855054884656,-0.5972222720690634,0.5882492,0.11815707,-0.7157588,0.0,0.0,0.0,0.0006679993944371482,0.0006284721809675964,0.7445449249983498,0.018155148,-0.00087179686,2.7938426e-05,0.7447622275041942,0.7443108594370405,0.7431311112011395,0.7459755018510256
1777804259.5481775,2.520039,0.07703416,3.3015943,3.1013854,0.19261104,2.5950584,0.29465967,0.06767071,-0.3035449,0.489767656198261,0.10057808870529736,-0.5908235482460711,0.5813463,0.11557688,-0.7065358,0.0,0.0,0.0,0.000641229156168905,0.0002800338565872682,0.7442815596047037,0.017918713,-0.00036079064,5.420878e-05,0.7448063942804053,0.7437241996609673,0.7425319931190826,0.7460636513583601
1777804259.568204,2.5247297,0.07858132,3.2955139,3.1013854,0.19261104,2.5950584,0.29484764,0.06750518,-0.29968587,0.4899143639970763,0.09986112447147055,-0.5847317069440249,0.5766556,0.11402972,-0.7004554,0.0,0.0,0.0,0.0006199007885386658,6.717413721737801e-05,0.7442457382036978,0.015347364,0.00012501603,-0.000135002,0.7448169517453023,0.7437555258638535,0.7424147205206004,0.7459957546850353
1777804259.5883217,2.5295029,0.08012478,3.2894378,3.1013854,0.19261104,2.5950584,0.29502463,0.06726569,-0.29584506,0.49005125671775684,0.09918853784850823,-0.5788860583042433,0.5718825,0.11248626,-0.6943793,0.0,0.0,0.0,0.0006049356470062296,-0.00011296814100415407,0.7441934666157912,0.011429333,0.00035155518,0.00012141488,0.7445512968817412,0.7437627874220288,0.74256951622706,0.7458902659323354
1777804259.6084955,2.5364988,0.08240739,3.2806776,3.1013854,0.19261104,2.5950584,0.295306,0.06689138,-0.29039636,0.4901904897701863,0.09849880006115903,-0.5728079051761096,0.56488657,0.110203646,-0.6856191,0.0,0.0,0.0,0.0005904201727204969,-0.0002614746077946391,0.7439499932069703,0.0034397687,0.00120732,-7.4630516e-06,0.7438018824506054,0.7441025817942876,0.7427240924147577,0.7451714161682312
1777804259.6280112,2.5437098,0.084773004,3.2719233,3.1013854,0.19261104,2.5950584,0.29559568,0.06653736,-0.2849169,0.49033345475293194,0.09778436514696495,-0.5665447021316103,0.5576756,0.107838035,-0.67686486,0.0,0.0,0.0,0.0005918942850477718,-0.0001850246781659455,0.7437166697784042,-0.0061107874,0.0020557283,5.583193e-05,0.7426397293338626,0.7447601110650741,0.7432809051180688,0.744185933596612
1777804259.6481228,2.5484452,0.08630851,3.266287,3.1013854,0.19261104,2.5950584,0.29573032,0.066329844,-0.28139725,0.4904682830532153,0.09710669710605158,-0.5606323452624172,0.55294013,0.10630253,-0.67122865,0.0,0.0,0.0,0.0006140383405640816,2.604808835286309e-06,0.7437112374086348,-0.010910114,0.0024019093,5.3634038e-05,0.7420135421600549,0.7453767522346462,0.7437965504840428,0.7436581047557956
1777804259.6681738,2.5532022,0.08781489,3.2606387,3.1013854,0.19261104,2.5950584,0.29586652,0.06610719,-0.2778855,0.49059574966110864,0.09646228408311855,-0.5549987198378635,0.5481832,0.10479615,-0.6655803,0.0,0.0,0.0,0.0006372230616018511,0.0002376663518287381,0.7436855217438803,-0.013171246,0.0022195147,0.00010826766,0.7415468911550961,0.7457591917361629,0.7441945838593044,0.7432414202249583
1777804259.6881373,2.5603592,0.090020515,3.2521698,3.1013854,0.19261104,2.5950584,0.29599178,0.06582514,-0.2724322,0.490725665604894,0.09580002491072856,-0.5491368008824979,0.5410261,0.10259052,-0.6571114,0.0,0.0,0.0,0.0006631633295726301,0.0005718039030527375,0.7434249197126406,-0.011329772,0.0009948811,0.00012491629,0.7411665053453662,0.745608384306653,0.7441978264368686,0.7427269627616752
1777804259.7083054,2.5648568,0.091396414,3.246821,3.1013854,0.19261104,2.5950584,0.29606372,0.06563606,-0.26899153,0.4908470863626994,0.09517773202575082,-0.5435914383866625,0.5365286,0.101214625,-0.6517625,0.0,0.0,0.0,0.0006682433373292323,0.0007397930834625697,0.7434016941539567,-0.006755769,0.00019082772,-0.00010227166,0.741468611510845,0.745396139793416,0.7439677576873616,0.7427742676242051
1777804259.7280955,2.571964,0.09350335,3.238611,3.1013854,0.19261104,2.5950584,0.2961402,0.065389626,-0.2636557,0.49097004370106045,0.0945425209324903,-0.537841557386576,0.5294213,0.09910769,-0.64355254,0.0,0.0,0.0,0.0006630174090508005,0.0007980149083548206,0.7431477922454022,0.0032267387,2.7691916e-05,0.00014986398,0.7418977244744185,0.7443079416308925,0.7430673944916714,0.7433181083846269
1777804259.748339,2.578813,0.09598339,3.2306356,3.1013854,0.19261104,2.5950584,0.2960847,0.06535279,-0.25854507,0.49110893476973205,0.09381652837366634,-0.5319655982041828,0.5225723,0.096627645,-0.6355772,0.0,0.0,0.0,0.0006685397503894156,0.0006473398256364525,0.7429327996424179,0.013690503,-0.0009760592,-0.000102448364,0.742820979575137,0.7431060887283902,0.7418637096774567,0.743940420588688
1777804259.768215,2.58325,0.09748822,3.2254467,3.1013854,0.19261104,2.5950584,0.29600108,0.06521318,-0.25518385,0.4912431861477711,0.09311009667611737,-0.5264346001453775,0.5181353,0.09512282,-0.63038826,0.0,0.0,0.0,0.0006822077680064982,0.0004395180163359123,0.7429188018886292,0.018043531,-0.00082588656,-1.8298291e-05,0.7433121190045687,0.7425364637474403,0.7412932110857028,0.7445334137168057
1777804259.788388,2.5899866,0.09971523,3.2177415,3.1013854,0.19261104,2.5950584,0.29590833,0.06491354,-0.25020206,0.49138425195357155,0.0923606090529491,-0.5207769678360286,0.5113988,0.092895806,-0.62268305,0.0,0.0,0.0,0.0007022373369836056,-9.462023714164325e-07,0.7427038632073073,0.019952226,-0.0003867725,-9.955998e-06,0.7436326787868413,0.7417810212268089,0.7404324565542347,0.7449692962613449
1777804259.8084242,2.5944939,0.10116951,3.2126772,3.1013854,0.19261104,2.5950584,0.29584724,0.064631894,-0.24691257,0.49151872320287193,0.09164155932535566,-0.515440582142358,0.5068915,0.09144153,-0.6176188,0.0,0.0,0.0,0.0007252702530614447,-0.0002593109967692633,0.7426843103111698,0.016259149,9.629404e-05,-9.1323986e-05,0.7435387766247427,0.7418846383889224,0.7403638964451708,0.7449499297858438
1777804259.8280544,2.6015122,0.10263236,3.205171,3.1013854,0.19261104,2.5950584,0.2958834,0.063779056,-0.2421382,0.4916330593690298,0.09102879841939479,-0.5099704924472849,0.49987316,0.08997868,-0.61011267,0.0,0.0,0.0,0.0007384135062865212,-0.0006195507647354592,0.7424819923075401,0.0070552714,-0.000293521,0.00013972181,0.7429091164154539,0.7419710351107601,0.7406250045481451,0.7444228131558018
1777804259.8481054,2.6086636,0.10375725,3.197793,3.1013854,0.19261104,2.5950584,0.29599264,0.06265601,-0.23743919,0.49171887182116686,0.09057000432265497,-0.504413924475406,0.4927218,0.08885379,-0.60273457,0.0,0.0,0.0,0.0007139579086612453,-0.0007990819787822849,0.7422960774963621,-0.0037634443,-0.0011504275,0.0001005572,0.7421419930669308,0.7423898276072424,0.7412063145088835,0.7434461748023922
1777804259.868002,2.613366,0.10449354,3.1930175,3.1013854,0.19261104,2.5950584,0.29611498,0.06192779,-0.23434456,0.49178358191585686,0.09022477987490254,-0.49920458623559827,0.48801947,0.088117495,-0.59795904,0.0,0.0,0.0,0.0006818111254159034,-0.0007810738848100494,0.7422921377699981,-0.009566104,-0.0016052515,0.00012767446,0.7417162299849732,0.7427914408797537,0.7417612635369508,0.7428996166783154
1777804259.888013,2.6205518,0.105330095,3.1858442,3.1013854,0.19261104,2.5950584,0.29622245,0.06075595,-0.22976497,0.4918188037422192,0.0900399369842383,-0.4938893876774435,0.48083353,0.087280944,-0.59078574,0.0,0.0,0.0,0.0006372604771378429,-0.0006415390634325357,0.7421032916826383,-0.016798774,-0.0013356634,-0.00014815958,0.7409149693110578,0.7433805098038682,0.7422307992394181,0.7418868883762098
1777804259.9082167,2.625333,0.10579814,3.1811466,3.1013854,0.19261104,2.5950584,0.29631737,0.06004652,-0.2268236,0.49183243766998386,0.08997205210499548,-0.4888856190286736,0.47605228,0.0868129,-0.5860882,0.0,0.0,0.0,0.0006040836252861823,-0.0004802131235788875,0.7421035551070722,-0.018890744,-0.0014407196,9.3487615e-05,0.7405556363615753,0.7435953812834295,0.742673821735586,0.7415893810476983
1777804259.928131,2.6325183,0.10653866,3.1741998,3.1013854,0.19261104,2.5950584,0.29647082,0.059052218,-0.22235815,0.49182217324237143,0.09003340850490398,-0.4837711157673725,0.46886706,0.08607238,-0.5791414,0.0,0.0,0.0,0.0005604277978242262,-0.0002404735935637235,0.7419142004282914,-0.017211983,-0.00082483306,7.28099e-05,0.7402614312610779,0.7435232836575053,0.7425780872888096,0.7412939995057732
1777804259.948158,2.6373744,0.107074864,3.1696048,3.1013854,0.19261104,2.5950584,0.29663318,0.058500648,-0.21944496,0.4918005625761359,0.09015532603039794,-0.4789443065543277,0.46401095,0.085536174,-0.57454634,0.0,0.0,0.0,0.0005278654735548114,-0.0001184485145993905,0.7419045963371559,-0.013890822,-0.00013216035,-0.000105376166,0.7404260992624965,0.7434463191115197,0.7423485081204791,0.7413974588541288
1777804259.9679763,2.6444466,0.10880305,3.1629074,3.1013854,0.19261104,2.5950584,0.2968384,0.058295432,-0.21523626,0.49179952226931334,0.09016448126375241,-0.47401127257500514,0.45693874,0.08380799,-0.5678489,0.0,0.0,0.0,0.0005014255963644238,6.969126002641108e-05,0.7417347382586587,-0.0069275484,0.0006265193,6.0963954e-05,0.7405410067949941,0.7428918913500853,0.741825375438011,0.7416806794515448
1777804259.9884562,2.6492293,0.10994849,3.1584668,3.1013854,0.19261104,2.5950584,0.2969481,0.058137342,-0.21242927,0.49180902546925925,0.09011534346055639,-0.4693543580258244,0.45215607,0.082662545,-0.5634084,0.0,0.0,0.0,0.0005013765491573665,0.00010410235655297531,0.7417259482199055,-0.0022723738,0.0013424676,0.0001193332,0.7407954820441983,0.7425848144761465,0.7414388664789858,0.7420846298802917
1777804260.0084496,2.6540399,0.11108445,3.1540632,3.1013854,0.19261104,2.5950584,0.29703912,0.05801889,-0.2096591,0.491826587965358,0.09002144728431426,-0.4649242518015189,0.4473455,0.08152659,-0.5590048,0.0,0.0,0.0,0.0005210073985037051,7.712422145146104e-05,0.7417046040109152,0.0023862317,0.0025732482,-6.675438e-05,0.7411115373800504,0.7423377232692255,0.7408439361276872,0.7425252192666983
1777804260.0281286,2.6587913,0.11219412,3.1497476,3.1013854,0.19261104,2.5950584,0.29713136,0.057876248,-0.2068831,0.49185018662632995,0.08989388570649881,-0.4606896684700238,0.44259405,0.08041692,-0.55468917,0.0,0.0,0.0,0.0005625592251150035,2.590731441780747e-06,0.7416675539789124,0.004052779,0.0035321135,-5.1071882e-05,0.7411593788400627,0.7422063722469006,0.7404854725063496,0.7428189923223373
1777804260.0482364,2.6660028,0.11380712,3.143409,3.1013854,0.19261104,2.5950584,0.2973266,0.0576373,-0.20271343,0.4918810639701009,0.08972559929262366,-0.4562878263897886,0.4353826,0.07880392,-0.5483506,0.0,0.0,0.0,0.000638403582503179,-0.00013054358989511973,0.7414621556228455,0.0040752995,0.005020658,4.7266425e-05,0.7408644870197361,0.7420314643708946,0.7399797117777596,0.7429729593229921
1777804260.068133,2.6707973,0.11486457,3.139241,3.1013854,0.19261104,2.5950584,0.297414,0.05744131,-0.19999681,0.491913359476862,0.08954900402125332,-0.45209946734962386,0.430588,0.077746466,-0.54418254,0.0,0.0,0.0,0.0007095616032333433,-0.00020725773541203191,0.7414292899238517,0.0031592187,0.0050660837,2.6601061e-05,0.740766456534212,0.7420761626768256,0.7398624267079577,0.7430121137764121
1777804260.0884485,2.6768925,0.11616199,3.1342776,3.1013854,0.19261104,2.5950584,0.29753292,0.0571529,-0.19644359,0.4919471590628129,0.08936352052924326,-0.4479546364407343,0.42449284,0.07644905,-0.53921914,0.0,0.0,0.0,0.0007809934055842515,-0.000269669418480477,0.7412843623394281,8.01088e-05,0.0036857028,0.00016625598,0.7404347140381076,0.7420342570523099,0.7399823113811618,0.7426861668861336
1777804260.1086993,2.6839705,0.11784893,3.1282175,3.1013854,0.19261104,2.5950584,0.29759732,0.056853585,-0.19223765,0.4919911085692964,0.08912096435735457,-0.44366915196264606,0.4174149,0.074762106,-0.533159,0.0,0.0,0.0,0.0008171954633176301,-0.0002271775040611555,0.7410653551373362,-0.005154547,0.00040825055,2.9576608e-05,0.7400214404067195,0.742091523903374,0.7404095588537208,0.7417388973855311
1777804260.1281817,2.688559,0.11913695,3.12421,3.1013854,0.19261104,2.5950584,0.2975373,0.056759667,-0.18949963,0.49204550259335217,0.0888191914749927,-0.43959955191679656,0.4128263,0.07347409,-0.52915144,0.0,0.0,0.0,0.0008206399165705729,-9.246266640739202e-05,0.7410206279987439,-0.007990451,-0.0020483036,9.414372e-05,0.7397888358739653,0.7421959338930618,0.7409388688673394,0.7411588733606096
1777804260.1482081,2.6930995,0.120241515,3.1202972,3.1013854,0.19261104,2.5950584,0.29751313,0.05661446,-0.18685625,0.49210132021127845,0.0885084663782745,-0.43571784191185525,0.40828586,0.07236952,-0.52523875,0.0,0.0,0.0,0.0007833811161771522,6.386962772180816e-05,0.7409738376107373,-0.009389607,-0.0040978543,1.5641519e-05,0.7396985541725115,0.7422397361375714,0.7413380154970735,0.7406190446357934
1777804260.1681588,2.7000458,0.12167363,3.114425,3.1013854,0.19261104,2.5950584,0.29741144,0.056270607,-0.18284132,0.4921544262442486,0.0882120997670674,-0.43167291397137875,0.40133953,0.07093741,-0.5193665,0.0,0.0,0.0,0.000702152281332472,0.00026254511812415416,0.7407612631123763,-0.00883352,-0.0045738616,-2.9756047e-05,0.7394647198461701,0.7420756600069602,0.7413853196723486,0.740119352924027
1777804260.188296,2.7045856,0.12258855,3.1105893,3.1013854,0.19261104,2.5950584,0.2973369,0.0560649,-0.18014261,0.49220169136313574,0.08794792659786413,-0.4278232631229038,0.3967998,0.070022486,-0.5155308,0.0,0.0,0.0,0.0006479048425584461,0.0003806386150957151,0.740704829743706,-0.0072161644,-0.004810195,-8.7789675e-05,0.7395101456343426,0.7419521876578171,0.7413733353600406,0.7399836503226244
1777804260.208198,2.7112324,0.12391876,3.1050322,3.1013854,0.19261104,2.5950584,0.29723364,0.055766076,-0.1763164,0.4922462864668209,0.08769809240267333,-0.423854412805452,0.39015293,0.06869228,-0.50997376,0.0,0.0,0.0,0.0005882945732672072,0.00047595219311165007,0.7405109677284216,-0.0032255228,-0.002863098,9.9480865e-05,0.7393878827122178,0.7415743642255205,0.7409155592678374,0.7401660647081114
1777804260.228364,2.715904,0.124843635,3.1012506,3.1013854,0.19261104,2.5950584,0.29717544,0.05562124,-0.17369422,0.49228642097719816,0.08747285283935592,-0.42007428341818975,0.38548136,0.067767404,-0.5061922,0.0,0.0,0.0,0.0005753652776720258,0.0004961797031561601,0.7404591664719646,-3.8043407e-05,-0.001112326,0.0001586115,0.7394259806537082,0.7413971853927028,0.7405195939026072,0.7404939059388409
1777804260.2483165,2.722531,0.12652715,3.09612,3.1013854,0.19261104,2.5950584,0.29710063,0.05555389,-0.16995504,0.49234142869002273,0.08716187071667136,-0.4162292952037901,0.37885427,0.06608389,-0.5010617,0.0,0.0,0.0,0.0006088227977785348,0.00044689500445765565,0.7402671468861162,0.005285221,0.0014272681,0.00023608269,0.7394492405172054,0.7409434036403559,0.7396390447564708,0.7410368986304331
1777804260.2681365,2.7270608,0.12810908,3.092652,3.1013854,0.19261104,2.5950584,0.2970256,0.055724386,-0.16750453,0.4924205062332682,0.08671074364078857,-0.4125984187680126,0.37432456,0.064501956,-0.49759364,0.0,0.0,0.0,0.0006814174101312511,0.0004285357174116076,0.740226245013356,0.007338679,0.0039001307,0.00034251634,0.7392886208371154,0.7409583593826127,0.7391770134501301,0.7414809863835663
1777804260.2881188,2.7339616,0.13041323,3.0873961,3.1013854,0.19261104,2.5950584,0.29695073,0.055894762,-0.16377321,0.492533412976498,0.08605917843971903,-0.40885276760718353,0.36742377,0.062197804,-0.4923377,0.0,0.0,0.0,0.0008391440524578957,0.0003455620658878887,0.7400276516038731,0.007976239,0.0059984196,1.1267155e-05,0.7389977908604541,0.7410507520542556,0.7384194771067369,0.7416425863940462
1777804260.3084292,2.7408998,0.13254346,3.0822375,3.1013854,0.19261104,2.5950584,0.29696634,0.055975333,-0.1602644,0.4926664450990634,0.08528364243343874,-0.405030860631157,0.36048555,0.06006758,-0.48717904,0.0,0.0,0.0,0.000990702498097329,0.0002704180600518225,0.7398638092757236,0.007160239,0.004930749,0.00031993815,0.7386850664618304,0.7408505892018503,0.7382722272422382,0.7416473541969761
1777804260.3282208,2.745764,0.1338579,3.0788164,3.1013854,0.19261104,2.5950584,0.29707858,0.055952143,-0.15796714,0.4927954371156277,0.0845271675168308,-0.4014259641396912,0.35562134,0.058753133,-0.48375797,0.0,0.0,0.0,0.0010480642172832932,0.00024418488594397274,0.7398408383706119,0.0065190583,0.0032940316,1.2315591e-05,0.738802896722127,0.7408713906642272,0.7382556065283061,0.7414334595677876
1777804260.3486443,2.7505994,0.13505694,3.0754704,3.1013854,0.19261104,2.5950584,0.29717168,0.055867217,-0.1557372,0.49291667305485265,0.08381239550342819,-0.3980066923322608,0.35078597,0.057554096,-0.480412,0.0,0.0,0.0,0.001078021329569036,0.00021909318223239775,0.7398124281296312,0.0053270017,0.0014216375,0.0003368506,0.7387266875777301,0.7406960583300027,0.7385146640249746,0.741312302585818
1777804260.368233,2.7604787,0.13726708,3.0687652,3.1013854,0.19261104,2.5950584,0.29739645,0.055545773,-0.15125822,0.49304076999867646,0.08307442100469796,-0.39419842942733213,0.34090662,0.055343956,-0.47370672,0.0,0.0,0.0,0.001014035762272777,0.00010920994207224886,0.7395214478659561,0.0036059225,-0.003203298,6.815995e-05,0.7389224918103576,0.7400795079524126,0.7386048600714455,0.7404789316296092
1777804260.3879874,2.7657244,0.13880207,3.0654404,3.1013854,0.19261104,2.5950584,0.29763106,0.05556672,-0.14898127,0.49317164397593094,0.08228814478019499,-0.39061985956969775,0.33566093,0.053808972,-0.47038198,0.0,0.0,0.0,0.0009041084819920988,0.00015332350419219334,0.7394991055318226,0.0026042985,-0.0054344,0.00031793845,0.7389893878873025,0.7398180601056284,0.7390701102021742,0.7401188639321861
1777804260.4080482,2.773305,0.14100122,3.060669,3.1013854,0.19261104,2.5950584,0.2980157,0.05558122,-0.14584586,0.4933222148923536,0.0813702141269018,-0.3869935683198207,0.32808042,0.051609814,-0.4656105,0.0,0.0,0.0,0.0006916449951925444,0.00022930598450678552,0.7393688374688848,0.0009844834,-0.0064785453,0.00029126392,0.7389575496063031,0.7396053669809892,0.7394334025820348,0.7394790307062127
1777804260.4282262,2.778472,0.14245552,3.057475,3.1013854,0.19261104,2.5950584,0.2983061,0.055549845,-0.14372829,0.49347261699902695,0.08044427941433349,-0.38358151847421595,0.3229134,0.05015552,-0.46241665,0.0,0.0,0.0,0.0005417197905412234,0.0003194725317053847,0.7393544777724269,0.00020982503,-0.0063500875,-7.974377e-05,0.7390420015800313,0.7397148002255353,0.7395995283785529,0.7390615809055887
1777804260.4486694,2.783468,0.14385898,3.0544238,3.1013854,0.19261104,2.5950584,0.29858813,0.055522673,-0.14166242,0.4936223416556333,0.07951301135771878,-0.3803636736416775,0.31791735,0.048752055,-0.45936537,0.0,0.0,0.0,0.00041278466754653175,0.00041549537310399225,0.7393319903608495,0.00031904562,-0.0048346375,0.000123441,0.7388789726703334,0.7397109434507343,0.7397329807181159,0.7390050646042151
1777804260.4682536,2.7886245,0.14570159,3.051342,3.1013854,0.19261104,2.5950584,0.29887936,0.055697232,-0.13956775,0.4937914084616832,0.07844296235365397,-0.377296310007092,0.31276083,0.04690945,-0.45628357,0.0,0.0,0.0,0.00031020645964623204,0.0005560403724123137,0.7392942553221271,0.0011983174,-0.002380487,4.3392283e-05,0.7387012951597577,0.7398611801145399,0.7396476804921497,0.7389668655220617
1777804260.4881582,2.7963152,0.14837971,3.0468063,3.1013854,0.19261104,2.5950584,0.2993231,0.055937953,-0.13644063,0.49399802654771263,0.07710303178248984,-0.37411671109161115,0.30507016,0.044231325,-0.4517479,0.0,0.0,0.0,0.00024233823530877175,0.0006954254521053934,0.7391309147526659,0.0035762005,0.002443444,9.845612e-05,0.7382542347471908,0.7399485210865582,0.7391319672501164,0.7391889359267988
1777804260.508189,2.8013737,0.15010315,3.043857,3.1013854,0.19261104,2.5950584,0.29960933,0.0560646,-0.13437715,0.4942091927511554,0.07571101038311467,-0.3711011539074687,0.30001163,0.042507887,-0.44879866,0.0,0.0,0.0,0.0002714196285411054,0.0008018020965276109,0.7390932723654025,0.005371157,0.005819833,-9.2885835e-05,0.7380120223248365,0.7402302539071651,0.7387005098839057,0.7394303033457029
1777804260.5283163,2.8094778,0.15254775,3.039471,3.1013854,0.19261104,2.5950584,0.30020428,0.05611689,-0.131256,0.4944382846818814,0.07416594802264012,-0.3679869183041976,0.29190755,0.04006329,-0.44441247,0.0,0.0,0.0,0.0003850706060789387,0.0008177329788215837,0.7389257092789232,0.0076429937,0.010516864,-0.00023613776,0.7375638373771606,0.7404292638340237,0.7378347416889086,0.7398749942156004
1777804260.5483737,2.8149111,0.1542458,3.0366397,3.1013854,0.19261104,2.5950584,0.3005848,0.05619679,-0.12922606,0.4946654153240879,0.07260642372706444,-0.36504253452128776,0.28647423,0.038365245,-0.44158125,0.0,0.0,0.0,0.0005012748266631829,0.0008751588594837899,0.7388869847733169,0.008243461,0.011591552,-0.00034103624,0.7373450147044681,0.7406335765865072,0.7375717568967746,0.7399975909055184
1777804260.5682197,2.820429,0.15607652,3.0338025,3.1013854,0.19261104,2.5950584,0.30097765,0.056306224,-0.12723012,0.49489707449063935,0.07098015684397149,-0.3622330785203506,0.28095627,0.036534518,-0.43874407,0.0,0.0,0.0,0.0006202822475577662,0.0009453033949503604,0.7388423643405608,0.008375539,0.011258674,-0.00011473779,0.7370805492827467,0.7406730220733291,0.7375622270865917,0.7400536589195763
1777804260.5881639,2.8286378,0.15874319,3.0296392,3.1013854,0.19261104,2.5950584,0.30151215,0.056411,-0.12423719,0.4951551552532934,0.06910673311162892,-0.3593193912830773,0.27274752,0.03386785,-0.4345808,0.0,0.0,0.0,0.0007546830540725337,0.0009844165873507597,0.7386761335033127,0.008284994,0.00798328,-5.8433798e-06,0.7369629240002384,0.740392849034247,0.7376026520429143,0.7397461089358518
1777804260.608093,2.8341312,0.16038585,3.0269055,3.1013854,0.19261104,2.5950584,0.30188495,0.056390017,-0.12226152,0.4954046246146221,0.0672565144762111,-0.35655104830478224,0.2672541,0.03222519,-0.4318471,0.0,0.0,0.0,0.0007894552472814975,0.0010507188090326223,0.7386310037786636,0.008609956,0.0047756075,7.9799414e-05,0.737073637789044,0.740140490119655,0.7378453620748763,0.73946452513108
1777804260.6283982,2.8424156,0.16280581,3.0228562,3.1013854,0.19261104,2.5950584,0.30237156,0.056324434,-0.11933748,0.4956675181178299,0.06523884350774387,-0.3536884857385524,0.25896978,0.029805228,-0.4277978,0.0,0.0,0.0,0.0007361449275172017,0.0010457008015426128,0.7384698181253115,0.009454705,-0.00085145934,1.4084886e-05,0.7375082400629644,0.7394229452560213,0.7380953398263098,0.7388527473559512
1777804260.6485286,2.8478303,0.1643606,3.020228,3.1013854,0.19261104,2.5950584,0.3026534,0.05625326,-0.11746274,0.4959186442206739,0.06326425062392313,-0.35097790345900604,0.25355506,0.028250441,-0.42516947,0.0,0.0,0.0,0.0006420291455585749,0.0010984120973509255,0.7384333907074206,0.009613522,-0.004215669,0.0001766778,0.7377462814215928,0.7390144933129584,0.7385109487240352,0.7384618393710967
1777804260.6681447,2.8561366,0.16673544,3.0163114,3.1013854,0.19261104,2.5950584,0.30316132,0.056141578,-0.11471257,0.49618252337061874,0.06110387359479395,-0.3481827973155447,0.2452488,0.025875598,-0.42125297,0.0,0.0,0.0,0.000399643557395829,0.0010980780409489866,0.7382896467904473,0.008843186,-0.0073036035,8.463216e-05,0.7380582787246575,0.7384702355580558,0.7388903042949093,0.7377397685841672
1777804260.6881962,2.861829,0.16839752,3.0137522,3.1013854,0.19261104,2.5950584,0.30361345,0.056077406,-0.11287018,0.4964386639601669,0.05893947086270117,-0.34553724279628345,0.23955631,0.024213523,-0.41869378,0.0,0.0,0.0,0.00019836910940380752,0.0011726702033801484,0.7382524510295854,0.009445285,-0.007191404,0.00024486758,0.7381388865781414,0.7382190949327423,0.7391199018652547,0.7375319207422036
1777804260.7082558,2.870292,0.17081396,3.0099778,3.1013854,0.19261104,2.5950584,0.30426735,0.05596039,-0.110270806,0.49670862298064883,0.05654200684257717,-0.34281689445675334,0.2310934,0.021797076,-0.41491938,0.0,0.0,0.0,-6.422468099720902e-05,0.0011637018571157161,0.7381225899009979,0.011203801,-0.0043880153,-8.969859e-06,0.7382731490033856,0.7379774127138622,0.7388025626008616,0.7374372352858828
1777804260.7283635,2.8787112,0.17315459,3.0062742,3.1013854,0.19261104,2.5950584,0.30495027,0.055765413,-0.10783575,0.4969868949322181,0.053938033848829045,-0.34004804071188705,0.22267413,0.019456446,-0.41121578,0.0,0.0,0.0,-0.00021592795059121846,0.0011203973072917359,0.7380177926196959,0.012499083,0.0017826223,-0.000107201224,0.7380028004724157,0.7380971055012119,0.7381794210993993,0.7377918434057574
1777804260.7486413,2.8843648,0.17543,3.0038493,3.1013854,0.19261104,2.5950584,0.30542177,0.05595131,-0.10621479,0.49727714588390015,0.05104247841821272,-0.33744496485710734,0.21702051,0.017181039,-0.40879083,0.0,0.0,0.0,-0.00021806352331877905,0.0012692763564854936,0.7380061296853445,0.011804777,0.007378883,-6.340881e-05,0.7373280110143825,0.7387222936401785,0.7379397540918755,0.7380344599949421
1777804260.7680717,2.8900921,0.177818,3.0014522,3.1013854,0.19261104,2.5950584,0.3059067,0.056105826,-0.104656346,0.4975770575217106,0.04781804299224344,-0.3349789745101976,0.21129322,0.014793038,-0.40639377,0.0,0.0,0.0,-0.00013551572416369137,0.001466677164298684,0.7379921112138192,0.010941028,0.012511485,0.00016185647,0.7364867562249466,0.7394003523200341,0.7377666600100184,0.7383146763002785
1777804260.7880044,2.9014738,0.1823869,2.9967468,3.1013854,0.19261104,2.5950584,0.3067408,0.056264326,-0.1015314,0.49793062308722325,0.04336206108525536,-0.33225331358032606,0.1999116,0.010224134,-0.40168834,0.0,0.0,0.0,0.00023675885448285654,0.001649705269599398,0.7377943478654427,0.010425108,0.018747644,5.2992487e-05,0.7352261830395346,0.7403307171989545,0.736889371862554,0.7387311193607285
1777804260.808033,2.9071863,0.1845243,2.9944806,3.1013854,0.19261104,2.5950584,0.30715716,0.056226317,-0.09997989,0.4954435463690248,0.038732998864413434,-0.32971019786133116,0.19419909,0.008086741,-0.39942217,0.0,0.0,0.0,0.00016946853431899604,0.0019516437908035193,0.7377871269620053,0.010927543,0.018831993,-5.5714074e-05,0.735050372900806,0.7405573094674982,0.7371718251510654,0.7383690003286523
1777804260.827989,2.9160058,0.18756522,2.991084,3.1013854,0.19261104,2.5950584,0.30776083,0.056077797,-0.09762164,0.4890440889949391,0.03350929364537091,-0.3271322635136743,0.1853795,0.0050458163,-0.39602566,0.0,0.0,0.0,-0.0002489187928624518,0.0021574350928730886,0.7376777159213572,0.0132883,0.014579614,-3.971788e-05,0.7356778098544517,0.7397014527168674,0.7378427213830981,0.7374888797310122
1777804260.8481283,2.9218137,0.18952122,2.9888725,3.1013854,0.19261104,2.5950584,0.30810156,0.055895157,-0.09605018,0.48102058480221355,0.02835233403722359,-0.3247160647171895,0.17957163,0.0030898154,-0.3938141,0.0,0.0,0.0,-0.0009840217393595058,0.0023863898211667423,0.7376581989961012,0.015676472,0.01104407,-0.00029006126,0.7367134414691702,0.7387769932789566,0.738803948781811,0.7363384124544676
1777804260.8679986,2.930539,0.19227679,2.9856164,3.1013854,0.19261104,2.5950584,0.30865008,0.055496894,-0.09372664,0.4702392042480972,0.022848990236901297,-0.3222621324744352,0.17084646,0.00033424795,-0.390558,0.0,0.0,0.0,-0.002034391470516753,0.0023801692353721234,0.7375438196025483,0.021694215,0.007814087,-0.00010619765,0.7383403113762332,0.7368110464193989,0.73956585685411,0.7354580637604516
1777804260.8883784,2.936492,0.19397004,2.9834707,3.1013854,0.19261104,2.5950584,0.30905613,0.05513203,-0.09215167,0.45863755709354614,0.017599695886320314,-0.3199556639263255,0.16489339,-0.0013590008,-0.38841224,0.0,0.0,0.0,-0.003205176770929307,0.002405376409164356,0.7375154566823371,0.025763394,0.010175543,-6.670557e-05,0.739582296828099,0.7354886398797464,0.7402308832134855,0.734760006808018
1777804260.9080005,2.9452486,0.19640864,2.9803367,3.1013854,0.19261104,2.5950584,0.30954963,0.05445526,-0.089760974,0.4449779205832842,0.012180965999381893,-0.3176090471322714,0.15613675,-0.0037976056,-0.38527822,0.0,0.0,0.0,-0.0043292229130521085,0.0021017148884417483,0.7373841445139229,0.029165225,0.024480797,-0.00028721467,0.7400725711605076,0.7348680466707929,0.7394372361173771,0.7351587241070144
1777804260.9279428,2.9523826,0.19821465,2.977913,3.1013854,0.19261104,2.5950584,0.3097536,0.053610932,-0.087733775,0.43048323101313624,0.006942986063851639,-0.31534395157300465,0.14900279,-0.0056036115,-0.38285446,0.0,0.0,0.0,-0.005209218519671432,0.0018216616855384372,0.7372938429528519,0.029237382,0.04161415,2.2930937e-05,0.7396843791736987,0.7348895481697322,0.7386634799688195,0.7359379644991579
1777804260.9484305,2.9581082,0.20017245,2.9758916,3.1013854,0.19261104,2.5950584,0.3098246,0.053065322,-0.0861755,0.41602466826845574,0.0017737075837005972,-0.31320846509141154,0.14327717,-0.0075614154,-0.38083315,0.0,0.0,0.0,-0.0059420025722265665,0.001719591940043546,0.737254578531941,0.028180767,0.056463916,-0.00036938902,0.7393251539490783,0.73540563652535,0.7380337817225059,0.7362537419308304
1777804260.9682128,2.9666045,0.20361812,2.972896,3.1013854,0.19261104,2.5950584,0.3095771,0.052330974,-0.08391647,0.4002096758302798,-0.004084536048646784,-0.3110207973416839,0.13478088,-0.011007085,-0.37783766,0.0,0.0,0.0,-0.00592637501939428,0.0015067744998026097,0.7371282264225998,0.023570416,0.07630228,-0.0001642248,0.7373785450994218,0.7369764426229564,0.7365222925826161,0.7376356253854054
1777804260.9884632,2.969574,0.2047552,2.9718742,3.1013854,0.19261104,2.5950584,0.3093883,0.052003946,-0.08316918,0.38607293613884847,-0.009339664643308335,-0.30910716521709714,0.13181138,-0.012144163,-0.3768158,0.0,0.0,0.0,-0.006693514100138458,0.0017261593799573084,0.7371774033053984,0.021707648,0.08247559,-7.5159725e-05,0.7373058707980544,0.7370940316479719,0.7372398699769168,0.7370698407986508
1777804261.0081894,2.9779062,0.20795105,2.968978,3.1013854,0.19261104,2.5950584,0.30850184,0.050998706,-0.0810863,0.3705974181344827,-0.015141678265969606,-0.3071128500935996,0.12347913,-0.015340015,-0.3739195,0.0,0.0,0.0,-0.0060068479973158645,0.0016537448451142012,0.7370591634712638,0.015395818,0.09498664,2.2099179e-05,0.7350383711387436,0.7390666962965332,0.7358957894117121,0.7382357970380667
1777804261.028222,2.983522,0.20983323,2.9670315,3.1013854,0.19261104,2.5950584,0.30750045,0.050084975,-0.07956441,0.3554091421644465,-0.020724368274005773,-0.305205966110036,0.11786342,-0.017222196,-0.37197304,0.0,0.0,0.0,-0.0057928643759226,0.0017726471259297792,0.7370071501796729,0.0128476005,0.09974257,-7.719589e-05,0.7340989287139702,0.739961689177917,0.7355422893525276,0.7384256934742772
1777804261.0484402,2.9889493,0.21144196,2.9651122,3.1013854,0.19261104,2.5950584,0.30615854,0.049014524,-0.07807181,0.3405448470815481,-0.02599487453086577,-0.30337337579330226,0.112436056,-0.018830925,-0.37005377,0.0,0.0,0.0,-0.005435388542407464,0.0018681767304784703,0.7369532645439818,0.011222364,0.10161495,-8.1312915e-05,0.7333134632140225,0.7406418536231965,0.7352054506247715,0.7386522907139372
1777804261.0682516,2.9990351,0.2143903,2.9615233,3.1013854,0.19261104,2.5950584,0.30290875,0.046951175,-0.07540463,0.3236105063998271,-0.031685422355996785,-0.3013330771605207,0.102350235,-0.021779254,-0.36646485,0.0,0.0,0.0,-0.0035782289714721832,0.0016948283990092152,0.7367625987449247,0.012304485,0.09345801,-2.7098053e-05,0.732161846581012,0.7413796097404383,0.7335665269723566,0.7399424116858924
1777804261.0885546,3.0016696,0.21517344,2.9607244,3.1013854,0.19261104,2.5950584,0.30189842,0.04639128,-0.07468429,0.30874577120491414,-0.03662942736948905,-0.29957300774892437,0.09971571,-0.0225624,-0.3656659,0.0,0.0,0.0,-0.0042262731334976565,0.0019198849845792586,0.7368035387839137,0.013887294,0.08918157,-2.8795825e-05,0.7330950233952517,0.7405293316673464,0.734695548887752,0.7388942511853052
1777804261.1081004,3.00934,0.21617286,2.958171,3.1013854,0.19261104,2.5950584,0.29841676,0.04400715,-0.0726893,0.29301878476578835,-0.04108432840987347,-0.2977563981424989,0.09204531,-0.02356182,-0.36311245,0.0,0.0,0.0,-0.003281560751159259,0.001500986930371928,0.7366831357006146,0.018327428,0.07174163,-0.00020270006,0.7342513831320132,0.7392365083047128,0.7341993484727826,0.7390453028929503
1777804261.1281154,3.0168402,0.21710488,2.955598,3.1013854,0.19261104,2.5950584,0.2945196,0.041527566,-0.070939384,0.2766871157442637,-0.045114245805615606,-0.2958914664754249,0.084545135,-0.024493843,-0.36053967,0.0,0.0,0.0,-0.0027874309994754716,0.0009195379113900864,0.7365982787661278,0.021567734,0.053380594,-0.0001353224,0.7359617398003836,0.737316011176074,0.734268784745624,0.7388465793424303
1777804261.1483424,3.0216148,0.21767263,2.9539359,3.1013854,0.19261104,2.5950584,0.29183263,0.039859343,-0.06988877,0.2612345012549645,-0.04862204386271987,-0.29413356044840633,0.079770565,-0.025061592,-0.35887742,0.0,0.0,0.0,-0.0031758831218636797,0.0005750903390670456,0.7365961276974884,0.021602888,0.04291675,-0.00013165957,0.7375313094713456,0.7357399416677461,0.7351460323797226,0.7379672272711397
1777804261.1681328,3.0285883,0.21850292,2.951399,3.1013854,0.19261104,2.5950584,0.28734893,0.03712702,-0.0681531,0.2453856601336866,-0.051843410777870455,-0.292321351837729,0.07279706,-0.025891885,-0.35634065,0.0,0.0,0.0,-0.003102415846754327,-8.735319671197318e-05,0.7365090912011165,0.016033333,0.034315754,0.00010586757,0.7382045062989824,0.7347501555613697,0.7355279872002549,0.7375537157438595
1777804261.1880322,3.0352428,0.21926317,2.9489527,3.1013854,0.19261104,2.5950584,0.2827231,0.034283508,-0.06646754,0.2293793427164769,-0.054800606109955824,-0.29048015886276135,0.06614256,-0.026652128,-0.35389423,0.0,0.0,0.0,-0.003110319147215237,-0.0005951288082303059,0.7364307841965964,0.006579287,0.034499604,0.00011182914,0.7378690580203388,0.7349254128887192,0.7356932119864906,0.7372354538908374
1777804261.2081368,3.0395205,0.21971622,2.9473426,3.1013854,0.19261104,2.5950584,0.2796025,0.03241125,-0.065457225,0.21443544465028572,-0.05739287641704791,-0.28874959797643956,0.061864853,-0.027105182,-0.3522842,0.0,0.0,0.0,-0.0035376353530471374,-0.0007561369831050879,0.7364317801423217,-0.00071617146,0.03649028,0.00011203537,0.7377154257361719,0.7350809133264912,0.7363849604255785,0.7365458210810457
1777804261.2280202,3.0458658,0.22037458,2.944905,3.1013854,0.19261104,2.5950584,0.27446607,0.029517623,-0.06386309,0.199307699105925,-0.059795850372796965,-0.28697513461894464,0.05551958,-0.027763546,-0.3498466,0.0,0.0,0.0,-0.0032143718862559165,-0.0008938617538976294,0.7363602536801391,-0.0111907525,0.041738313,0.0001150859,0.7361996363343194,0.7364518194844537,0.7362714847678385,0.7365180741339454
1777804261.2480757,3.049649,0.22077817,2.943346,3.1013854,0.19261104,2.5950584,0.27084863,0.027642636,-0.0628103,0.18531389860454134,-0.061920006161122094,-0.28530612087874946,0.051736355,-0.028167129,-0.34828758,0.0,0.0,0.0,-0.003290393245036924,-0.0008247955024827201,0.7363510237506365,-0.016456982,0.046717845,-2.378496e-06,0.735412939885006,0.7372905347138617,0.7363950389217857,0.7363055814818933
1777804261.2682567,3.0552595,0.2213283,2.9410653,3.1013854,0.19261104,2.5950584,0.2652505,0.024915326,-0.061239008,0.1713136386127705,-0.063894373444866,-0.28360599594616365,0.04612589,-0.028717265,-0.34600687,0.0,0.0,0.0,-0.0025160445103791784,-0.0006795878726631056,0.7362767827625489,-0.020066008,0.052187435,0.00017213459,0.7336404993043274,0.7388097854663591,0.735595165588895,0.7370616806906147
1777804261.2888618,3.0590293,0.22166088,2.939531,3.1013854,0.19261104,2.5950584,0.26130906,0.023162792,-0.060194723,0.15822850674402195,-0.06564013889881043,-0.28200042023105204,0.042356014,-0.029049844,-0.34447265,0.0,0.0,0.0,-0.002294015972386161,-0.0005174066103873966,0.7362638078866607,-0.02048987,0.053194437,0.00027404836,0.7330982714157739,0.7392649153406698,0.7355062663541614,0.7371857784360382
1777804261.3080232,3.064526,0.22203879,2.9372694,3.1013854,0.19261104,2.5950584,0.25508577,0.020515196,-0.05859448,0.14501205194005554,-0.06722567563416218,-0.28035409747634554,0.036859274,-0.029427752,-0.342211,0.0,0.0,0.0,-0.0012973352582141794,-0.0003618921308739774,0.7361816909820583,-0.01891717,0.048447225,9.9544704e-05,0.7324219033866369,0.7398817517548234,0.7347845930550514,0.7376385157317221
1777804261.3281102,3.068186,0.22226103,2.9357765,3.1013854,0.19261104,2.5950584,0.2507536,0.018787704,-0.057575747,0.13260892417438178,-0.06860520211984043,-0.2787981629298069,0.03319931,-0.029649988,-0.34071803,0.0,0.0,0.0,-0.001062290066379045,-0.0002696205719993558,0.7361682420573624,-0.016843654,0.042467713,5.3480442e-05,0.7327391991573876,0.7395651966920479,0.7349270309531323,0.7374415414268825
1777804261.3483088,3.0733864,0.2225328,2.9336238,3.1013854,0.19261104,2.5950584,0.24426328,0.016391946,-0.05607472,0.12008626023059962,-0.06984467570487121,-0.27720898627646273,0.027998924,-0.029921755,-0.33856535,0.0,0.0,0.0,-0.00033447934802140547,-0.0002556612095751445,0.7360946511575148,-0.011184143,0.03064375,0.00013274071,0.7332987380719215,0.7388109198182667,0.7346565229420119,0.7376124237978597
1777804261.3682082,3.0763905,0.22264884,2.9321895,3.1013854,0.19261104,2.5950584,0.23957361,0.014761395,-0.055031408,0.10856611437897587,-0.07089426032307514,-0.2757081527662874,0.02499485,-0.030037805,-0.33713102,0.0,0.0,0.0,-0.00026966204246531983,-0.0003221958023983378,0.7360737952074099,-0.0071405433,0.021873549,0.00011967597,0.7343086229063326,0.7377671619268032,0.7348785238131137,0.7373408721833906
1777804261.3885612,3.078813,0.22270031,2.9308014,3.1013854,0.19261104,2.5950584,0.2346879,0.013170488,-0.054084465,0.09813873147806093,-0.07175964593174274,-0.2742853942833424,0.022572279,-0.030089274,-0.33574295,0.0,0.0,0.0,-0.00019348717533288623,-0.0004462002782283075,0.7360594949407097,-0.004237393,0.013116173,0.00014813428,0.7352664568021032,0.7367636525131338,0.7351409196785933,0.7370669507690089
1777804261.4081106,3.0812457,0.22273183,2.9294224,3.1013854,0.19261104,2.5950584,0.22979991,0.0115554165,-0.053142253,0.08858055512778415,-0.07246769749547811,-0.27292654540714273,0.020139694,-0.03012079,-0.33436394,0.0,0.0,0.0,-0.00014859778622329511,-0.0006164475114078371,0.7360409238040017,-0.0028343613,0.00631268,0.00020505377,0.7360126896701048,0.7359461256739521,0.7353563247159371,0.7368485551560131
1777804261.4285183,3.0850048,0.22274615,2.9273572,3.1013854,0.19261104,2.5950584,0.22230643,0.009130173,-0.051688507,0.07905447992223465,-0.07304127491256215,-0.2715090372290345,0.016380548,-0.03013511,-0.33229876,0.0,0.0,0.0,0.00029350754044981525,-0.0008911575892765859,0.735960353423133,-0.004316697,0.0004817809,0.00017773645,0.7361208043117354,0.735693260663141,0.7351358025081162,0.7368915462095402
1777804261.4481575,3.0874343,0.22250088,2.9260285,3.1013854,0.19261104,2.5950584,0.21749833,0.007481761,-0.050728973,0.07021890466442078,-0.07337748687855894,-0.2701624376079347,0.013951063,-0.029889837,-0.33097005,0.0,0.0,0.0,0.00025558835800180285,-0.001059728666393864,0.7359385943907898,-0.006770496,-0.00065496605,0.00047959446,0.7361096139830975,0.7354798181254211,0.7353611926499293,0.7368037528047119
1777804261.468455,3.0899107,0.2220259,2.9247184,3.1013854,0.19261104,2.5950584,0.21267577,0.005764525,-0.049814593,0.061912247369928126,-0.07340895727390047,-0.26887554029630867,0.011474609,-0.029414862,-0.32965994,0.0,0.0,0.0,0.000275626492305836,-0.0012201072288687284,0.7359181397179586,-0.010335462,0.00026555994,0.00012656374,0.7359765695639718,0.7357837716278273,0.7352659672972103,0.7366462503828256
1777804261.4887283,3.093501,0.22130883,2.9228048,3.1013854,0.19261104,2.5950584,0.2055365,0.0032975085,-0.048549093,0.05347179764429169,-0.0730755788692951,-0.26753985484446885,0.007884264,-0.028697789,-0.3277464,0.0,0.0,0.0,0.0007588530750081562,-0.0013377451139247633,0.7358557799343018,-0.016952178,0.0034245471,0.00046210206,0.7346659033816444,0.736768395248879,0.7349800227934219,0.7370087983132625
1777804261.5081015,3.095901,0.22082958,2.9215386,3.1013854,0.19261104,2.5950584,0.20072271,0.0017175606,-0.047691587,0.04551951403553834,-0.0725692401416397,-0.26626870791121965,0.0054843426,-0.028218538,-0.32648015,0.0,0.0,0.0,0.0008993026656534397,-0.0013511811435180454,0.7358415130142251,-0.0217282,0.005926358,0.00030047997,0.7339908827915665,0.7375118552575726,0.734945320617917,0.7369179933898448
1777804261.528262,3.0984414,0.22019804,2.9196906,3.1013854,0.19261104,2.5950584,0.19324878,-0.00046789087,-0.04652587,0.03788755454354922,-0.07184839418230819,-0.2649561131795617,0.0029439926,-0.027586997,-0.32463217,0.0,0.0,0.0,0.001655476188955004,-0.001194631390007709,0.7357903566230422,-0.026639959,0.007977018,0.00054720714,0.7323959915254102,0.7388563974395285,0.7345974464415149,0.7373115910857154
1777804261.5480995,3.0999558,0.21980062,2.918446,3.1013854,0.19261104,2.5950584,0.18799824,-0.0018626166,-0.045695446,0.03102479627168926,-0.07107300745009079,-0.2637069101969697,0.0014295578,-0.027189583,-0.32338762,0.0,0.0,0.0,0.002028506008714015,-0.0010645256432490133,0.7357779316897277,-0.027192157,0.006259198,0.00034962935,0.7320329541514492,0.7393131316178619,0.7344644255569974,0.7373012154326029
1777804261.5681152,3.1021287,0.2191914,2.9166408,3.1013854,0.19261104,2.5950584,0.18026444,-0.0037452984,-0.04439013,0.02444815639908763,-0.07014808852719223,-0.26241869893394293,-0.00074338913,-0.026580364,-0.32158232,0.0,0.0,0.0,0.0028156781294747836,-0.0008074888607290083,0.7357067678444806,-0.026115516,-0.0020403673,0.0003808459,0.7316583129011479,0.7395267152562387,0.7344503253033707,0.7371917179171658
1777804261.5883138,3.1033237,0.21899505,2.915493,3.1013854,0.19261104,2.5950584,0.1752716,-0.004765397,-0.043615364,0.01858939028933169,-0.06930997708834771,-0.2612044903971543,-0.001938343,-0.02638401,-0.32043457,0.0,0.0,0.0,0.00301063393812738,-0.0006702456127206788,0.7356989011940287,-0.024612272,-0.010732498,0.00037255554,0.7321363642745242,0.7390379047874711,0.7349573699204677,0.7366639657936523
1777804261.608212,3.1051025,0.21897864,2.9137566,3.1013854,0.19261104,2.5950584,0.16754211,-0.006114169,-0.042395107,0.013012989861007705,-0.06863128931838325,-0.259955299165868,-0.003717184,-0.026367605,-0.31869817,0.0,0.0,0.0,0.003360607042585839,-0.0003931267135923273,0.7356358091357724,-0.01972772,-0.026971959,0.0003037007,0.7331567576836301,0.7379326401608276,0.7357091598751643,0.7357446788234684
1777804261.6283386,3.1062632,0.21894178,2.9126258,3.1013854,0.19261104,2.5950584,0.16254501,-0.0069237794,-0.041595787,0.00797158011723453,-0.06806990934624713,-0.2587750150895304,-0.0048778057,-0.02633074,-0.31756735,0.0,0.0,0.0,0.0032129418183785285,-0.0002985395880672134,0.7356221575970756,-0.015168315,-0.037012607,0.0003976925,0.7343359909837178,0.7366697087148143,0.7364044576711494,0.7350784730186215
1777804261.6480803,3.10798,0.21884945,2.9109578,3.1013854,0.19261104,2.5950584,0.15536606,-0.008081119,-0.040488314,0.003080056961805774,-0.06757464753162418,-0.25756391160775716,-0.006594658,-0.026238412,-0.31589937,0.0,0.0,0.0,0.0029642306703690224,-0.0002443074054109427,0.73557081199363,-0.008239751,-0.047694523,0.00010852199,0.7359747139020598,0.7351017968900395,0.7368695724064569,0.7343371647759641
1777804261.6680872,3.1082804,0.21802925,2.9093075,3.1013854,0.19261104,2.5950584,0.147832,-0.009447622,-0.039386444,-0.0009833559541454684,-0.06676833875236157,-0.25633097547761197,-0.0068950653,-0.025418207,-0.31424904,0.0,0.0,0.0,0.002713660588529093,-0.0003983838671535577,0.735521863807284,-0.0031290604,-0.050163712,0.00023230564,0.7368996675517994,0.7340046766789743,0.7367429328621127,0.7344401781362503
1777804261.6885612,3.108444,0.21749035,2.9082506,3.1013854,0.19261104,2.5950584,0.14314981,-0.010285751,-0.038625848,-0.004315858271602851,-0.0658538422267218,-0.25517552104371066,-0.0070586205,-0.024879307,-0.31319213,0.0,0.0,0.0,0.002475823499869901,-0.00058044417192746,0.7355113471070976,-0.0019822237,-0.046417303,0.0003925841,0.7370529989228488,0.7337341448307073,0.7364448168329426,0.7348134278418924
1777804261.7080805,3.108836,0.21668378,2.906666,3.1013854,0.19261104,2.5950584,0.13635787,-0.011549789,-0.037568543,-0.007177829021719346,-0.06471896295989193,-0.2539976327163162,-0.0074505806,-0.024072737,-0.3116076,0.0,0.0,0.0,0.002429486517904967,-0.0008132730207188127,0.7354639823736113,-0.0029357704,-0.037331536,0.00022431524,0.7365321355823684,0.7342612400201263,0.7355099019550024,0.7355526519369486
1777804261.728025,3.1093018,0.21643193,2.9050994,3.1013854,0.19261104,2.5950584,0.12975489,-0.01261486,-0.036510445,-0.009700330887839993,-0.06368514175410778,-0.25280465829707643,-0.0079164505,-0.023820892,-0.31004095,0.0,0.0,0.0,0.0026126034132955105,-0.0009254609253114155,0.7354176680529234,-0.0071459813,-0.027172614,0.00060674036,0.7351506340639442,0.7353206578263718,0.7348071134375481,0.7363922668838301
1777804261.7480729,3.1095119,0.21644105,2.9041073,3.1013854,0.19261104,2.5950584,0.12567647,-0.013178413,-0.035911053,-0.01182335203954045,-0.06286264603492189,-0.25169154920846193,-0.008126497,-0.023830011,-0.3090489,0.0,0.0,0.0,0.0027774123146724027,-0.0009284708687832574,0.7354248655660575,-0.010751022,-0.021936256,0.0003420405,0.7343681307239687,0.7362763761097392,0.7344365768089604,0.7366183786215622
1777804261.7682223,3.1099892,0.21639863,2.9026043,3.1013854,0.19261104,2.5950584,0.119507365,-0.014020392,-0.034885265,-0.013760417017884764,-0.06218343989178792,-0.2505605834219453,-0.008603811,-0.023787588,-0.3075459,0.0,0.0,0.0,0.0032327674890825255,-0.0007451785244728388,0.7353780097352347,-0.016222697,-0.018966926,0.00047996675,0.7329659691060686,0.7375020703136203,0.7343592235881208,0.7366847759331296
1777804261.7884476,3.1104126,0.21598265,2.9016278,3.1013854,0.19261104,2.5950584,0.11557321,-0.014675606,-0.034175694,-0.015521774640518597,-0.06143208829462731,-0.24949956079273206,-0.009027243,-0.023371607,-0.30656934,0.0,0.0,0.0,0.003452052779760375,-0.0006193136646269999,0.7353669050929433,-0.018187936,-0.020998627,0.00029173892,0.7326714995456457,0.7378872672875936,0.7345179853923045,0.7363908681462301
1777804261.8082023,3.111196,0.2148279,2.9001894,3.1013854,0.19261104,2.5950584,0.10989364,-0.015765905,-0.033197936,-0.0173225608574058,-0.06025364140987559,-0.2484206020033263,-0.009810686,-0.022216856,-0.30513096,0.0,0.0,0.0,0.0037076354011189964,-0.00045252180447432006,0.7353223156165282,-0.01817275,-0.028671686,0.0005311375,0.7327477755943831,0.7375781731305951,0.7350690545334337,0.7358942592077014
1777804261.828197,3.111481,0.21444444,2.8997116,3.1013854,0.19261104,2.5950584,0.10798215,-0.016117062,-0.032878686,-0.018905636736290088,-0.05911916183686387,-0.24748098843859856,-0.010095596,-0.021833405,-0.30465317,0.0,0.0,0.0,0.0036453934683080523,-0.0004771128237921799,0.7353526588168082,-0.01774741,-0.031479955,0.00021573307,0.7332182618561409,0.737357615932725,0.7352330615959862,0.7356016958823812
1777804261.8481421,3.112652,0.21326405,2.898195,3.1013854,0.19261104,2.5950584,0.10188101,-0.017112596,-0.031763114,-0.0207576240398776,-0.057621395337630374,-0.24648664469374995,-0.011266708,-0.02065301,-0.3031366,0.0,0.0,0.0,0.003535222221391944,-0.0003172428347791717,0.7352836887171951,-0.014366027,-0.041616034,0.0003438682,0.7341425494175382,0.7362185071035755,0.7360129489760988,0.7347607493715682
1777804261.8692272,3.1135597,0.21228275,2.8971574,3.1135597,0.21228275,2.5950584,0.0,0.0,0.0,0.0,0.0,0.0,0.0,0.0,-0.302099,0.0,0.0,0.0,0.0031921959215181726,-0.0003400729275886516,0.7352484043149234,-0.010690568,-0.046994314,0.0003234261,0.7352035531391581,0.7350991998337856,0.736427953823281,0.7342629104634696
1777804261.8882377,3.1140065,0.21122637,2.8962715,3.1135597,0.21228275,0.0,0.09446954,-0.018411303,-0.030220188,0.0,0.0,0.0,-0.00044679642,0.0010563731,-0.30121303,0.0,0.0,0.0,-0.007463047830913743,-0.0018875533946072843,0.72,-0.007514663,-0.048533894,0.0002632257,0.7325531720036054,0.7072888925796024,0.7301383467176854,0.7100195886991073
1777804261.9081109,3.114506,0.21018456,2.8953862,3.1135597,0.21228275,0.0,0.091289945,-0.018987477,-0.029496716,0.0,0.0,0.0,-0.00094628334,0.0020981878,-2.8953862,0.0,0.0,0.0,-0.00720651655785602,-0.0019202486435623812,0.72,-0.005135906,-0.046997413,-1.8401519e-05,0.7324812062259118,0.7075298346854278,0.7294514129760732,0.7105375461125876
1777804261.9281826,3.1151972,0.20868161,2.8940818,3.1135597,0.21228275,0.0,0.08701277,-0.019755537,-0.031282622,0.0,0.0,0.0,-0.0016374588,0.0036011338,-2.8940818,0.0,0.0,0.0,-0.006861336477168765,-0.001963773537789493,0.72,-0.009105625,-0.011055115,0.00036322823,0.7288721007493663,0.7109099623117716,0.7266193905536172,0.7135985463852453
1777804261.948192,3.1156583,0.20776235,2.893154,3.1135597,0.21228275,0.0,0.08426577,-0.020173725,-0.034452304,0.0,0.0,0.0,-0.0020985603,0.0045204014,-2.893154,0.0,0.0,0.0,-0.006639826147329355,-0.0019857987910538635,0.72,-0.015834283,0.03291678,-0.00024374222,0.7247986625135913,0.715347582820007,0.7232143048912739,0.7166394497751283
1777804261.9682682,3.1162786,0.20650153,2.8916674,3.1135597,0.21228275,0.0,0.080049284,-0.02071424,-0.04040001,0.0,0.0,0.0,-0.0027189255,0.0057812184,-2.8916674,0.0,0.0,0.0,-0.006300053627093254,-0.002011421374889304,0.72,-0.028593257,0.10218372,8.4794105e-05,0.7178238784482608,0.7221252450889647,0.7184268332923911,0.721624043170384
1777804261.98848,3.1166644,0.20569155,2.890611,3.1135597,0.21228275,0.0,0.07700163,-0.020991433,-0.044608206,0.0,0.0,0.0,-0.0031046867,0.006591201,-2.890611,0.0,0.0,0.0,-0.006054889570078626,-0.0020207233011682035,0.72,-0.03554672,0.13805893,0.00010135203,0.7141567552090353,0.7257824335726822,0.7158635950294494,0.7241972161888335
1777804262.0082998,3.1170754,0.20488508,2.8894715,3.1135597,0.21228275,0.0,0.0734745,-0.021192648,-0.04891816,0.0,0.0,0.0,-0.0035157204,0.0073976666,-2.8894715,0.0,0.0,0.0,-0.005771704436266063,-0.0020217172296579733,0.72,-0.039177593,0.15652102,-4.9768205e-05,0.7121524629143134,0.7278773980086362,0.7143475823870515,0.7256225566899993
1777804262.0283475,3.1180034,0.20352669,2.8878815,3.1135597,0.21228275,0.0,0.06765358,-0.0213997,-0.0552603,0.0,0.0,0.0,-0.0044436455,0.008756056,-2.8878815,0.0,0.0,0.0,-0.005304996438123446,-0.002013165896399123,0.72,-0.039883547,0.15069522,-1.3180434e-06,0.7120722564541568,0.7279285343718583,0.7144265012803358,0.7255727078936496
1777804262.0481434,3.1186159,0.20266317,2.8866644,3.1135597,0.21228275,0.0,0.06327408,-0.021394385,-0.059678696,0.0,0.0,0.0,-0.005056143,0.009619579,-2.8866644,0.0,0.0,0.0,-0.004954725095703827,-0.001993689348431298,0.72,-0.038150806,0.12955412,0.00022330486,0.7134650286934017,0.7264009883917484,0.715715761868184,0.7244182210466663
1777804262.0682614,3.1194637,0.2014356,2.8846517,3.1135597,0.21228275,0.0,0.056179248,-0.021254657,-0.06650825,0.0,0.0,0.0,-0.0059039593,0.010847151,-2.8846517,0.0,0.0,0.0,-0.004388183808861062,-0.0019513669285602742,0.72,-0.033273607,0.085694805,0.00019737415,0.716762865511364,0.723118710001335,0.7183023333403362,0.7218160911469652
1777804262.0890257,3.1199086,0.20043226,2.8831713,3.1135597,0.21228275,0.0,0.05115364,-0.021101601,-0.07125384,0.0,0.0,0.0,-0.0063488483,0.011850491,-2.8831713,0.0,0.0,0.0,-0.003987318555543702,-0.0019168862688007417,0.72,-0.029672638,0.055128552,0.0003643001,0.7190108196273078,0.7207706003148469,0.720143249160644,0.7200753308972018
1777804262.1080692,3.1203594,0.1986779,2.8808045,3.1135597,0.21228275,0.0,0.04335092,-0.020833882,-0.0782285,0.0,0.0,0.0,-0.006799698,0.01360485,-2.8808045,0.0,0.0,0.0,-0.0033652650979662637,-0.0018607679209077421,0.72,-0.025334487,0.023185806,3.8643007e-05,0.7213328166697035,0.7186439975258386,0.7216879845104017,0.7183352012940566
1777804262.1285036,3.1205816,0.19757432,2.8791535,3.1135597,0.21228275,0.0,0.038219053,-0.020569656,-0.08279861,0.0,0.0,0.0,-0.007021904,0.01470843,-2.8791535,0.0,0.0,0.0,-0.002956622548831369,-0.0018166855341765853,0.72,-0.023376971,0.012949568,0.00029493473,0.7217787044891736,0.7180443346755924,0.7220626096933717,0.7181143511418628
1777804262.148279,3.120872,0.19622378,2.8764496,3.1135597,0.21228275,0.0,0.030253304,-0.019957619,-0.08997514,0.0,0.0,0.0,-0.007312298,0.016058967,-2.8764496,0.0,0.0,0.0,-0.002323317810103722,-0.0017319303271497244,0.72,-0.023414161,0.011983605,-4.948814e-05,0.7212382732862411,0.7187914195970122,0.7214909855176934,0.7184793215990537
1777804262.1681094,3.1209934,0.19569252,2.874641,3.1135597,0.21228275,0.0,0.025230441,-0.019364255,-0.0945167,0.0,0.0,0.0,-0.007433653,0.016590223,-2.874641,0.0,0.0,0.0,-0.0019249908011921503,-0.0016617690008713382,0.72,-0.024721507,0.01982563,0.00021721306,0.7199578249334515,0.719911847229006,0.7207200558865382,0.7194102719510046
1777804262.1883466,3.121076,0.19491456,2.871721,3.1135597,0.21228275,0.0,0.017374199,-0.018371088,-0.10162143,0.0,0.0,0.0,-0.007516384,0.017368183,-2.871721,0.0,0.0,0.0,-0.0013023251734412167,-0.0015466887488477354,0.72,-0.02702703,0.032823004,-0.00013213194,0.718100650835451,0.7219786283304961,0.7192523188988672,0.7206684019351862
1777804262.2081792,3.1210124,0.19417755,2.8686063,3.1135597,0.21228275,0.0,0.009303447,-0.017241033,-0.10884854,0.0,0.0,0.0,-0.0074527264,0.018105194,-2.8686063,0.0,0.0,0.0,-0.0006632420148228402,-0.0014195744383808772,0.72,-0.02703767,0.041403204,0.0002666761,0.716527543620341,0.7233124507200948,0.7181744277368801,0.7219855779226845
1777804262.2287285,3.1217647,0.19274232,2.8664882,3.1135597,0.21228275,0.0,0.00427112,-0.016799992,-0.113498345,0.0,0.0,0.0,-0.008204937,0.01954043,-2.8664882,0.0,0.0,0.0,-0.0002635621611583883,-0.0013613277787880484,0.72,-0.026197812,0.039051425,0.00025486422,0.7163284917691878,0.7235185896973894,0.717950404599218,0.7222025139342052
1777804262.248049,3.122685,0.19070406,2.8631487,3.1135597,0.21228275,0.0,-0.0035561856,-0.015946317,-0.120520905,0.0,0.0,0.0,-0.009125233,0.021578684,-2.8631487,0.0,0.0,0.0,0.0003572801690820704,-0.001257252582150955,0.72,-0.024829635,0.025474695,-3.3663244e-05,0.716885724915379,0.7231344730309074,0.7183237634682469,0.721656038585467
1777804262.2681234,3.1231117,0.18936013,2.860249,3.1135597,0.21228275,0.0,-0.010461345,-0.014963505,-0.12658407,0.0,0.0,0.0,-0.009552002,0.02292262,-2.860249,0.0,0.0,0.0,0.0009038611255689544,-0.0011470120696338215,0.72,-0.02269287,0.010617473,0.00011053319,0.7175451635060593,0.7223885165797544,0.7189483185367689,0.7211180013774178
1777804262.2881866,3.1234553,0.18815552,2.8578975,3.1135597,0.21228275,0.0,-0.015672214,-0.014246047,-0.13120887,0.0,0.0,0.0,-0.009895563,0.02412723,-2.8578975,0.0,0.0,0.0,0.0013164218551501604,-0.0010657110988694996,0.72,-0.020168908,-0.0011078027,3.3337637e-05,0.7182143995357367,0.7217655978818028,0.7193300051909204,0.7206899973915405
1777804262.3080482,3.1242375,0.18724023,2.8541,3.1135597,0.21228275,0.0,-0.023590513,-0.012720828,-0.13840054,0.0,0.0,0.0,-0.0106778145,0.025042519,-2.8541,0.0,0.0,0.0,0.001941313509576137,-0.0009073791483033667,0.72,-0.017004274,-0.01541933,-4.8892376e-05,0.7188539378808335,0.7211753975448086,0.71973052797168,0.7202401366026784
1777804262.3281379,3.1247334,0.1864024,2.850106,3.1135597,0.21228275,0.0,-0.031468052,-0.011049394,-0.1456361,0.0,0.0,0.0,-0.011173725,0.025880352,-2.850106,0.0,0.0,0.0,0.002562282313097626,-0.0007375257043662486,0.72,-0.014950865,-0.026844967,-2.5417212e-05,0.7191343967314953,0.7208808535956278,0.7200362333873731,0.7199485162855043
1777804262.348049,3.1249259,0.18589161,2.8474026,3.1135597,0.21228275,0.0,-0.036508437,-0.009926521,-0.15031414,0.0,0.0,0.0,-0.011366129,0.026391134,-2.8474026,0.0,0.0,0.0,0.0029593736666367575,-0.0006245576579502243,0.72,-0.0135455495,-0.030726762,0.00036334494,0.7189306775510804,0.7208513154862415,0.7200668571138035,0.7201511498488752
1777804262.3679605,3.1246233,0.18562801,2.8431942,3.1135597,0.21228275,0.0,-0.044157054,-0.007944427,-0.1574111,0.0,0.0,0.0,-0.011063576,0.026654735,-2.8431942,0.0,0.0,0.0,0.003560660798194295,-0.0004310672560427342,0.72,-0.011330699,-0.035190422,4.20261e-05,0.7187665765059783,0.721208207834905,0.7197425694316982,0.7202826462274189
1777804262.38804,3.1242974,0.18547845,2.8402965,3.1135597,0.21228275,0.0,-0.049148675,-0.006585365,-0.16214286,0.0,0.0,0.0,-0.010737658,0.026804298,-2.8402965,0.0,0.0,0.0,0.003952794913528965,-0.0002996235149324988,0.72,-0.009719441,-0.037555266,0.0001278834,0.7185353296195024,0.7213879403433888,0.7195679231409104,0.7205088068961988
1777804262.4080474,3.1236362,0.18529451,2.8358474,3.1135597,0.21228275,0.0,-0.056401197,-0.0044987467,-0.16926329,0.0,0.0,0.0,-0.010076523,0.026988238,-2.8358474,0.0,0.0,0.0,0.004522079634288312,-9.979870501866107e-05,0.72,-0.007783399,-0.041047893,0.0002974353,0.7181496480415948,0.7216718907799659,0.7193738556441589,0.7208046055342809
1777804262.4283946,3.1233766,0.18524435,2.8343563,3.1135597,0.21228275,0.0,-0.05876202,-0.0037942014,-0.17161445,0.0,0.0,0.0,-0.009816885,0.027038395,-2.8343563,0.0,0.0,0.0,0.004707291485033988,-3.2749357780978985e-05,0.72,-0.0072226822,-0.042226184,0.00018716286,0.7180695891676404,0.7218181131146442,0.7192720173278142,0.7208402803899017
1777804262.4479785,3.1213708,0.18550242,2.828102,3.1135597,0.21228275,0.0,-0.06814248,-0.0007674119,-0.18108918,0.0,0.0,0.0,-0.0078110695,0.026780322,-2.828102,0.0,0.0,0.0,0.00544225226487789,0.0002518603963425159,0.72,-0.0058927177,-0.051497336,4.810051e-05,0.717939826683797,0.7220313130091365,0.7194152426227737,0.7206136176842933
1777804262.4682093,3.1208057,0.18557465,2.8264287,3.1135597,0.21228275,0.0,-0.07048964,3.8204395e-05,-0.18353482,0.0,0.0,0.0,-0.0072460175,0.026708096,-2.8264287,0.0,0.0,0.0,0.005625959677167293,0.00032692334917849787,0.72,-0.005293383,-0.055276264,-5.0148825e-05,0.7180607920777237,0.7219692972171629,0.7195314907287769,0.7204384199763372
1777804262.4881682,3.1190875,0.18581481,2.8215,3.1135597,0.21228275,0.0,-0.077041455,0.0023321598,-0.19042496,0.0,0.0,0.0,-0.0055277348,0.026467934,-2.8215,0.0,0.0,0.0,0.006138637648640515,0.0005399921945321107,0.72,-0.0020986851,-0.06593525,-2.4897465e-05,0.7184357643175274,0.7215791741613248,0.719836599848616,0.7201484616725322
1777804262.5082257,3.118386,0.18749696,2.817922,3.1135597,0.21228275,0.0,-0.081232116,0.0045438,-0.19530843,0.0,0.0,0.0,-0.0048263073,0.024785787,-2.817922,0.0,0.0,0.0,0.006463236889728901,0.0007354504321069832,0.72,0.0013433129,-0.07232554,2.056313e-05,0.7186886521773314,0.7212990099449618,0.7199569608542763,0.720055377023431
1777804262.5286722,3.1173255,0.18991002,2.8128176,3.1135597,0.21228275,0.0,-0.08665083,0.007608195,-0.20207724,0.0,0.0,0.0,-0.0037658215,0.022372723,-2.8128176,0.0,0.0,0.0,0.006882220025703805,0.0010039546057157844,0.72,0.0049700304,-0.07877648,-0.00015251062,0.7188592992874341,0.7212322070845383,0.7199804972639413,0.7199279963640868
1777804262.5480986,3.1164706,0.19145793,2.8092284,3.1135597,0.21228275,0.0,-0.090154834,0.009678146,-0.20671567,0.0,0.0,0.0,-0.0029108524,0.02082482,-2.8092284,0.0,0.0,0.0,0.00715285391585554,0.0011845443472314088,0.72,0.0074128713,-0.08226931,3.5147816e-05,0.7188266319759858,0.7211522793346224,0.7200307499445002,0.7199903387448919
1777804262.5681086,3.1155267,0.19297172,2.8055491,3.1135597,0.21228275,0.0,-0.09347133,0.011721306,-0.21138941,0.0,0.0,0.0,-0.0019669533,0.019311026,-2.8055491,0.0,0.0,0.0,0.007408697778195439,0.0013621230724406885,0.72,0.008876512,-0.085134305,-8.224977e-05,0.7187747194306437,0.7212746304299931,0.7200293738225508,0.7199212763168129
1777804262.5880854,3.1135778,0.1948877,2.799925,3.1135597,0.21228275,0.0,-0.098172866,0.014643462,-0.21838008,0.0,0.0,0.0,-1.8119812e-05,0.01739505,-2.799925,0.0,0.0,0.0,0.007771436481027197,0.0016156334527605055,0.72,0.011258669,-0.089288615,-1.3647827e-05,0.7186608071252097,0.7213473815707274,0.7200824982631844,0.7199093130408789
1777804262.6081185,3.112157,0.19614793,2.7959778,3.1135597,0.21228275,0.0,-0.101127334,0.016605642,-0.22314902,0.0,0.0,0.0,0.0014026165,0.016134813,-2.7959778,0.0,0.0,0.0,0.007998922639790962,0.0017848451870671235,0.72,0.01291845,-0.09195819,0.00024083236,0.718534113460799,0.7213213871211074,0.7201813512628996,0.7199631481551945
1777804262.6287029,3.1100307,0.19799754,2.790157,3.1135597,0.21228275,0.0,-0.1049624,0.019339746,-0.23002428,0.0,0.0,0.0,0.0035290718,0.014285207,-2.790157,0.0,0.0,0.0,0.008293539357188209,0.002019172231484827,0.72,0.01529602,-0.095617294,0.0002640033,0.7184811525381093,0.7213604454874132,0.720230535837358,0.7199278661371201
1777804262.6481206,3.1088188,0.19939455,2.7860868,3.1135597,0.21228275,0.0,-0.10715949,0.021205913,-0.23469356,0.0,0.0,0.0,0.0047409534,0.012888193,-2.7860868,0.0,0.0,0.0,0.008461096212393287,0.002177204640529027,0.72,0.01708006,-0.098672554,0.00021751106,0.718556654883825,0.7213128384821605,0.7203087613148929,0.719821745319122
1777804262.6681447,3.1073854,0.20173194,2.779932,3.1135597,0.21228275,0.0,-0.109806366,0.023975149,-0.2415504,0.0,0.0,0.0,0.006174326,0.010550812,-2.779932,0.0,0.0,0.0,0.00866053336658446,0.0024099234311416497,0.72,0.019882668,-0.10279633,-6.748324e-05,0.7187641080831487,0.7212763818613636,0.7203622381513641,0.7195972719041241
1777804262.6880758,3.1063337,0.20324503,2.7757103,3.1135597,0.21228275,0.0,-0.11126276,0.025751553,-0.24611354,0.0,0.0,0.0,0.0072259903,0.009037718,-2.7757103,0.0,0.0,0.0,0.008769200295555103,0.0025581220562285625,0.72,0.021251302,-0.10539681,0.00022216959,0.7187378755235897,0.7211288227221603,0.7205872130363009,0.7195460887179496
1777804262.708077,3.1048834,0.20534158,2.7691102,3.1135597,0.21228275,0.0,-0.112928115,0.028335746,-0.25313398,0.0,0.0,0.0,0.0086762905,0.0069411695,-2.7691102,0.0,0.0,0.0,0.008891071025623169,0.002771754270168074,0.72,0.024004232,-0.10973718,6.661285e-05,0.7190165038350067,0.720943528456703,0.7207593029414903,0.7192806647668005
1777804262.7282252,3.1043236,0.20650198,2.7648427,3.1135597,0.21228275,0.0,-0.11354164,0.029854458,-0.25757232,0.0,0.0,0.0,0.009236097,0.0057807714,-2.7648427,0.0,0.0,0.0,0.008933525710919987,0.0028956935903078572,0.72,0.0257804,-0.112323225,-9.669173e-05,0.719248078201842,0.7208099368353689,0.7208565863034418,0.7190853986593477
1777804262.7482476,3.1032822,0.20823672,2.7581458,3.1135597,0.21228275,0.0,-0.113989905,0.0320577,-0.2644015,0.0,0.0,0.0,0.01027751,0.004046023,-2.7581458,0.0,0.0,0.0,0.008959788948194145,0.0030735993618795734,0.72,0.030443877,-0.11456038,-0.00019097675,0.7196242453182726,0.7204903407288563,0.7207858376778254,0.719099576275046
1777804262.768062,3.102091,0.20996475,2.7512226,3.1135597,0.21228275,0.0,-0.11385789,0.03411826,-0.27131248,0.0,0.0,0.0,0.011468649,0.0023179948,-2.7512226,0.0,0.0,0.0,0.00894024169820815,0.003237634706859627,0.72,0.036395352,-0.1146171,-0.0002918916,0.7199906874094162,0.7201844475504466,0.7204675654898675,0.7193572995502702
1777804262.7880464,3.1010818,0.21153998,2.746568,3.1135597,0.21228275,0.0,-0.113503754,0.035531145,-0.2758935,0.0,0.0,0.0,0.012477875,0.0007427633,-2.746568,0.0,0.0,0.0,0.008905723452263441,0.0033489457185111073,0.72,0.039177448,-0.112886205,-0.00015384113,0.7199565753982685,0.7201357292801318,0.7202937705476988,0.7196139247739014
1777804262.8081934,3.0995028,0.21385999,2.73942,3.1135597,0.21228275,0.0,-0.11241354,0.037519917,-0.28284866,0.0,0.0,0.0,0.014056921,-0.0015772432,-2.73942,0.0,0.0,0.0,0.008809819312272822,0.003502961104146962,0.72,0.041274484,-0.11003202,-6.6900226e-05,0.7198118101509801,0.7202283299844076,0.7201736747443716,0.7197861851202413
1777804262.8288105,3.098412,0.2153718,2.7345395,3.1135597,0.21228275,0.0,-0.11135865,0.038681682,-0.28747576,0.0,0.0,0.0,0.015147686,-0.0030890554,-2.7345395,0.0,0.0,0.0,0.008720363446228951,0.003591067603439324,0.72,0.041177742,-0.10907186,-0.00014396815,0.7197517274284534,0.7203346534621166,0.7202590429954491,0.7196545761139815
1777804262.848378,3.09679,0.21720098,2.7271514,3.1135597,0.21228275,0.0,-0.109304436,0.04009296,-0.29432228,0.0,0.0,0.0,0.016769648,-0.0049182326,-2.7271514,0.0,0.0,0.0,0.008549913272375705,0.003694639421980561,0.72,0.03989476,-0.10886829,9.890435e-05,0.7196268202509588,0.7203138371406026,0.720692280158559,0.71936706244988
1777804262.8679993,3.0951576,0.21827859,2.7195344,3.1135597,0.21228275,0.0,-0.10661737,0.041063298,-0.3012309,0.0,0.0,0.0,0.0184021,-0.00599584,-2.7195344,0.0,0.0,0.0,0.008330704010455854,0.0037604000943253267,0.72,0.03883498,-0.107786246,-0.00033940363,0.7197404151659996,0.7204632270132578,0.7208439761161433,0.7189523817045997
1777804262.8879576,3.0940895,0.2189969,2.7144265,3.1135597,0.21228275,0.0,-0.10453684,0.04158239,-0.30576617,0.0,0.0,0.0,0.019470215,-0.0067141503,-2.7144265,0.0,0.0,0.0,0.00816199914904324,0.003792728220105346,0.72,0.039420877,-0.105334744,-0.00026013912,0.7197037640067069,0.7204523194635027,0.7208257967123878,0.7190181198174029
1777804262.9079885,3.0924606,0.2200968,2.7065196,3.1135597,0.21228275,0.0,-0.100915775,0.04225929,-0.31266984,0.0,0.0,0.0,0.02109909,-0.00781405,-2.7065196,0.0,0.0,0.0,0.007869413567295567,0.0038307708020776233,0.72,0.041462094,-0.10132301,6.335044e-05,0.7197036186693281,0.7202583710674377,0.7207692355620474,0.7192687747011872
1777804262.928344,3.0928655,0.22036535,2.7012906,3.1135597,0.21228275,0.0,-0.097765036,0.04242314,-0.3171682,0.0,0.0,0.0,0.020694256,-0.008082598,-2.7012906,0.0,0.0,0.0,0.007616621460006634,0.003830166519723406,0.72,0.043127865,-0.09801529,-0.00039307162,0.7199625861523233,0.7202732568192728,0.7204866178842978,0.7192775391441065
1777804262.9480126,3.0933323,0.22083244,2.6931357,3.1135597,0.21228275,0.0,-0.092540994,0.042516068,-0.32414246,0.0,0.0,0.0,0.020227432,-0.00854969,-2.6931357,0.0,0.0,0.0,0.007198105674213551,0.003815138205401354,0.72,0.04579919,-0.0936537,-6.149539e-05,0.7201614359022186,0.7198754613315844,0.7204269449486796,0.7195361578175178
1777804262.968459,3.093599,0.22116613,2.6876118,3.1135597,0.21228275,0.0,-0.088801585,0.042467903,-0.32879913,0.0,0.0,0.0,0.019960642,-0.008883387,-2.6876118,0.0,0.0,0.0,0.0068990984782183245,0.0037950521238407477,0.72,0.04623171,-0.091105916,1.5310463e-05,0.7202882662612026,0.7197025474610487,0.7204904832793242,0.7195187029984251
1777804262.9882574,3.0943432,0.2212137,2.6791809,3.1135597,0.21228275,0.0,-0.082717046,0.042106476,-0.33577543,0.0,0.0,0.0,0.019216537,-0.008930951,-2.6791809,0.0,0.0,0.0,0.006413871877931232,0.0037396411157939726,0.72,0.045641925,-0.08990281,-0.00023507922,0.7207605896473831,0.7193804578847043,0.7207961163171369,0.7190628361507762
1777804263.0080352,3.0946205,0.22117366,2.676257,3.1135597,0.21228275,0.0,-0.08052314,0.041896567,-0.338172,0.0,0.0,0.0,0.018939257,-0.008890912,-2.676257,0.0,0.0,0.0,0.006239276448187212,0.0037132784859448976,0.72,0.04500659,-0.08963243,-0.00021993117,0.7208845460979516,0.7192474126047432,0.7209780896748785,0.7188899516224271
1777804263.0283687,3.0955138,0.2210494,2.6677527,3.1135597,0.21228275,0.0,-0.07384962,0.041153505,-0.3450245,0.0,0.0,0.0,0.018045902,-0.008766651,-2.6677527,0.0,0.0,0.0,0.00570873041531776,0.003624566837730967,0.72,0.043246794,-0.08479995,-3.716504e-05,0.7209215920422707,0.7191007069808408,0.7212289395759004,0.7187487614009885
1777804263.048128,3.0960717,0.22100784,2.6619444,3.1135597,0.21228275,0.0,-0.06914515,0.040568642,-0.34964034,0.0,0.0,0.0,0.017488003,-0.008725092,-2.6619444,0.0,0.0,0.0,0.005335098805357177,0.0035569667806854,0.72,0.04222502,-0.07941788,-0.00030495084,0.7209308512687118,0.7192521192339341,0.7211058114244524,0.7187112180729022
1777804263.0685635,3.0959966,0.22268651,2.6529663,3.1135597,0.21228275,0.0,-0.06194424,0.040106595,-0.3567381,0.0,0.0,0.0,0.017563105,-0.010403767,-2.6529663,0.0,0.0,0.0,0.004761365537292584,0.003487800432126882,0.72,0.040101986,-0.07016254,-1.695138e-06,0.7205725048554165,0.7194285122274147,0.7211307708162904,0.718868212100879
1777804263.08803,3.0955915,0.22506844,2.6439958,3.1135597,0.21228275,0.0,-0.054729864,0.03968529,-0.36376715,0.0,0.0,0.0,0.017968178,-0.012785688,-2.6439958,0.0,0.0,0.0,0.004186532037759037,0.0034215463074118626,0.72,0.038219463,-0.061128918,0.00014447354,0.7202964500860737,0.7196168657905455,0.7211111127314517,0.7189755713919297
1777804263.108306,3.0954592,0.22584839,2.6408262,3.1135597,0.21228275,0.0,-0.052148297,0.039475072,-0.36622295,0.0,0.0,0.0,0.0181005,-0.013565645,-2.6408262,0.0,0.0,0.0,0.003981149466647338,0.003393028543596319,0.72,0.038383905,-0.058523446,-0.00034627112,0.7204822914182718,0.7197254712521979,0.7209191610598714,0.7188730762696594
1777804263.1282716,3.095201,0.22806591,2.6316097,3.1135597,0.21228275,0.0,-0.04455475,0.03874223,-0.3732568,0.0,0.0,0.0,0.018358707,-0.01578316,-2.6316097,0.0,0.0,0.0,0.003377641045269453,0.0032998672747115345,0.72,0.039829575,-0.052094262,-0.00024266032,0.7207491967045728,0.7193963994855493,0.720830603139817,0.7190238006700613
1777804263.1480665,3.0946307,0.22860016,2.6251369,3.1135597,0.21228275,0.0,-0.039290205,0.03776334,-0.37815464,0.0,0.0,0.0,0.018929005,-0.016317412,-2.6251369,0.0,0.0,0.0,0.0029615238985654813,0.0031975353743933965,0.72,0.04103795,-0.048063107,-0.00014568775,0.7210127316522443,0.719074680998219,0.7207543176442066,0.7191582697053304
1777804263.1682973,3.0939662,0.22933891,2.6156852,3.1135597,0.21228275,0.0,-0.031530764,0.036185257,-0.3851679,0.0,0.0,0.0,0.019593477,-0.017056167,-2.6156852,0.0,0.0,0.0,0.0023489585179452635,0.0030357716064386155,0.72,0.041341376,-0.04065864,-0.00012456375,0.7212126403751277,0.7188620978773139,0.7205948252460327,0.7193304365015262
1777804263.1880403,3.093473,0.23005222,2.6060004,3.1135597,0.21228275,0.0,-0.02354732,0.03438678,-0.3922649,0.0,0.0,0.0,0.020086765,-0.01776947,-2.6060004,0.0,0.0,0.0,0.0017196862985441985,0.002855239080407763,0.72,0.040031835,-0.031133257,0.00022186394,0.7210517228216069,0.7188151588131996,0.7204902256777248,0.7196428926874691
1777804263.2081032,3.0934055,0.23073195,2.5958638,3.1135597,0.21228275,0.0,-0.015091587,0.03237002,-0.3995723,0.0,0.0,0.0,0.020154238,-0.018449202,-2.5958638,0.0,0.0,0.0,0.0010540191238195896,0.002654939418563913,0.72,0.037238915,-0.021451116,-7.9957135e-05,0.7210102310084309,0.719037743272756,0.7203139092412443,0.7196381164775693
1777804263.2281313,3.0935524,0.23114118,2.589215,3.1135597,0.21228275,0.0,-0.009537692,0.030992443,-0.40428087,0.0,0.0,0.0,0.020007372,-0.018858433,-2.589215,0.0,0.0,0.0,0.0006173011983761789,0.0025191218983678268,0.72,0.033814266,-0.016733319,8.3348685e-05,0.7208823790891475,0.7190676117000249,0.7205603494848641,0.7194896597259639
1777804263.2480533,3.0939028,0.23172654,2.5790143,3.1135597,0.21228275,0.0,-0.001041372,0.028759636,-0.41144088,0.0,0.0,0.0,0.019656897,-0.019443795,-2.5790143,0.0,0.0,0.0,-5.0229319389796243e-05,0.002301537767199274,0.72,0.0273694,-0.01051738,1.6045291e-05,0.720774820419831,0.7192155524055822,0.7210084190510007,0.7190012081235866
1777804263.2680688,3.0942369,0.2321027,2.5719917,3.1135597,0.21228275,0.0,0.0047143665,0.027176196,-0.41632473,0.0,0.0,0.0,0.019322872,-0.01981996,-2.5719917,0.0,0.0,0.0,-0.0005021373692959253,0.002148618963863178,0.72,0.023037983,-0.00576329,-4.5809473e-05,0.7206713630943827,0.7193561225892934,0.7212550380416994,0.7187174762746249
1777804263.287976,3.0948737,0.23260166,2.5617356,3.1135597,0.21228275,0.0,0.013026544,0.024822528,-0.42334267,0.0,0.0,0.0,0.018686056,-0.02031891,-2.5617356,0.0,0.0,0.0,-0.001154457297365239,0.001922659243708944,0.72,0.019196382,0.0030022562,-1.6772246e-05,0.7205323597785849,0.7194777035692868,0.7212961938313432,0.7186937428207856
1777804263.3080876,3.0953965,0.23291759,2.5545936,3.1135597,0.21228275,0.0,0.01868797,0.023137057,-0.42813376,0.0,0.0,0.0,0.018163204,-0.020634845,-2.5545936,0.0,0.0,0.0,-0.0015984176271322426,0.0017623307387874742,0.72,0.017374206,0.009698378,-9.2475006e-05,0.7204778956630157,0.7195775893403786,0.7211671991237002,0.7187773158729059
1777804263.3281338,3.0963159,0.23333527,2.5439308,3.1135597,0.21228275,0.0,0.026983239,0.020581234,-0.43518278,0.0,0.0,0.0,0.017243862,-0.021052524,-2.5439308,0.0,0.0,0.0,-0.0022486007705427016,0.001520762602719099,0.72,0.01752987,0.017370818,-9.7990436e-05,0.7207699594002229,0.7192888348614893,0.7209479112316101,0.718993294506678
1777804263.3480198,3.0975423,0.23323016,2.5367763,3.1135597,0.21228275,0.0,0.032559723,0.01873784,-0.4398789,0.0,0.0,0.0,0.016017437,-0.020947412,-2.5367763,0.0,0.0,0.0,-0.0026851554159607626,0.0013485646212141322,0.72,0.018222818,0.022081463,3.961599e-06,0.721026710753869,0.7189709122868203,0.7208105660514296,0.7191918109078815
1777804263.3685641,3.0988345,0.23311353,2.5295007,3.1135597,0.21228275,0.0,0.03812018,0.016840316,-0.44458538,0.0,0.0,0.0,0.014725208,-0.02083078,-2.5295007,0.0,0.0,0.0,-0.003120240659166491,0.0011722791072021012,0.72,0.017258806,0.028461054,-4.152549e-05,0.7210642393741408,0.7189606759203474,0.720622473309396,0.7193526113961163
1777804263.3880055,3.1010513,0.23297755,2.5165722,3.1135597,0.21228275,0.0,0.047616873,0.0134466635,-0.45286852,0.0,0.0,0.0,0.012508392,-0.020694807,-2.5165722,0.0,0.0,0.0,-0.003862814176871825,0.0008592960972136954,0.72,0.01495832,0.040634662,-0.00035528376,0.7210559958691183,0.7191571743861825,0.7201680865785584,0.7196187431661413
1777804263.4079876,3.102406,0.23253159,2.5089672,3.1135597,0.21228275,0.0,0.052972745,0.011341056,-0.45765543,0.0,0.0,0.0,0.011153698,-0.020248845,-2.5089672,0.0,0.0,0.0,-0.004280851115587936,0.000667626889498898,0.72,0.012628846,0.047557823,0.00014616495,0.7207750565414118,0.7191372444875497,0.7201773939521693,0.7199103050188697
1777804263.428577,3.1043894,0.23142478,2.4975715,3.1135597,0.21228275,0.0,0.06058969,0.008038579,-0.4647633,0.0,0.0,0.0,0.009170294,-0.019142032,-2.4975715,0.0,0.0,0.0,-0.004874107680708519,0.00037095743425719974,0.72,0.0067214156,0.055797487,-2.5475572e-05,0.7205847071629204,0.7194305781804763,0.7202359101989236,0.7197488044576801
1777804263.4481847,3.1051176,0.23106521,2.4934556,3.1135597,0.21228275,0.0,0.063222975,0.0068412446,-0.46728283,0.0,0.0,0.0,0.0084421635,-0.018782467,-2.4934556,0.0,0.0,0.0,-0.005079011032666101,0.0002639921457120975,0.72,0.0043209353,0.058589574,-0.00010205086,0.7205041430558107,0.7195570874584454,0.7202795471775894,0.7196592223081552
1777804263.4683855,3.1072462,0.22998245,2.4820306,3.1135597,0.21228275,0.0,0.07020772,0.0035370414,-0.4742282,0.0,0.0,0.0,0.0063135624,-0.017699704,-2.4820306,0.0,0.0,0.0,-0.005622072305546057,-2.9704523708703468e-05,0.72,-0.00043274532,0.06350557,-4.400588e-05,0.7205499135585705,0.7194764899690193,0.7205333402348792,0.7194402562375315
1777804263.4881053,3.1088142,0.23002069,2.4740708,3.1135597,0.21228275,0.0,0.07480718,0.0015017162,-0.47899508,0.0,0.0,0.0,0.0047454834,-0.01773794,-2.4740708,0.0,0.0,0.0,-0.00598041863834883,-0.00021177710256802484,0.72,-0.0032327026,0.06599317,5.8835052e-05,0.720636475619433,0.7193282233492544,0.7207654548636702,0.719269846167643
1777804263.5081358,3.1113412,0.23110938,2.4619472,3.1135597,0.21228275,0.0,0.08143153,-0.0012112397,-0.48614162,0.0,0.0,0.0,0.0022184849,-0.018826634,-2.4619472,0.0,0.0,0.0,-0.006497617723882604,-0.0004567748485545087,0.72,-0.006748352,0.06873559,-0.00024164534,0.7209881706316746,0.7191568165695263,0.7210093700853317,0.7188456427134677
1777804263.5284235,3.1130211,0.23174624,2.4541337,3.1135597,0.21228275,0.0,0.08542388,-0.0029579883,-0.49065137,0.0,0.0,0.0,0.00053858757,-0.019463494,-2.4541337,0.0,0.0,0.0,-0.006808900038814322,-0.0006132516994647242,0.72,-0.009183435,0.073515445,0.00023873057,0.7207346221855505,0.7191221394711503,0.7211207066930423,0.7190225316502573
1777804263.548086,3.1148663,0.23238458,2.445858,3.1135597,0.21228275,0.0,0.08945656,-0.0047723083,-0.49537042,0.0,0.0,0.0,-0.0013065338,-0.02010183,-2.445858,0.0,0.0,0.0,-0.007123163899610794,-0.0007753057436728517,0.72,-0.011145188,0.08039243,-0.00011002245,0.7206084671546937,0.7194575463136186,0.7207750722057308,0.7191589143259574
1777804263.5681863,3.1183116,0.23574284,2.4336872,3.1135597,0.21228275,0.0,0.09509162,-0.0065988237,-0.5023032,0.0,0.0,0.0,-0.0047519207,-0.02346009,-2.4336872,0.0,0.0,0.0,-0.007565456012441754,-0.0009457279450964507,0.72,-0.014719497,0.09116641,-5.8990467e-05,0.7200580087549435,0.7199773855250405,0.7204862781707577,0.7194783275492587
1777804263.5881028,3.1206195,0.23773722,2.4253716,3.1135597,0.21228275,0.0,0.0985505,-0.007872146,-0.50693464,0.0,0.0,0.0,-0.0070598125,-0.025454476,-2.4253716,0.0,0.0,0.0,-0.007836279474666218,-0.0010627538428863836,0.72,-0.016484266,0.09798977,7.610288e-05,0.7197182797390037,0.7202360585337962,0.720275916363954,0.7197697453632464
1777804263.6083214,3.124081,0.24047211,2.4128664,3.1135597,0.21228275,0.0,0.10319984,-0.0097643575,-0.5137912,0.0,0.0,0.0,-0.0105211735,-0.028189361,-2.4128664,0.0,0.0,0.0,-0.008199537645821472,-0.0012346466303194159,0.72,-0.019309552,0.10538551,3.362968e-05,0.7194484902121965,0.720531331979911,0.7200889031412749,0.719931274666618
1777804263.6281335,3.1257563,0.24039677,2.4041617,3.1135597,0.21228275,0.0,0.10579806,-0.011646668,-0.51854193,0.0,0.0,0.0,-0.012196541,-0.02811402,-2.4041617,0.0,0.0,0.0,-0.008398904615947679,-0.0013967338936361484,0.72,-0.021828992,0.108315766,-0.000120785415,0.7194202934820143,0.7206521777668441,0.7200469932126495,0.7198805355384926
1777804263.6480749,3.127307,0.23773332,2.3911397,3.1135597,0.21228275,0.0,0.108809166,-0.015122131,-0.5255647,0.0,0.0,0.0,-0.013747215,-0.025450572,-2.3911397,0.0,0.0,0.0,-0.008624772502594032,-0.0016853719620365081,0.72,-0.024985766,0.111988716,9.250952e-05,0.7193244330585284,0.72062006122779,0.720006917414265,0.7200485882994169
1777804263.6684601,3.1283681,0.23603038,2.3826468,3.1135597,0.21228275,0.0,0.11040063,-0.017278044,-0.5300322,0.0,0.0,0.0,-0.014808416,-0.023747638,-2.3826468,0.0,0.0,0.0,-0.008742884673320753,-0.0018631107707935256,0.72,-0.026845513,0.11326937,0.00022232483,0.7193301076561895,0.7205364974456615,0.7200325630786202,0.7201008318195293
1777804263.688216,3.1301932,0.23326032,2.3694675,3.1135597,0.21228275,0.0,0.11234246,-0.02051005,-0.5369634,0.0,0.0,0.0,-0.01663351,-0.020977572,-2.3694675,0.0,0.0,0.0,-0.008884542954117825,-0.002127658657458653,0.72,-0.027693242,0.113626406,3.307064e-05,0.7196967086253984,0.7202834489912656,0.7198921523873598,0.7201276899959766
1777804263.708179,3.1322646,0.22999565,2.355971,3.1135597,0.21228275,0.0,0.11375765,-0.02377002,-0.54405653,0.0,0.0,0.0,-0.018704891,-0.017712906,-2.355971,0.0,0.0,0.0,-0.008983995397617833,-0.0023924284283289056,0.72,-0.02904211,0.11384134,2.9609553e-05,0.7199368649765672,0.7200453692915321,0.7198165114273414,0.7202012543045597
1777804263.7282298,3.1343713,0.22687615,2.342515,3.1135597,0.21228275,0.0,0.114515044,-0.02680258,-0.55098385,0.0,0.0,0.0,-0.020811558,-0.0145934075,-2.342515,0.0,0.0,0.0,-0.009031941936846408,-0.0026361233934726336,0.72,-0.032040164,0.11634974,8.838659e-05,0.7197703568989665,0.7201766111489124,0.7196775682840828,0.7203754636680387
1777804263.7482023,3.1358104,0.2248675,2.333446,3.1135597,0.21228275,0.0,0.114660434,-0.028726807,-0.5555974,0.0,0.0,0.0,-0.022250652,-0.012584746,-2.333446,0.0,0.0,0.0,-0.009035625012335756,-0.00278923714957509,0.72,-0.034492925,0.11791225,0.00022197457,0.7195658559853008,0.72030095927531,0.719639434395053,0.7204937503443367
1777804263.7685683,3.139387,0.22259195,2.319487,3.1135597,0.21228275,0.0,0.11475841,-0.031205729,-0.5626188,0.0,0.0,0.0,-0.02582717,-0.010309204,-2.319487,0.0,0.0,0.0,-0.009033051885513111,-0.002986644620649308,0.72,-0.038531233,0.12150288,0.00012208741,0.719180341570303,0.720746405983096,0.7194453019956449,0.7206279504509564
1777804263.7880774,3.1416924,0.22110893,2.3103113,3.1135597,0.21228275,0.0,0.11443431,-0.032728385,-0.56719387,0.0,0.0,0.0,-0.028132677,-0.008826181,-2.3103113,0.0,0.0,0.0,-0.009000666683130874,-0.003106485563285677,0.72,-0.041403368,0.122715056,0.00010179939,0.7189471385039621,0.7209917818604031,0.7194197859114938,0.7206412937241414
1777804263.808087,3.1451194,0.21892145,2.296218,3.1135597,0.21228275,0.0,0.11331279,-0.03481969,-0.57402164,0.0,0.0,0.0,-0.031559706,-0.0066387057,-2.296218,0.0,0.0,0.0,-0.008902045965117011,-0.003268298660377571,0.72,-0.043942146,0.12181574,-0.00025986962,0.7189876745449254,0.7211682472244023,0.7193258988153622,0.7205181794153105
1777804263.8280892,3.1474538,0.21782656,2.2867346,3.1135597,0.21228275,0.0,0.11218364,-0.03597452,-0.5785589,0.0,0.0,0.0,-0.033894062,-0.005543813,-2.2867346,0.0,0.0,0.0,-0.008806781263690215,-0.003355508143968624,0.72,-0.045701224,0.11961214,-1.8050618e-05,0.718942635248911,0.7210681951216812,0.7195329844874842,0.7204561851419241
1777804263.8481362,3.1509762,0.21668927,2.2725022,3.1135597,0.21228275,0.0,0.109963134,-0.03733895,-0.58540577,0.0,0.0,0.0,-0.037416458,-0.0044065267,-2.2725022,0.0,0.0,0.0,-0.008623256050369968,-0.0034548801733152957,0.72,-0.04742505,0.11670928,-4.463167e-05,0.718960779538869,0.7210659994630582,0.7196122482364617,0.7203609727616115
1777804263.8686275,3.152146,0.21629815,2.267614,3.1135597,0.21228275,0.0,0.10903493,-0.037742116,-0.5877564,0.0,0.0,0.0,-0.038586378,-0.004015401,-2.267614,0.0,0.0,0.0,-0.008547253710021253,-0.0034830972944722306,0.72,-0.047818847,0.11632282,6.761371e-05,0.718878733300941,0.7210806984710622,0.7196041224600895,0.7204364457679078
1777804263.8882592,3.1557825,0.21554402,2.2482762,3.1135597,0.21228275,0.0,0.10441527,-0.038924977,-0.59694046,0.0,0.0,0.0,-0.04222274,-0.0032612681,-2.2482762,0.0,0.0,0.0,-0.00817253646721852,-0.003557901518394857,0.72,-0.04772586,0.11382439,-0.00015514594,0.718852961776071,0.7212401257895478,0.7192802087783763,0.7206267036560055
1777804263.908054,3.156089,0.2159201,2.243266,3.1135597,0.21228275,0.0,0.10286743,-0.03897929,-0.5992901,0.0,0.0,0.0,-0.042529345,-0.0036373585,-2.243266,0.0,0.0,0.0,-0.008048605953828218,-0.003555365083611122,0.72,-0.047692355,0.113513626,0.00022390517,0.7186403210128264,0.7212253358862284,0.719294710709512,0.7208396323914338
1777804263.9282756,3.156721,0.2166113,2.233092,3.1135597,0.21228275,0.0,0.099543385,-0.03903569,-0.6040583,0.0,0.0,0.0,-0.043161392,-0.004328549,-2.233092,0.0,0.0,0.0,-0.007782694610403027,-0.003545216372962301,0.72,-0.04866822,0.111171424,-0.00020702445,0.7186028467166589,0.7215213679544269,0.7191751146019254,0.7207006707269893
1777804263.948214,3.1575994,0.21754073,2.2180882,3.1135597,0.21228275,0.0,0.094108805,-0.038921643,-0.61100423,0.0,0.0,0.0,-0.044039726,-0.005257979,-2.2180882,0.0,0.0,0.0,-0.007348864135908251,-0.003512237138733312,0.72,-0.052041247,0.106790595,0.00026356734,0.7180754836917917,0.7217663759014965,0.719535749418968,0.7206223909877442
1777804263.9687197,3.1588295,0.21851031,2.2031796,3.1135597,0.21228275,0.0,0.08829366,-0.038522862,-0.61788756,0.0,0.0,0.0,-0.045269728,-0.006227568,-2.2031796,0.0,0.0,0.0,-0.0068858688060692685,-0.0034549551891194952,0.72,-0.05595385,0.10088843,-0.0003111535,0.7178867876321369,0.7222999044704418,0.7197428010084439,0.7200705068889779
1777804263.9880936,3.1601613,0.21929474,2.1930385,3.1135597,0.21228275,0.0,0.08422501,-0.038046952,-0.62247694,0.0,0.0,0.0,-0.046601534,-0.0070119947,-2.1930385,0.0,0.0,0.0,-0.006562697455489559,-0.0033993766067198904,0.72,-0.056495994,0.09656921,-2.5482484e-05,0.7177245024379266,0.722290787052766,0.719949818826507,0.720034891682801
1777804264.0081177,3.1614327,0.22000904,2.1827848,3.1135597,0.21228275,0.0,0.07989873,-0.037429053,-0.62712646,0.0,0.0,0.0,-0.04787302,-0.007726297,-2.1827848,0.0,0.0,0.0,-0.006219574370846299,-0.0033313814739518222,0.72,-0.055426925,0.091940984,-0.0003809252,0.7178758006389125,0.7223527544774235,0.7198527906419949,0.7199186542416695
1777804264.0280807,3.1631951,0.22097799,2.1673713,3.1135597,0.21228275,0.0,0.07305808,-0.0363553,-0.63407564,0.0,0.0,0.0,-0.04963541,-0.008695245,-2.1673713,0.0,0.0,0.0,-0.005677548552338579,-0.0032161554092903087,0.72,-0.051441327,0.08567378,-7.1364506e-05,0.7179459048344577,0.7220969138690556,0.7197013875903486,0.7202557937061385
1777804264.0481448,3.164147,0.22260417,2.1569002,3.1135597,0.21228275,0.0,0.06810402,-0.035165347,-0.6387691,0.0,0.0,0.0,-0.050587177,-0.010321423,-2.1569002,0.0,0.0,0.0,-0.00528684157061285,-0.003099799148569922,0.72,-0.048789803,0.08149805,-1.8571605e-05,0.7179691840297169,0.7220419589334767,0.7195648112395757,0.7204240457972312
1777804264.0684173,3.1652136,0.2263998,2.1412344,3.1135597,0.21228275,0.0,0.060357712,-0.03281433,-0.64578193,0.0,0.0,0.0,-0.051653862,-0.014117047,-2.1412344,0.0,0.0,0.0,-0.004678286574444535,-0.0028784569739773503,0.72,-0.044055983,0.07515982,-0.00026479436,0.7180989177483666,0.7220599588688389,0.7192320845310765,0.7206090388517185
1777804264.0883014,3.166135,0.2299268,2.1252239,3.1135597,0.21228275,0.0,0.05212461,-0.030315202,-0.65288794,0.0,0.0,0.0,-0.05257535,-0.017644048,-2.1252239,0.0,0.0,0.0,-0.004031561992577846,-0.0026433534689124195,0.72,-0.039847832,0.068235755,-0.0002203678,0.7180943388307148,0.7220378818501099,0.719051064359763,0.7208167149594128
1777804264.108159,3.1666458,0.23211168,2.1146073,3.1135597,0.21228275,0.0,0.046520367,-0.028593477,-0.6575891,0.0,0.0,0.0,-0.053086042,-0.01982893,-2.1146073,0.0,0.0,0.0,-0.003591473215339871,-0.002481759868394313,0.72,-0.03853986,0.06248425,-0.00029341635,0.718079329198953,0.7220967206107164,0.7191061373161076,0.7207178128742234
1777804264.128128,3.1679847,0.23552231,2.0985389,3.1135597,0.21228275,0.0,0.038043473,-0.0258103,-0.6646507,0.0,0.0,0.0,-0.054425,-0.023239568,-2.0985389,0.0,0.0,0.0,-0.0029265412814950056,-0.002223268761516781,0.72,-0.03756819,0.05215373,-0.00032569724,0.7180697657669302,0.7221256525778798,0.7194387201716853,0.7203658614835052
1777804264.1480849,3.1687582,0.23761383,2.087453,3.1135597,0.21228275,0.0,0.032107916,-0.023864875,-0.6694483,0.0,0.0,0.0,-0.05519843,-0.02533108,-2.087453,0.0,0.0,0.0,-0.002460972805931103,-0.002042612766515672,0.72,-0.036881395,0.045087203,-0.00016503107,0.7179956070490051,0.7221034115949536,0.7197123860215057,0.720188595334536
1777804264.1684372,3.1696942,0.24061112,2.0712962,3.1135597,0.21228275,0.0,0.02334635,-0.020924896,-0.67633307,0.0,0.0,0.0,-0.056134462,-0.028328374,-2.0712962,0.0,0.0,0.0,-0.0017741058060238401,-0.0017705332683405574,0.72,-0.034082655,0.036665212,-0.00054373295,0.7180479295820734,0.7222783101896012,0.7196338480518933,0.7200399121764325
1777804264.1879814,3.167942,0.24628444,2.0545082,3.1135597,0.21228275,0.0,0.013447792,-0.017043654,-0.6834208,0.0,0.0,0.0,-0.054382324,-0.034001693,-2.0545082,0.0,0.0,0.0,-0.0010007970164688728,-0.0014183399259764507,0.72,-0.029645752,0.029438185,-0.00018889073,0.7177490892220162,0.722364245214884,0.719542395279042,0.7203442702840582
1777804264.2080991,3.1667354,0.24985601,2.0431478,3.1135597,0.21228275,0.0,0.0067499173,-0.014370076,-0.6881474,0.0,0.0,0.0,-0.053175688,-0.037573263,-2.0431478,0.0,0.0,0.0,-0.0004777687072402781,-0.0011763863037537359,0.72,-0.026841735,0.024594178,-0.0002569462,0.7176163657579411,0.7225378019584495,0.7194041031088136,0.7204417291747962
1777804264.2279522,3.1648512,0.25494412,2.026491,3.1135597,0.21228275,0.0,-0.0030419729,-0.010396886,-0.69504106,0.0,0.0,0.0,-0.051291466,-0.04266137,-2.026491,0.0,0.0,0.0,0.00028667484738017726,-0.0008178175458362347,0.72,-0.022349676,0.017832385,-0.00015353577,0.7173626385109675,0.7227294829529993,0.7192108301340967,0.720697048401937
1777804264.2483115,3.163437,0.25834826,2.0150547,3.1135597,0.21228275,0.0,-0.009720191,-0.0076951613,-0.69978875,0.0,0.0,0.0,-0.049877167,-0.04606551,-2.0150547,0.0,0.0,0.0,0.0008081421805206345,-0.0005741195870389549,0.72,-0.020260891,0.011762482,-7.703056e-05,0.7172272167307019,0.7228190016072542,0.7192745017699949,0.7206792798920495
1777804264.268397,3.1618814,0.26179764,2.0037606,3.1135597,0.21228275,0.0,-0.01634381,-0.0049803588,-0.70440364,0.0,0.0,0.0,-0.048321724,-0.04951489,-2.0037606,0.0,0.0,0.0,0.0013252294302845869,-0.00032989393166485084,0.72,-0.019275002,0.0050272006,2.2056338e-07,0.7170604221129622,0.7229394455490096,0.7194847669367058,0.7205153654013229
1777804264.28793,3.159372,0.26668108,1.9835894,3.1135597,0.21228275,0.0,-0.027967999,-0.0004056235,-0.7125573,0.0,0.0,0.0,-0.04581237,-0.054398328,-1.9835894,0.0,0.0,0.0,0.0022337762074478326,8.294601321610806e-05,0.72,-0.017385898,-0.0074874996,1.9484898e-05,0.7168855604269377,0.7231027486342163,0.719844887097489,0.7201668038413576
1777804264.3080177,3.157546,0.26981607,1.9691062,3.1135597,0.21228275,0.0,-0.036187395,0.0027917654,-0.71830904,0.0,0.0,0.0,-0.04398632,-0.057533324,-1.9691062,0.0,0.0,0.0,0.0028765909600023867,0.0003714191331999151,0.72,-0.013730865,-0.015526377,-3.085297e-07,0.7168957234011301,0.7231044617166932,0.7198353149452071,0.7201644999369701
1777804264.3280723,3.1562498,0.27070934,1.9604187,3.1135597,0.21228275,0.0,-0.041090705,0.00446687,-0.72172606,0.0,0.0,0.0,-0.04269004,-0.05842659,-1.9604187,0.0,0.0,0.0,0.0032611189597570255,0.0005247837795529354,0.72,-0.010110646,-0.020823345,-2.8184746e-05,0.7170795686071679,0.722937342240457,0.7197299286074427,0.7202531605449328
1777804264.348068,3.1525657,0.27331465,1.9399209,3.1135597,0.21228275,0.0,-0.052446626,0.008575513,-0.7297279,0.0,0.0,0.0,-0.039005995,-0.061031908,-1.9399209,0.0,0.0,0.0,0.0041511992142349375,0.0008969642714775006,0.72,-0.00050330197,-0.03387682,-4.7387133e-05,0.7176359342085783,0.7223924980713626,0.7194819587867494,0.7204896089333103
1777804264.3683488,3.1511567,0.27419558,1.9310999,3.1135597,0.21228275,0.0,-0.05714667,0.010280497,-0.73315126,0.0,0.0,0.0,-0.03759694,-0.061912835,-1.9310999,0.0,0.0,0.0,0.004519748620115465,0.001051044177433873,0.72,0.0028293992,-0.03829062,-3.5232806e-05,0.717729378567713,0.7222917611159538,0.7193576233680813,0.7206212369482523
1777804264.3879983,3.147212,0.2767411,1.9097837,3.1135597,0.21228275,0.0,-0.06826061,0.014428702,-0.74136174,0.0,0.0,0.0,-0.033652306,-0.06445834,-1.9097837,0.0,0.0,0.0,0.005391145277142315,0.0014241699698106158,0.72,0.008896057,-0.04855911,-0.0001299271,0.7178200762555712,0.7222578800015832,0.7191670908880123,0.7207549528548337
1777804264.408356,3.1459737,0.2775526,1.9037577,3.1135597,0.21228275,0.0,-0.071309894,0.015597328,-0.7436392,0.0,0.0,0.0,-0.03241396,-0.06526986,-1.9037577,0.0,0.0,0.0,0.005630211398989457,0.0015288149572675147,0.72,0.009844112,-0.052227147,-6.1691317e-06,0.7178085251139237,0.7221951763650752,0.719287395595864,0.7207089029251376
1777804264.4282308,3.1410184,0.27901664,1.8793612,3.1135597,0.21228275,0.0,-0.08317363,0.0197459,-0.75282145,0.0,0.0,0.0,-0.027458668,-0.0667339,-1.8793612,0.0,0.0,0.0,0.006562438425172319,0.0019033418045424444,0.72,0.011928295,-0.06768313,-0.00015520901,0.7179496964965363,0.7221434289098828,0.719754727533551,0.7201521470600303
1777804264.4480464,3.1397424,0.27939135,1.8730317,3.1135597,0.21228275,0.0,-0.08610908,0.0208098,-0.7551713,0.0,0.0,0.0,-0.026182652,-0.0671086,-1.8730317,0.0,0.0,0.0,0.0067930632498627835,0.001998871353457972,0.72,0.0121681765,-0.07195372,-0.00022429622,0.7180051060885689,0.7221294716445457,0.7199213628268206,0.7199440594400652
1777804264.468611,3.1558323,0.22013934,2.0274944,3.1135597,0.21228275,0.0,-0.0898698,0.009204827,-0.73640037,0.0,0.0,0.0,-0.042272568,-0.007856593,-2.0274944,0.0,0.0,0.0,0.007139451126207348,0.001087045349880853,0.72,0.015622599,-0.08206107,0.00028225532,0.7195035202293748,0.7203271265777195,0.7193473482739781,0.720822004918928
1777804264.4881036,3.1732025,0.16030802,2.1879048,3.1135597,0.21228275,0.0,-0.090711154,-0.0033815627,-0.7152937,0.0,0.0,0.0,-0.05964279,0.05197473,-2.1879048,0.0,0.0,0.0,0.007257049794855559,3.592836757217999e-05,0.72,0.018671844,-0.088215314,-1.8778737e-05,0.7212636280992716,0.7187476391430988,0.7183367225273104,0.7216520102303197
1777804264.5082004,3.190865,0.09932048,2.3512182,3.1135597,0.21228275,0.0,-0.09118394,-0.016243588,-0.6937971,0.0,0.0,0.0,-0.07730532,0.11296227,-2.3512182,0.0,0.0,0.0,0.007339746640522993,-0.0009844922160603886,0.72,0.018949032,-0.092424825,-0.0001579109,0.7226020273768043,0.7174927191595374,0.7175064513155687,0.72239880214809
1777804264.5282142,3.2143836,0.016669134,2.5693257,3.1135597,0.21228275,0.0,-0.0921947,-0.033326644,-0.6656484,0.0,0.0,0.0,-0.10082388,0.19561361,-2.5693257,0.0,0.0,0.0,0.00748323216452329,-0.0023365847791461114,0.72,0.012196601,-0.095805384,0.00015536981,0.7234469005187877,0.7164598775955937,0.7169154966271564,0.7231777252584626
1777804264.5480645,3.2296672,-0.03748565,2.7119792,3.1135597,0.21228275,0.0,-0.09256785,-0.044465277,-0.6473642,0.0,0.0,0.0,-0.116107464,0.2497684,-2.7119792,0.0,0.0,0.0,0.0075544236910547015,-0.003222275673877082,0.72,0.0023723927,-0.09617211,8.575723e-05,0.7235256849682863,0.7164228606934679,0.7167530051290047,0.7232984492092415
1777804264.568367,3.262207,-0.10710355,2.9419563,3.1135597,0.21228275,0.0,-0.090284616,-0.058494017,-0.6175111,0.0,0.0,0.0,-0.14864731,0.3193863,-2.9419563,0.0,0.0,0.0,0.007422516639177346,-0.004352316262835814,0.72,-0.020718561,-0.09618965,0.00020422216,0.722906219889746,0.7169712468140184,0.7176390904979758,0.7224834427982603
1777804264.5881805,3.29816,-0.14952844,3.1416595,3.1135597,0.21228275,0.0,-0.085174255,-0.06701504,-0.5905423,0.0,0.0,0.0,-0.18460035,0.3618112,-3.1416595,0.0,0.0,0.0,0.007044797584415789,-0.005052012258226739,0.72,-0.039530143,-0.095496185,0.0002127375,0.7224206767809965,0.7174516807162273,0.718769117669999,0.7213585248327776
1777804264.6083484,3.3466518,-0.20708351,3.4097435,3.1135597,0.21228275,0.0,-0.07824946,-0.078192696,-0.55494815,0.0,0.0,0.0,-0.23309207,0.41936624,-3.4097435,0.0,0.0,0.0,0.006535579424296323,-0.005966056941756861,0.72,-0.066567935,-0.09421288,0.0002357545,0.721571346940625,0.7182872003583105,0.7204315553661015,0.7197098973349635
1777804264.628059,3.376148,-0.24243295,3.5720696,3.1135597,0.21228275,0.0,-0.07404992,-0.084649734,-0.5337855,0.0,0.0,0.0,-0.26258826,0.4547157,-3.5720696,0.0,0.0,0.0,0.006232415149259048,-0.006488887001041377,0.72,-0.08096887,-0.091471784,4.3521297e-05,0.7210836484310414,0.7188902387908165,0.7210870066811306,0.718939106097012
1777804264.648227,3.4169886,-0.2917977,3.7959564,3.1135597,0.21228275,0.0,-0.068131156,-0.09297168,-0.50505203,0.0,0.0,0.0,-0.3034289,0.5040804,-3.7959564,0.0,0.0,0.0,0.005804846162455526,-0.007164558303444295,0.72,-0.09535505,-0.087062456,-8.249639e-05,0.7207210536141108,0.7193284442220416,0.7215992469751779,0.7183512551886703
1777804264.6684108,3.454224,-0.33728242,3.9991813,3.1135597,0.21228275,0.0,-0.062566295,-0.09982268,-0.47957173,0.0,0.0,0.0,-0.3406644,0.5495652,-3.9991813,0.0,0.0,0.0,0.005401389011521154,-0.0077234028949417066,0.72,-0.10234331,-0.079800166,7.934049e-05,0.7204947599597268,0.7194576357458952,0.721470488607578,0.7185771156868005
1777804264.6881185,3.478609,-0.36723164,4.1543393,3.1135597,0.21228275,0.0,-0.058599025,-0.10381765,-0.45995295,0.0,0.0,0.0,-0.36504936,0.5795144,-4.1543393,0.0,0.0,0.0,0.0051012314359498495,-0.008058012975501185,0.72,-0.10559199,-0.07404523,-0.00013398689,0.7204732370766664,0.7196071550575923,0.7211715373999902,0.7187480704657515
1777804264.7081969,3.5145822,-0.41140416,4.4130645,3.1135597,0.21228275,0.0,-0.052334603,-0.10912362,-0.42682943,0.0,0.0,0.0,-0.40102243,0.6236869,-4.4130645,0.0,0.0,0.0,0.0046224682402324115,-0.008506715483865897,0.72,-0.10693451,-0.06718941,-1.5793772e-05,0.7207093773878398,0.719300098875381,0.7207959917843136,0.719194531952466
1777804264.728387,3.537138,-0.43920958,4.5745096,3.1135597,0.21228275,0.0,-0.04829579,-0.111954935,-0.40645406,0.0,0.0,0.0,-0.42357826,0.65149236,-4.5745096,0.0,0.0,0.0,0.004311440239680415,-0.00874882106020742,0.72,-0.10657522,-0.06357969,-0.000100783436,0.7210279736604561,0.7190324964012691,0.7205218968100424,0.7194176331282328
1777804264.7479792,3.5684533,-0.4780676,4.7973566,3.1135597,0.21228275,0.0,-0.042636335,-0.115140535,-0.37893724,0.0,0.0,0.0,-0.4548936,0.69035035,-4.7973566,0.0,0.0,0.0,0.0038797757571772708,-0.009022368280749902,0.72,-0.108610846,-0.055799287,-3.97688e-05,0.7209295984209361,0.7190942628601422,0.7202387359547162,0.719737402764206
1777804264.7680802,3.5973914,-0.51424253,5.0019774,3.1135597,0.21228275,0.0,-0.037278313,-0.116970316,-0.35432875,0.0,0.0,0.0,-0.48383164,0.7265253,-5.0019774,0.0,0.0,0.0,0.0034701973014376365,-0.009185753452080938,0.72,-0.11391717,-0.050147537,6.1142404e-05,0.7205956426444375,0.7193676719132426,0.7204875686954132,0.7195491167469071
1777804264.7879612,3.6153736,-0.536843,5.1284246,3.1135597,0.21228275,0.0,-0.033872977,-0.117467545,-0.3394478,0.0,0.0,0.0,-0.5018139,0.7491257,-5.1284246,0.0,0.0,0.0,0.0032067873114098333,-0.00923701177822302,0.72,-0.118412286,-0.046385836,3.596826e-05,0.7202573179738827,0.7197211010701716,0.7207508411402893,0.7192707398156568
1777804264.8079944,3.6418405,-0.5668688,5.3195467,3.1135597,0.21228275,0.0,-0.028756576,-0.11737416,-0.3168616,0.0,0.0,0.0,-0.52828074,0.77915156,-5.3195467,0.0,0.0,0.0,0.0028049728187000958,-0.009248312465114187,0.72,-0.124599956,-0.04139641,-1.0767894e-05,0.7197902862784774,0.7202161744581076,0.7212231935678258,0.7187703456955896
1777804264.828105,3.6598618,-0.5834194,5.45633,3.1135597,0.21228275,0.0,-0.025256839,-0.11629677,-0.3006075,0.0,0.0,0.0,-0.5463021,0.7957021,-5.45633,0.0,0.0,0.0,0.0025240635645922362,-0.00917588150385157,0.72,-0.12515034,-0.0380207,-2.7165486e-05,0.7196895965772128,0.7203267027145331,0.7213455883282095,0.7186381123800449
1777804264.848048,3.685043,-0.6066442,5.646475,3.1135597,0.21228275,0.0,-0.020274965,-0.11366589,-0.27850202,0.0,0.0,0.0,-0.5714834,0.81892693,-5.646475,0.0,0.0,0.0,0.0021193305896273617,-0.008985429595061607,0.72,-0.12468397,-0.032896243,0.00017829084,0.7194695936994827,0.720423431798539,0.7215551440069894,0.7185518304949895
1777804264.8682315,3.7008061,-0.62172455,5.7643213,3.1135597,0.21228275,0.0,-0.017193265,-0.10981333,-0.26595035,0.0,0.0,0.0,-0.5872464,0.83400726,-5.7643213,0.0,0.0,0.0,0.0018598771366077926,-0.00868981228742637,0.72,-0.12347366,-0.029081494,-7.7487755e-05,0.7193018082340863,0.7207446844191134,0.7216314764712746,0.7183220308755262
1777804264.8880017,3.7157526,-0.6355569,5.8760834,3.1135597,0.21228275,0.0,-0.014103013,-0.10682135,-0.2535429,0.0,0.0,0.0,-0.6021929,0.8478396,-5.8760834,0.0,0.0,0.0,0.0016015644376120397,-0.008463642784803112,0.72,-0.12196317,-0.025796903,2.3126644e-05,0.7191618387656907,0.7208242852479028,0.7217625368866538,0.718251339099753
1777804264.9082878,3.736804,-0.6550695,6.0325184,3.1135597,0.21228275,0.0,-0.009718733,-0.10134863,-0.23669182,0.0,0.0,0.0,-0.6232443,0.86735225,-6.0325184,0.0,0.0,0.0,0.0012278397398966768,-0.008045178279513765,0.72,-0.117320366,-0.023415558,5.4332686e-06,0.7193033239059458,0.720693416132895,0.7219874859006834,0.7180157740604763
1777804264.9279785,3.7499628,-0.66722846,6.1297235,3.1135597,0.21228275,0.0,-0.006962465,-0.097256675,-0.2264899,0.0,0.0,0.0,-0.6364031,0.87951124,-6.1297235,0.0,0.0,0.0,0.0009895579124087118,-0.007730225179561678,0.72,-0.11289571,-0.022517817,7.085539e-05,0.7194891790364665,0.7204683077280025,0.7221345558739035,0.717907957361628
1777804264.9482174,3.7726407,-0.68432105,6.291059,3.1135597,0.21228275,0.0,-0.0020409743,-0.09057771,-0.20875412,0.0,0.0,0.0,-0.659081,0.8966038,-6.291059,0.0,0.0,0.0,0.0005666725028388276,-0.0072182356577816685,0.72,-0.10412134,-0.018082773,-5.415263e-05,0.7197847234253144,0.7202477681535799,0.721975175299076,0.71799233312203
1777804264.9684718,3.7797937,-0.68970007,6.341685,3.1135597,0.21228275,0.0,-0.00047353096,-0.08813281,-0.2033205,0.0,0.0,0.0,-0.666234,0.9019828,-6.341685,0.0,0.0,0.0,0.0004299676883190351,-0.007029880499515908,0.72,-0.101503894,-0.01597839,-0.0001470473,0.7198019867327622,0.7202862416515028,0.7218946203467497,0.7180171512689859
1777804264.988243,3.8001454,-0.7049494,6.484899,3.1135597,0.21228275,0.0,0.0039591603,-0.08012215,-0.18835269,0.0,0.0,0.0,-0.68658566,0.91723216,-6.484899,0.0,0.0,0.0,3.834540404362485e-05,-0.006409652630840839,0.72,-0.09387007,-0.0074969577,0.00019553857,0.7194027963855444,0.7204798804743069,0.7217200260331158,0.7183972971070335
1777804265.0083227,3.8130994,-0.7145813,6.575478,3.1135597,0.21228275,0.0,0.0067722513,-0.07443892,-0.17913203,0.0,0.0,0.0,-0.69953966,0.926864,-6.575478,0.0,0.0,0.0,-0.00021279659347465564,-0.005968158547208351,0.72,-0.0893146,-0.0013779844,8.2540384e-05,0.7191212635934991,0.7208292121760833,0.7215248070999684,0.7185247171304496
1777804265.0281343,3.8250341,-0.7233922,6.658256,3.1135597,0.21228275,0.0,0.009341601,-0.068174906,-0.17116517,0.0,0.0,0.0,-0.7114744,0.9356749,-6.658256,0.0,0.0,0.0,-0.00044688793927337043,-0.005479219823368773,0.72,-0.08476689,0.0035688702,-7.460679e-05,0.718881629209207,0.7211631348641833,0.721441127429616,0.7185141084969943
1777804265.048306,3.8437543,-0.7371477,6.787812,3.1135597,0.21228275,0.0,0.013300624,-0.058952786,-0.15845346,0.0,0.0,0.0,-0.73019457,0.94943047,-6.787812,0.0,0.0,0.0,-0.0008059971544597744,-0.004759959991892231,0.72,-0.07855301,0.007066451,-0.00012009812,0.7187524294211801,0.7213196294511389,0.7217289327256451,0.7181990084020363
1777804265.068127,3.855644,-0.7442455,6.8716936,3.1135597,0.21228275,0.0,0.015692044,-0.05191342,-0.15034196,0.0,0.0,0.0,-0.74208426,0.9565283,-6.8716936,0.0,0.0,0.0,-0.0010292948389109212,-0.004208121426509042,0.72,-0.073740624,0.008504808,-0.00010939841,0.7186906012412253,0.721375037804853,0.7220072191647458,0.7179271417891764
1777804265.0881436,3.8727684,-0.7522032,6.9948697,3.1135597,0.21228275,0.0,0.018951979,-0.04061622,-0.13832317,0.0,0.0,0.0,-0.7592087,0.964486,-6.9948697,0.0,0.0,0.0,-0.0013403508732455906,-0.00331996754662379,0.72,-0.065760285,0.010145852,-0.00023231207,0.71865752108099,0.7214818661619709,0.7223998442907413,0.7174607684662982
1777804265.108209,3.8833632,-0.7569677,7.070437,3.1135597,0.21228275,0.0,0.020902988,-0.03272985,-0.13132529,0.0,0.0,0.0,-0.7698035,0.96925044,-7.070437,0.0,0.0,0.0,-0.0015309116468085015,-0.0026985349112294975,0.72,-0.058756698,0.012320663,-6.1954095e-05,0.7185618439248531,0.721475328532233,0.7225286733129794,0.7174341542299348
1777804265.1282234,3.8980272,-0.76327634,7.1741304,3.1135597,0.21228275,0.0,0.023492482,-0.020495325,-0.122288875,0.0,0.0,0.0,-0.78446746,0.9755591,-7.1741304,0.0,0.0,0.0,-0.0017906553469000386,-0.0017325767856997665,0.72,-0.047542725,0.01728075,0.00017487368,0.7182848920488567,0.721610183741261,0.7225314986486816,0.7175734255612012
1777804265.1482472,3.907192,-0.76704097,7.2384067,3.1135597,0.21228275,0.0,0.025010988,-0.01215145,-0.11699112,0.0,0.0,0.0,-0.79363227,0.97932374,-7.2384067,0.0,0.0,0.0,-0.0019473958254489787,-0.0010727453790232034,0.72,-0.03903818,0.020786552,-0.00017680474,0.7182872039804369,0.7218188788616656,0.7222817393890774,0.7176121777688206
1777804265.1680706,3.9200215,-0.77200013,7.3274703,3.1135597,0.21228275,0.0,0.026899014,0.0007796046,-0.11025808,0.0,0.0,0.0,-0.8064618,0.98428285,-7.3274703,0.0,0.0,0.0,-0.002152239228025258,-4.820028955507705e-05,0.72,-0.026354387,0.026211387,0.0001621736,0.7179465255213624,0.7219561703180466,0.7221641310872491,0.7179331730733424
1777804265.1882093,3.9306881,-0.7756708,7.4183307,3.1135597,0.21228275,0.0,0.028154545,0.014115761,-0.10307136,0.0,0.0,0.0,-0.8171284,0.98795354,-7.4183307,0.0,0.0,0.0,-0.002307579944940441,0.0010104958996309632,0.72,-0.01187003,0.029980328,9.791486e-05,0.7179196809272433,0.7220215701562659,0.7218986264931931,0.7181601224232981
1777804265.2088337,3.9358087,-0.7770887,7.4872446,3.1135597,0.21228275,0.0,0.028560124,0.022902753,-0.0968453,0.0,0.0,0.0,-0.82224894,0.9893714,-7.4872446,0.0,0.0,0.0,-0.0023761343615127653,0.001709762044116907,0.72,-0.0011173622,0.031409662,6.633878e-05,0.7180443087331188,0.7219158880010537,0.7216824140352023,0.7183573892306256
1777804265.2282968,3.9429622,-0.7786778,7.5827637,3.1135597,0.21228275,0.0,0.028875558,0.036425214,-0.088825986,0.0,0.0,0.0,-0.82940245,0.9909606,-7.5827637,0.0,0.0,0.0,-0.002456923622228251,0.002787091791518259,0.72,0.01582156,0.032790087,2.1469987e-05,0.7183059086100033,0.7216812093979895,0.7213615246883013,0.7186513573037063
1777804265.2479904,3.9495792,-0.7796761,7.670301,3.1135597,0.21228275,0.0,0.028839758,0.050129186,-0.08204721,0.0,0.0,0.0,-0.8360195,0.99195886,-7.670301,0.0,0.0,0.0,-0.0025107076779008076,0.0038801799689827735,0.72,0.029943818,0.03165222,-0.00021053651,0.7185570165534206,0.721569305354316,0.7214000436674168,0.718473634424847
1777804265.2681878,3.9536989,-0.7800453,7.7246065,3.1135597,0.21228275,0.0,0.028674826,0.05907022,-0.078103065,0.0,0.0,0.0,-0.84013915,0.99232805,-7.7246065,0.0,0.0,0.0,-0.0025346667200729024,0.004593954248321985,0.72,0.03754638,0.031606734,0.00017728825,0.7183626978001807,0.721530929247823,0.7216495582321281,0.7184568147198687
1777804265.288064,3.9593563,-0.78007925,7.799132,3.1135597,0.21228275,0.0,0.028207656,0.072306454,-0.07320614,0.0,0.0,0.0,-0.8457966,0.992362,-7.799132,0.0,0.0,0.0,-0.00255269699277914,0.005651579683910893,0.72,0.04726302,0.03252214,9.245107e-05,0.7180526524348408,0.7218918769245037,0.7218491994374131,0.7182062712032427
1777804265.3086658,3.9636152,-0.7783561,7.85317,3.1135597,0.21228275,0.0,0.028108023,0.08159973,-0.06933499,0.0,0.0,0.0,-0.85005546,0.99063885,-7.85317,0.0,0.0,0.0,-0.00258415416176927,0.006393159687716299,0.72,0.05420383,0.033200458,0.00029033568,0.7177841636074641,0.7220416349845997,0.7220720714853308,0.7181021299226058
1777804265.3280294,3.9704583,-0.7733087,7.937832,3.1135597,0.21228275,0.0,0.028370705,0.095899,-0.06288021,0.0,0.0,0.0,-0.85689855,0.9855914,-7.937832,0.0,0.0,0.0,-0.0026614353975632633,0.007534361382646324,0.72,0.06968694,0.03414768,-9.186975e-05,0.7179977758990105,0.7220573459496977,0.7218614661271949,0.7180834120240973
1777804265.3481786,3.9726353,-0.7715796,7.96457,3.1135597,0.21228275,0.0,0.028397754,0.10058607,-0.06094742,0.0,0.0,0.0,-0.85907555,0.9838624,-7.96457,0.0,0.0,0.0,-0.002681866187059896,0.00790875893324298,0.72,0.07580082,0.034749046,0.00023290413,0.7179873780319331,0.7218728794895707,0.7218165069872976,0.718323235491199
1777804265.3679767,3.9806807,-0.76439345,8.062874,3.1135597,0.21228275,0.0,0.028058086,0.118768714,-0.054569546,0.0,0.0,0.0,-0.867121,0.9766762,-8.062874,0.0,0.0,0.0,-0.0027245487584590046,0.009363502915268676,0.72,0.09953013,0.03594898,0.00029088548,0.718360272201094,0.7214651965106931,0.7213369884198811,0.7188375428683322
1777804265.3879128,3.9845052,-0.7601228,8.107637,3.1135597,0.21228275,0.0,0.027251432,0.12953436,-0.05287089,0.0,0.0,0.0,-0.87094545,0.97240555,-8.107637,0.0,0.0,0.0,-0.002700862327645597,0.010227652888216197,0.72,0.112803385,0.036033276,-0.00010982019,0.7186477641519171,0.7214181279621533,0.7209886362684115,0.7189454716175185
1777804265.40876,3.9863455,-0.75825524,8.129863,3.1135597,0.21228275,0.0,0.027025862,0.13364011,-0.051534638,0.0,0.0,0.0,-0.8727858,0.970538,-8.129863,0.0,0.0,0.0,-0.002698182030066798,0.010556980233295432,0.72,0.117420614,0.03619476,0.0002506772,0.7185640669098978,0.7212855267702206,0.721041135493856,0.7191092708260262
1777804265.4282112,3.9913945,-0.7522923,8.190516,3.1135597,0.21228275,0.0,0.025993759,0.14601687,-0.048629448,0.0,0.0,0.0,-0.8778348,0.96457505,-8.190516,0.0,0.0,0.0,-0.002661531574434397,0.011551406266904847,0.72,0.12882234,0.03752708,-8.6537955e-05,0.7184397075689745,0.7216122152041523,0.7208790226798469,0.7190690545470269
1777804265.448183,3.9942374,-0.7487036,8.233507,3.1135597,0.21228275,0.0,0.025376873,0.15389112,-0.04620752,0.0,0.0,0.0,-0.8806777,0.9609864,-8.233507,0.0,0.0,0.0,-0.0026408515301811074,0.012184150873473066,0.72,0.13611506,0.037973884,0.00017395108,0.7182558093146352,0.721639820039069,0.7209500722268288,0.7191542984194674
1777804265.4683208,3.9965737,-0.74548733,8.278608,3.1135597,0.21228275,0.0,0.024824422,0.1613959,-0.043268684,0.0,0.0,0.0,-0.88301396,0.9577701,-8.278608,0.0,0.0,0.0,-0.0026170258693211145,0.012788563272205131,0.72,0.14331922,0.039060444,-6.626349e-05,0.7181890437016135,0.7218507143936125,0.7207953370546677,0.7191649048501068
1777804265.488116,3.9998598,-0.7404229,8.34158,3.1135597,0.21228275,0.0,0.02380117,0.1719324,-0.03955136,0.0,0.0,0.0,-0.8863001,0.9527056,-8.34158,0.0,0.0,0.0,-0.002561372628589673,0.013638489894660566,0.72,0.15372413,0.04034446,-0.00030545366,0.7180848926068903,0.7220983795918828,0.720582738762502,0.7192339890387253
1777804265.5083034,4.0018497,-0.7368975,8.379942,3.1135597,0.21228275,0.0,0.02294006,0.1783863,-0.037547715,0.0,0.0,0.0,-0.8882899,0.94918025,-8.379942,0.0,0.0,0.0,-0.002506965979797071,0.014160217033827758,0.72,0.16183826,0.040366482,5.8858095e-05,0.7180468340201148,0.7219178511227978,0.7205084608211396,0.7195268540359482
1777804265.5282001,4.0047274,-0.7314167,8.434531,3.1135597,0.21228275,0.0,0.021441285,0.18731801,-0.03496782,0.0,0.0,0.0,-0.89116764,0.9436995,-8.434531,0.0,0.0,0.0,-0.002404250644640964,0.014883777966284555,0.72,0.17557633,0.037280206,0.00012778552,0.71854582691018,0.7213775017784203,0.7202978414771471,0.719778829834253
1777804265.5480843,4.006703,-0.7277474,8.470568,3.1135597,0.21228275,0.0,0.020388544,0.19267787,-0.0333078,0.0,0.0,0.0,-0.8931432,0.9400301,-8.470568,0.0,0.0,0.0,-0.002328291713967019,0.015318788290434,0.72,0.18399648,0.033685543,-7.119915e-05,0.7190557384525069,0.7209869810389588,0.7202111581525357,0.719746122355999
1777804265.5681248,4.009229,-0.72096574,8.528701,3.1135597,0.21228275,0.0,0.018475115,0.2000685,-0.03024102,0.0,0.0,0.0,-0.89566946,0.9332485,-8.528701,0.0,0.0,0.0,-0.0021839094040116435,0.01592040549186862,0.72,0.1931721,0.0284503,0.00011354982,0.719407182670203,0.7205246874396636,0.7204085879910954,0.7196595418990385
1777804265.5882616,4.0105796,-0.7117382,8.590473,3.1135597,0.21228275,0.0,0.015936315,0.20670676,-0.02667688,0.0,0.0,0.0,-0.89701986,0.924021,-8.590473,0.0,0.0,0.0,-0.0019903054433513035,0.01646302614266233,0.72,0.19999713,0.024799082,3.3601762e-05,0.7195330423423297,0.7204467966004874,0.720479715355858,0.7195404457013252
1777804265.6081092,4.011607,-0.70262975,8.644692,3.1135597,0.21228275,0.0,0.013343605,0.21209466,-0.024201468,0.0,0.0,0.0,-0.89804745,0.91491246,-8.644692,0.0,0.0,0.0,-0.0017859081847401016,0.016905489495793704,0.72,0.20516504,0.022781637,4.2353066e-05,0.7194583853218784,0.7205162028388149,0.7204683691970538,0.7195570426422533
1777804265.6280775,4.0121393,-0.69655097,8.677133,3.1135597,0.21228275,0.0,0.011492287,0.21503586,-0.023103215,0.0,0.0,0.0,-0.8985796,0.90883374,-8.677133,0.0,0.0,0.0,-0.0016372001029337558,0.017148507171049134,0.72,0.2074687,0.023471555,-3.484246e-05,0.7192189175611952,0.7208019879137617,0.72030003388607,0.7196790606389736
1777804265.6480017,4.0127544,-0.68739253,8.721263,3.1135597,0.21228275,0.0,0.0085100345,0.21841533,-0.022245664,0.0,0.0,0.0,-0.8991947,0.89967525,-8.721263,0.0,0.0,0.0,-0.0013952974506818096,0.01743045735257445,0.72,0.21046844,0.023110755,0.0001456062,0.7189097731543561,0.7210028631245389,0.7201831009809398,0.7199042627401656
1777804265.6680596,4.013091,-0.68157774,8.748712,3.1135597,0.21228275,0.0,0.0066073188,0.21987909,-0.02171988,0.0,0.0,0.0,-0.89953136,0.89386046,-8.748712,0.0,0.0,0.0,-0.0012382586307768718,0.017554599657546098,0.72,0.21415111,0.022148188,-2.6824146e-05,0.7190519402986574,0.7209641541887061,0.7198808668503245,0.7201030386623125
1777804265.6883159,4.0140295,-0.67612106,8.779595,3.1135597,0.21228275,0.0,0.0046878066,0.22074114,-0.020806469,0.0,0.0,0.0,-0.9004698,0.8884038,-8.779595,0.0,0.0,0.0,-0.001078137754132209,0.017630334069042776,0.72,0.21785238,0.020317547,0.00016449933,0.7192012408318661,0.7207000595690943,0.7197042271526707,0.7203944724463692
1777804265.7082975,4.0163198,-0.6688231,8.8314905,3.1135597,0.21228275,0.0,0.0020431578,0.22083923,-0.018485421,0.0,0.0,0.0,-0.90276,0.8811059,-8.8314905,0.0,0.0,0.0,-0.0008528896606638625,0.017646994613788394,0.72,0.22478083,0.017566416,-4.239751e-05,0.7197957672079324,0.7202296712984851,0.7190993854873805,0.7208751760062025
1777804265.727991,4.0183153,-0.66146576,8.878743,3.1135597,0.21228275,0.0,-0.0007831855,0.2196165,-0.016994055,0.0,0.0,0.0,-0.9047556,0.87374854,-8.878743,0.0,0.0,0.0,-0.0006096187138777509,0.017557766582130485,0.72,0.22971016,0.0134783,0.00016309886,0.7203014714417699,0.7196006692449834,0.7187612380495269,0.7213366212637202
1777804265.7480464,4.0194726,-0.6566207,8.907661,3.1135597,0.21228275,0.0,-0.0027463099,0.2180667,-0.016344843,0.0,0.0,0.0,-0.9059129,0.8689034,-8.907661,0.0,0.0,0.0,-0.0004386590974818827,0.017439332445213715,0.72,0.23042855,0.011409674,0.00013411816,0.720480601029473,0.7194389280725705,0.7185711693511214,0.7215093015468356
1777804265.7679803,4.021006,-0.64948815,8.947994,3.1135597,0.21228275,0.0,-0.005795582,0.21462044,-0.015891297,0.0,0.0,0.0,-0.9074464,0.86177087,-8.947994,0.0,0.0,0.0,-0.00017164887187472999,0.017171638237692632,0.72,0.22877522,0.0076981587,7.901481e-05,0.7206624709423833,0.7192901201707218,0.7184491214039984,0.7215982874828968
1777804265.7880044,4.0218487,-0.6447998,8.972369,3.1135597,0.21228275,0.0,-0.007859835,0.21158625,-0.016008016,0.0,0.0,0.0,-0.90828896,0.8570826,-8.972369,0.0,0.0,0.0,1.0071809477736337e-05,0.016933955744378528,0.72,0.22752392,0.005795925,-4.678548e-05,0.7208082479300151,0.719219823358382,0.718244260463139,0.7217276682484643
1777804265.8083892,4.022727,-0.63836807,9.010581,3.1135597,0.21228275,0.0,-0.0110637145,0.20596887,-0.015931256,0.0,0.0,0.0,-0.9091673,0.8506508,-9.010581,0.0,0.0,0.0,0.0002936434654147568,0.016492011636555712,0.72,0.22175542,0.0047634863,0.0002830489,0.7204887845390706,0.7193413861235366,0.7181617707173851,0.722008058620008
1777804265.828243,4.0228534,-0.6346675,9.038791,3.1135597,0.21228275,0.0,-0.013410502,0.20151952,-0.0154768685,0.0,0.0,0.0,-0.90929365,0.8469503,-9.038791,0.0,0.0,0.0,0.0004989054813027316,0.016141455582962774,0.72,0.2177318,0.004644491,9.420964e-06,0.7204037976768345,0.7195905497450173,0.7178552728360085,0.72215037974214
1777804265.8483338,4.0228896,-0.630969,9.065209,3.1135597,0.21228275,0.0,-0.015811915,0.19646496,-0.015394196,0.0,0.0,0.0,-0.9093299,0.8432517,-9.065209,0.0,0.0,0.0,0.0007094388935003781,0.015742532451901232,0.72,0.21157746,0.0029948002,0.00020016653,0.7201745914925166,0.7197053085912435,0.7179273626853926,0.7221927372308479
1777804265.8681405,4.0228295,-0.6273876,9.089702,3.1135597,0.21228275,0.0,-0.018150462,0.1909857,-0.015532285,0.0,0.0,0.0,-0.9092698,0.8396703,-9.089702,0.0,0.0,0.0,0.0009154737986974926,0.015309444642295205,0.72,0.20644614,-0.001711586,4.0738047e-05,0.7204154783073414,0.7195600788646593,0.7180274278592014,0.7219970149687983
1777804265.8881297,4.022636,-0.6221345,9.124189,3.1135597,0.21228275,0.0,-0.021666305,0.18166515,-0.016195435,0.0,0.0,0.0,-0.9090762,0.8344172,-9.124189,0.0,0.0,0.0,0.0012290944987952202,0.014571551132289775,0.72,0.19891949,-0.008985944,9.709925e-05,0.720802659320337,0.7191390811309847,0.7181769027368361,0.7218813568118426
1777804265.9081872,4.0224075,-0.6188481,9.145077,3.1135597,0.21228275,0.0,-0.023904296,0.1751147,-0.016787594,0.0,0.0,0.0,-0.9088478,0.83113086,-9.145077,0.0,0.0,0.0,0.0014304200721954087,0.014052411756363483,0.72,0.19407885,-0.014662319,0.00023157205,0.7211469898872006,0.7187140668836952,0.7183381409864844,0.7218008022426202
1777804265.9284358,4.0219293,-0.6140097,9.174052,3.1135597,0.21228275,0.0,-0.027314128,0.16412069,-0.018174317,0.0,0.0,0.0,-0.90836954,0.8262924,-9.174052,0.0,0.0,0.0,0.0017383688931386753,0.01318054032860875,0.72,0.18444954,-0.020622522,4.8097972e-05,0.7214724262047034,0.7184987150118156,0.7183504394712383,0.7216784193122431
1777804265.948881,4.0210056,-0.61094445,9.19575,3.1135597,0.21228275,0.0,-0.029752968,0.15618227,-0.018846527,0.0,0.0,0.0,-0.9074459,0.82322717,-9.19575,0.0,0.0,0.0,0.0019567695091167003,0.012551393803592105,0.72,0.1778103,-0.023628548,3.931218e-05,0.72159515056934,0.7183812621221263,0.718271878058453,0.7217517092500811
1777804265.9682338,4.0200143,-0.6079648,9.2157345,3.1135597,0.21228275,0.0,-0.03214353,0.1477372,-0.019856464,0.0,0.0,0.0,-0.90645456,0.82024753,-9.2157345,0.0,0.0,0.0,0.0021712941048677515,0.011881971386382003,0.72,0.17179191,-0.024184734,5.3568688e-06,0.7216232590284718,0.7183735268502661,0.7179037101424689,0.7220995039787937
1777804265.9884276,4.018467,-0.60376525,9.243673,3.1135597,0.21228275,0.0,-0.03555752,0.1342215,-0.021701353,0.0,0.0,0.0,-0.9049072,0.816048,-9.243673,0.0,0.0,0.0,0.0024810210686141334,0.01081010655805347,0.72,0.16319881,-0.025228826,0.00016165337,0.7217345875723399,0.7181684204056508,0.7173399825030896,0.7227570095189202
1777804266.0095694,4.0173635,-0.6011623,9.260212,3.1135597,0.21228275,0.0,-0.037680946,0.12494406,-0.02317466,0.0,0.0,0.0,-0.9038038,0.8134451,-9.260212,0.0,0.0,0.0,0.0026757682701872908,0.010074160684687819,0.72,0.15671939,-0.026107583,-6.813583e-05,0.7218966693755613,0.7181442121216995,0.7169290073952593,0.7230301111074803
1777804266.028332,4.0156035,-0.5974795,9.282787,3.1135597,0.21228275,0.0,-0.040868334,0.10994758,-0.025883446,0.0,0.0,0.0,-0.9020438,0.80976224,-9.282787,0.0,0.0,0.0,0.0029693229700756517,0.008885035848718808,0.72,0.14385714,-0.0291692,5.22128e-05,0.7219720842499608,0.7179965880704307,0.7167563418080071,0.7232749858716019
1777804266.048407,4.013712,-0.5940775,9.302829,3.1135597,0.21228275,0.0,-0.043928813,0.09355034,-0.029176936,0.0,0.0,0.0,-0.9001522,0.80636024,-9.302829,0.0,0.0,0.0,0.003256062415704566,0.0075849309078506975,0.72,0.12549736,-0.032383114,-0.00030118786,0.7218798006463734,0.7183009120684172,0.7167893727781377,0.7230299145070721
1777804266.0681818,4.0124593,-0.592576,9.317236,3.1135597,0.21228275,0.0,-0.045485705,0.08282311,-0.031007355,0.0,0.0,0.0,-0.89889956,0.8048588,-9.317236,0.0,0.0,0.0,0.0034083146320239167,0.006733741570476397,0.72,0.111502595,-0.035690606,3.18584e-05,0.721623842348738,0.7183570426119392,0.7172700252896798,0.7227490897496435
1777804266.088064,4.010534,-0.5912081,9.340746,3.1135597,0.21228275,0.0,-0.04744651,0.065206274,-0.03369107,0.0,0.0,0.0,-0.8969741,0.8034909,-9.340746,0.0,0.0,0.0,0.003613256595346961,0.005333761685110829,0.72,0.09163335,-0.04075691,-0.00011722697,0.7216793706660898,0.71839096551558,0.7176152219095125,0.7223144419088182
1777804266.108183,4.008597,-0.5902133,9.361565,3.1135597,0.21228275,0.0,-0.049187053,0.04784017,-0.036560573,0.0,0.0,0.0,-0.8950372,0.8024961,-9.361565,0.0,0.0,0.0,0.003799917417376122,0.003953872367095599,0.72,0.07535506,-0.04628153,8.096308e-05,0.721952848639632,0.7179985735123021,0.7178523615581168,0.7221962162899496
1777804266.1280324,4.007287,-0.58973247,9.374116,3.1135597,0.21228275,0.0,-0.05018315,0.03609917,-0.0386441,0.0,0.0,0.0,-0.8937273,0.8020152,-9.374116,0.0,0.0,0.0,0.003911798793434578,0.0030207229934984705,0.72,0.06503656,-0.04910429,-6.93685e-05,0.7222195564297872,0.7178220646700203,0.7178135320986083,0.7221448468015845
1777804266.148509,4.005264,-0.5892896,9.39117,3.1135597,0.21228275,0.0,-0.0515421,0.01776768,-0.04221869,0.0,0.0,0.0,-0.8917041,0.8015723,-9.39117,0.0,0.0,0.0,0.00407107141267681,0.0015635605723126923,0.72,0.047981434,-0.0511528,-0.00012109757,0.7223324359132901,0.7177402226274484,0.7177098691459157,0.7222174723133462
1777804266.1681066,4.0039086,-0.5892074,9.401405,3.1135597,0.21228275,0.0,-0.052283555,0.00559011,-0.044740394,0.0,0.0,0.0,-0.8903489,0.8014902,-9.401405,0.0,0.0,0.0,0.004164092997728752,0.0005958898109361011,0.72,0.035646535,-0.051643264,6.2761406e-05,0.7222043726898287,0.7177579704663919,0.7177303634824916,0.7223072933612882
1777804266.1880805,4.002668,-0.58896947,9.420304,3.1135597,0.21228275,0.0,-0.05289153,-0.013229359,-0.04774872,0.0,0.0,0.0,-0.8891082,0.80125225,-9.420304,0.0,0.0,0.0,0.004265736251709455,-0.000900869522479919,0.72,0.016934937,-0.05227185,0.0001104127,0.7221385524424976,0.7177951999372311,0.7176934711192231,0.7223727765010487
1777804266.2079675,4.002106,-0.58892816,9.433689,3.1135597,0.21228275,0.0,-0.05306983,-0.025699891,-0.04950242,0.0,0.0,0.0,-0.88854647,0.8012109,-9.433689,0.0,0.0,0.0,0.004315796512374135,-0.0018931547000867255,0.72,0.0040493486,-0.05265299,-9.8978795e-05,0.7221432388044314,0.7179161484725648,0.7176496463440761,0.7222909663789282
1777804266.2280145,4.001094,-0.5891818,9.45072,3.1135597,0.21228275,0.0,-0.05318654,-0.044395335,-0.052553304,0.0,0.0,0.0,-0.88753414,0.80146456,-9.45072,0.0,0.0,0.0,0.00437970242269298,-0.0033813981494170164,0.72,-0.015171147,-0.05298531,-8.99836e-05,0.7220538238953613,0.7180001662654515,0.7176644209479732,0.7222815888912143
1777804266.2483969,4.0004025,-0.5895991,9.461112,3.1135597,0.21228275,0.0,-0.05306978,-0.05658358,-0.054648947,0.0,0.0,0.0,-0.8868427,0.8018818,-9.461112,0.0,0.0,0.0,0.004406528227936662,-0.004352329613450721,0.72,-0.028025493,-0.053298436,0.00030988775,0.7218746705069886,0.7179393968432455,0.7178400228139781,0.7223459098357883
1777804266.268159,3.9992392,-0.59059405,9.474497,3.1135597,0.21228275,0.0,-0.052653216,-0.075083114,-0.058250364,0.0,0.0,0.0,-0.8856795,0.80287683,-9.474497,0.0,0.0,0.0,0.00442901640800013,-0.005827021063049643,0.72,-0.048045587,-0.05393511,-0.000107231375,0.7219013359695885,0.7181630028555882,0.7178702489054511,0.7220654122693726
1777804266.2881958,3.9988182,-0.5910205,9.478335,3.1135597,0.21228275,0.0,-0.052446716,-0.081246704,-0.059549727,0.0,0.0,0.0,-0.88525844,0.80330324,-9.478335,0.0,0.0,0.0,0.004431333382191305,-0.006318660774092138,0.72,-0.054719135,-0.054337073,-0.00014349993,0.7218998124066406,0.7181862875504746,0.7179314525277757,0.7219824475151095
1777804266.308113,3.9966555,-0.5944437,9.495348,3.1135597,0.21228275,0.0,-0.051588405,-0.105703235,-0.06417088,0.0,0.0,0.0,-0.88309574,0.80672646,-9.495348,0.0,0.0,0.0,0.004437789229401244,-0.00827062885467857,0.72,-0.08164005,-0.05499945,-1.9307132e-05,0.7217073836483472,0.7183042006307795,0.7182169496302921,0.7217714660905816
1777804266.3282034,3.9957316,-0.5963389,9.501292,3.1135597,0.21228275,0.0,-0.051456764,-0.11232787,-0.065014936,0.0,0.0,0.0,-0.88217187,0.80862164,-9.501292,0.0,0.0,0.0,0.00444948507833459,-0.008798397612366884,0.72,-0.08821026,-0.05533586,-0.00017170835,0.7217704729064904,0.7183325521038301,0.7181842946487466,0.7217126803409333
1777804266.3483613,3.9930365,-0.6021223,9.517854,3.1135597,0.21228275,0.0,-0.050894503,-0.13133338,-0.06755893,0.0,0.0,0.0,-0.8794768,0.8144051,-9.517854,0.0,0.0,0.0,0.004470255556016056,-0.010313519501946278,0.72,-0.10689567,-0.058348376,-9.762406e-05,0.7219887676454472,0.7180698067921233,0.7184064614511463,0.7215349641112836
1777804266.3679843,3.991272,-0.6060907,9.527685,3.1135597,0.21228275,0.0,-0.05036879,-0.14351949,-0.069435105,0.0,0.0,0.0,-0.87771225,0.81837344,-9.527685,0.0,0.0,0.0,0.004471807630319678,-0.01128597412711148,0.72,-0.118719876,-0.059526686,0.0002983773,0.7219891980914904,0.7178317755278618,0.7185914563479203,0.7215875700327278
1777804266.3881104,3.9886765,-0.6122873,9.540993,3.1135597,0.21228275,0.0,-0.049193922,-0.16134332,-0.07248524,0.0,0.0,0.0,-0.8751168,0.82457006,-9.540993,0.0,0.0,0.0,0.0044435814401416,-0.012710395032204237,0.72,-0.13527425,-0.05954419,3.225247e-05,0.7221987334059021,0.7177819151130737,0.7184411742361229,0.7215781772449018
1777804266.4080544,3.9869869,-0.6164435,9.548542,3.1135597,0.21228275,0.0,-0.048222937,-0.17244789,-0.07463613,0.0,0.0,0.0,-0.87342715,0.8287263,-9.548542,0.0,0.0,0.0,0.0044082975950943395,-0.013599059467965625,0.72,-0.14578879,-0.057746574,3.698528e-05,0.7221362891282312,0.7178415197045411,0.7182865675668033,0.7217356236004249
1777804266.428094,3.985332,-0.620811,9.555709,3.1135597,0.21228275,0.0,-0.047050748,-0.18339129,-0.076927595,0.0,0.0,0.0,-0.8717723,0.83309376,-9.555709,0.0,0.0,0.0,0.004357110451616801,-0.014476035133662872,0.72,-0.156793,-0.055614132,0.00015739724,0.7219773962395435,0.7179281654162156,0.7182066440466836,0.7218877942975578
1777804266.4481337,3.9840655,-0.6274437,9.568403,3.1135597,0.21228275,0.0,-0.04476542,-0.19898091,-0.07975311,0.0,0.0,0.0,-0.8705058,0.83972645,-9.568403,0.0,0.0,0.0,0.004238117963004413,-0.015727697259883086,0.72,-0.17377724,-0.052157454,0.0002929016,0.7216721261525271,0.7181521328934717,0.7181968305922861,0.7219789103617156
1777804266.468057,3.9835572,-0.6321076,9.576868,3.1135597,0.21228275,0.0,-0.04290688,-0.20918849,-0.08172031,0.0,0.0,0.0,-0.8699975,0.8443904,-9.576868,0.0,0.0,0.0,0.0041340335720821035,-0.016548685299925696,0.72,-0.18684587,-0.051592812,-3.0848696e-05,0.7216036617859507,0.7184148474316738,0.7183831209806211,0.7215983698017548
1777804266.4883106,3.9828234,-0.639066,9.588218,3.1135597,0.21228275,0.0,-0.0400859,-0.22294886,-0.08465213,0.0,0.0,0.0,-0.86926365,0.85134876,-9.588218,0.0,0.0,0.0,0.003971594872560225,-0.017657192283803056,0.72,-0.20664279,-0.052023653,1.0269227e-05,0.7213129855482493,0.71868085291582,0.7190676091771883,0.7209385523587429
1777804266.5080912,3.9823256,-0.643873,9.594939,3.1135597,0.21228275,0.0,-0.038031816,-0.23153299,-0.08674016,0.0,0.0,0.0,-0.86876583,0.85615575,-9.594939,0.0,0.0,0.0,0.0038479606083882344,-0.018350382938329517,0.72,-0.21782734,-0.05339211,-6.259379e-07,0.7213477919936924,0.7186525835690474,0.7194990241543,0.7205006002829608
1777804266.5281808,3.981574,-0.65121603,9.603639,3.1135597,0.21228275,0.0,-0.03470375,-0.24320813,-0.090043575,0.0,0.0,0.0,-0.86801434,0.8634988,-9.603639,0.0,0.0,0.0,0.0036366677761669663,-0.019296319895579065,0.72,-0.2319535,-0.054235168,3.6722795e-05,0.7214311685689427,0.7185467977541149,0.719973122726944,0.7200489109499988
1777804266.548109,3.981089,-0.6562179,9.608753,3.1135597,0.21228275,0.0,-0.0323775,-0.25023207,-0.09229495,0.0,0.0,0.0,-0.8675294,0.8685006,-9.608753,0.0,0.0,0.0,0.0034844879516191976,-0.01986704127059994,0.72,-0.23983243,-0.053396013,0.00019235282,0.721409933998074,0.7184746543111398,0.7201644521201337,0.719950959570653
1777804266.5680747,3.9806914,-0.66368836,9.616332,3.1135597,0.21228275,0.0,-0.028530747,-0.25980094,-0.09562173,0.0,0.0,0.0,-0.8671317,0.8759711,-9.616332,0.0,0.0,0.0,0.0032241057387285823,-0.02064746266320995,0.72,-0.2490178,-0.050754506,0.00017019772,0.7215112337120064,0.7183866476582635,0.7201612757930879,0.7199408428366427
1777804266.5881865,3.980977,-0.6710863,9.625403,3.1135597,0.21228275,0.0,-0.024260383,-0.26840836,-0.09848899,0.0,0.0,0.0,-0.86741734,0.8833691,-9.625403,0.0,0.0,0.0,0.0029338686173575822,-0.021351704691727244,0.72,-0.25847417,-0.047555305,-0.000117345364,0.7215795303956848,0.7184908768226143,0.7201615811797958,0.7197680116019056
1777804266.6080716,3.9811327,-0.6760302,9.630357,3.1135597,0.21228275,0.0,-0.021367995,-0.27319932,-0.10053429,0.0,0.0,0.0,-0.867573,0.88831294,-9.630357,0.0,0.0,0.0,0.002733529226969136,-0.021745776788911472,0.72,-0.2644397,-0.0451393,9.945845e-05,0.7214383779902991,0.7185019469409311,0.7203168518066857,0.7197428232620846
1777804266.628083,3.981368,-0.683588,9.636755,3.1135597,0.21228275,0.0,-0.016884897,-0.2790855,-0.10384933,0.0,0.0,0.0,-0.86780834,0.8958708,-9.636755,0.0,0.0,0.0,0.0024158675546463114,-0.022233690693767905,0.72,-0.27352,-0.041606832,-6.9520305e-05,0.721285626388082,0.7187560857950733,0.7205397316699302,0.719418556146915
1777804266.648243,3.9815376,-0.6886082,9.640406,3.1135597,0.21228275,0.0,-0.013817429,-0.28204143,-0.10615916,0.0,0.0,0.0,-0.86797786,0.90089095,-9.640406,0.0,0.0,0.0,0.002193534166155202,-0.02248188195742582,0.72,-0.27930716,-0.038847525,0.00014004482,0.7210095637739005,0.718906409331916,0.7208189718414285,0.7192650550527556
1777804266.6680715,3.9816399,-0.6948833,9.642763,3.1135597,0.21228275,0.0,-0.009900194,-0.28442538,-0.10958991,0.0,0.0,0.0,-0.86808014,0.907166,-9.642763,0.0,0.0,0.0,0.001904007056806929,-0.022687529404391286,0.72,-0.28708968,-0.0356862,2.004392e-05,0.7206652310079068,0.7193227426396047,0.7212365466579973,0.7187754796944916
1777804266.6881833,3.9816406,-0.7025918,9.64751,3.1135597,0.21228275,0.0,-0.005192289,-0.28654608,-0.11320041,0.0,0.0,0.0,-0.86808085,0.91487455,-9.64751,0.0,0.0,0.0,0.0015520684535977392,-0.022874857597941087,0.72,-0.29337645,-0.029318603,-5.8754664e-05,0.7202157881023056,0.719819464695955,0.7213710514314052,0.7185936957703345
1777804266.7080672,3.981196,-0.71047074,9.654049,3.1135597,0.21228275,0.0,-0.0006208656,-0.28779942,-0.11643797,0.0,0.0,0.0,-0.8676362,0.92275345,-9.654049,0.0,0.0,0.0,0.0012105360688174644,-0.022991608635878805,0.72,-0.29779622,-0.022172442,-8.608888e-05,0.7197569970014921,0.7202946563283722,0.7213695215338426,0.7185788251362935
1777804266.7281296,3.9809427,-0.7157951,9.657564,3.1135597,0.21228275,0.0,0.0025119507,-0.2875141,-0.11878396,0.0,0.0,0.0,-0.867383,0.9280778,-9.657564,0.0,0.0,0.0,0.0009712045330106501,-0.022979930678703152,0.72,-0.2990185,-0.018205088,0.00010995405,0.7195106667614581,0.720423360806629,0.721459738193631,0.7186062342382823
1777804266.748871,3.98073,-0.720939,9.660587,3.1135597,0.21228275,0.0,0.005548463,-0.28648528,-0.12115743,0.0,0.0,0.0,-0.86717033,0.9332217,-9.660587,0.0,0.0,0.0,0.0007361611595134398,-0.02290827111911506,0.72,-0.29978737,-0.015375641,6.9319765e-05,0.7193983755359199,0.7205600326048897,0.7215894047329914,0.7184521871261996
1777804266.768008,3.9804814,-0.72863895,9.664026,3.1135597,0.21228275,0.0,0.0100982,-0.2833534,-0.12500618,0.0,0.0,0.0,-0.86692166,0.94092166,-9.664026,0.0,0.0,0.0,0.00037585813896898304,-0.022673442934301437,0.72,-0.29972398,-0.011026162,5.814516e-05,0.7191843155601498,0.7207807973435869,0.7218281540375663,0.7182067330586974
1777804266.7884097,3.9803689,-0.73370105,9.665743,3.1135597,0.21228275,0.0,0.01310437,-0.28027105,-0.12781063,0.0,0.0,0.0,-0.8668091,0.94598377,-9.665743,0.0,0.0,0.0,0.00013269173885068318,-0.022437093529945214,0.72,-0.29891604,-0.00911905,-0.00037216666,0.7192322924121032,0.7209910075827279,0.7219613720535489,0.7178153279516204
1777804266.808315,3.9809072,-0.74080473,9.669714,3.1135597,0.21228275,0.0,0.017651575,-0.27426478,-0.1316461,0.0,0.0,0.0,-0.8673475,0.95308745,-9.669714,0.0,0.0,0.0,-0.00024205338808401145,-0.021972047690244977,0.72,-0.29282045,-0.005115015,-0.00013969078,0.7192395732168129,0.7208442412485108,0.7220629359540074,0.7178532495806694
1777804266.8283608,3.982528,-0.7470246,9.675239,3.1135597,0.21228275,0.0,0.022250041,-0.2665997,-0.13518326,0.0,0.0,0.0,-0.86896825,0.9593073,-9.675239,0.0,0.0,0.0,-0.0006321179052013548,-0.02137456422850562,0.72,-0.28496844,-0.0017265022,0.00018579629,0.7192915885610823,0.7205969336634177,0.7222488876018613,0.717862590173639
1777804266.8483868,3.9830189,-0.7490716,9.676352,3.1135597,0.21228275,0.0,0.023757199,-0.26355723,-0.13653336,0.0,0.0,0.0,-0.86945915,0.9613544,-9.676352,0.0,0.0,0.0,-0.0007625717190419134,-0.021136330264829802,0.72,-0.28137627,-7.038539e-05,-0.00015692136,0.7194415074287764,0.7206526453894239,0.7220948976713099,0.7178109495104902
1777804266.8682997,3.9844027,-0.754951,9.678398,3.1135597,0.21228275,0.0,0.028086169,-0.25345424,-0.14079434,0.0,0.0,0.0,-0.87084293,0.9672338,-9.678398,0.0,0.0,0.0,-0.0011457567361844224,-0.02034298515408885,0.72,-0.27260217,0.0045662494,-0.00024346635,0.7193883081830355,0.7207577716254374,0.7221726053793124,0.7176813148122152
1777804266.8881447,3.985734,-0.76059467,9.679059,3.1135597,0.21228275,0.0,0.03223629,-0.24166025,-0.14527671,0.0,0.0,0.0,-0.87217426,0.9728774,-9.679059,0.0,0.0,0.0,-0.0015244913381150483,-0.019413980182810847,0.72,-0.2639962,0.010437021,-0.00020167824,0.7190443162158717,0.7210766907270637,0.722334743095242,0.7175442499618229
1777804266.908126,3.986569,-0.7641117,9.678662,3.1135597,0.21228275,0.0,0.034868363,-0.23314199,-0.14839667,0.0,0.0,0.0,-0.8730092,0.9763944,-9.678662,0.0,0.0,0.0,-0.0017698252383561198,-0.018741976131650784,0.72,-0.25860605,0.014435506,-0.00016379698,0.718717616235948,0.721380661954177,0.7225123532126364,0.717389368597239
1777804266.9282432,3.9874184,-0.76757497,9.677913,3.1135597,0.21228275,0.0,0.03742093,-0.22376308,-0.15170068,0.0,0.0,0.0,-0.8738587,0.9798577,-9.677913,0.0,0.0,0.0,-0.002013055409357918,-0.01800108122547613,0.72,-0.25199085,0.017512813,-0.00019326947,0.718511824040449,0.7216041376428822,0.7227122366645886,0.7171718016520805
1777804266.9482646,3.9884539,-0.7707683,9.678282,3.1135597,0.21228275,0.0,0.040019408,-0.21371351,-0.1549311,0.0,0.0,0.0,-0.87489414,0.98305106,-9.678282,0.0,0.0,0.0,-0.002263961304645221,-0.01720707718088036,0.72,-0.24523501,0.021247469,0.00023026165,0.7180833616013376,0.721778481409538,0.7230449659857511,0.7170931910033738
1777804266.9682865,3.9903066,-0.775104,9.680607,3.1135597,0.21228275,0.0,0.043826208,-0.19749677,-0.15959994,0.0,0.0,0.0,-0.8767469,0.9873867,-9.680607,0.0,0.0,0.0,-0.002636611371637585,-0.01592550502928482,0.72,-0.23515199,0.02599046,-7.5086544e-05,0.7176932462587731,0.7223518056675076,0.7234215028736241,0.7165334452000959
1777804266.9887004,3.9915104,-0.7777736,9.681474,3.1135597,0.21228275,0.0,0.046198353,-0.18597265,-0.1627983,0.0,0.0,0.0,-0.87795067,0.9900564,-9.681474,0.0,0.0,0.0,-0.0028754217311894336,-0.015014117942593757,0.72,-0.22680862,0.029062543,-0.00021526217,0.717484425082661,0.7226447322221021,0.7236164114894208,0.7162544312058166
1777804267.0082188,3.9932957,-0.78148204,9.681802,3.1135597,0.21228275,0.0,0.049522165,-0.16741332,-0.16782658,0.0,0.0,0.0,-0.87973595,0.99376476,-9.681802,0.0,0.0,0.0,-0.0032210609333320228,-0.01354552432408429,0.72,-0.21009427,0.032925196,1.2102357e-05,0.7173213970237942,0.7226713415621389,0.7238526934841508,0.7161545679299166
1777804267.0281985,3.9944706,-0.78369397,9.681596,3.1135597,0.21228275,0.0,0.051571902,-0.15451635,-0.17130685,0.0,0.0,0.0,-0.8809109,0.9959767,-9.681596,0.0,0.0,0.0,-0.0034408033500446145,-0.012524789390191256,0.72,-0.19727385,0.03646046,-4.8892158e-05,0.7172815156137083,0.7227478196809665,0.7237664176092079,0.7162042470961177
1777804267.0483947,3.996215,-0.7866524,9.680495,3.1135597,0.21228275,0.0,0.054395173,-0.13414904,-0.17680697,0.0,0.0,0.0,-0.8826554,0.9989351,-9.680495,0.0,0.0,0.0,-0.003755049295746975,-0.010912440080589328,0.72,-0.17753598,0.041287694,-6.9566835e-05,0.7171824654215398,0.7228592746794649,0.7237216021097351,0.7162366577892606
1777804267.0680628,3.9983847,-0.7893648,9.681594,3.1135597,0.21228275,0.0,0.05718841,-0.11255746,-0.1821164,0.0,0.0,0.0,-0.884825,1.0016476,-9.681594,0.0,0.0,0.0,-0.004072228819195196,-0.009204111456613387,0.72,-0.15755932,0.04703926,-0.00021013699,0.7169714950083669,0.7231545871856702,0.7236466811540025,0.7162272366519609
1777804267.0881627,4.0007133,-0.7916241,9.683372,3.1135597,0.21228275,0.0,0.059705243,-0.09036443,-0.18730024,0.0,0.0,0.0,-0.8871536,1.0039068,-9.683372,0.0,0.0,0.0,-0.004369837518616535,-0.007448536493758695,0.72,-0.13601936,0.05144553,-0.00037335412,0.7169331888202684,0.7232908236537947,0.7235752015985869,0.7162007859273505
1777804267.108122,4.0022163,-0.79280216,9.684137,3.1135597,0.21228275,0.0,0.06110582,-0.07554455,-0.19076286,0.0,0.0,0.0,-0.8886566,1.0050849,-9.684137,0.0,0.0,0.0,-0.004546510087471027,-0.006275811716350699,0.72,-0.119919084,0.05329004,-6.87993e-05,0.7169862317292018,0.7230550478517072,0.723580382157593,0.7163783382614983
1777804267.128182,4.0044312,-0.7941434,9.684221,3.1135597,0.21228275,0.0,0.062902234,-0.05233558,-0.19626865,0.0,0.0,0.0,-0.8908715,1.0064261,-9.684221,0.0,0.0,0.0,-0.00479200961667896,-0.004438602689927062,0.72,-0.094764344,0.055131666,2.5982949e-05,0.7172311365615359,0.7227532736693631,0.7235318160538561,0.7164837737152452
1777804267.1482854,4.0058794,-0.7947375,9.684066,3.1135597,0.21228275,0.0,0.06389647,-0.036873933,-0.19992985,0.0,0.0,0.0,-0.8923197,1.0070202,-9.684066,0.0,0.0,0.0,-0.004940014361139404,-0.0032139524652984443,0.72,-0.07797703,0.056210488,-0.00011568838,0.7174536717766818,0.7226157412518585,0.7234326788526402,0.71649790811882
1777804267.1679738,4.007985,-0.79513437,9.6825485,3.1135597,0.21228275,0.0,0.06508616,-0.012765995,-0.20572862,0.0,0.0,0.0,-0.8944254,1.0074171,-9.6825485,0.0,0.0,0.0,-0.005142076724918856,-0.001303567758955362,0.72,-0.05443001,0.060559057,0.000113926624,0.7172123410278884,0.7227193029976023,0.7233823633500649,0.7166859926244447
1777804267.1898937,4.008681,-0.7951438,9.681977,3.1135597,0.21228275,0.0,0.06540413,-0.0047417907,-0.20768121,0.0,0.0,0.0,-0.8951211,1.0074265,-9.681977,0.0,0.0,0.0,-0.005203135627150663,-0.000667492753096699,0.72,-0.046819914,0.062332768,-0.00010179015,0.7171689508558785,0.7228921232354751,0.7232640775195088,0.716674848389138
1777804267.208236,4.0137553,-0.79293996,9.688237,3.1135597,0.21228275,0.0,0.06823946,0.029087063,-0.21421652,0.0,0.0,0.0,-0.9001956,1.0052227,-9.688237,0.0,0.0,0.0,-0.005580732338873684,0.0020056433286031526,0.72,-0.016836004,0.06972183,6.232218e-06,0.7166485923686614,0.723347668300624,0.7233573790496559,0.7166463602810592
1777804267.2281413,4.014975,-0.79223734,9.689386,3.1135597,0.21228275,0.0,0.06879617,0.037525434,-0.21589541,0.0,0.0,0.0,-0.90141535,1.00452,-9.689386,0.0,0.0,0.0,-0.005663256847780911,0.0026729206548382223,0.72,-0.009174553,0.07185907,4.089542e-05,0.716495377814262,0.7234800849347266,0.7233336848143289,0.7166908524366831
1777804267.2480633,4.0185075,-0.78979826,9.692128,3.1135597,0.21228275,0.0,0.070039555,0.06227676,-0.22091901,0.0,0.0,0.0,-0.90494776,1.002081,-9.692128,0.0,0.0,0.0,-0.005875124161626744,0.004631964912612219,0.72,0.015770065,0.075804226,-1.25838305e-05,0.7164442014834895,0.7235633488148333,0.7231773706636926,0.7168150790379849
1777804267.2682283,4.0208545,-0.7877944,9.693018,3.1135597,0.21228275,0.0,0.07053534,0.079831846,-0.22466087,0.0,0.0,0.0,-0.90729475,1.0000771,-9.693018,0.0,0.0,0.0,-0.00599534999225952,0.006023444416832184,0.72,0.033644278,0.07789233,-7.935167e-05,0.7164558666220419,0.7235917443778573,0.7230720600394179,0.7168803289606833
1777804267.2885456,4.024065,-0.7845663,9.694014,3.1135597,0.21228275,0.0,0.07090081,0.103178166,-0.22964968,0.0,0.0,0.0,-0.9105053,0.99684906,-9.694014,0.0,0.0,0.0,-0.0061328861615430694,0.007875851871625806,0.72,0.061250024,0.07972392,0.00018896564,0.7167224331251678,0.7231641874899748,0.7227875124862635,0.7173258668985943
1777804267.3081117,4.0261555,-0.7820634,9.693794,3.1135597,0.21228275,0.0,0.07084685,0.119219325,-0.23326357,0.0,0.0,0.0,-0.91259575,0.99434614,-9.693794,0.0,0.0,0.0,-0.00620372395300219,0.009150600208601213,0.72,0.07990758,0.08130414,-7.2680785e-05,0.7169632032455331,0.7230804052253442,0.7224355821982366,0.7175208093308865
1777804267.3283257,4.028669,-0.7785749,9.693879,3.1135597,0.21228275,0.0,0.07081116,0.13594867,-0.23678678,0.0,0.0,0.0,-0.91510916,0.9908576,-9.693879,0.0,0.0,0.0,-0.006280296235897787,0.010480203077541682,0.72,0.097398296,0.081020206,1.8024246e-05,0.7171049330674176,0.7228842523850137,0.7224924264102982,0.7175183881372709
1777804267.3481188,4.0322957,-0.7729357,9.69321,3.1135597,0.21228275,0.0,0.070364244,0.16047303,-0.24214093,0.0,0.0,0.0,-0.918736,0.9852184,-9.69321,0.0,0.0,0.0,-0.006363425484844356,0.012431865124038098,0.72,0.12289825,0.07982758,0.00014408401,0.7173339890722209,0.7225795605197983,0.7226204495973577,0.7174660008106234
1777804267.3681235,4.034693,-0.76884,9.692474,3.1135597,0.21228275,0.0,0.069759935,0.17671391,-0.24584365,0.0,0.0,0.0,-0.92113304,0.98112273,-9.692474,0.0,0.0,0.0,-0.006394664522864702,0.013726848867499798,0.72,0.1382515,0.07909687,-6.898186e-05,0.7174208805907218,0.7226205085268187,0.7227129494735316,0.7172456614089283
1777804267.3881414,4.039098,-0.7602097,9.689607,3.1135597,0.21228275,0.0,0.06794577,0.20691697,-0.25308427,0.0,0.0,0.0,-0.92553806,0.97249246,-9.689607,0.0,0.0,0.0,-0.0064000750146075095,0.016140636622305388,0.72,0.16642478,0.08092027,-2.2346678e-05,0.7171065031563076,0.7229069048503263,0.7227464034208351,0.7172401885725315
1777804267.4082968,4.0401497,-0.757894,9.68856,3.1135597,0.21228275,0.0,0.0673326,0.21433255,-0.25497472,0.0,0.0,0.0,-0.92658997,0.9701767,-9.68856,0.0,0.0,0.0,-0.006388459148761996,0.016734602253199178,0.72,0.17358357,0.08129584,-0.00035760913,0.7171441577693224,0.7230704077061483,0.7226254260574525,0.7171600084670773
1777804267.428198,4.043186,-0.75064945,9.684968,3.1135597,0.21228275,0.0,0.06519184,0.235757,-0.2605859,0.0,0.0,0.0,-0.92962646,0.9629322,-9.684968,0.0,0.0,0.0,-0.006326595734969729,0.018453714215168022,0.72,0.19449005,0.08368532,0.00014330616,0.7166942674102794,0.7232197488965858,0.7225692722842998,0.7175167114088354
1777804267.4480932,4.0455384,-0.7413197,9.68457,3.1135597,0.21228275,0.0,0.06259238,0.25631937,-0.26541737,0.0,0.0,0.0,-0.9319787,0.95360243,-9.68457,0.0,0.0,0.0,-0.006224724819515331,0.020108217898233107,0.72,0.21709359,0.083853066,0.00014509144,0.7167322211648949,0.7231807239696697,0.7223007379193261,0.7177863169461098
1777804267.4681015,4.0468893,-0.73433673,9.684966,3.1135597,0.21228275,0.0,0.06060893,0.26961416,-0.2685645,0.0,0.0,0.0,-0.9333296,0.9466195,-9.684966,0.0,0.0,0.0,-0.00613439886008198,0.021180837211324927,0.72,0.23330823,0.08350174,0.00013052119,0.7168989240576348,0.7230227632273147,0.7220095950561143,0.7180687176589368
1777804267.4883451,4.0488014,-0.72377187,9.684971,3.1135597,0.21228275,0.0,0.057297,0.288042,-0.27320716,0.0,0.0,0.0,-0.9352417,0.9360546,-9.684971,0.0,0.0,0.0,-0.00596491564721795,0.02267209518159838,0.72,0.25858203,0.080907084,0.00015091356,0.717461541734562,0.7224479101283509,0.7215231561122266,0.718567392024861
1777804267.5080724,4.0499897,-0.71658814,9.684248,3.1135597,0.21228275,0.0,0.05481678,0.29953888,-0.27641582,0.0,0.0,0.0,-0.93643,0.9288709,-9.684248,0.0,0.0,0.0,-0.00582694413859306,0.02360555096108488,0.72,0.27565008,0.080495566,-9.0013076e-05,0.7178607585315074,0.7221932493142479,0.7209138391649289,0.7190321529893161
1777804267.5279562,4.051686,-0.70554787,9.68249,3.1135597,0.21228275,0.0,0.05072939,0.31557542,-0.28122562,0.0,0.0,0.0,-0.9381261,0.9178306,-9.68249,0.0,0.0,0.0,-0.0055846634189707705,0.024912297762823173,0.72,0.29648232,0.077369474,2.2669752e-05,0.718194592788578,0.7217918053601792,0.7205956182294323,0.719417983621811
1777804267.5480523,4.0531845,-0.6946043,9.680046,3.1135597,0.21228275,0.0,0.046418592,0.32933074,-0.28590527,0.0,0.0,0.0,-0.9396248,0.90688705,-9.680046,0.0,0.0,0.0,-0.005313184367425663,0.026038580428236743,0.72,0.3146569,0.07501488,-2.2856111e-05,0.7184528232918044,0.7215608903748985,0.7201711643566974,0.7198151219766002
1777804267.5679524,4.054543,-0.68623435,9.681109,3.1135597,0.21228275,0.0,0.043466598,0.33813718,-0.28850037,0.0,0.0,0.0,-0.9409833,0.89851713,-9.681109,0.0,0.0,0.0,-0.005123332525010227,0.026761196129585017,0.72,0.32504117,0.07146501,8.472982e-05,0.7186228108031885,0.7213263513038882,0.7201894529731043,0.7198613849198193
1777804267.5881217,4.0564103,-0.6737371,9.681886,3.1135597,0.21228275,0.0,0.038873643,0.34957826,-0.29245952,0.0,0.0,0.0,-0.9428506,0.8860198,-9.681886,0.0,0.0,0.0,-0.004814128325801335,0.027704817796534373,0.72,0.33637825,0.06928439,8.543348e-05,0.7184511892544821,0.721497550657878,0.7200915654878643,0.7199596945997759
1777804267.6080046,4.0575314,-0.66541225,9.681712,3.1135597,0.21228275,0.0,0.035631936,0.35609785,-0.29524204,0.0,0.0,0.0,-0.94397163,0.87769496,-9.681712,0.0,0.0,0.0,-0.004587745613395562,0.028245948306720888,0.72,0.34306157,0.066925734,1.0925152e-05,0.7184293863266854,0.7215640585819278,0.7200379874150591,0.719968567676328
1777804267.6279912,4.0590444,-0.65291744,9.680592,3.1135597,0.21228275,0.0,0.030509152,0.36410174,-0.29950973,0.0,0.0,0.0,-0.94548464,0.86520016,-9.680592,0.0,0.0,0.0,-0.004218137615726754,0.028916247879905405,0.72,0.3520905,0.06496627,-4.3607124e-05,0.7182849109857136,0.7217412532887447,0.7197567612317475,0.7202170744937947
1777804267.6480691,4.059939,-0.6447809,9.679584,3.1135597,0.21228275,0.0,0.027029945,0.36821973,-0.30230352,0.0,0.0,0.0,-0.9463792,0.85706365,-9.679584,0.0,0.0,0.0,-0.003960059107121747,0.029265331076006592,0.72,0.35797432,0.0623545,-0.00010677472,0.7183763459926708,0.7216877188403149,0.7195670520076825,0.7203688831593323
1777804267.6679802,4.0608253,-0.63505024,9.676645,3.1135597,0.21228275,0.0,0.022291299,0.37194362,-0.3061807,0.0,0.0,0.0,-0.9472656,0.84733295,-9.676645,0.0,0.0,0.0,-0.0035985515514462387,0.029589012782031823,0.72,0.36572823,0.060895234,-0.00011049042,0.7184293254911146,0.7216369687622227,0.7190245401163553,0.7209091656303077
1777804267.6880264,4.061659,-0.6238563,9.672168,3.1135597,0.21228275,0.0,0.016244307,0.37427047,-0.31098807,0.0,0.0,0.0,-0.94809914,0.8361391,-9.672168,0.0,0.0,0.0,-0.0031249849618741623,0.029806352244702978,0.72,0.37366822,0.056848455,-7.123496e-05,0.71868558467632,0.7213571562981381,0.7184686324121544,0.721488626613388
1777804267.7079685,4.063022,-0.6148194,9.673131,3.1135597,0.21228275,0.0,0.012518617,0.3754341,-0.31362838,0.0,0.0,0.0,-0.9494624,0.8271022,-9.673131,0.0,0.0,0.0,-0.002830488589655227,0.029917687078954282,0.72,0.37770656,0.05357653,-7.441413e-07,0.7188434270319872,0.7211570194527854,0.718245305503158,0.7217542480120697
1777804267.7286675,4.0648193,-0.6014069,9.673563,3.1135597,0.21228275,0.0,0.0066110473,0.37528482,-0.31777698,0.0,0.0,0.0,-0.9512596,0.8136896,-9.673563,0.0,0.0,0.0,-0.0023526000663462643,0.029933066998431308,0.72,0.3823843,0.045704048,-0.00014985492,0.7193989097136732,0.7206910032410441,0.7179936427187095,0.7219164443265738
1777804267.7480876,4.0653553,-0.5969741,9.673465,3.1135597,0.21228275,0.0,0.0045651756,0.374721,-0.31919765,0.0,0.0,0.0,-0.9517956,0.8092568,-9.673465,0.0,0.0,0.0,-0.0021850172409363824,0.02989692952554641,0.72,0.38420716,0.043846395,-0.00016114108,0.7195652911938324,0.7205313934568013,0.7177893201093675,0.7221139952399993
1777804267.7683167,4.066757,-0.5839499,9.672427,3.1135597,0.21228275,0.0,-0.0015973767,0.3714862,-0.32356182,0.0,0.0,0.0,-0.9531975,0.7962327,-9.672427,0.0,0.0,0.0,-0.0016727104152441143,0.02966385125941898,0.72,0.38607705,0.03397679,-0.00025892764,0.7202545579945521,0.7199007985900296,0.7176545765057128,0.7221900669097058
1777804267.7884228,4.0675297,-0.575586,9.6712475,3.1135597,0.21228275,0.0,-0.0056870384,0.36818385,-0.3264848,0.0,0.0,0.0,-0.95396996,0.78786874,-9.6712475,0.0,0.0,0.0,-0.0013271863307139852,0.029415744783852855,0.72,0.3853324,0.0281066,-0.00021893806,0.7205551874068873,0.7195761754298036,0.7176021292471553,0.7222665079161543
1777804267.8083959,4.068455,-0.56309974,9.6684675,3.1135597,0.21228275,0.0,-0.01206138,0.36115602,-0.33119103,0.0,0.0,0.0,-0.9548955,0.7753825,-9.6684675,0.0,0.0,0.0,-0.0007796620012017286,0.028877316015789845,0.72,0.38089398,0.019714704,-0.00022528469,0.7208642731293846,0.7192708976844974,0.7175406982676759,0.7223241309184426
1777804267.828835,4.0693426,-0.5550673,9.670921,3.1135597,0.21228275,0.0,-0.01606379,0.35546276,-0.33347818,0.0,0.0,0.0,-0.9557829,0.7673501,-9.670921,0.0,0.0,0.0,-0.0004292736483579063,0.02843598347360075,0.72,0.37801003,0.014022039,-6.4494714e-05,0.7211316782138933,0.7189070186145207,0.717483342802896,0.7224779603686905
1777804267.8480957,4.0705533,-0.5467831,9.677647,3.1135597,0.21228275,0.0,-0.020239096,0.34837642,-0.33516434,0.0,0.0,0.0,-0.9569936,0.75906587,-9.677647,0.0,0.0,0.0,-6.07298866930428e-05,0.02788331334160823,0.72,0.37369147,0.010561538,-0.00028720076,0.7213139712934862,0.71885834916299,0.7171176424112791,0.7227100371322452
1777804267.8680904,4.0723968,-0.53504556,9.6894045,3.1135597,0.21228275,0.0,-0.02613843,0.33651608,-0.33730647,0.0,0.0,0.0,-0.95883703,0.7473283,-9.6894045,0.0,0.0,0.0,0.0004671307579072437,0.026954167055485936,0.72,0.36513847,0.005047855,0.00017521647,0.7213333865389222,0.7185614835802464,0.7169246951504767,0.7231804347303551
1777804267.8879683,4.073393,-0.52396035,9.694798,3.1135597,0.21228275,0.0,-0.032196335,0.32252473,-0.34063473,0.0,0.0,0.0,-0.95983315,0.7362431,-9.694798,0.0,0.0,0.0,0.0010144313323211308,0.0258557682767513,0.72,0.35447848,0.0009038672,0.00010729893,0.7213835796108852,0.7185520410295768,0.7164429389748538,0.7236214403846846
1777804267.9080842,4.0737376,-0.51668215,9.696219,3.1135597,0.21228275,0.0,-0.036423847,0.31153944,-0.34340188,0.0,0.0,0.0,-0.9601779,0.7289649,-9.696219,0.0,0.0,0.0,0.0014021611254953115,0.02499218395331347,0.72,0.34619057,-0.0038355328,-0.00015677637,0.7216547761996451,0.7184392896213853,0.7161545867996463,0.7237513473793238
1777804267.928387,4.073943,-0.5100579,9.696987,3.1135597,0.21228275,0.0,-0.04028918,0.30056676,-0.3461318,0.0,0.0,0.0,-0.9603834,0.7223407,-9.696987,0.0,0.0,0.0,0.0017608257561560947,0.02412893944029534,0.72,0.33669648,-0.00845094,-0.00020010563,0.7217820597713859,0.7183380036049936,0.7160484391565178,0.7238314974671032
1777804267.9480631,4.075567,-0.4990399,9.697043,3.1135597,0.21228275,0.0,-0.045004196,0.28206152,-0.35054135,0.0,0.0,0.0,-0.96200705,0.71132267,-9.697043,0.0,0.0,0.0,0.0022308639069174773,0.02266540233507666,0.72,0.3222066,-0.017475992,0.00018437832,0.722223026583815,0.7176663464213193,0.7161114043929383,0.7239992226019278
1777804267.9680727,4.076963,-0.49169084,9.696517,3.1135597,0.21228275,0.0,-0.047699668,0.2687913,-0.35357115,0.0,0.0,0.0,-0.9634032,0.7039736,-9.696517,0.0,0.0,0.0,0.002522212263268351,0.021612836630566647,0.72,0.31079257,-0.021609262,9.362122e-05,0.7224290108994733,0.7175148163707069,0.7159840464351044,0.7240721262947158
1777804267.9881732,4.078683,-0.48128557,9.694403,3.1135597,0.21228275,0.0,-0.051795308,0.24715264,-0.35857552,0.0,0.0,0.0,-0.9651232,0.69356835,-9.694403,0.0,0.0,0.0,0.002969135393029436,0.019897361102989865,0.72,0.2921664,-0.028681474,-0.0001426755,0.7228441370099308,0.7172414682926612,0.7158066280130503,0.7241077666843582
1777804268.0080838,4.0800714,-0.47178885,9.691385,3.1135597,0.21228275,0.0,-0.055717707,0.22417267,-0.36383972,0.0,0.0,0.0,-0.9665117,0.6840716,-9.691385,0.0,0.0,0.0,0.0034044182052892324,0.018076532170400485,0.72,0.27232784,-0.033332955,5.0493214e-05,0.7229567652937197,0.7170129387778342,0.7155676711104524,0.7244626248179942
1777804268.0281565,4.0811596,-0.46305412,9.687543,3.1135597,0.21228275,0.0,-0.05956442,0.19946396,-0.369516,0.0,0.0,0.0,-0.96759987,0.67533684,-9.687543,0.0,0.0,0.0,0.003838123471033441,0.01612018756461911,0.72,0.24949183,-0.039472494,6.91798e-05,0.7231380806229657,0.7168204114984018,0.7155012715188678,0.7245402363597653
1777804268.0480862,4.0816875,-0.45776916,9.6843195,3.1135597,0.21228275,0.0,-0.062000733,0.18247415,-0.3733713,0.0,0.0,0.0,-0.9681277,0.67005193,-9.6843195,0.0,0.0,0.0,0.004117824945192243,0.01477574094616589,0.72,0.23084615,-0.042893317,6.6311164e-05,0.7229856982239099,0.7169745150776181,0.7156415825411849,0.7243982041572875
1777804268.0679724,4.082859,-0.4524158,9.681282,3.1135597,0.21228275,0.0,-0.065184936,0.15465754,-0.37895972,0.0,0.0,0.0,-0.9692993,0.66469854,-9.681282,0.0,0.0,0.0,0.0045091696133933825,0.012573445844771386,0.72,0.20149697,-0.048404343,0.00018928609,0.7228527040798882,0.7170337242666193,0.7158736516415213,0.7242399200119718
1777804268.088178,4.083724,-0.44995072,9.679797,3.1135597,0.21228275,0.0,-0.06698388,0.13562013,-0.3825549,0.0,0.0,0.0,-0.9701643,0.6622335,-9.679797,0.0,0.0,0.0,0.004745693435191498,0.011065596510804099,0.72,0.18123253,-0.052015398,0.000113661285,0.722814445636322,0.7171173575929423,0.7160166311249248,0.7240515656458114
1777804268.10822,4.0839295,-0.44856322,9.677885,3.1135597,0.21228275,0.0,-0.06824756,0.1234047,-0.3850978,0.0,0.0,0.0,-0.9703698,0.660846,-9.677885,0.0,0.0,0.0,0.004904046782972884,0.01009967683671789,0.72,0.17085981,-0.054271333,-8.630998e-05,0.7230326611023811,0.7170191248841977,0.7158426585988087,0.7241055554146131
1777804268.1284416,4.0848413,-0.44573572,9.674258,3.1135597,0.21228275,0.0,-0.07076188,0.09405732,-0.39087585,0.0,0.0,0.0,-0.9712815,0.65801847,-9.674258,0.0,0.0,0.0,0.005242122451956313,0.007777036619887241,0.72,0.14398877,-0.060293194,0.00036988588,0.723212432535367,0.7165656359377292,0.7159502335857675,0.7242716979411368
1777804268.1480715,4.0852695,-0.44419545,9.67115,3.1135597,0.21228275,0.0,-0.07236738,0.073473826,-0.39501074,0.0,0.0,0.0,-0.9717097,0.65647817,-9.67115,0.0,0.0,0.0,0.005463297831532543,0.0061488596803073396,0.72,0.12509893,-0.063748874,3.096378e-05,0.7234863775605527,0.7164950441715284,0.71578684657962,0.7242317316882994
1777804268.1681023,4.0857453,-0.44254202,9.666006,3.1135597,0.21228275,0.0,-0.07443448,0.042853706,-0.40114036,0.0,0.0,0.0,-0.9721856,0.65482473,-9.666006,0.0,0.0,0.0,0.005762963308201421,0.0037269169025536896,0.72,0.096095964,-0.067439124,5.1972693e-05,0.7235773350454772,0.7163914813388751,0.715686998176224,0.7243441854394241
1777804268.1882217,4.085946,-0.4418525,9.662207,3.1135597,0.21228275,0.0,-0.07566778,0.02242133,-0.40527597,0.0,0.0,0.0,-0.97238636,0.6541352,-9.662207,0.0,0.0,0.0,0.005948999585923431,0.002110986998790807,0.72,0.0758305,-0.07056988,6.99598e-05,0.723631055646972,0.716326968471705,0.7157621260302562,0.7242798498510672
1777804268.2083738,4.0847607,-0.4436344,9.660524,3.1135597,0.21228275,0.0,-0.07789273,-0.011056611,-0.41089293,0.0,0.0,0.0,-0.97120094,0.65591717,-9.660524,0.0,0.0,0.0,0.006266822952503564,-0.0005331533666872801,0.72,0.04398383,-0.075734995,-8.607702e-05,0.7238696594077271,0.7161819868062507,0.7157142939361517,0.724234059849871
1777804268.2281861,4.0840087,-0.4451807,9.65944,3.1135597,0.21228275,0.0,-0.07907654,-0.03193832,-0.41440344,0.0,0.0,0.0,-0.970449,0.65746343,-9.65944,0.0,0.0,0.0,0.006447643655458179,-0.002182849001637326,0.72,0.021825949,-0.079953514,7.9942496e-05,0.7238535796189229,0.7160984548834247,0.7160436953164832,0.7240042701811696
1777804268.248277,4.082603,-0.44806263,9.655809,3.1135597,0.21228275,0.0,-0.08072739,-0.065496586,-0.42043886,0.0,0.0,0.0,-0.96904325,0.6603454,-9.655809,0.0,0.0,0.0,0.006717184924642119,-0.004834735337951557,0.72,-0.011429347,-0.08561441,-2.752374e-05,0.7240606128092723,0.7159559014346344,0.7162033234251226,0.7237801623309713
1777804268.2679925,4.0812464,-0.45170614,9.652527,3.1135597,0.21228275,0.0,-0.0818805,-0.09830437,-0.42621222,0.0,0.0,0.0,-0.96768665,0.6639889,-9.652527,0.0,0.0,0.0,0.006943343770680066,-0.007429898034185385,0.72,-0.042345878,-0.08956273,-0.0001473867,0.7243081183750723,0.715780313645784,0.7161352307237346,0.7237763372554096
1777804268.288063,4.0797925,-0.4558374,9.648014,3.1135597,0.21228275,0.0,-0.0825839,-0.12947594,-0.43193913,0.0,0.0,0.0,-0.9662328,0.66812015,-9.648014,0.0,0.0,0.0,0.007127002944154874,-0.009898507914594852,0.72,-0.07355534,-0.09139081,-0.0002288456,0.7242669960952454,0.7158703112657551,0.7161015277615467,0.7237611648774533
1777804268.308001,4.078703,-0.45927373,9.64531,3.1135597,0.21228275,0.0,-0.082815826,-0.15050195,-0.43561223,0.0,0.0,0.0,-0.9651432,0.6715565,-9.64531,0.0,0.0,0.0,0.007232402315683757,-0.011565326141608238,0.72,-0.09559963,-0.090763815,-0.00014758258,0.7239903334623441,0.7160982160885108,0.7160670722658616,0.7238443781832841
1777804268.3281894,4.0769744,-0.46542412,9.642058,3.1135597,0.21228275,0.0,-0.08282846,-0.18185055,-0.4408998,0.0,0.0,0.0,-0.96341467,0.67770684,-9.642058,0.0,0.0,0.0,0.00736628598968025,-0.01405272824767593,0.72,-0.12943262,-0.089514874,-0.000231929,0.7235626013843998,0.7165765560197913,0.716027206463739,0.7238336361320704
1777804268.3479986,4.075797,-0.46980253,9.639308,3.1135597,0.21228275,0.0,-0.08264221,-0.20201902,-0.44442534,0.0,0.0,0.0,-0.96223736,0.6820853,-9.639308,0.0,0.0,0.0,0.0074383172669899265,-0.01565543328239876,0.72,-0.15099283,-0.09035417,-3.2787866e-06,0.7233670069552006,0.7166349603167632,0.7162130252188119,0.7237850075092247
1777804268.368037,4.0739675,-0.4769502,9.634316,3.1135597,0.21228275,0.0,-0.081946686,-0.23194167,-0.44984075,0.0,0.0,0.0,-0.96040773,0.68923295,-9.634316,0.0,0.0,0.0,0.007514165147548085,-0.018037872433837733,0.72,-0.18273516,-0.09182654,1.9880106e-05,0.7232450539119107,0.7167430180243294,0.7164188627069028,0.7235930653568574
1777804268.3879569,4.072765,-0.48196304,9.63073,3.1135597,0.21228275,0.0,-0.08126153,-0.25084102,-0.45341372,0.0,0.0,0.0,-0.95920515,0.6942458,-9.63073,0.0,0.0,0.0,0.0075441160022280945,-0.01954574341961255,0.72,-0.20344356,-0.09309616,0.0002574402,0.723096603546627,0.7167489323319299,0.7167105499526856,0.7234439141687579
1777804268.4080415,4.0709267,-0.4900186,9.624609,3.1135597,0.21228275,0.0,-0.07989055,-0.2784954,-0.4588768,0.0,0.0,0.0,-0.95736694,0.7023014,-9.624609,0.0,0.0,0.0,0.00756104700025233,-0.0217571284059855,0.72,-0.23537184,-0.09525368,6.9855465e-05,0.7229656720179425,0.7169924147030738,0.717152823361817,0.7228890899171672
1777804268.4282415,4.069388,-0.4968373,9.618247,3.1135597,0.21228275,0.0,-0.07845338,-0.30010685,-0.46357077,0.0,0.0,0.0,-0.9558282,0.70912004,-9.618247,0.0,0.0,0.0,0.007547502317964003,-0.023490225054903748,0.72,-0.26101506,-0.096459724,0.00015879289,0.7227306581869137,0.7171740660817939,0.717607893018604,0.7224873827126889
1777804268.4479783,4.068402,-0.50485903,9.616476,3.1135597,0.21228275,0.0,-0.07707995,-0.31813884,-0.46659216,0.0,0.0,0.0,-0.9548421,0.71714175,-9.616476,0.0,0.0,0.0,0.007525115464066517,-0.024937855944072,0.72,-0.28025654,-0.096469775,-0.00038982445,0.7228267466347563,0.7174071480332969,0.7175581864118724,0.7222079189200749
1777804268.4684086,4.0668774,-0.517264,9.612749,3.1135597,0.21228275,0.0,-0.074664146,-0.3439063,-0.47120973,0.0,0.0,0.0,-0.95331764,0.7295468,-9.612749,0.0,0.0,0.0,0.007462895295476244,-0.02701138407039224,0.72,-0.30570975,-0.09773391,-2.8473492e-05,0.7229189634579489,0.7170981206375028,0.7177926711353483,0.7221902447692005
1777804268.4881675,4.0658813,-0.52556175,9.60984,3.1135597,0.21228275,0.0,-0.07282929,-0.35966095,-0.47424442,0.0,0.0,0.0,-0.9523215,0.73784447,-9.60984,0.0,0.0,0.0,0.007398794886177598,-0.028282881212817444,0.72,-0.32222694,-0.0996321,-0.00029354653,0.7231645629007267,0.7170115650178027,0.7179789832102491,0.7218448888712218
1777804268.5081105,4.0643783,-0.53828573,9.604582,3.1135597,0.21228275,0.0,-0.06968407,-0.3817709,-0.47893807,0.0,0.0,0.0,-0.95081854,0.7505685,-9.604582,0.0,0.0,0.0,0.007266042774340917,-0.03007312772826168,0.72,-0.34646958,-0.101040505,-0.00021032002,0.7232358548607866,0.7168903371536444,0.7183985403701793,0.7214752676153903
1777804268.5282557,4.063395,-0.54692537,9.6006775,3.1135597,0.21228275,0.0,-0.067348465,-0.3953755,-0.48204634,0.0,0.0,0.0,-0.9498353,0.7592081,-9.6006775,0.0,0.0,0.0,0.0071535890949894565,-0.03117868691989159,0.72,-0.36445293,-0.100256056,-2.0759646e-05,0.7228955759017619,0.7171168798857471,0.7188382148032175,0.7211493294092739
1777804268.548108,4.061924,-0.5600598,9.593875,3.1135597,0.21228275,0.0,-0.063503355,-0.41390052,-0.48676753,0.0,0.0,0.0,-0.94836426,0.77234256,-9.593875,0.0,0.0,0.0,0.00694991304703791,-0.03268992305463385,0.72,-0.38862953,-0.09671574,-1.8657534e-05,0.7223925044646801,0.7176186900559491,0.7191821879787653,0.7208066175006059
1777804268.568347,4.0610876,-0.5644973,9.593155,3.1135597,0.21228275,0.0,-0.06242821,-0.41985378,-0.48802936,0.0,0.0,0.0,-0.9475279,0.77678,-9.593155,0.0,0.0,0.0,0.006897519940520169,-0.03317523856812139,0.72,-0.39609367,-0.09543698,3.9100352e-05,0.7222134538224717,0.7177630859661497,0.7192614235461673,0.7207620366652117
1777804268.5880837,4.058665,-0.5781761,9.590806,3.1135597,0.21228275,0.0,-0.058855668,-0.43628794,-0.4918063,0.0,0.0,0.0,-0.9451051,0.7904588,-9.590806,0.0,0.0,0.0,0.006694349406711453,-0.034521573569799034,0.72,-0.41713908,-0.093584724,-0.0003154958,0.7220375241517135,0.7181517733257676,0.7195473328381624,0.7202633696843569
1777804268.6081095,4.05716,-0.5873738,9.589518,3.1135597,0.21228275,0.0,-0.056295652,-0.4457439,-0.4942175,0.0,0.0,0.0,-0.9436002,0.7996565,-9.589518,0.0,0.0,0.0,0.00653807058441906,-0.035299397790080324,0.72,-0.43032658,-0.09165417,-0.00010264952,0.721698328908764,0.7183632608049676,0.7198901965750771,0.7200482137111918
1777804268.6282816,4.054946,-0.601181,9.585724,3.1135597,0.21228275,0.0,-0.052063413,-0.45770666,-0.4980657,0.0,0.0,0.0,-0.9413862,0.8134637,-9.585724,0.0,0.0,0.0,0.006260584355015233,-0.036289410243949015,0.72,-0.44854137,-0.087647386,4.9214188e-05,0.7211425426629858,0.7188279288241903,0.720359870370224,0.7196696581426004
1777804268.648247,4.0534806,-0.6107076,9.5818405,3.1135597,0.21228275,0.0,-0.048874952,-0.46433467,-0.50089616,0.0,0.0,0.0,-0.9399209,0.8229903,-9.5818405,0.0,0.0,0.0,0.006039087740356486,-0.036842539022468056,0.72,-0.45810074,-0.084744096,-0.00021010776,0.7209979523815787,0.7191281122715797,0.7204829274660772,0.7193910078807648
1777804268.6687748,4.0521345,-0.61963433,9.578189,3.1135597,0.21228275,0.0,-0.04582697,-0.4693742,-0.50345486,0.0,0.0,0.0,-0.9385748,0.83191705,-9.578189,0.0,0.0,0.0,0.005819091245306964,-0.03726623873729281,0.72,-0.46685106,-0.08295859,-1.5446443e-05,0.7207403838963224,0.7192688839696479,0.7208948074553028,0.7190959246787272
1777804268.6880944,4.0497403,-0.63383067,9.572619,3.1135597,0.21228275,0.0,-0.041099183,-0.47514668,-0.50742024,0.0,0.0,0.0,-0.9361806,0.84611344,-9.572619,0.0,0.0,0.0,0.005466598656338064,-0.037757025897949104,0.72,-0.4769766,-0.079785705,-0.0002210913,0.720581482737112,0.7195511720389856,0.7212510326882489,0.7186163125356541
1777804268.708161,4.0476832,-0.6438676,9.570515,3.1135597,0.21228275,0.0,-0.038170837,-0.47784674,-0.50971085,0.0,0.0,0.0,-0.9341235,0.8561504,-9.570515,0.0,0.0,0.0,0.005232035209077743,-0.037990495155986466,0.72,-0.48357117,-0.07645234,4.5303845e-05,0.7201753620290946,0.7197974556641015,0.7215929415056154,0.7184342408011891
1777804268.728236,4.044779,-0.65866977,9.566458,3.1135597,0.21228275,0.0,-0.03351527,-0.47947577,-0.513238,0.0,0.0,0.0,-0.9312191,0.8709525,-9.566458,0.0,0.0,0.0,0.00484748494796106,-0.03814396825856824,0.72,-0.4885326,-0.071490966,-0.000104147446,0.7199643965841656,0.7200980918834992,0.7217791880452875,0.7181583234870482
1777804268.748057,4.042948,-0.6685898,9.563052,3.1135597,0.21228275,0.0,-0.030161988,-0.47890818,-0.5157753,0.0,0.0,0.0,-0.92938805,0.8808725,-9.563052,0.0,0.0,0.0,0.004565034225023439,-0.03811195258802364,0.72,-0.49113578,-0.06913975,-8.276815e-05,0.7198120666296839,0.7202375942606786,0.7221202247301446,0.7178301143794934
1777804268.7687194,4.040396,-0.6828784,9.557476,3.1135597,0.21228275,0.0,-0.025097277,-0.47577626,-0.51957387,0.0,0.0,0.0,-0.9268365,0.89516115,-9.557476,0.0,0.0,0.0,0.0041275831718081335,-0.0378776183615045,0.72,-0.490664,-0.06453588,-0.00030485683,0.7197512421049393,0.7204316719944832,0.7223193321272346,0.7174977537733433
1777804268.7880664,4.0387483,-0.6936084,9.551692,3.1135597,0.21228275,0.0,-0.02073929,-0.4709961,-0.522921,0.0,0.0,0.0,-0.92518854,0.9058912,-9.551692,0.0,0.0,0.0,0.003745246009319221,-0.037506112011900294,0.72,-0.48996398,-0.05989567,-0.00022990903,0.719424373882525,0.7207135715333921,0.7226684410074439,0.7171936135766395
1777804268.8082824,4.035691,-0.71231043,9.542326,3.1135597,0.21228275,0.0,-0.013738547,-0.46000236,-0.5286911,0.0,0.0,0.0,-0.92213106,0.9245932,-9.542326,0.0,0.0,0.0,0.0031108203354716225,-0.03663786879598786,0.72,-0.4855312,-0.05056844,7.3396965e-05,0.718708007624506,0.7212479541967448,0.7231613019551763,0.7168827362235735
1777804268.828128,4.0348454,-0.717233,9.539798,3.1135597,0.21228275,0.0,-0.012239285,-0.45681477,-0.5301937,0.0,0.0,0.0,-0.9212856,0.9295157,-9.539798,0.0,0.0,0.0,0.002961140460537024,-0.03638430250512123,0.72,-0.48418638,-0.04875373,-1.7917308e-05,0.7185939252249419,0.7214168251595929,0.7232843908064222,0.7167048588090433
1777804268.8484576,4.0324297,-0.7322379,9.531251,3.1135597,0.21228275,0.0,-0.0071992096,-0.44469133,-0.5351625,0.0,0.0,0.0,-0.91887,0.9445206,-9.531251,0.0,0.0,0.0,0.002459065944845129,-0.035417684184514034,0.72,-0.47551766,-0.041778184,-7.899151e-06,0.7182618299123946,0.7217429095780005,0.7235045477136772,0.716490712795928
1777804268.8684962,4.030941,-0.7415858,9.525521,3.1135597,0.21228275,0.0,-0.0039296523,-0.4355401,-0.538505,0.0,0.0,0.0,-0.9173813,0.9538685,-9.525521,0.0,0.0,0.0,0.002128341446661004,-0.03468653382305114,0.72,-0.46845263,-0.036522627,5.6505683e-05,0.7179868402273207,0.7219792563626024,0.7236000971796501,0.7164338062304273
1777804268.888125,4.028875,-0.755302,9.516041,3.1135597,0.21228275,0.0,0.0012223589,-0.41923895,-0.54391974,0.0,0.0,0.0,-0.91531515,0.9675847,-9.516041,0.0,0.0,0.0,0.001606248330216551,-0.033382985772288654,0.72,-0.455447,-0.028864153,-0.00021456752,0.7177144808502113,0.7224142596644165,0.7236912869260772,0.7161799725592953
1777804268.908182,4.027609,-0.7639484,9.509563,3.1135597,0.21228275,0.0,0.0046493094,-0.40723515,-0.54761285,0.0,0.0,0.0,-0.91404915,0.9762311,-9.509563,0.0,0.0,0.0,0.0012568353927312082,-0.03242299654865547,0.72,-0.44569597,-0.02482416,-4.053094e-06,0.7174976325031446,0.7225047993532647,0.7239605621865706,0.7160370059570205
1777804268.9280705,4.025882,-0.77652186,9.498992,3.1135597,0.21228275,0.0,0.010040417,-0.38679424,-0.5535577,0.0,0.0,0.0,-0.91232204,0.9888046,-9.498992,0.0,0.0,0.0,0.0007076403593493552,-0.030789279865460272,0.72,-0.4283086,-0.02026819,-8.1865976e-05,0.7174629660591146,0.7225861535261947,0.7243646637265276,0.7155862166881635
1777804268.948369,4.0254087,-0.78736687,9.493398,3.1135597,0.21228275,0.0,0.014980195,-0.36782068,-0.5578715,0.0,0.0,0.0,-0.911849,0.99964964,-9.493398,0.0,0.0,0.0,0.00021193035249287285,-0.029275613341340875,0.72,-0.41374278,-0.01653505,-6.138473e-05,0.7173054798972528,0.7227313509405267,0.7249162672864599,0.7150469018757611
1777804268.9684553,4.0249367,-0.7959786,9.489284,3.1135597,0.21228275,0.0,0.018692812,-0.35224473,-0.56121105,0.0,0.0,0.0,-0.91137695,1.0082613,-9.489284,0.0,0.0,0.0,-0.0001641202084824389,-0.028033558264825516,0.72,-0.39917412,-0.012640542,-0.0001591183,0.7173227274297919,0.722772743547456,0.7250279997632864,0.7148765292594662
1777804268.9884455,4.0245395,-0.80437416,9.484114,3.1135597,0.21228275,0.0,0.022646466,-0.3348014,-0.5650139,0.0,0.0,0.0,-0.91097975,1.0166569,-9.484114,0.0,0.0,0.0,-0.0005637779012246913,-0.026644536942908765,0.72,-0.38427764,-0.0068140533,-0.00029695965,0.7171003156608953,0.723077860131202,0.7251174886666966,0.7147043355412066
1777804269.008095,4.0240626,-0.8159963,9.476074,3.1135597,0.21228275,0.0,0.028401973,-0.30766836,-0.57081944,0.0,0.0,0.0,-0.9105029,1.0282791,-9.476074,0.0,0.0,0.0,-0.001148645303551028,-0.02448721148131326,0.72,-0.3611183,0.0012161476,-8.4317035e-05,0.7166743971425584,0.7233761930782214,0.7254283098548433,0.7145210999243773
1777804269.0282202,4.023831,-0.8232094,9.470005,3.1135597,0.21228275,0.0,0.03224598,-0.28829107,-0.5749713,0.0,0.0,0.0,-0.91027117,1.0354922,-9.470005,0.0,0.0,0.0,-0.0015411249078528045,-0.022949105178340475,0.72,-0.34366325,0.0076398654,-9.546498e-05,0.7164146207138752,0.7236426582743668,0.7254452506392772,0.7144974703724812
1777804269.0483031,4.0236115,-0.8331499,9.460219,3.1135597,0.21228275,0.0,0.03792937,-0.25777602,-0.58142793,0.0,0.0,0.0,-0.9100518,1.0454327,-9.460219,0.0,0.0,0.0,-0.002122514679160048,-0.020531319928423317,0.72,-0.3140014,0.016039759,-2.7692717e-05,0.7162588488129692,0.7237577668170412,0.7254198191180437,0.7145635652519464
1777804269.0681076,4.023918,-0.84250855,9.449539,3.1135597,0.21228275,0.0,0.04410746,-0.22317521,-0.58862203,0.0,0.0,0.0,-0.9103584,1.0547913,-9.449539,0.0,0.0,0.0,-0.002751200806915755,-0.01779694586369928,0.72,-0.2806773,0.026073234,-3.0009513e-05,0.7160171076902655,0.7240008980172679,0.725313576458642,0.7146684178338252
1777804269.0879705,4.0249143,-0.8506635,9.441847,3.1135597,0.21228275,0.0,0.05011433,-0.18994087,-0.59491694,0.0,0.0,0.0,-0.91135454,1.0629462,-9.441847,0.0,0.0,0.0,-0.0033510127558489347,-0.015178686515785316,0.72,-0.24586952,0.035992444,-0.00014768468,0.7160250478049,0.7240635630036972,0.7249181867369492,0.7149932024544541
1777804269.107983,4.025682,-0.85566014,9.436825,3.1135597,0.21228275,0.0,0.054035448,-0.16701095,-0.59923214,0.0,0.0,0.0,-0.91212225,1.0679429,-9.436825,0.0,0.0,0.0,-0.003744930590326234,-0.013375268997960888,0.72,-0.22330105,0.042546116,-5.5106902e-05,0.715868958149992,0.7241641059914694,0.724813524500158,0.7151534113583811
1777804269.128182,4.0268755,-0.8621,9.427689,3.1135597,0.21228275,0.0,0.059659995,-0.13145335,-0.6061618,0.0,0.0,0.0,-0.9133158,1.0743828,-9.427689,0.0,0.0,0.0,-0.004317279309440174,-0.01058245458445704,0.72,-0.18975712,0.04899932,-0.00024973392,0.7158741385241478,0.724275701825183,0.7249205287802258,0.7149296308704439
1777804269.1484306,4.0273027,-0.86400247,9.424258,3.1135597,0.21228275,0.0,0.061509974,-0.1190456,-0.608623,0.0,0.0,0.0,-0.913743,1.0762852,-9.424258,0.0,0.0,0.0,-0.0045073128860078525,-0.009609025487532855,0.72,-0.17802662,0.05013769,-0.00020633085,0.7159250930064881,0.7241987055031053,0.7250675021735628,0.7148086993168444
1777804269.168586,4.0282507,-0.86749816,9.416472,3.1135597,0.21228275,0.0,0.06533783,-0.092407994,-0.6140092,0.0,0.0,0.0,-0.914691,1.0797809,-9.416472,0.0,0.0,0.0,-0.004903758049247919,-0.00752076823337859,0.72,-0.1546223,0.052307595,0.00010834241,0.7158376318784537,0.7240973626774971,0.7256006690892359,0.7144643363548137
1777804269.1881795,4.0296783,-0.87160224,9.4047,3.1135597,0.21228275,0.0,0.070517614,-0.05364656,-0.62183356,0.0,0.0,0.0,-0.9161186,1.083885,-9.4047,0.0,0.0,0.0,-0.005449810403008968,-0.004484953653521551,0.72,-0.118653856,0.055011243,-0.0003352223,0.7161421228430169,0.7240590105453097,0.7259556991425052,0.7138431674691685
1777804269.2084072,4.031259,-0.872903,9.398233,3.1135597,0.21228275,0.0,0.07402763,-0.027736804,-0.62665397,0.0,0.0,0.0,-0.91769934,1.0851858,-9.398233,0.0,0.0,0.0,-0.005818959971565843,-0.002458778156238184,0.72,-0.09444293,0.05840811,0.000113616574,0.7160155701411756,0.7239162599145443,0.7262770519885404,0.7137911179557401
1777804269.2281013,4.0337863,-0.87405324,9.387799,3.1135597,0.21228275,0.0,0.079158805,0.012857894,-0.63435066,0.0,0.0,0.0,-0.9202266,1.086336,-9.387799,0.0,0.0,0.0,-0.006370402734373824,0.000713526011325869,0.72,-0.056350246,0.066725224,-0.00016851387,0.7158613932579155,0.724239715064353,0.7262033763297895,0.7136955153479424
1777804269.2480977,4.035451,-0.8742212,9.380592,3.1135597,0.21228275,0.0,0.082229644,0.03922207,-0.639413,0.0,0.0,0.0,-0.9218912,1.086504,-9.380592,0.0,0.0,0.0,-0.00671013520307433,0.0027734444953204118,0.72,-0.031011283,0.07365404,-4.3581604e-05,0.7155765392615036,0.7244496097007019,0.726059084633567,0.7139147664042279
1777804269.2680802,4.0379553,-0.87358785,9.368914,3.1135597,0.21228275,0.0,0.086445056,0.07876571,-0.6471376,0.0,0.0,0.0,-0.92439556,1.0858706,-9.368914,0.0,0.0,0.0,-0.007192774576110317,0.005864088570974282,0.72,0.009757024,0.0825386,-0.00019780798,0.7155655025556823,0.7245531822333665,0.7256138710308186,0.7142674441801331
1777804269.288173,4.039701,-0.87252,9.3603945,3.1135597,0.21228275,0.0,0.08903047,0.10588386,-0.6525256,0.0,0.0,0.0,-0.92614126,1.0848027,-9.3603945,0.0,0.0,0.0,-0.007502866377003983,0.007984874939241209,0.72,0.038236346,0.08741704,-0.00023914836,0.7156552807291263,0.7244882082854631,0.7253637262176915,0.7144927847677195
1777804269.308114,4.0423427,-0.87003165,9.347071,3.1135597,0.21228275,0.0,0.09247391,0.14619465,-0.6606096,0.0,0.0,0.0,-0.92878294,1.0823144,-9.347071,0.0,0.0,0.0,-0.007938237770954757,0.011140270505976062,0.72,0.082046546,0.09469469,-0.0002602337,0.7158641859463788,0.7242919542763003,0.7248611393689376,0.7149827204083837
1777804269.328128,4.044568,-0.8679516,9.341227,3.1135597,0.21228275,0.0,0.09477791,0.17177737,-0.66497844,0.0,0.0,0.0,-0.93100834,1.0802343,-9.341227,0.0,0.0,0.0,-0.008229464822748724,0.01314310847873287,0.72,0.111090764,0.09920624,-0.00029988575,0.7161270841032611,0.7240528473483048,0.7244588473046264,0.7153612212438083
1777804269.3480897,4.047581,-0.8636889,9.329063,3.1135597,0.21228275,0.0,0.097462654,0.2107084,-0.6725001,0.0,0.0,0.0,-0.9340215,1.0759716,-9.329063,0.0,0.0,0.0,-0.008615921874072398,0.016197131542188572,0.72,0.15386668,0.10493679,-0.00029158004,0.716420655147247,0.7237542928787128,0.7240213016494512,0.7158037503245895
1777804269.3680775,4.0505877,-0.8584346,9.316089,3.1135597,0.21228275,0.0,0.099589184,0.24870957,-0.6799911,0.0,0.0,0.0,-0.93702793,1.0707173,-9.316089,0.0,0.0,0.0,-0.008962174914476364,0.019186185188390752,0.72,0.19276924,0.11054231,-4.0192972e-05,0.7163662021815701,0.7236579136015916,0.7238713776850717,0.716104506531767
1777804269.388045,4.0536036,-0.8522248,9.302574,3.1135597,0.21228275,0.0,0.10110309,0.28564203,-0.6874399,0.0,0.0,0.0,-0.9400439,1.0645076,-9.302574,0.0,0.0,0.0,-0.009262688119103864,0.022100405267741614,0.72,0.22817852,0.11602806,-0.0001093211,0.7161671154247713,0.7238984772370772,0.7237937707335564,0.7161406366045955
1777804269.4080863,4.055117,-0.84879166,9.295752,3.1135597,0.21228275,0.0,0.101609334,0.3035862,-0.6910574,0.0,0.0,0.0,-0.9415574,1.0610744,-9.295752,0.0,0.0,0.0,-0.009393168409295357,0.023520146531541785,0.72,0.24580464,0.11807282,-0.00021884135,0.7161572194809307,0.7239740853285429,0.7237374657072582,0.7161312294832686
1777804269.4280875,4.058121,-0.8412517,9.281676,3.1135597,0.21228275,0.0,0.10214677,0.3383453,-0.6981927,0.0,0.0,0.0,-0.9445615,1.0535344,-9.281676,0.0,0.0,0.0,-0.009615756311235799,0.026278217901047788,0.72,0.27891997,0.122132316,-0.00019455572,0.7159389170287523,0.7241778164008511,0.7237514249966427,0.7161318415737543
1777804269.4481075,4.060672,-0.8343695,9.270017,3.1135597,0.21228275,0.0,0.10218013,0.36597776,-0.7038623,0.0,0.0,0.0,-0.9471121,1.0466522,-9.270017,0.0,0.0,0.0,-0.009766222433860357,0.028478753659168278,0.72,0.30708072,0.12438231,5.4574775e-05,0.7158869688444355,0.7240802862903978,0.7237443064847872,0.71628843838038
1777804269.468042,4.063601,-0.8252697,9.2550125,3.1135597,0.21228275,0.0,0.10157459,0.39769986,-0.7106237,0.0,0.0,0.0,-0.9500413,1.0375525,-9.2550125,0.0,0.0,0.0,-0.009892748497604771,0.03101587652588098,0.72,0.34205768,0.12628594,0.0001160432,0.7161037977888086,0.7238265762910402,0.7234759487410076,0.7165936771791439
1777804269.4881346,4.0653577,-0.8198821,9.24896,3.1135597,0.21228275,0.0,0.1010703,0.41319215,-0.7137059,0.0,0.0,0.0,-0.95179796,1.0321648,-9.24896,0.0,0.0,0.0,-0.009939373570011583,0.03225883393271474,0.72,0.35978824,0.12685974,5.334099e-06,0.7163132193739163,0.7236835801666143,0.723267969458459,0.7167352310010108
1777804269.508227,4.0684104,-0.8102782,9.239188,3.1135597,0.21228275,0.0,0.09990509,0.4382285,-0.7186484,0.0,0.0,0.0,-0.9548507,1.022561,-9.239188,0.0,0.0,0.0,-0.009998389928602905,0.034271204143154675,0.72,0.38857386,0.13055503,-6.605224e-05,0.7163885071762462,0.7236511241688878,0.7227194672915551,0.7172409013633113
1777804269.5280735,4.071366,-0.8002801,9.229129,3.1135597,0.21228275,0.0,0.0982908,0.4614938,-0.7234466,0.0,0.0,0.0,-0.9578061,1.0125629,-9.229129,0.0,0.0,0.0,-0.010015725310170183,0.03614930371951857,0.72,0.4172857,0.13203283,-8.8508976e-05,0.7167132050058035,0.723339900379646,0.7221929933676801,0.717753901246871
1777804269.5480664,4.074308,-0.78983736,9.219252,3.1135597,0.21228275,0.0,0.096253626,0.48315606,-0.7279917,0.0,0.0,0.0,-0.9607482,1.0021201,-9.219252,0.0,0.0,0.0,-0.009993560031069998,0.03790589693732752,0.72,0.44451022,0.1338318,-8.255599e-05,0.7169667036871106,0.723082829907463,0.7216073285301806,0.7183431378752463
1777804269.5681589,4.0778775,-0.7768468,9.208555,3.1135597,0.21228275,0.0,0.09318889,0.50687706,-0.73305947,0.0,0.0,0.0,-0.9643178,0.98912954,-9.208555,0.0,0.0,0.0,-0.009907626512974126,0.039840172537408236,0.72,0.47478208,0.13167237,-0.00014398736,0.717559427143782,0.7225269652719047,0.7211882470895942,0.7187253604947196
1777804269.5880485,4.0807447,-0.76775646,9.205296,3.1135597,0.21228275,0.0,0.091021344,0.5212908,-0.73552597,0.0,0.0,0.0,-0.967185,0.98003924,-9.205296,0.0,0.0,0.0,-0.009833696411468721,0.04101966534652043,0.72,0.49390864,0.13087013,-0.00037417415,0.7179693641175698,0.7222551403742093,0.7207588073232263,0.7190166881849949
1777804269.6080723,4.084335,-0.7540834,9.196519,3.1135597,0.21228275,0.0,0.087064795,0.54021317,-0.739805,0.0,0.0,0.0,-0.9707751,0.9663662,-9.196519,0.0,0.0,0.0,-0.009653253226658904,0.04257829616424136,0.72,0.51806617,0.12716538,-0.00018628521,0.718402905880051,0.7217088652445962,0.7205571402308595,0.7193310886444938
1777804269.6280844,4.087971,-0.7419518,9.194947,3.1135597,0.21228275,0.0,0.084537685,0.55301535,-0.7415194,0.0,0.0,0.0,-0.9744115,0.9542346,-9.194947,0.0,0.0,0.0,-0.009544451200426636,0.04363053417719158,0.72,0.5332736,0.12752528,-0.00011440401,0.7184081016496463,0.7216605407545744,0.7202767551693892,0.7196546024263906
1777804269.6480575,4.091636,-0.72755176,9.188864,3.1135597,0.21228275,0.0,0.08075275,0.5663294,-0.7444651,0.0,0.0,0.0,-0.97807646,0.9398345,-9.188864,0.0,0.0,0.0,-0.009347388191439876,0.04473239793513624,0.72,0.5482642,0.12631595,-8.601888e-05,0.7183966562493135,0.721654955079358,0.72008756791799,0.719860820753339
1777804269.668225,4.0950365,-0.71301985,9.181612,3.1135597,0.21228275,0.0,0.0765831,0.57742995,-0.74756724,0.0,0.0,0.0,-0.9814768,0.9253026,-9.181612,0.0,0.0,0.0,-0.009107049304290484,0.045657050166426176,0.72,0.56146705,0.1269301,-0.00013134218,0.7182523576963816,0.7218264476126395,0.7196529244792463,0.720268270211733
1777804269.6880398,4.099587,-0.6923052,9.171008,3.1135597,0.21228275,0.0,0.07012295,0.5892752,-0.7517677,0.0,0.0,0.0,-0.98602724,0.904588,-9.171008,0.0,0.0,0.0,-0.008700199969250874,0.04665315810482834,0.72,0.5775003,0.123942465,-7.44374e-05,0.7183539986138896,0.7216906638245592,0.7192156069902004,0.7207397305713513
1777804269.7080755,4.1011314,-0.68389827,9.164915,3.1135597,0.21228275,0.0,0.06711412,0.59263974,-0.75379586,0.0,0.0,0.0,-0.9875717,0.896181,-9.164915,0.0,0.0,0.0,-0.008496453164735308,0.046941910905705875,0.72,0.58495367,0.1233726,3.8886854e-05,0.7184693615029313,0.7215073063847447,0.7187839289093333,0.7212394032029911
1777804269.7280624,4.1041546,-0.66859037,9.156684,3.1135597,0.21228275,0.0,0.062295057,0.59718734,-0.7567925,0.0,0.0,0.0,-0.99059486,0.8808731,-9.156684,0.0,0.0,0.0,-0.008164609938752463,0.047333561463665144,0.72,0.5937255,0.11820191,7.4891694e-05,0.7188504682503147,0.7211045967334901,0.7185664457952808,0.7214784892209147
1777804269.7480936,4.1075506,-0.6503705,9.146701,3.1135597,0.21228275,0.0,0.056409474,0.5994959,-0.7604891,0.0,0.0,0.0,-0.9939909,0.86265326,-9.146701,0.0,0.0,0.0,-0.0077160049576349725,0.047548685461587255,0.72,0.6036339,0.11353652,-0.00013815632,0.7194165550977936,0.7206663386940471,0.7178496113306903,0.7220674948774696
1777804269.7680793,4.11032,-0.63707364,9.142549,3.1135597,0.21228275,0.0,0.05268112,0.5999756,-0.7624581,0.0,0.0,0.0,-0.99676037,0.8493564,-9.142549,0.0,0.0,0.0,-0.007423581662003897,0.04760155664671544,0.72,0.60845286,0.10784024,-0.0001872194,0.7199272001575225,0.7201851314807058,0.7176655247662166,0.7222221435955556
1777804269.7881052,4.1130934,-0.6192723,9.130169,3.1135597,0.21228275,0.0,0.045998886,0.59638435,-0.7665456,0.0,0.0,0.0,-0.99953365,0.831555,-9.130169,0.0,0.0,0.0,-0.00687182404146192,0.04733481947798936,0.72,0.6128521,0.1016293,-0.00016626301,0.7204847070384224,0.71961505076716,0.7169982527396003,0.7229019894548179
1777804269.8081105,4.1153765,-0.60647035,9.124138,3.1135597,0.21228275,0.0,0.041712634,0.5928338,-0.76890326,0.0,0.0,0.0,-1.0018167,0.8187531,-9.124138,0.0,0.0,0.0,-0.006509026462703709,0.04705888540664599,0.72,0.6130638,0.096052594,7.4602554e-05,0.7207886577115807,0.719166580755792,0.7168609800965627,0.723183781436065
1777804269.8281548,4.117487,-0.59154904,9.113292,3.1135597,0.21228275,0.0,0.035761803,0.58551145,-0.7726789,0.0,0.0,0.0,-1.0039272,0.8038318,-9.113292,0.0,0.0,0.0,-0.005990680857008073,0.046481564279512215,0.72,0.6123631,0.08960181,-5.7144804e-05,0.7213471634390167,0.7186871234431288,0.716297909107595,0.7236678040102598
1777804269.848228,4.118677,-0.5763633,9.103285,3.1135597,0.21228275,0.0,0.02926263,0.5761519,-0.77638865,0.0,0.0,0.0,-1.0051174,0.7886461,-9.103285,0.0,0.0,0.0,-0.005415085909827244,0.045739579994469405,0.72,0.6057783,0.08257264,-0.00012873564,0.7215705776426974,0.7185066637428903,0.7160479719387978,0.723874786675615
1777804269.867971,4.119117,-0.55449593,9.090233,3.1135597,0.21228275,0.0,0.019321011,0.55952424,-0.78171945,0.0,0.0,0.0,-1.0055571,0.7667787,-9.090233,0.0,0.0,0.0,-0.00453663605237943,0.044415269896907125,0.72,0.59455454,0.07499797,0.00020767935,0.7216235883134865,0.7182518040787905,0.7154500087557956,0.724674598851928
1777804269.8880389,4.1192102,-0.54197866,9.082277,3.1135597,0.21228275,0.0,0.01344308,0.5480699,-0.78500247,0.0,0.0,0.0,-1.0056505,0.7542614,-9.082277,0.0,0.0,0.0,-0.004008674255553637,0.04350131673585889,0.72,0.5861425,0.06828199,-0.00013579463,0.7219769348773328,0.7181045419013898,0.7151152947105871,0.7248032285106908
1777804269.908068,4.1192713,-0.5298138,9.074984,3.1135597,0.21228275,0.0,0.00762242,0.5353923,-0.78826976,0.0,0.0,0.0,-1.0057116,0.74209654,-9.074984,0.0,0.0,0.0,-0.003479828097088591,0.04248902357890378,0.72,0.577359,0.061728757,-8.000352e-05,0.7222652266808623,0.7177827754308624,0.7148178284133467,0.7251341694749289
1777804269.9281948,4.1192265,-0.5121145,9.0635395,3.1135597,0.21228275,0.0,-0.0011966533,0.5134841,-0.7935071,0.0,0.0,0.0,-1.0056667,0.7243973,-9.0635395,0.0,0.0,0.0,-0.0026629058997826326,0.04074064222776178,0.72,0.55826783,0.052383844,-0.00012510664,0.722430514704172,0.7176445492812504,0.7145138820858945,0.7254110539286835
1777804269.948063,4.1190133,-0.50083256,9.054193,3.1135597,0.21228275,0.0,-0.007180669,0.49677163,-0.79756296,0.0,0.0,0.0,-1.0054536,0.71311533,-9.054193,0.0,0.0,0.0,-0.0020986173644315454,0.03940876815763784,0.72,0.54497087,0.046849936,-0.00013132286,0.7225789207655117,0.7174998729485433,0.7141223241638517,0.7257988821220936
1777804269.968156,4.118168,-0.48406932,9.04169,3.1135597,0.21228275,0.0,-0.016589591,0.46952227,-0.8036154,0.0,0.0,0.0,-1.0046082,0.69635206,-9.04169,0.0,0.0,0.0,-0.0012128861117068812,0.03724380072240124,0.72,0.52024066,0.03567511,-0.00012490257,0.7227718006431466,0.7173031408966403,0.7139459542310238,0.7259791042291898
1777804269.988091,4.117477,-0.47373405,9.03278,3.1135597,0.21228275,0.0,-0.02260041,0.45029828,-0.80787057,0.0,0.0,0.0,-1.0039172,0.6860168,-9.03278,0.0,0.0,0.0,-0.0006397340686739827,0.03571978531486978,0.72,0.5034555,0.027217213,-0.00030568388,0.7231107184455223,0.7170726918800302,0.7138139956015163,0.7260025940729317
1777804270.0081198,4.1163034,-0.45885015,9.018601,3.1135597,0.21228275,0.0,-0.03162664,0.41861913,-0.8147686,0.0,0.0,0.0,-1.0027437,0.6711329,-9.018601,0.0,0.0,0.0,0.0002346629102223119,0.033214788682263505,0.72,0.47558573,0.014596456,-0.00014877925,0.72347432403386,0.7166149435143129,0.7137209172288155,0.726189815223012
1777804270.0281572,4.1153584,-0.44960248,9.007752,3.1135597,0.21228275,0.0,-0.03756247,0.39576998,-0.8197387,0.0,0.0,0.0,-1.0017986,0.66188526,-9.007752,0.0,0.0,0.0,0.0008204844682834356,0.0314130840617789,0.72,0.45628414,0.006525473,-0.00012198536,0.723783720067587,0.7162894711474637,0.7135312352832843,0.7263955735016655
1777804270.0480583,4.11427,-0.44087207,8.995497,3.1135597,0.21228275,0.0,-0.04347353,0.37133548,-0.82521725,0.0,0.0,0.0,-1.0007105,0.65315485,-8.995497,0.0,0.0,0.0,0.0014141151897199224,0.029490867775649205,0.72,0.43535006,0.00045512913,3.9436472e-05,0.7238747805991413,0.7161015575173973,0.7132241683598292,0.7267994935236326
1777804270.06803,4.1130686,-0.42905056,8.977021,3.1135597,0.21228275,0.0,-0.05141381,0.33329475,-0.83366764,0.0,0.0,0.0,-0.99950886,0.64133334,-8.977021,0.0,0.0,0.0,0.0022403822202037914,0.026503953556684508,0.72,0.40238002,-0.010900953,-9.172977e-05,0.7243456609373725,0.7157093769264122,0.7129177270787418,0.727027235057474
1777804270.088045,4.112911,-0.42179313,8.965017,3.1135597,0.21228275,0.0,-0.056050073,0.3061853,-0.83944184,0.0,0.0,0.0,-0.9993515,0.6340759,-8.965017,0.0,0.0,0.0,0.0027618480286749404,0.024376826428413968,0.72,0.3784158,-0.018057615,-0.00014933693,0.724623999242906,0.7154656029178265,0.7127415230301273,0.7271688748091407
1777804270.1080801,4.1124372,-0.41201526,8.946462,3.1135597,0.21228275,0.0,-0.06276964,0.26420888,-0.8484008,0.0,0.0,0.0,-0.9988775,0.624298,-8.946462,0.0,0.0,0.0,0.003531790003473745,0.021092944307297686,0.72,0.33873215,-0.030292634,-0.0001830503,0.7249521637478133,0.7151576664336495,0.7128310776725842,0.7270590921459533
1777804270.1280787,4.11197,-0.40614632,8.933604,3.1135597,0.21228275,0.0,-0.06712715,0.2350272,-0.8546741,0.0,0.0,0.0,-0.9984102,0.61842906,-8.933604,0.0,0.0,0.0,0.004041583092995325,0.01881621582610464,0.72,0.3098778,-0.036956206,0.00022073195,0.7248227030024675,0.7150448578284303,0.7130071237657958,0.7271253154033067
1777804270.1482568,4.1110673,-0.398434,8.913848,3.1135597,0.21228275,0.0,-0.073423944,0.19021033,-0.8643438,0.0,0.0,0.0,-0.9975076,0.61071676,-8.913848,0.0,0.0,0.0,0.004790491304108286,0.015329243119226526,0.72,0.2656769,-0.048211303,-0.00015218185,0.7250369752073472,0.7150543339017728,0.7130958506017563,0.7268128402891242
1777804270.168265,4.1103516,-0.3940164,8.900489,3.1135597,0.21228275,0.0,-0.077429585,0.15985997,-0.8709353,0.0,0.0,0.0,-0.99679184,0.60629916,-8.900489,0.0,0.0,0.0,0.00527766784341285,0.01297305568637441,0.72,0.23551153,-0.054918017,-5.8232174e-05,0.7250011096186001,0.715033829685568,0.7132304374527145,0.7267346232431178
1777804270.1880388,4.1089673,-0.38924173,8.881235,3.1135597,0.21228275,0.0,-0.08315537,0.11260461,-0.8809464,0.0,0.0,0.0,-0.9954076,0.6015245,-8.881235,0.0,0.0,0.0,0.005996625630378461,0.009310329645935589,0.72,0.1900296,-0.066221245,-0.00017852134,0.7252466691938797,0.7148604436094996,0.7133554786866748,0.7265374085099463
1777804270.208065,4.107788,-0.38782668,8.869953,3.1135597,0.21228275,0.0,-0.08683029,0.08011081,-0.887408,0.0,0.0,0.0,-0.99422836,0.60010946,-8.869953,0.0,0.0,0.0,0.006470703556369521,0.006795452229596819,0.72,0.15926939,-0.07316939,-0.00024419796,0.7254022060312868,0.7147443127444401,0.713363488916292,0.7264899923079816
1777804270.228071,4.1058908,-0.38665038,8.852345,3.1135597,0.21228275,0.0,-0.0919594,0.030779481,-0.8973246,0.0,0.0,0.0,-0.992331,0.5989331,-8.852345,0.0,0.0,0.0,0.007156267978421695,0.0029805683415496985,0.72,0.11236378,-0.08477711,-0.00032049007,0.7257305816917948,0.7144617123509948,0.7135212198433507,0.7262864861138602
1777804270.2480536,4.1045413,-0.38650844,8.840135,3.1135597,0.21228275,0.0,-0.09512232,-0.0025244076,-0.9040257,0.0,0.0,0.0,-0.9909816,0.5987912,-8.840135,0.0,0.0,0.0,0.0075966855179059505,0.0004060047907573505,0.72,0.07949243,-0.09138438,-0.00018668,0.7257234583688603,0.714388549631863,0.7137046715642608,0.7261833204350164
1777804270.2681684,4.102415,-0.38726673,8.821304,3.1135597,0.21228275,0.0,-0.09937629,-0.052408297,-0.91417646,0.0,0.0,0.0,-0.98885536,0.5995495,-8.821304,0.0,0.0,0.0,0.008220482833739152,-0.0034513202332229656,0.72,0.029563984,-0.09951024,0.00014076759,0.7255145448411872,0.7144009946059139,0.7139661275032668,0.7261183330496326
1777804270.288043,4.100901,-0.3884408,8.808131,3.1135597,0.21228275,0.0,-0.10200909,-0.086196244,-0.92114073,0.0,0.0,0.0,-0.9873414,0.6007235,-8.808131,0.0,0.0,0.0,0.008623987836153476,-0.006067240691968863,0.72,-0.0034146642,-0.10286385,-0.0002192577,0.7254649648859824,0.7146665897303991,0.7137452751552114,0.7261231702284074
1777804270.30816,4.0985813,-0.3911558,8.788219,3.1135597,0.21228275,0.0,-0.10540884,-0.13575979,-0.93135864,0.0,0.0,0.0,-0.9850216,0.60343856,-8.788219,0.0,0.0,0.0,0.009180253481075517,-0.009910086153342235,0.72,-0.05268339,-0.10666845,-1.4443744e-05,0.7250529705362418,0.7149556957098974,0.7136534744917346,0.7263378592621268
1777804270.3283408,4.096391,-0.39607203,8.777335,3.1135597,0.21228275,0.0,-0.107863374,-0.1696046,-0.9374257,0.0,0.0,0.0,-0.9828315,0.6083548,-8.777335,0.0,0.0,0.0,0.009571836075256001,-0.012536077839068405,0.72,-0.086071014,-0.10888275,-5.961614e-05,0.724807065260948,0.7152287044235244,0.7134705022030265,0.7264937281125016
1777804270.3480926,4.093079,-0.40420178,8.76041,3.1135597,0.21228275,0.0,-0.11104694,-0.21952392,-0.94649214,0.0,0.0,0.0,-0.97951937,0.6164845,-8.76041,0.0,0.0,0.0,0.010116944708122376,-0.01641828205183593,0.72,-0.13411832,-0.114593334,-0.00021496456,0.7248038279864264,0.7153251507488746,0.7132972161166922,0.7265738051480074
1777804270.3681726,4.090838,-0.41016552,8.748601,3.1135597,0.21228275,0.0,-0.112892665,-0.25250056,-0.95253325,0.0,0.0,0.0,-0.97727823,0.62244827,-8.748601,0.0,0.0,0.0,0.010458093221877683,-0.018990115837883723,0.72,-0.16700335,-0.121242754,0.00015376015,0.7248250470265574,0.7150826968838859,0.7136576071955044,0.7264346488940528
1777804270.3880346,4.087468,-0.41982332,8.730361,3.1135597,0.21228275,0.0,-0.11519047,-0.30060348,-0.9614768,0.0,0.0,0.0,-0.9739084,0.63210607,-8.730361,0.0,0.0,0.0,0.010927281075320821,-0.022754445677453532,0.72,-0.21753438,-0.13236113,2.0934749e-07,0.7250132418583098,0.7149866325331952,0.7143099766192528,0.7256901489892427
1777804270.4081094,4.0847306,-0.4281409,8.713795,3.1135597,0.21228275,0.0,-0.11657243,-0.33967504,-0.96905416,0.0,0.0,0.0,-0.9711709,0.64042366,-8.713795,0.0,0.0,0.0,0.011272973237978228,-0.025826063737238093,0.72,-0.25884086,-0.1412074,-0.00023569101,0.7252131208466126,0.7149282937604469,0.7148341161948868,0.7250244691980542
1777804270.4281578,4.0819993,-0.4370762,8.6970215,3.1135597,0.21228275,0.0,-0.11751109,-0.37736678,-0.9764012,0.0,0.0,0.0,-0.9684396,0.649359,-8.6970215,0.0,0.0,0.0,0.011577425599814718,-0.028802692314817194,0.72,-0.29889134,-0.14862363,-1.2577024e-05,0.7252076233964613,0.7147999228178666,0.7154173062686248,0.7245751475170478
1777804270.448058,4.0785728,-0.44702485,8.6805,3.1135597,0.21228275,0.0,-0.11837103,-0.4145017,-0.9833774,0.0,0.0,0.0,-0.965013,0.6593076,-8.6805,0.0,0.0,0.0,0.011875171832032657,-0.03174716420334885,0.72,-0.33756644,-0.1539076,-0.00015266507,0.7252250848317431,0.7148665142126462,0.7156497870345869,0.7242586139210242
1777804270.4681628,4.074532,-0.45783618,8.664408,3.1135597,0.21228275,0.0,-0.11909225,-0.45037478,-0.9899102,0.0,0.0,0.0,-0.9609723,0.6701189,-8.664408,0.0,0.0,0.0,0.012152609772128998,-0.03460527744850232,0.72,-0.37452197,-0.15826328,-0.00037747144,0.7252652139281801,0.7149612689372198,0.7157516914856,0.7240218256490005
1777804270.4881878,4.070574,-0.4691556,8.648138,3.1135597,0.21228275,0.0,-0.119281106,-0.48433477,-0.9961944,0.0,0.0,0.0,-0.9570141,0.6814383,-8.648138,0.0,0.0,0.0,0.012377882829272765,-0.037326207184604776,0.72,-0.41239986,-0.16202842,-0.00039848825,0.725038155530614,0.7152009374191631,0.7161306255294377,0.7236302815207857
1777804270.5081248,4.06665,-0.48119995,8.63109,3.1135597,0.21228275,0.0,-0.118929185,-0.5171615,-1.0024284,0.0,0.0,0.0,-0.9530902,0.6934827,-8.63109,0.0,0.0,0.0,0.012555526434074161,-0.03997188147445279,0.72,-0.4482516,-0.16469456,-2.2993543e-05,0.7247386897049463,0.7152751064209119,0.7165013874356028,0.7234848164385396
1777804270.5281272,4.063269,-0.4916259,8.617687,3.1135597,0.21228275,0.0,-0.118424036,-0.54237336,-1.00709,0.0,0.0,0.0,-0.9497094,0.7039087,-8.617687,0.0,0.0,0.0,0.01267473184183725,-0.042013701377555356,0.72,-0.47656566,-0.16557801,-0.00038833785,0.7245764587835285,0.715656543927791,0.7165665587644863,0.7232004385241946
1777804270.5482223,4.0583544,-0.50770664,8.59726,3.1135597,0.21228275,0.0,-0.11708969,-0.5773928,-1.0137004,0.0,0.0,0.0,-0.94479465,0.7199894,-8.59726,0.0,0.0,0.0,0.01279119176537364,-0.044867751681071016,0.72,-0.5175465,-0.1661593,-0.00045487995,0.7241020500650868,0.7161708779036754,0.7169010547235628,0.7228260173076756
1777804270.56811,4.0551467,-0.5188814,8.5831,3.1135597,0.21228275,0.0,-0.11574899,-0.59927046,-1.018022,0.0,0.0,0.0,-0.941587,0.7311641,-8.5831,0.0,0.0,0.0,0.012824384940458415,-0.04666279063604989,0.72,-0.54585296,-0.16615397,-0.00040173793,0.7235830077310892,0.7166580350239886,0.7173528571688776,0.722406100076045
1777804270.5880888,4.05001,-0.54021406,8.5653305,3.1135597,0.21228275,0.0,-0.11333253,-0.63107187,-1.0234126,0.0,0.0,0.0,-0.9364505,0.75249684,-8.5653305,0.0,0.0,0.0,0.012838798518765451,-0.04928108974085294,0.72,-0.58347666,-0.16743024,-5.712726e-05,0.7231757153444449,0.7168585610123004,0.7179355255277226,0.7220301981155327
1777804270.608138,4.046476,-0.55648124,8.555276,3.1135597,0.21228275,0.0,-0.111458026,-0.65119994,-1.0263983,0.0,0.0,0.0,-0.93291616,0.768764,-8.555276,0.0,0.0,0.0,0.012822582568582241,-0.05,0.72,-0.6069845,-0.1676513,-0.0001859979,0.7220865607634599,0.7180250379733787,0.7190924814052837,0.7207959198578782
1777804270.6280372,4.041359,-0.5809514,8.538679,3.1135597,0.21228275,0.0,-0.10792129,-0.6783841,-1.0309482,0.0,0.0,0.0,-0.9277992,0.7932341,-8.538679,0.0,0.0,0.0,0.012722368995674317,-0.05,0.72,-0.6392269,-0.16797628,-0.00034682153,0.7196816263937932,0.7205264665236615,0.7217498396286826,0.7180420674538632
1777804270.6480575,4.038087,-0.59726393,8.527432,3.1135597,0.21228275,0.0,-0.105174996,-0.69418216,-1.0337851,0.0,0.0,0.0,-0.92452717,0.8095467,-8.527432,0.0,0.0,0.0,0.012609725866711764,-0.05,0.72,-0.6578915,-0.16720565,-0.00013721708,0.7181765700349224,0.7219057602136283,0.7233568816931102,0.7165607880583394
1777804270.6681392,4.0333486,-0.6220043,8.510172,3.1135597,0.21228275,0.0,-0.100476176,-0.7147566,-1.0378925,0.0,0.0,0.0,-0.91978884,0.83428705,-8.510172,0.0,0.0,0.0,0.012374852496713232,-0.05,0.72,-0.6701843,-0.16669683,-0.00010594305,0.7173779318051041,0.7226856340252461,0.7245438562549056,0.7153925779147448
1777804270.6880841,4.030637,-0.6388298,8.497224,3.1135597,0.21228275,0.0,-0.09683188,-0.72620517,-1.0406986,0.0,0.0,0.0,-0.91707706,0.8511126,-8.497224,0.0,0.0,0.0,0.012162552195326094,-0.05,0.72,-0.6689289,-0.16519964,-0.00012018597,0.7175751608910339,0.7224969506912324,0.7245316767043977,0.7153962117133363
1777804270.708099,4.0270867,-0.6651634,8.476181,3.1135597,0.21228275,0.0,-0.09051772,-0.740559,-1.0451636,0.0,0.0,0.0,-0.913527,0.8774462,-8.476181,0.0,0.0,0.0,0.01177055194070242,-0.05,0.72,-0.65689707,-0.16235325,-0.00019204334,0.7187235554124488,0.7213916705929874,0.723711860290802,0.7161729137037623
1777804270.728046,4.024835,-0.68251437,8.461213,3.1135597,0.21228275,0.0,-0.08584817,-0.7478672,-1.0483333,0.0,0.0,0.0,-0.9112754,0.8947971,-8.461213,0.0,0.0,0.0,0.011457769816243584,-0.05,0.72,-0.64729404,-0.15871179,-0.0002442817,0.7195289344146465,0.7206176346001125,0.7229494125190283,0.7169040184662131
1777804270.7481625,4.021717,-0.70763737,8.438688,3.1135597,0.21228275,0.0,-0.078534365,-0.7554473,-1.0530807,0.0,0.0,0.0,-0.90815735,0.9199201,-8.438688,0.0,0.0,0.0,0.01094117951035514,-0.05,0.72,-0.6355546,-0.15365726,-0.00040671826,0.7206290476375392,0.7196149833184061,0.7220737545508568,0.7176822144931982
1777804270.7680616,4.0197644,-0.72425354,8.423154,3.1135597,0.21228275,0.0,-0.073287636,-0.7583757,-1.0562401,0.0,0.0,0.0,-0.9062047,0.9365363,-8.423154,0.0,0.0,0.0,0.010551680049886158,-0.05,0.72,-0.6307327,-0.1486574,-0.00021341124,0.7209463178277088,0.7191817289185398,0.7217355055022368,0.7181364477515151
1777804270.788101,4.0170555,-0.74874234,8.399483,3.1135597,0.21228275,0.0,-0.065035485,-0.75973374,-1.0610749,0.0,0.0,0.0,-0.9034958,0.9610251,-8.399483,0.0,0.0,0.0,0.009914558733687856,-0.05,0.72,-0.62894595,-0.14147884,-7.513896e-05,0.7211106141416908,0.718934469234189,0.7216968822367585,0.7182580343873621
1777804270.8081436,4.0153913,-0.7648572,8.383363,3.1135597,0.21228275,0.0,-0.059219312,-0.7586064,-1.0645149,0.0,0.0,0.0,-0.9018316,0.97713995,-8.383363,0.0,0.0,0.0,0.00945065068063551,-0.05,0.72,-0.63128704,-0.13593465,3.4080324e-05,0.7209109342280421,0.7190686175778389,0.7219373085543634,0.7180831396397559
1777804270.82808,4.014142,-0.7919814,8.360459,3.1135597,0.21228275,0.0,-0.048577696,-0.7553463,-1.0693568,0.0,0.0,0.0,-0.9005823,1.0042641,-8.360459,0.0,0.0,0.0,0.008622755169734262,-0.05,0.72,-0.63768077,-0.12941904,-0.0002287462,0.7207849306650049,0.7193523170535157,0.7226766059811526,0.7171861463003272
1777804270.848134,4.013456,-0.8095152,8.34503,3.1135597,0.21228275,0.0,-0.041391492,-0.75105786,-1.072685,0.0,0.0,0.0,-0.89989614,1.0217979,-8.34503,0.0,0.0,0.0,0.008060909420186136,-0.05,0.72,-0.6415921,-0.122646146,-0.00030771198,0.7205157289856067,0.7196688982002012,0.7229858354576361,0.7168295373565566
1777804270.8680656,4.0128846,-0.82673883,8.329296,3.1135597,0.21228275,0.0,-0.034051407,-0.7450465,-1.0761791,0.0,0.0,0.0,-0.8993249,1.0390216,-8.329296,0.0,0.0,0.0,0.007474030580280697,-0.05,0.72,-0.64502597,-0.11601615,-7.291892e-06,0.7202073714648461,0.71979700367033,0.7234071512979321,0.7165884735668923
1777804270.8880951,4.0122514,-0.85220045,8.304926,3.1135597,0.21228275,0.0,-0.022623945,-0.7325772,-1.0817684,0.0,0.0,0.0,-0.89869165,1.0644832,-8.304926,0.0,0.0,0.0,0.006535256456085126,-0.05,0.72,-0.64455026,-0.10510203,-0.00023157297,0.7203783569168041,0.719760586862361,0.7233674553587086,0.7164936008621268
1777804270.9082806,4.0119886,-0.8684013,8.288746,3.1135597,0.21228275,0.0,-0.015074575,-0.72233975,-1.0856465,0.0,0.0,0.0,-0.8984289,1.0806841,-8.288746,0.0,0.0,0.0,0.005900724068339658,-0.05,0.72,-0.6428917,-0.09791171,-0.00044320678,0.7206338382072883,0.719632085860646,0.7232305869451404,0.7165034889869257
1777804270.92816,4.0118217,-0.89212316,8.263864,3.1135597,0.21228275,0.0,-0.0035571684,-0.7037205,-1.0918922,0.0,0.0,0.0,-0.898262,1.1044059,-8.263864,0.0,0.0,0.0,0.00490565709861025,-0.05,0.72,-0.6371394,-0.08606003,1.9148903e-05,0.7210022504119802,0.7189862602459504,0.7229560405505586,0.7170554487915112
1777804270.9481041,4.0108485,-0.9082781,8.247459,3.1135597,0.21228275,0.0,0.0030830533,-0.68980527,-1.0961972,0.0,0.0,0.0,-0.8972888,1.1205609,-8.247459,0.0,0.0,0.0,0.004297326599535375,-0.05,0.72,-0.6349511,-0.07697059,-7.2273186e-05,0.7210859135550882,0.7189574503563018,0.7226347279884251,0.7173219081001854
1777804270.968242,4.0096726,-0.9315104,8.2227335,3.1135597,0.21228275,0.0,0.01316647,-0.6660516,-1.1029484,0.0,0.0,0.0,-0.8961129,1.1437931,-8.2227335,0.0,0.0,0.0,0.0033319403754705945,-0.05,0.72,-0.6303981,-0.061875295,-0.00014834647,0.7212307395856198,0.7188582682981779,0.7220054268464757,0.7179055652697272
1777804270.9881775,4.00908,-0.94642967,8.205988,3.1135597,0.21228275,0.0,0.019938888,-0.64814544,-1.1077323,0.0,0.0,0.0,-0.8955202,1.1587124,-8.205988,0.0,0.0,0.0,0.0026753167443092263,-0.05,0.72,-0.6305697,-0.052639645,-0.0002601605,0.7211683272615187,0.7189877690434802,0.7219033823847427,0.7179405213102588
1777804271.0081122,4.008473,-0.96797264,8.180244,3.1135597,0.21228275,0.0,0.030171692,-0.6179727,-1.115469,0.0,0.0,0.0,-0.8949132,1.1802554,-8.180244,0.0,0.0,0.0,0.0016604008387807313,-0.048952020449233656,0.72,-0.6298817,-0.03945031,-6.9852475e-05,0.7200780657655304,0.7199638457192008,0.7229131821842121,0.7170449063310572
1777804271.028154,4.008243,-0.98161966,8.162989,3.1135597,0.21228275,0.0,0.036908813,-0.596049,-1.1209513,0.0,0.0,0.0,-0.89468336,1.1939024,-8.162989,0.0,0.0,0.0,0.0009774716278377227,-0.04719904409026011,0.72,-0.6307459,-0.030351344,-0.0003560472,0.7182968231647499,0.7219168051615593,0.7246044486989365,0.7151819229747549
1777804271.04825,4.0081916,-1.0014641,8.135932,3.1135597,0.21228275,0.0,0.047213275,-0.5589187,-1.129953,0.0,0.0,0.0,-0.89463186,1.2137469,-8.135932,0.0,0.0,0.0,-9.190213733203834e-05,-0.0442367394483232,0.72,-0.62636137,-0.018295687,5.4109383e-05,0.7156671540991211,0.7243003802709583,0.7274439600462628,0.7125885055836583
1777804271.0680919,4.008515,-1.013476,8.118737,3.1135597,0.21228275,0.0,0.054100156,-0.5328296,-1.1358225,0.0,0.0,0.0,-0.89495516,1.2257588,-8.118737,0.0,0.0,0.0,-0.0008155400984574613,-0.04216381473218064,0.72,-0.61770165,-0.01081452,0.00020881732,0.7143657392291394,0.725508970378544,0.7289956641036283,0.7111296262886889
1777804271.0880501,4.0095425,-1.0300252,8.093439,3.1135597,0.21228275,0.0,0.06457458,-0.49092513,-1.1448069,0.0,0.0,0.0,-0.89598274,1.242308,-8.093439,0.0,0.0,0.0,-0.0019068391728012557,-0.03885119521386965,0.72,-0.58538234,0.00034334353,-3.3892455e-05,0.7139101472532621,0.7261101882195372,0.7298485961268937,0.7101310684003075
1777804271.108085,4.010385,-1.0403776,8.07631,3.1135597,0.21228275,0.0,0.071401864,-0.4611489,-1.1511688,0.0,0.0,0.0,-0.8968253,1.2526604,-8.07631,0.0,0.0,0.0,-0.002635780228607132,-0.03650860616842309,0.72,-0.55540943,0.008991762,-0.00012629744,0.7140301801473204,0.7260455983167671,0.7298026983795901,0.7101215231563228
1777804271.1281228,4.0118575,-1.0546395,8.050073,3.1135597,0.21228275,0.0,0.08119756,-0.41424298,-1.1614385,0.0,0.0,0.0,-0.8982978,1.2669222,-8.050073,0.0,0.0,0.0,-0.0037118911634539133,-0.03283680098882684,0.72,-0.5014296,0.022919858,-0.00019996846,0.7146607246682083,0.7254592564083593,0.7290958803987774,0.7107841385246555
1777804271.1480596,4.0130234,-1.0635629,8.031803,3.1135597,0.21228275,0.0,0.08762777,-0.3805383,-1.1689291,0.0,0.0,0.0,-0.89946365,1.2758456,-8.031803,0.0,0.0,0.0,-0.004438729181754582,-0.030211516193654833,0.72,-0.46490353,0.033223234,-0.00032237166,0.7148968154682676,0.7252966075295677,0.7286649254365164,0.7111416515656487
1777804271.1681352,4.014883,-1.0753037,8.005148,3.1135597,0.21228275,0.0,0.0964632,-0.33015198,-1.180141,0.0,0.0,0.0,-0.9013233,1.2875865,-8.005148,0.0,0.0,0.0,-0.005464905869263816,-0.02630583324420087,0.72,-0.40699223,0.04798854,0.00018922551,0.715315509999538,0.7245709546947434,0.7279361351111057,0.7121774001946135
1777804271.188067,4.016218,-1.0824674,7.987068,3.1135597,0.21228275,0.0,0.10223438,-0.29454792,-1.1879138,0.0,0.0,0.0,-0.90265846,1.2947502,-7.987068,0.0,0.0,0.0,-0.006154139326111334,-0.023558329449551395,0.72,-0.37027544,0.0587873,4.942354e-05,0.715372622592742,0.724597723283757,0.727529687870241,0.7124999662532604
1777804271.2081547,4.0183096,-1.0920109,7.9603877,3.1135597,0.21228275,0.0,0.110364,-0.23983029,-1.1995445,0.0,0.0,0.0,-0.9047499,1.3042936,-7.9603877,0.0,0.0,0.0,-0.007153523374380449,-0.019353387995918077,0.72,-0.31683758,0.07383003,4.5124376e-05,0.7152399652678928,0.7247329601065655,0.7272542765435053,0.7127727980820369
1777804271.2280483,4.019834,-1.0974824,7.9422026,3.1135597,0.21228275,0.0,0.11540164,-0.20238334,-1.2076147,0.0,0.0,0.0,-0.9062743,1.3097652,-7.9422026,0.0,0.0,0.0,-0.0077992458757062625,-0.016484805737782653,0.72,-0.2844112,0.082781754,-0.00018314476,0.7149635593312114,0.7251463275241405,0.7273898517107436,0.7125002614339049
1777804271.2480474,4.022255,-1.1043,7.914594,3.1135597,0.21228275,0.0,0.122358575,-0.1454649,-1.2199771,0.0,0.0,0.0,-0.9086952,1.3165828,-7.914594,0.0,0.0,0.0,-0.008731945479159578,-0.012136103900821666,0.72,-0.23539245,0.09475258,-0.00011844994,0.7144919818653329,0.7255790880995725,0.727811496304595,0.7121174337305001
1777804271.2680838,4.02447,-1.1083688,7.8908224,3.1135597,0.21228275,0.0,0.12758754,-0.096763484,-1.2307041,0.0,0.0,0.0,-0.9109101,1.3206515,-7.8908224,0.0,0.0,0.0,-0.00948064494736034,-0.008421567369480876,0.72,-0.19468257,0.10555506,-3.9968156e-05,0.7138951926965829,0.726128788196873,0.7281772879940361,0.7117987311125085
1777804271.2880628,4.0267973,-1.1113774,7.8667846,3.1135597,0.21228275,0.0,0.13227694,-0.047476973,-1.2415755,0.0,0.0,0.0,-0.9132376,1.3236601,-7.8667846,0.0,0.0,0.0,-0.010196099651329362,-0.004667229706341978,0.72,-0.14889668,0.115232855,-7.986174e-05,0.7137569251306408,0.726290991913498,0.7281980173589685,0.7117540655968932
1777804271.3084447,4.0292225,-1.1132985,7.842447,3.1135597,0.21228275,0.0,0.13640547,0.002204644,-1.2525665,0.0,0.0,0.0,-0.91566277,1.3255813,-7.842447,0.0,0.0,0.0,-0.010875789401854533,-0.0008850648475830747,0.72,-0.10149137,0.12583748,1.8016675e-05,0.7135691416973666,0.7264200482974451,0.7280484410965156,0.7119623689086731
1777804271.3284428,4.0318513,-1.1132085,7.81876,3.1135597,0.21228275,0.0,0.14014223,0.05324584,-1.2635392,0.0,0.0,0.0,-0.91829157,1.3254913,-7.81876,0.0,0.0,0.0,-0.011540764847830828,0.0030004541003582296,0.72,-0.052298658,0.13676928,-0.000341848,0.7135174301541573,0.7266876786486076,0.7276810147674869,0.7121138764297487
1777804271.3482318,4.0340652,-1.1115698,7.8010545,3.1135597,0.21228275,0.0,0.14281978,0.09481879,-1.2720537,0.0,0.0,0.0,-0.9205055,1.3238525,-7.8010545,0.0,0.0,0.0,-0.012059631669331062,0.0061654860737300156,0.72,-0.01263702,0.14548333,-0.00030351224,0.7133355712677507,0.7268465360734916,0.7275063592881659,0.7123115333705923
1777804271.3683271,4.036284,-1.1092986,7.7833447,3.1135597,0.21228275,0.0,0.14505309,0.13559145,-1.2804683,0.0,0.0,0.0,-0.92272425,1.3215814,-7.7833447,0.0,0.0,0.0,-0.012543272241182422,0.00927356256696612,0.72,0.029189188,0.152696,-0.00019694146,0.7134482472705821,0.726669917604729,0.7272069374438688,0.7126748976808206
1777804271.3883238,4.0397506,-1.104582,7.7554984,3.1135597,0.21228275,0.0,0.14769113,0.19761266,-1.2933908,0.0,0.0,0.0,-0.92619085,1.3168647,-7.7554984,0.0,0.0,0.0,-0.013230116160782828,0.01401333445941475,0.72,0.09258589,0.16179217,-3.626412e-05,0.7136911583372118,0.7263306001339084,0.7268823261472871,0.7130959153815932
1777804271.408164,4.042084,-1.1006052,7.736618,3.1135597,0.21228275,0.0,0.14890696,0.2383879,-1.3019122,0.0,0.0,0.0,-0.9285245,1.312888,-7.736618,0.0,0.0,0.0,-0.013648017015902951,0.01714024424003618,0.72,0.13510627,0.16647588,-0.00013458286,0.7140385787054301,0.7260421710130415,0.7266213149798485,0.7132979353016803
1777804271.4291744,4.0457697,-1.0931497,7.706904,3.1135597,0.21228275,0.0,0.14994347,0.30102596,-1.3149649,0.0,0.0,0.0,-0.93220997,1.3054324,-7.706904,0.0,0.0,0.0,-0.014236499838805799,0.021964623655977816,0.72,0.1957973,0.1732285,4.9999133e-05,0.7140623798113357,0.7259076207089248,0.7266940595025062,0.7133359399772338
1777804271.4486582,4.0482335,-1.0860338,7.688255,3.1135597,0.21228275,0.0,0.1500792,0.3448358,-1.323439,0.0,0.0,0.0,-0.9346738,1.2983166,-7.688255,0.0,0.0,0.0,-0.014610117227176929,0.0253555299933592,0.72,0.23576555,0.1790042,-0.00022084873,0.7138617489966503,0.7262707602399222,0.7267178122971505,0.7131496784662775
1777804271.4681041,4.050339,-1.077784,7.673429,3.1135597,0.21228275,0.0,0.14979018,0.38503578,-1.3305683,0.0,0.0,0.0,-0.9367795,1.2900667,-7.673429,0.0,0.0,0.0,-0.014937609929866867,0.028474571311704864,0.72,0.2749875,0.18564804,-0.00028303044,0.7136951037514462,0.726474714514848,0.7264764298709522,0.7133537518627541
1777804271.489403,4.053697,-1.0637434,7.648843,3.1135597,0.21228275,0.0,0.14842775,0.44669023,-1.3416545,0.0,0.0,0.0,-0.9401374,1.2760261,-7.648843,0.0,0.0,0.0,-0.015383148566099436,0.03329052499714493,0.72,0.3350192,0.19435567,-5.1233495e-05,0.7133610763698225,0.7266696637274583,0.726308314100389,0.7136609458023307
1777804271.5085223,4.0558615,-1.0538565,7.6315703,3.1135597,0.21228275,0.0,0.14694473,0.48551401,-1.3487697,0.0,0.0,0.0,-0.94230175,1.2661393,-7.6315703,0.0,0.0,0.0,-0.01562848642527726,0.036343708733115106,0.72,0.37567234,0.20017003,-0.00030574133,0.7134166853033156,0.7267667594928138,0.7258130835105261,0.714003471693345
1777804271.528955,4.05813,-1.0429904,7.612098,3.1135597,0.21228275,0.0,0.14484413,0.5249687,-1.3562207,0.0,0.0,0.0,-0.94457006,1.2552732,-7.612098,0.0,0.0,0.0,-0.01583763970506588,0.03946785665211294,0.72,0.41690776,0.20296097,-0.00011523074,0.7135200954345161,0.7265490430081151,0.7256814290928031,0.7142494324645663
1777804271.5481148,4.0611615,-1.0267019,7.584464,3.1135597,0.21228275,0.0,0.14110659,0.5776335,-1.3662059,0.0,0.0,0.0,-0.9476018,1.2389847,-7.584464,0.0,0.0,0.0,-0.01605626506218691,0.043673875387623795,0.72,0.4780565,0.20660196,4.1915082e-05,0.7140861773879033,0.7258886735629169,0.7249700387449238,0.7150551103042566
1777804271.5680928,4.063139,-1.0152129,7.5652113,3.1135597,0.21228275,0.0,0.13812178,0.61118644,-1.3726999,0.0,0.0,0.0,-0.94957924,1.2274957,-7.5652113,0.0,0.0,0.0,-0.01615178600356927,0.046379211897951224,0.72,0.5188169,0.20634341,-0.0002835233,0.7148555091666904,0.7253146048061627,0.7244331168565613,0.715396769170586
1777804271.5881867,4.065916,-0.9934576,7.5383987,3.1135597,0.21228275,0.0,0.1323313,0.66135484,-1.3812366,0.0,0.0,0.0,-0.95235634,1.2057403,-7.5383987,0.0,0.0,0.0,-0.016220419970540547,0.05,0.72,0.57677513,0.20863253,-0.00029328762,0.7157598146437328,0.7244161579301912,0.7232998206922455,0.7165242067338308
1777804271.6081574,4.0676584,-0.9785468,7.5208354,3.1135597,0.21228275,0.0,0.12800443,0.6924199,-1.3863882,0.0,0.0,0.0,-0.9540987,1.1908295,-7.5208354,0.0,0.0,0.0,-0.016222888793000722,0.05,0.72,0.6120886,0.208444,1.6485646e-06,0.7185139639333835,0.7214850469278268,0.7205807737661432,0.719420215372647
1777804271.6281414,4.070174,-0.95549184,7.493075,3.1135597,0.21228275,0.0,0.12073481,0.73617333,-1.393881,0.0,0.0,0.0,-0.9566145,1.1677746,-7.493075,0.0,0.0,0.0,-0.01614963926180792,0.05,0.72,0.6611701,0.21185318,-0.00024452092,0.7221683514314146,0.7179783611234363,0.7162344188753432,0.7236188685698064
1777804271.6481066,4.0717416,-0.9398736,7.4740863,3.1135597,0.21228275,0.0,0.11544523,0.76288164,-1.398571,0.0,0.0,0.0,-0.95818186,1.1521564,-7.4740863,0.0,0.0,0.0,-0.01604651329861909,0.05,0.72,0.68282825,0.21059881,-0.00014874365,0.723869491277704,0.7162197549140782,0.7145277254783781,0.7253830283298403
1777804271.6682851,4.0739245,-0.91574395,7.4453864,3.1135597,0.21228275,0.0,0.1068681,0.79969084,-1.404981,0.0,0.0,0.0,-0.9603648,1.1280267,-7.4453864,0.0,0.0,0.0,-0.01581545696249833,0.05,0.72,0.6941277,0.2131124,-0.00010317248,0.7243276310983284,0.7157342723910751,0.7132052989895403,0.7267327975210565
1777804271.6880941,4.075473,-0.89737815,7.42639,3.1135597,0.21228275,0.0,0.10069935,0.8233077,-1.4089551,0.0,0.0,0.0,-0.9619131,1.1096609,-7.42639,0.0,0.0,0.0,-0.015612452109099664,0.05,0.72,0.68722135,0.20998812,-0.00014130998,0.7238335035890217,0.7162512823999976,0.7137933018742947,0.7261219121366865
1777804271.7083561,4.077733,-0.8682811,7.4004407,3.1135597,0.21228275,0.0,0.0914712,0.85500383,-1.4141263,0.0,0.0,0.0,-0.9641733,1.0805639,-7.4004407,0.0,0.0,0.0,-0.015276350501693585,0.05,0.72,0.6663847,0.20851879,-0.00034769636,0.7220099321093887,0.7181986857072898,0.7151797627790386,0.7246116194042833
1777804271.7282329,4.0791206,-0.84862626,7.3820996,3.1135597,0.21228275,0.0,0.08476017,0.87405396,-1.4176933,0.0,0.0,0.0,-0.9655609,1.060909,-7.3820996,0.0,0.0,0.0,-0.014987595842569874,0.05,0.72,0.6490821,0.2043594,-0.00015578496,0.7206121494861437,0.7194813214904271,0.7166655386322539,0.7232409903911757
1777804271.748234,4.080959,-0.8192391,7.3540716,3.1135597,0.21228275,0.0,0.07414257,0.8991329,-1.4228914,0.0,0.0,0.0,-0.9673991,1.0315218,-7.3540716,0.0,0.0,0.0,-0.014474507397651238,0.05,0.72,0.63050413,0.20151241,-0.00035207154,0.7188994664660701,0.7213117764579079,0.7178075625313501,0.7219811945446722
1777804271.768292,4.0820274,-0.79961437,7.334915,3.1135597,0.21228275,0.0,0.066640474,0.9136944,-1.4262531,0.0,0.0,0.0,-0.9684677,1.0118971,-7.334915,0.0,0.0,0.0,-0.014074676376446256,0.05,0.72,0.6231919,0.19602272,-0.00014316334,0.7182911592957373,0.7217947387098984,0.7184945583939837,0.7214195436003811
1777804271.7880914,4.083392,-0.7700227,7.30533,3.1135597,0.21228275,0.0,0.05479426,0.9323797,-1.43126,0.0,0.0,0.0,-0.9698324,0.9823054,-7.30533,0.0,0.0,0.0,-0.013390052653556346,0.05,0.72,0.62392884,0.19001645,-7.573422e-05,0.7181257646341669,0.7219196758980996,0.7182517089133021,0.721702850554432
1777804271.808196,4.0841184,-0.7505598,7.2856054,3.1135597,0.21228275,0.0,0.046653077,0.94257563,-1.4345415,0.0,0.0,0.0,-0.97055864,0.9628426,-7.2856054,0.0,0.0,0.0,-0.012886862143179911,0.05,0.72,0.6294111,0.18349764,-0.0001710252,0.7186112468085522,0.7214913683092411,0.7178028554761596,0.7220945294060477
1777804271.8281534,4.08456,-0.7194377,7.2605996,3.1135597,0.21228275,0.0,0.032704327,0.9559181,-1.4386652,0.0,0.0,0.0,-0.9710002,0.9317205,-7.2605996,0.0,0.0,0.0,-0.011999683379947328,0.05,0.72,0.643955,0.17607653,-9.537325e-08,0.71942998886265,0.7205700683613008,0.7163971328716097,0.72360280990444
1777804271.8481693,4.084652,-0.69918936,7.2439775,3.1135597,0.21228275,0.0,0.02336655,0.962491,-1.4414124,0.0,0.0,0.0,-0.9710922,0.9114721,-7.2439775,0.0,0.0,0.0,-0.01138885958144761,0.05,0.72,0.6516953,0.16888733,-6.0503524e-05,0.7200316489576191,0.7200046531566933,0.7157240970721889,0.7242396008134993
1777804271.8681874,4.084513,-0.6687601,7.217662,3.1135597,0.21228275,0.0,0.0088395085,0.96896964,-1.4457301,0.0,0.0,0.0,-0.97095346,0.88104284,-7.217662,0.0,0.0,0.0,-0.010390188351802294,0.05,0.72,0.6572852,0.1592516,-0.00025653257,0.7203098371602289,0.7198440823819787,0.7149902834627481,0.7248557969950448
1777804271.8880908,4.0842204,-0.6487031,7.199689,3.1135597,0.21228275,0.0,-0.001028684,0.97108537,-1.4487396,0.0,0.0,0.0,-0.9706607,0.8609859,-7.199689,0.0,0.0,0.0,-0.009684528835040247,0.05,0.72,0.65529394,0.15003037,-0.00030616086,0.7201974624502855,0.7199862340648735,0.7151667352954784,0.7246495681893631
1777804271.908125,4.0834827,-0.61899865,7.1720915,3.1135597,0.21228275,0.0,-0.016019264,0.97096175,-1.4534506,0.0,0.0,0.0,-0.969923,0.8312814,-7.1720915,0.0,0.0,0.0,-0.008573812343547198,0.05,0.72,0.65269595,0.13598858,-0.00030544787,0.7200020367570859,0.7201812319666899,0.7153874154179539,0.7244293158582708
1777804271.9280849,4.082795,-0.59963185,7.153516,3.1135597,0.21228275,0.0,-0.02600203,0.96876025,-1.45667,0.0,0.0,0.0,-0.9692354,0.81191456,-7.153516,0.0,0.0,0.0,-0.007808295449002642,0.05,0.72,0.648511,0.12543665,-0.00044668253,0.7197882477132299,0.720479761807138,0.715758479388541,0.7239735110910915
1777804271.9482033,4.082252,-0.57642764,7.1292763,3.1135597,0.21228275,0.0,-0.037880268,0.9630635,-1.4608793,0.0,0.0,0.0,-0.9686923,0.78871036,-7.1292763,0.0,0.0,0.0,-0.006864289933151522,0.05,0.72,0.6445986,0.112338014,-0.00028906832,0.7195318575746252,0.7206415834200689,0.716222640060156,0.7236039189451503
1777804271.9680533,4.0819116,-0.5532973,7.105027,3.1135597,0.21228275,0.0,-0.04943831,0.95469135,-1.4651204,0.0,0.0,0.0,-0.96835184,0.76558006,-7.105027,0.0,0.0,0.0,-0.00586435570652764,0.05,0.72,0.63985306,0.09989141,-0.00027187623,0.7191428506517887,0.7210202750839182,0.7166032352767999,0.7232336389874937
1777804271.9883435,4.081305,-0.5249743,7.0768785,3.1135597,0.21228275,0.0,-0.06322382,0.94189745,-1.4701259,0.0,0.0,0.0,-0.9677453,0.737257,-7.0768785,0.0,0.0,0.0,-0.004644061360112062,0.05,0.72,0.6388827,0.08532794,-4.7326303e-05,0.7189426399252514,0.7210857558563033,0.7166930126831257,0.72327859153532
1777804272.0082295,4.081305,-0.5249743,7.0768785,3.1135597,0.21228275,0.0,-0.06322382,0.94189745,-1.4701259,0.0,0.0,0.0,-0.9677453,0.737257,-7.0768785,0.0,0.0,0.0,-0.004644061360112062,0.05,0.72,0.6388827,0.08532794,-4.7326303e-05,0.7189426399252514,0.7210857558563033,0.7166930126831257,0.72327859153532
1777804272.028184,4.081305,-0.5249743,7.0768785,3.1135597,0.21228275,0.0,-0.06322382,0.94189745,-1.4701259,0.0,0.0,0.0,-0.9677453,0.737257,-7.0768785,0.0,0.0,0.0,-0.004644061360112062,0.05,0.72,0.6388827,0.08532794,-4.7326303e-05,0.7189426399252514,0.7210857558563033,0.7166930126831257,0.72327859153532
1777804272.048132,4.081305,-0.5249743,7.0768785,3.1135597,0.21228275,0.0,-0.06322382,0.94189745,-1.4701259,0.0,0.0,0.0,-0.9677453,0.737257,-7.0768785,0.0,0.0,0.0,-0.004644061360112062,0.05,0.72,0.6388827,0.08532794,-4.7326303e-05,0.7189426399252514,0.7210857558563033,0.7166930126831257,0.72327859153532
1777804272.0685992,4.081305,-0.5249743,7.0768785,3.1135597,0.21228275,0.0,-0.06322382,0.94189745,-1.4701259,0.0,0.0,0.0,-0.9677453,0.737257,-7.0768785,0.0,0.0,0.0,-0.004644061360112062,0.05,0.72,0.6388827,0.08532794,-4.7326303e-05,0.7189426399252514,0.7210857558563033,0.7166930126831257,0.72327859153532
1777804272.0881867,4.081305,-0.5249743,7.0768785,3.1135597,0.21228275,0.0,-0.06322382,0.94189745,-1.4701259,0.0,0.0,0.0,-0.9677453,0.737257,-7.0768785,0.0,0.0,0.0,-0.004644061360112062,0.05,0.72,0.6388827,0.08532794,-4.7326303e-05,0.7189426399252514,0.7210857558563033,0.7166930126831257,0.72327859153532
1777804272.1082191,4.081305,-0.5249743,7.0768785,3.1135597,0.21228275,0.0,-0.06322382,0.94189745,-1.4701259,0.0,0.0,0.0,-0.9677453,0.737257,-7.0768785,0.0,0.0,0.0,-0.004644061360112062,0.05,0.72,0.6388827,0.08532794,-4.7326303e-05,0.7189426399252514,0.7210857558563033,0.7166930126831257,0.72327859153532
1777804272.1281855,4.081305,-0.5249743,7.0768785,3.1135597,0.21228275,0.0,-0.06322382,0.94189745,-1.4701259,0.0,0.0,0.0,-0.9677453,0.737257,-7.0768785,0.0,0.0,0.0,-0.004644061360112062,0.05,0.72,0.6388827,0.08532794,-4.7326303e-05,0.7189426399252514,0.7210857558563033,0.7166930126831257,0.72327859153532
1777804272.1482308,4.081305,-0.5249743,7.0768785,3.1135597,0.21228275,0.0,-0.06322382,0.94189745,-1.4701259,0.0,0.0,0.0,-0.9677453,0.737257,-7.0768785,0.0,0.0,0.0,-0.004644061360112062,0.05,0.72,0.6388827,0.08532794,-4.7326303e-05,0.7189426399252514,0.7210857558563033,0.7166930126831257,0.72327859153532
1777804272.1682184,4.081305,-0.5249743,7.0768785,3.1135597,0.21228275,0.0,-0.06322382,0.94189745,-1.4701259,0.0,0.0,0.0,-0.9677453,0.737257,-7.0768785,0.0,0.0,0.0,-0.004644061360112062,0.05,0.72,0.6388827,0.08532794,-4.7326303e-05,0.7189426399252514,0.7210857558563033,0.7166930126831257,0.72327859153532
1777804272.1881974,4.081305,-0.5249743,7.0768785,3.1135597,0.21228275,0.0,-0.06322382,0.94189745,-1.4701259,0.0,0.0,0.0,-0.9677453,0.737257,-7.0768785,0.0,0.0,0.0,-0.004644061360112062,0.05,0.72,0.6388827,0.08532794,-4.7326303e-05,0.7189426399252514,0.7210857558563033,0.7166930126831257,0.72327859153532
1777804272.2081683,4.081305,-0.5249743,7.0768785,3.1135597,0.21228275,0.0,-0.06322382,0.94189745,-1.4701259,0.0,0.0,0.0,-0.9677453,0.737257,-7.0768785,0.0,0.0,0.0,-0.004644061360112062,0.05,0.72,0.6388827,0.08532794,-4.7326303e-05,0.7189426399252514,0.7210857558563033,0.7166930126831257,0.72327859153532
1777804272.2281113,4.081305,-0.5249743,7.0768785,3.1135597,0.21228275,0.0,-0.06322382,0.94189745,-1.4701259,0.0,0.0,0.0,-0.9677453,0.737257,-7.0768785,0.0,0.0,0.0,-0.004644061360112062,0.05,0.72,0.6388827,0.08532794,-4.7326303e-05,0.7189426399252514,0.7210857558563033,0.7166930126831257,0.72327859153532
1777804272.248167,4.081305,-0.5249743,7.0768785,3.1135597,0.21228275,0.0,-0.06322382,0.94189745,-1.4701259,0.0,0.0,0.0,-0.9677453,0.737257,-7.0768785,0.0,0.0,0.0,-0.004644061360112062,0.05,0.72,0.6388827,0.08532794,-4.7326303e-05,0.7189426399252514,0.7210857558563033,0.7166930126831257,0.72327859153532
1777804272.268143,4.081305,-0.5249743,7.0768785,3.1135597,0.21228275,0.0,-0.06322382,0.94189745,-1.4701259,0.0,0.0,0.0,-0.9677453,0.737257,-7.0768785,0.0,0.0,0.0,-0.004644061360112062,0.05,0.72,0.6388827,0.08532794,-4.7326303e-05,0.7189426399252514,0.7210857558563033,0.7166930126831257,0.72327859153532
1777804272.2882426,4.081305,-0.5249743,7.0768785,3.1135597,0.21228275,0.0,-0.06322382,0.94189745,-1.4701259,0.0,0.0,0.0,-0.9677453,0.737257,-7.0768785,0.0,0.0,0.0,-0.004644061360112062,0.05,0.72,0.6388827,0.08532794,-4.7326303e-05,0.7189426399252514,0.7210857558563033,0.7166930126831257,0.72327859153532
1777804272.3081565,4.081305,-0.5249743,7.0768785,3.1135597,0.21228275,0.0,-0.06322382,0.94189745,-1.4701259,0.0,0.0,0.0,-0.9677453,0.737257,-7.0768785,0.0,0.0,0.0,-0.004644061360112062,0.05,0.72,0.6388827,0.08532794,-4.7326303e-05,0.7189426399252514,0.7210857558563033,0.7166930126831257,0.72327859153532
1777804272.328132,4.081305,-0.5249743,7.0768785,3.1135597,0.21228275,0.0,-0.06322382,0.94189745,-1.4701259,0.0,0.0,0.0,-0.9677453,0.737257,-7.0768785,0.0,0.0,0.0,-0.004644061360112062,0.05,0.72,0.6388827,0.08532794,-4.7326303e-05,0.7189426399252514,0.7210857558563033,0.7166930126831257,0.72327859153532
1777804272.348281,4.081305,-0.5249743,7.0768785,3.1135597,0.21228275,0.0,-0.06322382,0.94189745,-1.4701259,0.0,0.0,0.0,-0.9677453,0.737257,-7.0768785,0.0,0.0,0.0,-0.004644061360112062,0.05,0.72,0.6388827,0.08532794,-4.7326303e-05,0.7189426399252514,0.7210857558563033,0.7166930126831257,0.72327859153532
1777804272.368346,4.081305,-0.5249743,7.0768785,3.1135597,0.21228275,0.0,-0.06322382,0.94189745,-1.4701259,0.0,0.0,0.0,-0.9677453,0.737257,-7.0768785,0.0,0.0,0.0,-0.004644061360112062,0.05,0.72,0.6388827,0.08532794,-4.7326303e-05,0.7189426399252514,0.7210857558563033,0.7166930126831257,0.72327859153532
1777804272.3883452,4.081305,-0.5249743,7.0768785,3.1135597,0.21228275,0.0,-0.06322382,0.94189745,-1.4701259,0.0,0.0,0.0,-0.9677453,0.737257,-7.0768785,0.0,0.0,0.0,-0.004644061360112062,0.05,0.72,0.6388827,0.08532794,-4.7326303e-05,0.7189426399252514,0.7210857558563033,0.7166930126831257,0.72327859153532
1777804272.4083514,4.081305,-0.5249743,7.0768785,3.1135597,0.21228275,0.0,-0.06322382,0.94189745,-1.4701259,0.0,0.0,0.0,-0.9677453,0.737257,-7.0768785,0.0,0.0,0.0,-0.004644061360112062,0.05,0.72,0.6388827,0.08532794,-4.7326303e-05,0.7189426399252514,0.7210857558563033,0.7166930126831257,0.72327859153532
1777804272.4281585,4.081305,-0.5249743,7.0768785,3.1135597,0.21228275,0.0,-0.06322382,0.94189745,-1.4701259,0.0,0.0,0.0,-0.9677453,0.737257,-7.0768785,0.0,0.0,0.0,-0.004644061360112062,0.05,0.72,0.6388827,0.08532794,-4.7326303e-05,0.7189426399252514,0.7210857558563033,0.7166930126831257,0.72327859153532
1777804272.4483275,4.081305,-0.5249743,7.0768785,3.1135597,0.21228275,0.0,-0.06322382,0.94189745,-1.4701259,0.0,0.0,0.0,-0.9677453,0.737257,-7.0768785,0.0,0.0,0.0,-0.004644061360112062,0.05,0.72,0.6388827,0.08532794,-4.7326303e-05,0.7189426399252514,0.7210857558563033,0.7166930126831257,0.72327859153532
1777804272.4683068,4.081305,-0.5249743,7.0768785,3.1135597,0.21228275,0.0,-0.06322382,0.94189745,-1.4701259,0.0,0.0,0.0,-0.9677453,0.737257,-7.0768785,0.0,0.0,0.0,-0.004644061360112062,0.05,0.72,0.6388827,0.08532794,-4.7326303e-05,0.7189426399252514,0.7210857558563033,0.7166930126831257,0.72327859153532
1777804272.4882948,4.081305,-0.5249743,7.0768785,3.1135597,0.21228275,0.0,-0.06322382,0.94189745,-1.4701259,0.0,0.0,0.0,-0.9677453,0.737257,-7.0768785,0.0,0.0,0.0,-0.004644061360112062,0.05,0.72,0.6388827,0.08532794,-4.7326303e-05,0.7189426399252514,0.7210857558563033,0.7166930126831257,0.72327859153532
1777804272.5082743,4.081305,-0.5249743,7.0768785,3.1135597,0.21228275,0.0,-0.06322382,0.94189745,-1.4701259,0.0,0.0,0.0,-0.9677453,0.737257,-7.0768785,0.0,0.0,0.0,-0.004644061360112062,0.05,0.72,0.6388827,0.08532794,-4.7326303e-05,0.7189426399252514,0.7210857558563033,0.7166930126831257,0.72327859153532
1777804272.528131,4.081305,-0.5249743,7.0768785,3.1135597,0.21228275,0.0,-0.06322382,0.94189745,-1.4701259,0.0,0.0,0.0,-0.9677453,0.737257,-7.0768785,0.0,0.0,0.0,-0.004644061360112062,0.05,0.72,0.6388827,0.08532794,-4.7326303e-05,0.7189426399252514,0.7210857558563033,0.7166930126831257,0.72327859153532
1777804272.5483294,4.081305,-0.5249743,7.0768785,3.1135597,0.21228275,0.0,-0.06322382,0.94189745,-1.4701259,0.0,0.0,0.0,-0.9677453,0.737257,-7.0768785,0.0,0.0,0.0,-0.004644061360112062,0.05,0.72,0.6388827,0.08532794,-4.7326303e-05,0.7189426399252514,0.7210857558563033,0.7166930126831257,0.72327859153532
1777804272.568393,4.081305,-0.5249743,7.0768785,3.1135597,0.21228275,0.0,-0.06322382,0.94189745,-1.4701259,0.0,0.0,0.0,-0.9677453,0.737257,-7.0768785,0.0,0.0,0.0,-0.004644061360112062,0.05,0.72,0.6388827,0.08532794,-4.7326303e-05,0.7189426399252514,0.7210857558563033,0.7166930126831257,0.72327859153532
1777804272.5883262,4.081305,-0.5249743,7.0768785,3.1135597,0.21228275,0.0,-0.06322382,0.94189745,-1.4701259,0.0,0.0,0.0,-0.9677453,0.737257,-7.0768785,0.0,0.0,0.0,-0.004644061360112062,0.05,0.72,0.6388827,0.08532794,-4.7326303e-05,0.7189426399252514,0.7210857558563033,0.7166930126831257,0.72327859153532
1777804272.6083264,4.081305,-0.5249743,7.0768785,3.1135597,0.21228275,0.0,-0.06322382,0.94189745,-1.4701259,0.0,0.0,0.0,-0.9677453,0.737257,-7.0768785,0.0,0.0,0.0,-0.004644061360112062,0.05,0.72,0.6388827,0.08532794,-4.7326303e-05,0.7189426399252514,0.7210857558563033,0.7166930126831257,0.72327859153532
1777804272.6281307,4.081305,-0.5249743,7.0768785,3.1135597,0.21228275,0.0,-0.06322382,0.94189745,-1.4701259,0.0,0.0,0.0,-0.9677453,0.737257,-7.0768785,0.0,0.0,0.0,-0.004644061360112062,0.05,0.72,0.6388827,0.08532794,-4.7326303e-05,0.7189426399252514,0.7210857558563033,0.7166930126831257,0.72327859153532
1777804272.6483235,4.081305,-0.5249743,7.0768785,3.1135597,0.21228275,0.0,-0.06322382,0.94189745,-1.4701259,0.0,0.0,0.0,-0.9677453,0.737257,-7.0768785,0.0,0.0,0.0,-0.004644061360112062,0.05,0.72,0.6388827,0.08532794,-4.7326303e-05,0.7189426399252514,0.7210857558563033,0.7166930126831257,0.72327859153532
1777804272.6683261,4.081305,-0.5249743,7.0768785,3.1135597,0.21228275,0.0,-0.06322382,0.94189745,-1.4701259,0.0,0.0,0.0,-0.9677453,0.737257,-7.0768785,0.0,0.0,0.0,-0.004644061360112062,0.05,0.72,0.6388827,0.08532794,-4.7326303e-05,0.7189426399252514,0.7210857558563033,0.7166930126831257,0.72327859153532
1777804272.6882017,4.081305,-0.5249743,7.0768785,3.1135597,0.21228275,0.0,-0.06322382,0.94189745,-1.4701259,0.0,0.0,0.0,-0.9677453,0.737257,-7.0768785,0.0,0.0,0.0,-0.004644061360112062,0.05,0.72,0.6388827,0.08532794,-4.7326303e-05,0.7189426399252514,0.7210857558563033,0.7166930126831257,0.72327859153532
1777804272.7082314,4.081305,-0.5249743,7.0768785,3.1135597,0.21228275,0.0,-0.06322382,0.94189745,-1.4701259,0.0,0.0,0.0,-0.9677453,0.737257,-7.0768785,0.0,0.0,0.0,-0.004644061360112062,0.05,0.72,0.6388827,0.08532794,-4.7326303e-05,0.7189426399252514,0.7210857558563033,0.7166930126831257,0.72327859153532
1777804272.728055,4.081305,-0.5249743,7.0768785,3.1135597,0.21228275,0.0,-0.06322382,0.94189745,-1.4701259,0.0,0.0,0.0,-0.9677453,0.737257,-7.0768785,0.0,0.0,0.0,-0.004644061360112062,0.05,0.72,0.6388827,0.08532794,-4.7326303e-05,0.7189426399252514,0.7210857558563033,0.7166930126831257,0.72327859153532
1777804272.747979,4.081305,-0.5249743,7.0768785,3.1135597,0.21228275,0.0,-0.06322382,0.94189745,-1.4701259,0.0,0.0,0.0,-0.9677453,0.737257,-7.0768785,0.0,0.0,0.0,-0.004644061360112062,0.05,0.72,0.6388827,0.08532794,-4.7326303e-05,0.7189426399252514,0.7210857558563033,0.7166930126831257,0.72327859153532
1777804272.767973,4.081305,-0.5249743,7.0768785,3.1135597,0.21228275,0.0,-0.06322382,0.94189745,-1.4701259,0.0,0.0,0.0,-0.9677453,0.737257,-7.0768785,0.0,0.0,0.0,-0.004644061360112062,0.05,0.72,0.6388827,0.08532794,-4.7326303e-05,0.7189426399252514,0.7210857558563033,0.7166930126831257,0.72327859153532
1777804272.7880518,4.081305,-0.5249743,7.0768785,3.1135597,0.21228275,0.0,-0.06322382,0.94189745,-1.4701259,0.0,0.0,0.0,-0.9677453,0.737257,-7.0768785,0.0,0.0,0.0,-0.004644061360112062,0.05,0.72,0.6388827,0.08532794,-4.7326303e-05,0.7189426399252514,0.7210857558563033,0.7166930126831257,0.72327859153532
1777804272.8081906,4.081305,-0.5249743,7.0768785,3.1135597,0.21228275,0.0,-0.06322382,0.94189745,-1.4701259,0.0,0.0,0.0,-0.9677453,0.737257,-7.0768785,0.0,0.0,0.0,-0.004644061360112062,0.05,0.72,0.6388827,0.08532794,-4.7326303e-05,0.7189426399252514,0.7210857558563033,0.7166930126831257,0.72327859153532
1777804272.828097,4.081305,-0.5249743,7.0768785,3.1135597,0.21228275,0.0,-0.06322382,0.94189745,-1.4701259,0.0,0.0,0.0,-0.9677453,0.737257,-7.0768785,0.0,0.0,0.0,-0.004644061360112062,0.05,0.72,0.6388827,0.08532794,-4.7326303e-05,0.7189426399252514,0.7210857558563033,0.7166930126831257,0.72327859153532
1777804272.8479533,4.081305,-0.5249743,7.0768785,3.1135597,0.21228275,0.0,-0.06322382,0.94189745,-1.4701259,0.0,0.0,0.0,-0.9677453,0.737257,-7.0768785,0.0,0.0,0.0,-0.004644061360112062,0.05,0.72,0.6388827,0.08532794,-4.7326303e-05,0.7189426399252514,0.7210857558563033,0.7166930126831257,0.72327859153532
1777804272.868123,4.081305,-0.5249743,7.0768785,3.1135597,0.21228275,0.0,-0.06322382,0.94189745,-1.4701259,0.0,0.0,0.0,-0.9677453,0.737257,-7.0768785,0.0,0.0,0.0,-0.004644061360112062,0.05,0.72,0.6388827,0.08532794,-4.7326303e-05,0.7189426399252514,0.7210857558563033,0.7166930126831257,0.72327859153532
1777804272.8880944,4.081305,-0.5249743,7.0768785,3.1135597,0.21228275,0.0,-0.06322382,0.94189745,-1.4701259,0.0,0.0,0.0,-0.9677453,0.737257,-7.0768785,0.0,0.0,0.0,-0.004644061360112062,0.05,0.72,0.6388827,0.08532794,-4.7326303e-05,0.7189426399252514,0.7210857558563033,0.7166930126831257,0.72327859153532
1777804272.9080014,4.081305,-0.5249743,7.0768785,3.1135597,0.21228275,0.0,-0.06322382,0.94189745,-1.4701259,0.0,0.0,0.0,-0.9677453,0.737257,-7.0768785,0.0,0.0,0.0,-0.004644061360112062,0.05,0.72,0.6388827,0.08532794,-4.7326303e-05,0.7189426399252514,0.7210857558563033,0.7166930126831257,0.72327859153532
1777804272.92797,4.081305,-0.5249743,7.0768785,3.1135597,0.21228275,0.0,-0.06322382,0.94189745,-1.4701259,0.0,0.0,0.0,-0.9677453,0.737257,-7.0768785,0.0,0.0,0.0,-0.004644061360112062,0.05,0.72,0.6388827,0.08532794,-4.7326303e-05,0.7189426399252514,0.7210857558563033,0.7166930126831257,0.72327859153532
1777804272.9481223,4.081305,-0.5249743,7.0768785,3.1135597,0.21228275,0.0,-0.06322382,0.94189745,-1.4701259,0.0,0.0,0.0,-0.9677453,0.737257,-7.0768785,0.0,0.0,0.0,-0.004644061360112062,0.05,0.72,0.6388827,0.08532794,-4.7326303e-05,0.7189426399252514,0.7210857558563033,0.7166930126831257,0.72327859153532
1777804272.9682004,4.081305,-0.5249743,7.0768785,3.1135597,0.21228275,0.0,-0.06322382,0.94189745,-1.4701259,0.0,0.0,0.0,-0.9677453,0.737257,-7.0768785,0.0,0.0,0.0,-0.004644061360112062,0.05,0.72,0.6388827,0.08532794,-4.7326303e-05,0.7189426399252514,0.7210857558563033,0.7166930126831257,0.72327859153532
1777804272.9880002,4.081305,-0.5249743,7.0768785,3.1135597,0.21228275,0.0,-0.06322382,0.94189745,-1.4701259,0.0,0.0,0.0,-0.9677453,0.737257,-7.0768785,0.0,0.0,0.0,-0.004644061360112062,0.05,0.72,0.6388827,0.08532794,-4.7326303e-05,0.7189426399252514,0.7210857558563033,0.7166930126831257,0.72327859153532
1777804273.007982,4.081305,-0.5249743,7.0768785,3.1135597,0.21228275,0.0,-0.06322382,0.94189745,-1.4701259,0.0,0.0,0.0,-0.9677453,0.737257,-7.0768785,0.0,0.0,0.0,-0.004644061360112062,0.05,0.72,0.6388827,0.08532794,-4.7326303e-05,0.7189426399252514,0.7210857558563033,0.7166930126831257,0.72327859153532
1777804273.028035,4.081305,-0.5249743,7.0768785,3.1135597,0.21228275,0.0,-0.06322382,0.94189745,-1.4701259,0.0,0.0,0.0,-0.9677453,0.737257,-7.0768785,0.0,0.0,0.0,-0.004644061360112062,0.05,0.72,0.6388827,0.08532794,-4.7326303e-05,0.7189426399252514,0.7210857558563033,0.7166930126831257,0.72327859153532
