[0.142s] DEBUG:colcon:Command line arguments: ['/usr/bin/colcon', 'build', '--symlink-install']
[0.142s] DEBUG:colcon:Parsed command line arguments: Namespace(log_base=None, log_level=None, verb_name='build', build_base='build', install_base='install', merge_install=False, symlink_install=True, test_result_base=None, continue_on_error=False, executor='parallel', parallel_workers=12, event_handlers=None, ignore_user_meta=False, metas=['./colcon.meta'], base_paths=['.'], packages_ignore=None, packages_ignore_regex=None, paths=None, packages_up_to=None, packages_up_to_regex=None, packages_above=None, packages_above_and_dependencies=None, packages_above_depth=None, packages_select_by_dep=None, packages_skip_by_dep=None, packages_skip_up_to=None, packages_select_build_failed=False, packages_skip_build_finished=False, packages_select_test_failures=False, packages_skip_test_passed=False, packages_select=None, packages_skip=None, packages_select_regex=None, packages_skip_regex=None, packages_start=None, packages_end=None, allow_overriding=[], cmake_args=None, cmake_target=None, cmake_target_skip_unavailable=False, cmake_clean_cache=False, cmake_clean_first=False, cmake_force_configure=False, ament_cmake_args=None, catkin_cmake_args=None, catkin_skip_building_tests=False, mixin_files=None, mixin=None, verb_parser=<colcon_mixin.mixin.mixin_argument.MixinArgumentDecorator object at 0x7a8774739250>, verb_extension=<colcon_core.verb.build.BuildVerb object at 0x7a8774738410>, main=<bound method BuildVerb.main of <colcon_core.verb.build.BuildVerb object at 0x7a8774738410>>, mixin_verb=('build',))
[0.180s] Level 1:colcon.colcon_core.package_discovery:discover_packages(colcon_meta) check parameters
[0.180s] Level 1:colcon.colcon_core.package_discovery:discover_packages(recursive) check parameters
[0.180s] Level 1:colcon.colcon_core.package_discovery:discover_packages(ignore) check parameters
[0.180s] Level 1:colcon.colcon_core.package_discovery:discover_packages(path) check parameters
[0.180s] Level 1:colcon.colcon_core.package_discovery:discover_packages(colcon_meta) discover
[0.180s] Level 1:colcon.colcon_core.package_discovery:discover_packages(recursive) discover
[0.180s] INFO:colcon.colcon_core.package_discovery:Crawling recursively for packages in '/home/mikks/ros2_px4_ws'
[0.180s] Level 1:colcon.colcon_core.package_identification:_identify(.) by extensions ['ignore', 'ignore_ament_install']
[0.180s] Level 1:colcon.colcon_core.package_identification:_identify(.) by extension 'ignore'
[0.181s] Level 1:colcon.colcon_core.package_identification:_identify(.) by extension 'ignore_ament_install'
[0.181s] Level 1:colcon.colcon_core.package_identification:_identify(.) by extensions ['colcon_pkg']
[0.181s] Level 1:colcon.colcon_core.package_identification:_identify(.) by extension 'colcon_pkg'
[0.181s] Level 1:colcon.colcon_core.package_identification:_identify(.) by extensions ['colcon_meta']
[0.181s] Level 1:colcon.colcon_core.package_identification:_identify(.) by extension 'colcon_meta'
[0.181s] Level 1:colcon.colcon_core.package_identification:_identify(.) by extensions ['ros']
[0.181s] Level 1:colcon.colcon_core.package_identification:_identify(.) by extension 'ros'
[0.206s] Level 1:colcon.colcon_core.package_identification:_identify(.) by extensions ['cmake', 'python']
[0.207s] Level 1:colcon.colcon_core.package_identification:_identify(.) by extension 'cmake'
[0.207s] Level 1:colcon.colcon_core.package_identification:_identify(.) by extension 'python'
[0.207s] Level 1:colcon.colcon_core.package_identification:_identify(.) by extensions ['python_setup_py']
[0.207s] Level 1:colcon.colcon_core.package_identification:_identify(.) by extension 'python_setup_py'
[0.207s] Level 1:colcon.colcon_core.package_identification:_identify(build) by extensions ['ignore', 'ignore_ament_install']
[0.207s] Level 1:colcon.colcon_core.package_identification:_identify(build) by extension 'ignore'
[0.207s] Level 1:colcon.colcon_core.package_identification:_identify(build) ignored
[0.207s] Level 1:colcon.colcon_core.package_identification:_identify(install) by extensions ['ignore', 'ignore_ament_install']
[0.207s] Level 1:colcon.colcon_core.package_identification:_identify(install) by extension 'ignore'
[0.207s] Level 1:colcon.colcon_core.package_identification:_identify(install) ignored
[0.208s] Level 1:colcon.colcon_core.package_identification:_identify(log) by extensions ['ignore', 'ignore_ament_install']
[0.208s] Level 1:colcon.colcon_core.package_identification:_identify(log) by extension 'ignore'
[0.208s] Level 1:colcon.colcon_core.package_identification:_identify(log) ignored
[0.208s] Level 1:colcon.colcon_core.package_identification:_identify(src) by extensions ['ignore', 'ignore_ament_install']
[0.208s] Level 1:colcon.colcon_core.package_identification:_identify(src) by extension 'ignore'
[0.208s] Level 1:colcon.colcon_core.package_identification:_identify(src) by extension 'ignore_ament_install'
[0.208s] Level 1:colcon.colcon_core.package_identification:_identify(src) by extensions ['colcon_pkg']
[0.208s] Level 1:colcon.colcon_core.package_identification:_identify(src) by extension 'colcon_pkg'
[0.208s] Level 1:colcon.colcon_core.package_identification:_identify(src) by extensions ['colcon_meta']
[0.208s] Level 1:colcon.colcon_core.package_identification:_identify(src) by extension 'colcon_meta'
[0.208s] Level 1:colcon.colcon_core.package_identification:_identify(src) by extensions ['ros']
[0.208s] Level 1:colcon.colcon_core.package_identification:_identify(src) by extension 'ros'
[0.208s] Level 1:colcon.colcon_core.package_identification:_identify(src) by extensions ['cmake', 'python']
[0.209s] Level 1:colcon.colcon_core.package_identification:_identify(src) by extension 'cmake'
[0.209s] Level 1:colcon.colcon_core.package_identification:_identify(src) by extension 'python'
[0.209s] Level 1:colcon.colcon_core.package_identification:_identify(src) by extensions ['python_setup_py']
[0.209s] Level 1:colcon.colcon_core.package_identification:_identify(src) by extension 'python_setup_py'
[0.209s] Level 1:colcon.colcon_core.package_identification:_identify(src/px4-ros2-interface-lib) by extensions ['ignore', 'ignore_ament_install']
[0.209s] Level 1:colcon.colcon_core.package_identification:_identify(src/px4-ros2-interface-lib) by extension 'ignore'
[0.209s] Level 1:colcon.colcon_core.package_identification:_identify(src/px4-ros2-interface-lib) by extension 'ignore_ament_install'
[0.209s] Level 1:colcon.colcon_core.package_identification:_identify(src/px4-ros2-interface-lib) by extensions ['colcon_pkg']
[0.209s] Level 1:colcon.colcon_core.package_identification:_identify(src/px4-ros2-interface-lib) by extension 'colcon_pkg'
[0.209s] Level 1:colcon.colcon_core.package_identification:_identify(src/px4-ros2-interface-lib) by extensions ['colcon_meta']
[0.209s] Level 1:colcon.colcon_core.package_identification:_identify(src/px4-ros2-interface-lib) by extension 'colcon_meta'
[0.209s] Level 1:colcon.colcon_core.package_identification:_identify(src/px4-ros2-interface-lib) by extensions ['ros']
[0.209s] Level 1:colcon.colcon_core.package_identification:_identify(src/px4-ros2-interface-lib) by extension 'ros'
[0.209s] Level 1:colcon.colcon_core.package_identification:_identify(src/px4-ros2-interface-lib) by extensions ['cmake', 'python']
[0.209s] Level 1:colcon.colcon_core.package_identification:_identify(src/px4-ros2-interface-lib) by extension 'cmake'
[0.210s] Level 1:colcon.colcon_core.package_identification:_identify(src/px4-ros2-interface-lib) by extension 'python'
[0.210s] Level 1:colcon.colcon_core.package_identification:_identify(src/px4-ros2-interface-lib) by extensions ['python_setup_py']
[0.210s] Level 1:colcon.colcon_core.package_identification:_identify(src/px4-ros2-interface-lib) by extension 'python_setup_py'
[0.210s] Level 1:colcon.colcon_core.package_identification:_identify(src/px4-ros2-interface-lib/examples) by extensions ['ignore', 'ignore_ament_install']
[0.210s] Level 1:colcon.colcon_core.package_identification:_identify(src/px4-ros2-interface-lib/examples) by extension 'ignore'
[0.210s] Level 1:colcon.colcon_core.package_identification:_identify(src/px4-ros2-interface-lib/examples) by extension 'ignore_ament_install'
[0.210s] Level 1:colcon.colcon_core.package_identification:_identify(src/px4-ros2-interface-lib/examples) by extensions ['colcon_pkg']
[0.210s] Level 1:colcon.colcon_core.package_identification:_identify(src/px4-ros2-interface-lib/examples) by extension 'colcon_pkg'
[0.210s] Level 1:colcon.colcon_core.package_identification:_identify(src/px4-ros2-interface-lib/examples) by extensions ['colcon_meta']
[0.210s] Level 1:colcon.colcon_core.package_identification:_identify(src/px4-ros2-interface-lib/examples) by extension 'colcon_meta'
[0.210s] Level 1:colcon.colcon_core.package_identification:_identify(src/px4-ros2-interface-lib/examples) by extensions ['ros']
[0.210s] Level 1:colcon.colcon_core.package_identification:_identify(src/px4-ros2-interface-lib/examples) by extension 'ros'
[0.210s] Level 1:colcon.colcon_core.package_identification:_identify(src/px4-ros2-interface-lib/examples) by extensions ['cmake', 'python']
[0.210s] Level 1:colcon.colcon_core.package_identification:_identify(src/px4-ros2-interface-lib/examples) by extension 'cmake'
[0.211s] Level 1:colcon.colcon_core.package_identification:_identify(src/px4-ros2-interface-lib/examples) by extension 'python'
[0.211s] Level 1:colcon.colcon_core.package_identification:_identify(src/px4-ros2-interface-lib/examples) by extensions ['python_setup_py']
[0.211s] Level 1:colcon.colcon_core.package_identification:_identify(src/px4-ros2-interface-lib/examples) by extension 'python_setup_py'
[0.211s] Level 1:colcon.colcon_core.package_identification:_identify(src/px4-ros2-interface-lib/examples/cpp) by extensions ['ignore', 'ignore_ament_install']
[0.211s] Level 1:colcon.colcon_core.package_identification:_identify(src/px4-ros2-interface-lib/examples/cpp) by extension 'ignore'
[0.211s] Level 1:colcon.colcon_core.package_identification:_identify(src/px4-ros2-interface-lib/examples/cpp) by extension 'ignore_ament_install'
[0.211s] Level 1:colcon.colcon_core.package_identification:_identify(src/px4-ros2-interface-lib/examples/cpp) by extensions ['colcon_pkg']
[0.211s] Level 1:colcon.colcon_core.package_identification:_identify(src/px4-ros2-interface-lib/examples/cpp) by extension 'colcon_pkg'
[0.211s] Level 1:colcon.colcon_core.package_identification:_identify(src/px4-ros2-interface-lib/examples/cpp) by extensions ['colcon_meta']
[0.211s] Level 1:colcon.colcon_core.package_identification:_identify(src/px4-ros2-interface-lib/examples/cpp) by extension 'colcon_meta'
[0.211s] Level 1:colcon.colcon_core.package_identification:_identify(src/px4-ros2-interface-lib/examples/cpp) by extensions ['ros']
[0.211s] Level 1:colcon.colcon_core.package_identification:_identify(src/px4-ros2-interface-lib/examples/cpp) by extension 'ros'
[0.211s] Level 1:colcon.colcon_core.package_identification:_identify(src/px4-ros2-interface-lib/examples/cpp) by extensions ['cmake', 'python']
[0.211s] Level 1:colcon.colcon_core.package_identification:_identify(src/px4-ros2-interface-lib/examples/cpp) by extension 'cmake'
[0.212s] Level 1:colcon.colcon_core.package_identification:_identify(src/px4-ros2-interface-lib/examples/cpp) by extension 'python'
[0.212s] Level 1:colcon.colcon_core.package_identification:_identify(src/px4-ros2-interface-lib/examples/cpp) by extensions ['python_setup_py']
[0.212s] Level 1:colcon.colcon_core.package_identification:_identify(src/px4-ros2-interface-lib/examples/cpp) by extension 'python_setup_py'
[0.212s] Level 1:colcon.colcon_core.package_identification:_identify(src/px4-ros2-interface-lib/examples/cpp/modes) by extensions ['ignore', 'ignore_ament_install']
[0.212s] Level 1:colcon.colcon_core.package_identification:_identify(src/px4-ros2-interface-lib/examples/cpp/modes) by extension 'ignore'
[0.212s] Level 1:colcon.colcon_core.package_identification:_identify(src/px4-ros2-interface-lib/examples/cpp/modes) by extension 'ignore_ament_install'
[0.212s] Level 1:colcon.colcon_core.package_identification:_identify(src/px4-ros2-interface-lib/examples/cpp/modes) by extensions ['colcon_pkg']
[0.212s] Level 1:colcon.colcon_core.package_identification:_identify(src/px4-ros2-interface-lib/examples/cpp/modes) by extension 'colcon_pkg'
[0.212s] Level 1:colcon.colcon_core.package_identification:_identify(src/px4-ros2-interface-lib/examples/cpp/modes) by extensions ['colcon_meta']
[0.212s] Level 1:colcon.colcon_core.package_identification:_identify(src/px4-ros2-interface-lib/examples/cpp/modes) by extension 'colcon_meta'
[0.212s] Level 1:colcon.colcon_core.package_identification:_identify(src/px4-ros2-interface-lib/examples/cpp/modes) by extensions ['ros']
[0.212s] Level 1:colcon.colcon_core.package_identification:_identify(src/px4-ros2-interface-lib/examples/cpp/modes) by extension 'ros'
[0.212s] Level 1:colcon.colcon_core.package_identification:_identify(src/px4-ros2-interface-lib/examples/cpp/modes) by extensions ['cmake', 'python']
[0.212s] Level 1:colcon.colcon_core.package_identification:_identify(src/px4-ros2-interface-lib/examples/cpp/modes) by extension 'cmake'
[0.213s] Level 1:colcon.colcon_core.package_identification:_identify(src/px4-ros2-interface-lib/examples/cpp/modes) by extension 'python'
[0.213s] Level 1:colcon.colcon_core.package_identification:_identify(src/px4-ros2-interface-lib/examples/cpp/modes) by extensions ['python_setup_py']
[0.213s] Level 1:colcon.colcon_core.package_identification:_identify(src/px4-ros2-interface-lib/examples/cpp/modes) by extension 'python_setup_py'
[0.213s] Level 1:colcon.colcon_core.package_identification:_identify(src/px4-ros2-interface-lib/examples/cpp/modes/executor_with_multiple_modes) by extensions ['ignore', 'ignore_ament_install']
[0.213s] Level 1:colcon.colcon_core.package_identification:_identify(src/px4-ros2-interface-lib/examples/cpp/modes/executor_with_multiple_modes) by extension 'ignore'
[0.213s] Level 1:colcon.colcon_core.package_identification:_identify(src/px4-ros2-interface-lib/examples/cpp/modes/executor_with_multiple_modes) by extension 'ignore_ament_install'
[0.213s] Level 1:colcon.colcon_core.package_identification:_identify(src/px4-ros2-interface-lib/examples/cpp/modes/executor_with_multiple_modes) by extensions ['colcon_pkg']
[0.213s] Level 1:colcon.colcon_core.package_identification:_identify(src/px4-ros2-interface-lib/examples/cpp/modes/executor_with_multiple_modes) by extension 'colcon_pkg'
[0.213s] Level 1:colcon.colcon_core.package_identification:_identify(src/px4-ros2-interface-lib/examples/cpp/modes/executor_with_multiple_modes) by extensions ['colcon_meta']
[0.213s] Level 1:colcon.colcon_core.package_identification:_identify(src/px4-ros2-interface-lib/examples/cpp/modes/executor_with_multiple_modes) by extension 'colcon_meta'
[0.213s] Level 1:colcon.colcon_core.package_identification:_identify(src/px4-ros2-interface-lib/examples/cpp/modes/executor_with_multiple_modes) by extensions ['ros']
[0.213s] Level 1:colcon.colcon_core.package_identification:_identify(src/px4-ros2-interface-lib/examples/cpp/modes/executor_with_multiple_modes) by extension 'ros'
[0.216s] DEBUG:colcon.colcon_core.package_identification:Package 'src/px4-ros2-interface-lib/examples/cpp/modes/executor_with_multiple_modes' with type 'ros.ament_cmake' and name 'example_executor_with_multiple_modes_cpp'
[0.216s] Level 1:colcon.colcon_core.package_identification:_identify(src/px4-ros2-interface-lib/examples/cpp/modes/fw_attitude) by extensions ['ignore', 'ignore_ament_install']
[0.216s] Level 1:colcon.colcon_core.package_identification:_identify(src/px4-ros2-interface-lib/examples/cpp/modes/fw_attitude) by extension 'ignore'
[0.216s] Level 1:colcon.colcon_core.package_identification:_identify(src/px4-ros2-interface-lib/examples/cpp/modes/fw_attitude) by extension 'ignore_ament_install'
[0.216s] Level 1:colcon.colcon_core.package_identification:_identify(src/px4-ros2-interface-lib/examples/cpp/modes/fw_attitude) by extensions ['colcon_pkg']
[0.216s] Level 1:colcon.colcon_core.package_identification:_identify(src/px4-ros2-interface-lib/examples/cpp/modes/fw_attitude) by extension 'colcon_pkg'
[0.216s] Level 1:colcon.colcon_core.package_identification:_identify(src/px4-ros2-interface-lib/examples/cpp/modes/fw_attitude) by extensions ['colcon_meta']
[0.216s] Level 1:colcon.colcon_core.package_identification:_identify(src/px4-ros2-interface-lib/examples/cpp/modes/fw_attitude) by extension 'colcon_meta'
[0.216s] Level 1:colcon.colcon_core.package_identification:_identify(src/px4-ros2-interface-lib/examples/cpp/modes/fw_attitude) by extensions ['ros']
[0.216s] Level 1:colcon.colcon_core.package_identification:_identify(src/px4-ros2-interface-lib/examples/cpp/modes/fw_attitude) by extension 'ros'
[0.217s] DEBUG:colcon.colcon_core.package_identification:Package 'src/px4-ros2-interface-lib/examples/cpp/modes/fw_attitude' with type 'ros.ament_cmake' and name 'example_mode_fw_attitude_cpp'
[0.217s] Level 1:colcon.colcon_core.package_identification:_identify(src/px4-ros2-interface-lib/examples/cpp/modes/goto) by extensions ['ignore', 'ignore_ament_install']
[0.217s] Level 1:colcon.colcon_core.package_identification:_identify(src/px4-ros2-interface-lib/examples/cpp/modes/goto) by extension 'ignore'
[0.217s] Level 1:colcon.colcon_core.package_identification:_identify(src/px4-ros2-interface-lib/examples/cpp/modes/goto) by extension 'ignore_ament_install'
[0.217s] Level 1:colcon.colcon_core.package_identification:_identify(src/px4-ros2-interface-lib/examples/cpp/modes/goto) by extensions ['colcon_pkg']
[0.217s] Level 1:colcon.colcon_core.package_identification:_identify(src/px4-ros2-interface-lib/examples/cpp/modes/goto) by extension 'colcon_pkg'
[0.218s] Level 1:colcon.colcon_core.package_identification:_identify(src/px4-ros2-interface-lib/examples/cpp/modes/goto) by extensions ['colcon_meta']
[0.218s] Level 1:colcon.colcon_core.package_identification:_identify(src/px4-ros2-interface-lib/examples/cpp/modes/goto) by extension 'colcon_meta'
[0.218s] Level 1:colcon.colcon_core.package_identification:_identify(src/px4-ros2-interface-lib/examples/cpp/modes/goto) by extensions ['ros']
[0.218s] Level 1:colcon.colcon_core.package_identification:_identify(src/px4-ros2-interface-lib/examples/cpp/modes/goto) by extension 'ros'
[0.218s] DEBUG:colcon.colcon_core.package_identification:Package 'src/px4-ros2-interface-lib/examples/cpp/modes/goto' with type 'ros.ament_cmake' and name 'example_mode_goto_cpp'
[0.218s] Level 1:colcon.colcon_core.package_identification:_identify(src/px4-ros2-interface-lib/examples/cpp/modes/goto_global) by extensions ['ignore', 'ignore_ament_install']
[0.218s] Level 1:colcon.colcon_core.package_identification:_identify(src/px4-ros2-interface-lib/examples/cpp/modes/goto_global) by extension 'ignore'
[0.219s] Level 1:colcon.colcon_core.package_identification:_identify(src/px4-ros2-interface-lib/examples/cpp/modes/goto_global) by extension 'ignore_ament_install'
[0.219s] Level 1:colcon.colcon_core.package_identification:_identify(src/px4-ros2-interface-lib/examples/cpp/modes/goto_global) by extensions ['colcon_pkg']
[0.219s] Level 1:colcon.colcon_core.package_identification:_identify(src/px4-ros2-interface-lib/examples/cpp/modes/goto_global) by extension 'colcon_pkg'
[0.219s] Level 1:colcon.colcon_core.package_identification:_identify(src/px4-ros2-interface-lib/examples/cpp/modes/goto_global) by extensions ['colcon_meta']
[0.219s] Level 1:colcon.colcon_core.package_identification:_identify(src/px4-ros2-interface-lib/examples/cpp/modes/goto_global) by extension 'colcon_meta'
[0.219s] Level 1:colcon.colcon_core.package_identification:_identify(src/px4-ros2-interface-lib/examples/cpp/modes/goto_global) by extensions ['ros']
[0.219s] Level 1:colcon.colcon_core.package_identification:_identify(src/px4-ros2-interface-lib/examples/cpp/modes/goto_global) by extension 'ros'
[0.220s] DEBUG:colcon.colcon_core.package_identification:Package 'src/px4-ros2-interface-lib/examples/cpp/modes/goto_global' with type 'ros.ament_cmake' and name 'example_mode_goto_global_cpp'
[0.220s] Level 1:colcon.colcon_core.package_identification:_identify(src/px4-ros2-interface-lib/examples/cpp/modes/manual) by extensions ['ignore', 'ignore_ament_install']
[0.220s] Level 1:colcon.colcon_core.package_identification:_identify(src/px4-ros2-interface-lib/examples/cpp/modes/manual) by extension 'ignore'
[0.220s] Level 1:colcon.colcon_core.package_identification:_identify(src/px4-ros2-interface-lib/examples/cpp/modes/manual) by extension 'ignore_ament_install'
[0.220s] Level 1:colcon.colcon_core.package_identification:_identify(src/px4-ros2-interface-lib/examples/cpp/modes/manual) by extensions ['colcon_pkg']
[0.220s] Level 1:colcon.colcon_core.package_identification:_identify(src/px4-ros2-interface-lib/examples/cpp/modes/manual) by extension 'colcon_pkg'
[0.220s] Level 1:colcon.colcon_core.package_identification:_identify(src/px4-ros2-interface-lib/examples/cpp/modes/manual) by extensions ['colcon_meta']
[0.220s] Level 1:colcon.colcon_core.package_identification:_identify(src/px4-ros2-interface-lib/examples/cpp/modes/manual) by extension 'colcon_meta'
[0.220s] Level 1:colcon.colcon_core.package_identification:_identify(src/px4-ros2-interface-lib/examples/cpp/modes/manual) by extensions ['ros']
[0.220s] Level 1:colcon.colcon_core.package_identification:_identify(src/px4-ros2-interface-lib/examples/cpp/modes/manual) by extension 'ros'
[0.221s] DEBUG:colcon.colcon_core.package_identification:Package 'src/px4-ros2-interface-lib/examples/cpp/modes/manual' with type 'ros.ament_cmake' and name 'example_mode_manual_cpp'
[0.221s] Level 1:colcon.colcon_core.package_identification:_identify(src/px4-ros2-interface-lib/examples/cpp/modes/mission) by extensions ['ignore', 'ignore_ament_install']
[0.221s] Level 1:colcon.colcon_core.package_identification:_identify(src/px4-ros2-interface-lib/examples/cpp/modes/mission) by extension 'ignore'
[0.221s] Level 1:colcon.colcon_core.package_identification:_identify(src/px4-ros2-interface-lib/examples/cpp/modes/mission) by extension 'ignore_ament_install'
[0.221s] Level 1:colcon.colcon_core.package_identification:_identify(src/px4-ros2-interface-lib/examples/cpp/modes/mission) by extensions ['colcon_pkg']
[0.221s] Level 1:colcon.colcon_core.package_identification:_identify(src/px4-ros2-interface-lib/examples/cpp/modes/mission) by extension 'colcon_pkg'
[0.221s] Level 1:colcon.colcon_core.package_identification:_identify(src/px4-ros2-interface-lib/examples/cpp/modes/mission) by extensions ['colcon_meta']
[0.221s] Level 1:colcon.colcon_core.package_identification:_identify(src/px4-ros2-interface-lib/examples/cpp/modes/mission) by extension 'colcon_meta'
[0.221s] Level 1:colcon.colcon_core.package_identification:_identify(src/px4-ros2-interface-lib/examples/cpp/modes/mission) by extensions ['ros']
[0.221s] Level 1:colcon.colcon_core.package_identification:_identify(src/px4-ros2-interface-lib/examples/cpp/modes/mission) by extension 'ros'
[0.222s] DEBUG:colcon.colcon_core.package_identification:Package 'src/px4-ros2-interface-lib/examples/cpp/modes/mission' with type 'ros.ament_cmake' and name 'example_mode_mission_cpp'
[0.222s] Level 1:colcon.colcon_core.package_identification:_identify(src/px4-ros2-interface-lib/examples/cpp/modes/mode_with_executor) by extensions ['ignore', 'ignore_ament_install']
[0.222s] Level 1:colcon.colcon_core.package_identification:_identify(src/px4-ros2-interface-lib/examples/cpp/modes/mode_with_executor) by extension 'ignore'
[0.222s] Level 1:colcon.colcon_core.package_identification:_identify(src/px4-ros2-interface-lib/examples/cpp/modes/mode_with_executor) by extension 'ignore_ament_install'
[0.222s] Level 1:colcon.colcon_core.package_identification:_identify(src/px4-ros2-interface-lib/examples/cpp/modes/mode_with_executor) by extensions ['colcon_pkg']
[0.222s] Level 1:colcon.colcon_core.package_identification:_identify(src/px4-ros2-interface-lib/examples/cpp/modes/mode_with_executor) by extension 'colcon_pkg'
[0.222s] Level 1:colcon.colcon_core.package_identification:_identify(src/px4-ros2-interface-lib/examples/cpp/modes/mode_with_executor) by extensions ['colcon_meta']
[0.222s] Level 1:colcon.colcon_core.package_identification:_identify(src/px4-ros2-interface-lib/examples/cpp/modes/mode_with_executor) by extension 'colcon_meta'
[0.223s] Level 1:colcon.colcon_core.package_identification:_identify(src/px4-ros2-interface-lib/examples/cpp/modes/mode_with_executor) by extensions ['ros']
[0.223s] Level 1:colcon.colcon_core.package_identification:_identify(src/px4-ros2-interface-lib/examples/cpp/modes/mode_with_executor) by extension 'ros'
[0.223s] DEBUG:colcon.colcon_core.package_identification:Package 'src/px4-ros2-interface-lib/examples/cpp/modes/mode_with_executor' with type 'ros.ament_cmake' and name 'example_mode_with_executor_cpp'
[0.223s] Level 1:colcon.colcon_core.package_identification:_identify(src/px4-ros2-interface-lib/examples/cpp/modes/rover_velocity) by extensions ['ignore', 'ignore_ament_install']
[0.223s] Level 1:colcon.colcon_core.package_identification:_identify(src/px4-ros2-interface-lib/examples/cpp/modes/rover_velocity) by extension 'ignore'
[0.223s] Level 1:colcon.colcon_core.package_identification:_identify(src/px4-ros2-interface-lib/examples/cpp/modes/rover_velocity) by extension 'ignore_ament_install'
[0.224s] Level 1:colcon.colcon_core.package_identification:_identify(src/px4-ros2-interface-lib/examples/cpp/modes/rover_velocity) by extensions ['colcon_pkg']
[0.224s] Level 1:colcon.colcon_core.package_identification:_identify(src/px4-ros2-interface-lib/examples/cpp/modes/rover_velocity) by extension 'colcon_pkg'
[0.224s] Level 1:colcon.colcon_core.package_identification:_identify(src/px4-ros2-interface-lib/examples/cpp/modes/rover_velocity) by extensions ['colcon_meta']
[0.224s] Level 1:colcon.colcon_core.package_identification:_identify(src/px4-ros2-interface-lib/examples/cpp/modes/rover_velocity) by extension 'colcon_meta'
[0.224s] Level 1:colcon.colcon_core.package_identification:_identify(src/px4-ros2-interface-lib/examples/cpp/modes/rover_velocity) by extensions ['ros']
[0.224s] Level 1:colcon.colcon_core.package_identification:_identify(src/px4-ros2-interface-lib/examples/cpp/modes/rover_velocity) by extension 'ros'
[0.224s] DEBUG:colcon.colcon_core.package_identification:Package 'src/px4-ros2-interface-lib/examples/cpp/modes/rover_velocity' with type 'ros.ament_cmake' and name 'example_rover_velocity_mode_cpp'
[0.224s] Level 1:colcon.colcon_core.package_identification:_identify(src/px4-ros2-interface-lib/examples/cpp/modes/rtl_replacement) by extensions ['ignore', 'ignore_ament_install']
[0.225s] Level 1:colcon.colcon_core.package_identification:_identify(src/px4-ros2-interface-lib/examples/cpp/modes/rtl_replacement) by extension 'ignore'
[0.225s] Level 1:colcon.colcon_core.package_identification:_identify(src/px4-ros2-interface-lib/examples/cpp/modes/rtl_replacement) by extension 'ignore_ament_install'
[0.225s] Level 1:colcon.colcon_core.package_identification:_identify(src/px4-ros2-interface-lib/examples/cpp/modes/rtl_replacement) by extensions ['colcon_pkg']
[0.225s] Level 1:colcon.colcon_core.package_identification:_identify(src/px4-ros2-interface-lib/examples/cpp/modes/rtl_replacement) by extension 'colcon_pkg'
[0.225s] Level 1:colcon.colcon_core.package_identification:_identify(src/px4-ros2-interface-lib/examples/cpp/modes/rtl_replacement) by extensions ['colcon_meta']
[0.225s] Level 1:colcon.colcon_core.package_identification:_identify(src/px4-ros2-interface-lib/examples/cpp/modes/rtl_replacement) by extension 'colcon_meta'
[0.225s] Level 1:colcon.colcon_core.package_identification:_identify(src/px4-ros2-interface-lib/examples/cpp/modes/rtl_replacement) by extensions ['ros']
[0.225s] Level 1:colcon.colcon_core.package_identification:_identify(src/px4-ros2-interface-lib/examples/cpp/modes/rtl_replacement) by extension 'ros'
[0.226s] DEBUG:colcon.colcon_core.package_identification:Package 'src/px4-ros2-interface-lib/examples/cpp/modes/rtl_replacement' with type 'ros.ament_cmake' and name 'example_mode_rtl_replacement_cpp'
[0.226s] Level 1:colcon.colcon_core.package_identification:_identify(src/px4-ros2-interface-lib/examples/cpp/modes/vtol) by extensions ['ignore', 'ignore_ament_install']
[0.226s] Level 1:colcon.colcon_core.package_identification:_identify(src/px4-ros2-interface-lib/examples/cpp/modes/vtol) by extension 'ignore'
[0.226s] Level 1:colcon.colcon_core.package_identification:_identify(src/px4-ros2-interface-lib/examples/cpp/modes/vtol) by extension 'ignore_ament_install'
[0.226s] Level 1:colcon.colcon_core.package_identification:_identify(src/px4-ros2-interface-lib/examples/cpp/modes/vtol) by extensions ['colcon_pkg']
[0.226s] Level 1:colcon.colcon_core.package_identification:_identify(src/px4-ros2-interface-lib/examples/cpp/modes/vtol) by extension 'colcon_pkg'
[0.226s] Level 1:colcon.colcon_core.package_identification:_identify(src/px4-ros2-interface-lib/examples/cpp/modes/vtol) by extensions ['colcon_meta']
[0.226s] Level 1:colcon.colcon_core.package_identification:_identify(src/px4-ros2-interface-lib/examples/cpp/modes/vtol) by extension 'colcon_meta'
[0.226s] Level 1:colcon.colcon_core.package_identification:_identify(src/px4-ros2-interface-lib/examples/cpp/modes/vtol) by extensions ['ros']
[0.226s] Level 1:colcon.colcon_core.package_identification:_identify(src/px4-ros2-interface-lib/examples/cpp/modes/vtol) by extension 'ros'
[0.227s] DEBUG:colcon.colcon_core.package_identification:Package 'src/px4-ros2-interface-lib/examples/cpp/modes/vtol' with type 'ros.ament_cmake' and name 'example_mode_vtol_cpp'
[0.227s] Level 1:colcon.colcon_core.package_identification:_identify(src/px4-ros2-interface-lib/examples/cpp/navigation) by extensions ['ignore', 'ignore_ament_install']
[0.227s] Level 1:colcon.colcon_core.package_identification:_identify(src/px4-ros2-interface-lib/examples/cpp/navigation) by extension 'ignore'
[0.227s] Level 1:colcon.colcon_core.package_identification:_identify(src/px4-ros2-interface-lib/examples/cpp/navigation) by extension 'ignore_ament_install'
[0.227s] Level 1:colcon.colcon_core.package_identification:_identify(src/px4-ros2-interface-lib/examples/cpp/navigation) by extensions ['colcon_pkg']
[0.227s] Level 1:colcon.colcon_core.package_identification:_identify(src/px4-ros2-interface-lib/examples/cpp/navigation) by extension 'colcon_pkg'
[0.227s] Level 1:colcon.colcon_core.package_identification:_identify(src/px4-ros2-interface-lib/examples/cpp/navigation) by extensions ['colcon_meta']
[0.227s] Level 1:colcon.colcon_core.package_identification:_identify(src/px4-ros2-interface-lib/examples/cpp/navigation) by extension 'colcon_meta'
[0.227s] Level 1:colcon.colcon_core.package_identification:_identify(src/px4-ros2-interface-lib/examples/cpp/navigation) by extensions ['ros']
[0.227s] Level 1:colcon.colcon_core.package_identification:_identify(src/px4-ros2-interface-lib/examples/cpp/navigation) by extension 'ros'
[0.228s] Level 1:colcon.colcon_core.package_identification:_identify(src/px4-ros2-interface-lib/examples/cpp/navigation) by extensions ['cmake', 'python']
[0.228s] Level 1:colcon.colcon_core.package_identification:_identify(src/px4-ros2-interface-lib/examples/cpp/navigation) by extension 'cmake'
[0.228s] Level 1:colcon.colcon_core.package_identification:_identify(src/px4-ros2-interface-lib/examples/cpp/navigation) by extension 'python'
[0.228s] Level 1:colcon.colcon_core.package_identification:_identify(src/px4-ros2-interface-lib/examples/cpp/navigation) by extensions ['python_setup_py']
[0.228s] Level 1:colcon.colcon_core.package_identification:_identify(src/px4-ros2-interface-lib/examples/cpp/navigation) by extension 'python_setup_py'
[0.228s] Level 1:colcon.colcon_core.package_identification:_identify(src/px4-ros2-interface-lib/examples/cpp/navigation/global_navigation) by extensions ['ignore', 'ignore_ament_install']
[0.228s] Level 1:colcon.colcon_core.package_identification:_identify(src/px4-ros2-interface-lib/examples/cpp/navigation/global_navigation) by extension 'ignore'
[0.228s] Level 1:colcon.colcon_core.package_identification:_identify(src/px4-ros2-interface-lib/examples/cpp/navigation/global_navigation) by extension 'ignore_ament_install'
[0.228s] Level 1:colcon.colcon_core.package_identification:_identify(src/px4-ros2-interface-lib/examples/cpp/navigation/global_navigation) by extensions ['colcon_pkg']
[0.228s] Level 1:colcon.colcon_core.package_identification:_identify(src/px4-ros2-interface-lib/examples/cpp/navigation/global_navigation) by extension 'colcon_pkg'
[0.228s] Level 1:colcon.colcon_core.package_identification:_identify(src/px4-ros2-interface-lib/examples/cpp/navigation/global_navigation) by extensions ['colcon_meta']
[0.228s] Level 1:colcon.colcon_core.package_identification:_identify(src/px4-ros2-interface-lib/examples/cpp/navigation/global_navigation) by extension 'colcon_meta'
[0.228s] Level 1:colcon.colcon_core.package_identification:_identify(src/px4-ros2-interface-lib/examples/cpp/navigation/global_navigation) by extensions ['ros']
[0.228s] Level 1:colcon.colcon_core.package_identification:_identify(src/px4-ros2-interface-lib/examples/cpp/navigation/global_navigation) by extension 'ros'
[0.229s] DEBUG:colcon.colcon_core.package_identification:Package 'src/px4-ros2-interface-lib/examples/cpp/navigation/global_navigation' with type 'ros.ament_cmake' and name 'example_global_navigation_cpp'
[0.229s] Level 1:colcon.colcon_core.package_identification:_identify(src/px4-ros2-interface-lib/examples/cpp/navigation/local_navigation) by extensions ['ignore', 'ignore_ament_install']
[0.229s] Level 1:colcon.colcon_core.package_identification:_identify(src/px4-ros2-interface-lib/examples/cpp/navigation/local_navigation) by extension 'ignore'
[0.229s] Level 1:colcon.colcon_core.package_identification:_identify(src/px4-ros2-interface-lib/examples/cpp/navigation/local_navigation) by extension 'ignore_ament_install'
[0.229s] Level 1:colcon.colcon_core.package_identification:_identify(src/px4-ros2-interface-lib/examples/cpp/navigation/local_navigation) by extensions ['colcon_pkg']
[0.229s] Level 1:colcon.colcon_core.package_identification:_identify(src/px4-ros2-interface-lib/examples/cpp/navigation/local_navigation) by extension 'colcon_pkg'
[0.230s] Level 1:colcon.colcon_core.package_identification:_identify(src/px4-ros2-interface-lib/examples/cpp/navigation/local_navigation) by extensions ['colcon_meta']
[0.230s] Level 1:colcon.colcon_core.package_identification:_identify(src/px4-ros2-interface-lib/examples/cpp/navigation/local_navigation) by extension 'colcon_meta'
[0.230s] Level 1:colcon.colcon_core.package_identification:_identify(src/px4-ros2-interface-lib/examples/cpp/navigation/local_navigation) by extensions ['ros']
[0.230s] Level 1:colcon.colcon_core.package_identification:_identify(src/px4-ros2-interface-lib/examples/cpp/navigation/local_navigation) by extension 'ros'
[0.230s] DEBUG:colcon.colcon_core.package_identification:Package 'src/px4-ros2-interface-lib/examples/cpp/navigation/local_navigation' with type 'ros.ament_cmake' and name 'example_local_navigation_cpp'
[0.230s] Level 1:colcon.colcon_core.package_identification:_identify(src/px4-ros2-interface-lib/examples/python) by extensions ['ignore', 'ignore_ament_install']
[0.230s] Level 1:colcon.colcon_core.package_identification:_identify(src/px4-ros2-interface-lib/examples/python) by extension 'ignore'
[0.230s] Level 1:colcon.colcon_core.package_identification:_identify(src/px4-ros2-interface-lib/examples/python) by extension 'ignore_ament_install'
[0.230s] Level 1:colcon.colcon_core.package_identification:_identify(src/px4-ros2-interface-lib/examples/python) by extensions ['colcon_pkg']
[0.230s] Level 1:colcon.colcon_core.package_identification:_identify(src/px4-ros2-interface-lib/examples/python) by extension 'colcon_pkg'
[0.230s] Level 1:colcon.colcon_core.package_identification:_identify(src/px4-ros2-interface-lib/examples/python) by extensions ['colcon_meta']
[0.230s] Level 1:colcon.colcon_core.package_identification:_identify(src/px4-ros2-interface-lib/examples/python) by extension 'colcon_meta'
[0.230s] Level 1:colcon.colcon_core.package_identification:_identify(src/px4-ros2-interface-lib/examples/python) by extensions ['ros']
[0.231s] Level 1:colcon.colcon_core.package_identification:_identify(src/px4-ros2-interface-lib/examples/python) by extension 'ros'
[0.231s] Level 1:colcon.colcon_core.package_identification:_identify(src/px4-ros2-interface-lib/examples/python) by extensions ['cmake', 'python']
[0.231s] Level 1:colcon.colcon_core.package_identification:_identify(src/px4-ros2-interface-lib/examples/python) by extension 'cmake'
[0.231s] Level 1:colcon.colcon_core.package_identification:_identify(src/px4-ros2-interface-lib/examples/python) by extension 'python'
[0.231s] Level 1:colcon.colcon_core.package_identification:_identify(src/px4-ros2-interface-lib/examples/python) by extensions ['python_setup_py']
[0.231s] Level 1:colcon.colcon_core.package_identification:_identify(src/px4-ros2-interface-lib/examples/python) by extension 'python_setup_py'
[0.231s] Level 1:colcon.colcon_core.package_identification:_identify(src/px4-ros2-interface-lib/examples/python/modes) by extensions ['ignore', 'ignore_ament_install']
[0.231s] Level 1:colcon.colcon_core.package_identification:_identify(src/px4-ros2-interface-lib/examples/python/modes) by extension 'ignore'
[0.231s] Level 1:colcon.colcon_core.package_identification:_identify(src/px4-ros2-interface-lib/examples/python/modes) by extension 'ignore_ament_install'
[0.231s] Level 1:colcon.colcon_core.package_identification:_identify(src/px4-ros2-interface-lib/examples/python/modes) by extensions ['colcon_pkg']
[0.231s] Level 1:colcon.colcon_core.package_identification:_identify(src/px4-ros2-interface-lib/examples/python/modes) by extension 'colcon_pkg'
[0.231s] Level 1:colcon.colcon_core.package_identification:_identify(src/px4-ros2-interface-lib/examples/python/modes) by extensions ['colcon_meta']
[0.231s] Level 1:colcon.colcon_core.package_identification:_identify(src/px4-ros2-interface-lib/examples/python/modes) by extension 'colcon_meta'
[0.231s] Level 1:colcon.colcon_core.package_identification:_identify(src/px4-ros2-interface-lib/examples/python/modes) by extensions ['ros']
[0.231s] Level 1:colcon.colcon_core.package_identification:_identify(src/px4-ros2-interface-lib/examples/python/modes) by extension 'ros'
[0.231s] Level 1:colcon.colcon_core.package_identification:_identify(src/px4-ros2-interface-lib/examples/python/modes) by extensions ['cmake', 'python']
[0.231s] Level 1:colcon.colcon_core.package_identification:_identify(src/px4-ros2-interface-lib/examples/python/modes) by extension 'cmake'
[0.231s] Level 1:colcon.colcon_core.package_identification:_identify(src/px4-ros2-interface-lib/examples/python/modes) by extension 'python'
[0.231s] Level 1:colcon.colcon_core.package_identification:_identify(src/px4-ros2-interface-lib/examples/python/modes) by extensions ['python_setup_py']
[0.231s] Level 1:colcon.colcon_core.package_identification:_identify(src/px4-ros2-interface-lib/examples/python/modes) by extension 'python_setup_py'
[0.232s] Level 1:colcon.colcon_core.package_identification:_identify(src/px4-ros2-interface-lib/examples/python/modes/goto) by extensions ['ignore', 'ignore_ament_install']
[0.232s] Level 1:colcon.colcon_core.package_identification:_identify(src/px4-ros2-interface-lib/examples/python/modes/goto) by extension 'ignore'
[0.232s] Level 1:colcon.colcon_core.package_identification:_identify(src/px4-ros2-interface-lib/examples/python/modes/goto) by extension 'ignore_ament_install'
[0.232s] Level 1:colcon.colcon_core.package_identification:_identify(src/px4-ros2-interface-lib/examples/python/modes/goto) by extensions ['colcon_pkg']
[0.232s] Level 1:colcon.colcon_core.package_identification:_identify(src/px4-ros2-interface-lib/examples/python/modes/goto) by extension 'colcon_pkg'
[0.232s] Level 1:colcon.colcon_core.package_identification:_identify(src/px4-ros2-interface-lib/examples/python/modes/goto) by extensions ['colcon_meta']
[0.232s] Level 1:colcon.colcon_core.package_identification:_identify(src/px4-ros2-interface-lib/examples/python/modes/goto) by extension 'colcon_meta'
[0.232s] Level 1:colcon.colcon_core.package_identification:_identify(src/px4-ros2-interface-lib/examples/python/modes/goto) by extensions ['ros']
[0.232s] Level 1:colcon.colcon_core.package_identification:_identify(src/px4-ros2-interface-lib/examples/python/modes/goto) by extension 'ros'
[0.232s] DEBUG:colcon.colcon_core.package_identification:Package 'src/px4-ros2-interface-lib/examples/python/modes/goto' with type 'ros.ament_python' and name 'example_mode_goto_py'
[0.232s] Level 1:colcon.colcon_core.package_identification:_identify(src/px4-ros2-interface-lib/examples/python/modes/goto_with_rclpy) by extensions ['ignore', 'ignore_ament_install']
[0.232s] Level 1:colcon.colcon_core.package_identification:_identify(src/px4-ros2-interface-lib/examples/python/modes/goto_with_rclpy) by extension 'ignore'
[0.232s] Level 1:colcon.colcon_core.package_identification:_identify(src/px4-ros2-interface-lib/examples/python/modes/goto_with_rclpy) by extension 'ignore_ament_install'
[0.232s] Level 1:colcon.colcon_core.package_identification:_identify(src/px4-ros2-interface-lib/examples/python/modes/goto_with_rclpy) by extensions ['colcon_pkg']
[0.233s] Level 1:colcon.colcon_core.package_identification:_identify(src/px4-ros2-interface-lib/examples/python/modes/goto_with_rclpy) by extension 'colcon_pkg'
[0.233s] Level 1:colcon.colcon_core.package_identification:_identify(src/px4-ros2-interface-lib/examples/python/modes/goto_with_rclpy) by extensions ['colcon_meta']
[0.233s] Level 1:colcon.colcon_core.package_identification:_identify(src/px4-ros2-interface-lib/examples/python/modes/goto_with_rclpy) by extension 'colcon_meta'
[0.233s] Level 1:colcon.colcon_core.package_identification:_identify(src/px4-ros2-interface-lib/examples/python/modes/goto_with_rclpy) by extensions ['ros']
[0.233s] Level 1:colcon.colcon_core.package_identification:_identify(src/px4-ros2-interface-lib/examples/python/modes/goto_with_rclpy) by extension 'ros'
[0.233s] DEBUG:colcon.colcon_core.package_identification:Package 'src/px4-ros2-interface-lib/examples/python/modes/goto_with_rclpy' with type 'ros.ament_python' and name 'example_mode_with_rclpy_py'
[0.233s] Level 1:colcon.colcon_core.package_identification:_identify(src/px4-ros2-interface-lib/mission) by extensions ['ignore', 'ignore_ament_install']
[0.233s] Level 1:colcon.colcon_core.package_identification:_identify(src/px4-ros2-interface-lib/mission) by extension 'ignore'
[0.233s] Level 1:colcon.colcon_core.package_identification:_identify(src/px4-ros2-interface-lib/mission) by extension 'ignore_ament_install'
[0.233s] Level 1:colcon.colcon_core.package_identification:_identify(src/px4-ros2-interface-lib/mission) by extensions ['colcon_pkg']
[0.233s] Level 1:colcon.colcon_core.package_identification:_identify(src/px4-ros2-interface-lib/mission) by extension 'colcon_pkg'
[0.233s] Level 1:colcon.colcon_core.package_identification:_identify(src/px4-ros2-interface-lib/mission) by extensions ['colcon_meta']
[0.233s] Level 1:colcon.colcon_core.package_identification:_identify(src/px4-ros2-interface-lib/mission) by extension 'colcon_meta'
[0.233s] Level 1:colcon.colcon_core.package_identification:_identify(src/px4-ros2-interface-lib/mission) by extensions ['ros']
[0.234s] Level 1:colcon.colcon_core.package_identification:_identify(src/px4-ros2-interface-lib/mission) by extension 'ros'
[0.234s] Level 1:colcon.colcon_core.package_identification:_identify(src/px4-ros2-interface-lib/mission) by extensions ['cmake', 'python']
[0.234s] Level 1:colcon.colcon_core.package_identification:_identify(src/px4-ros2-interface-lib/mission) by extension 'cmake'
[0.234s] Level 1:colcon.colcon_core.package_identification:_identify(src/px4-ros2-interface-lib/mission) by extension 'python'
[0.234s] Level 1:colcon.colcon_core.package_identification:_identify(src/px4-ros2-interface-lib/mission) by extensions ['python_setup_py']
[0.234s] Level 1:colcon.colcon_core.package_identification:_identify(src/px4-ros2-interface-lib/mission) by extension 'python_setup_py'
[0.234s] Level 1:colcon.colcon_core.package_identification:_identify(src/px4-ros2-interface-lib/mission/examples) by extensions ['ignore', 'ignore_ament_install']
[0.234s] Level 1:colcon.colcon_core.package_identification:_identify(src/px4-ros2-interface-lib/mission/examples) by extension 'ignore'
[0.234s] Level 1:colcon.colcon_core.package_identification:_identify(src/px4-ros2-interface-lib/mission/examples) by extension 'ignore_ament_install'
[0.234s] Level 1:colcon.colcon_core.package_identification:_identify(src/px4-ros2-interface-lib/mission/examples) by extensions ['colcon_pkg']
[0.234s] Level 1:colcon.colcon_core.package_identification:_identify(src/px4-ros2-interface-lib/mission/examples) by extension 'colcon_pkg'
[0.234s] Level 1:colcon.colcon_core.package_identification:_identify(src/px4-ros2-interface-lib/mission/examples) by extensions ['colcon_meta']
[0.234s] Level 1:colcon.colcon_core.package_identification:_identify(src/px4-ros2-interface-lib/mission/examples) by extension 'colcon_meta'
[0.234s] Level 1:colcon.colcon_core.package_identification:_identify(src/px4-ros2-interface-lib/mission/examples) by extensions ['ros']
[0.234s] Level 1:colcon.colcon_core.package_identification:_identify(src/px4-ros2-interface-lib/mission/examples) by extension 'ros'
[0.234s] Level 1:colcon.colcon_core.package_identification:_identify(src/px4-ros2-interface-lib/mission/examples) by extensions ['cmake', 'python']
[0.234s] Level 1:colcon.colcon_core.package_identification:_identify(src/px4-ros2-interface-lib/mission/examples) by extension 'cmake'
[0.234s] Level 1:colcon.colcon_core.package_identification:_identify(src/px4-ros2-interface-lib/mission/examples) by extension 'python'
[0.235s] Level 1:colcon.colcon_core.package_identification:_identify(src/px4-ros2-interface-lib/mission/examples) by extensions ['python_setup_py']
[0.235s] Level 1:colcon.colcon_core.package_identification:_identify(src/px4-ros2-interface-lib/mission/examples) by extension 'python_setup_py'
[0.235s] Level 1:colcon.colcon_core.package_identification:_identify(src/px4-ros2-interface-lib/px4_ros2_cpp) by extensions ['ignore', 'ignore_ament_install']
[0.235s] Level 1:colcon.colcon_core.package_identification:_identify(src/px4-ros2-interface-lib/px4_ros2_cpp) by extension 'ignore'
[0.235s] Level 1:colcon.colcon_core.package_identification:_identify(src/px4-ros2-interface-lib/px4_ros2_cpp) by extension 'ignore_ament_install'
[0.235s] Level 1:colcon.colcon_core.package_identification:_identify(src/px4-ros2-interface-lib/px4_ros2_cpp) by extensions ['colcon_pkg']
[0.235s] Level 1:colcon.colcon_core.package_identification:_identify(src/px4-ros2-interface-lib/px4_ros2_cpp) by extension 'colcon_pkg'
[0.235s] Level 1:colcon.colcon_core.package_identification:_identify(src/px4-ros2-interface-lib/px4_ros2_cpp) by extensions ['colcon_meta']
[0.235s] Level 1:colcon.colcon_core.package_identification:_identify(src/px4-ros2-interface-lib/px4_ros2_cpp) by extension 'colcon_meta'
[0.235s] Level 1:colcon.colcon_core.package_identification:_identify(src/px4-ros2-interface-lib/px4_ros2_cpp) by extensions ['ros']
[0.235s] Level 1:colcon.colcon_core.package_identification:_identify(src/px4-ros2-interface-lib/px4_ros2_cpp) by extension 'ros'
[0.235s] DEBUG:colcon.colcon_core.package_identification:Package 'src/px4-ros2-interface-lib/px4_ros2_cpp' with type 'ros.ament_cmake' and name 'px4_ros2_cpp'
[0.236s] Level 1:colcon.colcon_core.package_identification:_identify(src/px4-ros2-interface-lib/px4_ros2_py) by extensions ['ignore', 'ignore_ament_install']
[0.236s] Level 1:colcon.colcon_core.package_identification:_identify(src/px4-ros2-interface-lib/px4_ros2_py) by extension 'ignore'
[0.236s] Level 1:colcon.colcon_core.package_identification:_identify(src/px4-ros2-interface-lib/px4_ros2_py) by extension 'ignore_ament_install'
[0.236s] Level 1:colcon.colcon_core.package_identification:_identify(src/px4-ros2-interface-lib/px4_ros2_py) by extensions ['colcon_pkg']
[0.236s] Level 1:colcon.colcon_core.package_identification:_identify(src/px4-ros2-interface-lib/px4_ros2_py) by extension 'colcon_pkg'
[0.236s] Level 1:colcon.colcon_core.package_identification:_identify(src/px4-ros2-interface-lib/px4_ros2_py) by extensions ['colcon_meta']
[0.236s] Level 1:colcon.colcon_core.package_identification:_identify(src/px4-ros2-interface-lib/px4_ros2_py) by extension 'colcon_meta'
[0.236s] Level 1:colcon.colcon_core.package_identification:_identify(src/px4-ros2-interface-lib/px4_ros2_py) by extensions ['ros']
[0.236s] Level 1:colcon.colcon_core.package_identification:_identify(src/px4-ros2-interface-lib/px4_ros2_py) by extension 'ros'
[0.236s] DEBUG:colcon.colcon_core.package_identification:Package 'src/px4-ros2-interface-lib/px4_ros2_py' with type 'ros.ament_cmake' and name 'px4_ros2_py'
[0.237s] Level 1:colcon.colcon_core.package_identification:_identify(src/px4-ros2-interface-lib/python_docs) by extensions ['ignore', 'ignore_ament_install']
[0.237s] Level 1:colcon.colcon_core.package_identification:_identify(src/px4-ros2-interface-lib/python_docs) by extension 'ignore'
[0.237s] Level 1:colcon.colcon_core.package_identification:_identify(src/px4-ros2-interface-lib/python_docs) by extension 'ignore_ament_install'
[0.237s] Level 1:colcon.colcon_core.package_identification:_identify(src/px4-ros2-interface-lib/python_docs) by extensions ['colcon_pkg']
[0.237s] Level 1:colcon.colcon_core.package_identification:_identify(src/px4-ros2-interface-lib/python_docs) by extension 'colcon_pkg'
[0.237s] Level 1:colcon.colcon_core.package_identification:_identify(src/px4-ros2-interface-lib/python_docs) by extensions ['colcon_meta']
[0.237s] Level 1:colcon.colcon_core.package_identification:_identify(src/px4-ros2-interface-lib/python_docs) by extension 'colcon_meta'
[0.237s] Level 1:colcon.colcon_core.package_identification:_identify(src/px4-ros2-interface-lib/python_docs) by extensions ['ros']
[0.237s] Level 1:colcon.colcon_core.package_identification:_identify(src/px4-ros2-interface-lib/python_docs) by extension 'ros'
[0.237s] Level 1:colcon.colcon_core.package_identification:_identify(src/px4-ros2-interface-lib/python_docs) by extensions ['cmake', 'python']
[0.237s] Level 1:colcon.colcon_core.package_identification:_identify(src/px4-ros2-interface-lib/python_docs) by extension 'cmake'
[0.237s] Level 1:colcon.colcon_core.package_identification:_identify(src/px4-ros2-interface-lib/python_docs) by extension 'python'
[0.237s] Level 1:colcon.colcon_core.package_identification:_identify(src/px4-ros2-interface-lib/python_docs) by extensions ['python_setup_py']
[0.237s] Level 1:colcon.colcon_core.package_identification:_identify(src/px4-ros2-interface-lib/python_docs) by extension 'python_setup_py'
[0.237s] Level 1:colcon.colcon_core.package_identification:_identify(src/px4-ros2-interface-lib/scripts) by extensions ['ignore', 'ignore_ament_install']
[0.237s] Level 1:colcon.colcon_core.package_identification:_identify(src/px4-ros2-interface-lib/scripts) by extension 'ignore'
[0.237s] Level 1:colcon.colcon_core.package_identification:_identify(src/px4-ros2-interface-lib/scripts) by extension 'ignore_ament_install'
[0.237s] Level 1:colcon.colcon_core.package_identification:_identify(src/px4-ros2-interface-lib/scripts) by extensions ['colcon_pkg']
[0.237s] Level 1:colcon.colcon_core.package_identification:_identify(src/px4-ros2-interface-lib/scripts) by extension 'colcon_pkg'
[0.237s] Level 1:colcon.colcon_core.package_identification:_identify(src/px4-ros2-interface-lib/scripts) by extensions ['colcon_meta']
[0.237s] Level 1:colcon.colcon_core.package_identification:_identify(src/px4-ros2-interface-lib/scripts) by extension 'colcon_meta'
[0.238s] Level 1:colcon.colcon_core.package_identification:_identify(src/px4-ros2-interface-lib/scripts) by extensions ['ros']
[0.238s] Level 1:colcon.colcon_core.package_identification:_identify(src/px4-ros2-interface-lib/scripts) by extension 'ros'
[0.238s] Level 1:colcon.colcon_core.package_identification:_identify(src/px4-ros2-interface-lib/scripts) by extensions ['cmake', 'python']
[0.238s] Level 1:colcon.colcon_core.package_identification:_identify(src/px4-ros2-interface-lib/scripts) by extension 'cmake'
[0.238s] Level 1:colcon.colcon_core.package_identification:_identify(src/px4-ros2-interface-lib/scripts) by extension 'python'
[0.238s] Level 1:colcon.colcon_core.package_identification:_identify(src/px4-ros2-interface-lib/scripts) by extensions ['python_setup_py']
[0.238s] Level 1:colcon.colcon_core.package_identification:_identify(src/px4-ros2-interface-lib/scripts) by extension 'python_setup_py'
[0.238s] Level 1:colcon.colcon_core.package_identification:_identify(src/px4_actuator_ctrl) by extensions ['ignore', 'ignore_ament_install']
[0.238s] Level 1:colcon.colcon_core.package_identification:_identify(src/px4_actuator_ctrl) by extension 'ignore'
[0.238s] Level 1:colcon.colcon_core.package_identification:_identify(src/px4_actuator_ctrl) by extension 'ignore_ament_install'
[0.238s] Level 1:colcon.colcon_core.package_identification:_identify(src/px4_actuator_ctrl) by extensions ['colcon_pkg']
[0.238s] Level 1:colcon.colcon_core.package_identification:_identify(src/px4_actuator_ctrl) by extension 'colcon_pkg'
[0.238s] Level 1:colcon.colcon_core.package_identification:_identify(src/px4_actuator_ctrl) by extensions ['colcon_meta']
[0.238s] Level 1:colcon.colcon_core.package_identification:_identify(src/px4_actuator_ctrl) by extension 'colcon_meta'
[0.238s] Level 1:colcon.colcon_core.package_identification:_identify(src/px4_actuator_ctrl) by extensions ['ros']
[0.238s] Level 1:colcon.colcon_core.package_identification:_identify(src/px4_actuator_ctrl) by extension 'ros'
[0.239s] DEBUG:colcon.colcon_core.package_identification:Package 'src/px4_actuator_ctrl' with type 'ros.ament_python' and name 'px4_actuator_ctrl'
[0.239s] Level 1:colcon.colcon_core.package_identification:_identify(src/px4_msgs) by extensions ['ignore', 'ignore_ament_install']
[0.239s] Level 1:colcon.colcon_core.package_identification:_identify(src/px4_msgs) by extension 'ignore'
[0.239s] Level 1:colcon.colcon_core.package_identification:_identify(src/px4_msgs) by extension 'ignore_ament_install'
[0.239s] Level 1:colcon.colcon_core.package_identification:_identify(src/px4_msgs) by extensions ['colcon_pkg']
[0.239s] Level 1:colcon.colcon_core.package_identification:_identify(src/px4_msgs) by extension 'colcon_pkg'
[0.239s] Level 1:colcon.colcon_core.package_identification:_identify(src/px4_msgs) by extensions ['colcon_meta']
[0.239s] Level 1:colcon.colcon_core.package_identification:_identify(src/px4_msgs) by extension 'colcon_meta'
[0.239s] Level 1:colcon.colcon_core.package_identification:_identify(src/px4_msgs) by extensions ['ros']
[0.239s] Level 1:colcon.colcon_core.package_identification:_identify(src/px4_msgs) by extension 'ros'
[0.240s] DEBUG:colcon.colcon_core.package_identification:Package 'src/px4_msgs' with type 'ros.ament_cmake' and name 'px4_msgs'
[0.240s] Level 1:colcon.colcon_core.package_identification:_identify(src/px4_ros_com) by extensions ['ignore', 'ignore_ament_install']
[0.240s] Level 1:colcon.colcon_core.package_identification:_identify(src/px4_ros_com) by extension 'ignore'
[0.240s] Level 1:colcon.colcon_core.package_identification:_identify(src/px4_ros_com) by extension 'ignore_ament_install'
[0.240s] Level 1:colcon.colcon_core.package_identification:_identify(src/px4_ros_com) by extensions ['colcon_pkg']
[0.240s] Level 1:colcon.colcon_core.package_identification:_identify(src/px4_ros_com) by extension 'colcon_pkg'
[0.240s] Level 1:colcon.colcon_core.package_identification:_identify(src/px4_ros_com) by extensions ['colcon_meta']
[0.240s] Level 1:colcon.colcon_core.package_identification:_identify(src/px4_ros_com) by extension 'colcon_meta'
[0.240s] Level 1:colcon.colcon_core.package_identification:_identify(src/px4_ros_com) by extensions ['ros']
[0.240s] Level 1:colcon.colcon_core.package_identification:_identify(src/px4_ros_com) by extension 'ros'
[0.241s] DEBUG:colcon.colcon_core.package_identification:Package 'src/px4_ros_com' with type 'ros.ament_cmake' and name 'px4_ros_com'
[0.241s] Level 1:colcon.colcon_core.package_identification:_identify(src/x500_hover_controller) by extensions ['ignore', 'ignore_ament_install']
[0.241s] Level 1:colcon.colcon_core.package_identification:_identify(src/x500_hover_controller) by extension 'ignore'
[0.241s] Level 1:colcon.colcon_core.package_identification:_identify(src/x500_hover_controller) by extension 'ignore_ament_install'
[0.241s] Level 1:colcon.colcon_core.package_identification:_identify(src/x500_hover_controller) by extensions ['colcon_pkg']
[0.241s] Level 1:colcon.colcon_core.package_identification:_identify(src/x500_hover_controller) by extension 'colcon_pkg'
[0.241s] Level 1:colcon.colcon_core.package_identification:_identify(src/x500_hover_controller) by extensions ['colcon_meta']
[0.241s] Level 1:colcon.colcon_core.package_identification:_identify(src/x500_hover_controller) by extension 'colcon_meta'
[0.241s] Level 1:colcon.colcon_core.package_identification:_identify(src/x500_hover_controller) by extensions ['ros']
[0.241s] Level 1:colcon.colcon_core.package_identification:_identify(src/x500_hover_controller) by extension 'ros'
[0.242s] DEBUG:colcon.colcon_core.package_identification:Package 'src/x500_hover_controller' with type 'ros.ament_python' and name 'x500_hover_controller'
[0.242s] Level 1:colcon.colcon_core.package_discovery:discover_packages(recursive) using defaults
[0.242s] Level 1:colcon.colcon_core.package_discovery:discover_packages(ignore) discover
[0.242s] Level 1:colcon.colcon_core.package_discovery:discover_packages(ignore) using defaults
[0.242s] Level 1:colcon.colcon_core.package_discovery:discover_packages(path) discover
[0.242s] Level 1:colcon.colcon_core.package_discovery:discover_packages(path) using defaults
[0.265s] Level 1:colcon.colcon_core.package_discovery:discover_packages(prefix_path) check parameters
[0.265s] Level 1:colcon.colcon_core.package_discovery:discover_packages(prefix_path) discover
[0.268s] DEBUG:colcon.colcon_installed_package_information.package_discovery:Found 20 installed packages in /home/mikks/ros2_px4_ws/install
[0.270s] DEBUG:colcon.colcon_installed_package_information.package_discovery:Found 31 installed packages in /home/mikks/crazyflie_mapping_demo/ros2_ws/install
[0.270s] DEBUG:colcon.colcon_installed_package_information.package_discovery:Found 4 installed packages in /home/mikks/ros2_ws/install
[0.271s] DEBUG:colcon.colcon_installed_package_information.package_discovery:Found 300 installed packages in /opt/ros/jazzy
[0.272s] Level 1:colcon.colcon_core.package_discovery:discover_packages(prefix_path) using defaults
[0.327s] Level 5:colcon.colcon_core.verb:set package 'px4_msgs' build argument 'cmake_args' from command line to 'None'
[0.327s] Level 5:colcon.colcon_core.verb:set package 'px4_msgs' build argument 'cmake_target' from command line to 'None'
[0.327s] Level 5:colcon.colcon_core.verb:set package 'px4_msgs' build argument 'cmake_target_skip_unavailable' from command line to 'False'
[0.327s] Level 5:colcon.colcon_core.verb:set package 'px4_msgs' build argument 'cmake_clean_cache' from command line to 'False'
[0.327s] Level 5:colcon.colcon_core.verb:set package 'px4_msgs' build argument 'cmake_clean_first' from command line to 'False'
[0.327s] Level 5:colcon.colcon_core.verb:set package 'px4_msgs' build argument 'cmake_force_configure' from command line to 'False'
[0.327s] Level 5:colcon.colcon_core.verb:set package 'px4_msgs' build argument 'ament_cmake_args' from command line to 'None'
[0.327s] Level 5:colcon.colcon_core.verb:set package 'px4_msgs' build argument 'catkin_cmake_args' from command line to 'None'
[0.327s] Level 5:colcon.colcon_core.verb:set package 'px4_msgs' build argument 'catkin_skip_building_tests' from command line to 'False'
[0.327s] DEBUG:colcon.colcon_core.verb:Building package 'px4_msgs' with the following arguments: {'ament_cmake_args': None, 'build_base': '/home/mikks/ros2_px4_ws/build/px4_msgs', 'catkin_cmake_args': None, 'catkin_skip_building_tests': False, 'cmake_args': None, 'cmake_clean_cache': False, 'cmake_clean_first': False, 'cmake_force_configure': False, 'cmake_target': None, 'cmake_target_skip_unavailable': False, 'install_base': '/home/mikks/ros2_px4_ws/install/px4_msgs', 'merge_install': False, 'path': '/home/mikks/ros2_px4_ws/src/px4_msgs', 'symlink_install': True, 'test_result_base': None}
[0.327s] Level 5:colcon.colcon_core.verb:set package 'px4_actuator_ctrl' build argument 'cmake_args' from command line to 'None'
[0.327s] Level 5:colcon.colcon_core.verb:set package 'px4_actuator_ctrl' build argument 'cmake_target' from command line to 'None'
[0.327s] Level 5:colcon.colcon_core.verb:set package 'px4_actuator_ctrl' build argument 'cmake_target_skip_unavailable' from command line to 'False'
[0.327s] Level 5:colcon.colcon_core.verb:set package 'px4_actuator_ctrl' build argument 'cmake_clean_cache' from command line to 'False'
[0.327s] Level 5:colcon.colcon_core.verb:set package 'px4_actuator_ctrl' build argument 'cmake_clean_first' from command line to 'False'
[0.327s] Level 5:colcon.colcon_core.verb:set package 'px4_actuator_ctrl' build argument 'cmake_force_configure' from command line to 'False'
[0.327s] Level 5:colcon.colcon_core.verb:set package 'px4_actuator_ctrl' build argument 'ament_cmake_args' from command line to 'None'
[0.327s] Level 5:colcon.colcon_core.verb:set package 'px4_actuator_ctrl' build argument 'catkin_cmake_args' from command line to 'None'
[0.327s] Level 5:colcon.colcon_core.verb:set package 'px4_actuator_ctrl' build argument 'catkin_skip_building_tests' from command line to 'False'
[0.327s] DEBUG:colcon.colcon_core.verb:Building package 'px4_actuator_ctrl' with the following arguments: {'ament_cmake_args': None, 'build_base': '/home/mikks/ros2_px4_ws/build/px4_actuator_ctrl', 'catkin_cmake_args': None, 'catkin_skip_building_tests': False, 'cmake_args': None, 'cmake_clean_cache': False, 'cmake_clean_first': False, 'cmake_force_configure': False, 'cmake_target': None, 'cmake_target_skip_unavailable': False, 'install_base': '/home/mikks/ros2_px4_ws/install/px4_actuator_ctrl', 'merge_install': False, 'path': '/home/mikks/ros2_px4_ws/src/px4_actuator_ctrl', 'symlink_install': True, 'test_result_base': None}
[0.328s] Level 5:colcon.colcon_core.verb:set package 'px4_ros2_cpp' build argument 'cmake_args' from command line to 'None'
[0.328s] Level 5:colcon.colcon_core.verb:set package 'px4_ros2_cpp' build argument 'cmake_target' from command line to 'None'
[0.328s] Level 5:colcon.colcon_core.verb:set package 'px4_ros2_cpp' build argument 'cmake_target_skip_unavailable' from command line to 'False'
[0.328s] Level 5:colcon.colcon_core.verb:set package 'px4_ros2_cpp' build argument 'cmake_clean_cache' from command line to 'False'
[0.328s] Level 5:colcon.colcon_core.verb:set package 'px4_ros2_cpp' build argument 'cmake_clean_first' from command line to 'False'
[0.328s] Level 5:colcon.colcon_core.verb:set package 'px4_ros2_cpp' build argument 'cmake_force_configure' from command line to 'False'
[0.328s] Level 5:colcon.colcon_core.verb:set package 'px4_ros2_cpp' build argument 'ament_cmake_args' from command line to 'None'
[0.328s] Level 5:colcon.colcon_core.verb:set package 'px4_ros2_cpp' build argument 'catkin_cmake_args' from command line to 'None'
[0.328s] Level 5:colcon.colcon_core.verb:set package 'px4_ros2_cpp' build argument 'catkin_skip_building_tests' from command line to 'False'
[0.328s] DEBUG:colcon.colcon_core.verb:Building package 'px4_ros2_cpp' with the following arguments: {'ament_cmake_args': None, 'build_base': '/home/mikks/ros2_px4_ws/build/px4_ros2_cpp', 'catkin_cmake_args': None, 'catkin_skip_building_tests': False, 'cmake_args': None, 'cmake_clean_cache': False, 'cmake_clean_first': False, 'cmake_force_configure': False, 'cmake_target': None, 'cmake_target_skip_unavailable': False, 'install_base': '/home/mikks/ros2_px4_ws/install/px4_ros2_cpp', 'merge_install': False, 'path': '/home/mikks/ros2_px4_ws/src/px4-ros2-interface-lib/px4_ros2_cpp', 'symlink_install': True, 'test_result_base': None}
[0.328s] Level 5:colcon.colcon_core.verb:set package 'px4_ros_com' build argument 'cmake_args' from command line to 'None'
[0.328s] Level 5:colcon.colcon_core.verb:set package 'px4_ros_com' build argument 'cmake_target' from command line to 'None'
[0.328s] Level 5:colcon.colcon_core.verb:set package 'px4_ros_com' build argument 'cmake_target_skip_unavailable' from command line to 'False'
[0.328s] Level 5:colcon.colcon_core.verb:set package 'px4_ros_com' build argument 'cmake_clean_cache' from command line to 'False'
[0.328s] Level 5:colcon.colcon_core.verb:set package 'px4_ros_com' build argument 'cmake_clean_first' from command line to 'False'
[0.328s] Level 5:colcon.colcon_core.verb:set package 'px4_ros_com' build argument 'cmake_force_configure' from command line to 'False'
[0.328s] Level 5:colcon.colcon_core.verb:set package 'px4_ros_com' build argument 'ament_cmake_args' from command line to 'None'
[0.328s] Level 5:colcon.colcon_core.verb:set package 'px4_ros_com' build argument 'catkin_cmake_args' from command line to 'None'
[0.328s] Level 5:colcon.colcon_core.verb:set package 'px4_ros_com' build argument 'catkin_skip_building_tests' from command line to 'False'
[0.328s] DEBUG:colcon.colcon_core.verb:Building package 'px4_ros_com' with the following arguments: {'ament_cmake_args': None, 'build_base': '/home/mikks/ros2_px4_ws/build/px4_ros_com', 'catkin_cmake_args': None, 'catkin_skip_building_tests': False, 'cmake_args': None, 'cmake_clean_cache': False, 'cmake_clean_first': False, 'cmake_force_configure': False, 'cmake_target': None, 'cmake_target_skip_unavailable': False, 'install_base': '/home/mikks/ros2_px4_ws/install/px4_ros_com', 'merge_install': False, 'path': '/home/mikks/ros2_px4_ws/src/px4_ros_com', 'symlink_install': True, 'test_result_base': None}
[0.329s] Level 5:colcon.colcon_core.verb:set package 'x500_hover_controller' build argument 'cmake_args' from command line to 'None'
[0.329s] Level 5:colcon.colcon_core.verb:set package 'x500_hover_controller' build argument 'cmake_target' from command line to 'None'
[0.329s] Level 5:colcon.colcon_core.verb:set package 'x500_hover_controller' build argument 'cmake_target_skip_unavailable' from command line to 'False'
[0.329s] Level 5:colcon.colcon_core.verb:set package 'x500_hover_controller' build argument 'cmake_clean_cache' from command line to 'False'
[0.329s] Level 5:colcon.colcon_core.verb:set package 'x500_hover_controller' build argument 'cmake_clean_first' from command line to 'False'
[0.329s] Level 5:colcon.colcon_core.verb:set package 'x500_hover_controller' build argument 'cmake_force_configure' from command line to 'False'
[0.329s] Level 5:colcon.colcon_core.verb:set package 'x500_hover_controller' build argument 'ament_cmake_args' from command line to 'None'
[0.329s] Level 5:colcon.colcon_core.verb:set package 'x500_hover_controller' build argument 'catkin_cmake_args' from command line to 'None'
[0.329s] Level 5:colcon.colcon_core.verb:set package 'x500_hover_controller' build argument 'catkin_skip_building_tests' from command line to 'False'
[0.329s] DEBUG:colcon.colcon_core.verb:Building package 'x500_hover_controller' with the following arguments: {'ament_cmake_args': None, 'build_base': '/home/mikks/ros2_px4_ws/build/x500_hover_controller', 'catkin_cmake_args': None, 'catkin_skip_building_tests': False, 'cmake_args': None, 'cmake_clean_cache': False, 'cmake_clean_first': False, 'cmake_force_configure': False, 'cmake_target': None, 'cmake_target_skip_unavailable': False, 'install_base': '/home/mikks/ros2_px4_ws/install/x500_hover_controller', 'merge_install': False, 'path': '/home/mikks/ros2_px4_ws/src/x500_hover_controller', 'symlink_install': True, 'test_result_base': None}
[0.329s] Level 5:colcon.colcon_core.verb:set package 'example_executor_with_multiple_modes_cpp' build argument 'cmake_args' from command line to 'None'
[0.329s] Level 5:colcon.colcon_core.verb:set package 'example_executor_with_multiple_modes_cpp' build argument 'cmake_target' from command line to 'None'
[0.329s] Level 5:colcon.colcon_core.verb:set package 'example_executor_with_multiple_modes_cpp' build argument 'cmake_target_skip_unavailable' from command line to 'False'
[0.329s] Level 5:colcon.colcon_core.verb:set package 'example_executor_with_multiple_modes_cpp' build argument 'cmake_clean_cache' from command line to 'False'
[0.329s] Level 5:colcon.colcon_core.verb:set package 'example_executor_with_multiple_modes_cpp' build argument 'cmake_clean_first' from command line to 'False'
[0.329s] Level 5:colcon.colcon_core.verb:set package 'example_executor_with_multiple_modes_cpp' build argument 'cmake_force_configure' from command line to 'False'
[0.329s] Level 5:colcon.colcon_core.verb:set package 'example_executor_with_multiple_modes_cpp' build argument 'ament_cmake_args' from command line to 'None'
[0.329s] Level 5:colcon.colcon_core.verb:set package 'example_executor_with_multiple_modes_cpp' build argument 'catkin_cmake_args' from command line to 'None'
[0.329s] Level 5:colcon.colcon_core.verb:set package 'example_executor_with_multiple_modes_cpp' build argument 'catkin_skip_building_tests' from command line to 'False'
[0.329s] DEBUG:colcon.colcon_core.verb:Building package 'example_executor_with_multiple_modes_cpp' with the following arguments: {'ament_cmake_args': None, 'build_base': '/home/mikks/ros2_px4_ws/build/example_executor_with_multiple_modes_cpp', 'catkin_cmake_args': None, 'catkin_skip_building_tests': False, 'cmake_args': None, 'cmake_clean_cache': False, 'cmake_clean_first': False, 'cmake_force_configure': False, 'cmake_target': None, 'cmake_target_skip_unavailable': False, 'install_base': '/home/mikks/ros2_px4_ws/install/example_executor_with_multiple_modes_cpp', 'merge_install': False, 'path': '/home/mikks/ros2_px4_ws/src/px4-ros2-interface-lib/examples/cpp/modes/executor_with_multiple_modes', 'symlink_install': True, 'test_result_base': None}
[0.330s] Level 5:colcon.colcon_core.verb:set package 'example_global_navigation_cpp' build argument 'cmake_args' from command line to 'None'
[0.330s] Level 5:colcon.colcon_core.verb:set package 'example_global_navigation_cpp' build argument 'cmake_target' from command line to 'None'
[0.330s] Level 5:colcon.colcon_core.verb:set package 'example_global_navigation_cpp' build argument 'cmake_target_skip_unavailable' from command line to 'False'
[0.330s] Level 5:colcon.colcon_core.verb:set package 'example_global_navigation_cpp' build argument 'cmake_clean_cache' from command line to 'False'
[0.330s] Level 5:colcon.colcon_core.verb:set package 'example_global_navigation_cpp' build argument 'cmake_clean_first' from command line to 'False'
[0.330s] Level 5:colcon.colcon_core.verb:set package 'example_global_navigation_cpp' build argument 'cmake_force_configure' from command line to 'False'
[0.330s] Level 5:colcon.colcon_core.verb:set package 'example_global_navigation_cpp' build argument 'ament_cmake_args' from command line to 'None'
[0.330s] Level 5:colcon.colcon_core.verb:set package 'example_global_navigation_cpp' build argument 'catkin_cmake_args' from command line to 'None'
[0.330s] Level 5:colcon.colcon_core.verb:set package 'example_global_navigation_cpp' build argument 'catkin_skip_building_tests' from command line to 'False'
[0.330s] DEBUG:colcon.colcon_core.verb:Building package 'example_global_navigation_cpp' with the following arguments: {'ament_cmake_args': None, 'build_base': '/home/mikks/ros2_px4_ws/build/example_global_navigation_cpp', 'catkin_cmake_args': None, 'catkin_skip_building_tests': False, 'cmake_args': None, 'cmake_clean_cache': False, 'cmake_clean_first': False, 'cmake_force_configure': False, 'cmake_target': None, 'cmake_target_skip_unavailable': False, 'install_base': '/home/mikks/ros2_px4_ws/install/example_global_navigation_cpp', 'merge_install': False, 'path': '/home/mikks/ros2_px4_ws/src/px4-ros2-interface-lib/examples/cpp/navigation/global_navigation', 'symlink_install': True, 'test_result_base': None}
[0.330s] Level 5:colcon.colcon_core.verb:set package 'example_local_navigation_cpp' build argument 'cmake_args' from command line to 'None'
[0.330s] Level 5:colcon.colcon_core.verb:set package 'example_local_navigation_cpp' build argument 'cmake_target' from command line to 'None'
[0.330s] Level 5:colcon.colcon_core.verb:set package 'example_local_navigation_cpp' build argument 'cmake_target_skip_unavailable' from command line to 'False'
[0.330s] Level 5:colcon.colcon_core.verb:set package 'example_local_navigation_cpp' build argument 'cmake_clean_cache' from command line to 'False'
[0.330s] Level 5:colcon.colcon_core.verb:set package 'example_local_navigation_cpp' build argument 'cmake_clean_first' from command line to 'False'
[0.330s] Level 5:colcon.colcon_core.verb:set package 'example_local_navigation_cpp' build argument 'cmake_force_configure' from command line to 'False'
[0.330s] Level 5:colcon.colcon_core.verb:set package 'example_local_navigation_cpp' build argument 'ament_cmake_args' from command line to 'None'
[0.330s] Level 5:colcon.colcon_core.verb:set package 'example_local_navigation_cpp' build argument 'catkin_cmake_args' from command line to 'None'
[0.330s] Level 5:colcon.colcon_core.verb:set package 'example_local_navigation_cpp' build argument 'catkin_skip_building_tests' from command line to 'False'
[0.330s] DEBUG:colcon.colcon_core.verb:Building package 'example_local_navigation_cpp' with the following arguments: {'ament_cmake_args': None, 'build_base': '/home/mikks/ros2_px4_ws/build/example_local_navigation_cpp', 'catkin_cmake_args': None, 'catkin_skip_building_tests': False, 'cmake_args': None, 'cmake_clean_cache': False, 'cmake_clean_first': False, 'cmake_force_configure': False, 'cmake_target': None, 'cmake_target_skip_unavailable': False, 'install_base': '/home/mikks/ros2_px4_ws/install/example_local_navigation_cpp', 'merge_install': False, 'path': '/home/mikks/ros2_px4_ws/src/px4-ros2-interface-lib/examples/cpp/navigation/local_navigation', 'symlink_install': True, 'test_result_base': None}
[0.330s] Level 5:colcon.colcon_core.verb:set package 'example_mode_fw_attitude_cpp' build argument 'cmake_args' from command line to 'None'
[0.331s] Level 5:colcon.colcon_core.verb:set package 'example_mode_fw_attitude_cpp' build argument 'cmake_target' from command line to 'None'
[0.331s] Level 5:colcon.colcon_core.verb:set package 'example_mode_fw_attitude_cpp' build argument 'cmake_target_skip_unavailable' from command line to 'False'
[0.331s] Level 5:colcon.colcon_core.verb:set package 'example_mode_fw_attitude_cpp' build argument 'cmake_clean_cache' from command line to 'False'
[0.331s] Level 5:colcon.colcon_core.verb:set package 'example_mode_fw_attitude_cpp' build argument 'cmake_clean_first' from command line to 'False'
[0.331s] Level 5:colcon.colcon_core.verb:set package 'example_mode_fw_attitude_cpp' build argument 'cmake_force_configure' from command line to 'False'
[0.331s] Level 5:colcon.colcon_core.verb:set package 'example_mode_fw_attitude_cpp' build argument 'ament_cmake_args' from command line to 'None'
[0.331s] Level 5:colcon.colcon_core.verb:set package 'example_mode_fw_attitude_cpp' build argument 'catkin_cmake_args' from command line to 'None'
[0.331s] Level 5:colcon.colcon_core.verb:set package 'example_mode_fw_attitude_cpp' build argument 'catkin_skip_building_tests' from command line to 'False'
[0.331s] DEBUG:colcon.colcon_core.verb:Building package 'example_mode_fw_attitude_cpp' with the following arguments: {'ament_cmake_args': None, 'build_base': '/home/mikks/ros2_px4_ws/build/example_mode_fw_attitude_cpp', 'catkin_cmake_args': None, 'catkin_skip_building_tests': False, 'cmake_args': None, 'cmake_clean_cache': False, 'cmake_clean_first': False, 'cmake_force_configure': False, 'cmake_target': None, 'cmake_target_skip_unavailable': False, 'install_base': '/home/mikks/ros2_px4_ws/install/example_mode_fw_attitude_cpp', 'merge_install': False, 'path': '/home/mikks/ros2_px4_ws/src/px4-ros2-interface-lib/examples/cpp/modes/fw_attitude', 'symlink_install': True, 'test_result_base': None}
[0.331s] Level 5:colcon.colcon_core.verb:set package 'example_mode_goto_cpp' build argument 'cmake_args' from command line to 'None'
[0.331s] Level 5:colcon.colcon_core.verb:set package 'example_mode_goto_cpp' build argument 'cmake_target' from command line to 'None'
[0.331s] Level 5:colcon.colcon_core.verb:set package 'example_mode_goto_cpp' build argument 'cmake_target_skip_unavailable' from command line to 'False'
[0.331s] Level 5:colcon.colcon_core.verb:set package 'example_mode_goto_cpp' build argument 'cmake_clean_cache' from command line to 'False'
[0.331s] Level 5:colcon.colcon_core.verb:set package 'example_mode_goto_cpp' build argument 'cmake_clean_first' from command line to 'False'
[0.331s] Level 5:colcon.colcon_core.verb:set package 'example_mode_goto_cpp' build argument 'cmake_force_configure' from command line to 'False'
[0.331s] Level 5:colcon.colcon_core.verb:set package 'example_mode_goto_cpp' build argument 'ament_cmake_args' from command line to 'None'
[0.331s] Level 5:colcon.colcon_core.verb:set package 'example_mode_goto_cpp' build argument 'catkin_cmake_args' from command line to 'None'
[0.331s] Level 5:colcon.colcon_core.verb:set package 'example_mode_goto_cpp' build argument 'catkin_skip_building_tests' from command line to 'False'
[0.331s] DEBUG:colcon.colcon_core.verb:Building package 'example_mode_goto_cpp' with the following arguments: {'ament_cmake_args': None, 'build_base': '/home/mikks/ros2_px4_ws/build/example_mode_goto_cpp', 'catkin_cmake_args': None, 'catkin_skip_building_tests': False, 'cmake_args': None, 'cmake_clean_cache': False, 'cmake_clean_first': False, 'cmake_force_configure': False, 'cmake_target': None, 'cmake_target_skip_unavailable': False, 'install_base': '/home/mikks/ros2_px4_ws/install/example_mode_goto_cpp', 'merge_install': False, 'path': '/home/mikks/ros2_px4_ws/src/px4-ros2-interface-lib/examples/cpp/modes/goto', 'symlink_install': True, 'test_result_base': None}
[0.331s] Level 5:colcon.colcon_core.verb:set package 'example_mode_goto_global_cpp' build argument 'cmake_args' from command line to 'None'
[0.331s] Level 5:colcon.colcon_core.verb:set package 'example_mode_goto_global_cpp' build argument 'cmake_target' from command line to 'None'
[0.331s] Level 5:colcon.colcon_core.verb:set package 'example_mode_goto_global_cpp' build argument 'cmake_target_skip_unavailable' from command line to 'False'
[0.331s] Level 5:colcon.colcon_core.verb:set package 'example_mode_goto_global_cpp' build argument 'cmake_clean_cache' from command line to 'False'
[0.331s] Level 5:colcon.colcon_core.verb:set package 'example_mode_goto_global_cpp' build argument 'cmake_clean_first' from command line to 'False'
[0.331s] Level 5:colcon.colcon_core.verb:set package 'example_mode_goto_global_cpp' build argument 'cmake_force_configure' from command line to 'False'
[0.331s] Level 5:colcon.colcon_core.verb:set package 'example_mode_goto_global_cpp' build argument 'ament_cmake_args' from command line to 'None'
[0.331s] Level 5:colcon.colcon_core.verb:set package 'example_mode_goto_global_cpp' build argument 'catkin_cmake_args' from command line to 'None'
[0.331s] Level 5:colcon.colcon_core.verb:set package 'example_mode_goto_global_cpp' build argument 'catkin_skip_building_tests' from command line to 'False'
[0.332s] DEBUG:colcon.colcon_core.verb:Building package 'example_mode_goto_global_cpp' with the following arguments: {'ament_cmake_args': None, 'build_base': '/home/mikks/ros2_px4_ws/build/example_mode_goto_global_cpp', 'catkin_cmake_args': None, 'catkin_skip_building_tests': False, 'cmake_args': None, 'cmake_clean_cache': False, 'cmake_clean_first': False, 'cmake_force_configure': False, 'cmake_target': None, 'cmake_target_skip_unavailable': False, 'install_base': '/home/mikks/ros2_px4_ws/install/example_mode_goto_global_cpp', 'merge_install': False, 'path': '/home/mikks/ros2_px4_ws/src/px4-ros2-interface-lib/examples/cpp/modes/goto_global', 'symlink_install': True, 'test_result_base': None}
[0.332s] Level 5:colcon.colcon_core.verb:set package 'example_mode_manual_cpp' build argument 'cmake_args' from command line to 'None'
[0.332s] Level 5:colcon.colcon_core.verb:set package 'example_mode_manual_cpp' build argument 'cmake_target' from command line to 'None'
[0.332s] Level 5:colcon.colcon_core.verb:set package 'example_mode_manual_cpp' build argument 'cmake_target_skip_unavailable' from command line to 'False'
[0.332s] Level 5:colcon.colcon_core.verb:set package 'example_mode_manual_cpp' build argument 'cmake_clean_cache' from command line to 'False'
[0.332s] Level 5:colcon.colcon_core.verb:set package 'example_mode_manual_cpp' build argument 'cmake_clean_first' from command line to 'False'
[0.332s] Level 5:colcon.colcon_core.verb:set package 'example_mode_manual_cpp' build argument 'cmake_force_configure' from command line to 'False'
[0.332s] Level 5:colcon.colcon_core.verb:set package 'example_mode_manual_cpp' build argument 'ament_cmake_args' from command line to 'None'
[0.332s] Level 5:colcon.colcon_core.verb:set package 'example_mode_manual_cpp' build argument 'catkin_cmake_args' from command line to 'None'
[0.332s] Level 5:colcon.colcon_core.verb:set package 'example_mode_manual_cpp' build argument 'catkin_skip_building_tests' from command line to 'False'
[0.332s] DEBUG:colcon.colcon_core.verb:Building package 'example_mode_manual_cpp' with the following arguments: {'ament_cmake_args': None, 'build_base': '/home/mikks/ros2_px4_ws/build/example_mode_manual_cpp', 'catkin_cmake_args': None, 'catkin_skip_building_tests': False, 'cmake_args': None, 'cmake_clean_cache': False, 'cmake_clean_first': False, 'cmake_force_configure': False, 'cmake_target': None, 'cmake_target_skip_unavailable': False, 'install_base': '/home/mikks/ros2_px4_ws/install/example_mode_manual_cpp', 'merge_install': False, 'path': '/home/mikks/ros2_px4_ws/src/px4-ros2-interface-lib/examples/cpp/modes/manual', 'symlink_install': True, 'test_result_base': None}
[0.332s] Level 5:colcon.colcon_core.verb:set package 'example_mode_mission_cpp' build argument 'cmake_args' from command line to 'None'
[0.332s] Level 5:colcon.colcon_core.verb:set package 'example_mode_mission_cpp' build argument 'cmake_target' from command line to 'None'
[0.332s] Level 5:colcon.colcon_core.verb:set package 'example_mode_mission_cpp' build argument 'cmake_target_skip_unavailable' from command line to 'False'
[0.332s] Level 5:colcon.colcon_core.verb:set package 'example_mode_mission_cpp' build argument 'cmake_clean_cache' from command line to 'False'
[0.332s] Level 5:colcon.colcon_core.verb:set package 'example_mode_mission_cpp' build argument 'cmake_clean_first' from command line to 'False'
[0.332s] Level 5:colcon.colcon_core.verb:set package 'example_mode_mission_cpp' build argument 'cmake_force_configure' from command line to 'False'
[0.332s] Level 5:colcon.colcon_core.verb:set package 'example_mode_mission_cpp' build argument 'ament_cmake_args' from command line to 'None'
[0.332s] Level 5:colcon.colcon_core.verb:set package 'example_mode_mission_cpp' build argument 'catkin_cmake_args' from command line to 'None'
[0.332s] Level 5:colcon.colcon_core.verb:set package 'example_mode_mission_cpp' build argument 'catkin_skip_building_tests' from command line to 'False'
[0.332s] DEBUG:colcon.colcon_core.verb:Building package 'example_mode_mission_cpp' with the following arguments: {'ament_cmake_args': None, 'build_base': '/home/mikks/ros2_px4_ws/build/example_mode_mission_cpp', 'catkin_cmake_args': None, 'catkin_skip_building_tests': False, 'cmake_args': None, 'cmake_clean_cache': False, 'cmake_clean_first': False, 'cmake_force_configure': False, 'cmake_target': None, 'cmake_target_skip_unavailable': False, 'install_base': '/home/mikks/ros2_px4_ws/install/example_mode_mission_cpp', 'merge_install': False, 'path': '/home/mikks/ros2_px4_ws/src/px4-ros2-interface-lib/examples/cpp/modes/mission', 'symlink_install': True, 'test_result_base': None}
[0.333s] Level 5:colcon.colcon_core.verb:set package 'example_mode_rtl_replacement_cpp' build argument 'cmake_args' from command line to 'None'
[0.333s] Level 5:colcon.colcon_core.verb:set package 'example_mode_rtl_replacement_cpp' build argument 'cmake_target' from command line to 'None'
[0.333s] Level 5:colcon.colcon_core.verb:set package 'example_mode_rtl_replacement_cpp' build argument 'cmake_target_skip_unavailable' from command line to 'False'
[0.333s] Level 5:colcon.colcon_core.verb:set package 'example_mode_rtl_replacement_cpp' build argument 'cmake_clean_cache' from command line to 'False'
[0.333s] Level 5:colcon.colcon_core.verb:set package 'example_mode_rtl_replacement_cpp' build argument 'cmake_clean_first' from command line to 'False'
[0.333s] Level 5:colcon.colcon_core.verb:set package 'example_mode_rtl_replacement_cpp' build argument 'cmake_force_configure' from command line to 'False'
[0.333s] Level 5:colcon.colcon_core.verb:set package 'example_mode_rtl_replacement_cpp' build argument 'ament_cmake_args' from command line to 'None'
[0.333s] Level 5:colcon.colcon_core.verb:set package 'example_mode_rtl_replacement_cpp' build argument 'catkin_cmake_args' from command line to 'None'
[0.333s] Level 5:colcon.colcon_core.verb:set package 'example_mode_rtl_replacement_cpp' build argument 'catkin_skip_building_tests' from command line to 'False'
[0.333s] DEBUG:colcon.colcon_core.verb:Building package 'example_mode_rtl_replacement_cpp' with the following arguments: {'ament_cmake_args': None, 'build_base': '/home/mikks/ros2_px4_ws/build/example_mode_rtl_replacement_cpp', 'catkin_cmake_args': None, 'catkin_skip_building_tests': False, 'cmake_args': None, 'cmake_clean_cache': False, 'cmake_clean_first': False, 'cmake_force_configure': False, 'cmake_target': None, 'cmake_target_skip_unavailable': False, 'install_base': '/home/mikks/ros2_px4_ws/install/example_mode_rtl_replacement_cpp', 'merge_install': False, 'path': '/home/mikks/ros2_px4_ws/src/px4-ros2-interface-lib/examples/cpp/modes/rtl_replacement', 'symlink_install': True, 'test_result_base': None}
[0.333s] Level 5:colcon.colcon_core.verb:set package 'example_mode_vtol_cpp' build argument 'cmake_args' from command line to 'None'
[0.333s] Level 5:colcon.colcon_core.verb:set package 'example_mode_vtol_cpp' build argument 'cmake_target' from command line to 'None'
[0.333s] Level 5:colcon.colcon_core.verb:set package 'example_mode_vtol_cpp' build argument 'cmake_target_skip_unavailable' from command line to 'False'
[0.333s] Level 5:colcon.colcon_core.verb:set package 'example_mode_vtol_cpp' build argument 'cmake_clean_cache' from command line to 'False'
[0.333s] Level 5:colcon.colcon_core.verb:set package 'example_mode_vtol_cpp' build argument 'cmake_clean_first' from command line to 'False'
[0.333s] Level 5:colcon.colcon_core.verb:set package 'example_mode_vtol_cpp' build argument 'cmake_force_configure' from command line to 'False'
[0.333s] Level 5:colcon.colcon_core.verb:set package 'example_mode_vtol_cpp' build argument 'ament_cmake_args' from command line to 'None'
[0.333s] Level 5:colcon.colcon_core.verb:set package 'example_mode_vtol_cpp' build argument 'catkin_cmake_args' from command line to 'None'
[0.333s] Level 5:colcon.colcon_core.verb:set package 'example_mode_vtol_cpp' build argument 'catkin_skip_building_tests' from command line to 'False'
[0.333s] DEBUG:colcon.colcon_core.verb:Building package 'example_mode_vtol_cpp' with the following arguments: {'ament_cmake_args': None, 'build_base': '/home/mikks/ros2_px4_ws/build/example_mode_vtol_cpp', 'catkin_cmake_args': None, 'catkin_skip_building_tests': False, 'cmake_args': None, 'cmake_clean_cache': False, 'cmake_clean_first': False, 'cmake_force_configure': False, 'cmake_target': None, 'cmake_target_skip_unavailable': False, 'install_base': '/home/mikks/ros2_px4_ws/install/example_mode_vtol_cpp', 'merge_install': False, 'path': '/home/mikks/ros2_px4_ws/src/px4-ros2-interface-lib/examples/cpp/modes/vtol', 'symlink_install': True, 'test_result_base': None}
[0.333s] Level 5:colcon.colcon_core.verb:set package 'example_mode_with_executor_cpp' build argument 'cmake_args' from command line to 'None'
[0.333s] Level 5:colcon.colcon_core.verb:set package 'example_mode_with_executor_cpp' build argument 'cmake_target' from command line to 'None'
[0.334s] Level 5:colcon.colcon_core.verb:set package 'example_mode_with_executor_cpp' build argument 'cmake_target_skip_unavailable' from command line to 'False'
[0.334s] Level 5:colcon.colcon_core.verb:set package 'example_mode_with_executor_cpp' build argument 'cmake_clean_cache' from command line to 'False'
[0.334s] Level 5:colcon.colcon_core.verb:set package 'example_mode_with_executor_cpp' build argument 'cmake_clean_first' from command line to 'False'
[0.334s] Level 5:colcon.colcon_core.verb:set package 'example_mode_with_executor_cpp' build argument 'cmake_force_configure' from command line to 'False'
[0.334s] Level 5:colcon.colcon_core.verb:set package 'example_mode_with_executor_cpp' build argument 'ament_cmake_args' from command line to 'None'
[0.334s] Level 5:colcon.colcon_core.verb:set package 'example_mode_with_executor_cpp' build argument 'catkin_cmake_args' from command line to 'None'
[0.334s] Level 5:colcon.colcon_core.verb:set package 'example_mode_with_executor_cpp' build argument 'catkin_skip_building_tests' from command line to 'False'
[0.334s] DEBUG:colcon.colcon_core.verb:Building package 'example_mode_with_executor_cpp' with the following arguments: {'ament_cmake_args': None, 'build_base': '/home/mikks/ros2_px4_ws/build/example_mode_with_executor_cpp', 'catkin_cmake_args': None, 'catkin_skip_building_tests': False, 'cmake_args': None, 'cmake_clean_cache': False, 'cmake_clean_first': False, 'cmake_force_configure': False, 'cmake_target': None, 'cmake_target_skip_unavailable': False, 'install_base': '/home/mikks/ros2_px4_ws/install/example_mode_with_executor_cpp', 'merge_install': False, 'path': '/home/mikks/ros2_px4_ws/src/px4-ros2-interface-lib/examples/cpp/modes/mode_with_executor', 'symlink_install': True, 'test_result_base': None}
[0.334s] Level 5:colcon.colcon_core.verb:set package 'example_rover_velocity_mode_cpp' build argument 'cmake_args' from command line to 'None'
[0.334s] Level 5:colcon.colcon_core.verb:set package 'example_rover_velocity_mode_cpp' build argument 'cmake_target' from command line to 'None'
[0.334s] Level 5:colcon.colcon_core.verb:set package 'example_rover_velocity_mode_cpp' build argument 'cmake_target_skip_unavailable' from command line to 'False'
[0.334s] Level 5:colcon.colcon_core.verb:set package 'example_rover_velocity_mode_cpp' build argument 'cmake_clean_cache' from command line to 'False'
[0.334s] Level 5:colcon.colcon_core.verb:set package 'example_rover_velocity_mode_cpp' build argument 'cmake_clean_first' from command line to 'False'
[0.334s] Level 5:colcon.colcon_core.verb:set package 'example_rover_velocity_mode_cpp' build argument 'cmake_force_configure' from command line to 'False'
[0.334s] Level 5:colcon.colcon_core.verb:set package 'example_rover_velocity_mode_cpp' build argument 'ament_cmake_args' from command line to 'None'
[0.334s] Level 5:colcon.colcon_core.verb:set package 'example_rover_velocity_mode_cpp' build argument 'catkin_cmake_args' from command line to 'None'
[0.334s] Level 5:colcon.colcon_core.verb:set package 'example_rover_velocity_mode_cpp' build argument 'catkin_skip_building_tests' from command line to 'False'
[0.334s] DEBUG:colcon.colcon_core.verb:Building package 'example_rover_velocity_mode_cpp' with the following arguments: {'ament_cmake_args': None, 'build_base': '/home/mikks/ros2_px4_ws/build/example_rover_velocity_mode_cpp', 'catkin_cmake_args': None, 'catkin_skip_building_tests': False, 'cmake_args': None, 'cmake_clean_cache': False, 'cmake_clean_first': False, 'cmake_force_configure': False, 'cmake_target': None, 'cmake_target_skip_unavailable': False, 'install_base': '/home/mikks/ros2_px4_ws/install/example_rover_velocity_mode_cpp', 'merge_install': False, 'path': '/home/mikks/ros2_px4_ws/src/px4-ros2-interface-lib/examples/cpp/modes/rover_velocity', 'symlink_install': True, 'test_result_base': None}
[0.334s] Level 5:colcon.colcon_core.verb:set package 'px4_ros2_py' build argument 'cmake_args' from command line to 'None'
[0.334s] Level 5:colcon.colcon_core.verb:set package 'px4_ros2_py' build argument 'cmake_target' from command line to 'None'
[0.335s] Level 5:colcon.colcon_core.verb:set package 'px4_ros2_py' build argument 'cmake_target_skip_unavailable' from command line to 'False'
[0.335s] Level 5:colcon.colcon_core.verb:set package 'px4_ros2_py' build argument 'cmake_clean_cache' from command line to 'False'
[0.335s] Level 5:colcon.colcon_core.verb:set package 'px4_ros2_py' build argument 'cmake_clean_first' from command line to 'False'
[0.335s] Level 5:colcon.colcon_core.verb:set package 'px4_ros2_py' build argument 'cmake_force_configure' from command line to 'False'
[0.335s] Level 5:colcon.colcon_core.verb:set package 'px4_ros2_py' build argument 'ament_cmake_args' from command line to 'None'
[0.335s] Level 5:colcon.colcon_core.verb:set package 'px4_ros2_py' build argument 'catkin_cmake_args' from command line to 'None'
[0.335s] Level 5:colcon.colcon_core.verb:set package 'px4_ros2_py' build argument 'catkin_skip_building_tests' from command line to 'False'
[0.335s] DEBUG:colcon.colcon_core.verb:Building package 'px4_ros2_py' with the following arguments: {'ament_cmake_args': None, 'build_base': '/home/mikks/ros2_px4_ws/build/px4_ros2_py', 'catkin_cmake_args': None, 'catkin_skip_building_tests': False, 'cmake_args': None, 'cmake_clean_cache': False, 'cmake_clean_first': False, 'cmake_force_configure': False, 'cmake_target': None, 'cmake_target_skip_unavailable': False, 'install_base': '/home/mikks/ros2_px4_ws/install/px4_ros2_py', 'merge_install': False, 'path': '/home/mikks/ros2_px4_ws/src/px4-ros2-interface-lib/px4_ros2_py', 'symlink_install': True, 'test_result_base': None}
[0.335s] Level 5:colcon.colcon_core.verb:set package 'example_mode_goto_py' build argument 'cmake_args' from command line to 'None'
[0.335s] Level 5:colcon.colcon_core.verb:set package 'example_mode_goto_py' build argument 'cmake_target' from command line to 'None'
[0.335s] Level 5:colcon.colcon_core.verb:set package 'example_mode_goto_py' build argument 'cmake_target_skip_unavailable' from command line to 'False'
[0.335s] Level 5:colcon.colcon_core.verb:set package 'example_mode_goto_py' build argument 'cmake_clean_cache' from command line to 'False'
[0.335s] Level 5:colcon.colcon_core.verb:set package 'example_mode_goto_py' build argument 'cmake_clean_first' from command line to 'False'
[0.335s] Level 5:colcon.colcon_core.verb:set package 'example_mode_goto_py' build argument 'cmake_force_configure' from command line to 'False'
[0.335s] Level 5:colcon.colcon_core.verb:set package 'example_mode_goto_py' build argument 'ament_cmake_args' from command line to 'None'
[0.335s] Level 5:colcon.colcon_core.verb:set package 'example_mode_goto_py' build argument 'catkin_cmake_args' from command line to 'None'
[0.335s] Level 5:colcon.colcon_core.verb:set package 'example_mode_goto_py' build argument 'catkin_skip_building_tests' from command line to 'False'
[0.335s] DEBUG:colcon.colcon_core.verb:Building package 'example_mode_goto_py' with the following arguments: {'ament_cmake_args': None, 'build_base': '/home/mikks/ros2_px4_ws/build/example_mode_goto_py', 'catkin_cmake_args': None, 'catkin_skip_building_tests': False, 'cmake_args': None, 'cmake_clean_cache': False, 'cmake_clean_first': False, 'cmake_force_configure': False, 'cmake_target': None, 'cmake_target_skip_unavailable': False, 'install_base': '/home/mikks/ros2_px4_ws/install/example_mode_goto_py', 'merge_install': False, 'path': '/home/mikks/ros2_px4_ws/src/px4-ros2-interface-lib/examples/python/modes/goto', 'symlink_install': True, 'test_result_base': None}
[0.335s] Level 5:colcon.colcon_core.verb:set package 'example_mode_with_rclpy_py' build argument 'cmake_args' from command line to 'None'
[0.335s] Level 5:colcon.colcon_core.verb:set package 'example_mode_with_rclpy_py' build argument 'cmake_target' from command line to 'None'
[0.335s] Level 5:colcon.colcon_core.verb:set package 'example_mode_with_rclpy_py' build argument 'cmake_target_skip_unavailable' from command line to 'False'
[0.335s] Level 5:colcon.colcon_core.verb:set package 'example_mode_with_rclpy_py' build argument 'cmake_clean_cache' from command line to 'False'
[0.335s] Level 5:colcon.colcon_core.verb:set package 'example_mode_with_rclpy_py' build argument 'cmake_clean_first' from command line to 'False'
[0.335s] Level 5:colcon.colcon_core.verb:set package 'example_mode_with_rclpy_py' build argument 'cmake_force_configure' from command line to 'False'
[0.335s] Level 5:colcon.colcon_core.verb:set package 'example_mode_with_rclpy_py' build argument 'ament_cmake_args' from command line to 'None'
[0.335s] Level 5:colcon.colcon_core.verb:set package 'example_mode_with_rclpy_py' build argument 'catkin_cmake_args' from command line to 'None'
[0.335s] Level 5:colcon.colcon_core.verb:set package 'example_mode_with_rclpy_py' build argument 'catkin_skip_building_tests' from command line to 'False'
[0.335s] DEBUG:colcon.colcon_core.verb:Building package 'example_mode_with_rclpy_py' with the following arguments: {'ament_cmake_args': None, 'build_base': '/home/mikks/ros2_px4_ws/build/example_mode_with_rclpy_py', 'catkin_cmake_args': None, 'catkin_skip_building_tests': False, 'cmake_args': None, 'cmake_clean_cache': False, 'cmake_clean_first': False, 'cmake_force_configure': False, 'cmake_target': None, 'cmake_target_skip_unavailable': False, 'install_base': '/home/mikks/ros2_px4_ws/install/example_mode_with_rclpy_py', 'merge_install': False, 'path': '/home/mikks/ros2_px4_ws/src/px4-ros2-interface-lib/examples/python/modes/goto_with_rclpy', 'symlink_install': True, 'test_result_base': None}
[0.336s] INFO:colcon.colcon_core.executor:Executing jobs using 'parallel' executor
[0.336s] DEBUG:colcon.colcon_parallel_executor.executor.parallel:run_until_complete
[0.337s] INFO:colcon.colcon_ros.task.ament_cmake.build:Building ROS package in '/home/mikks/ros2_px4_ws/src/px4_msgs' with build type 'ament_cmake'
[0.337s] INFO:colcon.colcon_cmake.task.cmake.build:Building CMake package in '/home/mikks/ros2_px4_ws/src/px4_msgs'
[0.339s] INFO:colcon.colcon_core.plugin_system:Skipping extension 'colcon_core.shell.bat': Not used on non-Windows systems
[0.340s] INFO:colcon.colcon_core.shell:Skip shell extension 'powershell' for command environment: Not usable outside of PowerShell
[0.340s] DEBUG:colcon.colcon_core.shell:Skip shell extension 'dsv' for command environment
[0.350s] DEBUG:colcon.colcon_core.event_handler.log_command:Invoking command in '/home/mikks/ros2_px4_ws/build/px4_msgs': CMAKE_PREFIX_PATH=${CMAKE_PREFIX_PATH}:/home/mikks/ros2_px4_ws/install/x500_hover_controller:/home/mikks/ros2_px4_ws/install/example_mode_with_rclpy_py:/home/mikks/ros2_px4_ws/install/example_mode_goto_py:/home/mikks/ros2_px4_ws/install/px4_actuator_ctrl:/home/mikks/ros2_ws/install/rover_desc_description:/home/mikks/ros2_ws/install/px4_actuator_ctrl:/home/mikks/ros2_ws/install/mine_rover_description:/home/mikks/ros2_ws/install/ZerionURDFV5cp_description:/home/mikks/crazyflie_mapping_demo/ros2_ws/install/velocity_free_consensus:/home/mikks/crazyflie_mapping_demo/ros2_ws/install/stepwise_lowpos:/home/mikks/crazyflie_mapping_demo/ros2_ws/install/step_wise_lowpos:/home/mikks/crazyflie_mapping_demo/ros2_ws/install/second_order_formation_control:/home/mikks/crazyflie_mapping_demo/ros2_ws/install/ros_gz_crazyflie_control:/home/mikks/crazyflie_mapping_demo/ros2_ws/install/mixed_fractional_consensus:/home/mikks/crazyflie_mapping_demo/ros2_ws/install/lowest_pos:/home/mikks/crazyflie_mapping_demo/ros2_ws/install/linear_consensus:/home/mikks/crazyflie_mapping_demo/ros2_ws/install/highest_pos:/home/mikks/crazyflie_mapping_demo/ros2_ws/install/fractional_consensus_alpha:/home/mikks/crazyflie_mapping_demo/ros2_ws/install/event_triggered_swarm:/home/mikks/crazyflie_mapping_demo/ros2_ws/install/drone_logger:/home/mikks/crazyflie_mapping_demo/ros2_ws/install/distributed_average_tracking:/home/mikks/crazyflie_mapping_demo/ros2_ws/install/crazyflie_swarm_logic:/home/mikks/crazyflie_mapping_demo/ros2_ws/install/crazyflie_ros2_multiranger_wall_following:/home/mikks/crazyflie_mapping_demo/ros2_ws/install/crazyflie_ros2_multiranger_simple_mapper:/home/mikks/crazyflie_mapping_demo/ros2_ws/install/crazyflie_py:/home/mikks/crazyflie_mapping_demo/ros2_ws/install/cooperative_target_centric_formation:/home/mikks/crazyflie_mapping_demo/ros2_ws/install/containment_using_agent_information:/home/mikks/crazyflie_mapping_demo/ros2_ws/install/consensus_for_double_integrator:/home/mikks/crazyflie_mapping_demo/ros2_ws/install/consensus_alignment:/home/mikks/crazyflie_mapping_demo/ros2_ws/install/binary_consensus:/home/mikks/crazyflie_mapping_demo/ros2_ws/install/Second_Order_Min_Consensus_for_Heterogeneous_Agents:/home/mikks/crazyflie_mapping_demo/ros2_ws/install/BinaryContainmentChain:/opt/ros/jazzy DEBUGINFOD_URLS=https://debuginfod.ubuntu.com /usr/bin/cmake --build /home/mikks/ros2_px4_ws/build/px4_msgs -- -j12 -l12
[2.118s] DEBUG:colcon.colcon_core.event_handler.log_command:Invoked command in '/home/mikks/ros2_px4_ws/build/px4_msgs' returned '0': CMAKE_PREFIX_PATH=${CMAKE_PREFIX_PATH}:/home/mikks/ros2_px4_ws/install/x500_hover_controller:/home/mikks/ros2_px4_ws/install/example_mode_with_rclpy_py:/home/mikks/ros2_px4_ws/install/example_mode_goto_py:/home/mikks/ros2_px4_ws/install/px4_actuator_ctrl:/home/mikks/ros2_ws/install/rover_desc_description:/home/mikks/ros2_ws/install/px4_actuator_ctrl:/home/mikks/ros2_ws/install/mine_rover_description:/home/mikks/ros2_ws/install/ZerionURDFV5cp_description:/home/mikks/crazyflie_mapping_demo/ros2_ws/install/velocity_free_consensus:/home/mikks/crazyflie_mapping_demo/ros2_ws/install/stepwise_lowpos:/home/mikks/crazyflie_mapping_demo/ros2_ws/install/step_wise_lowpos:/home/mikks/crazyflie_mapping_demo/ros2_ws/install/second_order_formation_control:/home/mikks/crazyflie_mapping_demo/ros2_ws/install/ros_gz_crazyflie_control:/home/mikks/crazyflie_mapping_demo/ros2_ws/install/mixed_fractional_consensus:/home/mikks/crazyflie_mapping_demo/ros2_ws/install/lowest_pos:/home/mikks/crazyflie_mapping_demo/ros2_ws/install/linear_consensus:/home/mikks/crazyflie_mapping_demo/ros2_ws/install/highest_pos:/home/mikks/crazyflie_mapping_demo/ros2_ws/install/fractional_consensus_alpha:/home/mikks/crazyflie_mapping_demo/ros2_ws/install/event_triggered_swarm:/home/mikks/crazyflie_mapping_demo/ros2_ws/install/drone_logger:/home/mikks/crazyflie_mapping_demo/ros2_ws/install/distributed_average_tracking:/home/mikks/crazyflie_mapping_demo/ros2_ws/install/crazyflie_swarm_logic:/home/mikks/crazyflie_mapping_demo/ros2_ws/install/crazyflie_ros2_multiranger_wall_following:/home/mikks/crazyflie_mapping_demo/ros2_ws/install/crazyflie_ros2_multiranger_simple_mapper:/home/mikks/crazyflie_mapping_demo/ros2_ws/install/crazyflie_py:/home/mikks/crazyflie_mapping_demo/ros2_ws/install/cooperative_target_centric_formation:/home/mikks/crazyflie_mapping_demo/ros2_ws/install/containment_using_agent_information:/home/mikks/crazyflie_mapping_demo/ros2_ws/install/consensus_for_double_integrator:/home/mikks/crazyflie_mapping_demo/ros2_ws/install/consensus_alignment:/home/mikks/crazyflie_mapping_demo/ros2_ws/install/binary_consensus:/home/mikks/crazyflie_mapping_demo/ros2_ws/install/Second_Order_Min_Consensus_for_Heterogeneous_Agents:/home/mikks/crazyflie_mapping_demo/ros2_ws/install/BinaryContainmentChain:/opt/ros/jazzy DEBUGINFOD_URLS=https://debuginfod.ubuntu.com /usr/bin/cmake --build /home/mikks/ros2_px4_ws/build/px4_msgs -- -j12 -l12
[2.127s] DEBUG:colcon.colcon_core.event_handler.log_command:Invoking command in '/home/mikks/ros2_px4_ws/build/px4_msgs': CMAKE_PREFIX_PATH=${CMAKE_PREFIX_PATH}:/home/mikks/ros2_px4_ws/install/x500_hover_controller:/home/mikks/ros2_px4_ws/install/example_mode_with_rclpy_py:/home/mikks/ros2_px4_ws/install/example_mode_goto_py:/home/mikks/ros2_px4_ws/install/px4_actuator_ctrl:/home/mikks/ros2_ws/install/rover_desc_description:/home/mikks/ros2_ws/install/px4_actuator_ctrl:/home/mikks/ros2_ws/install/mine_rover_description:/home/mikks/ros2_ws/install/ZerionURDFV5cp_description:/home/mikks/crazyflie_mapping_demo/ros2_ws/install/velocity_free_consensus:/home/mikks/crazyflie_mapping_demo/ros2_ws/install/stepwise_lowpos:/home/mikks/crazyflie_mapping_demo/ros2_ws/install/step_wise_lowpos:/home/mikks/crazyflie_mapping_demo/ros2_ws/install/second_order_formation_control:/home/mikks/crazyflie_mapping_demo/ros2_ws/install/ros_gz_crazyflie_control:/home/mikks/crazyflie_mapping_demo/ros2_ws/install/mixed_fractional_consensus:/home/mikks/crazyflie_mapping_demo/ros2_ws/install/lowest_pos:/home/mikks/crazyflie_mapping_demo/ros2_ws/install/linear_consensus:/home/mikks/crazyflie_mapping_demo/ros2_ws/install/highest_pos:/home/mikks/crazyflie_mapping_demo/ros2_ws/install/fractional_consensus_alpha:/home/mikks/crazyflie_mapping_demo/ros2_ws/install/event_triggered_swarm:/home/mikks/crazyflie_mapping_demo/ros2_ws/install/drone_logger:/home/mikks/crazyflie_mapping_demo/ros2_ws/install/distributed_average_tracking:/home/mikks/crazyflie_mapping_demo/ros2_ws/install/crazyflie_swarm_logic:/home/mikks/crazyflie_mapping_demo/ros2_ws/install/crazyflie_ros2_multiranger_wall_following:/home/mikks/crazyflie_mapping_demo/ros2_ws/install/crazyflie_ros2_multiranger_simple_mapper:/home/mikks/crazyflie_mapping_demo/ros2_ws/install/crazyflie_py:/home/mikks/crazyflie_mapping_demo/ros2_ws/install/cooperative_target_centric_formation:/home/mikks/crazyflie_mapping_demo/ros2_ws/install/containment_using_agent_information:/home/mikks/crazyflie_mapping_demo/ros2_ws/install/consensus_for_double_integrator:/home/mikks/crazyflie_mapping_demo/ros2_ws/install/consensus_alignment:/home/mikks/crazyflie_mapping_demo/ros2_ws/install/binary_consensus:/home/mikks/crazyflie_mapping_demo/ros2_ws/install/Second_Order_Min_Consensus_for_Heterogeneous_Agents:/home/mikks/crazyflie_mapping_demo/ros2_ws/install/BinaryContainmentChain:/opt/ros/jazzy DEBUGINFOD_URLS=https://debuginfod.ubuntu.com /usr/bin/cmake --install /home/mikks/ros2_px4_ws/build/px4_msgs
[2.751s] Level 1:colcon.colcon_core.environment:create_environment_scripts_only(px4_msgs)
[2.751s] DEBUG:colcon.colcon_core.event_handler.log_command:Invoked command in '/home/mikks/ros2_px4_ws/build/px4_msgs' returned '0': CMAKE_PREFIX_PATH=${CMAKE_PREFIX_PATH}:/home/mikks/ros2_px4_ws/install/x500_hover_controller:/home/mikks/ros2_px4_ws/install/example_mode_with_rclpy_py:/home/mikks/ros2_px4_ws/install/example_mode_goto_py:/home/mikks/ros2_px4_ws/install/px4_actuator_ctrl:/home/mikks/ros2_ws/install/rover_desc_description:/home/mikks/ros2_ws/install/px4_actuator_ctrl:/home/mikks/ros2_ws/install/mine_rover_description:/home/mikks/ros2_ws/install/ZerionURDFV5cp_description:/home/mikks/crazyflie_mapping_demo/ros2_ws/install/velocity_free_consensus:/home/mikks/crazyflie_mapping_demo/ros2_ws/install/stepwise_lowpos:/home/mikks/crazyflie_mapping_demo/ros2_ws/install/step_wise_lowpos:/home/mikks/crazyflie_mapping_demo/ros2_ws/install/second_order_formation_control:/home/mikks/crazyflie_mapping_demo/ros2_ws/install/ros_gz_crazyflie_control:/home/mikks/crazyflie_mapping_demo/ros2_ws/install/mixed_fractional_consensus:/home/mikks/crazyflie_mapping_demo/ros2_ws/install/lowest_pos:/home/mikks/crazyflie_mapping_demo/ros2_ws/install/linear_consensus:/home/mikks/crazyflie_mapping_demo/ros2_ws/install/highest_pos:/home/mikks/crazyflie_mapping_demo/ros2_ws/install/fractional_consensus_alpha:/home/mikks/crazyflie_mapping_demo/ros2_ws/install/event_triggered_swarm:/home/mikks/crazyflie_mapping_demo/ros2_ws/install/drone_logger:/home/mikks/crazyflie_mapping_demo/ros2_ws/install/distributed_average_tracking:/home/mikks/crazyflie_mapping_demo/ros2_ws/install/crazyflie_swarm_logic:/home/mikks/crazyflie_mapping_demo/ros2_ws/install/crazyflie_ros2_multiranger_wall_following:/home/mikks/crazyflie_mapping_demo/ros2_ws/install/crazyflie_ros2_multiranger_simple_mapper:/home/mikks/crazyflie_mapping_demo/ros2_ws/install/crazyflie_py:/home/mikks/crazyflie_mapping_demo/ros2_ws/install/cooperative_target_centric_formation:/home/mikks/crazyflie_mapping_demo/ros2_ws/install/containment_using_agent_information:/home/mikks/crazyflie_mapping_demo/ros2_ws/install/consensus_for_double_integrator:/home/mikks/crazyflie_mapping_demo/ros2_ws/install/consensus_alignment:/home/mikks/crazyflie_mapping_demo/ros2_ws/install/binary_consensus:/home/mikks/crazyflie_mapping_demo/ros2_ws/install/Second_Order_Min_Consensus_for_Heterogeneous_Agents:/home/mikks/crazyflie_mapping_demo/ros2_ws/install/BinaryContainmentChain:/opt/ros/jazzy DEBUGINFOD_URLS=https://debuginfod.ubuntu.com /usr/bin/cmake --install /home/mikks/ros2_px4_ws/build/px4_msgs
[2.754s] Level 1:colcon.colcon_core.environment:checking '/home/mikks/ros2_px4_ws/install/px4_msgs' for CMake module files
[2.754s] Level 1:colcon.colcon_core.environment:checking '/home/mikks/ros2_px4_ws/install/px4_msgs' for CMake config files
[2.755s] Level 1:colcon.colcon_core.shell:create_environment_hook('px4_msgs', 'cmake_prefix_path')
[2.755s] INFO:colcon.colcon_core.shell:Creating environment hook '/home/mikks/ros2_px4_ws/install/px4_msgs/share/px4_msgs/hook/cmake_prefix_path.ps1'
[2.755s] INFO:colcon.colcon_core.shell:Creating environment descriptor '/home/mikks/ros2_px4_ws/install/px4_msgs/share/px4_msgs/hook/cmake_prefix_path.dsv'
[2.756s] INFO:colcon.colcon_core.shell:Creating environment hook '/home/mikks/ros2_px4_ws/install/px4_msgs/share/px4_msgs/hook/cmake_prefix_path.sh'
[2.756s] Level 1:colcon.colcon_core.environment:checking '/home/mikks/ros2_px4_ws/install/px4_msgs/lib'
[2.756s] Level 1:colcon.colcon_core.shell:create_environment_hook('px4_msgs', 'ld_library_path_lib')
[2.757s] INFO:colcon.colcon_core.shell:Creating environment hook '/home/mikks/ros2_px4_ws/install/px4_msgs/share/px4_msgs/hook/ld_library_path_lib.ps1'
[2.757s] INFO:colcon.colcon_core.shell:Creating environment descriptor '/home/mikks/ros2_px4_ws/install/px4_msgs/share/px4_msgs/hook/ld_library_path_lib.dsv'
[2.757s] INFO:colcon.colcon_core.shell:Creating environment hook '/home/mikks/ros2_px4_ws/install/px4_msgs/share/px4_msgs/hook/ld_library_path_lib.sh'
[2.758s] Level 1:colcon.colcon_core.environment:checking '/home/mikks/ros2_px4_ws/install/px4_msgs/bin'
[2.758s] Level 1:colcon.colcon_core.environment:checking '/home/mikks/ros2_px4_ws/install/px4_msgs/lib/pkgconfig/px4_msgs.pc'
[2.758s] Level 1:colcon.colcon_core.environment:checking '/home/mikks/ros2_px4_ws/install/px4_msgs/lib/python3.12/site-packages'
[2.758s] Level 1:colcon.colcon_core.shell:create_environment_hook('px4_msgs', 'pythonpath')
[2.758s] INFO:colcon.colcon_core.shell:Creating environment hook '/home/mikks/ros2_px4_ws/install/px4_msgs/share/px4_msgs/hook/pythonpath.ps1'
[2.758s] INFO:colcon.colcon_core.shell:Creating environment descriptor '/home/mikks/ros2_px4_ws/install/px4_msgs/share/px4_msgs/hook/pythonpath.dsv'
[2.759s] INFO:colcon.colcon_core.shell:Creating environment hook '/home/mikks/ros2_px4_ws/install/px4_msgs/share/px4_msgs/hook/pythonpath.sh'
[2.759s] Level 1:colcon.colcon_core.environment:checking '/home/mikks/ros2_px4_ws/install/px4_msgs/bin'
[2.759s] INFO:colcon.colcon_core.shell:Creating package script '/home/mikks/ros2_px4_ws/install/px4_msgs/share/px4_msgs/package.ps1'
[2.760s] INFO:colcon.colcon_core.shell:Creating package descriptor '/home/mikks/ros2_px4_ws/install/px4_msgs/share/px4_msgs/package.dsv'
[2.761s] INFO:colcon.colcon_core.shell:Creating package script '/home/mikks/ros2_px4_ws/install/px4_msgs/share/px4_msgs/package.sh'
[2.761s] INFO:colcon.colcon_core.shell:Creating package script '/home/mikks/ros2_px4_ws/install/px4_msgs/share/px4_msgs/package.bash'
[2.762s] INFO:colcon.colcon_core.shell:Creating package script '/home/mikks/ros2_px4_ws/install/px4_msgs/share/px4_msgs/package.zsh'
[2.762s] Level 1:colcon.colcon_core.environment:create_file_with_runtime_dependencies(/home/mikks/ros2_px4_ws/install/px4_msgs/share/colcon-core/packages/px4_msgs)
[2.763s] Level 1:colcon.colcon_core.environment:create_environment_scripts_only(px4_msgs)
[2.763s] Level 1:colcon.colcon_core.environment:checking '/home/mikks/ros2_px4_ws/install/px4_msgs' for CMake module files
[2.764s] Level 1:colcon.colcon_core.environment:checking '/home/mikks/ros2_px4_ws/install/px4_msgs' for CMake config files
[2.764s] Level 1:colcon.colcon_core.shell:create_environment_hook('px4_msgs', 'cmake_prefix_path')
[2.764s] INFO:colcon.colcon_core.shell:Creating environment hook '/home/mikks/ros2_px4_ws/install/px4_msgs/share/px4_msgs/hook/cmake_prefix_path.ps1'
[2.764s] INFO:colcon.colcon_core.shell:Creating environment descriptor '/home/mikks/ros2_px4_ws/install/px4_msgs/share/px4_msgs/hook/cmake_prefix_path.dsv'
[2.765s] INFO:colcon.colcon_core.shell:Creating environment hook '/home/mikks/ros2_px4_ws/install/px4_msgs/share/px4_msgs/hook/cmake_prefix_path.sh'
[2.765s] Level 1:colcon.colcon_core.environment:checking '/home/mikks/ros2_px4_ws/install/px4_msgs/lib'
[2.765s] Level 1:colcon.colcon_core.shell:create_environment_hook('px4_msgs', 'ld_library_path_lib')
[2.765s] INFO:colcon.colcon_core.shell:Creating environment hook '/home/mikks/ros2_px4_ws/install/px4_msgs/share/px4_msgs/hook/ld_library_path_lib.ps1'
[2.766s] INFO:colcon.colcon_core.shell:Creating environment descriptor '/home/mikks/ros2_px4_ws/install/px4_msgs/share/px4_msgs/hook/ld_library_path_lib.dsv'
[2.766s] INFO:colcon.colcon_core.shell:Creating environment hook '/home/mikks/ros2_px4_ws/install/px4_msgs/share/px4_msgs/hook/ld_library_path_lib.sh'
[2.766s] Level 1:colcon.colcon_core.environment:checking '/home/mikks/ros2_px4_ws/install/px4_msgs/bin'
[2.766s] Level 1:colcon.colcon_core.environment:checking '/home/mikks/ros2_px4_ws/install/px4_msgs/lib/pkgconfig/px4_msgs.pc'
[2.767s] Level 1:colcon.colcon_core.environment:checking '/home/mikks/ros2_px4_ws/install/px4_msgs/lib/python3.12/site-packages'
[2.767s] Level 1:colcon.colcon_core.shell:create_environment_hook('px4_msgs', 'pythonpath')
[2.767s] INFO:colcon.colcon_core.shell:Creating environment hook '/home/mikks/ros2_px4_ws/install/px4_msgs/share/px4_msgs/hook/pythonpath.ps1'
[2.767s] INFO:colcon.colcon_core.shell:Creating environment descriptor '/home/mikks/ros2_px4_ws/install/px4_msgs/share/px4_msgs/hook/pythonpath.dsv'
[2.767s] INFO:colcon.colcon_core.shell:Creating environment hook '/home/mikks/ros2_px4_ws/install/px4_msgs/share/px4_msgs/hook/pythonpath.sh'
[2.768s] Level 1:colcon.colcon_core.environment:checking '/home/mikks/ros2_px4_ws/install/px4_msgs/bin'
[2.768s] INFO:colcon.colcon_core.shell:Creating package script '/home/mikks/ros2_px4_ws/install/px4_msgs/share/px4_msgs/package.ps1'
[2.769s] INFO:colcon.colcon_core.shell:Creating package descriptor '/home/mikks/ros2_px4_ws/install/px4_msgs/share/px4_msgs/package.dsv'
[2.769s] INFO:colcon.colcon_core.shell:Creating package script '/home/mikks/ros2_px4_ws/install/px4_msgs/share/px4_msgs/package.sh'
[2.769s] INFO:colcon.colcon_core.shell:Creating package script '/home/mikks/ros2_px4_ws/install/px4_msgs/share/px4_msgs/package.bash'
[2.770s] INFO:colcon.colcon_core.shell:Creating package script '/home/mikks/ros2_px4_ws/install/px4_msgs/share/px4_msgs/package.zsh'
[2.770s] Level 1:colcon.colcon_core.environment:create_file_with_runtime_dependencies(/home/mikks/ros2_px4_ws/install/px4_msgs/share/colcon-core/packages/px4_msgs)
[2.770s] INFO:colcon.colcon_ros.task.ament_cmake.build:Building ROS package in '/home/mikks/ros2_px4_ws/src/px4-ros2-interface-lib/px4_ros2_cpp' with build type 'ament_cmake'
[2.771s] INFO:colcon.colcon_cmake.task.cmake.build:Building CMake package in '/home/mikks/ros2_px4_ws/src/px4-ros2-interface-lib/px4_ros2_cpp'
[2.771s] INFO:colcon.colcon_core.shell:Skip shell extension 'powershell' for command environment: Not usable outside of PowerShell
[2.771s] DEBUG:colcon.colcon_core.shell:Skip shell extension 'dsv' for command environment
[2.779s] INFO:colcon.colcon_ros.task.ament_python.build:Building ROS package in '/home/mikks/ros2_px4_ws/src/px4_actuator_ctrl' with build type 'ament_python'
[2.779s] Level 1:colcon.colcon_core.shell:create_environment_hook('px4_actuator_ctrl', 'ament_prefix_path')
[2.780s] INFO:colcon.colcon_core.shell:Creating environment hook '/home/mikks/ros2_px4_ws/install/px4_actuator_ctrl/share/px4_actuator_ctrl/hook/ament_prefix_path.ps1'
[2.780s] INFO:colcon.colcon_core.shell:Creating environment descriptor '/home/mikks/ros2_px4_ws/install/px4_actuator_ctrl/share/px4_actuator_ctrl/hook/ament_prefix_path.dsv'
[2.780s] INFO:colcon.colcon_core.shell:Creating environment hook '/home/mikks/ros2_px4_ws/install/px4_actuator_ctrl/share/px4_actuator_ctrl/hook/ament_prefix_path.sh'
[2.781s] INFO:colcon.colcon_core.shell:Skip shell extension 'powershell' for command environment: Not usable outside of PowerShell
[2.781s] DEBUG:colcon.colcon_core.shell:Skip shell extension 'dsv' for command environment
[2.787s] INFO:colcon.colcon_ros.task.ament_cmake.build:Building ROS package in '/home/mikks/ros2_px4_ws/src/px4_ros_com' with build type 'ament_cmake'
[2.787s] INFO:colcon.colcon_cmake.task.cmake.build:Building CMake package in '/home/mikks/ros2_px4_ws/src/px4_ros_com'
[2.788s] INFO:colcon.colcon_core.shell:Skip shell extension 'powershell' for command environment: Not usable outside of PowerShell
[2.788s] DEBUG:colcon.colcon_core.shell:Skip shell extension 'dsv' for command environment
[2.794s] INFO:colcon.colcon_ros.task.ament_python.build:Building ROS package in '/home/mikks/ros2_px4_ws/src/x500_hover_controller' with build type 'ament_python'
[2.795s] Level 1:colcon.colcon_core.shell:create_environment_hook('x500_hover_controller', 'ament_prefix_path')
[2.795s] INFO:colcon.colcon_core.shell:Creating environment hook '/home/mikks/ros2_px4_ws/install/x500_hover_controller/share/x500_hover_controller/hook/ament_prefix_path.ps1'
[2.795s] INFO:colcon.colcon_core.shell:Creating environment descriptor '/home/mikks/ros2_px4_ws/install/x500_hover_controller/share/x500_hover_controller/hook/ament_prefix_path.dsv'
[2.796s] INFO:colcon.colcon_core.shell:Creating environment hook '/home/mikks/ros2_px4_ws/install/x500_hover_controller/share/x500_hover_controller/hook/ament_prefix_path.sh'
[2.796s] INFO:colcon.colcon_core.shell:Skip shell extension 'powershell' for command environment: Not usable outside of PowerShell
[2.796s] DEBUG:colcon.colcon_core.shell:Skip shell extension 'dsv' for command environment
[2.805s] DEBUG:colcon.colcon_core.event_handler.log_command:Invoking command in '/home/mikks/ros2_px4_ws/build/px4_ros2_cpp': CMAKE_PREFIX_PATH=/home/mikks/ros2_px4_ws/install/px4_msgs:/home/mikks/ros2_px4_ws/install/px4_ros_com:/home/mikks/ros2_px4_ws/install/px4_ros2_py:/home/mikks/ros2_px4_ws/install/example_rover_velocity_mode_cpp:/home/mikks/ros2_px4_ws/install/example_mode_with_executor_cpp:/home/mikks/ros2_px4_ws/install/example_mode_vtol_cpp:/home/mikks/ros2_px4_ws/install/example_mode_rtl_replacement_cpp:/home/mikks/ros2_px4_ws/install/example_mode_mission_cpp:/home/mikks/ros2_px4_ws/install/example_mode_manual_cpp:/home/mikks/ros2_px4_ws/install/example_mode_goto_global_cpp:/home/mikks/ros2_px4_ws/install/example_mode_goto_cpp:/home/mikks/ros2_px4_ws/install/example_mode_fw_attitude_cpp:/home/mikks/ros2_px4_ws/install/example_local_navigation_cpp:/home/mikks/ros2_px4_ws/install/example_global_navigation_cpp:/home/mikks/ros2_px4_ws/install/example_executor_with_multiple_modes_cpp:/home/mikks/ros2_px4_ws/install/px4_ros2_cpp:/home/mikks/crazyflie_mapping_demo/ros2_ws/install/crazyflie_ros2_multiranger_bringup:/home/mikks/crazyflie_mapping_demo/ros2_ws/install/ros_gz_crazyflie_bringup:/home/mikks/crazyflie_mapping_demo/ros2_ws/install/ros_gz_crazyflie_gazebo:/home/mikks/crazyflie_mapping_demo/ros2_ws/install/crazyflie_sim:/home/mikks/crazyflie_mapping_demo/ros2_ws/install/crazyflie_examples:/home/mikks/crazyflie_mapping_demo/ros2_ws/install/crazyflie:/home/mikks/crazyflie_mapping_demo/ros2_ws/install/crazyflie_interfaces:/opt/ros/jazzy/opt/gz_sim_vendor:/opt/ros/jazzy/opt/gz_sensors_vendor:/opt/ros/jazzy/opt/gz_physics_vendor:/opt/ros/jazzy/opt/sdformat_vendor:/opt/ros/jazzy/opt/gz_gui_vendor:/opt/ros/jazzy/opt/gz_transport_vendor:/opt/ros/jazzy/opt/gz_rendering_vendor:/opt/ros/jazzy/opt/gz_plugin_vendor:/opt/ros/jazzy/opt/gz_fuel_tools_vendor:/opt/ros/jazzy/opt/gz_msgs_vendor:/opt/ros/jazzy/opt/gz_common_vendor:/opt/ros/jazzy/opt/gz_math_vendor:/opt/ros/jazzy/opt/gz_utils_vendor:/opt/ros/jazzy/opt/gz_tools_vendor:/opt/ros/jazzy/opt/gz_ogre_next_vendor:/opt/ros/jazzy/opt/gz_dartsim_vendor:/opt/ros/jazzy/opt/gz_cmake_vendor:/home/mikks/ros2_px4_ws/install/x500_hover_controller:/home/mikks/ros2_px4_ws/install/example_mode_with_rclpy_py:/home/mikks/ros2_px4_ws/install/example_mode_goto_py:/home/mikks/ros2_px4_ws/install/px4_actuator_ctrl:/home/mikks/ros2_ws/install/rover_desc_description:/home/mikks/ros2_ws/install/px4_actuator_ctrl:/home/mikks/ros2_ws/install/mine_rover_description:/home/mikks/ros2_ws/install/ZerionURDFV5cp_description:/home/mikks/crazyflie_mapping_demo/ros2_ws/install/velocity_free_consensus:/home/mikks/crazyflie_mapping_demo/ros2_ws/install/stepwise_lowpos:/home/mikks/crazyflie_mapping_demo/ros2_ws/install/step_wise_lowpos:/home/mikks/crazyflie_mapping_demo/ros2_ws/install/second_order_formation_control:/home/mikks/crazyflie_mapping_demo/ros2_ws/install/ros_gz_crazyflie_control:/home/mikks/crazyflie_mapping_demo/ros2_ws/install/mixed_fractional_consensus:/home/mikks/crazyflie_mapping_demo/ros2_ws/install/lowest_pos:/home/mikks/crazyflie_mapping_demo/ros2_ws/install/linear_consensus:/home/mikks/crazyflie_mapping_demo/ros2_ws/install/highest_pos:/home/mikks/crazyflie_mapping_demo/ros2_ws/install/fractional_consensus_alpha:/home/mikks/crazyflie_mapping_demo/ros2_ws/install/event_triggered_swarm:/home/mikks/crazyflie_mapping_demo/ros2_ws/install/drone_logger:/home/mikks/crazyflie_mapping_demo/ros2_ws/install/distributed_average_tracking:/home/mikks/crazyflie_mapping_demo/ros2_ws/install/crazyflie_swarm_logic:/home/mikks/crazyflie_mapping_demo/ros2_ws/install/crazyflie_ros2_multiranger_wall_following:/home/mikks/crazyflie_mapping_demo/ros2_ws/install/crazyflie_ros2_multiranger_simple_mapper:/home/mikks/crazyflie_mapping_demo/ros2_ws/install/crazyflie_py:/home/mikks/crazyflie_mapping_demo/ros2_ws/install/cooperative_target_centric_formation:/home/mikks/crazyflie_mapping_demo/ros2_ws/install/containment_using_agent_information:/home/mikks/crazyflie_mapping_demo/ros2_ws/install/consensus_for_double_integrator:/home/mikks/crazyflie_mapping_demo/ros2_ws/install/consensus_alignment:/home/mikks/crazyflie_mapping_demo/ros2_ws/install/binary_consensus:/home/mikks/crazyflie_mapping_demo/ros2_ws/install/Second_Order_Min_Consensus_for_Heterogeneous_Agents:/home/mikks/crazyflie_mapping_demo/ros2_ws/install/BinaryContainmentChain:/opt/ros/jazzy DEBUGINFOD_URLS=https://debuginfod.ubuntu.com LD_LIBRARY_PATH=/home/mikks/ros2_px4_ws/install/px4_msgs/lib:/home/mikks/ros2_px4_ws/install/px4_ros_com/lib:/home/mikks/ros2_px4_ws/install/px4_ros2_cpp/lib:/home/mikks/NatNet_SDK_4.3_ubuntu/lib:/home/mikks/crazyflie_mapping_demo/ros2_ws/install/crazyflie_interfaces/lib:/opt/ros/jazzy/opt/gz_sim_vendor/lib:/opt/ros/jazzy/opt/gz_sensors_vendor/lib:/opt/ros/jazzy/opt/gz_physics_vendor/lib:/opt/ros/jazzy/opt/sdformat_vendor/lib:/opt/ros/jazzy/opt/rviz_ogre_vendor/lib:/opt/ros/jazzy/lib/x86_64-linux-gnu:/opt/ros/jazzy/opt/gz_gui_vendor/lib:/opt/ros/jazzy/opt/gz_transport_vendor/lib:/opt/ros/jazzy/opt/gz_rendering_vendor/lib:/opt/ros/jazzy/opt/gz_plugin_vendor/lib:/opt/ros/jazzy/opt/gz_fuel_tools_vendor/lib:/opt/ros/jazzy/opt/gz_msgs_vendor/lib:/opt/ros/jazzy/opt/gz_common_vendor/lib:/opt/ros/jazzy/opt/gz_math_vendor/lib:/opt/ros/jazzy/opt/gz_utils_vendor/lib:/opt/ros/jazzy/opt/gz_tools_vendor/lib:/opt/ros/jazzy/opt/gz_ogre_next_vendor/lib:/opt/ros/jazzy/opt/gz_dartsim_vendor/lib:/opt/ros/jazzy/opt/gz_cmake_vendor/lib:/opt/ros/jazzy/lib PYTHONPATH=/home/mikks/ros2_px4_ws/install/px4_msgs/lib/python3.12/site-packages:/home/mikks/ros2_px4_ws/build/x500_hover_controller:/home/mikks/ros2_px4_ws/install/x500_hover_controller/lib/python3.12/site-packages:/home/mikks/ros2_px4_ws/install/px4_ros_com/lib/python3.12/site-packages:/home/mikks/ros2_px4_ws/build/example_mode_with_rclpy_py:/home/mikks/ros2_px4_ws/install/example_mode_with_rclpy_py/lib/python3.12/site-packages:/home/mikks/ros2_px4_ws/build/example_mode_goto_py:/home/mikks/ros2_px4_ws/install/example_mode_goto_py/lib/python3.12/site-packages:/home/mikks/ros2_px4_ws/install/px4_ros2_py/lib/python3.12/site-packages:/home/mikks/ros2_px4_ws/build/px4_actuator_ctrl:/home/mikks/ros2_px4_ws/install/px4_actuator_ctrl/lib/python3.12/site-packages:/home/mikks/ros2_ws/build/rover_desc_description:/home/mikks/ros2_ws/install/rover_desc_description/lib/python3.12/site-packages:/home/mikks/ros2_ws/install/px4_actuator_ctrl/lib/python3.12/site-packages:/home/mikks/ros2_ws/build/mine_rover_description:/home/mikks/ros2_ws/install/mine_rover_description/lib/python3.12/site-packages:/home/mikks/ros2_ws/build/ZerionURDFV5cp_description:/home/mikks/ros2_ws/install/ZerionURDFV5cp_description/lib/python3.12/site-packages:/home/mikks/crazyflie_mapping_demo/ros2_ws/install/velocity_free_consensus/lib/python3.12/site-packages:/home/mikks/crazyflie_mapping_demo/ros2_ws/install/stepwise_lowpos/lib/python3.12/site-packages:/home/mikks/crazyflie_mapping_demo/ros2_ws/install/step_wise_lowpos/lib/python3.12/site-packages:/home/mikks/crazyflie_mapping_demo/ros2_ws/install/second_order_formation_control/lib/python3.12/site-packages:/home/mikks/crazyflie_mapping_demo/ros2_ws/install/ros_gz_crazyflie_control/lib/python3.12/site-packages:/home/mikks/crazyflie_mapping_demo/ros2_ws/install/mixed_fractional_consensus/lib/python3.12/site-packages:/home/mikks/crazyflie_mapping_demo/ros2_ws/install/lowest_pos/lib/python3.12/site-packages:/home/mikks/crazyflie_mapping_demo/ros2_ws/install/linear_consensus/lib/python3.12/site-packages:/home/mikks/crazyflie_mapping_demo/ros2_ws/install/highest_pos/lib/python3.12/site-packages:/home/mikks/crazyflie_mapping_demo/ros2_ws/install/fractional_consensus_alpha/lib/python3.12/site-packages:/home/mikks/crazyflie_mapping_demo/ros2_ws/install/event_triggered_swarm/lib/python3.12/site-packages:/home/mikks/crazyflie_mapping_demo/ros2_ws/install/drone_logger/lib/python3.12/site-packages:/home/mikks/crazyflie_mapping_demo/ros2_ws/install/distributed_average_tracking/lib/python3.12/site-packages:/home/mikks/crazyflie_mapping_demo/ros2_ws/install/crazyflie_swarm_logic/lib/python3.12/site-packages:/home/mikks/crazyflie_mapping_demo/ros2_ws/install/crazyflie_sim/lib/python3.12/site-packages:/home/mikks/crazyflie_mapping_demo/ros2_ws/install/crazyflie_ros2_multiranger_wall_following/lib/python3.12/site-packages:/home/mikks/crazyflie_mapping_demo/ros2_ws/install/crazyflie_ros2_multiranger_simple_mapper/lib/python3.12/site-packages:/home/mikks/crazyflie_mapping_demo/ros2_ws/install/crazyflie_examples/lib/python3.12/site-packages:/home/mikks/crazyflie_mapping_demo/ros2_ws/install/crazyflie_py/lib/python3.12/site-packages:/home/mikks/crazyflie_mapping_demo/ros2_ws/install/crazyflie_interfaces/lib/python3.12/site-packages:/home/mikks/crazyflie_mapping_demo/ros2_ws/install/cooperative_target_centric_formation/lib/python3.12/site-packages:/home/mikks/crazyflie_mapping_demo/ros2_ws/install/containment_using_agent_information/lib/python3.12/site-packages:/home/mikks/crazyflie_mapping_demo/ros2_ws/install/consensus_for_double_integrator/lib/python3.12/site-packages:/home/mikks/crazyflie_mapping_demo/ros2_ws/install/consensus_alignment/lib/python3.12/site-packages:/home/mikks/crazyflie_mapping_demo/ros2_ws/install/binary_consensus/lib/python3.12/site-packages:/home/mikks/crazyflie_mapping_demo/ros2_ws/install/Second_Order_Min_Consensus_for_Heterogeneous_Agents/lib/python3.12/site-packages:/home/mikks/crazyflie_mapping_demo/ros2_ws/install/BinaryContainmentChain/lib/python3.12/site-packages:/opt/ros/jazzy/lib/python3.12/site-packages /usr/bin/cmake --build /home/mikks/ros2_px4_ws/build/px4_ros2_cpp -- -j12 -l12
[3.070s] INFO:colcon.colcon_core.task.python.build:Building Python package in '/home/mikks/ros2_px4_ws/src/px4_actuator_ctrl'
[3.070s] INFO:colcon.colcon_core.shell:Skip shell extension 'powershell' for command environment: Not usable outside of PowerShell
[3.070s] DEBUG:colcon.colcon_core.shell:Skip shell extension 'dsv' for command environment
[3.079s] DEBUG:colcon.colcon_core.event_handler.log_command:Invoking command in '/home/mikks/ros2_px4_ws/build/px4_ros_com': CMAKE_PREFIX_PATH=/home/mikks/ros2_px4_ws/install/px4_msgs:/home/mikks/ros2_px4_ws/install/px4_ros_com:/home/mikks/ros2_px4_ws/install/px4_ros2_py:/home/mikks/ros2_px4_ws/install/example_rover_velocity_mode_cpp:/home/mikks/ros2_px4_ws/install/example_mode_with_executor_cpp:/home/mikks/ros2_px4_ws/install/example_mode_vtol_cpp:/home/mikks/ros2_px4_ws/install/example_mode_rtl_replacement_cpp:/home/mikks/ros2_px4_ws/install/example_mode_mission_cpp:/home/mikks/ros2_px4_ws/install/example_mode_manual_cpp:/home/mikks/ros2_px4_ws/install/example_mode_goto_global_cpp:/home/mikks/ros2_px4_ws/install/example_mode_goto_cpp:/home/mikks/ros2_px4_ws/install/example_mode_fw_attitude_cpp:/home/mikks/ros2_px4_ws/install/example_local_navigation_cpp:/home/mikks/ros2_px4_ws/install/example_global_navigation_cpp:/home/mikks/ros2_px4_ws/install/example_executor_with_multiple_modes_cpp:/home/mikks/ros2_px4_ws/install/px4_ros2_cpp:/home/mikks/crazyflie_mapping_demo/ros2_ws/install/crazyflie_ros2_multiranger_bringup:/home/mikks/crazyflie_mapping_demo/ros2_ws/install/ros_gz_crazyflie_bringup:/home/mikks/crazyflie_mapping_demo/ros2_ws/install/ros_gz_crazyflie_gazebo:/home/mikks/crazyflie_mapping_demo/ros2_ws/install/crazyflie_sim:/home/mikks/crazyflie_mapping_demo/ros2_ws/install/crazyflie_examples:/home/mikks/crazyflie_mapping_demo/ros2_ws/install/crazyflie:/home/mikks/crazyflie_mapping_demo/ros2_ws/install/crazyflie_interfaces:/opt/ros/jazzy/opt/gz_sim_vendor:/opt/ros/jazzy/opt/gz_sensors_vendor:/opt/ros/jazzy/opt/gz_physics_vendor:/opt/ros/jazzy/opt/sdformat_vendor:/opt/ros/jazzy/opt/gz_gui_vendor:/opt/ros/jazzy/opt/gz_transport_vendor:/opt/ros/jazzy/opt/gz_rendering_vendor:/opt/ros/jazzy/opt/gz_plugin_vendor:/opt/ros/jazzy/opt/gz_fuel_tools_vendor:/opt/ros/jazzy/opt/gz_msgs_vendor:/opt/ros/jazzy/opt/gz_common_vendor:/opt/ros/jazzy/opt/gz_math_vendor:/opt/ros/jazzy/opt/gz_utils_vendor:/opt/ros/jazzy/opt/gz_tools_vendor:/opt/ros/jazzy/opt/gz_ogre_next_vendor:/opt/ros/jazzy/opt/gz_dartsim_vendor:/opt/ros/jazzy/opt/gz_cmake_vendor:/home/mikks/ros2_px4_ws/install/x500_hover_controller:/home/mikks/ros2_px4_ws/install/example_mode_with_rclpy_py:/home/mikks/ros2_px4_ws/install/example_mode_goto_py:/home/mikks/ros2_px4_ws/install/px4_actuator_ctrl:/home/mikks/ros2_ws/install/rover_desc_description:/home/mikks/ros2_ws/install/px4_actuator_ctrl:/home/mikks/ros2_ws/install/mine_rover_description:/home/mikks/ros2_ws/install/ZerionURDFV5cp_description:/home/mikks/crazyflie_mapping_demo/ros2_ws/install/velocity_free_consensus:/home/mikks/crazyflie_mapping_demo/ros2_ws/install/stepwise_lowpos:/home/mikks/crazyflie_mapping_demo/ros2_ws/install/step_wise_lowpos:/home/mikks/crazyflie_mapping_demo/ros2_ws/install/second_order_formation_control:/home/mikks/crazyflie_mapping_demo/ros2_ws/install/ros_gz_crazyflie_control:/home/mikks/crazyflie_mapping_demo/ros2_ws/install/mixed_fractional_consensus:/home/mikks/crazyflie_mapping_demo/ros2_ws/install/lowest_pos:/home/mikks/crazyflie_mapping_demo/ros2_ws/install/linear_consensus:/home/mikks/crazyflie_mapping_demo/ros2_ws/install/highest_pos:/home/mikks/crazyflie_mapping_demo/ros2_ws/install/fractional_consensus_alpha:/home/mikks/crazyflie_mapping_demo/ros2_ws/install/event_triggered_swarm:/home/mikks/crazyflie_mapping_demo/ros2_ws/install/drone_logger:/home/mikks/crazyflie_mapping_demo/ros2_ws/install/distributed_average_tracking:/home/mikks/crazyflie_mapping_demo/ros2_ws/install/crazyflie_swarm_logic:/home/mikks/crazyflie_mapping_demo/ros2_ws/install/crazyflie_ros2_multiranger_wall_following:/home/mikks/crazyflie_mapping_demo/ros2_ws/install/crazyflie_ros2_multiranger_simple_mapper:/home/mikks/crazyflie_mapping_demo/ros2_ws/install/crazyflie_py:/home/mikks/crazyflie_mapping_demo/ros2_ws/install/cooperative_target_centric_formation:/home/mikks/crazyflie_mapping_demo/ros2_ws/install/containment_using_agent_information:/home/mikks/crazyflie_mapping_demo/ros2_ws/install/consensus_for_double_integrator:/home/mikks/crazyflie_mapping_demo/ros2_ws/install/consensus_alignment:/home/mikks/crazyflie_mapping_demo/ros2_ws/install/binary_consensus:/home/mikks/crazyflie_mapping_demo/ros2_ws/install/Second_Order_Min_Consensus_for_Heterogeneous_Agents:/home/mikks/crazyflie_mapping_demo/ros2_ws/install/BinaryContainmentChain:/opt/ros/jazzy DEBUGINFOD_URLS=https://debuginfod.ubuntu.com LD_LIBRARY_PATH=/home/mikks/ros2_px4_ws/install/px4_msgs/lib:/home/mikks/ros2_px4_ws/install/px4_ros_com/lib:/home/mikks/ros2_px4_ws/install/px4_ros2_cpp/lib:/home/mikks/NatNet_SDK_4.3_ubuntu/lib:/home/mikks/crazyflie_mapping_demo/ros2_ws/install/crazyflie_interfaces/lib:/opt/ros/jazzy/opt/gz_sim_vendor/lib:/opt/ros/jazzy/opt/gz_sensors_vendor/lib:/opt/ros/jazzy/opt/gz_physics_vendor/lib:/opt/ros/jazzy/opt/sdformat_vendor/lib:/opt/ros/jazzy/opt/rviz_ogre_vendor/lib:/opt/ros/jazzy/lib/x86_64-linux-gnu:/opt/ros/jazzy/opt/gz_gui_vendor/lib:/opt/ros/jazzy/opt/gz_transport_vendor/lib:/opt/ros/jazzy/opt/gz_rendering_vendor/lib:/opt/ros/jazzy/opt/gz_plugin_vendor/lib:/opt/ros/jazzy/opt/gz_fuel_tools_vendor/lib:/opt/ros/jazzy/opt/gz_msgs_vendor/lib:/opt/ros/jazzy/opt/gz_common_vendor/lib:/opt/ros/jazzy/opt/gz_math_vendor/lib:/opt/ros/jazzy/opt/gz_utils_vendor/lib:/opt/ros/jazzy/opt/gz_tools_vendor/lib:/opt/ros/jazzy/opt/gz_ogre_next_vendor/lib:/opt/ros/jazzy/opt/gz_dartsim_vendor/lib:/opt/ros/jazzy/opt/gz_cmake_vendor/lib:/opt/ros/jazzy/lib PYTHONPATH=/home/mikks/ros2_px4_ws/install/px4_msgs/lib/python3.12/site-packages:/home/mikks/ros2_px4_ws/build/x500_hover_controller:/home/mikks/ros2_px4_ws/install/x500_hover_controller/lib/python3.12/site-packages:/home/mikks/ros2_px4_ws/install/px4_ros_com/lib/python3.12/site-packages:/home/mikks/ros2_px4_ws/build/example_mode_with_rclpy_py:/home/mikks/ros2_px4_ws/install/example_mode_with_rclpy_py/lib/python3.12/site-packages:/home/mikks/ros2_px4_ws/build/example_mode_goto_py:/home/mikks/ros2_px4_ws/install/example_mode_goto_py/lib/python3.12/site-packages:/home/mikks/ros2_px4_ws/install/px4_ros2_py/lib/python3.12/site-packages:/home/mikks/ros2_px4_ws/build/px4_actuator_ctrl:/home/mikks/ros2_px4_ws/install/px4_actuator_ctrl/lib/python3.12/site-packages:/home/mikks/ros2_ws/build/rover_desc_description:/home/mikks/ros2_ws/install/rover_desc_description/lib/python3.12/site-packages:/home/mikks/ros2_ws/install/px4_actuator_ctrl/lib/python3.12/site-packages:/home/mikks/ros2_ws/build/mine_rover_description:/home/mikks/ros2_ws/install/mine_rover_description/lib/python3.12/site-packages:/home/mikks/ros2_ws/build/ZerionURDFV5cp_description:/home/mikks/ros2_ws/install/ZerionURDFV5cp_description/lib/python3.12/site-packages:/home/mikks/crazyflie_mapping_demo/ros2_ws/install/velocity_free_consensus/lib/python3.12/site-packages:/home/mikks/crazyflie_mapping_demo/ros2_ws/install/stepwise_lowpos/lib/python3.12/site-packages:/home/mikks/crazyflie_mapping_demo/ros2_ws/install/step_wise_lowpos/lib/python3.12/site-packages:/home/mikks/crazyflie_mapping_demo/ros2_ws/install/second_order_formation_control/lib/python3.12/site-packages:/home/mikks/crazyflie_mapping_demo/ros2_ws/install/ros_gz_crazyflie_control/lib/python3.12/site-packages:/home/mikks/crazyflie_mapping_demo/ros2_ws/install/mixed_fractional_consensus/lib/python3.12/site-packages:/home/mikks/crazyflie_mapping_demo/ros2_ws/install/lowest_pos/lib/python3.12/site-packages:/home/mikks/crazyflie_mapping_demo/ros2_ws/install/linear_consensus/lib/python3.12/site-packages:/home/mikks/crazyflie_mapping_demo/ros2_ws/install/highest_pos/lib/python3.12/site-packages:/home/mikks/crazyflie_mapping_demo/ros2_ws/install/fractional_consensus_alpha/lib/python3.12/site-packages:/home/mikks/crazyflie_mapping_demo/ros2_ws/install/event_triggered_swarm/lib/python3.12/site-packages:/home/mikks/crazyflie_mapping_demo/ros2_ws/install/drone_logger/lib/python3.12/site-packages:/home/mikks/crazyflie_mapping_demo/ros2_ws/install/distributed_average_tracking/lib/python3.12/site-packages:/home/mikks/crazyflie_mapping_demo/ros2_ws/install/crazyflie_swarm_logic/lib/python3.12/site-packages:/home/mikks/crazyflie_mapping_demo/ros2_ws/install/crazyflie_sim/lib/python3.12/site-packages:/home/mikks/crazyflie_mapping_demo/ros2_ws/install/crazyflie_ros2_multiranger_wall_following/lib/python3.12/site-packages:/home/mikks/crazyflie_mapping_demo/ros2_ws/install/crazyflie_ros2_multiranger_simple_mapper/lib/python3.12/site-packages:/home/mikks/crazyflie_mapping_demo/ros2_ws/install/crazyflie_examples/lib/python3.12/site-packages:/home/mikks/crazyflie_mapping_demo/ros2_ws/install/crazyflie_py/lib/python3.12/site-packages:/home/mikks/crazyflie_mapping_demo/ros2_ws/install/crazyflie_interfaces/lib/python3.12/site-packages:/home/mikks/crazyflie_mapping_demo/ros2_ws/install/cooperative_target_centric_formation/lib/python3.12/site-packages:/home/mikks/crazyflie_mapping_demo/ros2_ws/install/containment_using_agent_information/lib/python3.12/site-packages:/home/mikks/crazyflie_mapping_demo/ros2_ws/install/consensus_for_double_integrator/lib/python3.12/site-packages:/home/mikks/crazyflie_mapping_demo/ros2_ws/install/consensus_alignment/lib/python3.12/site-packages:/home/mikks/crazyflie_mapping_demo/ros2_ws/install/binary_consensus/lib/python3.12/site-packages:/home/mikks/crazyflie_mapping_demo/ros2_ws/install/Second_Order_Min_Consensus_for_Heterogeneous_Agents/lib/python3.12/site-packages:/home/mikks/crazyflie_mapping_demo/ros2_ws/install/BinaryContainmentChain/lib/python3.12/site-packages:/opt/ros/jazzy/lib/python3.12/site-packages /usr/bin/cmake --build /home/mikks/ros2_px4_ws/build/px4_ros_com -- -j12 -l12
[3.080s] DEBUG:colcon.colcon_core.event_handler.log_command:Invoked command in '/home/mikks/ros2_px4_ws/build/px4_ros2_cpp' returned '0': CMAKE_PREFIX_PATH=/home/mikks/ros2_px4_ws/install/px4_msgs:/home/mikks/ros2_px4_ws/install/px4_ros_com:/home/mikks/ros2_px4_ws/install/px4_ros2_py:/home/mikks/ros2_px4_ws/install/example_rover_velocity_mode_cpp:/home/mikks/ros2_px4_ws/install/example_mode_with_executor_cpp:/home/mikks/ros2_px4_ws/install/example_mode_vtol_cpp:/home/mikks/ros2_px4_ws/install/example_mode_rtl_replacement_cpp:/home/mikks/ros2_px4_ws/install/example_mode_mission_cpp:/home/mikks/ros2_px4_ws/install/example_mode_manual_cpp:/home/mikks/ros2_px4_ws/install/example_mode_goto_global_cpp:/home/mikks/ros2_px4_ws/install/example_mode_goto_cpp:/home/mikks/ros2_px4_ws/install/example_mode_fw_attitude_cpp:/home/mikks/ros2_px4_ws/install/example_local_navigation_cpp:/home/mikks/ros2_px4_ws/install/example_global_navigation_cpp:/home/mikks/ros2_px4_ws/install/example_executor_with_multiple_modes_cpp:/home/mikks/ros2_px4_ws/install/px4_ros2_cpp:/home/mikks/crazyflie_mapping_demo/ros2_ws/install/crazyflie_ros2_multiranger_bringup:/home/mikks/crazyflie_mapping_demo/ros2_ws/install/ros_gz_crazyflie_bringup:/home/mikks/crazyflie_mapping_demo/ros2_ws/install/ros_gz_crazyflie_gazebo:/home/mikks/crazyflie_mapping_demo/ros2_ws/install/crazyflie_sim:/home/mikks/crazyflie_mapping_demo/ros2_ws/install/crazyflie_examples:/home/mikks/crazyflie_mapping_demo/ros2_ws/install/crazyflie:/home/mikks/crazyflie_mapping_demo/ros2_ws/install/crazyflie_interfaces:/opt/ros/jazzy/opt/gz_sim_vendor:/opt/ros/jazzy/opt/gz_sensors_vendor:/opt/ros/jazzy/opt/gz_physics_vendor:/opt/ros/jazzy/opt/sdformat_vendor:/opt/ros/jazzy/opt/gz_gui_vendor:/opt/ros/jazzy/opt/gz_transport_vendor:/opt/ros/jazzy/opt/gz_rendering_vendor:/opt/ros/jazzy/opt/gz_plugin_vendor:/opt/ros/jazzy/opt/gz_fuel_tools_vendor:/opt/ros/jazzy/opt/gz_msgs_vendor:/opt/ros/jazzy/opt/gz_common_vendor:/opt/ros/jazzy/opt/gz_math_vendor:/opt/ros/jazzy/opt/gz_utils_vendor:/opt/ros/jazzy/opt/gz_tools_vendor:/opt/ros/jazzy/opt/gz_ogre_next_vendor:/opt/ros/jazzy/opt/gz_dartsim_vendor:/opt/ros/jazzy/opt/gz_cmake_vendor:/home/mikks/ros2_px4_ws/install/x500_hover_controller:/home/mikks/ros2_px4_ws/install/example_mode_with_rclpy_py:/home/mikks/ros2_px4_ws/install/example_mode_goto_py:/home/mikks/ros2_px4_ws/install/px4_actuator_ctrl:/home/mikks/ros2_ws/install/rover_desc_description:/home/mikks/ros2_ws/install/px4_actuator_ctrl:/home/mikks/ros2_ws/install/mine_rover_description:/home/mikks/ros2_ws/install/ZerionURDFV5cp_description:/home/mikks/crazyflie_mapping_demo/ros2_ws/install/velocity_free_consensus:/home/mikks/crazyflie_mapping_demo/ros2_ws/install/stepwise_lowpos:/home/mikks/crazyflie_mapping_demo/ros2_ws/install/step_wise_lowpos:/home/mikks/crazyflie_mapping_demo/ros2_ws/install/second_order_formation_control:/home/mikks/crazyflie_mapping_demo/ros2_ws/install/ros_gz_crazyflie_control:/home/mikks/crazyflie_mapping_demo/ros2_ws/install/mixed_fractional_consensus:/home/mikks/crazyflie_mapping_demo/ros2_ws/install/lowest_pos:/home/mikks/crazyflie_mapping_demo/ros2_ws/install/linear_consensus:/home/mikks/crazyflie_mapping_demo/ros2_ws/install/highest_pos:/home/mikks/crazyflie_mapping_demo/ros2_ws/install/fractional_consensus_alpha:/home/mikks/crazyflie_mapping_demo/ros2_ws/install/event_triggered_swarm:/home/mikks/crazyflie_mapping_demo/ros2_ws/install/drone_logger:/home/mikks/crazyflie_mapping_demo/ros2_ws/install/distributed_average_tracking:/home/mikks/crazyflie_mapping_demo/ros2_ws/install/crazyflie_swarm_logic:/home/mikks/crazyflie_mapping_demo/ros2_ws/install/crazyflie_ros2_multiranger_wall_following:/home/mikks/crazyflie_mapping_demo/ros2_ws/install/crazyflie_ros2_multiranger_simple_mapper:/home/mikks/crazyflie_mapping_demo/ros2_ws/install/crazyflie_py:/home/mikks/crazyflie_mapping_demo/ros2_ws/install/cooperative_target_centric_formation:/home/mikks/crazyflie_mapping_demo/ros2_ws/install/containment_using_agent_information:/home/mikks/crazyflie_mapping_demo/ros2_ws/install/consensus_for_double_integrator:/home/mikks/crazyflie_mapping_demo/ros2_ws/install/consensus_alignment:/home/mikks/crazyflie_mapping_demo/ros2_ws/install/binary_consensus:/home/mikks/crazyflie_mapping_demo/ros2_ws/install/Second_Order_Min_Consensus_for_Heterogeneous_Agents:/home/mikks/crazyflie_mapping_demo/ros2_ws/install/BinaryContainmentChain:/opt/ros/jazzy DEBUGINFOD_URLS=https://debuginfod.ubuntu.com LD_LIBRARY_PATH=/home/mikks/ros2_px4_ws/install/px4_msgs/lib:/home/mikks/ros2_px4_ws/install/px4_ros_com/lib:/home/mikks/ros2_px4_ws/install/px4_ros2_cpp/lib:/home/mikks/NatNet_SDK_4.3_ubuntu/lib:/home/mikks/crazyflie_mapping_demo/ros2_ws/install/crazyflie_interfaces/lib:/opt/ros/jazzy/opt/gz_sim_vendor/lib:/opt/ros/jazzy/opt/gz_sensors_vendor/lib:/opt/ros/jazzy/opt/gz_physics_vendor/lib:/opt/ros/jazzy/opt/sdformat_vendor/lib:/opt/ros/jazzy/opt/rviz_ogre_vendor/lib:/opt/ros/jazzy/lib/x86_64-linux-gnu:/opt/ros/jazzy/opt/gz_gui_vendor/lib:/opt/ros/jazzy/opt/gz_transport_vendor/lib:/opt/ros/jazzy/opt/gz_rendering_vendor/lib:/opt/ros/jazzy/opt/gz_plugin_vendor/lib:/opt/ros/jazzy/opt/gz_fuel_tools_vendor/lib:/opt/ros/jazzy/opt/gz_msgs_vendor/lib:/opt/ros/jazzy/opt/gz_common_vendor/lib:/opt/ros/jazzy/opt/gz_math_vendor/lib:/opt/ros/jazzy/opt/gz_utils_vendor/lib:/opt/ros/jazzy/opt/gz_tools_vendor/lib:/opt/ros/jazzy/opt/gz_ogre_next_vendor/lib:/opt/ros/jazzy/opt/gz_dartsim_vendor/lib:/opt/ros/jazzy/opt/gz_cmake_vendor/lib:/opt/ros/jazzy/lib PYTHONPATH=/home/mikks/ros2_px4_ws/install/px4_msgs/lib/python3.12/site-packages:/home/mikks/ros2_px4_ws/build/x500_hover_controller:/home/mikks/ros2_px4_ws/install/x500_hover_controller/lib/python3.12/site-packages:/home/mikks/ros2_px4_ws/install/px4_ros_com/lib/python3.12/site-packages:/home/mikks/ros2_px4_ws/build/example_mode_with_rclpy_py:/home/mikks/ros2_px4_ws/install/example_mode_with_rclpy_py/lib/python3.12/site-packages:/home/mikks/ros2_px4_ws/build/example_mode_goto_py:/home/mikks/ros2_px4_ws/install/example_mode_goto_py/lib/python3.12/site-packages:/home/mikks/ros2_px4_ws/install/px4_ros2_py/lib/python3.12/site-packages:/home/mikks/ros2_px4_ws/build/px4_actuator_ctrl:/home/mikks/ros2_px4_ws/install/px4_actuator_ctrl/lib/python3.12/site-packages:/home/mikks/ros2_ws/build/rover_desc_description:/home/mikks/ros2_ws/install/rover_desc_description/lib/python3.12/site-packages:/home/mikks/ros2_ws/install/px4_actuator_ctrl/lib/python3.12/site-packages:/home/mikks/ros2_ws/build/mine_rover_description:/home/mikks/ros2_ws/install/mine_rover_description/lib/python3.12/site-packages:/home/mikks/ros2_ws/build/ZerionURDFV5cp_description:/home/mikks/ros2_ws/install/ZerionURDFV5cp_description/lib/python3.12/site-packages:/home/mikks/crazyflie_mapping_demo/ros2_ws/install/velocity_free_consensus/lib/python3.12/site-packages:/home/mikks/crazyflie_mapping_demo/ros2_ws/install/stepwise_lowpos/lib/python3.12/site-packages:/home/mikks/crazyflie_mapping_demo/ros2_ws/install/step_wise_lowpos/lib/python3.12/site-packages:/home/mikks/crazyflie_mapping_demo/ros2_ws/install/second_order_formation_control/lib/python3.12/site-packages:/home/mikks/crazyflie_mapping_demo/ros2_ws/install/ros_gz_crazyflie_control/lib/python3.12/site-packages:/home/mikks/crazyflie_mapping_demo/ros2_ws/install/mixed_fractional_consensus/lib/python3.12/site-packages:/home/mikks/crazyflie_mapping_demo/ros2_ws/install/lowest_pos/lib/python3.12/site-packages:/home/mikks/crazyflie_mapping_demo/ros2_ws/install/linear_consensus/lib/python3.12/site-packages:/home/mikks/crazyflie_mapping_demo/ros2_ws/install/highest_pos/lib/python3.12/site-packages:/home/mikks/crazyflie_mapping_demo/ros2_ws/install/fractional_consensus_alpha/lib/python3.12/site-packages:/home/mikks/crazyflie_mapping_demo/ros2_ws/install/event_triggered_swarm/lib/python3.12/site-packages:/home/mikks/crazyflie_mapping_demo/ros2_ws/install/drone_logger/lib/python3.12/site-packages:/home/mikks/crazyflie_mapping_demo/ros2_ws/install/distributed_average_tracking/lib/python3.12/site-packages:/home/mikks/crazyflie_mapping_demo/ros2_ws/install/crazyflie_swarm_logic/lib/python3.12/site-packages:/home/mikks/crazyflie_mapping_demo/ros2_ws/install/crazyflie_sim/lib/python3.12/site-packages:/home/mikks/crazyflie_mapping_demo/ros2_ws/install/crazyflie_ros2_multiranger_wall_following/lib/python3.12/site-packages:/home/mikks/crazyflie_mapping_demo/ros2_ws/install/crazyflie_ros2_multiranger_simple_mapper/lib/python3.12/site-packages:/home/mikks/crazyflie_mapping_demo/ros2_ws/install/crazyflie_examples/lib/python3.12/site-packages:/home/mikks/crazyflie_mapping_demo/ros2_ws/install/crazyflie_py/lib/python3.12/site-packages:/home/mikks/crazyflie_mapping_demo/ros2_ws/install/crazyflie_interfaces/lib/python3.12/site-packages:/home/mikks/crazyflie_mapping_demo/ros2_ws/install/cooperative_target_centric_formation/lib/python3.12/site-packages:/home/mikks/crazyflie_mapping_demo/ros2_ws/install/containment_using_agent_information/lib/python3.12/site-packages:/home/mikks/crazyflie_mapping_demo/ros2_ws/install/consensus_for_double_integrator/lib/python3.12/site-packages:/home/mikks/crazyflie_mapping_demo/ros2_ws/install/consensus_alignment/lib/python3.12/site-packages:/home/mikks/crazyflie_mapping_demo/ros2_ws/install/binary_consensus/lib/python3.12/site-packages:/home/mikks/crazyflie_mapping_demo/ros2_ws/install/Second_Order_Min_Consensus_for_Heterogeneous_Agents/lib/python3.12/site-packages:/home/mikks/crazyflie_mapping_demo/ros2_ws/install/BinaryContainmentChain/lib/python3.12/site-packages:/opt/ros/jazzy/lib/python3.12/site-packages /usr/bin/cmake --build /home/mikks/ros2_px4_ws/build/px4_ros2_cpp -- -j12 -l12
[3.081s] DEBUG:colcon.colcon_core.event_handler.log_command:Invoking command in '/home/mikks/ros2_px4_ws/build/px4_ros2_cpp': CMAKE_PREFIX_PATH=/home/mikks/ros2_px4_ws/install/px4_msgs:/home/mikks/ros2_px4_ws/install/px4_ros_com:/home/mikks/ros2_px4_ws/install/px4_ros2_py:/home/mikks/ros2_px4_ws/install/example_rover_velocity_mode_cpp:/home/mikks/ros2_px4_ws/install/example_mode_with_executor_cpp:/home/mikks/ros2_px4_ws/install/example_mode_vtol_cpp:/home/mikks/ros2_px4_ws/install/example_mode_rtl_replacement_cpp:/home/mikks/ros2_px4_ws/install/example_mode_mission_cpp:/home/mikks/ros2_px4_ws/install/example_mode_manual_cpp:/home/mikks/ros2_px4_ws/install/example_mode_goto_global_cpp:/home/mikks/ros2_px4_ws/install/example_mode_goto_cpp:/home/mikks/ros2_px4_ws/install/example_mode_fw_attitude_cpp:/home/mikks/ros2_px4_ws/install/example_local_navigation_cpp:/home/mikks/ros2_px4_ws/install/example_global_navigation_cpp:/home/mikks/ros2_px4_ws/install/example_executor_with_multiple_modes_cpp:/home/mikks/ros2_px4_ws/install/px4_ros2_cpp:/home/mikks/crazyflie_mapping_demo/ros2_ws/install/crazyflie_ros2_multiranger_bringup:/home/mikks/crazyflie_mapping_demo/ros2_ws/install/ros_gz_crazyflie_bringup:/home/mikks/crazyflie_mapping_demo/ros2_ws/install/ros_gz_crazyflie_gazebo:/home/mikks/crazyflie_mapping_demo/ros2_ws/install/crazyflie_sim:/home/mikks/crazyflie_mapping_demo/ros2_ws/install/crazyflie_examples:/home/mikks/crazyflie_mapping_demo/ros2_ws/install/crazyflie:/home/mikks/crazyflie_mapping_demo/ros2_ws/install/crazyflie_interfaces:/opt/ros/jazzy/opt/gz_sim_vendor:/opt/ros/jazzy/opt/gz_sensors_vendor:/opt/ros/jazzy/opt/gz_physics_vendor:/opt/ros/jazzy/opt/sdformat_vendor:/opt/ros/jazzy/opt/gz_gui_vendor:/opt/ros/jazzy/opt/gz_transport_vendor:/opt/ros/jazzy/opt/gz_rendering_vendor:/opt/ros/jazzy/opt/gz_plugin_vendor:/opt/ros/jazzy/opt/gz_fuel_tools_vendor:/opt/ros/jazzy/opt/gz_msgs_vendor:/opt/ros/jazzy/opt/gz_common_vendor:/opt/ros/jazzy/opt/gz_math_vendor:/opt/ros/jazzy/opt/gz_utils_vendor:/opt/ros/jazzy/opt/gz_tools_vendor:/opt/ros/jazzy/opt/gz_ogre_next_vendor:/opt/ros/jazzy/opt/gz_dartsim_vendor:/opt/ros/jazzy/opt/gz_cmake_vendor:/home/mikks/ros2_px4_ws/install/x500_hover_controller:/home/mikks/ros2_px4_ws/install/example_mode_with_rclpy_py:/home/mikks/ros2_px4_ws/install/example_mode_goto_py:/home/mikks/ros2_px4_ws/install/px4_actuator_ctrl:/home/mikks/ros2_ws/install/rover_desc_description:/home/mikks/ros2_ws/install/px4_actuator_ctrl:/home/mikks/ros2_ws/install/mine_rover_description:/home/mikks/ros2_ws/install/ZerionURDFV5cp_description:/home/mikks/crazyflie_mapping_demo/ros2_ws/install/velocity_free_consensus:/home/mikks/crazyflie_mapping_demo/ros2_ws/install/stepwise_lowpos:/home/mikks/crazyflie_mapping_demo/ros2_ws/install/step_wise_lowpos:/home/mikks/crazyflie_mapping_demo/ros2_ws/install/second_order_formation_control:/home/mikks/crazyflie_mapping_demo/ros2_ws/install/ros_gz_crazyflie_control:/home/mikks/crazyflie_mapping_demo/ros2_ws/install/mixed_fractional_consensus:/home/mikks/crazyflie_mapping_demo/ros2_ws/install/lowest_pos:/home/mikks/crazyflie_mapping_demo/ros2_ws/install/linear_consensus:/home/mikks/crazyflie_mapping_demo/ros2_ws/install/highest_pos:/home/mikks/crazyflie_mapping_demo/ros2_ws/install/fractional_consensus_alpha:/home/mikks/crazyflie_mapping_demo/ros2_ws/install/event_triggered_swarm:/home/mikks/crazyflie_mapping_demo/ros2_ws/install/drone_logger:/home/mikks/crazyflie_mapping_demo/ros2_ws/install/distributed_average_tracking:/home/mikks/crazyflie_mapping_demo/ros2_ws/install/crazyflie_swarm_logic:/home/mikks/crazyflie_mapping_demo/ros2_ws/install/crazyflie_ros2_multiranger_wall_following:/home/mikks/crazyflie_mapping_demo/ros2_ws/install/crazyflie_ros2_multiranger_simple_mapper:/home/mikks/crazyflie_mapping_demo/ros2_ws/install/crazyflie_py:/home/mikks/crazyflie_mapping_demo/ros2_ws/install/cooperative_target_centric_formation:/home/mikks/crazyflie_mapping_demo/ros2_ws/install/containment_using_agent_information:/home/mikks/crazyflie_mapping_demo/ros2_ws/install/consensus_for_double_integrator:/home/mikks/crazyflie_mapping_demo/ros2_ws/install/consensus_alignment:/home/mikks/crazyflie_mapping_demo/ros2_ws/install/binary_consensus:/home/mikks/crazyflie_mapping_demo/ros2_ws/install/Second_Order_Min_Consensus_for_Heterogeneous_Agents:/home/mikks/crazyflie_mapping_demo/ros2_ws/install/BinaryContainmentChain:/opt/ros/jazzy DEBUGINFOD_URLS=https://debuginfod.ubuntu.com LD_LIBRARY_PATH=/home/mikks/ros2_px4_ws/install/px4_msgs/lib:/home/mikks/ros2_px4_ws/install/px4_ros_com/lib:/home/mikks/ros2_px4_ws/install/px4_ros2_cpp/lib:/home/mikks/NatNet_SDK_4.3_ubuntu/lib:/home/mikks/crazyflie_mapping_demo/ros2_ws/install/crazyflie_interfaces/lib:/opt/ros/jazzy/opt/gz_sim_vendor/lib:/opt/ros/jazzy/opt/gz_sensors_vendor/lib:/opt/ros/jazzy/opt/gz_physics_vendor/lib:/opt/ros/jazzy/opt/sdformat_vendor/lib:/opt/ros/jazzy/opt/rviz_ogre_vendor/lib:/opt/ros/jazzy/lib/x86_64-linux-gnu:/opt/ros/jazzy/opt/gz_gui_vendor/lib:/opt/ros/jazzy/opt/gz_transport_vendor/lib:/opt/ros/jazzy/opt/gz_rendering_vendor/lib:/opt/ros/jazzy/opt/gz_plugin_vendor/lib:/opt/ros/jazzy/opt/gz_fuel_tools_vendor/lib:/opt/ros/jazzy/opt/gz_msgs_vendor/lib:/opt/ros/jazzy/opt/gz_common_vendor/lib:/opt/ros/jazzy/opt/gz_math_vendor/lib:/opt/ros/jazzy/opt/gz_utils_vendor/lib:/opt/ros/jazzy/opt/gz_tools_vendor/lib:/opt/ros/jazzy/opt/gz_ogre_next_vendor/lib:/opt/ros/jazzy/opt/gz_dartsim_vendor/lib:/opt/ros/jazzy/opt/gz_cmake_vendor/lib:/opt/ros/jazzy/lib PYTHONPATH=/home/mikks/ros2_px4_ws/install/px4_msgs/lib/python3.12/site-packages:/home/mikks/ros2_px4_ws/build/x500_hover_controller:/home/mikks/ros2_px4_ws/install/x500_hover_controller/lib/python3.12/site-packages:/home/mikks/ros2_px4_ws/install/px4_ros_com/lib/python3.12/site-packages:/home/mikks/ros2_px4_ws/build/example_mode_with_rclpy_py:/home/mikks/ros2_px4_ws/install/example_mode_with_rclpy_py/lib/python3.12/site-packages:/home/mikks/ros2_px4_ws/build/example_mode_goto_py:/home/mikks/ros2_px4_ws/install/example_mode_goto_py/lib/python3.12/site-packages:/home/mikks/ros2_px4_ws/install/px4_ros2_py/lib/python3.12/site-packages:/home/mikks/ros2_px4_ws/build/px4_actuator_ctrl:/home/mikks/ros2_px4_ws/install/px4_actuator_ctrl/lib/python3.12/site-packages:/home/mikks/ros2_ws/build/rover_desc_description:/home/mikks/ros2_ws/install/rover_desc_description/lib/python3.12/site-packages:/home/mikks/ros2_ws/install/px4_actuator_ctrl/lib/python3.12/site-packages:/home/mikks/ros2_ws/build/mine_rover_description:/home/mikks/ros2_ws/install/mine_rover_description/lib/python3.12/site-packages:/home/mikks/ros2_ws/build/ZerionURDFV5cp_description:/home/mikks/ros2_ws/install/ZerionURDFV5cp_description/lib/python3.12/site-packages:/home/mikks/crazyflie_mapping_demo/ros2_ws/install/velocity_free_consensus/lib/python3.12/site-packages:/home/mikks/crazyflie_mapping_demo/ros2_ws/install/stepwise_lowpos/lib/python3.12/site-packages:/home/mikks/crazyflie_mapping_demo/ros2_ws/install/step_wise_lowpos/lib/python3.12/site-packages:/home/mikks/crazyflie_mapping_demo/ros2_ws/install/second_order_formation_control/lib/python3.12/site-packages:/home/mikks/crazyflie_mapping_demo/ros2_ws/install/ros_gz_crazyflie_control/lib/python3.12/site-packages:/home/mikks/crazyflie_mapping_demo/ros2_ws/install/mixed_fractional_consensus/lib/python3.12/site-packages:/home/mikks/crazyflie_mapping_demo/ros2_ws/install/lowest_pos/lib/python3.12/site-packages:/home/mikks/crazyflie_mapping_demo/ros2_ws/install/linear_consensus/lib/python3.12/site-packages:/home/mikks/crazyflie_mapping_demo/ros2_ws/install/highest_pos/lib/python3.12/site-packages:/home/mikks/crazyflie_mapping_demo/ros2_ws/install/fractional_consensus_alpha/lib/python3.12/site-packages:/home/mikks/crazyflie_mapping_demo/ros2_ws/install/event_triggered_swarm/lib/python3.12/site-packages:/home/mikks/crazyflie_mapping_demo/ros2_ws/install/drone_logger/lib/python3.12/site-packages:/home/mikks/crazyflie_mapping_demo/ros2_ws/install/distributed_average_tracking/lib/python3.12/site-packages:/home/mikks/crazyflie_mapping_demo/ros2_ws/install/crazyflie_swarm_logic/lib/python3.12/site-packages:/home/mikks/crazyflie_mapping_demo/ros2_ws/install/crazyflie_sim/lib/python3.12/site-packages:/home/mikks/crazyflie_mapping_demo/ros2_ws/install/crazyflie_ros2_multiranger_wall_following/lib/python3.12/site-packages:/home/mikks/crazyflie_mapping_demo/ros2_ws/install/crazyflie_ros2_multiranger_simple_mapper/lib/python3.12/site-packages:/home/mikks/crazyflie_mapping_demo/ros2_ws/install/crazyflie_examples/lib/python3.12/site-packages:/home/mikks/crazyflie_mapping_demo/ros2_ws/install/crazyflie_py/lib/python3.12/site-packages:/home/mikks/crazyflie_mapping_demo/ros2_ws/install/crazyflie_interfaces/lib/python3.12/site-packages:/home/mikks/crazyflie_mapping_demo/ros2_ws/install/cooperative_target_centric_formation/lib/python3.12/site-packages:/home/mikks/crazyflie_mapping_demo/ros2_ws/install/containment_using_agent_information/lib/python3.12/site-packages:/home/mikks/crazyflie_mapping_demo/ros2_ws/install/consensus_for_double_integrator/lib/python3.12/site-packages:/home/mikks/crazyflie_mapping_demo/ros2_ws/install/consensus_alignment/lib/python3.12/site-packages:/home/mikks/crazyflie_mapping_demo/ros2_ws/install/binary_consensus/lib/python3.12/site-packages:/home/mikks/crazyflie_mapping_demo/ros2_ws/install/Second_Order_Min_Consensus_for_Heterogeneous_Agents/lib/python3.12/site-packages:/home/mikks/crazyflie_mapping_demo/ros2_ws/install/BinaryContainmentChain/lib/python3.12/site-packages:/opt/ros/jazzy/lib/python3.12/site-packages /usr/bin/cmake --install /home/mikks/ros2_px4_ws/build/px4_ros2_cpp
[3.368s] INFO:colcon.colcon_core.task.python.build:Building Python package in '/home/mikks/ros2_px4_ws/src/x500_hover_controller'
[3.368s] INFO:colcon.colcon_core.shell:Skip shell extension 'powershell' for command environment: Not usable outside of PowerShell
[3.368s] DEBUG:colcon.colcon_core.shell:Skip shell extension 'dsv' for command environment
[3.385s] Level 1:colcon.colcon_core.environment:create_environment_scripts_only(px4_ros2_cpp)
[3.385s] Level 1:colcon.colcon_core.environment:checking '/home/mikks/ros2_px4_ws/install/px4_ros2_cpp' for CMake module files
[3.386s] DEBUG:colcon.colcon_core.event_handler.log_command:Invoked command in '/home/mikks/ros2_px4_ws/build/px4_ros2_cpp' returned '0': CMAKE_PREFIX_PATH=/home/mikks/ros2_px4_ws/install/px4_msgs:/home/mikks/ros2_px4_ws/install/px4_ros_com:/home/mikks/ros2_px4_ws/install/px4_ros2_py:/home/mikks/ros2_px4_ws/install/example_rover_velocity_mode_cpp:/home/mikks/ros2_px4_ws/install/example_mode_with_executor_cpp:/home/mikks/ros2_px4_ws/install/example_mode_vtol_cpp:/home/mikks/ros2_px4_ws/install/example_mode_rtl_replacement_cpp:/home/mikks/ros2_px4_ws/install/example_mode_mission_cpp:/home/mikks/ros2_px4_ws/install/example_mode_manual_cpp:/home/mikks/ros2_px4_ws/install/example_mode_goto_global_cpp:/home/mikks/ros2_px4_ws/install/example_mode_goto_cpp:/home/mikks/ros2_px4_ws/install/example_mode_fw_attitude_cpp:/home/mikks/ros2_px4_ws/install/example_local_navigation_cpp:/home/mikks/ros2_px4_ws/install/example_global_navigation_cpp:/home/mikks/ros2_px4_ws/install/example_executor_with_multiple_modes_cpp:/home/mikks/ros2_px4_ws/install/px4_ros2_cpp:/home/mikks/crazyflie_mapping_demo/ros2_ws/install/crazyflie_ros2_multiranger_bringup:/home/mikks/crazyflie_mapping_demo/ros2_ws/install/ros_gz_crazyflie_bringup:/home/mikks/crazyflie_mapping_demo/ros2_ws/install/ros_gz_crazyflie_gazebo:/home/mikks/crazyflie_mapping_demo/ros2_ws/install/crazyflie_sim:/home/mikks/crazyflie_mapping_demo/ros2_ws/install/crazyflie_examples:/home/mikks/crazyflie_mapping_demo/ros2_ws/install/crazyflie:/home/mikks/crazyflie_mapping_demo/ros2_ws/install/crazyflie_interfaces:/opt/ros/jazzy/opt/gz_sim_vendor:/opt/ros/jazzy/opt/gz_sensors_vendor:/opt/ros/jazzy/opt/gz_physics_vendor:/opt/ros/jazzy/opt/sdformat_vendor:/opt/ros/jazzy/opt/gz_gui_vendor:/opt/ros/jazzy/opt/gz_transport_vendor:/opt/ros/jazzy/opt/gz_rendering_vendor:/opt/ros/jazzy/opt/gz_plugin_vendor:/opt/ros/jazzy/opt/gz_fuel_tools_vendor:/opt/ros/jazzy/opt/gz_msgs_vendor:/opt/ros/jazzy/opt/gz_common_vendor:/opt/ros/jazzy/opt/gz_math_vendor:/opt/ros/jazzy/opt/gz_utils_vendor:/opt/ros/jazzy/opt/gz_tools_vendor:/opt/ros/jazzy/opt/gz_ogre_next_vendor:/opt/ros/jazzy/opt/gz_dartsim_vendor:/opt/ros/jazzy/opt/gz_cmake_vendor:/home/mikks/ros2_px4_ws/install/x500_hover_controller:/home/mikks/ros2_px4_ws/install/example_mode_with_rclpy_py:/home/mikks/ros2_px4_ws/install/example_mode_goto_py:/home/mikks/ros2_px4_ws/install/px4_actuator_ctrl:/home/mikks/ros2_ws/install/rover_desc_description:/home/mikks/ros2_ws/install/px4_actuator_ctrl:/home/mikks/ros2_ws/install/mine_rover_description:/home/mikks/ros2_ws/install/ZerionURDFV5cp_description:/home/mikks/crazyflie_mapping_demo/ros2_ws/install/velocity_free_consensus:/home/mikks/crazyflie_mapping_demo/ros2_ws/install/stepwise_lowpos:/home/mikks/crazyflie_mapping_demo/ros2_ws/install/step_wise_lowpos:/home/mikks/crazyflie_mapping_demo/ros2_ws/install/second_order_formation_control:/home/mikks/crazyflie_mapping_demo/ros2_ws/install/ros_gz_crazyflie_control:/home/mikks/crazyflie_mapping_demo/ros2_ws/install/mixed_fractional_consensus:/home/mikks/crazyflie_mapping_demo/ros2_ws/install/lowest_pos:/home/mikks/crazyflie_mapping_demo/ros2_ws/install/linear_consensus:/home/mikks/crazyflie_mapping_demo/ros2_ws/install/highest_pos:/home/mikks/crazyflie_mapping_demo/ros2_ws/install/fractional_consensus_alpha:/home/mikks/crazyflie_mapping_demo/ros2_ws/install/event_triggered_swarm:/home/mikks/crazyflie_mapping_demo/ros2_ws/install/drone_logger:/home/mikks/crazyflie_mapping_demo/ros2_ws/install/distributed_average_tracking:/home/mikks/crazyflie_mapping_demo/ros2_ws/install/crazyflie_swarm_logic:/home/mikks/crazyflie_mapping_demo/ros2_ws/install/crazyflie_ros2_multiranger_wall_following:/home/mikks/crazyflie_mapping_demo/ros2_ws/install/crazyflie_ros2_multiranger_simple_mapper:/home/mikks/crazyflie_mapping_demo/ros2_ws/install/crazyflie_py:/home/mikks/crazyflie_mapping_demo/ros2_ws/install/cooperative_target_centric_formation:/home/mikks/crazyflie_mapping_demo/ros2_ws/install/containment_using_agent_information:/home/mikks/crazyflie_mapping_demo/ros2_ws/install/consensus_for_double_integrator:/home/mikks/crazyflie_mapping_demo/ros2_ws/install/consensus_alignment:/home/mikks/crazyflie_mapping_demo/ros2_ws/install/binary_consensus:/home/mikks/crazyflie_mapping_demo/ros2_ws/install/Second_Order_Min_Consensus_for_Heterogeneous_Agents:/home/mikks/crazyflie_mapping_demo/ros2_ws/install/BinaryContainmentChain:/opt/ros/jazzy DEBUGINFOD_URLS=https://debuginfod.ubuntu.com LD_LIBRARY_PATH=/home/mikks/ros2_px4_ws/install/px4_msgs/lib:/home/mikks/ros2_px4_ws/install/px4_ros_com/lib:/home/mikks/ros2_px4_ws/install/px4_ros2_cpp/lib:/home/mikks/NatNet_SDK_4.3_ubuntu/lib:/home/mikks/crazyflie_mapping_demo/ros2_ws/install/crazyflie_interfaces/lib:/opt/ros/jazzy/opt/gz_sim_vendor/lib:/opt/ros/jazzy/opt/gz_sensors_vendor/lib:/opt/ros/jazzy/opt/gz_physics_vendor/lib:/opt/ros/jazzy/opt/sdformat_vendor/lib:/opt/ros/jazzy/opt/rviz_ogre_vendor/lib:/opt/ros/jazzy/lib/x86_64-linux-gnu:/opt/ros/jazzy/opt/gz_gui_vendor/lib:/opt/ros/jazzy/opt/gz_transport_vendor/lib:/opt/ros/jazzy/opt/gz_rendering_vendor/lib:/opt/ros/jazzy/opt/gz_plugin_vendor/lib:/opt/ros/jazzy/opt/gz_fuel_tools_vendor/lib:/opt/ros/jazzy/opt/gz_msgs_vendor/lib:/opt/ros/jazzy/opt/gz_common_vendor/lib:/opt/ros/jazzy/opt/gz_math_vendor/lib:/opt/ros/jazzy/opt/gz_utils_vendor/lib:/opt/ros/jazzy/opt/gz_tools_vendor/lib:/opt/ros/jazzy/opt/gz_ogre_next_vendor/lib:/opt/ros/jazzy/opt/gz_dartsim_vendor/lib:/opt/ros/jazzy/opt/gz_cmake_vendor/lib:/opt/ros/jazzy/lib PYTHONPATH=/home/mikks/ros2_px4_ws/install/px4_msgs/lib/python3.12/site-packages:/home/mikks/ros2_px4_ws/build/x500_hover_controller:/home/mikks/ros2_px4_ws/install/x500_hover_controller/lib/python3.12/site-packages:/home/mikks/ros2_px4_ws/install/px4_ros_com/lib/python3.12/site-packages:/home/mikks/ros2_px4_ws/build/example_mode_with_rclpy_py:/home/mikks/ros2_px4_ws/install/example_mode_with_rclpy_py/lib/python3.12/site-packages:/home/mikks/ros2_px4_ws/build/example_mode_goto_py:/home/mikks/ros2_px4_ws/install/example_mode_goto_py/lib/python3.12/site-packages:/home/mikks/ros2_px4_ws/install/px4_ros2_py/lib/python3.12/site-packages:/home/mikks/ros2_px4_ws/build/px4_actuator_ctrl:/home/mikks/ros2_px4_ws/install/px4_actuator_ctrl/lib/python3.12/site-packages:/home/mikks/ros2_ws/build/rover_desc_description:/home/mikks/ros2_ws/install/rover_desc_description/lib/python3.12/site-packages:/home/mikks/ros2_ws/install/px4_actuator_ctrl/lib/python3.12/site-packages:/home/mikks/ros2_ws/build/mine_rover_description:/home/mikks/ros2_ws/install/mine_rover_description/lib/python3.12/site-packages:/home/mikks/ros2_ws/build/ZerionURDFV5cp_description:/home/mikks/ros2_ws/install/ZerionURDFV5cp_description/lib/python3.12/site-packages:/home/mikks/crazyflie_mapping_demo/ros2_ws/install/velocity_free_consensus/lib/python3.12/site-packages:/home/mikks/crazyflie_mapping_demo/ros2_ws/install/stepwise_lowpos/lib/python3.12/site-packages:/home/mikks/crazyflie_mapping_demo/ros2_ws/install/step_wise_lowpos/lib/python3.12/site-packages:/home/mikks/crazyflie_mapping_demo/ros2_ws/install/second_order_formation_control/lib/python3.12/site-packages:/home/mikks/crazyflie_mapping_demo/ros2_ws/install/ros_gz_crazyflie_control/lib/python3.12/site-packages:/home/mikks/crazyflie_mapping_demo/ros2_ws/install/mixed_fractional_consensus/lib/python3.12/site-packages:/home/mikks/crazyflie_mapping_demo/ros2_ws/install/lowest_pos/lib/python3.12/site-packages:/home/mikks/crazyflie_mapping_demo/ros2_ws/install/linear_consensus/lib/python3.12/site-packages:/home/mikks/crazyflie_mapping_demo/ros2_ws/install/highest_pos/lib/python3.12/site-packages:/home/mikks/crazyflie_mapping_demo/ros2_ws/install/fractional_consensus_alpha/lib/python3.12/site-packages:/home/mikks/crazyflie_mapping_demo/ros2_ws/install/event_triggered_swarm/lib/python3.12/site-packages:/home/mikks/crazyflie_mapping_demo/ros2_ws/install/drone_logger/lib/python3.12/site-packages:/home/mikks/crazyflie_mapping_demo/ros2_ws/install/distributed_average_tracking/lib/python3.12/site-packages:/home/mikks/crazyflie_mapping_demo/ros2_ws/install/crazyflie_swarm_logic/lib/python3.12/site-packages:/home/mikks/crazyflie_mapping_demo/ros2_ws/install/crazyflie_sim/lib/python3.12/site-packages:/home/mikks/crazyflie_mapping_demo/ros2_ws/install/crazyflie_ros2_multiranger_wall_following/lib/python3.12/site-packages:/home/mikks/crazyflie_mapping_demo/ros2_ws/install/crazyflie_ros2_multiranger_simple_mapper/lib/python3.12/site-packages:/home/mikks/crazyflie_mapping_demo/ros2_ws/install/crazyflie_examples/lib/python3.12/site-packages:/home/mikks/crazyflie_mapping_demo/ros2_ws/install/crazyflie_py/lib/python3.12/site-packages:/home/mikks/crazyflie_mapping_demo/ros2_ws/install/crazyflie_interfaces/lib/python3.12/site-packages:/home/mikks/crazyflie_mapping_demo/ros2_ws/install/cooperative_target_centric_formation/lib/python3.12/site-packages:/home/mikks/crazyflie_mapping_demo/ros2_ws/install/containment_using_agent_information/lib/python3.12/site-packages:/home/mikks/crazyflie_mapping_demo/ros2_ws/install/consensus_for_double_integrator/lib/python3.12/site-packages:/home/mikks/crazyflie_mapping_demo/ros2_ws/install/consensus_alignment/lib/python3.12/site-packages:/home/mikks/crazyflie_mapping_demo/ros2_ws/install/binary_consensus/lib/python3.12/site-packages:/home/mikks/crazyflie_mapping_demo/ros2_ws/install/Second_Order_Min_Consensus_for_Heterogeneous_Agents/lib/python3.12/site-packages:/home/mikks/crazyflie_mapping_demo/ros2_ws/install/BinaryContainmentChain/lib/python3.12/site-packages:/opt/ros/jazzy/lib/python3.12/site-packages /usr/bin/cmake --install /home/mikks/ros2_px4_ws/build/px4_ros2_cpp
[3.386s] Level 1:colcon.colcon_core.environment:checking '/home/mikks/ros2_px4_ws/install/px4_ros2_cpp' for CMake config files
[3.387s] Level 1:colcon.colcon_core.shell:create_environment_hook('px4_ros2_cpp', 'cmake_prefix_path')
[3.387s] INFO:colcon.colcon_core.shell:Creating environment hook '/home/mikks/ros2_px4_ws/install/px4_ros2_cpp/share/px4_ros2_cpp/hook/cmake_prefix_path.ps1'
[3.387s] INFO:colcon.colcon_core.shell:Creating environment descriptor '/home/mikks/ros2_px4_ws/install/px4_ros2_cpp/share/px4_ros2_cpp/hook/cmake_prefix_path.dsv'
[3.388s] INFO:colcon.colcon_core.shell:Creating environment hook '/home/mikks/ros2_px4_ws/install/px4_ros2_cpp/share/px4_ros2_cpp/hook/cmake_prefix_path.sh'
[3.389s] Level 1:colcon.colcon_core.environment:checking '/home/mikks/ros2_px4_ws/install/px4_ros2_cpp/lib'
[3.389s] Level 1:colcon.colcon_core.shell:create_environment_hook('px4_ros2_cpp', 'ld_library_path_lib')
[3.389s] INFO:colcon.colcon_core.shell:Creating environment hook '/home/mikks/ros2_px4_ws/install/px4_ros2_cpp/share/px4_ros2_cpp/hook/ld_library_path_lib.ps1'
[3.389s] INFO:colcon.colcon_core.shell:Creating environment descriptor '/home/mikks/ros2_px4_ws/install/px4_ros2_cpp/share/px4_ros2_cpp/hook/ld_library_path_lib.dsv'
[3.390s] INFO:colcon.colcon_core.shell:Creating environment hook '/home/mikks/ros2_px4_ws/install/px4_ros2_cpp/share/px4_ros2_cpp/hook/ld_library_path_lib.sh'
[3.390s] Level 1:colcon.colcon_core.environment:checking '/home/mikks/ros2_px4_ws/install/px4_ros2_cpp/bin'
[3.390s] Level 1:colcon.colcon_core.environment:checking '/home/mikks/ros2_px4_ws/install/px4_ros2_cpp/lib/pkgconfig/px4_ros2_cpp.pc'
[3.391s] Level 1:colcon.colcon_core.environment:checking '/home/mikks/ros2_px4_ws/install/px4_ros2_cpp/lib/python3.12/site-packages'
[3.391s] Level 1:colcon.colcon_core.environment:checking '/home/mikks/ros2_px4_ws/install/px4_ros2_cpp/bin'
[3.391s] INFO:colcon.colcon_core.shell:Creating package script '/home/mikks/ros2_px4_ws/install/px4_ros2_cpp/share/px4_ros2_cpp/package.ps1'
[3.392s] INFO:colcon.colcon_core.shell:Creating package descriptor '/home/mikks/ros2_px4_ws/install/px4_ros2_cpp/share/px4_ros2_cpp/package.dsv'
[3.392s] INFO:colcon.colcon_core.shell:Creating package script '/home/mikks/ros2_px4_ws/install/px4_ros2_cpp/share/px4_ros2_cpp/package.sh'
[3.393s] INFO:colcon.colcon_core.shell:Creating package script '/home/mikks/ros2_px4_ws/install/px4_ros2_cpp/share/px4_ros2_cpp/package.bash'
[3.393s] INFO:colcon.colcon_core.shell:Creating package script '/home/mikks/ros2_px4_ws/install/px4_ros2_cpp/share/px4_ros2_cpp/package.zsh'
[3.394s] Level 1:colcon.colcon_core.environment:create_file_with_runtime_dependencies(/home/mikks/ros2_px4_ws/install/px4_ros2_cpp/share/colcon-core/packages/px4_ros2_cpp)
[3.394s] Level 1:colcon.colcon_core.environment:create_environment_scripts_only(px4_ros2_cpp)
[3.395s] Level 1:colcon.colcon_core.environment:checking '/home/mikks/ros2_px4_ws/install/px4_ros2_cpp' for CMake module files
[3.395s] Level 1:colcon.colcon_core.environment:checking '/home/mikks/ros2_px4_ws/install/px4_ros2_cpp' for CMake config files
[3.396s] Level 1:colcon.colcon_core.shell:create_environment_hook('px4_ros2_cpp', 'cmake_prefix_path')
[3.396s] INFO:colcon.colcon_core.shell:Creating environment hook '/home/mikks/ros2_px4_ws/install/px4_ros2_cpp/share/px4_ros2_cpp/hook/cmake_prefix_path.ps1'
[3.396s] INFO:colcon.colcon_core.shell:Creating environment descriptor '/home/mikks/ros2_px4_ws/install/px4_ros2_cpp/share/px4_ros2_cpp/hook/cmake_prefix_path.dsv'
[3.397s] INFO:colcon.colcon_core.shell:Creating environment hook '/home/mikks/ros2_px4_ws/install/px4_ros2_cpp/share/px4_ros2_cpp/hook/cmake_prefix_path.sh'
[3.398s] Level 1:colcon.colcon_core.environment:checking '/home/mikks/ros2_px4_ws/install/px4_ros2_cpp/lib'
[3.398s] Level 1:colcon.colcon_core.shell:create_environment_hook('px4_ros2_cpp', 'ld_library_path_lib')
[3.398s] INFO:colcon.colcon_core.shell:Creating environment hook '/home/mikks/ros2_px4_ws/install/px4_ros2_cpp/share/px4_ros2_cpp/hook/ld_library_path_lib.ps1'
[3.398s] INFO:colcon.colcon_core.shell:Creating environment descriptor '/home/mikks/ros2_px4_ws/install/px4_ros2_cpp/share/px4_ros2_cpp/hook/ld_library_path_lib.dsv'
[3.399s] INFO:colcon.colcon_core.shell:Creating environment hook '/home/mikks/ros2_px4_ws/install/px4_ros2_cpp/share/px4_ros2_cpp/hook/ld_library_path_lib.sh'
[3.399s] Level 1:colcon.colcon_core.environment:checking '/home/mikks/ros2_px4_ws/install/px4_ros2_cpp/bin'
[3.399s] Level 1:colcon.colcon_core.environment:checking '/home/mikks/ros2_px4_ws/install/px4_ros2_cpp/lib/pkgconfig/px4_ros2_cpp.pc'
[3.400s] Level 1:colcon.colcon_core.environment:checking '/home/mikks/ros2_px4_ws/install/px4_ros2_cpp/lib/python3.12/site-packages'
[3.400s] Level 1:colcon.colcon_core.environment:checking '/home/mikks/ros2_px4_ws/install/px4_ros2_cpp/bin'
[3.400s] INFO:colcon.colcon_core.shell:Creating package script '/home/mikks/ros2_px4_ws/install/px4_ros2_cpp/share/px4_ros2_cpp/package.ps1'
[3.401s] INFO:colcon.colcon_core.shell:Creating package descriptor '/home/mikks/ros2_px4_ws/install/px4_ros2_cpp/share/px4_ros2_cpp/package.dsv'
[3.401s] INFO:colcon.colcon_core.shell:Creating package script '/home/mikks/ros2_px4_ws/install/px4_ros2_cpp/share/px4_ros2_cpp/package.sh'
[3.402s] INFO:colcon.colcon_core.shell:Creating package script '/home/mikks/ros2_px4_ws/install/px4_ros2_cpp/share/px4_ros2_cpp/package.bash'
[3.402s] INFO:colcon.colcon_core.shell:Creating package script '/home/mikks/ros2_px4_ws/install/px4_ros2_cpp/share/px4_ros2_cpp/package.zsh'
[3.403s] Level 1:colcon.colcon_core.environment:create_file_with_runtime_dependencies(/home/mikks/ros2_px4_ws/install/px4_ros2_cpp/share/colcon-core/packages/px4_ros2_cpp)
[3.404s] INFO:colcon.colcon_ros.task.ament_cmake.build:Building ROS package in '/home/mikks/ros2_px4_ws/src/px4-ros2-interface-lib/px4_ros2_py' with build type 'ament_cmake'
[3.404s] INFO:colcon.colcon_cmake.task.cmake.build:Building CMake package in '/home/mikks/ros2_px4_ws/src/px4-ros2-interface-lib/px4_ros2_py'
[3.404s] INFO:colcon.colcon_core.shell:Skip shell extension 'powershell' for command environment: Not usable outside of PowerShell
[3.404s] DEBUG:colcon.colcon_core.shell:Skip shell extension 'dsv' for command environment
[3.415s] INFO:colcon.colcon_ros.task.ament_cmake.build:Building ROS package in '/home/mikks/ros2_px4_ws/src/px4-ros2-interface-lib/examples/cpp/modes/executor_with_multiple_modes' with build type 'ament_cmake'
[3.415s] INFO:colcon.colcon_cmake.task.cmake.build:Building CMake package in '/home/mikks/ros2_px4_ws/src/px4-ros2-interface-lib/examples/cpp/modes/executor_with_multiple_modes'
[3.415s] INFO:colcon.colcon_core.shell:Skip shell extension 'powershell' for command environment: Not usable outside of PowerShell
[3.415s] DEBUG:colcon.colcon_core.shell:Skip shell extension 'dsv' for command environment
[3.425s] INFO:colcon.colcon_ros.task.ament_cmake.build:Building ROS package in '/home/mikks/ros2_px4_ws/src/px4-ros2-interface-lib/examples/cpp/navigation/global_navigation' with build type 'ament_cmake'
[3.426s] INFO:colcon.colcon_cmake.task.cmake.build:Building CMake package in '/home/mikks/ros2_px4_ws/src/px4-ros2-interface-lib/examples/cpp/navigation/global_navigation'
[3.426s] INFO:colcon.colcon_core.shell:Skip shell extension 'powershell' for command environment: Not usable outside of PowerShell
[3.426s] DEBUG:colcon.colcon_core.shell:Skip shell extension 'dsv' for command environment
[3.434s] INFO:colcon.colcon_ros.task.ament_cmake.build:Building ROS package in '/home/mikks/ros2_px4_ws/src/px4-ros2-interface-lib/examples/cpp/navigation/local_navigation' with build type 'ament_cmake'
[3.435s] INFO:colcon.colcon_cmake.task.cmake.build:Building CMake package in '/home/mikks/ros2_px4_ws/src/px4-ros2-interface-lib/examples/cpp/navigation/local_navigation'
[3.435s] INFO:colcon.colcon_core.shell:Skip shell extension 'powershell' for command environment: Not usable outside of PowerShell
[3.435s] DEBUG:colcon.colcon_core.shell:Skip shell extension 'dsv' for command environment
[3.441s] INFO:colcon.colcon_ros.task.ament_cmake.build:Building ROS package in '/home/mikks/ros2_px4_ws/src/px4-ros2-interface-lib/examples/cpp/modes/fw_attitude' with build type 'ament_cmake'
[3.441s] INFO:colcon.colcon_cmake.task.cmake.build:Building CMake package in '/home/mikks/ros2_px4_ws/src/px4-ros2-interface-lib/examples/cpp/modes/fw_attitude'
[3.442s] INFO:colcon.colcon_core.shell:Skip shell extension 'powershell' for command environment: Not usable outside of PowerShell
[3.442s] DEBUG:colcon.colcon_core.shell:Skip shell extension 'dsv' for command environment
[3.449s] INFO:colcon.colcon_ros.task.ament_cmake.build:Building ROS package in '/home/mikks/ros2_px4_ws/src/px4-ros2-interface-lib/examples/cpp/modes/goto' with build type 'ament_cmake'
[3.449s] INFO:colcon.colcon_cmake.task.cmake.build:Building CMake package in '/home/mikks/ros2_px4_ws/src/px4-ros2-interface-lib/examples/cpp/modes/goto'
[3.449s] INFO:colcon.colcon_core.shell:Skip shell extension 'powershell' for command environment: Not usable outside of PowerShell
[3.449s] DEBUG:colcon.colcon_core.shell:Skip shell extension 'dsv' for command environment
[3.457s] INFO:colcon.colcon_ros.task.ament_cmake.build:Building ROS package in '/home/mikks/ros2_px4_ws/src/px4-ros2-interface-lib/examples/cpp/modes/goto_global' with build type 'ament_cmake'
[3.457s] INFO:colcon.colcon_cmake.task.cmake.build:Building CMake package in '/home/mikks/ros2_px4_ws/src/px4-ros2-interface-lib/examples/cpp/modes/goto_global'
[3.458s] INFO:colcon.colcon_core.shell:Skip shell extension 'powershell' for command environment: Not usable outside of PowerShell
[3.458s] DEBUG:colcon.colcon_core.shell:Skip shell extension 'dsv' for command environment
[3.467s] INFO:colcon.colcon_ros.task.ament_cmake.build:Building ROS package in '/home/mikks/ros2_px4_ws/src/px4-ros2-interface-lib/examples/cpp/modes/manual' with build type 'ament_cmake'
[3.467s] INFO:colcon.colcon_cmake.task.cmake.build:Building CMake package in '/home/mikks/ros2_px4_ws/src/px4-ros2-interface-lib/examples/cpp/modes/manual'
[3.467s] INFO:colcon.colcon_core.shell:Skip shell extension 'powershell' for command environment: Not usable outside of PowerShell
[3.467s] DEBUG:colcon.colcon_core.shell:Skip shell extension 'dsv' for command environment
[3.475s] INFO:colcon.colcon_ros.task.ament_cmake.build:Building ROS package in '/home/mikks/ros2_px4_ws/src/px4-ros2-interface-lib/examples/cpp/modes/mission' with build type 'ament_cmake'
[3.475s] INFO:colcon.colcon_cmake.task.cmake.build:Building CMake package in '/home/mikks/ros2_px4_ws/src/px4-ros2-interface-lib/examples/cpp/modes/mission'
[3.476s] INFO:colcon.colcon_core.shell:Skip shell extension 'powershell' for command environment: Not usable outside of PowerShell
[3.476s] DEBUG:colcon.colcon_core.shell:Skip shell extension 'dsv' for command environment
[3.489s] DEBUG:colcon.colcon_core.event_handler.log_command:Invoking command in '/home/mikks/ros2_px4_ws/build/px4_ros2_py': CMAKE_PREFIX_PATH=/home/mikks/ros2_px4_ws/install/px4_ros2_cpp:/home/mikks/ros2_px4_ws/install/px4_msgs:/home/mikks/ros2_px4_ws/install/px4_ros_com:/home/mikks/ros2_px4_ws/install/px4_ros2_py:/home/mikks/ros2_px4_ws/install/example_rover_velocity_mode_cpp:/home/mikks/ros2_px4_ws/install/example_mode_with_executor_cpp:/home/mikks/ros2_px4_ws/install/example_mode_vtol_cpp:/home/mikks/ros2_px4_ws/install/example_mode_rtl_replacement_cpp:/home/mikks/ros2_px4_ws/install/example_mode_mission_cpp:/home/mikks/ros2_px4_ws/install/example_mode_manual_cpp:/home/mikks/ros2_px4_ws/install/example_mode_goto_global_cpp:/home/mikks/ros2_px4_ws/install/example_mode_goto_cpp:/home/mikks/ros2_px4_ws/install/example_mode_fw_attitude_cpp:/home/mikks/ros2_px4_ws/install/example_local_navigation_cpp:/home/mikks/ros2_px4_ws/install/example_global_navigation_cpp:/home/mikks/ros2_px4_ws/install/example_executor_with_multiple_modes_cpp:/home/mikks/crazyflie_mapping_demo/ros2_ws/install/crazyflie_ros2_multiranger_bringup:/home/mikks/crazyflie_mapping_demo/ros2_ws/install/ros_gz_crazyflie_bringup:/home/mikks/crazyflie_mapping_demo/ros2_ws/install/ros_gz_crazyflie_gazebo:/home/mikks/crazyflie_mapping_demo/ros2_ws/install/crazyflie_sim:/home/mikks/crazyflie_mapping_demo/ros2_ws/install/crazyflie_examples:/home/mikks/crazyflie_mapping_demo/ros2_ws/install/crazyflie:/home/mikks/crazyflie_mapping_demo/ros2_ws/install/crazyflie_interfaces:/opt/ros/jazzy/opt/gz_sim_vendor:/opt/ros/jazzy/opt/gz_sensors_vendor:/opt/ros/jazzy/opt/gz_physics_vendor:/opt/ros/jazzy/opt/sdformat_vendor:/opt/ros/jazzy/opt/gz_gui_vendor:/opt/ros/jazzy/opt/gz_transport_vendor:/opt/ros/jazzy/opt/gz_rendering_vendor:/opt/ros/jazzy/opt/gz_plugin_vendor:/opt/ros/jazzy/opt/gz_fuel_tools_vendor:/opt/ros/jazzy/opt/gz_msgs_vendor:/opt/ros/jazzy/opt/gz_common_vendor:/opt/ros/jazzy/opt/gz_math_vendor:/opt/ros/jazzy/opt/gz_utils_vendor:/opt/ros/jazzy/opt/gz_tools_vendor:/opt/ros/jazzy/opt/gz_ogre_next_vendor:/opt/ros/jazzy/opt/gz_dartsim_vendor:/opt/ros/jazzy/opt/gz_cmake_vendor:/home/mikks/ros2_px4_ws/install/x500_hover_controller:/home/mikks/ros2_px4_ws/install/example_mode_with_rclpy_py:/home/mikks/ros2_px4_ws/install/example_mode_goto_py:/home/mikks/ros2_px4_ws/install/px4_actuator_ctrl:/home/mikks/ros2_ws/install/rover_desc_description:/home/mikks/ros2_ws/install/px4_actuator_ctrl:/home/mikks/ros2_ws/install/mine_rover_description:/home/mikks/ros2_ws/install/ZerionURDFV5cp_description:/home/mikks/crazyflie_mapping_demo/ros2_ws/install/velocity_free_consensus:/home/mikks/crazyflie_mapping_demo/ros2_ws/install/stepwise_lowpos:/home/mikks/crazyflie_mapping_demo/ros2_ws/install/step_wise_lowpos:/home/mikks/crazyflie_mapping_demo/ros2_ws/install/second_order_formation_control:/home/mikks/crazyflie_mapping_demo/ros2_ws/install/ros_gz_crazyflie_control:/home/mikks/crazyflie_mapping_demo/ros2_ws/install/mixed_fractional_consensus:/home/mikks/crazyflie_mapping_demo/ros2_ws/install/lowest_pos:/home/mikks/crazyflie_mapping_demo/ros2_ws/install/linear_consensus:/home/mikks/crazyflie_mapping_demo/ros2_ws/install/highest_pos:/home/mikks/crazyflie_mapping_demo/ros2_ws/install/fractional_consensus_alpha:/home/mikks/crazyflie_mapping_demo/ros2_ws/install/event_triggered_swarm:/home/mikks/crazyflie_mapping_demo/ros2_ws/install/drone_logger:/home/mikks/crazyflie_mapping_demo/ros2_ws/install/distributed_average_tracking:/home/mikks/crazyflie_mapping_demo/ros2_ws/install/crazyflie_swarm_logic:/home/mikks/crazyflie_mapping_demo/ros2_ws/install/crazyflie_ros2_multiranger_wall_following:/home/mikks/crazyflie_mapping_demo/ros2_ws/install/crazyflie_ros2_multiranger_simple_mapper:/home/mikks/crazyflie_mapping_demo/ros2_ws/install/crazyflie_py:/home/mikks/crazyflie_mapping_demo/ros2_ws/install/cooperative_target_centric_formation:/home/mikks/crazyflie_mapping_demo/ros2_ws/install/containment_using_agent_information:/home/mikks/crazyflie_mapping_demo/ros2_ws/install/consensus_for_double_integrator:/home/mikks/crazyflie_mapping_demo/ros2_ws/install/consensus_alignment:/home/mikks/crazyflie_mapping_demo/ros2_ws/install/binary_consensus:/home/mikks/crazyflie_mapping_demo/ros2_ws/install/Second_Order_Min_Consensus_for_Heterogeneous_Agents:/home/mikks/crazyflie_mapping_demo/ros2_ws/install/BinaryContainmentChain:/opt/ros/jazzy DEBUGINFOD_URLS=https://debuginfod.ubuntu.com LD_LIBRARY_PATH=/home/mikks/ros2_px4_ws/install/px4_ros2_cpp/lib:/home/mikks/ros2_px4_ws/install/px4_msgs/lib:/home/mikks/ros2_px4_ws/install/px4_ros_com/lib:/home/mikks/NatNet_SDK_4.3_ubuntu/lib:/home/mikks/crazyflie_mapping_demo/ros2_ws/install/crazyflie_interfaces/lib:/opt/ros/jazzy/opt/gz_sim_vendor/lib:/opt/ros/jazzy/opt/gz_sensors_vendor/lib:/opt/ros/jazzy/opt/gz_physics_vendor/lib:/opt/ros/jazzy/opt/sdformat_vendor/lib:/opt/ros/jazzy/opt/rviz_ogre_vendor/lib:/opt/ros/jazzy/lib/x86_64-linux-gnu:/opt/ros/jazzy/opt/gz_gui_vendor/lib:/opt/ros/jazzy/opt/gz_transport_vendor/lib:/opt/ros/jazzy/opt/gz_rendering_vendor/lib:/opt/ros/jazzy/opt/gz_plugin_vendor/lib:/opt/ros/jazzy/opt/gz_fuel_tools_vendor/lib:/opt/ros/jazzy/opt/gz_msgs_vendor/lib:/opt/ros/jazzy/opt/gz_common_vendor/lib:/opt/ros/jazzy/opt/gz_math_vendor/lib:/opt/ros/jazzy/opt/gz_utils_vendor/lib:/opt/ros/jazzy/opt/gz_tools_vendor/lib:/opt/ros/jazzy/opt/gz_ogre_next_vendor/lib:/opt/ros/jazzy/opt/gz_dartsim_vendor/lib:/opt/ros/jazzy/opt/gz_cmake_vendor/lib:/opt/ros/jazzy/lib PYTHONPATH=/home/mikks/ros2_px4_ws/install/px4_msgs/lib/python3.12/site-packages:/home/mikks/ros2_px4_ws/build/x500_hover_controller:/home/mikks/ros2_px4_ws/install/x500_hover_controller/lib/python3.12/site-packages:/home/mikks/ros2_px4_ws/install/px4_ros_com/lib/python3.12/site-packages:/home/mikks/ros2_px4_ws/build/example_mode_with_rclpy_py:/home/mikks/ros2_px4_ws/install/example_mode_with_rclpy_py/lib/python3.12/site-packages:/home/mikks/ros2_px4_ws/build/example_mode_goto_py:/home/mikks/ros2_px4_ws/install/example_mode_goto_py/lib/python3.12/site-packages:/home/mikks/ros2_px4_ws/install/px4_ros2_py/lib/python3.12/site-packages:/home/mikks/ros2_px4_ws/build/px4_actuator_ctrl:/home/mikks/ros2_px4_ws/install/px4_actuator_ctrl/lib/python3.12/site-packages:/home/mikks/ros2_ws/build/rover_desc_description:/home/mikks/ros2_ws/install/rover_desc_description/lib/python3.12/site-packages:/home/mikks/ros2_ws/install/px4_actuator_ctrl/lib/python3.12/site-packages:/home/mikks/ros2_ws/build/mine_rover_description:/home/mikks/ros2_ws/install/mine_rover_description/lib/python3.12/site-packages:/home/mikks/ros2_ws/build/ZerionURDFV5cp_description:/home/mikks/ros2_ws/install/ZerionURDFV5cp_description/lib/python3.12/site-packages:/home/mikks/crazyflie_mapping_demo/ros2_ws/install/velocity_free_consensus/lib/python3.12/site-packages:/home/mikks/crazyflie_mapping_demo/ros2_ws/install/stepwise_lowpos/lib/python3.12/site-packages:/home/mikks/crazyflie_mapping_demo/ros2_ws/install/step_wise_lowpos/lib/python3.12/site-packages:/home/mikks/crazyflie_mapping_demo/ros2_ws/install/second_order_formation_control/lib/python3.12/site-packages:/home/mikks/crazyflie_mapping_demo/ros2_ws/install/ros_gz_crazyflie_control/lib/python3.12/site-packages:/home/mikks/crazyflie_mapping_demo/ros2_ws/install/mixed_fractional_consensus/lib/python3.12/site-packages:/home/mikks/crazyflie_mapping_demo/ros2_ws/install/lowest_pos/lib/python3.12/site-packages:/home/mikks/crazyflie_mapping_demo/ros2_ws/install/linear_consensus/lib/python3.12/site-packages:/home/mikks/crazyflie_mapping_demo/ros2_ws/install/highest_pos/lib/python3.12/site-packages:/home/mikks/crazyflie_mapping_demo/ros2_ws/install/fractional_consensus_alpha/lib/python3.12/site-packages:/home/mikks/crazyflie_mapping_demo/ros2_ws/install/event_triggered_swarm/lib/python3.12/site-packages:/home/mikks/crazyflie_mapping_demo/ros2_ws/install/drone_logger/lib/python3.12/site-packages:/home/mikks/crazyflie_mapping_demo/ros2_ws/install/distributed_average_tracking/lib/python3.12/site-packages:/home/mikks/crazyflie_mapping_demo/ros2_ws/install/crazyflie_swarm_logic/lib/python3.12/site-packages:/home/mikks/crazyflie_mapping_demo/ros2_ws/install/crazyflie_sim/lib/python3.12/site-packages:/home/mikks/crazyflie_mapping_demo/ros2_ws/install/crazyflie_ros2_multiranger_wall_following/lib/python3.12/site-packages:/home/mikks/crazyflie_mapping_demo/ros2_ws/install/crazyflie_ros2_multiranger_simple_mapper/lib/python3.12/site-packages:/home/mikks/crazyflie_mapping_demo/ros2_ws/install/crazyflie_examples/lib/python3.12/site-packages:/home/mikks/crazyflie_mapping_demo/ros2_ws/install/crazyflie_py/lib/python3.12/site-packages:/home/mikks/crazyflie_mapping_demo/ros2_ws/install/crazyflie_interfaces/lib/python3.12/site-packages:/home/mikks/crazyflie_mapping_demo/ros2_ws/install/cooperative_target_centric_formation/lib/python3.12/site-packages:/home/mikks/crazyflie_mapping_demo/ros2_ws/install/containment_using_agent_information/lib/python3.12/site-packages:/home/mikks/crazyflie_mapping_demo/ros2_ws/install/consensus_for_double_integrator/lib/python3.12/site-packages:/home/mikks/crazyflie_mapping_demo/ros2_ws/install/consensus_alignment/lib/python3.12/site-packages:/home/mikks/crazyflie_mapping_demo/ros2_ws/install/binary_consensus/lib/python3.12/site-packages:/home/mikks/crazyflie_mapping_demo/ros2_ws/install/Second_Order_Min_Consensus_for_Heterogeneous_Agents/lib/python3.12/site-packages:/home/mikks/crazyflie_mapping_demo/ros2_ws/install/BinaryContainmentChain/lib/python3.12/site-packages:/opt/ros/jazzy/lib/python3.12/site-packages /usr/bin/cmake --build /home/mikks/ros2_px4_ws/build/px4_ros2_py -- -j12 -l12
[3.492s] DEBUG:colcon.colcon_core.event_handler.log_command:Invoking command in '/home/mikks/ros2_px4_ws/build/example_executor_with_multiple_modes_cpp': CMAKE_PREFIX_PATH=/home/mikks/ros2_px4_ws/install/px4_ros2_cpp:/home/mikks/ros2_px4_ws/install/px4_msgs:/home/mikks/ros2_px4_ws/install/px4_ros_com:/home/mikks/ros2_px4_ws/install/px4_ros2_py:/home/mikks/ros2_px4_ws/install/example_rover_velocity_mode_cpp:/home/mikks/ros2_px4_ws/install/example_mode_with_executor_cpp:/home/mikks/ros2_px4_ws/install/example_mode_vtol_cpp:/home/mikks/ros2_px4_ws/install/example_mode_rtl_replacement_cpp:/home/mikks/ros2_px4_ws/install/example_mode_mission_cpp:/home/mikks/ros2_px4_ws/install/example_mode_manual_cpp:/home/mikks/ros2_px4_ws/install/example_mode_goto_global_cpp:/home/mikks/ros2_px4_ws/install/example_mode_goto_cpp:/home/mikks/ros2_px4_ws/install/example_mode_fw_attitude_cpp:/home/mikks/ros2_px4_ws/install/example_local_navigation_cpp:/home/mikks/ros2_px4_ws/install/example_global_navigation_cpp:/home/mikks/ros2_px4_ws/install/example_executor_with_multiple_modes_cpp:/home/mikks/crazyflie_mapping_demo/ros2_ws/install/crazyflie_ros2_multiranger_bringup:/home/mikks/crazyflie_mapping_demo/ros2_ws/install/ros_gz_crazyflie_bringup:/home/mikks/crazyflie_mapping_demo/ros2_ws/install/ros_gz_crazyflie_gazebo:/home/mikks/crazyflie_mapping_demo/ros2_ws/install/crazyflie_sim:/home/mikks/crazyflie_mapping_demo/ros2_ws/install/crazyflie_examples:/home/mikks/crazyflie_mapping_demo/ros2_ws/install/crazyflie:/home/mikks/crazyflie_mapping_demo/ros2_ws/install/crazyflie_interfaces:/opt/ros/jazzy/opt/gz_sim_vendor:/opt/ros/jazzy/opt/gz_sensors_vendor:/opt/ros/jazzy/opt/gz_physics_vendor:/opt/ros/jazzy/opt/sdformat_vendor:/opt/ros/jazzy/opt/gz_gui_vendor:/opt/ros/jazzy/opt/gz_transport_vendor:/opt/ros/jazzy/opt/gz_rendering_vendor:/opt/ros/jazzy/opt/gz_plugin_vendor:/opt/ros/jazzy/opt/gz_fuel_tools_vendor:/opt/ros/jazzy/opt/gz_msgs_vendor:/opt/ros/jazzy/opt/gz_common_vendor:/opt/ros/jazzy/opt/gz_math_vendor:/opt/ros/jazzy/opt/gz_utils_vendor:/opt/ros/jazzy/opt/gz_tools_vendor:/opt/ros/jazzy/opt/gz_ogre_next_vendor:/opt/ros/jazzy/opt/gz_dartsim_vendor:/opt/ros/jazzy/opt/gz_cmake_vendor:/home/mikks/ros2_px4_ws/install/x500_hover_controller:/home/mikks/ros2_px4_ws/install/example_mode_with_rclpy_py:/home/mikks/ros2_px4_ws/install/example_mode_goto_py:/home/mikks/ros2_px4_ws/install/px4_actuator_ctrl:/home/mikks/ros2_ws/install/rover_desc_description:/home/mikks/ros2_ws/install/px4_actuator_ctrl:/home/mikks/ros2_ws/install/mine_rover_description:/home/mikks/ros2_ws/install/ZerionURDFV5cp_description:/home/mikks/crazyflie_mapping_demo/ros2_ws/install/velocity_free_consensus:/home/mikks/crazyflie_mapping_demo/ros2_ws/install/stepwise_lowpos:/home/mikks/crazyflie_mapping_demo/ros2_ws/install/step_wise_lowpos:/home/mikks/crazyflie_mapping_demo/ros2_ws/install/second_order_formation_control:/home/mikks/crazyflie_mapping_demo/ros2_ws/install/ros_gz_crazyflie_control:/home/mikks/crazyflie_mapping_demo/ros2_ws/install/mixed_fractional_consensus:/home/mikks/crazyflie_mapping_demo/ros2_ws/install/lowest_pos:/home/mikks/crazyflie_mapping_demo/ros2_ws/install/linear_consensus:/home/mikks/crazyflie_mapping_demo/ros2_ws/install/highest_pos:/home/mikks/crazyflie_mapping_demo/ros2_ws/install/fractional_consensus_alpha:/home/mikks/crazyflie_mapping_demo/ros2_ws/install/event_triggered_swarm:/home/mikks/crazyflie_mapping_demo/ros2_ws/install/drone_logger:/home/mikks/crazyflie_mapping_demo/ros2_ws/install/distributed_average_tracking:/home/mikks/crazyflie_mapping_demo/ros2_ws/install/crazyflie_swarm_logic:/home/mikks/crazyflie_mapping_demo/ros2_ws/install/crazyflie_ros2_multiranger_wall_following:/home/mikks/crazyflie_mapping_demo/ros2_ws/install/crazyflie_ros2_multiranger_simple_mapper:/home/mikks/crazyflie_mapping_demo/ros2_ws/install/crazyflie_py:/home/mikks/crazyflie_mapping_demo/ros2_ws/install/cooperative_target_centric_formation:/home/mikks/crazyflie_mapping_demo/ros2_ws/install/containment_using_agent_information:/home/mikks/crazyflie_mapping_demo/ros2_ws/install/consensus_for_double_integrator:/home/mikks/crazyflie_mapping_demo/ros2_ws/install/consensus_alignment:/home/mikks/crazyflie_mapping_demo/ros2_ws/install/binary_consensus:/home/mikks/crazyflie_mapping_demo/ros2_ws/install/Second_Order_Min_Consensus_for_Heterogeneous_Agents:/home/mikks/crazyflie_mapping_demo/ros2_ws/install/BinaryContainmentChain:/opt/ros/jazzy DEBUGINFOD_URLS=https://debuginfod.ubuntu.com LD_LIBRARY_PATH=/home/mikks/ros2_px4_ws/install/px4_ros2_cpp/lib:/home/mikks/ros2_px4_ws/install/px4_msgs/lib:/home/mikks/ros2_px4_ws/install/px4_ros_com/lib:/home/mikks/NatNet_SDK_4.3_ubuntu/lib:/home/mikks/crazyflie_mapping_demo/ros2_ws/install/crazyflie_interfaces/lib:/opt/ros/jazzy/opt/gz_sim_vendor/lib:/opt/ros/jazzy/opt/gz_sensors_vendor/lib:/opt/ros/jazzy/opt/gz_physics_vendor/lib:/opt/ros/jazzy/opt/sdformat_vendor/lib:/opt/ros/jazzy/opt/rviz_ogre_vendor/lib:/opt/ros/jazzy/lib/x86_64-linux-gnu:/opt/ros/jazzy/opt/gz_gui_vendor/lib:/opt/ros/jazzy/opt/gz_transport_vendor/lib:/opt/ros/jazzy/opt/gz_rendering_vendor/lib:/opt/ros/jazzy/opt/gz_plugin_vendor/lib:/opt/ros/jazzy/opt/gz_fuel_tools_vendor/lib:/opt/ros/jazzy/opt/gz_msgs_vendor/lib:/opt/ros/jazzy/opt/gz_common_vendor/lib:/opt/ros/jazzy/opt/gz_math_vendor/lib:/opt/ros/jazzy/opt/gz_utils_vendor/lib:/opt/ros/jazzy/opt/gz_tools_vendor/lib:/opt/ros/jazzy/opt/gz_ogre_next_vendor/lib:/opt/ros/jazzy/opt/gz_dartsim_vendor/lib:/opt/ros/jazzy/opt/gz_cmake_vendor/lib:/opt/ros/jazzy/lib PYTHONPATH=/home/mikks/ros2_px4_ws/install/px4_msgs/lib/python3.12/site-packages:/home/mikks/ros2_px4_ws/build/x500_hover_controller:/home/mikks/ros2_px4_ws/install/x500_hover_controller/lib/python3.12/site-packages:/home/mikks/ros2_px4_ws/install/px4_ros_com/lib/python3.12/site-packages:/home/mikks/ros2_px4_ws/build/example_mode_with_rclpy_py:/home/mikks/ros2_px4_ws/install/example_mode_with_rclpy_py/lib/python3.12/site-packages:/home/mikks/ros2_px4_ws/build/example_mode_goto_py:/home/mikks/ros2_px4_ws/install/example_mode_goto_py/lib/python3.12/site-packages:/home/mikks/ros2_px4_ws/install/px4_ros2_py/lib/python3.12/site-packages:/home/mikks/ros2_px4_ws/build/px4_actuator_ctrl:/home/mikks/ros2_px4_ws/install/px4_actuator_ctrl/lib/python3.12/site-packages:/home/mikks/ros2_ws/build/rover_desc_description:/home/mikks/ros2_ws/install/rover_desc_description/lib/python3.12/site-packages:/home/mikks/ros2_ws/install/px4_actuator_ctrl/lib/python3.12/site-packages:/home/mikks/ros2_ws/build/mine_rover_description:/home/mikks/ros2_ws/install/mine_rover_description/lib/python3.12/site-packages:/home/mikks/ros2_ws/build/ZerionURDFV5cp_description:/home/mikks/ros2_ws/install/ZerionURDFV5cp_description/lib/python3.12/site-packages:/home/mikks/crazyflie_mapping_demo/ros2_ws/install/velocity_free_consensus/lib/python3.12/site-packages:/home/mikks/crazyflie_mapping_demo/ros2_ws/install/stepwise_lowpos/lib/python3.12/site-packages:/home/mikks/crazyflie_mapping_demo/ros2_ws/install/step_wise_lowpos/lib/python3.12/site-packages:/home/mikks/crazyflie_mapping_demo/ros2_ws/install/second_order_formation_control/lib/python3.12/site-packages:/home/mikks/crazyflie_mapping_demo/ros2_ws/install/ros_gz_crazyflie_control/lib/python3.12/site-packages:/home/mikks/crazyflie_mapping_demo/ros2_ws/install/mixed_fractional_consensus/lib/python3.12/site-packages:/home/mikks/crazyflie_mapping_demo/ros2_ws/install/lowest_pos/lib/python3.12/site-packages:/home/mikks/crazyflie_mapping_demo/ros2_ws/install/linear_consensus/lib/python3.12/site-packages:/home/mikks/crazyflie_mapping_demo/ros2_ws/install/highest_pos/lib/python3.12/site-packages:/home/mikks/crazyflie_mapping_demo/ros2_ws/install/fractional_consensus_alpha/lib/python3.12/site-packages:/home/mikks/crazyflie_mapping_demo/ros2_ws/install/event_triggered_swarm/lib/python3.12/site-packages:/home/mikks/crazyflie_mapping_demo/ros2_ws/install/drone_logger/lib/python3.12/site-packages:/home/mikks/crazyflie_mapping_demo/ros2_ws/install/distributed_average_tracking/lib/python3.12/site-packages:/home/mikks/crazyflie_mapping_demo/ros2_ws/install/crazyflie_swarm_logic/lib/python3.12/site-packages:/home/mikks/crazyflie_mapping_demo/ros2_ws/install/crazyflie_sim/lib/python3.12/site-packages:/home/mikks/crazyflie_mapping_demo/ros2_ws/install/crazyflie_ros2_multiranger_wall_following/lib/python3.12/site-packages:/home/mikks/crazyflie_mapping_demo/ros2_ws/install/crazyflie_ros2_multiranger_simple_mapper/lib/python3.12/site-packages:/home/mikks/crazyflie_mapping_demo/ros2_ws/install/crazyflie_examples/lib/python3.12/site-packages:/home/mikks/crazyflie_mapping_demo/ros2_ws/install/crazyflie_py/lib/python3.12/site-packages:/home/mikks/crazyflie_mapping_demo/ros2_ws/install/crazyflie_interfaces/lib/python3.12/site-packages:/home/mikks/crazyflie_mapping_demo/ros2_ws/install/cooperative_target_centric_formation/lib/python3.12/site-packages:/home/mikks/crazyflie_mapping_demo/ros2_ws/install/containment_using_agent_information/lib/python3.12/site-packages:/home/mikks/crazyflie_mapping_demo/ros2_ws/install/consensus_for_double_integrator/lib/python3.12/site-packages:/home/mikks/crazyflie_mapping_demo/ros2_ws/install/consensus_alignment/lib/python3.12/site-packages:/home/mikks/crazyflie_mapping_demo/ros2_ws/install/binary_consensus/lib/python3.12/site-packages:/home/mikks/crazyflie_mapping_demo/ros2_ws/install/Second_Order_Min_Consensus_for_Heterogeneous_Agents/lib/python3.12/site-packages:/home/mikks/crazyflie_mapping_demo/ros2_ws/install/BinaryContainmentChain/lib/python3.12/site-packages:/opt/ros/jazzy/lib/python3.12/site-packages /usr/bin/cmake --build /home/mikks/ros2_px4_ws/build/example_executor_with_multiple_modes_cpp -- -j12 -l12
[3.496s] DEBUG:colcon.colcon_core.event_handler.log_command:Invoking command in '/home/mikks/ros2_px4_ws/build/example_global_navigation_cpp': CMAKE_PREFIX_PATH=/home/mikks/ros2_px4_ws/install/px4_ros2_cpp:/home/mikks/ros2_px4_ws/install/px4_msgs:/home/mikks/ros2_px4_ws/install/px4_ros_com:/home/mikks/ros2_px4_ws/install/px4_ros2_py:/home/mikks/ros2_px4_ws/install/example_rover_velocity_mode_cpp:/home/mikks/ros2_px4_ws/install/example_mode_with_executor_cpp:/home/mikks/ros2_px4_ws/install/example_mode_vtol_cpp:/home/mikks/ros2_px4_ws/install/example_mode_rtl_replacement_cpp:/home/mikks/ros2_px4_ws/install/example_mode_mission_cpp:/home/mikks/ros2_px4_ws/install/example_mode_manual_cpp:/home/mikks/ros2_px4_ws/install/example_mode_goto_global_cpp:/home/mikks/ros2_px4_ws/install/example_mode_goto_cpp:/home/mikks/ros2_px4_ws/install/example_mode_fw_attitude_cpp:/home/mikks/ros2_px4_ws/install/example_local_navigation_cpp:/home/mikks/ros2_px4_ws/install/example_global_navigation_cpp:/home/mikks/ros2_px4_ws/install/example_executor_with_multiple_modes_cpp:/home/mikks/crazyflie_mapping_demo/ros2_ws/install/crazyflie_ros2_multiranger_bringup:/home/mikks/crazyflie_mapping_demo/ros2_ws/install/ros_gz_crazyflie_bringup:/home/mikks/crazyflie_mapping_demo/ros2_ws/install/ros_gz_crazyflie_gazebo:/home/mikks/crazyflie_mapping_demo/ros2_ws/install/crazyflie_sim:/home/mikks/crazyflie_mapping_demo/ros2_ws/install/crazyflie_examples:/home/mikks/crazyflie_mapping_demo/ros2_ws/install/crazyflie:/home/mikks/crazyflie_mapping_demo/ros2_ws/install/crazyflie_interfaces:/opt/ros/jazzy/opt/gz_sim_vendor:/opt/ros/jazzy/opt/gz_sensors_vendor:/opt/ros/jazzy/opt/gz_physics_vendor:/opt/ros/jazzy/opt/sdformat_vendor:/opt/ros/jazzy/opt/gz_gui_vendor:/opt/ros/jazzy/opt/gz_transport_vendor:/opt/ros/jazzy/opt/gz_rendering_vendor:/opt/ros/jazzy/opt/gz_plugin_vendor:/opt/ros/jazzy/opt/gz_fuel_tools_vendor:/opt/ros/jazzy/opt/gz_msgs_vendor:/opt/ros/jazzy/opt/gz_common_vendor:/opt/ros/jazzy/opt/gz_math_vendor:/opt/ros/jazzy/opt/gz_utils_vendor:/opt/ros/jazzy/opt/gz_tools_vendor:/opt/ros/jazzy/opt/gz_ogre_next_vendor:/opt/ros/jazzy/opt/gz_dartsim_vendor:/opt/ros/jazzy/opt/gz_cmake_vendor:/home/mikks/ros2_px4_ws/install/x500_hover_controller:/home/mikks/ros2_px4_ws/install/example_mode_with_rclpy_py:/home/mikks/ros2_px4_ws/install/example_mode_goto_py:/home/mikks/ros2_px4_ws/install/px4_actuator_ctrl:/home/mikks/ros2_ws/install/rover_desc_description:/home/mikks/ros2_ws/install/px4_actuator_ctrl:/home/mikks/ros2_ws/install/mine_rover_description:/home/mikks/ros2_ws/install/ZerionURDFV5cp_description:/home/mikks/crazyflie_mapping_demo/ros2_ws/install/velocity_free_consensus:/home/mikks/crazyflie_mapping_demo/ros2_ws/install/stepwise_lowpos:/home/mikks/crazyflie_mapping_demo/ros2_ws/install/step_wise_lowpos:/home/mikks/crazyflie_mapping_demo/ros2_ws/install/second_order_formation_control:/home/mikks/crazyflie_mapping_demo/ros2_ws/install/ros_gz_crazyflie_control:/home/mikks/crazyflie_mapping_demo/ros2_ws/install/mixed_fractional_consensus:/home/mikks/crazyflie_mapping_demo/ros2_ws/install/lowest_pos:/home/mikks/crazyflie_mapping_demo/ros2_ws/install/linear_consensus:/home/mikks/crazyflie_mapping_demo/ros2_ws/install/highest_pos:/home/mikks/crazyflie_mapping_demo/ros2_ws/install/fractional_consensus_alpha:/home/mikks/crazyflie_mapping_demo/ros2_ws/install/event_triggered_swarm:/home/mikks/crazyflie_mapping_demo/ros2_ws/install/drone_logger:/home/mikks/crazyflie_mapping_demo/ros2_ws/install/distributed_average_tracking:/home/mikks/crazyflie_mapping_demo/ros2_ws/install/crazyflie_swarm_logic:/home/mikks/crazyflie_mapping_demo/ros2_ws/install/crazyflie_ros2_multiranger_wall_following:/home/mikks/crazyflie_mapping_demo/ros2_ws/install/crazyflie_ros2_multiranger_simple_mapper:/home/mikks/crazyflie_mapping_demo/ros2_ws/install/crazyflie_py:/home/mikks/crazyflie_mapping_demo/ros2_ws/install/cooperative_target_centric_formation:/home/mikks/crazyflie_mapping_demo/ros2_ws/install/containment_using_agent_information:/home/mikks/crazyflie_mapping_demo/ros2_ws/install/consensus_for_double_integrator:/home/mikks/crazyflie_mapping_demo/ros2_ws/install/consensus_alignment:/home/mikks/crazyflie_mapping_demo/ros2_ws/install/binary_consensus:/home/mikks/crazyflie_mapping_demo/ros2_ws/install/Second_Order_Min_Consensus_for_Heterogeneous_Agents:/home/mikks/crazyflie_mapping_demo/ros2_ws/install/BinaryContainmentChain:/opt/ros/jazzy DEBUGINFOD_URLS=https://debuginfod.ubuntu.com LD_LIBRARY_PATH=/home/mikks/ros2_px4_ws/install/px4_ros2_cpp/lib:/home/mikks/ros2_px4_ws/install/px4_msgs/lib:/home/mikks/ros2_px4_ws/install/px4_ros_com/lib:/home/mikks/NatNet_SDK_4.3_ubuntu/lib:/home/mikks/crazyflie_mapping_demo/ros2_ws/install/crazyflie_interfaces/lib:/opt/ros/jazzy/opt/gz_sim_vendor/lib:/opt/ros/jazzy/opt/gz_sensors_vendor/lib:/opt/ros/jazzy/opt/gz_physics_vendor/lib:/opt/ros/jazzy/opt/sdformat_vendor/lib:/opt/ros/jazzy/opt/rviz_ogre_vendor/lib:/opt/ros/jazzy/lib/x86_64-linux-gnu:/opt/ros/jazzy/opt/gz_gui_vendor/lib:/opt/ros/jazzy/opt/gz_transport_vendor/lib:/opt/ros/jazzy/opt/gz_rendering_vendor/lib:/opt/ros/jazzy/opt/gz_plugin_vendor/lib:/opt/ros/jazzy/opt/gz_fuel_tools_vendor/lib:/opt/ros/jazzy/opt/gz_msgs_vendor/lib:/opt/ros/jazzy/opt/gz_common_vendor/lib:/opt/ros/jazzy/opt/gz_math_vendor/lib:/opt/ros/jazzy/opt/gz_utils_vendor/lib:/opt/ros/jazzy/opt/gz_tools_vendor/lib:/opt/ros/jazzy/opt/gz_ogre_next_vendor/lib:/opt/ros/jazzy/opt/gz_dartsim_vendor/lib:/opt/ros/jazzy/opt/gz_cmake_vendor/lib:/opt/ros/jazzy/lib PYTHONPATH=/home/mikks/ros2_px4_ws/install/px4_msgs/lib/python3.12/site-packages:/home/mikks/ros2_px4_ws/build/x500_hover_controller:/home/mikks/ros2_px4_ws/install/x500_hover_controller/lib/python3.12/site-packages:/home/mikks/ros2_px4_ws/install/px4_ros_com/lib/python3.12/site-packages:/home/mikks/ros2_px4_ws/build/example_mode_with_rclpy_py:/home/mikks/ros2_px4_ws/install/example_mode_with_rclpy_py/lib/python3.12/site-packages:/home/mikks/ros2_px4_ws/build/example_mode_goto_py:/home/mikks/ros2_px4_ws/install/example_mode_goto_py/lib/python3.12/site-packages:/home/mikks/ros2_px4_ws/install/px4_ros2_py/lib/python3.12/site-packages:/home/mikks/ros2_px4_ws/build/px4_actuator_ctrl:/home/mikks/ros2_px4_ws/install/px4_actuator_ctrl/lib/python3.12/site-packages:/home/mikks/ros2_ws/build/rover_desc_description:/home/mikks/ros2_ws/install/rover_desc_description/lib/python3.12/site-packages:/home/mikks/ros2_ws/install/px4_actuator_ctrl/lib/python3.12/site-packages:/home/mikks/ros2_ws/build/mine_rover_description:/home/mikks/ros2_ws/install/mine_rover_description/lib/python3.12/site-packages:/home/mikks/ros2_ws/build/ZerionURDFV5cp_description:/home/mikks/ros2_ws/install/ZerionURDFV5cp_description/lib/python3.12/site-packages:/home/mikks/crazyflie_mapping_demo/ros2_ws/install/velocity_free_consensus/lib/python3.12/site-packages:/home/mikks/crazyflie_mapping_demo/ros2_ws/install/stepwise_lowpos/lib/python3.12/site-packages:/home/mikks/crazyflie_mapping_demo/ros2_ws/install/step_wise_lowpos/lib/python3.12/site-packages:/home/mikks/crazyflie_mapping_demo/ros2_ws/install/second_order_formation_control/lib/python3.12/site-packages:/home/mikks/crazyflie_mapping_demo/ros2_ws/install/ros_gz_crazyflie_control/lib/python3.12/site-packages:/home/mikks/crazyflie_mapping_demo/ros2_ws/install/mixed_fractional_consensus/lib/python3.12/site-packages:/home/mikks/crazyflie_mapping_demo/ros2_ws/install/lowest_pos/lib/python3.12/site-packages:/home/mikks/crazyflie_mapping_demo/ros2_ws/install/linear_consensus/lib/python3.12/site-packages:/home/mikks/crazyflie_mapping_demo/ros2_ws/install/highest_pos/lib/python3.12/site-packages:/home/mikks/crazyflie_mapping_demo/ros2_ws/install/fractional_consensus_alpha/lib/python3.12/site-packages:/home/mikks/crazyflie_mapping_demo/ros2_ws/install/event_triggered_swarm/lib/python3.12/site-packages:/home/mikks/crazyflie_mapping_demo/ros2_ws/install/drone_logger/lib/python3.12/site-packages:/home/mikks/crazyflie_mapping_demo/ros2_ws/install/distributed_average_tracking/lib/python3.12/site-packages:/home/mikks/crazyflie_mapping_demo/ros2_ws/install/crazyflie_swarm_logic/lib/python3.12/site-packages:/home/mikks/crazyflie_mapping_demo/ros2_ws/install/crazyflie_sim/lib/python3.12/site-packages:/home/mikks/crazyflie_mapping_demo/ros2_ws/install/crazyflie_ros2_multiranger_wall_following/lib/python3.12/site-packages:/home/mikks/crazyflie_mapping_demo/ros2_ws/install/crazyflie_ros2_multiranger_simple_mapper/lib/python3.12/site-packages:/home/mikks/crazyflie_mapping_demo/ros2_ws/install/crazyflie_examples/lib/python3.12/site-packages:/home/mikks/crazyflie_mapping_demo/ros2_ws/install/crazyflie_py/lib/python3.12/site-packages:/home/mikks/crazyflie_mapping_demo/ros2_ws/install/crazyflie_interfaces/lib/python3.12/site-packages:/home/mikks/crazyflie_mapping_demo/ros2_ws/install/cooperative_target_centric_formation/lib/python3.12/site-packages:/home/mikks/crazyflie_mapping_demo/ros2_ws/install/containment_using_agent_information/lib/python3.12/site-packages:/home/mikks/crazyflie_mapping_demo/ros2_ws/install/consensus_for_double_integrator/lib/python3.12/site-packages:/home/mikks/crazyflie_mapping_demo/ros2_ws/install/consensus_alignment/lib/python3.12/site-packages:/home/mikks/crazyflie_mapping_demo/ros2_ws/install/binary_consensus/lib/python3.12/site-packages:/home/mikks/crazyflie_mapping_demo/ros2_ws/install/Second_Order_Min_Consensus_for_Heterogeneous_Agents/lib/python3.12/site-packages:/home/mikks/crazyflie_mapping_demo/ros2_ws/install/BinaryContainmentChain/lib/python3.12/site-packages:/opt/ros/jazzy/lib/python3.12/site-packages /usr/bin/cmake --build /home/mikks/ros2_px4_ws/build/example_global_navigation_cpp -- -j12 -l12
[3.499s] DEBUG:colcon.colcon_core.event_handler.log_command:Invoking command in '/home/mikks/ros2_px4_ws/build/example_local_navigation_cpp': CMAKE_PREFIX_PATH=/home/mikks/ros2_px4_ws/install/px4_ros2_cpp:/home/mikks/ros2_px4_ws/install/px4_msgs:/home/mikks/ros2_px4_ws/install/px4_ros_com:/home/mikks/ros2_px4_ws/install/px4_ros2_py:/home/mikks/ros2_px4_ws/install/example_rover_velocity_mode_cpp:/home/mikks/ros2_px4_ws/install/example_mode_with_executor_cpp:/home/mikks/ros2_px4_ws/install/example_mode_vtol_cpp:/home/mikks/ros2_px4_ws/install/example_mode_rtl_replacement_cpp:/home/mikks/ros2_px4_ws/install/example_mode_mission_cpp:/home/mikks/ros2_px4_ws/install/example_mode_manual_cpp:/home/mikks/ros2_px4_ws/install/example_mode_goto_global_cpp:/home/mikks/ros2_px4_ws/install/example_mode_goto_cpp:/home/mikks/ros2_px4_ws/install/example_mode_fw_attitude_cpp:/home/mikks/ros2_px4_ws/install/example_local_navigation_cpp:/home/mikks/ros2_px4_ws/install/example_global_navigation_cpp:/home/mikks/ros2_px4_ws/install/example_executor_with_multiple_modes_cpp:/home/mikks/crazyflie_mapping_demo/ros2_ws/install/crazyflie_ros2_multiranger_bringup:/home/mikks/crazyflie_mapping_demo/ros2_ws/install/ros_gz_crazyflie_bringup:/home/mikks/crazyflie_mapping_demo/ros2_ws/install/ros_gz_crazyflie_gazebo:/home/mikks/crazyflie_mapping_demo/ros2_ws/install/crazyflie_sim:/home/mikks/crazyflie_mapping_demo/ros2_ws/install/crazyflie_examples:/home/mikks/crazyflie_mapping_demo/ros2_ws/install/crazyflie:/home/mikks/crazyflie_mapping_demo/ros2_ws/install/crazyflie_interfaces:/opt/ros/jazzy/opt/gz_sim_vendor:/opt/ros/jazzy/opt/gz_sensors_vendor:/opt/ros/jazzy/opt/gz_physics_vendor:/opt/ros/jazzy/opt/sdformat_vendor:/opt/ros/jazzy/opt/gz_gui_vendor:/opt/ros/jazzy/opt/gz_transport_vendor:/opt/ros/jazzy/opt/gz_rendering_vendor:/opt/ros/jazzy/opt/gz_plugin_vendor:/opt/ros/jazzy/opt/gz_fuel_tools_vendor:/opt/ros/jazzy/opt/gz_msgs_vendor:/opt/ros/jazzy/opt/gz_common_vendor:/opt/ros/jazzy/opt/gz_math_vendor:/opt/ros/jazzy/opt/gz_utils_vendor:/opt/ros/jazzy/opt/gz_tools_vendor:/opt/ros/jazzy/opt/gz_ogre_next_vendor:/opt/ros/jazzy/opt/gz_dartsim_vendor:/opt/ros/jazzy/opt/gz_cmake_vendor:/home/mikks/ros2_px4_ws/install/x500_hover_controller:/home/mikks/ros2_px4_ws/install/example_mode_with_rclpy_py:/home/mikks/ros2_px4_ws/install/example_mode_goto_py:/home/mikks/ros2_px4_ws/install/px4_actuator_ctrl:/home/mikks/ros2_ws/install/rover_desc_description:/home/mikks/ros2_ws/install/px4_actuator_ctrl:/home/mikks/ros2_ws/install/mine_rover_description:/home/mikks/ros2_ws/install/ZerionURDFV5cp_description:/home/mikks/crazyflie_mapping_demo/ros2_ws/install/velocity_free_consensus:/home/mikks/crazyflie_mapping_demo/ros2_ws/install/stepwise_lowpos:/home/mikks/crazyflie_mapping_demo/ros2_ws/install/step_wise_lowpos:/home/mikks/crazyflie_mapping_demo/ros2_ws/install/second_order_formation_control:/home/mikks/crazyflie_mapping_demo/ros2_ws/install/ros_gz_crazyflie_control:/home/mikks/crazyflie_mapping_demo/ros2_ws/install/mixed_fractional_consensus:/home/mikks/crazyflie_mapping_demo/ros2_ws/install/lowest_pos:/home/mikks/crazyflie_mapping_demo/ros2_ws/install/linear_consensus:/home/mikks/crazyflie_mapping_demo/ros2_ws/install/highest_pos:/home/mikks/crazyflie_mapping_demo/ros2_ws/install/fractional_consensus_alpha:/home/mikks/crazyflie_mapping_demo/ros2_ws/install/event_triggered_swarm:/home/mikks/crazyflie_mapping_demo/ros2_ws/install/drone_logger:/home/mikks/crazyflie_mapping_demo/ros2_ws/install/distributed_average_tracking:/home/mikks/crazyflie_mapping_demo/ros2_ws/install/crazyflie_swarm_logic:/home/mikks/crazyflie_mapping_demo/ros2_ws/install/crazyflie_ros2_multiranger_wall_following:/home/mikks/crazyflie_mapping_demo/ros2_ws/install/crazyflie_ros2_multiranger_simple_mapper:/home/mikks/crazyflie_mapping_demo/ros2_ws/install/crazyflie_py:/home/mikks/crazyflie_mapping_demo/ros2_ws/install/cooperative_target_centric_formation:/home/mikks/crazyflie_mapping_demo/ros2_ws/install/containment_using_agent_information:/home/mikks/crazyflie_mapping_demo/ros2_ws/install/consensus_for_double_integrator:/home/mikks/crazyflie_mapping_demo/ros2_ws/install/consensus_alignment:/home/mikks/crazyflie_mapping_demo/ros2_ws/install/binary_consensus:/home/mikks/crazyflie_mapping_demo/ros2_ws/install/Second_Order_Min_Consensus_for_Heterogeneous_Agents:/home/mikks/crazyflie_mapping_demo/ros2_ws/install/BinaryContainmentChain:/opt/ros/jazzy DEBUGINFOD_URLS=https://debuginfod.ubuntu.com LD_LIBRARY_PATH=/home/mikks/ros2_px4_ws/install/px4_ros2_cpp/lib:/home/mikks/ros2_px4_ws/install/px4_msgs/lib:/home/mikks/ros2_px4_ws/install/px4_ros_com/lib:/home/mikks/NatNet_SDK_4.3_ubuntu/lib:/home/mikks/crazyflie_mapping_demo/ros2_ws/install/crazyflie_interfaces/lib:/opt/ros/jazzy/opt/gz_sim_vendor/lib:/opt/ros/jazzy/opt/gz_sensors_vendor/lib:/opt/ros/jazzy/opt/gz_physics_vendor/lib:/opt/ros/jazzy/opt/sdformat_vendor/lib:/opt/ros/jazzy/opt/rviz_ogre_vendor/lib:/opt/ros/jazzy/lib/x86_64-linux-gnu:/opt/ros/jazzy/opt/gz_gui_vendor/lib:/opt/ros/jazzy/opt/gz_transport_vendor/lib:/opt/ros/jazzy/opt/gz_rendering_vendor/lib:/opt/ros/jazzy/opt/gz_plugin_vendor/lib:/opt/ros/jazzy/opt/gz_fuel_tools_vendor/lib:/opt/ros/jazzy/opt/gz_msgs_vendor/lib:/opt/ros/jazzy/opt/gz_common_vendor/lib:/opt/ros/jazzy/opt/gz_math_vendor/lib:/opt/ros/jazzy/opt/gz_utils_vendor/lib:/opt/ros/jazzy/opt/gz_tools_vendor/lib:/opt/ros/jazzy/opt/gz_ogre_next_vendor/lib:/opt/ros/jazzy/opt/gz_dartsim_vendor/lib:/opt/ros/jazzy/opt/gz_cmake_vendor/lib:/opt/ros/jazzy/lib PYTHONPATH=/home/mikks/ros2_px4_ws/install/px4_msgs/lib/python3.12/site-packages:/home/mikks/ros2_px4_ws/build/x500_hover_controller:/home/mikks/ros2_px4_ws/install/x500_hover_controller/lib/python3.12/site-packages:/home/mikks/ros2_px4_ws/install/px4_ros_com/lib/python3.12/site-packages:/home/mikks/ros2_px4_ws/build/example_mode_with_rclpy_py:/home/mikks/ros2_px4_ws/install/example_mode_with_rclpy_py/lib/python3.12/site-packages:/home/mikks/ros2_px4_ws/build/example_mode_goto_py:/home/mikks/ros2_px4_ws/install/example_mode_goto_py/lib/python3.12/site-packages:/home/mikks/ros2_px4_ws/install/px4_ros2_py/lib/python3.12/site-packages:/home/mikks/ros2_px4_ws/build/px4_actuator_ctrl:/home/mikks/ros2_px4_ws/install/px4_actuator_ctrl/lib/python3.12/site-packages:/home/mikks/ros2_ws/build/rover_desc_description:/home/mikks/ros2_ws/install/rover_desc_description/lib/python3.12/site-packages:/home/mikks/ros2_ws/install/px4_actuator_ctrl/lib/python3.12/site-packages:/home/mikks/ros2_ws/build/mine_rover_description:/home/mikks/ros2_ws/install/mine_rover_description/lib/python3.12/site-packages:/home/mikks/ros2_ws/build/ZerionURDFV5cp_description:/home/mikks/ros2_ws/install/ZerionURDFV5cp_description/lib/python3.12/site-packages:/home/mikks/crazyflie_mapping_demo/ros2_ws/install/velocity_free_consensus/lib/python3.12/site-packages:/home/mikks/crazyflie_mapping_demo/ros2_ws/install/stepwise_lowpos/lib/python3.12/site-packages:/home/mikks/crazyflie_mapping_demo/ros2_ws/install/step_wise_lowpos/lib/python3.12/site-packages:/home/mikks/crazyflie_mapping_demo/ros2_ws/install/second_order_formation_control/lib/python3.12/site-packages:/home/mikks/crazyflie_mapping_demo/ros2_ws/install/ros_gz_crazyflie_control/lib/python3.12/site-packages:/home/mikks/crazyflie_mapping_demo/ros2_ws/install/mixed_fractional_consensus/lib/python3.12/site-packages:/home/mikks/crazyflie_mapping_demo/ros2_ws/install/lowest_pos/lib/python3.12/site-packages:/home/mikks/crazyflie_mapping_demo/ros2_ws/install/linear_consensus/lib/python3.12/site-packages:/home/mikks/crazyflie_mapping_demo/ros2_ws/install/highest_pos/lib/python3.12/site-packages:/home/mikks/crazyflie_mapping_demo/ros2_ws/install/fractional_consensus_alpha/lib/python3.12/site-packages:/home/mikks/crazyflie_mapping_demo/ros2_ws/install/event_triggered_swarm/lib/python3.12/site-packages:/home/mikks/crazyflie_mapping_demo/ros2_ws/install/drone_logger/lib/python3.12/site-packages:/home/mikks/crazyflie_mapping_demo/ros2_ws/install/distributed_average_tracking/lib/python3.12/site-packages:/home/mikks/crazyflie_mapping_demo/ros2_ws/install/crazyflie_swarm_logic/lib/python3.12/site-packages:/home/mikks/crazyflie_mapping_demo/ros2_ws/install/crazyflie_sim/lib/python3.12/site-packages:/home/mikks/crazyflie_mapping_demo/ros2_ws/install/crazyflie_ros2_multiranger_wall_following/lib/python3.12/site-packages:/home/mikks/crazyflie_mapping_demo/ros2_ws/install/crazyflie_ros2_multiranger_simple_mapper/lib/python3.12/site-packages:/home/mikks/crazyflie_mapping_demo/ros2_ws/install/crazyflie_examples/lib/python3.12/site-packages:/home/mikks/crazyflie_mapping_demo/ros2_ws/install/crazyflie_py/lib/python3.12/site-packages:/home/mikks/crazyflie_mapping_demo/ros2_ws/install/crazyflie_interfaces/lib/python3.12/site-packages:/home/mikks/crazyflie_mapping_demo/ros2_ws/install/cooperative_target_centric_formation/lib/python3.12/site-packages:/home/mikks/crazyflie_mapping_demo/ros2_ws/install/containment_using_agent_information/lib/python3.12/site-packages:/home/mikks/crazyflie_mapping_demo/ros2_ws/install/consensus_for_double_integrator/lib/python3.12/site-packages:/home/mikks/crazyflie_mapping_demo/ros2_ws/install/consensus_alignment/lib/python3.12/site-packages:/home/mikks/crazyflie_mapping_demo/ros2_ws/install/binary_consensus/lib/python3.12/site-packages:/home/mikks/crazyflie_mapping_demo/ros2_ws/install/Second_Order_Min_Consensus_for_Heterogeneous_Agents/lib/python3.12/site-packages:/home/mikks/crazyflie_mapping_demo/ros2_ws/install/BinaryContainmentChain/lib/python3.12/site-packages:/opt/ros/jazzy/lib/python3.12/site-packages /usr/bin/cmake --build /home/mikks/ros2_px4_ws/build/example_local_navigation_cpp -- -j12 -l12
[3.501s] DEBUG:colcon.colcon_core.event_handler.log_command:Invoking command in '/home/mikks/ros2_px4_ws/build/example_mode_fw_attitude_cpp': CMAKE_PREFIX_PATH=/home/mikks/ros2_px4_ws/install/px4_ros2_cpp:/home/mikks/ros2_px4_ws/install/px4_msgs:/home/mikks/ros2_px4_ws/install/px4_ros_com:/home/mikks/ros2_px4_ws/install/px4_ros2_py:/home/mikks/ros2_px4_ws/install/example_rover_velocity_mode_cpp:/home/mikks/ros2_px4_ws/install/example_mode_with_executor_cpp:/home/mikks/ros2_px4_ws/install/example_mode_vtol_cpp:/home/mikks/ros2_px4_ws/install/example_mode_rtl_replacement_cpp:/home/mikks/ros2_px4_ws/install/example_mode_mission_cpp:/home/mikks/ros2_px4_ws/install/example_mode_manual_cpp:/home/mikks/ros2_px4_ws/install/example_mode_goto_global_cpp:/home/mikks/ros2_px4_ws/install/example_mode_goto_cpp:/home/mikks/ros2_px4_ws/install/example_mode_fw_attitude_cpp:/home/mikks/ros2_px4_ws/install/example_local_navigation_cpp:/home/mikks/ros2_px4_ws/install/example_global_navigation_cpp:/home/mikks/ros2_px4_ws/install/example_executor_with_multiple_modes_cpp:/home/mikks/crazyflie_mapping_demo/ros2_ws/install/crazyflie_ros2_multiranger_bringup:/home/mikks/crazyflie_mapping_demo/ros2_ws/install/ros_gz_crazyflie_bringup:/home/mikks/crazyflie_mapping_demo/ros2_ws/install/ros_gz_crazyflie_gazebo:/home/mikks/crazyflie_mapping_demo/ros2_ws/install/crazyflie_sim:/home/mikks/crazyflie_mapping_demo/ros2_ws/install/crazyflie_examples:/home/mikks/crazyflie_mapping_demo/ros2_ws/install/crazyflie:/home/mikks/crazyflie_mapping_demo/ros2_ws/install/crazyflie_interfaces:/opt/ros/jazzy/opt/gz_sim_vendor:/opt/ros/jazzy/opt/gz_sensors_vendor:/opt/ros/jazzy/opt/gz_physics_vendor:/opt/ros/jazzy/opt/sdformat_vendor:/opt/ros/jazzy/opt/gz_gui_vendor:/opt/ros/jazzy/opt/gz_transport_vendor:/opt/ros/jazzy/opt/gz_rendering_vendor:/opt/ros/jazzy/opt/gz_plugin_vendor:/opt/ros/jazzy/opt/gz_fuel_tools_vendor:/opt/ros/jazzy/opt/gz_msgs_vendor:/opt/ros/jazzy/opt/gz_common_vendor:/opt/ros/jazzy/opt/gz_math_vendor:/opt/ros/jazzy/opt/gz_utils_vendor:/opt/ros/jazzy/opt/gz_tools_vendor:/opt/ros/jazzy/opt/gz_ogre_next_vendor:/opt/ros/jazzy/opt/gz_dartsim_vendor:/opt/ros/jazzy/opt/gz_cmake_vendor:/home/mikks/ros2_px4_ws/install/x500_hover_controller:/home/mikks/ros2_px4_ws/install/example_mode_with_rclpy_py:/home/mikks/ros2_px4_ws/install/example_mode_goto_py:/home/mikks/ros2_px4_ws/install/px4_actuator_ctrl:/home/mikks/ros2_ws/install/rover_desc_description:/home/mikks/ros2_ws/install/px4_actuator_ctrl:/home/mikks/ros2_ws/install/mine_rover_description:/home/mikks/ros2_ws/install/ZerionURDFV5cp_description:/home/mikks/crazyflie_mapping_demo/ros2_ws/install/velocity_free_consensus:/home/mikks/crazyflie_mapping_demo/ros2_ws/install/stepwise_lowpos:/home/mikks/crazyflie_mapping_demo/ros2_ws/install/step_wise_lowpos:/home/mikks/crazyflie_mapping_demo/ros2_ws/install/second_order_formation_control:/home/mikks/crazyflie_mapping_demo/ros2_ws/install/ros_gz_crazyflie_control:/home/mikks/crazyflie_mapping_demo/ros2_ws/install/mixed_fractional_consensus:/home/mikks/crazyflie_mapping_demo/ros2_ws/install/lowest_pos:/home/mikks/crazyflie_mapping_demo/ros2_ws/install/linear_consensus:/home/mikks/crazyflie_mapping_demo/ros2_ws/install/highest_pos:/home/mikks/crazyflie_mapping_demo/ros2_ws/install/fractional_consensus_alpha:/home/mikks/crazyflie_mapping_demo/ros2_ws/install/event_triggered_swarm:/home/mikks/crazyflie_mapping_demo/ros2_ws/install/drone_logger:/home/mikks/crazyflie_mapping_demo/ros2_ws/install/distributed_average_tracking:/home/mikks/crazyflie_mapping_demo/ros2_ws/install/crazyflie_swarm_logic:/home/mikks/crazyflie_mapping_demo/ros2_ws/install/crazyflie_ros2_multiranger_wall_following:/home/mikks/crazyflie_mapping_demo/ros2_ws/install/crazyflie_ros2_multiranger_simple_mapper:/home/mikks/crazyflie_mapping_demo/ros2_ws/install/crazyflie_py:/home/mikks/crazyflie_mapping_demo/ros2_ws/install/cooperative_target_centric_formation:/home/mikks/crazyflie_mapping_demo/ros2_ws/install/containment_using_agent_information:/home/mikks/crazyflie_mapping_demo/ros2_ws/install/consensus_for_double_integrator:/home/mikks/crazyflie_mapping_demo/ros2_ws/install/consensus_alignment:/home/mikks/crazyflie_mapping_demo/ros2_ws/install/binary_consensus:/home/mikks/crazyflie_mapping_demo/ros2_ws/install/Second_Order_Min_Consensus_for_Heterogeneous_Agents:/home/mikks/crazyflie_mapping_demo/ros2_ws/install/BinaryContainmentChain:/opt/ros/jazzy DEBUGINFOD_URLS=https://debuginfod.ubuntu.com LD_LIBRARY_PATH=/home/mikks/ros2_px4_ws/install/px4_ros2_cpp/lib:/home/mikks/ros2_px4_ws/install/px4_msgs/lib:/home/mikks/ros2_px4_ws/install/px4_ros_com/lib:/home/mikks/NatNet_SDK_4.3_ubuntu/lib:/home/mikks/crazyflie_mapping_demo/ros2_ws/install/crazyflie_interfaces/lib:/opt/ros/jazzy/opt/gz_sim_vendor/lib:/opt/ros/jazzy/opt/gz_sensors_vendor/lib:/opt/ros/jazzy/opt/gz_physics_vendor/lib:/opt/ros/jazzy/opt/sdformat_vendor/lib:/opt/ros/jazzy/opt/rviz_ogre_vendor/lib:/opt/ros/jazzy/lib/x86_64-linux-gnu:/opt/ros/jazzy/opt/gz_gui_vendor/lib:/opt/ros/jazzy/opt/gz_transport_vendor/lib:/opt/ros/jazzy/opt/gz_rendering_vendor/lib:/opt/ros/jazzy/opt/gz_plugin_vendor/lib:/opt/ros/jazzy/opt/gz_fuel_tools_vendor/lib:/opt/ros/jazzy/opt/gz_msgs_vendor/lib:/opt/ros/jazzy/opt/gz_common_vendor/lib:/opt/ros/jazzy/opt/gz_math_vendor/lib:/opt/ros/jazzy/opt/gz_utils_vendor/lib:/opt/ros/jazzy/opt/gz_tools_vendor/lib:/opt/ros/jazzy/opt/gz_ogre_next_vendor/lib:/opt/ros/jazzy/opt/gz_dartsim_vendor/lib:/opt/ros/jazzy/opt/gz_cmake_vendor/lib:/opt/ros/jazzy/lib PYTHONPATH=/home/mikks/ros2_px4_ws/install/px4_msgs/lib/python3.12/site-packages:/home/mikks/ros2_px4_ws/build/x500_hover_controller:/home/mikks/ros2_px4_ws/install/x500_hover_controller/lib/python3.12/site-packages:/home/mikks/ros2_px4_ws/install/px4_ros_com/lib/python3.12/site-packages:/home/mikks/ros2_px4_ws/build/example_mode_with_rclpy_py:/home/mikks/ros2_px4_ws/install/example_mode_with_rclpy_py/lib/python3.12/site-packages:/home/mikks/ros2_px4_ws/build/example_mode_goto_py:/home/mikks/ros2_px4_ws/install/example_mode_goto_py/lib/python3.12/site-packages:/home/mikks/ros2_px4_ws/install/px4_ros2_py/lib/python3.12/site-packages:/home/mikks/ros2_px4_ws/build/px4_actuator_ctrl:/home/mikks/ros2_px4_ws/install/px4_actuator_ctrl/lib/python3.12/site-packages:/home/mikks/ros2_ws/build/rover_desc_description:/home/mikks/ros2_ws/install/rover_desc_description/lib/python3.12/site-packages:/home/mikks/ros2_ws/install/px4_actuator_ctrl/lib/python3.12/site-packages:/home/mikks/ros2_ws/build/mine_rover_description:/home/mikks/ros2_ws/install/mine_rover_description/lib/python3.12/site-packages:/home/mikks/ros2_ws/build/ZerionURDFV5cp_description:/home/mikks/ros2_ws/install/ZerionURDFV5cp_description/lib/python3.12/site-packages:/home/mikks/crazyflie_mapping_demo/ros2_ws/install/velocity_free_consensus/lib/python3.12/site-packages:/home/mikks/crazyflie_mapping_demo/ros2_ws/install/stepwise_lowpos/lib/python3.12/site-packages:/home/mikks/crazyflie_mapping_demo/ros2_ws/install/step_wise_lowpos/lib/python3.12/site-packages:/home/mikks/crazyflie_mapping_demo/ros2_ws/install/second_order_formation_control/lib/python3.12/site-packages:/home/mikks/crazyflie_mapping_demo/ros2_ws/install/ros_gz_crazyflie_control/lib/python3.12/site-packages:/home/mikks/crazyflie_mapping_demo/ros2_ws/install/mixed_fractional_consensus/lib/python3.12/site-packages:/home/mikks/crazyflie_mapping_demo/ros2_ws/install/lowest_pos/lib/python3.12/site-packages:/home/mikks/crazyflie_mapping_demo/ros2_ws/install/linear_consensus/lib/python3.12/site-packages:/home/mikks/crazyflie_mapping_demo/ros2_ws/install/highest_pos/lib/python3.12/site-packages:/home/mikks/crazyflie_mapping_demo/ros2_ws/install/fractional_consensus_alpha/lib/python3.12/site-packages:/home/mikks/crazyflie_mapping_demo/ros2_ws/install/event_triggered_swarm/lib/python3.12/site-packages:/home/mikks/crazyflie_mapping_demo/ros2_ws/install/drone_logger/lib/python3.12/site-packages:/home/mikks/crazyflie_mapping_demo/ros2_ws/install/distributed_average_tracking/lib/python3.12/site-packages:/home/mikks/crazyflie_mapping_demo/ros2_ws/install/crazyflie_swarm_logic/lib/python3.12/site-packages:/home/mikks/crazyflie_mapping_demo/ros2_ws/install/crazyflie_sim/lib/python3.12/site-packages:/home/mikks/crazyflie_mapping_demo/ros2_ws/install/crazyflie_ros2_multiranger_wall_following/lib/python3.12/site-packages:/home/mikks/crazyflie_mapping_demo/ros2_ws/install/crazyflie_ros2_multiranger_simple_mapper/lib/python3.12/site-packages:/home/mikks/crazyflie_mapping_demo/ros2_ws/install/crazyflie_examples/lib/python3.12/site-packages:/home/mikks/crazyflie_mapping_demo/ros2_ws/install/crazyflie_py/lib/python3.12/site-packages:/home/mikks/crazyflie_mapping_demo/ros2_ws/install/crazyflie_interfaces/lib/python3.12/site-packages:/home/mikks/crazyflie_mapping_demo/ros2_ws/install/cooperative_target_centric_formation/lib/python3.12/site-packages:/home/mikks/crazyflie_mapping_demo/ros2_ws/install/containment_using_agent_information/lib/python3.12/site-packages:/home/mikks/crazyflie_mapping_demo/ros2_ws/install/consensus_for_double_integrator/lib/python3.12/site-packages:/home/mikks/crazyflie_mapping_demo/ros2_ws/install/consensus_alignment/lib/python3.12/site-packages:/home/mikks/crazyflie_mapping_demo/ros2_ws/install/binary_consensus/lib/python3.12/site-packages:/home/mikks/crazyflie_mapping_demo/ros2_ws/install/Second_Order_Min_Consensus_for_Heterogeneous_Agents/lib/python3.12/site-packages:/home/mikks/crazyflie_mapping_demo/ros2_ws/install/BinaryContainmentChain/lib/python3.12/site-packages:/opt/ros/jazzy/lib/python3.12/site-packages /usr/bin/cmake --build /home/mikks/ros2_px4_ws/build/example_mode_fw_attitude_cpp -- -j12 -l12
[3.506s] DEBUG:colcon.colcon_core.event_handler.log_command:Invoking command in '/home/mikks/ros2_px4_ws/build/example_mode_goto_cpp': CMAKE_PREFIX_PATH=/home/mikks/ros2_px4_ws/install/px4_ros2_cpp:/home/mikks/ros2_px4_ws/install/px4_msgs:/home/mikks/ros2_px4_ws/install/px4_ros_com:/home/mikks/ros2_px4_ws/install/px4_ros2_py:/home/mikks/ros2_px4_ws/install/example_rover_velocity_mode_cpp:/home/mikks/ros2_px4_ws/install/example_mode_with_executor_cpp:/home/mikks/ros2_px4_ws/install/example_mode_vtol_cpp:/home/mikks/ros2_px4_ws/install/example_mode_rtl_replacement_cpp:/home/mikks/ros2_px4_ws/install/example_mode_mission_cpp:/home/mikks/ros2_px4_ws/install/example_mode_manual_cpp:/home/mikks/ros2_px4_ws/install/example_mode_goto_global_cpp:/home/mikks/ros2_px4_ws/install/example_mode_goto_cpp:/home/mikks/ros2_px4_ws/install/example_mode_fw_attitude_cpp:/home/mikks/ros2_px4_ws/install/example_local_navigation_cpp:/home/mikks/ros2_px4_ws/install/example_global_navigation_cpp:/home/mikks/ros2_px4_ws/install/example_executor_with_multiple_modes_cpp:/home/mikks/crazyflie_mapping_demo/ros2_ws/install/crazyflie_ros2_multiranger_bringup:/home/mikks/crazyflie_mapping_demo/ros2_ws/install/ros_gz_crazyflie_bringup:/home/mikks/crazyflie_mapping_demo/ros2_ws/install/ros_gz_crazyflie_gazebo:/home/mikks/crazyflie_mapping_demo/ros2_ws/install/crazyflie_sim:/home/mikks/crazyflie_mapping_demo/ros2_ws/install/crazyflie_examples:/home/mikks/crazyflie_mapping_demo/ros2_ws/install/crazyflie:/home/mikks/crazyflie_mapping_demo/ros2_ws/install/crazyflie_interfaces:/opt/ros/jazzy/opt/gz_sim_vendor:/opt/ros/jazzy/opt/gz_sensors_vendor:/opt/ros/jazzy/opt/gz_physics_vendor:/opt/ros/jazzy/opt/sdformat_vendor:/opt/ros/jazzy/opt/gz_gui_vendor:/opt/ros/jazzy/opt/gz_transport_vendor:/opt/ros/jazzy/opt/gz_rendering_vendor:/opt/ros/jazzy/opt/gz_plugin_vendor:/opt/ros/jazzy/opt/gz_fuel_tools_vendor:/opt/ros/jazzy/opt/gz_msgs_vendor:/opt/ros/jazzy/opt/gz_common_vendor:/opt/ros/jazzy/opt/gz_math_vendor:/opt/ros/jazzy/opt/gz_utils_vendor:/opt/ros/jazzy/opt/gz_tools_vendor:/opt/ros/jazzy/opt/gz_ogre_next_vendor:/opt/ros/jazzy/opt/gz_dartsim_vendor:/opt/ros/jazzy/opt/gz_cmake_vendor:/home/mikks/ros2_px4_ws/install/x500_hover_controller:/home/mikks/ros2_px4_ws/install/example_mode_with_rclpy_py:/home/mikks/ros2_px4_ws/install/example_mode_goto_py:/home/mikks/ros2_px4_ws/install/px4_actuator_ctrl:/home/mikks/ros2_ws/install/rover_desc_description:/home/mikks/ros2_ws/install/px4_actuator_ctrl:/home/mikks/ros2_ws/install/mine_rover_description:/home/mikks/ros2_ws/install/ZerionURDFV5cp_description:/home/mikks/crazyflie_mapping_demo/ros2_ws/install/velocity_free_consensus:/home/mikks/crazyflie_mapping_demo/ros2_ws/install/stepwise_lowpos:/home/mikks/crazyflie_mapping_demo/ros2_ws/install/step_wise_lowpos:/home/mikks/crazyflie_mapping_demo/ros2_ws/install/second_order_formation_control:/home/mikks/crazyflie_mapping_demo/ros2_ws/install/ros_gz_crazyflie_control:/home/mikks/crazyflie_mapping_demo/ros2_ws/install/mixed_fractional_consensus:/home/mikks/crazyflie_mapping_demo/ros2_ws/install/lowest_pos:/home/mikks/crazyflie_mapping_demo/ros2_ws/install/linear_consensus:/home/mikks/crazyflie_mapping_demo/ros2_ws/install/highest_pos:/home/mikks/crazyflie_mapping_demo/ros2_ws/install/fractional_consensus_alpha:/home/mikks/crazyflie_mapping_demo/ros2_ws/install/event_triggered_swarm:/home/mikks/crazyflie_mapping_demo/ros2_ws/install/drone_logger:/home/mikks/crazyflie_mapping_demo/ros2_ws/install/distributed_average_tracking:/home/mikks/crazyflie_mapping_demo/ros2_ws/install/crazyflie_swarm_logic:/home/mikks/crazyflie_mapping_demo/ros2_ws/install/crazyflie_ros2_multiranger_wall_following:/home/mikks/crazyflie_mapping_demo/ros2_ws/install/crazyflie_ros2_multiranger_simple_mapper:/home/mikks/crazyflie_mapping_demo/ros2_ws/install/crazyflie_py:/home/mikks/crazyflie_mapping_demo/ros2_ws/install/cooperative_target_centric_formation:/home/mikks/crazyflie_mapping_demo/ros2_ws/install/containment_using_agent_information:/home/mikks/crazyflie_mapping_demo/ros2_ws/install/consensus_for_double_integrator:/home/mikks/crazyflie_mapping_demo/ros2_ws/install/consensus_alignment:/home/mikks/crazyflie_mapping_demo/ros2_ws/install/binary_consensus:/home/mikks/crazyflie_mapping_demo/ros2_ws/install/Second_Order_Min_Consensus_for_Heterogeneous_Agents:/home/mikks/crazyflie_mapping_demo/ros2_ws/install/BinaryContainmentChain:/opt/ros/jazzy DEBUGINFOD_URLS=https://debuginfod.ubuntu.com LD_LIBRARY_PATH=/home/mikks/ros2_px4_ws/install/px4_ros2_cpp/lib:/home/mikks/ros2_px4_ws/install/px4_msgs/lib:/home/mikks/ros2_px4_ws/install/px4_ros_com/lib:/home/mikks/NatNet_SDK_4.3_ubuntu/lib:/home/mikks/crazyflie_mapping_demo/ros2_ws/install/crazyflie_interfaces/lib:/opt/ros/jazzy/opt/gz_sim_vendor/lib:/opt/ros/jazzy/opt/gz_sensors_vendor/lib:/opt/ros/jazzy/opt/gz_physics_vendor/lib:/opt/ros/jazzy/opt/sdformat_vendor/lib:/opt/ros/jazzy/opt/rviz_ogre_vendor/lib:/opt/ros/jazzy/lib/x86_64-linux-gnu:/opt/ros/jazzy/opt/gz_gui_vendor/lib:/opt/ros/jazzy/opt/gz_transport_vendor/lib:/opt/ros/jazzy/opt/gz_rendering_vendor/lib:/opt/ros/jazzy/opt/gz_plugin_vendor/lib:/opt/ros/jazzy/opt/gz_fuel_tools_vendor/lib:/opt/ros/jazzy/opt/gz_msgs_vendor/lib:/opt/ros/jazzy/opt/gz_common_vendor/lib:/opt/ros/jazzy/opt/gz_math_vendor/lib:/opt/ros/jazzy/opt/gz_utils_vendor/lib:/opt/ros/jazzy/opt/gz_tools_vendor/lib:/opt/ros/jazzy/opt/gz_ogre_next_vendor/lib:/opt/ros/jazzy/opt/gz_dartsim_vendor/lib:/opt/ros/jazzy/opt/gz_cmake_vendor/lib:/opt/ros/jazzy/lib PYTHONPATH=/home/mikks/ros2_px4_ws/install/px4_msgs/lib/python3.12/site-packages:/home/mikks/ros2_px4_ws/build/x500_hover_controller:/home/mikks/ros2_px4_ws/install/x500_hover_controller/lib/python3.12/site-packages:/home/mikks/ros2_px4_ws/install/px4_ros_com/lib/python3.12/site-packages:/home/mikks/ros2_px4_ws/build/example_mode_with_rclpy_py:/home/mikks/ros2_px4_ws/install/example_mode_with_rclpy_py/lib/python3.12/site-packages:/home/mikks/ros2_px4_ws/build/example_mode_goto_py:/home/mikks/ros2_px4_ws/install/example_mode_goto_py/lib/python3.12/site-packages:/home/mikks/ros2_px4_ws/install/px4_ros2_py/lib/python3.12/site-packages:/home/mikks/ros2_px4_ws/build/px4_actuator_ctrl:/home/mikks/ros2_px4_ws/install/px4_actuator_ctrl/lib/python3.12/site-packages:/home/mikks/ros2_ws/build/rover_desc_description:/home/mikks/ros2_ws/install/rover_desc_description/lib/python3.12/site-packages:/home/mikks/ros2_ws/install/px4_actuator_ctrl/lib/python3.12/site-packages:/home/mikks/ros2_ws/build/mine_rover_description:/home/mikks/ros2_ws/install/mine_rover_description/lib/python3.12/site-packages:/home/mikks/ros2_ws/build/ZerionURDFV5cp_description:/home/mikks/ros2_ws/install/ZerionURDFV5cp_description/lib/python3.12/site-packages:/home/mikks/crazyflie_mapping_demo/ros2_ws/install/velocity_free_consensus/lib/python3.12/site-packages:/home/mikks/crazyflie_mapping_demo/ros2_ws/install/stepwise_lowpos/lib/python3.12/site-packages:/home/mikks/crazyflie_mapping_demo/ros2_ws/install/step_wise_lowpos/lib/python3.12/site-packages:/home/mikks/crazyflie_mapping_demo/ros2_ws/install/second_order_formation_control/lib/python3.12/site-packages:/home/mikks/crazyflie_mapping_demo/ros2_ws/install/ros_gz_crazyflie_control/lib/python3.12/site-packages:/home/mikks/crazyflie_mapping_demo/ros2_ws/install/mixed_fractional_consensus/lib/python3.12/site-packages:/home/mikks/crazyflie_mapping_demo/ros2_ws/install/lowest_pos/lib/python3.12/site-packages:/home/mikks/crazyflie_mapping_demo/ros2_ws/install/linear_consensus/lib/python3.12/site-packages:/home/mikks/crazyflie_mapping_demo/ros2_ws/install/highest_pos/lib/python3.12/site-packages:/home/mikks/crazyflie_mapping_demo/ros2_ws/install/fractional_consensus_alpha/lib/python3.12/site-packages:/home/mikks/crazyflie_mapping_demo/ros2_ws/install/event_triggered_swarm/lib/python3.12/site-packages:/home/mikks/crazyflie_mapping_demo/ros2_ws/install/drone_logger/lib/python3.12/site-packages:/home/mikks/crazyflie_mapping_demo/ros2_ws/install/distributed_average_tracking/lib/python3.12/site-packages:/home/mikks/crazyflie_mapping_demo/ros2_ws/install/crazyflie_swarm_logic/lib/python3.12/site-packages:/home/mikks/crazyflie_mapping_demo/ros2_ws/install/crazyflie_sim/lib/python3.12/site-packages:/home/mikks/crazyflie_mapping_demo/ros2_ws/install/crazyflie_ros2_multiranger_wall_following/lib/python3.12/site-packages:/home/mikks/crazyflie_mapping_demo/ros2_ws/install/crazyflie_ros2_multiranger_simple_mapper/lib/python3.12/site-packages:/home/mikks/crazyflie_mapping_demo/ros2_ws/install/crazyflie_examples/lib/python3.12/site-packages:/home/mikks/crazyflie_mapping_demo/ros2_ws/install/crazyflie_py/lib/python3.12/site-packages:/home/mikks/crazyflie_mapping_demo/ros2_ws/install/crazyflie_interfaces/lib/python3.12/site-packages:/home/mikks/crazyflie_mapping_demo/ros2_ws/install/cooperative_target_centric_formation/lib/python3.12/site-packages:/home/mikks/crazyflie_mapping_demo/ros2_ws/install/containment_using_agent_information/lib/python3.12/site-packages:/home/mikks/crazyflie_mapping_demo/ros2_ws/install/consensus_for_double_integrator/lib/python3.12/site-packages:/home/mikks/crazyflie_mapping_demo/ros2_ws/install/consensus_alignment/lib/python3.12/site-packages:/home/mikks/crazyflie_mapping_demo/ros2_ws/install/binary_consensus/lib/python3.12/site-packages:/home/mikks/crazyflie_mapping_demo/ros2_ws/install/Second_Order_Min_Consensus_for_Heterogeneous_Agents/lib/python3.12/site-packages:/home/mikks/crazyflie_mapping_demo/ros2_ws/install/BinaryContainmentChain/lib/python3.12/site-packages:/opt/ros/jazzy/lib/python3.12/site-packages /usr/bin/cmake --build /home/mikks/ros2_px4_ws/build/example_mode_goto_cpp -- -j12 -l12
[3.511s] DEBUG:colcon.colcon_core.event_handler.log_command:Invoking command in '/home/mikks/ros2_px4_ws/build/example_mode_goto_global_cpp': CMAKE_PREFIX_PATH=/home/mikks/ros2_px4_ws/install/px4_ros2_cpp:/home/mikks/ros2_px4_ws/install/px4_msgs:/home/mikks/ros2_px4_ws/install/px4_ros_com:/home/mikks/ros2_px4_ws/install/px4_ros2_py:/home/mikks/ros2_px4_ws/install/example_rover_velocity_mode_cpp:/home/mikks/ros2_px4_ws/install/example_mode_with_executor_cpp:/home/mikks/ros2_px4_ws/install/example_mode_vtol_cpp:/home/mikks/ros2_px4_ws/install/example_mode_rtl_replacement_cpp:/home/mikks/ros2_px4_ws/install/example_mode_mission_cpp:/home/mikks/ros2_px4_ws/install/example_mode_manual_cpp:/home/mikks/ros2_px4_ws/install/example_mode_goto_global_cpp:/home/mikks/ros2_px4_ws/install/example_mode_goto_cpp:/home/mikks/ros2_px4_ws/install/example_mode_fw_attitude_cpp:/home/mikks/ros2_px4_ws/install/example_local_navigation_cpp:/home/mikks/ros2_px4_ws/install/example_global_navigation_cpp:/home/mikks/ros2_px4_ws/install/example_executor_with_multiple_modes_cpp:/home/mikks/crazyflie_mapping_demo/ros2_ws/install/crazyflie_ros2_multiranger_bringup:/home/mikks/crazyflie_mapping_demo/ros2_ws/install/ros_gz_crazyflie_bringup:/home/mikks/crazyflie_mapping_demo/ros2_ws/install/ros_gz_crazyflie_gazebo:/home/mikks/crazyflie_mapping_demo/ros2_ws/install/crazyflie_sim:/home/mikks/crazyflie_mapping_demo/ros2_ws/install/crazyflie_examples:/home/mikks/crazyflie_mapping_demo/ros2_ws/install/crazyflie:/home/mikks/crazyflie_mapping_demo/ros2_ws/install/crazyflie_interfaces:/opt/ros/jazzy/opt/gz_sim_vendor:/opt/ros/jazzy/opt/gz_sensors_vendor:/opt/ros/jazzy/opt/gz_physics_vendor:/opt/ros/jazzy/opt/sdformat_vendor:/opt/ros/jazzy/opt/gz_gui_vendor:/opt/ros/jazzy/opt/gz_transport_vendor:/opt/ros/jazzy/opt/gz_rendering_vendor:/opt/ros/jazzy/opt/gz_plugin_vendor:/opt/ros/jazzy/opt/gz_fuel_tools_vendor:/opt/ros/jazzy/opt/gz_msgs_vendor:/opt/ros/jazzy/opt/gz_common_vendor:/opt/ros/jazzy/opt/gz_math_vendor:/opt/ros/jazzy/opt/gz_utils_vendor:/opt/ros/jazzy/opt/gz_tools_vendor:/opt/ros/jazzy/opt/gz_ogre_next_vendor:/opt/ros/jazzy/opt/gz_dartsim_vendor:/opt/ros/jazzy/opt/gz_cmake_vendor:/home/mikks/ros2_px4_ws/install/x500_hover_controller:/home/mikks/ros2_px4_ws/install/example_mode_with_rclpy_py:/home/mikks/ros2_px4_ws/install/example_mode_goto_py:/home/mikks/ros2_px4_ws/install/px4_actuator_ctrl:/home/mikks/ros2_ws/install/rover_desc_description:/home/mikks/ros2_ws/install/px4_actuator_ctrl:/home/mikks/ros2_ws/install/mine_rover_description:/home/mikks/ros2_ws/install/ZerionURDFV5cp_description:/home/mikks/crazyflie_mapping_demo/ros2_ws/install/velocity_free_consensus:/home/mikks/crazyflie_mapping_demo/ros2_ws/install/stepwise_lowpos:/home/mikks/crazyflie_mapping_demo/ros2_ws/install/step_wise_lowpos:/home/mikks/crazyflie_mapping_demo/ros2_ws/install/second_order_formation_control:/home/mikks/crazyflie_mapping_demo/ros2_ws/install/ros_gz_crazyflie_control:/home/mikks/crazyflie_mapping_demo/ros2_ws/install/mixed_fractional_consensus:/home/mikks/crazyflie_mapping_demo/ros2_ws/install/lowest_pos:/home/mikks/crazyflie_mapping_demo/ros2_ws/install/linear_consensus:/home/mikks/crazyflie_mapping_demo/ros2_ws/install/highest_pos:/home/mikks/crazyflie_mapping_demo/ros2_ws/install/fractional_consensus_alpha:/home/mikks/crazyflie_mapping_demo/ros2_ws/install/event_triggered_swarm:/home/mikks/crazyflie_mapping_demo/ros2_ws/install/drone_logger:/home/mikks/crazyflie_mapping_demo/ros2_ws/install/distributed_average_tracking:/home/mikks/crazyflie_mapping_demo/ros2_ws/install/crazyflie_swarm_logic:/home/mikks/crazyflie_mapping_demo/ros2_ws/install/crazyflie_ros2_multiranger_wall_following:/home/mikks/crazyflie_mapping_demo/ros2_ws/install/crazyflie_ros2_multiranger_simple_mapper:/home/mikks/crazyflie_mapping_demo/ros2_ws/install/crazyflie_py:/home/mikks/crazyflie_mapping_demo/ros2_ws/install/cooperative_target_centric_formation:/home/mikks/crazyflie_mapping_demo/ros2_ws/install/containment_using_agent_information:/home/mikks/crazyflie_mapping_demo/ros2_ws/install/consensus_for_double_integrator:/home/mikks/crazyflie_mapping_demo/ros2_ws/install/consensus_alignment:/home/mikks/crazyflie_mapping_demo/ros2_ws/install/binary_consensus:/home/mikks/crazyflie_mapping_demo/ros2_ws/install/Second_Order_Min_Consensus_for_Heterogeneous_Agents:/home/mikks/crazyflie_mapping_demo/ros2_ws/install/BinaryContainmentChain:/opt/ros/jazzy DEBUGINFOD_URLS=https://debuginfod.ubuntu.com LD_LIBRARY_PATH=/home/mikks/ros2_px4_ws/install/px4_ros2_cpp/lib:/home/mikks/ros2_px4_ws/install/px4_msgs/lib:/home/mikks/ros2_px4_ws/install/px4_ros_com/lib:/home/mikks/NatNet_SDK_4.3_ubuntu/lib:/home/mikks/crazyflie_mapping_demo/ros2_ws/install/crazyflie_interfaces/lib:/opt/ros/jazzy/opt/gz_sim_vendor/lib:/opt/ros/jazzy/opt/gz_sensors_vendor/lib:/opt/ros/jazzy/opt/gz_physics_vendor/lib:/opt/ros/jazzy/opt/sdformat_vendor/lib:/opt/ros/jazzy/opt/rviz_ogre_vendor/lib:/opt/ros/jazzy/lib/x86_64-linux-gnu:/opt/ros/jazzy/opt/gz_gui_vendor/lib:/opt/ros/jazzy/opt/gz_transport_vendor/lib:/opt/ros/jazzy/opt/gz_rendering_vendor/lib:/opt/ros/jazzy/opt/gz_plugin_vendor/lib:/opt/ros/jazzy/opt/gz_fuel_tools_vendor/lib:/opt/ros/jazzy/opt/gz_msgs_vendor/lib:/opt/ros/jazzy/opt/gz_common_vendor/lib:/opt/ros/jazzy/opt/gz_math_vendor/lib:/opt/ros/jazzy/opt/gz_utils_vendor/lib:/opt/ros/jazzy/opt/gz_tools_vendor/lib:/opt/ros/jazzy/opt/gz_ogre_next_vendor/lib:/opt/ros/jazzy/opt/gz_dartsim_vendor/lib:/opt/ros/jazzy/opt/gz_cmake_vendor/lib:/opt/ros/jazzy/lib PYTHONPATH=/home/mikks/ros2_px4_ws/install/px4_msgs/lib/python3.12/site-packages:/home/mikks/ros2_px4_ws/build/x500_hover_controller:/home/mikks/ros2_px4_ws/install/x500_hover_controller/lib/python3.12/site-packages:/home/mikks/ros2_px4_ws/install/px4_ros_com/lib/python3.12/site-packages:/home/mikks/ros2_px4_ws/build/example_mode_with_rclpy_py:/home/mikks/ros2_px4_ws/install/example_mode_with_rclpy_py/lib/python3.12/site-packages:/home/mikks/ros2_px4_ws/build/example_mode_goto_py:/home/mikks/ros2_px4_ws/install/example_mode_goto_py/lib/python3.12/site-packages:/home/mikks/ros2_px4_ws/install/px4_ros2_py/lib/python3.12/site-packages:/home/mikks/ros2_px4_ws/build/px4_actuator_ctrl:/home/mikks/ros2_px4_ws/install/px4_actuator_ctrl/lib/python3.12/site-packages:/home/mikks/ros2_ws/build/rover_desc_description:/home/mikks/ros2_ws/install/rover_desc_description/lib/python3.12/site-packages:/home/mikks/ros2_ws/install/px4_actuator_ctrl/lib/python3.12/site-packages:/home/mikks/ros2_ws/build/mine_rover_description:/home/mikks/ros2_ws/install/mine_rover_description/lib/python3.12/site-packages:/home/mikks/ros2_ws/build/ZerionURDFV5cp_description:/home/mikks/ros2_ws/install/ZerionURDFV5cp_description/lib/python3.12/site-packages:/home/mikks/crazyflie_mapping_demo/ros2_ws/install/velocity_free_consensus/lib/python3.12/site-packages:/home/mikks/crazyflie_mapping_demo/ros2_ws/install/stepwise_lowpos/lib/python3.12/site-packages:/home/mikks/crazyflie_mapping_demo/ros2_ws/install/step_wise_lowpos/lib/python3.12/site-packages:/home/mikks/crazyflie_mapping_demo/ros2_ws/install/second_order_formation_control/lib/python3.12/site-packages:/home/mikks/crazyflie_mapping_demo/ros2_ws/install/ros_gz_crazyflie_control/lib/python3.12/site-packages:/home/mikks/crazyflie_mapping_demo/ros2_ws/install/mixed_fractional_consensus/lib/python3.12/site-packages:/home/mikks/crazyflie_mapping_demo/ros2_ws/install/lowest_pos/lib/python3.12/site-packages:/home/mikks/crazyflie_mapping_demo/ros2_ws/install/linear_consensus/lib/python3.12/site-packages:/home/mikks/crazyflie_mapping_demo/ros2_ws/install/highest_pos/lib/python3.12/site-packages:/home/mikks/crazyflie_mapping_demo/ros2_ws/install/fractional_consensus_alpha/lib/python3.12/site-packages:/home/mikks/crazyflie_mapping_demo/ros2_ws/install/event_triggered_swarm/lib/python3.12/site-packages:/home/mikks/crazyflie_mapping_demo/ros2_ws/install/drone_logger/lib/python3.12/site-packages:/home/mikks/crazyflie_mapping_demo/ros2_ws/install/distributed_average_tracking/lib/python3.12/site-packages:/home/mikks/crazyflie_mapping_demo/ros2_ws/install/crazyflie_swarm_logic/lib/python3.12/site-packages:/home/mikks/crazyflie_mapping_demo/ros2_ws/install/crazyflie_sim/lib/python3.12/site-packages:/home/mikks/crazyflie_mapping_demo/ros2_ws/install/crazyflie_ros2_multiranger_wall_following/lib/python3.12/site-packages:/home/mikks/crazyflie_mapping_demo/ros2_ws/install/crazyflie_ros2_multiranger_simple_mapper/lib/python3.12/site-packages:/home/mikks/crazyflie_mapping_demo/ros2_ws/install/crazyflie_examples/lib/python3.12/site-packages:/home/mikks/crazyflie_mapping_demo/ros2_ws/install/crazyflie_py/lib/python3.12/site-packages:/home/mikks/crazyflie_mapping_demo/ros2_ws/install/crazyflie_interfaces/lib/python3.12/site-packages:/home/mikks/crazyflie_mapping_demo/ros2_ws/install/cooperative_target_centric_formation/lib/python3.12/site-packages:/home/mikks/crazyflie_mapping_demo/ros2_ws/install/containment_using_agent_information/lib/python3.12/site-packages:/home/mikks/crazyflie_mapping_demo/ros2_ws/install/consensus_for_double_integrator/lib/python3.12/site-packages:/home/mikks/crazyflie_mapping_demo/ros2_ws/install/consensus_alignment/lib/python3.12/site-packages:/home/mikks/crazyflie_mapping_demo/ros2_ws/install/binary_consensus/lib/python3.12/site-packages:/home/mikks/crazyflie_mapping_demo/ros2_ws/install/Second_Order_Min_Consensus_for_Heterogeneous_Agents/lib/python3.12/site-packages:/home/mikks/crazyflie_mapping_demo/ros2_ws/install/BinaryContainmentChain/lib/python3.12/site-packages:/opt/ros/jazzy/lib/python3.12/site-packages /usr/bin/cmake --build /home/mikks/ros2_px4_ws/build/example_mode_goto_global_cpp -- -j12 -l12
[3.518s] DEBUG:colcon.colcon_core.event_handler.log_command:Invoking command in '/home/mikks/ros2_px4_ws/build/example_mode_manual_cpp': CMAKE_PREFIX_PATH=/home/mikks/ros2_px4_ws/install/px4_ros2_cpp:/home/mikks/ros2_px4_ws/install/px4_msgs:/home/mikks/ros2_px4_ws/install/px4_ros_com:/home/mikks/ros2_px4_ws/install/px4_ros2_py:/home/mikks/ros2_px4_ws/install/example_rover_velocity_mode_cpp:/home/mikks/ros2_px4_ws/install/example_mode_with_executor_cpp:/home/mikks/ros2_px4_ws/install/example_mode_vtol_cpp:/home/mikks/ros2_px4_ws/install/example_mode_rtl_replacement_cpp:/home/mikks/ros2_px4_ws/install/example_mode_mission_cpp:/home/mikks/ros2_px4_ws/install/example_mode_manual_cpp:/home/mikks/ros2_px4_ws/install/example_mode_goto_global_cpp:/home/mikks/ros2_px4_ws/install/example_mode_goto_cpp:/home/mikks/ros2_px4_ws/install/example_mode_fw_attitude_cpp:/home/mikks/ros2_px4_ws/install/example_local_navigation_cpp:/home/mikks/ros2_px4_ws/install/example_global_navigation_cpp:/home/mikks/ros2_px4_ws/install/example_executor_with_multiple_modes_cpp:/home/mikks/crazyflie_mapping_demo/ros2_ws/install/crazyflie_ros2_multiranger_bringup:/home/mikks/crazyflie_mapping_demo/ros2_ws/install/ros_gz_crazyflie_bringup:/home/mikks/crazyflie_mapping_demo/ros2_ws/install/ros_gz_crazyflie_gazebo:/home/mikks/crazyflie_mapping_demo/ros2_ws/install/crazyflie_sim:/home/mikks/crazyflie_mapping_demo/ros2_ws/install/crazyflie_examples:/home/mikks/crazyflie_mapping_demo/ros2_ws/install/crazyflie:/home/mikks/crazyflie_mapping_demo/ros2_ws/install/crazyflie_interfaces:/opt/ros/jazzy/opt/gz_sim_vendor:/opt/ros/jazzy/opt/gz_sensors_vendor:/opt/ros/jazzy/opt/gz_physics_vendor:/opt/ros/jazzy/opt/sdformat_vendor:/opt/ros/jazzy/opt/gz_gui_vendor:/opt/ros/jazzy/opt/gz_transport_vendor:/opt/ros/jazzy/opt/gz_rendering_vendor:/opt/ros/jazzy/opt/gz_plugin_vendor:/opt/ros/jazzy/opt/gz_fuel_tools_vendor:/opt/ros/jazzy/opt/gz_msgs_vendor:/opt/ros/jazzy/opt/gz_common_vendor:/opt/ros/jazzy/opt/gz_math_vendor:/opt/ros/jazzy/opt/gz_utils_vendor:/opt/ros/jazzy/opt/gz_tools_vendor:/opt/ros/jazzy/opt/gz_ogre_next_vendor:/opt/ros/jazzy/opt/gz_dartsim_vendor:/opt/ros/jazzy/opt/gz_cmake_vendor:/home/mikks/ros2_px4_ws/install/x500_hover_controller:/home/mikks/ros2_px4_ws/install/example_mode_with_rclpy_py:/home/mikks/ros2_px4_ws/install/example_mode_goto_py:/home/mikks/ros2_px4_ws/install/px4_actuator_ctrl:/home/mikks/ros2_ws/install/rover_desc_description:/home/mikks/ros2_ws/install/px4_actuator_ctrl:/home/mikks/ros2_ws/install/mine_rover_description:/home/mikks/ros2_ws/install/ZerionURDFV5cp_description:/home/mikks/crazyflie_mapping_demo/ros2_ws/install/velocity_free_consensus:/home/mikks/crazyflie_mapping_demo/ros2_ws/install/stepwise_lowpos:/home/mikks/crazyflie_mapping_demo/ros2_ws/install/step_wise_lowpos:/home/mikks/crazyflie_mapping_demo/ros2_ws/install/second_order_formation_control:/home/mikks/crazyflie_mapping_demo/ros2_ws/install/ros_gz_crazyflie_control:/home/mikks/crazyflie_mapping_demo/ros2_ws/install/mixed_fractional_consensus:/home/mikks/crazyflie_mapping_demo/ros2_ws/install/lowest_pos:/home/mikks/crazyflie_mapping_demo/ros2_ws/install/linear_consensus:/home/mikks/crazyflie_mapping_demo/ros2_ws/install/highest_pos:/home/mikks/crazyflie_mapping_demo/ros2_ws/install/fractional_consensus_alpha:/home/mikks/crazyflie_mapping_demo/ros2_ws/install/event_triggered_swarm:/home/mikks/crazyflie_mapping_demo/ros2_ws/install/drone_logger:/home/mikks/crazyflie_mapping_demo/ros2_ws/install/distributed_average_tracking:/home/mikks/crazyflie_mapping_demo/ros2_ws/install/crazyflie_swarm_logic:/home/mikks/crazyflie_mapping_demo/ros2_ws/install/crazyflie_ros2_multiranger_wall_following:/home/mikks/crazyflie_mapping_demo/ros2_ws/install/crazyflie_ros2_multiranger_simple_mapper:/home/mikks/crazyflie_mapping_demo/ros2_ws/install/crazyflie_py:/home/mikks/crazyflie_mapping_demo/ros2_ws/install/cooperative_target_centric_formation:/home/mikks/crazyflie_mapping_demo/ros2_ws/install/containment_using_agent_information:/home/mikks/crazyflie_mapping_demo/ros2_ws/install/consensus_for_double_integrator:/home/mikks/crazyflie_mapping_demo/ros2_ws/install/consensus_alignment:/home/mikks/crazyflie_mapping_demo/ros2_ws/install/binary_consensus:/home/mikks/crazyflie_mapping_demo/ros2_ws/install/Second_Order_Min_Consensus_for_Heterogeneous_Agents:/home/mikks/crazyflie_mapping_demo/ros2_ws/install/BinaryContainmentChain:/opt/ros/jazzy DEBUGINFOD_URLS=https://debuginfod.ubuntu.com LD_LIBRARY_PATH=/home/mikks/ros2_px4_ws/install/px4_ros2_cpp/lib:/home/mikks/ros2_px4_ws/install/px4_msgs/lib:/home/mikks/ros2_px4_ws/install/px4_ros_com/lib:/home/mikks/NatNet_SDK_4.3_ubuntu/lib:/home/mikks/crazyflie_mapping_demo/ros2_ws/install/crazyflie_interfaces/lib:/opt/ros/jazzy/opt/gz_sim_vendor/lib:/opt/ros/jazzy/opt/gz_sensors_vendor/lib:/opt/ros/jazzy/opt/gz_physics_vendor/lib:/opt/ros/jazzy/opt/sdformat_vendor/lib:/opt/ros/jazzy/opt/rviz_ogre_vendor/lib:/opt/ros/jazzy/lib/x86_64-linux-gnu:/opt/ros/jazzy/opt/gz_gui_vendor/lib:/opt/ros/jazzy/opt/gz_transport_vendor/lib:/opt/ros/jazzy/opt/gz_rendering_vendor/lib:/opt/ros/jazzy/opt/gz_plugin_vendor/lib:/opt/ros/jazzy/opt/gz_fuel_tools_vendor/lib:/opt/ros/jazzy/opt/gz_msgs_vendor/lib:/opt/ros/jazzy/opt/gz_common_vendor/lib:/opt/ros/jazzy/opt/gz_math_vendor/lib:/opt/ros/jazzy/opt/gz_utils_vendor/lib:/opt/ros/jazzy/opt/gz_tools_vendor/lib:/opt/ros/jazzy/opt/gz_ogre_next_vendor/lib:/opt/ros/jazzy/opt/gz_dartsim_vendor/lib:/opt/ros/jazzy/opt/gz_cmake_vendor/lib:/opt/ros/jazzy/lib PYTHONPATH=/home/mikks/ros2_px4_ws/install/px4_msgs/lib/python3.12/site-packages:/home/mikks/ros2_px4_ws/build/x500_hover_controller:/home/mikks/ros2_px4_ws/install/x500_hover_controller/lib/python3.12/site-packages:/home/mikks/ros2_px4_ws/install/px4_ros_com/lib/python3.12/site-packages:/home/mikks/ros2_px4_ws/build/example_mode_with_rclpy_py:/home/mikks/ros2_px4_ws/install/example_mode_with_rclpy_py/lib/python3.12/site-packages:/home/mikks/ros2_px4_ws/build/example_mode_goto_py:/home/mikks/ros2_px4_ws/install/example_mode_goto_py/lib/python3.12/site-packages:/home/mikks/ros2_px4_ws/install/px4_ros2_py/lib/python3.12/site-packages:/home/mikks/ros2_px4_ws/build/px4_actuator_ctrl:/home/mikks/ros2_px4_ws/install/px4_actuator_ctrl/lib/python3.12/site-packages:/home/mikks/ros2_ws/build/rover_desc_description:/home/mikks/ros2_ws/install/rover_desc_description/lib/python3.12/site-packages:/home/mikks/ros2_ws/install/px4_actuator_ctrl/lib/python3.12/site-packages:/home/mikks/ros2_ws/build/mine_rover_description:/home/mikks/ros2_ws/install/mine_rover_description/lib/python3.12/site-packages:/home/mikks/ros2_ws/build/ZerionURDFV5cp_description:/home/mikks/ros2_ws/install/ZerionURDFV5cp_description/lib/python3.12/site-packages:/home/mikks/crazyflie_mapping_demo/ros2_ws/install/velocity_free_consensus/lib/python3.12/site-packages:/home/mikks/crazyflie_mapping_demo/ros2_ws/install/stepwise_lowpos/lib/python3.12/site-packages:/home/mikks/crazyflie_mapping_demo/ros2_ws/install/step_wise_lowpos/lib/python3.12/site-packages:/home/mikks/crazyflie_mapping_demo/ros2_ws/install/second_order_formation_control/lib/python3.12/site-packages:/home/mikks/crazyflie_mapping_demo/ros2_ws/install/ros_gz_crazyflie_control/lib/python3.12/site-packages:/home/mikks/crazyflie_mapping_demo/ros2_ws/install/mixed_fractional_consensus/lib/python3.12/site-packages:/home/mikks/crazyflie_mapping_demo/ros2_ws/install/lowest_pos/lib/python3.12/site-packages:/home/mikks/crazyflie_mapping_demo/ros2_ws/install/linear_consensus/lib/python3.12/site-packages:/home/mikks/crazyflie_mapping_demo/ros2_ws/install/highest_pos/lib/python3.12/site-packages:/home/mikks/crazyflie_mapping_demo/ros2_ws/install/fractional_consensus_alpha/lib/python3.12/site-packages:/home/mikks/crazyflie_mapping_demo/ros2_ws/install/event_triggered_swarm/lib/python3.12/site-packages:/home/mikks/crazyflie_mapping_demo/ros2_ws/install/drone_logger/lib/python3.12/site-packages:/home/mikks/crazyflie_mapping_demo/ros2_ws/install/distributed_average_tracking/lib/python3.12/site-packages:/home/mikks/crazyflie_mapping_demo/ros2_ws/install/crazyflie_swarm_logic/lib/python3.12/site-packages:/home/mikks/crazyflie_mapping_demo/ros2_ws/install/crazyflie_sim/lib/python3.12/site-packages:/home/mikks/crazyflie_mapping_demo/ros2_ws/install/crazyflie_ros2_multiranger_wall_following/lib/python3.12/site-packages:/home/mikks/crazyflie_mapping_demo/ros2_ws/install/crazyflie_ros2_multiranger_simple_mapper/lib/python3.12/site-packages:/home/mikks/crazyflie_mapping_demo/ros2_ws/install/crazyflie_examples/lib/python3.12/site-packages:/home/mikks/crazyflie_mapping_demo/ros2_ws/install/crazyflie_py/lib/python3.12/site-packages:/home/mikks/crazyflie_mapping_demo/ros2_ws/install/crazyflie_interfaces/lib/python3.12/site-packages:/home/mikks/crazyflie_mapping_demo/ros2_ws/install/cooperative_target_centric_formation/lib/python3.12/site-packages:/home/mikks/crazyflie_mapping_demo/ros2_ws/install/containment_using_agent_information/lib/python3.12/site-packages:/home/mikks/crazyflie_mapping_demo/ros2_ws/install/consensus_for_double_integrator/lib/python3.12/site-packages:/home/mikks/crazyflie_mapping_demo/ros2_ws/install/consensus_alignment/lib/python3.12/site-packages:/home/mikks/crazyflie_mapping_demo/ros2_ws/install/binary_consensus/lib/python3.12/site-packages:/home/mikks/crazyflie_mapping_demo/ros2_ws/install/Second_Order_Min_Consensus_for_Heterogeneous_Agents/lib/python3.12/site-packages:/home/mikks/crazyflie_mapping_demo/ros2_ws/install/BinaryContainmentChain/lib/python3.12/site-packages:/opt/ros/jazzy/lib/python3.12/site-packages /usr/bin/cmake --build /home/mikks/ros2_px4_ws/build/example_mode_manual_cpp -- -j12 -l12
[3.536s] DEBUG:colcon.colcon_core.event_handler.log_command:Invoking command in '/home/mikks/ros2_px4_ws/build/example_mode_mission_cpp': CMAKE_PREFIX_PATH=/home/mikks/ros2_px4_ws/install/px4_ros2_cpp:/home/mikks/ros2_px4_ws/install/px4_msgs:/home/mikks/ros2_px4_ws/install/px4_ros_com:/home/mikks/ros2_px4_ws/install/px4_ros2_py:/home/mikks/ros2_px4_ws/install/example_rover_velocity_mode_cpp:/home/mikks/ros2_px4_ws/install/example_mode_with_executor_cpp:/home/mikks/ros2_px4_ws/install/example_mode_vtol_cpp:/home/mikks/ros2_px4_ws/install/example_mode_rtl_replacement_cpp:/home/mikks/ros2_px4_ws/install/example_mode_mission_cpp:/home/mikks/ros2_px4_ws/install/example_mode_manual_cpp:/home/mikks/ros2_px4_ws/install/example_mode_goto_global_cpp:/home/mikks/ros2_px4_ws/install/example_mode_goto_cpp:/home/mikks/ros2_px4_ws/install/example_mode_fw_attitude_cpp:/home/mikks/ros2_px4_ws/install/example_local_navigation_cpp:/home/mikks/ros2_px4_ws/install/example_global_navigation_cpp:/home/mikks/ros2_px4_ws/install/example_executor_with_multiple_modes_cpp:/home/mikks/crazyflie_mapping_demo/ros2_ws/install/crazyflie_ros2_multiranger_bringup:/home/mikks/crazyflie_mapping_demo/ros2_ws/install/ros_gz_crazyflie_bringup:/home/mikks/crazyflie_mapping_demo/ros2_ws/install/ros_gz_crazyflie_gazebo:/home/mikks/crazyflie_mapping_demo/ros2_ws/install/crazyflie_sim:/home/mikks/crazyflie_mapping_demo/ros2_ws/install/crazyflie_examples:/home/mikks/crazyflie_mapping_demo/ros2_ws/install/crazyflie:/home/mikks/crazyflie_mapping_demo/ros2_ws/install/crazyflie_interfaces:/opt/ros/jazzy/opt/gz_sim_vendor:/opt/ros/jazzy/opt/gz_sensors_vendor:/opt/ros/jazzy/opt/gz_physics_vendor:/opt/ros/jazzy/opt/sdformat_vendor:/opt/ros/jazzy/opt/gz_gui_vendor:/opt/ros/jazzy/opt/gz_transport_vendor:/opt/ros/jazzy/opt/gz_rendering_vendor:/opt/ros/jazzy/opt/gz_plugin_vendor:/opt/ros/jazzy/opt/gz_fuel_tools_vendor:/opt/ros/jazzy/opt/gz_msgs_vendor:/opt/ros/jazzy/opt/gz_common_vendor:/opt/ros/jazzy/opt/gz_math_vendor:/opt/ros/jazzy/opt/gz_utils_vendor:/opt/ros/jazzy/opt/gz_tools_vendor:/opt/ros/jazzy/opt/gz_ogre_next_vendor:/opt/ros/jazzy/opt/gz_dartsim_vendor:/opt/ros/jazzy/opt/gz_cmake_vendor:/home/mikks/ros2_px4_ws/install/x500_hover_controller:/home/mikks/ros2_px4_ws/install/example_mode_with_rclpy_py:/home/mikks/ros2_px4_ws/install/example_mode_goto_py:/home/mikks/ros2_px4_ws/install/px4_actuator_ctrl:/home/mikks/ros2_ws/install/rover_desc_description:/home/mikks/ros2_ws/install/px4_actuator_ctrl:/home/mikks/ros2_ws/install/mine_rover_description:/home/mikks/ros2_ws/install/ZerionURDFV5cp_description:/home/mikks/crazyflie_mapping_demo/ros2_ws/install/velocity_free_consensus:/home/mikks/crazyflie_mapping_demo/ros2_ws/install/stepwise_lowpos:/home/mikks/crazyflie_mapping_demo/ros2_ws/install/step_wise_lowpos:/home/mikks/crazyflie_mapping_demo/ros2_ws/install/second_order_formation_control:/home/mikks/crazyflie_mapping_demo/ros2_ws/install/ros_gz_crazyflie_control:/home/mikks/crazyflie_mapping_demo/ros2_ws/install/mixed_fractional_consensus:/home/mikks/crazyflie_mapping_demo/ros2_ws/install/lowest_pos:/home/mikks/crazyflie_mapping_demo/ros2_ws/install/linear_consensus:/home/mikks/crazyflie_mapping_demo/ros2_ws/install/highest_pos:/home/mikks/crazyflie_mapping_demo/ros2_ws/install/fractional_consensus_alpha:/home/mikks/crazyflie_mapping_demo/ros2_ws/install/event_triggered_swarm:/home/mikks/crazyflie_mapping_demo/ros2_ws/install/drone_logger:/home/mikks/crazyflie_mapping_demo/ros2_ws/install/distributed_average_tracking:/home/mikks/crazyflie_mapping_demo/ros2_ws/install/crazyflie_swarm_logic:/home/mikks/crazyflie_mapping_demo/ros2_ws/install/crazyflie_ros2_multiranger_wall_following:/home/mikks/crazyflie_mapping_demo/ros2_ws/install/crazyflie_ros2_multiranger_simple_mapper:/home/mikks/crazyflie_mapping_demo/ros2_ws/install/crazyflie_py:/home/mikks/crazyflie_mapping_demo/ros2_ws/install/cooperative_target_centric_formation:/home/mikks/crazyflie_mapping_demo/ros2_ws/install/containment_using_agent_information:/home/mikks/crazyflie_mapping_demo/ros2_ws/install/consensus_for_double_integrator:/home/mikks/crazyflie_mapping_demo/ros2_ws/install/consensus_alignment:/home/mikks/crazyflie_mapping_demo/ros2_ws/install/binary_consensus:/home/mikks/crazyflie_mapping_demo/ros2_ws/install/Second_Order_Min_Consensus_for_Heterogeneous_Agents:/home/mikks/crazyflie_mapping_demo/ros2_ws/install/BinaryContainmentChain:/opt/ros/jazzy DEBUGINFOD_URLS=https://debuginfod.ubuntu.com LD_LIBRARY_PATH=/home/mikks/ros2_px4_ws/install/px4_ros2_cpp/lib:/home/mikks/ros2_px4_ws/install/px4_msgs/lib:/home/mikks/ros2_px4_ws/install/px4_ros_com/lib:/home/mikks/NatNet_SDK_4.3_ubuntu/lib:/home/mikks/crazyflie_mapping_demo/ros2_ws/install/crazyflie_interfaces/lib:/opt/ros/jazzy/opt/gz_sim_vendor/lib:/opt/ros/jazzy/opt/gz_sensors_vendor/lib:/opt/ros/jazzy/opt/gz_physics_vendor/lib:/opt/ros/jazzy/opt/sdformat_vendor/lib:/opt/ros/jazzy/opt/rviz_ogre_vendor/lib:/opt/ros/jazzy/lib/x86_64-linux-gnu:/opt/ros/jazzy/opt/gz_gui_vendor/lib:/opt/ros/jazzy/opt/gz_transport_vendor/lib:/opt/ros/jazzy/opt/gz_rendering_vendor/lib:/opt/ros/jazzy/opt/gz_plugin_vendor/lib:/opt/ros/jazzy/opt/gz_fuel_tools_vendor/lib:/opt/ros/jazzy/opt/gz_msgs_vendor/lib:/opt/ros/jazzy/opt/gz_common_vendor/lib:/opt/ros/jazzy/opt/gz_math_vendor/lib:/opt/ros/jazzy/opt/gz_utils_vendor/lib:/opt/ros/jazzy/opt/gz_tools_vendor/lib:/opt/ros/jazzy/opt/gz_ogre_next_vendor/lib:/opt/ros/jazzy/opt/gz_dartsim_vendor/lib:/opt/ros/jazzy/opt/gz_cmake_vendor/lib:/opt/ros/jazzy/lib PYTHONPATH=/home/mikks/ros2_px4_ws/install/px4_msgs/lib/python3.12/site-packages:/home/mikks/ros2_px4_ws/build/x500_hover_controller:/home/mikks/ros2_px4_ws/install/x500_hover_controller/lib/python3.12/site-packages:/home/mikks/ros2_px4_ws/install/px4_ros_com/lib/python3.12/site-packages:/home/mikks/ros2_px4_ws/build/example_mode_with_rclpy_py:/home/mikks/ros2_px4_ws/install/example_mode_with_rclpy_py/lib/python3.12/site-packages:/home/mikks/ros2_px4_ws/build/example_mode_goto_py:/home/mikks/ros2_px4_ws/install/example_mode_goto_py/lib/python3.12/site-packages:/home/mikks/ros2_px4_ws/install/px4_ros2_py/lib/python3.12/site-packages:/home/mikks/ros2_px4_ws/build/px4_actuator_ctrl:/home/mikks/ros2_px4_ws/install/px4_actuator_ctrl/lib/python3.12/site-packages:/home/mikks/ros2_ws/build/rover_desc_description:/home/mikks/ros2_ws/install/rover_desc_description/lib/python3.12/site-packages:/home/mikks/ros2_ws/install/px4_actuator_ctrl/lib/python3.12/site-packages:/home/mikks/ros2_ws/build/mine_rover_description:/home/mikks/ros2_ws/install/mine_rover_description/lib/python3.12/site-packages:/home/mikks/ros2_ws/build/ZerionURDFV5cp_description:/home/mikks/ros2_ws/install/ZerionURDFV5cp_description/lib/python3.12/site-packages:/home/mikks/crazyflie_mapping_demo/ros2_ws/install/velocity_free_consensus/lib/python3.12/site-packages:/home/mikks/crazyflie_mapping_demo/ros2_ws/install/stepwise_lowpos/lib/python3.12/site-packages:/home/mikks/crazyflie_mapping_demo/ros2_ws/install/step_wise_lowpos/lib/python3.12/site-packages:/home/mikks/crazyflie_mapping_demo/ros2_ws/install/second_order_formation_control/lib/python3.12/site-packages:/home/mikks/crazyflie_mapping_demo/ros2_ws/install/ros_gz_crazyflie_control/lib/python3.12/site-packages:/home/mikks/crazyflie_mapping_demo/ros2_ws/install/mixed_fractional_consensus/lib/python3.12/site-packages:/home/mikks/crazyflie_mapping_demo/ros2_ws/install/lowest_pos/lib/python3.12/site-packages:/home/mikks/crazyflie_mapping_demo/ros2_ws/install/linear_consensus/lib/python3.12/site-packages:/home/mikks/crazyflie_mapping_demo/ros2_ws/install/highest_pos/lib/python3.12/site-packages:/home/mikks/crazyflie_mapping_demo/ros2_ws/install/fractional_consensus_alpha/lib/python3.12/site-packages:/home/mikks/crazyflie_mapping_demo/ros2_ws/install/event_triggered_swarm/lib/python3.12/site-packages:/home/mikks/crazyflie_mapping_demo/ros2_ws/install/drone_logger/lib/python3.12/site-packages:/home/mikks/crazyflie_mapping_demo/ros2_ws/install/distributed_average_tracking/lib/python3.12/site-packages:/home/mikks/crazyflie_mapping_demo/ros2_ws/install/crazyflie_swarm_logic/lib/python3.12/site-packages:/home/mikks/crazyflie_mapping_demo/ros2_ws/install/crazyflie_sim/lib/python3.12/site-packages:/home/mikks/crazyflie_mapping_demo/ros2_ws/install/crazyflie_ros2_multiranger_wall_following/lib/python3.12/site-packages:/home/mikks/crazyflie_mapping_demo/ros2_ws/install/crazyflie_ros2_multiranger_simple_mapper/lib/python3.12/site-packages:/home/mikks/crazyflie_mapping_demo/ros2_ws/install/crazyflie_examples/lib/python3.12/site-packages:/home/mikks/crazyflie_mapping_demo/ros2_ws/install/crazyflie_py/lib/python3.12/site-packages:/home/mikks/crazyflie_mapping_demo/ros2_ws/install/crazyflie_interfaces/lib/python3.12/site-packages:/home/mikks/crazyflie_mapping_demo/ros2_ws/install/cooperative_target_centric_formation/lib/python3.12/site-packages:/home/mikks/crazyflie_mapping_demo/ros2_ws/install/containment_using_agent_information/lib/python3.12/site-packages:/home/mikks/crazyflie_mapping_demo/ros2_ws/install/consensus_for_double_integrator/lib/python3.12/site-packages:/home/mikks/crazyflie_mapping_demo/ros2_ws/install/consensus_alignment/lib/python3.12/site-packages:/home/mikks/crazyflie_mapping_demo/ros2_ws/install/binary_consensus/lib/python3.12/site-packages:/home/mikks/crazyflie_mapping_demo/ros2_ws/install/Second_Order_Min_Consensus_for_Heterogeneous_Agents/lib/python3.12/site-packages:/home/mikks/crazyflie_mapping_demo/ros2_ws/install/BinaryContainmentChain/lib/python3.12/site-packages:/opt/ros/jazzy/lib/python3.12/site-packages /usr/bin/cmake --build /home/mikks/ros2_px4_ws/build/example_mode_mission_cpp -- -j12 -l12
[3.600s] DEBUG:colcon.colcon_core.event_handler.log_command:Invoked command in '/home/mikks/ros2_px4_ws/build/example_executor_with_multiple_modes_cpp' returned '0': CMAKE_PREFIX_PATH=/home/mikks/ros2_px4_ws/install/px4_ros2_cpp:/home/mikks/ros2_px4_ws/install/px4_msgs:/home/mikks/ros2_px4_ws/install/px4_ros_com:/home/mikks/ros2_px4_ws/install/px4_ros2_py:/home/mikks/ros2_px4_ws/install/example_rover_velocity_mode_cpp:/home/mikks/ros2_px4_ws/install/example_mode_with_executor_cpp:/home/mikks/ros2_px4_ws/install/example_mode_vtol_cpp:/home/mikks/ros2_px4_ws/install/example_mode_rtl_replacement_cpp:/home/mikks/ros2_px4_ws/install/example_mode_mission_cpp:/home/mikks/ros2_px4_ws/install/example_mode_manual_cpp:/home/mikks/ros2_px4_ws/install/example_mode_goto_global_cpp:/home/mikks/ros2_px4_ws/install/example_mode_goto_cpp:/home/mikks/ros2_px4_ws/install/example_mode_fw_attitude_cpp:/home/mikks/ros2_px4_ws/install/example_local_navigation_cpp:/home/mikks/ros2_px4_ws/install/example_global_navigation_cpp:/home/mikks/ros2_px4_ws/install/example_executor_with_multiple_modes_cpp:/home/mikks/crazyflie_mapping_demo/ros2_ws/install/crazyflie_ros2_multiranger_bringup:/home/mikks/crazyflie_mapping_demo/ros2_ws/install/ros_gz_crazyflie_bringup:/home/mikks/crazyflie_mapping_demo/ros2_ws/install/ros_gz_crazyflie_gazebo:/home/mikks/crazyflie_mapping_demo/ros2_ws/install/crazyflie_sim:/home/mikks/crazyflie_mapping_demo/ros2_ws/install/crazyflie_examples:/home/mikks/crazyflie_mapping_demo/ros2_ws/install/crazyflie:/home/mikks/crazyflie_mapping_demo/ros2_ws/install/crazyflie_interfaces:/opt/ros/jazzy/opt/gz_sim_vendor:/opt/ros/jazzy/opt/gz_sensors_vendor:/opt/ros/jazzy/opt/gz_physics_vendor:/opt/ros/jazzy/opt/sdformat_vendor:/opt/ros/jazzy/opt/gz_gui_vendor:/opt/ros/jazzy/opt/gz_transport_vendor:/opt/ros/jazzy/opt/gz_rendering_vendor:/opt/ros/jazzy/opt/gz_plugin_vendor:/opt/ros/jazzy/opt/gz_fuel_tools_vendor:/opt/ros/jazzy/opt/gz_msgs_vendor:/opt/ros/jazzy/opt/gz_common_vendor:/opt/ros/jazzy/opt/gz_math_vendor:/opt/ros/jazzy/opt/gz_utils_vendor:/opt/ros/jazzy/opt/gz_tools_vendor:/opt/ros/jazzy/opt/gz_ogre_next_vendor:/opt/ros/jazzy/opt/gz_dartsim_vendor:/opt/ros/jazzy/opt/gz_cmake_vendor:/home/mikks/ros2_px4_ws/install/x500_hover_controller:/home/mikks/ros2_px4_ws/install/example_mode_with_rclpy_py:/home/mikks/ros2_px4_ws/install/example_mode_goto_py:/home/mikks/ros2_px4_ws/install/px4_actuator_ctrl:/home/mikks/ros2_ws/install/rover_desc_description:/home/mikks/ros2_ws/install/px4_actuator_ctrl:/home/mikks/ros2_ws/install/mine_rover_description:/home/mikks/ros2_ws/install/ZerionURDFV5cp_description:/home/mikks/crazyflie_mapping_demo/ros2_ws/install/velocity_free_consensus:/home/mikks/crazyflie_mapping_demo/ros2_ws/install/stepwise_lowpos:/home/mikks/crazyflie_mapping_demo/ros2_ws/install/step_wise_lowpos:/home/mikks/crazyflie_mapping_demo/ros2_ws/install/second_order_formation_control:/home/mikks/crazyflie_mapping_demo/ros2_ws/install/ros_gz_crazyflie_control:/home/mikks/crazyflie_mapping_demo/ros2_ws/install/mixed_fractional_consensus:/home/mikks/crazyflie_mapping_demo/ros2_ws/install/lowest_pos:/home/mikks/crazyflie_mapping_demo/ros2_ws/install/linear_consensus:/home/mikks/crazyflie_mapping_demo/ros2_ws/install/highest_pos:/home/mikks/crazyflie_mapping_demo/ros2_ws/install/fractional_consensus_alpha:/home/mikks/crazyflie_mapping_demo/ros2_ws/install/event_triggered_swarm:/home/mikks/crazyflie_mapping_demo/ros2_ws/install/drone_logger:/home/mikks/crazyflie_mapping_demo/ros2_ws/install/distributed_average_tracking:/home/mikks/crazyflie_mapping_demo/ros2_ws/install/crazyflie_swarm_logic:/home/mikks/crazyflie_mapping_demo/ros2_ws/install/crazyflie_ros2_multiranger_wall_following:/home/mikks/crazyflie_mapping_demo/ros2_ws/install/crazyflie_ros2_multiranger_simple_mapper:/home/mikks/crazyflie_mapping_demo/ros2_ws/install/crazyflie_py:/home/mikks/crazyflie_mapping_demo/ros2_ws/install/cooperative_target_centric_formation:/home/mikks/crazyflie_mapping_demo/ros2_ws/install/containment_using_agent_information:/home/mikks/crazyflie_mapping_demo/ros2_ws/install/consensus_for_double_integrator:/home/mikks/crazyflie_mapping_demo/ros2_ws/install/consensus_alignment:/home/mikks/crazyflie_mapping_demo/ros2_ws/install/binary_consensus:/home/mikks/crazyflie_mapping_demo/ros2_ws/install/Second_Order_Min_Consensus_for_Heterogeneous_Agents:/home/mikks/crazyflie_mapping_demo/ros2_ws/install/BinaryContainmentChain:/opt/ros/jazzy DEBUGINFOD_URLS=https://debuginfod.ubuntu.com LD_LIBRARY_PATH=/home/mikks/ros2_px4_ws/install/px4_ros2_cpp/lib:/home/mikks/ros2_px4_ws/install/px4_msgs/lib:/home/mikks/ros2_px4_ws/install/px4_ros_com/lib:/home/mikks/NatNet_SDK_4.3_ubuntu/lib:/home/mikks/crazyflie_mapping_demo/ros2_ws/install/crazyflie_interfaces/lib:/opt/ros/jazzy/opt/gz_sim_vendor/lib:/opt/ros/jazzy/opt/gz_sensors_vendor/lib:/opt/ros/jazzy/opt/gz_physics_vendor/lib:/opt/ros/jazzy/opt/sdformat_vendor/lib:/opt/ros/jazzy/opt/rviz_ogre_vendor/lib:/opt/ros/jazzy/lib/x86_64-linux-gnu:/opt/ros/jazzy/opt/gz_gui_vendor/lib:/opt/ros/jazzy/opt/gz_transport_vendor/lib:/opt/ros/jazzy/opt/gz_rendering_vendor/lib:/opt/ros/jazzy/opt/gz_plugin_vendor/lib:/opt/ros/jazzy/opt/gz_fuel_tools_vendor/lib:/opt/ros/jazzy/opt/gz_msgs_vendor/lib:/opt/ros/jazzy/opt/gz_common_vendor/lib:/opt/ros/jazzy/opt/gz_math_vendor/lib:/opt/ros/jazzy/opt/gz_utils_vendor/lib:/opt/ros/jazzy/opt/gz_tools_vendor/lib:/opt/ros/jazzy/opt/gz_ogre_next_vendor/lib:/opt/ros/jazzy/opt/gz_dartsim_vendor/lib:/opt/ros/jazzy/opt/gz_cmake_vendor/lib:/opt/ros/jazzy/lib PYTHONPATH=/home/mikks/ros2_px4_ws/install/px4_msgs/lib/python3.12/site-packages:/home/mikks/ros2_px4_ws/build/x500_hover_controller:/home/mikks/ros2_px4_ws/install/x500_hover_controller/lib/python3.12/site-packages:/home/mikks/ros2_px4_ws/install/px4_ros_com/lib/python3.12/site-packages:/home/mikks/ros2_px4_ws/build/example_mode_with_rclpy_py:/home/mikks/ros2_px4_ws/install/example_mode_with_rclpy_py/lib/python3.12/site-packages:/home/mikks/ros2_px4_ws/build/example_mode_goto_py:/home/mikks/ros2_px4_ws/install/example_mode_goto_py/lib/python3.12/site-packages:/home/mikks/ros2_px4_ws/install/px4_ros2_py/lib/python3.12/site-packages:/home/mikks/ros2_px4_ws/build/px4_actuator_ctrl:/home/mikks/ros2_px4_ws/install/px4_actuator_ctrl/lib/python3.12/site-packages:/home/mikks/ros2_ws/build/rover_desc_description:/home/mikks/ros2_ws/install/rover_desc_description/lib/python3.12/site-packages:/home/mikks/ros2_ws/install/px4_actuator_ctrl/lib/python3.12/site-packages:/home/mikks/ros2_ws/build/mine_rover_description:/home/mikks/ros2_ws/install/mine_rover_description/lib/python3.12/site-packages:/home/mikks/ros2_ws/build/ZerionURDFV5cp_description:/home/mikks/ros2_ws/install/ZerionURDFV5cp_description/lib/python3.12/site-packages:/home/mikks/crazyflie_mapping_demo/ros2_ws/install/velocity_free_consensus/lib/python3.12/site-packages:/home/mikks/crazyflie_mapping_demo/ros2_ws/install/stepwise_lowpos/lib/python3.12/site-packages:/home/mikks/crazyflie_mapping_demo/ros2_ws/install/step_wise_lowpos/lib/python3.12/site-packages:/home/mikks/crazyflie_mapping_demo/ros2_ws/install/second_order_formation_control/lib/python3.12/site-packages:/home/mikks/crazyflie_mapping_demo/ros2_ws/install/ros_gz_crazyflie_control/lib/python3.12/site-packages:/home/mikks/crazyflie_mapping_demo/ros2_ws/install/mixed_fractional_consensus/lib/python3.12/site-packages:/home/mikks/crazyflie_mapping_demo/ros2_ws/install/lowest_pos/lib/python3.12/site-packages:/home/mikks/crazyflie_mapping_demo/ros2_ws/install/linear_consensus/lib/python3.12/site-packages:/home/mikks/crazyflie_mapping_demo/ros2_ws/install/highest_pos/lib/python3.12/site-packages:/home/mikks/crazyflie_mapping_demo/ros2_ws/install/fractional_consensus_alpha/lib/python3.12/site-packages:/home/mikks/crazyflie_mapping_demo/ros2_ws/install/event_triggered_swarm/lib/python3.12/site-packages:/home/mikks/crazyflie_mapping_demo/ros2_ws/install/drone_logger/lib/python3.12/site-packages:/home/mikks/crazyflie_mapping_demo/ros2_ws/install/distributed_average_tracking/lib/python3.12/site-packages:/home/mikks/crazyflie_mapping_demo/ros2_ws/install/crazyflie_swarm_logic/lib/python3.12/site-packages:/home/mikks/crazyflie_mapping_demo/ros2_ws/install/crazyflie_sim/lib/python3.12/site-packages:/home/mikks/crazyflie_mapping_demo/ros2_ws/install/crazyflie_ros2_multiranger_wall_following/lib/python3.12/site-packages:/home/mikks/crazyflie_mapping_demo/ros2_ws/install/crazyflie_ros2_multiranger_simple_mapper/lib/python3.12/site-packages:/home/mikks/crazyflie_mapping_demo/ros2_ws/install/crazyflie_examples/lib/python3.12/site-packages:/home/mikks/crazyflie_mapping_demo/ros2_ws/install/crazyflie_py/lib/python3.12/site-packages:/home/mikks/crazyflie_mapping_demo/ros2_ws/install/crazyflie_interfaces/lib/python3.12/site-packages:/home/mikks/crazyflie_mapping_demo/ros2_ws/install/cooperative_target_centric_formation/lib/python3.12/site-packages:/home/mikks/crazyflie_mapping_demo/ros2_ws/install/containment_using_agent_information/lib/python3.12/site-packages:/home/mikks/crazyflie_mapping_demo/ros2_ws/install/consensus_for_double_integrator/lib/python3.12/site-packages:/home/mikks/crazyflie_mapping_demo/ros2_ws/install/consensus_alignment/lib/python3.12/site-packages:/home/mikks/crazyflie_mapping_demo/ros2_ws/install/binary_consensus/lib/python3.12/site-packages:/home/mikks/crazyflie_mapping_demo/ros2_ws/install/Second_Order_Min_Consensus_for_Heterogeneous_Agents/lib/python3.12/site-packages:/home/mikks/crazyflie_mapping_demo/ros2_ws/install/BinaryContainmentChain/lib/python3.12/site-packages:/opt/ros/jazzy/lib/python3.12/site-packages /usr/bin/cmake --build /home/mikks/ros2_px4_ws/build/example_executor_with_multiple_modes_cpp -- -j12 -l12
[3.601s] DEBUG:colcon.colcon_core.event_handler.log_command:Invoking command in '/home/mikks/ros2_px4_ws/build/example_executor_with_multiple_modes_cpp': CMAKE_PREFIX_PATH=/home/mikks/ros2_px4_ws/install/px4_ros2_cpp:/home/mikks/ros2_px4_ws/install/px4_msgs:/home/mikks/ros2_px4_ws/install/px4_ros_com:/home/mikks/ros2_px4_ws/install/px4_ros2_py:/home/mikks/ros2_px4_ws/install/example_rover_velocity_mode_cpp:/home/mikks/ros2_px4_ws/install/example_mode_with_executor_cpp:/home/mikks/ros2_px4_ws/install/example_mode_vtol_cpp:/home/mikks/ros2_px4_ws/install/example_mode_rtl_replacement_cpp:/home/mikks/ros2_px4_ws/install/example_mode_mission_cpp:/home/mikks/ros2_px4_ws/install/example_mode_manual_cpp:/home/mikks/ros2_px4_ws/install/example_mode_goto_global_cpp:/home/mikks/ros2_px4_ws/install/example_mode_goto_cpp:/home/mikks/ros2_px4_ws/install/example_mode_fw_attitude_cpp:/home/mikks/ros2_px4_ws/install/example_local_navigation_cpp:/home/mikks/ros2_px4_ws/install/example_global_navigation_cpp:/home/mikks/ros2_px4_ws/install/example_executor_with_multiple_modes_cpp:/home/mikks/crazyflie_mapping_demo/ros2_ws/install/crazyflie_ros2_multiranger_bringup:/home/mikks/crazyflie_mapping_demo/ros2_ws/install/ros_gz_crazyflie_bringup:/home/mikks/crazyflie_mapping_demo/ros2_ws/install/ros_gz_crazyflie_gazebo:/home/mikks/crazyflie_mapping_demo/ros2_ws/install/crazyflie_sim:/home/mikks/crazyflie_mapping_demo/ros2_ws/install/crazyflie_examples:/home/mikks/crazyflie_mapping_demo/ros2_ws/install/crazyflie:/home/mikks/crazyflie_mapping_demo/ros2_ws/install/crazyflie_interfaces:/opt/ros/jazzy/opt/gz_sim_vendor:/opt/ros/jazzy/opt/gz_sensors_vendor:/opt/ros/jazzy/opt/gz_physics_vendor:/opt/ros/jazzy/opt/sdformat_vendor:/opt/ros/jazzy/opt/gz_gui_vendor:/opt/ros/jazzy/opt/gz_transport_vendor:/opt/ros/jazzy/opt/gz_rendering_vendor:/opt/ros/jazzy/opt/gz_plugin_vendor:/opt/ros/jazzy/opt/gz_fuel_tools_vendor:/opt/ros/jazzy/opt/gz_msgs_vendor:/opt/ros/jazzy/opt/gz_common_vendor:/opt/ros/jazzy/opt/gz_math_vendor:/opt/ros/jazzy/opt/gz_utils_vendor:/opt/ros/jazzy/opt/gz_tools_vendor:/opt/ros/jazzy/opt/gz_ogre_next_vendor:/opt/ros/jazzy/opt/gz_dartsim_vendor:/opt/ros/jazzy/opt/gz_cmake_vendor:/home/mikks/ros2_px4_ws/install/x500_hover_controller:/home/mikks/ros2_px4_ws/install/example_mode_with_rclpy_py:/home/mikks/ros2_px4_ws/install/example_mode_goto_py:/home/mikks/ros2_px4_ws/install/px4_actuator_ctrl:/home/mikks/ros2_ws/install/rover_desc_description:/home/mikks/ros2_ws/install/px4_actuator_ctrl:/home/mikks/ros2_ws/install/mine_rover_description:/home/mikks/ros2_ws/install/ZerionURDFV5cp_description:/home/mikks/crazyflie_mapping_demo/ros2_ws/install/velocity_free_consensus:/home/mikks/crazyflie_mapping_demo/ros2_ws/install/stepwise_lowpos:/home/mikks/crazyflie_mapping_demo/ros2_ws/install/step_wise_lowpos:/home/mikks/crazyflie_mapping_demo/ros2_ws/install/second_order_formation_control:/home/mikks/crazyflie_mapping_demo/ros2_ws/install/ros_gz_crazyflie_control:/home/mikks/crazyflie_mapping_demo/ros2_ws/install/mixed_fractional_consensus:/home/mikks/crazyflie_mapping_demo/ros2_ws/install/lowest_pos:/home/mikks/crazyflie_mapping_demo/ros2_ws/install/linear_consensus:/home/mikks/crazyflie_mapping_demo/ros2_ws/install/highest_pos:/home/mikks/crazyflie_mapping_demo/ros2_ws/install/fractional_consensus_alpha:/home/mikks/crazyflie_mapping_demo/ros2_ws/install/event_triggered_swarm:/home/mikks/crazyflie_mapping_demo/ros2_ws/install/drone_logger:/home/mikks/crazyflie_mapping_demo/ros2_ws/install/distributed_average_tracking:/home/mikks/crazyflie_mapping_demo/ros2_ws/install/crazyflie_swarm_logic:/home/mikks/crazyflie_mapping_demo/ros2_ws/install/crazyflie_ros2_multiranger_wall_following:/home/mikks/crazyflie_mapping_demo/ros2_ws/install/crazyflie_ros2_multiranger_simple_mapper:/home/mikks/crazyflie_mapping_demo/ros2_ws/install/crazyflie_py:/home/mikks/crazyflie_mapping_demo/ros2_ws/install/cooperative_target_centric_formation:/home/mikks/crazyflie_mapping_demo/ros2_ws/install/containment_using_agent_information:/home/mikks/crazyflie_mapping_demo/ros2_ws/install/consensus_for_double_integrator:/home/mikks/crazyflie_mapping_demo/ros2_ws/install/consensus_alignment:/home/mikks/crazyflie_mapping_demo/ros2_ws/install/binary_consensus:/home/mikks/crazyflie_mapping_demo/ros2_ws/install/Second_Order_Min_Consensus_for_Heterogeneous_Agents:/home/mikks/crazyflie_mapping_demo/ros2_ws/install/BinaryContainmentChain:/opt/ros/jazzy DEBUGINFOD_URLS=https://debuginfod.ubuntu.com LD_LIBRARY_PATH=/home/mikks/ros2_px4_ws/install/px4_ros2_cpp/lib:/home/mikks/ros2_px4_ws/install/px4_msgs/lib:/home/mikks/ros2_px4_ws/install/px4_ros_com/lib:/home/mikks/NatNet_SDK_4.3_ubuntu/lib:/home/mikks/crazyflie_mapping_demo/ros2_ws/install/crazyflie_interfaces/lib:/opt/ros/jazzy/opt/gz_sim_vendor/lib:/opt/ros/jazzy/opt/gz_sensors_vendor/lib:/opt/ros/jazzy/opt/gz_physics_vendor/lib:/opt/ros/jazzy/opt/sdformat_vendor/lib:/opt/ros/jazzy/opt/rviz_ogre_vendor/lib:/opt/ros/jazzy/lib/x86_64-linux-gnu:/opt/ros/jazzy/opt/gz_gui_vendor/lib:/opt/ros/jazzy/opt/gz_transport_vendor/lib:/opt/ros/jazzy/opt/gz_rendering_vendor/lib:/opt/ros/jazzy/opt/gz_plugin_vendor/lib:/opt/ros/jazzy/opt/gz_fuel_tools_vendor/lib:/opt/ros/jazzy/opt/gz_msgs_vendor/lib:/opt/ros/jazzy/opt/gz_common_vendor/lib:/opt/ros/jazzy/opt/gz_math_vendor/lib:/opt/ros/jazzy/opt/gz_utils_vendor/lib:/opt/ros/jazzy/opt/gz_tools_vendor/lib:/opt/ros/jazzy/opt/gz_ogre_next_vendor/lib:/opt/ros/jazzy/opt/gz_dartsim_vendor/lib:/opt/ros/jazzy/opt/gz_cmake_vendor/lib:/opt/ros/jazzy/lib PYTHONPATH=/home/mikks/ros2_px4_ws/install/px4_msgs/lib/python3.12/site-packages:/home/mikks/ros2_px4_ws/build/x500_hover_controller:/home/mikks/ros2_px4_ws/install/x500_hover_controller/lib/python3.12/site-packages:/home/mikks/ros2_px4_ws/install/px4_ros_com/lib/python3.12/site-packages:/home/mikks/ros2_px4_ws/build/example_mode_with_rclpy_py:/home/mikks/ros2_px4_ws/install/example_mode_with_rclpy_py/lib/python3.12/site-packages:/home/mikks/ros2_px4_ws/build/example_mode_goto_py:/home/mikks/ros2_px4_ws/install/example_mode_goto_py/lib/python3.12/site-packages:/home/mikks/ros2_px4_ws/install/px4_ros2_py/lib/python3.12/site-packages:/home/mikks/ros2_px4_ws/build/px4_actuator_ctrl:/home/mikks/ros2_px4_ws/install/px4_actuator_ctrl/lib/python3.12/site-packages:/home/mikks/ros2_ws/build/rover_desc_description:/home/mikks/ros2_ws/install/rover_desc_description/lib/python3.12/site-packages:/home/mikks/ros2_ws/install/px4_actuator_ctrl/lib/python3.12/site-packages:/home/mikks/ros2_ws/build/mine_rover_description:/home/mikks/ros2_ws/install/mine_rover_description/lib/python3.12/site-packages:/home/mikks/ros2_ws/build/ZerionURDFV5cp_description:/home/mikks/ros2_ws/install/ZerionURDFV5cp_description/lib/python3.12/site-packages:/home/mikks/crazyflie_mapping_demo/ros2_ws/install/velocity_free_consensus/lib/python3.12/site-packages:/home/mikks/crazyflie_mapping_demo/ros2_ws/install/stepwise_lowpos/lib/python3.12/site-packages:/home/mikks/crazyflie_mapping_demo/ros2_ws/install/step_wise_lowpos/lib/python3.12/site-packages:/home/mikks/crazyflie_mapping_demo/ros2_ws/install/second_order_formation_control/lib/python3.12/site-packages:/home/mikks/crazyflie_mapping_demo/ros2_ws/install/ros_gz_crazyflie_control/lib/python3.12/site-packages:/home/mikks/crazyflie_mapping_demo/ros2_ws/install/mixed_fractional_consensus/lib/python3.12/site-packages:/home/mikks/crazyflie_mapping_demo/ros2_ws/install/lowest_pos/lib/python3.12/site-packages:/home/mikks/crazyflie_mapping_demo/ros2_ws/install/linear_consensus/lib/python3.12/site-packages:/home/mikks/crazyflie_mapping_demo/ros2_ws/install/highest_pos/lib/python3.12/site-packages:/home/mikks/crazyflie_mapping_demo/ros2_ws/install/fractional_consensus_alpha/lib/python3.12/site-packages:/home/mikks/crazyflie_mapping_demo/ros2_ws/install/event_triggered_swarm/lib/python3.12/site-packages:/home/mikks/crazyflie_mapping_demo/ros2_ws/install/drone_logger/lib/python3.12/site-packages:/home/mikks/crazyflie_mapping_demo/ros2_ws/install/distributed_average_tracking/lib/python3.12/site-packages:/home/mikks/crazyflie_mapping_demo/ros2_ws/install/crazyflie_swarm_logic/lib/python3.12/site-packages:/home/mikks/crazyflie_mapping_demo/ros2_ws/install/crazyflie_sim/lib/python3.12/site-packages:/home/mikks/crazyflie_mapping_demo/ros2_ws/install/crazyflie_ros2_multiranger_wall_following/lib/python3.12/site-packages:/home/mikks/crazyflie_mapping_demo/ros2_ws/install/crazyflie_ros2_multiranger_simple_mapper/lib/python3.12/site-packages:/home/mikks/crazyflie_mapping_demo/ros2_ws/install/crazyflie_examples/lib/python3.12/site-packages:/home/mikks/crazyflie_mapping_demo/ros2_ws/install/crazyflie_py/lib/python3.12/site-packages:/home/mikks/crazyflie_mapping_demo/ros2_ws/install/crazyflie_interfaces/lib/python3.12/site-packages:/home/mikks/crazyflie_mapping_demo/ros2_ws/install/cooperative_target_centric_formation/lib/python3.12/site-packages:/home/mikks/crazyflie_mapping_demo/ros2_ws/install/containment_using_agent_information/lib/python3.12/site-packages:/home/mikks/crazyflie_mapping_demo/ros2_ws/install/consensus_for_double_integrator/lib/python3.12/site-packages:/home/mikks/crazyflie_mapping_demo/ros2_ws/install/consensus_alignment/lib/python3.12/site-packages:/home/mikks/crazyflie_mapping_demo/ros2_ws/install/binary_consensus/lib/python3.12/site-packages:/home/mikks/crazyflie_mapping_demo/ros2_ws/install/Second_Order_Min_Consensus_for_Heterogeneous_Agents/lib/python3.12/site-packages:/home/mikks/crazyflie_mapping_demo/ros2_ws/install/BinaryContainmentChain/lib/python3.12/site-packages:/opt/ros/jazzy/lib/python3.12/site-packages /usr/bin/cmake --install /home/mikks/ros2_px4_ws/build/example_executor_with_multiple_modes_cpp
[3.613s] DEBUG:colcon.colcon_core.event_handler.log_command:Invoked command in '/home/mikks/ros2_px4_ws/build/example_global_navigation_cpp' returned '0': CMAKE_PREFIX_PATH=/home/mikks/ros2_px4_ws/install/px4_ros2_cpp:/home/mikks/ros2_px4_ws/install/px4_msgs:/home/mikks/ros2_px4_ws/install/px4_ros_com:/home/mikks/ros2_px4_ws/install/px4_ros2_py:/home/mikks/ros2_px4_ws/install/example_rover_velocity_mode_cpp:/home/mikks/ros2_px4_ws/install/example_mode_with_executor_cpp:/home/mikks/ros2_px4_ws/install/example_mode_vtol_cpp:/home/mikks/ros2_px4_ws/install/example_mode_rtl_replacement_cpp:/home/mikks/ros2_px4_ws/install/example_mode_mission_cpp:/home/mikks/ros2_px4_ws/install/example_mode_manual_cpp:/home/mikks/ros2_px4_ws/install/example_mode_goto_global_cpp:/home/mikks/ros2_px4_ws/install/example_mode_goto_cpp:/home/mikks/ros2_px4_ws/install/example_mode_fw_attitude_cpp:/home/mikks/ros2_px4_ws/install/example_local_navigation_cpp:/home/mikks/ros2_px4_ws/install/example_global_navigation_cpp:/home/mikks/ros2_px4_ws/install/example_executor_with_multiple_modes_cpp:/home/mikks/crazyflie_mapping_demo/ros2_ws/install/crazyflie_ros2_multiranger_bringup:/home/mikks/crazyflie_mapping_demo/ros2_ws/install/ros_gz_crazyflie_bringup:/home/mikks/crazyflie_mapping_demo/ros2_ws/install/ros_gz_crazyflie_gazebo:/home/mikks/crazyflie_mapping_demo/ros2_ws/install/crazyflie_sim:/home/mikks/crazyflie_mapping_demo/ros2_ws/install/crazyflie_examples:/home/mikks/crazyflie_mapping_demo/ros2_ws/install/crazyflie:/home/mikks/crazyflie_mapping_demo/ros2_ws/install/crazyflie_interfaces:/opt/ros/jazzy/opt/gz_sim_vendor:/opt/ros/jazzy/opt/gz_sensors_vendor:/opt/ros/jazzy/opt/gz_physics_vendor:/opt/ros/jazzy/opt/sdformat_vendor:/opt/ros/jazzy/opt/gz_gui_vendor:/opt/ros/jazzy/opt/gz_transport_vendor:/opt/ros/jazzy/opt/gz_rendering_vendor:/opt/ros/jazzy/opt/gz_plugin_vendor:/opt/ros/jazzy/opt/gz_fuel_tools_vendor:/opt/ros/jazzy/opt/gz_msgs_vendor:/opt/ros/jazzy/opt/gz_common_vendor:/opt/ros/jazzy/opt/gz_math_vendor:/opt/ros/jazzy/opt/gz_utils_vendor:/opt/ros/jazzy/opt/gz_tools_vendor:/opt/ros/jazzy/opt/gz_ogre_next_vendor:/opt/ros/jazzy/opt/gz_dartsim_vendor:/opt/ros/jazzy/opt/gz_cmake_vendor:/home/mikks/ros2_px4_ws/install/x500_hover_controller:/home/mikks/ros2_px4_ws/install/example_mode_with_rclpy_py:/home/mikks/ros2_px4_ws/install/example_mode_goto_py:/home/mikks/ros2_px4_ws/install/px4_actuator_ctrl:/home/mikks/ros2_ws/install/rover_desc_description:/home/mikks/ros2_ws/install/px4_actuator_ctrl:/home/mikks/ros2_ws/install/mine_rover_description:/home/mikks/ros2_ws/install/ZerionURDFV5cp_description:/home/mikks/crazyflie_mapping_demo/ros2_ws/install/velocity_free_consensus:/home/mikks/crazyflie_mapping_demo/ros2_ws/install/stepwise_lowpos:/home/mikks/crazyflie_mapping_demo/ros2_ws/install/step_wise_lowpos:/home/mikks/crazyflie_mapping_demo/ros2_ws/install/second_order_formation_control:/home/mikks/crazyflie_mapping_demo/ros2_ws/install/ros_gz_crazyflie_control:/home/mikks/crazyflie_mapping_demo/ros2_ws/install/mixed_fractional_consensus:/home/mikks/crazyflie_mapping_demo/ros2_ws/install/lowest_pos:/home/mikks/crazyflie_mapping_demo/ros2_ws/install/linear_consensus:/home/mikks/crazyflie_mapping_demo/ros2_ws/install/highest_pos:/home/mikks/crazyflie_mapping_demo/ros2_ws/install/fractional_consensus_alpha:/home/mikks/crazyflie_mapping_demo/ros2_ws/install/event_triggered_swarm:/home/mikks/crazyflie_mapping_demo/ros2_ws/install/drone_logger:/home/mikks/crazyflie_mapping_demo/ros2_ws/install/distributed_average_tracking:/home/mikks/crazyflie_mapping_demo/ros2_ws/install/crazyflie_swarm_logic:/home/mikks/crazyflie_mapping_demo/ros2_ws/install/crazyflie_ros2_multiranger_wall_following:/home/mikks/crazyflie_mapping_demo/ros2_ws/install/crazyflie_ros2_multiranger_simple_mapper:/home/mikks/crazyflie_mapping_demo/ros2_ws/install/crazyflie_py:/home/mikks/crazyflie_mapping_demo/ros2_ws/install/cooperative_target_centric_formation:/home/mikks/crazyflie_mapping_demo/ros2_ws/install/containment_using_agent_information:/home/mikks/crazyflie_mapping_demo/ros2_ws/install/consensus_for_double_integrator:/home/mikks/crazyflie_mapping_demo/ros2_ws/install/consensus_alignment:/home/mikks/crazyflie_mapping_demo/ros2_ws/install/binary_consensus:/home/mikks/crazyflie_mapping_demo/ros2_ws/install/Second_Order_Min_Consensus_for_Heterogeneous_Agents:/home/mikks/crazyflie_mapping_demo/ros2_ws/install/BinaryContainmentChain:/opt/ros/jazzy DEBUGINFOD_URLS=https://debuginfod.ubuntu.com LD_LIBRARY_PATH=/home/mikks/ros2_px4_ws/install/px4_ros2_cpp/lib:/home/mikks/ros2_px4_ws/install/px4_msgs/lib:/home/mikks/ros2_px4_ws/install/px4_ros_com/lib:/home/mikks/NatNet_SDK_4.3_ubuntu/lib:/home/mikks/crazyflie_mapping_demo/ros2_ws/install/crazyflie_interfaces/lib:/opt/ros/jazzy/opt/gz_sim_vendor/lib:/opt/ros/jazzy/opt/gz_sensors_vendor/lib:/opt/ros/jazzy/opt/gz_physics_vendor/lib:/opt/ros/jazzy/opt/sdformat_vendor/lib:/opt/ros/jazzy/opt/rviz_ogre_vendor/lib:/opt/ros/jazzy/lib/x86_64-linux-gnu:/opt/ros/jazzy/opt/gz_gui_vendor/lib:/opt/ros/jazzy/opt/gz_transport_vendor/lib:/opt/ros/jazzy/opt/gz_rendering_vendor/lib:/opt/ros/jazzy/opt/gz_plugin_vendor/lib:/opt/ros/jazzy/opt/gz_fuel_tools_vendor/lib:/opt/ros/jazzy/opt/gz_msgs_vendor/lib:/opt/ros/jazzy/opt/gz_common_vendor/lib:/opt/ros/jazzy/opt/gz_math_vendor/lib:/opt/ros/jazzy/opt/gz_utils_vendor/lib:/opt/ros/jazzy/opt/gz_tools_vendor/lib:/opt/ros/jazzy/opt/gz_ogre_next_vendor/lib:/opt/ros/jazzy/opt/gz_dartsim_vendor/lib:/opt/ros/jazzy/opt/gz_cmake_vendor/lib:/opt/ros/jazzy/lib PYTHONPATH=/home/mikks/ros2_px4_ws/install/px4_msgs/lib/python3.12/site-packages:/home/mikks/ros2_px4_ws/build/x500_hover_controller:/home/mikks/ros2_px4_ws/install/x500_hover_controller/lib/python3.12/site-packages:/home/mikks/ros2_px4_ws/install/px4_ros_com/lib/python3.12/site-packages:/home/mikks/ros2_px4_ws/build/example_mode_with_rclpy_py:/home/mikks/ros2_px4_ws/install/example_mode_with_rclpy_py/lib/python3.12/site-packages:/home/mikks/ros2_px4_ws/build/example_mode_goto_py:/home/mikks/ros2_px4_ws/install/example_mode_goto_py/lib/python3.12/site-packages:/home/mikks/ros2_px4_ws/install/px4_ros2_py/lib/python3.12/site-packages:/home/mikks/ros2_px4_ws/build/px4_actuator_ctrl:/home/mikks/ros2_px4_ws/install/px4_actuator_ctrl/lib/python3.12/site-packages:/home/mikks/ros2_ws/build/rover_desc_description:/home/mikks/ros2_ws/install/rover_desc_description/lib/python3.12/site-packages:/home/mikks/ros2_ws/install/px4_actuator_ctrl/lib/python3.12/site-packages:/home/mikks/ros2_ws/build/mine_rover_description:/home/mikks/ros2_ws/install/mine_rover_description/lib/python3.12/site-packages:/home/mikks/ros2_ws/build/ZerionURDFV5cp_description:/home/mikks/ros2_ws/install/ZerionURDFV5cp_description/lib/python3.12/site-packages:/home/mikks/crazyflie_mapping_demo/ros2_ws/install/velocity_free_consensus/lib/python3.12/site-packages:/home/mikks/crazyflie_mapping_demo/ros2_ws/install/stepwise_lowpos/lib/python3.12/site-packages:/home/mikks/crazyflie_mapping_demo/ros2_ws/install/step_wise_lowpos/lib/python3.12/site-packages:/home/mikks/crazyflie_mapping_demo/ros2_ws/install/second_order_formation_control/lib/python3.12/site-packages:/home/mikks/crazyflie_mapping_demo/ros2_ws/install/ros_gz_crazyflie_control/lib/python3.12/site-packages:/home/mikks/crazyflie_mapping_demo/ros2_ws/install/mixed_fractional_consensus/lib/python3.12/site-packages:/home/mikks/crazyflie_mapping_demo/ros2_ws/install/lowest_pos/lib/python3.12/site-packages:/home/mikks/crazyflie_mapping_demo/ros2_ws/install/linear_consensus/lib/python3.12/site-packages:/home/mikks/crazyflie_mapping_demo/ros2_ws/install/highest_pos/lib/python3.12/site-packages:/home/mikks/crazyflie_mapping_demo/ros2_ws/install/fractional_consensus_alpha/lib/python3.12/site-packages:/home/mikks/crazyflie_mapping_demo/ros2_ws/install/event_triggered_swarm/lib/python3.12/site-packages:/home/mikks/crazyflie_mapping_demo/ros2_ws/install/drone_logger/lib/python3.12/site-packages:/home/mikks/crazyflie_mapping_demo/ros2_ws/install/distributed_average_tracking/lib/python3.12/site-packages:/home/mikks/crazyflie_mapping_demo/ros2_ws/install/crazyflie_swarm_logic/lib/python3.12/site-packages:/home/mikks/crazyflie_mapping_demo/ros2_ws/install/crazyflie_sim/lib/python3.12/site-packages:/home/mikks/crazyflie_mapping_demo/ros2_ws/install/crazyflie_ros2_multiranger_wall_following/lib/python3.12/site-packages:/home/mikks/crazyflie_mapping_demo/ros2_ws/install/crazyflie_ros2_multiranger_simple_mapper/lib/python3.12/site-packages:/home/mikks/crazyflie_mapping_demo/ros2_ws/install/crazyflie_examples/lib/python3.12/site-packages:/home/mikks/crazyflie_mapping_demo/ros2_ws/install/crazyflie_py/lib/python3.12/site-packages:/home/mikks/crazyflie_mapping_demo/ros2_ws/install/crazyflie_interfaces/lib/python3.12/site-packages:/home/mikks/crazyflie_mapping_demo/ros2_ws/install/cooperative_target_centric_formation/lib/python3.12/site-packages:/home/mikks/crazyflie_mapping_demo/ros2_ws/install/containment_using_agent_information/lib/python3.12/site-packages:/home/mikks/crazyflie_mapping_demo/ros2_ws/install/consensus_for_double_integrator/lib/python3.12/site-packages:/home/mikks/crazyflie_mapping_demo/ros2_ws/install/consensus_alignment/lib/python3.12/site-packages:/home/mikks/crazyflie_mapping_demo/ros2_ws/install/binary_consensus/lib/python3.12/site-packages:/home/mikks/crazyflie_mapping_demo/ros2_ws/install/Second_Order_Min_Consensus_for_Heterogeneous_Agents/lib/python3.12/site-packages:/home/mikks/crazyflie_mapping_demo/ros2_ws/install/BinaryContainmentChain/lib/python3.12/site-packages:/opt/ros/jazzy/lib/python3.12/site-packages /usr/bin/cmake --build /home/mikks/ros2_px4_ws/build/example_global_navigation_cpp -- -j12 -l12
[3.614s] DEBUG:colcon.colcon_core.event_handler.log_command:Invoking command in '/home/mikks/ros2_px4_ws/build/example_global_navigation_cpp': CMAKE_PREFIX_PATH=/home/mikks/ros2_px4_ws/install/px4_ros2_cpp:/home/mikks/ros2_px4_ws/install/px4_msgs:/home/mikks/ros2_px4_ws/install/px4_ros_com:/home/mikks/ros2_px4_ws/install/px4_ros2_py:/home/mikks/ros2_px4_ws/install/example_rover_velocity_mode_cpp:/home/mikks/ros2_px4_ws/install/example_mode_with_executor_cpp:/home/mikks/ros2_px4_ws/install/example_mode_vtol_cpp:/home/mikks/ros2_px4_ws/install/example_mode_rtl_replacement_cpp:/home/mikks/ros2_px4_ws/install/example_mode_mission_cpp:/home/mikks/ros2_px4_ws/install/example_mode_manual_cpp:/home/mikks/ros2_px4_ws/install/example_mode_goto_global_cpp:/home/mikks/ros2_px4_ws/install/example_mode_goto_cpp:/home/mikks/ros2_px4_ws/install/example_mode_fw_attitude_cpp:/home/mikks/ros2_px4_ws/install/example_local_navigation_cpp:/home/mikks/ros2_px4_ws/install/example_global_navigation_cpp:/home/mikks/ros2_px4_ws/install/example_executor_with_multiple_modes_cpp:/home/mikks/crazyflie_mapping_demo/ros2_ws/install/crazyflie_ros2_multiranger_bringup:/home/mikks/crazyflie_mapping_demo/ros2_ws/install/ros_gz_crazyflie_bringup:/home/mikks/crazyflie_mapping_demo/ros2_ws/install/ros_gz_crazyflie_gazebo:/home/mikks/crazyflie_mapping_demo/ros2_ws/install/crazyflie_sim:/home/mikks/crazyflie_mapping_demo/ros2_ws/install/crazyflie_examples:/home/mikks/crazyflie_mapping_demo/ros2_ws/install/crazyflie:/home/mikks/crazyflie_mapping_demo/ros2_ws/install/crazyflie_interfaces:/opt/ros/jazzy/opt/gz_sim_vendor:/opt/ros/jazzy/opt/gz_sensors_vendor:/opt/ros/jazzy/opt/gz_physics_vendor:/opt/ros/jazzy/opt/sdformat_vendor:/opt/ros/jazzy/opt/gz_gui_vendor:/opt/ros/jazzy/opt/gz_transport_vendor:/opt/ros/jazzy/opt/gz_rendering_vendor:/opt/ros/jazzy/opt/gz_plugin_vendor:/opt/ros/jazzy/opt/gz_fuel_tools_vendor:/opt/ros/jazzy/opt/gz_msgs_vendor:/opt/ros/jazzy/opt/gz_common_vendor:/opt/ros/jazzy/opt/gz_math_vendor:/opt/ros/jazzy/opt/gz_utils_vendor:/opt/ros/jazzy/opt/gz_tools_vendor:/opt/ros/jazzy/opt/gz_ogre_next_vendor:/opt/ros/jazzy/opt/gz_dartsim_vendor:/opt/ros/jazzy/opt/gz_cmake_vendor:/home/mikks/ros2_px4_ws/install/x500_hover_controller:/home/mikks/ros2_px4_ws/install/example_mode_with_rclpy_py:/home/mikks/ros2_px4_ws/install/example_mode_goto_py:/home/mikks/ros2_px4_ws/install/px4_actuator_ctrl:/home/mikks/ros2_ws/install/rover_desc_description:/home/mikks/ros2_ws/install/px4_actuator_ctrl:/home/mikks/ros2_ws/install/mine_rover_description:/home/mikks/ros2_ws/install/ZerionURDFV5cp_description:/home/mikks/crazyflie_mapping_demo/ros2_ws/install/velocity_free_consensus:/home/mikks/crazyflie_mapping_demo/ros2_ws/install/stepwise_lowpos:/home/mikks/crazyflie_mapping_demo/ros2_ws/install/step_wise_lowpos:/home/mikks/crazyflie_mapping_demo/ros2_ws/install/second_order_formation_control:/home/mikks/crazyflie_mapping_demo/ros2_ws/install/ros_gz_crazyflie_control:/home/mikks/crazyflie_mapping_demo/ros2_ws/install/mixed_fractional_consensus:/home/mikks/crazyflie_mapping_demo/ros2_ws/install/lowest_pos:/home/mikks/crazyflie_mapping_demo/ros2_ws/install/linear_consensus:/home/mikks/crazyflie_mapping_demo/ros2_ws/install/highest_pos:/home/mikks/crazyflie_mapping_demo/ros2_ws/install/fractional_consensus_alpha:/home/mikks/crazyflie_mapping_demo/ros2_ws/install/event_triggered_swarm:/home/mikks/crazyflie_mapping_demo/ros2_ws/install/drone_logger:/home/mikks/crazyflie_mapping_demo/ros2_ws/install/distributed_average_tracking:/home/mikks/crazyflie_mapping_demo/ros2_ws/install/crazyflie_swarm_logic:/home/mikks/crazyflie_mapping_demo/ros2_ws/install/crazyflie_ros2_multiranger_wall_following:/home/mikks/crazyflie_mapping_demo/ros2_ws/install/crazyflie_ros2_multiranger_simple_mapper:/home/mikks/crazyflie_mapping_demo/ros2_ws/install/crazyflie_py:/home/mikks/crazyflie_mapping_demo/ros2_ws/install/cooperative_target_centric_formation:/home/mikks/crazyflie_mapping_demo/ros2_ws/install/containment_using_agent_information:/home/mikks/crazyflie_mapping_demo/ros2_ws/install/consensus_for_double_integrator:/home/mikks/crazyflie_mapping_demo/ros2_ws/install/consensus_alignment:/home/mikks/crazyflie_mapping_demo/ros2_ws/install/binary_consensus:/home/mikks/crazyflie_mapping_demo/ros2_ws/install/Second_Order_Min_Consensus_for_Heterogeneous_Agents:/home/mikks/crazyflie_mapping_demo/ros2_ws/install/BinaryContainmentChain:/opt/ros/jazzy DEBUGINFOD_URLS=https://debuginfod.ubuntu.com LD_LIBRARY_PATH=/home/mikks/ros2_px4_ws/install/px4_ros2_cpp/lib:/home/mikks/ros2_px4_ws/install/px4_msgs/lib:/home/mikks/ros2_px4_ws/install/px4_ros_com/lib:/home/mikks/NatNet_SDK_4.3_ubuntu/lib:/home/mikks/crazyflie_mapping_demo/ros2_ws/install/crazyflie_interfaces/lib:/opt/ros/jazzy/opt/gz_sim_vendor/lib:/opt/ros/jazzy/opt/gz_sensors_vendor/lib:/opt/ros/jazzy/opt/gz_physics_vendor/lib:/opt/ros/jazzy/opt/sdformat_vendor/lib:/opt/ros/jazzy/opt/rviz_ogre_vendor/lib:/opt/ros/jazzy/lib/x86_64-linux-gnu:/opt/ros/jazzy/opt/gz_gui_vendor/lib:/opt/ros/jazzy/opt/gz_transport_vendor/lib:/opt/ros/jazzy/opt/gz_rendering_vendor/lib:/opt/ros/jazzy/opt/gz_plugin_vendor/lib:/opt/ros/jazzy/opt/gz_fuel_tools_vendor/lib:/opt/ros/jazzy/opt/gz_msgs_vendor/lib:/opt/ros/jazzy/opt/gz_common_vendor/lib:/opt/ros/jazzy/opt/gz_math_vendor/lib:/opt/ros/jazzy/opt/gz_utils_vendor/lib:/opt/ros/jazzy/opt/gz_tools_vendor/lib:/opt/ros/jazzy/opt/gz_ogre_next_vendor/lib:/opt/ros/jazzy/opt/gz_dartsim_vendor/lib:/opt/ros/jazzy/opt/gz_cmake_vendor/lib:/opt/ros/jazzy/lib PYTHONPATH=/home/mikks/ros2_px4_ws/install/px4_msgs/lib/python3.12/site-packages:/home/mikks/ros2_px4_ws/build/x500_hover_controller:/home/mikks/ros2_px4_ws/install/x500_hover_controller/lib/python3.12/site-packages:/home/mikks/ros2_px4_ws/install/px4_ros_com/lib/python3.12/site-packages:/home/mikks/ros2_px4_ws/build/example_mode_with_rclpy_py:/home/mikks/ros2_px4_ws/install/example_mode_with_rclpy_py/lib/python3.12/site-packages:/home/mikks/ros2_px4_ws/build/example_mode_goto_py:/home/mikks/ros2_px4_ws/install/example_mode_goto_py/lib/python3.12/site-packages:/home/mikks/ros2_px4_ws/install/px4_ros2_py/lib/python3.12/site-packages:/home/mikks/ros2_px4_ws/build/px4_actuator_ctrl:/home/mikks/ros2_px4_ws/install/px4_actuator_ctrl/lib/python3.12/site-packages:/home/mikks/ros2_ws/build/rover_desc_description:/home/mikks/ros2_ws/install/rover_desc_description/lib/python3.12/site-packages:/home/mikks/ros2_ws/install/px4_actuator_ctrl/lib/python3.12/site-packages:/home/mikks/ros2_ws/build/mine_rover_description:/home/mikks/ros2_ws/install/mine_rover_description/lib/python3.12/site-packages:/home/mikks/ros2_ws/build/ZerionURDFV5cp_description:/home/mikks/ros2_ws/install/ZerionURDFV5cp_description/lib/python3.12/site-packages:/home/mikks/crazyflie_mapping_demo/ros2_ws/install/velocity_free_consensus/lib/python3.12/site-packages:/home/mikks/crazyflie_mapping_demo/ros2_ws/install/stepwise_lowpos/lib/python3.12/site-packages:/home/mikks/crazyflie_mapping_demo/ros2_ws/install/step_wise_lowpos/lib/python3.12/site-packages:/home/mikks/crazyflie_mapping_demo/ros2_ws/install/second_order_formation_control/lib/python3.12/site-packages:/home/mikks/crazyflie_mapping_demo/ros2_ws/install/ros_gz_crazyflie_control/lib/python3.12/site-packages:/home/mikks/crazyflie_mapping_demo/ros2_ws/install/mixed_fractional_consensus/lib/python3.12/site-packages:/home/mikks/crazyflie_mapping_demo/ros2_ws/install/lowest_pos/lib/python3.12/site-packages:/home/mikks/crazyflie_mapping_demo/ros2_ws/install/linear_consensus/lib/python3.12/site-packages:/home/mikks/crazyflie_mapping_demo/ros2_ws/install/highest_pos/lib/python3.12/site-packages:/home/mikks/crazyflie_mapping_demo/ros2_ws/install/fractional_consensus_alpha/lib/python3.12/site-packages:/home/mikks/crazyflie_mapping_demo/ros2_ws/install/event_triggered_swarm/lib/python3.12/site-packages:/home/mikks/crazyflie_mapping_demo/ros2_ws/install/drone_logger/lib/python3.12/site-packages:/home/mikks/crazyflie_mapping_demo/ros2_ws/install/distributed_average_tracking/lib/python3.12/site-packages:/home/mikks/crazyflie_mapping_demo/ros2_ws/install/crazyflie_swarm_logic/lib/python3.12/site-packages:/home/mikks/crazyflie_mapping_demo/ros2_ws/install/crazyflie_sim/lib/python3.12/site-packages:/home/mikks/crazyflie_mapping_demo/ros2_ws/install/crazyflie_ros2_multiranger_wall_following/lib/python3.12/site-packages:/home/mikks/crazyflie_mapping_demo/ros2_ws/install/crazyflie_ros2_multiranger_simple_mapper/lib/python3.12/site-packages:/home/mikks/crazyflie_mapping_demo/ros2_ws/install/crazyflie_examples/lib/python3.12/site-packages:/home/mikks/crazyflie_mapping_demo/ros2_ws/install/crazyflie_py/lib/python3.12/site-packages:/home/mikks/crazyflie_mapping_demo/ros2_ws/install/crazyflie_interfaces/lib/python3.12/site-packages:/home/mikks/crazyflie_mapping_demo/ros2_ws/install/cooperative_target_centric_formation/lib/python3.12/site-packages:/home/mikks/crazyflie_mapping_demo/ros2_ws/install/containment_using_agent_information/lib/python3.12/site-packages:/home/mikks/crazyflie_mapping_demo/ros2_ws/install/consensus_for_double_integrator/lib/python3.12/site-packages:/home/mikks/crazyflie_mapping_demo/ros2_ws/install/consensus_alignment/lib/python3.12/site-packages:/home/mikks/crazyflie_mapping_demo/ros2_ws/install/binary_consensus/lib/python3.12/site-packages:/home/mikks/crazyflie_mapping_demo/ros2_ws/install/Second_Order_Min_Consensus_for_Heterogeneous_Agents/lib/python3.12/site-packages:/home/mikks/crazyflie_mapping_demo/ros2_ws/install/BinaryContainmentChain/lib/python3.12/site-packages:/opt/ros/jazzy/lib/python3.12/site-packages /usr/bin/cmake --install /home/mikks/ros2_px4_ws/build/example_global_navigation_cpp
[3.635s] DEBUG:colcon.colcon_core.event_handler.log_command:Invoked command in '/home/mikks/ros2_px4_ws/build/example_mode_goto_cpp' returned '0': CMAKE_PREFIX_PATH=/home/mikks/ros2_px4_ws/install/px4_ros2_cpp:/home/mikks/ros2_px4_ws/install/px4_msgs:/home/mikks/ros2_px4_ws/install/px4_ros_com:/home/mikks/ros2_px4_ws/install/px4_ros2_py:/home/mikks/ros2_px4_ws/install/example_rover_velocity_mode_cpp:/home/mikks/ros2_px4_ws/install/example_mode_with_executor_cpp:/home/mikks/ros2_px4_ws/install/example_mode_vtol_cpp:/home/mikks/ros2_px4_ws/install/example_mode_rtl_replacement_cpp:/home/mikks/ros2_px4_ws/install/example_mode_mission_cpp:/home/mikks/ros2_px4_ws/install/example_mode_manual_cpp:/home/mikks/ros2_px4_ws/install/example_mode_goto_global_cpp:/home/mikks/ros2_px4_ws/install/example_mode_goto_cpp:/home/mikks/ros2_px4_ws/install/example_mode_fw_attitude_cpp:/home/mikks/ros2_px4_ws/install/example_local_navigation_cpp:/home/mikks/ros2_px4_ws/install/example_global_navigation_cpp:/home/mikks/ros2_px4_ws/install/example_executor_with_multiple_modes_cpp:/home/mikks/crazyflie_mapping_demo/ros2_ws/install/crazyflie_ros2_multiranger_bringup:/home/mikks/crazyflie_mapping_demo/ros2_ws/install/ros_gz_crazyflie_bringup:/home/mikks/crazyflie_mapping_demo/ros2_ws/install/ros_gz_crazyflie_gazebo:/home/mikks/crazyflie_mapping_demo/ros2_ws/install/crazyflie_sim:/home/mikks/crazyflie_mapping_demo/ros2_ws/install/crazyflie_examples:/home/mikks/crazyflie_mapping_demo/ros2_ws/install/crazyflie:/home/mikks/crazyflie_mapping_demo/ros2_ws/install/crazyflie_interfaces:/opt/ros/jazzy/opt/gz_sim_vendor:/opt/ros/jazzy/opt/gz_sensors_vendor:/opt/ros/jazzy/opt/gz_physics_vendor:/opt/ros/jazzy/opt/sdformat_vendor:/opt/ros/jazzy/opt/gz_gui_vendor:/opt/ros/jazzy/opt/gz_transport_vendor:/opt/ros/jazzy/opt/gz_rendering_vendor:/opt/ros/jazzy/opt/gz_plugin_vendor:/opt/ros/jazzy/opt/gz_fuel_tools_vendor:/opt/ros/jazzy/opt/gz_msgs_vendor:/opt/ros/jazzy/opt/gz_common_vendor:/opt/ros/jazzy/opt/gz_math_vendor:/opt/ros/jazzy/opt/gz_utils_vendor:/opt/ros/jazzy/opt/gz_tools_vendor:/opt/ros/jazzy/opt/gz_ogre_next_vendor:/opt/ros/jazzy/opt/gz_dartsim_vendor:/opt/ros/jazzy/opt/gz_cmake_vendor:/home/mikks/ros2_px4_ws/install/x500_hover_controller:/home/mikks/ros2_px4_ws/install/example_mode_with_rclpy_py:/home/mikks/ros2_px4_ws/install/example_mode_goto_py:/home/mikks/ros2_px4_ws/install/px4_actuator_ctrl:/home/mikks/ros2_ws/install/rover_desc_description:/home/mikks/ros2_ws/install/px4_actuator_ctrl:/home/mikks/ros2_ws/install/mine_rover_description:/home/mikks/ros2_ws/install/ZerionURDFV5cp_description:/home/mikks/crazyflie_mapping_demo/ros2_ws/install/velocity_free_consensus:/home/mikks/crazyflie_mapping_demo/ros2_ws/install/stepwise_lowpos:/home/mikks/crazyflie_mapping_demo/ros2_ws/install/step_wise_lowpos:/home/mikks/crazyflie_mapping_demo/ros2_ws/install/second_order_formation_control:/home/mikks/crazyflie_mapping_demo/ros2_ws/install/ros_gz_crazyflie_control:/home/mikks/crazyflie_mapping_demo/ros2_ws/install/mixed_fractional_consensus:/home/mikks/crazyflie_mapping_demo/ros2_ws/install/lowest_pos:/home/mikks/crazyflie_mapping_demo/ros2_ws/install/linear_consensus:/home/mikks/crazyflie_mapping_demo/ros2_ws/install/highest_pos:/home/mikks/crazyflie_mapping_demo/ros2_ws/install/fractional_consensus_alpha:/home/mikks/crazyflie_mapping_demo/ros2_ws/install/event_triggered_swarm:/home/mikks/crazyflie_mapping_demo/ros2_ws/install/drone_logger:/home/mikks/crazyflie_mapping_demo/ros2_ws/install/distributed_average_tracking:/home/mikks/crazyflie_mapping_demo/ros2_ws/install/crazyflie_swarm_logic:/home/mikks/crazyflie_mapping_demo/ros2_ws/install/crazyflie_ros2_multiranger_wall_following:/home/mikks/crazyflie_mapping_demo/ros2_ws/install/crazyflie_ros2_multiranger_simple_mapper:/home/mikks/crazyflie_mapping_demo/ros2_ws/install/crazyflie_py:/home/mikks/crazyflie_mapping_demo/ros2_ws/install/cooperative_target_centric_formation:/home/mikks/crazyflie_mapping_demo/ros2_ws/install/containment_using_agent_information:/home/mikks/crazyflie_mapping_demo/ros2_ws/install/consensus_for_double_integrator:/home/mikks/crazyflie_mapping_demo/ros2_ws/install/consensus_alignment:/home/mikks/crazyflie_mapping_demo/ros2_ws/install/binary_consensus:/home/mikks/crazyflie_mapping_demo/ros2_ws/install/Second_Order_Min_Consensus_for_Heterogeneous_Agents:/home/mikks/crazyflie_mapping_demo/ros2_ws/install/BinaryContainmentChain:/opt/ros/jazzy DEBUGINFOD_URLS=https://debuginfod.ubuntu.com LD_LIBRARY_PATH=/home/mikks/ros2_px4_ws/install/px4_ros2_cpp/lib:/home/mikks/ros2_px4_ws/install/px4_msgs/lib:/home/mikks/ros2_px4_ws/install/px4_ros_com/lib:/home/mikks/NatNet_SDK_4.3_ubuntu/lib:/home/mikks/crazyflie_mapping_demo/ros2_ws/install/crazyflie_interfaces/lib:/opt/ros/jazzy/opt/gz_sim_vendor/lib:/opt/ros/jazzy/opt/gz_sensors_vendor/lib:/opt/ros/jazzy/opt/gz_physics_vendor/lib:/opt/ros/jazzy/opt/sdformat_vendor/lib:/opt/ros/jazzy/opt/rviz_ogre_vendor/lib:/opt/ros/jazzy/lib/x86_64-linux-gnu:/opt/ros/jazzy/opt/gz_gui_vendor/lib:/opt/ros/jazzy/opt/gz_transport_vendor/lib:/opt/ros/jazzy/opt/gz_rendering_vendor/lib:/opt/ros/jazzy/opt/gz_plugin_vendor/lib:/opt/ros/jazzy/opt/gz_fuel_tools_vendor/lib:/opt/ros/jazzy/opt/gz_msgs_vendor/lib:/opt/ros/jazzy/opt/gz_common_vendor/lib:/opt/ros/jazzy/opt/gz_math_vendor/lib:/opt/ros/jazzy/opt/gz_utils_vendor/lib:/opt/ros/jazzy/opt/gz_tools_vendor/lib:/opt/ros/jazzy/opt/gz_ogre_next_vendor/lib:/opt/ros/jazzy/opt/gz_dartsim_vendor/lib:/opt/ros/jazzy/opt/gz_cmake_vendor/lib:/opt/ros/jazzy/lib PYTHONPATH=/home/mikks/ros2_px4_ws/install/px4_msgs/lib/python3.12/site-packages:/home/mikks/ros2_px4_ws/build/x500_hover_controller:/home/mikks/ros2_px4_ws/install/x500_hover_controller/lib/python3.12/site-packages:/home/mikks/ros2_px4_ws/install/px4_ros_com/lib/python3.12/site-packages:/home/mikks/ros2_px4_ws/build/example_mode_with_rclpy_py:/home/mikks/ros2_px4_ws/install/example_mode_with_rclpy_py/lib/python3.12/site-packages:/home/mikks/ros2_px4_ws/build/example_mode_goto_py:/home/mikks/ros2_px4_ws/install/example_mode_goto_py/lib/python3.12/site-packages:/home/mikks/ros2_px4_ws/install/px4_ros2_py/lib/python3.12/site-packages:/home/mikks/ros2_px4_ws/build/px4_actuator_ctrl:/home/mikks/ros2_px4_ws/install/px4_actuator_ctrl/lib/python3.12/site-packages:/home/mikks/ros2_ws/build/rover_desc_description:/home/mikks/ros2_ws/install/rover_desc_description/lib/python3.12/site-packages:/home/mikks/ros2_ws/install/px4_actuator_ctrl/lib/python3.12/site-packages:/home/mikks/ros2_ws/build/mine_rover_description:/home/mikks/ros2_ws/install/mine_rover_description/lib/python3.12/site-packages:/home/mikks/ros2_ws/build/ZerionURDFV5cp_description:/home/mikks/ros2_ws/install/ZerionURDFV5cp_description/lib/python3.12/site-packages:/home/mikks/crazyflie_mapping_demo/ros2_ws/install/velocity_free_consensus/lib/python3.12/site-packages:/home/mikks/crazyflie_mapping_demo/ros2_ws/install/stepwise_lowpos/lib/python3.12/site-packages:/home/mikks/crazyflie_mapping_demo/ros2_ws/install/step_wise_lowpos/lib/python3.12/site-packages:/home/mikks/crazyflie_mapping_demo/ros2_ws/install/second_order_formation_control/lib/python3.12/site-packages:/home/mikks/crazyflie_mapping_demo/ros2_ws/install/ros_gz_crazyflie_control/lib/python3.12/site-packages:/home/mikks/crazyflie_mapping_demo/ros2_ws/install/mixed_fractional_consensus/lib/python3.12/site-packages:/home/mikks/crazyflie_mapping_demo/ros2_ws/install/lowest_pos/lib/python3.12/site-packages:/home/mikks/crazyflie_mapping_demo/ros2_ws/install/linear_consensus/lib/python3.12/site-packages:/home/mikks/crazyflie_mapping_demo/ros2_ws/install/highest_pos/lib/python3.12/site-packages:/home/mikks/crazyflie_mapping_demo/ros2_ws/install/fractional_consensus_alpha/lib/python3.12/site-packages:/home/mikks/crazyflie_mapping_demo/ros2_ws/install/event_triggered_swarm/lib/python3.12/site-packages:/home/mikks/crazyflie_mapping_demo/ros2_ws/install/drone_logger/lib/python3.12/site-packages:/home/mikks/crazyflie_mapping_demo/ros2_ws/install/distributed_average_tracking/lib/python3.12/site-packages:/home/mikks/crazyflie_mapping_demo/ros2_ws/install/crazyflie_swarm_logic/lib/python3.12/site-packages:/home/mikks/crazyflie_mapping_demo/ros2_ws/install/crazyflie_sim/lib/python3.12/site-packages:/home/mikks/crazyflie_mapping_demo/ros2_ws/install/crazyflie_ros2_multiranger_wall_following/lib/python3.12/site-packages:/home/mikks/crazyflie_mapping_demo/ros2_ws/install/crazyflie_ros2_multiranger_simple_mapper/lib/python3.12/site-packages:/home/mikks/crazyflie_mapping_demo/ros2_ws/install/crazyflie_examples/lib/python3.12/site-packages:/home/mikks/crazyflie_mapping_demo/ros2_ws/install/crazyflie_py/lib/python3.12/site-packages:/home/mikks/crazyflie_mapping_demo/ros2_ws/install/crazyflie_interfaces/lib/python3.12/site-packages:/home/mikks/crazyflie_mapping_demo/ros2_ws/install/cooperative_target_centric_formation/lib/python3.12/site-packages:/home/mikks/crazyflie_mapping_demo/ros2_ws/install/containment_using_agent_information/lib/python3.12/site-packages:/home/mikks/crazyflie_mapping_demo/ros2_ws/install/consensus_for_double_integrator/lib/python3.12/site-packages:/home/mikks/crazyflie_mapping_demo/ros2_ws/install/consensus_alignment/lib/python3.12/site-packages:/home/mikks/crazyflie_mapping_demo/ros2_ws/install/binary_consensus/lib/python3.12/site-packages:/home/mikks/crazyflie_mapping_demo/ros2_ws/install/Second_Order_Min_Consensus_for_Heterogeneous_Agents/lib/python3.12/site-packages:/home/mikks/crazyflie_mapping_demo/ros2_ws/install/BinaryContainmentChain/lib/python3.12/site-packages:/opt/ros/jazzy/lib/python3.12/site-packages /usr/bin/cmake --build /home/mikks/ros2_px4_ws/build/example_mode_goto_cpp -- -j12 -l12
[3.636s] Level 1:colcon.colcon_core.environment:create_environment_scripts_only(example_executor_with_multiple_modes_cpp)
[3.636s] Level 1:colcon.colcon_core.environment:checking '/home/mikks/ros2_px4_ws/install/example_executor_with_multiple_modes_cpp' for CMake module files
[3.637s] DEBUG:colcon.colcon_core.event_handler.log_command:Invoking command in '/home/mikks/ros2_px4_ws/build/example_mode_goto_cpp': CMAKE_PREFIX_PATH=/home/mikks/ros2_px4_ws/install/px4_ros2_cpp:/home/mikks/ros2_px4_ws/install/px4_msgs:/home/mikks/ros2_px4_ws/install/px4_ros_com:/home/mikks/ros2_px4_ws/install/px4_ros2_py:/home/mikks/ros2_px4_ws/install/example_rover_velocity_mode_cpp:/home/mikks/ros2_px4_ws/install/example_mode_with_executor_cpp:/home/mikks/ros2_px4_ws/install/example_mode_vtol_cpp:/home/mikks/ros2_px4_ws/install/example_mode_rtl_replacement_cpp:/home/mikks/ros2_px4_ws/install/example_mode_mission_cpp:/home/mikks/ros2_px4_ws/install/example_mode_manual_cpp:/home/mikks/ros2_px4_ws/install/example_mode_goto_global_cpp:/home/mikks/ros2_px4_ws/install/example_mode_goto_cpp:/home/mikks/ros2_px4_ws/install/example_mode_fw_attitude_cpp:/home/mikks/ros2_px4_ws/install/example_local_navigation_cpp:/home/mikks/ros2_px4_ws/install/example_global_navigation_cpp:/home/mikks/ros2_px4_ws/install/example_executor_with_multiple_modes_cpp:/home/mikks/crazyflie_mapping_demo/ros2_ws/install/crazyflie_ros2_multiranger_bringup:/home/mikks/crazyflie_mapping_demo/ros2_ws/install/ros_gz_crazyflie_bringup:/home/mikks/crazyflie_mapping_demo/ros2_ws/install/ros_gz_crazyflie_gazebo:/home/mikks/crazyflie_mapping_demo/ros2_ws/install/crazyflie_sim:/home/mikks/crazyflie_mapping_demo/ros2_ws/install/crazyflie_examples:/home/mikks/crazyflie_mapping_demo/ros2_ws/install/crazyflie:/home/mikks/crazyflie_mapping_demo/ros2_ws/install/crazyflie_interfaces:/opt/ros/jazzy/opt/gz_sim_vendor:/opt/ros/jazzy/opt/gz_sensors_vendor:/opt/ros/jazzy/opt/gz_physics_vendor:/opt/ros/jazzy/opt/sdformat_vendor:/opt/ros/jazzy/opt/gz_gui_vendor:/opt/ros/jazzy/opt/gz_transport_vendor:/opt/ros/jazzy/opt/gz_rendering_vendor:/opt/ros/jazzy/opt/gz_plugin_vendor:/opt/ros/jazzy/opt/gz_fuel_tools_vendor:/opt/ros/jazzy/opt/gz_msgs_vendor:/opt/ros/jazzy/opt/gz_common_vendor:/opt/ros/jazzy/opt/gz_math_vendor:/opt/ros/jazzy/opt/gz_utils_vendor:/opt/ros/jazzy/opt/gz_tools_vendor:/opt/ros/jazzy/opt/gz_ogre_next_vendor:/opt/ros/jazzy/opt/gz_dartsim_vendor:/opt/ros/jazzy/opt/gz_cmake_vendor:/home/mikks/ros2_px4_ws/install/x500_hover_controller:/home/mikks/ros2_px4_ws/install/example_mode_with_rclpy_py:/home/mikks/ros2_px4_ws/install/example_mode_goto_py:/home/mikks/ros2_px4_ws/install/px4_actuator_ctrl:/home/mikks/ros2_ws/install/rover_desc_description:/home/mikks/ros2_ws/install/px4_actuator_ctrl:/home/mikks/ros2_ws/install/mine_rover_description:/home/mikks/ros2_ws/install/ZerionURDFV5cp_description:/home/mikks/crazyflie_mapping_demo/ros2_ws/install/velocity_free_consensus:/home/mikks/crazyflie_mapping_demo/ros2_ws/install/stepwise_lowpos:/home/mikks/crazyflie_mapping_demo/ros2_ws/install/step_wise_lowpos:/home/mikks/crazyflie_mapping_demo/ros2_ws/install/second_order_formation_control:/home/mikks/crazyflie_mapping_demo/ros2_ws/install/ros_gz_crazyflie_control:/home/mikks/crazyflie_mapping_demo/ros2_ws/install/mixed_fractional_consensus:/home/mikks/crazyflie_mapping_demo/ros2_ws/install/lowest_pos:/home/mikks/crazyflie_mapping_demo/ros2_ws/install/linear_consensus:/home/mikks/crazyflie_mapping_demo/ros2_ws/install/highest_pos:/home/mikks/crazyflie_mapping_demo/ros2_ws/install/fractional_consensus_alpha:/home/mikks/crazyflie_mapping_demo/ros2_ws/install/event_triggered_swarm:/home/mikks/crazyflie_mapping_demo/ros2_ws/install/drone_logger:/home/mikks/crazyflie_mapping_demo/ros2_ws/install/distributed_average_tracking:/home/mikks/crazyflie_mapping_demo/ros2_ws/install/crazyflie_swarm_logic:/home/mikks/crazyflie_mapping_demo/ros2_ws/install/crazyflie_ros2_multiranger_wall_following:/home/mikks/crazyflie_mapping_demo/ros2_ws/install/crazyflie_ros2_multiranger_simple_mapper:/home/mikks/crazyflie_mapping_demo/ros2_ws/install/crazyflie_py:/home/mikks/crazyflie_mapping_demo/ros2_ws/install/cooperative_target_centric_formation:/home/mikks/crazyflie_mapping_demo/ros2_ws/install/containment_using_agent_information:/home/mikks/crazyflie_mapping_demo/ros2_ws/install/consensus_for_double_integrator:/home/mikks/crazyflie_mapping_demo/ros2_ws/install/consensus_alignment:/home/mikks/crazyflie_mapping_demo/ros2_ws/install/binary_consensus:/home/mikks/crazyflie_mapping_demo/ros2_ws/install/Second_Order_Min_Consensus_for_Heterogeneous_Agents:/home/mikks/crazyflie_mapping_demo/ros2_ws/install/BinaryContainmentChain:/opt/ros/jazzy DEBUGINFOD_URLS=https://debuginfod.ubuntu.com LD_LIBRARY_PATH=/home/mikks/ros2_px4_ws/install/px4_ros2_cpp/lib:/home/mikks/ros2_px4_ws/install/px4_msgs/lib:/home/mikks/ros2_px4_ws/install/px4_ros_com/lib:/home/mikks/NatNet_SDK_4.3_ubuntu/lib:/home/mikks/crazyflie_mapping_demo/ros2_ws/install/crazyflie_interfaces/lib:/opt/ros/jazzy/opt/gz_sim_vendor/lib:/opt/ros/jazzy/opt/gz_sensors_vendor/lib:/opt/ros/jazzy/opt/gz_physics_vendor/lib:/opt/ros/jazzy/opt/sdformat_vendor/lib:/opt/ros/jazzy/opt/rviz_ogre_vendor/lib:/opt/ros/jazzy/lib/x86_64-linux-gnu:/opt/ros/jazzy/opt/gz_gui_vendor/lib:/opt/ros/jazzy/opt/gz_transport_vendor/lib:/opt/ros/jazzy/opt/gz_rendering_vendor/lib:/opt/ros/jazzy/opt/gz_plugin_vendor/lib:/opt/ros/jazzy/opt/gz_fuel_tools_vendor/lib:/opt/ros/jazzy/opt/gz_msgs_vendor/lib:/opt/ros/jazzy/opt/gz_common_vendor/lib:/opt/ros/jazzy/opt/gz_math_vendor/lib:/opt/ros/jazzy/opt/gz_utils_vendor/lib:/opt/ros/jazzy/opt/gz_tools_vendor/lib:/opt/ros/jazzy/opt/gz_ogre_next_vendor/lib:/opt/ros/jazzy/opt/gz_dartsim_vendor/lib:/opt/ros/jazzy/opt/gz_cmake_vendor/lib:/opt/ros/jazzy/lib PYTHONPATH=/home/mikks/ros2_px4_ws/install/px4_msgs/lib/python3.12/site-packages:/home/mikks/ros2_px4_ws/build/x500_hover_controller:/home/mikks/ros2_px4_ws/install/x500_hover_controller/lib/python3.12/site-packages:/home/mikks/ros2_px4_ws/install/px4_ros_com/lib/python3.12/site-packages:/home/mikks/ros2_px4_ws/build/example_mode_with_rclpy_py:/home/mikks/ros2_px4_ws/install/example_mode_with_rclpy_py/lib/python3.12/site-packages:/home/mikks/ros2_px4_ws/build/example_mode_goto_py:/home/mikks/ros2_px4_ws/install/example_mode_goto_py/lib/python3.12/site-packages:/home/mikks/ros2_px4_ws/install/px4_ros2_py/lib/python3.12/site-packages:/home/mikks/ros2_px4_ws/build/px4_actuator_ctrl:/home/mikks/ros2_px4_ws/install/px4_actuator_ctrl/lib/python3.12/site-packages:/home/mikks/ros2_ws/build/rover_desc_description:/home/mikks/ros2_ws/install/rover_desc_description/lib/python3.12/site-packages:/home/mikks/ros2_ws/install/px4_actuator_ctrl/lib/python3.12/site-packages:/home/mikks/ros2_ws/build/mine_rover_description:/home/mikks/ros2_ws/install/mine_rover_description/lib/python3.12/site-packages:/home/mikks/ros2_ws/build/ZerionURDFV5cp_description:/home/mikks/ros2_ws/install/ZerionURDFV5cp_description/lib/python3.12/site-packages:/home/mikks/crazyflie_mapping_demo/ros2_ws/install/velocity_free_consensus/lib/python3.12/site-packages:/home/mikks/crazyflie_mapping_demo/ros2_ws/install/stepwise_lowpos/lib/python3.12/site-packages:/home/mikks/crazyflie_mapping_demo/ros2_ws/install/step_wise_lowpos/lib/python3.12/site-packages:/home/mikks/crazyflie_mapping_demo/ros2_ws/install/second_order_formation_control/lib/python3.12/site-packages:/home/mikks/crazyflie_mapping_demo/ros2_ws/install/ros_gz_crazyflie_control/lib/python3.12/site-packages:/home/mikks/crazyflie_mapping_demo/ros2_ws/install/mixed_fractional_consensus/lib/python3.12/site-packages:/home/mikks/crazyflie_mapping_demo/ros2_ws/install/lowest_pos/lib/python3.12/site-packages:/home/mikks/crazyflie_mapping_demo/ros2_ws/install/linear_consensus/lib/python3.12/site-packages:/home/mikks/crazyflie_mapping_demo/ros2_ws/install/highest_pos/lib/python3.12/site-packages:/home/mikks/crazyflie_mapping_demo/ros2_ws/install/fractional_consensus_alpha/lib/python3.12/site-packages:/home/mikks/crazyflie_mapping_demo/ros2_ws/install/event_triggered_swarm/lib/python3.12/site-packages:/home/mikks/crazyflie_mapping_demo/ros2_ws/install/drone_logger/lib/python3.12/site-packages:/home/mikks/crazyflie_mapping_demo/ros2_ws/install/distributed_average_tracking/lib/python3.12/site-packages:/home/mikks/crazyflie_mapping_demo/ros2_ws/install/crazyflie_swarm_logic/lib/python3.12/site-packages:/home/mikks/crazyflie_mapping_demo/ros2_ws/install/crazyflie_sim/lib/python3.12/site-packages:/home/mikks/crazyflie_mapping_demo/ros2_ws/install/crazyflie_ros2_multiranger_wall_following/lib/python3.12/site-packages:/home/mikks/crazyflie_mapping_demo/ros2_ws/install/crazyflie_ros2_multiranger_simple_mapper/lib/python3.12/site-packages:/home/mikks/crazyflie_mapping_demo/ros2_ws/install/crazyflie_examples/lib/python3.12/site-packages:/home/mikks/crazyflie_mapping_demo/ros2_ws/install/crazyflie_py/lib/python3.12/site-packages:/home/mikks/crazyflie_mapping_demo/ros2_ws/install/crazyflie_interfaces/lib/python3.12/site-packages:/home/mikks/crazyflie_mapping_demo/ros2_ws/install/cooperative_target_centric_formation/lib/python3.12/site-packages:/home/mikks/crazyflie_mapping_demo/ros2_ws/install/containment_using_agent_information/lib/python3.12/site-packages:/home/mikks/crazyflie_mapping_demo/ros2_ws/install/consensus_for_double_integrator/lib/python3.12/site-packages:/home/mikks/crazyflie_mapping_demo/ros2_ws/install/consensus_alignment/lib/python3.12/site-packages:/home/mikks/crazyflie_mapping_demo/ros2_ws/install/binary_consensus/lib/python3.12/site-packages:/home/mikks/crazyflie_mapping_demo/ros2_ws/install/Second_Order_Min_Consensus_for_Heterogeneous_Agents/lib/python3.12/site-packages:/home/mikks/crazyflie_mapping_demo/ros2_ws/install/BinaryContainmentChain/lib/python3.12/site-packages:/opt/ros/jazzy/lib/python3.12/site-packages /usr/bin/cmake --install /home/mikks/ros2_px4_ws/build/example_mode_goto_cpp
[3.638s] Level 1:colcon.colcon_core.environment:checking '/home/mikks/ros2_px4_ws/install/example_executor_with_multiple_modes_cpp' for CMake config files
[3.638s] Level 1:colcon.colcon_core.shell:create_environment_hook('example_executor_with_multiple_modes_cpp', 'cmake_prefix_path')
[3.638s] INFO:colcon.colcon_core.shell:Creating environment hook '/home/mikks/ros2_px4_ws/install/example_executor_with_multiple_modes_cpp/share/example_executor_with_multiple_modes_cpp/hook/cmake_prefix_path.ps1'
[3.639s] INFO:colcon.colcon_core.shell:Creating environment descriptor '/home/mikks/ros2_px4_ws/install/example_executor_with_multiple_modes_cpp/share/example_executor_with_multiple_modes_cpp/hook/cmake_prefix_path.dsv'
[3.639s] INFO:colcon.colcon_core.shell:Creating environment hook '/home/mikks/ros2_px4_ws/install/example_executor_with_multiple_modes_cpp/share/example_executor_with_multiple_modes_cpp/hook/cmake_prefix_path.sh'
[3.640s] Level 1:colcon.colcon_core.environment:checking '/home/mikks/ros2_px4_ws/install/example_executor_with_multiple_modes_cpp/lib'
[3.640s] Level 1:colcon.colcon_core.environment:checking '/home/mikks/ros2_px4_ws/install/example_executor_with_multiple_modes_cpp/bin'
[3.640s] Level 1:colcon.colcon_core.environment:checking '/home/mikks/ros2_px4_ws/install/example_executor_with_multiple_modes_cpp/lib/pkgconfig/example_executor_with_multiple_modes_cpp.pc'
[3.641s] Level 1:colcon.colcon_core.environment:checking '/home/mikks/ros2_px4_ws/install/example_executor_with_multiple_modes_cpp/lib/python3.12/site-packages'
[3.641s] DEBUG:colcon.colcon_core.event_handler.log_command:Invoked command in '/home/mikks/ros2_px4_ws/build/example_executor_with_multiple_modes_cpp' returned '0': CMAKE_PREFIX_PATH=/home/mikks/ros2_px4_ws/install/px4_ros2_cpp:/home/mikks/ros2_px4_ws/install/px4_msgs:/home/mikks/ros2_px4_ws/install/px4_ros_com:/home/mikks/ros2_px4_ws/install/px4_ros2_py:/home/mikks/ros2_px4_ws/install/example_rover_velocity_mode_cpp:/home/mikks/ros2_px4_ws/install/example_mode_with_executor_cpp:/home/mikks/ros2_px4_ws/install/example_mode_vtol_cpp:/home/mikks/ros2_px4_ws/install/example_mode_rtl_replacement_cpp:/home/mikks/ros2_px4_ws/install/example_mode_mission_cpp:/home/mikks/ros2_px4_ws/install/example_mode_manual_cpp:/home/mikks/ros2_px4_ws/install/example_mode_goto_global_cpp:/home/mikks/ros2_px4_ws/install/example_mode_goto_cpp:/home/mikks/ros2_px4_ws/install/example_mode_fw_attitude_cpp:/home/mikks/ros2_px4_ws/install/example_local_navigation_cpp:/home/mikks/ros2_px4_ws/install/example_global_navigation_cpp:/home/mikks/ros2_px4_ws/install/example_executor_with_multiple_modes_cpp:/home/mikks/crazyflie_mapping_demo/ros2_ws/install/crazyflie_ros2_multiranger_bringup:/home/mikks/crazyflie_mapping_demo/ros2_ws/install/ros_gz_crazyflie_bringup:/home/mikks/crazyflie_mapping_demo/ros2_ws/install/ros_gz_crazyflie_gazebo:/home/mikks/crazyflie_mapping_demo/ros2_ws/install/crazyflie_sim:/home/mikks/crazyflie_mapping_demo/ros2_ws/install/crazyflie_examples:/home/mikks/crazyflie_mapping_demo/ros2_ws/install/crazyflie:/home/mikks/crazyflie_mapping_demo/ros2_ws/install/crazyflie_interfaces:/opt/ros/jazzy/opt/gz_sim_vendor:/opt/ros/jazzy/opt/gz_sensors_vendor:/opt/ros/jazzy/opt/gz_physics_vendor:/opt/ros/jazzy/opt/sdformat_vendor:/opt/ros/jazzy/opt/gz_gui_vendor:/opt/ros/jazzy/opt/gz_transport_vendor:/opt/ros/jazzy/opt/gz_rendering_vendor:/opt/ros/jazzy/opt/gz_plugin_vendor:/opt/ros/jazzy/opt/gz_fuel_tools_vendor:/opt/ros/jazzy/opt/gz_msgs_vendor:/opt/ros/jazzy/opt/gz_common_vendor:/opt/ros/jazzy/opt/gz_math_vendor:/opt/ros/jazzy/opt/gz_utils_vendor:/opt/ros/jazzy/opt/gz_tools_vendor:/opt/ros/jazzy/opt/gz_ogre_next_vendor:/opt/ros/jazzy/opt/gz_dartsim_vendor:/opt/ros/jazzy/opt/gz_cmake_vendor:/home/mikks/ros2_px4_ws/install/x500_hover_controller:/home/mikks/ros2_px4_ws/install/example_mode_with_rclpy_py:/home/mikks/ros2_px4_ws/install/example_mode_goto_py:/home/mikks/ros2_px4_ws/install/px4_actuator_ctrl:/home/mikks/ros2_ws/install/rover_desc_description:/home/mikks/ros2_ws/install/px4_actuator_ctrl:/home/mikks/ros2_ws/install/mine_rover_description:/home/mikks/ros2_ws/install/ZerionURDFV5cp_description:/home/mikks/crazyflie_mapping_demo/ros2_ws/install/velocity_free_consensus:/home/mikks/crazyflie_mapping_demo/ros2_ws/install/stepwise_lowpos:/home/mikks/crazyflie_mapping_demo/ros2_ws/install/step_wise_lowpos:/home/mikks/crazyflie_mapping_demo/ros2_ws/install/second_order_formation_control:/home/mikks/crazyflie_mapping_demo/ros2_ws/install/ros_gz_crazyflie_control:/home/mikks/crazyflie_mapping_demo/ros2_ws/install/mixed_fractional_consensus:/home/mikks/crazyflie_mapping_demo/ros2_ws/install/lowest_pos:/home/mikks/crazyflie_mapping_demo/ros2_ws/install/linear_consensus:/home/mikks/crazyflie_mapping_demo/ros2_ws/install/highest_pos:/home/mikks/crazyflie_mapping_demo/ros2_ws/install/fractional_consensus_alpha:/home/mikks/crazyflie_mapping_demo/ros2_ws/install/event_triggered_swarm:/home/mikks/crazyflie_mapping_demo/ros2_ws/install/drone_logger:/home/mikks/crazyflie_mapping_demo/ros2_ws/install/distributed_average_tracking:/home/mikks/crazyflie_mapping_demo/ros2_ws/install/crazyflie_swarm_logic:/home/mikks/crazyflie_mapping_demo/ros2_ws/install/crazyflie_ros2_multiranger_wall_following:/home/mikks/crazyflie_mapping_demo/ros2_ws/install/crazyflie_ros2_multiranger_simple_mapper:/home/mikks/crazyflie_mapping_demo/ros2_ws/install/crazyflie_py:/home/mikks/crazyflie_mapping_demo/ros2_ws/install/cooperative_target_centric_formation:/home/mikks/crazyflie_mapping_demo/ros2_ws/install/containment_using_agent_information:/home/mikks/crazyflie_mapping_demo/ros2_ws/install/consensus_for_double_integrator:/home/mikks/crazyflie_mapping_demo/ros2_ws/install/consensus_alignment:/home/mikks/crazyflie_mapping_demo/ros2_ws/install/binary_consensus:/home/mikks/crazyflie_mapping_demo/ros2_ws/install/Second_Order_Min_Consensus_for_Heterogeneous_Agents:/home/mikks/crazyflie_mapping_demo/ros2_ws/install/BinaryContainmentChain:/opt/ros/jazzy DEBUGINFOD_URLS=https://debuginfod.ubuntu.com LD_LIBRARY_PATH=/home/mikks/ros2_px4_ws/install/px4_ros2_cpp/lib:/home/mikks/ros2_px4_ws/install/px4_msgs/lib:/home/mikks/ros2_px4_ws/install/px4_ros_com/lib:/home/mikks/NatNet_SDK_4.3_ubuntu/lib:/home/mikks/crazyflie_mapping_demo/ros2_ws/install/crazyflie_interfaces/lib:/opt/ros/jazzy/opt/gz_sim_vendor/lib:/opt/ros/jazzy/opt/gz_sensors_vendor/lib:/opt/ros/jazzy/opt/gz_physics_vendor/lib:/opt/ros/jazzy/opt/sdformat_vendor/lib:/opt/ros/jazzy/opt/rviz_ogre_vendor/lib:/opt/ros/jazzy/lib/x86_64-linux-gnu:/opt/ros/jazzy/opt/gz_gui_vendor/lib:/opt/ros/jazzy/opt/gz_transport_vendor/lib:/opt/ros/jazzy/opt/gz_rendering_vendor/lib:/opt/ros/jazzy/opt/gz_plugin_vendor/lib:/opt/ros/jazzy/opt/gz_fuel_tools_vendor/lib:/opt/ros/jazzy/opt/gz_msgs_vendor/lib:/opt/ros/jazzy/opt/gz_common_vendor/lib:/opt/ros/jazzy/opt/gz_math_vendor/lib:/opt/ros/jazzy/opt/gz_utils_vendor/lib:/opt/ros/jazzy/opt/gz_tools_vendor/lib:/opt/ros/jazzy/opt/gz_ogre_next_vendor/lib:/opt/ros/jazzy/opt/gz_dartsim_vendor/lib:/opt/ros/jazzy/opt/gz_cmake_vendor/lib:/opt/ros/jazzy/lib PYTHONPATH=/home/mikks/ros2_px4_ws/install/px4_msgs/lib/python3.12/site-packages:/home/mikks/ros2_px4_ws/build/x500_hover_controller:/home/mikks/ros2_px4_ws/install/x500_hover_controller/lib/python3.12/site-packages:/home/mikks/ros2_px4_ws/install/px4_ros_com/lib/python3.12/site-packages:/home/mikks/ros2_px4_ws/build/example_mode_with_rclpy_py:/home/mikks/ros2_px4_ws/install/example_mode_with_rclpy_py/lib/python3.12/site-packages:/home/mikks/ros2_px4_ws/build/example_mode_goto_py:/home/mikks/ros2_px4_ws/install/example_mode_goto_py/lib/python3.12/site-packages:/home/mikks/ros2_px4_ws/install/px4_ros2_py/lib/python3.12/site-packages:/home/mikks/ros2_px4_ws/build/px4_actuator_ctrl:/home/mikks/ros2_px4_ws/install/px4_actuator_ctrl/lib/python3.12/site-packages:/home/mikks/ros2_ws/build/rover_desc_description:/home/mikks/ros2_ws/install/rover_desc_description/lib/python3.12/site-packages:/home/mikks/ros2_ws/install/px4_actuator_ctrl/lib/python3.12/site-packages:/home/mikks/ros2_ws/build/mine_rover_description:/home/mikks/ros2_ws/install/mine_rover_description/lib/python3.12/site-packages:/home/mikks/ros2_ws/build/ZerionURDFV5cp_description:/home/mikks/ros2_ws/install/ZerionURDFV5cp_description/lib/python3.12/site-packages:/home/mikks/crazyflie_mapping_demo/ros2_ws/install/velocity_free_consensus/lib/python3.12/site-packages:/home/mikks/crazyflie_mapping_demo/ros2_ws/install/stepwise_lowpos/lib/python3.12/site-packages:/home/mikks/crazyflie_mapping_demo/ros2_ws/install/step_wise_lowpos/lib/python3.12/site-packages:/home/mikks/crazyflie_mapping_demo/ros2_ws/install/second_order_formation_control/lib/python3.12/site-packages:/home/mikks/crazyflie_mapping_demo/ros2_ws/install/ros_gz_crazyflie_control/lib/python3.12/site-packages:/home/mikks/crazyflie_mapping_demo/ros2_ws/install/mixed_fractional_consensus/lib/python3.12/site-packages:/home/mikks/crazyflie_mapping_demo/ros2_ws/install/lowest_pos/lib/python3.12/site-packages:/home/mikks/crazyflie_mapping_demo/ros2_ws/install/linear_consensus/lib/python3.12/site-packages:/home/mikks/crazyflie_mapping_demo/ros2_ws/install/highest_pos/lib/python3.12/site-packages:/home/mikks/crazyflie_mapping_demo/ros2_ws/install/fractional_consensus_alpha/lib/python3.12/site-packages:/home/mikks/crazyflie_mapping_demo/ros2_ws/install/event_triggered_swarm/lib/python3.12/site-packages:/home/mikks/crazyflie_mapping_demo/ros2_ws/install/drone_logger/lib/python3.12/site-packages:/home/mikks/crazyflie_mapping_demo/ros2_ws/install/distributed_average_tracking/lib/python3.12/site-packages:/home/mikks/crazyflie_mapping_demo/ros2_ws/install/crazyflie_swarm_logic/lib/python3.12/site-packages:/home/mikks/crazyflie_mapping_demo/ros2_ws/install/crazyflie_sim/lib/python3.12/site-packages:/home/mikks/crazyflie_mapping_demo/ros2_ws/install/crazyflie_ros2_multiranger_wall_following/lib/python3.12/site-packages:/home/mikks/crazyflie_mapping_demo/ros2_ws/install/crazyflie_ros2_multiranger_simple_mapper/lib/python3.12/site-packages:/home/mikks/crazyflie_mapping_demo/ros2_ws/install/crazyflie_examples/lib/python3.12/site-packages:/home/mikks/crazyflie_mapping_demo/ros2_ws/install/crazyflie_py/lib/python3.12/site-packages:/home/mikks/crazyflie_mapping_demo/ros2_ws/install/crazyflie_interfaces/lib/python3.12/site-packages:/home/mikks/crazyflie_mapping_demo/ros2_ws/install/cooperative_target_centric_formation/lib/python3.12/site-packages:/home/mikks/crazyflie_mapping_demo/ros2_ws/install/containment_using_agent_information/lib/python3.12/site-packages:/home/mikks/crazyflie_mapping_demo/ros2_ws/install/consensus_for_double_integrator/lib/python3.12/site-packages:/home/mikks/crazyflie_mapping_demo/ros2_ws/install/consensus_alignment/lib/python3.12/site-packages:/home/mikks/crazyflie_mapping_demo/ros2_ws/install/binary_consensus/lib/python3.12/site-packages:/home/mikks/crazyflie_mapping_demo/ros2_ws/install/Second_Order_Min_Consensus_for_Heterogeneous_Agents/lib/python3.12/site-packages:/home/mikks/crazyflie_mapping_demo/ros2_ws/install/BinaryContainmentChain/lib/python3.12/site-packages:/opt/ros/jazzy/lib/python3.12/site-packages /usr/bin/cmake --install /home/mikks/ros2_px4_ws/build/example_executor_with_multiple_modes_cpp
[3.641s] Level 1:colcon.colcon_core.environment:checking '/home/mikks/ros2_px4_ws/install/example_executor_with_multiple_modes_cpp/bin'
[3.642s] INFO:colcon.colcon_core.shell:Creating package script '/home/mikks/ros2_px4_ws/install/example_executor_with_multiple_modes_cpp/share/example_executor_with_multiple_modes_cpp/package.ps1'
[3.642s] INFO:colcon.colcon_core.shell:Creating package descriptor '/home/mikks/ros2_px4_ws/install/example_executor_with_multiple_modes_cpp/share/example_executor_with_multiple_modes_cpp/package.dsv'
[3.643s] INFO:colcon.colcon_core.shell:Creating package script '/home/mikks/ros2_px4_ws/install/example_executor_with_multiple_modes_cpp/share/example_executor_with_multiple_modes_cpp/package.sh'
[3.644s] INFO:colcon.colcon_core.shell:Creating package script '/home/mikks/ros2_px4_ws/install/example_executor_with_multiple_modes_cpp/share/example_executor_with_multiple_modes_cpp/package.bash'
[3.645s] INFO:colcon.colcon_core.shell:Creating package script '/home/mikks/ros2_px4_ws/install/example_executor_with_multiple_modes_cpp/share/example_executor_with_multiple_modes_cpp/package.zsh'
[3.646s] Level 1:colcon.colcon_core.environment:create_file_with_runtime_dependencies(/home/mikks/ros2_px4_ws/install/example_executor_with_multiple_modes_cpp/share/colcon-core/packages/example_executor_with_multiple_modes_cpp)
[3.646s] Level 1:colcon.colcon_core.environment:create_environment_scripts_only(example_executor_with_multiple_modes_cpp)
[3.647s] Level 1:colcon.colcon_core.environment:checking '/home/mikks/ros2_px4_ws/install/example_executor_with_multiple_modes_cpp' for CMake module files
[3.648s] Level 1:colcon.colcon_core.environment:checking '/home/mikks/ros2_px4_ws/install/example_executor_with_multiple_modes_cpp' for CMake config files
[3.648s] Level 1:colcon.colcon_core.shell:create_environment_hook('example_executor_with_multiple_modes_cpp', 'cmake_prefix_path')
[3.648s] INFO:colcon.colcon_core.shell:Creating environment hook '/home/mikks/ros2_px4_ws/install/example_executor_with_multiple_modes_cpp/share/example_executor_with_multiple_modes_cpp/hook/cmake_prefix_path.ps1'
[3.649s] INFO:colcon.colcon_core.shell:Creating environment descriptor '/home/mikks/ros2_px4_ws/install/example_executor_with_multiple_modes_cpp/share/example_executor_with_multiple_modes_cpp/hook/cmake_prefix_path.dsv'
[3.649s] INFO:colcon.colcon_core.shell:Creating environment hook '/home/mikks/ros2_px4_ws/install/example_executor_with_multiple_modes_cpp/share/example_executor_with_multiple_modes_cpp/hook/cmake_prefix_path.sh'
[3.650s] Level 1:colcon.colcon_core.environment:checking '/home/mikks/ros2_px4_ws/install/example_executor_with_multiple_modes_cpp/lib'
[3.650s] Level 1:colcon.colcon_core.environment:checking '/home/mikks/ros2_px4_ws/install/example_executor_with_multiple_modes_cpp/bin'
[3.650s] Level 1:colcon.colcon_core.environment:checking '/home/mikks/ros2_px4_ws/install/example_executor_with_multiple_modes_cpp/lib/pkgconfig/example_executor_with_multiple_modes_cpp.pc'
[3.650s] Level 1:colcon.colcon_core.environment:checking '/home/mikks/ros2_px4_ws/install/example_executor_with_multiple_modes_cpp/lib/python3.12/site-packages'
[3.651s] Level 1:colcon.colcon_core.environment:checking '/home/mikks/ros2_px4_ws/install/example_executor_with_multiple_modes_cpp/bin'
[3.651s] INFO:colcon.colcon_core.shell:Creating package script '/home/mikks/ros2_px4_ws/install/example_executor_with_multiple_modes_cpp/share/example_executor_with_multiple_modes_cpp/package.ps1'
[3.652s] INFO:colcon.colcon_core.shell:Creating package descriptor '/home/mikks/ros2_px4_ws/install/example_executor_with_multiple_modes_cpp/share/example_executor_with_multiple_modes_cpp/package.dsv'
[3.652s] INFO:colcon.colcon_core.shell:Creating package script '/home/mikks/ros2_px4_ws/install/example_executor_with_multiple_modes_cpp/share/example_executor_with_multiple_modes_cpp/package.sh'
[3.653s] INFO:colcon.colcon_core.shell:Creating package script '/home/mikks/ros2_px4_ws/install/example_executor_with_multiple_modes_cpp/share/example_executor_with_multiple_modes_cpp/package.bash'
[3.653s] INFO:colcon.colcon_core.shell:Creating package script '/home/mikks/ros2_px4_ws/install/example_executor_with_multiple_modes_cpp/share/example_executor_with_multiple_modes_cpp/package.zsh'
[3.654s] Level 1:colcon.colcon_core.environment:create_file_with_runtime_dependencies(/home/mikks/ros2_px4_ws/install/example_executor_with_multiple_modes_cpp/share/colcon-core/packages/example_executor_with_multiple_modes_cpp)
[3.657s] DEBUG:colcon.colcon_core.event_handler.log_command:Invoked command in '/home/mikks/ros2_px4_ws/build/example_local_navigation_cpp' returned '0': CMAKE_PREFIX_PATH=/home/mikks/ros2_px4_ws/install/px4_ros2_cpp:/home/mikks/ros2_px4_ws/install/px4_msgs:/home/mikks/ros2_px4_ws/install/px4_ros_com:/home/mikks/ros2_px4_ws/install/px4_ros2_py:/home/mikks/ros2_px4_ws/install/example_rover_velocity_mode_cpp:/home/mikks/ros2_px4_ws/install/example_mode_with_executor_cpp:/home/mikks/ros2_px4_ws/install/example_mode_vtol_cpp:/home/mikks/ros2_px4_ws/install/example_mode_rtl_replacement_cpp:/home/mikks/ros2_px4_ws/install/example_mode_mission_cpp:/home/mikks/ros2_px4_ws/install/example_mode_manual_cpp:/home/mikks/ros2_px4_ws/install/example_mode_goto_global_cpp:/home/mikks/ros2_px4_ws/install/example_mode_goto_cpp:/home/mikks/ros2_px4_ws/install/example_mode_fw_attitude_cpp:/home/mikks/ros2_px4_ws/install/example_local_navigation_cpp:/home/mikks/ros2_px4_ws/install/example_global_navigation_cpp:/home/mikks/ros2_px4_ws/install/example_executor_with_multiple_modes_cpp:/home/mikks/crazyflie_mapping_demo/ros2_ws/install/crazyflie_ros2_multiranger_bringup:/home/mikks/crazyflie_mapping_demo/ros2_ws/install/ros_gz_crazyflie_bringup:/home/mikks/crazyflie_mapping_demo/ros2_ws/install/ros_gz_crazyflie_gazebo:/home/mikks/crazyflie_mapping_demo/ros2_ws/install/crazyflie_sim:/home/mikks/crazyflie_mapping_demo/ros2_ws/install/crazyflie_examples:/home/mikks/crazyflie_mapping_demo/ros2_ws/install/crazyflie:/home/mikks/crazyflie_mapping_demo/ros2_ws/install/crazyflie_interfaces:/opt/ros/jazzy/opt/gz_sim_vendor:/opt/ros/jazzy/opt/gz_sensors_vendor:/opt/ros/jazzy/opt/gz_physics_vendor:/opt/ros/jazzy/opt/sdformat_vendor:/opt/ros/jazzy/opt/gz_gui_vendor:/opt/ros/jazzy/opt/gz_transport_vendor:/opt/ros/jazzy/opt/gz_rendering_vendor:/opt/ros/jazzy/opt/gz_plugin_vendor:/opt/ros/jazzy/opt/gz_fuel_tools_vendor:/opt/ros/jazzy/opt/gz_msgs_vendor:/opt/ros/jazzy/opt/gz_common_vendor:/opt/ros/jazzy/opt/gz_math_vendor:/opt/ros/jazzy/opt/gz_utils_vendor:/opt/ros/jazzy/opt/gz_tools_vendor:/opt/ros/jazzy/opt/gz_ogre_next_vendor:/opt/ros/jazzy/opt/gz_dartsim_vendor:/opt/ros/jazzy/opt/gz_cmake_vendor:/home/mikks/ros2_px4_ws/install/x500_hover_controller:/home/mikks/ros2_px4_ws/install/example_mode_with_rclpy_py:/home/mikks/ros2_px4_ws/install/example_mode_goto_py:/home/mikks/ros2_px4_ws/install/px4_actuator_ctrl:/home/mikks/ros2_ws/install/rover_desc_description:/home/mikks/ros2_ws/install/px4_actuator_ctrl:/home/mikks/ros2_ws/install/mine_rover_description:/home/mikks/ros2_ws/install/ZerionURDFV5cp_description:/home/mikks/crazyflie_mapping_demo/ros2_ws/install/velocity_free_consensus:/home/mikks/crazyflie_mapping_demo/ros2_ws/install/stepwise_lowpos:/home/mikks/crazyflie_mapping_demo/ros2_ws/install/step_wise_lowpos:/home/mikks/crazyflie_mapping_demo/ros2_ws/install/second_order_formation_control:/home/mikks/crazyflie_mapping_demo/ros2_ws/install/ros_gz_crazyflie_control:/home/mikks/crazyflie_mapping_demo/ros2_ws/install/mixed_fractional_consensus:/home/mikks/crazyflie_mapping_demo/ros2_ws/install/lowest_pos:/home/mikks/crazyflie_mapping_demo/ros2_ws/install/linear_consensus:/home/mikks/crazyflie_mapping_demo/ros2_ws/install/highest_pos:/home/mikks/crazyflie_mapping_demo/ros2_ws/install/fractional_consensus_alpha:/home/mikks/crazyflie_mapping_demo/ros2_ws/install/event_triggered_swarm:/home/mikks/crazyflie_mapping_demo/ros2_ws/install/drone_logger:/home/mikks/crazyflie_mapping_demo/ros2_ws/install/distributed_average_tracking:/home/mikks/crazyflie_mapping_demo/ros2_ws/install/crazyflie_swarm_logic:/home/mikks/crazyflie_mapping_demo/ros2_ws/install/crazyflie_ros2_multiranger_wall_following:/home/mikks/crazyflie_mapping_demo/ros2_ws/install/crazyflie_ros2_multiranger_simple_mapper:/home/mikks/crazyflie_mapping_demo/ros2_ws/install/crazyflie_py:/home/mikks/crazyflie_mapping_demo/ros2_ws/install/cooperative_target_centric_formation:/home/mikks/crazyflie_mapping_demo/ros2_ws/install/containment_using_agent_information:/home/mikks/crazyflie_mapping_demo/ros2_ws/install/consensus_for_double_integrator:/home/mikks/crazyflie_mapping_demo/ros2_ws/install/consensus_alignment:/home/mikks/crazyflie_mapping_demo/ros2_ws/install/binary_consensus:/home/mikks/crazyflie_mapping_demo/ros2_ws/install/Second_Order_Min_Consensus_for_Heterogeneous_Agents:/home/mikks/crazyflie_mapping_demo/ros2_ws/install/BinaryContainmentChain:/opt/ros/jazzy DEBUGINFOD_URLS=https://debuginfod.ubuntu.com LD_LIBRARY_PATH=/home/mikks/ros2_px4_ws/install/px4_ros2_cpp/lib:/home/mikks/ros2_px4_ws/install/px4_msgs/lib:/home/mikks/ros2_px4_ws/install/px4_ros_com/lib:/home/mikks/NatNet_SDK_4.3_ubuntu/lib:/home/mikks/crazyflie_mapping_demo/ros2_ws/install/crazyflie_interfaces/lib:/opt/ros/jazzy/opt/gz_sim_vendor/lib:/opt/ros/jazzy/opt/gz_sensors_vendor/lib:/opt/ros/jazzy/opt/gz_physics_vendor/lib:/opt/ros/jazzy/opt/sdformat_vendor/lib:/opt/ros/jazzy/opt/rviz_ogre_vendor/lib:/opt/ros/jazzy/lib/x86_64-linux-gnu:/opt/ros/jazzy/opt/gz_gui_vendor/lib:/opt/ros/jazzy/opt/gz_transport_vendor/lib:/opt/ros/jazzy/opt/gz_rendering_vendor/lib:/opt/ros/jazzy/opt/gz_plugin_vendor/lib:/opt/ros/jazzy/opt/gz_fuel_tools_vendor/lib:/opt/ros/jazzy/opt/gz_msgs_vendor/lib:/opt/ros/jazzy/opt/gz_common_vendor/lib:/opt/ros/jazzy/opt/gz_math_vendor/lib:/opt/ros/jazzy/opt/gz_utils_vendor/lib:/opt/ros/jazzy/opt/gz_tools_vendor/lib:/opt/ros/jazzy/opt/gz_ogre_next_vendor/lib:/opt/ros/jazzy/opt/gz_dartsim_vendor/lib:/opt/ros/jazzy/opt/gz_cmake_vendor/lib:/opt/ros/jazzy/lib PYTHONPATH=/home/mikks/ros2_px4_ws/install/px4_msgs/lib/python3.12/site-packages:/home/mikks/ros2_px4_ws/build/x500_hover_controller:/home/mikks/ros2_px4_ws/install/x500_hover_controller/lib/python3.12/site-packages:/home/mikks/ros2_px4_ws/install/px4_ros_com/lib/python3.12/site-packages:/home/mikks/ros2_px4_ws/build/example_mode_with_rclpy_py:/home/mikks/ros2_px4_ws/install/example_mode_with_rclpy_py/lib/python3.12/site-packages:/home/mikks/ros2_px4_ws/build/example_mode_goto_py:/home/mikks/ros2_px4_ws/install/example_mode_goto_py/lib/python3.12/site-packages:/home/mikks/ros2_px4_ws/install/px4_ros2_py/lib/python3.12/site-packages:/home/mikks/ros2_px4_ws/build/px4_actuator_ctrl:/home/mikks/ros2_px4_ws/install/px4_actuator_ctrl/lib/python3.12/site-packages:/home/mikks/ros2_ws/build/rover_desc_description:/home/mikks/ros2_ws/install/rover_desc_description/lib/python3.12/site-packages:/home/mikks/ros2_ws/install/px4_actuator_ctrl/lib/python3.12/site-packages:/home/mikks/ros2_ws/build/mine_rover_description:/home/mikks/ros2_ws/install/mine_rover_description/lib/python3.12/site-packages:/home/mikks/ros2_ws/build/ZerionURDFV5cp_description:/home/mikks/ros2_ws/install/ZerionURDFV5cp_description/lib/python3.12/site-packages:/home/mikks/crazyflie_mapping_demo/ros2_ws/install/velocity_free_consensus/lib/python3.12/site-packages:/home/mikks/crazyflie_mapping_demo/ros2_ws/install/stepwise_lowpos/lib/python3.12/site-packages:/home/mikks/crazyflie_mapping_demo/ros2_ws/install/step_wise_lowpos/lib/python3.12/site-packages:/home/mikks/crazyflie_mapping_demo/ros2_ws/install/second_order_formation_control/lib/python3.12/site-packages:/home/mikks/crazyflie_mapping_demo/ros2_ws/install/ros_gz_crazyflie_control/lib/python3.12/site-packages:/home/mikks/crazyflie_mapping_demo/ros2_ws/install/mixed_fractional_consensus/lib/python3.12/site-packages:/home/mikks/crazyflie_mapping_demo/ros2_ws/install/lowest_pos/lib/python3.12/site-packages:/home/mikks/crazyflie_mapping_demo/ros2_ws/install/linear_consensus/lib/python3.12/site-packages:/home/mikks/crazyflie_mapping_demo/ros2_ws/install/highest_pos/lib/python3.12/site-packages:/home/mikks/crazyflie_mapping_demo/ros2_ws/install/fractional_consensus_alpha/lib/python3.12/site-packages:/home/mikks/crazyflie_mapping_demo/ros2_ws/install/event_triggered_swarm/lib/python3.12/site-packages:/home/mikks/crazyflie_mapping_demo/ros2_ws/install/drone_logger/lib/python3.12/site-packages:/home/mikks/crazyflie_mapping_demo/ros2_ws/install/distributed_average_tracking/lib/python3.12/site-packages:/home/mikks/crazyflie_mapping_demo/ros2_ws/install/crazyflie_swarm_logic/lib/python3.12/site-packages:/home/mikks/crazyflie_mapping_demo/ros2_ws/install/crazyflie_sim/lib/python3.12/site-packages:/home/mikks/crazyflie_mapping_demo/ros2_ws/install/crazyflie_ros2_multiranger_wall_following/lib/python3.12/site-packages:/home/mikks/crazyflie_mapping_demo/ros2_ws/install/crazyflie_ros2_multiranger_simple_mapper/lib/python3.12/site-packages:/home/mikks/crazyflie_mapping_demo/ros2_ws/install/crazyflie_examples/lib/python3.12/site-packages:/home/mikks/crazyflie_mapping_demo/ros2_ws/install/crazyflie_py/lib/python3.12/site-packages:/home/mikks/crazyflie_mapping_demo/ros2_ws/install/crazyflie_interfaces/lib/python3.12/site-packages:/home/mikks/crazyflie_mapping_demo/ros2_ws/install/cooperative_target_centric_formation/lib/python3.12/site-packages:/home/mikks/crazyflie_mapping_demo/ros2_ws/install/containment_using_agent_information/lib/python3.12/site-packages:/home/mikks/crazyflie_mapping_demo/ros2_ws/install/consensus_for_double_integrator/lib/python3.12/site-packages:/home/mikks/crazyflie_mapping_demo/ros2_ws/install/consensus_alignment/lib/python3.12/site-packages:/home/mikks/crazyflie_mapping_demo/ros2_ws/install/binary_consensus/lib/python3.12/site-packages:/home/mikks/crazyflie_mapping_demo/ros2_ws/install/Second_Order_Min_Consensus_for_Heterogeneous_Agents/lib/python3.12/site-packages:/home/mikks/crazyflie_mapping_demo/ros2_ws/install/BinaryContainmentChain/lib/python3.12/site-packages:/opt/ros/jazzy/lib/python3.12/site-packages /usr/bin/cmake --build /home/mikks/ros2_px4_ws/build/example_local_navigation_cpp -- -j12 -l12
[3.658s] DEBUG:colcon.colcon_core.event_handler.log_command:Invoking command in '/home/mikks/ros2_px4_ws/build/example_local_navigation_cpp': CMAKE_PREFIX_PATH=/home/mikks/ros2_px4_ws/install/px4_ros2_cpp:/home/mikks/ros2_px4_ws/install/px4_msgs:/home/mikks/ros2_px4_ws/install/px4_ros_com:/home/mikks/ros2_px4_ws/install/px4_ros2_py:/home/mikks/ros2_px4_ws/install/example_rover_velocity_mode_cpp:/home/mikks/ros2_px4_ws/install/example_mode_with_executor_cpp:/home/mikks/ros2_px4_ws/install/example_mode_vtol_cpp:/home/mikks/ros2_px4_ws/install/example_mode_rtl_replacement_cpp:/home/mikks/ros2_px4_ws/install/example_mode_mission_cpp:/home/mikks/ros2_px4_ws/install/example_mode_manual_cpp:/home/mikks/ros2_px4_ws/install/example_mode_goto_global_cpp:/home/mikks/ros2_px4_ws/install/example_mode_goto_cpp:/home/mikks/ros2_px4_ws/install/example_mode_fw_attitude_cpp:/home/mikks/ros2_px4_ws/install/example_local_navigation_cpp:/home/mikks/ros2_px4_ws/install/example_global_navigation_cpp:/home/mikks/ros2_px4_ws/install/example_executor_with_multiple_modes_cpp:/home/mikks/crazyflie_mapping_demo/ros2_ws/install/crazyflie_ros2_multiranger_bringup:/home/mikks/crazyflie_mapping_demo/ros2_ws/install/ros_gz_crazyflie_bringup:/home/mikks/crazyflie_mapping_demo/ros2_ws/install/ros_gz_crazyflie_gazebo:/home/mikks/crazyflie_mapping_demo/ros2_ws/install/crazyflie_sim:/home/mikks/crazyflie_mapping_demo/ros2_ws/install/crazyflie_examples:/home/mikks/crazyflie_mapping_demo/ros2_ws/install/crazyflie:/home/mikks/crazyflie_mapping_demo/ros2_ws/install/crazyflie_interfaces:/opt/ros/jazzy/opt/gz_sim_vendor:/opt/ros/jazzy/opt/gz_sensors_vendor:/opt/ros/jazzy/opt/gz_physics_vendor:/opt/ros/jazzy/opt/sdformat_vendor:/opt/ros/jazzy/opt/gz_gui_vendor:/opt/ros/jazzy/opt/gz_transport_vendor:/opt/ros/jazzy/opt/gz_rendering_vendor:/opt/ros/jazzy/opt/gz_plugin_vendor:/opt/ros/jazzy/opt/gz_fuel_tools_vendor:/opt/ros/jazzy/opt/gz_msgs_vendor:/opt/ros/jazzy/opt/gz_common_vendor:/opt/ros/jazzy/opt/gz_math_vendor:/opt/ros/jazzy/opt/gz_utils_vendor:/opt/ros/jazzy/opt/gz_tools_vendor:/opt/ros/jazzy/opt/gz_ogre_next_vendor:/opt/ros/jazzy/opt/gz_dartsim_vendor:/opt/ros/jazzy/opt/gz_cmake_vendor:/home/mikks/ros2_px4_ws/install/x500_hover_controller:/home/mikks/ros2_px4_ws/install/example_mode_with_rclpy_py:/home/mikks/ros2_px4_ws/install/example_mode_goto_py:/home/mikks/ros2_px4_ws/install/px4_actuator_ctrl:/home/mikks/ros2_ws/install/rover_desc_description:/home/mikks/ros2_ws/install/px4_actuator_ctrl:/home/mikks/ros2_ws/install/mine_rover_description:/home/mikks/ros2_ws/install/ZerionURDFV5cp_description:/home/mikks/crazyflie_mapping_demo/ros2_ws/install/velocity_free_consensus:/home/mikks/crazyflie_mapping_demo/ros2_ws/install/stepwise_lowpos:/home/mikks/crazyflie_mapping_demo/ros2_ws/install/step_wise_lowpos:/home/mikks/crazyflie_mapping_demo/ros2_ws/install/second_order_formation_control:/home/mikks/crazyflie_mapping_demo/ros2_ws/install/ros_gz_crazyflie_control:/home/mikks/crazyflie_mapping_demo/ros2_ws/install/mixed_fractional_consensus:/home/mikks/crazyflie_mapping_demo/ros2_ws/install/lowest_pos:/home/mikks/crazyflie_mapping_demo/ros2_ws/install/linear_consensus:/home/mikks/crazyflie_mapping_demo/ros2_ws/install/highest_pos:/home/mikks/crazyflie_mapping_demo/ros2_ws/install/fractional_consensus_alpha:/home/mikks/crazyflie_mapping_demo/ros2_ws/install/event_triggered_swarm:/home/mikks/crazyflie_mapping_demo/ros2_ws/install/drone_logger:/home/mikks/crazyflie_mapping_demo/ros2_ws/install/distributed_average_tracking:/home/mikks/crazyflie_mapping_demo/ros2_ws/install/crazyflie_swarm_logic:/home/mikks/crazyflie_mapping_demo/ros2_ws/install/crazyflie_ros2_multiranger_wall_following:/home/mikks/crazyflie_mapping_demo/ros2_ws/install/crazyflie_ros2_multiranger_simple_mapper:/home/mikks/crazyflie_mapping_demo/ros2_ws/install/crazyflie_py:/home/mikks/crazyflie_mapping_demo/ros2_ws/install/cooperative_target_centric_formation:/home/mikks/crazyflie_mapping_demo/ros2_ws/install/containment_using_agent_information:/home/mikks/crazyflie_mapping_demo/ros2_ws/install/consensus_for_double_integrator:/home/mikks/crazyflie_mapping_demo/ros2_ws/install/consensus_alignment:/home/mikks/crazyflie_mapping_demo/ros2_ws/install/binary_consensus:/home/mikks/crazyflie_mapping_demo/ros2_ws/install/Second_Order_Min_Consensus_for_Heterogeneous_Agents:/home/mikks/crazyflie_mapping_demo/ros2_ws/install/BinaryContainmentChain:/opt/ros/jazzy DEBUGINFOD_URLS=https://debuginfod.ubuntu.com LD_LIBRARY_PATH=/home/mikks/ros2_px4_ws/install/px4_ros2_cpp/lib:/home/mikks/ros2_px4_ws/install/px4_msgs/lib:/home/mikks/ros2_px4_ws/install/px4_ros_com/lib:/home/mikks/NatNet_SDK_4.3_ubuntu/lib:/home/mikks/crazyflie_mapping_demo/ros2_ws/install/crazyflie_interfaces/lib:/opt/ros/jazzy/opt/gz_sim_vendor/lib:/opt/ros/jazzy/opt/gz_sensors_vendor/lib:/opt/ros/jazzy/opt/gz_physics_vendor/lib:/opt/ros/jazzy/opt/sdformat_vendor/lib:/opt/ros/jazzy/opt/rviz_ogre_vendor/lib:/opt/ros/jazzy/lib/x86_64-linux-gnu:/opt/ros/jazzy/opt/gz_gui_vendor/lib:/opt/ros/jazzy/opt/gz_transport_vendor/lib:/opt/ros/jazzy/opt/gz_rendering_vendor/lib:/opt/ros/jazzy/opt/gz_plugin_vendor/lib:/opt/ros/jazzy/opt/gz_fuel_tools_vendor/lib:/opt/ros/jazzy/opt/gz_msgs_vendor/lib:/opt/ros/jazzy/opt/gz_common_vendor/lib:/opt/ros/jazzy/opt/gz_math_vendor/lib:/opt/ros/jazzy/opt/gz_utils_vendor/lib:/opt/ros/jazzy/opt/gz_tools_vendor/lib:/opt/ros/jazzy/opt/gz_ogre_next_vendor/lib:/opt/ros/jazzy/opt/gz_dartsim_vendor/lib:/opt/ros/jazzy/opt/gz_cmake_vendor/lib:/opt/ros/jazzy/lib PYTHONPATH=/home/mikks/ros2_px4_ws/install/px4_msgs/lib/python3.12/site-packages:/home/mikks/ros2_px4_ws/build/x500_hover_controller:/home/mikks/ros2_px4_ws/install/x500_hover_controller/lib/python3.12/site-packages:/home/mikks/ros2_px4_ws/install/px4_ros_com/lib/python3.12/site-packages:/home/mikks/ros2_px4_ws/build/example_mode_with_rclpy_py:/home/mikks/ros2_px4_ws/install/example_mode_with_rclpy_py/lib/python3.12/site-packages:/home/mikks/ros2_px4_ws/build/example_mode_goto_py:/home/mikks/ros2_px4_ws/install/example_mode_goto_py/lib/python3.12/site-packages:/home/mikks/ros2_px4_ws/install/px4_ros2_py/lib/python3.12/site-packages:/home/mikks/ros2_px4_ws/build/px4_actuator_ctrl:/home/mikks/ros2_px4_ws/install/px4_actuator_ctrl/lib/python3.12/site-packages:/home/mikks/ros2_ws/build/rover_desc_description:/home/mikks/ros2_ws/install/rover_desc_description/lib/python3.12/site-packages:/home/mikks/ros2_ws/install/px4_actuator_ctrl/lib/python3.12/site-packages:/home/mikks/ros2_ws/build/mine_rover_description:/home/mikks/ros2_ws/install/mine_rover_description/lib/python3.12/site-packages:/home/mikks/ros2_ws/build/ZerionURDFV5cp_description:/home/mikks/ros2_ws/install/ZerionURDFV5cp_description/lib/python3.12/site-packages:/home/mikks/crazyflie_mapping_demo/ros2_ws/install/velocity_free_consensus/lib/python3.12/site-packages:/home/mikks/crazyflie_mapping_demo/ros2_ws/install/stepwise_lowpos/lib/python3.12/site-packages:/home/mikks/crazyflie_mapping_demo/ros2_ws/install/step_wise_lowpos/lib/python3.12/site-packages:/home/mikks/crazyflie_mapping_demo/ros2_ws/install/second_order_formation_control/lib/python3.12/site-packages:/home/mikks/crazyflie_mapping_demo/ros2_ws/install/ros_gz_crazyflie_control/lib/python3.12/site-packages:/home/mikks/crazyflie_mapping_demo/ros2_ws/install/mixed_fractional_consensus/lib/python3.12/site-packages:/home/mikks/crazyflie_mapping_demo/ros2_ws/install/lowest_pos/lib/python3.12/site-packages:/home/mikks/crazyflie_mapping_demo/ros2_ws/install/linear_consensus/lib/python3.12/site-packages:/home/mikks/crazyflie_mapping_demo/ros2_ws/install/highest_pos/lib/python3.12/site-packages:/home/mikks/crazyflie_mapping_demo/ros2_ws/install/fractional_consensus_alpha/lib/python3.12/site-packages:/home/mikks/crazyflie_mapping_demo/ros2_ws/install/event_triggered_swarm/lib/python3.12/site-packages:/home/mikks/crazyflie_mapping_demo/ros2_ws/install/drone_logger/lib/python3.12/site-packages:/home/mikks/crazyflie_mapping_demo/ros2_ws/install/distributed_average_tracking/lib/python3.12/site-packages:/home/mikks/crazyflie_mapping_demo/ros2_ws/install/crazyflie_swarm_logic/lib/python3.12/site-packages:/home/mikks/crazyflie_mapping_demo/ros2_ws/install/crazyflie_sim/lib/python3.12/site-packages:/home/mikks/crazyflie_mapping_demo/ros2_ws/install/crazyflie_ros2_multiranger_wall_following/lib/python3.12/site-packages:/home/mikks/crazyflie_mapping_demo/ros2_ws/install/crazyflie_ros2_multiranger_simple_mapper/lib/python3.12/site-packages:/home/mikks/crazyflie_mapping_demo/ros2_ws/install/crazyflie_examples/lib/python3.12/site-packages:/home/mikks/crazyflie_mapping_demo/ros2_ws/install/crazyflie_py/lib/python3.12/site-packages:/home/mikks/crazyflie_mapping_demo/ros2_ws/install/crazyflie_interfaces/lib/python3.12/site-packages:/home/mikks/crazyflie_mapping_demo/ros2_ws/install/cooperative_target_centric_formation/lib/python3.12/site-packages:/home/mikks/crazyflie_mapping_demo/ros2_ws/install/containment_using_agent_information/lib/python3.12/site-packages:/home/mikks/crazyflie_mapping_demo/ros2_ws/install/consensus_for_double_integrator/lib/python3.12/site-packages:/home/mikks/crazyflie_mapping_demo/ros2_ws/install/consensus_alignment/lib/python3.12/site-packages:/home/mikks/crazyflie_mapping_demo/ros2_ws/install/binary_consensus/lib/python3.12/site-packages:/home/mikks/crazyflie_mapping_demo/ros2_ws/install/Second_Order_Min_Consensus_for_Heterogeneous_Agents/lib/python3.12/site-packages:/home/mikks/crazyflie_mapping_demo/ros2_ws/install/BinaryContainmentChain/lib/python3.12/site-packages:/opt/ros/jazzy/lib/python3.12/site-packages /usr/bin/cmake --install /home/mikks/ros2_px4_ws/build/example_local_navigation_cpp
[3.658s] DEBUG:colcon.colcon_core.event_handler.log_command:Invoked command in '/home/mikks/ros2_px4_ws/build/example_mode_fw_attitude_cpp' returned '0': CMAKE_PREFIX_PATH=/home/mikks/ros2_px4_ws/install/px4_ros2_cpp:/home/mikks/ros2_px4_ws/install/px4_msgs:/home/mikks/ros2_px4_ws/install/px4_ros_com:/home/mikks/ros2_px4_ws/install/px4_ros2_py:/home/mikks/ros2_px4_ws/install/example_rover_velocity_mode_cpp:/home/mikks/ros2_px4_ws/install/example_mode_with_executor_cpp:/home/mikks/ros2_px4_ws/install/example_mode_vtol_cpp:/home/mikks/ros2_px4_ws/install/example_mode_rtl_replacement_cpp:/home/mikks/ros2_px4_ws/install/example_mode_mission_cpp:/home/mikks/ros2_px4_ws/install/example_mode_manual_cpp:/home/mikks/ros2_px4_ws/install/example_mode_goto_global_cpp:/home/mikks/ros2_px4_ws/install/example_mode_goto_cpp:/home/mikks/ros2_px4_ws/install/example_mode_fw_attitude_cpp:/home/mikks/ros2_px4_ws/install/example_local_navigation_cpp:/home/mikks/ros2_px4_ws/install/example_global_navigation_cpp:/home/mikks/ros2_px4_ws/install/example_executor_with_multiple_modes_cpp:/home/mikks/crazyflie_mapping_demo/ros2_ws/install/crazyflie_ros2_multiranger_bringup:/home/mikks/crazyflie_mapping_demo/ros2_ws/install/ros_gz_crazyflie_bringup:/home/mikks/crazyflie_mapping_demo/ros2_ws/install/ros_gz_crazyflie_gazebo:/home/mikks/crazyflie_mapping_demo/ros2_ws/install/crazyflie_sim:/home/mikks/crazyflie_mapping_demo/ros2_ws/install/crazyflie_examples:/home/mikks/crazyflie_mapping_demo/ros2_ws/install/crazyflie:/home/mikks/crazyflie_mapping_demo/ros2_ws/install/crazyflie_interfaces:/opt/ros/jazzy/opt/gz_sim_vendor:/opt/ros/jazzy/opt/gz_sensors_vendor:/opt/ros/jazzy/opt/gz_physics_vendor:/opt/ros/jazzy/opt/sdformat_vendor:/opt/ros/jazzy/opt/gz_gui_vendor:/opt/ros/jazzy/opt/gz_transport_vendor:/opt/ros/jazzy/opt/gz_rendering_vendor:/opt/ros/jazzy/opt/gz_plugin_vendor:/opt/ros/jazzy/opt/gz_fuel_tools_vendor:/opt/ros/jazzy/opt/gz_msgs_vendor:/opt/ros/jazzy/opt/gz_common_vendor:/opt/ros/jazzy/opt/gz_math_vendor:/opt/ros/jazzy/opt/gz_utils_vendor:/opt/ros/jazzy/opt/gz_tools_vendor:/opt/ros/jazzy/opt/gz_ogre_next_vendor:/opt/ros/jazzy/opt/gz_dartsim_vendor:/opt/ros/jazzy/opt/gz_cmake_vendor:/home/mikks/ros2_px4_ws/install/x500_hover_controller:/home/mikks/ros2_px4_ws/install/example_mode_with_rclpy_py:/home/mikks/ros2_px4_ws/install/example_mode_goto_py:/home/mikks/ros2_px4_ws/install/px4_actuator_ctrl:/home/mikks/ros2_ws/install/rover_desc_description:/home/mikks/ros2_ws/install/px4_actuator_ctrl:/home/mikks/ros2_ws/install/mine_rover_description:/home/mikks/ros2_ws/install/ZerionURDFV5cp_description:/home/mikks/crazyflie_mapping_demo/ros2_ws/install/velocity_free_consensus:/home/mikks/crazyflie_mapping_demo/ros2_ws/install/stepwise_lowpos:/home/mikks/crazyflie_mapping_demo/ros2_ws/install/step_wise_lowpos:/home/mikks/crazyflie_mapping_demo/ros2_ws/install/second_order_formation_control:/home/mikks/crazyflie_mapping_demo/ros2_ws/install/ros_gz_crazyflie_control:/home/mikks/crazyflie_mapping_demo/ros2_ws/install/mixed_fractional_consensus:/home/mikks/crazyflie_mapping_demo/ros2_ws/install/lowest_pos:/home/mikks/crazyflie_mapping_demo/ros2_ws/install/linear_consensus:/home/mikks/crazyflie_mapping_demo/ros2_ws/install/highest_pos:/home/mikks/crazyflie_mapping_demo/ros2_ws/install/fractional_consensus_alpha:/home/mikks/crazyflie_mapping_demo/ros2_ws/install/event_triggered_swarm:/home/mikks/crazyflie_mapping_demo/ros2_ws/install/drone_logger:/home/mikks/crazyflie_mapping_demo/ros2_ws/install/distributed_average_tracking:/home/mikks/crazyflie_mapping_demo/ros2_ws/install/crazyflie_swarm_logic:/home/mikks/crazyflie_mapping_demo/ros2_ws/install/crazyflie_ros2_multiranger_wall_following:/home/mikks/crazyflie_mapping_demo/ros2_ws/install/crazyflie_ros2_multiranger_simple_mapper:/home/mikks/crazyflie_mapping_demo/ros2_ws/install/crazyflie_py:/home/mikks/crazyflie_mapping_demo/ros2_ws/install/cooperative_target_centric_formation:/home/mikks/crazyflie_mapping_demo/ros2_ws/install/containment_using_agent_information:/home/mikks/crazyflie_mapping_demo/ros2_ws/install/consensus_for_double_integrator:/home/mikks/crazyflie_mapping_demo/ros2_ws/install/consensus_alignment:/home/mikks/crazyflie_mapping_demo/ros2_ws/install/binary_consensus:/home/mikks/crazyflie_mapping_demo/ros2_ws/install/Second_Order_Min_Consensus_for_Heterogeneous_Agents:/home/mikks/crazyflie_mapping_demo/ros2_ws/install/BinaryContainmentChain:/opt/ros/jazzy DEBUGINFOD_URLS=https://debuginfod.ubuntu.com LD_LIBRARY_PATH=/home/mikks/ros2_px4_ws/install/px4_ros2_cpp/lib:/home/mikks/ros2_px4_ws/install/px4_msgs/lib:/home/mikks/ros2_px4_ws/install/px4_ros_com/lib:/home/mikks/NatNet_SDK_4.3_ubuntu/lib:/home/mikks/crazyflie_mapping_demo/ros2_ws/install/crazyflie_interfaces/lib:/opt/ros/jazzy/opt/gz_sim_vendor/lib:/opt/ros/jazzy/opt/gz_sensors_vendor/lib:/opt/ros/jazzy/opt/gz_physics_vendor/lib:/opt/ros/jazzy/opt/sdformat_vendor/lib:/opt/ros/jazzy/opt/rviz_ogre_vendor/lib:/opt/ros/jazzy/lib/x86_64-linux-gnu:/opt/ros/jazzy/opt/gz_gui_vendor/lib:/opt/ros/jazzy/opt/gz_transport_vendor/lib:/opt/ros/jazzy/opt/gz_rendering_vendor/lib:/opt/ros/jazzy/opt/gz_plugin_vendor/lib:/opt/ros/jazzy/opt/gz_fuel_tools_vendor/lib:/opt/ros/jazzy/opt/gz_msgs_vendor/lib:/opt/ros/jazzy/opt/gz_common_vendor/lib:/opt/ros/jazzy/opt/gz_math_vendor/lib:/opt/ros/jazzy/opt/gz_utils_vendor/lib:/opt/ros/jazzy/opt/gz_tools_vendor/lib:/opt/ros/jazzy/opt/gz_ogre_next_vendor/lib:/opt/ros/jazzy/opt/gz_dartsim_vendor/lib:/opt/ros/jazzy/opt/gz_cmake_vendor/lib:/opt/ros/jazzy/lib PYTHONPATH=/home/mikks/ros2_px4_ws/install/px4_msgs/lib/python3.12/site-packages:/home/mikks/ros2_px4_ws/build/x500_hover_controller:/home/mikks/ros2_px4_ws/install/x500_hover_controller/lib/python3.12/site-packages:/home/mikks/ros2_px4_ws/install/px4_ros_com/lib/python3.12/site-packages:/home/mikks/ros2_px4_ws/build/example_mode_with_rclpy_py:/home/mikks/ros2_px4_ws/install/example_mode_with_rclpy_py/lib/python3.12/site-packages:/home/mikks/ros2_px4_ws/build/example_mode_goto_py:/home/mikks/ros2_px4_ws/install/example_mode_goto_py/lib/python3.12/site-packages:/home/mikks/ros2_px4_ws/install/px4_ros2_py/lib/python3.12/site-packages:/home/mikks/ros2_px4_ws/build/px4_actuator_ctrl:/home/mikks/ros2_px4_ws/install/px4_actuator_ctrl/lib/python3.12/site-packages:/home/mikks/ros2_ws/build/rover_desc_description:/home/mikks/ros2_ws/install/rover_desc_description/lib/python3.12/site-packages:/home/mikks/ros2_ws/install/px4_actuator_ctrl/lib/python3.12/site-packages:/home/mikks/ros2_ws/build/mine_rover_description:/home/mikks/ros2_ws/install/mine_rover_description/lib/python3.12/site-packages:/home/mikks/ros2_ws/build/ZerionURDFV5cp_description:/home/mikks/ros2_ws/install/ZerionURDFV5cp_description/lib/python3.12/site-packages:/home/mikks/crazyflie_mapping_demo/ros2_ws/install/velocity_free_consensus/lib/python3.12/site-packages:/home/mikks/crazyflie_mapping_demo/ros2_ws/install/stepwise_lowpos/lib/python3.12/site-packages:/home/mikks/crazyflie_mapping_demo/ros2_ws/install/step_wise_lowpos/lib/python3.12/site-packages:/home/mikks/crazyflie_mapping_demo/ros2_ws/install/second_order_formation_control/lib/python3.12/site-packages:/home/mikks/crazyflie_mapping_demo/ros2_ws/install/ros_gz_crazyflie_control/lib/python3.12/site-packages:/home/mikks/crazyflie_mapping_demo/ros2_ws/install/mixed_fractional_consensus/lib/python3.12/site-packages:/home/mikks/crazyflie_mapping_demo/ros2_ws/install/lowest_pos/lib/python3.12/site-packages:/home/mikks/crazyflie_mapping_demo/ros2_ws/install/linear_consensus/lib/python3.12/site-packages:/home/mikks/crazyflie_mapping_demo/ros2_ws/install/highest_pos/lib/python3.12/site-packages:/home/mikks/crazyflie_mapping_demo/ros2_ws/install/fractional_consensus_alpha/lib/python3.12/site-packages:/home/mikks/crazyflie_mapping_demo/ros2_ws/install/event_triggered_swarm/lib/python3.12/site-packages:/home/mikks/crazyflie_mapping_demo/ros2_ws/install/drone_logger/lib/python3.12/site-packages:/home/mikks/crazyflie_mapping_demo/ros2_ws/install/distributed_average_tracking/lib/python3.12/site-packages:/home/mikks/crazyflie_mapping_demo/ros2_ws/install/crazyflie_swarm_logic/lib/python3.12/site-packages:/home/mikks/crazyflie_mapping_demo/ros2_ws/install/crazyflie_sim/lib/python3.12/site-packages:/home/mikks/crazyflie_mapping_demo/ros2_ws/install/crazyflie_ros2_multiranger_wall_following/lib/python3.12/site-packages:/home/mikks/crazyflie_mapping_demo/ros2_ws/install/crazyflie_ros2_multiranger_simple_mapper/lib/python3.12/site-packages:/home/mikks/crazyflie_mapping_demo/ros2_ws/install/crazyflie_examples/lib/python3.12/site-packages:/home/mikks/crazyflie_mapping_demo/ros2_ws/install/crazyflie_py/lib/python3.12/site-packages:/home/mikks/crazyflie_mapping_demo/ros2_ws/install/crazyflie_interfaces/lib/python3.12/site-packages:/home/mikks/crazyflie_mapping_demo/ros2_ws/install/cooperative_target_centric_formation/lib/python3.12/site-packages:/home/mikks/crazyflie_mapping_demo/ros2_ws/install/containment_using_agent_information/lib/python3.12/site-packages:/home/mikks/crazyflie_mapping_demo/ros2_ws/install/consensus_for_double_integrator/lib/python3.12/site-packages:/home/mikks/crazyflie_mapping_demo/ros2_ws/install/consensus_alignment/lib/python3.12/site-packages:/home/mikks/crazyflie_mapping_demo/ros2_ws/install/binary_consensus/lib/python3.12/site-packages:/home/mikks/crazyflie_mapping_demo/ros2_ws/install/Second_Order_Min_Consensus_for_Heterogeneous_Agents/lib/python3.12/site-packages:/home/mikks/crazyflie_mapping_demo/ros2_ws/install/BinaryContainmentChain/lib/python3.12/site-packages:/opt/ros/jazzy/lib/python3.12/site-packages /usr/bin/cmake --build /home/mikks/ros2_px4_ws/build/example_mode_fw_attitude_cpp -- -j12 -l12
[3.660s] DEBUG:colcon.colcon_core.event_handler.log_command:Invoking command in '/home/mikks/ros2_px4_ws/build/example_mode_fw_attitude_cpp': CMAKE_PREFIX_PATH=/home/mikks/ros2_px4_ws/install/px4_ros2_cpp:/home/mikks/ros2_px4_ws/install/px4_msgs:/home/mikks/ros2_px4_ws/install/px4_ros_com:/home/mikks/ros2_px4_ws/install/px4_ros2_py:/home/mikks/ros2_px4_ws/install/example_rover_velocity_mode_cpp:/home/mikks/ros2_px4_ws/install/example_mode_with_executor_cpp:/home/mikks/ros2_px4_ws/install/example_mode_vtol_cpp:/home/mikks/ros2_px4_ws/install/example_mode_rtl_replacement_cpp:/home/mikks/ros2_px4_ws/install/example_mode_mission_cpp:/home/mikks/ros2_px4_ws/install/example_mode_manual_cpp:/home/mikks/ros2_px4_ws/install/example_mode_goto_global_cpp:/home/mikks/ros2_px4_ws/install/example_mode_goto_cpp:/home/mikks/ros2_px4_ws/install/example_mode_fw_attitude_cpp:/home/mikks/ros2_px4_ws/install/example_local_navigation_cpp:/home/mikks/ros2_px4_ws/install/example_global_navigation_cpp:/home/mikks/ros2_px4_ws/install/example_executor_with_multiple_modes_cpp:/home/mikks/crazyflie_mapping_demo/ros2_ws/install/crazyflie_ros2_multiranger_bringup:/home/mikks/crazyflie_mapping_demo/ros2_ws/install/ros_gz_crazyflie_bringup:/home/mikks/crazyflie_mapping_demo/ros2_ws/install/ros_gz_crazyflie_gazebo:/home/mikks/crazyflie_mapping_demo/ros2_ws/install/crazyflie_sim:/home/mikks/crazyflie_mapping_demo/ros2_ws/install/crazyflie_examples:/home/mikks/crazyflie_mapping_demo/ros2_ws/install/crazyflie:/home/mikks/crazyflie_mapping_demo/ros2_ws/install/crazyflie_interfaces:/opt/ros/jazzy/opt/gz_sim_vendor:/opt/ros/jazzy/opt/gz_sensors_vendor:/opt/ros/jazzy/opt/gz_physics_vendor:/opt/ros/jazzy/opt/sdformat_vendor:/opt/ros/jazzy/opt/gz_gui_vendor:/opt/ros/jazzy/opt/gz_transport_vendor:/opt/ros/jazzy/opt/gz_rendering_vendor:/opt/ros/jazzy/opt/gz_plugin_vendor:/opt/ros/jazzy/opt/gz_fuel_tools_vendor:/opt/ros/jazzy/opt/gz_msgs_vendor:/opt/ros/jazzy/opt/gz_common_vendor:/opt/ros/jazzy/opt/gz_math_vendor:/opt/ros/jazzy/opt/gz_utils_vendor:/opt/ros/jazzy/opt/gz_tools_vendor:/opt/ros/jazzy/opt/gz_ogre_next_vendor:/opt/ros/jazzy/opt/gz_dartsim_vendor:/opt/ros/jazzy/opt/gz_cmake_vendor:/home/mikks/ros2_px4_ws/install/x500_hover_controller:/home/mikks/ros2_px4_ws/install/example_mode_with_rclpy_py:/home/mikks/ros2_px4_ws/install/example_mode_goto_py:/home/mikks/ros2_px4_ws/install/px4_actuator_ctrl:/home/mikks/ros2_ws/install/rover_desc_description:/home/mikks/ros2_ws/install/px4_actuator_ctrl:/home/mikks/ros2_ws/install/mine_rover_description:/home/mikks/ros2_ws/install/ZerionURDFV5cp_description:/home/mikks/crazyflie_mapping_demo/ros2_ws/install/velocity_free_consensus:/home/mikks/crazyflie_mapping_demo/ros2_ws/install/stepwise_lowpos:/home/mikks/crazyflie_mapping_demo/ros2_ws/install/step_wise_lowpos:/home/mikks/crazyflie_mapping_demo/ros2_ws/install/second_order_formation_control:/home/mikks/crazyflie_mapping_demo/ros2_ws/install/ros_gz_crazyflie_control:/home/mikks/crazyflie_mapping_demo/ros2_ws/install/mixed_fractional_consensus:/home/mikks/crazyflie_mapping_demo/ros2_ws/install/lowest_pos:/home/mikks/crazyflie_mapping_demo/ros2_ws/install/linear_consensus:/home/mikks/crazyflie_mapping_demo/ros2_ws/install/highest_pos:/home/mikks/crazyflie_mapping_demo/ros2_ws/install/fractional_consensus_alpha:/home/mikks/crazyflie_mapping_demo/ros2_ws/install/event_triggered_swarm:/home/mikks/crazyflie_mapping_demo/ros2_ws/install/drone_logger:/home/mikks/crazyflie_mapping_demo/ros2_ws/install/distributed_average_tracking:/home/mikks/crazyflie_mapping_demo/ros2_ws/install/crazyflie_swarm_logic:/home/mikks/crazyflie_mapping_demo/ros2_ws/install/crazyflie_ros2_multiranger_wall_following:/home/mikks/crazyflie_mapping_demo/ros2_ws/install/crazyflie_ros2_multiranger_simple_mapper:/home/mikks/crazyflie_mapping_demo/ros2_ws/install/crazyflie_py:/home/mikks/crazyflie_mapping_demo/ros2_ws/install/cooperative_target_centric_formation:/home/mikks/crazyflie_mapping_demo/ros2_ws/install/containment_using_agent_information:/home/mikks/crazyflie_mapping_demo/ros2_ws/install/consensus_for_double_integrator:/home/mikks/crazyflie_mapping_demo/ros2_ws/install/consensus_alignment:/home/mikks/crazyflie_mapping_demo/ros2_ws/install/binary_consensus:/home/mikks/crazyflie_mapping_demo/ros2_ws/install/Second_Order_Min_Consensus_for_Heterogeneous_Agents:/home/mikks/crazyflie_mapping_demo/ros2_ws/install/BinaryContainmentChain:/opt/ros/jazzy DEBUGINFOD_URLS=https://debuginfod.ubuntu.com LD_LIBRARY_PATH=/home/mikks/ros2_px4_ws/install/px4_ros2_cpp/lib:/home/mikks/ros2_px4_ws/install/px4_msgs/lib:/home/mikks/ros2_px4_ws/install/px4_ros_com/lib:/home/mikks/NatNet_SDK_4.3_ubuntu/lib:/home/mikks/crazyflie_mapping_demo/ros2_ws/install/crazyflie_interfaces/lib:/opt/ros/jazzy/opt/gz_sim_vendor/lib:/opt/ros/jazzy/opt/gz_sensors_vendor/lib:/opt/ros/jazzy/opt/gz_physics_vendor/lib:/opt/ros/jazzy/opt/sdformat_vendor/lib:/opt/ros/jazzy/opt/rviz_ogre_vendor/lib:/opt/ros/jazzy/lib/x86_64-linux-gnu:/opt/ros/jazzy/opt/gz_gui_vendor/lib:/opt/ros/jazzy/opt/gz_transport_vendor/lib:/opt/ros/jazzy/opt/gz_rendering_vendor/lib:/opt/ros/jazzy/opt/gz_plugin_vendor/lib:/opt/ros/jazzy/opt/gz_fuel_tools_vendor/lib:/opt/ros/jazzy/opt/gz_msgs_vendor/lib:/opt/ros/jazzy/opt/gz_common_vendor/lib:/opt/ros/jazzy/opt/gz_math_vendor/lib:/opt/ros/jazzy/opt/gz_utils_vendor/lib:/opt/ros/jazzy/opt/gz_tools_vendor/lib:/opt/ros/jazzy/opt/gz_ogre_next_vendor/lib:/opt/ros/jazzy/opt/gz_dartsim_vendor/lib:/opt/ros/jazzy/opt/gz_cmake_vendor/lib:/opt/ros/jazzy/lib PYTHONPATH=/home/mikks/ros2_px4_ws/install/px4_msgs/lib/python3.12/site-packages:/home/mikks/ros2_px4_ws/build/x500_hover_controller:/home/mikks/ros2_px4_ws/install/x500_hover_controller/lib/python3.12/site-packages:/home/mikks/ros2_px4_ws/install/px4_ros_com/lib/python3.12/site-packages:/home/mikks/ros2_px4_ws/build/example_mode_with_rclpy_py:/home/mikks/ros2_px4_ws/install/example_mode_with_rclpy_py/lib/python3.12/site-packages:/home/mikks/ros2_px4_ws/build/example_mode_goto_py:/home/mikks/ros2_px4_ws/install/example_mode_goto_py/lib/python3.12/site-packages:/home/mikks/ros2_px4_ws/install/px4_ros2_py/lib/python3.12/site-packages:/home/mikks/ros2_px4_ws/build/px4_actuator_ctrl:/home/mikks/ros2_px4_ws/install/px4_actuator_ctrl/lib/python3.12/site-packages:/home/mikks/ros2_ws/build/rover_desc_description:/home/mikks/ros2_ws/install/rover_desc_description/lib/python3.12/site-packages:/home/mikks/ros2_ws/install/px4_actuator_ctrl/lib/python3.12/site-packages:/home/mikks/ros2_ws/build/mine_rover_description:/home/mikks/ros2_ws/install/mine_rover_description/lib/python3.12/site-packages:/home/mikks/ros2_ws/build/ZerionURDFV5cp_description:/home/mikks/ros2_ws/install/ZerionURDFV5cp_description/lib/python3.12/site-packages:/home/mikks/crazyflie_mapping_demo/ros2_ws/install/velocity_free_consensus/lib/python3.12/site-packages:/home/mikks/crazyflie_mapping_demo/ros2_ws/install/stepwise_lowpos/lib/python3.12/site-packages:/home/mikks/crazyflie_mapping_demo/ros2_ws/install/step_wise_lowpos/lib/python3.12/site-packages:/home/mikks/crazyflie_mapping_demo/ros2_ws/install/second_order_formation_control/lib/python3.12/site-packages:/home/mikks/crazyflie_mapping_demo/ros2_ws/install/ros_gz_crazyflie_control/lib/python3.12/site-packages:/home/mikks/crazyflie_mapping_demo/ros2_ws/install/mixed_fractional_consensus/lib/python3.12/site-packages:/home/mikks/crazyflie_mapping_demo/ros2_ws/install/lowest_pos/lib/python3.12/site-packages:/home/mikks/crazyflie_mapping_demo/ros2_ws/install/linear_consensus/lib/python3.12/site-packages:/home/mikks/crazyflie_mapping_demo/ros2_ws/install/highest_pos/lib/python3.12/site-packages:/home/mikks/crazyflie_mapping_demo/ros2_ws/install/fractional_consensus_alpha/lib/python3.12/site-packages:/home/mikks/crazyflie_mapping_demo/ros2_ws/install/event_triggered_swarm/lib/python3.12/site-packages:/home/mikks/crazyflie_mapping_demo/ros2_ws/install/drone_logger/lib/python3.12/site-packages:/home/mikks/crazyflie_mapping_demo/ros2_ws/install/distributed_average_tracking/lib/python3.12/site-packages:/home/mikks/crazyflie_mapping_demo/ros2_ws/install/crazyflie_swarm_logic/lib/python3.12/site-packages:/home/mikks/crazyflie_mapping_demo/ros2_ws/install/crazyflie_sim/lib/python3.12/site-packages:/home/mikks/crazyflie_mapping_demo/ros2_ws/install/crazyflie_ros2_multiranger_wall_following/lib/python3.12/site-packages:/home/mikks/crazyflie_mapping_demo/ros2_ws/install/crazyflie_ros2_multiranger_simple_mapper/lib/python3.12/site-packages:/home/mikks/crazyflie_mapping_demo/ros2_ws/install/crazyflie_examples/lib/python3.12/site-packages:/home/mikks/crazyflie_mapping_demo/ros2_ws/install/crazyflie_py/lib/python3.12/site-packages:/home/mikks/crazyflie_mapping_demo/ros2_ws/install/crazyflie_interfaces/lib/python3.12/site-packages:/home/mikks/crazyflie_mapping_demo/ros2_ws/install/cooperative_target_centric_formation/lib/python3.12/site-packages:/home/mikks/crazyflie_mapping_demo/ros2_ws/install/containment_using_agent_information/lib/python3.12/site-packages:/home/mikks/crazyflie_mapping_demo/ros2_ws/install/consensus_for_double_integrator/lib/python3.12/site-packages:/home/mikks/crazyflie_mapping_demo/ros2_ws/install/consensus_alignment/lib/python3.12/site-packages:/home/mikks/crazyflie_mapping_demo/ros2_ws/install/binary_consensus/lib/python3.12/site-packages:/home/mikks/crazyflie_mapping_demo/ros2_ws/install/Second_Order_Min_Consensus_for_Heterogeneous_Agents/lib/python3.12/site-packages:/home/mikks/crazyflie_mapping_demo/ros2_ws/install/BinaryContainmentChain/lib/python3.12/site-packages:/opt/ros/jazzy/lib/python3.12/site-packages /usr/bin/cmake --install /home/mikks/ros2_px4_ws/build/example_mode_fw_attitude_cpp
[3.662s] DEBUG:colcon.colcon_core.event_handler.log_command:Invoked command in '/home/mikks/ros2_px4_ws/build/example_mode_goto_global_cpp' returned '0': CMAKE_PREFIX_PATH=/home/mikks/ros2_px4_ws/install/px4_ros2_cpp:/home/mikks/ros2_px4_ws/install/px4_msgs:/home/mikks/ros2_px4_ws/install/px4_ros_com:/home/mikks/ros2_px4_ws/install/px4_ros2_py:/home/mikks/ros2_px4_ws/install/example_rover_velocity_mode_cpp:/home/mikks/ros2_px4_ws/install/example_mode_with_executor_cpp:/home/mikks/ros2_px4_ws/install/example_mode_vtol_cpp:/home/mikks/ros2_px4_ws/install/example_mode_rtl_replacement_cpp:/home/mikks/ros2_px4_ws/install/example_mode_mission_cpp:/home/mikks/ros2_px4_ws/install/example_mode_manual_cpp:/home/mikks/ros2_px4_ws/install/example_mode_goto_global_cpp:/home/mikks/ros2_px4_ws/install/example_mode_goto_cpp:/home/mikks/ros2_px4_ws/install/example_mode_fw_attitude_cpp:/home/mikks/ros2_px4_ws/install/example_local_navigation_cpp:/home/mikks/ros2_px4_ws/install/example_global_navigation_cpp:/home/mikks/ros2_px4_ws/install/example_executor_with_multiple_modes_cpp:/home/mikks/crazyflie_mapping_demo/ros2_ws/install/crazyflie_ros2_multiranger_bringup:/home/mikks/crazyflie_mapping_demo/ros2_ws/install/ros_gz_crazyflie_bringup:/home/mikks/crazyflie_mapping_demo/ros2_ws/install/ros_gz_crazyflie_gazebo:/home/mikks/crazyflie_mapping_demo/ros2_ws/install/crazyflie_sim:/home/mikks/crazyflie_mapping_demo/ros2_ws/install/crazyflie_examples:/home/mikks/crazyflie_mapping_demo/ros2_ws/install/crazyflie:/home/mikks/crazyflie_mapping_demo/ros2_ws/install/crazyflie_interfaces:/opt/ros/jazzy/opt/gz_sim_vendor:/opt/ros/jazzy/opt/gz_sensors_vendor:/opt/ros/jazzy/opt/gz_physics_vendor:/opt/ros/jazzy/opt/sdformat_vendor:/opt/ros/jazzy/opt/gz_gui_vendor:/opt/ros/jazzy/opt/gz_transport_vendor:/opt/ros/jazzy/opt/gz_rendering_vendor:/opt/ros/jazzy/opt/gz_plugin_vendor:/opt/ros/jazzy/opt/gz_fuel_tools_vendor:/opt/ros/jazzy/opt/gz_msgs_vendor:/opt/ros/jazzy/opt/gz_common_vendor:/opt/ros/jazzy/opt/gz_math_vendor:/opt/ros/jazzy/opt/gz_utils_vendor:/opt/ros/jazzy/opt/gz_tools_vendor:/opt/ros/jazzy/opt/gz_ogre_next_vendor:/opt/ros/jazzy/opt/gz_dartsim_vendor:/opt/ros/jazzy/opt/gz_cmake_vendor:/home/mikks/ros2_px4_ws/install/x500_hover_controller:/home/mikks/ros2_px4_ws/install/example_mode_with_rclpy_py:/home/mikks/ros2_px4_ws/install/example_mode_goto_py:/home/mikks/ros2_px4_ws/install/px4_actuator_ctrl:/home/mikks/ros2_ws/install/rover_desc_description:/home/mikks/ros2_ws/install/px4_actuator_ctrl:/home/mikks/ros2_ws/install/mine_rover_description:/home/mikks/ros2_ws/install/ZerionURDFV5cp_description:/home/mikks/crazyflie_mapping_demo/ros2_ws/install/velocity_free_consensus:/home/mikks/crazyflie_mapping_demo/ros2_ws/install/stepwise_lowpos:/home/mikks/crazyflie_mapping_demo/ros2_ws/install/step_wise_lowpos:/home/mikks/crazyflie_mapping_demo/ros2_ws/install/second_order_formation_control:/home/mikks/crazyflie_mapping_demo/ros2_ws/install/ros_gz_crazyflie_control:/home/mikks/crazyflie_mapping_demo/ros2_ws/install/mixed_fractional_consensus:/home/mikks/crazyflie_mapping_demo/ros2_ws/install/lowest_pos:/home/mikks/crazyflie_mapping_demo/ros2_ws/install/linear_consensus:/home/mikks/crazyflie_mapping_demo/ros2_ws/install/highest_pos:/home/mikks/crazyflie_mapping_demo/ros2_ws/install/fractional_consensus_alpha:/home/mikks/crazyflie_mapping_demo/ros2_ws/install/event_triggered_swarm:/home/mikks/crazyflie_mapping_demo/ros2_ws/install/drone_logger:/home/mikks/crazyflie_mapping_demo/ros2_ws/install/distributed_average_tracking:/home/mikks/crazyflie_mapping_demo/ros2_ws/install/crazyflie_swarm_logic:/home/mikks/crazyflie_mapping_demo/ros2_ws/install/crazyflie_ros2_multiranger_wall_following:/home/mikks/crazyflie_mapping_demo/ros2_ws/install/crazyflie_ros2_multiranger_simple_mapper:/home/mikks/crazyflie_mapping_demo/ros2_ws/install/crazyflie_py:/home/mikks/crazyflie_mapping_demo/ros2_ws/install/cooperative_target_centric_formation:/home/mikks/crazyflie_mapping_demo/ros2_ws/install/containment_using_agent_information:/home/mikks/crazyflie_mapping_demo/ros2_ws/install/consensus_for_double_integrator:/home/mikks/crazyflie_mapping_demo/ros2_ws/install/consensus_alignment:/home/mikks/crazyflie_mapping_demo/ros2_ws/install/binary_consensus:/home/mikks/crazyflie_mapping_demo/ros2_ws/install/Second_Order_Min_Consensus_for_Heterogeneous_Agents:/home/mikks/crazyflie_mapping_demo/ros2_ws/install/BinaryContainmentChain:/opt/ros/jazzy DEBUGINFOD_URLS=https://debuginfod.ubuntu.com LD_LIBRARY_PATH=/home/mikks/ros2_px4_ws/install/px4_ros2_cpp/lib:/home/mikks/ros2_px4_ws/install/px4_msgs/lib:/home/mikks/ros2_px4_ws/install/px4_ros_com/lib:/home/mikks/NatNet_SDK_4.3_ubuntu/lib:/home/mikks/crazyflie_mapping_demo/ros2_ws/install/crazyflie_interfaces/lib:/opt/ros/jazzy/opt/gz_sim_vendor/lib:/opt/ros/jazzy/opt/gz_sensors_vendor/lib:/opt/ros/jazzy/opt/gz_physics_vendor/lib:/opt/ros/jazzy/opt/sdformat_vendor/lib:/opt/ros/jazzy/opt/rviz_ogre_vendor/lib:/opt/ros/jazzy/lib/x86_64-linux-gnu:/opt/ros/jazzy/opt/gz_gui_vendor/lib:/opt/ros/jazzy/opt/gz_transport_vendor/lib:/opt/ros/jazzy/opt/gz_rendering_vendor/lib:/opt/ros/jazzy/opt/gz_plugin_vendor/lib:/opt/ros/jazzy/opt/gz_fuel_tools_vendor/lib:/opt/ros/jazzy/opt/gz_msgs_vendor/lib:/opt/ros/jazzy/opt/gz_common_vendor/lib:/opt/ros/jazzy/opt/gz_math_vendor/lib:/opt/ros/jazzy/opt/gz_utils_vendor/lib:/opt/ros/jazzy/opt/gz_tools_vendor/lib:/opt/ros/jazzy/opt/gz_ogre_next_vendor/lib:/opt/ros/jazzy/opt/gz_dartsim_vendor/lib:/opt/ros/jazzy/opt/gz_cmake_vendor/lib:/opt/ros/jazzy/lib PYTHONPATH=/home/mikks/ros2_px4_ws/install/px4_msgs/lib/python3.12/site-packages:/home/mikks/ros2_px4_ws/build/x500_hover_controller:/home/mikks/ros2_px4_ws/install/x500_hover_controller/lib/python3.12/site-packages:/home/mikks/ros2_px4_ws/install/px4_ros_com/lib/python3.12/site-packages:/home/mikks/ros2_px4_ws/build/example_mode_with_rclpy_py:/home/mikks/ros2_px4_ws/install/example_mode_with_rclpy_py/lib/python3.12/site-packages:/home/mikks/ros2_px4_ws/build/example_mode_goto_py:/home/mikks/ros2_px4_ws/install/example_mode_goto_py/lib/python3.12/site-packages:/home/mikks/ros2_px4_ws/install/px4_ros2_py/lib/python3.12/site-packages:/home/mikks/ros2_px4_ws/build/px4_actuator_ctrl:/home/mikks/ros2_px4_ws/install/px4_actuator_ctrl/lib/python3.12/site-packages:/home/mikks/ros2_ws/build/rover_desc_description:/home/mikks/ros2_ws/install/rover_desc_description/lib/python3.12/site-packages:/home/mikks/ros2_ws/install/px4_actuator_ctrl/lib/python3.12/site-packages:/home/mikks/ros2_ws/build/mine_rover_description:/home/mikks/ros2_ws/install/mine_rover_description/lib/python3.12/site-packages:/home/mikks/ros2_ws/build/ZerionURDFV5cp_description:/home/mikks/ros2_ws/install/ZerionURDFV5cp_description/lib/python3.12/site-packages:/home/mikks/crazyflie_mapping_demo/ros2_ws/install/velocity_free_consensus/lib/python3.12/site-packages:/home/mikks/crazyflie_mapping_demo/ros2_ws/install/stepwise_lowpos/lib/python3.12/site-packages:/home/mikks/crazyflie_mapping_demo/ros2_ws/install/step_wise_lowpos/lib/python3.12/site-packages:/home/mikks/crazyflie_mapping_demo/ros2_ws/install/second_order_formation_control/lib/python3.12/site-packages:/home/mikks/crazyflie_mapping_demo/ros2_ws/install/ros_gz_crazyflie_control/lib/python3.12/site-packages:/home/mikks/crazyflie_mapping_demo/ros2_ws/install/mixed_fractional_consensus/lib/python3.12/site-packages:/home/mikks/crazyflie_mapping_demo/ros2_ws/install/lowest_pos/lib/python3.12/site-packages:/home/mikks/crazyflie_mapping_demo/ros2_ws/install/linear_consensus/lib/python3.12/site-packages:/home/mikks/crazyflie_mapping_demo/ros2_ws/install/highest_pos/lib/python3.12/site-packages:/home/mikks/crazyflie_mapping_demo/ros2_ws/install/fractional_consensus_alpha/lib/python3.12/site-packages:/home/mikks/crazyflie_mapping_demo/ros2_ws/install/event_triggered_swarm/lib/python3.12/site-packages:/home/mikks/crazyflie_mapping_demo/ros2_ws/install/drone_logger/lib/python3.12/site-packages:/home/mikks/crazyflie_mapping_demo/ros2_ws/install/distributed_average_tracking/lib/python3.12/site-packages:/home/mikks/crazyflie_mapping_demo/ros2_ws/install/crazyflie_swarm_logic/lib/python3.12/site-packages:/home/mikks/crazyflie_mapping_demo/ros2_ws/install/crazyflie_sim/lib/python3.12/site-packages:/home/mikks/crazyflie_mapping_demo/ros2_ws/install/crazyflie_ros2_multiranger_wall_following/lib/python3.12/site-packages:/home/mikks/crazyflie_mapping_demo/ros2_ws/install/crazyflie_ros2_multiranger_simple_mapper/lib/python3.12/site-packages:/home/mikks/crazyflie_mapping_demo/ros2_ws/install/crazyflie_examples/lib/python3.12/site-packages:/home/mikks/crazyflie_mapping_demo/ros2_ws/install/crazyflie_py/lib/python3.12/site-packages:/home/mikks/crazyflie_mapping_demo/ros2_ws/install/crazyflie_interfaces/lib/python3.12/site-packages:/home/mikks/crazyflie_mapping_demo/ros2_ws/install/cooperative_target_centric_formation/lib/python3.12/site-packages:/home/mikks/crazyflie_mapping_demo/ros2_ws/install/containment_using_agent_information/lib/python3.12/site-packages:/home/mikks/crazyflie_mapping_demo/ros2_ws/install/consensus_for_double_integrator/lib/python3.12/site-packages:/home/mikks/crazyflie_mapping_demo/ros2_ws/install/consensus_alignment/lib/python3.12/site-packages:/home/mikks/crazyflie_mapping_demo/ros2_ws/install/binary_consensus/lib/python3.12/site-packages:/home/mikks/crazyflie_mapping_demo/ros2_ws/install/Second_Order_Min_Consensus_for_Heterogeneous_Agents/lib/python3.12/site-packages:/home/mikks/crazyflie_mapping_demo/ros2_ws/install/BinaryContainmentChain/lib/python3.12/site-packages:/opt/ros/jazzy/lib/python3.12/site-packages /usr/bin/cmake --build /home/mikks/ros2_px4_ws/build/example_mode_goto_global_cpp -- -j12 -l12
[3.663s] DEBUG:colcon.colcon_core.event_handler.log_command:Invoking command in '/home/mikks/ros2_px4_ws/build/example_mode_goto_global_cpp': CMAKE_PREFIX_PATH=/home/mikks/ros2_px4_ws/install/px4_ros2_cpp:/home/mikks/ros2_px4_ws/install/px4_msgs:/home/mikks/ros2_px4_ws/install/px4_ros_com:/home/mikks/ros2_px4_ws/install/px4_ros2_py:/home/mikks/ros2_px4_ws/install/example_rover_velocity_mode_cpp:/home/mikks/ros2_px4_ws/install/example_mode_with_executor_cpp:/home/mikks/ros2_px4_ws/install/example_mode_vtol_cpp:/home/mikks/ros2_px4_ws/install/example_mode_rtl_replacement_cpp:/home/mikks/ros2_px4_ws/install/example_mode_mission_cpp:/home/mikks/ros2_px4_ws/install/example_mode_manual_cpp:/home/mikks/ros2_px4_ws/install/example_mode_goto_global_cpp:/home/mikks/ros2_px4_ws/install/example_mode_goto_cpp:/home/mikks/ros2_px4_ws/install/example_mode_fw_attitude_cpp:/home/mikks/ros2_px4_ws/install/example_local_navigation_cpp:/home/mikks/ros2_px4_ws/install/example_global_navigation_cpp:/home/mikks/ros2_px4_ws/install/example_executor_with_multiple_modes_cpp:/home/mikks/crazyflie_mapping_demo/ros2_ws/install/crazyflie_ros2_multiranger_bringup:/home/mikks/crazyflie_mapping_demo/ros2_ws/install/ros_gz_crazyflie_bringup:/home/mikks/crazyflie_mapping_demo/ros2_ws/install/ros_gz_crazyflie_gazebo:/home/mikks/crazyflie_mapping_demo/ros2_ws/install/crazyflie_sim:/home/mikks/crazyflie_mapping_demo/ros2_ws/install/crazyflie_examples:/home/mikks/crazyflie_mapping_demo/ros2_ws/install/crazyflie:/home/mikks/crazyflie_mapping_demo/ros2_ws/install/crazyflie_interfaces:/opt/ros/jazzy/opt/gz_sim_vendor:/opt/ros/jazzy/opt/gz_sensors_vendor:/opt/ros/jazzy/opt/gz_physics_vendor:/opt/ros/jazzy/opt/sdformat_vendor:/opt/ros/jazzy/opt/gz_gui_vendor:/opt/ros/jazzy/opt/gz_transport_vendor:/opt/ros/jazzy/opt/gz_rendering_vendor:/opt/ros/jazzy/opt/gz_plugin_vendor:/opt/ros/jazzy/opt/gz_fuel_tools_vendor:/opt/ros/jazzy/opt/gz_msgs_vendor:/opt/ros/jazzy/opt/gz_common_vendor:/opt/ros/jazzy/opt/gz_math_vendor:/opt/ros/jazzy/opt/gz_utils_vendor:/opt/ros/jazzy/opt/gz_tools_vendor:/opt/ros/jazzy/opt/gz_ogre_next_vendor:/opt/ros/jazzy/opt/gz_dartsim_vendor:/opt/ros/jazzy/opt/gz_cmake_vendor:/home/mikks/ros2_px4_ws/install/x500_hover_controller:/home/mikks/ros2_px4_ws/install/example_mode_with_rclpy_py:/home/mikks/ros2_px4_ws/install/example_mode_goto_py:/home/mikks/ros2_px4_ws/install/px4_actuator_ctrl:/home/mikks/ros2_ws/install/rover_desc_description:/home/mikks/ros2_ws/install/px4_actuator_ctrl:/home/mikks/ros2_ws/install/mine_rover_description:/home/mikks/ros2_ws/install/ZerionURDFV5cp_description:/home/mikks/crazyflie_mapping_demo/ros2_ws/install/velocity_free_consensus:/home/mikks/crazyflie_mapping_demo/ros2_ws/install/stepwise_lowpos:/home/mikks/crazyflie_mapping_demo/ros2_ws/install/step_wise_lowpos:/home/mikks/crazyflie_mapping_demo/ros2_ws/install/second_order_formation_control:/home/mikks/crazyflie_mapping_demo/ros2_ws/install/ros_gz_crazyflie_control:/home/mikks/crazyflie_mapping_demo/ros2_ws/install/mixed_fractional_consensus:/home/mikks/crazyflie_mapping_demo/ros2_ws/install/lowest_pos:/home/mikks/crazyflie_mapping_demo/ros2_ws/install/linear_consensus:/home/mikks/crazyflie_mapping_demo/ros2_ws/install/highest_pos:/home/mikks/crazyflie_mapping_demo/ros2_ws/install/fractional_consensus_alpha:/home/mikks/crazyflie_mapping_demo/ros2_ws/install/event_triggered_swarm:/home/mikks/crazyflie_mapping_demo/ros2_ws/install/drone_logger:/home/mikks/crazyflie_mapping_demo/ros2_ws/install/distributed_average_tracking:/home/mikks/crazyflie_mapping_demo/ros2_ws/install/crazyflie_swarm_logic:/home/mikks/crazyflie_mapping_demo/ros2_ws/install/crazyflie_ros2_multiranger_wall_following:/home/mikks/crazyflie_mapping_demo/ros2_ws/install/crazyflie_ros2_multiranger_simple_mapper:/home/mikks/crazyflie_mapping_demo/ros2_ws/install/crazyflie_py:/home/mikks/crazyflie_mapping_demo/ros2_ws/install/cooperative_target_centric_formation:/home/mikks/crazyflie_mapping_demo/ros2_ws/install/containment_using_agent_information:/home/mikks/crazyflie_mapping_demo/ros2_ws/install/consensus_for_double_integrator:/home/mikks/crazyflie_mapping_demo/ros2_ws/install/consensus_alignment:/home/mikks/crazyflie_mapping_demo/ros2_ws/install/binary_consensus:/home/mikks/crazyflie_mapping_demo/ros2_ws/install/Second_Order_Min_Consensus_for_Heterogeneous_Agents:/home/mikks/crazyflie_mapping_demo/ros2_ws/install/BinaryContainmentChain:/opt/ros/jazzy DEBUGINFOD_URLS=https://debuginfod.ubuntu.com LD_LIBRARY_PATH=/home/mikks/ros2_px4_ws/install/px4_ros2_cpp/lib:/home/mikks/ros2_px4_ws/install/px4_msgs/lib:/home/mikks/ros2_px4_ws/install/px4_ros_com/lib:/home/mikks/NatNet_SDK_4.3_ubuntu/lib:/home/mikks/crazyflie_mapping_demo/ros2_ws/install/crazyflie_interfaces/lib:/opt/ros/jazzy/opt/gz_sim_vendor/lib:/opt/ros/jazzy/opt/gz_sensors_vendor/lib:/opt/ros/jazzy/opt/gz_physics_vendor/lib:/opt/ros/jazzy/opt/sdformat_vendor/lib:/opt/ros/jazzy/opt/rviz_ogre_vendor/lib:/opt/ros/jazzy/lib/x86_64-linux-gnu:/opt/ros/jazzy/opt/gz_gui_vendor/lib:/opt/ros/jazzy/opt/gz_transport_vendor/lib:/opt/ros/jazzy/opt/gz_rendering_vendor/lib:/opt/ros/jazzy/opt/gz_plugin_vendor/lib:/opt/ros/jazzy/opt/gz_fuel_tools_vendor/lib:/opt/ros/jazzy/opt/gz_msgs_vendor/lib:/opt/ros/jazzy/opt/gz_common_vendor/lib:/opt/ros/jazzy/opt/gz_math_vendor/lib:/opt/ros/jazzy/opt/gz_utils_vendor/lib:/opt/ros/jazzy/opt/gz_tools_vendor/lib:/opt/ros/jazzy/opt/gz_ogre_next_vendor/lib:/opt/ros/jazzy/opt/gz_dartsim_vendor/lib:/opt/ros/jazzy/opt/gz_cmake_vendor/lib:/opt/ros/jazzy/lib PYTHONPATH=/home/mikks/ros2_px4_ws/install/px4_msgs/lib/python3.12/site-packages:/home/mikks/ros2_px4_ws/build/x500_hover_controller:/home/mikks/ros2_px4_ws/install/x500_hover_controller/lib/python3.12/site-packages:/home/mikks/ros2_px4_ws/install/px4_ros_com/lib/python3.12/site-packages:/home/mikks/ros2_px4_ws/build/example_mode_with_rclpy_py:/home/mikks/ros2_px4_ws/install/example_mode_with_rclpy_py/lib/python3.12/site-packages:/home/mikks/ros2_px4_ws/build/example_mode_goto_py:/home/mikks/ros2_px4_ws/install/example_mode_goto_py/lib/python3.12/site-packages:/home/mikks/ros2_px4_ws/install/px4_ros2_py/lib/python3.12/site-packages:/home/mikks/ros2_px4_ws/build/px4_actuator_ctrl:/home/mikks/ros2_px4_ws/install/px4_actuator_ctrl/lib/python3.12/site-packages:/home/mikks/ros2_ws/build/rover_desc_description:/home/mikks/ros2_ws/install/rover_desc_description/lib/python3.12/site-packages:/home/mikks/ros2_ws/install/px4_actuator_ctrl/lib/python3.12/site-packages:/home/mikks/ros2_ws/build/mine_rover_description:/home/mikks/ros2_ws/install/mine_rover_description/lib/python3.12/site-packages:/home/mikks/ros2_ws/build/ZerionURDFV5cp_description:/home/mikks/ros2_ws/install/ZerionURDFV5cp_description/lib/python3.12/site-packages:/home/mikks/crazyflie_mapping_demo/ros2_ws/install/velocity_free_consensus/lib/python3.12/site-packages:/home/mikks/crazyflie_mapping_demo/ros2_ws/install/stepwise_lowpos/lib/python3.12/site-packages:/home/mikks/crazyflie_mapping_demo/ros2_ws/install/step_wise_lowpos/lib/python3.12/site-packages:/home/mikks/crazyflie_mapping_demo/ros2_ws/install/second_order_formation_control/lib/python3.12/site-packages:/home/mikks/crazyflie_mapping_demo/ros2_ws/install/ros_gz_crazyflie_control/lib/python3.12/site-packages:/home/mikks/crazyflie_mapping_demo/ros2_ws/install/mixed_fractional_consensus/lib/python3.12/site-packages:/home/mikks/crazyflie_mapping_demo/ros2_ws/install/lowest_pos/lib/python3.12/site-packages:/home/mikks/crazyflie_mapping_demo/ros2_ws/install/linear_consensus/lib/python3.12/site-packages:/home/mikks/crazyflie_mapping_demo/ros2_ws/install/highest_pos/lib/python3.12/site-packages:/home/mikks/crazyflie_mapping_demo/ros2_ws/install/fractional_consensus_alpha/lib/python3.12/site-packages:/home/mikks/crazyflie_mapping_demo/ros2_ws/install/event_triggered_swarm/lib/python3.12/site-packages:/home/mikks/crazyflie_mapping_demo/ros2_ws/install/drone_logger/lib/python3.12/site-packages:/home/mikks/crazyflie_mapping_demo/ros2_ws/install/distributed_average_tracking/lib/python3.12/site-packages:/home/mikks/crazyflie_mapping_demo/ros2_ws/install/crazyflie_swarm_logic/lib/python3.12/site-packages:/home/mikks/crazyflie_mapping_demo/ros2_ws/install/crazyflie_sim/lib/python3.12/site-packages:/home/mikks/crazyflie_mapping_demo/ros2_ws/install/crazyflie_ros2_multiranger_wall_following/lib/python3.12/site-packages:/home/mikks/crazyflie_mapping_demo/ros2_ws/install/crazyflie_ros2_multiranger_simple_mapper/lib/python3.12/site-packages:/home/mikks/crazyflie_mapping_demo/ros2_ws/install/crazyflie_examples/lib/python3.12/site-packages:/home/mikks/crazyflie_mapping_demo/ros2_ws/install/crazyflie_py/lib/python3.12/site-packages:/home/mikks/crazyflie_mapping_demo/ros2_ws/install/crazyflie_interfaces/lib/python3.12/site-packages:/home/mikks/crazyflie_mapping_demo/ros2_ws/install/cooperative_target_centric_formation/lib/python3.12/site-packages:/home/mikks/crazyflie_mapping_demo/ros2_ws/install/containment_using_agent_information/lib/python3.12/site-packages:/home/mikks/crazyflie_mapping_demo/ros2_ws/install/consensus_for_double_integrator/lib/python3.12/site-packages:/home/mikks/crazyflie_mapping_demo/ros2_ws/install/consensus_alignment/lib/python3.12/site-packages:/home/mikks/crazyflie_mapping_demo/ros2_ws/install/binary_consensus/lib/python3.12/site-packages:/home/mikks/crazyflie_mapping_demo/ros2_ws/install/Second_Order_Min_Consensus_for_Heterogeneous_Agents/lib/python3.12/site-packages:/home/mikks/crazyflie_mapping_demo/ros2_ws/install/BinaryContainmentChain/lib/python3.12/site-packages:/opt/ros/jazzy/lib/python3.12/site-packages /usr/bin/cmake --install /home/mikks/ros2_px4_ws/build/example_mode_goto_global_cpp
[3.663s] INFO:colcon.colcon_ros.task.ament_cmake.build:Building ROS package in '/home/mikks/ros2_px4_ws/src/px4-ros2-interface-lib/examples/cpp/modes/rtl_replacement' with build type 'ament_cmake'
[3.665s] INFO:colcon.colcon_cmake.task.cmake.build:Building CMake package in '/home/mikks/ros2_px4_ws/src/px4-ros2-interface-lib/examples/cpp/modes/rtl_replacement'
[3.665s] INFO:colcon.colcon_core.shell:Skip shell extension 'powershell' for command environment: Not usable outside of PowerShell
[3.665s] DEBUG:colcon.colcon_core.shell:Skip shell extension 'dsv' for command environment
[3.689s] DEBUG:colcon.colcon_core.event_handler.log_command:Invoked command in '/home/mikks/ros2_px4_ws/build/example_mode_manual_cpp' returned '0': CMAKE_PREFIX_PATH=/home/mikks/ros2_px4_ws/install/px4_ros2_cpp:/home/mikks/ros2_px4_ws/install/px4_msgs:/home/mikks/ros2_px4_ws/install/px4_ros_com:/home/mikks/ros2_px4_ws/install/px4_ros2_py:/home/mikks/ros2_px4_ws/install/example_rover_velocity_mode_cpp:/home/mikks/ros2_px4_ws/install/example_mode_with_executor_cpp:/home/mikks/ros2_px4_ws/install/example_mode_vtol_cpp:/home/mikks/ros2_px4_ws/install/example_mode_rtl_replacement_cpp:/home/mikks/ros2_px4_ws/install/example_mode_mission_cpp:/home/mikks/ros2_px4_ws/install/example_mode_manual_cpp:/home/mikks/ros2_px4_ws/install/example_mode_goto_global_cpp:/home/mikks/ros2_px4_ws/install/example_mode_goto_cpp:/home/mikks/ros2_px4_ws/install/example_mode_fw_attitude_cpp:/home/mikks/ros2_px4_ws/install/example_local_navigation_cpp:/home/mikks/ros2_px4_ws/install/example_global_navigation_cpp:/home/mikks/ros2_px4_ws/install/example_executor_with_multiple_modes_cpp:/home/mikks/crazyflie_mapping_demo/ros2_ws/install/crazyflie_ros2_multiranger_bringup:/home/mikks/crazyflie_mapping_demo/ros2_ws/install/ros_gz_crazyflie_bringup:/home/mikks/crazyflie_mapping_demo/ros2_ws/install/ros_gz_crazyflie_gazebo:/home/mikks/crazyflie_mapping_demo/ros2_ws/install/crazyflie_sim:/home/mikks/crazyflie_mapping_demo/ros2_ws/install/crazyflie_examples:/home/mikks/crazyflie_mapping_demo/ros2_ws/install/crazyflie:/home/mikks/crazyflie_mapping_demo/ros2_ws/install/crazyflie_interfaces:/opt/ros/jazzy/opt/gz_sim_vendor:/opt/ros/jazzy/opt/gz_sensors_vendor:/opt/ros/jazzy/opt/gz_physics_vendor:/opt/ros/jazzy/opt/sdformat_vendor:/opt/ros/jazzy/opt/gz_gui_vendor:/opt/ros/jazzy/opt/gz_transport_vendor:/opt/ros/jazzy/opt/gz_rendering_vendor:/opt/ros/jazzy/opt/gz_plugin_vendor:/opt/ros/jazzy/opt/gz_fuel_tools_vendor:/opt/ros/jazzy/opt/gz_msgs_vendor:/opt/ros/jazzy/opt/gz_common_vendor:/opt/ros/jazzy/opt/gz_math_vendor:/opt/ros/jazzy/opt/gz_utils_vendor:/opt/ros/jazzy/opt/gz_tools_vendor:/opt/ros/jazzy/opt/gz_ogre_next_vendor:/opt/ros/jazzy/opt/gz_dartsim_vendor:/opt/ros/jazzy/opt/gz_cmake_vendor:/home/mikks/ros2_px4_ws/install/x500_hover_controller:/home/mikks/ros2_px4_ws/install/example_mode_with_rclpy_py:/home/mikks/ros2_px4_ws/install/example_mode_goto_py:/home/mikks/ros2_px4_ws/install/px4_actuator_ctrl:/home/mikks/ros2_ws/install/rover_desc_description:/home/mikks/ros2_ws/install/px4_actuator_ctrl:/home/mikks/ros2_ws/install/mine_rover_description:/home/mikks/ros2_ws/install/ZerionURDFV5cp_description:/home/mikks/crazyflie_mapping_demo/ros2_ws/install/velocity_free_consensus:/home/mikks/crazyflie_mapping_demo/ros2_ws/install/stepwise_lowpos:/home/mikks/crazyflie_mapping_demo/ros2_ws/install/step_wise_lowpos:/home/mikks/crazyflie_mapping_demo/ros2_ws/install/second_order_formation_control:/home/mikks/crazyflie_mapping_demo/ros2_ws/install/ros_gz_crazyflie_control:/home/mikks/crazyflie_mapping_demo/ros2_ws/install/mixed_fractional_consensus:/home/mikks/crazyflie_mapping_demo/ros2_ws/install/lowest_pos:/home/mikks/crazyflie_mapping_demo/ros2_ws/install/linear_consensus:/home/mikks/crazyflie_mapping_demo/ros2_ws/install/highest_pos:/home/mikks/crazyflie_mapping_demo/ros2_ws/install/fractional_consensus_alpha:/home/mikks/crazyflie_mapping_demo/ros2_ws/install/event_triggered_swarm:/home/mikks/crazyflie_mapping_demo/ros2_ws/install/drone_logger:/home/mikks/crazyflie_mapping_demo/ros2_ws/install/distributed_average_tracking:/home/mikks/crazyflie_mapping_demo/ros2_ws/install/crazyflie_swarm_logic:/home/mikks/crazyflie_mapping_demo/ros2_ws/install/crazyflie_ros2_multiranger_wall_following:/home/mikks/crazyflie_mapping_demo/ros2_ws/install/crazyflie_ros2_multiranger_simple_mapper:/home/mikks/crazyflie_mapping_demo/ros2_ws/install/crazyflie_py:/home/mikks/crazyflie_mapping_demo/ros2_ws/install/cooperative_target_centric_formation:/home/mikks/crazyflie_mapping_demo/ros2_ws/install/containment_using_agent_information:/home/mikks/crazyflie_mapping_demo/ros2_ws/install/consensus_for_double_integrator:/home/mikks/crazyflie_mapping_demo/ros2_ws/install/consensus_alignment:/home/mikks/crazyflie_mapping_demo/ros2_ws/install/binary_consensus:/home/mikks/crazyflie_mapping_demo/ros2_ws/install/Second_Order_Min_Consensus_for_Heterogeneous_Agents:/home/mikks/crazyflie_mapping_demo/ros2_ws/install/BinaryContainmentChain:/opt/ros/jazzy DEBUGINFOD_URLS=https://debuginfod.ubuntu.com LD_LIBRARY_PATH=/home/mikks/ros2_px4_ws/install/px4_ros2_cpp/lib:/home/mikks/ros2_px4_ws/install/px4_msgs/lib:/home/mikks/ros2_px4_ws/install/px4_ros_com/lib:/home/mikks/NatNet_SDK_4.3_ubuntu/lib:/home/mikks/crazyflie_mapping_demo/ros2_ws/install/crazyflie_interfaces/lib:/opt/ros/jazzy/opt/gz_sim_vendor/lib:/opt/ros/jazzy/opt/gz_sensors_vendor/lib:/opt/ros/jazzy/opt/gz_physics_vendor/lib:/opt/ros/jazzy/opt/sdformat_vendor/lib:/opt/ros/jazzy/opt/rviz_ogre_vendor/lib:/opt/ros/jazzy/lib/x86_64-linux-gnu:/opt/ros/jazzy/opt/gz_gui_vendor/lib:/opt/ros/jazzy/opt/gz_transport_vendor/lib:/opt/ros/jazzy/opt/gz_rendering_vendor/lib:/opt/ros/jazzy/opt/gz_plugin_vendor/lib:/opt/ros/jazzy/opt/gz_fuel_tools_vendor/lib:/opt/ros/jazzy/opt/gz_msgs_vendor/lib:/opt/ros/jazzy/opt/gz_common_vendor/lib:/opt/ros/jazzy/opt/gz_math_vendor/lib:/opt/ros/jazzy/opt/gz_utils_vendor/lib:/opt/ros/jazzy/opt/gz_tools_vendor/lib:/opt/ros/jazzy/opt/gz_ogre_next_vendor/lib:/opt/ros/jazzy/opt/gz_dartsim_vendor/lib:/opt/ros/jazzy/opt/gz_cmake_vendor/lib:/opt/ros/jazzy/lib PYTHONPATH=/home/mikks/ros2_px4_ws/install/px4_msgs/lib/python3.12/site-packages:/home/mikks/ros2_px4_ws/build/x500_hover_controller:/home/mikks/ros2_px4_ws/install/x500_hover_controller/lib/python3.12/site-packages:/home/mikks/ros2_px4_ws/install/px4_ros_com/lib/python3.12/site-packages:/home/mikks/ros2_px4_ws/build/example_mode_with_rclpy_py:/home/mikks/ros2_px4_ws/install/example_mode_with_rclpy_py/lib/python3.12/site-packages:/home/mikks/ros2_px4_ws/build/example_mode_goto_py:/home/mikks/ros2_px4_ws/install/example_mode_goto_py/lib/python3.12/site-packages:/home/mikks/ros2_px4_ws/install/px4_ros2_py/lib/python3.12/site-packages:/home/mikks/ros2_px4_ws/build/px4_actuator_ctrl:/home/mikks/ros2_px4_ws/install/px4_actuator_ctrl/lib/python3.12/site-packages:/home/mikks/ros2_ws/build/rover_desc_description:/home/mikks/ros2_ws/install/rover_desc_description/lib/python3.12/site-packages:/home/mikks/ros2_ws/install/px4_actuator_ctrl/lib/python3.12/site-packages:/home/mikks/ros2_ws/build/mine_rover_description:/home/mikks/ros2_ws/install/mine_rover_description/lib/python3.12/site-packages:/home/mikks/ros2_ws/build/ZerionURDFV5cp_description:/home/mikks/ros2_ws/install/ZerionURDFV5cp_description/lib/python3.12/site-packages:/home/mikks/crazyflie_mapping_demo/ros2_ws/install/velocity_free_consensus/lib/python3.12/site-packages:/home/mikks/crazyflie_mapping_demo/ros2_ws/install/stepwise_lowpos/lib/python3.12/site-packages:/home/mikks/crazyflie_mapping_demo/ros2_ws/install/step_wise_lowpos/lib/python3.12/site-packages:/home/mikks/crazyflie_mapping_demo/ros2_ws/install/second_order_formation_control/lib/python3.12/site-packages:/home/mikks/crazyflie_mapping_demo/ros2_ws/install/ros_gz_crazyflie_control/lib/python3.12/site-packages:/home/mikks/crazyflie_mapping_demo/ros2_ws/install/mixed_fractional_consensus/lib/python3.12/site-packages:/home/mikks/crazyflie_mapping_demo/ros2_ws/install/lowest_pos/lib/python3.12/site-packages:/home/mikks/crazyflie_mapping_demo/ros2_ws/install/linear_consensus/lib/python3.12/site-packages:/home/mikks/crazyflie_mapping_demo/ros2_ws/install/highest_pos/lib/python3.12/site-packages:/home/mikks/crazyflie_mapping_demo/ros2_ws/install/fractional_consensus_alpha/lib/python3.12/site-packages:/home/mikks/crazyflie_mapping_demo/ros2_ws/install/event_triggered_swarm/lib/python3.12/site-packages:/home/mikks/crazyflie_mapping_demo/ros2_ws/install/drone_logger/lib/python3.12/site-packages:/home/mikks/crazyflie_mapping_demo/ros2_ws/install/distributed_average_tracking/lib/python3.12/site-packages:/home/mikks/crazyflie_mapping_demo/ros2_ws/install/crazyflie_swarm_logic/lib/python3.12/site-packages:/home/mikks/crazyflie_mapping_demo/ros2_ws/install/crazyflie_sim/lib/python3.12/site-packages:/home/mikks/crazyflie_mapping_demo/ros2_ws/install/crazyflie_ros2_multiranger_wall_following/lib/python3.12/site-packages:/home/mikks/crazyflie_mapping_demo/ros2_ws/install/crazyflie_ros2_multiranger_simple_mapper/lib/python3.12/site-packages:/home/mikks/crazyflie_mapping_demo/ros2_ws/install/crazyflie_examples/lib/python3.12/site-packages:/home/mikks/crazyflie_mapping_demo/ros2_ws/install/crazyflie_py/lib/python3.12/site-packages:/home/mikks/crazyflie_mapping_demo/ros2_ws/install/crazyflie_interfaces/lib/python3.12/site-packages:/home/mikks/crazyflie_mapping_demo/ros2_ws/install/cooperative_target_centric_formation/lib/python3.12/site-packages:/home/mikks/crazyflie_mapping_demo/ros2_ws/install/containment_using_agent_information/lib/python3.12/site-packages:/home/mikks/crazyflie_mapping_demo/ros2_ws/install/consensus_for_double_integrator/lib/python3.12/site-packages:/home/mikks/crazyflie_mapping_demo/ros2_ws/install/consensus_alignment/lib/python3.12/site-packages:/home/mikks/crazyflie_mapping_demo/ros2_ws/install/binary_consensus/lib/python3.12/site-packages:/home/mikks/crazyflie_mapping_demo/ros2_ws/install/Second_Order_Min_Consensus_for_Heterogeneous_Agents/lib/python3.12/site-packages:/home/mikks/crazyflie_mapping_demo/ros2_ws/install/BinaryContainmentChain/lib/python3.12/site-packages:/opt/ros/jazzy/lib/python3.12/site-packages /usr/bin/cmake --build /home/mikks/ros2_px4_ws/build/example_mode_manual_cpp -- -j12 -l12
[3.689s] Level 1:colcon.colcon_core.environment:create_environment_scripts_only(example_global_navigation_cpp)
[3.690s] Level 1:colcon.colcon_core.environment:checking '/home/mikks/ros2_px4_ws/install/example_global_navigation_cpp' for CMake module files
[3.690s] DEBUG:colcon.colcon_core.event_handler.log_command:Invoking command in '/home/mikks/ros2_px4_ws/build/example_mode_manual_cpp': CMAKE_PREFIX_PATH=/home/mikks/ros2_px4_ws/install/px4_ros2_cpp:/home/mikks/ros2_px4_ws/install/px4_msgs:/home/mikks/ros2_px4_ws/install/px4_ros_com:/home/mikks/ros2_px4_ws/install/px4_ros2_py:/home/mikks/ros2_px4_ws/install/example_rover_velocity_mode_cpp:/home/mikks/ros2_px4_ws/install/example_mode_with_executor_cpp:/home/mikks/ros2_px4_ws/install/example_mode_vtol_cpp:/home/mikks/ros2_px4_ws/install/example_mode_rtl_replacement_cpp:/home/mikks/ros2_px4_ws/install/example_mode_mission_cpp:/home/mikks/ros2_px4_ws/install/example_mode_manual_cpp:/home/mikks/ros2_px4_ws/install/example_mode_goto_global_cpp:/home/mikks/ros2_px4_ws/install/example_mode_goto_cpp:/home/mikks/ros2_px4_ws/install/example_mode_fw_attitude_cpp:/home/mikks/ros2_px4_ws/install/example_local_navigation_cpp:/home/mikks/ros2_px4_ws/install/example_global_navigation_cpp:/home/mikks/ros2_px4_ws/install/example_executor_with_multiple_modes_cpp:/home/mikks/crazyflie_mapping_demo/ros2_ws/install/crazyflie_ros2_multiranger_bringup:/home/mikks/crazyflie_mapping_demo/ros2_ws/install/ros_gz_crazyflie_bringup:/home/mikks/crazyflie_mapping_demo/ros2_ws/install/ros_gz_crazyflie_gazebo:/home/mikks/crazyflie_mapping_demo/ros2_ws/install/crazyflie_sim:/home/mikks/crazyflie_mapping_demo/ros2_ws/install/crazyflie_examples:/home/mikks/crazyflie_mapping_demo/ros2_ws/install/crazyflie:/home/mikks/crazyflie_mapping_demo/ros2_ws/install/crazyflie_interfaces:/opt/ros/jazzy/opt/gz_sim_vendor:/opt/ros/jazzy/opt/gz_sensors_vendor:/opt/ros/jazzy/opt/gz_physics_vendor:/opt/ros/jazzy/opt/sdformat_vendor:/opt/ros/jazzy/opt/gz_gui_vendor:/opt/ros/jazzy/opt/gz_transport_vendor:/opt/ros/jazzy/opt/gz_rendering_vendor:/opt/ros/jazzy/opt/gz_plugin_vendor:/opt/ros/jazzy/opt/gz_fuel_tools_vendor:/opt/ros/jazzy/opt/gz_msgs_vendor:/opt/ros/jazzy/opt/gz_common_vendor:/opt/ros/jazzy/opt/gz_math_vendor:/opt/ros/jazzy/opt/gz_utils_vendor:/opt/ros/jazzy/opt/gz_tools_vendor:/opt/ros/jazzy/opt/gz_ogre_next_vendor:/opt/ros/jazzy/opt/gz_dartsim_vendor:/opt/ros/jazzy/opt/gz_cmake_vendor:/home/mikks/ros2_px4_ws/install/x500_hover_controller:/home/mikks/ros2_px4_ws/install/example_mode_with_rclpy_py:/home/mikks/ros2_px4_ws/install/example_mode_goto_py:/home/mikks/ros2_px4_ws/install/px4_actuator_ctrl:/home/mikks/ros2_ws/install/rover_desc_description:/home/mikks/ros2_ws/install/px4_actuator_ctrl:/home/mikks/ros2_ws/install/mine_rover_description:/home/mikks/ros2_ws/install/ZerionURDFV5cp_description:/home/mikks/crazyflie_mapping_demo/ros2_ws/install/velocity_free_consensus:/home/mikks/crazyflie_mapping_demo/ros2_ws/install/stepwise_lowpos:/home/mikks/crazyflie_mapping_demo/ros2_ws/install/step_wise_lowpos:/home/mikks/crazyflie_mapping_demo/ros2_ws/install/second_order_formation_control:/home/mikks/crazyflie_mapping_demo/ros2_ws/install/ros_gz_crazyflie_control:/home/mikks/crazyflie_mapping_demo/ros2_ws/install/mixed_fractional_consensus:/home/mikks/crazyflie_mapping_demo/ros2_ws/install/lowest_pos:/home/mikks/crazyflie_mapping_demo/ros2_ws/install/linear_consensus:/home/mikks/crazyflie_mapping_demo/ros2_ws/install/highest_pos:/home/mikks/crazyflie_mapping_demo/ros2_ws/install/fractional_consensus_alpha:/home/mikks/crazyflie_mapping_demo/ros2_ws/install/event_triggered_swarm:/home/mikks/crazyflie_mapping_demo/ros2_ws/install/drone_logger:/home/mikks/crazyflie_mapping_demo/ros2_ws/install/distributed_average_tracking:/home/mikks/crazyflie_mapping_demo/ros2_ws/install/crazyflie_swarm_logic:/home/mikks/crazyflie_mapping_demo/ros2_ws/install/crazyflie_ros2_multiranger_wall_following:/home/mikks/crazyflie_mapping_demo/ros2_ws/install/crazyflie_ros2_multiranger_simple_mapper:/home/mikks/crazyflie_mapping_demo/ros2_ws/install/crazyflie_py:/home/mikks/crazyflie_mapping_demo/ros2_ws/install/cooperative_target_centric_formation:/home/mikks/crazyflie_mapping_demo/ros2_ws/install/containment_using_agent_information:/home/mikks/crazyflie_mapping_demo/ros2_ws/install/consensus_for_double_integrator:/home/mikks/crazyflie_mapping_demo/ros2_ws/install/consensus_alignment:/home/mikks/crazyflie_mapping_demo/ros2_ws/install/binary_consensus:/home/mikks/crazyflie_mapping_demo/ros2_ws/install/Second_Order_Min_Consensus_for_Heterogeneous_Agents:/home/mikks/crazyflie_mapping_demo/ros2_ws/install/BinaryContainmentChain:/opt/ros/jazzy DEBUGINFOD_URLS=https://debuginfod.ubuntu.com LD_LIBRARY_PATH=/home/mikks/ros2_px4_ws/install/px4_ros2_cpp/lib:/home/mikks/ros2_px4_ws/install/px4_msgs/lib:/home/mikks/ros2_px4_ws/install/px4_ros_com/lib:/home/mikks/NatNet_SDK_4.3_ubuntu/lib:/home/mikks/crazyflie_mapping_demo/ros2_ws/install/crazyflie_interfaces/lib:/opt/ros/jazzy/opt/gz_sim_vendor/lib:/opt/ros/jazzy/opt/gz_sensors_vendor/lib:/opt/ros/jazzy/opt/gz_physics_vendor/lib:/opt/ros/jazzy/opt/sdformat_vendor/lib:/opt/ros/jazzy/opt/rviz_ogre_vendor/lib:/opt/ros/jazzy/lib/x86_64-linux-gnu:/opt/ros/jazzy/opt/gz_gui_vendor/lib:/opt/ros/jazzy/opt/gz_transport_vendor/lib:/opt/ros/jazzy/opt/gz_rendering_vendor/lib:/opt/ros/jazzy/opt/gz_plugin_vendor/lib:/opt/ros/jazzy/opt/gz_fuel_tools_vendor/lib:/opt/ros/jazzy/opt/gz_msgs_vendor/lib:/opt/ros/jazzy/opt/gz_common_vendor/lib:/opt/ros/jazzy/opt/gz_math_vendor/lib:/opt/ros/jazzy/opt/gz_utils_vendor/lib:/opt/ros/jazzy/opt/gz_tools_vendor/lib:/opt/ros/jazzy/opt/gz_ogre_next_vendor/lib:/opt/ros/jazzy/opt/gz_dartsim_vendor/lib:/opt/ros/jazzy/opt/gz_cmake_vendor/lib:/opt/ros/jazzy/lib PYTHONPATH=/home/mikks/ros2_px4_ws/install/px4_msgs/lib/python3.12/site-packages:/home/mikks/ros2_px4_ws/build/x500_hover_controller:/home/mikks/ros2_px4_ws/install/x500_hover_controller/lib/python3.12/site-packages:/home/mikks/ros2_px4_ws/install/px4_ros_com/lib/python3.12/site-packages:/home/mikks/ros2_px4_ws/build/example_mode_with_rclpy_py:/home/mikks/ros2_px4_ws/install/example_mode_with_rclpy_py/lib/python3.12/site-packages:/home/mikks/ros2_px4_ws/build/example_mode_goto_py:/home/mikks/ros2_px4_ws/install/example_mode_goto_py/lib/python3.12/site-packages:/home/mikks/ros2_px4_ws/install/px4_ros2_py/lib/python3.12/site-packages:/home/mikks/ros2_px4_ws/build/px4_actuator_ctrl:/home/mikks/ros2_px4_ws/install/px4_actuator_ctrl/lib/python3.12/site-packages:/home/mikks/ros2_ws/build/rover_desc_description:/home/mikks/ros2_ws/install/rover_desc_description/lib/python3.12/site-packages:/home/mikks/ros2_ws/install/px4_actuator_ctrl/lib/python3.12/site-packages:/home/mikks/ros2_ws/build/mine_rover_description:/home/mikks/ros2_ws/install/mine_rover_description/lib/python3.12/site-packages:/home/mikks/ros2_ws/build/ZerionURDFV5cp_description:/home/mikks/ros2_ws/install/ZerionURDFV5cp_description/lib/python3.12/site-packages:/home/mikks/crazyflie_mapping_demo/ros2_ws/install/velocity_free_consensus/lib/python3.12/site-packages:/home/mikks/crazyflie_mapping_demo/ros2_ws/install/stepwise_lowpos/lib/python3.12/site-packages:/home/mikks/crazyflie_mapping_demo/ros2_ws/install/step_wise_lowpos/lib/python3.12/site-packages:/home/mikks/crazyflie_mapping_demo/ros2_ws/install/second_order_formation_control/lib/python3.12/site-packages:/home/mikks/crazyflie_mapping_demo/ros2_ws/install/ros_gz_crazyflie_control/lib/python3.12/site-packages:/home/mikks/crazyflie_mapping_demo/ros2_ws/install/mixed_fractional_consensus/lib/python3.12/site-packages:/home/mikks/crazyflie_mapping_demo/ros2_ws/install/lowest_pos/lib/python3.12/site-packages:/home/mikks/crazyflie_mapping_demo/ros2_ws/install/linear_consensus/lib/python3.12/site-packages:/home/mikks/crazyflie_mapping_demo/ros2_ws/install/highest_pos/lib/python3.12/site-packages:/home/mikks/crazyflie_mapping_demo/ros2_ws/install/fractional_consensus_alpha/lib/python3.12/site-packages:/home/mikks/crazyflie_mapping_demo/ros2_ws/install/event_triggered_swarm/lib/python3.12/site-packages:/home/mikks/crazyflie_mapping_demo/ros2_ws/install/drone_logger/lib/python3.12/site-packages:/home/mikks/crazyflie_mapping_demo/ros2_ws/install/distributed_average_tracking/lib/python3.12/site-packages:/home/mikks/crazyflie_mapping_demo/ros2_ws/install/crazyflie_swarm_logic/lib/python3.12/site-packages:/home/mikks/crazyflie_mapping_demo/ros2_ws/install/crazyflie_sim/lib/python3.12/site-packages:/home/mikks/crazyflie_mapping_demo/ros2_ws/install/crazyflie_ros2_multiranger_wall_following/lib/python3.12/site-packages:/home/mikks/crazyflie_mapping_demo/ros2_ws/install/crazyflie_ros2_multiranger_simple_mapper/lib/python3.12/site-packages:/home/mikks/crazyflie_mapping_demo/ros2_ws/install/crazyflie_examples/lib/python3.12/site-packages:/home/mikks/crazyflie_mapping_demo/ros2_ws/install/crazyflie_py/lib/python3.12/site-packages:/home/mikks/crazyflie_mapping_demo/ros2_ws/install/crazyflie_interfaces/lib/python3.12/site-packages:/home/mikks/crazyflie_mapping_demo/ros2_ws/install/cooperative_target_centric_formation/lib/python3.12/site-packages:/home/mikks/crazyflie_mapping_demo/ros2_ws/install/containment_using_agent_information/lib/python3.12/site-packages:/home/mikks/crazyflie_mapping_demo/ros2_ws/install/consensus_for_double_integrator/lib/python3.12/site-packages:/home/mikks/crazyflie_mapping_demo/ros2_ws/install/consensus_alignment/lib/python3.12/site-packages:/home/mikks/crazyflie_mapping_demo/ros2_ws/install/binary_consensus/lib/python3.12/site-packages:/home/mikks/crazyflie_mapping_demo/ros2_ws/install/Second_Order_Min_Consensus_for_Heterogeneous_Agents/lib/python3.12/site-packages:/home/mikks/crazyflie_mapping_demo/ros2_ws/install/BinaryContainmentChain/lib/python3.12/site-packages:/opt/ros/jazzy/lib/python3.12/site-packages /usr/bin/cmake --install /home/mikks/ros2_px4_ws/build/example_mode_manual_cpp
[3.691s] DEBUG:colcon.colcon_core.event_handler.log_command:Invoked command in '/home/mikks/ros2_px4_ws/build/px4_ros_com' returned '0': CMAKE_PREFIX_PATH=/home/mikks/ros2_px4_ws/install/px4_msgs:/home/mikks/ros2_px4_ws/install/px4_ros_com:/home/mikks/ros2_px4_ws/install/px4_ros2_py:/home/mikks/ros2_px4_ws/install/example_rover_velocity_mode_cpp:/home/mikks/ros2_px4_ws/install/example_mode_with_executor_cpp:/home/mikks/ros2_px4_ws/install/example_mode_vtol_cpp:/home/mikks/ros2_px4_ws/install/example_mode_rtl_replacement_cpp:/home/mikks/ros2_px4_ws/install/example_mode_mission_cpp:/home/mikks/ros2_px4_ws/install/example_mode_manual_cpp:/home/mikks/ros2_px4_ws/install/example_mode_goto_global_cpp:/home/mikks/ros2_px4_ws/install/example_mode_goto_cpp:/home/mikks/ros2_px4_ws/install/example_mode_fw_attitude_cpp:/home/mikks/ros2_px4_ws/install/example_local_navigation_cpp:/home/mikks/ros2_px4_ws/install/example_global_navigation_cpp:/home/mikks/ros2_px4_ws/install/example_executor_with_multiple_modes_cpp:/home/mikks/ros2_px4_ws/install/px4_ros2_cpp:/home/mikks/crazyflie_mapping_demo/ros2_ws/install/crazyflie_ros2_multiranger_bringup:/home/mikks/crazyflie_mapping_demo/ros2_ws/install/ros_gz_crazyflie_bringup:/home/mikks/crazyflie_mapping_demo/ros2_ws/install/ros_gz_crazyflie_gazebo:/home/mikks/crazyflie_mapping_demo/ros2_ws/install/crazyflie_sim:/home/mikks/crazyflie_mapping_demo/ros2_ws/install/crazyflie_examples:/home/mikks/crazyflie_mapping_demo/ros2_ws/install/crazyflie:/home/mikks/crazyflie_mapping_demo/ros2_ws/install/crazyflie_interfaces:/opt/ros/jazzy/opt/gz_sim_vendor:/opt/ros/jazzy/opt/gz_sensors_vendor:/opt/ros/jazzy/opt/gz_physics_vendor:/opt/ros/jazzy/opt/sdformat_vendor:/opt/ros/jazzy/opt/gz_gui_vendor:/opt/ros/jazzy/opt/gz_transport_vendor:/opt/ros/jazzy/opt/gz_rendering_vendor:/opt/ros/jazzy/opt/gz_plugin_vendor:/opt/ros/jazzy/opt/gz_fuel_tools_vendor:/opt/ros/jazzy/opt/gz_msgs_vendor:/opt/ros/jazzy/opt/gz_common_vendor:/opt/ros/jazzy/opt/gz_math_vendor:/opt/ros/jazzy/opt/gz_utils_vendor:/opt/ros/jazzy/opt/gz_tools_vendor:/opt/ros/jazzy/opt/gz_ogre_next_vendor:/opt/ros/jazzy/opt/gz_dartsim_vendor:/opt/ros/jazzy/opt/gz_cmake_vendor:/home/mikks/ros2_px4_ws/install/x500_hover_controller:/home/mikks/ros2_px4_ws/install/example_mode_with_rclpy_py:/home/mikks/ros2_px4_ws/install/example_mode_goto_py:/home/mikks/ros2_px4_ws/install/px4_actuator_ctrl:/home/mikks/ros2_ws/install/rover_desc_description:/home/mikks/ros2_ws/install/px4_actuator_ctrl:/home/mikks/ros2_ws/install/mine_rover_description:/home/mikks/ros2_ws/install/ZerionURDFV5cp_description:/home/mikks/crazyflie_mapping_demo/ros2_ws/install/velocity_free_consensus:/home/mikks/crazyflie_mapping_demo/ros2_ws/install/stepwise_lowpos:/home/mikks/crazyflie_mapping_demo/ros2_ws/install/step_wise_lowpos:/home/mikks/crazyflie_mapping_demo/ros2_ws/install/second_order_formation_control:/home/mikks/crazyflie_mapping_demo/ros2_ws/install/ros_gz_crazyflie_control:/home/mikks/crazyflie_mapping_demo/ros2_ws/install/mixed_fractional_consensus:/home/mikks/crazyflie_mapping_demo/ros2_ws/install/lowest_pos:/home/mikks/crazyflie_mapping_demo/ros2_ws/install/linear_consensus:/home/mikks/crazyflie_mapping_demo/ros2_ws/install/highest_pos:/home/mikks/crazyflie_mapping_demo/ros2_ws/install/fractional_consensus_alpha:/home/mikks/crazyflie_mapping_demo/ros2_ws/install/event_triggered_swarm:/home/mikks/crazyflie_mapping_demo/ros2_ws/install/drone_logger:/home/mikks/crazyflie_mapping_demo/ros2_ws/install/distributed_average_tracking:/home/mikks/crazyflie_mapping_demo/ros2_ws/install/crazyflie_swarm_logic:/home/mikks/crazyflie_mapping_demo/ros2_ws/install/crazyflie_ros2_multiranger_wall_following:/home/mikks/crazyflie_mapping_demo/ros2_ws/install/crazyflie_ros2_multiranger_simple_mapper:/home/mikks/crazyflie_mapping_demo/ros2_ws/install/crazyflie_py:/home/mikks/crazyflie_mapping_demo/ros2_ws/install/cooperative_target_centric_formation:/home/mikks/crazyflie_mapping_demo/ros2_ws/install/containment_using_agent_information:/home/mikks/crazyflie_mapping_demo/ros2_ws/install/consensus_for_double_integrator:/home/mikks/crazyflie_mapping_demo/ros2_ws/install/consensus_alignment:/home/mikks/crazyflie_mapping_demo/ros2_ws/install/binary_consensus:/home/mikks/crazyflie_mapping_demo/ros2_ws/install/Second_Order_Min_Consensus_for_Heterogeneous_Agents:/home/mikks/crazyflie_mapping_demo/ros2_ws/install/BinaryContainmentChain:/opt/ros/jazzy DEBUGINFOD_URLS=https://debuginfod.ubuntu.com LD_LIBRARY_PATH=/home/mikks/ros2_px4_ws/install/px4_msgs/lib:/home/mikks/ros2_px4_ws/install/px4_ros_com/lib:/home/mikks/ros2_px4_ws/install/px4_ros2_cpp/lib:/home/mikks/NatNet_SDK_4.3_ubuntu/lib:/home/mikks/crazyflie_mapping_demo/ros2_ws/install/crazyflie_interfaces/lib:/opt/ros/jazzy/opt/gz_sim_vendor/lib:/opt/ros/jazzy/opt/gz_sensors_vendor/lib:/opt/ros/jazzy/opt/gz_physics_vendor/lib:/opt/ros/jazzy/opt/sdformat_vendor/lib:/opt/ros/jazzy/opt/rviz_ogre_vendor/lib:/opt/ros/jazzy/lib/x86_64-linux-gnu:/opt/ros/jazzy/opt/gz_gui_vendor/lib:/opt/ros/jazzy/opt/gz_transport_vendor/lib:/opt/ros/jazzy/opt/gz_rendering_vendor/lib:/opt/ros/jazzy/opt/gz_plugin_vendor/lib:/opt/ros/jazzy/opt/gz_fuel_tools_vendor/lib:/opt/ros/jazzy/opt/gz_msgs_vendor/lib:/opt/ros/jazzy/opt/gz_common_vendor/lib:/opt/ros/jazzy/opt/gz_math_vendor/lib:/opt/ros/jazzy/opt/gz_utils_vendor/lib:/opt/ros/jazzy/opt/gz_tools_vendor/lib:/opt/ros/jazzy/opt/gz_ogre_next_vendor/lib:/opt/ros/jazzy/opt/gz_dartsim_vendor/lib:/opt/ros/jazzy/opt/gz_cmake_vendor/lib:/opt/ros/jazzy/lib PYTHONPATH=/home/mikks/ros2_px4_ws/install/px4_msgs/lib/python3.12/site-packages:/home/mikks/ros2_px4_ws/build/x500_hover_controller:/home/mikks/ros2_px4_ws/install/x500_hover_controller/lib/python3.12/site-packages:/home/mikks/ros2_px4_ws/install/px4_ros_com/lib/python3.12/site-packages:/home/mikks/ros2_px4_ws/build/example_mode_with_rclpy_py:/home/mikks/ros2_px4_ws/install/example_mode_with_rclpy_py/lib/python3.12/site-packages:/home/mikks/ros2_px4_ws/build/example_mode_goto_py:/home/mikks/ros2_px4_ws/install/example_mode_goto_py/lib/python3.12/site-packages:/home/mikks/ros2_px4_ws/install/px4_ros2_py/lib/python3.12/site-packages:/home/mikks/ros2_px4_ws/build/px4_actuator_ctrl:/home/mikks/ros2_px4_ws/install/px4_actuator_ctrl/lib/python3.12/site-packages:/home/mikks/ros2_ws/build/rover_desc_description:/home/mikks/ros2_ws/install/rover_desc_description/lib/python3.12/site-packages:/home/mikks/ros2_ws/install/px4_actuator_ctrl/lib/python3.12/site-packages:/home/mikks/ros2_ws/build/mine_rover_description:/home/mikks/ros2_ws/install/mine_rover_description/lib/python3.12/site-packages:/home/mikks/ros2_ws/build/ZerionURDFV5cp_description:/home/mikks/ros2_ws/install/ZerionURDFV5cp_description/lib/python3.12/site-packages:/home/mikks/crazyflie_mapping_demo/ros2_ws/install/velocity_free_consensus/lib/python3.12/site-packages:/home/mikks/crazyflie_mapping_demo/ros2_ws/install/stepwise_lowpos/lib/python3.12/site-packages:/home/mikks/crazyflie_mapping_demo/ros2_ws/install/step_wise_lowpos/lib/python3.12/site-packages:/home/mikks/crazyflie_mapping_demo/ros2_ws/install/second_order_formation_control/lib/python3.12/site-packages:/home/mikks/crazyflie_mapping_demo/ros2_ws/install/ros_gz_crazyflie_control/lib/python3.12/site-packages:/home/mikks/crazyflie_mapping_demo/ros2_ws/install/mixed_fractional_consensus/lib/python3.12/site-packages:/home/mikks/crazyflie_mapping_demo/ros2_ws/install/lowest_pos/lib/python3.12/site-packages:/home/mikks/crazyflie_mapping_demo/ros2_ws/install/linear_consensus/lib/python3.12/site-packages:/home/mikks/crazyflie_mapping_demo/ros2_ws/install/highest_pos/lib/python3.12/site-packages:/home/mikks/crazyflie_mapping_demo/ros2_ws/install/fractional_consensus_alpha/lib/python3.12/site-packages:/home/mikks/crazyflie_mapping_demo/ros2_ws/install/event_triggered_swarm/lib/python3.12/site-packages:/home/mikks/crazyflie_mapping_demo/ros2_ws/install/drone_logger/lib/python3.12/site-packages:/home/mikks/crazyflie_mapping_demo/ros2_ws/install/distributed_average_tracking/lib/python3.12/site-packages:/home/mikks/crazyflie_mapping_demo/ros2_ws/install/crazyflie_swarm_logic/lib/python3.12/site-packages:/home/mikks/crazyflie_mapping_demo/ros2_ws/install/crazyflie_sim/lib/python3.12/site-packages:/home/mikks/crazyflie_mapping_demo/ros2_ws/install/crazyflie_ros2_multiranger_wall_following/lib/python3.12/site-packages:/home/mikks/crazyflie_mapping_demo/ros2_ws/install/crazyflie_ros2_multiranger_simple_mapper/lib/python3.12/site-packages:/home/mikks/crazyflie_mapping_demo/ros2_ws/install/crazyflie_examples/lib/python3.12/site-packages:/home/mikks/crazyflie_mapping_demo/ros2_ws/install/crazyflie_py/lib/python3.12/site-packages:/home/mikks/crazyflie_mapping_demo/ros2_ws/install/crazyflie_interfaces/lib/python3.12/site-packages:/home/mikks/crazyflie_mapping_demo/ros2_ws/install/cooperative_target_centric_formation/lib/python3.12/site-packages:/home/mikks/crazyflie_mapping_demo/ros2_ws/install/containment_using_agent_information/lib/python3.12/site-packages:/home/mikks/crazyflie_mapping_demo/ros2_ws/install/consensus_for_double_integrator/lib/python3.12/site-packages:/home/mikks/crazyflie_mapping_demo/ros2_ws/install/consensus_alignment/lib/python3.12/site-packages:/home/mikks/crazyflie_mapping_demo/ros2_ws/install/binary_consensus/lib/python3.12/site-packages:/home/mikks/crazyflie_mapping_demo/ros2_ws/install/Second_Order_Min_Consensus_for_Heterogeneous_Agents/lib/python3.12/site-packages:/home/mikks/crazyflie_mapping_demo/ros2_ws/install/BinaryContainmentChain/lib/python3.12/site-packages:/opt/ros/jazzy/lib/python3.12/site-packages /usr/bin/cmake --build /home/mikks/ros2_px4_ws/build/px4_ros_com -- -j12 -l12
[3.691s] DEBUG:colcon.colcon_core.event_handler.log_command:Invoking command in '/home/mikks/ros2_px4_ws/build/px4_ros_com': CMAKE_PREFIX_PATH=/home/mikks/ros2_px4_ws/install/px4_msgs:/home/mikks/ros2_px4_ws/install/px4_ros_com:/home/mikks/ros2_px4_ws/install/px4_ros2_py:/home/mikks/ros2_px4_ws/install/example_rover_velocity_mode_cpp:/home/mikks/ros2_px4_ws/install/example_mode_with_executor_cpp:/home/mikks/ros2_px4_ws/install/example_mode_vtol_cpp:/home/mikks/ros2_px4_ws/install/example_mode_rtl_replacement_cpp:/home/mikks/ros2_px4_ws/install/example_mode_mission_cpp:/home/mikks/ros2_px4_ws/install/example_mode_manual_cpp:/home/mikks/ros2_px4_ws/install/example_mode_goto_global_cpp:/home/mikks/ros2_px4_ws/install/example_mode_goto_cpp:/home/mikks/ros2_px4_ws/install/example_mode_fw_attitude_cpp:/home/mikks/ros2_px4_ws/install/example_local_navigation_cpp:/home/mikks/ros2_px4_ws/install/example_global_navigation_cpp:/home/mikks/ros2_px4_ws/install/example_executor_with_multiple_modes_cpp:/home/mikks/ros2_px4_ws/install/px4_ros2_cpp:/home/mikks/crazyflie_mapping_demo/ros2_ws/install/crazyflie_ros2_multiranger_bringup:/home/mikks/crazyflie_mapping_demo/ros2_ws/install/ros_gz_crazyflie_bringup:/home/mikks/crazyflie_mapping_demo/ros2_ws/install/ros_gz_crazyflie_gazebo:/home/mikks/crazyflie_mapping_demo/ros2_ws/install/crazyflie_sim:/home/mikks/crazyflie_mapping_demo/ros2_ws/install/crazyflie_examples:/home/mikks/crazyflie_mapping_demo/ros2_ws/install/crazyflie:/home/mikks/crazyflie_mapping_demo/ros2_ws/install/crazyflie_interfaces:/opt/ros/jazzy/opt/gz_sim_vendor:/opt/ros/jazzy/opt/gz_sensors_vendor:/opt/ros/jazzy/opt/gz_physics_vendor:/opt/ros/jazzy/opt/sdformat_vendor:/opt/ros/jazzy/opt/gz_gui_vendor:/opt/ros/jazzy/opt/gz_transport_vendor:/opt/ros/jazzy/opt/gz_rendering_vendor:/opt/ros/jazzy/opt/gz_plugin_vendor:/opt/ros/jazzy/opt/gz_fuel_tools_vendor:/opt/ros/jazzy/opt/gz_msgs_vendor:/opt/ros/jazzy/opt/gz_common_vendor:/opt/ros/jazzy/opt/gz_math_vendor:/opt/ros/jazzy/opt/gz_utils_vendor:/opt/ros/jazzy/opt/gz_tools_vendor:/opt/ros/jazzy/opt/gz_ogre_next_vendor:/opt/ros/jazzy/opt/gz_dartsim_vendor:/opt/ros/jazzy/opt/gz_cmake_vendor:/home/mikks/ros2_px4_ws/install/x500_hover_controller:/home/mikks/ros2_px4_ws/install/example_mode_with_rclpy_py:/home/mikks/ros2_px4_ws/install/example_mode_goto_py:/home/mikks/ros2_px4_ws/install/px4_actuator_ctrl:/home/mikks/ros2_ws/install/rover_desc_description:/home/mikks/ros2_ws/install/px4_actuator_ctrl:/home/mikks/ros2_ws/install/mine_rover_description:/home/mikks/ros2_ws/install/ZerionURDFV5cp_description:/home/mikks/crazyflie_mapping_demo/ros2_ws/install/velocity_free_consensus:/home/mikks/crazyflie_mapping_demo/ros2_ws/install/stepwise_lowpos:/home/mikks/crazyflie_mapping_demo/ros2_ws/install/step_wise_lowpos:/home/mikks/crazyflie_mapping_demo/ros2_ws/install/second_order_formation_control:/home/mikks/crazyflie_mapping_demo/ros2_ws/install/ros_gz_crazyflie_control:/home/mikks/crazyflie_mapping_demo/ros2_ws/install/mixed_fractional_consensus:/home/mikks/crazyflie_mapping_demo/ros2_ws/install/lowest_pos:/home/mikks/crazyflie_mapping_demo/ros2_ws/install/linear_consensus:/home/mikks/crazyflie_mapping_demo/ros2_ws/install/highest_pos:/home/mikks/crazyflie_mapping_demo/ros2_ws/install/fractional_consensus_alpha:/home/mikks/crazyflie_mapping_demo/ros2_ws/install/event_triggered_swarm:/home/mikks/crazyflie_mapping_demo/ros2_ws/install/drone_logger:/home/mikks/crazyflie_mapping_demo/ros2_ws/install/distributed_average_tracking:/home/mikks/crazyflie_mapping_demo/ros2_ws/install/crazyflie_swarm_logic:/home/mikks/crazyflie_mapping_demo/ros2_ws/install/crazyflie_ros2_multiranger_wall_following:/home/mikks/crazyflie_mapping_demo/ros2_ws/install/crazyflie_ros2_multiranger_simple_mapper:/home/mikks/crazyflie_mapping_demo/ros2_ws/install/crazyflie_py:/home/mikks/crazyflie_mapping_demo/ros2_ws/install/cooperative_target_centric_formation:/home/mikks/crazyflie_mapping_demo/ros2_ws/install/containment_using_agent_information:/home/mikks/crazyflie_mapping_demo/ros2_ws/install/consensus_for_double_integrator:/home/mikks/crazyflie_mapping_demo/ros2_ws/install/consensus_alignment:/home/mikks/crazyflie_mapping_demo/ros2_ws/install/binary_consensus:/home/mikks/crazyflie_mapping_demo/ros2_ws/install/Second_Order_Min_Consensus_for_Heterogeneous_Agents:/home/mikks/crazyflie_mapping_demo/ros2_ws/install/BinaryContainmentChain:/opt/ros/jazzy DEBUGINFOD_URLS=https://debuginfod.ubuntu.com LD_LIBRARY_PATH=/home/mikks/ros2_px4_ws/install/px4_msgs/lib:/home/mikks/ros2_px4_ws/install/px4_ros_com/lib:/home/mikks/ros2_px4_ws/install/px4_ros2_cpp/lib:/home/mikks/NatNet_SDK_4.3_ubuntu/lib:/home/mikks/crazyflie_mapping_demo/ros2_ws/install/crazyflie_interfaces/lib:/opt/ros/jazzy/opt/gz_sim_vendor/lib:/opt/ros/jazzy/opt/gz_sensors_vendor/lib:/opt/ros/jazzy/opt/gz_physics_vendor/lib:/opt/ros/jazzy/opt/sdformat_vendor/lib:/opt/ros/jazzy/opt/rviz_ogre_vendor/lib:/opt/ros/jazzy/lib/x86_64-linux-gnu:/opt/ros/jazzy/opt/gz_gui_vendor/lib:/opt/ros/jazzy/opt/gz_transport_vendor/lib:/opt/ros/jazzy/opt/gz_rendering_vendor/lib:/opt/ros/jazzy/opt/gz_plugin_vendor/lib:/opt/ros/jazzy/opt/gz_fuel_tools_vendor/lib:/opt/ros/jazzy/opt/gz_msgs_vendor/lib:/opt/ros/jazzy/opt/gz_common_vendor/lib:/opt/ros/jazzy/opt/gz_math_vendor/lib:/opt/ros/jazzy/opt/gz_utils_vendor/lib:/opt/ros/jazzy/opt/gz_tools_vendor/lib:/opt/ros/jazzy/opt/gz_ogre_next_vendor/lib:/opt/ros/jazzy/opt/gz_dartsim_vendor/lib:/opt/ros/jazzy/opt/gz_cmake_vendor/lib:/opt/ros/jazzy/lib PYTHONPATH=/home/mikks/ros2_px4_ws/install/px4_msgs/lib/python3.12/site-packages:/home/mikks/ros2_px4_ws/build/x500_hover_controller:/home/mikks/ros2_px4_ws/install/x500_hover_controller/lib/python3.12/site-packages:/home/mikks/ros2_px4_ws/install/px4_ros_com/lib/python3.12/site-packages:/home/mikks/ros2_px4_ws/build/example_mode_with_rclpy_py:/home/mikks/ros2_px4_ws/install/example_mode_with_rclpy_py/lib/python3.12/site-packages:/home/mikks/ros2_px4_ws/build/example_mode_goto_py:/home/mikks/ros2_px4_ws/install/example_mode_goto_py/lib/python3.12/site-packages:/home/mikks/ros2_px4_ws/install/px4_ros2_py/lib/python3.12/site-packages:/home/mikks/ros2_px4_ws/build/px4_actuator_ctrl:/home/mikks/ros2_px4_ws/install/px4_actuator_ctrl/lib/python3.12/site-packages:/home/mikks/ros2_ws/build/rover_desc_description:/home/mikks/ros2_ws/install/rover_desc_description/lib/python3.12/site-packages:/home/mikks/ros2_ws/install/px4_actuator_ctrl/lib/python3.12/site-packages:/home/mikks/ros2_ws/build/mine_rover_description:/home/mikks/ros2_ws/install/mine_rover_description/lib/python3.12/site-packages:/home/mikks/ros2_ws/build/ZerionURDFV5cp_description:/home/mikks/ros2_ws/install/ZerionURDFV5cp_description/lib/python3.12/site-packages:/home/mikks/crazyflie_mapping_demo/ros2_ws/install/velocity_free_consensus/lib/python3.12/site-packages:/home/mikks/crazyflie_mapping_demo/ros2_ws/install/stepwise_lowpos/lib/python3.12/site-packages:/home/mikks/crazyflie_mapping_demo/ros2_ws/install/step_wise_lowpos/lib/python3.12/site-packages:/home/mikks/crazyflie_mapping_demo/ros2_ws/install/second_order_formation_control/lib/python3.12/site-packages:/home/mikks/crazyflie_mapping_demo/ros2_ws/install/ros_gz_crazyflie_control/lib/python3.12/site-packages:/home/mikks/crazyflie_mapping_demo/ros2_ws/install/mixed_fractional_consensus/lib/python3.12/site-packages:/home/mikks/crazyflie_mapping_demo/ros2_ws/install/lowest_pos/lib/python3.12/site-packages:/home/mikks/crazyflie_mapping_demo/ros2_ws/install/linear_consensus/lib/python3.12/site-packages:/home/mikks/crazyflie_mapping_demo/ros2_ws/install/highest_pos/lib/python3.12/site-packages:/home/mikks/crazyflie_mapping_demo/ros2_ws/install/fractional_consensus_alpha/lib/python3.12/site-packages:/home/mikks/crazyflie_mapping_demo/ros2_ws/install/event_triggered_swarm/lib/python3.12/site-packages:/home/mikks/crazyflie_mapping_demo/ros2_ws/install/drone_logger/lib/python3.12/site-packages:/home/mikks/crazyflie_mapping_demo/ros2_ws/install/distributed_average_tracking/lib/python3.12/site-packages:/home/mikks/crazyflie_mapping_demo/ros2_ws/install/crazyflie_swarm_logic/lib/python3.12/site-packages:/home/mikks/crazyflie_mapping_demo/ros2_ws/install/crazyflie_sim/lib/python3.12/site-packages:/home/mikks/crazyflie_mapping_demo/ros2_ws/install/crazyflie_ros2_multiranger_wall_following/lib/python3.12/site-packages:/home/mikks/crazyflie_mapping_demo/ros2_ws/install/crazyflie_ros2_multiranger_simple_mapper/lib/python3.12/site-packages:/home/mikks/crazyflie_mapping_demo/ros2_ws/install/crazyflie_examples/lib/python3.12/site-packages:/home/mikks/crazyflie_mapping_demo/ros2_ws/install/crazyflie_py/lib/python3.12/site-packages:/home/mikks/crazyflie_mapping_demo/ros2_ws/install/crazyflie_interfaces/lib/python3.12/site-packages:/home/mikks/crazyflie_mapping_demo/ros2_ws/install/cooperative_target_centric_formation/lib/python3.12/site-packages:/home/mikks/crazyflie_mapping_demo/ros2_ws/install/containment_using_agent_information/lib/python3.12/site-packages:/home/mikks/crazyflie_mapping_demo/ros2_ws/install/consensus_for_double_integrator/lib/python3.12/site-packages:/home/mikks/crazyflie_mapping_demo/ros2_ws/install/consensus_alignment/lib/python3.12/site-packages:/home/mikks/crazyflie_mapping_demo/ros2_ws/install/binary_consensus/lib/python3.12/site-packages:/home/mikks/crazyflie_mapping_demo/ros2_ws/install/Second_Order_Min_Consensus_for_Heterogeneous_Agents/lib/python3.12/site-packages:/home/mikks/crazyflie_mapping_demo/ros2_ws/install/BinaryContainmentChain/lib/python3.12/site-packages:/opt/ros/jazzy/lib/python3.12/site-packages /usr/bin/cmake --install /home/mikks/ros2_px4_ws/build/px4_ros_com
[3.692s] Level 1:colcon.colcon_core.environment:checking '/home/mikks/ros2_px4_ws/install/example_global_navigation_cpp' for CMake config files
[3.692s] DEBUG:colcon.colcon_core.event_handler.log_command:Invoked command in '/home/mikks/ros2_px4_ws/build/example_global_navigation_cpp' returned '0': CMAKE_PREFIX_PATH=/home/mikks/ros2_px4_ws/install/px4_ros2_cpp:/home/mikks/ros2_px4_ws/install/px4_msgs:/home/mikks/ros2_px4_ws/install/px4_ros_com:/home/mikks/ros2_px4_ws/install/px4_ros2_py:/home/mikks/ros2_px4_ws/install/example_rover_velocity_mode_cpp:/home/mikks/ros2_px4_ws/install/example_mode_with_executor_cpp:/home/mikks/ros2_px4_ws/install/example_mode_vtol_cpp:/home/mikks/ros2_px4_ws/install/example_mode_rtl_replacement_cpp:/home/mikks/ros2_px4_ws/install/example_mode_mission_cpp:/home/mikks/ros2_px4_ws/install/example_mode_manual_cpp:/home/mikks/ros2_px4_ws/install/example_mode_goto_global_cpp:/home/mikks/ros2_px4_ws/install/example_mode_goto_cpp:/home/mikks/ros2_px4_ws/install/example_mode_fw_attitude_cpp:/home/mikks/ros2_px4_ws/install/example_local_navigation_cpp:/home/mikks/ros2_px4_ws/install/example_global_navigation_cpp:/home/mikks/ros2_px4_ws/install/example_executor_with_multiple_modes_cpp:/home/mikks/crazyflie_mapping_demo/ros2_ws/install/crazyflie_ros2_multiranger_bringup:/home/mikks/crazyflie_mapping_demo/ros2_ws/install/ros_gz_crazyflie_bringup:/home/mikks/crazyflie_mapping_demo/ros2_ws/install/ros_gz_crazyflie_gazebo:/home/mikks/crazyflie_mapping_demo/ros2_ws/install/crazyflie_sim:/home/mikks/crazyflie_mapping_demo/ros2_ws/install/crazyflie_examples:/home/mikks/crazyflie_mapping_demo/ros2_ws/install/crazyflie:/home/mikks/crazyflie_mapping_demo/ros2_ws/install/crazyflie_interfaces:/opt/ros/jazzy/opt/gz_sim_vendor:/opt/ros/jazzy/opt/gz_sensors_vendor:/opt/ros/jazzy/opt/gz_physics_vendor:/opt/ros/jazzy/opt/sdformat_vendor:/opt/ros/jazzy/opt/gz_gui_vendor:/opt/ros/jazzy/opt/gz_transport_vendor:/opt/ros/jazzy/opt/gz_rendering_vendor:/opt/ros/jazzy/opt/gz_plugin_vendor:/opt/ros/jazzy/opt/gz_fuel_tools_vendor:/opt/ros/jazzy/opt/gz_msgs_vendor:/opt/ros/jazzy/opt/gz_common_vendor:/opt/ros/jazzy/opt/gz_math_vendor:/opt/ros/jazzy/opt/gz_utils_vendor:/opt/ros/jazzy/opt/gz_tools_vendor:/opt/ros/jazzy/opt/gz_ogre_next_vendor:/opt/ros/jazzy/opt/gz_dartsim_vendor:/opt/ros/jazzy/opt/gz_cmake_vendor:/home/mikks/ros2_px4_ws/install/x500_hover_controller:/home/mikks/ros2_px4_ws/install/example_mode_with_rclpy_py:/home/mikks/ros2_px4_ws/install/example_mode_goto_py:/home/mikks/ros2_px4_ws/install/px4_actuator_ctrl:/home/mikks/ros2_ws/install/rover_desc_description:/home/mikks/ros2_ws/install/px4_actuator_ctrl:/home/mikks/ros2_ws/install/mine_rover_description:/home/mikks/ros2_ws/install/ZerionURDFV5cp_description:/home/mikks/crazyflie_mapping_demo/ros2_ws/install/velocity_free_consensus:/home/mikks/crazyflie_mapping_demo/ros2_ws/install/stepwise_lowpos:/home/mikks/crazyflie_mapping_demo/ros2_ws/install/step_wise_lowpos:/home/mikks/crazyflie_mapping_demo/ros2_ws/install/second_order_formation_control:/home/mikks/crazyflie_mapping_demo/ros2_ws/install/ros_gz_crazyflie_control:/home/mikks/crazyflie_mapping_demo/ros2_ws/install/mixed_fractional_consensus:/home/mikks/crazyflie_mapping_demo/ros2_ws/install/lowest_pos:/home/mikks/crazyflie_mapping_demo/ros2_ws/install/linear_consensus:/home/mikks/crazyflie_mapping_demo/ros2_ws/install/highest_pos:/home/mikks/crazyflie_mapping_demo/ros2_ws/install/fractional_consensus_alpha:/home/mikks/crazyflie_mapping_demo/ros2_ws/install/event_triggered_swarm:/home/mikks/crazyflie_mapping_demo/ros2_ws/install/drone_logger:/home/mikks/crazyflie_mapping_demo/ros2_ws/install/distributed_average_tracking:/home/mikks/crazyflie_mapping_demo/ros2_ws/install/crazyflie_swarm_logic:/home/mikks/crazyflie_mapping_demo/ros2_ws/install/crazyflie_ros2_multiranger_wall_following:/home/mikks/crazyflie_mapping_demo/ros2_ws/install/crazyflie_ros2_multiranger_simple_mapper:/home/mikks/crazyflie_mapping_demo/ros2_ws/install/crazyflie_py:/home/mikks/crazyflie_mapping_demo/ros2_ws/install/cooperative_target_centric_formation:/home/mikks/crazyflie_mapping_demo/ros2_ws/install/containment_using_agent_information:/home/mikks/crazyflie_mapping_demo/ros2_ws/install/consensus_for_double_integrator:/home/mikks/crazyflie_mapping_demo/ros2_ws/install/consensus_alignment:/home/mikks/crazyflie_mapping_demo/ros2_ws/install/binary_consensus:/home/mikks/crazyflie_mapping_demo/ros2_ws/install/Second_Order_Min_Consensus_for_Heterogeneous_Agents:/home/mikks/crazyflie_mapping_demo/ros2_ws/install/BinaryContainmentChain:/opt/ros/jazzy DEBUGINFOD_URLS=https://debuginfod.ubuntu.com LD_LIBRARY_PATH=/home/mikks/ros2_px4_ws/install/px4_ros2_cpp/lib:/home/mikks/ros2_px4_ws/install/px4_msgs/lib:/home/mikks/ros2_px4_ws/install/px4_ros_com/lib:/home/mikks/NatNet_SDK_4.3_ubuntu/lib:/home/mikks/crazyflie_mapping_demo/ros2_ws/install/crazyflie_interfaces/lib:/opt/ros/jazzy/opt/gz_sim_vendor/lib:/opt/ros/jazzy/opt/gz_sensors_vendor/lib:/opt/ros/jazzy/opt/gz_physics_vendor/lib:/opt/ros/jazzy/opt/sdformat_vendor/lib:/opt/ros/jazzy/opt/rviz_ogre_vendor/lib:/opt/ros/jazzy/lib/x86_64-linux-gnu:/opt/ros/jazzy/opt/gz_gui_vendor/lib:/opt/ros/jazzy/opt/gz_transport_vendor/lib:/opt/ros/jazzy/opt/gz_rendering_vendor/lib:/opt/ros/jazzy/opt/gz_plugin_vendor/lib:/opt/ros/jazzy/opt/gz_fuel_tools_vendor/lib:/opt/ros/jazzy/opt/gz_msgs_vendor/lib:/opt/ros/jazzy/opt/gz_common_vendor/lib:/opt/ros/jazzy/opt/gz_math_vendor/lib:/opt/ros/jazzy/opt/gz_utils_vendor/lib:/opt/ros/jazzy/opt/gz_tools_vendor/lib:/opt/ros/jazzy/opt/gz_ogre_next_vendor/lib:/opt/ros/jazzy/opt/gz_dartsim_vendor/lib:/opt/ros/jazzy/opt/gz_cmake_vendor/lib:/opt/ros/jazzy/lib PYTHONPATH=/home/mikks/ros2_px4_ws/install/px4_msgs/lib/python3.12/site-packages:/home/mikks/ros2_px4_ws/build/x500_hover_controller:/home/mikks/ros2_px4_ws/install/x500_hover_controller/lib/python3.12/site-packages:/home/mikks/ros2_px4_ws/install/px4_ros_com/lib/python3.12/site-packages:/home/mikks/ros2_px4_ws/build/example_mode_with_rclpy_py:/home/mikks/ros2_px4_ws/install/example_mode_with_rclpy_py/lib/python3.12/site-packages:/home/mikks/ros2_px4_ws/build/example_mode_goto_py:/home/mikks/ros2_px4_ws/install/example_mode_goto_py/lib/python3.12/site-packages:/home/mikks/ros2_px4_ws/install/px4_ros2_py/lib/python3.12/site-packages:/home/mikks/ros2_px4_ws/build/px4_actuator_ctrl:/home/mikks/ros2_px4_ws/install/px4_actuator_ctrl/lib/python3.12/site-packages:/home/mikks/ros2_ws/build/rover_desc_description:/home/mikks/ros2_ws/install/rover_desc_description/lib/python3.12/site-packages:/home/mikks/ros2_ws/install/px4_actuator_ctrl/lib/python3.12/site-packages:/home/mikks/ros2_ws/build/mine_rover_description:/home/mikks/ros2_ws/install/mine_rover_description/lib/python3.12/site-packages:/home/mikks/ros2_ws/build/ZerionURDFV5cp_description:/home/mikks/ros2_ws/install/ZerionURDFV5cp_description/lib/python3.12/site-packages:/home/mikks/crazyflie_mapping_demo/ros2_ws/install/velocity_free_consensus/lib/python3.12/site-packages:/home/mikks/crazyflie_mapping_demo/ros2_ws/install/stepwise_lowpos/lib/python3.12/site-packages:/home/mikks/crazyflie_mapping_demo/ros2_ws/install/step_wise_lowpos/lib/python3.12/site-packages:/home/mikks/crazyflie_mapping_demo/ros2_ws/install/second_order_formation_control/lib/python3.12/site-packages:/home/mikks/crazyflie_mapping_demo/ros2_ws/install/ros_gz_crazyflie_control/lib/python3.12/site-packages:/home/mikks/crazyflie_mapping_demo/ros2_ws/install/mixed_fractional_consensus/lib/python3.12/site-packages:/home/mikks/crazyflie_mapping_demo/ros2_ws/install/lowest_pos/lib/python3.12/site-packages:/home/mikks/crazyflie_mapping_demo/ros2_ws/install/linear_consensus/lib/python3.12/site-packages:/home/mikks/crazyflie_mapping_demo/ros2_ws/install/highest_pos/lib/python3.12/site-packages:/home/mikks/crazyflie_mapping_demo/ros2_ws/install/fractional_consensus_alpha/lib/python3.12/site-packages:/home/mikks/crazyflie_mapping_demo/ros2_ws/install/event_triggered_swarm/lib/python3.12/site-packages:/home/mikks/crazyflie_mapping_demo/ros2_ws/install/drone_logger/lib/python3.12/site-packages:/home/mikks/crazyflie_mapping_demo/ros2_ws/install/distributed_average_tracking/lib/python3.12/site-packages:/home/mikks/crazyflie_mapping_demo/ros2_ws/install/crazyflie_swarm_logic/lib/python3.12/site-packages:/home/mikks/crazyflie_mapping_demo/ros2_ws/install/crazyflie_sim/lib/python3.12/site-packages:/home/mikks/crazyflie_mapping_demo/ros2_ws/install/crazyflie_ros2_multiranger_wall_following/lib/python3.12/site-packages:/home/mikks/crazyflie_mapping_demo/ros2_ws/install/crazyflie_ros2_multiranger_simple_mapper/lib/python3.12/site-packages:/home/mikks/crazyflie_mapping_demo/ros2_ws/install/crazyflie_examples/lib/python3.12/site-packages:/home/mikks/crazyflie_mapping_demo/ros2_ws/install/crazyflie_py/lib/python3.12/site-packages:/home/mikks/crazyflie_mapping_demo/ros2_ws/install/crazyflie_interfaces/lib/python3.12/site-packages:/home/mikks/crazyflie_mapping_demo/ros2_ws/install/cooperative_target_centric_formation/lib/python3.12/site-packages:/home/mikks/crazyflie_mapping_demo/ros2_ws/install/containment_using_agent_information/lib/python3.12/site-packages:/home/mikks/crazyflie_mapping_demo/ros2_ws/install/consensus_for_double_integrator/lib/python3.12/site-packages:/home/mikks/crazyflie_mapping_demo/ros2_ws/install/consensus_alignment/lib/python3.12/site-packages:/home/mikks/crazyflie_mapping_demo/ros2_ws/install/binary_consensus/lib/python3.12/site-packages:/home/mikks/crazyflie_mapping_demo/ros2_ws/install/Second_Order_Min_Consensus_for_Heterogeneous_Agents/lib/python3.12/site-packages:/home/mikks/crazyflie_mapping_demo/ros2_ws/install/BinaryContainmentChain/lib/python3.12/site-packages:/opt/ros/jazzy/lib/python3.12/site-packages /usr/bin/cmake --install /home/mikks/ros2_px4_ws/build/example_global_navigation_cpp
[3.693s] Level 1:colcon.colcon_core.shell:create_environment_hook('example_global_navigation_cpp', 'cmake_prefix_path')
[3.693s] INFO:colcon.colcon_core.shell:Creating environment hook '/home/mikks/ros2_px4_ws/install/example_global_navigation_cpp/share/example_global_navigation_cpp/hook/cmake_prefix_path.ps1'
[3.694s] INFO:colcon.colcon_core.shell:Creating environment descriptor '/home/mikks/ros2_px4_ws/install/example_global_navigation_cpp/share/example_global_navigation_cpp/hook/cmake_prefix_path.dsv'
[3.694s] INFO:colcon.colcon_core.shell:Creating environment hook '/home/mikks/ros2_px4_ws/install/example_global_navigation_cpp/share/example_global_navigation_cpp/hook/cmake_prefix_path.sh'
[3.695s] Level 1:colcon.colcon_core.environment:checking '/home/mikks/ros2_px4_ws/install/example_global_navigation_cpp/lib'
[3.695s] Level 1:colcon.colcon_core.environment:checking '/home/mikks/ros2_px4_ws/install/example_global_navigation_cpp/bin'
[3.695s] Level 1:colcon.colcon_core.environment:checking '/home/mikks/ros2_px4_ws/install/example_global_navigation_cpp/lib/pkgconfig/example_global_navigation_cpp.pc'
[3.695s] Level 1:colcon.colcon_core.environment:checking '/home/mikks/ros2_px4_ws/install/example_global_navigation_cpp/lib/python3.12/site-packages'
[3.695s] Level 1:colcon.colcon_core.environment:checking '/home/mikks/ros2_px4_ws/install/example_global_navigation_cpp/bin'
[3.696s] INFO:colcon.colcon_core.shell:Creating package script '/home/mikks/ros2_px4_ws/install/example_global_navigation_cpp/share/example_global_navigation_cpp/package.ps1'
[3.696s] INFO:colcon.colcon_core.shell:Creating package descriptor '/home/mikks/ros2_px4_ws/install/example_global_navigation_cpp/share/example_global_navigation_cpp/package.dsv'
[3.697s] INFO:colcon.colcon_core.shell:Creating package script '/home/mikks/ros2_px4_ws/install/example_global_navigation_cpp/share/example_global_navigation_cpp/package.sh'
[3.697s] INFO:colcon.colcon_core.shell:Creating package script '/home/mikks/ros2_px4_ws/install/example_global_navigation_cpp/share/example_global_navigation_cpp/package.bash'
[3.698s] INFO:colcon.colcon_core.shell:Creating package script '/home/mikks/ros2_px4_ws/install/example_global_navigation_cpp/share/example_global_navigation_cpp/package.zsh'
[3.698s] Level 1:colcon.colcon_core.environment:create_file_with_runtime_dependencies(/home/mikks/ros2_px4_ws/install/example_global_navigation_cpp/share/colcon-core/packages/example_global_navigation_cpp)
[3.699s] Level 1:colcon.colcon_core.environment:create_environment_scripts_only(example_global_navigation_cpp)
[3.699s] Level 1:colcon.colcon_core.environment:checking '/home/mikks/ros2_px4_ws/install/example_global_navigation_cpp' for CMake module files
[3.700s] Level 1:colcon.colcon_core.environment:checking '/home/mikks/ros2_px4_ws/install/example_global_navigation_cpp' for CMake config files
[3.700s] Level 1:colcon.colcon_core.shell:create_environment_hook('example_global_navigation_cpp', 'cmake_prefix_path')
[3.700s] INFO:colcon.colcon_core.shell:Creating environment hook '/home/mikks/ros2_px4_ws/install/example_global_navigation_cpp/share/example_global_navigation_cpp/hook/cmake_prefix_path.ps1'
[3.701s] INFO:colcon.colcon_core.shell:Creating environment descriptor '/home/mikks/ros2_px4_ws/install/example_global_navigation_cpp/share/example_global_navigation_cpp/hook/cmake_prefix_path.dsv'
[3.701s] INFO:colcon.colcon_core.shell:Creating environment hook '/home/mikks/ros2_px4_ws/install/example_global_navigation_cpp/share/example_global_navigation_cpp/hook/cmake_prefix_path.sh'
[3.702s] Level 1:colcon.colcon_core.environment:checking '/home/mikks/ros2_px4_ws/install/example_global_navigation_cpp/lib'
[3.702s] Level 1:colcon.colcon_core.environment:checking '/home/mikks/ros2_px4_ws/install/example_global_navigation_cpp/bin'
[3.702s] Level 1:colcon.colcon_core.environment:checking '/home/mikks/ros2_px4_ws/install/example_global_navigation_cpp/lib/pkgconfig/example_global_navigation_cpp.pc'
[3.702s] Level 1:colcon.colcon_core.environment:checking '/home/mikks/ros2_px4_ws/install/example_global_navigation_cpp/lib/python3.12/site-packages'
[3.703s] Level 1:colcon.colcon_core.environment:checking '/home/mikks/ros2_px4_ws/install/example_global_navigation_cpp/bin'
[3.703s] INFO:colcon.colcon_core.shell:Creating package script '/home/mikks/ros2_px4_ws/install/example_global_navigation_cpp/share/example_global_navigation_cpp/package.ps1'
[3.704s] INFO:colcon.colcon_core.shell:Creating package descriptor '/home/mikks/ros2_px4_ws/install/example_global_navigation_cpp/share/example_global_navigation_cpp/package.dsv'
[3.704s] INFO:colcon.colcon_core.shell:Creating package script '/home/mikks/ros2_px4_ws/install/example_global_navigation_cpp/share/example_global_navigation_cpp/package.sh'
[3.705s] INFO:colcon.colcon_core.shell:Creating package script '/home/mikks/ros2_px4_ws/install/example_global_navigation_cpp/share/example_global_navigation_cpp/package.bash'
[3.705s] INFO:colcon.colcon_core.shell:Creating package script '/home/mikks/ros2_px4_ws/install/example_global_navigation_cpp/share/example_global_navigation_cpp/package.zsh'
[3.706s] Level 1:colcon.colcon_core.environment:create_file_with_runtime_dependencies(/home/mikks/ros2_px4_ws/install/example_global_navigation_cpp/share/colcon-core/packages/example_global_navigation_cpp)
[3.708s] DEBUG:colcon.colcon_core.event_handler.log_command:Invoked command in '/home/mikks/ros2_px4_ws/build/example_mode_mission_cpp' returned '0': CMAKE_PREFIX_PATH=/home/mikks/ros2_px4_ws/install/px4_ros2_cpp:/home/mikks/ros2_px4_ws/install/px4_msgs:/home/mikks/ros2_px4_ws/install/px4_ros_com:/home/mikks/ros2_px4_ws/install/px4_ros2_py:/home/mikks/ros2_px4_ws/install/example_rover_velocity_mode_cpp:/home/mikks/ros2_px4_ws/install/example_mode_with_executor_cpp:/home/mikks/ros2_px4_ws/install/example_mode_vtol_cpp:/home/mikks/ros2_px4_ws/install/example_mode_rtl_replacement_cpp:/home/mikks/ros2_px4_ws/install/example_mode_mission_cpp:/home/mikks/ros2_px4_ws/install/example_mode_manual_cpp:/home/mikks/ros2_px4_ws/install/example_mode_goto_global_cpp:/home/mikks/ros2_px4_ws/install/example_mode_goto_cpp:/home/mikks/ros2_px4_ws/install/example_mode_fw_attitude_cpp:/home/mikks/ros2_px4_ws/install/example_local_navigation_cpp:/home/mikks/ros2_px4_ws/install/example_global_navigation_cpp:/home/mikks/ros2_px4_ws/install/example_executor_with_multiple_modes_cpp:/home/mikks/crazyflie_mapping_demo/ros2_ws/install/crazyflie_ros2_multiranger_bringup:/home/mikks/crazyflie_mapping_demo/ros2_ws/install/ros_gz_crazyflie_bringup:/home/mikks/crazyflie_mapping_demo/ros2_ws/install/ros_gz_crazyflie_gazebo:/home/mikks/crazyflie_mapping_demo/ros2_ws/install/crazyflie_sim:/home/mikks/crazyflie_mapping_demo/ros2_ws/install/crazyflie_examples:/home/mikks/crazyflie_mapping_demo/ros2_ws/install/crazyflie:/home/mikks/crazyflie_mapping_demo/ros2_ws/install/crazyflie_interfaces:/opt/ros/jazzy/opt/gz_sim_vendor:/opt/ros/jazzy/opt/gz_sensors_vendor:/opt/ros/jazzy/opt/gz_physics_vendor:/opt/ros/jazzy/opt/sdformat_vendor:/opt/ros/jazzy/opt/gz_gui_vendor:/opt/ros/jazzy/opt/gz_transport_vendor:/opt/ros/jazzy/opt/gz_rendering_vendor:/opt/ros/jazzy/opt/gz_plugin_vendor:/opt/ros/jazzy/opt/gz_fuel_tools_vendor:/opt/ros/jazzy/opt/gz_msgs_vendor:/opt/ros/jazzy/opt/gz_common_vendor:/opt/ros/jazzy/opt/gz_math_vendor:/opt/ros/jazzy/opt/gz_utils_vendor:/opt/ros/jazzy/opt/gz_tools_vendor:/opt/ros/jazzy/opt/gz_ogre_next_vendor:/opt/ros/jazzy/opt/gz_dartsim_vendor:/opt/ros/jazzy/opt/gz_cmake_vendor:/home/mikks/ros2_px4_ws/install/x500_hover_controller:/home/mikks/ros2_px4_ws/install/example_mode_with_rclpy_py:/home/mikks/ros2_px4_ws/install/example_mode_goto_py:/home/mikks/ros2_px4_ws/install/px4_actuator_ctrl:/home/mikks/ros2_ws/install/rover_desc_description:/home/mikks/ros2_ws/install/px4_actuator_ctrl:/home/mikks/ros2_ws/install/mine_rover_description:/home/mikks/ros2_ws/install/ZerionURDFV5cp_description:/home/mikks/crazyflie_mapping_demo/ros2_ws/install/velocity_free_consensus:/home/mikks/crazyflie_mapping_demo/ros2_ws/install/stepwise_lowpos:/home/mikks/crazyflie_mapping_demo/ros2_ws/install/step_wise_lowpos:/home/mikks/crazyflie_mapping_demo/ros2_ws/install/second_order_formation_control:/home/mikks/crazyflie_mapping_demo/ros2_ws/install/ros_gz_crazyflie_control:/home/mikks/crazyflie_mapping_demo/ros2_ws/install/mixed_fractional_consensus:/home/mikks/crazyflie_mapping_demo/ros2_ws/install/lowest_pos:/home/mikks/crazyflie_mapping_demo/ros2_ws/install/linear_consensus:/home/mikks/crazyflie_mapping_demo/ros2_ws/install/highest_pos:/home/mikks/crazyflie_mapping_demo/ros2_ws/install/fractional_consensus_alpha:/home/mikks/crazyflie_mapping_demo/ros2_ws/install/event_triggered_swarm:/home/mikks/crazyflie_mapping_demo/ros2_ws/install/drone_logger:/home/mikks/crazyflie_mapping_demo/ros2_ws/install/distributed_average_tracking:/home/mikks/crazyflie_mapping_demo/ros2_ws/install/crazyflie_swarm_logic:/home/mikks/crazyflie_mapping_demo/ros2_ws/install/crazyflie_ros2_multiranger_wall_following:/home/mikks/crazyflie_mapping_demo/ros2_ws/install/crazyflie_ros2_multiranger_simple_mapper:/home/mikks/crazyflie_mapping_demo/ros2_ws/install/crazyflie_py:/home/mikks/crazyflie_mapping_demo/ros2_ws/install/cooperative_target_centric_formation:/home/mikks/crazyflie_mapping_demo/ros2_ws/install/containment_using_agent_information:/home/mikks/crazyflie_mapping_demo/ros2_ws/install/consensus_for_double_integrator:/home/mikks/crazyflie_mapping_demo/ros2_ws/install/consensus_alignment:/home/mikks/crazyflie_mapping_demo/ros2_ws/install/binary_consensus:/home/mikks/crazyflie_mapping_demo/ros2_ws/install/Second_Order_Min_Consensus_for_Heterogeneous_Agents:/home/mikks/crazyflie_mapping_demo/ros2_ws/install/BinaryContainmentChain:/opt/ros/jazzy DEBUGINFOD_URLS=https://debuginfod.ubuntu.com LD_LIBRARY_PATH=/home/mikks/ros2_px4_ws/install/px4_ros2_cpp/lib:/home/mikks/ros2_px4_ws/install/px4_msgs/lib:/home/mikks/ros2_px4_ws/install/px4_ros_com/lib:/home/mikks/NatNet_SDK_4.3_ubuntu/lib:/home/mikks/crazyflie_mapping_demo/ros2_ws/install/crazyflie_interfaces/lib:/opt/ros/jazzy/opt/gz_sim_vendor/lib:/opt/ros/jazzy/opt/gz_sensors_vendor/lib:/opt/ros/jazzy/opt/gz_physics_vendor/lib:/opt/ros/jazzy/opt/sdformat_vendor/lib:/opt/ros/jazzy/opt/rviz_ogre_vendor/lib:/opt/ros/jazzy/lib/x86_64-linux-gnu:/opt/ros/jazzy/opt/gz_gui_vendor/lib:/opt/ros/jazzy/opt/gz_transport_vendor/lib:/opt/ros/jazzy/opt/gz_rendering_vendor/lib:/opt/ros/jazzy/opt/gz_plugin_vendor/lib:/opt/ros/jazzy/opt/gz_fuel_tools_vendor/lib:/opt/ros/jazzy/opt/gz_msgs_vendor/lib:/opt/ros/jazzy/opt/gz_common_vendor/lib:/opt/ros/jazzy/opt/gz_math_vendor/lib:/opt/ros/jazzy/opt/gz_utils_vendor/lib:/opt/ros/jazzy/opt/gz_tools_vendor/lib:/opt/ros/jazzy/opt/gz_ogre_next_vendor/lib:/opt/ros/jazzy/opt/gz_dartsim_vendor/lib:/opt/ros/jazzy/opt/gz_cmake_vendor/lib:/opt/ros/jazzy/lib PYTHONPATH=/home/mikks/ros2_px4_ws/install/px4_msgs/lib/python3.12/site-packages:/home/mikks/ros2_px4_ws/build/x500_hover_controller:/home/mikks/ros2_px4_ws/install/x500_hover_controller/lib/python3.12/site-packages:/home/mikks/ros2_px4_ws/install/px4_ros_com/lib/python3.12/site-packages:/home/mikks/ros2_px4_ws/build/example_mode_with_rclpy_py:/home/mikks/ros2_px4_ws/install/example_mode_with_rclpy_py/lib/python3.12/site-packages:/home/mikks/ros2_px4_ws/build/example_mode_goto_py:/home/mikks/ros2_px4_ws/install/example_mode_goto_py/lib/python3.12/site-packages:/home/mikks/ros2_px4_ws/install/px4_ros2_py/lib/python3.12/site-packages:/home/mikks/ros2_px4_ws/build/px4_actuator_ctrl:/home/mikks/ros2_px4_ws/install/px4_actuator_ctrl/lib/python3.12/site-packages:/home/mikks/ros2_ws/build/rover_desc_description:/home/mikks/ros2_ws/install/rover_desc_description/lib/python3.12/site-packages:/home/mikks/ros2_ws/install/px4_actuator_ctrl/lib/python3.12/site-packages:/home/mikks/ros2_ws/build/mine_rover_description:/home/mikks/ros2_ws/install/mine_rover_description/lib/python3.12/site-packages:/home/mikks/ros2_ws/build/ZerionURDFV5cp_description:/home/mikks/ros2_ws/install/ZerionURDFV5cp_description/lib/python3.12/site-packages:/home/mikks/crazyflie_mapping_demo/ros2_ws/install/velocity_free_consensus/lib/python3.12/site-packages:/home/mikks/crazyflie_mapping_demo/ros2_ws/install/stepwise_lowpos/lib/python3.12/site-packages:/home/mikks/crazyflie_mapping_demo/ros2_ws/install/step_wise_lowpos/lib/python3.12/site-packages:/home/mikks/crazyflie_mapping_demo/ros2_ws/install/second_order_formation_control/lib/python3.12/site-packages:/home/mikks/crazyflie_mapping_demo/ros2_ws/install/ros_gz_crazyflie_control/lib/python3.12/site-packages:/home/mikks/crazyflie_mapping_demo/ros2_ws/install/mixed_fractional_consensus/lib/python3.12/site-packages:/home/mikks/crazyflie_mapping_demo/ros2_ws/install/lowest_pos/lib/python3.12/site-packages:/home/mikks/crazyflie_mapping_demo/ros2_ws/install/linear_consensus/lib/python3.12/site-packages:/home/mikks/crazyflie_mapping_demo/ros2_ws/install/highest_pos/lib/python3.12/site-packages:/home/mikks/crazyflie_mapping_demo/ros2_ws/install/fractional_consensus_alpha/lib/python3.12/site-packages:/home/mikks/crazyflie_mapping_demo/ros2_ws/install/event_triggered_swarm/lib/python3.12/site-packages:/home/mikks/crazyflie_mapping_demo/ros2_ws/install/drone_logger/lib/python3.12/site-packages:/home/mikks/crazyflie_mapping_demo/ros2_ws/install/distributed_average_tracking/lib/python3.12/site-packages:/home/mikks/crazyflie_mapping_demo/ros2_ws/install/crazyflie_swarm_logic/lib/python3.12/site-packages:/home/mikks/crazyflie_mapping_demo/ros2_ws/install/crazyflie_sim/lib/python3.12/site-packages:/home/mikks/crazyflie_mapping_demo/ros2_ws/install/crazyflie_ros2_multiranger_wall_following/lib/python3.12/site-packages:/home/mikks/crazyflie_mapping_demo/ros2_ws/install/crazyflie_ros2_multiranger_simple_mapper/lib/python3.12/site-packages:/home/mikks/crazyflie_mapping_demo/ros2_ws/install/crazyflie_examples/lib/python3.12/site-packages:/home/mikks/crazyflie_mapping_demo/ros2_ws/install/crazyflie_py/lib/python3.12/site-packages:/home/mikks/crazyflie_mapping_demo/ros2_ws/install/crazyflie_interfaces/lib/python3.12/site-packages:/home/mikks/crazyflie_mapping_demo/ros2_ws/install/cooperative_target_centric_formation/lib/python3.12/site-packages:/home/mikks/crazyflie_mapping_demo/ros2_ws/install/containment_using_agent_information/lib/python3.12/site-packages:/home/mikks/crazyflie_mapping_demo/ros2_ws/install/consensus_for_double_integrator/lib/python3.12/site-packages:/home/mikks/crazyflie_mapping_demo/ros2_ws/install/consensus_alignment/lib/python3.12/site-packages:/home/mikks/crazyflie_mapping_demo/ros2_ws/install/binary_consensus/lib/python3.12/site-packages:/home/mikks/crazyflie_mapping_demo/ros2_ws/install/Second_Order_Min_Consensus_for_Heterogeneous_Agents/lib/python3.12/site-packages:/home/mikks/crazyflie_mapping_demo/ros2_ws/install/BinaryContainmentChain/lib/python3.12/site-packages:/opt/ros/jazzy/lib/python3.12/site-packages /usr/bin/cmake --build /home/mikks/ros2_px4_ws/build/example_mode_mission_cpp -- -j12 -l12
[3.709s] DEBUG:colcon.colcon_core.event_handler.log_command:Invoking command in '/home/mikks/ros2_px4_ws/build/example_mode_mission_cpp': CMAKE_PREFIX_PATH=/home/mikks/ros2_px4_ws/install/px4_ros2_cpp:/home/mikks/ros2_px4_ws/install/px4_msgs:/home/mikks/ros2_px4_ws/install/px4_ros_com:/home/mikks/ros2_px4_ws/install/px4_ros2_py:/home/mikks/ros2_px4_ws/install/example_rover_velocity_mode_cpp:/home/mikks/ros2_px4_ws/install/example_mode_with_executor_cpp:/home/mikks/ros2_px4_ws/install/example_mode_vtol_cpp:/home/mikks/ros2_px4_ws/install/example_mode_rtl_replacement_cpp:/home/mikks/ros2_px4_ws/install/example_mode_mission_cpp:/home/mikks/ros2_px4_ws/install/example_mode_manual_cpp:/home/mikks/ros2_px4_ws/install/example_mode_goto_global_cpp:/home/mikks/ros2_px4_ws/install/example_mode_goto_cpp:/home/mikks/ros2_px4_ws/install/example_mode_fw_attitude_cpp:/home/mikks/ros2_px4_ws/install/example_local_navigation_cpp:/home/mikks/ros2_px4_ws/install/example_global_navigation_cpp:/home/mikks/ros2_px4_ws/install/example_executor_with_multiple_modes_cpp:/home/mikks/crazyflie_mapping_demo/ros2_ws/install/crazyflie_ros2_multiranger_bringup:/home/mikks/crazyflie_mapping_demo/ros2_ws/install/ros_gz_crazyflie_bringup:/home/mikks/crazyflie_mapping_demo/ros2_ws/install/ros_gz_crazyflie_gazebo:/home/mikks/crazyflie_mapping_demo/ros2_ws/install/crazyflie_sim:/home/mikks/crazyflie_mapping_demo/ros2_ws/install/crazyflie_examples:/home/mikks/crazyflie_mapping_demo/ros2_ws/install/crazyflie:/home/mikks/crazyflie_mapping_demo/ros2_ws/install/crazyflie_interfaces:/opt/ros/jazzy/opt/gz_sim_vendor:/opt/ros/jazzy/opt/gz_sensors_vendor:/opt/ros/jazzy/opt/gz_physics_vendor:/opt/ros/jazzy/opt/sdformat_vendor:/opt/ros/jazzy/opt/gz_gui_vendor:/opt/ros/jazzy/opt/gz_transport_vendor:/opt/ros/jazzy/opt/gz_rendering_vendor:/opt/ros/jazzy/opt/gz_plugin_vendor:/opt/ros/jazzy/opt/gz_fuel_tools_vendor:/opt/ros/jazzy/opt/gz_msgs_vendor:/opt/ros/jazzy/opt/gz_common_vendor:/opt/ros/jazzy/opt/gz_math_vendor:/opt/ros/jazzy/opt/gz_utils_vendor:/opt/ros/jazzy/opt/gz_tools_vendor:/opt/ros/jazzy/opt/gz_ogre_next_vendor:/opt/ros/jazzy/opt/gz_dartsim_vendor:/opt/ros/jazzy/opt/gz_cmake_vendor:/home/mikks/ros2_px4_ws/install/x500_hover_controller:/home/mikks/ros2_px4_ws/install/example_mode_with_rclpy_py:/home/mikks/ros2_px4_ws/install/example_mode_goto_py:/home/mikks/ros2_px4_ws/install/px4_actuator_ctrl:/home/mikks/ros2_ws/install/rover_desc_description:/home/mikks/ros2_ws/install/px4_actuator_ctrl:/home/mikks/ros2_ws/install/mine_rover_description:/home/mikks/ros2_ws/install/ZerionURDFV5cp_description:/home/mikks/crazyflie_mapping_demo/ros2_ws/install/velocity_free_consensus:/home/mikks/crazyflie_mapping_demo/ros2_ws/install/stepwise_lowpos:/home/mikks/crazyflie_mapping_demo/ros2_ws/install/step_wise_lowpos:/home/mikks/crazyflie_mapping_demo/ros2_ws/install/second_order_formation_control:/home/mikks/crazyflie_mapping_demo/ros2_ws/install/ros_gz_crazyflie_control:/home/mikks/crazyflie_mapping_demo/ros2_ws/install/mixed_fractional_consensus:/home/mikks/crazyflie_mapping_demo/ros2_ws/install/lowest_pos:/home/mikks/crazyflie_mapping_demo/ros2_ws/install/linear_consensus:/home/mikks/crazyflie_mapping_demo/ros2_ws/install/highest_pos:/home/mikks/crazyflie_mapping_demo/ros2_ws/install/fractional_consensus_alpha:/home/mikks/crazyflie_mapping_demo/ros2_ws/install/event_triggered_swarm:/home/mikks/crazyflie_mapping_demo/ros2_ws/install/drone_logger:/home/mikks/crazyflie_mapping_demo/ros2_ws/install/distributed_average_tracking:/home/mikks/crazyflie_mapping_demo/ros2_ws/install/crazyflie_swarm_logic:/home/mikks/crazyflie_mapping_demo/ros2_ws/install/crazyflie_ros2_multiranger_wall_following:/home/mikks/crazyflie_mapping_demo/ros2_ws/install/crazyflie_ros2_multiranger_simple_mapper:/home/mikks/crazyflie_mapping_demo/ros2_ws/install/crazyflie_py:/home/mikks/crazyflie_mapping_demo/ros2_ws/install/cooperative_target_centric_formation:/home/mikks/crazyflie_mapping_demo/ros2_ws/install/containment_using_agent_information:/home/mikks/crazyflie_mapping_demo/ros2_ws/install/consensus_for_double_integrator:/home/mikks/crazyflie_mapping_demo/ros2_ws/install/consensus_alignment:/home/mikks/crazyflie_mapping_demo/ros2_ws/install/binary_consensus:/home/mikks/crazyflie_mapping_demo/ros2_ws/install/Second_Order_Min_Consensus_for_Heterogeneous_Agents:/home/mikks/crazyflie_mapping_demo/ros2_ws/install/BinaryContainmentChain:/opt/ros/jazzy DEBUGINFOD_URLS=https://debuginfod.ubuntu.com LD_LIBRARY_PATH=/home/mikks/ros2_px4_ws/install/px4_ros2_cpp/lib:/home/mikks/ros2_px4_ws/install/px4_msgs/lib:/home/mikks/ros2_px4_ws/install/px4_ros_com/lib:/home/mikks/NatNet_SDK_4.3_ubuntu/lib:/home/mikks/crazyflie_mapping_demo/ros2_ws/install/crazyflie_interfaces/lib:/opt/ros/jazzy/opt/gz_sim_vendor/lib:/opt/ros/jazzy/opt/gz_sensors_vendor/lib:/opt/ros/jazzy/opt/gz_physics_vendor/lib:/opt/ros/jazzy/opt/sdformat_vendor/lib:/opt/ros/jazzy/opt/rviz_ogre_vendor/lib:/opt/ros/jazzy/lib/x86_64-linux-gnu:/opt/ros/jazzy/opt/gz_gui_vendor/lib:/opt/ros/jazzy/opt/gz_transport_vendor/lib:/opt/ros/jazzy/opt/gz_rendering_vendor/lib:/opt/ros/jazzy/opt/gz_plugin_vendor/lib:/opt/ros/jazzy/opt/gz_fuel_tools_vendor/lib:/opt/ros/jazzy/opt/gz_msgs_vendor/lib:/opt/ros/jazzy/opt/gz_common_vendor/lib:/opt/ros/jazzy/opt/gz_math_vendor/lib:/opt/ros/jazzy/opt/gz_utils_vendor/lib:/opt/ros/jazzy/opt/gz_tools_vendor/lib:/opt/ros/jazzy/opt/gz_ogre_next_vendor/lib:/opt/ros/jazzy/opt/gz_dartsim_vendor/lib:/opt/ros/jazzy/opt/gz_cmake_vendor/lib:/opt/ros/jazzy/lib PYTHONPATH=/home/mikks/ros2_px4_ws/install/px4_msgs/lib/python3.12/site-packages:/home/mikks/ros2_px4_ws/build/x500_hover_controller:/home/mikks/ros2_px4_ws/install/x500_hover_controller/lib/python3.12/site-packages:/home/mikks/ros2_px4_ws/install/px4_ros_com/lib/python3.12/site-packages:/home/mikks/ros2_px4_ws/build/example_mode_with_rclpy_py:/home/mikks/ros2_px4_ws/install/example_mode_with_rclpy_py/lib/python3.12/site-packages:/home/mikks/ros2_px4_ws/build/example_mode_goto_py:/home/mikks/ros2_px4_ws/install/example_mode_goto_py/lib/python3.12/site-packages:/home/mikks/ros2_px4_ws/install/px4_ros2_py/lib/python3.12/site-packages:/home/mikks/ros2_px4_ws/build/px4_actuator_ctrl:/home/mikks/ros2_px4_ws/install/px4_actuator_ctrl/lib/python3.12/site-packages:/home/mikks/ros2_ws/build/rover_desc_description:/home/mikks/ros2_ws/install/rover_desc_description/lib/python3.12/site-packages:/home/mikks/ros2_ws/install/px4_actuator_ctrl/lib/python3.12/site-packages:/home/mikks/ros2_ws/build/mine_rover_description:/home/mikks/ros2_ws/install/mine_rover_description/lib/python3.12/site-packages:/home/mikks/ros2_ws/build/ZerionURDFV5cp_description:/home/mikks/ros2_ws/install/ZerionURDFV5cp_description/lib/python3.12/site-packages:/home/mikks/crazyflie_mapping_demo/ros2_ws/install/velocity_free_consensus/lib/python3.12/site-packages:/home/mikks/crazyflie_mapping_demo/ros2_ws/install/stepwise_lowpos/lib/python3.12/site-packages:/home/mikks/crazyflie_mapping_demo/ros2_ws/install/step_wise_lowpos/lib/python3.12/site-packages:/home/mikks/crazyflie_mapping_demo/ros2_ws/install/second_order_formation_control/lib/python3.12/site-packages:/home/mikks/crazyflie_mapping_demo/ros2_ws/install/ros_gz_crazyflie_control/lib/python3.12/site-packages:/home/mikks/crazyflie_mapping_demo/ros2_ws/install/mixed_fractional_consensus/lib/python3.12/site-packages:/home/mikks/crazyflie_mapping_demo/ros2_ws/install/lowest_pos/lib/python3.12/site-packages:/home/mikks/crazyflie_mapping_demo/ros2_ws/install/linear_consensus/lib/python3.12/site-packages:/home/mikks/crazyflie_mapping_demo/ros2_ws/install/highest_pos/lib/python3.12/site-packages:/home/mikks/crazyflie_mapping_demo/ros2_ws/install/fractional_consensus_alpha/lib/python3.12/site-packages:/home/mikks/crazyflie_mapping_demo/ros2_ws/install/event_triggered_swarm/lib/python3.12/site-packages:/home/mikks/crazyflie_mapping_demo/ros2_ws/install/drone_logger/lib/python3.12/site-packages:/home/mikks/crazyflie_mapping_demo/ros2_ws/install/distributed_average_tracking/lib/python3.12/site-packages:/home/mikks/crazyflie_mapping_demo/ros2_ws/install/crazyflie_swarm_logic/lib/python3.12/site-packages:/home/mikks/crazyflie_mapping_demo/ros2_ws/install/crazyflie_sim/lib/python3.12/site-packages:/home/mikks/crazyflie_mapping_demo/ros2_ws/install/crazyflie_ros2_multiranger_wall_following/lib/python3.12/site-packages:/home/mikks/crazyflie_mapping_demo/ros2_ws/install/crazyflie_ros2_multiranger_simple_mapper/lib/python3.12/site-packages:/home/mikks/crazyflie_mapping_demo/ros2_ws/install/crazyflie_examples/lib/python3.12/site-packages:/home/mikks/crazyflie_mapping_demo/ros2_ws/install/crazyflie_py/lib/python3.12/site-packages:/home/mikks/crazyflie_mapping_demo/ros2_ws/install/crazyflie_interfaces/lib/python3.12/site-packages:/home/mikks/crazyflie_mapping_demo/ros2_ws/install/cooperative_target_centric_formation/lib/python3.12/site-packages:/home/mikks/crazyflie_mapping_demo/ros2_ws/install/containment_using_agent_information/lib/python3.12/site-packages:/home/mikks/crazyflie_mapping_demo/ros2_ws/install/consensus_for_double_integrator/lib/python3.12/site-packages:/home/mikks/crazyflie_mapping_demo/ros2_ws/install/consensus_alignment/lib/python3.12/site-packages:/home/mikks/crazyflie_mapping_demo/ros2_ws/install/binary_consensus/lib/python3.12/site-packages:/home/mikks/crazyflie_mapping_demo/ros2_ws/install/Second_Order_Min_Consensus_for_Heterogeneous_Agents/lib/python3.12/site-packages:/home/mikks/crazyflie_mapping_demo/ros2_ws/install/BinaryContainmentChain/lib/python3.12/site-packages:/opt/ros/jazzy/lib/python3.12/site-packages /usr/bin/cmake --install /home/mikks/ros2_px4_ws/build/example_mode_mission_cpp
[3.710s] Level 1:colcon.colcon_core.environment:create_environment_scripts_only(example_mode_goto_cpp)
[3.710s] Level 1:colcon.colcon_core.environment:checking '/home/mikks/ros2_px4_ws/install/example_mode_goto_cpp' for CMake module files
[3.711s] DEBUG:colcon.colcon_core.event_handler.log_command:Invoked command in '/home/mikks/ros2_px4_ws/build/example_mode_goto_cpp' returned '0': CMAKE_PREFIX_PATH=/home/mikks/ros2_px4_ws/install/px4_ros2_cpp:/home/mikks/ros2_px4_ws/install/px4_msgs:/home/mikks/ros2_px4_ws/install/px4_ros_com:/home/mikks/ros2_px4_ws/install/px4_ros2_py:/home/mikks/ros2_px4_ws/install/example_rover_velocity_mode_cpp:/home/mikks/ros2_px4_ws/install/example_mode_with_executor_cpp:/home/mikks/ros2_px4_ws/install/example_mode_vtol_cpp:/home/mikks/ros2_px4_ws/install/example_mode_rtl_replacement_cpp:/home/mikks/ros2_px4_ws/install/example_mode_mission_cpp:/home/mikks/ros2_px4_ws/install/example_mode_manual_cpp:/home/mikks/ros2_px4_ws/install/example_mode_goto_global_cpp:/home/mikks/ros2_px4_ws/install/example_mode_goto_cpp:/home/mikks/ros2_px4_ws/install/example_mode_fw_attitude_cpp:/home/mikks/ros2_px4_ws/install/example_local_navigation_cpp:/home/mikks/ros2_px4_ws/install/example_global_navigation_cpp:/home/mikks/ros2_px4_ws/install/example_executor_with_multiple_modes_cpp:/home/mikks/crazyflie_mapping_demo/ros2_ws/install/crazyflie_ros2_multiranger_bringup:/home/mikks/crazyflie_mapping_demo/ros2_ws/install/ros_gz_crazyflie_bringup:/home/mikks/crazyflie_mapping_demo/ros2_ws/install/ros_gz_crazyflie_gazebo:/home/mikks/crazyflie_mapping_demo/ros2_ws/install/crazyflie_sim:/home/mikks/crazyflie_mapping_demo/ros2_ws/install/crazyflie_examples:/home/mikks/crazyflie_mapping_demo/ros2_ws/install/crazyflie:/home/mikks/crazyflie_mapping_demo/ros2_ws/install/crazyflie_interfaces:/opt/ros/jazzy/opt/gz_sim_vendor:/opt/ros/jazzy/opt/gz_sensors_vendor:/opt/ros/jazzy/opt/gz_physics_vendor:/opt/ros/jazzy/opt/sdformat_vendor:/opt/ros/jazzy/opt/gz_gui_vendor:/opt/ros/jazzy/opt/gz_transport_vendor:/opt/ros/jazzy/opt/gz_rendering_vendor:/opt/ros/jazzy/opt/gz_plugin_vendor:/opt/ros/jazzy/opt/gz_fuel_tools_vendor:/opt/ros/jazzy/opt/gz_msgs_vendor:/opt/ros/jazzy/opt/gz_common_vendor:/opt/ros/jazzy/opt/gz_math_vendor:/opt/ros/jazzy/opt/gz_utils_vendor:/opt/ros/jazzy/opt/gz_tools_vendor:/opt/ros/jazzy/opt/gz_ogre_next_vendor:/opt/ros/jazzy/opt/gz_dartsim_vendor:/opt/ros/jazzy/opt/gz_cmake_vendor:/home/mikks/ros2_px4_ws/install/x500_hover_controller:/home/mikks/ros2_px4_ws/install/example_mode_with_rclpy_py:/home/mikks/ros2_px4_ws/install/example_mode_goto_py:/home/mikks/ros2_px4_ws/install/px4_actuator_ctrl:/home/mikks/ros2_ws/install/rover_desc_description:/home/mikks/ros2_ws/install/px4_actuator_ctrl:/home/mikks/ros2_ws/install/mine_rover_description:/home/mikks/ros2_ws/install/ZerionURDFV5cp_description:/home/mikks/crazyflie_mapping_demo/ros2_ws/install/velocity_free_consensus:/home/mikks/crazyflie_mapping_demo/ros2_ws/install/stepwise_lowpos:/home/mikks/crazyflie_mapping_demo/ros2_ws/install/step_wise_lowpos:/home/mikks/crazyflie_mapping_demo/ros2_ws/install/second_order_formation_control:/home/mikks/crazyflie_mapping_demo/ros2_ws/install/ros_gz_crazyflie_control:/home/mikks/crazyflie_mapping_demo/ros2_ws/install/mixed_fractional_consensus:/home/mikks/crazyflie_mapping_demo/ros2_ws/install/lowest_pos:/home/mikks/crazyflie_mapping_demo/ros2_ws/install/linear_consensus:/home/mikks/crazyflie_mapping_demo/ros2_ws/install/highest_pos:/home/mikks/crazyflie_mapping_demo/ros2_ws/install/fractional_consensus_alpha:/home/mikks/crazyflie_mapping_demo/ros2_ws/install/event_triggered_swarm:/home/mikks/crazyflie_mapping_demo/ros2_ws/install/drone_logger:/home/mikks/crazyflie_mapping_demo/ros2_ws/install/distributed_average_tracking:/home/mikks/crazyflie_mapping_demo/ros2_ws/install/crazyflie_swarm_logic:/home/mikks/crazyflie_mapping_demo/ros2_ws/install/crazyflie_ros2_multiranger_wall_following:/home/mikks/crazyflie_mapping_demo/ros2_ws/install/crazyflie_ros2_multiranger_simple_mapper:/home/mikks/crazyflie_mapping_demo/ros2_ws/install/crazyflie_py:/home/mikks/crazyflie_mapping_demo/ros2_ws/install/cooperative_target_centric_formation:/home/mikks/crazyflie_mapping_demo/ros2_ws/install/containment_using_agent_information:/home/mikks/crazyflie_mapping_demo/ros2_ws/install/consensus_for_double_integrator:/home/mikks/crazyflie_mapping_demo/ros2_ws/install/consensus_alignment:/home/mikks/crazyflie_mapping_demo/ros2_ws/install/binary_consensus:/home/mikks/crazyflie_mapping_demo/ros2_ws/install/Second_Order_Min_Consensus_for_Heterogeneous_Agents:/home/mikks/crazyflie_mapping_demo/ros2_ws/install/BinaryContainmentChain:/opt/ros/jazzy DEBUGINFOD_URLS=https://debuginfod.ubuntu.com LD_LIBRARY_PATH=/home/mikks/ros2_px4_ws/install/px4_ros2_cpp/lib:/home/mikks/ros2_px4_ws/install/px4_msgs/lib:/home/mikks/ros2_px4_ws/install/px4_ros_com/lib:/home/mikks/NatNet_SDK_4.3_ubuntu/lib:/home/mikks/crazyflie_mapping_demo/ros2_ws/install/crazyflie_interfaces/lib:/opt/ros/jazzy/opt/gz_sim_vendor/lib:/opt/ros/jazzy/opt/gz_sensors_vendor/lib:/opt/ros/jazzy/opt/gz_physics_vendor/lib:/opt/ros/jazzy/opt/sdformat_vendor/lib:/opt/ros/jazzy/opt/rviz_ogre_vendor/lib:/opt/ros/jazzy/lib/x86_64-linux-gnu:/opt/ros/jazzy/opt/gz_gui_vendor/lib:/opt/ros/jazzy/opt/gz_transport_vendor/lib:/opt/ros/jazzy/opt/gz_rendering_vendor/lib:/opt/ros/jazzy/opt/gz_plugin_vendor/lib:/opt/ros/jazzy/opt/gz_fuel_tools_vendor/lib:/opt/ros/jazzy/opt/gz_msgs_vendor/lib:/opt/ros/jazzy/opt/gz_common_vendor/lib:/opt/ros/jazzy/opt/gz_math_vendor/lib:/opt/ros/jazzy/opt/gz_utils_vendor/lib:/opt/ros/jazzy/opt/gz_tools_vendor/lib:/opt/ros/jazzy/opt/gz_ogre_next_vendor/lib:/opt/ros/jazzy/opt/gz_dartsim_vendor/lib:/opt/ros/jazzy/opt/gz_cmake_vendor/lib:/opt/ros/jazzy/lib PYTHONPATH=/home/mikks/ros2_px4_ws/install/px4_msgs/lib/python3.12/site-packages:/home/mikks/ros2_px4_ws/build/x500_hover_controller:/home/mikks/ros2_px4_ws/install/x500_hover_controller/lib/python3.12/site-packages:/home/mikks/ros2_px4_ws/install/px4_ros_com/lib/python3.12/site-packages:/home/mikks/ros2_px4_ws/build/example_mode_with_rclpy_py:/home/mikks/ros2_px4_ws/install/example_mode_with_rclpy_py/lib/python3.12/site-packages:/home/mikks/ros2_px4_ws/build/example_mode_goto_py:/home/mikks/ros2_px4_ws/install/example_mode_goto_py/lib/python3.12/site-packages:/home/mikks/ros2_px4_ws/install/px4_ros2_py/lib/python3.12/site-packages:/home/mikks/ros2_px4_ws/build/px4_actuator_ctrl:/home/mikks/ros2_px4_ws/install/px4_actuator_ctrl/lib/python3.12/site-packages:/home/mikks/ros2_ws/build/rover_desc_description:/home/mikks/ros2_ws/install/rover_desc_description/lib/python3.12/site-packages:/home/mikks/ros2_ws/install/px4_actuator_ctrl/lib/python3.12/site-packages:/home/mikks/ros2_ws/build/mine_rover_description:/home/mikks/ros2_ws/install/mine_rover_description/lib/python3.12/site-packages:/home/mikks/ros2_ws/build/ZerionURDFV5cp_description:/home/mikks/ros2_ws/install/ZerionURDFV5cp_description/lib/python3.12/site-packages:/home/mikks/crazyflie_mapping_demo/ros2_ws/install/velocity_free_consensus/lib/python3.12/site-packages:/home/mikks/crazyflie_mapping_demo/ros2_ws/install/stepwise_lowpos/lib/python3.12/site-packages:/home/mikks/crazyflie_mapping_demo/ros2_ws/install/step_wise_lowpos/lib/python3.12/site-packages:/home/mikks/crazyflie_mapping_demo/ros2_ws/install/second_order_formation_control/lib/python3.12/site-packages:/home/mikks/crazyflie_mapping_demo/ros2_ws/install/ros_gz_crazyflie_control/lib/python3.12/site-packages:/home/mikks/crazyflie_mapping_demo/ros2_ws/install/mixed_fractional_consensus/lib/python3.12/site-packages:/home/mikks/crazyflie_mapping_demo/ros2_ws/install/lowest_pos/lib/python3.12/site-packages:/home/mikks/crazyflie_mapping_demo/ros2_ws/install/linear_consensus/lib/python3.12/site-packages:/home/mikks/crazyflie_mapping_demo/ros2_ws/install/highest_pos/lib/python3.12/site-packages:/home/mikks/crazyflie_mapping_demo/ros2_ws/install/fractional_consensus_alpha/lib/python3.12/site-packages:/home/mikks/crazyflie_mapping_demo/ros2_ws/install/event_triggered_swarm/lib/python3.12/site-packages:/home/mikks/crazyflie_mapping_demo/ros2_ws/install/drone_logger/lib/python3.12/site-packages:/home/mikks/crazyflie_mapping_demo/ros2_ws/install/distributed_average_tracking/lib/python3.12/site-packages:/home/mikks/crazyflie_mapping_demo/ros2_ws/install/crazyflie_swarm_logic/lib/python3.12/site-packages:/home/mikks/crazyflie_mapping_demo/ros2_ws/install/crazyflie_sim/lib/python3.12/site-packages:/home/mikks/crazyflie_mapping_demo/ros2_ws/install/crazyflie_ros2_multiranger_wall_following/lib/python3.12/site-packages:/home/mikks/crazyflie_mapping_demo/ros2_ws/install/crazyflie_ros2_multiranger_simple_mapper/lib/python3.12/site-packages:/home/mikks/crazyflie_mapping_demo/ros2_ws/install/crazyflie_examples/lib/python3.12/site-packages:/home/mikks/crazyflie_mapping_demo/ros2_ws/install/crazyflie_py/lib/python3.12/site-packages:/home/mikks/crazyflie_mapping_demo/ros2_ws/install/crazyflie_interfaces/lib/python3.12/site-packages:/home/mikks/crazyflie_mapping_demo/ros2_ws/install/cooperative_target_centric_formation/lib/python3.12/site-packages:/home/mikks/crazyflie_mapping_demo/ros2_ws/install/containment_using_agent_information/lib/python3.12/site-packages:/home/mikks/crazyflie_mapping_demo/ros2_ws/install/consensus_for_double_integrator/lib/python3.12/site-packages:/home/mikks/crazyflie_mapping_demo/ros2_ws/install/consensus_alignment/lib/python3.12/site-packages:/home/mikks/crazyflie_mapping_demo/ros2_ws/install/binary_consensus/lib/python3.12/site-packages:/home/mikks/crazyflie_mapping_demo/ros2_ws/install/Second_Order_Min_Consensus_for_Heterogeneous_Agents/lib/python3.12/site-packages:/home/mikks/crazyflie_mapping_demo/ros2_ws/install/BinaryContainmentChain/lib/python3.12/site-packages:/opt/ros/jazzy/lib/python3.12/site-packages /usr/bin/cmake --install /home/mikks/ros2_px4_ws/build/example_mode_goto_cpp
[3.711s] Level 1:colcon.colcon_core.environment:checking '/home/mikks/ros2_px4_ws/install/example_mode_goto_cpp' for CMake config files
[3.712s] Level 1:colcon.colcon_core.shell:create_environment_hook('example_mode_goto_cpp', 'cmake_prefix_path')
[3.712s] INFO:colcon.colcon_core.shell:Creating environment hook '/home/mikks/ros2_px4_ws/install/example_mode_goto_cpp/share/example_mode_goto_cpp/hook/cmake_prefix_path.ps1'
[3.712s] INFO:colcon.colcon_core.shell:Creating environment descriptor '/home/mikks/ros2_px4_ws/install/example_mode_goto_cpp/share/example_mode_goto_cpp/hook/cmake_prefix_path.dsv'
[3.712s] INFO:colcon.colcon_core.shell:Creating environment hook '/home/mikks/ros2_px4_ws/install/example_mode_goto_cpp/share/example_mode_goto_cpp/hook/cmake_prefix_path.sh'
[3.713s] Level 1:colcon.colcon_core.environment:checking '/home/mikks/ros2_px4_ws/install/example_mode_goto_cpp/lib'
[3.713s] Level 1:colcon.colcon_core.environment:checking '/home/mikks/ros2_px4_ws/install/example_mode_goto_cpp/bin'
[3.713s] Level 1:colcon.colcon_core.environment:checking '/home/mikks/ros2_px4_ws/install/example_mode_goto_cpp/lib/pkgconfig/example_mode_goto_cpp.pc'
[3.713s] Level 1:colcon.colcon_core.environment:checking '/home/mikks/ros2_px4_ws/install/example_mode_goto_cpp/lib/python3.12/site-packages'
[3.714s] Level 1:colcon.colcon_core.environment:checking '/home/mikks/ros2_px4_ws/install/example_mode_goto_cpp/bin'
[3.714s] INFO:colcon.colcon_core.shell:Creating package script '/home/mikks/ros2_px4_ws/install/example_mode_goto_cpp/share/example_mode_goto_cpp/package.ps1'
[3.714s] INFO:colcon.colcon_core.shell:Creating package descriptor '/home/mikks/ros2_px4_ws/install/example_mode_goto_cpp/share/example_mode_goto_cpp/package.dsv'
[3.715s] INFO:colcon.colcon_core.shell:Creating package script '/home/mikks/ros2_px4_ws/install/example_mode_goto_cpp/share/example_mode_goto_cpp/package.sh'
[3.715s] INFO:colcon.colcon_core.shell:Creating package script '/home/mikks/ros2_px4_ws/install/example_mode_goto_cpp/share/example_mode_goto_cpp/package.bash'
[3.715s] INFO:colcon.colcon_core.shell:Creating package script '/home/mikks/ros2_px4_ws/install/example_mode_goto_cpp/share/example_mode_goto_cpp/package.zsh'
[3.716s] Level 1:colcon.colcon_core.environment:create_file_with_runtime_dependencies(/home/mikks/ros2_px4_ws/install/example_mode_goto_cpp/share/colcon-core/packages/example_mode_goto_cpp)
[3.716s] Level 1:colcon.colcon_core.environment:create_environment_scripts_only(example_mode_goto_cpp)
[3.716s] Level 1:colcon.colcon_core.environment:checking '/home/mikks/ros2_px4_ws/install/example_mode_goto_cpp' for CMake module files
[3.717s] Level 1:colcon.colcon_core.environment:checking '/home/mikks/ros2_px4_ws/install/example_mode_goto_cpp' for CMake config files
[3.717s] Level 1:colcon.colcon_core.shell:create_environment_hook('example_mode_goto_cpp', 'cmake_prefix_path')
[3.717s] INFO:colcon.colcon_core.shell:Creating environment hook '/home/mikks/ros2_px4_ws/install/example_mode_goto_cpp/share/example_mode_goto_cpp/hook/cmake_prefix_path.ps1'
[3.718s] INFO:colcon.colcon_core.shell:Creating environment descriptor '/home/mikks/ros2_px4_ws/install/example_mode_goto_cpp/share/example_mode_goto_cpp/hook/cmake_prefix_path.dsv'
[3.718s] INFO:colcon.colcon_core.shell:Creating environment hook '/home/mikks/ros2_px4_ws/install/example_mode_goto_cpp/share/example_mode_goto_cpp/hook/cmake_prefix_path.sh'
[3.718s] Level 1:colcon.colcon_core.environment:checking '/home/mikks/ros2_px4_ws/install/example_mode_goto_cpp/lib'
[3.719s] Level 1:colcon.colcon_core.environment:checking '/home/mikks/ros2_px4_ws/install/example_mode_goto_cpp/bin'
[3.719s] Level 1:colcon.colcon_core.environment:checking '/home/mikks/ros2_px4_ws/install/example_mode_goto_cpp/lib/pkgconfig/example_mode_goto_cpp.pc'
[3.719s] Level 1:colcon.colcon_core.environment:checking '/home/mikks/ros2_px4_ws/install/example_mode_goto_cpp/lib/python3.12/site-packages'
[3.719s] Level 1:colcon.colcon_core.environment:checking '/home/mikks/ros2_px4_ws/install/example_mode_goto_cpp/bin'
[3.719s] INFO:colcon.colcon_core.shell:Creating package script '/home/mikks/ros2_px4_ws/install/example_mode_goto_cpp/share/example_mode_goto_cpp/package.ps1'
[3.720s] INFO:colcon.colcon_core.shell:Creating package descriptor '/home/mikks/ros2_px4_ws/install/example_mode_goto_cpp/share/example_mode_goto_cpp/package.dsv'
[3.720s] INFO:colcon.colcon_core.shell:Creating package script '/home/mikks/ros2_px4_ws/install/example_mode_goto_cpp/share/example_mode_goto_cpp/package.sh'
[3.721s] INFO:colcon.colcon_core.shell:Creating package script '/home/mikks/ros2_px4_ws/install/example_mode_goto_cpp/share/example_mode_goto_cpp/package.bash'
[3.721s] INFO:colcon.colcon_core.shell:Creating package script '/home/mikks/ros2_px4_ws/install/example_mode_goto_cpp/share/example_mode_goto_cpp/package.zsh'
[3.721s] Level 1:colcon.colcon_core.environment:create_file_with_runtime_dependencies(/home/mikks/ros2_px4_ws/install/example_mode_goto_cpp/share/colcon-core/packages/example_mode_goto_cpp)
[3.724s] INFO:colcon.colcon_ros.task.ament_cmake.build:Building ROS package in '/home/mikks/ros2_px4_ws/src/px4-ros2-interface-lib/examples/cpp/modes/vtol' with build type 'ament_cmake'
[3.725s] INFO:colcon.colcon_cmake.task.cmake.build:Building CMake package in '/home/mikks/ros2_px4_ws/src/px4-ros2-interface-lib/examples/cpp/modes/vtol'
[3.726s] INFO:colcon.colcon_core.shell:Skip shell extension 'powershell' for command environment: Not usable outside of PowerShell
[3.726s] DEBUG:colcon.colcon_core.shell:Skip shell extension 'dsv' for command environment
[3.744s] INFO:colcon.colcon_ros.task.ament_cmake.build:Building ROS package in '/home/mikks/ros2_px4_ws/src/px4-ros2-interface-lib/examples/cpp/modes/mode_with_executor' with build type 'ament_cmake'
[3.744s] INFO:colcon.colcon_cmake.task.cmake.build:Building CMake package in '/home/mikks/ros2_px4_ws/src/px4-ros2-interface-lib/examples/cpp/modes/mode_with_executor'
[3.745s] INFO:colcon.colcon_core.shell:Skip shell extension 'powershell' for command environment: Not usable outside of PowerShell
[3.745s] DEBUG:colcon.colcon_core.shell:Skip shell extension 'dsv' for command environment
[3.754s] Level 1:colcon.colcon_core.environment:create_environment_scripts_only(example_local_navigation_cpp)
[3.755s] Level 1:colcon.colcon_core.environment:checking '/home/mikks/ros2_px4_ws/install/example_local_navigation_cpp' for CMake module files
[3.755s] DEBUG:colcon.colcon_core.event_handler.log_command:Invoked command in '/home/mikks/ros2_px4_ws/build/example_local_navigation_cpp' returned '0': CMAKE_PREFIX_PATH=/home/mikks/ros2_px4_ws/install/px4_ros2_cpp:/home/mikks/ros2_px4_ws/install/px4_msgs:/home/mikks/ros2_px4_ws/install/px4_ros_com:/home/mikks/ros2_px4_ws/install/px4_ros2_py:/home/mikks/ros2_px4_ws/install/example_rover_velocity_mode_cpp:/home/mikks/ros2_px4_ws/install/example_mode_with_executor_cpp:/home/mikks/ros2_px4_ws/install/example_mode_vtol_cpp:/home/mikks/ros2_px4_ws/install/example_mode_rtl_replacement_cpp:/home/mikks/ros2_px4_ws/install/example_mode_mission_cpp:/home/mikks/ros2_px4_ws/install/example_mode_manual_cpp:/home/mikks/ros2_px4_ws/install/example_mode_goto_global_cpp:/home/mikks/ros2_px4_ws/install/example_mode_goto_cpp:/home/mikks/ros2_px4_ws/install/example_mode_fw_attitude_cpp:/home/mikks/ros2_px4_ws/install/example_local_navigation_cpp:/home/mikks/ros2_px4_ws/install/example_global_navigation_cpp:/home/mikks/ros2_px4_ws/install/example_executor_with_multiple_modes_cpp:/home/mikks/crazyflie_mapping_demo/ros2_ws/install/crazyflie_ros2_multiranger_bringup:/home/mikks/crazyflie_mapping_demo/ros2_ws/install/ros_gz_crazyflie_bringup:/home/mikks/crazyflie_mapping_demo/ros2_ws/install/ros_gz_crazyflie_gazebo:/home/mikks/crazyflie_mapping_demo/ros2_ws/install/crazyflie_sim:/home/mikks/crazyflie_mapping_demo/ros2_ws/install/crazyflie_examples:/home/mikks/crazyflie_mapping_demo/ros2_ws/install/crazyflie:/home/mikks/crazyflie_mapping_demo/ros2_ws/install/crazyflie_interfaces:/opt/ros/jazzy/opt/gz_sim_vendor:/opt/ros/jazzy/opt/gz_sensors_vendor:/opt/ros/jazzy/opt/gz_physics_vendor:/opt/ros/jazzy/opt/sdformat_vendor:/opt/ros/jazzy/opt/gz_gui_vendor:/opt/ros/jazzy/opt/gz_transport_vendor:/opt/ros/jazzy/opt/gz_rendering_vendor:/opt/ros/jazzy/opt/gz_plugin_vendor:/opt/ros/jazzy/opt/gz_fuel_tools_vendor:/opt/ros/jazzy/opt/gz_msgs_vendor:/opt/ros/jazzy/opt/gz_common_vendor:/opt/ros/jazzy/opt/gz_math_vendor:/opt/ros/jazzy/opt/gz_utils_vendor:/opt/ros/jazzy/opt/gz_tools_vendor:/opt/ros/jazzy/opt/gz_ogre_next_vendor:/opt/ros/jazzy/opt/gz_dartsim_vendor:/opt/ros/jazzy/opt/gz_cmake_vendor:/home/mikks/ros2_px4_ws/install/x500_hover_controller:/home/mikks/ros2_px4_ws/install/example_mode_with_rclpy_py:/home/mikks/ros2_px4_ws/install/example_mode_goto_py:/home/mikks/ros2_px4_ws/install/px4_actuator_ctrl:/home/mikks/ros2_ws/install/rover_desc_description:/home/mikks/ros2_ws/install/px4_actuator_ctrl:/home/mikks/ros2_ws/install/mine_rover_description:/home/mikks/ros2_ws/install/ZerionURDFV5cp_description:/home/mikks/crazyflie_mapping_demo/ros2_ws/install/velocity_free_consensus:/home/mikks/crazyflie_mapping_demo/ros2_ws/install/stepwise_lowpos:/home/mikks/crazyflie_mapping_demo/ros2_ws/install/step_wise_lowpos:/home/mikks/crazyflie_mapping_demo/ros2_ws/install/second_order_formation_control:/home/mikks/crazyflie_mapping_demo/ros2_ws/install/ros_gz_crazyflie_control:/home/mikks/crazyflie_mapping_demo/ros2_ws/install/mixed_fractional_consensus:/home/mikks/crazyflie_mapping_demo/ros2_ws/install/lowest_pos:/home/mikks/crazyflie_mapping_demo/ros2_ws/install/linear_consensus:/home/mikks/crazyflie_mapping_demo/ros2_ws/install/highest_pos:/home/mikks/crazyflie_mapping_demo/ros2_ws/install/fractional_consensus_alpha:/home/mikks/crazyflie_mapping_demo/ros2_ws/install/event_triggered_swarm:/home/mikks/crazyflie_mapping_demo/ros2_ws/install/drone_logger:/home/mikks/crazyflie_mapping_demo/ros2_ws/install/distributed_average_tracking:/home/mikks/crazyflie_mapping_demo/ros2_ws/install/crazyflie_swarm_logic:/home/mikks/crazyflie_mapping_demo/ros2_ws/install/crazyflie_ros2_multiranger_wall_following:/home/mikks/crazyflie_mapping_demo/ros2_ws/install/crazyflie_ros2_multiranger_simple_mapper:/home/mikks/crazyflie_mapping_demo/ros2_ws/install/crazyflie_py:/home/mikks/crazyflie_mapping_demo/ros2_ws/install/cooperative_target_centric_formation:/home/mikks/crazyflie_mapping_demo/ros2_ws/install/containment_using_agent_information:/home/mikks/crazyflie_mapping_demo/ros2_ws/install/consensus_for_double_integrator:/home/mikks/crazyflie_mapping_demo/ros2_ws/install/consensus_alignment:/home/mikks/crazyflie_mapping_demo/ros2_ws/install/binary_consensus:/home/mikks/crazyflie_mapping_demo/ros2_ws/install/Second_Order_Min_Consensus_for_Heterogeneous_Agents:/home/mikks/crazyflie_mapping_demo/ros2_ws/install/BinaryContainmentChain:/opt/ros/jazzy DEBUGINFOD_URLS=https://debuginfod.ubuntu.com LD_LIBRARY_PATH=/home/mikks/ros2_px4_ws/install/px4_ros2_cpp/lib:/home/mikks/ros2_px4_ws/install/px4_msgs/lib:/home/mikks/ros2_px4_ws/install/px4_ros_com/lib:/home/mikks/NatNet_SDK_4.3_ubuntu/lib:/home/mikks/crazyflie_mapping_demo/ros2_ws/install/crazyflie_interfaces/lib:/opt/ros/jazzy/opt/gz_sim_vendor/lib:/opt/ros/jazzy/opt/gz_sensors_vendor/lib:/opt/ros/jazzy/opt/gz_physics_vendor/lib:/opt/ros/jazzy/opt/sdformat_vendor/lib:/opt/ros/jazzy/opt/rviz_ogre_vendor/lib:/opt/ros/jazzy/lib/x86_64-linux-gnu:/opt/ros/jazzy/opt/gz_gui_vendor/lib:/opt/ros/jazzy/opt/gz_transport_vendor/lib:/opt/ros/jazzy/opt/gz_rendering_vendor/lib:/opt/ros/jazzy/opt/gz_plugin_vendor/lib:/opt/ros/jazzy/opt/gz_fuel_tools_vendor/lib:/opt/ros/jazzy/opt/gz_msgs_vendor/lib:/opt/ros/jazzy/opt/gz_common_vendor/lib:/opt/ros/jazzy/opt/gz_math_vendor/lib:/opt/ros/jazzy/opt/gz_utils_vendor/lib:/opt/ros/jazzy/opt/gz_tools_vendor/lib:/opt/ros/jazzy/opt/gz_ogre_next_vendor/lib:/opt/ros/jazzy/opt/gz_dartsim_vendor/lib:/opt/ros/jazzy/opt/gz_cmake_vendor/lib:/opt/ros/jazzy/lib PYTHONPATH=/home/mikks/ros2_px4_ws/install/px4_msgs/lib/python3.12/site-packages:/home/mikks/ros2_px4_ws/build/x500_hover_controller:/home/mikks/ros2_px4_ws/install/x500_hover_controller/lib/python3.12/site-packages:/home/mikks/ros2_px4_ws/install/px4_ros_com/lib/python3.12/site-packages:/home/mikks/ros2_px4_ws/build/example_mode_with_rclpy_py:/home/mikks/ros2_px4_ws/install/example_mode_with_rclpy_py/lib/python3.12/site-packages:/home/mikks/ros2_px4_ws/build/example_mode_goto_py:/home/mikks/ros2_px4_ws/install/example_mode_goto_py/lib/python3.12/site-packages:/home/mikks/ros2_px4_ws/install/px4_ros2_py/lib/python3.12/site-packages:/home/mikks/ros2_px4_ws/build/px4_actuator_ctrl:/home/mikks/ros2_px4_ws/install/px4_actuator_ctrl/lib/python3.12/site-packages:/home/mikks/ros2_ws/build/rover_desc_description:/home/mikks/ros2_ws/install/rover_desc_description/lib/python3.12/site-packages:/home/mikks/ros2_ws/install/px4_actuator_ctrl/lib/python3.12/site-packages:/home/mikks/ros2_ws/build/mine_rover_description:/home/mikks/ros2_ws/install/mine_rover_description/lib/python3.12/site-packages:/home/mikks/ros2_ws/build/ZerionURDFV5cp_description:/home/mikks/ros2_ws/install/ZerionURDFV5cp_description/lib/python3.12/site-packages:/home/mikks/crazyflie_mapping_demo/ros2_ws/install/velocity_free_consensus/lib/python3.12/site-packages:/home/mikks/crazyflie_mapping_demo/ros2_ws/install/stepwise_lowpos/lib/python3.12/site-packages:/home/mikks/crazyflie_mapping_demo/ros2_ws/install/step_wise_lowpos/lib/python3.12/site-packages:/home/mikks/crazyflie_mapping_demo/ros2_ws/install/second_order_formation_control/lib/python3.12/site-packages:/home/mikks/crazyflie_mapping_demo/ros2_ws/install/ros_gz_crazyflie_control/lib/python3.12/site-packages:/home/mikks/crazyflie_mapping_demo/ros2_ws/install/mixed_fractional_consensus/lib/python3.12/site-packages:/home/mikks/crazyflie_mapping_demo/ros2_ws/install/lowest_pos/lib/python3.12/site-packages:/home/mikks/crazyflie_mapping_demo/ros2_ws/install/linear_consensus/lib/python3.12/site-packages:/home/mikks/crazyflie_mapping_demo/ros2_ws/install/highest_pos/lib/python3.12/site-packages:/home/mikks/crazyflie_mapping_demo/ros2_ws/install/fractional_consensus_alpha/lib/python3.12/site-packages:/home/mikks/crazyflie_mapping_demo/ros2_ws/install/event_triggered_swarm/lib/python3.12/site-packages:/home/mikks/crazyflie_mapping_demo/ros2_ws/install/drone_logger/lib/python3.12/site-packages:/home/mikks/crazyflie_mapping_demo/ros2_ws/install/distributed_average_tracking/lib/python3.12/site-packages:/home/mikks/crazyflie_mapping_demo/ros2_ws/install/crazyflie_swarm_logic/lib/python3.12/site-packages:/home/mikks/crazyflie_mapping_demo/ros2_ws/install/crazyflie_sim/lib/python3.12/site-packages:/home/mikks/crazyflie_mapping_demo/ros2_ws/install/crazyflie_ros2_multiranger_wall_following/lib/python3.12/site-packages:/home/mikks/crazyflie_mapping_demo/ros2_ws/install/crazyflie_ros2_multiranger_simple_mapper/lib/python3.12/site-packages:/home/mikks/crazyflie_mapping_demo/ros2_ws/install/crazyflie_examples/lib/python3.12/site-packages:/home/mikks/crazyflie_mapping_demo/ros2_ws/install/crazyflie_py/lib/python3.12/site-packages:/home/mikks/crazyflie_mapping_demo/ros2_ws/install/crazyflie_interfaces/lib/python3.12/site-packages:/home/mikks/crazyflie_mapping_demo/ros2_ws/install/cooperative_target_centric_formation/lib/python3.12/site-packages:/home/mikks/crazyflie_mapping_demo/ros2_ws/install/containment_using_agent_information/lib/python3.12/site-packages:/home/mikks/crazyflie_mapping_demo/ros2_ws/install/consensus_for_double_integrator/lib/python3.12/site-packages:/home/mikks/crazyflie_mapping_demo/ros2_ws/install/consensus_alignment/lib/python3.12/site-packages:/home/mikks/crazyflie_mapping_demo/ros2_ws/install/binary_consensus/lib/python3.12/site-packages:/home/mikks/crazyflie_mapping_demo/ros2_ws/install/Second_Order_Min_Consensus_for_Heterogeneous_Agents/lib/python3.12/site-packages:/home/mikks/crazyflie_mapping_demo/ros2_ws/install/BinaryContainmentChain/lib/python3.12/site-packages:/opt/ros/jazzy/lib/python3.12/site-packages /usr/bin/cmake --install /home/mikks/ros2_px4_ws/build/example_local_navigation_cpp
[3.756s] Level 1:colcon.colcon_core.environment:checking '/home/mikks/ros2_px4_ws/install/example_local_navigation_cpp' for CMake config files
[3.756s] Level 1:colcon.colcon_core.shell:create_environment_hook('example_local_navigation_cpp', 'cmake_prefix_path')
[3.756s] INFO:colcon.colcon_core.shell:Creating environment hook '/home/mikks/ros2_px4_ws/install/example_local_navigation_cpp/share/example_local_navigation_cpp/hook/cmake_prefix_path.ps1'
[3.756s] INFO:colcon.colcon_core.shell:Creating environment descriptor '/home/mikks/ros2_px4_ws/install/example_local_navigation_cpp/share/example_local_navigation_cpp/hook/cmake_prefix_path.dsv'
[3.757s] INFO:colcon.colcon_core.shell:Creating environment hook '/home/mikks/ros2_px4_ws/install/example_local_navigation_cpp/share/example_local_navigation_cpp/hook/cmake_prefix_path.sh'
[3.757s] Level 1:colcon.colcon_core.environment:checking '/home/mikks/ros2_px4_ws/install/example_local_navigation_cpp/lib'
[3.757s] Level 1:colcon.colcon_core.environment:checking '/home/mikks/ros2_px4_ws/install/example_local_navigation_cpp/bin'
[3.757s] Level 1:colcon.colcon_core.environment:checking '/home/mikks/ros2_px4_ws/install/example_local_navigation_cpp/lib/pkgconfig/example_local_navigation_cpp.pc'
[3.758s] Level 1:colcon.colcon_core.environment:checking '/home/mikks/ros2_px4_ws/install/example_local_navigation_cpp/lib/python3.12/site-packages'
[3.758s] Level 1:colcon.colcon_core.environment:checking '/home/mikks/ros2_px4_ws/install/example_local_navigation_cpp/bin'
[3.758s] INFO:colcon.colcon_core.shell:Creating package script '/home/mikks/ros2_px4_ws/install/example_local_navigation_cpp/share/example_local_navigation_cpp/package.ps1'
[3.758s] INFO:colcon.colcon_core.shell:Creating package descriptor '/home/mikks/ros2_px4_ws/install/example_local_navigation_cpp/share/example_local_navigation_cpp/package.dsv'
[3.759s] INFO:colcon.colcon_core.shell:Creating package script '/home/mikks/ros2_px4_ws/install/example_local_navigation_cpp/share/example_local_navigation_cpp/package.sh'
[3.759s] INFO:colcon.colcon_core.shell:Creating package script '/home/mikks/ros2_px4_ws/install/example_local_navigation_cpp/share/example_local_navigation_cpp/package.bash'
[3.760s] INFO:colcon.colcon_core.shell:Creating package script '/home/mikks/ros2_px4_ws/install/example_local_navigation_cpp/share/example_local_navigation_cpp/package.zsh'
[3.760s] Level 1:colcon.colcon_core.environment:create_file_with_runtime_dependencies(/home/mikks/ros2_px4_ws/install/example_local_navigation_cpp/share/colcon-core/packages/example_local_navigation_cpp)
[3.760s] Level 1:colcon.colcon_core.environment:create_environment_scripts_only(example_local_navigation_cpp)
[3.760s] Level 1:colcon.colcon_core.environment:checking '/home/mikks/ros2_px4_ws/install/example_local_navigation_cpp' for CMake module files
[3.761s] Level 1:colcon.colcon_core.environment:checking '/home/mikks/ros2_px4_ws/install/example_local_navigation_cpp' for CMake config files
[3.761s] Level 1:colcon.colcon_core.shell:create_environment_hook('example_local_navigation_cpp', 'cmake_prefix_path')
[3.761s] INFO:colcon.colcon_core.shell:Creating environment hook '/home/mikks/ros2_px4_ws/install/example_local_navigation_cpp/share/example_local_navigation_cpp/hook/cmake_prefix_path.ps1'
[3.762s] INFO:colcon.colcon_core.shell:Creating environment descriptor '/home/mikks/ros2_px4_ws/install/example_local_navigation_cpp/share/example_local_navigation_cpp/hook/cmake_prefix_path.dsv'
[3.762s] INFO:colcon.colcon_core.shell:Creating environment hook '/home/mikks/ros2_px4_ws/install/example_local_navigation_cpp/share/example_local_navigation_cpp/hook/cmake_prefix_path.sh'
[3.763s] Level 1:colcon.colcon_core.environment:checking '/home/mikks/ros2_px4_ws/install/example_local_navigation_cpp/lib'
[3.763s] Level 1:colcon.colcon_core.environment:checking '/home/mikks/ros2_px4_ws/install/example_local_navigation_cpp/bin'
[3.763s] Level 1:colcon.colcon_core.environment:checking '/home/mikks/ros2_px4_ws/install/example_local_navigation_cpp/lib/pkgconfig/example_local_navigation_cpp.pc'
[3.763s] Level 1:colcon.colcon_core.environment:checking '/home/mikks/ros2_px4_ws/install/example_local_navigation_cpp/lib/python3.12/site-packages'
[3.763s] Level 1:colcon.colcon_core.environment:checking '/home/mikks/ros2_px4_ws/install/example_local_navigation_cpp/bin'
[3.763s] INFO:colcon.colcon_core.shell:Creating package script '/home/mikks/ros2_px4_ws/install/example_local_navigation_cpp/share/example_local_navigation_cpp/package.ps1'
[3.764s] INFO:colcon.colcon_core.shell:Creating package descriptor '/home/mikks/ros2_px4_ws/install/example_local_navigation_cpp/share/example_local_navigation_cpp/package.dsv'
[3.765s] INFO:colcon.colcon_core.shell:Creating package script '/home/mikks/ros2_px4_ws/install/example_local_navigation_cpp/share/example_local_navigation_cpp/package.sh'
[3.765s] INFO:colcon.colcon_core.shell:Creating package script '/home/mikks/ros2_px4_ws/install/example_local_navigation_cpp/share/example_local_navigation_cpp/package.bash'
[3.765s] INFO:colcon.colcon_core.shell:Creating package script '/home/mikks/ros2_px4_ws/install/example_local_navigation_cpp/share/example_local_navigation_cpp/package.zsh'
[3.766s] Level 1:colcon.colcon_core.environment:create_file_with_runtime_dependencies(/home/mikks/ros2_px4_ws/install/example_local_navigation_cpp/share/colcon-core/packages/example_local_navigation_cpp)
[3.767s] Level 1:colcon.colcon_core.environment:create_environment_scripts_only(example_mode_fw_attitude_cpp)
[3.767s] Level 1:colcon.colcon_core.environment:checking '/home/mikks/ros2_px4_ws/install/example_mode_fw_attitude_cpp' for CMake module files
[3.768s] DEBUG:colcon.colcon_core.event_handler.log_command:Invoked command in '/home/mikks/ros2_px4_ws/build/example_mode_fw_attitude_cpp' returned '0': CMAKE_PREFIX_PATH=/home/mikks/ros2_px4_ws/install/px4_ros2_cpp:/home/mikks/ros2_px4_ws/install/px4_msgs:/home/mikks/ros2_px4_ws/install/px4_ros_com:/home/mikks/ros2_px4_ws/install/px4_ros2_py:/home/mikks/ros2_px4_ws/install/example_rover_velocity_mode_cpp:/home/mikks/ros2_px4_ws/install/example_mode_with_executor_cpp:/home/mikks/ros2_px4_ws/install/example_mode_vtol_cpp:/home/mikks/ros2_px4_ws/install/example_mode_rtl_replacement_cpp:/home/mikks/ros2_px4_ws/install/example_mode_mission_cpp:/home/mikks/ros2_px4_ws/install/example_mode_manual_cpp:/home/mikks/ros2_px4_ws/install/example_mode_goto_global_cpp:/home/mikks/ros2_px4_ws/install/example_mode_goto_cpp:/home/mikks/ros2_px4_ws/install/example_mode_fw_attitude_cpp:/home/mikks/ros2_px4_ws/install/example_local_navigation_cpp:/home/mikks/ros2_px4_ws/install/example_global_navigation_cpp:/home/mikks/ros2_px4_ws/install/example_executor_with_multiple_modes_cpp:/home/mikks/crazyflie_mapping_demo/ros2_ws/install/crazyflie_ros2_multiranger_bringup:/home/mikks/crazyflie_mapping_demo/ros2_ws/install/ros_gz_crazyflie_bringup:/home/mikks/crazyflie_mapping_demo/ros2_ws/install/ros_gz_crazyflie_gazebo:/home/mikks/crazyflie_mapping_demo/ros2_ws/install/crazyflie_sim:/home/mikks/crazyflie_mapping_demo/ros2_ws/install/crazyflie_examples:/home/mikks/crazyflie_mapping_demo/ros2_ws/install/crazyflie:/home/mikks/crazyflie_mapping_demo/ros2_ws/install/crazyflie_interfaces:/opt/ros/jazzy/opt/gz_sim_vendor:/opt/ros/jazzy/opt/gz_sensors_vendor:/opt/ros/jazzy/opt/gz_physics_vendor:/opt/ros/jazzy/opt/sdformat_vendor:/opt/ros/jazzy/opt/gz_gui_vendor:/opt/ros/jazzy/opt/gz_transport_vendor:/opt/ros/jazzy/opt/gz_rendering_vendor:/opt/ros/jazzy/opt/gz_plugin_vendor:/opt/ros/jazzy/opt/gz_fuel_tools_vendor:/opt/ros/jazzy/opt/gz_msgs_vendor:/opt/ros/jazzy/opt/gz_common_vendor:/opt/ros/jazzy/opt/gz_math_vendor:/opt/ros/jazzy/opt/gz_utils_vendor:/opt/ros/jazzy/opt/gz_tools_vendor:/opt/ros/jazzy/opt/gz_ogre_next_vendor:/opt/ros/jazzy/opt/gz_dartsim_vendor:/opt/ros/jazzy/opt/gz_cmake_vendor:/home/mikks/ros2_px4_ws/install/x500_hover_controller:/home/mikks/ros2_px4_ws/install/example_mode_with_rclpy_py:/home/mikks/ros2_px4_ws/install/example_mode_goto_py:/home/mikks/ros2_px4_ws/install/px4_actuator_ctrl:/home/mikks/ros2_ws/install/rover_desc_description:/home/mikks/ros2_ws/install/px4_actuator_ctrl:/home/mikks/ros2_ws/install/mine_rover_description:/home/mikks/ros2_ws/install/ZerionURDFV5cp_description:/home/mikks/crazyflie_mapping_demo/ros2_ws/install/velocity_free_consensus:/home/mikks/crazyflie_mapping_demo/ros2_ws/install/stepwise_lowpos:/home/mikks/crazyflie_mapping_demo/ros2_ws/install/step_wise_lowpos:/home/mikks/crazyflie_mapping_demo/ros2_ws/install/second_order_formation_control:/home/mikks/crazyflie_mapping_demo/ros2_ws/install/ros_gz_crazyflie_control:/home/mikks/crazyflie_mapping_demo/ros2_ws/install/mixed_fractional_consensus:/home/mikks/crazyflie_mapping_demo/ros2_ws/install/lowest_pos:/home/mikks/crazyflie_mapping_demo/ros2_ws/install/linear_consensus:/home/mikks/crazyflie_mapping_demo/ros2_ws/install/highest_pos:/home/mikks/crazyflie_mapping_demo/ros2_ws/install/fractional_consensus_alpha:/home/mikks/crazyflie_mapping_demo/ros2_ws/install/event_triggered_swarm:/home/mikks/crazyflie_mapping_demo/ros2_ws/install/drone_logger:/home/mikks/crazyflie_mapping_demo/ros2_ws/install/distributed_average_tracking:/home/mikks/crazyflie_mapping_demo/ros2_ws/install/crazyflie_swarm_logic:/home/mikks/crazyflie_mapping_demo/ros2_ws/install/crazyflie_ros2_multiranger_wall_following:/home/mikks/crazyflie_mapping_demo/ros2_ws/install/crazyflie_ros2_multiranger_simple_mapper:/home/mikks/crazyflie_mapping_demo/ros2_ws/install/crazyflie_py:/home/mikks/crazyflie_mapping_demo/ros2_ws/install/cooperative_target_centric_formation:/home/mikks/crazyflie_mapping_demo/ros2_ws/install/containment_using_agent_information:/home/mikks/crazyflie_mapping_demo/ros2_ws/install/consensus_for_double_integrator:/home/mikks/crazyflie_mapping_demo/ros2_ws/install/consensus_alignment:/home/mikks/crazyflie_mapping_demo/ros2_ws/install/binary_consensus:/home/mikks/crazyflie_mapping_demo/ros2_ws/install/Second_Order_Min_Consensus_for_Heterogeneous_Agents:/home/mikks/crazyflie_mapping_demo/ros2_ws/install/BinaryContainmentChain:/opt/ros/jazzy DEBUGINFOD_URLS=https://debuginfod.ubuntu.com LD_LIBRARY_PATH=/home/mikks/ros2_px4_ws/install/px4_ros2_cpp/lib:/home/mikks/ros2_px4_ws/install/px4_msgs/lib:/home/mikks/ros2_px4_ws/install/px4_ros_com/lib:/home/mikks/NatNet_SDK_4.3_ubuntu/lib:/home/mikks/crazyflie_mapping_demo/ros2_ws/install/crazyflie_interfaces/lib:/opt/ros/jazzy/opt/gz_sim_vendor/lib:/opt/ros/jazzy/opt/gz_sensors_vendor/lib:/opt/ros/jazzy/opt/gz_physics_vendor/lib:/opt/ros/jazzy/opt/sdformat_vendor/lib:/opt/ros/jazzy/opt/rviz_ogre_vendor/lib:/opt/ros/jazzy/lib/x86_64-linux-gnu:/opt/ros/jazzy/opt/gz_gui_vendor/lib:/opt/ros/jazzy/opt/gz_transport_vendor/lib:/opt/ros/jazzy/opt/gz_rendering_vendor/lib:/opt/ros/jazzy/opt/gz_plugin_vendor/lib:/opt/ros/jazzy/opt/gz_fuel_tools_vendor/lib:/opt/ros/jazzy/opt/gz_msgs_vendor/lib:/opt/ros/jazzy/opt/gz_common_vendor/lib:/opt/ros/jazzy/opt/gz_math_vendor/lib:/opt/ros/jazzy/opt/gz_utils_vendor/lib:/opt/ros/jazzy/opt/gz_tools_vendor/lib:/opt/ros/jazzy/opt/gz_ogre_next_vendor/lib:/opt/ros/jazzy/opt/gz_dartsim_vendor/lib:/opt/ros/jazzy/opt/gz_cmake_vendor/lib:/opt/ros/jazzy/lib PYTHONPATH=/home/mikks/ros2_px4_ws/install/px4_msgs/lib/python3.12/site-packages:/home/mikks/ros2_px4_ws/build/x500_hover_controller:/home/mikks/ros2_px4_ws/install/x500_hover_controller/lib/python3.12/site-packages:/home/mikks/ros2_px4_ws/install/px4_ros_com/lib/python3.12/site-packages:/home/mikks/ros2_px4_ws/build/example_mode_with_rclpy_py:/home/mikks/ros2_px4_ws/install/example_mode_with_rclpy_py/lib/python3.12/site-packages:/home/mikks/ros2_px4_ws/build/example_mode_goto_py:/home/mikks/ros2_px4_ws/install/example_mode_goto_py/lib/python3.12/site-packages:/home/mikks/ros2_px4_ws/install/px4_ros2_py/lib/python3.12/site-packages:/home/mikks/ros2_px4_ws/build/px4_actuator_ctrl:/home/mikks/ros2_px4_ws/install/px4_actuator_ctrl/lib/python3.12/site-packages:/home/mikks/ros2_ws/build/rover_desc_description:/home/mikks/ros2_ws/install/rover_desc_description/lib/python3.12/site-packages:/home/mikks/ros2_ws/install/px4_actuator_ctrl/lib/python3.12/site-packages:/home/mikks/ros2_ws/build/mine_rover_description:/home/mikks/ros2_ws/install/mine_rover_description/lib/python3.12/site-packages:/home/mikks/ros2_ws/build/ZerionURDFV5cp_description:/home/mikks/ros2_ws/install/ZerionURDFV5cp_description/lib/python3.12/site-packages:/home/mikks/crazyflie_mapping_demo/ros2_ws/install/velocity_free_consensus/lib/python3.12/site-packages:/home/mikks/crazyflie_mapping_demo/ros2_ws/install/stepwise_lowpos/lib/python3.12/site-packages:/home/mikks/crazyflie_mapping_demo/ros2_ws/install/step_wise_lowpos/lib/python3.12/site-packages:/home/mikks/crazyflie_mapping_demo/ros2_ws/install/second_order_formation_control/lib/python3.12/site-packages:/home/mikks/crazyflie_mapping_demo/ros2_ws/install/ros_gz_crazyflie_control/lib/python3.12/site-packages:/home/mikks/crazyflie_mapping_demo/ros2_ws/install/mixed_fractional_consensus/lib/python3.12/site-packages:/home/mikks/crazyflie_mapping_demo/ros2_ws/install/lowest_pos/lib/python3.12/site-packages:/home/mikks/crazyflie_mapping_demo/ros2_ws/install/linear_consensus/lib/python3.12/site-packages:/home/mikks/crazyflie_mapping_demo/ros2_ws/install/highest_pos/lib/python3.12/site-packages:/home/mikks/crazyflie_mapping_demo/ros2_ws/install/fractional_consensus_alpha/lib/python3.12/site-packages:/home/mikks/crazyflie_mapping_demo/ros2_ws/install/event_triggered_swarm/lib/python3.12/site-packages:/home/mikks/crazyflie_mapping_demo/ros2_ws/install/drone_logger/lib/python3.12/site-packages:/home/mikks/crazyflie_mapping_demo/ros2_ws/install/distributed_average_tracking/lib/python3.12/site-packages:/home/mikks/crazyflie_mapping_demo/ros2_ws/install/crazyflie_swarm_logic/lib/python3.12/site-packages:/home/mikks/crazyflie_mapping_demo/ros2_ws/install/crazyflie_sim/lib/python3.12/site-packages:/home/mikks/crazyflie_mapping_demo/ros2_ws/install/crazyflie_ros2_multiranger_wall_following/lib/python3.12/site-packages:/home/mikks/crazyflie_mapping_demo/ros2_ws/install/crazyflie_ros2_multiranger_simple_mapper/lib/python3.12/site-packages:/home/mikks/crazyflie_mapping_demo/ros2_ws/install/crazyflie_examples/lib/python3.12/site-packages:/home/mikks/crazyflie_mapping_demo/ros2_ws/install/crazyflie_py/lib/python3.12/site-packages:/home/mikks/crazyflie_mapping_demo/ros2_ws/install/crazyflie_interfaces/lib/python3.12/site-packages:/home/mikks/crazyflie_mapping_demo/ros2_ws/install/cooperative_target_centric_formation/lib/python3.12/site-packages:/home/mikks/crazyflie_mapping_demo/ros2_ws/install/containment_using_agent_information/lib/python3.12/site-packages:/home/mikks/crazyflie_mapping_demo/ros2_ws/install/consensus_for_double_integrator/lib/python3.12/site-packages:/home/mikks/crazyflie_mapping_demo/ros2_ws/install/consensus_alignment/lib/python3.12/site-packages:/home/mikks/crazyflie_mapping_demo/ros2_ws/install/binary_consensus/lib/python3.12/site-packages:/home/mikks/crazyflie_mapping_demo/ros2_ws/install/Second_Order_Min_Consensus_for_Heterogeneous_Agents/lib/python3.12/site-packages:/home/mikks/crazyflie_mapping_demo/ros2_ws/install/BinaryContainmentChain/lib/python3.12/site-packages:/opt/ros/jazzy/lib/python3.12/site-packages /usr/bin/cmake --install /home/mikks/ros2_px4_ws/build/example_mode_fw_attitude_cpp
[3.769s] Level 1:colcon.colcon_core.environment:checking '/home/mikks/ros2_px4_ws/install/example_mode_fw_attitude_cpp' for CMake config files
[3.769s] Level 1:colcon.colcon_core.shell:create_environment_hook('example_mode_fw_attitude_cpp', 'cmake_prefix_path')
[3.769s] INFO:colcon.colcon_core.shell:Creating environment hook '/home/mikks/ros2_px4_ws/install/example_mode_fw_attitude_cpp/share/example_mode_fw_attitude_cpp/hook/cmake_prefix_path.ps1'
[3.770s] INFO:colcon.colcon_core.shell:Creating environment descriptor '/home/mikks/ros2_px4_ws/install/example_mode_fw_attitude_cpp/share/example_mode_fw_attitude_cpp/hook/cmake_prefix_path.dsv'
[3.770s] INFO:colcon.colcon_core.shell:Creating environment hook '/home/mikks/ros2_px4_ws/install/example_mode_fw_attitude_cpp/share/example_mode_fw_attitude_cpp/hook/cmake_prefix_path.sh'
[3.771s] Level 1:colcon.colcon_core.environment:checking '/home/mikks/ros2_px4_ws/install/example_mode_fw_attitude_cpp/lib'
[3.771s] Level 1:colcon.colcon_core.environment:checking '/home/mikks/ros2_px4_ws/install/example_mode_fw_attitude_cpp/bin'
[3.771s] Level 1:colcon.colcon_core.environment:checking '/home/mikks/ros2_px4_ws/install/example_mode_fw_attitude_cpp/lib/pkgconfig/example_mode_fw_attitude_cpp.pc'
[3.771s] Level 1:colcon.colcon_core.environment:checking '/home/mikks/ros2_px4_ws/install/example_mode_fw_attitude_cpp/lib/python3.12/site-packages'
[3.771s] Level 1:colcon.colcon_core.environment:checking '/home/mikks/ros2_px4_ws/install/example_mode_fw_attitude_cpp/bin'
[3.771s] INFO:colcon.colcon_core.shell:Creating package script '/home/mikks/ros2_px4_ws/install/example_mode_fw_attitude_cpp/share/example_mode_fw_attitude_cpp/package.ps1'
[3.772s] INFO:colcon.colcon_core.shell:Creating package descriptor '/home/mikks/ros2_px4_ws/install/example_mode_fw_attitude_cpp/share/example_mode_fw_attitude_cpp/package.dsv'
[3.772s] INFO:colcon.colcon_core.shell:Creating package script '/home/mikks/ros2_px4_ws/install/example_mode_fw_attitude_cpp/share/example_mode_fw_attitude_cpp/package.sh'
[3.772s] INFO:colcon.colcon_core.shell:Creating package script '/home/mikks/ros2_px4_ws/install/example_mode_fw_attitude_cpp/share/example_mode_fw_attitude_cpp/package.bash'
[3.773s] INFO:colcon.colcon_core.shell:Creating package script '/home/mikks/ros2_px4_ws/install/example_mode_fw_attitude_cpp/share/example_mode_fw_attitude_cpp/package.zsh'
[3.773s] Level 1:colcon.colcon_core.environment:create_file_with_runtime_dependencies(/home/mikks/ros2_px4_ws/install/example_mode_fw_attitude_cpp/share/colcon-core/packages/example_mode_fw_attitude_cpp)
[3.773s] Level 1:colcon.colcon_core.environment:create_environment_scripts_only(example_mode_fw_attitude_cpp)
[3.774s] Level 1:colcon.colcon_core.environment:checking '/home/mikks/ros2_px4_ws/install/example_mode_fw_attitude_cpp' for CMake module files
[3.774s] Level 1:colcon.colcon_core.environment:checking '/home/mikks/ros2_px4_ws/install/example_mode_fw_attitude_cpp' for CMake config files
[3.774s] Level 1:colcon.colcon_core.shell:create_environment_hook('example_mode_fw_attitude_cpp', 'cmake_prefix_path')
[3.775s] INFO:colcon.colcon_core.shell:Creating environment hook '/home/mikks/ros2_px4_ws/install/example_mode_fw_attitude_cpp/share/example_mode_fw_attitude_cpp/hook/cmake_prefix_path.ps1'
[3.775s] INFO:colcon.colcon_core.shell:Creating environment descriptor '/home/mikks/ros2_px4_ws/install/example_mode_fw_attitude_cpp/share/example_mode_fw_attitude_cpp/hook/cmake_prefix_path.dsv'
[3.775s] INFO:colcon.colcon_core.shell:Creating environment hook '/home/mikks/ros2_px4_ws/install/example_mode_fw_attitude_cpp/share/example_mode_fw_attitude_cpp/hook/cmake_prefix_path.sh'
[3.776s] Level 1:colcon.colcon_core.environment:checking '/home/mikks/ros2_px4_ws/install/example_mode_fw_attitude_cpp/lib'
[3.776s] Level 1:colcon.colcon_core.environment:checking '/home/mikks/ros2_px4_ws/install/example_mode_fw_attitude_cpp/bin'
[3.776s] Level 1:colcon.colcon_core.environment:checking '/home/mikks/ros2_px4_ws/install/example_mode_fw_attitude_cpp/lib/pkgconfig/example_mode_fw_attitude_cpp.pc'
[3.776s] Level 1:colcon.colcon_core.environment:checking '/home/mikks/ros2_px4_ws/install/example_mode_fw_attitude_cpp/lib/python3.12/site-packages'
[3.776s] Level 1:colcon.colcon_core.environment:checking '/home/mikks/ros2_px4_ws/install/example_mode_fw_attitude_cpp/bin'
[3.777s] INFO:colcon.colcon_core.shell:Creating package script '/home/mikks/ros2_px4_ws/install/example_mode_fw_attitude_cpp/share/example_mode_fw_attitude_cpp/package.ps1'
[3.777s] INFO:colcon.colcon_core.shell:Creating package descriptor '/home/mikks/ros2_px4_ws/install/example_mode_fw_attitude_cpp/share/example_mode_fw_attitude_cpp/package.dsv'
[3.777s] INFO:colcon.colcon_core.shell:Creating package script '/home/mikks/ros2_px4_ws/install/example_mode_fw_attitude_cpp/share/example_mode_fw_attitude_cpp/package.sh'
[3.778s] INFO:colcon.colcon_core.shell:Creating package script '/home/mikks/ros2_px4_ws/install/example_mode_fw_attitude_cpp/share/example_mode_fw_attitude_cpp/package.bash'
[3.778s] INFO:colcon.colcon_core.shell:Creating package script '/home/mikks/ros2_px4_ws/install/example_mode_fw_attitude_cpp/share/example_mode_fw_attitude_cpp/package.zsh'
[3.778s] Level 1:colcon.colcon_core.environment:create_file_with_runtime_dependencies(/home/mikks/ros2_px4_ws/install/example_mode_fw_attitude_cpp/share/colcon-core/packages/example_mode_fw_attitude_cpp)
[3.779s] Level 1:colcon.colcon_core.environment:create_environment_scripts_only(example_mode_goto_global_cpp)
[3.779s] Level 1:colcon.colcon_core.environment:checking '/home/mikks/ros2_px4_ws/install/example_mode_goto_global_cpp' for CMake module files
[3.780s] DEBUG:colcon.colcon_core.event_handler.log_command:Invoked command in '/home/mikks/ros2_px4_ws/build/example_mode_goto_global_cpp' returned '0': CMAKE_PREFIX_PATH=/home/mikks/ros2_px4_ws/install/px4_ros2_cpp:/home/mikks/ros2_px4_ws/install/px4_msgs:/home/mikks/ros2_px4_ws/install/px4_ros_com:/home/mikks/ros2_px4_ws/install/px4_ros2_py:/home/mikks/ros2_px4_ws/install/example_rover_velocity_mode_cpp:/home/mikks/ros2_px4_ws/install/example_mode_with_executor_cpp:/home/mikks/ros2_px4_ws/install/example_mode_vtol_cpp:/home/mikks/ros2_px4_ws/install/example_mode_rtl_replacement_cpp:/home/mikks/ros2_px4_ws/install/example_mode_mission_cpp:/home/mikks/ros2_px4_ws/install/example_mode_manual_cpp:/home/mikks/ros2_px4_ws/install/example_mode_goto_global_cpp:/home/mikks/ros2_px4_ws/install/example_mode_goto_cpp:/home/mikks/ros2_px4_ws/install/example_mode_fw_attitude_cpp:/home/mikks/ros2_px4_ws/install/example_local_navigation_cpp:/home/mikks/ros2_px4_ws/install/example_global_navigation_cpp:/home/mikks/ros2_px4_ws/install/example_executor_with_multiple_modes_cpp:/home/mikks/crazyflie_mapping_demo/ros2_ws/install/crazyflie_ros2_multiranger_bringup:/home/mikks/crazyflie_mapping_demo/ros2_ws/install/ros_gz_crazyflie_bringup:/home/mikks/crazyflie_mapping_demo/ros2_ws/install/ros_gz_crazyflie_gazebo:/home/mikks/crazyflie_mapping_demo/ros2_ws/install/crazyflie_sim:/home/mikks/crazyflie_mapping_demo/ros2_ws/install/crazyflie_examples:/home/mikks/crazyflie_mapping_demo/ros2_ws/install/crazyflie:/home/mikks/crazyflie_mapping_demo/ros2_ws/install/crazyflie_interfaces:/opt/ros/jazzy/opt/gz_sim_vendor:/opt/ros/jazzy/opt/gz_sensors_vendor:/opt/ros/jazzy/opt/gz_physics_vendor:/opt/ros/jazzy/opt/sdformat_vendor:/opt/ros/jazzy/opt/gz_gui_vendor:/opt/ros/jazzy/opt/gz_transport_vendor:/opt/ros/jazzy/opt/gz_rendering_vendor:/opt/ros/jazzy/opt/gz_plugin_vendor:/opt/ros/jazzy/opt/gz_fuel_tools_vendor:/opt/ros/jazzy/opt/gz_msgs_vendor:/opt/ros/jazzy/opt/gz_common_vendor:/opt/ros/jazzy/opt/gz_math_vendor:/opt/ros/jazzy/opt/gz_utils_vendor:/opt/ros/jazzy/opt/gz_tools_vendor:/opt/ros/jazzy/opt/gz_ogre_next_vendor:/opt/ros/jazzy/opt/gz_dartsim_vendor:/opt/ros/jazzy/opt/gz_cmake_vendor:/home/mikks/ros2_px4_ws/install/x500_hover_controller:/home/mikks/ros2_px4_ws/install/example_mode_with_rclpy_py:/home/mikks/ros2_px4_ws/install/example_mode_goto_py:/home/mikks/ros2_px4_ws/install/px4_actuator_ctrl:/home/mikks/ros2_ws/install/rover_desc_description:/home/mikks/ros2_ws/install/px4_actuator_ctrl:/home/mikks/ros2_ws/install/mine_rover_description:/home/mikks/ros2_ws/install/ZerionURDFV5cp_description:/home/mikks/crazyflie_mapping_demo/ros2_ws/install/velocity_free_consensus:/home/mikks/crazyflie_mapping_demo/ros2_ws/install/stepwise_lowpos:/home/mikks/crazyflie_mapping_demo/ros2_ws/install/step_wise_lowpos:/home/mikks/crazyflie_mapping_demo/ros2_ws/install/second_order_formation_control:/home/mikks/crazyflie_mapping_demo/ros2_ws/install/ros_gz_crazyflie_control:/home/mikks/crazyflie_mapping_demo/ros2_ws/install/mixed_fractional_consensus:/home/mikks/crazyflie_mapping_demo/ros2_ws/install/lowest_pos:/home/mikks/crazyflie_mapping_demo/ros2_ws/install/linear_consensus:/home/mikks/crazyflie_mapping_demo/ros2_ws/install/highest_pos:/home/mikks/crazyflie_mapping_demo/ros2_ws/install/fractional_consensus_alpha:/home/mikks/crazyflie_mapping_demo/ros2_ws/install/event_triggered_swarm:/home/mikks/crazyflie_mapping_demo/ros2_ws/install/drone_logger:/home/mikks/crazyflie_mapping_demo/ros2_ws/install/distributed_average_tracking:/home/mikks/crazyflie_mapping_demo/ros2_ws/install/crazyflie_swarm_logic:/home/mikks/crazyflie_mapping_demo/ros2_ws/install/crazyflie_ros2_multiranger_wall_following:/home/mikks/crazyflie_mapping_demo/ros2_ws/install/crazyflie_ros2_multiranger_simple_mapper:/home/mikks/crazyflie_mapping_demo/ros2_ws/install/crazyflie_py:/home/mikks/crazyflie_mapping_demo/ros2_ws/install/cooperative_target_centric_formation:/home/mikks/crazyflie_mapping_demo/ros2_ws/install/containment_using_agent_information:/home/mikks/crazyflie_mapping_demo/ros2_ws/install/consensus_for_double_integrator:/home/mikks/crazyflie_mapping_demo/ros2_ws/install/consensus_alignment:/home/mikks/crazyflie_mapping_demo/ros2_ws/install/binary_consensus:/home/mikks/crazyflie_mapping_demo/ros2_ws/install/Second_Order_Min_Consensus_for_Heterogeneous_Agents:/home/mikks/crazyflie_mapping_demo/ros2_ws/install/BinaryContainmentChain:/opt/ros/jazzy DEBUGINFOD_URLS=https://debuginfod.ubuntu.com LD_LIBRARY_PATH=/home/mikks/ros2_px4_ws/install/px4_ros2_cpp/lib:/home/mikks/ros2_px4_ws/install/px4_msgs/lib:/home/mikks/ros2_px4_ws/install/px4_ros_com/lib:/home/mikks/NatNet_SDK_4.3_ubuntu/lib:/home/mikks/crazyflie_mapping_demo/ros2_ws/install/crazyflie_interfaces/lib:/opt/ros/jazzy/opt/gz_sim_vendor/lib:/opt/ros/jazzy/opt/gz_sensors_vendor/lib:/opt/ros/jazzy/opt/gz_physics_vendor/lib:/opt/ros/jazzy/opt/sdformat_vendor/lib:/opt/ros/jazzy/opt/rviz_ogre_vendor/lib:/opt/ros/jazzy/lib/x86_64-linux-gnu:/opt/ros/jazzy/opt/gz_gui_vendor/lib:/opt/ros/jazzy/opt/gz_transport_vendor/lib:/opt/ros/jazzy/opt/gz_rendering_vendor/lib:/opt/ros/jazzy/opt/gz_plugin_vendor/lib:/opt/ros/jazzy/opt/gz_fuel_tools_vendor/lib:/opt/ros/jazzy/opt/gz_msgs_vendor/lib:/opt/ros/jazzy/opt/gz_common_vendor/lib:/opt/ros/jazzy/opt/gz_math_vendor/lib:/opt/ros/jazzy/opt/gz_utils_vendor/lib:/opt/ros/jazzy/opt/gz_tools_vendor/lib:/opt/ros/jazzy/opt/gz_ogre_next_vendor/lib:/opt/ros/jazzy/opt/gz_dartsim_vendor/lib:/opt/ros/jazzy/opt/gz_cmake_vendor/lib:/opt/ros/jazzy/lib PYTHONPATH=/home/mikks/ros2_px4_ws/install/px4_msgs/lib/python3.12/site-packages:/home/mikks/ros2_px4_ws/build/x500_hover_controller:/home/mikks/ros2_px4_ws/install/x500_hover_controller/lib/python3.12/site-packages:/home/mikks/ros2_px4_ws/install/px4_ros_com/lib/python3.12/site-packages:/home/mikks/ros2_px4_ws/build/example_mode_with_rclpy_py:/home/mikks/ros2_px4_ws/install/example_mode_with_rclpy_py/lib/python3.12/site-packages:/home/mikks/ros2_px4_ws/build/example_mode_goto_py:/home/mikks/ros2_px4_ws/install/example_mode_goto_py/lib/python3.12/site-packages:/home/mikks/ros2_px4_ws/install/px4_ros2_py/lib/python3.12/site-packages:/home/mikks/ros2_px4_ws/build/px4_actuator_ctrl:/home/mikks/ros2_px4_ws/install/px4_actuator_ctrl/lib/python3.12/site-packages:/home/mikks/ros2_ws/build/rover_desc_description:/home/mikks/ros2_ws/install/rover_desc_description/lib/python3.12/site-packages:/home/mikks/ros2_ws/install/px4_actuator_ctrl/lib/python3.12/site-packages:/home/mikks/ros2_ws/build/mine_rover_description:/home/mikks/ros2_ws/install/mine_rover_description/lib/python3.12/site-packages:/home/mikks/ros2_ws/build/ZerionURDFV5cp_description:/home/mikks/ros2_ws/install/ZerionURDFV5cp_description/lib/python3.12/site-packages:/home/mikks/crazyflie_mapping_demo/ros2_ws/install/velocity_free_consensus/lib/python3.12/site-packages:/home/mikks/crazyflie_mapping_demo/ros2_ws/install/stepwise_lowpos/lib/python3.12/site-packages:/home/mikks/crazyflie_mapping_demo/ros2_ws/install/step_wise_lowpos/lib/python3.12/site-packages:/home/mikks/crazyflie_mapping_demo/ros2_ws/install/second_order_formation_control/lib/python3.12/site-packages:/home/mikks/crazyflie_mapping_demo/ros2_ws/install/ros_gz_crazyflie_control/lib/python3.12/site-packages:/home/mikks/crazyflie_mapping_demo/ros2_ws/install/mixed_fractional_consensus/lib/python3.12/site-packages:/home/mikks/crazyflie_mapping_demo/ros2_ws/install/lowest_pos/lib/python3.12/site-packages:/home/mikks/crazyflie_mapping_demo/ros2_ws/install/linear_consensus/lib/python3.12/site-packages:/home/mikks/crazyflie_mapping_demo/ros2_ws/install/highest_pos/lib/python3.12/site-packages:/home/mikks/crazyflie_mapping_demo/ros2_ws/install/fractional_consensus_alpha/lib/python3.12/site-packages:/home/mikks/crazyflie_mapping_demo/ros2_ws/install/event_triggered_swarm/lib/python3.12/site-packages:/home/mikks/crazyflie_mapping_demo/ros2_ws/install/drone_logger/lib/python3.12/site-packages:/home/mikks/crazyflie_mapping_demo/ros2_ws/install/distributed_average_tracking/lib/python3.12/site-packages:/home/mikks/crazyflie_mapping_demo/ros2_ws/install/crazyflie_swarm_logic/lib/python3.12/site-packages:/home/mikks/crazyflie_mapping_demo/ros2_ws/install/crazyflie_sim/lib/python3.12/site-packages:/home/mikks/crazyflie_mapping_demo/ros2_ws/install/crazyflie_ros2_multiranger_wall_following/lib/python3.12/site-packages:/home/mikks/crazyflie_mapping_demo/ros2_ws/install/crazyflie_ros2_multiranger_simple_mapper/lib/python3.12/site-packages:/home/mikks/crazyflie_mapping_demo/ros2_ws/install/crazyflie_examples/lib/python3.12/site-packages:/home/mikks/crazyflie_mapping_demo/ros2_ws/install/crazyflie_py/lib/python3.12/site-packages:/home/mikks/crazyflie_mapping_demo/ros2_ws/install/crazyflie_interfaces/lib/python3.12/site-packages:/home/mikks/crazyflie_mapping_demo/ros2_ws/install/cooperative_target_centric_formation/lib/python3.12/site-packages:/home/mikks/crazyflie_mapping_demo/ros2_ws/install/containment_using_agent_information/lib/python3.12/site-packages:/home/mikks/crazyflie_mapping_demo/ros2_ws/install/consensus_for_double_integrator/lib/python3.12/site-packages:/home/mikks/crazyflie_mapping_demo/ros2_ws/install/consensus_alignment/lib/python3.12/site-packages:/home/mikks/crazyflie_mapping_demo/ros2_ws/install/binary_consensus/lib/python3.12/site-packages:/home/mikks/crazyflie_mapping_demo/ros2_ws/install/Second_Order_Min_Consensus_for_Heterogeneous_Agents/lib/python3.12/site-packages:/home/mikks/crazyflie_mapping_demo/ros2_ws/install/BinaryContainmentChain/lib/python3.12/site-packages:/opt/ros/jazzy/lib/python3.12/site-packages /usr/bin/cmake --install /home/mikks/ros2_px4_ws/build/example_mode_goto_global_cpp
[3.780s] Level 1:colcon.colcon_core.environment:checking '/home/mikks/ros2_px4_ws/install/example_mode_goto_global_cpp' for CMake config files
[3.780s] Level 1:colcon.colcon_core.shell:create_environment_hook('example_mode_goto_global_cpp', 'cmake_prefix_path')
[3.780s] INFO:colcon.colcon_core.shell:Creating environment hook '/home/mikks/ros2_px4_ws/install/example_mode_goto_global_cpp/share/example_mode_goto_global_cpp/hook/cmake_prefix_path.ps1'
[3.781s] INFO:colcon.colcon_core.shell:Creating environment descriptor '/home/mikks/ros2_px4_ws/install/example_mode_goto_global_cpp/share/example_mode_goto_global_cpp/hook/cmake_prefix_path.dsv'
[3.781s] INFO:colcon.colcon_core.shell:Creating environment hook '/home/mikks/ros2_px4_ws/install/example_mode_goto_global_cpp/share/example_mode_goto_global_cpp/hook/cmake_prefix_path.sh'
[3.782s] Level 1:colcon.colcon_core.environment:checking '/home/mikks/ros2_px4_ws/install/example_mode_goto_global_cpp/lib'
[3.782s] Level 1:colcon.colcon_core.environment:checking '/home/mikks/ros2_px4_ws/install/example_mode_goto_global_cpp/bin'
[3.782s] Level 1:colcon.colcon_core.environment:checking '/home/mikks/ros2_px4_ws/install/example_mode_goto_global_cpp/lib/pkgconfig/example_mode_goto_global_cpp.pc'
[3.782s] Level 1:colcon.colcon_core.environment:checking '/home/mikks/ros2_px4_ws/install/example_mode_goto_global_cpp/lib/python3.12/site-packages'
[3.782s] Level 1:colcon.colcon_core.environment:checking '/home/mikks/ros2_px4_ws/install/example_mode_goto_global_cpp/bin'
[3.782s] INFO:colcon.colcon_core.shell:Creating package script '/home/mikks/ros2_px4_ws/install/example_mode_goto_global_cpp/share/example_mode_goto_global_cpp/package.ps1'
[3.783s] INFO:colcon.colcon_core.shell:Creating package descriptor '/home/mikks/ros2_px4_ws/install/example_mode_goto_global_cpp/share/example_mode_goto_global_cpp/package.dsv'
[3.783s] INFO:colcon.colcon_core.shell:Creating package script '/home/mikks/ros2_px4_ws/install/example_mode_goto_global_cpp/share/example_mode_goto_global_cpp/package.sh'
[3.784s] INFO:colcon.colcon_core.shell:Creating package script '/home/mikks/ros2_px4_ws/install/example_mode_goto_global_cpp/share/example_mode_goto_global_cpp/package.bash'
[3.784s] INFO:colcon.colcon_core.shell:Creating package script '/home/mikks/ros2_px4_ws/install/example_mode_goto_global_cpp/share/example_mode_goto_global_cpp/package.zsh'
[3.784s] Level 1:colcon.colcon_core.environment:create_file_with_runtime_dependencies(/home/mikks/ros2_px4_ws/install/example_mode_goto_global_cpp/share/colcon-core/packages/example_mode_goto_global_cpp)
[3.785s] Level 1:colcon.colcon_core.environment:create_environment_scripts_only(example_mode_goto_global_cpp)
[3.785s] Level 1:colcon.colcon_core.environment:checking '/home/mikks/ros2_px4_ws/install/example_mode_goto_global_cpp' for CMake module files
[3.785s] Level 1:colcon.colcon_core.environment:checking '/home/mikks/ros2_px4_ws/install/example_mode_goto_global_cpp' for CMake config files
[3.785s] Level 1:colcon.colcon_core.shell:create_environment_hook('example_mode_goto_global_cpp', 'cmake_prefix_path')
[3.785s] INFO:colcon.colcon_core.shell:Creating environment hook '/home/mikks/ros2_px4_ws/install/example_mode_goto_global_cpp/share/example_mode_goto_global_cpp/hook/cmake_prefix_path.ps1'
[3.786s] INFO:colcon.colcon_core.shell:Creating environment descriptor '/home/mikks/ros2_px4_ws/install/example_mode_goto_global_cpp/share/example_mode_goto_global_cpp/hook/cmake_prefix_path.dsv'
[3.786s] INFO:colcon.colcon_core.shell:Creating environment hook '/home/mikks/ros2_px4_ws/install/example_mode_goto_global_cpp/share/example_mode_goto_global_cpp/hook/cmake_prefix_path.sh'
[3.787s] Level 1:colcon.colcon_core.environment:checking '/home/mikks/ros2_px4_ws/install/example_mode_goto_global_cpp/lib'
[3.787s] Level 1:colcon.colcon_core.environment:checking '/home/mikks/ros2_px4_ws/install/example_mode_goto_global_cpp/bin'
[3.787s] Level 1:colcon.colcon_core.environment:checking '/home/mikks/ros2_px4_ws/install/example_mode_goto_global_cpp/lib/pkgconfig/example_mode_goto_global_cpp.pc'
[3.787s] Level 1:colcon.colcon_core.environment:checking '/home/mikks/ros2_px4_ws/install/example_mode_goto_global_cpp/lib/python3.12/site-packages'
[3.787s] Level 1:colcon.colcon_core.environment:checking '/home/mikks/ros2_px4_ws/install/example_mode_goto_global_cpp/bin'
[3.787s] INFO:colcon.colcon_core.shell:Creating package script '/home/mikks/ros2_px4_ws/install/example_mode_goto_global_cpp/share/example_mode_goto_global_cpp/package.ps1'
[3.788s] INFO:colcon.colcon_core.shell:Creating package descriptor '/home/mikks/ros2_px4_ws/install/example_mode_goto_global_cpp/share/example_mode_goto_global_cpp/package.dsv'
[3.788s] INFO:colcon.colcon_core.shell:Creating package script '/home/mikks/ros2_px4_ws/install/example_mode_goto_global_cpp/share/example_mode_goto_global_cpp/package.sh'
[3.788s] INFO:colcon.colcon_core.shell:Creating package script '/home/mikks/ros2_px4_ws/install/example_mode_goto_global_cpp/share/example_mode_goto_global_cpp/package.bash'
[3.789s] INFO:colcon.colcon_core.shell:Creating package script '/home/mikks/ros2_px4_ws/install/example_mode_goto_global_cpp/share/example_mode_goto_global_cpp/package.zsh'
[3.789s] Level 1:colcon.colcon_core.environment:create_file_with_runtime_dependencies(/home/mikks/ros2_px4_ws/install/example_mode_goto_global_cpp/share/colcon-core/packages/example_mode_goto_global_cpp)
[3.791s] INFO:colcon.colcon_ros.task.ament_cmake.build:Building ROS package in '/home/mikks/ros2_px4_ws/src/px4-ros2-interface-lib/examples/cpp/modes/rover_velocity' with build type 'ament_cmake'
[3.791s] INFO:colcon.colcon_cmake.task.cmake.build:Building CMake package in '/home/mikks/ros2_px4_ws/src/px4-ros2-interface-lib/examples/cpp/modes/rover_velocity'
[3.792s] INFO:colcon.colcon_core.shell:Skip shell extension 'powershell' for command environment: Not usable outside of PowerShell
[3.792s] DEBUG:colcon.colcon_core.shell:Skip shell extension 'dsv' for command environment
[3.792s] DEBUG:colcon.colcon_core.event_handler.log_command:Invoking command in '/home/mikks/ros2_px4_ws/build/example_mode_rtl_replacement_cpp': CMAKE_PREFIX_PATH=/home/mikks/ros2_px4_ws/install/px4_ros2_cpp:/home/mikks/ros2_px4_ws/install/px4_msgs:/home/mikks/ros2_px4_ws/install/px4_ros_com:/home/mikks/ros2_px4_ws/install/px4_ros2_py:/home/mikks/ros2_px4_ws/install/example_rover_velocity_mode_cpp:/home/mikks/ros2_px4_ws/install/example_mode_with_executor_cpp:/home/mikks/ros2_px4_ws/install/example_mode_vtol_cpp:/home/mikks/ros2_px4_ws/install/example_mode_rtl_replacement_cpp:/home/mikks/ros2_px4_ws/install/example_mode_mission_cpp:/home/mikks/ros2_px4_ws/install/example_mode_manual_cpp:/home/mikks/ros2_px4_ws/install/example_mode_goto_global_cpp:/home/mikks/ros2_px4_ws/install/example_mode_goto_cpp:/home/mikks/ros2_px4_ws/install/example_mode_fw_attitude_cpp:/home/mikks/ros2_px4_ws/install/example_local_navigation_cpp:/home/mikks/ros2_px4_ws/install/example_global_navigation_cpp:/home/mikks/ros2_px4_ws/install/example_executor_with_multiple_modes_cpp:/home/mikks/crazyflie_mapping_demo/ros2_ws/install/crazyflie_ros2_multiranger_bringup:/home/mikks/crazyflie_mapping_demo/ros2_ws/install/ros_gz_crazyflie_bringup:/home/mikks/crazyflie_mapping_demo/ros2_ws/install/ros_gz_crazyflie_gazebo:/home/mikks/crazyflie_mapping_demo/ros2_ws/install/crazyflie_sim:/home/mikks/crazyflie_mapping_demo/ros2_ws/install/crazyflie_examples:/home/mikks/crazyflie_mapping_demo/ros2_ws/install/crazyflie:/home/mikks/crazyflie_mapping_demo/ros2_ws/install/crazyflie_interfaces:/opt/ros/jazzy/opt/gz_sim_vendor:/opt/ros/jazzy/opt/gz_sensors_vendor:/opt/ros/jazzy/opt/gz_physics_vendor:/opt/ros/jazzy/opt/sdformat_vendor:/opt/ros/jazzy/opt/gz_gui_vendor:/opt/ros/jazzy/opt/gz_transport_vendor:/opt/ros/jazzy/opt/gz_rendering_vendor:/opt/ros/jazzy/opt/gz_plugin_vendor:/opt/ros/jazzy/opt/gz_fuel_tools_vendor:/opt/ros/jazzy/opt/gz_msgs_vendor:/opt/ros/jazzy/opt/gz_common_vendor:/opt/ros/jazzy/opt/gz_math_vendor:/opt/ros/jazzy/opt/gz_utils_vendor:/opt/ros/jazzy/opt/gz_tools_vendor:/opt/ros/jazzy/opt/gz_ogre_next_vendor:/opt/ros/jazzy/opt/gz_dartsim_vendor:/opt/ros/jazzy/opt/gz_cmake_vendor:/home/mikks/ros2_px4_ws/install/x500_hover_controller:/home/mikks/ros2_px4_ws/install/example_mode_with_rclpy_py:/home/mikks/ros2_px4_ws/install/example_mode_goto_py:/home/mikks/ros2_px4_ws/install/px4_actuator_ctrl:/home/mikks/ros2_ws/install/rover_desc_description:/home/mikks/ros2_ws/install/px4_actuator_ctrl:/home/mikks/ros2_ws/install/mine_rover_description:/home/mikks/ros2_ws/install/ZerionURDFV5cp_description:/home/mikks/crazyflie_mapping_demo/ros2_ws/install/velocity_free_consensus:/home/mikks/crazyflie_mapping_demo/ros2_ws/install/stepwise_lowpos:/home/mikks/crazyflie_mapping_demo/ros2_ws/install/step_wise_lowpos:/home/mikks/crazyflie_mapping_demo/ros2_ws/install/second_order_formation_control:/home/mikks/crazyflie_mapping_demo/ros2_ws/install/ros_gz_crazyflie_control:/home/mikks/crazyflie_mapping_demo/ros2_ws/install/mixed_fractional_consensus:/home/mikks/crazyflie_mapping_demo/ros2_ws/install/lowest_pos:/home/mikks/crazyflie_mapping_demo/ros2_ws/install/linear_consensus:/home/mikks/crazyflie_mapping_demo/ros2_ws/install/highest_pos:/home/mikks/crazyflie_mapping_demo/ros2_ws/install/fractional_consensus_alpha:/home/mikks/crazyflie_mapping_demo/ros2_ws/install/event_triggered_swarm:/home/mikks/crazyflie_mapping_demo/ros2_ws/install/drone_logger:/home/mikks/crazyflie_mapping_demo/ros2_ws/install/distributed_average_tracking:/home/mikks/crazyflie_mapping_demo/ros2_ws/install/crazyflie_swarm_logic:/home/mikks/crazyflie_mapping_demo/ros2_ws/install/crazyflie_ros2_multiranger_wall_following:/home/mikks/crazyflie_mapping_demo/ros2_ws/install/crazyflie_ros2_multiranger_simple_mapper:/home/mikks/crazyflie_mapping_demo/ros2_ws/install/crazyflie_py:/home/mikks/crazyflie_mapping_demo/ros2_ws/install/cooperative_target_centric_formation:/home/mikks/crazyflie_mapping_demo/ros2_ws/install/containment_using_agent_information:/home/mikks/crazyflie_mapping_demo/ros2_ws/install/consensus_for_double_integrator:/home/mikks/crazyflie_mapping_demo/ros2_ws/install/consensus_alignment:/home/mikks/crazyflie_mapping_demo/ros2_ws/install/binary_consensus:/home/mikks/crazyflie_mapping_demo/ros2_ws/install/Second_Order_Min_Consensus_for_Heterogeneous_Agents:/home/mikks/crazyflie_mapping_demo/ros2_ws/install/BinaryContainmentChain:/opt/ros/jazzy DEBUGINFOD_URLS=https://debuginfod.ubuntu.com LD_LIBRARY_PATH=/home/mikks/ros2_px4_ws/install/px4_ros2_cpp/lib:/home/mikks/ros2_px4_ws/install/px4_msgs/lib:/home/mikks/ros2_px4_ws/install/px4_ros_com/lib:/home/mikks/NatNet_SDK_4.3_ubuntu/lib:/home/mikks/crazyflie_mapping_demo/ros2_ws/install/crazyflie_interfaces/lib:/opt/ros/jazzy/opt/gz_sim_vendor/lib:/opt/ros/jazzy/opt/gz_sensors_vendor/lib:/opt/ros/jazzy/opt/gz_physics_vendor/lib:/opt/ros/jazzy/opt/sdformat_vendor/lib:/opt/ros/jazzy/opt/rviz_ogre_vendor/lib:/opt/ros/jazzy/lib/x86_64-linux-gnu:/opt/ros/jazzy/opt/gz_gui_vendor/lib:/opt/ros/jazzy/opt/gz_transport_vendor/lib:/opt/ros/jazzy/opt/gz_rendering_vendor/lib:/opt/ros/jazzy/opt/gz_plugin_vendor/lib:/opt/ros/jazzy/opt/gz_fuel_tools_vendor/lib:/opt/ros/jazzy/opt/gz_msgs_vendor/lib:/opt/ros/jazzy/opt/gz_common_vendor/lib:/opt/ros/jazzy/opt/gz_math_vendor/lib:/opt/ros/jazzy/opt/gz_utils_vendor/lib:/opt/ros/jazzy/opt/gz_tools_vendor/lib:/opt/ros/jazzy/opt/gz_ogre_next_vendor/lib:/opt/ros/jazzy/opt/gz_dartsim_vendor/lib:/opt/ros/jazzy/opt/gz_cmake_vendor/lib:/opt/ros/jazzy/lib PYTHONPATH=/home/mikks/ros2_px4_ws/install/px4_msgs/lib/python3.12/site-packages:/home/mikks/ros2_px4_ws/build/x500_hover_controller:/home/mikks/ros2_px4_ws/install/x500_hover_controller/lib/python3.12/site-packages:/home/mikks/ros2_px4_ws/install/px4_ros_com/lib/python3.12/site-packages:/home/mikks/ros2_px4_ws/build/example_mode_with_rclpy_py:/home/mikks/ros2_px4_ws/install/example_mode_with_rclpy_py/lib/python3.12/site-packages:/home/mikks/ros2_px4_ws/build/example_mode_goto_py:/home/mikks/ros2_px4_ws/install/example_mode_goto_py/lib/python3.12/site-packages:/home/mikks/ros2_px4_ws/install/px4_ros2_py/lib/python3.12/site-packages:/home/mikks/ros2_px4_ws/build/px4_actuator_ctrl:/home/mikks/ros2_px4_ws/install/px4_actuator_ctrl/lib/python3.12/site-packages:/home/mikks/ros2_ws/build/rover_desc_description:/home/mikks/ros2_ws/install/rover_desc_description/lib/python3.12/site-packages:/home/mikks/ros2_ws/install/px4_actuator_ctrl/lib/python3.12/site-packages:/home/mikks/ros2_ws/build/mine_rover_description:/home/mikks/ros2_ws/install/mine_rover_description/lib/python3.12/site-packages:/home/mikks/ros2_ws/build/ZerionURDFV5cp_description:/home/mikks/ros2_ws/install/ZerionURDFV5cp_description/lib/python3.12/site-packages:/home/mikks/crazyflie_mapping_demo/ros2_ws/install/velocity_free_consensus/lib/python3.12/site-packages:/home/mikks/crazyflie_mapping_demo/ros2_ws/install/stepwise_lowpos/lib/python3.12/site-packages:/home/mikks/crazyflie_mapping_demo/ros2_ws/install/step_wise_lowpos/lib/python3.12/site-packages:/home/mikks/crazyflie_mapping_demo/ros2_ws/install/second_order_formation_control/lib/python3.12/site-packages:/home/mikks/crazyflie_mapping_demo/ros2_ws/install/ros_gz_crazyflie_control/lib/python3.12/site-packages:/home/mikks/crazyflie_mapping_demo/ros2_ws/install/mixed_fractional_consensus/lib/python3.12/site-packages:/home/mikks/crazyflie_mapping_demo/ros2_ws/install/lowest_pos/lib/python3.12/site-packages:/home/mikks/crazyflie_mapping_demo/ros2_ws/install/linear_consensus/lib/python3.12/site-packages:/home/mikks/crazyflie_mapping_demo/ros2_ws/install/highest_pos/lib/python3.12/site-packages:/home/mikks/crazyflie_mapping_demo/ros2_ws/install/fractional_consensus_alpha/lib/python3.12/site-packages:/home/mikks/crazyflie_mapping_demo/ros2_ws/install/event_triggered_swarm/lib/python3.12/site-packages:/home/mikks/crazyflie_mapping_demo/ros2_ws/install/drone_logger/lib/python3.12/site-packages:/home/mikks/crazyflie_mapping_demo/ros2_ws/install/distributed_average_tracking/lib/python3.12/site-packages:/home/mikks/crazyflie_mapping_demo/ros2_ws/install/crazyflie_swarm_logic/lib/python3.12/site-packages:/home/mikks/crazyflie_mapping_demo/ros2_ws/install/crazyflie_sim/lib/python3.12/site-packages:/home/mikks/crazyflie_mapping_demo/ros2_ws/install/crazyflie_ros2_multiranger_wall_following/lib/python3.12/site-packages:/home/mikks/crazyflie_mapping_demo/ros2_ws/install/crazyflie_ros2_multiranger_simple_mapper/lib/python3.12/site-packages:/home/mikks/crazyflie_mapping_demo/ros2_ws/install/crazyflie_examples/lib/python3.12/site-packages:/home/mikks/crazyflie_mapping_demo/ros2_ws/install/crazyflie_py/lib/python3.12/site-packages:/home/mikks/crazyflie_mapping_demo/ros2_ws/install/crazyflie_interfaces/lib/python3.12/site-packages:/home/mikks/crazyflie_mapping_demo/ros2_ws/install/cooperative_target_centric_formation/lib/python3.12/site-packages:/home/mikks/crazyflie_mapping_demo/ros2_ws/install/containment_using_agent_information/lib/python3.12/site-packages:/home/mikks/crazyflie_mapping_demo/ros2_ws/install/consensus_for_double_integrator/lib/python3.12/site-packages:/home/mikks/crazyflie_mapping_demo/ros2_ws/install/consensus_alignment/lib/python3.12/site-packages:/home/mikks/crazyflie_mapping_demo/ros2_ws/install/binary_consensus/lib/python3.12/site-packages:/home/mikks/crazyflie_mapping_demo/ros2_ws/install/Second_Order_Min_Consensus_for_Heterogeneous_Agents/lib/python3.12/site-packages:/home/mikks/crazyflie_mapping_demo/ros2_ws/install/BinaryContainmentChain/lib/python3.12/site-packages:/opt/ros/jazzy/lib/python3.12/site-packages /usr/bin/cmake --build /home/mikks/ros2_px4_ws/build/example_mode_rtl_replacement_cpp -- -j12 -l12
[3.802s] Level 1:colcon.colcon_core.environment:create_environment_scripts_only(example_mode_manual_cpp)
[3.803s] Level 1:colcon.colcon_core.environment:checking '/home/mikks/ros2_px4_ws/install/example_mode_manual_cpp' for CMake module files
[3.803s] DEBUG:colcon.colcon_core.event_handler.log_command:Invoked command in '/home/mikks/ros2_px4_ws/build/example_mode_manual_cpp' returned '0': CMAKE_PREFIX_PATH=/home/mikks/ros2_px4_ws/install/px4_ros2_cpp:/home/mikks/ros2_px4_ws/install/px4_msgs:/home/mikks/ros2_px4_ws/install/px4_ros_com:/home/mikks/ros2_px4_ws/install/px4_ros2_py:/home/mikks/ros2_px4_ws/install/example_rover_velocity_mode_cpp:/home/mikks/ros2_px4_ws/install/example_mode_with_executor_cpp:/home/mikks/ros2_px4_ws/install/example_mode_vtol_cpp:/home/mikks/ros2_px4_ws/install/example_mode_rtl_replacement_cpp:/home/mikks/ros2_px4_ws/install/example_mode_mission_cpp:/home/mikks/ros2_px4_ws/install/example_mode_manual_cpp:/home/mikks/ros2_px4_ws/install/example_mode_goto_global_cpp:/home/mikks/ros2_px4_ws/install/example_mode_goto_cpp:/home/mikks/ros2_px4_ws/install/example_mode_fw_attitude_cpp:/home/mikks/ros2_px4_ws/install/example_local_navigation_cpp:/home/mikks/ros2_px4_ws/install/example_global_navigation_cpp:/home/mikks/ros2_px4_ws/install/example_executor_with_multiple_modes_cpp:/home/mikks/crazyflie_mapping_demo/ros2_ws/install/crazyflie_ros2_multiranger_bringup:/home/mikks/crazyflie_mapping_demo/ros2_ws/install/ros_gz_crazyflie_bringup:/home/mikks/crazyflie_mapping_demo/ros2_ws/install/ros_gz_crazyflie_gazebo:/home/mikks/crazyflie_mapping_demo/ros2_ws/install/crazyflie_sim:/home/mikks/crazyflie_mapping_demo/ros2_ws/install/crazyflie_examples:/home/mikks/crazyflie_mapping_demo/ros2_ws/install/crazyflie:/home/mikks/crazyflie_mapping_demo/ros2_ws/install/crazyflie_interfaces:/opt/ros/jazzy/opt/gz_sim_vendor:/opt/ros/jazzy/opt/gz_sensors_vendor:/opt/ros/jazzy/opt/gz_physics_vendor:/opt/ros/jazzy/opt/sdformat_vendor:/opt/ros/jazzy/opt/gz_gui_vendor:/opt/ros/jazzy/opt/gz_transport_vendor:/opt/ros/jazzy/opt/gz_rendering_vendor:/opt/ros/jazzy/opt/gz_plugin_vendor:/opt/ros/jazzy/opt/gz_fuel_tools_vendor:/opt/ros/jazzy/opt/gz_msgs_vendor:/opt/ros/jazzy/opt/gz_common_vendor:/opt/ros/jazzy/opt/gz_math_vendor:/opt/ros/jazzy/opt/gz_utils_vendor:/opt/ros/jazzy/opt/gz_tools_vendor:/opt/ros/jazzy/opt/gz_ogre_next_vendor:/opt/ros/jazzy/opt/gz_dartsim_vendor:/opt/ros/jazzy/opt/gz_cmake_vendor:/home/mikks/ros2_px4_ws/install/x500_hover_controller:/home/mikks/ros2_px4_ws/install/example_mode_with_rclpy_py:/home/mikks/ros2_px4_ws/install/example_mode_goto_py:/home/mikks/ros2_px4_ws/install/px4_actuator_ctrl:/home/mikks/ros2_ws/install/rover_desc_description:/home/mikks/ros2_ws/install/px4_actuator_ctrl:/home/mikks/ros2_ws/install/mine_rover_description:/home/mikks/ros2_ws/install/ZerionURDFV5cp_description:/home/mikks/crazyflie_mapping_demo/ros2_ws/install/velocity_free_consensus:/home/mikks/crazyflie_mapping_demo/ros2_ws/install/stepwise_lowpos:/home/mikks/crazyflie_mapping_demo/ros2_ws/install/step_wise_lowpos:/home/mikks/crazyflie_mapping_demo/ros2_ws/install/second_order_formation_control:/home/mikks/crazyflie_mapping_demo/ros2_ws/install/ros_gz_crazyflie_control:/home/mikks/crazyflie_mapping_demo/ros2_ws/install/mixed_fractional_consensus:/home/mikks/crazyflie_mapping_demo/ros2_ws/install/lowest_pos:/home/mikks/crazyflie_mapping_demo/ros2_ws/install/linear_consensus:/home/mikks/crazyflie_mapping_demo/ros2_ws/install/highest_pos:/home/mikks/crazyflie_mapping_demo/ros2_ws/install/fractional_consensus_alpha:/home/mikks/crazyflie_mapping_demo/ros2_ws/install/event_triggered_swarm:/home/mikks/crazyflie_mapping_demo/ros2_ws/install/drone_logger:/home/mikks/crazyflie_mapping_demo/ros2_ws/install/distributed_average_tracking:/home/mikks/crazyflie_mapping_demo/ros2_ws/install/crazyflie_swarm_logic:/home/mikks/crazyflie_mapping_demo/ros2_ws/install/crazyflie_ros2_multiranger_wall_following:/home/mikks/crazyflie_mapping_demo/ros2_ws/install/crazyflie_ros2_multiranger_simple_mapper:/home/mikks/crazyflie_mapping_demo/ros2_ws/install/crazyflie_py:/home/mikks/crazyflie_mapping_demo/ros2_ws/install/cooperative_target_centric_formation:/home/mikks/crazyflie_mapping_demo/ros2_ws/install/containment_using_agent_information:/home/mikks/crazyflie_mapping_demo/ros2_ws/install/consensus_for_double_integrator:/home/mikks/crazyflie_mapping_demo/ros2_ws/install/consensus_alignment:/home/mikks/crazyflie_mapping_demo/ros2_ws/install/binary_consensus:/home/mikks/crazyflie_mapping_demo/ros2_ws/install/Second_Order_Min_Consensus_for_Heterogeneous_Agents:/home/mikks/crazyflie_mapping_demo/ros2_ws/install/BinaryContainmentChain:/opt/ros/jazzy DEBUGINFOD_URLS=https://debuginfod.ubuntu.com LD_LIBRARY_PATH=/home/mikks/ros2_px4_ws/install/px4_ros2_cpp/lib:/home/mikks/ros2_px4_ws/install/px4_msgs/lib:/home/mikks/ros2_px4_ws/install/px4_ros_com/lib:/home/mikks/NatNet_SDK_4.3_ubuntu/lib:/home/mikks/crazyflie_mapping_demo/ros2_ws/install/crazyflie_interfaces/lib:/opt/ros/jazzy/opt/gz_sim_vendor/lib:/opt/ros/jazzy/opt/gz_sensors_vendor/lib:/opt/ros/jazzy/opt/gz_physics_vendor/lib:/opt/ros/jazzy/opt/sdformat_vendor/lib:/opt/ros/jazzy/opt/rviz_ogre_vendor/lib:/opt/ros/jazzy/lib/x86_64-linux-gnu:/opt/ros/jazzy/opt/gz_gui_vendor/lib:/opt/ros/jazzy/opt/gz_transport_vendor/lib:/opt/ros/jazzy/opt/gz_rendering_vendor/lib:/opt/ros/jazzy/opt/gz_plugin_vendor/lib:/opt/ros/jazzy/opt/gz_fuel_tools_vendor/lib:/opt/ros/jazzy/opt/gz_msgs_vendor/lib:/opt/ros/jazzy/opt/gz_common_vendor/lib:/opt/ros/jazzy/opt/gz_math_vendor/lib:/opt/ros/jazzy/opt/gz_utils_vendor/lib:/opt/ros/jazzy/opt/gz_tools_vendor/lib:/opt/ros/jazzy/opt/gz_ogre_next_vendor/lib:/opt/ros/jazzy/opt/gz_dartsim_vendor/lib:/opt/ros/jazzy/opt/gz_cmake_vendor/lib:/opt/ros/jazzy/lib PYTHONPATH=/home/mikks/ros2_px4_ws/install/px4_msgs/lib/python3.12/site-packages:/home/mikks/ros2_px4_ws/build/x500_hover_controller:/home/mikks/ros2_px4_ws/install/x500_hover_controller/lib/python3.12/site-packages:/home/mikks/ros2_px4_ws/install/px4_ros_com/lib/python3.12/site-packages:/home/mikks/ros2_px4_ws/build/example_mode_with_rclpy_py:/home/mikks/ros2_px4_ws/install/example_mode_with_rclpy_py/lib/python3.12/site-packages:/home/mikks/ros2_px4_ws/build/example_mode_goto_py:/home/mikks/ros2_px4_ws/install/example_mode_goto_py/lib/python3.12/site-packages:/home/mikks/ros2_px4_ws/install/px4_ros2_py/lib/python3.12/site-packages:/home/mikks/ros2_px4_ws/build/px4_actuator_ctrl:/home/mikks/ros2_px4_ws/install/px4_actuator_ctrl/lib/python3.12/site-packages:/home/mikks/ros2_ws/build/rover_desc_description:/home/mikks/ros2_ws/install/rover_desc_description/lib/python3.12/site-packages:/home/mikks/ros2_ws/install/px4_actuator_ctrl/lib/python3.12/site-packages:/home/mikks/ros2_ws/build/mine_rover_description:/home/mikks/ros2_ws/install/mine_rover_description/lib/python3.12/site-packages:/home/mikks/ros2_ws/build/ZerionURDFV5cp_description:/home/mikks/ros2_ws/install/ZerionURDFV5cp_description/lib/python3.12/site-packages:/home/mikks/crazyflie_mapping_demo/ros2_ws/install/velocity_free_consensus/lib/python3.12/site-packages:/home/mikks/crazyflie_mapping_demo/ros2_ws/install/stepwise_lowpos/lib/python3.12/site-packages:/home/mikks/crazyflie_mapping_demo/ros2_ws/install/step_wise_lowpos/lib/python3.12/site-packages:/home/mikks/crazyflie_mapping_demo/ros2_ws/install/second_order_formation_control/lib/python3.12/site-packages:/home/mikks/crazyflie_mapping_demo/ros2_ws/install/ros_gz_crazyflie_control/lib/python3.12/site-packages:/home/mikks/crazyflie_mapping_demo/ros2_ws/install/mixed_fractional_consensus/lib/python3.12/site-packages:/home/mikks/crazyflie_mapping_demo/ros2_ws/install/lowest_pos/lib/python3.12/site-packages:/home/mikks/crazyflie_mapping_demo/ros2_ws/install/linear_consensus/lib/python3.12/site-packages:/home/mikks/crazyflie_mapping_demo/ros2_ws/install/highest_pos/lib/python3.12/site-packages:/home/mikks/crazyflie_mapping_demo/ros2_ws/install/fractional_consensus_alpha/lib/python3.12/site-packages:/home/mikks/crazyflie_mapping_demo/ros2_ws/install/event_triggered_swarm/lib/python3.12/site-packages:/home/mikks/crazyflie_mapping_demo/ros2_ws/install/drone_logger/lib/python3.12/site-packages:/home/mikks/crazyflie_mapping_demo/ros2_ws/install/distributed_average_tracking/lib/python3.12/site-packages:/home/mikks/crazyflie_mapping_demo/ros2_ws/install/crazyflie_swarm_logic/lib/python3.12/site-packages:/home/mikks/crazyflie_mapping_demo/ros2_ws/install/crazyflie_sim/lib/python3.12/site-packages:/home/mikks/crazyflie_mapping_demo/ros2_ws/install/crazyflie_ros2_multiranger_wall_following/lib/python3.12/site-packages:/home/mikks/crazyflie_mapping_demo/ros2_ws/install/crazyflie_ros2_multiranger_simple_mapper/lib/python3.12/site-packages:/home/mikks/crazyflie_mapping_demo/ros2_ws/install/crazyflie_examples/lib/python3.12/site-packages:/home/mikks/crazyflie_mapping_demo/ros2_ws/install/crazyflie_py/lib/python3.12/site-packages:/home/mikks/crazyflie_mapping_demo/ros2_ws/install/crazyflie_interfaces/lib/python3.12/site-packages:/home/mikks/crazyflie_mapping_demo/ros2_ws/install/cooperative_target_centric_formation/lib/python3.12/site-packages:/home/mikks/crazyflie_mapping_demo/ros2_ws/install/containment_using_agent_information/lib/python3.12/site-packages:/home/mikks/crazyflie_mapping_demo/ros2_ws/install/consensus_for_double_integrator/lib/python3.12/site-packages:/home/mikks/crazyflie_mapping_demo/ros2_ws/install/consensus_alignment/lib/python3.12/site-packages:/home/mikks/crazyflie_mapping_demo/ros2_ws/install/binary_consensus/lib/python3.12/site-packages:/home/mikks/crazyflie_mapping_demo/ros2_ws/install/Second_Order_Min_Consensus_for_Heterogeneous_Agents/lib/python3.12/site-packages:/home/mikks/crazyflie_mapping_demo/ros2_ws/install/BinaryContainmentChain/lib/python3.12/site-packages:/opt/ros/jazzy/lib/python3.12/site-packages /usr/bin/cmake --install /home/mikks/ros2_px4_ws/build/example_mode_manual_cpp
[3.804s] Level 1:colcon.colcon_core.environment:checking '/home/mikks/ros2_px4_ws/install/example_mode_manual_cpp' for CMake config files
[3.804s] Level 1:colcon.colcon_core.shell:create_environment_hook('example_mode_manual_cpp', 'cmake_prefix_path')
[3.805s] INFO:colcon.colcon_core.shell:Creating environment hook '/home/mikks/ros2_px4_ws/install/example_mode_manual_cpp/share/example_mode_manual_cpp/hook/cmake_prefix_path.ps1'
[3.805s] INFO:colcon.colcon_core.shell:Creating environment descriptor '/home/mikks/ros2_px4_ws/install/example_mode_manual_cpp/share/example_mode_manual_cpp/hook/cmake_prefix_path.dsv'
[3.806s] INFO:colcon.colcon_core.shell:Creating environment hook '/home/mikks/ros2_px4_ws/install/example_mode_manual_cpp/share/example_mode_manual_cpp/hook/cmake_prefix_path.sh'
[3.806s] Level 1:colcon.colcon_core.environment:checking '/home/mikks/ros2_px4_ws/install/example_mode_manual_cpp/lib'
[3.806s] Level 1:colcon.colcon_core.environment:checking '/home/mikks/ros2_px4_ws/install/example_mode_manual_cpp/bin'
[3.806s] Level 1:colcon.colcon_core.environment:checking '/home/mikks/ros2_px4_ws/install/example_mode_manual_cpp/lib/pkgconfig/example_mode_manual_cpp.pc'
[3.807s] Level 1:colcon.colcon_core.environment:checking '/home/mikks/ros2_px4_ws/install/example_mode_manual_cpp/lib/python3.12/site-packages'
[3.807s] Level 1:colcon.colcon_core.environment:checking '/home/mikks/ros2_px4_ws/install/example_mode_manual_cpp/bin'
[3.807s] INFO:colcon.colcon_core.shell:Creating package script '/home/mikks/ros2_px4_ws/install/example_mode_manual_cpp/share/example_mode_manual_cpp/package.ps1'
[3.808s] INFO:colcon.colcon_core.shell:Creating package descriptor '/home/mikks/ros2_px4_ws/install/example_mode_manual_cpp/share/example_mode_manual_cpp/package.dsv'
[3.808s] INFO:colcon.colcon_core.shell:Creating package script '/home/mikks/ros2_px4_ws/install/example_mode_manual_cpp/share/example_mode_manual_cpp/package.sh'
[3.809s] INFO:colcon.colcon_core.shell:Creating package script '/home/mikks/ros2_px4_ws/install/example_mode_manual_cpp/share/example_mode_manual_cpp/package.bash'
[3.809s] INFO:colcon.colcon_core.shell:Creating package script '/home/mikks/ros2_px4_ws/install/example_mode_manual_cpp/share/example_mode_manual_cpp/package.zsh'
[3.810s] Level 1:colcon.colcon_core.environment:create_file_with_runtime_dependencies(/home/mikks/ros2_px4_ws/install/example_mode_manual_cpp/share/colcon-core/packages/example_mode_manual_cpp)
[3.810s] Level 1:colcon.colcon_core.environment:create_environment_scripts_only(example_mode_manual_cpp)
[3.810s] Level 1:colcon.colcon_core.environment:checking '/home/mikks/ros2_px4_ws/install/example_mode_manual_cpp' for CMake module files
[3.811s] Level 1:colcon.colcon_core.environment:checking '/home/mikks/ros2_px4_ws/install/example_mode_manual_cpp' for CMake config files
[3.812s] Level 1:colcon.colcon_core.shell:create_environment_hook('example_mode_manual_cpp', 'cmake_prefix_path')
[3.812s] INFO:colcon.colcon_core.shell:Creating environment hook '/home/mikks/ros2_px4_ws/install/example_mode_manual_cpp/share/example_mode_manual_cpp/hook/cmake_prefix_path.ps1'
[3.812s] INFO:colcon.colcon_core.shell:Creating environment descriptor '/home/mikks/ros2_px4_ws/install/example_mode_manual_cpp/share/example_mode_manual_cpp/hook/cmake_prefix_path.dsv'
[3.813s] INFO:colcon.colcon_core.shell:Creating environment hook '/home/mikks/ros2_px4_ws/install/example_mode_manual_cpp/share/example_mode_manual_cpp/hook/cmake_prefix_path.sh'
[3.813s] Level 1:colcon.colcon_core.environment:checking '/home/mikks/ros2_px4_ws/install/example_mode_manual_cpp/lib'
[3.813s] Level 1:colcon.colcon_core.environment:checking '/home/mikks/ros2_px4_ws/install/example_mode_manual_cpp/bin'
[3.814s] Level 1:colcon.colcon_core.environment:checking '/home/mikks/ros2_px4_ws/install/example_mode_manual_cpp/lib/pkgconfig/example_mode_manual_cpp.pc'
[3.814s] Level 1:colcon.colcon_core.environment:checking '/home/mikks/ros2_px4_ws/install/example_mode_manual_cpp/lib/python3.12/site-packages'
[3.814s] Level 1:colcon.colcon_core.environment:checking '/home/mikks/ros2_px4_ws/install/example_mode_manual_cpp/bin'
[3.814s] INFO:colcon.colcon_core.shell:Creating package script '/home/mikks/ros2_px4_ws/install/example_mode_manual_cpp/share/example_mode_manual_cpp/package.ps1'
[3.815s] INFO:colcon.colcon_core.shell:Creating package descriptor '/home/mikks/ros2_px4_ws/install/example_mode_manual_cpp/share/example_mode_manual_cpp/package.dsv'
[3.816s] INFO:colcon.colcon_core.shell:Creating package script '/home/mikks/ros2_px4_ws/install/example_mode_manual_cpp/share/example_mode_manual_cpp/package.sh'
[3.816s] INFO:colcon.colcon_core.shell:Creating package script '/home/mikks/ros2_px4_ws/install/example_mode_manual_cpp/share/example_mode_manual_cpp/package.bash'
[3.817s] INFO:colcon.colcon_core.shell:Creating package script '/home/mikks/ros2_px4_ws/install/example_mode_manual_cpp/share/example_mode_manual_cpp/package.zsh'
[3.818s] Level 1:colcon.colcon_core.environment:create_file_with_runtime_dependencies(/home/mikks/ros2_px4_ws/install/example_mode_manual_cpp/share/colcon-core/packages/example_mode_manual_cpp)
[3.818s] Level 1:colcon.colcon_core.environment:create_environment_scripts_only(example_mode_mission_cpp)
[3.819s] Level 1:colcon.colcon_core.environment:checking '/home/mikks/ros2_px4_ws/install/example_mode_mission_cpp' for CMake module files
[3.820s] DEBUG:colcon.colcon_core.event_handler.log_command:Invoked command in '/home/mikks/ros2_px4_ws/build/example_mode_mission_cpp' returned '0': CMAKE_PREFIX_PATH=/home/mikks/ros2_px4_ws/install/px4_ros2_cpp:/home/mikks/ros2_px4_ws/install/px4_msgs:/home/mikks/ros2_px4_ws/install/px4_ros_com:/home/mikks/ros2_px4_ws/install/px4_ros2_py:/home/mikks/ros2_px4_ws/install/example_rover_velocity_mode_cpp:/home/mikks/ros2_px4_ws/install/example_mode_with_executor_cpp:/home/mikks/ros2_px4_ws/install/example_mode_vtol_cpp:/home/mikks/ros2_px4_ws/install/example_mode_rtl_replacement_cpp:/home/mikks/ros2_px4_ws/install/example_mode_mission_cpp:/home/mikks/ros2_px4_ws/install/example_mode_manual_cpp:/home/mikks/ros2_px4_ws/install/example_mode_goto_global_cpp:/home/mikks/ros2_px4_ws/install/example_mode_goto_cpp:/home/mikks/ros2_px4_ws/install/example_mode_fw_attitude_cpp:/home/mikks/ros2_px4_ws/install/example_local_navigation_cpp:/home/mikks/ros2_px4_ws/install/example_global_navigation_cpp:/home/mikks/ros2_px4_ws/install/example_executor_with_multiple_modes_cpp:/home/mikks/crazyflie_mapping_demo/ros2_ws/install/crazyflie_ros2_multiranger_bringup:/home/mikks/crazyflie_mapping_demo/ros2_ws/install/ros_gz_crazyflie_bringup:/home/mikks/crazyflie_mapping_demo/ros2_ws/install/ros_gz_crazyflie_gazebo:/home/mikks/crazyflie_mapping_demo/ros2_ws/install/crazyflie_sim:/home/mikks/crazyflie_mapping_demo/ros2_ws/install/crazyflie_examples:/home/mikks/crazyflie_mapping_demo/ros2_ws/install/crazyflie:/home/mikks/crazyflie_mapping_demo/ros2_ws/install/crazyflie_interfaces:/opt/ros/jazzy/opt/gz_sim_vendor:/opt/ros/jazzy/opt/gz_sensors_vendor:/opt/ros/jazzy/opt/gz_physics_vendor:/opt/ros/jazzy/opt/sdformat_vendor:/opt/ros/jazzy/opt/gz_gui_vendor:/opt/ros/jazzy/opt/gz_transport_vendor:/opt/ros/jazzy/opt/gz_rendering_vendor:/opt/ros/jazzy/opt/gz_plugin_vendor:/opt/ros/jazzy/opt/gz_fuel_tools_vendor:/opt/ros/jazzy/opt/gz_msgs_vendor:/opt/ros/jazzy/opt/gz_common_vendor:/opt/ros/jazzy/opt/gz_math_vendor:/opt/ros/jazzy/opt/gz_utils_vendor:/opt/ros/jazzy/opt/gz_tools_vendor:/opt/ros/jazzy/opt/gz_ogre_next_vendor:/opt/ros/jazzy/opt/gz_dartsim_vendor:/opt/ros/jazzy/opt/gz_cmake_vendor:/home/mikks/ros2_px4_ws/install/x500_hover_controller:/home/mikks/ros2_px4_ws/install/example_mode_with_rclpy_py:/home/mikks/ros2_px4_ws/install/example_mode_goto_py:/home/mikks/ros2_px4_ws/install/px4_actuator_ctrl:/home/mikks/ros2_ws/install/rover_desc_description:/home/mikks/ros2_ws/install/px4_actuator_ctrl:/home/mikks/ros2_ws/install/mine_rover_description:/home/mikks/ros2_ws/install/ZerionURDFV5cp_description:/home/mikks/crazyflie_mapping_demo/ros2_ws/install/velocity_free_consensus:/home/mikks/crazyflie_mapping_demo/ros2_ws/install/stepwise_lowpos:/home/mikks/crazyflie_mapping_demo/ros2_ws/install/step_wise_lowpos:/home/mikks/crazyflie_mapping_demo/ros2_ws/install/second_order_formation_control:/home/mikks/crazyflie_mapping_demo/ros2_ws/install/ros_gz_crazyflie_control:/home/mikks/crazyflie_mapping_demo/ros2_ws/install/mixed_fractional_consensus:/home/mikks/crazyflie_mapping_demo/ros2_ws/install/lowest_pos:/home/mikks/crazyflie_mapping_demo/ros2_ws/install/linear_consensus:/home/mikks/crazyflie_mapping_demo/ros2_ws/install/highest_pos:/home/mikks/crazyflie_mapping_demo/ros2_ws/install/fractional_consensus_alpha:/home/mikks/crazyflie_mapping_demo/ros2_ws/install/event_triggered_swarm:/home/mikks/crazyflie_mapping_demo/ros2_ws/install/drone_logger:/home/mikks/crazyflie_mapping_demo/ros2_ws/install/distributed_average_tracking:/home/mikks/crazyflie_mapping_demo/ros2_ws/install/crazyflie_swarm_logic:/home/mikks/crazyflie_mapping_demo/ros2_ws/install/crazyflie_ros2_multiranger_wall_following:/home/mikks/crazyflie_mapping_demo/ros2_ws/install/crazyflie_ros2_multiranger_simple_mapper:/home/mikks/crazyflie_mapping_demo/ros2_ws/install/crazyflie_py:/home/mikks/crazyflie_mapping_demo/ros2_ws/install/cooperative_target_centric_formation:/home/mikks/crazyflie_mapping_demo/ros2_ws/install/containment_using_agent_information:/home/mikks/crazyflie_mapping_demo/ros2_ws/install/consensus_for_double_integrator:/home/mikks/crazyflie_mapping_demo/ros2_ws/install/consensus_alignment:/home/mikks/crazyflie_mapping_demo/ros2_ws/install/binary_consensus:/home/mikks/crazyflie_mapping_demo/ros2_ws/install/Second_Order_Min_Consensus_for_Heterogeneous_Agents:/home/mikks/crazyflie_mapping_demo/ros2_ws/install/BinaryContainmentChain:/opt/ros/jazzy DEBUGINFOD_URLS=https://debuginfod.ubuntu.com LD_LIBRARY_PATH=/home/mikks/ros2_px4_ws/install/px4_ros2_cpp/lib:/home/mikks/ros2_px4_ws/install/px4_msgs/lib:/home/mikks/ros2_px4_ws/install/px4_ros_com/lib:/home/mikks/NatNet_SDK_4.3_ubuntu/lib:/home/mikks/crazyflie_mapping_demo/ros2_ws/install/crazyflie_interfaces/lib:/opt/ros/jazzy/opt/gz_sim_vendor/lib:/opt/ros/jazzy/opt/gz_sensors_vendor/lib:/opt/ros/jazzy/opt/gz_physics_vendor/lib:/opt/ros/jazzy/opt/sdformat_vendor/lib:/opt/ros/jazzy/opt/rviz_ogre_vendor/lib:/opt/ros/jazzy/lib/x86_64-linux-gnu:/opt/ros/jazzy/opt/gz_gui_vendor/lib:/opt/ros/jazzy/opt/gz_transport_vendor/lib:/opt/ros/jazzy/opt/gz_rendering_vendor/lib:/opt/ros/jazzy/opt/gz_plugin_vendor/lib:/opt/ros/jazzy/opt/gz_fuel_tools_vendor/lib:/opt/ros/jazzy/opt/gz_msgs_vendor/lib:/opt/ros/jazzy/opt/gz_common_vendor/lib:/opt/ros/jazzy/opt/gz_math_vendor/lib:/opt/ros/jazzy/opt/gz_utils_vendor/lib:/opt/ros/jazzy/opt/gz_tools_vendor/lib:/opt/ros/jazzy/opt/gz_ogre_next_vendor/lib:/opt/ros/jazzy/opt/gz_dartsim_vendor/lib:/opt/ros/jazzy/opt/gz_cmake_vendor/lib:/opt/ros/jazzy/lib PYTHONPATH=/home/mikks/ros2_px4_ws/install/px4_msgs/lib/python3.12/site-packages:/home/mikks/ros2_px4_ws/build/x500_hover_controller:/home/mikks/ros2_px4_ws/install/x500_hover_controller/lib/python3.12/site-packages:/home/mikks/ros2_px4_ws/install/px4_ros_com/lib/python3.12/site-packages:/home/mikks/ros2_px4_ws/build/example_mode_with_rclpy_py:/home/mikks/ros2_px4_ws/install/example_mode_with_rclpy_py/lib/python3.12/site-packages:/home/mikks/ros2_px4_ws/build/example_mode_goto_py:/home/mikks/ros2_px4_ws/install/example_mode_goto_py/lib/python3.12/site-packages:/home/mikks/ros2_px4_ws/install/px4_ros2_py/lib/python3.12/site-packages:/home/mikks/ros2_px4_ws/build/px4_actuator_ctrl:/home/mikks/ros2_px4_ws/install/px4_actuator_ctrl/lib/python3.12/site-packages:/home/mikks/ros2_ws/build/rover_desc_description:/home/mikks/ros2_ws/install/rover_desc_description/lib/python3.12/site-packages:/home/mikks/ros2_ws/install/px4_actuator_ctrl/lib/python3.12/site-packages:/home/mikks/ros2_ws/build/mine_rover_description:/home/mikks/ros2_ws/install/mine_rover_description/lib/python3.12/site-packages:/home/mikks/ros2_ws/build/ZerionURDFV5cp_description:/home/mikks/ros2_ws/install/ZerionURDFV5cp_description/lib/python3.12/site-packages:/home/mikks/crazyflie_mapping_demo/ros2_ws/install/velocity_free_consensus/lib/python3.12/site-packages:/home/mikks/crazyflie_mapping_demo/ros2_ws/install/stepwise_lowpos/lib/python3.12/site-packages:/home/mikks/crazyflie_mapping_demo/ros2_ws/install/step_wise_lowpos/lib/python3.12/site-packages:/home/mikks/crazyflie_mapping_demo/ros2_ws/install/second_order_formation_control/lib/python3.12/site-packages:/home/mikks/crazyflie_mapping_demo/ros2_ws/install/ros_gz_crazyflie_control/lib/python3.12/site-packages:/home/mikks/crazyflie_mapping_demo/ros2_ws/install/mixed_fractional_consensus/lib/python3.12/site-packages:/home/mikks/crazyflie_mapping_demo/ros2_ws/install/lowest_pos/lib/python3.12/site-packages:/home/mikks/crazyflie_mapping_demo/ros2_ws/install/linear_consensus/lib/python3.12/site-packages:/home/mikks/crazyflie_mapping_demo/ros2_ws/install/highest_pos/lib/python3.12/site-packages:/home/mikks/crazyflie_mapping_demo/ros2_ws/install/fractional_consensus_alpha/lib/python3.12/site-packages:/home/mikks/crazyflie_mapping_demo/ros2_ws/install/event_triggered_swarm/lib/python3.12/site-packages:/home/mikks/crazyflie_mapping_demo/ros2_ws/install/drone_logger/lib/python3.12/site-packages:/home/mikks/crazyflie_mapping_demo/ros2_ws/install/distributed_average_tracking/lib/python3.12/site-packages:/home/mikks/crazyflie_mapping_demo/ros2_ws/install/crazyflie_swarm_logic/lib/python3.12/site-packages:/home/mikks/crazyflie_mapping_demo/ros2_ws/install/crazyflie_sim/lib/python3.12/site-packages:/home/mikks/crazyflie_mapping_demo/ros2_ws/install/crazyflie_ros2_multiranger_wall_following/lib/python3.12/site-packages:/home/mikks/crazyflie_mapping_demo/ros2_ws/install/crazyflie_ros2_multiranger_simple_mapper/lib/python3.12/site-packages:/home/mikks/crazyflie_mapping_demo/ros2_ws/install/crazyflie_examples/lib/python3.12/site-packages:/home/mikks/crazyflie_mapping_demo/ros2_ws/install/crazyflie_py/lib/python3.12/site-packages:/home/mikks/crazyflie_mapping_demo/ros2_ws/install/crazyflie_interfaces/lib/python3.12/site-packages:/home/mikks/crazyflie_mapping_demo/ros2_ws/install/cooperative_target_centric_formation/lib/python3.12/site-packages:/home/mikks/crazyflie_mapping_demo/ros2_ws/install/containment_using_agent_information/lib/python3.12/site-packages:/home/mikks/crazyflie_mapping_demo/ros2_ws/install/consensus_for_double_integrator/lib/python3.12/site-packages:/home/mikks/crazyflie_mapping_demo/ros2_ws/install/consensus_alignment/lib/python3.12/site-packages:/home/mikks/crazyflie_mapping_demo/ros2_ws/install/binary_consensus/lib/python3.12/site-packages:/home/mikks/crazyflie_mapping_demo/ros2_ws/install/Second_Order_Min_Consensus_for_Heterogeneous_Agents/lib/python3.12/site-packages:/home/mikks/crazyflie_mapping_demo/ros2_ws/install/BinaryContainmentChain/lib/python3.12/site-packages:/opt/ros/jazzy/lib/python3.12/site-packages /usr/bin/cmake --install /home/mikks/ros2_px4_ws/build/example_mode_mission_cpp
[3.820s] Level 1:colcon.colcon_core.environment:checking '/home/mikks/ros2_px4_ws/install/example_mode_mission_cpp' for CMake config files
[3.821s] Level 1:colcon.colcon_core.shell:create_environment_hook('example_mode_mission_cpp', 'cmake_prefix_path')
[3.821s] INFO:colcon.colcon_core.shell:Creating environment hook '/home/mikks/ros2_px4_ws/install/example_mode_mission_cpp/share/example_mode_mission_cpp/hook/cmake_prefix_path.ps1'
[3.821s] INFO:colcon.colcon_core.shell:Creating environment descriptor '/home/mikks/ros2_px4_ws/install/example_mode_mission_cpp/share/example_mode_mission_cpp/hook/cmake_prefix_path.dsv'
[3.822s] INFO:colcon.colcon_core.shell:Creating environment hook '/home/mikks/ros2_px4_ws/install/example_mode_mission_cpp/share/example_mode_mission_cpp/hook/cmake_prefix_path.sh'
[3.822s] Level 1:colcon.colcon_core.environment:checking '/home/mikks/ros2_px4_ws/install/example_mode_mission_cpp/lib'
[3.823s] Level 1:colcon.colcon_core.environment:checking '/home/mikks/ros2_px4_ws/install/example_mode_mission_cpp/bin'
[3.823s] Level 1:colcon.colcon_core.environment:checking '/home/mikks/ros2_px4_ws/install/example_mode_mission_cpp/lib/pkgconfig/example_mode_mission_cpp.pc'
[3.823s] Level 1:colcon.colcon_core.environment:checking '/home/mikks/ros2_px4_ws/install/example_mode_mission_cpp/lib/python3.12/site-packages'
[3.823s] Level 1:colcon.colcon_core.environment:checking '/home/mikks/ros2_px4_ws/install/example_mode_mission_cpp/bin'
[3.824s] INFO:colcon.colcon_core.shell:Creating package script '/home/mikks/ros2_px4_ws/install/example_mode_mission_cpp/share/example_mode_mission_cpp/package.ps1'
[3.824s] INFO:colcon.colcon_core.shell:Creating package descriptor '/home/mikks/ros2_px4_ws/install/example_mode_mission_cpp/share/example_mode_mission_cpp/package.dsv'
[3.825s] INFO:colcon.colcon_core.shell:Creating package script '/home/mikks/ros2_px4_ws/install/example_mode_mission_cpp/share/example_mode_mission_cpp/package.sh'
[3.825s] INFO:colcon.colcon_core.shell:Creating package script '/home/mikks/ros2_px4_ws/install/example_mode_mission_cpp/share/example_mode_mission_cpp/package.bash'
[3.826s] INFO:colcon.colcon_core.shell:Creating package script '/home/mikks/ros2_px4_ws/install/example_mode_mission_cpp/share/example_mode_mission_cpp/package.zsh'
[3.826s] Level 1:colcon.colcon_core.environment:create_file_with_runtime_dependencies(/home/mikks/ros2_px4_ws/install/example_mode_mission_cpp/share/colcon-core/packages/example_mode_mission_cpp)
[3.827s] Level 1:colcon.colcon_core.environment:create_environment_scripts_only(example_mode_mission_cpp)
[3.827s] Level 1:colcon.colcon_core.environment:checking '/home/mikks/ros2_px4_ws/install/example_mode_mission_cpp' for CMake module files
[3.828s] Level 1:colcon.colcon_core.environment:checking '/home/mikks/ros2_px4_ws/install/example_mode_mission_cpp' for CMake config files
[3.828s] Level 1:colcon.colcon_core.shell:create_environment_hook('example_mode_mission_cpp', 'cmake_prefix_path')
[3.828s] INFO:colcon.colcon_core.shell:Creating environment hook '/home/mikks/ros2_px4_ws/install/example_mode_mission_cpp/share/example_mode_mission_cpp/hook/cmake_prefix_path.ps1'
[3.829s] INFO:colcon.colcon_core.shell:Creating environment descriptor '/home/mikks/ros2_px4_ws/install/example_mode_mission_cpp/share/example_mode_mission_cpp/hook/cmake_prefix_path.dsv'
[3.829s] INFO:colcon.colcon_core.shell:Creating environment hook '/home/mikks/ros2_px4_ws/install/example_mode_mission_cpp/share/example_mode_mission_cpp/hook/cmake_prefix_path.sh'
[3.830s] Level 1:colcon.colcon_core.environment:checking '/home/mikks/ros2_px4_ws/install/example_mode_mission_cpp/lib'
[3.830s] Level 1:colcon.colcon_core.environment:checking '/home/mikks/ros2_px4_ws/install/example_mode_mission_cpp/bin'
[3.830s] Level 1:colcon.colcon_core.environment:checking '/home/mikks/ros2_px4_ws/install/example_mode_mission_cpp/lib/pkgconfig/example_mode_mission_cpp.pc'
[3.830s] Level 1:colcon.colcon_core.environment:checking '/home/mikks/ros2_px4_ws/install/example_mode_mission_cpp/lib/python3.12/site-packages'
[3.831s] Level 1:colcon.colcon_core.environment:checking '/home/mikks/ros2_px4_ws/install/example_mode_mission_cpp/bin'
[3.831s] INFO:colcon.colcon_core.shell:Creating package script '/home/mikks/ros2_px4_ws/install/example_mode_mission_cpp/share/example_mode_mission_cpp/package.ps1'
[3.832s] INFO:colcon.colcon_core.shell:Creating package descriptor '/home/mikks/ros2_px4_ws/install/example_mode_mission_cpp/share/example_mode_mission_cpp/package.dsv'
[3.832s] INFO:colcon.colcon_core.shell:Creating package script '/home/mikks/ros2_px4_ws/install/example_mode_mission_cpp/share/example_mode_mission_cpp/package.sh'
[3.833s] INFO:colcon.colcon_core.shell:Creating package script '/home/mikks/ros2_px4_ws/install/example_mode_mission_cpp/share/example_mode_mission_cpp/package.bash'
[3.833s] INFO:colcon.colcon_core.shell:Creating package script '/home/mikks/ros2_px4_ws/install/example_mode_mission_cpp/share/example_mode_mission_cpp/package.zsh'
[3.834s] Level 1:colcon.colcon_core.environment:create_file_with_runtime_dependencies(/home/mikks/ros2_px4_ws/install/example_mode_mission_cpp/share/colcon-core/packages/example_mode_mission_cpp)
[3.838s] DEBUG:colcon.colcon_core.event_handler.log_command:Invoking command in '/home/mikks/ros2_px4_ws/build/example_mode_vtol_cpp': CMAKE_PREFIX_PATH=/home/mikks/ros2_px4_ws/install/px4_ros2_cpp:/home/mikks/ros2_px4_ws/install/px4_msgs:/home/mikks/ros2_px4_ws/install/px4_ros_com:/home/mikks/ros2_px4_ws/install/px4_ros2_py:/home/mikks/ros2_px4_ws/install/example_rover_velocity_mode_cpp:/home/mikks/ros2_px4_ws/install/example_mode_with_executor_cpp:/home/mikks/ros2_px4_ws/install/example_mode_vtol_cpp:/home/mikks/ros2_px4_ws/install/example_mode_rtl_replacement_cpp:/home/mikks/ros2_px4_ws/install/example_mode_mission_cpp:/home/mikks/ros2_px4_ws/install/example_mode_manual_cpp:/home/mikks/ros2_px4_ws/install/example_mode_goto_global_cpp:/home/mikks/ros2_px4_ws/install/example_mode_goto_cpp:/home/mikks/ros2_px4_ws/install/example_mode_fw_attitude_cpp:/home/mikks/ros2_px4_ws/install/example_local_navigation_cpp:/home/mikks/ros2_px4_ws/install/example_global_navigation_cpp:/home/mikks/ros2_px4_ws/install/example_executor_with_multiple_modes_cpp:/home/mikks/crazyflie_mapping_demo/ros2_ws/install/crazyflie_ros2_multiranger_bringup:/home/mikks/crazyflie_mapping_demo/ros2_ws/install/ros_gz_crazyflie_bringup:/home/mikks/crazyflie_mapping_demo/ros2_ws/install/ros_gz_crazyflie_gazebo:/home/mikks/crazyflie_mapping_demo/ros2_ws/install/crazyflie_sim:/home/mikks/crazyflie_mapping_demo/ros2_ws/install/crazyflie_examples:/home/mikks/crazyflie_mapping_demo/ros2_ws/install/crazyflie:/home/mikks/crazyflie_mapping_demo/ros2_ws/install/crazyflie_interfaces:/opt/ros/jazzy/opt/gz_sim_vendor:/opt/ros/jazzy/opt/gz_sensors_vendor:/opt/ros/jazzy/opt/gz_physics_vendor:/opt/ros/jazzy/opt/sdformat_vendor:/opt/ros/jazzy/opt/gz_gui_vendor:/opt/ros/jazzy/opt/gz_transport_vendor:/opt/ros/jazzy/opt/gz_rendering_vendor:/opt/ros/jazzy/opt/gz_plugin_vendor:/opt/ros/jazzy/opt/gz_fuel_tools_vendor:/opt/ros/jazzy/opt/gz_msgs_vendor:/opt/ros/jazzy/opt/gz_common_vendor:/opt/ros/jazzy/opt/gz_math_vendor:/opt/ros/jazzy/opt/gz_utils_vendor:/opt/ros/jazzy/opt/gz_tools_vendor:/opt/ros/jazzy/opt/gz_ogre_next_vendor:/opt/ros/jazzy/opt/gz_dartsim_vendor:/opt/ros/jazzy/opt/gz_cmake_vendor:/home/mikks/ros2_px4_ws/install/x500_hover_controller:/home/mikks/ros2_px4_ws/install/example_mode_with_rclpy_py:/home/mikks/ros2_px4_ws/install/example_mode_goto_py:/home/mikks/ros2_px4_ws/install/px4_actuator_ctrl:/home/mikks/ros2_ws/install/rover_desc_description:/home/mikks/ros2_ws/install/px4_actuator_ctrl:/home/mikks/ros2_ws/install/mine_rover_description:/home/mikks/ros2_ws/install/ZerionURDFV5cp_description:/home/mikks/crazyflie_mapping_demo/ros2_ws/install/velocity_free_consensus:/home/mikks/crazyflie_mapping_demo/ros2_ws/install/stepwise_lowpos:/home/mikks/crazyflie_mapping_demo/ros2_ws/install/step_wise_lowpos:/home/mikks/crazyflie_mapping_demo/ros2_ws/install/second_order_formation_control:/home/mikks/crazyflie_mapping_demo/ros2_ws/install/ros_gz_crazyflie_control:/home/mikks/crazyflie_mapping_demo/ros2_ws/install/mixed_fractional_consensus:/home/mikks/crazyflie_mapping_demo/ros2_ws/install/lowest_pos:/home/mikks/crazyflie_mapping_demo/ros2_ws/install/linear_consensus:/home/mikks/crazyflie_mapping_demo/ros2_ws/install/highest_pos:/home/mikks/crazyflie_mapping_demo/ros2_ws/install/fractional_consensus_alpha:/home/mikks/crazyflie_mapping_demo/ros2_ws/install/event_triggered_swarm:/home/mikks/crazyflie_mapping_demo/ros2_ws/install/drone_logger:/home/mikks/crazyflie_mapping_demo/ros2_ws/install/distributed_average_tracking:/home/mikks/crazyflie_mapping_demo/ros2_ws/install/crazyflie_swarm_logic:/home/mikks/crazyflie_mapping_demo/ros2_ws/install/crazyflie_ros2_multiranger_wall_following:/home/mikks/crazyflie_mapping_demo/ros2_ws/install/crazyflie_ros2_multiranger_simple_mapper:/home/mikks/crazyflie_mapping_demo/ros2_ws/install/crazyflie_py:/home/mikks/crazyflie_mapping_demo/ros2_ws/install/cooperative_target_centric_formation:/home/mikks/crazyflie_mapping_demo/ros2_ws/install/containment_using_agent_information:/home/mikks/crazyflie_mapping_demo/ros2_ws/install/consensus_for_double_integrator:/home/mikks/crazyflie_mapping_demo/ros2_ws/install/consensus_alignment:/home/mikks/crazyflie_mapping_demo/ros2_ws/install/binary_consensus:/home/mikks/crazyflie_mapping_demo/ros2_ws/install/Second_Order_Min_Consensus_for_Heterogeneous_Agents:/home/mikks/crazyflie_mapping_demo/ros2_ws/install/BinaryContainmentChain:/opt/ros/jazzy DEBUGINFOD_URLS=https://debuginfod.ubuntu.com LD_LIBRARY_PATH=/home/mikks/ros2_px4_ws/install/px4_ros2_cpp/lib:/home/mikks/ros2_px4_ws/install/px4_msgs/lib:/home/mikks/ros2_px4_ws/install/px4_ros_com/lib:/home/mikks/NatNet_SDK_4.3_ubuntu/lib:/home/mikks/crazyflie_mapping_demo/ros2_ws/install/crazyflie_interfaces/lib:/opt/ros/jazzy/opt/gz_sim_vendor/lib:/opt/ros/jazzy/opt/gz_sensors_vendor/lib:/opt/ros/jazzy/opt/gz_physics_vendor/lib:/opt/ros/jazzy/opt/sdformat_vendor/lib:/opt/ros/jazzy/opt/rviz_ogre_vendor/lib:/opt/ros/jazzy/lib/x86_64-linux-gnu:/opt/ros/jazzy/opt/gz_gui_vendor/lib:/opt/ros/jazzy/opt/gz_transport_vendor/lib:/opt/ros/jazzy/opt/gz_rendering_vendor/lib:/opt/ros/jazzy/opt/gz_plugin_vendor/lib:/opt/ros/jazzy/opt/gz_fuel_tools_vendor/lib:/opt/ros/jazzy/opt/gz_msgs_vendor/lib:/opt/ros/jazzy/opt/gz_common_vendor/lib:/opt/ros/jazzy/opt/gz_math_vendor/lib:/opt/ros/jazzy/opt/gz_utils_vendor/lib:/opt/ros/jazzy/opt/gz_tools_vendor/lib:/opt/ros/jazzy/opt/gz_ogre_next_vendor/lib:/opt/ros/jazzy/opt/gz_dartsim_vendor/lib:/opt/ros/jazzy/opt/gz_cmake_vendor/lib:/opt/ros/jazzy/lib PYTHONPATH=/home/mikks/ros2_px4_ws/install/px4_msgs/lib/python3.12/site-packages:/home/mikks/ros2_px4_ws/build/x500_hover_controller:/home/mikks/ros2_px4_ws/install/x500_hover_controller/lib/python3.12/site-packages:/home/mikks/ros2_px4_ws/install/px4_ros_com/lib/python3.12/site-packages:/home/mikks/ros2_px4_ws/build/example_mode_with_rclpy_py:/home/mikks/ros2_px4_ws/install/example_mode_with_rclpy_py/lib/python3.12/site-packages:/home/mikks/ros2_px4_ws/build/example_mode_goto_py:/home/mikks/ros2_px4_ws/install/example_mode_goto_py/lib/python3.12/site-packages:/home/mikks/ros2_px4_ws/install/px4_ros2_py/lib/python3.12/site-packages:/home/mikks/ros2_px4_ws/build/px4_actuator_ctrl:/home/mikks/ros2_px4_ws/install/px4_actuator_ctrl/lib/python3.12/site-packages:/home/mikks/ros2_ws/build/rover_desc_description:/home/mikks/ros2_ws/install/rover_desc_description/lib/python3.12/site-packages:/home/mikks/ros2_ws/install/px4_actuator_ctrl/lib/python3.12/site-packages:/home/mikks/ros2_ws/build/mine_rover_description:/home/mikks/ros2_ws/install/mine_rover_description/lib/python3.12/site-packages:/home/mikks/ros2_ws/build/ZerionURDFV5cp_description:/home/mikks/ros2_ws/install/ZerionURDFV5cp_description/lib/python3.12/site-packages:/home/mikks/crazyflie_mapping_demo/ros2_ws/install/velocity_free_consensus/lib/python3.12/site-packages:/home/mikks/crazyflie_mapping_demo/ros2_ws/install/stepwise_lowpos/lib/python3.12/site-packages:/home/mikks/crazyflie_mapping_demo/ros2_ws/install/step_wise_lowpos/lib/python3.12/site-packages:/home/mikks/crazyflie_mapping_demo/ros2_ws/install/second_order_formation_control/lib/python3.12/site-packages:/home/mikks/crazyflie_mapping_demo/ros2_ws/install/ros_gz_crazyflie_control/lib/python3.12/site-packages:/home/mikks/crazyflie_mapping_demo/ros2_ws/install/mixed_fractional_consensus/lib/python3.12/site-packages:/home/mikks/crazyflie_mapping_demo/ros2_ws/install/lowest_pos/lib/python3.12/site-packages:/home/mikks/crazyflie_mapping_demo/ros2_ws/install/linear_consensus/lib/python3.12/site-packages:/home/mikks/crazyflie_mapping_demo/ros2_ws/install/highest_pos/lib/python3.12/site-packages:/home/mikks/crazyflie_mapping_demo/ros2_ws/install/fractional_consensus_alpha/lib/python3.12/site-packages:/home/mikks/crazyflie_mapping_demo/ros2_ws/install/event_triggered_swarm/lib/python3.12/site-packages:/home/mikks/crazyflie_mapping_demo/ros2_ws/install/drone_logger/lib/python3.12/site-packages:/home/mikks/crazyflie_mapping_demo/ros2_ws/install/distributed_average_tracking/lib/python3.12/site-packages:/home/mikks/crazyflie_mapping_demo/ros2_ws/install/crazyflie_swarm_logic/lib/python3.12/site-packages:/home/mikks/crazyflie_mapping_demo/ros2_ws/install/crazyflie_sim/lib/python3.12/site-packages:/home/mikks/crazyflie_mapping_demo/ros2_ws/install/crazyflie_ros2_multiranger_wall_following/lib/python3.12/site-packages:/home/mikks/crazyflie_mapping_demo/ros2_ws/install/crazyflie_ros2_multiranger_simple_mapper/lib/python3.12/site-packages:/home/mikks/crazyflie_mapping_demo/ros2_ws/install/crazyflie_examples/lib/python3.12/site-packages:/home/mikks/crazyflie_mapping_demo/ros2_ws/install/crazyflie_py/lib/python3.12/site-packages:/home/mikks/crazyflie_mapping_demo/ros2_ws/install/crazyflie_interfaces/lib/python3.12/site-packages:/home/mikks/crazyflie_mapping_demo/ros2_ws/install/cooperative_target_centric_formation/lib/python3.12/site-packages:/home/mikks/crazyflie_mapping_demo/ros2_ws/install/containment_using_agent_information/lib/python3.12/site-packages:/home/mikks/crazyflie_mapping_demo/ros2_ws/install/consensus_for_double_integrator/lib/python3.12/site-packages:/home/mikks/crazyflie_mapping_demo/ros2_ws/install/consensus_alignment/lib/python3.12/site-packages:/home/mikks/crazyflie_mapping_demo/ros2_ws/install/binary_consensus/lib/python3.12/site-packages:/home/mikks/crazyflie_mapping_demo/ros2_ws/install/Second_Order_Min_Consensus_for_Heterogeneous_Agents/lib/python3.12/site-packages:/home/mikks/crazyflie_mapping_demo/ros2_ws/install/BinaryContainmentChain/lib/python3.12/site-packages:/opt/ros/jazzy/lib/python3.12/site-packages /usr/bin/cmake --build /home/mikks/ros2_px4_ws/build/example_mode_vtol_cpp -- -j12 -l12
[3.841s] Level 1:colcon.colcon_core.environment:create_environment_scripts_only(px4_ros_com)
[3.841s] Level 1:colcon.colcon_core.environment:checking '/home/mikks/ros2_px4_ws/install/px4_ros_com' for CMake module files
[3.842s] DEBUG:colcon.colcon_core.event_handler.log_command:Invoking command in '/home/mikks/ros2_px4_ws/build/example_mode_with_executor_cpp': CMAKE_PREFIX_PATH=/home/mikks/ros2_px4_ws/install/px4_ros2_cpp:/home/mikks/ros2_px4_ws/install/px4_msgs:/home/mikks/ros2_px4_ws/install/px4_ros_com:/home/mikks/ros2_px4_ws/install/px4_ros2_py:/home/mikks/ros2_px4_ws/install/example_rover_velocity_mode_cpp:/home/mikks/ros2_px4_ws/install/example_mode_with_executor_cpp:/home/mikks/ros2_px4_ws/install/example_mode_vtol_cpp:/home/mikks/ros2_px4_ws/install/example_mode_rtl_replacement_cpp:/home/mikks/ros2_px4_ws/install/example_mode_mission_cpp:/home/mikks/ros2_px4_ws/install/example_mode_manual_cpp:/home/mikks/ros2_px4_ws/install/example_mode_goto_global_cpp:/home/mikks/ros2_px4_ws/install/example_mode_goto_cpp:/home/mikks/ros2_px4_ws/install/example_mode_fw_attitude_cpp:/home/mikks/ros2_px4_ws/install/example_local_navigation_cpp:/home/mikks/ros2_px4_ws/install/example_global_navigation_cpp:/home/mikks/ros2_px4_ws/install/example_executor_with_multiple_modes_cpp:/home/mikks/crazyflie_mapping_demo/ros2_ws/install/crazyflie_ros2_multiranger_bringup:/home/mikks/crazyflie_mapping_demo/ros2_ws/install/ros_gz_crazyflie_bringup:/home/mikks/crazyflie_mapping_demo/ros2_ws/install/ros_gz_crazyflie_gazebo:/home/mikks/crazyflie_mapping_demo/ros2_ws/install/crazyflie_sim:/home/mikks/crazyflie_mapping_demo/ros2_ws/install/crazyflie_examples:/home/mikks/crazyflie_mapping_demo/ros2_ws/install/crazyflie:/home/mikks/crazyflie_mapping_demo/ros2_ws/install/crazyflie_interfaces:/opt/ros/jazzy/opt/gz_sim_vendor:/opt/ros/jazzy/opt/gz_sensors_vendor:/opt/ros/jazzy/opt/gz_physics_vendor:/opt/ros/jazzy/opt/sdformat_vendor:/opt/ros/jazzy/opt/gz_gui_vendor:/opt/ros/jazzy/opt/gz_transport_vendor:/opt/ros/jazzy/opt/gz_rendering_vendor:/opt/ros/jazzy/opt/gz_plugin_vendor:/opt/ros/jazzy/opt/gz_fuel_tools_vendor:/opt/ros/jazzy/opt/gz_msgs_vendor:/opt/ros/jazzy/opt/gz_common_vendor:/opt/ros/jazzy/opt/gz_math_vendor:/opt/ros/jazzy/opt/gz_utils_vendor:/opt/ros/jazzy/opt/gz_tools_vendor:/opt/ros/jazzy/opt/gz_ogre_next_vendor:/opt/ros/jazzy/opt/gz_dartsim_vendor:/opt/ros/jazzy/opt/gz_cmake_vendor:/home/mikks/ros2_px4_ws/install/x500_hover_controller:/home/mikks/ros2_px4_ws/install/example_mode_with_rclpy_py:/home/mikks/ros2_px4_ws/install/example_mode_goto_py:/home/mikks/ros2_px4_ws/install/px4_actuator_ctrl:/home/mikks/ros2_ws/install/rover_desc_description:/home/mikks/ros2_ws/install/px4_actuator_ctrl:/home/mikks/ros2_ws/install/mine_rover_description:/home/mikks/ros2_ws/install/ZerionURDFV5cp_description:/home/mikks/crazyflie_mapping_demo/ros2_ws/install/velocity_free_consensus:/home/mikks/crazyflie_mapping_demo/ros2_ws/install/stepwise_lowpos:/home/mikks/crazyflie_mapping_demo/ros2_ws/install/step_wise_lowpos:/home/mikks/crazyflie_mapping_demo/ros2_ws/install/second_order_formation_control:/home/mikks/crazyflie_mapping_demo/ros2_ws/install/ros_gz_crazyflie_control:/home/mikks/crazyflie_mapping_demo/ros2_ws/install/mixed_fractional_consensus:/home/mikks/crazyflie_mapping_demo/ros2_ws/install/lowest_pos:/home/mikks/crazyflie_mapping_demo/ros2_ws/install/linear_consensus:/home/mikks/crazyflie_mapping_demo/ros2_ws/install/highest_pos:/home/mikks/crazyflie_mapping_demo/ros2_ws/install/fractional_consensus_alpha:/home/mikks/crazyflie_mapping_demo/ros2_ws/install/event_triggered_swarm:/home/mikks/crazyflie_mapping_demo/ros2_ws/install/drone_logger:/home/mikks/crazyflie_mapping_demo/ros2_ws/install/distributed_average_tracking:/home/mikks/crazyflie_mapping_demo/ros2_ws/install/crazyflie_swarm_logic:/home/mikks/crazyflie_mapping_demo/ros2_ws/install/crazyflie_ros2_multiranger_wall_following:/home/mikks/crazyflie_mapping_demo/ros2_ws/install/crazyflie_ros2_multiranger_simple_mapper:/home/mikks/crazyflie_mapping_demo/ros2_ws/install/crazyflie_py:/home/mikks/crazyflie_mapping_demo/ros2_ws/install/cooperative_target_centric_formation:/home/mikks/crazyflie_mapping_demo/ros2_ws/install/containment_using_agent_information:/home/mikks/crazyflie_mapping_demo/ros2_ws/install/consensus_for_double_integrator:/home/mikks/crazyflie_mapping_demo/ros2_ws/install/consensus_alignment:/home/mikks/crazyflie_mapping_demo/ros2_ws/install/binary_consensus:/home/mikks/crazyflie_mapping_demo/ros2_ws/install/Second_Order_Min_Consensus_for_Heterogeneous_Agents:/home/mikks/crazyflie_mapping_demo/ros2_ws/install/BinaryContainmentChain:/opt/ros/jazzy DEBUGINFOD_URLS=https://debuginfod.ubuntu.com LD_LIBRARY_PATH=/home/mikks/ros2_px4_ws/install/px4_ros2_cpp/lib:/home/mikks/ros2_px4_ws/install/px4_msgs/lib:/home/mikks/ros2_px4_ws/install/px4_ros_com/lib:/home/mikks/NatNet_SDK_4.3_ubuntu/lib:/home/mikks/crazyflie_mapping_demo/ros2_ws/install/crazyflie_interfaces/lib:/opt/ros/jazzy/opt/gz_sim_vendor/lib:/opt/ros/jazzy/opt/gz_sensors_vendor/lib:/opt/ros/jazzy/opt/gz_physics_vendor/lib:/opt/ros/jazzy/opt/sdformat_vendor/lib:/opt/ros/jazzy/opt/rviz_ogre_vendor/lib:/opt/ros/jazzy/lib/x86_64-linux-gnu:/opt/ros/jazzy/opt/gz_gui_vendor/lib:/opt/ros/jazzy/opt/gz_transport_vendor/lib:/opt/ros/jazzy/opt/gz_rendering_vendor/lib:/opt/ros/jazzy/opt/gz_plugin_vendor/lib:/opt/ros/jazzy/opt/gz_fuel_tools_vendor/lib:/opt/ros/jazzy/opt/gz_msgs_vendor/lib:/opt/ros/jazzy/opt/gz_common_vendor/lib:/opt/ros/jazzy/opt/gz_math_vendor/lib:/opt/ros/jazzy/opt/gz_utils_vendor/lib:/opt/ros/jazzy/opt/gz_tools_vendor/lib:/opt/ros/jazzy/opt/gz_ogre_next_vendor/lib:/opt/ros/jazzy/opt/gz_dartsim_vendor/lib:/opt/ros/jazzy/opt/gz_cmake_vendor/lib:/opt/ros/jazzy/lib PYTHONPATH=/home/mikks/ros2_px4_ws/install/px4_msgs/lib/python3.12/site-packages:/home/mikks/ros2_px4_ws/build/x500_hover_controller:/home/mikks/ros2_px4_ws/install/x500_hover_controller/lib/python3.12/site-packages:/home/mikks/ros2_px4_ws/install/px4_ros_com/lib/python3.12/site-packages:/home/mikks/ros2_px4_ws/build/example_mode_with_rclpy_py:/home/mikks/ros2_px4_ws/install/example_mode_with_rclpy_py/lib/python3.12/site-packages:/home/mikks/ros2_px4_ws/build/example_mode_goto_py:/home/mikks/ros2_px4_ws/install/example_mode_goto_py/lib/python3.12/site-packages:/home/mikks/ros2_px4_ws/install/px4_ros2_py/lib/python3.12/site-packages:/home/mikks/ros2_px4_ws/build/px4_actuator_ctrl:/home/mikks/ros2_px4_ws/install/px4_actuator_ctrl/lib/python3.12/site-packages:/home/mikks/ros2_ws/build/rover_desc_description:/home/mikks/ros2_ws/install/rover_desc_description/lib/python3.12/site-packages:/home/mikks/ros2_ws/install/px4_actuator_ctrl/lib/python3.12/site-packages:/home/mikks/ros2_ws/build/mine_rover_description:/home/mikks/ros2_ws/install/mine_rover_description/lib/python3.12/site-packages:/home/mikks/ros2_ws/build/ZerionURDFV5cp_description:/home/mikks/ros2_ws/install/ZerionURDFV5cp_description/lib/python3.12/site-packages:/home/mikks/crazyflie_mapping_demo/ros2_ws/install/velocity_free_consensus/lib/python3.12/site-packages:/home/mikks/crazyflie_mapping_demo/ros2_ws/install/stepwise_lowpos/lib/python3.12/site-packages:/home/mikks/crazyflie_mapping_demo/ros2_ws/install/step_wise_lowpos/lib/python3.12/site-packages:/home/mikks/crazyflie_mapping_demo/ros2_ws/install/second_order_formation_control/lib/python3.12/site-packages:/home/mikks/crazyflie_mapping_demo/ros2_ws/install/ros_gz_crazyflie_control/lib/python3.12/site-packages:/home/mikks/crazyflie_mapping_demo/ros2_ws/install/mixed_fractional_consensus/lib/python3.12/site-packages:/home/mikks/crazyflie_mapping_demo/ros2_ws/install/lowest_pos/lib/python3.12/site-packages:/home/mikks/crazyflie_mapping_demo/ros2_ws/install/linear_consensus/lib/python3.12/site-packages:/home/mikks/crazyflie_mapping_demo/ros2_ws/install/highest_pos/lib/python3.12/site-packages:/home/mikks/crazyflie_mapping_demo/ros2_ws/install/fractional_consensus_alpha/lib/python3.12/site-packages:/home/mikks/crazyflie_mapping_demo/ros2_ws/install/event_triggered_swarm/lib/python3.12/site-packages:/home/mikks/crazyflie_mapping_demo/ros2_ws/install/drone_logger/lib/python3.12/site-packages:/home/mikks/crazyflie_mapping_demo/ros2_ws/install/distributed_average_tracking/lib/python3.12/site-packages:/home/mikks/crazyflie_mapping_demo/ros2_ws/install/crazyflie_swarm_logic/lib/python3.12/site-packages:/home/mikks/crazyflie_mapping_demo/ros2_ws/install/crazyflie_sim/lib/python3.12/site-packages:/home/mikks/crazyflie_mapping_demo/ros2_ws/install/crazyflie_ros2_multiranger_wall_following/lib/python3.12/site-packages:/home/mikks/crazyflie_mapping_demo/ros2_ws/install/crazyflie_ros2_multiranger_simple_mapper/lib/python3.12/site-packages:/home/mikks/crazyflie_mapping_demo/ros2_ws/install/crazyflie_examples/lib/python3.12/site-packages:/home/mikks/crazyflie_mapping_demo/ros2_ws/install/crazyflie_py/lib/python3.12/site-packages:/home/mikks/crazyflie_mapping_demo/ros2_ws/install/crazyflie_interfaces/lib/python3.12/site-packages:/home/mikks/crazyflie_mapping_demo/ros2_ws/install/cooperative_target_centric_formation/lib/python3.12/site-packages:/home/mikks/crazyflie_mapping_demo/ros2_ws/install/containment_using_agent_information/lib/python3.12/site-packages:/home/mikks/crazyflie_mapping_demo/ros2_ws/install/consensus_for_double_integrator/lib/python3.12/site-packages:/home/mikks/crazyflie_mapping_demo/ros2_ws/install/consensus_alignment/lib/python3.12/site-packages:/home/mikks/crazyflie_mapping_demo/ros2_ws/install/binary_consensus/lib/python3.12/site-packages:/home/mikks/crazyflie_mapping_demo/ros2_ws/install/Second_Order_Min_Consensus_for_Heterogeneous_Agents/lib/python3.12/site-packages:/home/mikks/crazyflie_mapping_demo/ros2_ws/install/BinaryContainmentChain/lib/python3.12/site-packages:/opt/ros/jazzy/lib/python3.12/site-packages /usr/bin/cmake --build /home/mikks/ros2_px4_ws/build/example_mode_with_executor_cpp -- -j12 -l12
[3.843s] DEBUG:colcon.colcon_core.event_handler.log_command:Invoked command in '/home/mikks/ros2_px4_ws/build/px4_ros_com' returned '0': CMAKE_PREFIX_PATH=/home/mikks/ros2_px4_ws/install/px4_msgs:/home/mikks/ros2_px4_ws/install/px4_ros_com:/home/mikks/ros2_px4_ws/install/px4_ros2_py:/home/mikks/ros2_px4_ws/install/example_rover_velocity_mode_cpp:/home/mikks/ros2_px4_ws/install/example_mode_with_executor_cpp:/home/mikks/ros2_px4_ws/install/example_mode_vtol_cpp:/home/mikks/ros2_px4_ws/install/example_mode_rtl_replacement_cpp:/home/mikks/ros2_px4_ws/install/example_mode_mission_cpp:/home/mikks/ros2_px4_ws/install/example_mode_manual_cpp:/home/mikks/ros2_px4_ws/install/example_mode_goto_global_cpp:/home/mikks/ros2_px4_ws/install/example_mode_goto_cpp:/home/mikks/ros2_px4_ws/install/example_mode_fw_attitude_cpp:/home/mikks/ros2_px4_ws/install/example_local_navigation_cpp:/home/mikks/ros2_px4_ws/install/example_global_navigation_cpp:/home/mikks/ros2_px4_ws/install/example_executor_with_multiple_modes_cpp:/home/mikks/ros2_px4_ws/install/px4_ros2_cpp:/home/mikks/crazyflie_mapping_demo/ros2_ws/install/crazyflie_ros2_multiranger_bringup:/home/mikks/crazyflie_mapping_demo/ros2_ws/install/ros_gz_crazyflie_bringup:/home/mikks/crazyflie_mapping_demo/ros2_ws/install/ros_gz_crazyflie_gazebo:/home/mikks/crazyflie_mapping_demo/ros2_ws/install/crazyflie_sim:/home/mikks/crazyflie_mapping_demo/ros2_ws/install/crazyflie_examples:/home/mikks/crazyflie_mapping_demo/ros2_ws/install/crazyflie:/home/mikks/crazyflie_mapping_demo/ros2_ws/install/crazyflie_interfaces:/opt/ros/jazzy/opt/gz_sim_vendor:/opt/ros/jazzy/opt/gz_sensors_vendor:/opt/ros/jazzy/opt/gz_physics_vendor:/opt/ros/jazzy/opt/sdformat_vendor:/opt/ros/jazzy/opt/gz_gui_vendor:/opt/ros/jazzy/opt/gz_transport_vendor:/opt/ros/jazzy/opt/gz_rendering_vendor:/opt/ros/jazzy/opt/gz_plugin_vendor:/opt/ros/jazzy/opt/gz_fuel_tools_vendor:/opt/ros/jazzy/opt/gz_msgs_vendor:/opt/ros/jazzy/opt/gz_common_vendor:/opt/ros/jazzy/opt/gz_math_vendor:/opt/ros/jazzy/opt/gz_utils_vendor:/opt/ros/jazzy/opt/gz_tools_vendor:/opt/ros/jazzy/opt/gz_ogre_next_vendor:/opt/ros/jazzy/opt/gz_dartsim_vendor:/opt/ros/jazzy/opt/gz_cmake_vendor:/home/mikks/ros2_px4_ws/install/x500_hover_controller:/home/mikks/ros2_px4_ws/install/example_mode_with_rclpy_py:/home/mikks/ros2_px4_ws/install/example_mode_goto_py:/home/mikks/ros2_px4_ws/install/px4_actuator_ctrl:/home/mikks/ros2_ws/install/rover_desc_description:/home/mikks/ros2_ws/install/px4_actuator_ctrl:/home/mikks/ros2_ws/install/mine_rover_description:/home/mikks/ros2_ws/install/ZerionURDFV5cp_description:/home/mikks/crazyflie_mapping_demo/ros2_ws/install/velocity_free_consensus:/home/mikks/crazyflie_mapping_demo/ros2_ws/install/stepwise_lowpos:/home/mikks/crazyflie_mapping_demo/ros2_ws/install/step_wise_lowpos:/home/mikks/crazyflie_mapping_demo/ros2_ws/install/second_order_formation_control:/home/mikks/crazyflie_mapping_demo/ros2_ws/install/ros_gz_crazyflie_control:/home/mikks/crazyflie_mapping_demo/ros2_ws/install/mixed_fractional_consensus:/home/mikks/crazyflie_mapping_demo/ros2_ws/install/lowest_pos:/home/mikks/crazyflie_mapping_demo/ros2_ws/install/linear_consensus:/home/mikks/crazyflie_mapping_demo/ros2_ws/install/highest_pos:/home/mikks/crazyflie_mapping_demo/ros2_ws/install/fractional_consensus_alpha:/home/mikks/crazyflie_mapping_demo/ros2_ws/install/event_triggered_swarm:/home/mikks/crazyflie_mapping_demo/ros2_ws/install/drone_logger:/home/mikks/crazyflie_mapping_demo/ros2_ws/install/distributed_average_tracking:/home/mikks/crazyflie_mapping_demo/ros2_ws/install/crazyflie_swarm_logic:/home/mikks/crazyflie_mapping_demo/ros2_ws/install/crazyflie_ros2_multiranger_wall_following:/home/mikks/crazyflie_mapping_demo/ros2_ws/install/crazyflie_ros2_multiranger_simple_mapper:/home/mikks/crazyflie_mapping_demo/ros2_ws/install/crazyflie_py:/home/mikks/crazyflie_mapping_demo/ros2_ws/install/cooperative_target_centric_formation:/home/mikks/crazyflie_mapping_demo/ros2_ws/install/containment_using_agent_information:/home/mikks/crazyflie_mapping_demo/ros2_ws/install/consensus_for_double_integrator:/home/mikks/crazyflie_mapping_demo/ros2_ws/install/consensus_alignment:/home/mikks/crazyflie_mapping_demo/ros2_ws/install/binary_consensus:/home/mikks/crazyflie_mapping_demo/ros2_ws/install/Second_Order_Min_Consensus_for_Heterogeneous_Agents:/home/mikks/crazyflie_mapping_demo/ros2_ws/install/BinaryContainmentChain:/opt/ros/jazzy DEBUGINFOD_URLS=https://debuginfod.ubuntu.com LD_LIBRARY_PATH=/home/mikks/ros2_px4_ws/install/px4_msgs/lib:/home/mikks/ros2_px4_ws/install/px4_ros_com/lib:/home/mikks/ros2_px4_ws/install/px4_ros2_cpp/lib:/home/mikks/NatNet_SDK_4.3_ubuntu/lib:/home/mikks/crazyflie_mapping_demo/ros2_ws/install/crazyflie_interfaces/lib:/opt/ros/jazzy/opt/gz_sim_vendor/lib:/opt/ros/jazzy/opt/gz_sensors_vendor/lib:/opt/ros/jazzy/opt/gz_physics_vendor/lib:/opt/ros/jazzy/opt/sdformat_vendor/lib:/opt/ros/jazzy/opt/rviz_ogre_vendor/lib:/opt/ros/jazzy/lib/x86_64-linux-gnu:/opt/ros/jazzy/opt/gz_gui_vendor/lib:/opt/ros/jazzy/opt/gz_transport_vendor/lib:/opt/ros/jazzy/opt/gz_rendering_vendor/lib:/opt/ros/jazzy/opt/gz_plugin_vendor/lib:/opt/ros/jazzy/opt/gz_fuel_tools_vendor/lib:/opt/ros/jazzy/opt/gz_msgs_vendor/lib:/opt/ros/jazzy/opt/gz_common_vendor/lib:/opt/ros/jazzy/opt/gz_math_vendor/lib:/opt/ros/jazzy/opt/gz_utils_vendor/lib:/opt/ros/jazzy/opt/gz_tools_vendor/lib:/opt/ros/jazzy/opt/gz_ogre_next_vendor/lib:/opt/ros/jazzy/opt/gz_dartsim_vendor/lib:/opt/ros/jazzy/opt/gz_cmake_vendor/lib:/opt/ros/jazzy/lib PYTHONPATH=/home/mikks/ros2_px4_ws/install/px4_msgs/lib/python3.12/site-packages:/home/mikks/ros2_px4_ws/build/x500_hover_controller:/home/mikks/ros2_px4_ws/install/x500_hover_controller/lib/python3.12/site-packages:/home/mikks/ros2_px4_ws/install/px4_ros_com/lib/python3.12/site-packages:/home/mikks/ros2_px4_ws/build/example_mode_with_rclpy_py:/home/mikks/ros2_px4_ws/install/example_mode_with_rclpy_py/lib/python3.12/site-packages:/home/mikks/ros2_px4_ws/build/example_mode_goto_py:/home/mikks/ros2_px4_ws/install/example_mode_goto_py/lib/python3.12/site-packages:/home/mikks/ros2_px4_ws/install/px4_ros2_py/lib/python3.12/site-packages:/home/mikks/ros2_px4_ws/build/px4_actuator_ctrl:/home/mikks/ros2_px4_ws/install/px4_actuator_ctrl/lib/python3.12/site-packages:/home/mikks/ros2_ws/build/rover_desc_description:/home/mikks/ros2_ws/install/rover_desc_description/lib/python3.12/site-packages:/home/mikks/ros2_ws/install/px4_actuator_ctrl/lib/python3.12/site-packages:/home/mikks/ros2_ws/build/mine_rover_description:/home/mikks/ros2_ws/install/mine_rover_description/lib/python3.12/site-packages:/home/mikks/ros2_ws/build/ZerionURDFV5cp_description:/home/mikks/ros2_ws/install/ZerionURDFV5cp_description/lib/python3.12/site-packages:/home/mikks/crazyflie_mapping_demo/ros2_ws/install/velocity_free_consensus/lib/python3.12/site-packages:/home/mikks/crazyflie_mapping_demo/ros2_ws/install/stepwise_lowpos/lib/python3.12/site-packages:/home/mikks/crazyflie_mapping_demo/ros2_ws/install/step_wise_lowpos/lib/python3.12/site-packages:/home/mikks/crazyflie_mapping_demo/ros2_ws/install/second_order_formation_control/lib/python3.12/site-packages:/home/mikks/crazyflie_mapping_demo/ros2_ws/install/ros_gz_crazyflie_control/lib/python3.12/site-packages:/home/mikks/crazyflie_mapping_demo/ros2_ws/install/mixed_fractional_consensus/lib/python3.12/site-packages:/home/mikks/crazyflie_mapping_demo/ros2_ws/install/lowest_pos/lib/python3.12/site-packages:/home/mikks/crazyflie_mapping_demo/ros2_ws/install/linear_consensus/lib/python3.12/site-packages:/home/mikks/crazyflie_mapping_demo/ros2_ws/install/highest_pos/lib/python3.12/site-packages:/home/mikks/crazyflie_mapping_demo/ros2_ws/install/fractional_consensus_alpha/lib/python3.12/site-packages:/home/mikks/crazyflie_mapping_demo/ros2_ws/install/event_triggered_swarm/lib/python3.12/site-packages:/home/mikks/crazyflie_mapping_demo/ros2_ws/install/drone_logger/lib/python3.12/site-packages:/home/mikks/crazyflie_mapping_demo/ros2_ws/install/distributed_average_tracking/lib/python3.12/site-packages:/home/mikks/crazyflie_mapping_demo/ros2_ws/install/crazyflie_swarm_logic/lib/python3.12/site-packages:/home/mikks/crazyflie_mapping_demo/ros2_ws/install/crazyflie_sim/lib/python3.12/site-packages:/home/mikks/crazyflie_mapping_demo/ros2_ws/install/crazyflie_ros2_multiranger_wall_following/lib/python3.12/site-packages:/home/mikks/crazyflie_mapping_demo/ros2_ws/install/crazyflie_ros2_multiranger_simple_mapper/lib/python3.12/site-packages:/home/mikks/crazyflie_mapping_demo/ros2_ws/install/crazyflie_examples/lib/python3.12/site-packages:/home/mikks/crazyflie_mapping_demo/ros2_ws/install/crazyflie_py/lib/python3.12/site-packages:/home/mikks/crazyflie_mapping_demo/ros2_ws/install/crazyflie_interfaces/lib/python3.12/site-packages:/home/mikks/crazyflie_mapping_demo/ros2_ws/install/cooperative_target_centric_formation/lib/python3.12/site-packages:/home/mikks/crazyflie_mapping_demo/ros2_ws/install/containment_using_agent_information/lib/python3.12/site-packages:/home/mikks/crazyflie_mapping_demo/ros2_ws/install/consensus_for_double_integrator/lib/python3.12/site-packages:/home/mikks/crazyflie_mapping_demo/ros2_ws/install/consensus_alignment/lib/python3.12/site-packages:/home/mikks/crazyflie_mapping_demo/ros2_ws/install/binary_consensus/lib/python3.12/site-packages:/home/mikks/crazyflie_mapping_demo/ros2_ws/install/Second_Order_Min_Consensus_for_Heterogeneous_Agents/lib/python3.12/site-packages:/home/mikks/crazyflie_mapping_demo/ros2_ws/install/BinaryContainmentChain/lib/python3.12/site-packages:/opt/ros/jazzy/lib/python3.12/site-packages /usr/bin/cmake --install /home/mikks/ros2_px4_ws/build/px4_ros_com
[3.843s] Level 1:colcon.colcon_core.environment:checking '/home/mikks/ros2_px4_ws/install/px4_ros_com' for CMake config files
[3.844s] Level 1:colcon.colcon_core.shell:create_environment_hook('px4_ros_com', 'cmake_prefix_path')
[3.844s] INFO:colcon.colcon_core.shell:Creating environment hook '/home/mikks/ros2_px4_ws/install/px4_ros_com/share/px4_ros_com/hook/cmake_prefix_path.ps1'
[3.844s] INFO:colcon.colcon_core.shell:Creating environment descriptor '/home/mikks/ros2_px4_ws/install/px4_ros_com/share/px4_ros_com/hook/cmake_prefix_path.dsv'
[3.845s] INFO:colcon.colcon_core.shell:Creating environment hook '/home/mikks/ros2_px4_ws/install/px4_ros_com/share/px4_ros_com/hook/cmake_prefix_path.sh'
[3.845s] Level 1:colcon.colcon_core.environment:checking '/home/mikks/ros2_px4_ws/install/px4_ros_com/lib'
[3.845s] Level 1:colcon.colcon_core.shell:create_environment_hook('px4_ros_com', 'ld_library_path_lib')
[3.846s] INFO:colcon.colcon_core.shell:Creating environment hook '/home/mikks/ros2_px4_ws/install/px4_ros_com/share/px4_ros_com/hook/ld_library_path_lib.ps1'
[3.846s] INFO:colcon.colcon_core.shell:Creating environment descriptor '/home/mikks/ros2_px4_ws/install/px4_ros_com/share/px4_ros_com/hook/ld_library_path_lib.dsv'
[3.846s] INFO:colcon.colcon_core.shell:Creating environment hook '/home/mikks/ros2_px4_ws/install/px4_ros_com/share/px4_ros_com/hook/ld_library_path_lib.sh'
[3.847s] Level 1:colcon.colcon_core.environment:checking '/home/mikks/ros2_px4_ws/install/px4_ros_com/bin'
[3.847s] Level 1:colcon.colcon_core.environment:checking '/home/mikks/ros2_px4_ws/install/px4_ros_com/lib/pkgconfig/px4_ros_com.pc'
[3.847s] Level 1:colcon.colcon_core.environment:checking '/home/mikks/ros2_px4_ws/install/px4_ros_com/lib/python3.12/site-packages'
[3.847s] Level 1:colcon.colcon_core.shell:create_environment_hook('px4_ros_com', 'pythonpath')
[3.848s] INFO:colcon.colcon_core.shell:Creating environment hook '/home/mikks/ros2_px4_ws/install/px4_ros_com/share/px4_ros_com/hook/pythonpath.ps1'
[3.848s] INFO:colcon.colcon_core.shell:Creating environment descriptor '/home/mikks/ros2_px4_ws/install/px4_ros_com/share/px4_ros_com/hook/pythonpath.dsv'
[3.848s] INFO:colcon.colcon_core.shell:Creating environment hook '/home/mikks/ros2_px4_ws/install/px4_ros_com/share/px4_ros_com/hook/pythonpath.sh'
[3.849s] Level 1:colcon.colcon_core.environment:checking '/home/mikks/ros2_px4_ws/install/px4_ros_com/bin'
[3.849s] INFO:colcon.colcon_core.shell:Creating package script '/home/mikks/ros2_px4_ws/install/px4_ros_com/share/px4_ros_com/package.ps1'
[3.850s] INFO:colcon.colcon_core.shell:Creating package descriptor '/home/mikks/ros2_px4_ws/install/px4_ros_com/share/px4_ros_com/package.dsv'
[3.850s] INFO:colcon.colcon_core.shell:Creating package script '/home/mikks/ros2_px4_ws/install/px4_ros_com/share/px4_ros_com/package.sh'
[3.851s] INFO:colcon.colcon_core.shell:Creating package script '/home/mikks/ros2_px4_ws/install/px4_ros_com/share/px4_ros_com/package.bash'
[3.851s] INFO:colcon.colcon_core.shell:Creating package script '/home/mikks/ros2_px4_ws/install/px4_ros_com/share/px4_ros_com/package.zsh'
[3.851s] Level 1:colcon.colcon_core.environment:create_file_with_runtime_dependencies(/home/mikks/ros2_px4_ws/install/px4_ros_com/share/colcon-core/packages/px4_ros_com)
[3.852s] Level 1:colcon.colcon_core.environment:create_environment_scripts_only(px4_ros_com)
[3.852s] Level 1:colcon.colcon_core.environment:checking '/home/mikks/ros2_px4_ws/install/px4_ros_com' for CMake module files
[3.853s] Level 1:colcon.colcon_core.environment:checking '/home/mikks/ros2_px4_ws/install/px4_ros_com' for CMake config files
[3.853s] Level 1:colcon.colcon_core.shell:create_environment_hook('px4_ros_com', 'cmake_prefix_path')
[3.853s] INFO:colcon.colcon_core.shell:Creating environment hook '/home/mikks/ros2_px4_ws/install/px4_ros_com/share/px4_ros_com/hook/cmake_prefix_path.ps1'
[3.854s] INFO:colcon.colcon_core.shell:Creating environment descriptor '/home/mikks/ros2_px4_ws/install/px4_ros_com/share/px4_ros_com/hook/cmake_prefix_path.dsv'
[3.854s] INFO:colcon.colcon_core.shell:Creating environment hook '/home/mikks/ros2_px4_ws/install/px4_ros_com/share/px4_ros_com/hook/cmake_prefix_path.sh'
[3.854s] Level 1:colcon.colcon_core.environment:checking '/home/mikks/ros2_px4_ws/install/px4_ros_com/lib'
[3.854s] Level 1:colcon.colcon_core.shell:create_environment_hook('px4_ros_com', 'ld_library_path_lib')
[3.855s] INFO:colcon.colcon_core.shell:Creating environment hook '/home/mikks/ros2_px4_ws/install/px4_ros_com/share/px4_ros_com/hook/ld_library_path_lib.ps1'
[3.855s] INFO:colcon.colcon_core.shell:Creating environment descriptor '/home/mikks/ros2_px4_ws/install/px4_ros_com/share/px4_ros_com/hook/ld_library_path_lib.dsv'
[3.855s] INFO:colcon.colcon_core.shell:Creating environment hook '/home/mikks/ros2_px4_ws/install/px4_ros_com/share/px4_ros_com/hook/ld_library_path_lib.sh'
[3.856s] Level 1:colcon.colcon_core.environment:checking '/home/mikks/ros2_px4_ws/install/px4_ros_com/bin'
[3.856s] Level 1:colcon.colcon_core.environment:checking '/home/mikks/ros2_px4_ws/install/px4_ros_com/lib/pkgconfig/px4_ros_com.pc'
[3.856s] Level 1:colcon.colcon_core.environment:checking '/home/mikks/ros2_px4_ws/install/px4_ros_com/lib/python3.12/site-packages'
[3.857s] Level 1:colcon.colcon_core.shell:create_environment_hook('px4_ros_com', 'pythonpath')
[3.857s] INFO:colcon.colcon_core.shell:Creating environment hook '/home/mikks/ros2_px4_ws/install/px4_ros_com/share/px4_ros_com/hook/pythonpath.ps1'
[3.857s] INFO:colcon.colcon_core.shell:Creating environment descriptor '/home/mikks/ros2_px4_ws/install/px4_ros_com/share/px4_ros_com/hook/pythonpath.dsv'
[3.858s] INFO:colcon.colcon_core.shell:Creating environment hook '/home/mikks/ros2_px4_ws/install/px4_ros_com/share/px4_ros_com/hook/pythonpath.sh'
[3.859s] Level 1:colcon.colcon_core.environment:checking '/home/mikks/ros2_px4_ws/install/px4_ros_com/bin'
[3.859s] INFO:colcon.colcon_core.shell:Creating package script '/home/mikks/ros2_px4_ws/install/px4_ros_com/share/px4_ros_com/package.ps1'
[3.860s] INFO:colcon.colcon_core.shell:Creating package descriptor '/home/mikks/ros2_px4_ws/install/px4_ros_com/share/px4_ros_com/package.dsv'
[3.860s] INFO:colcon.colcon_core.shell:Creating package script '/home/mikks/ros2_px4_ws/install/px4_ros_com/share/px4_ros_com/package.sh'
[3.861s] INFO:colcon.colcon_core.shell:Creating package script '/home/mikks/ros2_px4_ws/install/px4_ros_com/share/px4_ros_com/package.bash'
[3.861s] INFO:colcon.colcon_core.shell:Creating package script '/home/mikks/ros2_px4_ws/install/px4_ros_com/share/px4_ros_com/package.zsh'
[3.862s] Level 1:colcon.colcon_core.environment:create_file_with_runtime_dependencies(/home/mikks/ros2_px4_ws/install/px4_ros_com/share/colcon-core/packages/px4_ros_com)
[3.866s] DEBUG:colcon.colcon_core.event_handler.log_command:Invoking command in '/home/mikks/ros2_px4_ws/build/example_rover_velocity_mode_cpp': CMAKE_PREFIX_PATH=/home/mikks/ros2_px4_ws/install/px4_ros2_cpp:/home/mikks/ros2_px4_ws/install/px4_msgs:/home/mikks/ros2_px4_ws/install/px4_ros_com:/home/mikks/ros2_px4_ws/install/px4_ros2_py:/home/mikks/ros2_px4_ws/install/example_rover_velocity_mode_cpp:/home/mikks/ros2_px4_ws/install/example_mode_with_executor_cpp:/home/mikks/ros2_px4_ws/install/example_mode_vtol_cpp:/home/mikks/ros2_px4_ws/install/example_mode_rtl_replacement_cpp:/home/mikks/ros2_px4_ws/install/example_mode_mission_cpp:/home/mikks/ros2_px4_ws/install/example_mode_manual_cpp:/home/mikks/ros2_px4_ws/install/example_mode_goto_global_cpp:/home/mikks/ros2_px4_ws/install/example_mode_goto_cpp:/home/mikks/ros2_px4_ws/install/example_mode_fw_attitude_cpp:/home/mikks/ros2_px4_ws/install/example_local_navigation_cpp:/home/mikks/ros2_px4_ws/install/example_global_navigation_cpp:/home/mikks/ros2_px4_ws/install/example_executor_with_multiple_modes_cpp:/home/mikks/crazyflie_mapping_demo/ros2_ws/install/crazyflie_ros2_multiranger_bringup:/home/mikks/crazyflie_mapping_demo/ros2_ws/install/ros_gz_crazyflie_bringup:/home/mikks/crazyflie_mapping_demo/ros2_ws/install/ros_gz_crazyflie_gazebo:/home/mikks/crazyflie_mapping_demo/ros2_ws/install/crazyflie_sim:/home/mikks/crazyflie_mapping_demo/ros2_ws/install/crazyflie_examples:/home/mikks/crazyflie_mapping_demo/ros2_ws/install/crazyflie:/home/mikks/crazyflie_mapping_demo/ros2_ws/install/crazyflie_interfaces:/opt/ros/jazzy/opt/gz_sim_vendor:/opt/ros/jazzy/opt/gz_sensors_vendor:/opt/ros/jazzy/opt/gz_physics_vendor:/opt/ros/jazzy/opt/sdformat_vendor:/opt/ros/jazzy/opt/gz_gui_vendor:/opt/ros/jazzy/opt/gz_transport_vendor:/opt/ros/jazzy/opt/gz_rendering_vendor:/opt/ros/jazzy/opt/gz_plugin_vendor:/opt/ros/jazzy/opt/gz_fuel_tools_vendor:/opt/ros/jazzy/opt/gz_msgs_vendor:/opt/ros/jazzy/opt/gz_common_vendor:/opt/ros/jazzy/opt/gz_math_vendor:/opt/ros/jazzy/opt/gz_utils_vendor:/opt/ros/jazzy/opt/gz_tools_vendor:/opt/ros/jazzy/opt/gz_ogre_next_vendor:/opt/ros/jazzy/opt/gz_dartsim_vendor:/opt/ros/jazzy/opt/gz_cmake_vendor:/home/mikks/ros2_px4_ws/install/x500_hover_controller:/home/mikks/ros2_px4_ws/install/example_mode_with_rclpy_py:/home/mikks/ros2_px4_ws/install/example_mode_goto_py:/home/mikks/ros2_px4_ws/install/px4_actuator_ctrl:/home/mikks/ros2_ws/install/rover_desc_description:/home/mikks/ros2_ws/install/px4_actuator_ctrl:/home/mikks/ros2_ws/install/mine_rover_description:/home/mikks/ros2_ws/install/ZerionURDFV5cp_description:/home/mikks/crazyflie_mapping_demo/ros2_ws/install/velocity_free_consensus:/home/mikks/crazyflie_mapping_demo/ros2_ws/install/stepwise_lowpos:/home/mikks/crazyflie_mapping_demo/ros2_ws/install/step_wise_lowpos:/home/mikks/crazyflie_mapping_demo/ros2_ws/install/second_order_formation_control:/home/mikks/crazyflie_mapping_demo/ros2_ws/install/ros_gz_crazyflie_control:/home/mikks/crazyflie_mapping_demo/ros2_ws/install/mixed_fractional_consensus:/home/mikks/crazyflie_mapping_demo/ros2_ws/install/lowest_pos:/home/mikks/crazyflie_mapping_demo/ros2_ws/install/linear_consensus:/home/mikks/crazyflie_mapping_demo/ros2_ws/install/highest_pos:/home/mikks/crazyflie_mapping_demo/ros2_ws/install/fractional_consensus_alpha:/home/mikks/crazyflie_mapping_demo/ros2_ws/install/event_triggered_swarm:/home/mikks/crazyflie_mapping_demo/ros2_ws/install/drone_logger:/home/mikks/crazyflie_mapping_demo/ros2_ws/install/distributed_average_tracking:/home/mikks/crazyflie_mapping_demo/ros2_ws/install/crazyflie_swarm_logic:/home/mikks/crazyflie_mapping_demo/ros2_ws/install/crazyflie_ros2_multiranger_wall_following:/home/mikks/crazyflie_mapping_demo/ros2_ws/install/crazyflie_ros2_multiranger_simple_mapper:/home/mikks/crazyflie_mapping_demo/ros2_ws/install/crazyflie_py:/home/mikks/crazyflie_mapping_demo/ros2_ws/install/cooperative_target_centric_formation:/home/mikks/crazyflie_mapping_demo/ros2_ws/install/containment_using_agent_information:/home/mikks/crazyflie_mapping_demo/ros2_ws/install/consensus_for_double_integrator:/home/mikks/crazyflie_mapping_demo/ros2_ws/install/consensus_alignment:/home/mikks/crazyflie_mapping_demo/ros2_ws/install/binary_consensus:/home/mikks/crazyflie_mapping_demo/ros2_ws/install/Second_Order_Min_Consensus_for_Heterogeneous_Agents:/home/mikks/crazyflie_mapping_demo/ros2_ws/install/BinaryContainmentChain:/opt/ros/jazzy DEBUGINFOD_URLS=https://debuginfod.ubuntu.com LD_LIBRARY_PATH=/home/mikks/ros2_px4_ws/install/px4_ros2_cpp/lib:/home/mikks/ros2_px4_ws/install/px4_msgs/lib:/home/mikks/ros2_px4_ws/install/px4_ros_com/lib:/home/mikks/NatNet_SDK_4.3_ubuntu/lib:/home/mikks/crazyflie_mapping_demo/ros2_ws/install/crazyflie_interfaces/lib:/opt/ros/jazzy/opt/gz_sim_vendor/lib:/opt/ros/jazzy/opt/gz_sensors_vendor/lib:/opt/ros/jazzy/opt/gz_physics_vendor/lib:/opt/ros/jazzy/opt/sdformat_vendor/lib:/opt/ros/jazzy/opt/rviz_ogre_vendor/lib:/opt/ros/jazzy/lib/x86_64-linux-gnu:/opt/ros/jazzy/opt/gz_gui_vendor/lib:/opt/ros/jazzy/opt/gz_transport_vendor/lib:/opt/ros/jazzy/opt/gz_rendering_vendor/lib:/opt/ros/jazzy/opt/gz_plugin_vendor/lib:/opt/ros/jazzy/opt/gz_fuel_tools_vendor/lib:/opt/ros/jazzy/opt/gz_msgs_vendor/lib:/opt/ros/jazzy/opt/gz_common_vendor/lib:/opt/ros/jazzy/opt/gz_math_vendor/lib:/opt/ros/jazzy/opt/gz_utils_vendor/lib:/opt/ros/jazzy/opt/gz_tools_vendor/lib:/opt/ros/jazzy/opt/gz_ogre_next_vendor/lib:/opt/ros/jazzy/opt/gz_dartsim_vendor/lib:/opt/ros/jazzy/opt/gz_cmake_vendor/lib:/opt/ros/jazzy/lib PYTHONPATH=/home/mikks/ros2_px4_ws/install/px4_msgs/lib/python3.12/site-packages:/home/mikks/ros2_px4_ws/build/x500_hover_controller:/home/mikks/ros2_px4_ws/install/x500_hover_controller/lib/python3.12/site-packages:/home/mikks/ros2_px4_ws/install/px4_ros_com/lib/python3.12/site-packages:/home/mikks/ros2_px4_ws/build/example_mode_with_rclpy_py:/home/mikks/ros2_px4_ws/install/example_mode_with_rclpy_py/lib/python3.12/site-packages:/home/mikks/ros2_px4_ws/build/example_mode_goto_py:/home/mikks/ros2_px4_ws/install/example_mode_goto_py/lib/python3.12/site-packages:/home/mikks/ros2_px4_ws/install/px4_ros2_py/lib/python3.12/site-packages:/home/mikks/ros2_px4_ws/build/px4_actuator_ctrl:/home/mikks/ros2_px4_ws/install/px4_actuator_ctrl/lib/python3.12/site-packages:/home/mikks/ros2_ws/build/rover_desc_description:/home/mikks/ros2_ws/install/rover_desc_description/lib/python3.12/site-packages:/home/mikks/ros2_ws/install/px4_actuator_ctrl/lib/python3.12/site-packages:/home/mikks/ros2_ws/build/mine_rover_description:/home/mikks/ros2_ws/install/mine_rover_description/lib/python3.12/site-packages:/home/mikks/ros2_ws/build/ZerionURDFV5cp_description:/home/mikks/ros2_ws/install/ZerionURDFV5cp_description/lib/python3.12/site-packages:/home/mikks/crazyflie_mapping_demo/ros2_ws/install/velocity_free_consensus/lib/python3.12/site-packages:/home/mikks/crazyflie_mapping_demo/ros2_ws/install/stepwise_lowpos/lib/python3.12/site-packages:/home/mikks/crazyflie_mapping_demo/ros2_ws/install/step_wise_lowpos/lib/python3.12/site-packages:/home/mikks/crazyflie_mapping_demo/ros2_ws/install/second_order_formation_control/lib/python3.12/site-packages:/home/mikks/crazyflie_mapping_demo/ros2_ws/install/ros_gz_crazyflie_control/lib/python3.12/site-packages:/home/mikks/crazyflie_mapping_demo/ros2_ws/install/mixed_fractional_consensus/lib/python3.12/site-packages:/home/mikks/crazyflie_mapping_demo/ros2_ws/install/lowest_pos/lib/python3.12/site-packages:/home/mikks/crazyflie_mapping_demo/ros2_ws/install/linear_consensus/lib/python3.12/site-packages:/home/mikks/crazyflie_mapping_demo/ros2_ws/install/highest_pos/lib/python3.12/site-packages:/home/mikks/crazyflie_mapping_demo/ros2_ws/install/fractional_consensus_alpha/lib/python3.12/site-packages:/home/mikks/crazyflie_mapping_demo/ros2_ws/install/event_triggered_swarm/lib/python3.12/site-packages:/home/mikks/crazyflie_mapping_demo/ros2_ws/install/drone_logger/lib/python3.12/site-packages:/home/mikks/crazyflie_mapping_demo/ros2_ws/install/distributed_average_tracking/lib/python3.12/site-packages:/home/mikks/crazyflie_mapping_demo/ros2_ws/install/crazyflie_swarm_logic/lib/python3.12/site-packages:/home/mikks/crazyflie_mapping_demo/ros2_ws/install/crazyflie_sim/lib/python3.12/site-packages:/home/mikks/crazyflie_mapping_demo/ros2_ws/install/crazyflie_ros2_multiranger_wall_following/lib/python3.12/site-packages:/home/mikks/crazyflie_mapping_demo/ros2_ws/install/crazyflie_ros2_multiranger_simple_mapper/lib/python3.12/site-packages:/home/mikks/crazyflie_mapping_demo/ros2_ws/install/crazyflie_examples/lib/python3.12/site-packages:/home/mikks/crazyflie_mapping_demo/ros2_ws/install/crazyflie_py/lib/python3.12/site-packages:/home/mikks/crazyflie_mapping_demo/ros2_ws/install/crazyflie_interfaces/lib/python3.12/site-packages:/home/mikks/crazyflie_mapping_demo/ros2_ws/install/cooperative_target_centric_formation/lib/python3.12/site-packages:/home/mikks/crazyflie_mapping_demo/ros2_ws/install/containment_using_agent_information/lib/python3.12/site-packages:/home/mikks/crazyflie_mapping_demo/ros2_ws/install/consensus_for_double_integrator/lib/python3.12/site-packages:/home/mikks/crazyflie_mapping_demo/ros2_ws/install/consensus_alignment/lib/python3.12/site-packages:/home/mikks/crazyflie_mapping_demo/ros2_ws/install/binary_consensus/lib/python3.12/site-packages:/home/mikks/crazyflie_mapping_demo/ros2_ws/install/Second_Order_Min_Consensus_for_Heterogeneous_Agents/lib/python3.12/site-packages:/home/mikks/crazyflie_mapping_demo/ros2_ws/install/BinaryContainmentChain/lib/python3.12/site-packages:/opt/ros/jazzy/lib/python3.12/site-packages /usr/bin/cmake --build /home/mikks/ros2_px4_ws/build/example_rover_velocity_mode_cpp -- -j12 -l12
[3.868s] DEBUG:colcon.colcon_core.event_handler.log_command:Invoked command in '/home/mikks/ros2_px4_ws/build/example_mode_rtl_replacement_cpp' returned '0': CMAKE_PREFIX_PATH=/home/mikks/ros2_px4_ws/install/px4_ros2_cpp:/home/mikks/ros2_px4_ws/install/px4_msgs:/home/mikks/ros2_px4_ws/install/px4_ros_com:/home/mikks/ros2_px4_ws/install/px4_ros2_py:/home/mikks/ros2_px4_ws/install/example_rover_velocity_mode_cpp:/home/mikks/ros2_px4_ws/install/example_mode_with_executor_cpp:/home/mikks/ros2_px4_ws/install/example_mode_vtol_cpp:/home/mikks/ros2_px4_ws/install/example_mode_rtl_replacement_cpp:/home/mikks/ros2_px4_ws/install/example_mode_mission_cpp:/home/mikks/ros2_px4_ws/install/example_mode_manual_cpp:/home/mikks/ros2_px4_ws/install/example_mode_goto_global_cpp:/home/mikks/ros2_px4_ws/install/example_mode_goto_cpp:/home/mikks/ros2_px4_ws/install/example_mode_fw_attitude_cpp:/home/mikks/ros2_px4_ws/install/example_local_navigation_cpp:/home/mikks/ros2_px4_ws/install/example_global_navigation_cpp:/home/mikks/ros2_px4_ws/install/example_executor_with_multiple_modes_cpp:/home/mikks/crazyflie_mapping_demo/ros2_ws/install/crazyflie_ros2_multiranger_bringup:/home/mikks/crazyflie_mapping_demo/ros2_ws/install/ros_gz_crazyflie_bringup:/home/mikks/crazyflie_mapping_demo/ros2_ws/install/ros_gz_crazyflie_gazebo:/home/mikks/crazyflie_mapping_demo/ros2_ws/install/crazyflie_sim:/home/mikks/crazyflie_mapping_demo/ros2_ws/install/crazyflie_examples:/home/mikks/crazyflie_mapping_demo/ros2_ws/install/crazyflie:/home/mikks/crazyflie_mapping_demo/ros2_ws/install/crazyflie_interfaces:/opt/ros/jazzy/opt/gz_sim_vendor:/opt/ros/jazzy/opt/gz_sensors_vendor:/opt/ros/jazzy/opt/gz_physics_vendor:/opt/ros/jazzy/opt/sdformat_vendor:/opt/ros/jazzy/opt/gz_gui_vendor:/opt/ros/jazzy/opt/gz_transport_vendor:/opt/ros/jazzy/opt/gz_rendering_vendor:/opt/ros/jazzy/opt/gz_plugin_vendor:/opt/ros/jazzy/opt/gz_fuel_tools_vendor:/opt/ros/jazzy/opt/gz_msgs_vendor:/opt/ros/jazzy/opt/gz_common_vendor:/opt/ros/jazzy/opt/gz_math_vendor:/opt/ros/jazzy/opt/gz_utils_vendor:/opt/ros/jazzy/opt/gz_tools_vendor:/opt/ros/jazzy/opt/gz_ogre_next_vendor:/opt/ros/jazzy/opt/gz_dartsim_vendor:/opt/ros/jazzy/opt/gz_cmake_vendor:/home/mikks/ros2_px4_ws/install/x500_hover_controller:/home/mikks/ros2_px4_ws/install/example_mode_with_rclpy_py:/home/mikks/ros2_px4_ws/install/example_mode_goto_py:/home/mikks/ros2_px4_ws/install/px4_actuator_ctrl:/home/mikks/ros2_ws/install/rover_desc_description:/home/mikks/ros2_ws/install/px4_actuator_ctrl:/home/mikks/ros2_ws/install/mine_rover_description:/home/mikks/ros2_ws/install/ZerionURDFV5cp_description:/home/mikks/crazyflie_mapping_demo/ros2_ws/install/velocity_free_consensus:/home/mikks/crazyflie_mapping_demo/ros2_ws/install/stepwise_lowpos:/home/mikks/crazyflie_mapping_demo/ros2_ws/install/step_wise_lowpos:/home/mikks/crazyflie_mapping_demo/ros2_ws/install/second_order_formation_control:/home/mikks/crazyflie_mapping_demo/ros2_ws/install/ros_gz_crazyflie_control:/home/mikks/crazyflie_mapping_demo/ros2_ws/install/mixed_fractional_consensus:/home/mikks/crazyflie_mapping_demo/ros2_ws/install/lowest_pos:/home/mikks/crazyflie_mapping_demo/ros2_ws/install/linear_consensus:/home/mikks/crazyflie_mapping_demo/ros2_ws/install/highest_pos:/home/mikks/crazyflie_mapping_demo/ros2_ws/install/fractional_consensus_alpha:/home/mikks/crazyflie_mapping_demo/ros2_ws/install/event_triggered_swarm:/home/mikks/crazyflie_mapping_demo/ros2_ws/install/drone_logger:/home/mikks/crazyflie_mapping_demo/ros2_ws/install/distributed_average_tracking:/home/mikks/crazyflie_mapping_demo/ros2_ws/install/crazyflie_swarm_logic:/home/mikks/crazyflie_mapping_demo/ros2_ws/install/crazyflie_ros2_multiranger_wall_following:/home/mikks/crazyflie_mapping_demo/ros2_ws/install/crazyflie_ros2_multiranger_simple_mapper:/home/mikks/crazyflie_mapping_demo/ros2_ws/install/crazyflie_py:/home/mikks/crazyflie_mapping_demo/ros2_ws/install/cooperative_target_centric_formation:/home/mikks/crazyflie_mapping_demo/ros2_ws/install/containment_using_agent_information:/home/mikks/crazyflie_mapping_demo/ros2_ws/install/consensus_for_double_integrator:/home/mikks/crazyflie_mapping_demo/ros2_ws/install/consensus_alignment:/home/mikks/crazyflie_mapping_demo/ros2_ws/install/binary_consensus:/home/mikks/crazyflie_mapping_demo/ros2_ws/install/Second_Order_Min_Consensus_for_Heterogeneous_Agents:/home/mikks/crazyflie_mapping_demo/ros2_ws/install/BinaryContainmentChain:/opt/ros/jazzy DEBUGINFOD_URLS=https://debuginfod.ubuntu.com LD_LIBRARY_PATH=/home/mikks/ros2_px4_ws/install/px4_ros2_cpp/lib:/home/mikks/ros2_px4_ws/install/px4_msgs/lib:/home/mikks/ros2_px4_ws/install/px4_ros_com/lib:/home/mikks/NatNet_SDK_4.3_ubuntu/lib:/home/mikks/crazyflie_mapping_demo/ros2_ws/install/crazyflie_interfaces/lib:/opt/ros/jazzy/opt/gz_sim_vendor/lib:/opt/ros/jazzy/opt/gz_sensors_vendor/lib:/opt/ros/jazzy/opt/gz_physics_vendor/lib:/opt/ros/jazzy/opt/sdformat_vendor/lib:/opt/ros/jazzy/opt/rviz_ogre_vendor/lib:/opt/ros/jazzy/lib/x86_64-linux-gnu:/opt/ros/jazzy/opt/gz_gui_vendor/lib:/opt/ros/jazzy/opt/gz_transport_vendor/lib:/opt/ros/jazzy/opt/gz_rendering_vendor/lib:/opt/ros/jazzy/opt/gz_plugin_vendor/lib:/opt/ros/jazzy/opt/gz_fuel_tools_vendor/lib:/opt/ros/jazzy/opt/gz_msgs_vendor/lib:/opt/ros/jazzy/opt/gz_common_vendor/lib:/opt/ros/jazzy/opt/gz_math_vendor/lib:/opt/ros/jazzy/opt/gz_utils_vendor/lib:/opt/ros/jazzy/opt/gz_tools_vendor/lib:/opt/ros/jazzy/opt/gz_ogre_next_vendor/lib:/opt/ros/jazzy/opt/gz_dartsim_vendor/lib:/opt/ros/jazzy/opt/gz_cmake_vendor/lib:/opt/ros/jazzy/lib PYTHONPATH=/home/mikks/ros2_px4_ws/install/px4_msgs/lib/python3.12/site-packages:/home/mikks/ros2_px4_ws/build/x500_hover_controller:/home/mikks/ros2_px4_ws/install/x500_hover_controller/lib/python3.12/site-packages:/home/mikks/ros2_px4_ws/install/px4_ros_com/lib/python3.12/site-packages:/home/mikks/ros2_px4_ws/build/example_mode_with_rclpy_py:/home/mikks/ros2_px4_ws/install/example_mode_with_rclpy_py/lib/python3.12/site-packages:/home/mikks/ros2_px4_ws/build/example_mode_goto_py:/home/mikks/ros2_px4_ws/install/example_mode_goto_py/lib/python3.12/site-packages:/home/mikks/ros2_px4_ws/install/px4_ros2_py/lib/python3.12/site-packages:/home/mikks/ros2_px4_ws/build/px4_actuator_ctrl:/home/mikks/ros2_px4_ws/install/px4_actuator_ctrl/lib/python3.12/site-packages:/home/mikks/ros2_ws/build/rover_desc_description:/home/mikks/ros2_ws/install/rover_desc_description/lib/python3.12/site-packages:/home/mikks/ros2_ws/install/px4_actuator_ctrl/lib/python3.12/site-packages:/home/mikks/ros2_ws/build/mine_rover_description:/home/mikks/ros2_ws/install/mine_rover_description/lib/python3.12/site-packages:/home/mikks/ros2_ws/build/ZerionURDFV5cp_description:/home/mikks/ros2_ws/install/ZerionURDFV5cp_description/lib/python3.12/site-packages:/home/mikks/crazyflie_mapping_demo/ros2_ws/install/velocity_free_consensus/lib/python3.12/site-packages:/home/mikks/crazyflie_mapping_demo/ros2_ws/install/stepwise_lowpos/lib/python3.12/site-packages:/home/mikks/crazyflie_mapping_demo/ros2_ws/install/step_wise_lowpos/lib/python3.12/site-packages:/home/mikks/crazyflie_mapping_demo/ros2_ws/install/second_order_formation_control/lib/python3.12/site-packages:/home/mikks/crazyflie_mapping_demo/ros2_ws/install/ros_gz_crazyflie_control/lib/python3.12/site-packages:/home/mikks/crazyflie_mapping_demo/ros2_ws/install/mixed_fractional_consensus/lib/python3.12/site-packages:/home/mikks/crazyflie_mapping_demo/ros2_ws/install/lowest_pos/lib/python3.12/site-packages:/home/mikks/crazyflie_mapping_demo/ros2_ws/install/linear_consensus/lib/python3.12/site-packages:/home/mikks/crazyflie_mapping_demo/ros2_ws/install/highest_pos/lib/python3.12/site-packages:/home/mikks/crazyflie_mapping_demo/ros2_ws/install/fractional_consensus_alpha/lib/python3.12/site-packages:/home/mikks/crazyflie_mapping_demo/ros2_ws/install/event_triggered_swarm/lib/python3.12/site-packages:/home/mikks/crazyflie_mapping_demo/ros2_ws/install/drone_logger/lib/python3.12/site-packages:/home/mikks/crazyflie_mapping_demo/ros2_ws/install/distributed_average_tracking/lib/python3.12/site-packages:/home/mikks/crazyflie_mapping_demo/ros2_ws/install/crazyflie_swarm_logic/lib/python3.12/site-packages:/home/mikks/crazyflie_mapping_demo/ros2_ws/install/crazyflie_sim/lib/python3.12/site-packages:/home/mikks/crazyflie_mapping_demo/ros2_ws/install/crazyflie_ros2_multiranger_wall_following/lib/python3.12/site-packages:/home/mikks/crazyflie_mapping_demo/ros2_ws/install/crazyflie_ros2_multiranger_simple_mapper/lib/python3.12/site-packages:/home/mikks/crazyflie_mapping_demo/ros2_ws/install/crazyflie_examples/lib/python3.12/site-packages:/home/mikks/crazyflie_mapping_demo/ros2_ws/install/crazyflie_py/lib/python3.12/site-packages:/home/mikks/crazyflie_mapping_demo/ros2_ws/install/crazyflie_interfaces/lib/python3.12/site-packages:/home/mikks/crazyflie_mapping_demo/ros2_ws/install/cooperative_target_centric_formation/lib/python3.12/site-packages:/home/mikks/crazyflie_mapping_demo/ros2_ws/install/containment_using_agent_information/lib/python3.12/site-packages:/home/mikks/crazyflie_mapping_demo/ros2_ws/install/consensus_for_double_integrator/lib/python3.12/site-packages:/home/mikks/crazyflie_mapping_demo/ros2_ws/install/consensus_alignment/lib/python3.12/site-packages:/home/mikks/crazyflie_mapping_demo/ros2_ws/install/binary_consensus/lib/python3.12/site-packages:/home/mikks/crazyflie_mapping_demo/ros2_ws/install/Second_Order_Min_Consensus_for_Heterogeneous_Agents/lib/python3.12/site-packages:/home/mikks/crazyflie_mapping_demo/ros2_ws/install/BinaryContainmentChain/lib/python3.12/site-packages:/opt/ros/jazzy/lib/python3.12/site-packages /usr/bin/cmake --build /home/mikks/ros2_px4_ws/build/example_mode_rtl_replacement_cpp -- -j12 -l12
[3.870s] DEBUG:colcon.colcon_core.event_handler.log_command:Invoking command in '/home/mikks/ros2_px4_ws/build/example_mode_rtl_replacement_cpp': CMAKE_PREFIX_PATH=/home/mikks/ros2_px4_ws/install/px4_ros2_cpp:/home/mikks/ros2_px4_ws/install/px4_msgs:/home/mikks/ros2_px4_ws/install/px4_ros_com:/home/mikks/ros2_px4_ws/install/px4_ros2_py:/home/mikks/ros2_px4_ws/install/example_rover_velocity_mode_cpp:/home/mikks/ros2_px4_ws/install/example_mode_with_executor_cpp:/home/mikks/ros2_px4_ws/install/example_mode_vtol_cpp:/home/mikks/ros2_px4_ws/install/example_mode_rtl_replacement_cpp:/home/mikks/ros2_px4_ws/install/example_mode_mission_cpp:/home/mikks/ros2_px4_ws/install/example_mode_manual_cpp:/home/mikks/ros2_px4_ws/install/example_mode_goto_global_cpp:/home/mikks/ros2_px4_ws/install/example_mode_goto_cpp:/home/mikks/ros2_px4_ws/install/example_mode_fw_attitude_cpp:/home/mikks/ros2_px4_ws/install/example_local_navigation_cpp:/home/mikks/ros2_px4_ws/install/example_global_navigation_cpp:/home/mikks/ros2_px4_ws/install/example_executor_with_multiple_modes_cpp:/home/mikks/crazyflie_mapping_demo/ros2_ws/install/crazyflie_ros2_multiranger_bringup:/home/mikks/crazyflie_mapping_demo/ros2_ws/install/ros_gz_crazyflie_bringup:/home/mikks/crazyflie_mapping_demo/ros2_ws/install/ros_gz_crazyflie_gazebo:/home/mikks/crazyflie_mapping_demo/ros2_ws/install/crazyflie_sim:/home/mikks/crazyflie_mapping_demo/ros2_ws/install/crazyflie_examples:/home/mikks/crazyflie_mapping_demo/ros2_ws/install/crazyflie:/home/mikks/crazyflie_mapping_demo/ros2_ws/install/crazyflie_interfaces:/opt/ros/jazzy/opt/gz_sim_vendor:/opt/ros/jazzy/opt/gz_sensors_vendor:/opt/ros/jazzy/opt/gz_physics_vendor:/opt/ros/jazzy/opt/sdformat_vendor:/opt/ros/jazzy/opt/gz_gui_vendor:/opt/ros/jazzy/opt/gz_transport_vendor:/opt/ros/jazzy/opt/gz_rendering_vendor:/opt/ros/jazzy/opt/gz_plugin_vendor:/opt/ros/jazzy/opt/gz_fuel_tools_vendor:/opt/ros/jazzy/opt/gz_msgs_vendor:/opt/ros/jazzy/opt/gz_common_vendor:/opt/ros/jazzy/opt/gz_math_vendor:/opt/ros/jazzy/opt/gz_utils_vendor:/opt/ros/jazzy/opt/gz_tools_vendor:/opt/ros/jazzy/opt/gz_ogre_next_vendor:/opt/ros/jazzy/opt/gz_dartsim_vendor:/opt/ros/jazzy/opt/gz_cmake_vendor:/home/mikks/ros2_px4_ws/install/x500_hover_controller:/home/mikks/ros2_px4_ws/install/example_mode_with_rclpy_py:/home/mikks/ros2_px4_ws/install/example_mode_goto_py:/home/mikks/ros2_px4_ws/install/px4_actuator_ctrl:/home/mikks/ros2_ws/install/rover_desc_description:/home/mikks/ros2_ws/install/px4_actuator_ctrl:/home/mikks/ros2_ws/install/mine_rover_description:/home/mikks/ros2_ws/install/ZerionURDFV5cp_description:/home/mikks/crazyflie_mapping_demo/ros2_ws/install/velocity_free_consensus:/home/mikks/crazyflie_mapping_demo/ros2_ws/install/stepwise_lowpos:/home/mikks/crazyflie_mapping_demo/ros2_ws/install/step_wise_lowpos:/home/mikks/crazyflie_mapping_demo/ros2_ws/install/second_order_formation_control:/home/mikks/crazyflie_mapping_demo/ros2_ws/install/ros_gz_crazyflie_control:/home/mikks/crazyflie_mapping_demo/ros2_ws/install/mixed_fractional_consensus:/home/mikks/crazyflie_mapping_demo/ros2_ws/install/lowest_pos:/home/mikks/crazyflie_mapping_demo/ros2_ws/install/linear_consensus:/home/mikks/crazyflie_mapping_demo/ros2_ws/install/highest_pos:/home/mikks/crazyflie_mapping_demo/ros2_ws/install/fractional_consensus_alpha:/home/mikks/crazyflie_mapping_demo/ros2_ws/install/event_triggered_swarm:/home/mikks/crazyflie_mapping_demo/ros2_ws/install/drone_logger:/home/mikks/crazyflie_mapping_demo/ros2_ws/install/distributed_average_tracking:/home/mikks/crazyflie_mapping_demo/ros2_ws/install/crazyflie_swarm_logic:/home/mikks/crazyflie_mapping_demo/ros2_ws/install/crazyflie_ros2_multiranger_wall_following:/home/mikks/crazyflie_mapping_demo/ros2_ws/install/crazyflie_ros2_multiranger_simple_mapper:/home/mikks/crazyflie_mapping_demo/ros2_ws/install/crazyflie_py:/home/mikks/crazyflie_mapping_demo/ros2_ws/install/cooperative_target_centric_formation:/home/mikks/crazyflie_mapping_demo/ros2_ws/install/containment_using_agent_information:/home/mikks/crazyflie_mapping_demo/ros2_ws/install/consensus_for_double_integrator:/home/mikks/crazyflie_mapping_demo/ros2_ws/install/consensus_alignment:/home/mikks/crazyflie_mapping_demo/ros2_ws/install/binary_consensus:/home/mikks/crazyflie_mapping_demo/ros2_ws/install/Second_Order_Min_Consensus_for_Heterogeneous_Agents:/home/mikks/crazyflie_mapping_demo/ros2_ws/install/BinaryContainmentChain:/opt/ros/jazzy DEBUGINFOD_URLS=https://debuginfod.ubuntu.com LD_LIBRARY_PATH=/home/mikks/ros2_px4_ws/install/px4_ros2_cpp/lib:/home/mikks/ros2_px4_ws/install/px4_msgs/lib:/home/mikks/ros2_px4_ws/install/px4_ros_com/lib:/home/mikks/NatNet_SDK_4.3_ubuntu/lib:/home/mikks/crazyflie_mapping_demo/ros2_ws/install/crazyflie_interfaces/lib:/opt/ros/jazzy/opt/gz_sim_vendor/lib:/opt/ros/jazzy/opt/gz_sensors_vendor/lib:/opt/ros/jazzy/opt/gz_physics_vendor/lib:/opt/ros/jazzy/opt/sdformat_vendor/lib:/opt/ros/jazzy/opt/rviz_ogre_vendor/lib:/opt/ros/jazzy/lib/x86_64-linux-gnu:/opt/ros/jazzy/opt/gz_gui_vendor/lib:/opt/ros/jazzy/opt/gz_transport_vendor/lib:/opt/ros/jazzy/opt/gz_rendering_vendor/lib:/opt/ros/jazzy/opt/gz_plugin_vendor/lib:/opt/ros/jazzy/opt/gz_fuel_tools_vendor/lib:/opt/ros/jazzy/opt/gz_msgs_vendor/lib:/opt/ros/jazzy/opt/gz_common_vendor/lib:/opt/ros/jazzy/opt/gz_math_vendor/lib:/opt/ros/jazzy/opt/gz_utils_vendor/lib:/opt/ros/jazzy/opt/gz_tools_vendor/lib:/opt/ros/jazzy/opt/gz_ogre_next_vendor/lib:/opt/ros/jazzy/opt/gz_dartsim_vendor/lib:/opt/ros/jazzy/opt/gz_cmake_vendor/lib:/opt/ros/jazzy/lib PYTHONPATH=/home/mikks/ros2_px4_ws/install/px4_msgs/lib/python3.12/site-packages:/home/mikks/ros2_px4_ws/build/x500_hover_controller:/home/mikks/ros2_px4_ws/install/x500_hover_controller/lib/python3.12/site-packages:/home/mikks/ros2_px4_ws/install/px4_ros_com/lib/python3.12/site-packages:/home/mikks/ros2_px4_ws/build/example_mode_with_rclpy_py:/home/mikks/ros2_px4_ws/install/example_mode_with_rclpy_py/lib/python3.12/site-packages:/home/mikks/ros2_px4_ws/build/example_mode_goto_py:/home/mikks/ros2_px4_ws/install/example_mode_goto_py/lib/python3.12/site-packages:/home/mikks/ros2_px4_ws/install/px4_ros2_py/lib/python3.12/site-packages:/home/mikks/ros2_px4_ws/build/px4_actuator_ctrl:/home/mikks/ros2_px4_ws/install/px4_actuator_ctrl/lib/python3.12/site-packages:/home/mikks/ros2_ws/build/rover_desc_description:/home/mikks/ros2_ws/install/rover_desc_description/lib/python3.12/site-packages:/home/mikks/ros2_ws/install/px4_actuator_ctrl/lib/python3.12/site-packages:/home/mikks/ros2_ws/build/mine_rover_description:/home/mikks/ros2_ws/install/mine_rover_description/lib/python3.12/site-packages:/home/mikks/ros2_ws/build/ZerionURDFV5cp_description:/home/mikks/ros2_ws/install/ZerionURDFV5cp_description/lib/python3.12/site-packages:/home/mikks/crazyflie_mapping_demo/ros2_ws/install/velocity_free_consensus/lib/python3.12/site-packages:/home/mikks/crazyflie_mapping_demo/ros2_ws/install/stepwise_lowpos/lib/python3.12/site-packages:/home/mikks/crazyflie_mapping_demo/ros2_ws/install/step_wise_lowpos/lib/python3.12/site-packages:/home/mikks/crazyflie_mapping_demo/ros2_ws/install/second_order_formation_control/lib/python3.12/site-packages:/home/mikks/crazyflie_mapping_demo/ros2_ws/install/ros_gz_crazyflie_control/lib/python3.12/site-packages:/home/mikks/crazyflie_mapping_demo/ros2_ws/install/mixed_fractional_consensus/lib/python3.12/site-packages:/home/mikks/crazyflie_mapping_demo/ros2_ws/install/lowest_pos/lib/python3.12/site-packages:/home/mikks/crazyflie_mapping_demo/ros2_ws/install/linear_consensus/lib/python3.12/site-packages:/home/mikks/crazyflie_mapping_demo/ros2_ws/install/highest_pos/lib/python3.12/site-packages:/home/mikks/crazyflie_mapping_demo/ros2_ws/install/fractional_consensus_alpha/lib/python3.12/site-packages:/home/mikks/crazyflie_mapping_demo/ros2_ws/install/event_triggered_swarm/lib/python3.12/site-packages:/home/mikks/crazyflie_mapping_demo/ros2_ws/install/drone_logger/lib/python3.12/site-packages:/home/mikks/crazyflie_mapping_demo/ros2_ws/install/distributed_average_tracking/lib/python3.12/site-packages:/home/mikks/crazyflie_mapping_demo/ros2_ws/install/crazyflie_swarm_logic/lib/python3.12/site-packages:/home/mikks/crazyflie_mapping_demo/ros2_ws/install/crazyflie_sim/lib/python3.12/site-packages:/home/mikks/crazyflie_mapping_demo/ros2_ws/install/crazyflie_ros2_multiranger_wall_following/lib/python3.12/site-packages:/home/mikks/crazyflie_mapping_demo/ros2_ws/install/crazyflie_ros2_multiranger_simple_mapper/lib/python3.12/site-packages:/home/mikks/crazyflie_mapping_demo/ros2_ws/install/crazyflie_examples/lib/python3.12/site-packages:/home/mikks/crazyflie_mapping_demo/ros2_ws/install/crazyflie_py/lib/python3.12/site-packages:/home/mikks/crazyflie_mapping_demo/ros2_ws/install/crazyflie_interfaces/lib/python3.12/site-packages:/home/mikks/crazyflie_mapping_demo/ros2_ws/install/cooperative_target_centric_formation/lib/python3.12/site-packages:/home/mikks/crazyflie_mapping_demo/ros2_ws/install/containment_using_agent_information/lib/python3.12/site-packages:/home/mikks/crazyflie_mapping_demo/ros2_ws/install/consensus_for_double_integrator/lib/python3.12/site-packages:/home/mikks/crazyflie_mapping_demo/ros2_ws/install/consensus_alignment/lib/python3.12/site-packages:/home/mikks/crazyflie_mapping_demo/ros2_ws/install/binary_consensus/lib/python3.12/site-packages:/home/mikks/crazyflie_mapping_demo/ros2_ws/install/Second_Order_Min_Consensus_for_Heterogeneous_Agents/lib/python3.12/site-packages:/home/mikks/crazyflie_mapping_demo/ros2_ws/install/BinaryContainmentChain/lib/python3.12/site-packages:/opt/ros/jazzy/lib/python3.12/site-packages /usr/bin/cmake --install /home/mikks/ros2_px4_ws/build/example_mode_rtl_replacement_cpp
[3.893s] Level 1:colcon.colcon_core.environment:create_environment_scripts_only(example_mode_rtl_replacement_cpp)
[3.893s] Level 1:colcon.colcon_core.environment:checking '/home/mikks/ros2_px4_ws/install/example_mode_rtl_replacement_cpp' for CMake module files
[3.894s] DEBUG:colcon.colcon_core.event_handler.log_command:Invoked command in '/home/mikks/ros2_px4_ws/build/example_mode_rtl_replacement_cpp' returned '0': CMAKE_PREFIX_PATH=/home/mikks/ros2_px4_ws/install/px4_ros2_cpp:/home/mikks/ros2_px4_ws/install/px4_msgs:/home/mikks/ros2_px4_ws/install/px4_ros_com:/home/mikks/ros2_px4_ws/install/px4_ros2_py:/home/mikks/ros2_px4_ws/install/example_rover_velocity_mode_cpp:/home/mikks/ros2_px4_ws/install/example_mode_with_executor_cpp:/home/mikks/ros2_px4_ws/install/example_mode_vtol_cpp:/home/mikks/ros2_px4_ws/install/example_mode_rtl_replacement_cpp:/home/mikks/ros2_px4_ws/install/example_mode_mission_cpp:/home/mikks/ros2_px4_ws/install/example_mode_manual_cpp:/home/mikks/ros2_px4_ws/install/example_mode_goto_global_cpp:/home/mikks/ros2_px4_ws/install/example_mode_goto_cpp:/home/mikks/ros2_px4_ws/install/example_mode_fw_attitude_cpp:/home/mikks/ros2_px4_ws/install/example_local_navigation_cpp:/home/mikks/ros2_px4_ws/install/example_global_navigation_cpp:/home/mikks/ros2_px4_ws/install/example_executor_with_multiple_modes_cpp:/home/mikks/crazyflie_mapping_demo/ros2_ws/install/crazyflie_ros2_multiranger_bringup:/home/mikks/crazyflie_mapping_demo/ros2_ws/install/ros_gz_crazyflie_bringup:/home/mikks/crazyflie_mapping_demo/ros2_ws/install/ros_gz_crazyflie_gazebo:/home/mikks/crazyflie_mapping_demo/ros2_ws/install/crazyflie_sim:/home/mikks/crazyflie_mapping_demo/ros2_ws/install/crazyflie_examples:/home/mikks/crazyflie_mapping_demo/ros2_ws/install/crazyflie:/home/mikks/crazyflie_mapping_demo/ros2_ws/install/crazyflie_interfaces:/opt/ros/jazzy/opt/gz_sim_vendor:/opt/ros/jazzy/opt/gz_sensors_vendor:/opt/ros/jazzy/opt/gz_physics_vendor:/opt/ros/jazzy/opt/sdformat_vendor:/opt/ros/jazzy/opt/gz_gui_vendor:/opt/ros/jazzy/opt/gz_transport_vendor:/opt/ros/jazzy/opt/gz_rendering_vendor:/opt/ros/jazzy/opt/gz_plugin_vendor:/opt/ros/jazzy/opt/gz_fuel_tools_vendor:/opt/ros/jazzy/opt/gz_msgs_vendor:/opt/ros/jazzy/opt/gz_common_vendor:/opt/ros/jazzy/opt/gz_math_vendor:/opt/ros/jazzy/opt/gz_utils_vendor:/opt/ros/jazzy/opt/gz_tools_vendor:/opt/ros/jazzy/opt/gz_ogre_next_vendor:/opt/ros/jazzy/opt/gz_dartsim_vendor:/opt/ros/jazzy/opt/gz_cmake_vendor:/home/mikks/ros2_px4_ws/install/x500_hover_controller:/home/mikks/ros2_px4_ws/install/example_mode_with_rclpy_py:/home/mikks/ros2_px4_ws/install/example_mode_goto_py:/home/mikks/ros2_px4_ws/install/px4_actuator_ctrl:/home/mikks/ros2_ws/install/rover_desc_description:/home/mikks/ros2_ws/install/px4_actuator_ctrl:/home/mikks/ros2_ws/install/mine_rover_description:/home/mikks/ros2_ws/install/ZerionURDFV5cp_description:/home/mikks/crazyflie_mapping_demo/ros2_ws/install/velocity_free_consensus:/home/mikks/crazyflie_mapping_demo/ros2_ws/install/stepwise_lowpos:/home/mikks/crazyflie_mapping_demo/ros2_ws/install/step_wise_lowpos:/home/mikks/crazyflie_mapping_demo/ros2_ws/install/second_order_formation_control:/home/mikks/crazyflie_mapping_demo/ros2_ws/install/ros_gz_crazyflie_control:/home/mikks/crazyflie_mapping_demo/ros2_ws/install/mixed_fractional_consensus:/home/mikks/crazyflie_mapping_demo/ros2_ws/install/lowest_pos:/home/mikks/crazyflie_mapping_demo/ros2_ws/install/linear_consensus:/home/mikks/crazyflie_mapping_demo/ros2_ws/install/highest_pos:/home/mikks/crazyflie_mapping_demo/ros2_ws/install/fractional_consensus_alpha:/home/mikks/crazyflie_mapping_demo/ros2_ws/install/event_triggered_swarm:/home/mikks/crazyflie_mapping_demo/ros2_ws/install/drone_logger:/home/mikks/crazyflie_mapping_demo/ros2_ws/install/distributed_average_tracking:/home/mikks/crazyflie_mapping_demo/ros2_ws/install/crazyflie_swarm_logic:/home/mikks/crazyflie_mapping_demo/ros2_ws/install/crazyflie_ros2_multiranger_wall_following:/home/mikks/crazyflie_mapping_demo/ros2_ws/install/crazyflie_ros2_multiranger_simple_mapper:/home/mikks/crazyflie_mapping_demo/ros2_ws/install/crazyflie_py:/home/mikks/crazyflie_mapping_demo/ros2_ws/install/cooperative_target_centric_formation:/home/mikks/crazyflie_mapping_demo/ros2_ws/install/containment_using_agent_information:/home/mikks/crazyflie_mapping_demo/ros2_ws/install/consensus_for_double_integrator:/home/mikks/crazyflie_mapping_demo/ros2_ws/install/consensus_alignment:/home/mikks/crazyflie_mapping_demo/ros2_ws/install/binary_consensus:/home/mikks/crazyflie_mapping_demo/ros2_ws/install/Second_Order_Min_Consensus_for_Heterogeneous_Agents:/home/mikks/crazyflie_mapping_demo/ros2_ws/install/BinaryContainmentChain:/opt/ros/jazzy DEBUGINFOD_URLS=https://debuginfod.ubuntu.com LD_LIBRARY_PATH=/home/mikks/ros2_px4_ws/install/px4_ros2_cpp/lib:/home/mikks/ros2_px4_ws/install/px4_msgs/lib:/home/mikks/ros2_px4_ws/install/px4_ros_com/lib:/home/mikks/NatNet_SDK_4.3_ubuntu/lib:/home/mikks/crazyflie_mapping_demo/ros2_ws/install/crazyflie_interfaces/lib:/opt/ros/jazzy/opt/gz_sim_vendor/lib:/opt/ros/jazzy/opt/gz_sensors_vendor/lib:/opt/ros/jazzy/opt/gz_physics_vendor/lib:/opt/ros/jazzy/opt/sdformat_vendor/lib:/opt/ros/jazzy/opt/rviz_ogre_vendor/lib:/opt/ros/jazzy/lib/x86_64-linux-gnu:/opt/ros/jazzy/opt/gz_gui_vendor/lib:/opt/ros/jazzy/opt/gz_transport_vendor/lib:/opt/ros/jazzy/opt/gz_rendering_vendor/lib:/opt/ros/jazzy/opt/gz_plugin_vendor/lib:/opt/ros/jazzy/opt/gz_fuel_tools_vendor/lib:/opt/ros/jazzy/opt/gz_msgs_vendor/lib:/opt/ros/jazzy/opt/gz_common_vendor/lib:/opt/ros/jazzy/opt/gz_math_vendor/lib:/opt/ros/jazzy/opt/gz_utils_vendor/lib:/opt/ros/jazzy/opt/gz_tools_vendor/lib:/opt/ros/jazzy/opt/gz_ogre_next_vendor/lib:/opt/ros/jazzy/opt/gz_dartsim_vendor/lib:/opt/ros/jazzy/opt/gz_cmake_vendor/lib:/opt/ros/jazzy/lib PYTHONPATH=/home/mikks/ros2_px4_ws/install/px4_msgs/lib/python3.12/site-packages:/home/mikks/ros2_px4_ws/build/x500_hover_controller:/home/mikks/ros2_px4_ws/install/x500_hover_controller/lib/python3.12/site-packages:/home/mikks/ros2_px4_ws/install/px4_ros_com/lib/python3.12/site-packages:/home/mikks/ros2_px4_ws/build/example_mode_with_rclpy_py:/home/mikks/ros2_px4_ws/install/example_mode_with_rclpy_py/lib/python3.12/site-packages:/home/mikks/ros2_px4_ws/build/example_mode_goto_py:/home/mikks/ros2_px4_ws/install/example_mode_goto_py/lib/python3.12/site-packages:/home/mikks/ros2_px4_ws/install/px4_ros2_py/lib/python3.12/site-packages:/home/mikks/ros2_px4_ws/build/px4_actuator_ctrl:/home/mikks/ros2_px4_ws/install/px4_actuator_ctrl/lib/python3.12/site-packages:/home/mikks/ros2_ws/build/rover_desc_description:/home/mikks/ros2_ws/install/rover_desc_description/lib/python3.12/site-packages:/home/mikks/ros2_ws/install/px4_actuator_ctrl/lib/python3.12/site-packages:/home/mikks/ros2_ws/build/mine_rover_description:/home/mikks/ros2_ws/install/mine_rover_description/lib/python3.12/site-packages:/home/mikks/ros2_ws/build/ZerionURDFV5cp_description:/home/mikks/ros2_ws/install/ZerionURDFV5cp_description/lib/python3.12/site-packages:/home/mikks/crazyflie_mapping_demo/ros2_ws/install/velocity_free_consensus/lib/python3.12/site-packages:/home/mikks/crazyflie_mapping_demo/ros2_ws/install/stepwise_lowpos/lib/python3.12/site-packages:/home/mikks/crazyflie_mapping_demo/ros2_ws/install/step_wise_lowpos/lib/python3.12/site-packages:/home/mikks/crazyflie_mapping_demo/ros2_ws/install/second_order_formation_control/lib/python3.12/site-packages:/home/mikks/crazyflie_mapping_demo/ros2_ws/install/ros_gz_crazyflie_control/lib/python3.12/site-packages:/home/mikks/crazyflie_mapping_demo/ros2_ws/install/mixed_fractional_consensus/lib/python3.12/site-packages:/home/mikks/crazyflie_mapping_demo/ros2_ws/install/lowest_pos/lib/python3.12/site-packages:/home/mikks/crazyflie_mapping_demo/ros2_ws/install/linear_consensus/lib/python3.12/site-packages:/home/mikks/crazyflie_mapping_demo/ros2_ws/install/highest_pos/lib/python3.12/site-packages:/home/mikks/crazyflie_mapping_demo/ros2_ws/install/fractional_consensus_alpha/lib/python3.12/site-packages:/home/mikks/crazyflie_mapping_demo/ros2_ws/install/event_triggered_swarm/lib/python3.12/site-packages:/home/mikks/crazyflie_mapping_demo/ros2_ws/install/drone_logger/lib/python3.12/site-packages:/home/mikks/crazyflie_mapping_demo/ros2_ws/install/distributed_average_tracking/lib/python3.12/site-packages:/home/mikks/crazyflie_mapping_demo/ros2_ws/install/crazyflie_swarm_logic/lib/python3.12/site-packages:/home/mikks/crazyflie_mapping_demo/ros2_ws/install/crazyflie_sim/lib/python3.12/site-packages:/home/mikks/crazyflie_mapping_demo/ros2_ws/install/crazyflie_ros2_multiranger_wall_following/lib/python3.12/site-packages:/home/mikks/crazyflie_mapping_demo/ros2_ws/install/crazyflie_ros2_multiranger_simple_mapper/lib/python3.12/site-packages:/home/mikks/crazyflie_mapping_demo/ros2_ws/install/crazyflie_examples/lib/python3.12/site-packages:/home/mikks/crazyflie_mapping_demo/ros2_ws/install/crazyflie_py/lib/python3.12/site-packages:/home/mikks/crazyflie_mapping_demo/ros2_ws/install/crazyflie_interfaces/lib/python3.12/site-packages:/home/mikks/crazyflie_mapping_demo/ros2_ws/install/cooperative_target_centric_formation/lib/python3.12/site-packages:/home/mikks/crazyflie_mapping_demo/ros2_ws/install/containment_using_agent_information/lib/python3.12/site-packages:/home/mikks/crazyflie_mapping_demo/ros2_ws/install/consensus_for_double_integrator/lib/python3.12/site-packages:/home/mikks/crazyflie_mapping_demo/ros2_ws/install/consensus_alignment/lib/python3.12/site-packages:/home/mikks/crazyflie_mapping_demo/ros2_ws/install/binary_consensus/lib/python3.12/site-packages:/home/mikks/crazyflie_mapping_demo/ros2_ws/install/Second_Order_Min_Consensus_for_Heterogeneous_Agents/lib/python3.12/site-packages:/home/mikks/crazyflie_mapping_demo/ros2_ws/install/BinaryContainmentChain/lib/python3.12/site-packages:/opt/ros/jazzy/lib/python3.12/site-packages /usr/bin/cmake --install /home/mikks/ros2_px4_ws/build/example_mode_rtl_replacement_cpp
[3.894s] Level 1:colcon.colcon_core.environment:checking '/home/mikks/ros2_px4_ws/install/example_mode_rtl_replacement_cpp' for CMake config files
[3.894s] Level 1:colcon.colcon_core.shell:create_environment_hook('example_mode_rtl_replacement_cpp', 'cmake_prefix_path')
[3.895s] INFO:colcon.colcon_core.shell:Creating environment hook '/home/mikks/ros2_px4_ws/install/example_mode_rtl_replacement_cpp/share/example_mode_rtl_replacement_cpp/hook/cmake_prefix_path.ps1'
[3.895s] INFO:colcon.colcon_core.shell:Creating environment descriptor '/home/mikks/ros2_px4_ws/install/example_mode_rtl_replacement_cpp/share/example_mode_rtl_replacement_cpp/hook/cmake_prefix_path.dsv'
[3.895s] INFO:colcon.colcon_core.shell:Creating environment hook '/home/mikks/ros2_px4_ws/install/example_mode_rtl_replacement_cpp/share/example_mode_rtl_replacement_cpp/hook/cmake_prefix_path.sh'
[3.896s] Level 1:colcon.colcon_core.environment:checking '/home/mikks/ros2_px4_ws/install/example_mode_rtl_replacement_cpp/lib'
[3.896s] Level 1:colcon.colcon_core.environment:checking '/home/mikks/ros2_px4_ws/install/example_mode_rtl_replacement_cpp/bin'
[3.896s] Level 1:colcon.colcon_core.environment:checking '/home/mikks/ros2_px4_ws/install/example_mode_rtl_replacement_cpp/lib/pkgconfig/example_mode_rtl_replacement_cpp.pc'
[3.896s] Level 1:colcon.colcon_core.environment:checking '/home/mikks/ros2_px4_ws/install/example_mode_rtl_replacement_cpp/lib/python3.12/site-packages'
[3.896s] Level 1:colcon.colcon_core.environment:checking '/home/mikks/ros2_px4_ws/install/example_mode_rtl_replacement_cpp/bin'
[3.897s] INFO:colcon.colcon_core.shell:Creating package script '/home/mikks/ros2_px4_ws/install/example_mode_rtl_replacement_cpp/share/example_mode_rtl_replacement_cpp/package.ps1'
[3.897s] INFO:colcon.colcon_core.shell:Creating package descriptor '/home/mikks/ros2_px4_ws/install/example_mode_rtl_replacement_cpp/share/example_mode_rtl_replacement_cpp/package.dsv'
[3.897s] INFO:colcon.colcon_core.shell:Creating package script '/home/mikks/ros2_px4_ws/install/example_mode_rtl_replacement_cpp/share/example_mode_rtl_replacement_cpp/package.sh'
[3.898s] INFO:colcon.colcon_core.shell:Creating package script '/home/mikks/ros2_px4_ws/install/example_mode_rtl_replacement_cpp/share/example_mode_rtl_replacement_cpp/package.bash'
[3.898s] INFO:colcon.colcon_core.shell:Creating package script '/home/mikks/ros2_px4_ws/install/example_mode_rtl_replacement_cpp/share/example_mode_rtl_replacement_cpp/package.zsh'
[3.898s] Level 1:colcon.colcon_core.environment:create_file_with_runtime_dependencies(/home/mikks/ros2_px4_ws/install/example_mode_rtl_replacement_cpp/share/colcon-core/packages/example_mode_rtl_replacement_cpp)
[3.899s] Level 1:colcon.colcon_core.environment:create_environment_scripts_only(example_mode_rtl_replacement_cpp)
[3.899s] Level 1:colcon.colcon_core.environment:checking '/home/mikks/ros2_px4_ws/install/example_mode_rtl_replacement_cpp' for CMake module files
[3.900s] Level 1:colcon.colcon_core.environment:checking '/home/mikks/ros2_px4_ws/install/example_mode_rtl_replacement_cpp' for CMake config files
[3.900s] Level 1:colcon.colcon_core.shell:create_environment_hook('example_mode_rtl_replacement_cpp', 'cmake_prefix_path')
[3.900s] INFO:colcon.colcon_core.shell:Creating environment hook '/home/mikks/ros2_px4_ws/install/example_mode_rtl_replacement_cpp/share/example_mode_rtl_replacement_cpp/hook/cmake_prefix_path.ps1'
[3.901s] INFO:colcon.colcon_core.shell:Creating environment descriptor '/home/mikks/ros2_px4_ws/install/example_mode_rtl_replacement_cpp/share/example_mode_rtl_replacement_cpp/hook/cmake_prefix_path.dsv'
[3.901s] INFO:colcon.colcon_core.shell:Creating environment hook '/home/mikks/ros2_px4_ws/install/example_mode_rtl_replacement_cpp/share/example_mode_rtl_replacement_cpp/hook/cmake_prefix_path.sh'
[3.902s] Level 1:colcon.colcon_core.environment:checking '/home/mikks/ros2_px4_ws/install/example_mode_rtl_replacement_cpp/lib'
[3.902s] Level 1:colcon.colcon_core.environment:checking '/home/mikks/ros2_px4_ws/install/example_mode_rtl_replacement_cpp/bin'
[3.902s] Level 1:colcon.colcon_core.environment:checking '/home/mikks/ros2_px4_ws/install/example_mode_rtl_replacement_cpp/lib/pkgconfig/example_mode_rtl_replacement_cpp.pc'
[3.902s] Level 1:colcon.colcon_core.environment:checking '/home/mikks/ros2_px4_ws/install/example_mode_rtl_replacement_cpp/lib/python3.12/site-packages'
[3.902s] Level 1:colcon.colcon_core.environment:checking '/home/mikks/ros2_px4_ws/install/example_mode_rtl_replacement_cpp/bin'
[3.902s] INFO:colcon.colcon_core.shell:Creating package script '/home/mikks/ros2_px4_ws/install/example_mode_rtl_replacement_cpp/share/example_mode_rtl_replacement_cpp/package.ps1'
[3.903s] INFO:colcon.colcon_core.shell:Creating package descriptor '/home/mikks/ros2_px4_ws/install/example_mode_rtl_replacement_cpp/share/example_mode_rtl_replacement_cpp/package.dsv'
[3.903s] INFO:colcon.colcon_core.shell:Creating package script '/home/mikks/ros2_px4_ws/install/example_mode_rtl_replacement_cpp/share/example_mode_rtl_replacement_cpp/package.sh'
[3.904s] INFO:colcon.colcon_core.shell:Creating package script '/home/mikks/ros2_px4_ws/install/example_mode_rtl_replacement_cpp/share/example_mode_rtl_replacement_cpp/package.bash'
[3.904s] INFO:colcon.colcon_core.shell:Creating package script '/home/mikks/ros2_px4_ws/install/example_mode_rtl_replacement_cpp/share/example_mode_rtl_replacement_cpp/package.zsh'
[3.904s] Level 1:colcon.colcon_core.environment:create_file_with_runtime_dependencies(/home/mikks/ros2_px4_ws/install/example_mode_rtl_replacement_cpp/share/colcon-core/packages/example_mode_rtl_replacement_cpp)
[3.912s] DEBUG:colcon.colcon_core.event_handler.log_command:Invoked command in '/home/mikks/ros2_px4_ws/build/example_mode_vtol_cpp' returned '0': CMAKE_PREFIX_PATH=/home/mikks/ros2_px4_ws/install/px4_ros2_cpp:/home/mikks/ros2_px4_ws/install/px4_msgs:/home/mikks/ros2_px4_ws/install/px4_ros_com:/home/mikks/ros2_px4_ws/install/px4_ros2_py:/home/mikks/ros2_px4_ws/install/example_rover_velocity_mode_cpp:/home/mikks/ros2_px4_ws/install/example_mode_with_executor_cpp:/home/mikks/ros2_px4_ws/install/example_mode_vtol_cpp:/home/mikks/ros2_px4_ws/install/example_mode_rtl_replacement_cpp:/home/mikks/ros2_px4_ws/install/example_mode_mission_cpp:/home/mikks/ros2_px4_ws/install/example_mode_manual_cpp:/home/mikks/ros2_px4_ws/install/example_mode_goto_global_cpp:/home/mikks/ros2_px4_ws/install/example_mode_goto_cpp:/home/mikks/ros2_px4_ws/install/example_mode_fw_attitude_cpp:/home/mikks/ros2_px4_ws/install/example_local_navigation_cpp:/home/mikks/ros2_px4_ws/install/example_global_navigation_cpp:/home/mikks/ros2_px4_ws/install/example_executor_with_multiple_modes_cpp:/home/mikks/crazyflie_mapping_demo/ros2_ws/install/crazyflie_ros2_multiranger_bringup:/home/mikks/crazyflie_mapping_demo/ros2_ws/install/ros_gz_crazyflie_bringup:/home/mikks/crazyflie_mapping_demo/ros2_ws/install/ros_gz_crazyflie_gazebo:/home/mikks/crazyflie_mapping_demo/ros2_ws/install/crazyflie_sim:/home/mikks/crazyflie_mapping_demo/ros2_ws/install/crazyflie_examples:/home/mikks/crazyflie_mapping_demo/ros2_ws/install/crazyflie:/home/mikks/crazyflie_mapping_demo/ros2_ws/install/crazyflie_interfaces:/opt/ros/jazzy/opt/gz_sim_vendor:/opt/ros/jazzy/opt/gz_sensors_vendor:/opt/ros/jazzy/opt/gz_physics_vendor:/opt/ros/jazzy/opt/sdformat_vendor:/opt/ros/jazzy/opt/gz_gui_vendor:/opt/ros/jazzy/opt/gz_transport_vendor:/opt/ros/jazzy/opt/gz_rendering_vendor:/opt/ros/jazzy/opt/gz_plugin_vendor:/opt/ros/jazzy/opt/gz_fuel_tools_vendor:/opt/ros/jazzy/opt/gz_msgs_vendor:/opt/ros/jazzy/opt/gz_common_vendor:/opt/ros/jazzy/opt/gz_math_vendor:/opt/ros/jazzy/opt/gz_utils_vendor:/opt/ros/jazzy/opt/gz_tools_vendor:/opt/ros/jazzy/opt/gz_ogre_next_vendor:/opt/ros/jazzy/opt/gz_dartsim_vendor:/opt/ros/jazzy/opt/gz_cmake_vendor:/home/mikks/ros2_px4_ws/install/x500_hover_controller:/home/mikks/ros2_px4_ws/install/example_mode_with_rclpy_py:/home/mikks/ros2_px4_ws/install/example_mode_goto_py:/home/mikks/ros2_px4_ws/install/px4_actuator_ctrl:/home/mikks/ros2_ws/install/rover_desc_description:/home/mikks/ros2_ws/install/px4_actuator_ctrl:/home/mikks/ros2_ws/install/mine_rover_description:/home/mikks/ros2_ws/install/ZerionURDFV5cp_description:/home/mikks/crazyflie_mapping_demo/ros2_ws/install/velocity_free_consensus:/home/mikks/crazyflie_mapping_demo/ros2_ws/install/stepwise_lowpos:/home/mikks/crazyflie_mapping_demo/ros2_ws/install/step_wise_lowpos:/home/mikks/crazyflie_mapping_demo/ros2_ws/install/second_order_formation_control:/home/mikks/crazyflie_mapping_demo/ros2_ws/install/ros_gz_crazyflie_control:/home/mikks/crazyflie_mapping_demo/ros2_ws/install/mixed_fractional_consensus:/home/mikks/crazyflie_mapping_demo/ros2_ws/install/lowest_pos:/home/mikks/crazyflie_mapping_demo/ros2_ws/install/linear_consensus:/home/mikks/crazyflie_mapping_demo/ros2_ws/install/highest_pos:/home/mikks/crazyflie_mapping_demo/ros2_ws/install/fractional_consensus_alpha:/home/mikks/crazyflie_mapping_demo/ros2_ws/install/event_triggered_swarm:/home/mikks/crazyflie_mapping_demo/ros2_ws/install/drone_logger:/home/mikks/crazyflie_mapping_demo/ros2_ws/install/distributed_average_tracking:/home/mikks/crazyflie_mapping_demo/ros2_ws/install/crazyflie_swarm_logic:/home/mikks/crazyflie_mapping_demo/ros2_ws/install/crazyflie_ros2_multiranger_wall_following:/home/mikks/crazyflie_mapping_demo/ros2_ws/install/crazyflie_ros2_multiranger_simple_mapper:/home/mikks/crazyflie_mapping_demo/ros2_ws/install/crazyflie_py:/home/mikks/crazyflie_mapping_demo/ros2_ws/install/cooperative_target_centric_formation:/home/mikks/crazyflie_mapping_demo/ros2_ws/install/containment_using_agent_information:/home/mikks/crazyflie_mapping_demo/ros2_ws/install/consensus_for_double_integrator:/home/mikks/crazyflie_mapping_demo/ros2_ws/install/consensus_alignment:/home/mikks/crazyflie_mapping_demo/ros2_ws/install/binary_consensus:/home/mikks/crazyflie_mapping_demo/ros2_ws/install/Second_Order_Min_Consensus_for_Heterogeneous_Agents:/home/mikks/crazyflie_mapping_demo/ros2_ws/install/BinaryContainmentChain:/opt/ros/jazzy DEBUGINFOD_URLS=https://debuginfod.ubuntu.com LD_LIBRARY_PATH=/home/mikks/ros2_px4_ws/install/px4_ros2_cpp/lib:/home/mikks/ros2_px4_ws/install/px4_msgs/lib:/home/mikks/ros2_px4_ws/install/px4_ros_com/lib:/home/mikks/NatNet_SDK_4.3_ubuntu/lib:/home/mikks/crazyflie_mapping_demo/ros2_ws/install/crazyflie_interfaces/lib:/opt/ros/jazzy/opt/gz_sim_vendor/lib:/opt/ros/jazzy/opt/gz_sensors_vendor/lib:/opt/ros/jazzy/opt/gz_physics_vendor/lib:/opt/ros/jazzy/opt/sdformat_vendor/lib:/opt/ros/jazzy/opt/rviz_ogre_vendor/lib:/opt/ros/jazzy/lib/x86_64-linux-gnu:/opt/ros/jazzy/opt/gz_gui_vendor/lib:/opt/ros/jazzy/opt/gz_transport_vendor/lib:/opt/ros/jazzy/opt/gz_rendering_vendor/lib:/opt/ros/jazzy/opt/gz_plugin_vendor/lib:/opt/ros/jazzy/opt/gz_fuel_tools_vendor/lib:/opt/ros/jazzy/opt/gz_msgs_vendor/lib:/opt/ros/jazzy/opt/gz_common_vendor/lib:/opt/ros/jazzy/opt/gz_math_vendor/lib:/opt/ros/jazzy/opt/gz_utils_vendor/lib:/opt/ros/jazzy/opt/gz_tools_vendor/lib:/opt/ros/jazzy/opt/gz_ogre_next_vendor/lib:/opt/ros/jazzy/opt/gz_dartsim_vendor/lib:/opt/ros/jazzy/opt/gz_cmake_vendor/lib:/opt/ros/jazzy/lib PYTHONPATH=/home/mikks/ros2_px4_ws/install/px4_msgs/lib/python3.12/site-packages:/home/mikks/ros2_px4_ws/build/x500_hover_controller:/home/mikks/ros2_px4_ws/install/x500_hover_controller/lib/python3.12/site-packages:/home/mikks/ros2_px4_ws/install/px4_ros_com/lib/python3.12/site-packages:/home/mikks/ros2_px4_ws/build/example_mode_with_rclpy_py:/home/mikks/ros2_px4_ws/install/example_mode_with_rclpy_py/lib/python3.12/site-packages:/home/mikks/ros2_px4_ws/build/example_mode_goto_py:/home/mikks/ros2_px4_ws/install/example_mode_goto_py/lib/python3.12/site-packages:/home/mikks/ros2_px4_ws/install/px4_ros2_py/lib/python3.12/site-packages:/home/mikks/ros2_px4_ws/build/px4_actuator_ctrl:/home/mikks/ros2_px4_ws/install/px4_actuator_ctrl/lib/python3.12/site-packages:/home/mikks/ros2_ws/build/rover_desc_description:/home/mikks/ros2_ws/install/rover_desc_description/lib/python3.12/site-packages:/home/mikks/ros2_ws/install/px4_actuator_ctrl/lib/python3.12/site-packages:/home/mikks/ros2_ws/build/mine_rover_description:/home/mikks/ros2_ws/install/mine_rover_description/lib/python3.12/site-packages:/home/mikks/ros2_ws/build/ZerionURDFV5cp_description:/home/mikks/ros2_ws/install/ZerionURDFV5cp_description/lib/python3.12/site-packages:/home/mikks/crazyflie_mapping_demo/ros2_ws/install/velocity_free_consensus/lib/python3.12/site-packages:/home/mikks/crazyflie_mapping_demo/ros2_ws/install/stepwise_lowpos/lib/python3.12/site-packages:/home/mikks/crazyflie_mapping_demo/ros2_ws/install/step_wise_lowpos/lib/python3.12/site-packages:/home/mikks/crazyflie_mapping_demo/ros2_ws/install/second_order_formation_control/lib/python3.12/site-packages:/home/mikks/crazyflie_mapping_demo/ros2_ws/install/ros_gz_crazyflie_control/lib/python3.12/site-packages:/home/mikks/crazyflie_mapping_demo/ros2_ws/install/mixed_fractional_consensus/lib/python3.12/site-packages:/home/mikks/crazyflie_mapping_demo/ros2_ws/install/lowest_pos/lib/python3.12/site-packages:/home/mikks/crazyflie_mapping_demo/ros2_ws/install/linear_consensus/lib/python3.12/site-packages:/home/mikks/crazyflie_mapping_demo/ros2_ws/install/highest_pos/lib/python3.12/site-packages:/home/mikks/crazyflie_mapping_demo/ros2_ws/install/fractional_consensus_alpha/lib/python3.12/site-packages:/home/mikks/crazyflie_mapping_demo/ros2_ws/install/event_triggered_swarm/lib/python3.12/site-packages:/home/mikks/crazyflie_mapping_demo/ros2_ws/install/drone_logger/lib/python3.12/site-packages:/home/mikks/crazyflie_mapping_demo/ros2_ws/install/distributed_average_tracking/lib/python3.12/site-packages:/home/mikks/crazyflie_mapping_demo/ros2_ws/install/crazyflie_swarm_logic/lib/python3.12/site-packages:/home/mikks/crazyflie_mapping_demo/ros2_ws/install/crazyflie_sim/lib/python3.12/site-packages:/home/mikks/crazyflie_mapping_demo/ros2_ws/install/crazyflie_ros2_multiranger_wall_following/lib/python3.12/site-packages:/home/mikks/crazyflie_mapping_demo/ros2_ws/install/crazyflie_ros2_multiranger_simple_mapper/lib/python3.12/site-packages:/home/mikks/crazyflie_mapping_demo/ros2_ws/install/crazyflie_examples/lib/python3.12/site-packages:/home/mikks/crazyflie_mapping_demo/ros2_ws/install/crazyflie_py/lib/python3.12/site-packages:/home/mikks/crazyflie_mapping_demo/ros2_ws/install/crazyflie_interfaces/lib/python3.12/site-packages:/home/mikks/crazyflie_mapping_demo/ros2_ws/install/cooperative_target_centric_formation/lib/python3.12/site-packages:/home/mikks/crazyflie_mapping_demo/ros2_ws/install/containment_using_agent_information/lib/python3.12/site-packages:/home/mikks/crazyflie_mapping_demo/ros2_ws/install/consensus_for_double_integrator/lib/python3.12/site-packages:/home/mikks/crazyflie_mapping_demo/ros2_ws/install/consensus_alignment/lib/python3.12/site-packages:/home/mikks/crazyflie_mapping_demo/ros2_ws/install/binary_consensus/lib/python3.12/site-packages:/home/mikks/crazyflie_mapping_demo/ros2_ws/install/Second_Order_Min_Consensus_for_Heterogeneous_Agents/lib/python3.12/site-packages:/home/mikks/crazyflie_mapping_demo/ros2_ws/install/BinaryContainmentChain/lib/python3.12/site-packages:/opt/ros/jazzy/lib/python3.12/site-packages /usr/bin/cmake --build /home/mikks/ros2_px4_ws/build/example_mode_vtol_cpp -- -j12 -l12
[3.913s] DEBUG:colcon.colcon_core.event_handler.log_command:Invoking command in '/home/mikks/ros2_px4_ws/build/example_mode_vtol_cpp': CMAKE_PREFIX_PATH=/home/mikks/ros2_px4_ws/install/px4_ros2_cpp:/home/mikks/ros2_px4_ws/install/px4_msgs:/home/mikks/ros2_px4_ws/install/px4_ros_com:/home/mikks/ros2_px4_ws/install/px4_ros2_py:/home/mikks/ros2_px4_ws/install/example_rover_velocity_mode_cpp:/home/mikks/ros2_px4_ws/install/example_mode_with_executor_cpp:/home/mikks/ros2_px4_ws/install/example_mode_vtol_cpp:/home/mikks/ros2_px4_ws/install/example_mode_rtl_replacement_cpp:/home/mikks/ros2_px4_ws/install/example_mode_mission_cpp:/home/mikks/ros2_px4_ws/install/example_mode_manual_cpp:/home/mikks/ros2_px4_ws/install/example_mode_goto_global_cpp:/home/mikks/ros2_px4_ws/install/example_mode_goto_cpp:/home/mikks/ros2_px4_ws/install/example_mode_fw_attitude_cpp:/home/mikks/ros2_px4_ws/install/example_local_navigation_cpp:/home/mikks/ros2_px4_ws/install/example_global_navigation_cpp:/home/mikks/ros2_px4_ws/install/example_executor_with_multiple_modes_cpp:/home/mikks/crazyflie_mapping_demo/ros2_ws/install/crazyflie_ros2_multiranger_bringup:/home/mikks/crazyflie_mapping_demo/ros2_ws/install/ros_gz_crazyflie_bringup:/home/mikks/crazyflie_mapping_demo/ros2_ws/install/ros_gz_crazyflie_gazebo:/home/mikks/crazyflie_mapping_demo/ros2_ws/install/crazyflie_sim:/home/mikks/crazyflie_mapping_demo/ros2_ws/install/crazyflie_examples:/home/mikks/crazyflie_mapping_demo/ros2_ws/install/crazyflie:/home/mikks/crazyflie_mapping_demo/ros2_ws/install/crazyflie_interfaces:/opt/ros/jazzy/opt/gz_sim_vendor:/opt/ros/jazzy/opt/gz_sensors_vendor:/opt/ros/jazzy/opt/gz_physics_vendor:/opt/ros/jazzy/opt/sdformat_vendor:/opt/ros/jazzy/opt/gz_gui_vendor:/opt/ros/jazzy/opt/gz_transport_vendor:/opt/ros/jazzy/opt/gz_rendering_vendor:/opt/ros/jazzy/opt/gz_plugin_vendor:/opt/ros/jazzy/opt/gz_fuel_tools_vendor:/opt/ros/jazzy/opt/gz_msgs_vendor:/opt/ros/jazzy/opt/gz_common_vendor:/opt/ros/jazzy/opt/gz_math_vendor:/opt/ros/jazzy/opt/gz_utils_vendor:/opt/ros/jazzy/opt/gz_tools_vendor:/opt/ros/jazzy/opt/gz_ogre_next_vendor:/opt/ros/jazzy/opt/gz_dartsim_vendor:/opt/ros/jazzy/opt/gz_cmake_vendor:/home/mikks/ros2_px4_ws/install/x500_hover_controller:/home/mikks/ros2_px4_ws/install/example_mode_with_rclpy_py:/home/mikks/ros2_px4_ws/install/example_mode_goto_py:/home/mikks/ros2_px4_ws/install/px4_actuator_ctrl:/home/mikks/ros2_ws/install/rover_desc_description:/home/mikks/ros2_ws/install/px4_actuator_ctrl:/home/mikks/ros2_ws/install/mine_rover_description:/home/mikks/ros2_ws/install/ZerionURDFV5cp_description:/home/mikks/crazyflie_mapping_demo/ros2_ws/install/velocity_free_consensus:/home/mikks/crazyflie_mapping_demo/ros2_ws/install/stepwise_lowpos:/home/mikks/crazyflie_mapping_demo/ros2_ws/install/step_wise_lowpos:/home/mikks/crazyflie_mapping_demo/ros2_ws/install/second_order_formation_control:/home/mikks/crazyflie_mapping_demo/ros2_ws/install/ros_gz_crazyflie_control:/home/mikks/crazyflie_mapping_demo/ros2_ws/install/mixed_fractional_consensus:/home/mikks/crazyflie_mapping_demo/ros2_ws/install/lowest_pos:/home/mikks/crazyflie_mapping_demo/ros2_ws/install/linear_consensus:/home/mikks/crazyflie_mapping_demo/ros2_ws/install/highest_pos:/home/mikks/crazyflie_mapping_demo/ros2_ws/install/fractional_consensus_alpha:/home/mikks/crazyflie_mapping_demo/ros2_ws/install/event_triggered_swarm:/home/mikks/crazyflie_mapping_demo/ros2_ws/install/drone_logger:/home/mikks/crazyflie_mapping_demo/ros2_ws/install/distributed_average_tracking:/home/mikks/crazyflie_mapping_demo/ros2_ws/install/crazyflie_swarm_logic:/home/mikks/crazyflie_mapping_demo/ros2_ws/install/crazyflie_ros2_multiranger_wall_following:/home/mikks/crazyflie_mapping_demo/ros2_ws/install/crazyflie_ros2_multiranger_simple_mapper:/home/mikks/crazyflie_mapping_demo/ros2_ws/install/crazyflie_py:/home/mikks/crazyflie_mapping_demo/ros2_ws/install/cooperative_target_centric_formation:/home/mikks/crazyflie_mapping_demo/ros2_ws/install/containment_using_agent_information:/home/mikks/crazyflie_mapping_demo/ros2_ws/install/consensus_for_double_integrator:/home/mikks/crazyflie_mapping_demo/ros2_ws/install/consensus_alignment:/home/mikks/crazyflie_mapping_demo/ros2_ws/install/binary_consensus:/home/mikks/crazyflie_mapping_demo/ros2_ws/install/Second_Order_Min_Consensus_for_Heterogeneous_Agents:/home/mikks/crazyflie_mapping_demo/ros2_ws/install/BinaryContainmentChain:/opt/ros/jazzy DEBUGINFOD_URLS=https://debuginfod.ubuntu.com LD_LIBRARY_PATH=/home/mikks/ros2_px4_ws/install/px4_ros2_cpp/lib:/home/mikks/ros2_px4_ws/install/px4_msgs/lib:/home/mikks/ros2_px4_ws/install/px4_ros_com/lib:/home/mikks/NatNet_SDK_4.3_ubuntu/lib:/home/mikks/crazyflie_mapping_demo/ros2_ws/install/crazyflie_interfaces/lib:/opt/ros/jazzy/opt/gz_sim_vendor/lib:/opt/ros/jazzy/opt/gz_sensors_vendor/lib:/opt/ros/jazzy/opt/gz_physics_vendor/lib:/opt/ros/jazzy/opt/sdformat_vendor/lib:/opt/ros/jazzy/opt/rviz_ogre_vendor/lib:/opt/ros/jazzy/lib/x86_64-linux-gnu:/opt/ros/jazzy/opt/gz_gui_vendor/lib:/opt/ros/jazzy/opt/gz_transport_vendor/lib:/opt/ros/jazzy/opt/gz_rendering_vendor/lib:/opt/ros/jazzy/opt/gz_plugin_vendor/lib:/opt/ros/jazzy/opt/gz_fuel_tools_vendor/lib:/opt/ros/jazzy/opt/gz_msgs_vendor/lib:/opt/ros/jazzy/opt/gz_common_vendor/lib:/opt/ros/jazzy/opt/gz_math_vendor/lib:/opt/ros/jazzy/opt/gz_utils_vendor/lib:/opt/ros/jazzy/opt/gz_tools_vendor/lib:/opt/ros/jazzy/opt/gz_ogre_next_vendor/lib:/opt/ros/jazzy/opt/gz_dartsim_vendor/lib:/opt/ros/jazzy/opt/gz_cmake_vendor/lib:/opt/ros/jazzy/lib PYTHONPATH=/home/mikks/ros2_px4_ws/install/px4_msgs/lib/python3.12/site-packages:/home/mikks/ros2_px4_ws/build/x500_hover_controller:/home/mikks/ros2_px4_ws/install/x500_hover_controller/lib/python3.12/site-packages:/home/mikks/ros2_px4_ws/install/px4_ros_com/lib/python3.12/site-packages:/home/mikks/ros2_px4_ws/build/example_mode_with_rclpy_py:/home/mikks/ros2_px4_ws/install/example_mode_with_rclpy_py/lib/python3.12/site-packages:/home/mikks/ros2_px4_ws/build/example_mode_goto_py:/home/mikks/ros2_px4_ws/install/example_mode_goto_py/lib/python3.12/site-packages:/home/mikks/ros2_px4_ws/install/px4_ros2_py/lib/python3.12/site-packages:/home/mikks/ros2_px4_ws/build/px4_actuator_ctrl:/home/mikks/ros2_px4_ws/install/px4_actuator_ctrl/lib/python3.12/site-packages:/home/mikks/ros2_ws/build/rover_desc_description:/home/mikks/ros2_ws/install/rover_desc_description/lib/python3.12/site-packages:/home/mikks/ros2_ws/install/px4_actuator_ctrl/lib/python3.12/site-packages:/home/mikks/ros2_ws/build/mine_rover_description:/home/mikks/ros2_ws/install/mine_rover_description/lib/python3.12/site-packages:/home/mikks/ros2_ws/build/ZerionURDFV5cp_description:/home/mikks/ros2_ws/install/ZerionURDFV5cp_description/lib/python3.12/site-packages:/home/mikks/crazyflie_mapping_demo/ros2_ws/install/velocity_free_consensus/lib/python3.12/site-packages:/home/mikks/crazyflie_mapping_demo/ros2_ws/install/stepwise_lowpos/lib/python3.12/site-packages:/home/mikks/crazyflie_mapping_demo/ros2_ws/install/step_wise_lowpos/lib/python3.12/site-packages:/home/mikks/crazyflie_mapping_demo/ros2_ws/install/second_order_formation_control/lib/python3.12/site-packages:/home/mikks/crazyflie_mapping_demo/ros2_ws/install/ros_gz_crazyflie_control/lib/python3.12/site-packages:/home/mikks/crazyflie_mapping_demo/ros2_ws/install/mixed_fractional_consensus/lib/python3.12/site-packages:/home/mikks/crazyflie_mapping_demo/ros2_ws/install/lowest_pos/lib/python3.12/site-packages:/home/mikks/crazyflie_mapping_demo/ros2_ws/install/linear_consensus/lib/python3.12/site-packages:/home/mikks/crazyflie_mapping_demo/ros2_ws/install/highest_pos/lib/python3.12/site-packages:/home/mikks/crazyflie_mapping_demo/ros2_ws/install/fractional_consensus_alpha/lib/python3.12/site-packages:/home/mikks/crazyflie_mapping_demo/ros2_ws/install/event_triggered_swarm/lib/python3.12/site-packages:/home/mikks/crazyflie_mapping_demo/ros2_ws/install/drone_logger/lib/python3.12/site-packages:/home/mikks/crazyflie_mapping_demo/ros2_ws/install/distributed_average_tracking/lib/python3.12/site-packages:/home/mikks/crazyflie_mapping_demo/ros2_ws/install/crazyflie_swarm_logic/lib/python3.12/site-packages:/home/mikks/crazyflie_mapping_demo/ros2_ws/install/crazyflie_sim/lib/python3.12/site-packages:/home/mikks/crazyflie_mapping_demo/ros2_ws/install/crazyflie_ros2_multiranger_wall_following/lib/python3.12/site-packages:/home/mikks/crazyflie_mapping_demo/ros2_ws/install/crazyflie_ros2_multiranger_simple_mapper/lib/python3.12/site-packages:/home/mikks/crazyflie_mapping_demo/ros2_ws/install/crazyflie_examples/lib/python3.12/site-packages:/home/mikks/crazyflie_mapping_demo/ros2_ws/install/crazyflie_py/lib/python3.12/site-packages:/home/mikks/crazyflie_mapping_demo/ros2_ws/install/crazyflie_interfaces/lib/python3.12/site-packages:/home/mikks/crazyflie_mapping_demo/ros2_ws/install/cooperative_target_centric_formation/lib/python3.12/site-packages:/home/mikks/crazyflie_mapping_demo/ros2_ws/install/containment_using_agent_information/lib/python3.12/site-packages:/home/mikks/crazyflie_mapping_demo/ros2_ws/install/consensus_for_double_integrator/lib/python3.12/site-packages:/home/mikks/crazyflie_mapping_demo/ros2_ws/install/consensus_alignment/lib/python3.12/site-packages:/home/mikks/crazyflie_mapping_demo/ros2_ws/install/binary_consensus/lib/python3.12/site-packages:/home/mikks/crazyflie_mapping_demo/ros2_ws/install/Second_Order_Min_Consensus_for_Heterogeneous_Agents/lib/python3.12/site-packages:/home/mikks/crazyflie_mapping_demo/ros2_ws/install/BinaryContainmentChain/lib/python3.12/site-packages:/opt/ros/jazzy/lib/python3.12/site-packages /usr/bin/cmake --install /home/mikks/ros2_px4_ws/build/example_mode_vtol_cpp
[3.914s] DEBUG:colcon.colcon_core.event_handler.log_command:Invoked command in '/home/mikks/ros2_px4_ws/build/example_mode_with_executor_cpp' returned '0': CMAKE_PREFIX_PATH=/home/mikks/ros2_px4_ws/install/px4_ros2_cpp:/home/mikks/ros2_px4_ws/install/px4_msgs:/home/mikks/ros2_px4_ws/install/px4_ros_com:/home/mikks/ros2_px4_ws/install/px4_ros2_py:/home/mikks/ros2_px4_ws/install/example_rover_velocity_mode_cpp:/home/mikks/ros2_px4_ws/install/example_mode_with_executor_cpp:/home/mikks/ros2_px4_ws/install/example_mode_vtol_cpp:/home/mikks/ros2_px4_ws/install/example_mode_rtl_replacement_cpp:/home/mikks/ros2_px4_ws/install/example_mode_mission_cpp:/home/mikks/ros2_px4_ws/install/example_mode_manual_cpp:/home/mikks/ros2_px4_ws/install/example_mode_goto_global_cpp:/home/mikks/ros2_px4_ws/install/example_mode_goto_cpp:/home/mikks/ros2_px4_ws/install/example_mode_fw_attitude_cpp:/home/mikks/ros2_px4_ws/install/example_local_navigation_cpp:/home/mikks/ros2_px4_ws/install/example_global_navigation_cpp:/home/mikks/ros2_px4_ws/install/example_executor_with_multiple_modes_cpp:/home/mikks/crazyflie_mapping_demo/ros2_ws/install/crazyflie_ros2_multiranger_bringup:/home/mikks/crazyflie_mapping_demo/ros2_ws/install/ros_gz_crazyflie_bringup:/home/mikks/crazyflie_mapping_demo/ros2_ws/install/ros_gz_crazyflie_gazebo:/home/mikks/crazyflie_mapping_demo/ros2_ws/install/crazyflie_sim:/home/mikks/crazyflie_mapping_demo/ros2_ws/install/crazyflie_examples:/home/mikks/crazyflie_mapping_demo/ros2_ws/install/crazyflie:/home/mikks/crazyflie_mapping_demo/ros2_ws/install/crazyflie_interfaces:/opt/ros/jazzy/opt/gz_sim_vendor:/opt/ros/jazzy/opt/gz_sensors_vendor:/opt/ros/jazzy/opt/gz_physics_vendor:/opt/ros/jazzy/opt/sdformat_vendor:/opt/ros/jazzy/opt/gz_gui_vendor:/opt/ros/jazzy/opt/gz_transport_vendor:/opt/ros/jazzy/opt/gz_rendering_vendor:/opt/ros/jazzy/opt/gz_plugin_vendor:/opt/ros/jazzy/opt/gz_fuel_tools_vendor:/opt/ros/jazzy/opt/gz_msgs_vendor:/opt/ros/jazzy/opt/gz_common_vendor:/opt/ros/jazzy/opt/gz_math_vendor:/opt/ros/jazzy/opt/gz_utils_vendor:/opt/ros/jazzy/opt/gz_tools_vendor:/opt/ros/jazzy/opt/gz_ogre_next_vendor:/opt/ros/jazzy/opt/gz_dartsim_vendor:/opt/ros/jazzy/opt/gz_cmake_vendor:/home/mikks/ros2_px4_ws/install/x500_hover_controller:/home/mikks/ros2_px4_ws/install/example_mode_with_rclpy_py:/home/mikks/ros2_px4_ws/install/example_mode_goto_py:/home/mikks/ros2_px4_ws/install/px4_actuator_ctrl:/home/mikks/ros2_ws/install/rover_desc_description:/home/mikks/ros2_ws/install/px4_actuator_ctrl:/home/mikks/ros2_ws/install/mine_rover_description:/home/mikks/ros2_ws/install/ZerionURDFV5cp_description:/home/mikks/crazyflie_mapping_demo/ros2_ws/install/velocity_free_consensus:/home/mikks/crazyflie_mapping_demo/ros2_ws/install/stepwise_lowpos:/home/mikks/crazyflie_mapping_demo/ros2_ws/install/step_wise_lowpos:/home/mikks/crazyflie_mapping_demo/ros2_ws/install/second_order_formation_control:/home/mikks/crazyflie_mapping_demo/ros2_ws/install/ros_gz_crazyflie_control:/home/mikks/crazyflie_mapping_demo/ros2_ws/install/mixed_fractional_consensus:/home/mikks/crazyflie_mapping_demo/ros2_ws/install/lowest_pos:/home/mikks/crazyflie_mapping_demo/ros2_ws/install/linear_consensus:/home/mikks/crazyflie_mapping_demo/ros2_ws/install/highest_pos:/home/mikks/crazyflie_mapping_demo/ros2_ws/install/fractional_consensus_alpha:/home/mikks/crazyflie_mapping_demo/ros2_ws/install/event_triggered_swarm:/home/mikks/crazyflie_mapping_demo/ros2_ws/install/drone_logger:/home/mikks/crazyflie_mapping_demo/ros2_ws/install/distributed_average_tracking:/home/mikks/crazyflie_mapping_demo/ros2_ws/install/crazyflie_swarm_logic:/home/mikks/crazyflie_mapping_demo/ros2_ws/install/crazyflie_ros2_multiranger_wall_following:/home/mikks/crazyflie_mapping_demo/ros2_ws/install/crazyflie_ros2_multiranger_simple_mapper:/home/mikks/crazyflie_mapping_demo/ros2_ws/install/crazyflie_py:/home/mikks/crazyflie_mapping_demo/ros2_ws/install/cooperative_target_centric_formation:/home/mikks/crazyflie_mapping_demo/ros2_ws/install/containment_using_agent_information:/home/mikks/crazyflie_mapping_demo/ros2_ws/install/consensus_for_double_integrator:/home/mikks/crazyflie_mapping_demo/ros2_ws/install/consensus_alignment:/home/mikks/crazyflie_mapping_demo/ros2_ws/install/binary_consensus:/home/mikks/crazyflie_mapping_demo/ros2_ws/install/Second_Order_Min_Consensus_for_Heterogeneous_Agents:/home/mikks/crazyflie_mapping_demo/ros2_ws/install/BinaryContainmentChain:/opt/ros/jazzy DEBUGINFOD_URLS=https://debuginfod.ubuntu.com LD_LIBRARY_PATH=/home/mikks/ros2_px4_ws/install/px4_ros2_cpp/lib:/home/mikks/ros2_px4_ws/install/px4_msgs/lib:/home/mikks/ros2_px4_ws/install/px4_ros_com/lib:/home/mikks/NatNet_SDK_4.3_ubuntu/lib:/home/mikks/crazyflie_mapping_demo/ros2_ws/install/crazyflie_interfaces/lib:/opt/ros/jazzy/opt/gz_sim_vendor/lib:/opt/ros/jazzy/opt/gz_sensors_vendor/lib:/opt/ros/jazzy/opt/gz_physics_vendor/lib:/opt/ros/jazzy/opt/sdformat_vendor/lib:/opt/ros/jazzy/opt/rviz_ogre_vendor/lib:/opt/ros/jazzy/lib/x86_64-linux-gnu:/opt/ros/jazzy/opt/gz_gui_vendor/lib:/opt/ros/jazzy/opt/gz_transport_vendor/lib:/opt/ros/jazzy/opt/gz_rendering_vendor/lib:/opt/ros/jazzy/opt/gz_plugin_vendor/lib:/opt/ros/jazzy/opt/gz_fuel_tools_vendor/lib:/opt/ros/jazzy/opt/gz_msgs_vendor/lib:/opt/ros/jazzy/opt/gz_common_vendor/lib:/opt/ros/jazzy/opt/gz_math_vendor/lib:/opt/ros/jazzy/opt/gz_utils_vendor/lib:/opt/ros/jazzy/opt/gz_tools_vendor/lib:/opt/ros/jazzy/opt/gz_ogre_next_vendor/lib:/opt/ros/jazzy/opt/gz_dartsim_vendor/lib:/opt/ros/jazzy/opt/gz_cmake_vendor/lib:/opt/ros/jazzy/lib PYTHONPATH=/home/mikks/ros2_px4_ws/install/px4_msgs/lib/python3.12/site-packages:/home/mikks/ros2_px4_ws/build/x500_hover_controller:/home/mikks/ros2_px4_ws/install/x500_hover_controller/lib/python3.12/site-packages:/home/mikks/ros2_px4_ws/install/px4_ros_com/lib/python3.12/site-packages:/home/mikks/ros2_px4_ws/build/example_mode_with_rclpy_py:/home/mikks/ros2_px4_ws/install/example_mode_with_rclpy_py/lib/python3.12/site-packages:/home/mikks/ros2_px4_ws/build/example_mode_goto_py:/home/mikks/ros2_px4_ws/install/example_mode_goto_py/lib/python3.12/site-packages:/home/mikks/ros2_px4_ws/install/px4_ros2_py/lib/python3.12/site-packages:/home/mikks/ros2_px4_ws/build/px4_actuator_ctrl:/home/mikks/ros2_px4_ws/install/px4_actuator_ctrl/lib/python3.12/site-packages:/home/mikks/ros2_ws/build/rover_desc_description:/home/mikks/ros2_ws/install/rover_desc_description/lib/python3.12/site-packages:/home/mikks/ros2_ws/install/px4_actuator_ctrl/lib/python3.12/site-packages:/home/mikks/ros2_ws/build/mine_rover_description:/home/mikks/ros2_ws/install/mine_rover_description/lib/python3.12/site-packages:/home/mikks/ros2_ws/build/ZerionURDFV5cp_description:/home/mikks/ros2_ws/install/ZerionURDFV5cp_description/lib/python3.12/site-packages:/home/mikks/crazyflie_mapping_demo/ros2_ws/install/velocity_free_consensus/lib/python3.12/site-packages:/home/mikks/crazyflie_mapping_demo/ros2_ws/install/stepwise_lowpos/lib/python3.12/site-packages:/home/mikks/crazyflie_mapping_demo/ros2_ws/install/step_wise_lowpos/lib/python3.12/site-packages:/home/mikks/crazyflie_mapping_demo/ros2_ws/install/second_order_formation_control/lib/python3.12/site-packages:/home/mikks/crazyflie_mapping_demo/ros2_ws/install/ros_gz_crazyflie_control/lib/python3.12/site-packages:/home/mikks/crazyflie_mapping_demo/ros2_ws/install/mixed_fractional_consensus/lib/python3.12/site-packages:/home/mikks/crazyflie_mapping_demo/ros2_ws/install/lowest_pos/lib/python3.12/site-packages:/home/mikks/crazyflie_mapping_demo/ros2_ws/install/linear_consensus/lib/python3.12/site-packages:/home/mikks/crazyflie_mapping_demo/ros2_ws/install/highest_pos/lib/python3.12/site-packages:/home/mikks/crazyflie_mapping_demo/ros2_ws/install/fractional_consensus_alpha/lib/python3.12/site-packages:/home/mikks/crazyflie_mapping_demo/ros2_ws/install/event_triggered_swarm/lib/python3.12/site-packages:/home/mikks/crazyflie_mapping_demo/ros2_ws/install/drone_logger/lib/python3.12/site-packages:/home/mikks/crazyflie_mapping_demo/ros2_ws/install/distributed_average_tracking/lib/python3.12/site-packages:/home/mikks/crazyflie_mapping_demo/ros2_ws/install/crazyflie_swarm_logic/lib/python3.12/site-packages:/home/mikks/crazyflie_mapping_demo/ros2_ws/install/crazyflie_sim/lib/python3.12/site-packages:/home/mikks/crazyflie_mapping_demo/ros2_ws/install/crazyflie_ros2_multiranger_wall_following/lib/python3.12/site-packages:/home/mikks/crazyflie_mapping_demo/ros2_ws/install/crazyflie_ros2_multiranger_simple_mapper/lib/python3.12/site-packages:/home/mikks/crazyflie_mapping_demo/ros2_ws/install/crazyflie_examples/lib/python3.12/site-packages:/home/mikks/crazyflie_mapping_demo/ros2_ws/install/crazyflie_py/lib/python3.12/site-packages:/home/mikks/crazyflie_mapping_demo/ros2_ws/install/crazyflie_interfaces/lib/python3.12/site-packages:/home/mikks/crazyflie_mapping_demo/ros2_ws/install/cooperative_target_centric_formation/lib/python3.12/site-packages:/home/mikks/crazyflie_mapping_demo/ros2_ws/install/containment_using_agent_information/lib/python3.12/site-packages:/home/mikks/crazyflie_mapping_demo/ros2_ws/install/consensus_for_double_integrator/lib/python3.12/site-packages:/home/mikks/crazyflie_mapping_demo/ros2_ws/install/consensus_alignment/lib/python3.12/site-packages:/home/mikks/crazyflie_mapping_demo/ros2_ws/install/binary_consensus/lib/python3.12/site-packages:/home/mikks/crazyflie_mapping_demo/ros2_ws/install/Second_Order_Min_Consensus_for_Heterogeneous_Agents/lib/python3.12/site-packages:/home/mikks/crazyflie_mapping_demo/ros2_ws/install/BinaryContainmentChain/lib/python3.12/site-packages:/opt/ros/jazzy/lib/python3.12/site-packages /usr/bin/cmake --build /home/mikks/ros2_px4_ws/build/example_mode_with_executor_cpp -- -j12 -l12
[3.915s] DEBUG:colcon.colcon_core.event_handler.log_command:Invoking command in '/home/mikks/ros2_px4_ws/build/example_mode_with_executor_cpp': CMAKE_PREFIX_PATH=/home/mikks/ros2_px4_ws/install/px4_ros2_cpp:/home/mikks/ros2_px4_ws/install/px4_msgs:/home/mikks/ros2_px4_ws/install/px4_ros_com:/home/mikks/ros2_px4_ws/install/px4_ros2_py:/home/mikks/ros2_px4_ws/install/example_rover_velocity_mode_cpp:/home/mikks/ros2_px4_ws/install/example_mode_with_executor_cpp:/home/mikks/ros2_px4_ws/install/example_mode_vtol_cpp:/home/mikks/ros2_px4_ws/install/example_mode_rtl_replacement_cpp:/home/mikks/ros2_px4_ws/install/example_mode_mission_cpp:/home/mikks/ros2_px4_ws/install/example_mode_manual_cpp:/home/mikks/ros2_px4_ws/install/example_mode_goto_global_cpp:/home/mikks/ros2_px4_ws/install/example_mode_goto_cpp:/home/mikks/ros2_px4_ws/install/example_mode_fw_attitude_cpp:/home/mikks/ros2_px4_ws/install/example_local_navigation_cpp:/home/mikks/ros2_px4_ws/install/example_global_navigation_cpp:/home/mikks/ros2_px4_ws/install/example_executor_with_multiple_modes_cpp:/home/mikks/crazyflie_mapping_demo/ros2_ws/install/crazyflie_ros2_multiranger_bringup:/home/mikks/crazyflie_mapping_demo/ros2_ws/install/ros_gz_crazyflie_bringup:/home/mikks/crazyflie_mapping_demo/ros2_ws/install/ros_gz_crazyflie_gazebo:/home/mikks/crazyflie_mapping_demo/ros2_ws/install/crazyflie_sim:/home/mikks/crazyflie_mapping_demo/ros2_ws/install/crazyflie_examples:/home/mikks/crazyflie_mapping_demo/ros2_ws/install/crazyflie:/home/mikks/crazyflie_mapping_demo/ros2_ws/install/crazyflie_interfaces:/opt/ros/jazzy/opt/gz_sim_vendor:/opt/ros/jazzy/opt/gz_sensors_vendor:/opt/ros/jazzy/opt/gz_physics_vendor:/opt/ros/jazzy/opt/sdformat_vendor:/opt/ros/jazzy/opt/gz_gui_vendor:/opt/ros/jazzy/opt/gz_transport_vendor:/opt/ros/jazzy/opt/gz_rendering_vendor:/opt/ros/jazzy/opt/gz_plugin_vendor:/opt/ros/jazzy/opt/gz_fuel_tools_vendor:/opt/ros/jazzy/opt/gz_msgs_vendor:/opt/ros/jazzy/opt/gz_common_vendor:/opt/ros/jazzy/opt/gz_math_vendor:/opt/ros/jazzy/opt/gz_utils_vendor:/opt/ros/jazzy/opt/gz_tools_vendor:/opt/ros/jazzy/opt/gz_ogre_next_vendor:/opt/ros/jazzy/opt/gz_dartsim_vendor:/opt/ros/jazzy/opt/gz_cmake_vendor:/home/mikks/ros2_px4_ws/install/x500_hover_controller:/home/mikks/ros2_px4_ws/install/example_mode_with_rclpy_py:/home/mikks/ros2_px4_ws/install/example_mode_goto_py:/home/mikks/ros2_px4_ws/install/px4_actuator_ctrl:/home/mikks/ros2_ws/install/rover_desc_description:/home/mikks/ros2_ws/install/px4_actuator_ctrl:/home/mikks/ros2_ws/install/mine_rover_description:/home/mikks/ros2_ws/install/ZerionURDFV5cp_description:/home/mikks/crazyflie_mapping_demo/ros2_ws/install/velocity_free_consensus:/home/mikks/crazyflie_mapping_demo/ros2_ws/install/stepwise_lowpos:/home/mikks/crazyflie_mapping_demo/ros2_ws/install/step_wise_lowpos:/home/mikks/crazyflie_mapping_demo/ros2_ws/install/second_order_formation_control:/home/mikks/crazyflie_mapping_demo/ros2_ws/install/ros_gz_crazyflie_control:/home/mikks/crazyflie_mapping_demo/ros2_ws/install/mixed_fractional_consensus:/home/mikks/crazyflie_mapping_demo/ros2_ws/install/lowest_pos:/home/mikks/crazyflie_mapping_demo/ros2_ws/install/linear_consensus:/home/mikks/crazyflie_mapping_demo/ros2_ws/install/highest_pos:/home/mikks/crazyflie_mapping_demo/ros2_ws/install/fractional_consensus_alpha:/home/mikks/crazyflie_mapping_demo/ros2_ws/install/event_triggered_swarm:/home/mikks/crazyflie_mapping_demo/ros2_ws/install/drone_logger:/home/mikks/crazyflie_mapping_demo/ros2_ws/install/distributed_average_tracking:/home/mikks/crazyflie_mapping_demo/ros2_ws/install/crazyflie_swarm_logic:/home/mikks/crazyflie_mapping_demo/ros2_ws/install/crazyflie_ros2_multiranger_wall_following:/home/mikks/crazyflie_mapping_demo/ros2_ws/install/crazyflie_ros2_multiranger_simple_mapper:/home/mikks/crazyflie_mapping_demo/ros2_ws/install/crazyflie_py:/home/mikks/crazyflie_mapping_demo/ros2_ws/install/cooperative_target_centric_formation:/home/mikks/crazyflie_mapping_demo/ros2_ws/install/containment_using_agent_information:/home/mikks/crazyflie_mapping_demo/ros2_ws/install/consensus_for_double_integrator:/home/mikks/crazyflie_mapping_demo/ros2_ws/install/consensus_alignment:/home/mikks/crazyflie_mapping_demo/ros2_ws/install/binary_consensus:/home/mikks/crazyflie_mapping_demo/ros2_ws/install/Second_Order_Min_Consensus_for_Heterogeneous_Agents:/home/mikks/crazyflie_mapping_demo/ros2_ws/install/BinaryContainmentChain:/opt/ros/jazzy DEBUGINFOD_URLS=https://debuginfod.ubuntu.com LD_LIBRARY_PATH=/home/mikks/ros2_px4_ws/install/px4_ros2_cpp/lib:/home/mikks/ros2_px4_ws/install/px4_msgs/lib:/home/mikks/ros2_px4_ws/install/px4_ros_com/lib:/home/mikks/NatNet_SDK_4.3_ubuntu/lib:/home/mikks/crazyflie_mapping_demo/ros2_ws/install/crazyflie_interfaces/lib:/opt/ros/jazzy/opt/gz_sim_vendor/lib:/opt/ros/jazzy/opt/gz_sensors_vendor/lib:/opt/ros/jazzy/opt/gz_physics_vendor/lib:/opt/ros/jazzy/opt/sdformat_vendor/lib:/opt/ros/jazzy/opt/rviz_ogre_vendor/lib:/opt/ros/jazzy/lib/x86_64-linux-gnu:/opt/ros/jazzy/opt/gz_gui_vendor/lib:/opt/ros/jazzy/opt/gz_transport_vendor/lib:/opt/ros/jazzy/opt/gz_rendering_vendor/lib:/opt/ros/jazzy/opt/gz_plugin_vendor/lib:/opt/ros/jazzy/opt/gz_fuel_tools_vendor/lib:/opt/ros/jazzy/opt/gz_msgs_vendor/lib:/opt/ros/jazzy/opt/gz_common_vendor/lib:/opt/ros/jazzy/opt/gz_math_vendor/lib:/opt/ros/jazzy/opt/gz_utils_vendor/lib:/opt/ros/jazzy/opt/gz_tools_vendor/lib:/opt/ros/jazzy/opt/gz_ogre_next_vendor/lib:/opt/ros/jazzy/opt/gz_dartsim_vendor/lib:/opt/ros/jazzy/opt/gz_cmake_vendor/lib:/opt/ros/jazzy/lib PYTHONPATH=/home/mikks/ros2_px4_ws/install/px4_msgs/lib/python3.12/site-packages:/home/mikks/ros2_px4_ws/build/x500_hover_controller:/home/mikks/ros2_px4_ws/install/x500_hover_controller/lib/python3.12/site-packages:/home/mikks/ros2_px4_ws/install/px4_ros_com/lib/python3.12/site-packages:/home/mikks/ros2_px4_ws/build/example_mode_with_rclpy_py:/home/mikks/ros2_px4_ws/install/example_mode_with_rclpy_py/lib/python3.12/site-packages:/home/mikks/ros2_px4_ws/build/example_mode_goto_py:/home/mikks/ros2_px4_ws/install/example_mode_goto_py/lib/python3.12/site-packages:/home/mikks/ros2_px4_ws/install/px4_ros2_py/lib/python3.12/site-packages:/home/mikks/ros2_px4_ws/build/px4_actuator_ctrl:/home/mikks/ros2_px4_ws/install/px4_actuator_ctrl/lib/python3.12/site-packages:/home/mikks/ros2_ws/build/rover_desc_description:/home/mikks/ros2_ws/install/rover_desc_description/lib/python3.12/site-packages:/home/mikks/ros2_ws/install/px4_actuator_ctrl/lib/python3.12/site-packages:/home/mikks/ros2_ws/build/mine_rover_description:/home/mikks/ros2_ws/install/mine_rover_description/lib/python3.12/site-packages:/home/mikks/ros2_ws/build/ZerionURDFV5cp_description:/home/mikks/ros2_ws/install/ZerionURDFV5cp_description/lib/python3.12/site-packages:/home/mikks/crazyflie_mapping_demo/ros2_ws/install/velocity_free_consensus/lib/python3.12/site-packages:/home/mikks/crazyflie_mapping_demo/ros2_ws/install/stepwise_lowpos/lib/python3.12/site-packages:/home/mikks/crazyflie_mapping_demo/ros2_ws/install/step_wise_lowpos/lib/python3.12/site-packages:/home/mikks/crazyflie_mapping_demo/ros2_ws/install/second_order_formation_control/lib/python3.12/site-packages:/home/mikks/crazyflie_mapping_demo/ros2_ws/install/ros_gz_crazyflie_control/lib/python3.12/site-packages:/home/mikks/crazyflie_mapping_demo/ros2_ws/install/mixed_fractional_consensus/lib/python3.12/site-packages:/home/mikks/crazyflie_mapping_demo/ros2_ws/install/lowest_pos/lib/python3.12/site-packages:/home/mikks/crazyflie_mapping_demo/ros2_ws/install/linear_consensus/lib/python3.12/site-packages:/home/mikks/crazyflie_mapping_demo/ros2_ws/install/highest_pos/lib/python3.12/site-packages:/home/mikks/crazyflie_mapping_demo/ros2_ws/install/fractional_consensus_alpha/lib/python3.12/site-packages:/home/mikks/crazyflie_mapping_demo/ros2_ws/install/event_triggered_swarm/lib/python3.12/site-packages:/home/mikks/crazyflie_mapping_demo/ros2_ws/install/drone_logger/lib/python3.12/site-packages:/home/mikks/crazyflie_mapping_demo/ros2_ws/install/distributed_average_tracking/lib/python3.12/site-packages:/home/mikks/crazyflie_mapping_demo/ros2_ws/install/crazyflie_swarm_logic/lib/python3.12/site-packages:/home/mikks/crazyflie_mapping_demo/ros2_ws/install/crazyflie_sim/lib/python3.12/site-packages:/home/mikks/crazyflie_mapping_demo/ros2_ws/install/crazyflie_ros2_multiranger_wall_following/lib/python3.12/site-packages:/home/mikks/crazyflie_mapping_demo/ros2_ws/install/crazyflie_ros2_multiranger_simple_mapper/lib/python3.12/site-packages:/home/mikks/crazyflie_mapping_demo/ros2_ws/install/crazyflie_examples/lib/python3.12/site-packages:/home/mikks/crazyflie_mapping_demo/ros2_ws/install/crazyflie_py/lib/python3.12/site-packages:/home/mikks/crazyflie_mapping_demo/ros2_ws/install/crazyflie_interfaces/lib/python3.12/site-packages:/home/mikks/crazyflie_mapping_demo/ros2_ws/install/cooperative_target_centric_formation/lib/python3.12/site-packages:/home/mikks/crazyflie_mapping_demo/ros2_ws/install/containment_using_agent_information/lib/python3.12/site-packages:/home/mikks/crazyflie_mapping_demo/ros2_ws/install/consensus_for_double_integrator/lib/python3.12/site-packages:/home/mikks/crazyflie_mapping_demo/ros2_ws/install/consensus_alignment/lib/python3.12/site-packages:/home/mikks/crazyflie_mapping_demo/ros2_ws/install/binary_consensus/lib/python3.12/site-packages:/home/mikks/crazyflie_mapping_demo/ros2_ws/install/Second_Order_Min_Consensus_for_Heterogeneous_Agents/lib/python3.12/site-packages:/home/mikks/crazyflie_mapping_demo/ros2_ws/install/BinaryContainmentChain/lib/python3.12/site-packages:/opt/ros/jazzy/lib/python3.12/site-packages /usr/bin/cmake --install /home/mikks/ros2_px4_ws/build/example_mode_with_executor_cpp
[3.937s] DEBUG:colcon.colcon_core.event_handler.log_command:Invoked command in '/home/mikks/ros2_px4_ws/build/example_rover_velocity_mode_cpp' returned '0': CMAKE_PREFIX_PATH=/home/mikks/ros2_px4_ws/install/px4_ros2_cpp:/home/mikks/ros2_px4_ws/install/px4_msgs:/home/mikks/ros2_px4_ws/install/px4_ros_com:/home/mikks/ros2_px4_ws/install/px4_ros2_py:/home/mikks/ros2_px4_ws/install/example_rover_velocity_mode_cpp:/home/mikks/ros2_px4_ws/install/example_mode_with_executor_cpp:/home/mikks/ros2_px4_ws/install/example_mode_vtol_cpp:/home/mikks/ros2_px4_ws/install/example_mode_rtl_replacement_cpp:/home/mikks/ros2_px4_ws/install/example_mode_mission_cpp:/home/mikks/ros2_px4_ws/install/example_mode_manual_cpp:/home/mikks/ros2_px4_ws/install/example_mode_goto_global_cpp:/home/mikks/ros2_px4_ws/install/example_mode_goto_cpp:/home/mikks/ros2_px4_ws/install/example_mode_fw_attitude_cpp:/home/mikks/ros2_px4_ws/install/example_local_navigation_cpp:/home/mikks/ros2_px4_ws/install/example_global_navigation_cpp:/home/mikks/ros2_px4_ws/install/example_executor_with_multiple_modes_cpp:/home/mikks/crazyflie_mapping_demo/ros2_ws/install/crazyflie_ros2_multiranger_bringup:/home/mikks/crazyflie_mapping_demo/ros2_ws/install/ros_gz_crazyflie_bringup:/home/mikks/crazyflie_mapping_demo/ros2_ws/install/ros_gz_crazyflie_gazebo:/home/mikks/crazyflie_mapping_demo/ros2_ws/install/crazyflie_sim:/home/mikks/crazyflie_mapping_demo/ros2_ws/install/crazyflie_examples:/home/mikks/crazyflie_mapping_demo/ros2_ws/install/crazyflie:/home/mikks/crazyflie_mapping_demo/ros2_ws/install/crazyflie_interfaces:/opt/ros/jazzy/opt/gz_sim_vendor:/opt/ros/jazzy/opt/gz_sensors_vendor:/opt/ros/jazzy/opt/gz_physics_vendor:/opt/ros/jazzy/opt/sdformat_vendor:/opt/ros/jazzy/opt/gz_gui_vendor:/opt/ros/jazzy/opt/gz_transport_vendor:/opt/ros/jazzy/opt/gz_rendering_vendor:/opt/ros/jazzy/opt/gz_plugin_vendor:/opt/ros/jazzy/opt/gz_fuel_tools_vendor:/opt/ros/jazzy/opt/gz_msgs_vendor:/opt/ros/jazzy/opt/gz_common_vendor:/opt/ros/jazzy/opt/gz_math_vendor:/opt/ros/jazzy/opt/gz_utils_vendor:/opt/ros/jazzy/opt/gz_tools_vendor:/opt/ros/jazzy/opt/gz_ogre_next_vendor:/opt/ros/jazzy/opt/gz_dartsim_vendor:/opt/ros/jazzy/opt/gz_cmake_vendor:/home/mikks/ros2_px4_ws/install/x500_hover_controller:/home/mikks/ros2_px4_ws/install/example_mode_with_rclpy_py:/home/mikks/ros2_px4_ws/install/example_mode_goto_py:/home/mikks/ros2_px4_ws/install/px4_actuator_ctrl:/home/mikks/ros2_ws/install/rover_desc_description:/home/mikks/ros2_ws/install/px4_actuator_ctrl:/home/mikks/ros2_ws/install/mine_rover_description:/home/mikks/ros2_ws/install/ZerionURDFV5cp_description:/home/mikks/crazyflie_mapping_demo/ros2_ws/install/velocity_free_consensus:/home/mikks/crazyflie_mapping_demo/ros2_ws/install/stepwise_lowpos:/home/mikks/crazyflie_mapping_demo/ros2_ws/install/step_wise_lowpos:/home/mikks/crazyflie_mapping_demo/ros2_ws/install/second_order_formation_control:/home/mikks/crazyflie_mapping_demo/ros2_ws/install/ros_gz_crazyflie_control:/home/mikks/crazyflie_mapping_demo/ros2_ws/install/mixed_fractional_consensus:/home/mikks/crazyflie_mapping_demo/ros2_ws/install/lowest_pos:/home/mikks/crazyflie_mapping_demo/ros2_ws/install/linear_consensus:/home/mikks/crazyflie_mapping_demo/ros2_ws/install/highest_pos:/home/mikks/crazyflie_mapping_demo/ros2_ws/install/fractional_consensus_alpha:/home/mikks/crazyflie_mapping_demo/ros2_ws/install/event_triggered_swarm:/home/mikks/crazyflie_mapping_demo/ros2_ws/install/drone_logger:/home/mikks/crazyflie_mapping_demo/ros2_ws/install/distributed_average_tracking:/home/mikks/crazyflie_mapping_demo/ros2_ws/install/crazyflie_swarm_logic:/home/mikks/crazyflie_mapping_demo/ros2_ws/install/crazyflie_ros2_multiranger_wall_following:/home/mikks/crazyflie_mapping_demo/ros2_ws/install/crazyflie_ros2_multiranger_simple_mapper:/home/mikks/crazyflie_mapping_demo/ros2_ws/install/crazyflie_py:/home/mikks/crazyflie_mapping_demo/ros2_ws/install/cooperative_target_centric_formation:/home/mikks/crazyflie_mapping_demo/ros2_ws/install/containment_using_agent_information:/home/mikks/crazyflie_mapping_demo/ros2_ws/install/consensus_for_double_integrator:/home/mikks/crazyflie_mapping_demo/ros2_ws/install/consensus_alignment:/home/mikks/crazyflie_mapping_demo/ros2_ws/install/binary_consensus:/home/mikks/crazyflie_mapping_demo/ros2_ws/install/Second_Order_Min_Consensus_for_Heterogeneous_Agents:/home/mikks/crazyflie_mapping_demo/ros2_ws/install/BinaryContainmentChain:/opt/ros/jazzy DEBUGINFOD_URLS=https://debuginfod.ubuntu.com LD_LIBRARY_PATH=/home/mikks/ros2_px4_ws/install/px4_ros2_cpp/lib:/home/mikks/ros2_px4_ws/install/px4_msgs/lib:/home/mikks/ros2_px4_ws/install/px4_ros_com/lib:/home/mikks/NatNet_SDK_4.3_ubuntu/lib:/home/mikks/crazyflie_mapping_demo/ros2_ws/install/crazyflie_interfaces/lib:/opt/ros/jazzy/opt/gz_sim_vendor/lib:/opt/ros/jazzy/opt/gz_sensors_vendor/lib:/opt/ros/jazzy/opt/gz_physics_vendor/lib:/opt/ros/jazzy/opt/sdformat_vendor/lib:/opt/ros/jazzy/opt/rviz_ogre_vendor/lib:/opt/ros/jazzy/lib/x86_64-linux-gnu:/opt/ros/jazzy/opt/gz_gui_vendor/lib:/opt/ros/jazzy/opt/gz_transport_vendor/lib:/opt/ros/jazzy/opt/gz_rendering_vendor/lib:/opt/ros/jazzy/opt/gz_plugin_vendor/lib:/opt/ros/jazzy/opt/gz_fuel_tools_vendor/lib:/opt/ros/jazzy/opt/gz_msgs_vendor/lib:/opt/ros/jazzy/opt/gz_common_vendor/lib:/opt/ros/jazzy/opt/gz_math_vendor/lib:/opt/ros/jazzy/opt/gz_utils_vendor/lib:/opt/ros/jazzy/opt/gz_tools_vendor/lib:/opt/ros/jazzy/opt/gz_ogre_next_vendor/lib:/opt/ros/jazzy/opt/gz_dartsim_vendor/lib:/opt/ros/jazzy/opt/gz_cmake_vendor/lib:/opt/ros/jazzy/lib PYTHONPATH=/home/mikks/ros2_px4_ws/install/px4_msgs/lib/python3.12/site-packages:/home/mikks/ros2_px4_ws/build/x500_hover_controller:/home/mikks/ros2_px4_ws/install/x500_hover_controller/lib/python3.12/site-packages:/home/mikks/ros2_px4_ws/install/px4_ros_com/lib/python3.12/site-packages:/home/mikks/ros2_px4_ws/build/example_mode_with_rclpy_py:/home/mikks/ros2_px4_ws/install/example_mode_with_rclpy_py/lib/python3.12/site-packages:/home/mikks/ros2_px4_ws/build/example_mode_goto_py:/home/mikks/ros2_px4_ws/install/example_mode_goto_py/lib/python3.12/site-packages:/home/mikks/ros2_px4_ws/install/px4_ros2_py/lib/python3.12/site-packages:/home/mikks/ros2_px4_ws/build/px4_actuator_ctrl:/home/mikks/ros2_px4_ws/install/px4_actuator_ctrl/lib/python3.12/site-packages:/home/mikks/ros2_ws/build/rover_desc_description:/home/mikks/ros2_ws/install/rover_desc_description/lib/python3.12/site-packages:/home/mikks/ros2_ws/install/px4_actuator_ctrl/lib/python3.12/site-packages:/home/mikks/ros2_ws/build/mine_rover_description:/home/mikks/ros2_ws/install/mine_rover_description/lib/python3.12/site-packages:/home/mikks/ros2_ws/build/ZerionURDFV5cp_description:/home/mikks/ros2_ws/install/ZerionURDFV5cp_description/lib/python3.12/site-packages:/home/mikks/crazyflie_mapping_demo/ros2_ws/install/velocity_free_consensus/lib/python3.12/site-packages:/home/mikks/crazyflie_mapping_demo/ros2_ws/install/stepwise_lowpos/lib/python3.12/site-packages:/home/mikks/crazyflie_mapping_demo/ros2_ws/install/step_wise_lowpos/lib/python3.12/site-packages:/home/mikks/crazyflie_mapping_demo/ros2_ws/install/second_order_formation_control/lib/python3.12/site-packages:/home/mikks/crazyflie_mapping_demo/ros2_ws/install/ros_gz_crazyflie_control/lib/python3.12/site-packages:/home/mikks/crazyflie_mapping_demo/ros2_ws/install/mixed_fractional_consensus/lib/python3.12/site-packages:/home/mikks/crazyflie_mapping_demo/ros2_ws/install/lowest_pos/lib/python3.12/site-packages:/home/mikks/crazyflie_mapping_demo/ros2_ws/install/linear_consensus/lib/python3.12/site-packages:/home/mikks/crazyflie_mapping_demo/ros2_ws/install/highest_pos/lib/python3.12/site-packages:/home/mikks/crazyflie_mapping_demo/ros2_ws/install/fractional_consensus_alpha/lib/python3.12/site-packages:/home/mikks/crazyflie_mapping_demo/ros2_ws/install/event_triggered_swarm/lib/python3.12/site-packages:/home/mikks/crazyflie_mapping_demo/ros2_ws/install/drone_logger/lib/python3.12/site-packages:/home/mikks/crazyflie_mapping_demo/ros2_ws/install/distributed_average_tracking/lib/python3.12/site-packages:/home/mikks/crazyflie_mapping_demo/ros2_ws/install/crazyflie_swarm_logic/lib/python3.12/site-packages:/home/mikks/crazyflie_mapping_demo/ros2_ws/install/crazyflie_sim/lib/python3.12/site-packages:/home/mikks/crazyflie_mapping_demo/ros2_ws/install/crazyflie_ros2_multiranger_wall_following/lib/python3.12/site-packages:/home/mikks/crazyflie_mapping_demo/ros2_ws/install/crazyflie_ros2_multiranger_simple_mapper/lib/python3.12/site-packages:/home/mikks/crazyflie_mapping_demo/ros2_ws/install/crazyflie_examples/lib/python3.12/site-packages:/home/mikks/crazyflie_mapping_demo/ros2_ws/install/crazyflie_py/lib/python3.12/site-packages:/home/mikks/crazyflie_mapping_demo/ros2_ws/install/crazyflie_interfaces/lib/python3.12/site-packages:/home/mikks/crazyflie_mapping_demo/ros2_ws/install/cooperative_target_centric_formation/lib/python3.12/site-packages:/home/mikks/crazyflie_mapping_demo/ros2_ws/install/containment_using_agent_information/lib/python3.12/site-packages:/home/mikks/crazyflie_mapping_demo/ros2_ws/install/consensus_for_double_integrator/lib/python3.12/site-packages:/home/mikks/crazyflie_mapping_demo/ros2_ws/install/consensus_alignment/lib/python3.12/site-packages:/home/mikks/crazyflie_mapping_demo/ros2_ws/install/binary_consensus/lib/python3.12/site-packages:/home/mikks/crazyflie_mapping_demo/ros2_ws/install/Second_Order_Min_Consensus_for_Heterogeneous_Agents/lib/python3.12/site-packages:/home/mikks/crazyflie_mapping_demo/ros2_ws/install/BinaryContainmentChain/lib/python3.12/site-packages:/opt/ros/jazzy/lib/python3.12/site-packages /usr/bin/cmake --build /home/mikks/ros2_px4_ws/build/example_rover_velocity_mode_cpp -- -j12 -l12
[3.938s] DEBUG:colcon.colcon_core.event_handler.log_command:Invoking command in '/home/mikks/ros2_px4_ws/build/example_rover_velocity_mode_cpp': CMAKE_PREFIX_PATH=/home/mikks/ros2_px4_ws/install/px4_ros2_cpp:/home/mikks/ros2_px4_ws/install/px4_msgs:/home/mikks/ros2_px4_ws/install/px4_ros_com:/home/mikks/ros2_px4_ws/install/px4_ros2_py:/home/mikks/ros2_px4_ws/install/example_rover_velocity_mode_cpp:/home/mikks/ros2_px4_ws/install/example_mode_with_executor_cpp:/home/mikks/ros2_px4_ws/install/example_mode_vtol_cpp:/home/mikks/ros2_px4_ws/install/example_mode_rtl_replacement_cpp:/home/mikks/ros2_px4_ws/install/example_mode_mission_cpp:/home/mikks/ros2_px4_ws/install/example_mode_manual_cpp:/home/mikks/ros2_px4_ws/install/example_mode_goto_global_cpp:/home/mikks/ros2_px4_ws/install/example_mode_goto_cpp:/home/mikks/ros2_px4_ws/install/example_mode_fw_attitude_cpp:/home/mikks/ros2_px4_ws/install/example_local_navigation_cpp:/home/mikks/ros2_px4_ws/install/example_global_navigation_cpp:/home/mikks/ros2_px4_ws/install/example_executor_with_multiple_modes_cpp:/home/mikks/crazyflie_mapping_demo/ros2_ws/install/crazyflie_ros2_multiranger_bringup:/home/mikks/crazyflie_mapping_demo/ros2_ws/install/ros_gz_crazyflie_bringup:/home/mikks/crazyflie_mapping_demo/ros2_ws/install/ros_gz_crazyflie_gazebo:/home/mikks/crazyflie_mapping_demo/ros2_ws/install/crazyflie_sim:/home/mikks/crazyflie_mapping_demo/ros2_ws/install/crazyflie_examples:/home/mikks/crazyflie_mapping_demo/ros2_ws/install/crazyflie:/home/mikks/crazyflie_mapping_demo/ros2_ws/install/crazyflie_interfaces:/opt/ros/jazzy/opt/gz_sim_vendor:/opt/ros/jazzy/opt/gz_sensors_vendor:/opt/ros/jazzy/opt/gz_physics_vendor:/opt/ros/jazzy/opt/sdformat_vendor:/opt/ros/jazzy/opt/gz_gui_vendor:/opt/ros/jazzy/opt/gz_transport_vendor:/opt/ros/jazzy/opt/gz_rendering_vendor:/opt/ros/jazzy/opt/gz_plugin_vendor:/opt/ros/jazzy/opt/gz_fuel_tools_vendor:/opt/ros/jazzy/opt/gz_msgs_vendor:/opt/ros/jazzy/opt/gz_common_vendor:/opt/ros/jazzy/opt/gz_math_vendor:/opt/ros/jazzy/opt/gz_utils_vendor:/opt/ros/jazzy/opt/gz_tools_vendor:/opt/ros/jazzy/opt/gz_ogre_next_vendor:/opt/ros/jazzy/opt/gz_dartsim_vendor:/opt/ros/jazzy/opt/gz_cmake_vendor:/home/mikks/ros2_px4_ws/install/x500_hover_controller:/home/mikks/ros2_px4_ws/install/example_mode_with_rclpy_py:/home/mikks/ros2_px4_ws/install/example_mode_goto_py:/home/mikks/ros2_px4_ws/install/px4_actuator_ctrl:/home/mikks/ros2_ws/install/rover_desc_description:/home/mikks/ros2_ws/install/px4_actuator_ctrl:/home/mikks/ros2_ws/install/mine_rover_description:/home/mikks/ros2_ws/install/ZerionURDFV5cp_description:/home/mikks/crazyflie_mapping_demo/ros2_ws/install/velocity_free_consensus:/home/mikks/crazyflie_mapping_demo/ros2_ws/install/stepwise_lowpos:/home/mikks/crazyflie_mapping_demo/ros2_ws/install/step_wise_lowpos:/home/mikks/crazyflie_mapping_demo/ros2_ws/install/second_order_formation_control:/home/mikks/crazyflie_mapping_demo/ros2_ws/install/ros_gz_crazyflie_control:/home/mikks/crazyflie_mapping_demo/ros2_ws/install/mixed_fractional_consensus:/home/mikks/crazyflie_mapping_demo/ros2_ws/install/lowest_pos:/home/mikks/crazyflie_mapping_demo/ros2_ws/install/linear_consensus:/home/mikks/crazyflie_mapping_demo/ros2_ws/install/highest_pos:/home/mikks/crazyflie_mapping_demo/ros2_ws/install/fractional_consensus_alpha:/home/mikks/crazyflie_mapping_demo/ros2_ws/install/event_triggered_swarm:/home/mikks/crazyflie_mapping_demo/ros2_ws/install/drone_logger:/home/mikks/crazyflie_mapping_demo/ros2_ws/install/distributed_average_tracking:/home/mikks/crazyflie_mapping_demo/ros2_ws/install/crazyflie_swarm_logic:/home/mikks/crazyflie_mapping_demo/ros2_ws/install/crazyflie_ros2_multiranger_wall_following:/home/mikks/crazyflie_mapping_demo/ros2_ws/install/crazyflie_ros2_multiranger_simple_mapper:/home/mikks/crazyflie_mapping_demo/ros2_ws/install/crazyflie_py:/home/mikks/crazyflie_mapping_demo/ros2_ws/install/cooperative_target_centric_formation:/home/mikks/crazyflie_mapping_demo/ros2_ws/install/containment_using_agent_information:/home/mikks/crazyflie_mapping_demo/ros2_ws/install/consensus_for_double_integrator:/home/mikks/crazyflie_mapping_demo/ros2_ws/install/consensus_alignment:/home/mikks/crazyflie_mapping_demo/ros2_ws/install/binary_consensus:/home/mikks/crazyflie_mapping_demo/ros2_ws/install/Second_Order_Min_Consensus_for_Heterogeneous_Agents:/home/mikks/crazyflie_mapping_demo/ros2_ws/install/BinaryContainmentChain:/opt/ros/jazzy DEBUGINFOD_URLS=https://debuginfod.ubuntu.com LD_LIBRARY_PATH=/home/mikks/ros2_px4_ws/install/px4_ros2_cpp/lib:/home/mikks/ros2_px4_ws/install/px4_msgs/lib:/home/mikks/ros2_px4_ws/install/px4_ros_com/lib:/home/mikks/NatNet_SDK_4.3_ubuntu/lib:/home/mikks/crazyflie_mapping_demo/ros2_ws/install/crazyflie_interfaces/lib:/opt/ros/jazzy/opt/gz_sim_vendor/lib:/opt/ros/jazzy/opt/gz_sensors_vendor/lib:/opt/ros/jazzy/opt/gz_physics_vendor/lib:/opt/ros/jazzy/opt/sdformat_vendor/lib:/opt/ros/jazzy/opt/rviz_ogre_vendor/lib:/opt/ros/jazzy/lib/x86_64-linux-gnu:/opt/ros/jazzy/opt/gz_gui_vendor/lib:/opt/ros/jazzy/opt/gz_transport_vendor/lib:/opt/ros/jazzy/opt/gz_rendering_vendor/lib:/opt/ros/jazzy/opt/gz_plugin_vendor/lib:/opt/ros/jazzy/opt/gz_fuel_tools_vendor/lib:/opt/ros/jazzy/opt/gz_msgs_vendor/lib:/opt/ros/jazzy/opt/gz_common_vendor/lib:/opt/ros/jazzy/opt/gz_math_vendor/lib:/opt/ros/jazzy/opt/gz_utils_vendor/lib:/opt/ros/jazzy/opt/gz_tools_vendor/lib:/opt/ros/jazzy/opt/gz_ogre_next_vendor/lib:/opt/ros/jazzy/opt/gz_dartsim_vendor/lib:/opt/ros/jazzy/opt/gz_cmake_vendor/lib:/opt/ros/jazzy/lib PYTHONPATH=/home/mikks/ros2_px4_ws/install/px4_msgs/lib/python3.12/site-packages:/home/mikks/ros2_px4_ws/build/x500_hover_controller:/home/mikks/ros2_px4_ws/install/x500_hover_controller/lib/python3.12/site-packages:/home/mikks/ros2_px4_ws/install/px4_ros_com/lib/python3.12/site-packages:/home/mikks/ros2_px4_ws/build/example_mode_with_rclpy_py:/home/mikks/ros2_px4_ws/install/example_mode_with_rclpy_py/lib/python3.12/site-packages:/home/mikks/ros2_px4_ws/build/example_mode_goto_py:/home/mikks/ros2_px4_ws/install/example_mode_goto_py/lib/python3.12/site-packages:/home/mikks/ros2_px4_ws/install/px4_ros2_py/lib/python3.12/site-packages:/home/mikks/ros2_px4_ws/build/px4_actuator_ctrl:/home/mikks/ros2_px4_ws/install/px4_actuator_ctrl/lib/python3.12/site-packages:/home/mikks/ros2_ws/build/rover_desc_description:/home/mikks/ros2_ws/install/rover_desc_description/lib/python3.12/site-packages:/home/mikks/ros2_ws/install/px4_actuator_ctrl/lib/python3.12/site-packages:/home/mikks/ros2_ws/build/mine_rover_description:/home/mikks/ros2_ws/install/mine_rover_description/lib/python3.12/site-packages:/home/mikks/ros2_ws/build/ZerionURDFV5cp_description:/home/mikks/ros2_ws/install/ZerionURDFV5cp_description/lib/python3.12/site-packages:/home/mikks/crazyflie_mapping_demo/ros2_ws/install/velocity_free_consensus/lib/python3.12/site-packages:/home/mikks/crazyflie_mapping_demo/ros2_ws/install/stepwise_lowpos/lib/python3.12/site-packages:/home/mikks/crazyflie_mapping_demo/ros2_ws/install/step_wise_lowpos/lib/python3.12/site-packages:/home/mikks/crazyflie_mapping_demo/ros2_ws/install/second_order_formation_control/lib/python3.12/site-packages:/home/mikks/crazyflie_mapping_demo/ros2_ws/install/ros_gz_crazyflie_control/lib/python3.12/site-packages:/home/mikks/crazyflie_mapping_demo/ros2_ws/install/mixed_fractional_consensus/lib/python3.12/site-packages:/home/mikks/crazyflie_mapping_demo/ros2_ws/install/lowest_pos/lib/python3.12/site-packages:/home/mikks/crazyflie_mapping_demo/ros2_ws/install/linear_consensus/lib/python3.12/site-packages:/home/mikks/crazyflie_mapping_demo/ros2_ws/install/highest_pos/lib/python3.12/site-packages:/home/mikks/crazyflie_mapping_demo/ros2_ws/install/fractional_consensus_alpha/lib/python3.12/site-packages:/home/mikks/crazyflie_mapping_demo/ros2_ws/install/event_triggered_swarm/lib/python3.12/site-packages:/home/mikks/crazyflie_mapping_demo/ros2_ws/install/drone_logger/lib/python3.12/site-packages:/home/mikks/crazyflie_mapping_demo/ros2_ws/install/distributed_average_tracking/lib/python3.12/site-packages:/home/mikks/crazyflie_mapping_demo/ros2_ws/install/crazyflie_swarm_logic/lib/python3.12/site-packages:/home/mikks/crazyflie_mapping_demo/ros2_ws/install/crazyflie_sim/lib/python3.12/site-packages:/home/mikks/crazyflie_mapping_demo/ros2_ws/install/crazyflie_ros2_multiranger_wall_following/lib/python3.12/site-packages:/home/mikks/crazyflie_mapping_demo/ros2_ws/install/crazyflie_ros2_multiranger_simple_mapper/lib/python3.12/site-packages:/home/mikks/crazyflie_mapping_demo/ros2_ws/install/crazyflie_examples/lib/python3.12/site-packages:/home/mikks/crazyflie_mapping_demo/ros2_ws/install/crazyflie_py/lib/python3.12/site-packages:/home/mikks/crazyflie_mapping_demo/ros2_ws/install/crazyflie_interfaces/lib/python3.12/site-packages:/home/mikks/crazyflie_mapping_demo/ros2_ws/install/cooperative_target_centric_formation/lib/python3.12/site-packages:/home/mikks/crazyflie_mapping_demo/ros2_ws/install/containment_using_agent_information/lib/python3.12/site-packages:/home/mikks/crazyflie_mapping_demo/ros2_ws/install/consensus_for_double_integrator/lib/python3.12/site-packages:/home/mikks/crazyflie_mapping_demo/ros2_ws/install/consensus_alignment/lib/python3.12/site-packages:/home/mikks/crazyflie_mapping_demo/ros2_ws/install/binary_consensus/lib/python3.12/site-packages:/home/mikks/crazyflie_mapping_demo/ros2_ws/install/Second_Order_Min_Consensus_for_Heterogeneous_Agents/lib/python3.12/site-packages:/home/mikks/crazyflie_mapping_demo/ros2_ws/install/BinaryContainmentChain/lib/python3.12/site-packages:/opt/ros/jazzy/lib/python3.12/site-packages /usr/bin/cmake --install /home/mikks/ros2_px4_ws/build/example_rover_velocity_mode_cpp
[3.939s] Level 1:colcon.colcon_core.environment:create_environment_scripts_only(example_mode_vtol_cpp)
[3.939s] Level 1:colcon.colcon_core.environment:checking '/home/mikks/ros2_px4_ws/install/example_mode_vtol_cpp' for CMake module files
[3.939s] DEBUG:colcon.colcon_core.event_handler.log_command:Invoked command in '/home/mikks/ros2_px4_ws/build/example_mode_vtol_cpp' returned '0': CMAKE_PREFIX_PATH=/home/mikks/ros2_px4_ws/install/px4_ros2_cpp:/home/mikks/ros2_px4_ws/install/px4_msgs:/home/mikks/ros2_px4_ws/install/px4_ros_com:/home/mikks/ros2_px4_ws/install/px4_ros2_py:/home/mikks/ros2_px4_ws/install/example_rover_velocity_mode_cpp:/home/mikks/ros2_px4_ws/install/example_mode_with_executor_cpp:/home/mikks/ros2_px4_ws/install/example_mode_vtol_cpp:/home/mikks/ros2_px4_ws/install/example_mode_rtl_replacement_cpp:/home/mikks/ros2_px4_ws/install/example_mode_mission_cpp:/home/mikks/ros2_px4_ws/install/example_mode_manual_cpp:/home/mikks/ros2_px4_ws/install/example_mode_goto_global_cpp:/home/mikks/ros2_px4_ws/install/example_mode_goto_cpp:/home/mikks/ros2_px4_ws/install/example_mode_fw_attitude_cpp:/home/mikks/ros2_px4_ws/install/example_local_navigation_cpp:/home/mikks/ros2_px4_ws/install/example_global_navigation_cpp:/home/mikks/ros2_px4_ws/install/example_executor_with_multiple_modes_cpp:/home/mikks/crazyflie_mapping_demo/ros2_ws/install/crazyflie_ros2_multiranger_bringup:/home/mikks/crazyflie_mapping_demo/ros2_ws/install/ros_gz_crazyflie_bringup:/home/mikks/crazyflie_mapping_demo/ros2_ws/install/ros_gz_crazyflie_gazebo:/home/mikks/crazyflie_mapping_demo/ros2_ws/install/crazyflie_sim:/home/mikks/crazyflie_mapping_demo/ros2_ws/install/crazyflie_examples:/home/mikks/crazyflie_mapping_demo/ros2_ws/install/crazyflie:/home/mikks/crazyflie_mapping_demo/ros2_ws/install/crazyflie_interfaces:/opt/ros/jazzy/opt/gz_sim_vendor:/opt/ros/jazzy/opt/gz_sensors_vendor:/opt/ros/jazzy/opt/gz_physics_vendor:/opt/ros/jazzy/opt/sdformat_vendor:/opt/ros/jazzy/opt/gz_gui_vendor:/opt/ros/jazzy/opt/gz_transport_vendor:/opt/ros/jazzy/opt/gz_rendering_vendor:/opt/ros/jazzy/opt/gz_plugin_vendor:/opt/ros/jazzy/opt/gz_fuel_tools_vendor:/opt/ros/jazzy/opt/gz_msgs_vendor:/opt/ros/jazzy/opt/gz_common_vendor:/opt/ros/jazzy/opt/gz_math_vendor:/opt/ros/jazzy/opt/gz_utils_vendor:/opt/ros/jazzy/opt/gz_tools_vendor:/opt/ros/jazzy/opt/gz_ogre_next_vendor:/opt/ros/jazzy/opt/gz_dartsim_vendor:/opt/ros/jazzy/opt/gz_cmake_vendor:/home/mikks/ros2_px4_ws/install/x500_hover_controller:/home/mikks/ros2_px4_ws/install/example_mode_with_rclpy_py:/home/mikks/ros2_px4_ws/install/example_mode_goto_py:/home/mikks/ros2_px4_ws/install/px4_actuator_ctrl:/home/mikks/ros2_ws/install/rover_desc_description:/home/mikks/ros2_ws/install/px4_actuator_ctrl:/home/mikks/ros2_ws/install/mine_rover_description:/home/mikks/ros2_ws/install/ZerionURDFV5cp_description:/home/mikks/crazyflie_mapping_demo/ros2_ws/install/velocity_free_consensus:/home/mikks/crazyflie_mapping_demo/ros2_ws/install/stepwise_lowpos:/home/mikks/crazyflie_mapping_demo/ros2_ws/install/step_wise_lowpos:/home/mikks/crazyflie_mapping_demo/ros2_ws/install/second_order_formation_control:/home/mikks/crazyflie_mapping_demo/ros2_ws/install/ros_gz_crazyflie_control:/home/mikks/crazyflie_mapping_demo/ros2_ws/install/mixed_fractional_consensus:/home/mikks/crazyflie_mapping_demo/ros2_ws/install/lowest_pos:/home/mikks/crazyflie_mapping_demo/ros2_ws/install/linear_consensus:/home/mikks/crazyflie_mapping_demo/ros2_ws/install/highest_pos:/home/mikks/crazyflie_mapping_demo/ros2_ws/install/fractional_consensus_alpha:/home/mikks/crazyflie_mapping_demo/ros2_ws/install/event_triggered_swarm:/home/mikks/crazyflie_mapping_demo/ros2_ws/install/drone_logger:/home/mikks/crazyflie_mapping_demo/ros2_ws/install/distributed_average_tracking:/home/mikks/crazyflie_mapping_demo/ros2_ws/install/crazyflie_swarm_logic:/home/mikks/crazyflie_mapping_demo/ros2_ws/install/crazyflie_ros2_multiranger_wall_following:/home/mikks/crazyflie_mapping_demo/ros2_ws/install/crazyflie_ros2_multiranger_simple_mapper:/home/mikks/crazyflie_mapping_demo/ros2_ws/install/crazyflie_py:/home/mikks/crazyflie_mapping_demo/ros2_ws/install/cooperative_target_centric_formation:/home/mikks/crazyflie_mapping_demo/ros2_ws/install/containment_using_agent_information:/home/mikks/crazyflie_mapping_demo/ros2_ws/install/consensus_for_double_integrator:/home/mikks/crazyflie_mapping_demo/ros2_ws/install/consensus_alignment:/home/mikks/crazyflie_mapping_demo/ros2_ws/install/binary_consensus:/home/mikks/crazyflie_mapping_demo/ros2_ws/install/Second_Order_Min_Consensus_for_Heterogeneous_Agents:/home/mikks/crazyflie_mapping_demo/ros2_ws/install/BinaryContainmentChain:/opt/ros/jazzy DEBUGINFOD_URLS=https://debuginfod.ubuntu.com LD_LIBRARY_PATH=/home/mikks/ros2_px4_ws/install/px4_ros2_cpp/lib:/home/mikks/ros2_px4_ws/install/px4_msgs/lib:/home/mikks/ros2_px4_ws/install/px4_ros_com/lib:/home/mikks/NatNet_SDK_4.3_ubuntu/lib:/home/mikks/crazyflie_mapping_demo/ros2_ws/install/crazyflie_interfaces/lib:/opt/ros/jazzy/opt/gz_sim_vendor/lib:/opt/ros/jazzy/opt/gz_sensors_vendor/lib:/opt/ros/jazzy/opt/gz_physics_vendor/lib:/opt/ros/jazzy/opt/sdformat_vendor/lib:/opt/ros/jazzy/opt/rviz_ogre_vendor/lib:/opt/ros/jazzy/lib/x86_64-linux-gnu:/opt/ros/jazzy/opt/gz_gui_vendor/lib:/opt/ros/jazzy/opt/gz_transport_vendor/lib:/opt/ros/jazzy/opt/gz_rendering_vendor/lib:/opt/ros/jazzy/opt/gz_plugin_vendor/lib:/opt/ros/jazzy/opt/gz_fuel_tools_vendor/lib:/opt/ros/jazzy/opt/gz_msgs_vendor/lib:/opt/ros/jazzy/opt/gz_common_vendor/lib:/opt/ros/jazzy/opt/gz_math_vendor/lib:/opt/ros/jazzy/opt/gz_utils_vendor/lib:/opt/ros/jazzy/opt/gz_tools_vendor/lib:/opt/ros/jazzy/opt/gz_ogre_next_vendor/lib:/opt/ros/jazzy/opt/gz_dartsim_vendor/lib:/opt/ros/jazzy/opt/gz_cmake_vendor/lib:/opt/ros/jazzy/lib PYTHONPATH=/home/mikks/ros2_px4_ws/install/px4_msgs/lib/python3.12/site-packages:/home/mikks/ros2_px4_ws/build/x500_hover_controller:/home/mikks/ros2_px4_ws/install/x500_hover_controller/lib/python3.12/site-packages:/home/mikks/ros2_px4_ws/install/px4_ros_com/lib/python3.12/site-packages:/home/mikks/ros2_px4_ws/build/example_mode_with_rclpy_py:/home/mikks/ros2_px4_ws/install/example_mode_with_rclpy_py/lib/python3.12/site-packages:/home/mikks/ros2_px4_ws/build/example_mode_goto_py:/home/mikks/ros2_px4_ws/install/example_mode_goto_py/lib/python3.12/site-packages:/home/mikks/ros2_px4_ws/install/px4_ros2_py/lib/python3.12/site-packages:/home/mikks/ros2_px4_ws/build/px4_actuator_ctrl:/home/mikks/ros2_px4_ws/install/px4_actuator_ctrl/lib/python3.12/site-packages:/home/mikks/ros2_ws/build/rover_desc_description:/home/mikks/ros2_ws/install/rover_desc_description/lib/python3.12/site-packages:/home/mikks/ros2_ws/install/px4_actuator_ctrl/lib/python3.12/site-packages:/home/mikks/ros2_ws/build/mine_rover_description:/home/mikks/ros2_ws/install/mine_rover_description/lib/python3.12/site-packages:/home/mikks/ros2_ws/build/ZerionURDFV5cp_description:/home/mikks/ros2_ws/install/ZerionURDFV5cp_description/lib/python3.12/site-packages:/home/mikks/crazyflie_mapping_demo/ros2_ws/install/velocity_free_consensus/lib/python3.12/site-packages:/home/mikks/crazyflie_mapping_demo/ros2_ws/install/stepwise_lowpos/lib/python3.12/site-packages:/home/mikks/crazyflie_mapping_demo/ros2_ws/install/step_wise_lowpos/lib/python3.12/site-packages:/home/mikks/crazyflie_mapping_demo/ros2_ws/install/second_order_formation_control/lib/python3.12/site-packages:/home/mikks/crazyflie_mapping_demo/ros2_ws/install/ros_gz_crazyflie_control/lib/python3.12/site-packages:/home/mikks/crazyflie_mapping_demo/ros2_ws/install/mixed_fractional_consensus/lib/python3.12/site-packages:/home/mikks/crazyflie_mapping_demo/ros2_ws/install/lowest_pos/lib/python3.12/site-packages:/home/mikks/crazyflie_mapping_demo/ros2_ws/install/linear_consensus/lib/python3.12/site-packages:/home/mikks/crazyflie_mapping_demo/ros2_ws/install/highest_pos/lib/python3.12/site-packages:/home/mikks/crazyflie_mapping_demo/ros2_ws/install/fractional_consensus_alpha/lib/python3.12/site-packages:/home/mikks/crazyflie_mapping_demo/ros2_ws/install/event_triggered_swarm/lib/python3.12/site-packages:/home/mikks/crazyflie_mapping_demo/ros2_ws/install/drone_logger/lib/python3.12/site-packages:/home/mikks/crazyflie_mapping_demo/ros2_ws/install/distributed_average_tracking/lib/python3.12/site-packages:/home/mikks/crazyflie_mapping_demo/ros2_ws/install/crazyflie_swarm_logic/lib/python3.12/site-packages:/home/mikks/crazyflie_mapping_demo/ros2_ws/install/crazyflie_sim/lib/python3.12/site-packages:/home/mikks/crazyflie_mapping_demo/ros2_ws/install/crazyflie_ros2_multiranger_wall_following/lib/python3.12/site-packages:/home/mikks/crazyflie_mapping_demo/ros2_ws/install/crazyflie_ros2_multiranger_simple_mapper/lib/python3.12/site-packages:/home/mikks/crazyflie_mapping_demo/ros2_ws/install/crazyflie_examples/lib/python3.12/site-packages:/home/mikks/crazyflie_mapping_demo/ros2_ws/install/crazyflie_py/lib/python3.12/site-packages:/home/mikks/crazyflie_mapping_demo/ros2_ws/install/crazyflie_interfaces/lib/python3.12/site-packages:/home/mikks/crazyflie_mapping_demo/ros2_ws/install/cooperative_target_centric_formation/lib/python3.12/site-packages:/home/mikks/crazyflie_mapping_demo/ros2_ws/install/containment_using_agent_information/lib/python3.12/site-packages:/home/mikks/crazyflie_mapping_demo/ros2_ws/install/consensus_for_double_integrator/lib/python3.12/site-packages:/home/mikks/crazyflie_mapping_demo/ros2_ws/install/consensus_alignment/lib/python3.12/site-packages:/home/mikks/crazyflie_mapping_demo/ros2_ws/install/binary_consensus/lib/python3.12/site-packages:/home/mikks/crazyflie_mapping_demo/ros2_ws/install/Second_Order_Min_Consensus_for_Heterogeneous_Agents/lib/python3.12/site-packages:/home/mikks/crazyflie_mapping_demo/ros2_ws/install/BinaryContainmentChain/lib/python3.12/site-packages:/opt/ros/jazzy/lib/python3.12/site-packages /usr/bin/cmake --install /home/mikks/ros2_px4_ws/build/example_mode_vtol_cpp
[3.940s] Level 1:colcon.colcon_core.environment:checking '/home/mikks/ros2_px4_ws/install/example_mode_vtol_cpp' for CMake config files
[3.940s] Level 1:colcon.colcon_core.shell:create_environment_hook('example_mode_vtol_cpp', 'cmake_prefix_path')
[3.940s] INFO:colcon.colcon_core.shell:Creating environment hook '/home/mikks/ros2_px4_ws/install/example_mode_vtol_cpp/share/example_mode_vtol_cpp/hook/cmake_prefix_path.ps1'
[3.941s] INFO:colcon.colcon_core.shell:Creating environment descriptor '/home/mikks/ros2_px4_ws/install/example_mode_vtol_cpp/share/example_mode_vtol_cpp/hook/cmake_prefix_path.dsv'
[3.941s] INFO:colcon.colcon_core.shell:Creating environment hook '/home/mikks/ros2_px4_ws/install/example_mode_vtol_cpp/share/example_mode_vtol_cpp/hook/cmake_prefix_path.sh'
[3.942s] Level 1:colcon.colcon_core.environment:checking '/home/mikks/ros2_px4_ws/install/example_mode_vtol_cpp/lib'
[3.942s] Level 1:colcon.colcon_core.environment:checking '/home/mikks/ros2_px4_ws/install/example_mode_vtol_cpp/bin'
[3.942s] Level 1:colcon.colcon_core.environment:checking '/home/mikks/ros2_px4_ws/install/example_mode_vtol_cpp/lib/pkgconfig/example_mode_vtol_cpp.pc'
[3.942s] Level 1:colcon.colcon_core.environment:checking '/home/mikks/ros2_px4_ws/install/example_mode_vtol_cpp/lib/python3.12/site-packages'
[3.942s] Level 1:colcon.colcon_core.environment:checking '/home/mikks/ros2_px4_ws/install/example_mode_vtol_cpp/bin'
[3.942s] INFO:colcon.colcon_core.shell:Creating package script '/home/mikks/ros2_px4_ws/install/example_mode_vtol_cpp/share/example_mode_vtol_cpp/package.ps1'
[3.943s] INFO:colcon.colcon_core.shell:Creating package descriptor '/home/mikks/ros2_px4_ws/install/example_mode_vtol_cpp/share/example_mode_vtol_cpp/package.dsv'
[3.943s] INFO:colcon.colcon_core.shell:Creating package script '/home/mikks/ros2_px4_ws/install/example_mode_vtol_cpp/share/example_mode_vtol_cpp/package.sh'
[3.943s] INFO:colcon.colcon_core.shell:Creating package script '/home/mikks/ros2_px4_ws/install/example_mode_vtol_cpp/share/example_mode_vtol_cpp/package.bash'
[3.944s] INFO:colcon.colcon_core.shell:Creating package script '/home/mikks/ros2_px4_ws/install/example_mode_vtol_cpp/share/example_mode_vtol_cpp/package.zsh'
[3.944s] Level 1:colcon.colcon_core.environment:create_file_with_runtime_dependencies(/home/mikks/ros2_px4_ws/install/example_mode_vtol_cpp/share/colcon-core/packages/example_mode_vtol_cpp)
[3.944s] Level 1:colcon.colcon_core.environment:create_environment_scripts_only(example_mode_vtol_cpp)
[3.945s] Level 1:colcon.colcon_core.environment:checking '/home/mikks/ros2_px4_ws/install/example_mode_vtol_cpp' for CMake module files
[3.945s] Level 1:colcon.colcon_core.environment:checking '/home/mikks/ros2_px4_ws/install/example_mode_vtol_cpp' for CMake config files
[3.946s] Level 1:colcon.colcon_core.shell:create_environment_hook('example_mode_vtol_cpp', 'cmake_prefix_path')
[3.946s] INFO:colcon.colcon_core.shell:Creating environment hook '/home/mikks/ros2_px4_ws/install/example_mode_vtol_cpp/share/example_mode_vtol_cpp/hook/cmake_prefix_path.ps1'
[3.947s] INFO:colcon.colcon_core.shell:Creating environment descriptor '/home/mikks/ros2_px4_ws/install/example_mode_vtol_cpp/share/example_mode_vtol_cpp/hook/cmake_prefix_path.dsv'
[3.948s] INFO:colcon.colcon_core.shell:Creating environment hook '/home/mikks/ros2_px4_ws/install/example_mode_vtol_cpp/share/example_mode_vtol_cpp/hook/cmake_prefix_path.sh'
[3.949s] Level 1:colcon.colcon_core.environment:checking '/home/mikks/ros2_px4_ws/install/example_mode_vtol_cpp/lib'
[3.950s] Level 1:colcon.colcon_core.environment:checking '/home/mikks/ros2_px4_ws/install/example_mode_vtol_cpp/bin'
[3.950s] Level 1:colcon.colcon_core.environment:checking '/home/mikks/ros2_px4_ws/install/example_mode_vtol_cpp/lib/pkgconfig/example_mode_vtol_cpp.pc'
[3.951s] Level 1:colcon.colcon_core.environment:checking '/home/mikks/ros2_px4_ws/install/example_mode_vtol_cpp/lib/python3.12/site-packages'
[3.951s] Level 1:colcon.colcon_core.environment:checking '/home/mikks/ros2_px4_ws/install/example_mode_vtol_cpp/bin'
[3.951s] INFO:colcon.colcon_core.shell:Creating package script '/home/mikks/ros2_px4_ws/install/example_mode_vtol_cpp/share/example_mode_vtol_cpp/package.ps1'
[3.952s] INFO:colcon.colcon_core.shell:Creating package descriptor '/home/mikks/ros2_px4_ws/install/example_mode_vtol_cpp/share/example_mode_vtol_cpp/package.dsv'
[3.953s] INFO:colcon.colcon_core.shell:Creating package script '/home/mikks/ros2_px4_ws/install/example_mode_vtol_cpp/share/example_mode_vtol_cpp/package.sh'
[3.953s] INFO:colcon.colcon_core.shell:Creating package script '/home/mikks/ros2_px4_ws/install/example_mode_vtol_cpp/share/example_mode_vtol_cpp/package.bash'
[3.954s] INFO:colcon.colcon_core.shell:Creating package script '/home/mikks/ros2_px4_ws/install/example_mode_vtol_cpp/share/example_mode_vtol_cpp/package.zsh'
[3.954s] Level 1:colcon.colcon_core.environment:create_file_with_runtime_dependencies(/home/mikks/ros2_px4_ws/install/example_mode_vtol_cpp/share/colcon-core/packages/example_mode_vtol_cpp)
[3.955s] Level 1:colcon.colcon_core.environment:create_environment_scripts_only(example_mode_with_executor_cpp)
[3.955s] Level 1:colcon.colcon_core.environment:checking '/home/mikks/ros2_px4_ws/install/example_mode_with_executor_cpp' for CMake module files
[3.956s] DEBUG:colcon.colcon_core.event_handler.log_command:Invoked command in '/home/mikks/ros2_px4_ws/build/example_mode_with_executor_cpp' returned '0': CMAKE_PREFIX_PATH=/home/mikks/ros2_px4_ws/install/px4_ros2_cpp:/home/mikks/ros2_px4_ws/install/px4_msgs:/home/mikks/ros2_px4_ws/install/px4_ros_com:/home/mikks/ros2_px4_ws/install/px4_ros2_py:/home/mikks/ros2_px4_ws/install/example_rover_velocity_mode_cpp:/home/mikks/ros2_px4_ws/install/example_mode_with_executor_cpp:/home/mikks/ros2_px4_ws/install/example_mode_vtol_cpp:/home/mikks/ros2_px4_ws/install/example_mode_rtl_replacement_cpp:/home/mikks/ros2_px4_ws/install/example_mode_mission_cpp:/home/mikks/ros2_px4_ws/install/example_mode_manual_cpp:/home/mikks/ros2_px4_ws/install/example_mode_goto_global_cpp:/home/mikks/ros2_px4_ws/install/example_mode_goto_cpp:/home/mikks/ros2_px4_ws/install/example_mode_fw_attitude_cpp:/home/mikks/ros2_px4_ws/install/example_local_navigation_cpp:/home/mikks/ros2_px4_ws/install/example_global_navigation_cpp:/home/mikks/ros2_px4_ws/install/example_executor_with_multiple_modes_cpp:/home/mikks/crazyflie_mapping_demo/ros2_ws/install/crazyflie_ros2_multiranger_bringup:/home/mikks/crazyflie_mapping_demo/ros2_ws/install/ros_gz_crazyflie_bringup:/home/mikks/crazyflie_mapping_demo/ros2_ws/install/ros_gz_crazyflie_gazebo:/home/mikks/crazyflie_mapping_demo/ros2_ws/install/crazyflie_sim:/home/mikks/crazyflie_mapping_demo/ros2_ws/install/crazyflie_examples:/home/mikks/crazyflie_mapping_demo/ros2_ws/install/crazyflie:/home/mikks/crazyflie_mapping_demo/ros2_ws/install/crazyflie_interfaces:/opt/ros/jazzy/opt/gz_sim_vendor:/opt/ros/jazzy/opt/gz_sensors_vendor:/opt/ros/jazzy/opt/gz_physics_vendor:/opt/ros/jazzy/opt/sdformat_vendor:/opt/ros/jazzy/opt/gz_gui_vendor:/opt/ros/jazzy/opt/gz_transport_vendor:/opt/ros/jazzy/opt/gz_rendering_vendor:/opt/ros/jazzy/opt/gz_plugin_vendor:/opt/ros/jazzy/opt/gz_fuel_tools_vendor:/opt/ros/jazzy/opt/gz_msgs_vendor:/opt/ros/jazzy/opt/gz_common_vendor:/opt/ros/jazzy/opt/gz_math_vendor:/opt/ros/jazzy/opt/gz_utils_vendor:/opt/ros/jazzy/opt/gz_tools_vendor:/opt/ros/jazzy/opt/gz_ogre_next_vendor:/opt/ros/jazzy/opt/gz_dartsim_vendor:/opt/ros/jazzy/opt/gz_cmake_vendor:/home/mikks/ros2_px4_ws/install/x500_hover_controller:/home/mikks/ros2_px4_ws/install/example_mode_with_rclpy_py:/home/mikks/ros2_px4_ws/install/example_mode_goto_py:/home/mikks/ros2_px4_ws/install/px4_actuator_ctrl:/home/mikks/ros2_ws/install/rover_desc_description:/home/mikks/ros2_ws/install/px4_actuator_ctrl:/home/mikks/ros2_ws/install/mine_rover_description:/home/mikks/ros2_ws/install/ZerionURDFV5cp_description:/home/mikks/crazyflie_mapping_demo/ros2_ws/install/velocity_free_consensus:/home/mikks/crazyflie_mapping_demo/ros2_ws/install/stepwise_lowpos:/home/mikks/crazyflie_mapping_demo/ros2_ws/install/step_wise_lowpos:/home/mikks/crazyflie_mapping_demo/ros2_ws/install/second_order_formation_control:/home/mikks/crazyflie_mapping_demo/ros2_ws/install/ros_gz_crazyflie_control:/home/mikks/crazyflie_mapping_demo/ros2_ws/install/mixed_fractional_consensus:/home/mikks/crazyflie_mapping_demo/ros2_ws/install/lowest_pos:/home/mikks/crazyflie_mapping_demo/ros2_ws/install/linear_consensus:/home/mikks/crazyflie_mapping_demo/ros2_ws/install/highest_pos:/home/mikks/crazyflie_mapping_demo/ros2_ws/install/fractional_consensus_alpha:/home/mikks/crazyflie_mapping_demo/ros2_ws/install/event_triggered_swarm:/home/mikks/crazyflie_mapping_demo/ros2_ws/install/drone_logger:/home/mikks/crazyflie_mapping_demo/ros2_ws/install/distributed_average_tracking:/home/mikks/crazyflie_mapping_demo/ros2_ws/install/crazyflie_swarm_logic:/home/mikks/crazyflie_mapping_demo/ros2_ws/install/crazyflie_ros2_multiranger_wall_following:/home/mikks/crazyflie_mapping_demo/ros2_ws/install/crazyflie_ros2_multiranger_simple_mapper:/home/mikks/crazyflie_mapping_demo/ros2_ws/install/crazyflie_py:/home/mikks/crazyflie_mapping_demo/ros2_ws/install/cooperative_target_centric_formation:/home/mikks/crazyflie_mapping_demo/ros2_ws/install/containment_using_agent_information:/home/mikks/crazyflie_mapping_demo/ros2_ws/install/consensus_for_double_integrator:/home/mikks/crazyflie_mapping_demo/ros2_ws/install/consensus_alignment:/home/mikks/crazyflie_mapping_demo/ros2_ws/install/binary_consensus:/home/mikks/crazyflie_mapping_demo/ros2_ws/install/Second_Order_Min_Consensus_for_Heterogeneous_Agents:/home/mikks/crazyflie_mapping_demo/ros2_ws/install/BinaryContainmentChain:/opt/ros/jazzy DEBUGINFOD_URLS=https://debuginfod.ubuntu.com LD_LIBRARY_PATH=/home/mikks/ros2_px4_ws/install/px4_ros2_cpp/lib:/home/mikks/ros2_px4_ws/install/px4_msgs/lib:/home/mikks/ros2_px4_ws/install/px4_ros_com/lib:/home/mikks/NatNet_SDK_4.3_ubuntu/lib:/home/mikks/crazyflie_mapping_demo/ros2_ws/install/crazyflie_interfaces/lib:/opt/ros/jazzy/opt/gz_sim_vendor/lib:/opt/ros/jazzy/opt/gz_sensors_vendor/lib:/opt/ros/jazzy/opt/gz_physics_vendor/lib:/opt/ros/jazzy/opt/sdformat_vendor/lib:/opt/ros/jazzy/opt/rviz_ogre_vendor/lib:/opt/ros/jazzy/lib/x86_64-linux-gnu:/opt/ros/jazzy/opt/gz_gui_vendor/lib:/opt/ros/jazzy/opt/gz_transport_vendor/lib:/opt/ros/jazzy/opt/gz_rendering_vendor/lib:/opt/ros/jazzy/opt/gz_plugin_vendor/lib:/opt/ros/jazzy/opt/gz_fuel_tools_vendor/lib:/opt/ros/jazzy/opt/gz_msgs_vendor/lib:/opt/ros/jazzy/opt/gz_common_vendor/lib:/opt/ros/jazzy/opt/gz_math_vendor/lib:/opt/ros/jazzy/opt/gz_utils_vendor/lib:/opt/ros/jazzy/opt/gz_tools_vendor/lib:/opt/ros/jazzy/opt/gz_ogre_next_vendor/lib:/opt/ros/jazzy/opt/gz_dartsim_vendor/lib:/opt/ros/jazzy/opt/gz_cmake_vendor/lib:/opt/ros/jazzy/lib PYTHONPATH=/home/mikks/ros2_px4_ws/install/px4_msgs/lib/python3.12/site-packages:/home/mikks/ros2_px4_ws/build/x500_hover_controller:/home/mikks/ros2_px4_ws/install/x500_hover_controller/lib/python3.12/site-packages:/home/mikks/ros2_px4_ws/install/px4_ros_com/lib/python3.12/site-packages:/home/mikks/ros2_px4_ws/build/example_mode_with_rclpy_py:/home/mikks/ros2_px4_ws/install/example_mode_with_rclpy_py/lib/python3.12/site-packages:/home/mikks/ros2_px4_ws/build/example_mode_goto_py:/home/mikks/ros2_px4_ws/install/example_mode_goto_py/lib/python3.12/site-packages:/home/mikks/ros2_px4_ws/install/px4_ros2_py/lib/python3.12/site-packages:/home/mikks/ros2_px4_ws/build/px4_actuator_ctrl:/home/mikks/ros2_px4_ws/install/px4_actuator_ctrl/lib/python3.12/site-packages:/home/mikks/ros2_ws/build/rover_desc_description:/home/mikks/ros2_ws/install/rover_desc_description/lib/python3.12/site-packages:/home/mikks/ros2_ws/install/px4_actuator_ctrl/lib/python3.12/site-packages:/home/mikks/ros2_ws/build/mine_rover_description:/home/mikks/ros2_ws/install/mine_rover_description/lib/python3.12/site-packages:/home/mikks/ros2_ws/build/ZerionURDFV5cp_description:/home/mikks/ros2_ws/install/ZerionURDFV5cp_description/lib/python3.12/site-packages:/home/mikks/crazyflie_mapping_demo/ros2_ws/install/velocity_free_consensus/lib/python3.12/site-packages:/home/mikks/crazyflie_mapping_demo/ros2_ws/install/stepwise_lowpos/lib/python3.12/site-packages:/home/mikks/crazyflie_mapping_demo/ros2_ws/install/step_wise_lowpos/lib/python3.12/site-packages:/home/mikks/crazyflie_mapping_demo/ros2_ws/install/second_order_formation_control/lib/python3.12/site-packages:/home/mikks/crazyflie_mapping_demo/ros2_ws/install/ros_gz_crazyflie_control/lib/python3.12/site-packages:/home/mikks/crazyflie_mapping_demo/ros2_ws/install/mixed_fractional_consensus/lib/python3.12/site-packages:/home/mikks/crazyflie_mapping_demo/ros2_ws/install/lowest_pos/lib/python3.12/site-packages:/home/mikks/crazyflie_mapping_demo/ros2_ws/install/linear_consensus/lib/python3.12/site-packages:/home/mikks/crazyflie_mapping_demo/ros2_ws/install/highest_pos/lib/python3.12/site-packages:/home/mikks/crazyflie_mapping_demo/ros2_ws/install/fractional_consensus_alpha/lib/python3.12/site-packages:/home/mikks/crazyflie_mapping_demo/ros2_ws/install/event_triggered_swarm/lib/python3.12/site-packages:/home/mikks/crazyflie_mapping_demo/ros2_ws/install/drone_logger/lib/python3.12/site-packages:/home/mikks/crazyflie_mapping_demo/ros2_ws/install/distributed_average_tracking/lib/python3.12/site-packages:/home/mikks/crazyflie_mapping_demo/ros2_ws/install/crazyflie_swarm_logic/lib/python3.12/site-packages:/home/mikks/crazyflie_mapping_demo/ros2_ws/install/crazyflie_sim/lib/python3.12/site-packages:/home/mikks/crazyflie_mapping_demo/ros2_ws/install/crazyflie_ros2_multiranger_wall_following/lib/python3.12/site-packages:/home/mikks/crazyflie_mapping_demo/ros2_ws/install/crazyflie_ros2_multiranger_simple_mapper/lib/python3.12/site-packages:/home/mikks/crazyflie_mapping_demo/ros2_ws/install/crazyflie_examples/lib/python3.12/site-packages:/home/mikks/crazyflie_mapping_demo/ros2_ws/install/crazyflie_py/lib/python3.12/site-packages:/home/mikks/crazyflie_mapping_demo/ros2_ws/install/crazyflie_interfaces/lib/python3.12/site-packages:/home/mikks/crazyflie_mapping_demo/ros2_ws/install/cooperative_target_centric_formation/lib/python3.12/site-packages:/home/mikks/crazyflie_mapping_demo/ros2_ws/install/containment_using_agent_information/lib/python3.12/site-packages:/home/mikks/crazyflie_mapping_demo/ros2_ws/install/consensus_for_double_integrator/lib/python3.12/site-packages:/home/mikks/crazyflie_mapping_demo/ros2_ws/install/consensus_alignment/lib/python3.12/site-packages:/home/mikks/crazyflie_mapping_demo/ros2_ws/install/binary_consensus/lib/python3.12/site-packages:/home/mikks/crazyflie_mapping_demo/ros2_ws/install/Second_Order_Min_Consensus_for_Heterogeneous_Agents/lib/python3.12/site-packages:/home/mikks/crazyflie_mapping_demo/ros2_ws/install/BinaryContainmentChain/lib/python3.12/site-packages:/opt/ros/jazzy/lib/python3.12/site-packages /usr/bin/cmake --install /home/mikks/ros2_px4_ws/build/example_mode_with_executor_cpp
[3.956s] Level 1:colcon.colcon_core.environment:checking '/home/mikks/ros2_px4_ws/install/example_mode_with_executor_cpp' for CMake config files
[3.957s] Level 1:colcon.colcon_core.shell:create_environment_hook('example_mode_with_executor_cpp', 'cmake_prefix_path')
[3.957s] INFO:colcon.colcon_core.shell:Creating environment hook '/home/mikks/ros2_px4_ws/install/example_mode_with_executor_cpp/share/example_mode_with_executor_cpp/hook/cmake_prefix_path.ps1'
[3.957s] INFO:colcon.colcon_core.shell:Creating environment descriptor '/home/mikks/ros2_px4_ws/install/example_mode_with_executor_cpp/share/example_mode_with_executor_cpp/hook/cmake_prefix_path.dsv'
[3.958s] INFO:colcon.colcon_core.shell:Creating environment hook '/home/mikks/ros2_px4_ws/install/example_mode_with_executor_cpp/share/example_mode_with_executor_cpp/hook/cmake_prefix_path.sh'
[3.958s] Level 1:colcon.colcon_core.environment:checking '/home/mikks/ros2_px4_ws/install/example_mode_with_executor_cpp/lib'
[3.958s] Level 1:colcon.colcon_core.environment:checking '/home/mikks/ros2_px4_ws/install/example_mode_with_executor_cpp/bin'
[3.959s] Level 1:colcon.colcon_core.environment:checking '/home/mikks/ros2_px4_ws/install/example_mode_with_executor_cpp/lib/pkgconfig/example_mode_with_executor_cpp.pc'
[3.959s] Level 1:colcon.colcon_core.environment:checking '/home/mikks/ros2_px4_ws/install/example_mode_with_executor_cpp/lib/python3.12/site-packages'
[3.959s] Level 1:colcon.colcon_core.environment:checking '/home/mikks/ros2_px4_ws/install/example_mode_with_executor_cpp/bin'
[3.959s] INFO:colcon.colcon_core.shell:Creating package script '/home/mikks/ros2_px4_ws/install/example_mode_with_executor_cpp/share/example_mode_with_executor_cpp/package.ps1'
[3.960s] INFO:colcon.colcon_core.shell:Creating package descriptor '/home/mikks/ros2_px4_ws/install/example_mode_with_executor_cpp/share/example_mode_with_executor_cpp/package.dsv'
[3.961s] INFO:colcon.colcon_core.shell:Creating package script '/home/mikks/ros2_px4_ws/install/example_mode_with_executor_cpp/share/example_mode_with_executor_cpp/package.sh'
[3.961s] INFO:colcon.colcon_core.shell:Creating package script '/home/mikks/ros2_px4_ws/install/example_mode_with_executor_cpp/share/example_mode_with_executor_cpp/package.bash'
[3.962s] INFO:colcon.colcon_core.shell:Creating package script '/home/mikks/ros2_px4_ws/install/example_mode_with_executor_cpp/share/example_mode_with_executor_cpp/package.zsh'
[3.962s] Level 1:colcon.colcon_core.environment:create_file_with_runtime_dependencies(/home/mikks/ros2_px4_ws/install/example_mode_with_executor_cpp/share/colcon-core/packages/example_mode_with_executor_cpp)
[3.963s] Level 1:colcon.colcon_core.environment:create_environment_scripts_only(example_mode_with_executor_cpp)
[3.963s] Level 1:colcon.colcon_core.environment:checking '/home/mikks/ros2_px4_ws/install/example_mode_with_executor_cpp' for CMake module files
[3.964s] Level 1:colcon.colcon_core.environment:checking '/home/mikks/ros2_px4_ws/install/example_mode_with_executor_cpp' for CMake config files
[3.964s] Level 1:colcon.colcon_core.shell:create_environment_hook('example_mode_with_executor_cpp', 'cmake_prefix_path')
[3.964s] INFO:colcon.colcon_core.shell:Creating environment hook '/home/mikks/ros2_px4_ws/install/example_mode_with_executor_cpp/share/example_mode_with_executor_cpp/hook/cmake_prefix_path.ps1'
[3.964s] INFO:colcon.colcon_core.shell:Creating environment descriptor '/home/mikks/ros2_px4_ws/install/example_mode_with_executor_cpp/share/example_mode_with_executor_cpp/hook/cmake_prefix_path.dsv'
[3.965s] INFO:colcon.colcon_core.shell:Creating environment hook '/home/mikks/ros2_px4_ws/install/example_mode_with_executor_cpp/share/example_mode_with_executor_cpp/hook/cmake_prefix_path.sh'
[3.965s] Level 1:colcon.colcon_core.environment:checking '/home/mikks/ros2_px4_ws/install/example_mode_with_executor_cpp/lib'
[3.965s] Level 1:colcon.colcon_core.environment:checking '/home/mikks/ros2_px4_ws/install/example_mode_with_executor_cpp/bin'
[3.966s] Level 1:colcon.colcon_core.environment:checking '/home/mikks/ros2_px4_ws/install/example_mode_with_executor_cpp/lib/pkgconfig/example_mode_with_executor_cpp.pc'
[3.966s] Level 1:colcon.colcon_core.environment:checking '/home/mikks/ros2_px4_ws/install/example_mode_with_executor_cpp/lib/python3.12/site-packages'
[3.966s] Level 1:colcon.colcon_core.environment:checking '/home/mikks/ros2_px4_ws/install/example_mode_with_executor_cpp/bin'
[3.966s] INFO:colcon.colcon_core.shell:Creating package script '/home/mikks/ros2_px4_ws/install/example_mode_with_executor_cpp/share/example_mode_with_executor_cpp/package.ps1'
[3.967s] INFO:colcon.colcon_core.shell:Creating package descriptor '/home/mikks/ros2_px4_ws/install/example_mode_with_executor_cpp/share/example_mode_with_executor_cpp/package.dsv'
[3.967s] INFO:colcon.colcon_core.shell:Creating package script '/home/mikks/ros2_px4_ws/install/example_mode_with_executor_cpp/share/example_mode_with_executor_cpp/package.sh'
[3.968s] INFO:colcon.colcon_core.shell:Creating package script '/home/mikks/ros2_px4_ws/install/example_mode_with_executor_cpp/share/example_mode_with_executor_cpp/package.bash'
[3.968s] INFO:colcon.colcon_core.shell:Creating package script '/home/mikks/ros2_px4_ws/install/example_mode_with_executor_cpp/share/example_mode_with_executor_cpp/package.zsh'
[3.969s] Level 1:colcon.colcon_core.environment:create_file_with_runtime_dependencies(/home/mikks/ros2_px4_ws/install/example_mode_with_executor_cpp/share/colcon-core/packages/example_mode_with_executor_cpp)
[3.970s] Level 1:colcon.colcon_core.environment:create_environment_scripts_only(example_rover_velocity_mode_cpp)
[3.970s] Level 1:colcon.colcon_core.environment:checking '/home/mikks/ros2_px4_ws/install/example_rover_velocity_mode_cpp' for CMake module files
[3.970s] DEBUG:colcon.colcon_core.event_handler.log_command:Invoked command in '/home/mikks/ros2_px4_ws/build/example_rover_velocity_mode_cpp' returned '0': CMAKE_PREFIX_PATH=/home/mikks/ros2_px4_ws/install/px4_ros2_cpp:/home/mikks/ros2_px4_ws/install/px4_msgs:/home/mikks/ros2_px4_ws/install/px4_ros_com:/home/mikks/ros2_px4_ws/install/px4_ros2_py:/home/mikks/ros2_px4_ws/install/example_rover_velocity_mode_cpp:/home/mikks/ros2_px4_ws/install/example_mode_with_executor_cpp:/home/mikks/ros2_px4_ws/install/example_mode_vtol_cpp:/home/mikks/ros2_px4_ws/install/example_mode_rtl_replacement_cpp:/home/mikks/ros2_px4_ws/install/example_mode_mission_cpp:/home/mikks/ros2_px4_ws/install/example_mode_manual_cpp:/home/mikks/ros2_px4_ws/install/example_mode_goto_global_cpp:/home/mikks/ros2_px4_ws/install/example_mode_goto_cpp:/home/mikks/ros2_px4_ws/install/example_mode_fw_attitude_cpp:/home/mikks/ros2_px4_ws/install/example_local_navigation_cpp:/home/mikks/ros2_px4_ws/install/example_global_navigation_cpp:/home/mikks/ros2_px4_ws/install/example_executor_with_multiple_modes_cpp:/home/mikks/crazyflie_mapping_demo/ros2_ws/install/crazyflie_ros2_multiranger_bringup:/home/mikks/crazyflie_mapping_demo/ros2_ws/install/ros_gz_crazyflie_bringup:/home/mikks/crazyflie_mapping_demo/ros2_ws/install/ros_gz_crazyflie_gazebo:/home/mikks/crazyflie_mapping_demo/ros2_ws/install/crazyflie_sim:/home/mikks/crazyflie_mapping_demo/ros2_ws/install/crazyflie_examples:/home/mikks/crazyflie_mapping_demo/ros2_ws/install/crazyflie:/home/mikks/crazyflie_mapping_demo/ros2_ws/install/crazyflie_interfaces:/opt/ros/jazzy/opt/gz_sim_vendor:/opt/ros/jazzy/opt/gz_sensors_vendor:/opt/ros/jazzy/opt/gz_physics_vendor:/opt/ros/jazzy/opt/sdformat_vendor:/opt/ros/jazzy/opt/gz_gui_vendor:/opt/ros/jazzy/opt/gz_transport_vendor:/opt/ros/jazzy/opt/gz_rendering_vendor:/opt/ros/jazzy/opt/gz_plugin_vendor:/opt/ros/jazzy/opt/gz_fuel_tools_vendor:/opt/ros/jazzy/opt/gz_msgs_vendor:/opt/ros/jazzy/opt/gz_common_vendor:/opt/ros/jazzy/opt/gz_math_vendor:/opt/ros/jazzy/opt/gz_utils_vendor:/opt/ros/jazzy/opt/gz_tools_vendor:/opt/ros/jazzy/opt/gz_ogre_next_vendor:/opt/ros/jazzy/opt/gz_dartsim_vendor:/opt/ros/jazzy/opt/gz_cmake_vendor:/home/mikks/ros2_px4_ws/install/x500_hover_controller:/home/mikks/ros2_px4_ws/install/example_mode_with_rclpy_py:/home/mikks/ros2_px4_ws/install/example_mode_goto_py:/home/mikks/ros2_px4_ws/install/px4_actuator_ctrl:/home/mikks/ros2_ws/install/rover_desc_description:/home/mikks/ros2_ws/install/px4_actuator_ctrl:/home/mikks/ros2_ws/install/mine_rover_description:/home/mikks/ros2_ws/install/ZerionURDFV5cp_description:/home/mikks/crazyflie_mapping_demo/ros2_ws/install/velocity_free_consensus:/home/mikks/crazyflie_mapping_demo/ros2_ws/install/stepwise_lowpos:/home/mikks/crazyflie_mapping_demo/ros2_ws/install/step_wise_lowpos:/home/mikks/crazyflie_mapping_demo/ros2_ws/install/second_order_formation_control:/home/mikks/crazyflie_mapping_demo/ros2_ws/install/ros_gz_crazyflie_control:/home/mikks/crazyflie_mapping_demo/ros2_ws/install/mixed_fractional_consensus:/home/mikks/crazyflie_mapping_demo/ros2_ws/install/lowest_pos:/home/mikks/crazyflie_mapping_demo/ros2_ws/install/linear_consensus:/home/mikks/crazyflie_mapping_demo/ros2_ws/install/highest_pos:/home/mikks/crazyflie_mapping_demo/ros2_ws/install/fractional_consensus_alpha:/home/mikks/crazyflie_mapping_demo/ros2_ws/install/event_triggered_swarm:/home/mikks/crazyflie_mapping_demo/ros2_ws/install/drone_logger:/home/mikks/crazyflie_mapping_demo/ros2_ws/install/distributed_average_tracking:/home/mikks/crazyflie_mapping_demo/ros2_ws/install/crazyflie_swarm_logic:/home/mikks/crazyflie_mapping_demo/ros2_ws/install/crazyflie_ros2_multiranger_wall_following:/home/mikks/crazyflie_mapping_demo/ros2_ws/install/crazyflie_ros2_multiranger_simple_mapper:/home/mikks/crazyflie_mapping_demo/ros2_ws/install/crazyflie_py:/home/mikks/crazyflie_mapping_demo/ros2_ws/install/cooperative_target_centric_formation:/home/mikks/crazyflie_mapping_demo/ros2_ws/install/containment_using_agent_information:/home/mikks/crazyflie_mapping_demo/ros2_ws/install/consensus_for_double_integrator:/home/mikks/crazyflie_mapping_demo/ros2_ws/install/consensus_alignment:/home/mikks/crazyflie_mapping_demo/ros2_ws/install/binary_consensus:/home/mikks/crazyflie_mapping_demo/ros2_ws/install/Second_Order_Min_Consensus_for_Heterogeneous_Agents:/home/mikks/crazyflie_mapping_demo/ros2_ws/install/BinaryContainmentChain:/opt/ros/jazzy DEBUGINFOD_URLS=https://debuginfod.ubuntu.com LD_LIBRARY_PATH=/home/mikks/ros2_px4_ws/install/px4_ros2_cpp/lib:/home/mikks/ros2_px4_ws/install/px4_msgs/lib:/home/mikks/ros2_px4_ws/install/px4_ros_com/lib:/home/mikks/NatNet_SDK_4.3_ubuntu/lib:/home/mikks/crazyflie_mapping_demo/ros2_ws/install/crazyflie_interfaces/lib:/opt/ros/jazzy/opt/gz_sim_vendor/lib:/opt/ros/jazzy/opt/gz_sensors_vendor/lib:/opt/ros/jazzy/opt/gz_physics_vendor/lib:/opt/ros/jazzy/opt/sdformat_vendor/lib:/opt/ros/jazzy/opt/rviz_ogre_vendor/lib:/opt/ros/jazzy/lib/x86_64-linux-gnu:/opt/ros/jazzy/opt/gz_gui_vendor/lib:/opt/ros/jazzy/opt/gz_transport_vendor/lib:/opt/ros/jazzy/opt/gz_rendering_vendor/lib:/opt/ros/jazzy/opt/gz_plugin_vendor/lib:/opt/ros/jazzy/opt/gz_fuel_tools_vendor/lib:/opt/ros/jazzy/opt/gz_msgs_vendor/lib:/opt/ros/jazzy/opt/gz_common_vendor/lib:/opt/ros/jazzy/opt/gz_math_vendor/lib:/opt/ros/jazzy/opt/gz_utils_vendor/lib:/opt/ros/jazzy/opt/gz_tools_vendor/lib:/opt/ros/jazzy/opt/gz_ogre_next_vendor/lib:/opt/ros/jazzy/opt/gz_dartsim_vendor/lib:/opt/ros/jazzy/opt/gz_cmake_vendor/lib:/opt/ros/jazzy/lib PYTHONPATH=/home/mikks/ros2_px4_ws/install/px4_msgs/lib/python3.12/site-packages:/home/mikks/ros2_px4_ws/build/x500_hover_controller:/home/mikks/ros2_px4_ws/install/x500_hover_controller/lib/python3.12/site-packages:/home/mikks/ros2_px4_ws/install/px4_ros_com/lib/python3.12/site-packages:/home/mikks/ros2_px4_ws/build/example_mode_with_rclpy_py:/home/mikks/ros2_px4_ws/install/example_mode_with_rclpy_py/lib/python3.12/site-packages:/home/mikks/ros2_px4_ws/build/example_mode_goto_py:/home/mikks/ros2_px4_ws/install/example_mode_goto_py/lib/python3.12/site-packages:/home/mikks/ros2_px4_ws/install/px4_ros2_py/lib/python3.12/site-packages:/home/mikks/ros2_px4_ws/build/px4_actuator_ctrl:/home/mikks/ros2_px4_ws/install/px4_actuator_ctrl/lib/python3.12/site-packages:/home/mikks/ros2_ws/build/rover_desc_description:/home/mikks/ros2_ws/install/rover_desc_description/lib/python3.12/site-packages:/home/mikks/ros2_ws/install/px4_actuator_ctrl/lib/python3.12/site-packages:/home/mikks/ros2_ws/build/mine_rover_description:/home/mikks/ros2_ws/install/mine_rover_description/lib/python3.12/site-packages:/home/mikks/ros2_ws/build/ZerionURDFV5cp_description:/home/mikks/ros2_ws/install/ZerionURDFV5cp_description/lib/python3.12/site-packages:/home/mikks/crazyflie_mapping_demo/ros2_ws/install/velocity_free_consensus/lib/python3.12/site-packages:/home/mikks/crazyflie_mapping_demo/ros2_ws/install/stepwise_lowpos/lib/python3.12/site-packages:/home/mikks/crazyflie_mapping_demo/ros2_ws/install/step_wise_lowpos/lib/python3.12/site-packages:/home/mikks/crazyflie_mapping_demo/ros2_ws/install/second_order_formation_control/lib/python3.12/site-packages:/home/mikks/crazyflie_mapping_demo/ros2_ws/install/ros_gz_crazyflie_control/lib/python3.12/site-packages:/home/mikks/crazyflie_mapping_demo/ros2_ws/install/mixed_fractional_consensus/lib/python3.12/site-packages:/home/mikks/crazyflie_mapping_demo/ros2_ws/install/lowest_pos/lib/python3.12/site-packages:/home/mikks/crazyflie_mapping_demo/ros2_ws/install/linear_consensus/lib/python3.12/site-packages:/home/mikks/crazyflie_mapping_demo/ros2_ws/install/highest_pos/lib/python3.12/site-packages:/home/mikks/crazyflie_mapping_demo/ros2_ws/install/fractional_consensus_alpha/lib/python3.12/site-packages:/home/mikks/crazyflie_mapping_demo/ros2_ws/install/event_triggered_swarm/lib/python3.12/site-packages:/home/mikks/crazyflie_mapping_demo/ros2_ws/install/drone_logger/lib/python3.12/site-packages:/home/mikks/crazyflie_mapping_demo/ros2_ws/install/distributed_average_tracking/lib/python3.12/site-packages:/home/mikks/crazyflie_mapping_demo/ros2_ws/install/crazyflie_swarm_logic/lib/python3.12/site-packages:/home/mikks/crazyflie_mapping_demo/ros2_ws/install/crazyflie_sim/lib/python3.12/site-packages:/home/mikks/crazyflie_mapping_demo/ros2_ws/install/crazyflie_ros2_multiranger_wall_following/lib/python3.12/site-packages:/home/mikks/crazyflie_mapping_demo/ros2_ws/install/crazyflie_ros2_multiranger_simple_mapper/lib/python3.12/site-packages:/home/mikks/crazyflie_mapping_demo/ros2_ws/install/crazyflie_examples/lib/python3.12/site-packages:/home/mikks/crazyflie_mapping_demo/ros2_ws/install/crazyflie_py/lib/python3.12/site-packages:/home/mikks/crazyflie_mapping_demo/ros2_ws/install/crazyflie_interfaces/lib/python3.12/site-packages:/home/mikks/crazyflie_mapping_demo/ros2_ws/install/cooperative_target_centric_formation/lib/python3.12/site-packages:/home/mikks/crazyflie_mapping_demo/ros2_ws/install/containment_using_agent_information/lib/python3.12/site-packages:/home/mikks/crazyflie_mapping_demo/ros2_ws/install/consensus_for_double_integrator/lib/python3.12/site-packages:/home/mikks/crazyflie_mapping_demo/ros2_ws/install/consensus_alignment/lib/python3.12/site-packages:/home/mikks/crazyflie_mapping_demo/ros2_ws/install/binary_consensus/lib/python3.12/site-packages:/home/mikks/crazyflie_mapping_demo/ros2_ws/install/Second_Order_Min_Consensus_for_Heterogeneous_Agents/lib/python3.12/site-packages:/home/mikks/crazyflie_mapping_demo/ros2_ws/install/BinaryContainmentChain/lib/python3.12/site-packages:/opt/ros/jazzy/lib/python3.12/site-packages /usr/bin/cmake --install /home/mikks/ros2_px4_ws/build/example_rover_velocity_mode_cpp
[3.971s] Level 1:colcon.colcon_core.environment:checking '/home/mikks/ros2_px4_ws/install/example_rover_velocity_mode_cpp' for CMake config files
[3.971s] Level 1:colcon.colcon_core.shell:create_environment_hook('example_rover_velocity_mode_cpp', 'cmake_prefix_path')
[3.971s] INFO:colcon.colcon_core.shell:Creating environment hook '/home/mikks/ros2_px4_ws/install/example_rover_velocity_mode_cpp/share/example_rover_velocity_mode_cpp/hook/cmake_prefix_path.ps1'
[3.972s] INFO:colcon.colcon_core.shell:Creating environment descriptor '/home/mikks/ros2_px4_ws/install/example_rover_velocity_mode_cpp/share/example_rover_velocity_mode_cpp/hook/cmake_prefix_path.dsv'
[3.972s] INFO:colcon.colcon_core.shell:Creating environment hook '/home/mikks/ros2_px4_ws/install/example_rover_velocity_mode_cpp/share/example_rover_velocity_mode_cpp/hook/cmake_prefix_path.sh'
[3.973s] Level 1:colcon.colcon_core.environment:checking '/home/mikks/ros2_px4_ws/install/example_rover_velocity_mode_cpp/lib'
[3.973s] Level 1:colcon.colcon_core.environment:checking '/home/mikks/ros2_px4_ws/install/example_rover_velocity_mode_cpp/bin'
[3.973s] Level 1:colcon.colcon_core.environment:checking '/home/mikks/ros2_px4_ws/install/example_rover_velocity_mode_cpp/lib/pkgconfig/example_rover_velocity_mode_cpp.pc'
[3.973s] Level 1:colcon.colcon_core.environment:checking '/home/mikks/ros2_px4_ws/install/example_rover_velocity_mode_cpp/lib/python3.12/site-packages'
[3.973s] Level 1:colcon.colcon_core.environment:checking '/home/mikks/ros2_px4_ws/install/example_rover_velocity_mode_cpp/bin'
[3.974s] INFO:colcon.colcon_core.shell:Creating package script '/home/mikks/ros2_px4_ws/install/example_rover_velocity_mode_cpp/share/example_rover_velocity_mode_cpp/package.ps1'
[3.974s] INFO:colcon.colcon_core.shell:Creating package descriptor '/home/mikks/ros2_px4_ws/install/example_rover_velocity_mode_cpp/share/example_rover_velocity_mode_cpp/package.dsv'
[3.974s] INFO:colcon.colcon_core.shell:Creating package script '/home/mikks/ros2_px4_ws/install/example_rover_velocity_mode_cpp/share/example_rover_velocity_mode_cpp/package.sh'
[3.975s] INFO:colcon.colcon_core.shell:Creating package script '/home/mikks/ros2_px4_ws/install/example_rover_velocity_mode_cpp/share/example_rover_velocity_mode_cpp/package.bash'
[3.975s] INFO:colcon.colcon_core.shell:Creating package script '/home/mikks/ros2_px4_ws/install/example_rover_velocity_mode_cpp/share/example_rover_velocity_mode_cpp/package.zsh'
[3.976s] Level 1:colcon.colcon_core.environment:create_file_with_runtime_dependencies(/home/mikks/ros2_px4_ws/install/example_rover_velocity_mode_cpp/share/colcon-core/packages/example_rover_velocity_mode_cpp)
[3.976s] Level 1:colcon.colcon_core.environment:create_environment_scripts_only(example_rover_velocity_mode_cpp)
[3.976s] Level 1:colcon.colcon_core.environment:checking '/home/mikks/ros2_px4_ws/install/example_rover_velocity_mode_cpp' for CMake module files
[3.977s] Level 1:colcon.colcon_core.environment:checking '/home/mikks/ros2_px4_ws/install/example_rover_velocity_mode_cpp' for CMake config files
[3.977s] Level 1:colcon.colcon_core.shell:create_environment_hook('example_rover_velocity_mode_cpp', 'cmake_prefix_path')
[3.977s] INFO:colcon.colcon_core.shell:Creating environment hook '/home/mikks/ros2_px4_ws/install/example_rover_velocity_mode_cpp/share/example_rover_velocity_mode_cpp/hook/cmake_prefix_path.ps1'
[3.978s] INFO:colcon.colcon_core.shell:Creating environment descriptor '/home/mikks/ros2_px4_ws/install/example_rover_velocity_mode_cpp/share/example_rover_velocity_mode_cpp/hook/cmake_prefix_path.dsv'
[3.978s] INFO:colcon.colcon_core.shell:Creating environment hook '/home/mikks/ros2_px4_ws/install/example_rover_velocity_mode_cpp/share/example_rover_velocity_mode_cpp/hook/cmake_prefix_path.sh'
[3.978s] Level 1:colcon.colcon_core.environment:checking '/home/mikks/ros2_px4_ws/install/example_rover_velocity_mode_cpp/lib'
[3.978s] Level 1:colcon.colcon_core.environment:checking '/home/mikks/ros2_px4_ws/install/example_rover_velocity_mode_cpp/bin'
[3.978s] Level 1:colcon.colcon_core.environment:checking '/home/mikks/ros2_px4_ws/install/example_rover_velocity_mode_cpp/lib/pkgconfig/example_rover_velocity_mode_cpp.pc'
[3.979s] Level 1:colcon.colcon_core.environment:checking '/home/mikks/ros2_px4_ws/install/example_rover_velocity_mode_cpp/lib/python3.12/site-packages'
[3.979s] Level 1:colcon.colcon_core.environment:checking '/home/mikks/ros2_px4_ws/install/example_rover_velocity_mode_cpp/bin'
[3.979s] INFO:colcon.colcon_core.shell:Creating package script '/home/mikks/ros2_px4_ws/install/example_rover_velocity_mode_cpp/share/example_rover_velocity_mode_cpp/package.ps1'
[3.979s] INFO:colcon.colcon_core.shell:Creating package descriptor '/home/mikks/ros2_px4_ws/install/example_rover_velocity_mode_cpp/share/example_rover_velocity_mode_cpp/package.dsv'
[3.980s] INFO:colcon.colcon_core.shell:Creating package script '/home/mikks/ros2_px4_ws/install/example_rover_velocity_mode_cpp/share/example_rover_velocity_mode_cpp/package.sh'
[3.980s] INFO:colcon.colcon_core.shell:Creating package script '/home/mikks/ros2_px4_ws/install/example_rover_velocity_mode_cpp/share/example_rover_velocity_mode_cpp/package.bash'
[3.980s] INFO:colcon.colcon_core.shell:Creating package script '/home/mikks/ros2_px4_ws/install/example_rover_velocity_mode_cpp/share/example_rover_velocity_mode_cpp/package.zsh'
[3.981s] Level 1:colcon.colcon_core.environment:create_file_with_runtime_dependencies(/home/mikks/ros2_px4_ws/install/example_rover_velocity_mode_cpp/share/colcon-core/packages/example_rover_velocity_mode_cpp)
[4.161s] DEBUG:colcon.colcon_core.event_handler.log_command:Invoked command in '/home/mikks/ros2_px4_ws/build/px4_ros2_py' returned '0': CMAKE_PREFIX_PATH=/home/mikks/ros2_px4_ws/install/px4_ros2_cpp:/home/mikks/ros2_px4_ws/install/px4_msgs:/home/mikks/ros2_px4_ws/install/px4_ros_com:/home/mikks/ros2_px4_ws/install/px4_ros2_py:/home/mikks/ros2_px4_ws/install/example_rover_velocity_mode_cpp:/home/mikks/ros2_px4_ws/install/example_mode_with_executor_cpp:/home/mikks/ros2_px4_ws/install/example_mode_vtol_cpp:/home/mikks/ros2_px4_ws/install/example_mode_rtl_replacement_cpp:/home/mikks/ros2_px4_ws/install/example_mode_mission_cpp:/home/mikks/ros2_px4_ws/install/example_mode_manual_cpp:/home/mikks/ros2_px4_ws/install/example_mode_goto_global_cpp:/home/mikks/ros2_px4_ws/install/example_mode_goto_cpp:/home/mikks/ros2_px4_ws/install/example_mode_fw_attitude_cpp:/home/mikks/ros2_px4_ws/install/example_local_navigation_cpp:/home/mikks/ros2_px4_ws/install/example_global_navigation_cpp:/home/mikks/ros2_px4_ws/install/example_executor_with_multiple_modes_cpp:/home/mikks/crazyflie_mapping_demo/ros2_ws/install/crazyflie_ros2_multiranger_bringup:/home/mikks/crazyflie_mapping_demo/ros2_ws/install/ros_gz_crazyflie_bringup:/home/mikks/crazyflie_mapping_demo/ros2_ws/install/ros_gz_crazyflie_gazebo:/home/mikks/crazyflie_mapping_demo/ros2_ws/install/crazyflie_sim:/home/mikks/crazyflie_mapping_demo/ros2_ws/install/crazyflie_examples:/home/mikks/crazyflie_mapping_demo/ros2_ws/install/crazyflie:/home/mikks/crazyflie_mapping_demo/ros2_ws/install/crazyflie_interfaces:/opt/ros/jazzy/opt/gz_sim_vendor:/opt/ros/jazzy/opt/gz_sensors_vendor:/opt/ros/jazzy/opt/gz_physics_vendor:/opt/ros/jazzy/opt/sdformat_vendor:/opt/ros/jazzy/opt/gz_gui_vendor:/opt/ros/jazzy/opt/gz_transport_vendor:/opt/ros/jazzy/opt/gz_rendering_vendor:/opt/ros/jazzy/opt/gz_plugin_vendor:/opt/ros/jazzy/opt/gz_fuel_tools_vendor:/opt/ros/jazzy/opt/gz_msgs_vendor:/opt/ros/jazzy/opt/gz_common_vendor:/opt/ros/jazzy/opt/gz_math_vendor:/opt/ros/jazzy/opt/gz_utils_vendor:/opt/ros/jazzy/opt/gz_tools_vendor:/opt/ros/jazzy/opt/gz_ogre_next_vendor:/opt/ros/jazzy/opt/gz_dartsim_vendor:/opt/ros/jazzy/opt/gz_cmake_vendor:/home/mikks/ros2_px4_ws/install/x500_hover_controller:/home/mikks/ros2_px4_ws/install/example_mode_with_rclpy_py:/home/mikks/ros2_px4_ws/install/example_mode_goto_py:/home/mikks/ros2_px4_ws/install/px4_actuator_ctrl:/home/mikks/ros2_ws/install/rover_desc_description:/home/mikks/ros2_ws/install/px4_actuator_ctrl:/home/mikks/ros2_ws/install/mine_rover_description:/home/mikks/ros2_ws/install/ZerionURDFV5cp_description:/home/mikks/crazyflie_mapping_demo/ros2_ws/install/velocity_free_consensus:/home/mikks/crazyflie_mapping_demo/ros2_ws/install/stepwise_lowpos:/home/mikks/crazyflie_mapping_demo/ros2_ws/install/step_wise_lowpos:/home/mikks/crazyflie_mapping_demo/ros2_ws/install/second_order_formation_control:/home/mikks/crazyflie_mapping_demo/ros2_ws/install/ros_gz_crazyflie_control:/home/mikks/crazyflie_mapping_demo/ros2_ws/install/mixed_fractional_consensus:/home/mikks/crazyflie_mapping_demo/ros2_ws/install/lowest_pos:/home/mikks/crazyflie_mapping_demo/ros2_ws/install/linear_consensus:/home/mikks/crazyflie_mapping_demo/ros2_ws/install/highest_pos:/home/mikks/crazyflie_mapping_demo/ros2_ws/install/fractional_consensus_alpha:/home/mikks/crazyflie_mapping_demo/ros2_ws/install/event_triggered_swarm:/home/mikks/crazyflie_mapping_demo/ros2_ws/install/drone_logger:/home/mikks/crazyflie_mapping_demo/ros2_ws/install/distributed_average_tracking:/home/mikks/crazyflie_mapping_demo/ros2_ws/install/crazyflie_swarm_logic:/home/mikks/crazyflie_mapping_demo/ros2_ws/install/crazyflie_ros2_multiranger_wall_following:/home/mikks/crazyflie_mapping_demo/ros2_ws/install/crazyflie_ros2_multiranger_simple_mapper:/home/mikks/crazyflie_mapping_demo/ros2_ws/install/crazyflie_py:/home/mikks/crazyflie_mapping_demo/ros2_ws/install/cooperative_target_centric_formation:/home/mikks/crazyflie_mapping_demo/ros2_ws/install/containment_using_agent_information:/home/mikks/crazyflie_mapping_demo/ros2_ws/install/consensus_for_double_integrator:/home/mikks/crazyflie_mapping_demo/ros2_ws/install/consensus_alignment:/home/mikks/crazyflie_mapping_demo/ros2_ws/install/binary_consensus:/home/mikks/crazyflie_mapping_demo/ros2_ws/install/Second_Order_Min_Consensus_for_Heterogeneous_Agents:/home/mikks/crazyflie_mapping_demo/ros2_ws/install/BinaryContainmentChain:/opt/ros/jazzy DEBUGINFOD_URLS=https://debuginfod.ubuntu.com LD_LIBRARY_PATH=/home/mikks/ros2_px4_ws/install/px4_ros2_cpp/lib:/home/mikks/ros2_px4_ws/install/px4_msgs/lib:/home/mikks/ros2_px4_ws/install/px4_ros_com/lib:/home/mikks/NatNet_SDK_4.3_ubuntu/lib:/home/mikks/crazyflie_mapping_demo/ros2_ws/install/crazyflie_interfaces/lib:/opt/ros/jazzy/opt/gz_sim_vendor/lib:/opt/ros/jazzy/opt/gz_sensors_vendor/lib:/opt/ros/jazzy/opt/gz_physics_vendor/lib:/opt/ros/jazzy/opt/sdformat_vendor/lib:/opt/ros/jazzy/opt/rviz_ogre_vendor/lib:/opt/ros/jazzy/lib/x86_64-linux-gnu:/opt/ros/jazzy/opt/gz_gui_vendor/lib:/opt/ros/jazzy/opt/gz_transport_vendor/lib:/opt/ros/jazzy/opt/gz_rendering_vendor/lib:/opt/ros/jazzy/opt/gz_plugin_vendor/lib:/opt/ros/jazzy/opt/gz_fuel_tools_vendor/lib:/opt/ros/jazzy/opt/gz_msgs_vendor/lib:/opt/ros/jazzy/opt/gz_common_vendor/lib:/opt/ros/jazzy/opt/gz_math_vendor/lib:/opt/ros/jazzy/opt/gz_utils_vendor/lib:/opt/ros/jazzy/opt/gz_tools_vendor/lib:/opt/ros/jazzy/opt/gz_ogre_next_vendor/lib:/opt/ros/jazzy/opt/gz_dartsim_vendor/lib:/opt/ros/jazzy/opt/gz_cmake_vendor/lib:/opt/ros/jazzy/lib PYTHONPATH=/home/mikks/ros2_px4_ws/install/px4_msgs/lib/python3.12/site-packages:/home/mikks/ros2_px4_ws/build/x500_hover_controller:/home/mikks/ros2_px4_ws/install/x500_hover_controller/lib/python3.12/site-packages:/home/mikks/ros2_px4_ws/install/px4_ros_com/lib/python3.12/site-packages:/home/mikks/ros2_px4_ws/build/example_mode_with_rclpy_py:/home/mikks/ros2_px4_ws/install/example_mode_with_rclpy_py/lib/python3.12/site-packages:/home/mikks/ros2_px4_ws/build/example_mode_goto_py:/home/mikks/ros2_px4_ws/install/example_mode_goto_py/lib/python3.12/site-packages:/home/mikks/ros2_px4_ws/install/px4_ros2_py/lib/python3.12/site-packages:/home/mikks/ros2_px4_ws/build/px4_actuator_ctrl:/home/mikks/ros2_px4_ws/install/px4_actuator_ctrl/lib/python3.12/site-packages:/home/mikks/ros2_ws/build/rover_desc_description:/home/mikks/ros2_ws/install/rover_desc_description/lib/python3.12/site-packages:/home/mikks/ros2_ws/install/px4_actuator_ctrl/lib/python3.12/site-packages:/home/mikks/ros2_ws/build/mine_rover_description:/home/mikks/ros2_ws/install/mine_rover_description/lib/python3.12/site-packages:/home/mikks/ros2_ws/build/ZerionURDFV5cp_description:/home/mikks/ros2_ws/install/ZerionURDFV5cp_description/lib/python3.12/site-packages:/home/mikks/crazyflie_mapping_demo/ros2_ws/install/velocity_free_consensus/lib/python3.12/site-packages:/home/mikks/crazyflie_mapping_demo/ros2_ws/install/stepwise_lowpos/lib/python3.12/site-packages:/home/mikks/crazyflie_mapping_demo/ros2_ws/install/step_wise_lowpos/lib/python3.12/site-packages:/home/mikks/crazyflie_mapping_demo/ros2_ws/install/second_order_formation_control/lib/python3.12/site-packages:/home/mikks/crazyflie_mapping_demo/ros2_ws/install/ros_gz_crazyflie_control/lib/python3.12/site-packages:/home/mikks/crazyflie_mapping_demo/ros2_ws/install/mixed_fractional_consensus/lib/python3.12/site-packages:/home/mikks/crazyflie_mapping_demo/ros2_ws/install/lowest_pos/lib/python3.12/site-packages:/home/mikks/crazyflie_mapping_demo/ros2_ws/install/linear_consensus/lib/python3.12/site-packages:/home/mikks/crazyflie_mapping_demo/ros2_ws/install/highest_pos/lib/python3.12/site-packages:/home/mikks/crazyflie_mapping_demo/ros2_ws/install/fractional_consensus_alpha/lib/python3.12/site-packages:/home/mikks/crazyflie_mapping_demo/ros2_ws/install/event_triggered_swarm/lib/python3.12/site-packages:/home/mikks/crazyflie_mapping_demo/ros2_ws/install/drone_logger/lib/python3.12/site-packages:/home/mikks/crazyflie_mapping_demo/ros2_ws/install/distributed_average_tracking/lib/python3.12/site-packages:/home/mikks/crazyflie_mapping_demo/ros2_ws/install/crazyflie_swarm_logic/lib/python3.12/site-packages:/home/mikks/crazyflie_mapping_demo/ros2_ws/install/crazyflie_sim/lib/python3.12/site-packages:/home/mikks/crazyflie_mapping_demo/ros2_ws/install/crazyflie_ros2_multiranger_wall_following/lib/python3.12/site-packages:/home/mikks/crazyflie_mapping_demo/ros2_ws/install/crazyflie_ros2_multiranger_simple_mapper/lib/python3.12/site-packages:/home/mikks/crazyflie_mapping_demo/ros2_ws/install/crazyflie_examples/lib/python3.12/site-packages:/home/mikks/crazyflie_mapping_demo/ros2_ws/install/crazyflie_py/lib/python3.12/site-packages:/home/mikks/crazyflie_mapping_demo/ros2_ws/install/crazyflie_interfaces/lib/python3.12/site-packages:/home/mikks/crazyflie_mapping_demo/ros2_ws/install/cooperative_target_centric_formation/lib/python3.12/site-packages:/home/mikks/crazyflie_mapping_demo/ros2_ws/install/containment_using_agent_information/lib/python3.12/site-packages:/home/mikks/crazyflie_mapping_demo/ros2_ws/install/consensus_for_double_integrator/lib/python3.12/site-packages:/home/mikks/crazyflie_mapping_demo/ros2_ws/install/consensus_alignment/lib/python3.12/site-packages:/home/mikks/crazyflie_mapping_demo/ros2_ws/install/binary_consensus/lib/python3.12/site-packages:/home/mikks/crazyflie_mapping_demo/ros2_ws/install/Second_Order_Min_Consensus_for_Heterogeneous_Agents/lib/python3.12/site-packages:/home/mikks/crazyflie_mapping_demo/ros2_ws/install/BinaryContainmentChain/lib/python3.12/site-packages:/opt/ros/jazzy/lib/python3.12/site-packages /usr/bin/cmake --build /home/mikks/ros2_px4_ws/build/px4_ros2_py -- -j12 -l12
[4.162s] DEBUG:colcon.colcon_core.event_handler.log_command:Invoking command in '/home/mikks/ros2_px4_ws/build/px4_ros2_py': CMAKE_PREFIX_PATH=/home/mikks/ros2_px4_ws/install/px4_ros2_cpp:/home/mikks/ros2_px4_ws/install/px4_msgs:/home/mikks/ros2_px4_ws/install/px4_ros_com:/home/mikks/ros2_px4_ws/install/px4_ros2_py:/home/mikks/ros2_px4_ws/install/example_rover_velocity_mode_cpp:/home/mikks/ros2_px4_ws/install/example_mode_with_executor_cpp:/home/mikks/ros2_px4_ws/install/example_mode_vtol_cpp:/home/mikks/ros2_px4_ws/install/example_mode_rtl_replacement_cpp:/home/mikks/ros2_px4_ws/install/example_mode_mission_cpp:/home/mikks/ros2_px4_ws/install/example_mode_manual_cpp:/home/mikks/ros2_px4_ws/install/example_mode_goto_global_cpp:/home/mikks/ros2_px4_ws/install/example_mode_goto_cpp:/home/mikks/ros2_px4_ws/install/example_mode_fw_attitude_cpp:/home/mikks/ros2_px4_ws/install/example_local_navigation_cpp:/home/mikks/ros2_px4_ws/install/example_global_navigation_cpp:/home/mikks/ros2_px4_ws/install/example_executor_with_multiple_modes_cpp:/home/mikks/crazyflie_mapping_demo/ros2_ws/install/crazyflie_ros2_multiranger_bringup:/home/mikks/crazyflie_mapping_demo/ros2_ws/install/ros_gz_crazyflie_bringup:/home/mikks/crazyflie_mapping_demo/ros2_ws/install/ros_gz_crazyflie_gazebo:/home/mikks/crazyflie_mapping_demo/ros2_ws/install/crazyflie_sim:/home/mikks/crazyflie_mapping_demo/ros2_ws/install/crazyflie_examples:/home/mikks/crazyflie_mapping_demo/ros2_ws/install/crazyflie:/home/mikks/crazyflie_mapping_demo/ros2_ws/install/crazyflie_interfaces:/opt/ros/jazzy/opt/gz_sim_vendor:/opt/ros/jazzy/opt/gz_sensors_vendor:/opt/ros/jazzy/opt/gz_physics_vendor:/opt/ros/jazzy/opt/sdformat_vendor:/opt/ros/jazzy/opt/gz_gui_vendor:/opt/ros/jazzy/opt/gz_transport_vendor:/opt/ros/jazzy/opt/gz_rendering_vendor:/opt/ros/jazzy/opt/gz_plugin_vendor:/opt/ros/jazzy/opt/gz_fuel_tools_vendor:/opt/ros/jazzy/opt/gz_msgs_vendor:/opt/ros/jazzy/opt/gz_common_vendor:/opt/ros/jazzy/opt/gz_math_vendor:/opt/ros/jazzy/opt/gz_utils_vendor:/opt/ros/jazzy/opt/gz_tools_vendor:/opt/ros/jazzy/opt/gz_ogre_next_vendor:/opt/ros/jazzy/opt/gz_dartsim_vendor:/opt/ros/jazzy/opt/gz_cmake_vendor:/home/mikks/ros2_px4_ws/install/x500_hover_controller:/home/mikks/ros2_px4_ws/install/example_mode_with_rclpy_py:/home/mikks/ros2_px4_ws/install/example_mode_goto_py:/home/mikks/ros2_px4_ws/install/px4_actuator_ctrl:/home/mikks/ros2_ws/install/rover_desc_description:/home/mikks/ros2_ws/install/px4_actuator_ctrl:/home/mikks/ros2_ws/install/mine_rover_description:/home/mikks/ros2_ws/install/ZerionURDFV5cp_description:/home/mikks/crazyflie_mapping_demo/ros2_ws/install/velocity_free_consensus:/home/mikks/crazyflie_mapping_demo/ros2_ws/install/stepwise_lowpos:/home/mikks/crazyflie_mapping_demo/ros2_ws/install/step_wise_lowpos:/home/mikks/crazyflie_mapping_demo/ros2_ws/install/second_order_formation_control:/home/mikks/crazyflie_mapping_demo/ros2_ws/install/ros_gz_crazyflie_control:/home/mikks/crazyflie_mapping_demo/ros2_ws/install/mixed_fractional_consensus:/home/mikks/crazyflie_mapping_demo/ros2_ws/install/lowest_pos:/home/mikks/crazyflie_mapping_demo/ros2_ws/install/linear_consensus:/home/mikks/crazyflie_mapping_demo/ros2_ws/install/highest_pos:/home/mikks/crazyflie_mapping_demo/ros2_ws/install/fractional_consensus_alpha:/home/mikks/crazyflie_mapping_demo/ros2_ws/install/event_triggered_swarm:/home/mikks/crazyflie_mapping_demo/ros2_ws/install/drone_logger:/home/mikks/crazyflie_mapping_demo/ros2_ws/install/distributed_average_tracking:/home/mikks/crazyflie_mapping_demo/ros2_ws/install/crazyflie_swarm_logic:/home/mikks/crazyflie_mapping_demo/ros2_ws/install/crazyflie_ros2_multiranger_wall_following:/home/mikks/crazyflie_mapping_demo/ros2_ws/install/crazyflie_ros2_multiranger_simple_mapper:/home/mikks/crazyflie_mapping_demo/ros2_ws/install/crazyflie_py:/home/mikks/crazyflie_mapping_demo/ros2_ws/install/cooperative_target_centric_formation:/home/mikks/crazyflie_mapping_demo/ros2_ws/install/containment_using_agent_information:/home/mikks/crazyflie_mapping_demo/ros2_ws/install/consensus_for_double_integrator:/home/mikks/crazyflie_mapping_demo/ros2_ws/install/consensus_alignment:/home/mikks/crazyflie_mapping_demo/ros2_ws/install/binary_consensus:/home/mikks/crazyflie_mapping_demo/ros2_ws/install/Second_Order_Min_Consensus_for_Heterogeneous_Agents:/home/mikks/crazyflie_mapping_demo/ros2_ws/install/BinaryContainmentChain:/opt/ros/jazzy DEBUGINFOD_URLS=https://debuginfod.ubuntu.com LD_LIBRARY_PATH=/home/mikks/ros2_px4_ws/install/px4_ros2_cpp/lib:/home/mikks/ros2_px4_ws/install/px4_msgs/lib:/home/mikks/ros2_px4_ws/install/px4_ros_com/lib:/home/mikks/NatNet_SDK_4.3_ubuntu/lib:/home/mikks/crazyflie_mapping_demo/ros2_ws/install/crazyflie_interfaces/lib:/opt/ros/jazzy/opt/gz_sim_vendor/lib:/opt/ros/jazzy/opt/gz_sensors_vendor/lib:/opt/ros/jazzy/opt/gz_physics_vendor/lib:/opt/ros/jazzy/opt/sdformat_vendor/lib:/opt/ros/jazzy/opt/rviz_ogre_vendor/lib:/opt/ros/jazzy/lib/x86_64-linux-gnu:/opt/ros/jazzy/opt/gz_gui_vendor/lib:/opt/ros/jazzy/opt/gz_transport_vendor/lib:/opt/ros/jazzy/opt/gz_rendering_vendor/lib:/opt/ros/jazzy/opt/gz_plugin_vendor/lib:/opt/ros/jazzy/opt/gz_fuel_tools_vendor/lib:/opt/ros/jazzy/opt/gz_msgs_vendor/lib:/opt/ros/jazzy/opt/gz_common_vendor/lib:/opt/ros/jazzy/opt/gz_math_vendor/lib:/opt/ros/jazzy/opt/gz_utils_vendor/lib:/opt/ros/jazzy/opt/gz_tools_vendor/lib:/opt/ros/jazzy/opt/gz_ogre_next_vendor/lib:/opt/ros/jazzy/opt/gz_dartsim_vendor/lib:/opt/ros/jazzy/opt/gz_cmake_vendor/lib:/opt/ros/jazzy/lib PYTHONPATH=/home/mikks/ros2_px4_ws/install/px4_msgs/lib/python3.12/site-packages:/home/mikks/ros2_px4_ws/build/x500_hover_controller:/home/mikks/ros2_px4_ws/install/x500_hover_controller/lib/python3.12/site-packages:/home/mikks/ros2_px4_ws/install/px4_ros_com/lib/python3.12/site-packages:/home/mikks/ros2_px4_ws/build/example_mode_with_rclpy_py:/home/mikks/ros2_px4_ws/install/example_mode_with_rclpy_py/lib/python3.12/site-packages:/home/mikks/ros2_px4_ws/build/example_mode_goto_py:/home/mikks/ros2_px4_ws/install/example_mode_goto_py/lib/python3.12/site-packages:/home/mikks/ros2_px4_ws/install/px4_ros2_py/lib/python3.12/site-packages:/home/mikks/ros2_px4_ws/build/px4_actuator_ctrl:/home/mikks/ros2_px4_ws/install/px4_actuator_ctrl/lib/python3.12/site-packages:/home/mikks/ros2_ws/build/rover_desc_description:/home/mikks/ros2_ws/install/rover_desc_description/lib/python3.12/site-packages:/home/mikks/ros2_ws/install/px4_actuator_ctrl/lib/python3.12/site-packages:/home/mikks/ros2_ws/build/mine_rover_description:/home/mikks/ros2_ws/install/mine_rover_description/lib/python3.12/site-packages:/home/mikks/ros2_ws/build/ZerionURDFV5cp_description:/home/mikks/ros2_ws/install/ZerionURDFV5cp_description/lib/python3.12/site-packages:/home/mikks/crazyflie_mapping_demo/ros2_ws/install/velocity_free_consensus/lib/python3.12/site-packages:/home/mikks/crazyflie_mapping_demo/ros2_ws/install/stepwise_lowpos/lib/python3.12/site-packages:/home/mikks/crazyflie_mapping_demo/ros2_ws/install/step_wise_lowpos/lib/python3.12/site-packages:/home/mikks/crazyflie_mapping_demo/ros2_ws/install/second_order_formation_control/lib/python3.12/site-packages:/home/mikks/crazyflie_mapping_demo/ros2_ws/install/ros_gz_crazyflie_control/lib/python3.12/site-packages:/home/mikks/crazyflie_mapping_demo/ros2_ws/install/mixed_fractional_consensus/lib/python3.12/site-packages:/home/mikks/crazyflie_mapping_demo/ros2_ws/install/lowest_pos/lib/python3.12/site-packages:/home/mikks/crazyflie_mapping_demo/ros2_ws/install/linear_consensus/lib/python3.12/site-packages:/home/mikks/crazyflie_mapping_demo/ros2_ws/install/highest_pos/lib/python3.12/site-packages:/home/mikks/crazyflie_mapping_demo/ros2_ws/install/fractional_consensus_alpha/lib/python3.12/site-packages:/home/mikks/crazyflie_mapping_demo/ros2_ws/install/event_triggered_swarm/lib/python3.12/site-packages:/home/mikks/crazyflie_mapping_demo/ros2_ws/install/drone_logger/lib/python3.12/site-packages:/home/mikks/crazyflie_mapping_demo/ros2_ws/install/distributed_average_tracking/lib/python3.12/site-packages:/home/mikks/crazyflie_mapping_demo/ros2_ws/install/crazyflie_swarm_logic/lib/python3.12/site-packages:/home/mikks/crazyflie_mapping_demo/ros2_ws/install/crazyflie_sim/lib/python3.12/site-packages:/home/mikks/crazyflie_mapping_demo/ros2_ws/install/crazyflie_ros2_multiranger_wall_following/lib/python3.12/site-packages:/home/mikks/crazyflie_mapping_demo/ros2_ws/install/crazyflie_ros2_multiranger_simple_mapper/lib/python3.12/site-packages:/home/mikks/crazyflie_mapping_demo/ros2_ws/install/crazyflie_examples/lib/python3.12/site-packages:/home/mikks/crazyflie_mapping_demo/ros2_ws/install/crazyflie_py/lib/python3.12/site-packages:/home/mikks/crazyflie_mapping_demo/ros2_ws/install/crazyflie_interfaces/lib/python3.12/site-packages:/home/mikks/crazyflie_mapping_demo/ros2_ws/install/cooperative_target_centric_formation/lib/python3.12/site-packages:/home/mikks/crazyflie_mapping_demo/ros2_ws/install/containment_using_agent_information/lib/python3.12/site-packages:/home/mikks/crazyflie_mapping_demo/ros2_ws/install/consensus_for_double_integrator/lib/python3.12/site-packages:/home/mikks/crazyflie_mapping_demo/ros2_ws/install/consensus_alignment/lib/python3.12/site-packages:/home/mikks/crazyflie_mapping_demo/ros2_ws/install/binary_consensus/lib/python3.12/site-packages:/home/mikks/crazyflie_mapping_demo/ros2_ws/install/Second_Order_Min_Consensus_for_Heterogeneous_Agents/lib/python3.12/site-packages:/home/mikks/crazyflie_mapping_demo/ros2_ws/install/BinaryContainmentChain/lib/python3.12/site-packages:/opt/ros/jazzy/lib/python3.12/site-packages /usr/bin/cmake --install /home/mikks/ros2_px4_ws/build/px4_ros2_py
[4.209s] DEBUG:colcon.colcon_core.event_handler.log_command:Invoking command in '/home/mikks/ros2_px4_ws/build/px4_actuator_ctrl': CMAKE_PREFIX_PATH=/home/mikks/ros2_px4_ws/install/px4_msgs:/home/mikks/ros2_px4_ws/install/px4_ros_com:/home/mikks/ros2_px4_ws/install/px4_ros2_py:/home/mikks/ros2_px4_ws/install/example_rover_velocity_mode_cpp:/home/mikks/ros2_px4_ws/install/example_mode_with_executor_cpp:/home/mikks/ros2_px4_ws/install/example_mode_vtol_cpp:/home/mikks/ros2_px4_ws/install/example_mode_rtl_replacement_cpp:/home/mikks/ros2_px4_ws/install/example_mode_mission_cpp:/home/mikks/ros2_px4_ws/install/example_mode_manual_cpp:/home/mikks/ros2_px4_ws/install/example_mode_goto_global_cpp:/home/mikks/ros2_px4_ws/install/example_mode_goto_cpp:/home/mikks/ros2_px4_ws/install/example_mode_fw_attitude_cpp:/home/mikks/ros2_px4_ws/install/example_local_navigation_cpp:/home/mikks/ros2_px4_ws/install/example_global_navigation_cpp:/home/mikks/ros2_px4_ws/install/example_executor_with_multiple_modes_cpp:/home/mikks/ros2_px4_ws/install/px4_ros2_cpp:/home/mikks/crazyflie_mapping_demo/ros2_ws/install/crazyflie_ros2_multiranger_bringup:/home/mikks/crazyflie_mapping_demo/ros2_ws/install/ros_gz_crazyflie_bringup:/home/mikks/crazyflie_mapping_demo/ros2_ws/install/ros_gz_crazyflie_gazebo:/home/mikks/crazyflie_mapping_demo/ros2_ws/install/crazyflie_sim:/home/mikks/crazyflie_mapping_demo/ros2_ws/install/crazyflie_examples:/home/mikks/crazyflie_mapping_demo/ros2_ws/install/crazyflie:/home/mikks/crazyflie_mapping_demo/ros2_ws/install/crazyflie_interfaces:/opt/ros/jazzy/opt/gz_sim_vendor:/opt/ros/jazzy/opt/gz_sensors_vendor:/opt/ros/jazzy/opt/gz_physics_vendor:/opt/ros/jazzy/opt/sdformat_vendor:/opt/ros/jazzy/opt/gz_gui_vendor:/opt/ros/jazzy/opt/gz_transport_vendor:/opt/ros/jazzy/opt/gz_rendering_vendor:/opt/ros/jazzy/opt/gz_plugin_vendor:/opt/ros/jazzy/opt/gz_fuel_tools_vendor:/opt/ros/jazzy/opt/gz_msgs_vendor:/opt/ros/jazzy/opt/gz_common_vendor:/opt/ros/jazzy/opt/gz_math_vendor:/opt/ros/jazzy/opt/gz_utils_vendor:/opt/ros/jazzy/opt/gz_tools_vendor:/opt/ros/jazzy/opt/gz_ogre_next_vendor:/opt/ros/jazzy/opt/gz_dartsim_vendor:/opt/ros/jazzy/opt/gz_cmake_vendor DEBUGINFOD_URLS=https://debuginfod.ubuntu.com LD_LIBRARY_PATH=/home/mikks/ros2_px4_ws/install/px4_msgs/lib:/home/mikks/ros2_px4_ws/install/px4_ros_com/lib:/home/mikks/ros2_px4_ws/install/px4_ros2_cpp/lib:/home/mikks/NatNet_SDK_4.3_ubuntu/lib:/home/mikks/crazyflie_mapping_demo/ros2_ws/install/crazyflie_interfaces/lib:/opt/ros/jazzy/opt/gz_sim_vendor/lib:/opt/ros/jazzy/opt/gz_sensors_vendor/lib:/opt/ros/jazzy/opt/gz_physics_vendor/lib:/opt/ros/jazzy/opt/sdformat_vendor/lib:/opt/ros/jazzy/opt/rviz_ogre_vendor/lib:/opt/ros/jazzy/lib/x86_64-linux-gnu:/opt/ros/jazzy/opt/gz_gui_vendor/lib:/opt/ros/jazzy/opt/gz_transport_vendor/lib:/opt/ros/jazzy/opt/gz_rendering_vendor/lib:/opt/ros/jazzy/opt/gz_plugin_vendor/lib:/opt/ros/jazzy/opt/gz_fuel_tools_vendor/lib:/opt/ros/jazzy/opt/gz_msgs_vendor/lib:/opt/ros/jazzy/opt/gz_common_vendor/lib:/opt/ros/jazzy/opt/gz_math_vendor/lib:/opt/ros/jazzy/opt/gz_utils_vendor/lib:/opt/ros/jazzy/opt/gz_tools_vendor/lib:/opt/ros/jazzy/opt/gz_ogre_next_vendor/lib:/opt/ros/jazzy/opt/gz_dartsim_vendor/lib:/opt/ros/jazzy/opt/gz_cmake_vendor/lib:/opt/ros/jazzy/lib PYTHONPATH=/home/mikks/ros2_px4_ws/build/px4_actuator_ctrl/prefix_override:/usr/lib/python3/dist-packages/colcon_core/task/python/colcon_distutils_commands:/home/mikks/ros2_px4_ws/install/px4_actuator_ctrl/lib/python3.12/site-packages:/home/mikks/ros2_px4_ws/install/px4_msgs/lib/python3.12/site-packages:/home/mikks/ros2_px4_ws/build/x500_hover_controller:/home/mikks/ros2_px4_ws/install/x500_hover_controller/lib/python3.12/site-packages:/home/mikks/ros2_px4_ws/install/px4_ros_com/lib/python3.12/site-packages:/home/mikks/ros2_px4_ws/build/example_mode_with_rclpy_py:/home/mikks/ros2_px4_ws/install/example_mode_with_rclpy_py/lib/python3.12/site-packages:/home/mikks/ros2_px4_ws/build/example_mode_goto_py:/home/mikks/ros2_px4_ws/install/example_mode_goto_py/lib/python3.12/site-packages:/home/mikks/ros2_px4_ws/install/px4_ros2_py/lib/python3.12/site-packages:/home/mikks/ros2_px4_ws/build/px4_actuator_ctrl:/home/mikks/ros2_px4_ws/install/px4_actuator_ctrl/lib/python3.12/site-packages:/home/mikks/ros2_ws/build/rover_desc_description:/home/mikks/ros2_ws/install/rover_desc_description/lib/python3.12/site-packages:/home/mikks/ros2_ws/install/px4_actuator_ctrl/lib/python3.12/site-packages:/home/mikks/ros2_ws/build/mine_rover_description:/home/mikks/ros2_ws/install/mine_rover_description/lib/python3.12/site-packages:/home/mikks/ros2_ws/build/ZerionURDFV5cp_description:/home/mikks/ros2_ws/install/ZerionURDFV5cp_description/lib/python3.12/site-packages:/home/mikks/crazyflie_mapping_demo/ros2_ws/install/velocity_free_consensus/lib/python3.12/site-packages:/home/mikks/crazyflie_mapping_demo/ros2_ws/install/stepwise_lowpos/lib/python3.12/site-packages:/home/mikks/crazyflie_mapping_demo/ros2_ws/install/step_wise_lowpos/lib/python3.12/site-packages:/home/mikks/crazyflie_mapping_demo/ros2_ws/install/second_order_formation_control/lib/python3.12/site-packages:/home/mikks/crazyflie_mapping_demo/ros2_ws/install/ros_gz_crazyflie_control/lib/python3.12/site-packages:/home/mikks/crazyflie_mapping_demo/ros2_ws/install/mixed_fractional_consensus/lib/python3.12/site-packages:/home/mikks/crazyflie_mapping_demo/ros2_ws/install/lowest_pos/lib/python3.12/site-packages:/home/mikks/crazyflie_mapping_demo/ros2_ws/install/linear_consensus/lib/python3.12/site-packages:/home/mikks/crazyflie_mapping_demo/ros2_ws/install/highest_pos/lib/python3.12/site-packages:/home/mikks/crazyflie_mapping_demo/ros2_ws/install/fractional_consensus_alpha/lib/python3.12/site-packages:/home/mikks/crazyflie_mapping_demo/ros2_ws/install/event_triggered_swarm/lib/python3.12/site-packages:/home/mikks/crazyflie_mapping_demo/ros2_ws/install/drone_logger/lib/python3.12/site-packages:/home/mikks/crazyflie_mapping_demo/ros2_ws/install/distributed_average_tracking/lib/python3.12/site-packages:/home/mikks/crazyflie_mapping_demo/ros2_ws/install/crazyflie_swarm_logic/lib/python3.12/site-packages:/home/mikks/crazyflie_mapping_demo/ros2_ws/install/crazyflie_sim/lib/python3.12/site-packages:/home/mikks/crazyflie_mapping_demo/ros2_ws/install/crazyflie_ros2_multiranger_wall_following/lib/python3.12/site-packages:/home/mikks/crazyflie_mapping_demo/ros2_ws/install/crazyflie_ros2_multiranger_simple_mapper/lib/python3.12/site-packages:/home/mikks/crazyflie_mapping_demo/ros2_ws/install/crazyflie_examples/lib/python3.12/site-packages:/home/mikks/crazyflie_mapping_demo/ros2_ws/install/crazyflie_py/lib/python3.12/site-packages:/home/mikks/crazyflie_mapping_demo/ros2_ws/install/crazyflie_interfaces/lib/python3.12/site-packages:/home/mikks/crazyflie_mapping_demo/ros2_ws/install/cooperative_target_centric_formation/lib/python3.12/site-packages:/home/mikks/crazyflie_mapping_demo/ros2_ws/install/containment_using_agent_information/lib/python3.12/site-packages:/home/mikks/crazyflie_mapping_demo/ros2_ws/install/consensus_for_double_integrator/lib/python3.12/site-packages:/home/mikks/crazyflie_mapping_demo/ros2_ws/install/consensus_alignment/lib/python3.12/site-packages:/home/mikks/crazyflie_mapping_demo/ros2_ws/install/binary_consensus/lib/python3.12/site-packages:/home/mikks/crazyflie_mapping_demo/ros2_ws/install/Second_Order_Min_Consensus_for_Heterogeneous_Agents/lib/python3.12/site-packages:/home/mikks/crazyflie_mapping_demo/ros2_ws/install/BinaryContainmentChain/lib/python3.12/site-packages:/opt/ros/jazzy/lib/python3.12/site-packages /usr/bin/python3 -W ignore:setup.py install is deprecated -W ignore:easy_install command is deprecated setup.py develop --editable --build-directory /home/mikks/ros2_px4_ws/build/px4_actuator_ctrl/build --no-deps symlink_data
[4.243s] Level 1:colcon.colcon_core.environment:create_environment_scripts_only(px4_ros2_py)
[4.243s] Level 1:colcon.colcon_core.environment:checking '/home/mikks/ros2_px4_ws/install/px4_ros2_py' for CMake module files
[4.244s] DEBUG:colcon.colcon_core.event_handler.log_command:Invoked command in '/home/mikks/ros2_px4_ws/build/px4_ros2_py' returned '0': CMAKE_PREFIX_PATH=/home/mikks/ros2_px4_ws/install/px4_ros2_cpp:/home/mikks/ros2_px4_ws/install/px4_msgs:/home/mikks/ros2_px4_ws/install/px4_ros_com:/home/mikks/ros2_px4_ws/install/px4_ros2_py:/home/mikks/ros2_px4_ws/install/example_rover_velocity_mode_cpp:/home/mikks/ros2_px4_ws/install/example_mode_with_executor_cpp:/home/mikks/ros2_px4_ws/install/example_mode_vtol_cpp:/home/mikks/ros2_px4_ws/install/example_mode_rtl_replacement_cpp:/home/mikks/ros2_px4_ws/install/example_mode_mission_cpp:/home/mikks/ros2_px4_ws/install/example_mode_manual_cpp:/home/mikks/ros2_px4_ws/install/example_mode_goto_global_cpp:/home/mikks/ros2_px4_ws/install/example_mode_goto_cpp:/home/mikks/ros2_px4_ws/install/example_mode_fw_attitude_cpp:/home/mikks/ros2_px4_ws/install/example_local_navigation_cpp:/home/mikks/ros2_px4_ws/install/example_global_navigation_cpp:/home/mikks/ros2_px4_ws/install/example_executor_with_multiple_modes_cpp:/home/mikks/crazyflie_mapping_demo/ros2_ws/install/crazyflie_ros2_multiranger_bringup:/home/mikks/crazyflie_mapping_demo/ros2_ws/install/ros_gz_crazyflie_bringup:/home/mikks/crazyflie_mapping_demo/ros2_ws/install/ros_gz_crazyflie_gazebo:/home/mikks/crazyflie_mapping_demo/ros2_ws/install/crazyflie_sim:/home/mikks/crazyflie_mapping_demo/ros2_ws/install/crazyflie_examples:/home/mikks/crazyflie_mapping_demo/ros2_ws/install/crazyflie:/home/mikks/crazyflie_mapping_demo/ros2_ws/install/crazyflie_interfaces:/opt/ros/jazzy/opt/gz_sim_vendor:/opt/ros/jazzy/opt/gz_sensors_vendor:/opt/ros/jazzy/opt/gz_physics_vendor:/opt/ros/jazzy/opt/sdformat_vendor:/opt/ros/jazzy/opt/gz_gui_vendor:/opt/ros/jazzy/opt/gz_transport_vendor:/opt/ros/jazzy/opt/gz_rendering_vendor:/opt/ros/jazzy/opt/gz_plugin_vendor:/opt/ros/jazzy/opt/gz_fuel_tools_vendor:/opt/ros/jazzy/opt/gz_msgs_vendor:/opt/ros/jazzy/opt/gz_common_vendor:/opt/ros/jazzy/opt/gz_math_vendor:/opt/ros/jazzy/opt/gz_utils_vendor:/opt/ros/jazzy/opt/gz_tools_vendor:/opt/ros/jazzy/opt/gz_ogre_next_vendor:/opt/ros/jazzy/opt/gz_dartsim_vendor:/opt/ros/jazzy/opt/gz_cmake_vendor:/home/mikks/ros2_px4_ws/install/x500_hover_controller:/home/mikks/ros2_px4_ws/install/example_mode_with_rclpy_py:/home/mikks/ros2_px4_ws/install/example_mode_goto_py:/home/mikks/ros2_px4_ws/install/px4_actuator_ctrl:/home/mikks/ros2_ws/install/rover_desc_description:/home/mikks/ros2_ws/install/px4_actuator_ctrl:/home/mikks/ros2_ws/install/mine_rover_description:/home/mikks/ros2_ws/install/ZerionURDFV5cp_description:/home/mikks/crazyflie_mapping_demo/ros2_ws/install/velocity_free_consensus:/home/mikks/crazyflie_mapping_demo/ros2_ws/install/stepwise_lowpos:/home/mikks/crazyflie_mapping_demo/ros2_ws/install/step_wise_lowpos:/home/mikks/crazyflie_mapping_demo/ros2_ws/install/second_order_formation_control:/home/mikks/crazyflie_mapping_demo/ros2_ws/install/ros_gz_crazyflie_control:/home/mikks/crazyflie_mapping_demo/ros2_ws/install/mixed_fractional_consensus:/home/mikks/crazyflie_mapping_demo/ros2_ws/install/lowest_pos:/home/mikks/crazyflie_mapping_demo/ros2_ws/install/linear_consensus:/home/mikks/crazyflie_mapping_demo/ros2_ws/install/highest_pos:/home/mikks/crazyflie_mapping_demo/ros2_ws/install/fractional_consensus_alpha:/home/mikks/crazyflie_mapping_demo/ros2_ws/install/event_triggered_swarm:/home/mikks/crazyflie_mapping_demo/ros2_ws/install/drone_logger:/home/mikks/crazyflie_mapping_demo/ros2_ws/install/distributed_average_tracking:/home/mikks/crazyflie_mapping_demo/ros2_ws/install/crazyflie_swarm_logic:/home/mikks/crazyflie_mapping_demo/ros2_ws/install/crazyflie_ros2_multiranger_wall_following:/home/mikks/crazyflie_mapping_demo/ros2_ws/install/crazyflie_ros2_multiranger_simple_mapper:/home/mikks/crazyflie_mapping_demo/ros2_ws/install/crazyflie_py:/home/mikks/crazyflie_mapping_demo/ros2_ws/install/cooperative_target_centric_formation:/home/mikks/crazyflie_mapping_demo/ros2_ws/install/containment_using_agent_information:/home/mikks/crazyflie_mapping_demo/ros2_ws/install/consensus_for_double_integrator:/home/mikks/crazyflie_mapping_demo/ros2_ws/install/consensus_alignment:/home/mikks/crazyflie_mapping_demo/ros2_ws/install/binary_consensus:/home/mikks/crazyflie_mapping_demo/ros2_ws/install/Second_Order_Min_Consensus_for_Heterogeneous_Agents:/home/mikks/crazyflie_mapping_demo/ros2_ws/install/BinaryContainmentChain:/opt/ros/jazzy DEBUGINFOD_URLS=https://debuginfod.ubuntu.com LD_LIBRARY_PATH=/home/mikks/ros2_px4_ws/install/px4_ros2_cpp/lib:/home/mikks/ros2_px4_ws/install/px4_msgs/lib:/home/mikks/ros2_px4_ws/install/px4_ros_com/lib:/home/mikks/NatNet_SDK_4.3_ubuntu/lib:/home/mikks/crazyflie_mapping_demo/ros2_ws/install/crazyflie_interfaces/lib:/opt/ros/jazzy/opt/gz_sim_vendor/lib:/opt/ros/jazzy/opt/gz_sensors_vendor/lib:/opt/ros/jazzy/opt/gz_physics_vendor/lib:/opt/ros/jazzy/opt/sdformat_vendor/lib:/opt/ros/jazzy/opt/rviz_ogre_vendor/lib:/opt/ros/jazzy/lib/x86_64-linux-gnu:/opt/ros/jazzy/opt/gz_gui_vendor/lib:/opt/ros/jazzy/opt/gz_transport_vendor/lib:/opt/ros/jazzy/opt/gz_rendering_vendor/lib:/opt/ros/jazzy/opt/gz_plugin_vendor/lib:/opt/ros/jazzy/opt/gz_fuel_tools_vendor/lib:/opt/ros/jazzy/opt/gz_msgs_vendor/lib:/opt/ros/jazzy/opt/gz_common_vendor/lib:/opt/ros/jazzy/opt/gz_math_vendor/lib:/opt/ros/jazzy/opt/gz_utils_vendor/lib:/opt/ros/jazzy/opt/gz_tools_vendor/lib:/opt/ros/jazzy/opt/gz_ogre_next_vendor/lib:/opt/ros/jazzy/opt/gz_dartsim_vendor/lib:/opt/ros/jazzy/opt/gz_cmake_vendor/lib:/opt/ros/jazzy/lib PYTHONPATH=/home/mikks/ros2_px4_ws/install/px4_msgs/lib/python3.12/site-packages:/home/mikks/ros2_px4_ws/build/x500_hover_controller:/home/mikks/ros2_px4_ws/install/x500_hover_controller/lib/python3.12/site-packages:/home/mikks/ros2_px4_ws/install/px4_ros_com/lib/python3.12/site-packages:/home/mikks/ros2_px4_ws/build/example_mode_with_rclpy_py:/home/mikks/ros2_px4_ws/install/example_mode_with_rclpy_py/lib/python3.12/site-packages:/home/mikks/ros2_px4_ws/build/example_mode_goto_py:/home/mikks/ros2_px4_ws/install/example_mode_goto_py/lib/python3.12/site-packages:/home/mikks/ros2_px4_ws/install/px4_ros2_py/lib/python3.12/site-packages:/home/mikks/ros2_px4_ws/build/px4_actuator_ctrl:/home/mikks/ros2_px4_ws/install/px4_actuator_ctrl/lib/python3.12/site-packages:/home/mikks/ros2_ws/build/rover_desc_description:/home/mikks/ros2_ws/install/rover_desc_description/lib/python3.12/site-packages:/home/mikks/ros2_ws/install/px4_actuator_ctrl/lib/python3.12/site-packages:/home/mikks/ros2_ws/build/mine_rover_description:/home/mikks/ros2_ws/install/mine_rover_description/lib/python3.12/site-packages:/home/mikks/ros2_ws/build/ZerionURDFV5cp_description:/home/mikks/ros2_ws/install/ZerionURDFV5cp_description/lib/python3.12/site-packages:/home/mikks/crazyflie_mapping_demo/ros2_ws/install/velocity_free_consensus/lib/python3.12/site-packages:/home/mikks/crazyflie_mapping_demo/ros2_ws/install/stepwise_lowpos/lib/python3.12/site-packages:/home/mikks/crazyflie_mapping_demo/ros2_ws/install/step_wise_lowpos/lib/python3.12/site-packages:/home/mikks/crazyflie_mapping_demo/ros2_ws/install/second_order_formation_control/lib/python3.12/site-packages:/home/mikks/crazyflie_mapping_demo/ros2_ws/install/ros_gz_crazyflie_control/lib/python3.12/site-packages:/home/mikks/crazyflie_mapping_demo/ros2_ws/install/mixed_fractional_consensus/lib/python3.12/site-packages:/home/mikks/crazyflie_mapping_demo/ros2_ws/install/lowest_pos/lib/python3.12/site-packages:/home/mikks/crazyflie_mapping_demo/ros2_ws/install/linear_consensus/lib/python3.12/site-packages:/home/mikks/crazyflie_mapping_demo/ros2_ws/install/highest_pos/lib/python3.12/site-packages:/home/mikks/crazyflie_mapping_demo/ros2_ws/install/fractional_consensus_alpha/lib/python3.12/site-packages:/home/mikks/crazyflie_mapping_demo/ros2_ws/install/event_triggered_swarm/lib/python3.12/site-packages:/home/mikks/crazyflie_mapping_demo/ros2_ws/install/drone_logger/lib/python3.12/site-packages:/home/mikks/crazyflie_mapping_demo/ros2_ws/install/distributed_average_tracking/lib/python3.12/site-packages:/home/mikks/crazyflie_mapping_demo/ros2_ws/install/crazyflie_swarm_logic/lib/python3.12/site-packages:/home/mikks/crazyflie_mapping_demo/ros2_ws/install/crazyflie_sim/lib/python3.12/site-packages:/home/mikks/crazyflie_mapping_demo/ros2_ws/install/crazyflie_ros2_multiranger_wall_following/lib/python3.12/site-packages:/home/mikks/crazyflie_mapping_demo/ros2_ws/install/crazyflie_ros2_multiranger_simple_mapper/lib/python3.12/site-packages:/home/mikks/crazyflie_mapping_demo/ros2_ws/install/crazyflie_examples/lib/python3.12/site-packages:/home/mikks/crazyflie_mapping_demo/ros2_ws/install/crazyflie_py/lib/python3.12/site-packages:/home/mikks/crazyflie_mapping_demo/ros2_ws/install/crazyflie_interfaces/lib/python3.12/site-packages:/home/mikks/crazyflie_mapping_demo/ros2_ws/install/cooperative_target_centric_formation/lib/python3.12/site-packages:/home/mikks/crazyflie_mapping_demo/ros2_ws/install/containment_using_agent_information/lib/python3.12/site-packages:/home/mikks/crazyflie_mapping_demo/ros2_ws/install/consensus_for_double_integrator/lib/python3.12/site-packages:/home/mikks/crazyflie_mapping_demo/ros2_ws/install/consensus_alignment/lib/python3.12/site-packages:/home/mikks/crazyflie_mapping_demo/ros2_ws/install/binary_consensus/lib/python3.12/site-packages:/home/mikks/crazyflie_mapping_demo/ros2_ws/install/Second_Order_Min_Consensus_for_Heterogeneous_Agents/lib/python3.12/site-packages:/home/mikks/crazyflie_mapping_demo/ros2_ws/install/BinaryContainmentChain/lib/python3.12/site-packages:/opt/ros/jazzy/lib/python3.12/site-packages /usr/bin/cmake --install /home/mikks/ros2_px4_ws/build/px4_ros2_py
[4.244s] Level 1:colcon.colcon_core.environment:checking '/home/mikks/ros2_px4_ws/install/px4_ros2_py' for CMake config files
[4.244s] Level 1:colcon.colcon_core.shell:create_environment_hook('px4_ros2_py', 'cmake_prefix_path')
[4.245s] INFO:colcon.colcon_core.shell:Creating environment hook '/home/mikks/ros2_px4_ws/install/px4_ros2_py/share/px4_ros2_py/hook/cmake_prefix_path.ps1'
[4.245s] INFO:colcon.colcon_core.shell:Creating environment descriptor '/home/mikks/ros2_px4_ws/install/px4_ros2_py/share/px4_ros2_py/hook/cmake_prefix_path.dsv'
[4.245s] INFO:colcon.colcon_core.shell:Creating environment hook '/home/mikks/ros2_px4_ws/install/px4_ros2_py/share/px4_ros2_py/hook/cmake_prefix_path.sh'
[4.246s] Level 1:colcon.colcon_core.environment:checking '/home/mikks/ros2_px4_ws/install/px4_ros2_py/lib'
[4.246s] Level 1:colcon.colcon_core.environment:checking '/home/mikks/ros2_px4_ws/install/px4_ros2_py/bin'
[4.246s] Level 1:colcon.colcon_core.environment:checking '/home/mikks/ros2_px4_ws/install/px4_ros2_py/lib/pkgconfig/px4_ros2_py.pc'
[4.246s] Level 1:colcon.colcon_core.environment:checking '/home/mikks/ros2_px4_ws/install/px4_ros2_py/lib/python3.12/site-packages'
[4.246s] Level 1:colcon.colcon_core.shell:create_environment_hook('px4_ros2_py', 'pythonpath')
[4.246s] INFO:colcon.colcon_core.shell:Creating environment hook '/home/mikks/ros2_px4_ws/install/px4_ros2_py/share/px4_ros2_py/hook/pythonpath.ps1'
[4.247s] INFO:colcon.colcon_core.shell:Creating environment descriptor '/home/mikks/ros2_px4_ws/install/px4_ros2_py/share/px4_ros2_py/hook/pythonpath.dsv'
[4.247s] INFO:colcon.colcon_core.shell:Creating environment hook '/home/mikks/ros2_px4_ws/install/px4_ros2_py/share/px4_ros2_py/hook/pythonpath.sh'
[4.248s] Level 1:colcon.colcon_core.environment:checking '/home/mikks/ros2_px4_ws/install/px4_ros2_py/bin'
[4.248s] INFO:colcon.colcon_core.shell:Creating package script '/home/mikks/ros2_px4_ws/install/px4_ros2_py/share/px4_ros2_py/package.ps1'
[4.248s] INFO:colcon.colcon_core.shell:Creating package descriptor '/home/mikks/ros2_px4_ws/install/px4_ros2_py/share/px4_ros2_py/package.dsv'
[4.249s] INFO:colcon.colcon_core.shell:Creating package script '/home/mikks/ros2_px4_ws/install/px4_ros2_py/share/px4_ros2_py/package.sh'
[4.249s] INFO:colcon.colcon_core.shell:Creating package script '/home/mikks/ros2_px4_ws/install/px4_ros2_py/share/px4_ros2_py/package.bash'
[4.249s] INFO:colcon.colcon_core.shell:Creating package script '/home/mikks/ros2_px4_ws/install/px4_ros2_py/share/px4_ros2_py/package.zsh'
[4.249s] Level 1:colcon.colcon_core.environment:create_file_with_runtime_dependencies(/home/mikks/ros2_px4_ws/install/px4_ros2_py/share/colcon-core/packages/px4_ros2_py)
[4.250s] Level 1:colcon.colcon_core.environment:create_environment_scripts_only(px4_ros2_py)
[4.250s] Level 1:colcon.colcon_core.environment:checking '/home/mikks/ros2_px4_ws/install/px4_ros2_py' for CMake module files
[4.250s] Level 1:colcon.colcon_core.environment:checking '/home/mikks/ros2_px4_ws/install/px4_ros2_py' for CMake config files
[4.251s] Level 1:colcon.colcon_core.shell:create_environment_hook('px4_ros2_py', 'cmake_prefix_path')
[4.251s] INFO:colcon.colcon_core.shell:Creating environment hook '/home/mikks/ros2_px4_ws/install/px4_ros2_py/share/px4_ros2_py/hook/cmake_prefix_path.ps1'
[4.251s] INFO:colcon.colcon_core.shell:Creating environment descriptor '/home/mikks/ros2_px4_ws/install/px4_ros2_py/share/px4_ros2_py/hook/cmake_prefix_path.dsv'
[4.251s] INFO:colcon.colcon_core.shell:Creating environment hook '/home/mikks/ros2_px4_ws/install/px4_ros2_py/share/px4_ros2_py/hook/cmake_prefix_path.sh'
[4.252s] Level 1:colcon.colcon_core.environment:checking '/home/mikks/ros2_px4_ws/install/px4_ros2_py/lib'
[4.252s] Level 1:colcon.colcon_core.environment:checking '/home/mikks/ros2_px4_ws/install/px4_ros2_py/bin'
[4.252s] Level 1:colcon.colcon_core.environment:checking '/home/mikks/ros2_px4_ws/install/px4_ros2_py/lib/pkgconfig/px4_ros2_py.pc'
[4.252s] Level 1:colcon.colcon_core.environment:checking '/home/mikks/ros2_px4_ws/install/px4_ros2_py/lib/python3.12/site-packages'
[4.252s] Level 1:colcon.colcon_core.shell:create_environment_hook('px4_ros2_py', 'pythonpath')
[4.253s] INFO:colcon.colcon_core.shell:Creating environment hook '/home/mikks/ros2_px4_ws/install/px4_ros2_py/share/px4_ros2_py/hook/pythonpath.ps1'
[4.253s] INFO:colcon.colcon_core.shell:Creating environment descriptor '/home/mikks/ros2_px4_ws/install/px4_ros2_py/share/px4_ros2_py/hook/pythonpath.dsv'
[4.253s] INFO:colcon.colcon_core.shell:Creating environment hook '/home/mikks/ros2_px4_ws/install/px4_ros2_py/share/px4_ros2_py/hook/pythonpath.sh'
[4.254s] Level 1:colcon.colcon_core.environment:checking '/home/mikks/ros2_px4_ws/install/px4_ros2_py/bin'
[4.254s] INFO:colcon.colcon_core.shell:Creating package script '/home/mikks/ros2_px4_ws/install/px4_ros2_py/share/px4_ros2_py/package.ps1'
[4.255s] INFO:colcon.colcon_core.shell:Creating package descriptor '/home/mikks/ros2_px4_ws/install/px4_ros2_py/share/px4_ros2_py/package.dsv'
[4.255s] INFO:colcon.colcon_core.shell:Creating package script '/home/mikks/ros2_px4_ws/install/px4_ros2_py/share/px4_ros2_py/package.sh'
[4.256s] INFO:colcon.colcon_core.shell:Creating package script '/home/mikks/ros2_px4_ws/install/px4_ros2_py/share/px4_ros2_py/package.bash'
[4.256s] INFO:colcon.colcon_core.shell:Creating package script '/home/mikks/ros2_px4_ws/install/px4_ros2_py/share/px4_ros2_py/package.zsh'
[4.257s] Level 1:colcon.colcon_core.environment:create_file_with_runtime_dependencies(/home/mikks/ros2_px4_ws/install/px4_ros2_py/share/colcon-core/packages/px4_ros2_py)
[4.257s] INFO:colcon.colcon_ros.task.ament_python.build:Building ROS package in '/home/mikks/ros2_px4_ws/src/px4-ros2-interface-lib/examples/python/modes/goto' with build type 'ament_python'
[4.257s] Level 1:colcon.colcon_core.shell:create_environment_hook('example_mode_goto_py', 'ament_prefix_path')
[4.257s] INFO:colcon.colcon_core.shell:Creating environment hook '/home/mikks/ros2_px4_ws/install/example_mode_goto_py/share/example_mode_goto_py/hook/ament_prefix_path.ps1'
[4.258s] INFO:colcon.colcon_core.shell:Creating environment descriptor '/home/mikks/ros2_px4_ws/install/example_mode_goto_py/share/example_mode_goto_py/hook/ament_prefix_path.dsv'
[4.258s] INFO:colcon.colcon_core.shell:Creating environment hook '/home/mikks/ros2_px4_ws/install/example_mode_goto_py/share/example_mode_goto_py/hook/ament_prefix_path.sh'
[4.259s] INFO:colcon.colcon_core.shell:Skip shell extension 'powershell' for command environment: Not usable outside of PowerShell
[4.259s] DEBUG:colcon.colcon_core.shell:Skip shell extension 'dsv' for command environment
[4.265s] INFO:colcon.colcon_ros.task.ament_python.build:Building ROS package in '/home/mikks/ros2_px4_ws/src/px4-ros2-interface-lib/examples/python/modes/goto_with_rclpy' with build type 'ament_python'
[4.266s] Level 1:colcon.colcon_core.shell:create_environment_hook('example_mode_with_rclpy_py', 'ament_prefix_path')
[4.266s] INFO:colcon.colcon_core.shell:Creating environment hook '/home/mikks/ros2_px4_ws/install/example_mode_with_rclpy_py/share/example_mode_with_rclpy_py/hook/ament_prefix_path.ps1'
[4.266s] INFO:colcon.colcon_core.shell:Creating environment descriptor '/home/mikks/ros2_px4_ws/install/example_mode_with_rclpy_py/share/example_mode_with_rclpy_py/hook/ament_prefix_path.dsv'
[4.267s] INFO:colcon.colcon_core.shell:Creating environment hook '/home/mikks/ros2_px4_ws/install/example_mode_with_rclpy_py/share/example_mode_with_rclpy_py/hook/ament_prefix_path.sh'
[4.267s] INFO:colcon.colcon_core.shell:Skip shell extension 'powershell' for command environment: Not usable outside of PowerShell
[4.267s] DEBUG:colcon.colcon_core.shell:Skip shell extension 'dsv' for command environment
[4.542s] INFO:colcon.colcon_core.task.python.build:Building Python package in '/home/mikks/ros2_px4_ws/src/px4-ros2-interface-lib/examples/python/modes/goto'
[4.542s] INFO:colcon.colcon_core.shell:Skip shell extension 'powershell' for command environment: Not usable outside of PowerShell
[4.542s] DEBUG:colcon.colcon_core.shell:Skip shell extension 'dsv' for command environment
[4.796s] INFO:colcon.colcon_core.task.python.build:Building Python package in '/home/mikks/ros2_px4_ws/src/px4-ros2-interface-lib/examples/python/modes/goto_with_rclpy'
[4.796s] INFO:colcon.colcon_core.shell:Skip shell extension 'powershell' for command environment: Not usable outside of PowerShell
[4.796s] DEBUG:colcon.colcon_core.shell:Skip shell extension 'dsv' for command environment
[4.804s] DEBUG:colcon.colcon_core.event_handler.log_command:Invoking command in '/home/mikks/ros2_px4_ws/build/x500_hover_controller': CMAKE_PREFIX_PATH=/home/mikks/ros2_px4_ws/install/px4_msgs:/home/mikks/ros2_px4_ws/install/px4_ros_com:/home/mikks/ros2_px4_ws/install/px4_ros2_py:/home/mikks/ros2_px4_ws/install/example_rover_velocity_mode_cpp:/home/mikks/ros2_px4_ws/install/example_mode_with_executor_cpp:/home/mikks/ros2_px4_ws/install/example_mode_vtol_cpp:/home/mikks/ros2_px4_ws/install/example_mode_rtl_replacement_cpp:/home/mikks/ros2_px4_ws/install/example_mode_mission_cpp:/home/mikks/ros2_px4_ws/install/example_mode_manual_cpp:/home/mikks/ros2_px4_ws/install/example_mode_goto_global_cpp:/home/mikks/ros2_px4_ws/install/example_mode_goto_cpp:/home/mikks/ros2_px4_ws/install/example_mode_fw_attitude_cpp:/home/mikks/ros2_px4_ws/install/example_local_navigation_cpp:/home/mikks/ros2_px4_ws/install/example_global_navigation_cpp:/home/mikks/ros2_px4_ws/install/example_executor_with_multiple_modes_cpp:/home/mikks/ros2_px4_ws/install/px4_ros2_cpp:/home/mikks/crazyflie_mapping_demo/ros2_ws/install/crazyflie_ros2_multiranger_bringup:/home/mikks/crazyflie_mapping_demo/ros2_ws/install/ros_gz_crazyflie_bringup:/home/mikks/crazyflie_mapping_demo/ros2_ws/install/ros_gz_crazyflie_gazebo:/home/mikks/crazyflie_mapping_demo/ros2_ws/install/crazyflie_sim:/home/mikks/crazyflie_mapping_demo/ros2_ws/install/crazyflie_examples:/home/mikks/crazyflie_mapping_demo/ros2_ws/install/crazyflie:/home/mikks/crazyflie_mapping_demo/ros2_ws/install/crazyflie_interfaces:/opt/ros/jazzy/opt/gz_sim_vendor:/opt/ros/jazzy/opt/gz_sensors_vendor:/opt/ros/jazzy/opt/gz_physics_vendor:/opt/ros/jazzy/opt/sdformat_vendor:/opt/ros/jazzy/opt/gz_gui_vendor:/opt/ros/jazzy/opt/gz_transport_vendor:/opt/ros/jazzy/opt/gz_rendering_vendor:/opt/ros/jazzy/opt/gz_plugin_vendor:/opt/ros/jazzy/opt/gz_fuel_tools_vendor:/opt/ros/jazzy/opt/gz_msgs_vendor:/opt/ros/jazzy/opt/gz_common_vendor:/opt/ros/jazzy/opt/gz_math_vendor:/opt/ros/jazzy/opt/gz_utils_vendor:/opt/ros/jazzy/opt/gz_tools_vendor:/opt/ros/jazzy/opt/gz_ogre_next_vendor:/opt/ros/jazzy/opt/gz_dartsim_vendor:/opt/ros/jazzy/opt/gz_cmake_vendor DEBUGINFOD_URLS=https://debuginfod.ubuntu.com LD_LIBRARY_PATH=/home/mikks/ros2_px4_ws/install/px4_msgs/lib:/home/mikks/ros2_px4_ws/install/px4_ros_com/lib:/home/mikks/ros2_px4_ws/install/px4_ros2_cpp/lib:/home/mikks/NatNet_SDK_4.3_ubuntu/lib:/home/mikks/crazyflie_mapping_demo/ros2_ws/install/crazyflie_interfaces/lib:/opt/ros/jazzy/opt/gz_sim_vendor/lib:/opt/ros/jazzy/opt/gz_sensors_vendor/lib:/opt/ros/jazzy/opt/gz_physics_vendor/lib:/opt/ros/jazzy/opt/sdformat_vendor/lib:/opt/ros/jazzy/opt/rviz_ogre_vendor/lib:/opt/ros/jazzy/lib/x86_64-linux-gnu:/opt/ros/jazzy/opt/gz_gui_vendor/lib:/opt/ros/jazzy/opt/gz_transport_vendor/lib:/opt/ros/jazzy/opt/gz_rendering_vendor/lib:/opt/ros/jazzy/opt/gz_plugin_vendor/lib:/opt/ros/jazzy/opt/gz_fuel_tools_vendor/lib:/opt/ros/jazzy/opt/gz_msgs_vendor/lib:/opt/ros/jazzy/opt/gz_common_vendor/lib:/opt/ros/jazzy/opt/gz_math_vendor/lib:/opt/ros/jazzy/opt/gz_utils_vendor/lib:/opt/ros/jazzy/opt/gz_tools_vendor/lib:/opt/ros/jazzy/opt/gz_ogre_next_vendor/lib:/opt/ros/jazzy/opt/gz_dartsim_vendor/lib:/opt/ros/jazzy/opt/gz_cmake_vendor/lib:/opt/ros/jazzy/lib PYTHONPATH=/home/mikks/ros2_px4_ws/build/x500_hover_controller/prefix_override:/usr/lib/python3/dist-packages/colcon_core/task/python/colcon_distutils_commands:/home/mikks/ros2_px4_ws/install/x500_hover_controller/lib/python3.12/site-packages:/home/mikks/ros2_px4_ws/install/px4_msgs/lib/python3.12/site-packages:/home/mikks/ros2_px4_ws/build/x500_hover_controller:/home/mikks/ros2_px4_ws/install/x500_hover_controller/lib/python3.12/site-packages:/home/mikks/ros2_px4_ws/install/px4_ros_com/lib/python3.12/site-packages:/home/mikks/ros2_px4_ws/build/example_mode_with_rclpy_py:/home/mikks/ros2_px4_ws/install/example_mode_with_rclpy_py/lib/python3.12/site-packages:/home/mikks/ros2_px4_ws/build/example_mode_goto_py:/home/mikks/ros2_px4_ws/install/example_mode_goto_py/lib/python3.12/site-packages:/home/mikks/ros2_px4_ws/install/px4_ros2_py/lib/python3.12/site-packages:/home/mikks/ros2_px4_ws/build/px4_actuator_ctrl:/home/mikks/ros2_px4_ws/install/px4_actuator_ctrl/lib/python3.12/site-packages:/home/mikks/ros2_ws/build/rover_desc_description:/home/mikks/ros2_ws/install/rover_desc_description/lib/python3.12/site-packages:/home/mikks/ros2_ws/install/px4_actuator_ctrl/lib/python3.12/site-packages:/home/mikks/ros2_ws/build/mine_rover_description:/home/mikks/ros2_ws/install/mine_rover_description/lib/python3.12/site-packages:/home/mikks/ros2_ws/build/ZerionURDFV5cp_description:/home/mikks/ros2_ws/install/ZerionURDFV5cp_description/lib/python3.12/site-packages:/home/mikks/crazyflie_mapping_demo/ros2_ws/install/velocity_free_consensus/lib/python3.12/site-packages:/home/mikks/crazyflie_mapping_demo/ros2_ws/install/stepwise_lowpos/lib/python3.12/site-packages:/home/mikks/crazyflie_mapping_demo/ros2_ws/install/step_wise_lowpos/lib/python3.12/site-packages:/home/mikks/crazyflie_mapping_demo/ros2_ws/install/second_order_formation_control/lib/python3.12/site-packages:/home/mikks/crazyflie_mapping_demo/ros2_ws/install/ros_gz_crazyflie_control/lib/python3.12/site-packages:/home/mikks/crazyflie_mapping_demo/ros2_ws/install/mixed_fractional_consensus/lib/python3.12/site-packages:/home/mikks/crazyflie_mapping_demo/ros2_ws/install/lowest_pos/lib/python3.12/site-packages:/home/mikks/crazyflie_mapping_demo/ros2_ws/install/linear_consensus/lib/python3.12/site-packages:/home/mikks/crazyflie_mapping_demo/ros2_ws/install/highest_pos/lib/python3.12/site-packages:/home/mikks/crazyflie_mapping_demo/ros2_ws/install/fractional_consensus_alpha/lib/python3.12/site-packages:/home/mikks/crazyflie_mapping_demo/ros2_ws/install/event_triggered_swarm/lib/python3.12/site-packages:/home/mikks/crazyflie_mapping_demo/ros2_ws/install/drone_logger/lib/python3.12/site-packages:/home/mikks/crazyflie_mapping_demo/ros2_ws/install/distributed_average_tracking/lib/python3.12/site-packages:/home/mikks/crazyflie_mapping_demo/ros2_ws/install/crazyflie_swarm_logic/lib/python3.12/site-packages:/home/mikks/crazyflie_mapping_demo/ros2_ws/install/crazyflie_sim/lib/python3.12/site-packages:/home/mikks/crazyflie_mapping_demo/ros2_ws/install/crazyflie_ros2_multiranger_wall_following/lib/python3.12/site-packages:/home/mikks/crazyflie_mapping_demo/ros2_ws/install/crazyflie_ros2_multiranger_simple_mapper/lib/python3.12/site-packages:/home/mikks/crazyflie_mapping_demo/ros2_ws/install/crazyflie_examples/lib/python3.12/site-packages:/home/mikks/crazyflie_mapping_demo/ros2_ws/install/crazyflie_py/lib/python3.12/site-packages:/home/mikks/crazyflie_mapping_demo/ros2_ws/install/crazyflie_interfaces/lib/python3.12/site-packages:/home/mikks/crazyflie_mapping_demo/ros2_ws/install/cooperative_target_centric_formation/lib/python3.12/site-packages:/home/mikks/crazyflie_mapping_demo/ros2_ws/install/containment_using_agent_information/lib/python3.12/site-packages:/home/mikks/crazyflie_mapping_demo/ros2_ws/install/consensus_for_double_integrator/lib/python3.12/site-packages:/home/mikks/crazyflie_mapping_demo/ros2_ws/install/consensus_alignment/lib/python3.12/site-packages:/home/mikks/crazyflie_mapping_demo/ros2_ws/install/binary_consensus/lib/python3.12/site-packages:/home/mikks/crazyflie_mapping_demo/ros2_ws/install/Second_Order_Min_Consensus_for_Heterogeneous_Agents/lib/python3.12/site-packages:/home/mikks/crazyflie_mapping_demo/ros2_ws/install/BinaryContainmentChain/lib/python3.12/site-packages:/opt/ros/jazzy/lib/python3.12/site-packages /usr/bin/python3 -W ignore:setup.py install is deprecated -W ignore:easy_install command is deprecated setup.py develop --editable --build-directory /home/mikks/ros2_px4_ws/build/x500_hover_controller/build --no-deps symlink_data
[4.981s] Level 1:colcon.colcon_core.shell:create_environment_hook('px4_actuator_ctrl', 'pythonpath_develop')
[4.982s] INFO:colcon.colcon_core.shell:Creating environment hook '/home/mikks/ros2_px4_ws/build/px4_actuator_ctrl/share/px4_actuator_ctrl/hook/pythonpath_develop.ps1'
[4.982s] DEBUG:colcon.colcon_core.event_handler.log_command:Invoked command in '/home/mikks/ros2_px4_ws/build/px4_actuator_ctrl' returned '0': CMAKE_PREFIX_PATH=/home/mikks/ros2_px4_ws/install/px4_msgs:/home/mikks/ros2_px4_ws/install/px4_ros_com:/home/mikks/ros2_px4_ws/install/px4_ros2_py:/home/mikks/ros2_px4_ws/install/example_rover_velocity_mode_cpp:/home/mikks/ros2_px4_ws/install/example_mode_with_executor_cpp:/home/mikks/ros2_px4_ws/install/example_mode_vtol_cpp:/home/mikks/ros2_px4_ws/install/example_mode_rtl_replacement_cpp:/home/mikks/ros2_px4_ws/install/example_mode_mission_cpp:/home/mikks/ros2_px4_ws/install/example_mode_manual_cpp:/home/mikks/ros2_px4_ws/install/example_mode_goto_global_cpp:/home/mikks/ros2_px4_ws/install/example_mode_goto_cpp:/home/mikks/ros2_px4_ws/install/example_mode_fw_attitude_cpp:/home/mikks/ros2_px4_ws/install/example_local_navigation_cpp:/home/mikks/ros2_px4_ws/install/example_global_navigation_cpp:/home/mikks/ros2_px4_ws/install/example_executor_with_multiple_modes_cpp:/home/mikks/ros2_px4_ws/install/px4_ros2_cpp:/home/mikks/crazyflie_mapping_demo/ros2_ws/install/crazyflie_ros2_multiranger_bringup:/home/mikks/crazyflie_mapping_demo/ros2_ws/install/ros_gz_crazyflie_bringup:/home/mikks/crazyflie_mapping_demo/ros2_ws/install/ros_gz_crazyflie_gazebo:/home/mikks/crazyflie_mapping_demo/ros2_ws/install/crazyflie_sim:/home/mikks/crazyflie_mapping_demo/ros2_ws/install/crazyflie_examples:/home/mikks/crazyflie_mapping_demo/ros2_ws/install/crazyflie:/home/mikks/crazyflie_mapping_demo/ros2_ws/install/crazyflie_interfaces:/opt/ros/jazzy/opt/gz_sim_vendor:/opt/ros/jazzy/opt/gz_sensors_vendor:/opt/ros/jazzy/opt/gz_physics_vendor:/opt/ros/jazzy/opt/sdformat_vendor:/opt/ros/jazzy/opt/gz_gui_vendor:/opt/ros/jazzy/opt/gz_transport_vendor:/opt/ros/jazzy/opt/gz_rendering_vendor:/opt/ros/jazzy/opt/gz_plugin_vendor:/opt/ros/jazzy/opt/gz_fuel_tools_vendor:/opt/ros/jazzy/opt/gz_msgs_vendor:/opt/ros/jazzy/opt/gz_common_vendor:/opt/ros/jazzy/opt/gz_math_vendor:/opt/ros/jazzy/opt/gz_utils_vendor:/opt/ros/jazzy/opt/gz_tools_vendor:/opt/ros/jazzy/opt/gz_ogre_next_vendor:/opt/ros/jazzy/opt/gz_dartsim_vendor:/opt/ros/jazzy/opt/gz_cmake_vendor DEBUGINFOD_URLS=https://debuginfod.ubuntu.com LD_LIBRARY_PATH=/home/mikks/ros2_px4_ws/install/px4_msgs/lib:/home/mikks/ros2_px4_ws/install/px4_ros_com/lib:/home/mikks/ros2_px4_ws/install/px4_ros2_cpp/lib:/home/mikks/NatNet_SDK_4.3_ubuntu/lib:/home/mikks/crazyflie_mapping_demo/ros2_ws/install/crazyflie_interfaces/lib:/opt/ros/jazzy/opt/gz_sim_vendor/lib:/opt/ros/jazzy/opt/gz_sensors_vendor/lib:/opt/ros/jazzy/opt/gz_physics_vendor/lib:/opt/ros/jazzy/opt/sdformat_vendor/lib:/opt/ros/jazzy/opt/rviz_ogre_vendor/lib:/opt/ros/jazzy/lib/x86_64-linux-gnu:/opt/ros/jazzy/opt/gz_gui_vendor/lib:/opt/ros/jazzy/opt/gz_transport_vendor/lib:/opt/ros/jazzy/opt/gz_rendering_vendor/lib:/opt/ros/jazzy/opt/gz_plugin_vendor/lib:/opt/ros/jazzy/opt/gz_fuel_tools_vendor/lib:/opt/ros/jazzy/opt/gz_msgs_vendor/lib:/opt/ros/jazzy/opt/gz_common_vendor/lib:/opt/ros/jazzy/opt/gz_math_vendor/lib:/opt/ros/jazzy/opt/gz_utils_vendor/lib:/opt/ros/jazzy/opt/gz_tools_vendor/lib:/opt/ros/jazzy/opt/gz_ogre_next_vendor/lib:/opt/ros/jazzy/opt/gz_dartsim_vendor/lib:/opt/ros/jazzy/opt/gz_cmake_vendor/lib:/opt/ros/jazzy/lib PYTHONPATH=/home/mikks/ros2_px4_ws/build/px4_actuator_ctrl/prefix_override:/usr/lib/python3/dist-packages/colcon_core/task/python/colcon_distutils_commands:/home/mikks/ros2_px4_ws/install/px4_actuator_ctrl/lib/python3.12/site-packages:/home/mikks/ros2_px4_ws/install/px4_msgs/lib/python3.12/site-packages:/home/mikks/ros2_px4_ws/build/x500_hover_controller:/home/mikks/ros2_px4_ws/install/x500_hover_controller/lib/python3.12/site-packages:/home/mikks/ros2_px4_ws/install/px4_ros_com/lib/python3.12/site-packages:/home/mikks/ros2_px4_ws/build/example_mode_with_rclpy_py:/home/mikks/ros2_px4_ws/install/example_mode_with_rclpy_py/lib/python3.12/site-packages:/home/mikks/ros2_px4_ws/build/example_mode_goto_py:/home/mikks/ros2_px4_ws/install/example_mode_goto_py/lib/python3.12/site-packages:/home/mikks/ros2_px4_ws/install/px4_ros2_py/lib/python3.12/site-packages:/home/mikks/ros2_px4_ws/build/px4_actuator_ctrl:/home/mikks/ros2_px4_ws/install/px4_actuator_ctrl/lib/python3.12/site-packages:/home/mikks/ros2_ws/build/rover_desc_description:/home/mikks/ros2_ws/install/rover_desc_description/lib/python3.12/site-packages:/home/mikks/ros2_ws/install/px4_actuator_ctrl/lib/python3.12/site-packages:/home/mikks/ros2_ws/build/mine_rover_description:/home/mikks/ros2_ws/install/mine_rover_description/lib/python3.12/site-packages:/home/mikks/ros2_ws/build/ZerionURDFV5cp_description:/home/mikks/ros2_ws/install/ZerionURDFV5cp_description/lib/python3.12/site-packages:/home/mikks/crazyflie_mapping_demo/ros2_ws/install/velocity_free_consensus/lib/python3.12/site-packages:/home/mikks/crazyflie_mapping_demo/ros2_ws/install/stepwise_lowpos/lib/python3.12/site-packages:/home/mikks/crazyflie_mapping_demo/ros2_ws/install/step_wise_lowpos/lib/python3.12/site-packages:/home/mikks/crazyflie_mapping_demo/ros2_ws/install/second_order_formation_control/lib/python3.12/site-packages:/home/mikks/crazyflie_mapping_demo/ros2_ws/install/ros_gz_crazyflie_control/lib/python3.12/site-packages:/home/mikks/crazyflie_mapping_demo/ros2_ws/install/mixed_fractional_consensus/lib/python3.12/site-packages:/home/mikks/crazyflie_mapping_demo/ros2_ws/install/lowest_pos/lib/python3.12/site-packages:/home/mikks/crazyflie_mapping_demo/ros2_ws/install/linear_consensus/lib/python3.12/site-packages:/home/mikks/crazyflie_mapping_demo/ros2_ws/install/highest_pos/lib/python3.12/site-packages:/home/mikks/crazyflie_mapping_demo/ros2_ws/install/fractional_consensus_alpha/lib/python3.12/site-packages:/home/mikks/crazyflie_mapping_demo/ros2_ws/install/event_triggered_swarm/lib/python3.12/site-packages:/home/mikks/crazyflie_mapping_demo/ros2_ws/install/drone_logger/lib/python3.12/site-packages:/home/mikks/crazyflie_mapping_demo/ros2_ws/install/distributed_average_tracking/lib/python3.12/site-packages:/home/mikks/crazyflie_mapping_demo/ros2_ws/install/crazyflie_swarm_logic/lib/python3.12/site-packages:/home/mikks/crazyflie_mapping_demo/ros2_ws/install/crazyflie_sim/lib/python3.12/site-packages:/home/mikks/crazyflie_mapping_demo/ros2_ws/install/crazyflie_ros2_multiranger_wall_following/lib/python3.12/site-packages:/home/mikks/crazyflie_mapping_demo/ros2_ws/install/crazyflie_ros2_multiranger_simple_mapper/lib/python3.12/site-packages:/home/mikks/crazyflie_mapping_demo/ros2_ws/install/crazyflie_examples/lib/python3.12/site-packages:/home/mikks/crazyflie_mapping_demo/ros2_ws/install/crazyflie_py/lib/python3.12/site-packages:/home/mikks/crazyflie_mapping_demo/ros2_ws/install/crazyflie_interfaces/lib/python3.12/site-packages:/home/mikks/crazyflie_mapping_demo/ros2_ws/install/cooperative_target_centric_formation/lib/python3.12/site-packages:/home/mikks/crazyflie_mapping_demo/ros2_ws/install/containment_using_agent_information/lib/python3.12/site-packages:/home/mikks/crazyflie_mapping_demo/ros2_ws/install/consensus_for_double_integrator/lib/python3.12/site-packages:/home/mikks/crazyflie_mapping_demo/ros2_ws/install/consensus_alignment/lib/python3.12/site-packages:/home/mikks/crazyflie_mapping_demo/ros2_ws/install/binary_consensus/lib/python3.12/site-packages:/home/mikks/crazyflie_mapping_demo/ros2_ws/install/Second_Order_Min_Consensus_for_Heterogeneous_Agents/lib/python3.12/site-packages:/home/mikks/crazyflie_mapping_demo/ros2_ws/install/BinaryContainmentChain/lib/python3.12/site-packages:/opt/ros/jazzy/lib/python3.12/site-packages /usr/bin/python3 -W ignore:setup.py install is deprecated -W ignore:easy_install command is deprecated setup.py develop --editable --build-directory /home/mikks/ros2_px4_ws/build/px4_actuator_ctrl/build --no-deps symlink_data
[4.982s] INFO:colcon.colcon_core.shell:Creating environment descriptor '/home/mikks/ros2_px4_ws/build/px4_actuator_ctrl/share/px4_actuator_ctrl/hook/pythonpath_develop.dsv'
[4.983s] INFO:colcon.colcon_core.shell:Creating environment hook '/home/mikks/ros2_px4_ws/build/px4_actuator_ctrl/share/px4_actuator_ctrl/hook/pythonpath_develop.sh'
[4.983s] Level 1:colcon.colcon_core.environment:checking '/home/mikks/ros2_px4_ws/install/px4_actuator_ctrl' for CMake module files
[4.983s] Level 1:colcon.colcon_core.environment:checking '/home/mikks/ros2_px4_ws/install/px4_actuator_ctrl' for CMake config files
[4.984s] Level 1:colcon.colcon_core.environment:checking '/home/mikks/ros2_px4_ws/install/px4_actuator_ctrl/lib'
[4.984s] Level 1:colcon.colcon_core.environment:checking '/home/mikks/ros2_px4_ws/install/px4_actuator_ctrl/bin'
[4.984s] Level 1:colcon.colcon_core.environment:checking '/home/mikks/ros2_px4_ws/install/px4_actuator_ctrl/lib/pkgconfig/px4_actuator_ctrl.pc'
[4.984s] Level 1:colcon.colcon_core.environment:checking '/home/mikks/ros2_px4_ws/install/px4_actuator_ctrl/lib/python3.12/site-packages'
[4.984s] Level 1:colcon.colcon_core.shell:create_environment_hook('px4_actuator_ctrl', 'pythonpath')
[4.984s] INFO:colcon.colcon_core.shell:Creating environment hook '/home/mikks/ros2_px4_ws/install/px4_actuator_ctrl/share/px4_actuator_ctrl/hook/pythonpath.ps1'
[4.985s] INFO:colcon.colcon_core.shell:Creating environment descriptor '/home/mikks/ros2_px4_ws/install/px4_actuator_ctrl/share/px4_actuator_ctrl/hook/pythonpath.dsv'
[4.985s] INFO:colcon.colcon_core.shell:Creating environment hook '/home/mikks/ros2_px4_ws/install/px4_actuator_ctrl/share/px4_actuator_ctrl/hook/pythonpath.sh'
[4.985s] Level 1:colcon.colcon_core.environment:checking '/home/mikks/ros2_px4_ws/install/px4_actuator_ctrl/bin'
[4.986s] Level 1:colcon.colcon_core.environment:create_environment_scripts_only(px4_actuator_ctrl)
[4.986s] INFO:colcon.colcon_core.shell:Creating package script '/home/mikks/ros2_px4_ws/install/px4_actuator_ctrl/share/px4_actuator_ctrl/package.ps1'
[4.986s] INFO:colcon.colcon_core.shell:Creating package descriptor '/home/mikks/ros2_px4_ws/install/px4_actuator_ctrl/share/px4_actuator_ctrl/package.dsv'
[4.987s] INFO:colcon.colcon_core.shell:Creating package script '/home/mikks/ros2_px4_ws/install/px4_actuator_ctrl/share/px4_actuator_ctrl/package.sh'
[4.987s] INFO:colcon.colcon_core.shell:Creating package script '/home/mikks/ros2_px4_ws/install/px4_actuator_ctrl/share/px4_actuator_ctrl/package.bash'
[4.987s] INFO:colcon.colcon_core.shell:Creating package script '/home/mikks/ros2_px4_ws/install/px4_actuator_ctrl/share/px4_actuator_ctrl/package.zsh'
[4.987s] Level 1:colcon.colcon_core.environment:create_file_with_runtime_dependencies(/home/mikks/ros2_px4_ws/install/px4_actuator_ctrl/share/colcon-core/packages/px4_actuator_ctrl)
[5.516s] DEBUG:colcon.colcon_core.event_handler.log_command:Invoking command in '/home/mikks/ros2_px4_ws/build/example_mode_goto_py': CMAKE_PREFIX_PATH=/home/mikks/ros2_px4_ws/install/px4_ros2_py:/home/mikks/ros2_px4_ws/install/px4_ros2_cpp:/home/mikks/ros2_px4_ws/install/px4_msgs:/home/mikks/ros2_px4_ws/install/px4_ros_com:/home/mikks/ros2_px4_ws/install/example_rover_velocity_mode_cpp:/home/mikks/ros2_px4_ws/install/example_mode_with_executor_cpp:/home/mikks/ros2_px4_ws/install/example_mode_vtol_cpp:/home/mikks/ros2_px4_ws/install/example_mode_rtl_replacement_cpp:/home/mikks/ros2_px4_ws/install/example_mode_mission_cpp:/home/mikks/ros2_px4_ws/install/example_mode_manual_cpp:/home/mikks/ros2_px4_ws/install/example_mode_goto_global_cpp:/home/mikks/ros2_px4_ws/install/example_mode_goto_cpp:/home/mikks/ros2_px4_ws/install/example_mode_fw_attitude_cpp:/home/mikks/ros2_px4_ws/install/example_local_navigation_cpp:/home/mikks/ros2_px4_ws/install/example_global_navigation_cpp:/home/mikks/ros2_px4_ws/install/example_executor_with_multiple_modes_cpp:/home/mikks/crazyflie_mapping_demo/ros2_ws/install/crazyflie_ros2_multiranger_bringup:/home/mikks/crazyflie_mapping_demo/ros2_ws/install/ros_gz_crazyflie_bringup:/home/mikks/crazyflie_mapping_demo/ros2_ws/install/ros_gz_crazyflie_gazebo:/home/mikks/crazyflie_mapping_demo/ros2_ws/install/crazyflie_sim:/home/mikks/crazyflie_mapping_demo/ros2_ws/install/crazyflie_examples:/home/mikks/crazyflie_mapping_demo/ros2_ws/install/crazyflie:/home/mikks/crazyflie_mapping_demo/ros2_ws/install/crazyflie_interfaces:/opt/ros/jazzy/opt/gz_sim_vendor:/opt/ros/jazzy/opt/gz_sensors_vendor:/opt/ros/jazzy/opt/gz_physics_vendor:/opt/ros/jazzy/opt/sdformat_vendor:/opt/ros/jazzy/opt/gz_gui_vendor:/opt/ros/jazzy/opt/gz_transport_vendor:/opt/ros/jazzy/opt/gz_rendering_vendor:/opt/ros/jazzy/opt/gz_plugin_vendor:/opt/ros/jazzy/opt/gz_fuel_tools_vendor:/opt/ros/jazzy/opt/gz_msgs_vendor:/opt/ros/jazzy/opt/gz_common_vendor:/opt/ros/jazzy/opt/gz_math_vendor:/opt/ros/jazzy/opt/gz_utils_vendor:/opt/ros/jazzy/opt/gz_tools_vendor:/opt/ros/jazzy/opt/gz_ogre_next_vendor:/opt/ros/jazzy/opt/gz_dartsim_vendor:/opt/ros/jazzy/opt/gz_cmake_vendor DEBUGINFOD_URLS=https://debuginfod.ubuntu.com LD_LIBRARY_PATH=/home/mikks/ros2_px4_ws/install/px4_ros2_cpp/lib:/home/mikks/ros2_px4_ws/install/px4_msgs/lib:/home/mikks/ros2_px4_ws/install/px4_ros_com/lib:/home/mikks/NatNet_SDK_4.3_ubuntu/lib:/home/mikks/crazyflie_mapping_demo/ros2_ws/install/crazyflie_interfaces/lib:/opt/ros/jazzy/opt/gz_sim_vendor/lib:/opt/ros/jazzy/opt/gz_sensors_vendor/lib:/opt/ros/jazzy/opt/gz_physics_vendor/lib:/opt/ros/jazzy/opt/sdformat_vendor/lib:/opt/ros/jazzy/opt/rviz_ogre_vendor/lib:/opt/ros/jazzy/lib/x86_64-linux-gnu:/opt/ros/jazzy/opt/gz_gui_vendor/lib:/opt/ros/jazzy/opt/gz_transport_vendor/lib:/opt/ros/jazzy/opt/gz_rendering_vendor/lib:/opt/ros/jazzy/opt/gz_plugin_vendor/lib:/opt/ros/jazzy/opt/gz_fuel_tools_vendor/lib:/opt/ros/jazzy/opt/gz_msgs_vendor/lib:/opt/ros/jazzy/opt/gz_common_vendor/lib:/opt/ros/jazzy/opt/gz_math_vendor/lib:/opt/ros/jazzy/opt/gz_utils_vendor/lib:/opt/ros/jazzy/opt/gz_tools_vendor/lib:/opt/ros/jazzy/opt/gz_ogre_next_vendor/lib:/opt/ros/jazzy/opt/gz_dartsim_vendor/lib:/opt/ros/jazzy/opt/gz_cmake_vendor/lib:/opt/ros/jazzy/lib PYTHONPATH=/home/mikks/ros2_px4_ws/build/example_mode_goto_py/prefix_override:/usr/lib/python3/dist-packages/colcon_core/task/python/colcon_distutils_commands:/home/mikks/ros2_px4_ws/install/example_mode_goto_py/lib/python3.12/site-packages:/home/mikks/ros2_px4_ws/install/px4_ros2_py/lib/python3.12/site-packages:/home/mikks/ros2_px4_ws/install/px4_msgs/lib/python3.12/site-packages:/home/mikks/ros2_px4_ws/build/x500_hover_controller:/home/mikks/ros2_px4_ws/install/x500_hover_controller/lib/python3.12/site-packages:/home/mikks/ros2_px4_ws/install/px4_ros_com/lib/python3.12/site-packages:/home/mikks/ros2_px4_ws/build/example_mode_with_rclpy_py:/home/mikks/ros2_px4_ws/install/example_mode_with_rclpy_py/lib/python3.12/site-packages:/home/mikks/ros2_px4_ws/build/example_mode_goto_py:/home/mikks/ros2_px4_ws/install/example_mode_goto_py/lib/python3.12/site-packages:/home/mikks/ros2_px4_ws/build/px4_actuator_ctrl:/home/mikks/ros2_px4_ws/install/px4_actuator_ctrl/lib/python3.12/site-packages:/home/mikks/ros2_ws/build/rover_desc_description:/home/mikks/ros2_ws/install/rover_desc_description/lib/python3.12/site-packages:/home/mikks/ros2_ws/install/px4_actuator_ctrl/lib/python3.12/site-packages:/home/mikks/ros2_ws/build/mine_rover_description:/home/mikks/ros2_ws/install/mine_rover_description/lib/python3.12/site-packages:/home/mikks/ros2_ws/build/ZerionURDFV5cp_description:/home/mikks/ros2_ws/install/ZerionURDFV5cp_description/lib/python3.12/site-packages:/home/mikks/crazyflie_mapping_demo/ros2_ws/install/velocity_free_consensus/lib/python3.12/site-packages:/home/mikks/crazyflie_mapping_demo/ros2_ws/install/stepwise_lowpos/lib/python3.12/site-packages:/home/mikks/crazyflie_mapping_demo/ros2_ws/install/step_wise_lowpos/lib/python3.12/site-packages:/home/mikks/crazyflie_mapping_demo/ros2_ws/install/second_order_formation_control/lib/python3.12/site-packages:/home/mikks/crazyflie_mapping_demo/ros2_ws/install/ros_gz_crazyflie_control/lib/python3.12/site-packages:/home/mikks/crazyflie_mapping_demo/ros2_ws/install/mixed_fractional_consensus/lib/python3.12/site-packages:/home/mikks/crazyflie_mapping_demo/ros2_ws/install/lowest_pos/lib/python3.12/site-packages:/home/mikks/crazyflie_mapping_demo/ros2_ws/install/linear_consensus/lib/python3.12/site-packages:/home/mikks/crazyflie_mapping_demo/ros2_ws/install/highest_pos/lib/python3.12/site-packages:/home/mikks/crazyflie_mapping_demo/ros2_ws/install/fractional_consensus_alpha/lib/python3.12/site-packages:/home/mikks/crazyflie_mapping_demo/ros2_ws/install/event_triggered_swarm/lib/python3.12/site-packages:/home/mikks/crazyflie_mapping_demo/ros2_ws/install/drone_logger/lib/python3.12/site-packages:/home/mikks/crazyflie_mapping_demo/ros2_ws/install/distributed_average_tracking/lib/python3.12/site-packages:/home/mikks/crazyflie_mapping_demo/ros2_ws/install/crazyflie_swarm_logic/lib/python3.12/site-packages:/home/mikks/crazyflie_mapping_demo/ros2_ws/install/crazyflie_sim/lib/python3.12/site-packages:/home/mikks/crazyflie_mapping_demo/ros2_ws/install/crazyflie_ros2_multiranger_wall_following/lib/python3.12/site-packages:/home/mikks/crazyflie_mapping_demo/ros2_ws/install/crazyflie_ros2_multiranger_simple_mapper/lib/python3.12/site-packages:/home/mikks/crazyflie_mapping_demo/ros2_ws/install/crazyflie_examples/lib/python3.12/site-packages:/home/mikks/crazyflie_mapping_demo/ros2_ws/install/crazyflie_py/lib/python3.12/site-packages:/home/mikks/crazyflie_mapping_demo/ros2_ws/install/crazyflie_interfaces/lib/python3.12/site-packages:/home/mikks/crazyflie_mapping_demo/ros2_ws/install/cooperative_target_centric_formation/lib/python3.12/site-packages:/home/mikks/crazyflie_mapping_demo/ros2_ws/install/containment_using_agent_information/lib/python3.12/site-packages:/home/mikks/crazyflie_mapping_demo/ros2_ws/install/consensus_for_double_integrator/lib/python3.12/site-packages:/home/mikks/crazyflie_mapping_demo/ros2_ws/install/consensus_alignment/lib/python3.12/site-packages:/home/mikks/crazyflie_mapping_demo/ros2_ws/install/binary_consensus/lib/python3.12/site-packages:/home/mikks/crazyflie_mapping_demo/ros2_ws/install/Second_Order_Min_Consensus_for_Heterogeneous_Agents/lib/python3.12/site-packages:/home/mikks/crazyflie_mapping_demo/ros2_ws/install/BinaryContainmentChain/lib/python3.12/site-packages:/opt/ros/jazzy/lib/python3.12/site-packages /usr/bin/python3 -W ignore:setup.py install is deprecated -W ignore:easy_install command is deprecated setup.py develop --editable --build-directory /home/mikks/ros2_px4_ws/build/example_mode_goto_py/build --no-deps symlink_data
[5.530s] DEBUG:colcon.colcon_core.event_handler.log_command:Invoking command in '/home/mikks/ros2_px4_ws/build/example_mode_with_rclpy_py': CMAKE_PREFIX_PATH=/home/mikks/ros2_px4_ws/install/px4_ros2_py:/home/mikks/ros2_px4_ws/install/px4_ros2_cpp:/home/mikks/ros2_px4_ws/install/px4_msgs:/home/mikks/ros2_px4_ws/install/px4_ros_com:/home/mikks/ros2_px4_ws/install/example_rover_velocity_mode_cpp:/home/mikks/ros2_px4_ws/install/example_mode_with_executor_cpp:/home/mikks/ros2_px4_ws/install/example_mode_vtol_cpp:/home/mikks/ros2_px4_ws/install/example_mode_rtl_replacement_cpp:/home/mikks/ros2_px4_ws/install/example_mode_mission_cpp:/home/mikks/ros2_px4_ws/install/example_mode_manual_cpp:/home/mikks/ros2_px4_ws/install/example_mode_goto_global_cpp:/home/mikks/ros2_px4_ws/install/example_mode_goto_cpp:/home/mikks/ros2_px4_ws/install/example_mode_fw_attitude_cpp:/home/mikks/ros2_px4_ws/install/example_local_navigation_cpp:/home/mikks/ros2_px4_ws/install/example_global_navigation_cpp:/home/mikks/ros2_px4_ws/install/example_executor_with_multiple_modes_cpp:/home/mikks/crazyflie_mapping_demo/ros2_ws/install/crazyflie_ros2_multiranger_bringup:/home/mikks/crazyflie_mapping_demo/ros2_ws/install/ros_gz_crazyflie_bringup:/home/mikks/crazyflie_mapping_demo/ros2_ws/install/ros_gz_crazyflie_gazebo:/home/mikks/crazyflie_mapping_demo/ros2_ws/install/crazyflie_sim:/home/mikks/crazyflie_mapping_demo/ros2_ws/install/crazyflie_examples:/home/mikks/crazyflie_mapping_demo/ros2_ws/install/crazyflie:/home/mikks/crazyflie_mapping_demo/ros2_ws/install/crazyflie_interfaces:/opt/ros/jazzy/opt/gz_sim_vendor:/opt/ros/jazzy/opt/gz_sensors_vendor:/opt/ros/jazzy/opt/gz_physics_vendor:/opt/ros/jazzy/opt/sdformat_vendor:/opt/ros/jazzy/opt/gz_gui_vendor:/opt/ros/jazzy/opt/gz_transport_vendor:/opt/ros/jazzy/opt/gz_rendering_vendor:/opt/ros/jazzy/opt/gz_plugin_vendor:/opt/ros/jazzy/opt/gz_fuel_tools_vendor:/opt/ros/jazzy/opt/gz_msgs_vendor:/opt/ros/jazzy/opt/gz_common_vendor:/opt/ros/jazzy/opt/gz_math_vendor:/opt/ros/jazzy/opt/gz_utils_vendor:/opt/ros/jazzy/opt/gz_tools_vendor:/opt/ros/jazzy/opt/gz_ogre_next_vendor:/opt/ros/jazzy/opt/gz_dartsim_vendor:/opt/ros/jazzy/opt/gz_cmake_vendor DEBUGINFOD_URLS=https://debuginfod.ubuntu.com LD_LIBRARY_PATH=/home/mikks/ros2_px4_ws/install/px4_ros2_cpp/lib:/home/mikks/ros2_px4_ws/install/px4_msgs/lib:/home/mikks/ros2_px4_ws/install/px4_ros_com/lib:/home/mikks/NatNet_SDK_4.3_ubuntu/lib:/home/mikks/crazyflie_mapping_demo/ros2_ws/install/crazyflie_interfaces/lib:/opt/ros/jazzy/opt/gz_sim_vendor/lib:/opt/ros/jazzy/opt/gz_sensors_vendor/lib:/opt/ros/jazzy/opt/gz_physics_vendor/lib:/opt/ros/jazzy/opt/sdformat_vendor/lib:/opt/ros/jazzy/opt/rviz_ogre_vendor/lib:/opt/ros/jazzy/lib/x86_64-linux-gnu:/opt/ros/jazzy/opt/gz_gui_vendor/lib:/opt/ros/jazzy/opt/gz_transport_vendor/lib:/opt/ros/jazzy/opt/gz_rendering_vendor/lib:/opt/ros/jazzy/opt/gz_plugin_vendor/lib:/opt/ros/jazzy/opt/gz_fuel_tools_vendor/lib:/opt/ros/jazzy/opt/gz_msgs_vendor/lib:/opt/ros/jazzy/opt/gz_common_vendor/lib:/opt/ros/jazzy/opt/gz_math_vendor/lib:/opt/ros/jazzy/opt/gz_utils_vendor/lib:/opt/ros/jazzy/opt/gz_tools_vendor/lib:/opt/ros/jazzy/opt/gz_ogre_next_vendor/lib:/opt/ros/jazzy/opt/gz_dartsim_vendor/lib:/opt/ros/jazzy/opt/gz_cmake_vendor/lib:/opt/ros/jazzy/lib PYTHONPATH=/home/mikks/ros2_px4_ws/build/example_mode_with_rclpy_py/prefix_override:/usr/lib/python3/dist-packages/colcon_core/task/python/colcon_distutils_commands:/home/mikks/ros2_px4_ws/install/example_mode_with_rclpy_py/lib/python3.12/site-packages:/home/mikks/ros2_px4_ws/install/px4_ros2_py/lib/python3.12/site-packages:/home/mikks/ros2_px4_ws/install/px4_msgs/lib/python3.12/site-packages:/home/mikks/ros2_px4_ws/build/x500_hover_controller:/home/mikks/ros2_px4_ws/install/x500_hover_controller/lib/python3.12/site-packages:/home/mikks/ros2_px4_ws/install/px4_ros_com/lib/python3.12/site-packages:/home/mikks/ros2_px4_ws/build/example_mode_with_rclpy_py:/home/mikks/ros2_px4_ws/install/example_mode_with_rclpy_py/lib/python3.12/site-packages:/home/mikks/ros2_px4_ws/build/example_mode_goto_py:/home/mikks/ros2_px4_ws/install/example_mode_goto_py/lib/python3.12/site-packages:/home/mikks/ros2_px4_ws/build/px4_actuator_ctrl:/home/mikks/ros2_px4_ws/install/px4_actuator_ctrl/lib/python3.12/site-packages:/home/mikks/ros2_ws/build/rover_desc_description:/home/mikks/ros2_ws/install/rover_desc_description/lib/python3.12/site-packages:/home/mikks/ros2_ws/install/px4_actuator_ctrl/lib/python3.12/site-packages:/home/mikks/ros2_ws/build/mine_rover_description:/home/mikks/ros2_ws/install/mine_rover_description/lib/python3.12/site-packages:/home/mikks/ros2_ws/build/ZerionURDFV5cp_description:/home/mikks/ros2_ws/install/ZerionURDFV5cp_description/lib/python3.12/site-packages:/home/mikks/crazyflie_mapping_demo/ros2_ws/install/velocity_free_consensus/lib/python3.12/site-packages:/home/mikks/crazyflie_mapping_demo/ros2_ws/install/stepwise_lowpos/lib/python3.12/site-packages:/home/mikks/crazyflie_mapping_demo/ros2_ws/install/step_wise_lowpos/lib/python3.12/site-packages:/home/mikks/crazyflie_mapping_demo/ros2_ws/install/second_order_formation_control/lib/python3.12/site-packages:/home/mikks/crazyflie_mapping_demo/ros2_ws/install/ros_gz_crazyflie_control/lib/python3.12/site-packages:/home/mikks/crazyflie_mapping_demo/ros2_ws/install/mixed_fractional_consensus/lib/python3.12/site-packages:/home/mikks/crazyflie_mapping_demo/ros2_ws/install/lowest_pos/lib/python3.12/site-packages:/home/mikks/crazyflie_mapping_demo/ros2_ws/install/linear_consensus/lib/python3.12/site-packages:/home/mikks/crazyflie_mapping_demo/ros2_ws/install/highest_pos/lib/python3.12/site-packages:/home/mikks/crazyflie_mapping_demo/ros2_ws/install/fractional_consensus_alpha/lib/python3.12/site-packages:/home/mikks/crazyflie_mapping_demo/ros2_ws/install/event_triggered_swarm/lib/python3.12/site-packages:/home/mikks/crazyflie_mapping_demo/ros2_ws/install/drone_logger/lib/python3.12/site-packages:/home/mikks/crazyflie_mapping_demo/ros2_ws/install/distributed_average_tracking/lib/python3.12/site-packages:/home/mikks/crazyflie_mapping_demo/ros2_ws/install/crazyflie_swarm_logic/lib/python3.12/site-packages:/home/mikks/crazyflie_mapping_demo/ros2_ws/install/crazyflie_sim/lib/python3.12/site-packages:/home/mikks/crazyflie_mapping_demo/ros2_ws/install/crazyflie_ros2_multiranger_wall_following/lib/python3.12/site-packages:/home/mikks/crazyflie_mapping_demo/ros2_ws/install/crazyflie_ros2_multiranger_simple_mapper/lib/python3.12/site-packages:/home/mikks/crazyflie_mapping_demo/ros2_ws/install/crazyflie_examples/lib/python3.12/site-packages:/home/mikks/crazyflie_mapping_demo/ros2_ws/install/crazyflie_py/lib/python3.12/site-packages:/home/mikks/crazyflie_mapping_demo/ros2_ws/install/crazyflie_interfaces/lib/python3.12/site-packages:/home/mikks/crazyflie_mapping_demo/ros2_ws/install/cooperative_target_centric_formation/lib/python3.12/site-packages:/home/mikks/crazyflie_mapping_demo/ros2_ws/install/containment_using_agent_information/lib/python3.12/site-packages:/home/mikks/crazyflie_mapping_demo/ros2_ws/install/consensus_for_double_integrator/lib/python3.12/site-packages:/home/mikks/crazyflie_mapping_demo/ros2_ws/install/consensus_alignment/lib/python3.12/site-packages:/home/mikks/crazyflie_mapping_demo/ros2_ws/install/binary_consensus/lib/python3.12/site-packages:/home/mikks/crazyflie_mapping_demo/ros2_ws/install/Second_Order_Min_Consensus_for_Heterogeneous_Agents/lib/python3.12/site-packages:/home/mikks/crazyflie_mapping_demo/ros2_ws/install/BinaryContainmentChain/lib/python3.12/site-packages:/opt/ros/jazzy/lib/python3.12/site-packages /usr/bin/python3 -W ignore:setup.py install is deprecated -W ignore:easy_install command is deprecated setup.py develop --editable --build-directory /home/mikks/ros2_px4_ws/build/example_mode_with_rclpy_py/build --no-deps symlink_data
[5.652s] Level 1:colcon.colcon_core.shell:create_environment_hook('x500_hover_controller', 'pythonpath_develop')
[5.652s] INFO:colcon.colcon_core.shell:Creating environment hook '/home/mikks/ros2_px4_ws/build/x500_hover_controller/share/x500_hover_controller/hook/pythonpath_develop.ps1'
[5.653s] DEBUG:colcon.colcon_core.event_handler.log_command:Invoked command in '/home/mikks/ros2_px4_ws/build/x500_hover_controller' returned '0': CMAKE_PREFIX_PATH=/home/mikks/ros2_px4_ws/install/px4_msgs:/home/mikks/ros2_px4_ws/install/px4_ros_com:/home/mikks/ros2_px4_ws/install/px4_ros2_py:/home/mikks/ros2_px4_ws/install/example_rover_velocity_mode_cpp:/home/mikks/ros2_px4_ws/install/example_mode_with_executor_cpp:/home/mikks/ros2_px4_ws/install/example_mode_vtol_cpp:/home/mikks/ros2_px4_ws/install/example_mode_rtl_replacement_cpp:/home/mikks/ros2_px4_ws/install/example_mode_mission_cpp:/home/mikks/ros2_px4_ws/install/example_mode_manual_cpp:/home/mikks/ros2_px4_ws/install/example_mode_goto_global_cpp:/home/mikks/ros2_px4_ws/install/example_mode_goto_cpp:/home/mikks/ros2_px4_ws/install/example_mode_fw_attitude_cpp:/home/mikks/ros2_px4_ws/install/example_local_navigation_cpp:/home/mikks/ros2_px4_ws/install/example_global_navigation_cpp:/home/mikks/ros2_px4_ws/install/example_executor_with_multiple_modes_cpp:/home/mikks/ros2_px4_ws/install/px4_ros2_cpp:/home/mikks/crazyflie_mapping_demo/ros2_ws/install/crazyflie_ros2_multiranger_bringup:/home/mikks/crazyflie_mapping_demo/ros2_ws/install/ros_gz_crazyflie_bringup:/home/mikks/crazyflie_mapping_demo/ros2_ws/install/ros_gz_crazyflie_gazebo:/home/mikks/crazyflie_mapping_demo/ros2_ws/install/crazyflie_sim:/home/mikks/crazyflie_mapping_demo/ros2_ws/install/crazyflie_examples:/home/mikks/crazyflie_mapping_demo/ros2_ws/install/crazyflie:/home/mikks/crazyflie_mapping_demo/ros2_ws/install/crazyflie_interfaces:/opt/ros/jazzy/opt/gz_sim_vendor:/opt/ros/jazzy/opt/gz_sensors_vendor:/opt/ros/jazzy/opt/gz_physics_vendor:/opt/ros/jazzy/opt/sdformat_vendor:/opt/ros/jazzy/opt/gz_gui_vendor:/opt/ros/jazzy/opt/gz_transport_vendor:/opt/ros/jazzy/opt/gz_rendering_vendor:/opt/ros/jazzy/opt/gz_plugin_vendor:/opt/ros/jazzy/opt/gz_fuel_tools_vendor:/opt/ros/jazzy/opt/gz_msgs_vendor:/opt/ros/jazzy/opt/gz_common_vendor:/opt/ros/jazzy/opt/gz_math_vendor:/opt/ros/jazzy/opt/gz_utils_vendor:/opt/ros/jazzy/opt/gz_tools_vendor:/opt/ros/jazzy/opt/gz_ogre_next_vendor:/opt/ros/jazzy/opt/gz_dartsim_vendor:/opt/ros/jazzy/opt/gz_cmake_vendor DEBUGINFOD_URLS=https://debuginfod.ubuntu.com LD_LIBRARY_PATH=/home/mikks/ros2_px4_ws/install/px4_msgs/lib:/home/mikks/ros2_px4_ws/install/px4_ros_com/lib:/home/mikks/ros2_px4_ws/install/px4_ros2_cpp/lib:/home/mikks/NatNet_SDK_4.3_ubuntu/lib:/home/mikks/crazyflie_mapping_demo/ros2_ws/install/crazyflie_interfaces/lib:/opt/ros/jazzy/opt/gz_sim_vendor/lib:/opt/ros/jazzy/opt/gz_sensors_vendor/lib:/opt/ros/jazzy/opt/gz_physics_vendor/lib:/opt/ros/jazzy/opt/sdformat_vendor/lib:/opt/ros/jazzy/opt/rviz_ogre_vendor/lib:/opt/ros/jazzy/lib/x86_64-linux-gnu:/opt/ros/jazzy/opt/gz_gui_vendor/lib:/opt/ros/jazzy/opt/gz_transport_vendor/lib:/opt/ros/jazzy/opt/gz_rendering_vendor/lib:/opt/ros/jazzy/opt/gz_plugin_vendor/lib:/opt/ros/jazzy/opt/gz_fuel_tools_vendor/lib:/opt/ros/jazzy/opt/gz_msgs_vendor/lib:/opt/ros/jazzy/opt/gz_common_vendor/lib:/opt/ros/jazzy/opt/gz_math_vendor/lib:/opt/ros/jazzy/opt/gz_utils_vendor/lib:/opt/ros/jazzy/opt/gz_tools_vendor/lib:/opt/ros/jazzy/opt/gz_ogre_next_vendor/lib:/opt/ros/jazzy/opt/gz_dartsim_vendor/lib:/opt/ros/jazzy/opt/gz_cmake_vendor/lib:/opt/ros/jazzy/lib PYTHONPATH=/home/mikks/ros2_px4_ws/build/x500_hover_controller/prefix_override:/usr/lib/python3/dist-packages/colcon_core/task/python/colcon_distutils_commands:/home/mikks/ros2_px4_ws/install/x500_hover_controller/lib/python3.12/site-packages:/home/mikks/ros2_px4_ws/install/px4_msgs/lib/python3.12/site-packages:/home/mikks/ros2_px4_ws/build/x500_hover_controller:/home/mikks/ros2_px4_ws/install/x500_hover_controller/lib/python3.12/site-packages:/home/mikks/ros2_px4_ws/install/px4_ros_com/lib/python3.12/site-packages:/home/mikks/ros2_px4_ws/build/example_mode_with_rclpy_py:/home/mikks/ros2_px4_ws/install/example_mode_with_rclpy_py/lib/python3.12/site-packages:/home/mikks/ros2_px4_ws/build/example_mode_goto_py:/home/mikks/ros2_px4_ws/install/example_mode_goto_py/lib/python3.12/site-packages:/home/mikks/ros2_px4_ws/install/px4_ros2_py/lib/python3.12/site-packages:/home/mikks/ros2_px4_ws/build/px4_actuator_ctrl:/home/mikks/ros2_px4_ws/install/px4_actuator_ctrl/lib/python3.12/site-packages:/home/mikks/ros2_ws/build/rover_desc_description:/home/mikks/ros2_ws/install/rover_desc_description/lib/python3.12/site-packages:/home/mikks/ros2_ws/install/px4_actuator_ctrl/lib/python3.12/site-packages:/home/mikks/ros2_ws/build/mine_rover_description:/home/mikks/ros2_ws/install/mine_rover_description/lib/python3.12/site-packages:/home/mikks/ros2_ws/build/ZerionURDFV5cp_description:/home/mikks/ros2_ws/install/ZerionURDFV5cp_description/lib/python3.12/site-packages:/home/mikks/crazyflie_mapping_demo/ros2_ws/install/velocity_free_consensus/lib/python3.12/site-packages:/home/mikks/crazyflie_mapping_demo/ros2_ws/install/stepwise_lowpos/lib/python3.12/site-packages:/home/mikks/crazyflie_mapping_demo/ros2_ws/install/step_wise_lowpos/lib/python3.12/site-packages:/home/mikks/crazyflie_mapping_demo/ros2_ws/install/second_order_formation_control/lib/python3.12/site-packages:/home/mikks/crazyflie_mapping_demo/ros2_ws/install/ros_gz_crazyflie_control/lib/python3.12/site-packages:/home/mikks/crazyflie_mapping_demo/ros2_ws/install/mixed_fractional_consensus/lib/python3.12/site-packages:/home/mikks/crazyflie_mapping_demo/ros2_ws/install/lowest_pos/lib/python3.12/site-packages:/home/mikks/crazyflie_mapping_demo/ros2_ws/install/linear_consensus/lib/python3.12/site-packages:/home/mikks/crazyflie_mapping_demo/ros2_ws/install/highest_pos/lib/python3.12/site-packages:/home/mikks/crazyflie_mapping_demo/ros2_ws/install/fractional_consensus_alpha/lib/python3.12/site-packages:/home/mikks/crazyflie_mapping_demo/ros2_ws/install/event_triggered_swarm/lib/python3.12/site-packages:/home/mikks/crazyflie_mapping_demo/ros2_ws/install/drone_logger/lib/python3.12/site-packages:/home/mikks/crazyflie_mapping_demo/ros2_ws/install/distributed_average_tracking/lib/python3.12/site-packages:/home/mikks/crazyflie_mapping_demo/ros2_ws/install/crazyflie_swarm_logic/lib/python3.12/site-packages:/home/mikks/crazyflie_mapping_demo/ros2_ws/install/crazyflie_sim/lib/python3.12/site-packages:/home/mikks/crazyflie_mapping_demo/ros2_ws/install/crazyflie_ros2_multiranger_wall_following/lib/python3.12/site-packages:/home/mikks/crazyflie_mapping_demo/ros2_ws/install/crazyflie_ros2_multiranger_simple_mapper/lib/python3.12/site-packages:/home/mikks/crazyflie_mapping_demo/ros2_ws/install/crazyflie_examples/lib/python3.12/site-packages:/home/mikks/crazyflie_mapping_demo/ros2_ws/install/crazyflie_py/lib/python3.12/site-packages:/home/mikks/crazyflie_mapping_demo/ros2_ws/install/crazyflie_interfaces/lib/python3.12/site-packages:/home/mikks/crazyflie_mapping_demo/ros2_ws/install/cooperative_target_centric_formation/lib/python3.12/site-packages:/home/mikks/crazyflie_mapping_demo/ros2_ws/install/containment_using_agent_information/lib/python3.12/site-packages:/home/mikks/crazyflie_mapping_demo/ros2_ws/install/consensus_for_double_integrator/lib/python3.12/site-packages:/home/mikks/crazyflie_mapping_demo/ros2_ws/install/consensus_alignment/lib/python3.12/site-packages:/home/mikks/crazyflie_mapping_demo/ros2_ws/install/binary_consensus/lib/python3.12/site-packages:/home/mikks/crazyflie_mapping_demo/ros2_ws/install/Second_Order_Min_Consensus_for_Heterogeneous_Agents/lib/python3.12/site-packages:/home/mikks/crazyflie_mapping_demo/ros2_ws/install/BinaryContainmentChain/lib/python3.12/site-packages:/opt/ros/jazzy/lib/python3.12/site-packages /usr/bin/python3 -W ignore:setup.py install is deprecated -W ignore:easy_install command is deprecated setup.py develop --editable --build-directory /home/mikks/ros2_px4_ws/build/x500_hover_controller/build --no-deps symlink_data
[5.653s] INFO:colcon.colcon_core.shell:Creating environment descriptor '/home/mikks/ros2_px4_ws/build/x500_hover_controller/share/x500_hover_controller/hook/pythonpath_develop.dsv'
[5.654s] INFO:colcon.colcon_core.shell:Creating environment hook '/home/mikks/ros2_px4_ws/build/x500_hover_controller/share/x500_hover_controller/hook/pythonpath_develop.sh'
[5.654s] Level 1:colcon.colcon_core.environment:checking '/home/mikks/ros2_px4_ws/install/x500_hover_controller' for CMake module files
[5.655s] Level 1:colcon.colcon_core.environment:checking '/home/mikks/ros2_px4_ws/install/x500_hover_controller' for CMake config files
[5.656s] Level 1:colcon.colcon_core.environment:checking '/home/mikks/ros2_px4_ws/install/x500_hover_controller/lib'
[5.656s] Level 1:colcon.colcon_core.environment:checking '/home/mikks/ros2_px4_ws/install/x500_hover_controller/bin'
[5.656s] Level 1:colcon.colcon_core.environment:checking '/home/mikks/ros2_px4_ws/install/x500_hover_controller/lib/pkgconfig/x500_hover_controller.pc'
[5.656s] Level 1:colcon.colcon_core.environment:checking '/home/mikks/ros2_px4_ws/install/x500_hover_controller/lib/python3.12/site-packages'
[5.656s] Level 1:colcon.colcon_core.shell:create_environment_hook('x500_hover_controller', 'pythonpath')
[5.656s] INFO:colcon.colcon_core.shell:Creating environment hook '/home/mikks/ros2_px4_ws/install/x500_hover_controller/share/x500_hover_controller/hook/pythonpath.ps1'
[5.657s] INFO:colcon.colcon_core.shell:Creating environment descriptor '/home/mikks/ros2_px4_ws/install/x500_hover_controller/share/x500_hover_controller/hook/pythonpath.dsv'
[5.657s] INFO:colcon.colcon_core.shell:Creating environment hook '/home/mikks/ros2_px4_ws/install/x500_hover_controller/share/x500_hover_controller/hook/pythonpath.sh'
[5.658s] Level 1:colcon.colcon_core.environment:checking '/home/mikks/ros2_px4_ws/install/x500_hover_controller/bin'
[5.658s] Level 1:colcon.colcon_core.environment:create_environment_scripts_only(x500_hover_controller)
[5.658s] INFO:colcon.colcon_core.shell:Creating package script '/home/mikks/ros2_px4_ws/install/x500_hover_controller/share/x500_hover_controller/package.ps1'
[5.659s] INFO:colcon.colcon_core.shell:Creating package descriptor '/home/mikks/ros2_px4_ws/install/x500_hover_controller/share/x500_hover_controller/package.dsv'
[5.659s] INFO:colcon.colcon_core.shell:Creating package script '/home/mikks/ros2_px4_ws/install/x500_hover_controller/share/x500_hover_controller/package.sh'
[5.660s] INFO:colcon.colcon_core.shell:Creating package script '/home/mikks/ros2_px4_ws/install/x500_hover_controller/share/x500_hover_controller/package.bash'
[5.661s] INFO:colcon.colcon_core.shell:Creating package script '/home/mikks/ros2_px4_ws/install/x500_hover_controller/share/x500_hover_controller/package.zsh'
[5.661s] Level 1:colcon.colcon_core.environment:create_file_with_runtime_dependencies(/home/mikks/ros2_px4_ws/install/x500_hover_controller/share/colcon-core/packages/x500_hover_controller)
[6.310s] Level 1:colcon.colcon_core.shell:create_environment_hook('example_mode_goto_py', 'pythonpath_develop')
[6.310s] INFO:colcon.colcon_core.shell:Creating environment hook '/home/mikks/ros2_px4_ws/build/example_mode_goto_py/share/example_mode_goto_py/hook/pythonpath_develop.ps1'
[6.311s] DEBUG:colcon.colcon_core.event_handler.log_command:Invoked command in '/home/mikks/ros2_px4_ws/build/example_mode_goto_py' returned '0': CMAKE_PREFIX_PATH=/home/mikks/ros2_px4_ws/install/px4_ros2_py:/home/mikks/ros2_px4_ws/install/px4_ros2_cpp:/home/mikks/ros2_px4_ws/install/px4_msgs:/home/mikks/ros2_px4_ws/install/px4_ros_com:/home/mikks/ros2_px4_ws/install/example_rover_velocity_mode_cpp:/home/mikks/ros2_px4_ws/install/example_mode_with_executor_cpp:/home/mikks/ros2_px4_ws/install/example_mode_vtol_cpp:/home/mikks/ros2_px4_ws/install/example_mode_rtl_replacement_cpp:/home/mikks/ros2_px4_ws/install/example_mode_mission_cpp:/home/mikks/ros2_px4_ws/install/example_mode_manual_cpp:/home/mikks/ros2_px4_ws/install/example_mode_goto_global_cpp:/home/mikks/ros2_px4_ws/install/example_mode_goto_cpp:/home/mikks/ros2_px4_ws/install/example_mode_fw_attitude_cpp:/home/mikks/ros2_px4_ws/install/example_local_navigation_cpp:/home/mikks/ros2_px4_ws/install/example_global_navigation_cpp:/home/mikks/ros2_px4_ws/install/example_executor_with_multiple_modes_cpp:/home/mikks/crazyflie_mapping_demo/ros2_ws/install/crazyflie_ros2_multiranger_bringup:/home/mikks/crazyflie_mapping_demo/ros2_ws/install/ros_gz_crazyflie_bringup:/home/mikks/crazyflie_mapping_demo/ros2_ws/install/ros_gz_crazyflie_gazebo:/home/mikks/crazyflie_mapping_demo/ros2_ws/install/crazyflie_sim:/home/mikks/crazyflie_mapping_demo/ros2_ws/install/crazyflie_examples:/home/mikks/crazyflie_mapping_demo/ros2_ws/install/crazyflie:/home/mikks/crazyflie_mapping_demo/ros2_ws/install/crazyflie_interfaces:/opt/ros/jazzy/opt/gz_sim_vendor:/opt/ros/jazzy/opt/gz_sensors_vendor:/opt/ros/jazzy/opt/gz_physics_vendor:/opt/ros/jazzy/opt/sdformat_vendor:/opt/ros/jazzy/opt/gz_gui_vendor:/opt/ros/jazzy/opt/gz_transport_vendor:/opt/ros/jazzy/opt/gz_rendering_vendor:/opt/ros/jazzy/opt/gz_plugin_vendor:/opt/ros/jazzy/opt/gz_fuel_tools_vendor:/opt/ros/jazzy/opt/gz_msgs_vendor:/opt/ros/jazzy/opt/gz_common_vendor:/opt/ros/jazzy/opt/gz_math_vendor:/opt/ros/jazzy/opt/gz_utils_vendor:/opt/ros/jazzy/opt/gz_tools_vendor:/opt/ros/jazzy/opt/gz_ogre_next_vendor:/opt/ros/jazzy/opt/gz_dartsim_vendor:/opt/ros/jazzy/opt/gz_cmake_vendor DEBUGINFOD_URLS=https://debuginfod.ubuntu.com LD_LIBRARY_PATH=/home/mikks/ros2_px4_ws/install/px4_ros2_cpp/lib:/home/mikks/ros2_px4_ws/install/px4_msgs/lib:/home/mikks/ros2_px4_ws/install/px4_ros_com/lib:/home/mikks/NatNet_SDK_4.3_ubuntu/lib:/home/mikks/crazyflie_mapping_demo/ros2_ws/install/crazyflie_interfaces/lib:/opt/ros/jazzy/opt/gz_sim_vendor/lib:/opt/ros/jazzy/opt/gz_sensors_vendor/lib:/opt/ros/jazzy/opt/gz_physics_vendor/lib:/opt/ros/jazzy/opt/sdformat_vendor/lib:/opt/ros/jazzy/opt/rviz_ogre_vendor/lib:/opt/ros/jazzy/lib/x86_64-linux-gnu:/opt/ros/jazzy/opt/gz_gui_vendor/lib:/opt/ros/jazzy/opt/gz_transport_vendor/lib:/opt/ros/jazzy/opt/gz_rendering_vendor/lib:/opt/ros/jazzy/opt/gz_plugin_vendor/lib:/opt/ros/jazzy/opt/gz_fuel_tools_vendor/lib:/opt/ros/jazzy/opt/gz_msgs_vendor/lib:/opt/ros/jazzy/opt/gz_common_vendor/lib:/opt/ros/jazzy/opt/gz_math_vendor/lib:/opt/ros/jazzy/opt/gz_utils_vendor/lib:/opt/ros/jazzy/opt/gz_tools_vendor/lib:/opt/ros/jazzy/opt/gz_ogre_next_vendor/lib:/opt/ros/jazzy/opt/gz_dartsim_vendor/lib:/opt/ros/jazzy/opt/gz_cmake_vendor/lib:/opt/ros/jazzy/lib PYTHONPATH=/home/mikks/ros2_px4_ws/build/example_mode_goto_py/prefix_override:/usr/lib/python3/dist-packages/colcon_core/task/python/colcon_distutils_commands:/home/mikks/ros2_px4_ws/install/example_mode_goto_py/lib/python3.12/site-packages:/home/mikks/ros2_px4_ws/install/px4_ros2_py/lib/python3.12/site-packages:/home/mikks/ros2_px4_ws/install/px4_msgs/lib/python3.12/site-packages:/home/mikks/ros2_px4_ws/build/x500_hover_controller:/home/mikks/ros2_px4_ws/install/x500_hover_controller/lib/python3.12/site-packages:/home/mikks/ros2_px4_ws/install/px4_ros_com/lib/python3.12/site-packages:/home/mikks/ros2_px4_ws/build/example_mode_with_rclpy_py:/home/mikks/ros2_px4_ws/install/example_mode_with_rclpy_py/lib/python3.12/site-packages:/home/mikks/ros2_px4_ws/build/example_mode_goto_py:/home/mikks/ros2_px4_ws/install/example_mode_goto_py/lib/python3.12/site-packages:/home/mikks/ros2_px4_ws/build/px4_actuator_ctrl:/home/mikks/ros2_px4_ws/install/px4_actuator_ctrl/lib/python3.12/site-packages:/home/mikks/ros2_ws/build/rover_desc_description:/home/mikks/ros2_ws/install/rover_desc_description/lib/python3.12/site-packages:/home/mikks/ros2_ws/install/px4_actuator_ctrl/lib/python3.12/site-packages:/home/mikks/ros2_ws/build/mine_rover_description:/home/mikks/ros2_ws/install/mine_rover_description/lib/python3.12/site-packages:/home/mikks/ros2_ws/build/ZerionURDFV5cp_description:/home/mikks/ros2_ws/install/ZerionURDFV5cp_description/lib/python3.12/site-packages:/home/mikks/crazyflie_mapping_demo/ros2_ws/install/velocity_free_consensus/lib/python3.12/site-packages:/home/mikks/crazyflie_mapping_demo/ros2_ws/install/stepwise_lowpos/lib/python3.12/site-packages:/home/mikks/crazyflie_mapping_demo/ros2_ws/install/step_wise_lowpos/lib/python3.12/site-packages:/home/mikks/crazyflie_mapping_demo/ros2_ws/install/second_order_formation_control/lib/python3.12/site-packages:/home/mikks/crazyflie_mapping_demo/ros2_ws/install/ros_gz_crazyflie_control/lib/python3.12/site-packages:/home/mikks/crazyflie_mapping_demo/ros2_ws/install/mixed_fractional_consensus/lib/python3.12/site-packages:/home/mikks/crazyflie_mapping_demo/ros2_ws/install/lowest_pos/lib/python3.12/site-packages:/home/mikks/crazyflie_mapping_demo/ros2_ws/install/linear_consensus/lib/python3.12/site-packages:/home/mikks/crazyflie_mapping_demo/ros2_ws/install/highest_pos/lib/python3.12/site-packages:/home/mikks/crazyflie_mapping_demo/ros2_ws/install/fractional_consensus_alpha/lib/python3.12/site-packages:/home/mikks/crazyflie_mapping_demo/ros2_ws/install/event_triggered_swarm/lib/python3.12/site-packages:/home/mikks/crazyflie_mapping_demo/ros2_ws/install/drone_logger/lib/python3.12/site-packages:/home/mikks/crazyflie_mapping_demo/ros2_ws/install/distributed_average_tracking/lib/python3.12/site-packages:/home/mikks/crazyflie_mapping_demo/ros2_ws/install/crazyflie_swarm_logic/lib/python3.12/site-packages:/home/mikks/crazyflie_mapping_demo/ros2_ws/install/crazyflie_sim/lib/python3.12/site-packages:/home/mikks/crazyflie_mapping_demo/ros2_ws/install/crazyflie_ros2_multiranger_wall_following/lib/python3.12/site-packages:/home/mikks/crazyflie_mapping_demo/ros2_ws/install/crazyflie_ros2_multiranger_simple_mapper/lib/python3.12/site-packages:/home/mikks/crazyflie_mapping_demo/ros2_ws/install/crazyflie_examples/lib/python3.12/site-packages:/home/mikks/crazyflie_mapping_demo/ros2_ws/install/crazyflie_py/lib/python3.12/site-packages:/home/mikks/crazyflie_mapping_demo/ros2_ws/install/crazyflie_interfaces/lib/python3.12/site-packages:/home/mikks/crazyflie_mapping_demo/ros2_ws/install/cooperative_target_centric_formation/lib/python3.12/site-packages:/home/mikks/crazyflie_mapping_demo/ros2_ws/install/containment_using_agent_information/lib/python3.12/site-packages:/home/mikks/crazyflie_mapping_demo/ros2_ws/install/consensus_for_double_integrator/lib/python3.12/site-packages:/home/mikks/crazyflie_mapping_demo/ros2_ws/install/consensus_alignment/lib/python3.12/site-packages:/home/mikks/crazyflie_mapping_demo/ros2_ws/install/binary_consensus/lib/python3.12/site-packages:/home/mikks/crazyflie_mapping_demo/ros2_ws/install/Second_Order_Min_Consensus_for_Heterogeneous_Agents/lib/python3.12/site-packages:/home/mikks/crazyflie_mapping_demo/ros2_ws/install/BinaryContainmentChain/lib/python3.12/site-packages:/opt/ros/jazzy/lib/python3.12/site-packages /usr/bin/python3 -W ignore:setup.py install is deprecated -W ignore:easy_install command is deprecated setup.py develop --editable --build-directory /home/mikks/ros2_px4_ws/build/example_mode_goto_py/build --no-deps symlink_data
[6.311s] INFO:colcon.colcon_core.shell:Creating environment descriptor '/home/mikks/ros2_px4_ws/build/example_mode_goto_py/share/example_mode_goto_py/hook/pythonpath_develop.dsv'
[6.311s] INFO:colcon.colcon_core.shell:Creating environment hook '/home/mikks/ros2_px4_ws/build/example_mode_goto_py/share/example_mode_goto_py/hook/pythonpath_develop.sh'
[6.312s] Level 1:colcon.colcon_core.environment:checking '/home/mikks/ros2_px4_ws/install/example_mode_goto_py' for CMake module files
[6.312s] Level 1:colcon.colcon_core.environment:checking '/home/mikks/ros2_px4_ws/install/example_mode_goto_py' for CMake config files
[6.313s] Level 1:colcon.colcon_core.environment:checking '/home/mikks/ros2_px4_ws/install/example_mode_goto_py/lib'
[6.313s] Level 1:colcon.colcon_core.environment:checking '/home/mikks/ros2_px4_ws/install/example_mode_goto_py/bin'
[6.313s] Level 1:colcon.colcon_core.environment:checking '/home/mikks/ros2_px4_ws/install/example_mode_goto_py/lib/pkgconfig/example_mode_goto_py.pc'
[6.313s] Level 1:colcon.colcon_core.environment:checking '/home/mikks/ros2_px4_ws/install/example_mode_goto_py/lib/python3.12/site-packages'
[6.313s] Level 1:colcon.colcon_core.shell:create_environment_hook('example_mode_goto_py', 'pythonpath')
[6.314s] INFO:colcon.colcon_core.shell:Creating environment hook '/home/mikks/ros2_px4_ws/install/example_mode_goto_py/share/example_mode_goto_py/hook/pythonpath.ps1'
[6.314s] INFO:colcon.colcon_core.shell:Creating environment descriptor '/home/mikks/ros2_px4_ws/install/example_mode_goto_py/share/example_mode_goto_py/hook/pythonpath.dsv'
[6.314s] INFO:colcon.colcon_core.shell:Creating environment hook '/home/mikks/ros2_px4_ws/install/example_mode_goto_py/share/example_mode_goto_py/hook/pythonpath.sh'
[6.315s] Level 1:colcon.colcon_core.environment:checking '/home/mikks/ros2_px4_ws/install/example_mode_goto_py/bin'
[6.315s] Level 1:colcon.colcon_core.environment:create_environment_scripts_only(example_mode_goto_py)
[6.315s] INFO:colcon.colcon_core.shell:Creating package script '/home/mikks/ros2_px4_ws/install/example_mode_goto_py/share/example_mode_goto_py/package.ps1'
[6.315s] INFO:colcon.colcon_core.shell:Creating package descriptor '/home/mikks/ros2_px4_ws/install/example_mode_goto_py/share/example_mode_goto_py/package.dsv'
[6.316s] INFO:colcon.colcon_core.shell:Creating package script '/home/mikks/ros2_px4_ws/install/example_mode_goto_py/share/example_mode_goto_py/package.sh'
[6.316s] INFO:colcon.colcon_core.shell:Creating package script '/home/mikks/ros2_px4_ws/install/example_mode_goto_py/share/example_mode_goto_py/package.bash'
[6.316s] INFO:colcon.colcon_core.shell:Creating package script '/home/mikks/ros2_px4_ws/install/example_mode_goto_py/share/example_mode_goto_py/package.zsh'
[6.317s] Level 1:colcon.colcon_core.environment:create_file_with_runtime_dependencies(/home/mikks/ros2_px4_ws/install/example_mode_goto_py/share/colcon-core/packages/example_mode_goto_py)
[6.317s] Level 1:colcon.colcon_core.shell:create_environment_hook('example_mode_with_rclpy_py', 'pythonpath_develop')
[6.317s] INFO:colcon.colcon_core.shell:Creating environment hook '/home/mikks/ros2_px4_ws/build/example_mode_with_rclpy_py/share/example_mode_with_rclpy_py/hook/pythonpath_develop.ps1'
[6.318s] DEBUG:colcon.colcon_core.event_handler.log_command:Invoked command in '/home/mikks/ros2_px4_ws/build/example_mode_with_rclpy_py' returned '0': CMAKE_PREFIX_PATH=/home/mikks/ros2_px4_ws/install/px4_ros2_py:/home/mikks/ros2_px4_ws/install/px4_ros2_cpp:/home/mikks/ros2_px4_ws/install/px4_msgs:/home/mikks/ros2_px4_ws/install/px4_ros_com:/home/mikks/ros2_px4_ws/install/example_rover_velocity_mode_cpp:/home/mikks/ros2_px4_ws/install/example_mode_with_executor_cpp:/home/mikks/ros2_px4_ws/install/example_mode_vtol_cpp:/home/mikks/ros2_px4_ws/install/example_mode_rtl_replacement_cpp:/home/mikks/ros2_px4_ws/install/example_mode_mission_cpp:/home/mikks/ros2_px4_ws/install/example_mode_manual_cpp:/home/mikks/ros2_px4_ws/install/example_mode_goto_global_cpp:/home/mikks/ros2_px4_ws/install/example_mode_goto_cpp:/home/mikks/ros2_px4_ws/install/example_mode_fw_attitude_cpp:/home/mikks/ros2_px4_ws/install/example_local_navigation_cpp:/home/mikks/ros2_px4_ws/install/example_global_navigation_cpp:/home/mikks/ros2_px4_ws/install/example_executor_with_multiple_modes_cpp:/home/mikks/crazyflie_mapping_demo/ros2_ws/install/crazyflie_ros2_multiranger_bringup:/home/mikks/crazyflie_mapping_demo/ros2_ws/install/ros_gz_crazyflie_bringup:/home/mikks/crazyflie_mapping_demo/ros2_ws/install/ros_gz_crazyflie_gazebo:/home/mikks/crazyflie_mapping_demo/ros2_ws/install/crazyflie_sim:/home/mikks/crazyflie_mapping_demo/ros2_ws/install/crazyflie_examples:/home/mikks/crazyflie_mapping_demo/ros2_ws/install/crazyflie:/home/mikks/crazyflie_mapping_demo/ros2_ws/install/crazyflie_interfaces:/opt/ros/jazzy/opt/gz_sim_vendor:/opt/ros/jazzy/opt/gz_sensors_vendor:/opt/ros/jazzy/opt/gz_physics_vendor:/opt/ros/jazzy/opt/sdformat_vendor:/opt/ros/jazzy/opt/gz_gui_vendor:/opt/ros/jazzy/opt/gz_transport_vendor:/opt/ros/jazzy/opt/gz_rendering_vendor:/opt/ros/jazzy/opt/gz_plugin_vendor:/opt/ros/jazzy/opt/gz_fuel_tools_vendor:/opt/ros/jazzy/opt/gz_msgs_vendor:/opt/ros/jazzy/opt/gz_common_vendor:/opt/ros/jazzy/opt/gz_math_vendor:/opt/ros/jazzy/opt/gz_utils_vendor:/opt/ros/jazzy/opt/gz_tools_vendor:/opt/ros/jazzy/opt/gz_ogre_next_vendor:/opt/ros/jazzy/opt/gz_dartsim_vendor:/opt/ros/jazzy/opt/gz_cmake_vendor DEBUGINFOD_URLS=https://debuginfod.ubuntu.com LD_LIBRARY_PATH=/home/mikks/ros2_px4_ws/install/px4_ros2_cpp/lib:/home/mikks/ros2_px4_ws/install/px4_msgs/lib:/home/mikks/ros2_px4_ws/install/px4_ros_com/lib:/home/mikks/NatNet_SDK_4.3_ubuntu/lib:/home/mikks/crazyflie_mapping_demo/ros2_ws/install/crazyflie_interfaces/lib:/opt/ros/jazzy/opt/gz_sim_vendor/lib:/opt/ros/jazzy/opt/gz_sensors_vendor/lib:/opt/ros/jazzy/opt/gz_physics_vendor/lib:/opt/ros/jazzy/opt/sdformat_vendor/lib:/opt/ros/jazzy/opt/rviz_ogre_vendor/lib:/opt/ros/jazzy/lib/x86_64-linux-gnu:/opt/ros/jazzy/opt/gz_gui_vendor/lib:/opt/ros/jazzy/opt/gz_transport_vendor/lib:/opt/ros/jazzy/opt/gz_rendering_vendor/lib:/opt/ros/jazzy/opt/gz_plugin_vendor/lib:/opt/ros/jazzy/opt/gz_fuel_tools_vendor/lib:/opt/ros/jazzy/opt/gz_msgs_vendor/lib:/opt/ros/jazzy/opt/gz_common_vendor/lib:/opt/ros/jazzy/opt/gz_math_vendor/lib:/opt/ros/jazzy/opt/gz_utils_vendor/lib:/opt/ros/jazzy/opt/gz_tools_vendor/lib:/opt/ros/jazzy/opt/gz_ogre_next_vendor/lib:/opt/ros/jazzy/opt/gz_dartsim_vendor/lib:/opt/ros/jazzy/opt/gz_cmake_vendor/lib:/opt/ros/jazzy/lib PYTHONPATH=/home/mikks/ros2_px4_ws/build/example_mode_with_rclpy_py/prefix_override:/usr/lib/python3/dist-packages/colcon_core/task/python/colcon_distutils_commands:/home/mikks/ros2_px4_ws/install/example_mode_with_rclpy_py/lib/python3.12/site-packages:/home/mikks/ros2_px4_ws/install/px4_ros2_py/lib/python3.12/site-packages:/home/mikks/ros2_px4_ws/install/px4_msgs/lib/python3.12/site-packages:/home/mikks/ros2_px4_ws/build/x500_hover_controller:/home/mikks/ros2_px4_ws/install/x500_hover_controller/lib/python3.12/site-packages:/home/mikks/ros2_px4_ws/install/px4_ros_com/lib/python3.12/site-packages:/home/mikks/ros2_px4_ws/build/example_mode_with_rclpy_py:/home/mikks/ros2_px4_ws/install/example_mode_with_rclpy_py/lib/python3.12/site-packages:/home/mikks/ros2_px4_ws/build/example_mode_goto_py:/home/mikks/ros2_px4_ws/install/example_mode_goto_py/lib/python3.12/site-packages:/home/mikks/ros2_px4_ws/build/px4_actuator_ctrl:/home/mikks/ros2_px4_ws/install/px4_actuator_ctrl/lib/python3.12/site-packages:/home/mikks/ros2_ws/build/rover_desc_description:/home/mikks/ros2_ws/install/rover_desc_description/lib/python3.12/site-packages:/home/mikks/ros2_ws/install/px4_actuator_ctrl/lib/python3.12/site-packages:/home/mikks/ros2_ws/build/mine_rover_description:/home/mikks/ros2_ws/install/mine_rover_description/lib/python3.12/site-packages:/home/mikks/ros2_ws/build/ZerionURDFV5cp_description:/home/mikks/ros2_ws/install/ZerionURDFV5cp_description/lib/python3.12/site-packages:/home/mikks/crazyflie_mapping_demo/ros2_ws/install/velocity_free_consensus/lib/python3.12/site-packages:/home/mikks/crazyflie_mapping_demo/ros2_ws/install/stepwise_lowpos/lib/python3.12/site-packages:/home/mikks/crazyflie_mapping_demo/ros2_ws/install/step_wise_lowpos/lib/python3.12/site-packages:/home/mikks/crazyflie_mapping_demo/ros2_ws/install/second_order_formation_control/lib/python3.12/site-packages:/home/mikks/crazyflie_mapping_demo/ros2_ws/install/ros_gz_crazyflie_control/lib/python3.12/site-packages:/home/mikks/crazyflie_mapping_demo/ros2_ws/install/mixed_fractional_consensus/lib/python3.12/site-packages:/home/mikks/crazyflie_mapping_demo/ros2_ws/install/lowest_pos/lib/python3.12/site-packages:/home/mikks/crazyflie_mapping_demo/ros2_ws/install/linear_consensus/lib/python3.12/site-packages:/home/mikks/crazyflie_mapping_demo/ros2_ws/install/highest_pos/lib/python3.12/site-packages:/home/mikks/crazyflie_mapping_demo/ros2_ws/install/fractional_consensus_alpha/lib/python3.12/site-packages:/home/mikks/crazyflie_mapping_demo/ros2_ws/install/event_triggered_swarm/lib/python3.12/site-packages:/home/mikks/crazyflie_mapping_demo/ros2_ws/install/drone_logger/lib/python3.12/site-packages:/home/mikks/crazyflie_mapping_demo/ros2_ws/install/distributed_average_tracking/lib/python3.12/site-packages:/home/mikks/crazyflie_mapping_demo/ros2_ws/install/crazyflie_swarm_logic/lib/python3.12/site-packages:/home/mikks/crazyflie_mapping_demo/ros2_ws/install/crazyflie_sim/lib/python3.12/site-packages:/home/mikks/crazyflie_mapping_demo/ros2_ws/install/crazyflie_ros2_multiranger_wall_following/lib/python3.12/site-packages:/home/mikks/crazyflie_mapping_demo/ros2_ws/install/crazyflie_ros2_multiranger_simple_mapper/lib/python3.12/site-packages:/home/mikks/crazyflie_mapping_demo/ros2_ws/install/crazyflie_examples/lib/python3.12/site-packages:/home/mikks/crazyflie_mapping_demo/ros2_ws/install/crazyflie_py/lib/python3.12/site-packages:/home/mikks/crazyflie_mapping_demo/ros2_ws/install/crazyflie_interfaces/lib/python3.12/site-packages:/home/mikks/crazyflie_mapping_demo/ros2_ws/install/cooperative_target_centric_formation/lib/python3.12/site-packages:/home/mikks/crazyflie_mapping_demo/ros2_ws/install/containment_using_agent_information/lib/python3.12/site-packages:/home/mikks/crazyflie_mapping_demo/ros2_ws/install/consensus_for_double_integrator/lib/python3.12/site-packages:/home/mikks/crazyflie_mapping_demo/ros2_ws/install/consensus_alignment/lib/python3.12/site-packages:/home/mikks/crazyflie_mapping_demo/ros2_ws/install/binary_consensus/lib/python3.12/site-packages:/home/mikks/crazyflie_mapping_demo/ros2_ws/install/Second_Order_Min_Consensus_for_Heterogeneous_Agents/lib/python3.12/site-packages:/home/mikks/crazyflie_mapping_demo/ros2_ws/install/BinaryContainmentChain/lib/python3.12/site-packages:/opt/ros/jazzy/lib/python3.12/site-packages /usr/bin/python3 -W ignore:setup.py install is deprecated -W ignore:easy_install command is deprecated setup.py develop --editable --build-directory /home/mikks/ros2_px4_ws/build/example_mode_with_rclpy_py/build --no-deps symlink_data
[6.318s] INFO:colcon.colcon_core.shell:Creating environment descriptor '/home/mikks/ros2_px4_ws/build/example_mode_with_rclpy_py/share/example_mode_with_rclpy_py/hook/pythonpath_develop.dsv'
[6.318s] INFO:colcon.colcon_core.shell:Creating environment hook '/home/mikks/ros2_px4_ws/build/example_mode_with_rclpy_py/share/example_mode_with_rclpy_py/hook/pythonpath_develop.sh'
[6.319s] Level 1:colcon.colcon_core.environment:checking '/home/mikks/ros2_px4_ws/install/example_mode_with_rclpy_py' for CMake module files
[6.319s] Level 1:colcon.colcon_core.environment:checking '/home/mikks/ros2_px4_ws/install/example_mode_with_rclpy_py' for CMake config files
[6.320s] Level 1:colcon.colcon_core.environment:checking '/home/mikks/ros2_px4_ws/install/example_mode_with_rclpy_py/lib'
[6.320s] Level 1:colcon.colcon_core.environment:checking '/home/mikks/ros2_px4_ws/install/example_mode_with_rclpy_py/bin'
[6.320s] Level 1:colcon.colcon_core.environment:checking '/home/mikks/ros2_px4_ws/install/example_mode_with_rclpy_py/lib/pkgconfig/example_mode_with_rclpy_py.pc'
[6.320s] Level 1:colcon.colcon_core.environment:checking '/home/mikks/ros2_px4_ws/install/example_mode_with_rclpy_py/lib/python3.12/site-packages'
[6.320s] Level 1:colcon.colcon_core.shell:create_environment_hook('example_mode_with_rclpy_py', 'pythonpath')
[6.320s] INFO:colcon.colcon_core.shell:Creating environment hook '/home/mikks/ros2_px4_ws/install/example_mode_with_rclpy_py/share/example_mode_with_rclpy_py/hook/pythonpath.ps1'
[6.320s] INFO:colcon.colcon_core.shell:Creating environment descriptor '/home/mikks/ros2_px4_ws/install/example_mode_with_rclpy_py/share/example_mode_with_rclpy_py/hook/pythonpath.dsv'
[6.321s] INFO:colcon.colcon_core.shell:Creating environment hook '/home/mikks/ros2_px4_ws/install/example_mode_with_rclpy_py/share/example_mode_with_rclpy_py/hook/pythonpath.sh'
[6.321s] Level 1:colcon.colcon_core.environment:checking '/home/mikks/ros2_px4_ws/install/example_mode_with_rclpy_py/bin'
[6.321s] Level 1:colcon.colcon_core.environment:create_environment_scripts_only(example_mode_with_rclpy_py)
[6.321s] INFO:colcon.colcon_core.shell:Creating package script '/home/mikks/ros2_px4_ws/install/example_mode_with_rclpy_py/share/example_mode_with_rclpy_py/package.ps1'
[6.322s] INFO:colcon.colcon_core.shell:Creating package descriptor '/home/mikks/ros2_px4_ws/install/example_mode_with_rclpy_py/share/example_mode_with_rclpy_py/package.dsv'
[6.322s] INFO:colcon.colcon_core.shell:Creating package script '/home/mikks/ros2_px4_ws/install/example_mode_with_rclpy_py/share/example_mode_with_rclpy_py/package.sh'
[6.322s] INFO:colcon.colcon_core.shell:Creating package script '/home/mikks/ros2_px4_ws/install/example_mode_with_rclpy_py/share/example_mode_with_rclpy_py/package.bash'
[6.323s] INFO:colcon.colcon_core.shell:Creating package script '/home/mikks/ros2_px4_ws/install/example_mode_with_rclpy_py/share/example_mode_with_rclpy_py/package.zsh'
[6.323s] Level 1:colcon.colcon_core.environment:create_file_with_runtime_dependencies(/home/mikks/ros2_px4_ws/install/example_mode_with_rclpy_py/share/colcon-core/packages/example_mode_with_rclpy_py)
[6.323s] DEBUG:colcon.colcon_parallel_executor.executor.parallel:closing loop
[6.323s] DEBUG:colcon.colcon_parallel_executor.executor.parallel:loop closed
[6.324s] DEBUG:colcon.colcon_parallel_executor.executor.parallel:run_until_complete finished with '0'
[6.324s] DEBUG:colcon.colcon_core.event_reactor:joining thread
[6.330s] INFO:colcon.colcon_core.plugin_system:Skipping extension 'colcon_notification.desktop_notification.terminal_notifier': Not used on non-Darwin systems
[6.330s] INFO:colcon.colcon_core.plugin_system:Skipping extension 'colcon_notification.desktop_notification.win32': Not used on non-Windows systems
[6.330s] INFO:colcon.colcon_notification.desktop_notification:Sending desktop notification using 'notify2'
[6.344s] DEBUG:colcon.colcon_core.event_reactor:joined thread
[6.344s] INFO:colcon.colcon_core.shell:Creating prefix script '/home/mikks/ros2_px4_ws/install/local_setup.ps1'
[6.345s] INFO:colcon.colcon_core.shell:Creating prefix util module '/home/mikks/ros2_px4_ws/install/_local_setup_util_ps1.py'
[6.346s] INFO:colcon.colcon_core.shell:Creating prefix chain script '/home/mikks/ros2_px4_ws/install/setup.ps1'
[6.349s] INFO:colcon.colcon_core.shell:Creating prefix script '/home/mikks/ros2_px4_ws/install/local_setup.sh'
[6.349s] INFO:colcon.colcon_core.shell:Creating prefix util module '/home/mikks/ros2_px4_ws/install/_local_setup_util_sh.py'
[6.349s] INFO:colcon.colcon_core.shell:Creating prefix chain script '/home/mikks/ros2_px4_ws/install/setup.sh'
[6.352s] INFO:colcon.colcon_core.shell:Creating prefix script '/home/mikks/ros2_px4_ws/install/local_setup.bash'
[6.352s] INFO:colcon.colcon_core.shell:Creating prefix chain script '/home/mikks/ros2_px4_ws/install/setup.bash'
[6.354s] INFO:colcon.colcon_core.shell:Creating prefix script '/home/mikks/ros2_px4_ws/install/local_setup.zsh'
[6.355s] INFO:colcon.colcon_core.shell:Creating prefix chain script '/home/mikks/ros2_px4_ws/install/setup.zsh'
