[0.194s] DEBUG:colcon:Command line arguments: ['/usr/bin/colcon', 'build', '--symlink-install']
[0.195s] DEBUG:colcon:Parsed command line arguments: Namespace(log_base=None, log_level=None, verb_name='build', build_base='build', install_base='install', merge_install=False, symlink_install=True, test_result_base=None, continue_on_error=False, executor='parallel', parallel_workers=12, event_handlers=None, ignore_user_meta=False, metas=['./colcon.meta'], base_paths=['.'], packages_ignore=None, packages_ignore_regex=None, paths=None, packages_up_to=None, packages_up_to_regex=None, packages_above=None, packages_above_and_dependencies=None, packages_above_depth=None, packages_select_by_dep=None, packages_skip_by_dep=None, packages_skip_up_to=None, packages_select_build_failed=False, packages_skip_build_finished=False, packages_select_test_failures=False, packages_skip_test_passed=False, packages_select=None, packages_skip=None, packages_select_regex=None, packages_skip_regex=None, packages_start=None, packages_end=None, allow_overriding=[], cmake_args=None, cmake_target=None, cmake_target_skip_unavailable=False, cmake_clean_cache=False, cmake_clean_first=False, cmake_force_configure=False, ament_cmake_args=None, catkin_cmake_args=None, catkin_skip_building_tests=False, mixin_files=None, mixin=None, verb_parser=<colcon_mixin.mixin.mixin_argument.MixinArgumentDecorator object at 0x727fa9638f80>, verb_extension=<colcon_core.verb.build.BuildVerb object at 0x727fa96381d0>, main=<bound method BuildVerb.main of <colcon_core.verb.build.BuildVerb object at 0x727fa96381d0>>, mixin_verb=('build',))
[0.232s] Level 1:colcon.colcon_core.package_discovery:discover_packages(colcon_meta) check parameters
[0.233s] Level 1:colcon.colcon_core.package_discovery:discover_packages(recursive) check parameters
[0.233s] Level 1:colcon.colcon_core.package_discovery:discover_packages(ignore) check parameters
[0.233s] Level 1:colcon.colcon_core.package_discovery:discover_packages(path) check parameters
[0.233s] Level 1:colcon.colcon_core.package_discovery:discover_packages(colcon_meta) discover
[0.233s] Level 1:colcon.colcon_core.package_discovery:discover_packages(recursive) discover
[0.233s] INFO:colcon.colcon_core.package_discovery:Crawling recursively for packages in '/home/mikks/ros2_px4_ws'
[0.233s] Level 1:colcon.colcon_core.package_identification:_identify(.) by extensions ['ignore', 'ignore_ament_install']
[0.233s] Level 1:colcon.colcon_core.package_identification:_identify(.) by extension 'ignore'
[0.233s] Level 1:colcon.colcon_core.package_identification:_identify(.) by extension 'ignore_ament_install'
[0.233s] Level 1:colcon.colcon_core.package_identification:_identify(.) by extensions ['colcon_pkg']
[0.233s] Level 1:colcon.colcon_core.package_identification:_identify(.) by extension 'colcon_pkg'
[0.233s] Level 1:colcon.colcon_core.package_identification:_identify(.) by extensions ['colcon_meta']
[0.233s] Level 1:colcon.colcon_core.package_identification:_identify(.) by extension 'colcon_meta'
[0.233s] Level 1:colcon.colcon_core.package_identification:_identify(.) by extensions ['ros']
[0.233s] Level 1:colcon.colcon_core.package_identification:_identify(.) by extension 'ros'
[0.258s] Level 1:colcon.colcon_core.package_identification:_identify(.) by extensions ['cmake', 'python']
[0.258s] Level 1:colcon.colcon_core.package_identification:_identify(.) by extension 'cmake'
[0.258s] Level 1:colcon.colcon_core.package_identification:_identify(.) by extension 'python'
[0.258s] Level 1:colcon.colcon_core.package_identification:_identify(.) by extensions ['python_setup_py']
[0.258s] Level 1:colcon.colcon_core.package_identification:_identify(.) by extension 'python_setup_py'
[0.258s] Level 1:colcon.colcon_core.package_identification:_identify(build) by extensions ['ignore', 'ignore_ament_install']
[0.258s] Level 1:colcon.colcon_core.package_identification:_identify(build) by extension 'ignore'
[0.258s] Level 1:colcon.colcon_core.package_identification:_identify(build) ignored
[0.259s] Level 1:colcon.colcon_core.package_identification:_identify(install) by extensions ['ignore', 'ignore_ament_install']
[0.259s] Level 1:colcon.colcon_core.package_identification:_identify(install) by extension 'ignore'
[0.259s] Level 1:colcon.colcon_core.package_identification:_identify(install) ignored
[0.259s] Level 1:colcon.colcon_core.package_identification:_identify(log) by extensions ['ignore', 'ignore_ament_install']
[0.259s] Level 1:colcon.colcon_core.package_identification:_identify(log) by extension 'ignore'
[0.259s] Level 1:colcon.colcon_core.package_identification:_identify(log) ignored
[0.259s] Level 1:colcon.colcon_core.package_identification:_identify(src) by extensions ['ignore', 'ignore_ament_install']
[0.259s] Level 1:colcon.colcon_core.package_identification:_identify(src) by extension 'ignore'
[0.259s] Level 1:colcon.colcon_core.package_identification:_identify(src) by extension 'ignore_ament_install'
[0.259s] Level 1:colcon.colcon_core.package_identification:_identify(src) by extensions ['colcon_pkg']
[0.259s] Level 1:colcon.colcon_core.package_identification:_identify(src) by extension 'colcon_pkg'
[0.259s] Level 1:colcon.colcon_core.package_identification:_identify(src) by extensions ['colcon_meta']
[0.259s] Level 1:colcon.colcon_core.package_identification:_identify(src) by extension 'colcon_meta'
[0.259s] Level 1:colcon.colcon_core.package_identification:_identify(src) by extensions ['ros']
[0.259s] Level 1:colcon.colcon_core.package_identification:_identify(src) by extension 'ros'
[0.259s] Level 1:colcon.colcon_core.package_identification:_identify(src) by extensions ['cmake', 'python']
[0.259s] Level 1:colcon.colcon_core.package_identification:_identify(src) by extension 'cmake'
[0.259s] Level 1:colcon.colcon_core.package_identification:_identify(src) by extension 'python'
[0.259s] Level 1:colcon.colcon_core.package_identification:_identify(src) by extensions ['python_setup_py']
[0.259s] Level 1:colcon.colcon_core.package_identification:_identify(src) by extension 'python_setup_py'
[0.259s] Level 1:colcon.colcon_core.package_identification:_identify(src/px4-ros2-interface-lib) by extensions ['ignore', 'ignore_ament_install']
[0.260s] Level 1:colcon.colcon_core.package_identification:_identify(src/px4-ros2-interface-lib) by extension 'ignore'
[0.260s] Level 1:colcon.colcon_core.package_identification:_identify(src/px4-ros2-interface-lib) by extension 'ignore_ament_install'
[0.260s] Level 1:colcon.colcon_core.package_identification:_identify(src/px4-ros2-interface-lib) by extensions ['colcon_pkg']
[0.260s] Level 1:colcon.colcon_core.package_identification:_identify(src/px4-ros2-interface-lib) by extension 'colcon_pkg'
[0.260s] Level 1:colcon.colcon_core.package_identification:_identify(src/px4-ros2-interface-lib) by extensions ['colcon_meta']
[0.260s] Level 1:colcon.colcon_core.package_identification:_identify(src/px4-ros2-interface-lib) by extension 'colcon_meta'
[0.260s] Level 1:colcon.colcon_core.package_identification:_identify(src/px4-ros2-interface-lib) by extensions ['ros']
[0.260s] Level 1:colcon.colcon_core.package_identification:_identify(src/px4-ros2-interface-lib) by extension 'ros'
[0.260s] Level 1:colcon.colcon_core.package_identification:_identify(src/px4-ros2-interface-lib) by extensions ['cmake', 'python']
[0.260s] Level 1:colcon.colcon_core.package_identification:_identify(src/px4-ros2-interface-lib) by extension 'cmake'
[0.260s] Level 1:colcon.colcon_core.package_identification:_identify(src/px4-ros2-interface-lib) by extension 'python'
[0.260s] Level 1:colcon.colcon_core.package_identification:_identify(src/px4-ros2-interface-lib) by extensions ['python_setup_py']
[0.260s] Level 1:colcon.colcon_core.package_identification:_identify(src/px4-ros2-interface-lib) by extension 'python_setup_py'
[0.260s] Level 1:colcon.colcon_core.package_identification:_identify(src/px4-ros2-interface-lib/examples) by extensions ['ignore', 'ignore_ament_install']
[0.260s] Level 1:colcon.colcon_core.package_identification:_identify(src/px4-ros2-interface-lib/examples) by extension 'ignore'
[0.260s] Level 1:colcon.colcon_core.package_identification:_identify(src/px4-ros2-interface-lib/examples) by extension 'ignore_ament_install'
[0.260s] Level 1:colcon.colcon_core.package_identification:_identify(src/px4-ros2-interface-lib/examples) by extensions ['colcon_pkg']
[0.260s] Level 1:colcon.colcon_core.package_identification:_identify(src/px4-ros2-interface-lib/examples) by extension 'colcon_pkg'
[0.260s] Level 1:colcon.colcon_core.package_identification:_identify(src/px4-ros2-interface-lib/examples) by extensions ['colcon_meta']
[0.260s] Level 1:colcon.colcon_core.package_identification:_identify(src/px4-ros2-interface-lib/examples) by extension 'colcon_meta'
[0.260s] Level 1:colcon.colcon_core.package_identification:_identify(src/px4-ros2-interface-lib/examples) by extensions ['ros']
[0.260s] Level 1:colcon.colcon_core.package_identification:_identify(src/px4-ros2-interface-lib/examples) by extension 'ros'
[0.261s] Level 1:colcon.colcon_core.package_identification:_identify(src/px4-ros2-interface-lib/examples) by extensions ['cmake', 'python']
[0.261s] Level 1:colcon.colcon_core.package_identification:_identify(src/px4-ros2-interface-lib/examples) by extension 'cmake'
[0.261s] Level 1:colcon.colcon_core.package_identification:_identify(src/px4-ros2-interface-lib/examples) by extension 'python'
[0.261s] Level 1:colcon.colcon_core.package_identification:_identify(src/px4-ros2-interface-lib/examples) by extensions ['python_setup_py']
[0.261s] Level 1:colcon.colcon_core.package_identification:_identify(src/px4-ros2-interface-lib/examples) by extension 'python_setup_py'
[0.261s] Level 1:colcon.colcon_core.package_identification:_identify(src/px4-ros2-interface-lib/examples/cpp) by extensions ['ignore', 'ignore_ament_install']
[0.261s] Level 1:colcon.colcon_core.package_identification:_identify(src/px4-ros2-interface-lib/examples/cpp) by extension 'ignore'
[0.261s] Level 1:colcon.colcon_core.package_identification:_identify(src/px4-ros2-interface-lib/examples/cpp) by extension 'ignore_ament_install'
[0.261s] Level 1:colcon.colcon_core.package_identification:_identify(src/px4-ros2-interface-lib/examples/cpp) by extensions ['colcon_pkg']
[0.261s] Level 1:colcon.colcon_core.package_identification:_identify(src/px4-ros2-interface-lib/examples/cpp) by extension 'colcon_pkg'
[0.261s] Level 1:colcon.colcon_core.package_identification:_identify(src/px4-ros2-interface-lib/examples/cpp) by extensions ['colcon_meta']
[0.261s] Level 1:colcon.colcon_core.package_identification:_identify(src/px4-ros2-interface-lib/examples/cpp) by extension 'colcon_meta'
[0.261s] Level 1:colcon.colcon_core.package_identification:_identify(src/px4-ros2-interface-lib/examples/cpp) by extensions ['ros']
[0.261s] Level 1:colcon.colcon_core.package_identification:_identify(src/px4-ros2-interface-lib/examples/cpp) by extension 'ros'
[0.261s] Level 1:colcon.colcon_core.package_identification:_identify(src/px4-ros2-interface-lib/examples/cpp) by extensions ['cmake', 'python']
[0.261s] Level 1:colcon.colcon_core.package_identification:_identify(src/px4-ros2-interface-lib/examples/cpp) by extension 'cmake'
[0.261s] Level 1:colcon.colcon_core.package_identification:_identify(src/px4-ros2-interface-lib/examples/cpp) by extension 'python'
[0.261s] Level 1:colcon.colcon_core.package_identification:_identify(src/px4-ros2-interface-lib/examples/cpp) by extensions ['python_setup_py']
[0.261s] Level 1:colcon.colcon_core.package_identification:_identify(src/px4-ros2-interface-lib/examples/cpp) by extension 'python_setup_py'
[0.261s] Level 1:colcon.colcon_core.package_identification:_identify(src/px4-ros2-interface-lib/examples/cpp/modes) by extensions ['ignore', 'ignore_ament_install']
[0.261s] Level 1:colcon.colcon_core.package_identification:_identify(src/px4-ros2-interface-lib/examples/cpp/modes) by extension 'ignore'
[0.261s] Level 1:colcon.colcon_core.package_identification:_identify(src/px4-ros2-interface-lib/examples/cpp/modes) by extension 'ignore_ament_install'
[0.262s] Level 1:colcon.colcon_core.package_identification:_identify(src/px4-ros2-interface-lib/examples/cpp/modes) by extensions ['colcon_pkg']
[0.262s] Level 1:colcon.colcon_core.package_identification:_identify(src/px4-ros2-interface-lib/examples/cpp/modes) by extension 'colcon_pkg'
[0.262s] Level 1:colcon.colcon_core.package_identification:_identify(src/px4-ros2-interface-lib/examples/cpp/modes) by extensions ['colcon_meta']
[0.262s] Level 1:colcon.colcon_core.package_identification:_identify(src/px4-ros2-interface-lib/examples/cpp/modes) by extension 'colcon_meta'
[0.262s] Level 1:colcon.colcon_core.package_identification:_identify(src/px4-ros2-interface-lib/examples/cpp/modes) by extensions ['ros']
[0.262s] Level 1:colcon.colcon_core.package_identification:_identify(src/px4-ros2-interface-lib/examples/cpp/modes) by extension 'ros'
[0.262s] Level 1:colcon.colcon_core.package_identification:_identify(src/px4-ros2-interface-lib/examples/cpp/modes) by extensions ['cmake', 'python']
[0.262s] Level 1:colcon.colcon_core.package_identification:_identify(src/px4-ros2-interface-lib/examples/cpp/modes) by extension 'cmake'
[0.262s] Level 1:colcon.colcon_core.package_identification:_identify(src/px4-ros2-interface-lib/examples/cpp/modes) by extension 'python'
[0.262s] Level 1:colcon.colcon_core.package_identification:_identify(src/px4-ros2-interface-lib/examples/cpp/modes) by extensions ['python_setup_py']
[0.262s] Level 1:colcon.colcon_core.package_identification:_identify(src/px4-ros2-interface-lib/examples/cpp/modes) by extension 'python_setup_py'
[0.262s] Level 1:colcon.colcon_core.package_identification:_identify(src/px4-ros2-interface-lib/examples/cpp/modes/executor_with_multiple_modes) by extensions ['ignore', 'ignore_ament_install']
[0.262s] Level 1:colcon.colcon_core.package_identification:_identify(src/px4-ros2-interface-lib/examples/cpp/modes/executor_with_multiple_modes) by extension 'ignore'
[0.262s] Level 1:colcon.colcon_core.package_identification:_identify(src/px4-ros2-interface-lib/examples/cpp/modes/executor_with_multiple_modes) by extension 'ignore_ament_install'
[0.262s] Level 1:colcon.colcon_core.package_identification:_identify(src/px4-ros2-interface-lib/examples/cpp/modes/executor_with_multiple_modes) by extensions ['colcon_pkg']
[0.262s] Level 1:colcon.colcon_core.package_identification:_identify(src/px4-ros2-interface-lib/examples/cpp/modes/executor_with_multiple_modes) by extension 'colcon_pkg'
[0.262s] Level 1:colcon.colcon_core.package_identification:_identify(src/px4-ros2-interface-lib/examples/cpp/modes/executor_with_multiple_modes) by extensions ['colcon_meta']
[0.263s] Level 1:colcon.colcon_core.package_identification:_identify(src/px4-ros2-interface-lib/examples/cpp/modes/executor_with_multiple_modes) by extension 'colcon_meta'
[0.263s] Level 1:colcon.colcon_core.package_identification:_identify(src/px4-ros2-interface-lib/examples/cpp/modes/executor_with_multiple_modes) by extensions ['ros']
[0.263s] Level 1:colcon.colcon_core.package_identification:_identify(src/px4-ros2-interface-lib/examples/cpp/modes/executor_with_multiple_modes) by extension 'ros'
[0.265s] DEBUG:colcon.colcon_core.package_identification:Package 'src/px4-ros2-interface-lib/examples/cpp/modes/executor_with_multiple_modes' with type 'ros.ament_cmake' and name 'example_executor_with_multiple_modes_cpp'
[0.265s] Level 1:colcon.colcon_core.package_identification:_identify(src/px4-ros2-interface-lib/examples/cpp/modes/fw_attitude) by extensions ['ignore', 'ignore_ament_install']
[0.265s] Level 1:colcon.colcon_core.package_identification:_identify(src/px4-ros2-interface-lib/examples/cpp/modes/fw_attitude) by extension 'ignore'
[0.265s] Level 1:colcon.colcon_core.package_identification:_identify(src/px4-ros2-interface-lib/examples/cpp/modes/fw_attitude) by extension 'ignore_ament_install'
[0.265s] Level 1:colcon.colcon_core.package_identification:_identify(src/px4-ros2-interface-lib/examples/cpp/modes/fw_attitude) by extensions ['colcon_pkg']
[0.265s] Level 1:colcon.colcon_core.package_identification:_identify(src/px4-ros2-interface-lib/examples/cpp/modes/fw_attitude) by extension 'colcon_pkg'
[0.265s] Level 1:colcon.colcon_core.package_identification:_identify(src/px4-ros2-interface-lib/examples/cpp/modes/fw_attitude) by extensions ['colcon_meta']
[0.265s] Level 1:colcon.colcon_core.package_identification:_identify(src/px4-ros2-interface-lib/examples/cpp/modes/fw_attitude) by extension 'colcon_meta'
[0.265s] Level 1:colcon.colcon_core.package_identification:_identify(src/px4-ros2-interface-lib/examples/cpp/modes/fw_attitude) by extensions ['ros']
[0.265s] Level 1:colcon.colcon_core.package_identification:_identify(src/px4-ros2-interface-lib/examples/cpp/modes/fw_attitude) by extension 'ros'
[0.266s] DEBUG:colcon.colcon_core.package_identification:Package 'src/px4-ros2-interface-lib/examples/cpp/modes/fw_attitude' with type 'ros.ament_cmake' and name 'example_mode_fw_attitude_cpp'
[0.266s] Level 1:colcon.colcon_core.package_identification:_identify(src/px4-ros2-interface-lib/examples/cpp/modes/goto) by extensions ['ignore', 'ignore_ament_install']
[0.266s] Level 1:colcon.colcon_core.package_identification:_identify(src/px4-ros2-interface-lib/examples/cpp/modes/goto) by extension 'ignore'
[0.266s] Level 1:colcon.colcon_core.package_identification:_identify(src/px4-ros2-interface-lib/examples/cpp/modes/goto) by extension 'ignore_ament_install'
[0.266s] Level 1:colcon.colcon_core.package_identification:_identify(src/px4-ros2-interface-lib/examples/cpp/modes/goto) by extensions ['colcon_pkg']
[0.266s] Level 1:colcon.colcon_core.package_identification:_identify(src/px4-ros2-interface-lib/examples/cpp/modes/goto) by extension 'colcon_pkg'
[0.266s] Level 1:colcon.colcon_core.package_identification:_identify(src/px4-ros2-interface-lib/examples/cpp/modes/goto) by extensions ['colcon_meta']
[0.266s] Level 1:colcon.colcon_core.package_identification:_identify(src/px4-ros2-interface-lib/examples/cpp/modes/goto) by extension 'colcon_meta'
[0.266s] Level 1:colcon.colcon_core.package_identification:_identify(src/px4-ros2-interface-lib/examples/cpp/modes/goto) by extensions ['ros']
[0.266s] Level 1:colcon.colcon_core.package_identification:_identify(src/px4-ros2-interface-lib/examples/cpp/modes/goto) by extension 'ros'
[0.267s] DEBUG:colcon.colcon_core.package_identification:Package 'src/px4-ros2-interface-lib/examples/cpp/modes/goto' with type 'ros.ament_cmake' and name 'example_mode_goto_cpp'
[0.267s] Level 1:colcon.colcon_core.package_identification:_identify(src/px4-ros2-interface-lib/examples/cpp/modes/goto_global) by extensions ['ignore', 'ignore_ament_install']
[0.267s] Level 1:colcon.colcon_core.package_identification:_identify(src/px4-ros2-interface-lib/examples/cpp/modes/goto_global) by extension 'ignore'
[0.267s] Level 1:colcon.colcon_core.package_identification:_identify(src/px4-ros2-interface-lib/examples/cpp/modes/goto_global) by extension 'ignore_ament_install'
[0.267s] Level 1:colcon.colcon_core.package_identification:_identify(src/px4-ros2-interface-lib/examples/cpp/modes/goto_global) by extensions ['colcon_pkg']
[0.267s] Level 1:colcon.colcon_core.package_identification:_identify(src/px4-ros2-interface-lib/examples/cpp/modes/goto_global) by extension 'colcon_pkg'
[0.267s] Level 1:colcon.colcon_core.package_identification:_identify(src/px4-ros2-interface-lib/examples/cpp/modes/goto_global) by extensions ['colcon_meta']
[0.267s] Level 1:colcon.colcon_core.package_identification:_identify(src/px4-ros2-interface-lib/examples/cpp/modes/goto_global) by extension 'colcon_meta'
[0.267s] Level 1:colcon.colcon_core.package_identification:_identify(src/px4-ros2-interface-lib/examples/cpp/modes/goto_global) by extensions ['ros']
[0.267s] Level 1:colcon.colcon_core.package_identification:_identify(src/px4-ros2-interface-lib/examples/cpp/modes/goto_global) by extension 'ros'
[0.268s] DEBUG:colcon.colcon_core.package_identification:Package 'src/px4-ros2-interface-lib/examples/cpp/modes/goto_global' with type 'ros.ament_cmake' and name 'example_mode_goto_global_cpp'
[0.268s] Level 1:colcon.colcon_core.package_identification:_identify(src/px4-ros2-interface-lib/examples/cpp/modes/manual) by extensions ['ignore', 'ignore_ament_install']
[0.268s] Level 1:colcon.colcon_core.package_identification:_identify(src/px4-ros2-interface-lib/examples/cpp/modes/manual) by extension 'ignore'
[0.268s] Level 1:colcon.colcon_core.package_identification:_identify(src/px4-ros2-interface-lib/examples/cpp/modes/manual) by extension 'ignore_ament_install'
[0.268s] Level 1:colcon.colcon_core.package_identification:_identify(src/px4-ros2-interface-lib/examples/cpp/modes/manual) by extensions ['colcon_pkg']
[0.268s] Level 1:colcon.colcon_core.package_identification:_identify(src/px4-ros2-interface-lib/examples/cpp/modes/manual) by extension 'colcon_pkg'
[0.268s] Level 1:colcon.colcon_core.package_identification:_identify(src/px4-ros2-interface-lib/examples/cpp/modes/manual) by extensions ['colcon_meta']
[0.268s] Level 1:colcon.colcon_core.package_identification:_identify(src/px4-ros2-interface-lib/examples/cpp/modes/manual) by extension 'colcon_meta'
[0.268s] Level 1:colcon.colcon_core.package_identification:_identify(src/px4-ros2-interface-lib/examples/cpp/modes/manual) by extensions ['ros']
[0.268s] Level 1:colcon.colcon_core.package_identification:_identify(src/px4-ros2-interface-lib/examples/cpp/modes/manual) by extension 'ros'
[0.269s] DEBUG:colcon.colcon_core.package_identification:Package 'src/px4-ros2-interface-lib/examples/cpp/modes/manual' with type 'ros.ament_cmake' and name 'example_mode_manual_cpp'
[0.269s] Level 1:colcon.colcon_core.package_identification:_identify(src/px4-ros2-interface-lib/examples/cpp/modes/mission) by extensions ['ignore', 'ignore_ament_install']
[0.269s] Level 1:colcon.colcon_core.package_identification:_identify(src/px4-ros2-interface-lib/examples/cpp/modes/mission) by extension 'ignore'
[0.269s] Level 1:colcon.colcon_core.package_identification:_identify(src/px4-ros2-interface-lib/examples/cpp/modes/mission) by extension 'ignore_ament_install'
[0.269s] Level 1:colcon.colcon_core.package_identification:_identify(src/px4-ros2-interface-lib/examples/cpp/modes/mission) by extensions ['colcon_pkg']
[0.269s] Level 1:colcon.colcon_core.package_identification:_identify(src/px4-ros2-interface-lib/examples/cpp/modes/mission) by extension 'colcon_pkg'
[0.269s] Level 1:colcon.colcon_core.package_identification:_identify(src/px4-ros2-interface-lib/examples/cpp/modes/mission) by extensions ['colcon_meta']
[0.269s] Level 1:colcon.colcon_core.package_identification:_identify(src/px4-ros2-interface-lib/examples/cpp/modes/mission) by extension 'colcon_meta'
[0.269s] Level 1:colcon.colcon_core.package_identification:_identify(src/px4-ros2-interface-lib/examples/cpp/modes/mission) by extensions ['ros']
[0.269s] Level 1:colcon.colcon_core.package_identification:_identify(src/px4-ros2-interface-lib/examples/cpp/modes/mission) by extension 'ros'
[0.270s] DEBUG:colcon.colcon_core.package_identification:Package 'src/px4-ros2-interface-lib/examples/cpp/modes/mission' with type 'ros.ament_cmake' and name 'example_mode_mission_cpp'
[0.270s] Level 1:colcon.colcon_core.package_identification:_identify(src/px4-ros2-interface-lib/examples/cpp/modes/mode_with_executor) by extensions ['ignore', 'ignore_ament_install']
[0.270s] Level 1:colcon.colcon_core.package_identification:_identify(src/px4-ros2-interface-lib/examples/cpp/modes/mode_with_executor) by extension 'ignore'
[0.270s] Level 1:colcon.colcon_core.package_identification:_identify(src/px4-ros2-interface-lib/examples/cpp/modes/mode_with_executor) by extension 'ignore_ament_install'
[0.270s] Level 1:colcon.colcon_core.package_identification:_identify(src/px4-ros2-interface-lib/examples/cpp/modes/mode_with_executor) by extensions ['colcon_pkg']
[0.270s] Level 1:colcon.colcon_core.package_identification:_identify(src/px4-ros2-interface-lib/examples/cpp/modes/mode_with_executor) by extension 'colcon_pkg'
[0.270s] Level 1:colcon.colcon_core.package_identification:_identify(src/px4-ros2-interface-lib/examples/cpp/modes/mode_with_executor) by extensions ['colcon_meta']
[0.270s] Level 1:colcon.colcon_core.package_identification:_identify(src/px4-ros2-interface-lib/examples/cpp/modes/mode_with_executor) by extension 'colcon_meta'
[0.270s] Level 1:colcon.colcon_core.package_identification:_identify(src/px4-ros2-interface-lib/examples/cpp/modes/mode_with_executor) by extensions ['ros']
[0.270s] Level 1:colcon.colcon_core.package_identification:_identify(src/px4-ros2-interface-lib/examples/cpp/modes/mode_with_executor) by extension 'ros'
[0.271s] DEBUG:colcon.colcon_core.package_identification:Package 'src/px4-ros2-interface-lib/examples/cpp/modes/mode_with_executor' with type 'ros.ament_cmake' and name 'example_mode_with_executor_cpp'
[0.271s] Level 1:colcon.colcon_core.package_identification:_identify(src/px4-ros2-interface-lib/examples/cpp/modes/rover_velocity) by extensions ['ignore', 'ignore_ament_install']
[0.271s] Level 1:colcon.colcon_core.package_identification:_identify(src/px4-ros2-interface-lib/examples/cpp/modes/rover_velocity) by extension 'ignore'
[0.271s] Level 1:colcon.colcon_core.package_identification:_identify(src/px4-ros2-interface-lib/examples/cpp/modes/rover_velocity) by extension 'ignore_ament_install'
[0.271s] Level 1:colcon.colcon_core.package_identification:_identify(src/px4-ros2-interface-lib/examples/cpp/modes/rover_velocity) by extensions ['colcon_pkg']
[0.271s] Level 1:colcon.colcon_core.package_identification:_identify(src/px4-ros2-interface-lib/examples/cpp/modes/rover_velocity) by extension 'colcon_pkg'
[0.271s] Level 1:colcon.colcon_core.package_identification:_identify(src/px4-ros2-interface-lib/examples/cpp/modes/rover_velocity) by extensions ['colcon_meta']
[0.271s] Level 1:colcon.colcon_core.package_identification:_identify(src/px4-ros2-interface-lib/examples/cpp/modes/rover_velocity) by extension 'colcon_meta'
[0.271s] Level 1:colcon.colcon_core.package_identification:_identify(src/px4-ros2-interface-lib/examples/cpp/modes/rover_velocity) by extensions ['ros']
[0.271s] Level 1:colcon.colcon_core.package_identification:_identify(src/px4-ros2-interface-lib/examples/cpp/modes/rover_velocity) by extension 'ros'
[0.271s] DEBUG:colcon.colcon_core.package_identification:Package 'src/px4-ros2-interface-lib/examples/cpp/modes/rover_velocity' with type 'ros.ament_cmake' and name 'example_rover_velocity_mode_cpp'
[0.271s] Level 1:colcon.colcon_core.package_identification:_identify(src/px4-ros2-interface-lib/examples/cpp/modes/rtl_replacement) by extensions ['ignore', 'ignore_ament_install']
[0.272s] Level 1:colcon.colcon_core.package_identification:_identify(src/px4-ros2-interface-lib/examples/cpp/modes/rtl_replacement) by extension 'ignore'
[0.272s] Level 1:colcon.colcon_core.package_identification:_identify(src/px4-ros2-interface-lib/examples/cpp/modes/rtl_replacement) by extension 'ignore_ament_install'
[0.272s] Level 1:colcon.colcon_core.package_identification:_identify(src/px4-ros2-interface-lib/examples/cpp/modes/rtl_replacement) by extensions ['colcon_pkg']
[0.272s] Level 1:colcon.colcon_core.package_identification:_identify(src/px4-ros2-interface-lib/examples/cpp/modes/rtl_replacement) by extension 'colcon_pkg'
[0.272s] Level 1:colcon.colcon_core.package_identification:_identify(src/px4-ros2-interface-lib/examples/cpp/modes/rtl_replacement) by extensions ['colcon_meta']
[0.272s] Level 1:colcon.colcon_core.package_identification:_identify(src/px4-ros2-interface-lib/examples/cpp/modes/rtl_replacement) by extension 'colcon_meta'
[0.272s] Level 1:colcon.colcon_core.package_identification:_identify(src/px4-ros2-interface-lib/examples/cpp/modes/rtl_replacement) by extensions ['ros']
[0.272s] Level 1:colcon.colcon_core.package_identification:_identify(src/px4-ros2-interface-lib/examples/cpp/modes/rtl_replacement) by extension 'ros'
[0.273s] DEBUG:colcon.colcon_core.package_identification:Package 'src/px4-ros2-interface-lib/examples/cpp/modes/rtl_replacement' with type 'ros.ament_cmake' and name 'example_mode_rtl_replacement_cpp'
[0.273s] Level 1:colcon.colcon_core.package_identification:_identify(src/px4-ros2-interface-lib/examples/cpp/modes/vtol) by extensions ['ignore', 'ignore_ament_install']
[0.273s] Level 1:colcon.colcon_core.package_identification:_identify(src/px4-ros2-interface-lib/examples/cpp/modes/vtol) by extension 'ignore'
[0.273s] Level 1:colcon.colcon_core.package_identification:_identify(src/px4-ros2-interface-lib/examples/cpp/modes/vtol) by extension 'ignore_ament_install'
[0.273s] Level 1:colcon.colcon_core.package_identification:_identify(src/px4-ros2-interface-lib/examples/cpp/modes/vtol) by extensions ['colcon_pkg']
[0.273s] Level 1:colcon.colcon_core.package_identification:_identify(src/px4-ros2-interface-lib/examples/cpp/modes/vtol) by extension 'colcon_pkg'
[0.273s] Level 1:colcon.colcon_core.package_identification:_identify(src/px4-ros2-interface-lib/examples/cpp/modes/vtol) by extensions ['colcon_meta']
[0.273s] Level 1:colcon.colcon_core.package_identification:_identify(src/px4-ros2-interface-lib/examples/cpp/modes/vtol) by extension 'colcon_meta'
[0.273s] Level 1:colcon.colcon_core.package_identification:_identify(src/px4-ros2-interface-lib/examples/cpp/modes/vtol) by extensions ['ros']
[0.273s] Level 1:colcon.colcon_core.package_identification:_identify(src/px4-ros2-interface-lib/examples/cpp/modes/vtol) by extension 'ros'
[0.274s] DEBUG:colcon.colcon_core.package_identification:Package 'src/px4-ros2-interface-lib/examples/cpp/modes/vtol' with type 'ros.ament_cmake' and name 'example_mode_vtol_cpp'
[0.274s] Level 1:colcon.colcon_core.package_identification:_identify(src/px4-ros2-interface-lib/examples/cpp/navigation) by extensions ['ignore', 'ignore_ament_install']
[0.274s] Level 1:colcon.colcon_core.package_identification:_identify(src/px4-ros2-interface-lib/examples/cpp/navigation) by extension 'ignore'
[0.274s] Level 1:colcon.colcon_core.package_identification:_identify(src/px4-ros2-interface-lib/examples/cpp/navigation) by extension 'ignore_ament_install'
[0.274s] Level 1:colcon.colcon_core.package_identification:_identify(src/px4-ros2-interface-lib/examples/cpp/navigation) by extensions ['colcon_pkg']
[0.274s] Level 1:colcon.colcon_core.package_identification:_identify(src/px4-ros2-interface-lib/examples/cpp/navigation) by extension 'colcon_pkg'
[0.274s] Level 1:colcon.colcon_core.package_identification:_identify(src/px4-ros2-interface-lib/examples/cpp/navigation) by extensions ['colcon_meta']
[0.274s] Level 1:colcon.colcon_core.package_identification:_identify(src/px4-ros2-interface-lib/examples/cpp/navigation) by extension 'colcon_meta'
[0.274s] Level 1:colcon.colcon_core.package_identification:_identify(src/px4-ros2-interface-lib/examples/cpp/navigation) by extensions ['ros']
[0.274s] Level 1:colcon.colcon_core.package_identification:_identify(src/px4-ros2-interface-lib/examples/cpp/navigation) by extension 'ros'
[0.274s] Level 1:colcon.colcon_core.package_identification:_identify(src/px4-ros2-interface-lib/examples/cpp/navigation) by extensions ['cmake', 'python']
[0.274s] Level 1:colcon.colcon_core.package_identification:_identify(src/px4-ros2-interface-lib/examples/cpp/navigation) by extension 'cmake'
[0.274s] Level 1:colcon.colcon_core.package_identification:_identify(src/px4-ros2-interface-lib/examples/cpp/navigation) by extension 'python'
[0.274s] Level 1:colcon.colcon_core.package_identification:_identify(src/px4-ros2-interface-lib/examples/cpp/navigation) by extensions ['python_setup_py']
[0.274s] Level 1:colcon.colcon_core.package_identification:_identify(src/px4-ros2-interface-lib/examples/cpp/navigation) by extension 'python_setup_py'
[0.274s] Level 1:colcon.colcon_core.package_identification:_identify(src/px4-ros2-interface-lib/examples/cpp/navigation/global_navigation) by extensions ['ignore', 'ignore_ament_install']
[0.274s] Level 1:colcon.colcon_core.package_identification:_identify(src/px4-ros2-interface-lib/examples/cpp/navigation/global_navigation) by extension 'ignore'
[0.274s] Level 1:colcon.colcon_core.package_identification:_identify(src/px4-ros2-interface-lib/examples/cpp/navigation/global_navigation) by extension 'ignore_ament_install'
[0.275s] Level 1:colcon.colcon_core.package_identification:_identify(src/px4-ros2-interface-lib/examples/cpp/navigation/global_navigation) by extensions ['colcon_pkg']
[0.275s] Level 1:colcon.colcon_core.package_identification:_identify(src/px4-ros2-interface-lib/examples/cpp/navigation/global_navigation) by extension 'colcon_pkg'
[0.275s] Level 1:colcon.colcon_core.package_identification:_identify(src/px4-ros2-interface-lib/examples/cpp/navigation/global_navigation) by extensions ['colcon_meta']
[0.275s] Level 1:colcon.colcon_core.package_identification:_identify(src/px4-ros2-interface-lib/examples/cpp/navigation/global_navigation) by extension 'colcon_meta'
[0.275s] Level 1:colcon.colcon_core.package_identification:_identify(src/px4-ros2-interface-lib/examples/cpp/navigation/global_navigation) by extensions ['ros']
[0.275s] Level 1:colcon.colcon_core.package_identification:_identify(src/px4-ros2-interface-lib/examples/cpp/navigation/global_navigation) by extension 'ros'
[0.275s] DEBUG:colcon.colcon_core.package_identification:Package 'src/px4-ros2-interface-lib/examples/cpp/navigation/global_navigation' with type 'ros.ament_cmake' and name 'example_global_navigation_cpp'
[0.275s] Level 1:colcon.colcon_core.package_identification:_identify(src/px4-ros2-interface-lib/examples/cpp/navigation/local_navigation) by extensions ['ignore', 'ignore_ament_install']
[0.275s] Level 1:colcon.colcon_core.package_identification:_identify(src/px4-ros2-interface-lib/examples/cpp/navigation/local_navigation) by extension 'ignore'
[0.275s] Level 1:colcon.colcon_core.package_identification:_identify(src/px4-ros2-interface-lib/examples/cpp/navigation/local_navigation) by extension 'ignore_ament_install'
[0.275s] Level 1:colcon.colcon_core.package_identification:_identify(src/px4-ros2-interface-lib/examples/cpp/navigation/local_navigation) by extensions ['colcon_pkg']
[0.275s] Level 1:colcon.colcon_core.package_identification:_identify(src/px4-ros2-interface-lib/examples/cpp/navigation/local_navigation) by extension 'colcon_pkg'
[0.275s] Level 1:colcon.colcon_core.package_identification:_identify(src/px4-ros2-interface-lib/examples/cpp/navigation/local_navigation) by extensions ['colcon_meta']
[0.276s] Level 1:colcon.colcon_core.package_identification:_identify(src/px4-ros2-interface-lib/examples/cpp/navigation/local_navigation) by extension 'colcon_meta'
[0.276s] Level 1:colcon.colcon_core.package_identification:_identify(src/px4-ros2-interface-lib/examples/cpp/navigation/local_navigation) by extensions ['ros']
[0.276s] Level 1:colcon.colcon_core.package_identification:_identify(src/px4-ros2-interface-lib/examples/cpp/navigation/local_navigation) by extension 'ros'
[0.276s] DEBUG:colcon.colcon_core.package_identification:Package 'src/px4-ros2-interface-lib/examples/cpp/navigation/local_navigation' with type 'ros.ament_cmake' and name 'example_local_navigation_cpp'
[0.276s] Level 1:colcon.colcon_core.package_identification:_identify(src/px4-ros2-interface-lib/examples/python) by extensions ['ignore', 'ignore_ament_install']
[0.276s] Level 1:colcon.colcon_core.package_identification:_identify(src/px4-ros2-interface-lib/examples/python) by extension 'ignore'
[0.276s] Level 1:colcon.colcon_core.package_identification:_identify(src/px4-ros2-interface-lib/examples/python) by extension 'ignore_ament_install'
[0.276s] Level 1:colcon.colcon_core.package_identification:_identify(src/px4-ros2-interface-lib/examples/python) by extensions ['colcon_pkg']
[0.276s] Level 1:colcon.colcon_core.package_identification:_identify(src/px4-ros2-interface-lib/examples/python) by extension 'colcon_pkg'
[0.276s] Level 1:colcon.colcon_core.package_identification:_identify(src/px4-ros2-interface-lib/examples/python) by extensions ['colcon_meta']
[0.276s] Level 1:colcon.colcon_core.package_identification:_identify(src/px4-ros2-interface-lib/examples/python) by extension 'colcon_meta'
[0.276s] Level 1:colcon.colcon_core.package_identification:_identify(src/px4-ros2-interface-lib/examples/python) by extensions ['ros']
[0.276s] Level 1:colcon.colcon_core.package_identification:_identify(src/px4-ros2-interface-lib/examples/python) by extension 'ros'
[0.277s] Level 1:colcon.colcon_core.package_identification:_identify(src/px4-ros2-interface-lib/examples/python) by extensions ['cmake', 'python']
[0.277s] Level 1:colcon.colcon_core.package_identification:_identify(src/px4-ros2-interface-lib/examples/python) by extension 'cmake'
[0.277s] Level 1:colcon.colcon_core.package_identification:_identify(src/px4-ros2-interface-lib/examples/python) by extension 'python'
[0.277s] Level 1:colcon.colcon_core.package_identification:_identify(src/px4-ros2-interface-lib/examples/python) by extensions ['python_setup_py']
[0.277s] Level 1:colcon.colcon_core.package_identification:_identify(src/px4-ros2-interface-lib/examples/python) by extension 'python_setup_py'
[0.277s] Level 1:colcon.colcon_core.package_identification:_identify(src/px4-ros2-interface-lib/examples/python/modes) by extensions ['ignore', 'ignore_ament_install']
[0.277s] Level 1:colcon.colcon_core.package_identification:_identify(src/px4-ros2-interface-lib/examples/python/modes) by extension 'ignore'
[0.277s] Level 1:colcon.colcon_core.package_identification:_identify(src/px4-ros2-interface-lib/examples/python/modes) by extension 'ignore_ament_install'
[0.277s] Level 1:colcon.colcon_core.package_identification:_identify(src/px4-ros2-interface-lib/examples/python/modes) by extensions ['colcon_pkg']
[0.277s] Level 1:colcon.colcon_core.package_identification:_identify(src/px4-ros2-interface-lib/examples/python/modes) by extension 'colcon_pkg'
[0.277s] Level 1:colcon.colcon_core.package_identification:_identify(src/px4-ros2-interface-lib/examples/python/modes) by extensions ['colcon_meta']
[0.277s] Level 1:colcon.colcon_core.package_identification:_identify(src/px4-ros2-interface-lib/examples/python/modes) by extension 'colcon_meta'
[0.277s] Level 1:colcon.colcon_core.package_identification:_identify(src/px4-ros2-interface-lib/examples/python/modes) by extensions ['ros']
[0.277s] Level 1:colcon.colcon_core.package_identification:_identify(src/px4-ros2-interface-lib/examples/python/modes) by extension 'ros'
[0.277s] Level 1:colcon.colcon_core.package_identification:_identify(src/px4-ros2-interface-lib/examples/python/modes) by extensions ['cmake', 'python']
[0.277s] Level 1:colcon.colcon_core.package_identification:_identify(src/px4-ros2-interface-lib/examples/python/modes) by extension 'cmake'
[0.277s] Level 1:colcon.colcon_core.package_identification:_identify(src/px4-ros2-interface-lib/examples/python/modes) by extension 'python'
[0.277s] Level 1:colcon.colcon_core.package_identification:_identify(src/px4-ros2-interface-lib/examples/python/modes) by extensions ['python_setup_py']
[0.277s] Level 1:colcon.colcon_core.package_identification:_identify(src/px4-ros2-interface-lib/examples/python/modes) by extension 'python_setup_py'
[0.278s] Level 1:colcon.colcon_core.package_identification:_identify(src/px4-ros2-interface-lib/examples/python/modes/goto) by extensions ['ignore', 'ignore_ament_install']
[0.278s] Level 1:colcon.colcon_core.package_identification:_identify(src/px4-ros2-interface-lib/examples/python/modes/goto) by extension 'ignore'
[0.278s] Level 1:colcon.colcon_core.package_identification:_identify(src/px4-ros2-interface-lib/examples/python/modes/goto) by extension 'ignore_ament_install'
[0.278s] Level 1:colcon.colcon_core.package_identification:_identify(src/px4-ros2-interface-lib/examples/python/modes/goto) by extensions ['colcon_pkg']
[0.278s] Level 1:colcon.colcon_core.package_identification:_identify(src/px4-ros2-interface-lib/examples/python/modes/goto) by extension 'colcon_pkg'
[0.278s] Level 1:colcon.colcon_core.package_identification:_identify(src/px4-ros2-interface-lib/examples/python/modes/goto) by extensions ['colcon_meta']
[0.278s] Level 1:colcon.colcon_core.package_identification:_identify(src/px4-ros2-interface-lib/examples/python/modes/goto) by extension 'colcon_meta'
[0.278s] Level 1:colcon.colcon_core.package_identification:_identify(src/px4-ros2-interface-lib/examples/python/modes/goto) by extensions ['ros']
[0.278s] Level 1:colcon.colcon_core.package_identification:_identify(src/px4-ros2-interface-lib/examples/python/modes/goto) by extension 'ros'
[0.278s] DEBUG:colcon.colcon_core.package_identification:Package 'src/px4-ros2-interface-lib/examples/python/modes/goto' with type 'ros.ament_python' and name 'example_mode_goto_py'
[0.278s] Level 1:colcon.colcon_core.package_identification:_identify(src/px4-ros2-interface-lib/examples/python/modes/goto_with_rclpy) by extensions ['ignore', 'ignore_ament_install']
[0.279s] Level 1:colcon.colcon_core.package_identification:_identify(src/px4-ros2-interface-lib/examples/python/modes/goto_with_rclpy) by extension 'ignore'
[0.279s] Level 1:colcon.colcon_core.package_identification:_identify(src/px4-ros2-interface-lib/examples/python/modes/goto_with_rclpy) by extension 'ignore_ament_install'
[0.279s] Level 1:colcon.colcon_core.package_identification:_identify(src/px4-ros2-interface-lib/examples/python/modes/goto_with_rclpy) by extensions ['colcon_pkg']
[0.279s] Level 1:colcon.colcon_core.package_identification:_identify(src/px4-ros2-interface-lib/examples/python/modes/goto_with_rclpy) by extension 'colcon_pkg'
[0.279s] Level 1:colcon.colcon_core.package_identification:_identify(src/px4-ros2-interface-lib/examples/python/modes/goto_with_rclpy) by extensions ['colcon_meta']
[0.279s] Level 1:colcon.colcon_core.package_identification:_identify(src/px4-ros2-interface-lib/examples/python/modes/goto_with_rclpy) by extension 'colcon_meta'
[0.279s] Level 1:colcon.colcon_core.package_identification:_identify(src/px4-ros2-interface-lib/examples/python/modes/goto_with_rclpy) by extensions ['ros']
[0.279s] Level 1:colcon.colcon_core.package_identification:_identify(src/px4-ros2-interface-lib/examples/python/modes/goto_with_rclpy) by extension 'ros'
[0.279s] DEBUG:colcon.colcon_core.package_identification:Package 'src/px4-ros2-interface-lib/examples/python/modes/goto_with_rclpy' with type 'ros.ament_python' and name 'example_mode_with_rclpy_py'
[0.279s] Level 1:colcon.colcon_core.package_identification:_identify(src/px4-ros2-interface-lib/mission) by extensions ['ignore', 'ignore_ament_install']
[0.279s] Level 1:colcon.colcon_core.package_identification:_identify(src/px4-ros2-interface-lib/mission) by extension 'ignore'
[0.279s] Level 1:colcon.colcon_core.package_identification:_identify(src/px4-ros2-interface-lib/mission) by extension 'ignore_ament_install'
[0.279s] Level 1:colcon.colcon_core.package_identification:_identify(src/px4-ros2-interface-lib/mission) by extensions ['colcon_pkg']
[0.279s] Level 1:colcon.colcon_core.package_identification:_identify(src/px4-ros2-interface-lib/mission) by extension 'colcon_pkg'
[0.279s] Level 1:colcon.colcon_core.package_identification:_identify(src/px4-ros2-interface-lib/mission) by extensions ['colcon_meta']
[0.280s] Level 1:colcon.colcon_core.package_identification:_identify(src/px4-ros2-interface-lib/mission) by extension 'colcon_meta'
[0.280s] Level 1:colcon.colcon_core.package_identification:_identify(src/px4-ros2-interface-lib/mission) by extensions ['ros']
[0.280s] Level 1:colcon.colcon_core.package_identification:_identify(src/px4-ros2-interface-lib/mission) by extension 'ros'
[0.280s] Level 1:colcon.colcon_core.package_identification:_identify(src/px4-ros2-interface-lib/mission) by extensions ['cmake', 'python']
[0.280s] Level 1:colcon.colcon_core.package_identification:_identify(src/px4-ros2-interface-lib/mission) by extension 'cmake'
[0.280s] Level 1:colcon.colcon_core.package_identification:_identify(src/px4-ros2-interface-lib/mission) by extension 'python'
[0.280s] Level 1:colcon.colcon_core.package_identification:_identify(src/px4-ros2-interface-lib/mission) by extensions ['python_setup_py']
[0.280s] Level 1:colcon.colcon_core.package_identification:_identify(src/px4-ros2-interface-lib/mission) by extension 'python_setup_py'
[0.280s] Level 1:colcon.colcon_core.package_identification:_identify(src/px4-ros2-interface-lib/mission/examples) by extensions ['ignore', 'ignore_ament_install']
[0.280s] Level 1:colcon.colcon_core.package_identification:_identify(src/px4-ros2-interface-lib/mission/examples) by extension 'ignore'
[0.280s] Level 1:colcon.colcon_core.package_identification:_identify(src/px4-ros2-interface-lib/mission/examples) by extension 'ignore_ament_install'
[0.280s] Level 1:colcon.colcon_core.package_identification:_identify(src/px4-ros2-interface-lib/mission/examples) by extensions ['colcon_pkg']
[0.280s] Level 1:colcon.colcon_core.package_identification:_identify(src/px4-ros2-interface-lib/mission/examples) by extension 'colcon_pkg'
[0.280s] Level 1:colcon.colcon_core.package_identification:_identify(src/px4-ros2-interface-lib/mission/examples) by extensions ['colcon_meta']
[0.280s] Level 1:colcon.colcon_core.package_identification:_identify(src/px4-ros2-interface-lib/mission/examples) by extension 'colcon_meta'
[0.280s] Level 1:colcon.colcon_core.package_identification:_identify(src/px4-ros2-interface-lib/mission/examples) by extensions ['ros']
[0.280s] Level 1:colcon.colcon_core.package_identification:_identify(src/px4-ros2-interface-lib/mission/examples) by extension 'ros'
[0.280s] Level 1:colcon.colcon_core.package_identification:_identify(src/px4-ros2-interface-lib/mission/examples) by extensions ['cmake', 'python']
[0.280s] Level 1:colcon.colcon_core.package_identification:_identify(src/px4-ros2-interface-lib/mission/examples) by extension 'cmake'
[0.280s] Level 1:colcon.colcon_core.package_identification:_identify(src/px4-ros2-interface-lib/mission/examples) by extension 'python'
[0.280s] Level 1:colcon.colcon_core.package_identification:_identify(src/px4-ros2-interface-lib/mission/examples) by extensions ['python_setup_py']
[0.280s] Level 1:colcon.colcon_core.package_identification:_identify(src/px4-ros2-interface-lib/mission/examples) by extension 'python_setup_py'
[0.280s] Level 1:colcon.colcon_core.package_identification:_identify(src/px4-ros2-interface-lib/px4_ros2_cpp) by extensions ['ignore', 'ignore_ament_install']
[0.281s] Level 1:colcon.colcon_core.package_identification:_identify(src/px4-ros2-interface-lib/px4_ros2_cpp) by extension 'ignore'
[0.281s] Level 1:colcon.colcon_core.package_identification:_identify(src/px4-ros2-interface-lib/px4_ros2_cpp) by extension 'ignore_ament_install'
[0.281s] Level 1:colcon.colcon_core.package_identification:_identify(src/px4-ros2-interface-lib/px4_ros2_cpp) by extensions ['colcon_pkg']
[0.281s] Level 1:colcon.colcon_core.package_identification:_identify(src/px4-ros2-interface-lib/px4_ros2_cpp) by extension 'colcon_pkg'
[0.281s] Level 1:colcon.colcon_core.package_identification:_identify(src/px4-ros2-interface-lib/px4_ros2_cpp) by extensions ['colcon_meta']
[0.281s] Level 1:colcon.colcon_core.package_identification:_identify(src/px4-ros2-interface-lib/px4_ros2_cpp) by extension 'colcon_meta'
[0.281s] Level 1:colcon.colcon_core.package_identification:_identify(src/px4-ros2-interface-lib/px4_ros2_cpp) by extensions ['ros']
[0.281s] Level 1:colcon.colcon_core.package_identification:_identify(src/px4-ros2-interface-lib/px4_ros2_cpp) by extension 'ros'
[0.281s] DEBUG:colcon.colcon_core.package_identification:Package 'src/px4-ros2-interface-lib/px4_ros2_cpp' with type 'ros.ament_cmake' and name 'px4_ros2_cpp'
[0.282s] Level 1:colcon.colcon_core.package_identification:_identify(src/px4-ros2-interface-lib/px4_ros2_py) by extensions ['ignore', 'ignore_ament_install']
[0.282s] Level 1:colcon.colcon_core.package_identification:_identify(src/px4-ros2-interface-lib/px4_ros2_py) by extension 'ignore'
[0.282s] Level 1:colcon.colcon_core.package_identification:_identify(src/px4-ros2-interface-lib/px4_ros2_py) by extension 'ignore_ament_install'
[0.282s] Level 1:colcon.colcon_core.package_identification:_identify(src/px4-ros2-interface-lib/px4_ros2_py) by extensions ['colcon_pkg']
[0.282s] Level 1:colcon.colcon_core.package_identification:_identify(src/px4-ros2-interface-lib/px4_ros2_py) by extension 'colcon_pkg'
[0.282s] Level 1:colcon.colcon_core.package_identification:_identify(src/px4-ros2-interface-lib/px4_ros2_py) by extensions ['colcon_meta']
[0.282s] Level 1:colcon.colcon_core.package_identification:_identify(src/px4-ros2-interface-lib/px4_ros2_py) by extension 'colcon_meta'
[0.282s] Level 1:colcon.colcon_core.package_identification:_identify(src/px4-ros2-interface-lib/px4_ros2_py) by extensions ['ros']
[0.282s] Level 1:colcon.colcon_core.package_identification:_identify(src/px4-ros2-interface-lib/px4_ros2_py) by extension 'ros'
[0.283s] DEBUG:colcon.colcon_core.package_identification:Package 'src/px4-ros2-interface-lib/px4_ros2_py' with type 'ros.ament_cmake' and name 'px4_ros2_py'
[0.283s] Level 1:colcon.colcon_core.package_identification:_identify(src/px4-ros2-interface-lib/python_docs) by extensions ['ignore', 'ignore_ament_install']
[0.283s] Level 1:colcon.colcon_core.package_identification:_identify(src/px4-ros2-interface-lib/python_docs) by extension 'ignore'
[0.283s] Level 1:colcon.colcon_core.package_identification:_identify(src/px4-ros2-interface-lib/python_docs) by extension 'ignore_ament_install'
[0.283s] Level 1:colcon.colcon_core.package_identification:_identify(src/px4-ros2-interface-lib/python_docs) by extensions ['colcon_pkg']
[0.283s] Level 1:colcon.colcon_core.package_identification:_identify(src/px4-ros2-interface-lib/python_docs) by extension 'colcon_pkg'
[0.283s] Level 1:colcon.colcon_core.package_identification:_identify(src/px4-ros2-interface-lib/python_docs) by extensions ['colcon_meta']
[0.283s] Level 1:colcon.colcon_core.package_identification:_identify(src/px4-ros2-interface-lib/python_docs) by extension 'colcon_meta'
[0.283s] Level 1:colcon.colcon_core.package_identification:_identify(src/px4-ros2-interface-lib/python_docs) by extensions ['ros']
[0.283s] Level 1:colcon.colcon_core.package_identification:_identify(src/px4-ros2-interface-lib/python_docs) by extension 'ros'
[0.283s] Level 1:colcon.colcon_core.package_identification:_identify(src/px4-ros2-interface-lib/python_docs) by extensions ['cmake', 'python']
[0.283s] Level 1:colcon.colcon_core.package_identification:_identify(src/px4-ros2-interface-lib/python_docs) by extension 'cmake'
[0.283s] Level 1:colcon.colcon_core.package_identification:_identify(src/px4-ros2-interface-lib/python_docs) by extension 'python'
[0.283s] Level 1:colcon.colcon_core.package_identification:_identify(src/px4-ros2-interface-lib/python_docs) by extensions ['python_setup_py']
[0.283s] Level 1:colcon.colcon_core.package_identification:_identify(src/px4-ros2-interface-lib/python_docs) by extension 'python_setup_py'
[0.283s] Level 1:colcon.colcon_core.package_identification:_identify(src/px4-ros2-interface-lib/scripts) by extensions ['ignore', 'ignore_ament_install']
[0.283s] Level 1:colcon.colcon_core.package_identification:_identify(src/px4-ros2-interface-lib/scripts) by extension 'ignore'
[0.283s] Level 1:colcon.colcon_core.package_identification:_identify(src/px4-ros2-interface-lib/scripts) by extension 'ignore_ament_install'
[0.284s] Level 1:colcon.colcon_core.package_identification:_identify(src/px4-ros2-interface-lib/scripts) by extensions ['colcon_pkg']
[0.284s] Level 1:colcon.colcon_core.package_identification:_identify(src/px4-ros2-interface-lib/scripts) by extension 'colcon_pkg'
[0.284s] Level 1:colcon.colcon_core.package_identification:_identify(src/px4-ros2-interface-lib/scripts) by extensions ['colcon_meta']
[0.284s] Level 1:colcon.colcon_core.package_identification:_identify(src/px4-ros2-interface-lib/scripts) by extension 'colcon_meta'
[0.284s] Level 1:colcon.colcon_core.package_identification:_identify(src/px4-ros2-interface-lib/scripts) by extensions ['ros']
[0.284s] Level 1:colcon.colcon_core.package_identification:_identify(src/px4-ros2-interface-lib/scripts) by extension 'ros'
[0.284s] Level 1:colcon.colcon_core.package_identification:_identify(src/px4-ros2-interface-lib/scripts) by extensions ['cmake', 'python']
[0.284s] Level 1:colcon.colcon_core.package_identification:_identify(src/px4-ros2-interface-lib/scripts) by extension 'cmake'
[0.284s] Level 1:colcon.colcon_core.package_identification:_identify(src/px4-ros2-interface-lib/scripts) by extension 'python'
[0.284s] Level 1:colcon.colcon_core.package_identification:_identify(src/px4-ros2-interface-lib/scripts) by extensions ['python_setup_py']
[0.284s] Level 1:colcon.colcon_core.package_identification:_identify(src/px4-ros2-interface-lib/scripts) by extension 'python_setup_py'
[0.284s] Level 1:colcon.colcon_core.package_identification:_identify(src/px4_actuator_ctrl) by extensions ['ignore', 'ignore_ament_install']
[0.284s] Level 1:colcon.colcon_core.package_identification:_identify(src/px4_actuator_ctrl) by extension 'ignore'
[0.284s] Level 1:colcon.colcon_core.package_identification:_identify(src/px4_actuator_ctrl) by extension 'ignore_ament_install'
[0.284s] Level 1:colcon.colcon_core.package_identification:_identify(src/px4_actuator_ctrl) by extensions ['colcon_pkg']
[0.284s] Level 1:colcon.colcon_core.package_identification:_identify(src/px4_actuator_ctrl) by extension 'colcon_pkg'
[0.285s] Level 1:colcon.colcon_core.package_identification:_identify(src/px4_actuator_ctrl) by extensions ['colcon_meta']
[0.285s] Level 1:colcon.colcon_core.package_identification:_identify(src/px4_actuator_ctrl) by extension 'colcon_meta'
[0.285s] Level 1:colcon.colcon_core.package_identification:_identify(src/px4_actuator_ctrl) by extensions ['ros']
[0.285s] Level 1:colcon.colcon_core.package_identification:_identify(src/px4_actuator_ctrl) by extension 'ros'
[0.285s] DEBUG:colcon.colcon_core.package_identification:Package 'src/px4_actuator_ctrl' with type 'ros.ament_python' and name 'px4_actuator_ctrl'
[0.285s] Level 1:colcon.colcon_core.package_identification:_identify(src/px4_msgs) by extensions ['ignore', 'ignore_ament_install']
[0.285s] Level 1:colcon.colcon_core.package_identification:_identify(src/px4_msgs) by extension 'ignore'
[0.285s] Level 1:colcon.colcon_core.package_identification:_identify(src/px4_msgs) by extension 'ignore_ament_install'
[0.285s] Level 1:colcon.colcon_core.package_identification:_identify(src/px4_msgs) by extensions ['colcon_pkg']
[0.285s] Level 1:colcon.colcon_core.package_identification:_identify(src/px4_msgs) by extension 'colcon_pkg'
[0.285s] Level 1:colcon.colcon_core.package_identification:_identify(src/px4_msgs) by extensions ['colcon_meta']
[0.285s] Level 1:colcon.colcon_core.package_identification:_identify(src/px4_msgs) by extension 'colcon_meta'
[0.285s] Level 1:colcon.colcon_core.package_identification:_identify(src/px4_msgs) by extensions ['ros']
[0.285s] Level 1:colcon.colcon_core.package_identification:_identify(src/px4_msgs) by extension 'ros'
[0.286s] DEBUG:colcon.colcon_core.package_identification:Package 'src/px4_msgs' with type 'ros.ament_cmake' and name 'px4_msgs'
[0.286s] Level 1:colcon.colcon_core.package_identification:_identify(src/px4_ros_com) by extensions ['ignore', 'ignore_ament_install']
[0.286s] Level 1:colcon.colcon_core.package_identification:_identify(src/px4_ros_com) by extension 'ignore'
[0.286s] Level 1:colcon.colcon_core.package_identification:_identify(src/px4_ros_com) by extension 'ignore_ament_install'
[0.286s] Level 1:colcon.colcon_core.package_identification:_identify(src/px4_ros_com) by extensions ['colcon_pkg']
[0.286s] Level 1:colcon.colcon_core.package_identification:_identify(src/px4_ros_com) by extension 'colcon_pkg'
[0.286s] Level 1:colcon.colcon_core.package_identification:_identify(src/px4_ros_com) by extensions ['colcon_meta']
[0.286s] Level 1:colcon.colcon_core.package_identification:_identify(src/px4_ros_com) by extension 'colcon_meta'
[0.286s] Level 1:colcon.colcon_core.package_identification:_identify(src/px4_ros_com) by extensions ['ros']
[0.286s] Level 1:colcon.colcon_core.package_identification:_identify(src/px4_ros_com) by extension 'ros'
[0.288s] DEBUG:colcon.colcon_core.package_identification:Package 'src/px4_ros_com' with type 'ros.ament_cmake' and name 'px4_ros_com'
[0.288s] Level 1:colcon.colcon_core.package_identification:_identify(src/x500_hover_controller) by extensions ['ignore', 'ignore_ament_install']
[0.288s] Level 1:colcon.colcon_core.package_identification:_identify(src/x500_hover_controller) by extension 'ignore'
[0.288s] Level 1:colcon.colcon_core.package_identification:_identify(src/x500_hover_controller) by extension 'ignore_ament_install'
[0.288s] Level 1:colcon.colcon_core.package_identification:_identify(src/x500_hover_controller) by extensions ['colcon_pkg']
[0.288s] Level 1:colcon.colcon_core.package_identification:_identify(src/x500_hover_controller) by extension 'colcon_pkg'
[0.288s] Level 1:colcon.colcon_core.package_identification:_identify(src/x500_hover_controller) by extensions ['colcon_meta']
[0.288s] Level 1:colcon.colcon_core.package_identification:_identify(src/x500_hover_controller) by extension 'colcon_meta'
[0.288s] Level 1:colcon.colcon_core.package_identification:_identify(src/x500_hover_controller) by extensions ['ros']
[0.288s] Level 1:colcon.colcon_core.package_identification:_identify(src/x500_hover_controller) by extension 'ros'
[0.289s] DEBUG:colcon.colcon_core.package_identification:Package 'src/x500_hover_controller' with type 'ros.ament_python' and name 'x500_hover_controller'
[0.289s] Level 1:colcon.colcon_core.package_discovery:discover_packages(recursive) using defaults
[0.289s] Level 1:colcon.colcon_core.package_discovery:discover_packages(ignore) discover
[0.289s] Level 1:colcon.colcon_core.package_discovery:discover_packages(ignore) using defaults
[0.289s] Level 1:colcon.colcon_core.package_discovery:discover_packages(path) discover
[0.289s] Level 1:colcon.colcon_core.package_discovery:discover_packages(path) using defaults
[0.310s] Level 1:colcon.colcon_core.package_discovery:discover_packages(prefix_path) check parameters
[0.310s] Level 1:colcon.colcon_core.package_discovery:discover_packages(prefix_path) discover
[0.313s] DEBUG:colcon.colcon_installed_package_information.package_discovery:Found 20 installed packages in /home/mikks/ros2_px4_ws/install
[0.314s] DEBUG:colcon.colcon_installed_package_information.package_discovery:Found 31 installed packages in /home/mikks/crazyflie_mapping_demo/ros2_ws/install
[0.315s] DEBUG:colcon.colcon_installed_package_information.package_discovery:Found 4 installed packages in /home/mikks/ros2_ws/install
[0.316s] DEBUG:colcon.colcon_installed_package_information.package_discovery:Found 300 installed packages in /opt/ros/jazzy
[0.317s] Level 1:colcon.colcon_core.package_discovery:discover_packages(prefix_path) using defaults
[0.369s] Level 5:colcon.colcon_core.verb:set package 'px4_msgs' build argument 'cmake_args' from command line to 'None'
[0.369s] Level 5:colcon.colcon_core.verb:set package 'px4_msgs' build argument 'cmake_target' from command line to 'None'
[0.369s] Level 5:colcon.colcon_core.verb:set package 'px4_msgs' build argument 'cmake_target_skip_unavailable' from command line to 'False'
[0.369s] Level 5:colcon.colcon_core.verb:set package 'px4_msgs' build argument 'cmake_clean_cache' from command line to 'False'
[0.369s] Level 5:colcon.colcon_core.verb:set package 'px4_msgs' build argument 'cmake_clean_first' from command line to 'False'
[0.369s] Level 5:colcon.colcon_core.verb:set package 'px4_msgs' build argument 'cmake_force_configure' from command line to 'False'
[0.369s] Level 5:colcon.colcon_core.verb:set package 'px4_msgs' build argument 'ament_cmake_args' from command line to 'None'
[0.369s] Level 5:colcon.colcon_core.verb:set package 'px4_msgs' build argument 'catkin_cmake_args' from command line to 'None'
[0.369s] Level 5:colcon.colcon_core.verb:set package 'px4_msgs' build argument 'catkin_skip_building_tests' from command line to 'False'
[0.369s] DEBUG:colcon.colcon_core.verb:Building package 'px4_msgs' with the following arguments: {'ament_cmake_args': None, 'build_base': '/home/mikks/ros2_px4_ws/build/px4_msgs', 'catkin_cmake_args': None, 'catkin_skip_building_tests': False, 'cmake_args': None, 'cmake_clean_cache': False, 'cmake_clean_first': False, 'cmake_force_configure': False, 'cmake_target': None, 'cmake_target_skip_unavailable': False, 'install_base': '/home/mikks/ros2_px4_ws/install/px4_msgs', 'merge_install': False, 'path': '/home/mikks/ros2_px4_ws/src/px4_msgs', 'symlink_install': True, 'test_result_base': None}
[0.369s] Level 5:colcon.colcon_core.verb:set package 'px4_actuator_ctrl' build argument 'cmake_args' from command line to 'None'
[0.370s] Level 5:colcon.colcon_core.verb:set package 'px4_actuator_ctrl' build argument 'cmake_target' from command line to 'None'
[0.370s] Level 5:colcon.colcon_core.verb:set package 'px4_actuator_ctrl' build argument 'cmake_target_skip_unavailable' from command line to 'False'
[0.370s] Level 5:colcon.colcon_core.verb:set package 'px4_actuator_ctrl' build argument 'cmake_clean_cache' from command line to 'False'
[0.370s] Level 5:colcon.colcon_core.verb:set package 'px4_actuator_ctrl' build argument 'cmake_clean_first' from command line to 'False'
[0.370s] Level 5:colcon.colcon_core.verb:set package 'px4_actuator_ctrl' build argument 'cmake_force_configure' from command line to 'False'
[0.370s] Level 5:colcon.colcon_core.verb:set package 'px4_actuator_ctrl' build argument 'ament_cmake_args' from command line to 'None'
[0.370s] Level 5:colcon.colcon_core.verb:set package 'px4_actuator_ctrl' build argument 'catkin_cmake_args' from command line to 'None'
[0.370s] Level 5:colcon.colcon_core.verb:set package 'px4_actuator_ctrl' build argument 'catkin_skip_building_tests' from command line to 'False'
[0.370s] DEBUG:colcon.colcon_core.verb:Building package 'px4_actuator_ctrl' with the following arguments: {'ament_cmake_args': None, 'build_base': '/home/mikks/ros2_px4_ws/build/px4_actuator_ctrl', 'catkin_cmake_args': None, 'catkin_skip_building_tests': False, 'cmake_args': None, 'cmake_clean_cache': False, 'cmake_clean_first': False, 'cmake_force_configure': False, 'cmake_target': None, 'cmake_target_skip_unavailable': False, 'install_base': '/home/mikks/ros2_px4_ws/install/px4_actuator_ctrl', 'merge_install': False, 'path': '/home/mikks/ros2_px4_ws/src/px4_actuator_ctrl', 'symlink_install': True, 'test_result_base': None}
[0.370s] Level 5:colcon.colcon_core.verb:set package 'px4_ros2_cpp' build argument 'cmake_args' from command line to 'None'
[0.370s] Level 5:colcon.colcon_core.verb:set package 'px4_ros2_cpp' build argument 'cmake_target' from command line to 'None'
[0.370s] Level 5:colcon.colcon_core.verb:set package 'px4_ros2_cpp' build argument 'cmake_target_skip_unavailable' from command line to 'False'
[0.370s] Level 5:colcon.colcon_core.verb:set package 'px4_ros2_cpp' build argument 'cmake_clean_cache' from command line to 'False'
[0.370s] Level 5:colcon.colcon_core.verb:set package 'px4_ros2_cpp' build argument 'cmake_clean_first' from command line to 'False'
[0.370s] Level 5:colcon.colcon_core.verb:set package 'px4_ros2_cpp' build argument 'cmake_force_configure' from command line to 'False'
[0.370s] Level 5:colcon.colcon_core.verb:set package 'px4_ros2_cpp' build argument 'ament_cmake_args' from command line to 'None'
[0.370s] Level 5:colcon.colcon_core.verb:set package 'px4_ros2_cpp' build argument 'catkin_cmake_args' from command line to 'None'
[0.370s] Level 5:colcon.colcon_core.verb:set package 'px4_ros2_cpp' build argument 'catkin_skip_building_tests' from command line to 'False'
[0.370s] DEBUG:colcon.colcon_core.verb:Building package 'px4_ros2_cpp' with the following arguments: {'ament_cmake_args': None, 'build_base': '/home/mikks/ros2_px4_ws/build/px4_ros2_cpp', 'catkin_cmake_args': None, 'catkin_skip_building_tests': False, 'cmake_args': None, 'cmake_clean_cache': False, 'cmake_clean_first': False, 'cmake_force_configure': False, 'cmake_target': None, 'cmake_target_skip_unavailable': False, 'install_base': '/home/mikks/ros2_px4_ws/install/px4_ros2_cpp', 'merge_install': False, 'path': '/home/mikks/ros2_px4_ws/src/px4-ros2-interface-lib/px4_ros2_cpp', 'symlink_install': True, 'test_result_base': None}
[0.370s] Level 5:colcon.colcon_core.verb:set package 'px4_ros_com' build argument 'cmake_args' from command line to 'None'
[0.370s] Level 5:colcon.colcon_core.verb:set package 'px4_ros_com' build argument 'cmake_target' from command line to 'None'
[0.370s] Level 5:colcon.colcon_core.verb:set package 'px4_ros_com' build argument 'cmake_target_skip_unavailable' from command line to 'False'
[0.370s] Level 5:colcon.colcon_core.verb:set package 'px4_ros_com' build argument 'cmake_clean_cache' from command line to 'False'
[0.370s] Level 5:colcon.colcon_core.verb:set package 'px4_ros_com' build argument 'cmake_clean_first' from command line to 'False'
[0.370s] Level 5:colcon.colcon_core.verb:set package 'px4_ros_com' build argument 'cmake_force_configure' from command line to 'False'
[0.370s] Level 5:colcon.colcon_core.verb:set package 'px4_ros_com' build argument 'ament_cmake_args' from command line to 'None'
[0.370s] Level 5:colcon.colcon_core.verb:set package 'px4_ros_com' build argument 'catkin_cmake_args' from command line to 'None'
[0.371s] Level 5:colcon.colcon_core.verb:set package 'px4_ros_com' build argument 'catkin_skip_building_tests' from command line to 'False'
[0.371s] DEBUG:colcon.colcon_core.verb:Building package 'px4_ros_com' with the following arguments: {'ament_cmake_args': None, 'build_base': '/home/mikks/ros2_px4_ws/build/px4_ros_com', 'catkin_cmake_args': None, 'catkin_skip_building_tests': False, 'cmake_args': None, 'cmake_clean_cache': False, 'cmake_clean_first': False, 'cmake_force_configure': False, 'cmake_target': None, 'cmake_target_skip_unavailable': False, 'install_base': '/home/mikks/ros2_px4_ws/install/px4_ros_com', 'merge_install': False, 'path': '/home/mikks/ros2_px4_ws/src/px4_ros_com', 'symlink_install': True, 'test_result_base': None}
[0.371s] Level 5:colcon.colcon_core.verb:set package 'x500_hover_controller' build argument 'cmake_args' from command line to 'None'
[0.371s] Level 5:colcon.colcon_core.verb:set package 'x500_hover_controller' build argument 'cmake_target' from command line to 'None'
[0.371s] Level 5:colcon.colcon_core.verb:set package 'x500_hover_controller' build argument 'cmake_target_skip_unavailable' from command line to 'False'
[0.371s] Level 5:colcon.colcon_core.verb:set package 'x500_hover_controller' build argument 'cmake_clean_cache' from command line to 'False'
[0.371s] Level 5:colcon.colcon_core.verb:set package 'x500_hover_controller' build argument 'cmake_clean_first' from command line to 'False'
[0.371s] Level 5:colcon.colcon_core.verb:set package 'x500_hover_controller' build argument 'cmake_force_configure' from command line to 'False'
[0.371s] Level 5:colcon.colcon_core.verb:set package 'x500_hover_controller' build argument 'ament_cmake_args' from command line to 'None'
[0.371s] Level 5:colcon.colcon_core.verb:set package 'x500_hover_controller' build argument 'catkin_cmake_args' from command line to 'None'
[0.371s] Level 5:colcon.colcon_core.verb:set package 'x500_hover_controller' build argument 'catkin_skip_building_tests' from command line to 'False'
[0.371s] DEBUG:colcon.colcon_core.verb:Building package 'x500_hover_controller' with the following arguments: {'ament_cmake_args': None, 'build_base': '/home/mikks/ros2_px4_ws/build/x500_hover_controller', 'catkin_cmake_args': None, 'catkin_skip_building_tests': False, 'cmake_args': None, 'cmake_clean_cache': False, 'cmake_clean_first': False, 'cmake_force_configure': False, 'cmake_target': None, 'cmake_target_skip_unavailable': False, 'install_base': '/home/mikks/ros2_px4_ws/install/x500_hover_controller', 'merge_install': False, 'path': '/home/mikks/ros2_px4_ws/src/x500_hover_controller', 'symlink_install': True, 'test_result_base': None}
[0.371s] Level 5:colcon.colcon_core.verb:set package 'example_executor_with_multiple_modes_cpp' build argument 'cmake_args' from command line to 'None'
[0.371s] Level 5:colcon.colcon_core.verb:set package 'example_executor_with_multiple_modes_cpp' build argument 'cmake_target' from command line to 'None'
[0.371s] Level 5:colcon.colcon_core.verb:set package 'example_executor_with_multiple_modes_cpp' build argument 'cmake_target_skip_unavailable' from command line to 'False'
[0.371s] Level 5:colcon.colcon_core.verb:set package 'example_executor_with_multiple_modes_cpp' build argument 'cmake_clean_cache' from command line to 'False'
[0.371s] Level 5:colcon.colcon_core.verb:set package 'example_executor_with_multiple_modes_cpp' build argument 'cmake_clean_first' from command line to 'False'
[0.371s] Level 5:colcon.colcon_core.verb:set package 'example_executor_with_multiple_modes_cpp' build argument 'cmake_force_configure' from command line to 'False'
[0.371s] Level 5:colcon.colcon_core.verb:set package 'example_executor_with_multiple_modes_cpp' build argument 'ament_cmake_args' from command line to 'None'
[0.371s] Level 5:colcon.colcon_core.verb:set package 'example_executor_with_multiple_modes_cpp' build argument 'catkin_cmake_args' from command line to 'None'
[0.371s] Level 5:colcon.colcon_core.verb:set package 'example_executor_with_multiple_modes_cpp' build argument 'catkin_skip_building_tests' from command line to 'False'
[0.371s] DEBUG:colcon.colcon_core.verb:Building package 'example_executor_with_multiple_modes_cpp' with the following arguments: {'ament_cmake_args': None, 'build_base': '/home/mikks/ros2_px4_ws/build/example_executor_with_multiple_modes_cpp', 'catkin_cmake_args': None, 'catkin_skip_building_tests': False, 'cmake_args': None, 'cmake_clean_cache': False, 'cmake_clean_first': False, 'cmake_force_configure': False, 'cmake_target': None, 'cmake_target_skip_unavailable': False, 'install_base': '/home/mikks/ros2_px4_ws/install/example_executor_with_multiple_modes_cpp', 'merge_install': False, 'path': '/home/mikks/ros2_px4_ws/src/px4-ros2-interface-lib/examples/cpp/modes/executor_with_multiple_modes', 'symlink_install': True, 'test_result_base': None}
[0.372s] Level 5:colcon.colcon_core.verb:set package 'example_global_navigation_cpp' build argument 'cmake_args' from command line to 'None'
[0.372s] Level 5:colcon.colcon_core.verb:set package 'example_global_navigation_cpp' build argument 'cmake_target' from command line to 'None'
[0.372s] Level 5:colcon.colcon_core.verb:set package 'example_global_navigation_cpp' build argument 'cmake_target_skip_unavailable' from command line to 'False'
[0.372s] Level 5:colcon.colcon_core.verb:set package 'example_global_navigation_cpp' build argument 'cmake_clean_cache' from command line to 'False'
[0.372s] Level 5:colcon.colcon_core.verb:set package 'example_global_navigation_cpp' build argument 'cmake_clean_first' from command line to 'False'
[0.372s] Level 5:colcon.colcon_core.verb:set package 'example_global_navigation_cpp' build argument 'cmake_force_configure' from command line to 'False'
[0.372s] Level 5:colcon.colcon_core.verb:set package 'example_global_navigation_cpp' build argument 'ament_cmake_args' from command line to 'None'
[0.372s] Level 5:colcon.colcon_core.verb:set package 'example_global_navigation_cpp' build argument 'catkin_cmake_args' from command line to 'None'
[0.372s] Level 5:colcon.colcon_core.verb:set package 'example_global_navigation_cpp' build argument 'catkin_skip_building_tests' from command line to 'False'
[0.372s] DEBUG:colcon.colcon_core.verb:Building package 'example_global_navigation_cpp' with the following arguments: {'ament_cmake_args': None, 'build_base': '/home/mikks/ros2_px4_ws/build/example_global_navigation_cpp', 'catkin_cmake_args': None, 'catkin_skip_building_tests': False, 'cmake_args': None, 'cmake_clean_cache': False, 'cmake_clean_first': False, 'cmake_force_configure': False, 'cmake_target': None, 'cmake_target_skip_unavailable': False, 'install_base': '/home/mikks/ros2_px4_ws/install/example_global_navigation_cpp', 'merge_install': False, 'path': '/home/mikks/ros2_px4_ws/src/px4-ros2-interface-lib/examples/cpp/navigation/global_navigation', 'symlink_install': True, 'test_result_base': None}
[0.372s] Level 5:colcon.colcon_core.verb:set package 'example_local_navigation_cpp' build argument 'cmake_args' from command line to 'None'
[0.372s] Level 5:colcon.colcon_core.verb:set package 'example_local_navigation_cpp' build argument 'cmake_target' from command line to 'None'
[0.372s] Level 5:colcon.colcon_core.verb:set package 'example_local_navigation_cpp' build argument 'cmake_target_skip_unavailable' from command line to 'False'
[0.372s] Level 5:colcon.colcon_core.verb:set package 'example_local_navigation_cpp' build argument 'cmake_clean_cache' from command line to 'False'
[0.372s] Level 5:colcon.colcon_core.verb:set package 'example_local_navigation_cpp' build argument 'cmake_clean_first' from command line to 'False'
[0.372s] Level 5:colcon.colcon_core.verb:set package 'example_local_navigation_cpp' build argument 'cmake_force_configure' from command line to 'False'
[0.372s] Level 5:colcon.colcon_core.verb:set package 'example_local_navigation_cpp' build argument 'ament_cmake_args' from command line to 'None'
[0.372s] Level 5:colcon.colcon_core.verb:set package 'example_local_navigation_cpp' build argument 'catkin_cmake_args' from command line to 'None'
[0.372s] Level 5:colcon.colcon_core.verb:set package 'example_local_navigation_cpp' build argument 'catkin_skip_building_tests' from command line to 'False'
[0.372s] DEBUG:colcon.colcon_core.verb:Building package 'example_local_navigation_cpp' with the following arguments: {'ament_cmake_args': None, 'build_base': '/home/mikks/ros2_px4_ws/build/example_local_navigation_cpp', 'catkin_cmake_args': None, 'catkin_skip_building_tests': False, 'cmake_args': None, 'cmake_clean_cache': False, 'cmake_clean_first': False, 'cmake_force_configure': False, 'cmake_target': None, 'cmake_target_skip_unavailable': False, 'install_base': '/home/mikks/ros2_px4_ws/install/example_local_navigation_cpp', 'merge_install': False, 'path': '/home/mikks/ros2_px4_ws/src/px4-ros2-interface-lib/examples/cpp/navigation/local_navigation', 'symlink_install': True, 'test_result_base': None}
[0.373s] Level 5:colcon.colcon_core.verb:set package 'example_mode_fw_attitude_cpp' build argument 'cmake_args' from command line to 'None'
[0.373s] Level 5:colcon.colcon_core.verb:set package 'example_mode_fw_attitude_cpp' build argument 'cmake_target' from command line to 'None'
[0.373s] Level 5:colcon.colcon_core.verb:set package 'example_mode_fw_attitude_cpp' build argument 'cmake_target_skip_unavailable' from command line to 'False'
[0.373s] Level 5:colcon.colcon_core.verb:set package 'example_mode_fw_attitude_cpp' build argument 'cmake_clean_cache' from command line to 'False'
[0.373s] Level 5:colcon.colcon_core.verb:set package 'example_mode_fw_attitude_cpp' build argument 'cmake_clean_first' from command line to 'False'
[0.373s] Level 5:colcon.colcon_core.verb:set package 'example_mode_fw_attitude_cpp' build argument 'cmake_force_configure' from command line to 'False'
[0.373s] Level 5:colcon.colcon_core.verb:set package 'example_mode_fw_attitude_cpp' build argument 'ament_cmake_args' from command line to 'None'
[0.373s] Level 5:colcon.colcon_core.verb:set package 'example_mode_fw_attitude_cpp' build argument 'catkin_cmake_args' from command line to 'None'
[0.373s] Level 5:colcon.colcon_core.verb:set package 'example_mode_fw_attitude_cpp' build argument 'catkin_skip_building_tests' from command line to 'False'
[0.373s] DEBUG:colcon.colcon_core.verb:Building package 'example_mode_fw_attitude_cpp' with the following arguments: {'ament_cmake_args': None, 'build_base': '/home/mikks/ros2_px4_ws/build/example_mode_fw_attitude_cpp', 'catkin_cmake_args': None, 'catkin_skip_building_tests': False, 'cmake_args': None, 'cmake_clean_cache': False, 'cmake_clean_first': False, 'cmake_force_configure': False, 'cmake_target': None, 'cmake_target_skip_unavailable': False, 'install_base': '/home/mikks/ros2_px4_ws/install/example_mode_fw_attitude_cpp', 'merge_install': False, 'path': '/home/mikks/ros2_px4_ws/src/px4-ros2-interface-lib/examples/cpp/modes/fw_attitude', 'symlink_install': True, 'test_result_base': None}
[0.373s] Level 5:colcon.colcon_core.verb:set package 'example_mode_goto_cpp' build argument 'cmake_args' from command line to 'None'
[0.373s] Level 5:colcon.colcon_core.verb:set package 'example_mode_goto_cpp' build argument 'cmake_target' from command line to 'None'
[0.373s] Level 5:colcon.colcon_core.verb:set package 'example_mode_goto_cpp' build argument 'cmake_target_skip_unavailable' from command line to 'False'
[0.373s] Level 5:colcon.colcon_core.verb:set package 'example_mode_goto_cpp' build argument 'cmake_clean_cache' from command line to 'False'
[0.373s] Level 5:colcon.colcon_core.verb:set package 'example_mode_goto_cpp' build argument 'cmake_clean_first' from command line to 'False'
[0.373s] Level 5:colcon.colcon_core.verb:set package 'example_mode_goto_cpp' build argument 'cmake_force_configure' from command line to 'False'
[0.373s] Level 5:colcon.colcon_core.verb:set package 'example_mode_goto_cpp' build argument 'ament_cmake_args' from command line to 'None'
[0.373s] Level 5:colcon.colcon_core.verb:set package 'example_mode_goto_cpp' build argument 'catkin_cmake_args' from command line to 'None'
[0.373s] Level 5:colcon.colcon_core.verb:set package 'example_mode_goto_cpp' build argument 'catkin_skip_building_tests' from command line to 'False'
[0.373s] DEBUG:colcon.colcon_core.verb:Building package 'example_mode_goto_cpp' with the following arguments: {'ament_cmake_args': None, 'build_base': '/home/mikks/ros2_px4_ws/build/example_mode_goto_cpp', 'catkin_cmake_args': None, 'catkin_skip_building_tests': False, 'cmake_args': None, 'cmake_clean_cache': False, 'cmake_clean_first': False, 'cmake_force_configure': False, 'cmake_target': None, 'cmake_target_skip_unavailable': False, 'install_base': '/home/mikks/ros2_px4_ws/install/example_mode_goto_cpp', 'merge_install': False, 'path': '/home/mikks/ros2_px4_ws/src/px4-ros2-interface-lib/examples/cpp/modes/goto', 'symlink_install': True, 'test_result_base': None}
[0.373s] Level 5:colcon.colcon_core.verb:set package 'example_mode_goto_global_cpp' build argument 'cmake_args' from command line to 'None'
[0.373s] Level 5:colcon.colcon_core.verb:set package 'example_mode_goto_global_cpp' build argument 'cmake_target' from command line to 'None'
[0.373s] Level 5:colcon.colcon_core.verb:set package 'example_mode_goto_global_cpp' build argument 'cmake_target_skip_unavailable' from command line to 'False'
[0.373s] Level 5:colcon.colcon_core.verb:set package 'example_mode_goto_global_cpp' build argument 'cmake_clean_cache' from command line to 'False'
[0.373s] Level 5:colcon.colcon_core.verb:set package 'example_mode_goto_global_cpp' build argument 'cmake_clean_first' from command line to 'False'
[0.374s] Level 5:colcon.colcon_core.verb:set package 'example_mode_goto_global_cpp' build argument 'cmake_force_configure' from command line to 'False'
[0.374s] Level 5:colcon.colcon_core.verb:set package 'example_mode_goto_global_cpp' build argument 'ament_cmake_args' from command line to 'None'
[0.374s] Level 5:colcon.colcon_core.verb:set package 'example_mode_goto_global_cpp' build argument 'catkin_cmake_args' from command line to 'None'
[0.374s] Level 5:colcon.colcon_core.verb:set package 'example_mode_goto_global_cpp' build argument 'catkin_skip_building_tests' from command line to 'False'
[0.374s] DEBUG:colcon.colcon_core.verb:Building package 'example_mode_goto_global_cpp' with the following arguments: {'ament_cmake_args': None, 'build_base': '/home/mikks/ros2_px4_ws/build/example_mode_goto_global_cpp', 'catkin_cmake_args': None, 'catkin_skip_building_tests': False, 'cmake_args': None, 'cmake_clean_cache': False, 'cmake_clean_first': False, 'cmake_force_configure': False, 'cmake_target': None, 'cmake_target_skip_unavailable': False, 'install_base': '/home/mikks/ros2_px4_ws/install/example_mode_goto_global_cpp', 'merge_install': False, 'path': '/home/mikks/ros2_px4_ws/src/px4-ros2-interface-lib/examples/cpp/modes/goto_global', 'symlink_install': True, 'test_result_base': None}
[0.374s] Level 5:colcon.colcon_core.verb:set package 'example_mode_manual_cpp' build argument 'cmake_args' from command line to 'None'
[0.374s] Level 5:colcon.colcon_core.verb:set package 'example_mode_manual_cpp' build argument 'cmake_target' from command line to 'None'
[0.374s] Level 5:colcon.colcon_core.verb:set package 'example_mode_manual_cpp' build argument 'cmake_target_skip_unavailable' from command line to 'False'
[0.374s] Level 5:colcon.colcon_core.verb:set package 'example_mode_manual_cpp' build argument 'cmake_clean_cache' from command line to 'False'
[0.374s] Level 5:colcon.colcon_core.verb:set package 'example_mode_manual_cpp' build argument 'cmake_clean_first' from command line to 'False'
[0.374s] Level 5:colcon.colcon_core.verb:set package 'example_mode_manual_cpp' build argument 'cmake_force_configure' from command line to 'False'
[0.374s] Level 5:colcon.colcon_core.verb:set package 'example_mode_manual_cpp' build argument 'ament_cmake_args' from command line to 'None'
[0.374s] Level 5:colcon.colcon_core.verb:set package 'example_mode_manual_cpp' build argument 'catkin_cmake_args' from command line to 'None'
[0.374s] Level 5:colcon.colcon_core.verb:set package 'example_mode_manual_cpp' build argument 'catkin_skip_building_tests' from command line to 'False'
[0.374s] DEBUG:colcon.colcon_core.verb:Building package 'example_mode_manual_cpp' with the following arguments: {'ament_cmake_args': None, 'build_base': '/home/mikks/ros2_px4_ws/build/example_mode_manual_cpp', 'catkin_cmake_args': None, 'catkin_skip_building_tests': False, 'cmake_args': None, 'cmake_clean_cache': False, 'cmake_clean_first': False, 'cmake_force_configure': False, 'cmake_target': None, 'cmake_target_skip_unavailable': False, 'install_base': '/home/mikks/ros2_px4_ws/install/example_mode_manual_cpp', 'merge_install': False, 'path': '/home/mikks/ros2_px4_ws/src/px4-ros2-interface-lib/examples/cpp/modes/manual', 'symlink_install': True, 'test_result_base': None}
[0.374s] Level 5:colcon.colcon_core.verb:set package 'example_mode_mission_cpp' build argument 'cmake_args' from command line to 'None'
[0.374s] Level 5:colcon.colcon_core.verb:set package 'example_mode_mission_cpp' build argument 'cmake_target' from command line to 'None'
[0.374s] Level 5:colcon.colcon_core.verb:set package 'example_mode_mission_cpp' build argument 'cmake_target_skip_unavailable' from command line to 'False'
[0.374s] Level 5:colcon.colcon_core.verb:set package 'example_mode_mission_cpp' build argument 'cmake_clean_cache' from command line to 'False'
[0.374s] Level 5:colcon.colcon_core.verb:set package 'example_mode_mission_cpp' build argument 'cmake_clean_first' from command line to 'False'
[0.374s] Level 5:colcon.colcon_core.verb:set package 'example_mode_mission_cpp' build argument 'cmake_force_configure' from command line to 'False'
[0.374s] Level 5:colcon.colcon_core.verb:set package 'example_mode_mission_cpp' build argument 'ament_cmake_args' from command line to 'None'
[0.374s] Level 5:colcon.colcon_core.verb:set package 'example_mode_mission_cpp' build argument 'catkin_cmake_args' from command line to 'None'
[0.374s] Level 5:colcon.colcon_core.verb:set package 'example_mode_mission_cpp' build argument 'catkin_skip_building_tests' from command line to 'False'
[0.374s] DEBUG:colcon.colcon_core.verb:Building package 'example_mode_mission_cpp' with the following arguments: {'ament_cmake_args': None, 'build_base': '/home/mikks/ros2_px4_ws/build/example_mode_mission_cpp', 'catkin_cmake_args': None, 'catkin_skip_building_tests': False, 'cmake_args': None, 'cmake_clean_cache': False, 'cmake_clean_first': False, 'cmake_force_configure': False, 'cmake_target': None, 'cmake_target_skip_unavailable': False, 'install_base': '/home/mikks/ros2_px4_ws/install/example_mode_mission_cpp', 'merge_install': False, 'path': '/home/mikks/ros2_px4_ws/src/px4-ros2-interface-lib/examples/cpp/modes/mission', 'symlink_install': True, 'test_result_base': None}
[0.375s] Level 5:colcon.colcon_core.verb:set package 'example_mode_rtl_replacement_cpp' build argument 'cmake_args' from command line to 'None'
[0.375s] Level 5:colcon.colcon_core.verb:set package 'example_mode_rtl_replacement_cpp' build argument 'cmake_target' from command line to 'None'
[0.375s] Level 5:colcon.colcon_core.verb:set package 'example_mode_rtl_replacement_cpp' build argument 'cmake_target_skip_unavailable' from command line to 'False'
[0.375s] Level 5:colcon.colcon_core.verb:set package 'example_mode_rtl_replacement_cpp' build argument 'cmake_clean_cache' from command line to 'False'
[0.375s] Level 5:colcon.colcon_core.verb:set package 'example_mode_rtl_replacement_cpp' build argument 'cmake_clean_first' from command line to 'False'
[0.375s] Level 5:colcon.colcon_core.verb:set package 'example_mode_rtl_replacement_cpp' build argument 'cmake_force_configure' from command line to 'False'
[0.375s] Level 5:colcon.colcon_core.verb:set package 'example_mode_rtl_replacement_cpp' build argument 'ament_cmake_args' from command line to 'None'
[0.375s] Level 5:colcon.colcon_core.verb:set package 'example_mode_rtl_replacement_cpp' build argument 'catkin_cmake_args' from command line to 'None'
[0.375s] Level 5:colcon.colcon_core.verb:set package 'example_mode_rtl_replacement_cpp' build argument 'catkin_skip_building_tests' from command line to 'False'
[0.375s] DEBUG:colcon.colcon_core.verb:Building package 'example_mode_rtl_replacement_cpp' with the following arguments: {'ament_cmake_args': None, 'build_base': '/home/mikks/ros2_px4_ws/build/example_mode_rtl_replacement_cpp', 'catkin_cmake_args': None, 'catkin_skip_building_tests': False, 'cmake_args': None, 'cmake_clean_cache': False, 'cmake_clean_first': False, 'cmake_force_configure': False, 'cmake_target': None, 'cmake_target_skip_unavailable': False, 'install_base': '/home/mikks/ros2_px4_ws/install/example_mode_rtl_replacement_cpp', 'merge_install': False, 'path': '/home/mikks/ros2_px4_ws/src/px4-ros2-interface-lib/examples/cpp/modes/rtl_replacement', 'symlink_install': True, 'test_result_base': None}
[0.375s] Level 5:colcon.colcon_core.verb:set package 'example_mode_vtol_cpp' build argument 'cmake_args' from command line to 'None'
[0.375s] Level 5:colcon.colcon_core.verb:set package 'example_mode_vtol_cpp' build argument 'cmake_target' from command line to 'None'
[0.375s] Level 5:colcon.colcon_core.verb:set package 'example_mode_vtol_cpp' build argument 'cmake_target_skip_unavailable' from command line to 'False'
[0.375s] Level 5:colcon.colcon_core.verb:set package 'example_mode_vtol_cpp' build argument 'cmake_clean_cache' from command line to 'False'
[0.375s] Level 5:colcon.colcon_core.verb:set package 'example_mode_vtol_cpp' build argument 'cmake_clean_first' from command line to 'False'
[0.375s] Level 5:colcon.colcon_core.verb:set package 'example_mode_vtol_cpp' build argument 'cmake_force_configure' from command line to 'False'
[0.375s] Level 5:colcon.colcon_core.verb:set package 'example_mode_vtol_cpp' build argument 'ament_cmake_args' from command line to 'None'
[0.375s] Level 5:colcon.colcon_core.verb:set package 'example_mode_vtol_cpp' build argument 'catkin_cmake_args' from command line to 'None'
[0.375s] Level 5:colcon.colcon_core.verb:set package 'example_mode_vtol_cpp' build argument 'catkin_skip_building_tests' from command line to 'False'
[0.375s] DEBUG:colcon.colcon_core.verb:Building package 'example_mode_vtol_cpp' with the following arguments: {'ament_cmake_args': None, 'build_base': '/home/mikks/ros2_px4_ws/build/example_mode_vtol_cpp', 'catkin_cmake_args': None, 'catkin_skip_building_tests': False, 'cmake_args': None, 'cmake_clean_cache': False, 'cmake_clean_first': False, 'cmake_force_configure': False, 'cmake_target': None, 'cmake_target_skip_unavailable': False, 'install_base': '/home/mikks/ros2_px4_ws/install/example_mode_vtol_cpp', 'merge_install': False, 'path': '/home/mikks/ros2_px4_ws/src/px4-ros2-interface-lib/examples/cpp/modes/vtol', 'symlink_install': True, 'test_result_base': None}
[0.375s] Level 5:colcon.colcon_core.verb:set package 'example_mode_with_executor_cpp' build argument 'cmake_args' from command line to 'None'
[0.375s] Level 5:colcon.colcon_core.verb:set package 'example_mode_with_executor_cpp' build argument 'cmake_target' from command line to 'None'
[0.375s] Level 5:colcon.colcon_core.verb:set package 'example_mode_with_executor_cpp' build argument 'cmake_target_skip_unavailable' from command line to 'False'
[0.375s] Level 5:colcon.colcon_core.verb:set package 'example_mode_with_executor_cpp' build argument 'cmake_clean_cache' from command line to 'False'
[0.375s] Level 5:colcon.colcon_core.verb:set package 'example_mode_with_executor_cpp' build argument 'cmake_clean_first' from command line to 'False'
[0.375s] Level 5:colcon.colcon_core.verb:set package 'example_mode_with_executor_cpp' build argument 'cmake_force_configure' from command line to 'False'
[0.375s] Level 5:colcon.colcon_core.verb:set package 'example_mode_with_executor_cpp' build argument 'ament_cmake_args' from command line to 'None'
[0.376s] Level 5:colcon.colcon_core.verb:set package 'example_mode_with_executor_cpp' build argument 'catkin_cmake_args' from command line to 'None'
[0.376s] Level 5:colcon.colcon_core.verb:set package 'example_mode_with_executor_cpp' build argument 'catkin_skip_building_tests' from command line to 'False'
[0.376s] DEBUG:colcon.colcon_core.verb:Building package 'example_mode_with_executor_cpp' with the following arguments: {'ament_cmake_args': None, 'build_base': '/home/mikks/ros2_px4_ws/build/example_mode_with_executor_cpp', 'catkin_cmake_args': None, 'catkin_skip_building_tests': False, 'cmake_args': None, 'cmake_clean_cache': False, 'cmake_clean_first': False, 'cmake_force_configure': False, 'cmake_target': None, 'cmake_target_skip_unavailable': False, 'install_base': '/home/mikks/ros2_px4_ws/install/example_mode_with_executor_cpp', 'merge_install': False, 'path': '/home/mikks/ros2_px4_ws/src/px4-ros2-interface-lib/examples/cpp/modes/mode_with_executor', 'symlink_install': True, 'test_result_base': None}
[0.376s] Level 5:colcon.colcon_core.verb:set package 'example_rover_velocity_mode_cpp' build argument 'cmake_args' from command line to 'None'
[0.376s] Level 5:colcon.colcon_core.verb:set package 'example_rover_velocity_mode_cpp' build argument 'cmake_target' from command line to 'None'
[0.376s] Level 5:colcon.colcon_core.verb:set package 'example_rover_velocity_mode_cpp' build argument 'cmake_target_skip_unavailable' from command line to 'False'
[0.376s] Level 5:colcon.colcon_core.verb:set package 'example_rover_velocity_mode_cpp' build argument 'cmake_clean_cache' from command line to 'False'
[0.376s] Level 5:colcon.colcon_core.verb:set package 'example_rover_velocity_mode_cpp' build argument 'cmake_clean_first' from command line to 'False'
[0.376s] Level 5:colcon.colcon_core.verb:set package 'example_rover_velocity_mode_cpp' build argument 'cmake_force_configure' from command line to 'False'
[0.376s] Level 5:colcon.colcon_core.verb:set package 'example_rover_velocity_mode_cpp' build argument 'ament_cmake_args' from command line to 'None'
[0.376s] Level 5:colcon.colcon_core.verb:set package 'example_rover_velocity_mode_cpp' build argument 'catkin_cmake_args' from command line to 'None'
[0.376s] Level 5:colcon.colcon_core.verb:set package 'example_rover_velocity_mode_cpp' build argument 'catkin_skip_building_tests' from command line to 'False'
[0.376s] DEBUG:colcon.colcon_core.verb:Building package 'example_rover_velocity_mode_cpp' with the following arguments: {'ament_cmake_args': None, 'build_base': '/home/mikks/ros2_px4_ws/build/example_rover_velocity_mode_cpp', 'catkin_cmake_args': None, 'catkin_skip_building_tests': False, 'cmake_args': None, 'cmake_clean_cache': False, 'cmake_clean_first': False, 'cmake_force_configure': False, 'cmake_target': None, 'cmake_target_skip_unavailable': False, 'install_base': '/home/mikks/ros2_px4_ws/install/example_rover_velocity_mode_cpp', 'merge_install': False, 'path': '/home/mikks/ros2_px4_ws/src/px4-ros2-interface-lib/examples/cpp/modes/rover_velocity', 'symlink_install': True, 'test_result_base': None}
[0.376s] Level 5:colcon.colcon_core.verb:set package 'px4_ros2_py' build argument 'cmake_args' from command line to 'None'
[0.376s] Level 5:colcon.colcon_core.verb:set package 'px4_ros2_py' build argument 'cmake_target' from command line to 'None'
[0.376s] Level 5:colcon.colcon_core.verb:set package 'px4_ros2_py' build argument 'cmake_target_skip_unavailable' from command line to 'False'
[0.376s] Level 5:colcon.colcon_core.verb:set package 'px4_ros2_py' build argument 'cmake_clean_cache' from command line to 'False'
[0.376s] Level 5:colcon.colcon_core.verb:set package 'px4_ros2_py' build argument 'cmake_clean_first' from command line to 'False'
[0.376s] Level 5:colcon.colcon_core.verb:set package 'px4_ros2_py' build argument 'cmake_force_configure' from command line to 'False'
[0.376s] Level 5:colcon.colcon_core.verb:set package 'px4_ros2_py' build argument 'ament_cmake_args' from command line to 'None'
[0.376s] Level 5:colcon.colcon_core.verb:set package 'px4_ros2_py' build argument 'catkin_cmake_args' from command line to 'None'
[0.376s] Level 5:colcon.colcon_core.verb:set package 'px4_ros2_py' build argument 'catkin_skip_building_tests' from command line to 'False'
[0.376s] DEBUG:colcon.colcon_core.verb:Building package 'px4_ros2_py' with the following arguments: {'ament_cmake_args': None, 'build_base': '/home/mikks/ros2_px4_ws/build/px4_ros2_py', 'catkin_cmake_args': None, 'catkin_skip_building_tests': False, 'cmake_args': None, 'cmake_clean_cache': False, 'cmake_clean_first': False, 'cmake_force_configure': False, 'cmake_target': None, 'cmake_target_skip_unavailable': False, 'install_base': '/home/mikks/ros2_px4_ws/install/px4_ros2_py', 'merge_install': False, 'path': '/home/mikks/ros2_px4_ws/src/px4-ros2-interface-lib/px4_ros2_py', 'symlink_install': True, 'test_result_base': None}
[0.377s] Level 5:colcon.colcon_core.verb:set package 'example_mode_goto_py' build argument 'cmake_args' from command line to 'None'
[0.377s] Level 5:colcon.colcon_core.verb:set package 'example_mode_goto_py' build argument 'cmake_target' from command line to 'None'
[0.377s] Level 5:colcon.colcon_core.verb:set package 'example_mode_goto_py' build argument 'cmake_target_skip_unavailable' from command line to 'False'
[0.377s] Level 5:colcon.colcon_core.verb:set package 'example_mode_goto_py' build argument 'cmake_clean_cache' from command line to 'False'
[0.377s] Level 5:colcon.colcon_core.verb:set package 'example_mode_goto_py' build argument 'cmake_clean_first' from command line to 'False'
[0.377s] Level 5:colcon.colcon_core.verb:set package 'example_mode_goto_py' build argument 'cmake_force_configure' from command line to 'False'
[0.377s] Level 5:colcon.colcon_core.verb:set package 'example_mode_goto_py' build argument 'ament_cmake_args' from command line to 'None'
[0.377s] Level 5:colcon.colcon_core.verb:set package 'example_mode_goto_py' build argument 'catkin_cmake_args' from command line to 'None'
[0.377s] Level 5:colcon.colcon_core.verb:set package 'example_mode_goto_py' build argument 'catkin_skip_building_tests' from command line to 'False'
[0.377s] DEBUG:colcon.colcon_core.verb:Building package 'example_mode_goto_py' with the following arguments: {'ament_cmake_args': None, 'build_base': '/home/mikks/ros2_px4_ws/build/example_mode_goto_py', 'catkin_cmake_args': None, 'catkin_skip_building_tests': False, 'cmake_args': None, 'cmake_clean_cache': False, 'cmake_clean_first': False, 'cmake_force_configure': False, 'cmake_target': None, 'cmake_target_skip_unavailable': False, 'install_base': '/home/mikks/ros2_px4_ws/install/example_mode_goto_py', 'merge_install': False, 'path': '/home/mikks/ros2_px4_ws/src/px4-ros2-interface-lib/examples/python/modes/goto', 'symlink_install': True, 'test_result_base': None}
[0.377s] Level 5:colcon.colcon_core.verb:set package 'example_mode_with_rclpy_py' build argument 'cmake_args' from command line to 'None'
[0.377s] Level 5:colcon.colcon_core.verb:set package 'example_mode_with_rclpy_py' build argument 'cmake_target' from command line to 'None'
[0.377s] Level 5:colcon.colcon_core.verb:set package 'example_mode_with_rclpy_py' build argument 'cmake_target_skip_unavailable' from command line to 'False'
[0.377s] Level 5:colcon.colcon_core.verb:set package 'example_mode_with_rclpy_py' build argument 'cmake_clean_cache' from command line to 'False'
[0.377s] Level 5:colcon.colcon_core.verb:set package 'example_mode_with_rclpy_py' build argument 'cmake_clean_first' from command line to 'False'
[0.377s] Level 5:colcon.colcon_core.verb:set package 'example_mode_with_rclpy_py' build argument 'cmake_force_configure' from command line to 'False'
[0.377s] Level 5:colcon.colcon_core.verb:set package 'example_mode_with_rclpy_py' build argument 'ament_cmake_args' from command line to 'None'
[0.377s] Level 5:colcon.colcon_core.verb:set package 'example_mode_with_rclpy_py' build argument 'catkin_cmake_args' from command line to 'None'
[0.377s] Level 5:colcon.colcon_core.verb:set package 'example_mode_with_rclpy_py' build argument 'catkin_skip_building_tests' from command line to 'False'
[0.378s] DEBUG:colcon.colcon_core.verb:Building package 'example_mode_with_rclpy_py' with the following arguments: {'ament_cmake_args': None, 'build_base': '/home/mikks/ros2_px4_ws/build/example_mode_with_rclpy_py', 'catkin_cmake_args': None, 'catkin_skip_building_tests': False, 'cmake_args': None, 'cmake_clean_cache': False, 'cmake_clean_first': False, 'cmake_force_configure': False, 'cmake_target': None, 'cmake_target_skip_unavailable': False, 'install_base': '/home/mikks/ros2_px4_ws/install/example_mode_with_rclpy_py', 'merge_install': False, 'path': '/home/mikks/ros2_px4_ws/src/px4-ros2-interface-lib/examples/python/modes/goto_with_rclpy', 'symlink_install': True, 'test_result_base': None}
[0.378s] INFO:colcon.colcon_core.executor:Executing jobs using 'parallel' executor
[0.379s] DEBUG:colcon.colcon_parallel_executor.executor.parallel:run_until_complete
[0.379s] INFO:colcon.colcon_ros.task.ament_cmake.build:Building ROS package in '/home/mikks/ros2_px4_ws/src/px4_msgs' with build type 'ament_cmake'
[0.379s] INFO:colcon.colcon_cmake.task.cmake.build:Building CMake package in '/home/mikks/ros2_px4_ws/src/px4_msgs'
[0.382s] INFO:colcon.colcon_core.plugin_system:Skipping extension 'colcon_core.shell.bat': Not used on non-Windows systems
[0.382s] INFO:colcon.colcon_core.shell:Skip shell extension 'powershell' for command environment: Not usable outside of PowerShell
[0.382s] DEBUG:colcon.colcon_core.shell:Skip shell extension 'dsv' for command environment
[0.392s] DEBUG:colcon.colcon_core.event_handler.log_command:Invoking command in '/home/mikks/ros2_px4_ws/build/px4_msgs': CMAKE_PREFIX_PATH=${CMAKE_PREFIX_PATH}:/home/mikks/ros2_px4_ws/install/x500_hover_controller:/home/mikks/ros2_px4_ws/install/example_mode_with_rclpy_py:/home/mikks/ros2_px4_ws/install/example_mode_goto_py:/home/mikks/ros2_px4_ws/install/px4_actuator_ctrl:/home/mikks/ros2_ws/install/rover_desc_description:/home/mikks/ros2_ws/install/px4_actuator_ctrl:/home/mikks/ros2_ws/install/mine_rover_description:/home/mikks/ros2_ws/install/ZerionURDFV5cp_description:/home/mikks/crazyflie_mapping_demo/ros2_ws/install/velocity_free_consensus:/home/mikks/crazyflie_mapping_demo/ros2_ws/install/stepwise_lowpos:/home/mikks/crazyflie_mapping_demo/ros2_ws/install/step_wise_lowpos:/home/mikks/crazyflie_mapping_demo/ros2_ws/install/second_order_formation_control:/home/mikks/crazyflie_mapping_demo/ros2_ws/install/ros_gz_crazyflie_control:/home/mikks/crazyflie_mapping_demo/ros2_ws/install/mixed_fractional_consensus:/home/mikks/crazyflie_mapping_demo/ros2_ws/install/lowest_pos:/home/mikks/crazyflie_mapping_demo/ros2_ws/install/linear_consensus:/home/mikks/crazyflie_mapping_demo/ros2_ws/install/highest_pos:/home/mikks/crazyflie_mapping_demo/ros2_ws/install/fractional_consensus_alpha:/home/mikks/crazyflie_mapping_demo/ros2_ws/install/event_triggered_swarm:/home/mikks/crazyflie_mapping_demo/ros2_ws/install/drone_logger:/home/mikks/crazyflie_mapping_demo/ros2_ws/install/distributed_average_tracking:/home/mikks/crazyflie_mapping_demo/ros2_ws/install/crazyflie_swarm_logic:/home/mikks/crazyflie_mapping_demo/ros2_ws/install/crazyflie_ros2_multiranger_wall_following:/home/mikks/crazyflie_mapping_demo/ros2_ws/install/crazyflie_ros2_multiranger_simple_mapper:/home/mikks/crazyflie_mapping_demo/ros2_ws/install/crazyflie_py:/home/mikks/crazyflie_mapping_demo/ros2_ws/install/cooperative_target_centric_formation:/home/mikks/crazyflie_mapping_demo/ros2_ws/install/containment_using_agent_information:/home/mikks/crazyflie_mapping_demo/ros2_ws/install/consensus_for_double_integrator:/home/mikks/crazyflie_mapping_demo/ros2_ws/install/consensus_alignment:/home/mikks/crazyflie_mapping_demo/ros2_ws/install/binary_consensus:/home/mikks/crazyflie_mapping_demo/ros2_ws/install/Second_Order_Min_Consensus_for_Heterogeneous_Agents:/home/mikks/crazyflie_mapping_demo/ros2_ws/install/BinaryContainmentChain:/opt/ros/jazzy DEBUGINFOD_URLS=https://debuginfod.ubuntu.com /usr/bin/cmake --build /home/mikks/ros2_px4_ws/build/px4_msgs -- -j12 -l12
[2.316s] DEBUG:colcon.colcon_core.event_handler.log_command:Invoked command in '/home/mikks/ros2_px4_ws/build/px4_msgs' returned '0': CMAKE_PREFIX_PATH=${CMAKE_PREFIX_PATH}:/home/mikks/ros2_px4_ws/install/x500_hover_controller:/home/mikks/ros2_px4_ws/install/example_mode_with_rclpy_py:/home/mikks/ros2_px4_ws/install/example_mode_goto_py:/home/mikks/ros2_px4_ws/install/px4_actuator_ctrl:/home/mikks/ros2_ws/install/rover_desc_description:/home/mikks/ros2_ws/install/px4_actuator_ctrl:/home/mikks/ros2_ws/install/mine_rover_description:/home/mikks/ros2_ws/install/ZerionURDFV5cp_description:/home/mikks/crazyflie_mapping_demo/ros2_ws/install/velocity_free_consensus:/home/mikks/crazyflie_mapping_demo/ros2_ws/install/stepwise_lowpos:/home/mikks/crazyflie_mapping_demo/ros2_ws/install/step_wise_lowpos:/home/mikks/crazyflie_mapping_demo/ros2_ws/install/second_order_formation_control:/home/mikks/crazyflie_mapping_demo/ros2_ws/install/ros_gz_crazyflie_control:/home/mikks/crazyflie_mapping_demo/ros2_ws/install/mixed_fractional_consensus:/home/mikks/crazyflie_mapping_demo/ros2_ws/install/lowest_pos:/home/mikks/crazyflie_mapping_demo/ros2_ws/install/linear_consensus:/home/mikks/crazyflie_mapping_demo/ros2_ws/install/highest_pos:/home/mikks/crazyflie_mapping_demo/ros2_ws/install/fractional_consensus_alpha:/home/mikks/crazyflie_mapping_demo/ros2_ws/install/event_triggered_swarm:/home/mikks/crazyflie_mapping_demo/ros2_ws/install/drone_logger:/home/mikks/crazyflie_mapping_demo/ros2_ws/install/distributed_average_tracking:/home/mikks/crazyflie_mapping_demo/ros2_ws/install/crazyflie_swarm_logic:/home/mikks/crazyflie_mapping_demo/ros2_ws/install/crazyflie_ros2_multiranger_wall_following:/home/mikks/crazyflie_mapping_demo/ros2_ws/install/crazyflie_ros2_multiranger_simple_mapper:/home/mikks/crazyflie_mapping_demo/ros2_ws/install/crazyflie_py:/home/mikks/crazyflie_mapping_demo/ros2_ws/install/cooperative_target_centric_formation:/home/mikks/crazyflie_mapping_demo/ros2_ws/install/containment_using_agent_information:/home/mikks/crazyflie_mapping_demo/ros2_ws/install/consensus_for_double_integrator:/home/mikks/crazyflie_mapping_demo/ros2_ws/install/consensus_alignment:/home/mikks/crazyflie_mapping_demo/ros2_ws/install/binary_consensus:/home/mikks/crazyflie_mapping_demo/ros2_ws/install/Second_Order_Min_Consensus_for_Heterogeneous_Agents:/home/mikks/crazyflie_mapping_demo/ros2_ws/install/BinaryContainmentChain:/opt/ros/jazzy DEBUGINFOD_URLS=https://debuginfod.ubuntu.com /usr/bin/cmake --build /home/mikks/ros2_px4_ws/build/px4_msgs -- -j12 -l12
[2.327s] DEBUG:colcon.colcon_core.event_handler.log_command:Invoking command in '/home/mikks/ros2_px4_ws/build/px4_msgs': CMAKE_PREFIX_PATH=${CMAKE_PREFIX_PATH}:/home/mikks/ros2_px4_ws/install/x500_hover_controller:/home/mikks/ros2_px4_ws/install/example_mode_with_rclpy_py:/home/mikks/ros2_px4_ws/install/example_mode_goto_py:/home/mikks/ros2_px4_ws/install/px4_actuator_ctrl:/home/mikks/ros2_ws/install/rover_desc_description:/home/mikks/ros2_ws/install/px4_actuator_ctrl:/home/mikks/ros2_ws/install/mine_rover_description:/home/mikks/ros2_ws/install/ZerionURDFV5cp_description:/home/mikks/crazyflie_mapping_demo/ros2_ws/install/velocity_free_consensus:/home/mikks/crazyflie_mapping_demo/ros2_ws/install/stepwise_lowpos:/home/mikks/crazyflie_mapping_demo/ros2_ws/install/step_wise_lowpos:/home/mikks/crazyflie_mapping_demo/ros2_ws/install/second_order_formation_control:/home/mikks/crazyflie_mapping_demo/ros2_ws/install/ros_gz_crazyflie_control:/home/mikks/crazyflie_mapping_demo/ros2_ws/install/mixed_fractional_consensus:/home/mikks/crazyflie_mapping_demo/ros2_ws/install/lowest_pos:/home/mikks/crazyflie_mapping_demo/ros2_ws/install/linear_consensus:/home/mikks/crazyflie_mapping_demo/ros2_ws/install/highest_pos:/home/mikks/crazyflie_mapping_demo/ros2_ws/install/fractional_consensus_alpha:/home/mikks/crazyflie_mapping_demo/ros2_ws/install/event_triggered_swarm:/home/mikks/crazyflie_mapping_demo/ros2_ws/install/drone_logger:/home/mikks/crazyflie_mapping_demo/ros2_ws/install/distributed_average_tracking:/home/mikks/crazyflie_mapping_demo/ros2_ws/install/crazyflie_swarm_logic:/home/mikks/crazyflie_mapping_demo/ros2_ws/install/crazyflie_ros2_multiranger_wall_following:/home/mikks/crazyflie_mapping_demo/ros2_ws/install/crazyflie_ros2_multiranger_simple_mapper:/home/mikks/crazyflie_mapping_demo/ros2_ws/install/crazyflie_py:/home/mikks/crazyflie_mapping_demo/ros2_ws/install/cooperative_target_centric_formation:/home/mikks/crazyflie_mapping_demo/ros2_ws/install/containment_using_agent_information:/home/mikks/crazyflie_mapping_demo/ros2_ws/install/consensus_for_double_integrator:/home/mikks/crazyflie_mapping_demo/ros2_ws/install/consensus_alignment:/home/mikks/crazyflie_mapping_demo/ros2_ws/install/binary_consensus:/home/mikks/crazyflie_mapping_demo/ros2_ws/install/Second_Order_Min_Consensus_for_Heterogeneous_Agents:/home/mikks/crazyflie_mapping_demo/ros2_ws/install/BinaryContainmentChain:/opt/ros/jazzy DEBUGINFOD_URLS=https://debuginfod.ubuntu.com /usr/bin/cmake --install /home/mikks/ros2_px4_ws/build/px4_msgs
[3.045s] Level 1:colcon.colcon_core.environment:create_environment_scripts_only(px4_msgs)
[3.045s] DEBUG:colcon.colcon_core.event_handler.log_command:Invoked command in '/home/mikks/ros2_px4_ws/build/px4_msgs' returned '0': CMAKE_PREFIX_PATH=${CMAKE_PREFIX_PATH}:/home/mikks/ros2_px4_ws/install/x500_hover_controller:/home/mikks/ros2_px4_ws/install/example_mode_with_rclpy_py:/home/mikks/ros2_px4_ws/install/example_mode_goto_py:/home/mikks/ros2_px4_ws/install/px4_actuator_ctrl:/home/mikks/ros2_ws/install/rover_desc_description:/home/mikks/ros2_ws/install/px4_actuator_ctrl:/home/mikks/ros2_ws/install/mine_rover_description:/home/mikks/ros2_ws/install/ZerionURDFV5cp_description:/home/mikks/crazyflie_mapping_demo/ros2_ws/install/velocity_free_consensus:/home/mikks/crazyflie_mapping_demo/ros2_ws/install/stepwise_lowpos:/home/mikks/crazyflie_mapping_demo/ros2_ws/install/step_wise_lowpos:/home/mikks/crazyflie_mapping_demo/ros2_ws/install/second_order_formation_control:/home/mikks/crazyflie_mapping_demo/ros2_ws/install/ros_gz_crazyflie_control:/home/mikks/crazyflie_mapping_demo/ros2_ws/install/mixed_fractional_consensus:/home/mikks/crazyflie_mapping_demo/ros2_ws/install/lowest_pos:/home/mikks/crazyflie_mapping_demo/ros2_ws/install/linear_consensus:/home/mikks/crazyflie_mapping_demo/ros2_ws/install/highest_pos:/home/mikks/crazyflie_mapping_demo/ros2_ws/install/fractional_consensus_alpha:/home/mikks/crazyflie_mapping_demo/ros2_ws/install/event_triggered_swarm:/home/mikks/crazyflie_mapping_demo/ros2_ws/install/drone_logger:/home/mikks/crazyflie_mapping_demo/ros2_ws/install/distributed_average_tracking:/home/mikks/crazyflie_mapping_demo/ros2_ws/install/crazyflie_swarm_logic:/home/mikks/crazyflie_mapping_demo/ros2_ws/install/crazyflie_ros2_multiranger_wall_following:/home/mikks/crazyflie_mapping_demo/ros2_ws/install/crazyflie_ros2_multiranger_simple_mapper:/home/mikks/crazyflie_mapping_demo/ros2_ws/install/crazyflie_py:/home/mikks/crazyflie_mapping_demo/ros2_ws/install/cooperative_target_centric_formation:/home/mikks/crazyflie_mapping_demo/ros2_ws/install/containment_using_agent_information:/home/mikks/crazyflie_mapping_demo/ros2_ws/install/consensus_for_double_integrator:/home/mikks/crazyflie_mapping_demo/ros2_ws/install/consensus_alignment:/home/mikks/crazyflie_mapping_demo/ros2_ws/install/binary_consensus:/home/mikks/crazyflie_mapping_demo/ros2_ws/install/Second_Order_Min_Consensus_for_Heterogeneous_Agents:/home/mikks/crazyflie_mapping_demo/ros2_ws/install/BinaryContainmentChain:/opt/ros/jazzy DEBUGINFOD_URLS=https://debuginfod.ubuntu.com /usr/bin/cmake --install /home/mikks/ros2_px4_ws/build/px4_msgs
[3.048s] Level 1:colcon.colcon_core.environment:checking '/home/mikks/ros2_px4_ws/install/px4_msgs' for CMake module files
[3.048s] Level 1:colcon.colcon_core.environment:checking '/home/mikks/ros2_px4_ws/install/px4_msgs' for CMake config files
[3.049s] Level 1:colcon.colcon_core.shell:create_environment_hook('px4_msgs', 'cmake_prefix_path')
[3.049s] INFO:colcon.colcon_core.shell:Creating environment hook '/home/mikks/ros2_px4_ws/install/px4_msgs/share/px4_msgs/hook/cmake_prefix_path.ps1'
[3.049s] INFO:colcon.colcon_core.shell:Creating environment descriptor '/home/mikks/ros2_px4_ws/install/px4_msgs/share/px4_msgs/hook/cmake_prefix_path.dsv'
[3.050s] INFO:colcon.colcon_core.shell:Creating environment hook '/home/mikks/ros2_px4_ws/install/px4_msgs/share/px4_msgs/hook/cmake_prefix_path.sh'
[3.050s] Level 1:colcon.colcon_core.environment:checking '/home/mikks/ros2_px4_ws/install/px4_msgs/lib'
[3.051s] Level 1:colcon.colcon_core.shell:create_environment_hook('px4_msgs', 'ld_library_path_lib')
[3.051s] INFO:colcon.colcon_core.shell:Creating environment hook '/home/mikks/ros2_px4_ws/install/px4_msgs/share/px4_msgs/hook/ld_library_path_lib.ps1'
[3.051s] INFO:colcon.colcon_core.shell:Creating environment descriptor '/home/mikks/ros2_px4_ws/install/px4_msgs/share/px4_msgs/hook/ld_library_path_lib.dsv'
[3.051s] INFO:colcon.colcon_core.shell:Creating environment hook '/home/mikks/ros2_px4_ws/install/px4_msgs/share/px4_msgs/hook/ld_library_path_lib.sh'
[3.052s] Level 1:colcon.colcon_core.environment:checking '/home/mikks/ros2_px4_ws/install/px4_msgs/bin'
[3.052s] Level 1:colcon.colcon_core.environment:checking '/home/mikks/ros2_px4_ws/install/px4_msgs/lib/pkgconfig/px4_msgs.pc'
[3.052s] Level 1:colcon.colcon_core.environment:checking '/home/mikks/ros2_px4_ws/install/px4_msgs/lib/python3.12/site-packages'
[3.052s] Level 1:colcon.colcon_core.shell:create_environment_hook('px4_msgs', 'pythonpath')
[3.052s] INFO:colcon.colcon_core.shell:Creating environment hook '/home/mikks/ros2_px4_ws/install/px4_msgs/share/px4_msgs/hook/pythonpath.ps1'
[3.053s] INFO:colcon.colcon_core.shell:Creating environment descriptor '/home/mikks/ros2_px4_ws/install/px4_msgs/share/px4_msgs/hook/pythonpath.dsv'
[3.053s] INFO:colcon.colcon_core.shell:Creating environment hook '/home/mikks/ros2_px4_ws/install/px4_msgs/share/px4_msgs/hook/pythonpath.sh'
[3.054s] Level 1:colcon.colcon_core.environment:checking '/home/mikks/ros2_px4_ws/install/px4_msgs/bin'
[3.054s] INFO:colcon.colcon_core.shell:Creating package script '/home/mikks/ros2_px4_ws/install/px4_msgs/share/px4_msgs/package.ps1'
[3.055s] INFO:colcon.colcon_core.shell:Creating package descriptor '/home/mikks/ros2_px4_ws/install/px4_msgs/share/px4_msgs/package.dsv'
[3.055s] INFO:colcon.colcon_core.shell:Creating package script '/home/mikks/ros2_px4_ws/install/px4_msgs/share/px4_msgs/package.sh'
[3.056s] INFO:colcon.colcon_core.shell:Creating package script '/home/mikks/ros2_px4_ws/install/px4_msgs/share/px4_msgs/package.bash'
[3.056s] INFO:colcon.colcon_core.shell:Creating package script '/home/mikks/ros2_px4_ws/install/px4_msgs/share/px4_msgs/package.zsh'
[3.057s] Level 1:colcon.colcon_core.environment:create_file_with_runtime_dependencies(/home/mikks/ros2_px4_ws/install/px4_msgs/share/colcon-core/packages/px4_msgs)
[3.057s] Level 1:colcon.colcon_core.environment:create_environment_scripts_only(px4_msgs)
[3.058s] Level 1:colcon.colcon_core.environment:checking '/home/mikks/ros2_px4_ws/install/px4_msgs' for CMake module files
[3.058s] Level 1:colcon.colcon_core.environment:checking '/home/mikks/ros2_px4_ws/install/px4_msgs' for CMake config files
[3.058s] Level 1:colcon.colcon_core.shell:create_environment_hook('px4_msgs', 'cmake_prefix_path')
[3.059s] INFO:colcon.colcon_core.shell:Creating environment hook '/home/mikks/ros2_px4_ws/install/px4_msgs/share/px4_msgs/hook/cmake_prefix_path.ps1'
[3.059s] INFO:colcon.colcon_core.shell:Creating environment descriptor '/home/mikks/ros2_px4_ws/install/px4_msgs/share/px4_msgs/hook/cmake_prefix_path.dsv'
[3.059s] INFO:colcon.colcon_core.shell:Creating environment hook '/home/mikks/ros2_px4_ws/install/px4_msgs/share/px4_msgs/hook/cmake_prefix_path.sh'
[3.060s] Level 1:colcon.colcon_core.environment:checking '/home/mikks/ros2_px4_ws/install/px4_msgs/lib'
[3.060s] Level 1:colcon.colcon_core.shell:create_environment_hook('px4_msgs', 'ld_library_path_lib')
[3.060s] INFO:colcon.colcon_core.shell:Creating environment hook '/home/mikks/ros2_px4_ws/install/px4_msgs/share/px4_msgs/hook/ld_library_path_lib.ps1'
[3.060s] INFO:colcon.colcon_core.shell:Creating environment descriptor '/home/mikks/ros2_px4_ws/install/px4_msgs/share/px4_msgs/hook/ld_library_path_lib.dsv'
[3.060s] INFO:colcon.colcon_core.shell:Creating environment hook '/home/mikks/ros2_px4_ws/install/px4_msgs/share/px4_msgs/hook/ld_library_path_lib.sh'
[3.061s] Level 1:colcon.colcon_core.environment:checking '/home/mikks/ros2_px4_ws/install/px4_msgs/bin'
[3.061s] Level 1:colcon.colcon_core.environment:checking '/home/mikks/ros2_px4_ws/install/px4_msgs/lib/pkgconfig/px4_msgs.pc'
[3.061s] Level 1:colcon.colcon_core.environment:checking '/home/mikks/ros2_px4_ws/install/px4_msgs/lib/python3.12/site-packages'
[3.061s] Level 1:colcon.colcon_core.shell:create_environment_hook('px4_msgs', 'pythonpath')
[3.061s] INFO:colcon.colcon_core.shell:Creating environment hook '/home/mikks/ros2_px4_ws/install/px4_msgs/share/px4_msgs/hook/pythonpath.ps1'
[3.062s] INFO:colcon.colcon_core.shell:Creating environment descriptor '/home/mikks/ros2_px4_ws/install/px4_msgs/share/px4_msgs/hook/pythonpath.dsv'
[3.062s] INFO:colcon.colcon_core.shell:Creating environment hook '/home/mikks/ros2_px4_ws/install/px4_msgs/share/px4_msgs/hook/pythonpath.sh'
[3.062s] Level 1:colcon.colcon_core.environment:checking '/home/mikks/ros2_px4_ws/install/px4_msgs/bin'
[3.063s] INFO:colcon.colcon_core.shell:Creating package script '/home/mikks/ros2_px4_ws/install/px4_msgs/share/px4_msgs/package.ps1'
[3.063s] INFO:colcon.colcon_core.shell:Creating package descriptor '/home/mikks/ros2_px4_ws/install/px4_msgs/share/px4_msgs/package.dsv'
[3.063s] INFO:colcon.colcon_core.shell:Creating package script '/home/mikks/ros2_px4_ws/install/px4_msgs/share/px4_msgs/package.sh'
[3.064s] INFO:colcon.colcon_core.shell:Creating package script '/home/mikks/ros2_px4_ws/install/px4_msgs/share/px4_msgs/package.bash'
[3.064s] INFO:colcon.colcon_core.shell:Creating package script '/home/mikks/ros2_px4_ws/install/px4_msgs/share/px4_msgs/package.zsh'
[3.064s] Level 1:colcon.colcon_core.environment:create_file_with_runtime_dependencies(/home/mikks/ros2_px4_ws/install/px4_msgs/share/colcon-core/packages/px4_msgs)
[3.065s] INFO:colcon.colcon_ros.task.ament_cmake.build:Building ROS package in '/home/mikks/ros2_px4_ws/src/px4-ros2-interface-lib/px4_ros2_cpp' with build type 'ament_cmake'
[3.065s] INFO:colcon.colcon_cmake.task.cmake.build:Building CMake package in '/home/mikks/ros2_px4_ws/src/px4-ros2-interface-lib/px4_ros2_cpp'
[3.065s] INFO:colcon.colcon_core.shell:Skip shell extension 'powershell' for command environment: Not usable outside of PowerShell
[3.065s] DEBUG:colcon.colcon_core.shell:Skip shell extension 'dsv' for command environment
[3.072s] INFO:colcon.colcon_ros.task.ament_python.build:Building ROS package in '/home/mikks/ros2_px4_ws/src/px4_actuator_ctrl' with build type 'ament_python'
[3.072s] Level 1:colcon.colcon_core.shell:create_environment_hook('px4_actuator_ctrl', 'ament_prefix_path')
[3.072s] INFO:colcon.colcon_core.shell:Creating environment hook '/home/mikks/ros2_px4_ws/install/px4_actuator_ctrl/share/px4_actuator_ctrl/hook/ament_prefix_path.ps1'
[3.073s] INFO:colcon.colcon_core.shell:Creating environment descriptor '/home/mikks/ros2_px4_ws/install/px4_actuator_ctrl/share/px4_actuator_ctrl/hook/ament_prefix_path.dsv'
[3.073s] INFO:colcon.colcon_core.shell:Creating environment hook '/home/mikks/ros2_px4_ws/install/px4_actuator_ctrl/share/px4_actuator_ctrl/hook/ament_prefix_path.sh'
[3.074s] INFO:colcon.colcon_core.shell:Skip shell extension 'powershell' for command environment: Not usable outside of PowerShell
[3.074s] DEBUG:colcon.colcon_core.shell:Skip shell extension 'dsv' for command environment
[3.080s] INFO:colcon.colcon_ros.task.ament_cmake.build:Building ROS package in '/home/mikks/ros2_px4_ws/src/px4_ros_com' with build type 'ament_cmake'
[3.080s] INFO:colcon.colcon_cmake.task.cmake.build:Building CMake package in '/home/mikks/ros2_px4_ws/src/px4_ros_com'
[3.080s] INFO:colcon.colcon_core.shell:Skip shell extension 'powershell' for command environment: Not usable outside of PowerShell
[3.081s] DEBUG:colcon.colcon_core.shell:Skip shell extension 'dsv' for command environment
[3.088s] INFO:colcon.colcon_ros.task.ament_python.build:Building ROS package in '/home/mikks/ros2_px4_ws/src/x500_hover_controller' with build type 'ament_python'
[3.088s] Level 1:colcon.colcon_core.shell:create_environment_hook('x500_hover_controller', 'ament_prefix_path')
[3.088s] INFO:colcon.colcon_core.shell:Creating environment hook '/home/mikks/ros2_px4_ws/install/x500_hover_controller/share/x500_hover_controller/hook/ament_prefix_path.ps1'
[3.089s] INFO:colcon.colcon_core.shell:Creating environment descriptor '/home/mikks/ros2_px4_ws/install/x500_hover_controller/share/x500_hover_controller/hook/ament_prefix_path.dsv'
[3.089s] INFO:colcon.colcon_core.shell:Creating environment hook '/home/mikks/ros2_px4_ws/install/x500_hover_controller/share/x500_hover_controller/hook/ament_prefix_path.sh'
[3.089s] INFO:colcon.colcon_core.shell:Skip shell extension 'powershell' for command environment: Not usable outside of PowerShell
[3.089s] DEBUG:colcon.colcon_core.shell:Skip shell extension 'dsv' for command environment
[3.098s] DEBUG:colcon.colcon_core.event_handler.log_command:Invoking command in '/home/mikks/ros2_px4_ws/build/px4_ros2_cpp': CMAKE_PREFIX_PATH=/home/mikks/ros2_px4_ws/install/px4_msgs:/home/mikks/ros2_px4_ws/install/px4_ros_com:/home/mikks/ros2_px4_ws/install/px4_ros2_py:/home/mikks/ros2_px4_ws/install/example_rover_velocity_mode_cpp:/home/mikks/ros2_px4_ws/install/example_mode_with_executor_cpp:/home/mikks/ros2_px4_ws/install/example_mode_vtol_cpp:/home/mikks/ros2_px4_ws/install/example_mode_rtl_replacement_cpp:/home/mikks/ros2_px4_ws/install/example_mode_mission_cpp:/home/mikks/ros2_px4_ws/install/example_mode_manual_cpp:/home/mikks/ros2_px4_ws/install/example_mode_goto_global_cpp:/home/mikks/ros2_px4_ws/install/example_mode_goto_cpp:/home/mikks/ros2_px4_ws/install/example_mode_fw_attitude_cpp:/home/mikks/ros2_px4_ws/install/example_local_navigation_cpp:/home/mikks/ros2_px4_ws/install/example_global_navigation_cpp:/home/mikks/ros2_px4_ws/install/example_executor_with_multiple_modes_cpp:/home/mikks/ros2_px4_ws/install/px4_ros2_cpp:/home/mikks/crazyflie_mapping_demo/ros2_ws/install/crazyflie_ros2_multiranger_bringup:/home/mikks/crazyflie_mapping_demo/ros2_ws/install/ros_gz_crazyflie_bringup:/home/mikks/crazyflie_mapping_demo/ros2_ws/install/ros_gz_crazyflie_gazebo:/home/mikks/crazyflie_mapping_demo/ros2_ws/install/crazyflie_sim:/home/mikks/crazyflie_mapping_demo/ros2_ws/install/crazyflie_examples:/home/mikks/crazyflie_mapping_demo/ros2_ws/install/crazyflie:/home/mikks/crazyflie_mapping_demo/ros2_ws/install/crazyflie_interfaces:/opt/ros/jazzy/opt/gz_sim_vendor:/opt/ros/jazzy/opt/gz_sensors_vendor:/opt/ros/jazzy/opt/gz_physics_vendor:/opt/ros/jazzy/opt/sdformat_vendor:/opt/ros/jazzy/opt/gz_gui_vendor:/opt/ros/jazzy/opt/gz_transport_vendor:/opt/ros/jazzy/opt/gz_rendering_vendor:/opt/ros/jazzy/opt/gz_plugin_vendor:/opt/ros/jazzy/opt/gz_fuel_tools_vendor:/opt/ros/jazzy/opt/gz_msgs_vendor:/opt/ros/jazzy/opt/gz_common_vendor:/opt/ros/jazzy/opt/gz_math_vendor:/opt/ros/jazzy/opt/gz_utils_vendor:/opt/ros/jazzy/opt/gz_tools_vendor:/opt/ros/jazzy/opt/gz_ogre_next_vendor:/opt/ros/jazzy/opt/gz_dartsim_vendor:/opt/ros/jazzy/opt/gz_cmake_vendor:/home/mikks/ros2_px4_ws/install/x500_hover_controller:/home/mikks/ros2_px4_ws/install/example_mode_with_rclpy_py:/home/mikks/ros2_px4_ws/install/example_mode_goto_py:/home/mikks/ros2_px4_ws/install/px4_actuator_ctrl:/home/mikks/ros2_ws/install/rover_desc_description:/home/mikks/ros2_ws/install/px4_actuator_ctrl:/home/mikks/ros2_ws/install/mine_rover_description:/home/mikks/ros2_ws/install/ZerionURDFV5cp_description:/home/mikks/crazyflie_mapping_demo/ros2_ws/install/velocity_free_consensus:/home/mikks/crazyflie_mapping_demo/ros2_ws/install/stepwise_lowpos:/home/mikks/crazyflie_mapping_demo/ros2_ws/install/step_wise_lowpos:/home/mikks/crazyflie_mapping_demo/ros2_ws/install/second_order_formation_control:/home/mikks/crazyflie_mapping_demo/ros2_ws/install/ros_gz_crazyflie_control:/home/mikks/crazyflie_mapping_demo/ros2_ws/install/mixed_fractional_consensus:/home/mikks/crazyflie_mapping_demo/ros2_ws/install/lowest_pos:/home/mikks/crazyflie_mapping_demo/ros2_ws/install/linear_consensus:/home/mikks/crazyflie_mapping_demo/ros2_ws/install/highest_pos:/home/mikks/crazyflie_mapping_demo/ros2_ws/install/fractional_consensus_alpha:/home/mikks/crazyflie_mapping_demo/ros2_ws/install/event_triggered_swarm:/home/mikks/crazyflie_mapping_demo/ros2_ws/install/drone_logger:/home/mikks/crazyflie_mapping_demo/ros2_ws/install/distributed_average_tracking:/home/mikks/crazyflie_mapping_demo/ros2_ws/install/crazyflie_swarm_logic:/home/mikks/crazyflie_mapping_demo/ros2_ws/install/crazyflie_ros2_multiranger_wall_following:/home/mikks/crazyflie_mapping_demo/ros2_ws/install/crazyflie_ros2_multiranger_simple_mapper:/home/mikks/crazyflie_mapping_demo/ros2_ws/install/crazyflie_py:/home/mikks/crazyflie_mapping_demo/ros2_ws/install/cooperative_target_centric_formation:/home/mikks/crazyflie_mapping_demo/ros2_ws/install/containment_using_agent_information:/home/mikks/crazyflie_mapping_demo/ros2_ws/install/consensus_for_double_integrator:/home/mikks/crazyflie_mapping_demo/ros2_ws/install/consensus_alignment:/home/mikks/crazyflie_mapping_demo/ros2_ws/install/binary_consensus:/home/mikks/crazyflie_mapping_demo/ros2_ws/install/Second_Order_Min_Consensus_for_Heterogeneous_Agents:/home/mikks/crazyflie_mapping_demo/ros2_ws/install/BinaryContainmentChain:/opt/ros/jazzy DEBUGINFOD_URLS=https://debuginfod.ubuntu.com LD_LIBRARY_PATH=/home/mikks/ros2_px4_ws/install/px4_msgs/lib:/home/mikks/ros2_px4_ws/install/px4_ros_com/lib:/home/mikks/ros2_px4_ws/install/px4_ros2_cpp/lib:/home/mikks/NatNet_SDK_4.3_ubuntu/lib:/home/mikks/crazyflie_mapping_demo/ros2_ws/install/crazyflie_interfaces/lib:/opt/ros/jazzy/opt/gz_sim_vendor/lib:/opt/ros/jazzy/opt/gz_sensors_vendor/lib:/opt/ros/jazzy/opt/gz_physics_vendor/lib:/opt/ros/jazzy/opt/sdformat_vendor/lib:/opt/ros/jazzy/opt/rviz_ogre_vendor/lib:/opt/ros/jazzy/lib/x86_64-linux-gnu:/opt/ros/jazzy/opt/gz_gui_vendor/lib:/opt/ros/jazzy/opt/gz_transport_vendor/lib:/opt/ros/jazzy/opt/gz_rendering_vendor/lib:/opt/ros/jazzy/opt/gz_plugin_vendor/lib:/opt/ros/jazzy/opt/gz_fuel_tools_vendor/lib:/opt/ros/jazzy/opt/gz_msgs_vendor/lib:/opt/ros/jazzy/opt/gz_common_vendor/lib:/opt/ros/jazzy/opt/gz_math_vendor/lib:/opt/ros/jazzy/opt/gz_utils_vendor/lib:/opt/ros/jazzy/opt/gz_tools_vendor/lib:/opt/ros/jazzy/opt/gz_ogre_next_vendor/lib:/opt/ros/jazzy/opt/gz_dartsim_vendor/lib:/opt/ros/jazzy/opt/gz_cmake_vendor/lib:/opt/ros/jazzy/lib PYTHONPATH=/home/mikks/ros2_px4_ws/install/px4_msgs/lib/python3.12/site-packages:/home/mikks/ros2_px4_ws/build/x500_hover_controller:/home/mikks/ros2_px4_ws/install/x500_hover_controller/lib/python3.12/site-packages:/home/mikks/ros2_px4_ws/install/px4_ros_com/lib/python3.12/site-packages:/home/mikks/ros2_px4_ws/build/example_mode_with_rclpy_py:/home/mikks/ros2_px4_ws/install/example_mode_with_rclpy_py/lib/python3.12/site-packages:/home/mikks/ros2_px4_ws/build/example_mode_goto_py:/home/mikks/ros2_px4_ws/install/example_mode_goto_py/lib/python3.12/site-packages:/home/mikks/ros2_px4_ws/install/px4_ros2_py/lib/python3.12/site-packages:/home/mikks/ros2_px4_ws/build/px4_actuator_ctrl:/home/mikks/ros2_px4_ws/install/px4_actuator_ctrl/lib/python3.12/site-packages:/home/mikks/ros2_ws/build/rover_desc_description:/home/mikks/ros2_ws/install/rover_desc_description/lib/python3.12/site-packages:/home/mikks/ros2_ws/install/px4_actuator_ctrl/lib/python3.12/site-packages:/home/mikks/ros2_ws/build/mine_rover_description:/home/mikks/ros2_ws/install/mine_rover_description/lib/python3.12/site-packages:/home/mikks/ros2_ws/build/ZerionURDFV5cp_description:/home/mikks/ros2_ws/install/ZerionURDFV5cp_description/lib/python3.12/site-packages:/home/mikks/crazyflie_mapping_demo/ros2_ws/install/velocity_free_consensus/lib/python3.12/site-packages:/home/mikks/crazyflie_mapping_demo/ros2_ws/install/stepwise_lowpos/lib/python3.12/site-packages:/home/mikks/crazyflie_mapping_demo/ros2_ws/install/step_wise_lowpos/lib/python3.12/site-packages:/home/mikks/crazyflie_mapping_demo/ros2_ws/install/second_order_formation_control/lib/python3.12/site-packages:/home/mikks/crazyflie_mapping_demo/ros2_ws/install/ros_gz_crazyflie_control/lib/python3.12/site-packages:/home/mikks/crazyflie_mapping_demo/ros2_ws/install/mixed_fractional_consensus/lib/python3.12/site-packages:/home/mikks/crazyflie_mapping_demo/ros2_ws/install/lowest_pos/lib/python3.12/site-packages:/home/mikks/crazyflie_mapping_demo/ros2_ws/install/linear_consensus/lib/python3.12/site-packages:/home/mikks/crazyflie_mapping_demo/ros2_ws/install/highest_pos/lib/python3.12/site-packages:/home/mikks/crazyflie_mapping_demo/ros2_ws/install/fractional_consensus_alpha/lib/python3.12/site-packages:/home/mikks/crazyflie_mapping_demo/ros2_ws/install/event_triggered_swarm/lib/python3.12/site-packages:/home/mikks/crazyflie_mapping_demo/ros2_ws/install/drone_logger/lib/python3.12/site-packages:/home/mikks/crazyflie_mapping_demo/ros2_ws/install/distributed_average_tracking/lib/python3.12/site-packages:/home/mikks/crazyflie_mapping_demo/ros2_ws/install/crazyflie_swarm_logic/lib/python3.12/site-packages:/home/mikks/crazyflie_mapping_demo/ros2_ws/install/crazyflie_sim/lib/python3.12/site-packages:/home/mikks/crazyflie_mapping_demo/ros2_ws/install/crazyflie_ros2_multiranger_wall_following/lib/python3.12/site-packages:/home/mikks/crazyflie_mapping_demo/ros2_ws/install/crazyflie_ros2_multiranger_simple_mapper/lib/python3.12/site-packages:/home/mikks/crazyflie_mapping_demo/ros2_ws/install/crazyflie_examples/lib/python3.12/site-packages:/home/mikks/crazyflie_mapping_demo/ros2_ws/install/crazyflie_py/lib/python3.12/site-packages:/home/mikks/crazyflie_mapping_demo/ros2_ws/install/crazyflie_interfaces/lib/python3.12/site-packages:/home/mikks/crazyflie_mapping_demo/ros2_ws/install/cooperative_target_centric_formation/lib/python3.12/site-packages:/home/mikks/crazyflie_mapping_demo/ros2_ws/install/containment_using_agent_information/lib/python3.12/site-packages:/home/mikks/crazyflie_mapping_demo/ros2_ws/install/consensus_for_double_integrator/lib/python3.12/site-packages:/home/mikks/crazyflie_mapping_demo/ros2_ws/install/consensus_alignment/lib/python3.12/site-packages:/home/mikks/crazyflie_mapping_demo/ros2_ws/install/binary_consensus/lib/python3.12/site-packages:/home/mikks/crazyflie_mapping_demo/ros2_ws/install/Second_Order_Min_Consensus_for_Heterogeneous_Agents/lib/python3.12/site-packages:/home/mikks/crazyflie_mapping_demo/ros2_ws/install/BinaryContainmentChain/lib/python3.12/site-packages:/opt/ros/jazzy/lib/python3.12/site-packages /usr/bin/cmake --build /home/mikks/ros2_px4_ws/build/px4_ros2_cpp -- -j12 -l12
[3.362s] INFO:colcon.colcon_core.task.python.build:Building Python package in '/home/mikks/ros2_px4_ws/src/px4_actuator_ctrl'
[3.362s] INFO:colcon.colcon_core.shell:Skip shell extension 'powershell' for command environment: Not usable outside of PowerShell
[3.362s] DEBUG:colcon.colcon_core.shell:Skip shell extension 'dsv' for command environment
[3.372s] DEBUG:colcon.colcon_core.event_handler.log_command:Invoking command in '/home/mikks/ros2_px4_ws/build/px4_ros_com': CMAKE_PREFIX_PATH=/home/mikks/ros2_px4_ws/install/px4_msgs:/home/mikks/ros2_px4_ws/install/px4_ros_com:/home/mikks/ros2_px4_ws/install/px4_ros2_py:/home/mikks/ros2_px4_ws/install/example_rover_velocity_mode_cpp:/home/mikks/ros2_px4_ws/install/example_mode_with_executor_cpp:/home/mikks/ros2_px4_ws/install/example_mode_vtol_cpp:/home/mikks/ros2_px4_ws/install/example_mode_rtl_replacement_cpp:/home/mikks/ros2_px4_ws/install/example_mode_mission_cpp:/home/mikks/ros2_px4_ws/install/example_mode_manual_cpp:/home/mikks/ros2_px4_ws/install/example_mode_goto_global_cpp:/home/mikks/ros2_px4_ws/install/example_mode_goto_cpp:/home/mikks/ros2_px4_ws/install/example_mode_fw_attitude_cpp:/home/mikks/ros2_px4_ws/install/example_local_navigation_cpp:/home/mikks/ros2_px4_ws/install/example_global_navigation_cpp:/home/mikks/ros2_px4_ws/install/example_executor_with_multiple_modes_cpp:/home/mikks/ros2_px4_ws/install/px4_ros2_cpp:/home/mikks/crazyflie_mapping_demo/ros2_ws/install/crazyflie_ros2_multiranger_bringup:/home/mikks/crazyflie_mapping_demo/ros2_ws/install/ros_gz_crazyflie_bringup:/home/mikks/crazyflie_mapping_demo/ros2_ws/install/ros_gz_crazyflie_gazebo:/home/mikks/crazyflie_mapping_demo/ros2_ws/install/crazyflie_sim:/home/mikks/crazyflie_mapping_demo/ros2_ws/install/crazyflie_examples:/home/mikks/crazyflie_mapping_demo/ros2_ws/install/crazyflie:/home/mikks/crazyflie_mapping_demo/ros2_ws/install/crazyflie_interfaces:/opt/ros/jazzy/opt/gz_sim_vendor:/opt/ros/jazzy/opt/gz_sensors_vendor:/opt/ros/jazzy/opt/gz_physics_vendor:/opt/ros/jazzy/opt/sdformat_vendor:/opt/ros/jazzy/opt/gz_gui_vendor:/opt/ros/jazzy/opt/gz_transport_vendor:/opt/ros/jazzy/opt/gz_rendering_vendor:/opt/ros/jazzy/opt/gz_plugin_vendor:/opt/ros/jazzy/opt/gz_fuel_tools_vendor:/opt/ros/jazzy/opt/gz_msgs_vendor:/opt/ros/jazzy/opt/gz_common_vendor:/opt/ros/jazzy/opt/gz_math_vendor:/opt/ros/jazzy/opt/gz_utils_vendor:/opt/ros/jazzy/opt/gz_tools_vendor:/opt/ros/jazzy/opt/gz_ogre_next_vendor:/opt/ros/jazzy/opt/gz_dartsim_vendor:/opt/ros/jazzy/opt/gz_cmake_vendor:/home/mikks/ros2_px4_ws/install/x500_hover_controller:/home/mikks/ros2_px4_ws/install/example_mode_with_rclpy_py:/home/mikks/ros2_px4_ws/install/example_mode_goto_py:/home/mikks/ros2_px4_ws/install/px4_actuator_ctrl:/home/mikks/ros2_ws/install/rover_desc_description:/home/mikks/ros2_ws/install/px4_actuator_ctrl:/home/mikks/ros2_ws/install/mine_rover_description:/home/mikks/ros2_ws/install/ZerionURDFV5cp_description:/home/mikks/crazyflie_mapping_demo/ros2_ws/install/velocity_free_consensus:/home/mikks/crazyflie_mapping_demo/ros2_ws/install/stepwise_lowpos:/home/mikks/crazyflie_mapping_demo/ros2_ws/install/step_wise_lowpos:/home/mikks/crazyflie_mapping_demo/ros2_ws/install/second_order_formation_control:/home/mikks/crazyflie_mapping_demo/ros2_ws/install/ros_gz_crazyflie_control:/home/mikks/crazyflie_mapping_demo/ros2_ws/install/mixed_fractional_consensus:/home/mikks/crazyflie_mapping_demo/ros2_ws/install/lowest_pos:/home/mikks/crazyflie_mapping_demo/ros2_ws/install/linear_consensus:/home/mikks/crazyflie_mapping_demo/ros2_ws/install/highest_pos:/home/mikks/crazyflie_mapping_demo/ros2_ws/install/fractional_consensus_alpha:/home/mikks/crazyflie_mapping_demo/ros2_ws/install/event_triggered_swarm:/home/mikks/crazyflie_mapping_demo/ros2_ws/install/drone_logger:/home/mikks/crazyflie_mapping_demo/ros2_ws/install/distributed_average_tracking:/home/mikks/crazyflie_mapping_demo/ros2_ws/install/crazyflie_swarm_logic:/home/mikks/crazyflie_mapping_demo/ros2_ws/install/crazyflie_ros2_multiranger_wall_following:/home/mikks/crazyflie_mapping_demo/ros2_ws/install/crazyflie_ros2_multiranger_simple_mapper:/home/mikks/crazyflie_mapping_demo/ros2_ws/install/crazyflie_py:/home/mikks/crazyflie_mapping_demo/ros2_ws/install/cooperative_target_centric_formation:/home/mikks/crazyflie_mapping_demo/ros2_ws/install/containment_using_agent_information:/home/mikks/crazyflie_mapping_demo/ros2_ws/install/consensus_for_double_integrator:/home/mikks/crazyflie_mapping_demo/ros2_ws/install/consensus_alignment:/home/mikks/crazyflie_mapping_demo/ros2_ws/install/binary_consensus:/home/mikks/crazyflie_mapping_demo/ros2_ws/install/Second_Order_Min_Consensus_for_Heterogeneous_Agents:/home/mikks/crazyflie_mapping_demo/ros2_ws/install/BinaryContainmentChain:/opt/ros/jazzy DEBUGINFOD_URLS=https://debuginfod.ubuntu.com LD_LIBRARY_PATH=/home/mikks/ros2_px4_ws/install/px4_msgs/lib:/home/mikks/ros2_px4_ws/install/px4_ros_com/lib:/home/mikks/ros2_px4_ws/install/px4_ros2_cpp/lib:/home/mikks/NatNet_SDK_4.3_ubuntu/lib:/home/mikks/crazyflie_mapping_demo/ros2_ws/install/crazyflie_interfaces/lib:/opt/ros/jazzy/opt/gz_sim_vendor/lib:/opt/ros/jazzy/opt/gz_sensors_vendor/lib:/opt/ros/jazzy/opt/gz_physics_vendor/lib:/opt/ros/jazzy/opt/sdformat_vendor/lib:/opt/ros/jazzy/opt/rviz_ogre_vendor/lib:/opt/ros/jazzy/lib/x86_64-linux-gnu:/opt/ros/jazzy/opt/gz_gui_vendor/lib:/opt/ros/jazzy/opt/gz_transport_vendor/lib:/opt/ros/jazzy/opt/gz_rendering_vendor/lib:/opt/ros/jazzy/opt/gz_plugin_vendor/lib:/opt/ros/jazzy/opt/gz_fuel_tools_vendor/lib:/opt/ros/jazzy/opt/gz_msgs_vendor/lib:/opt/ros/jazzy/opt/gz_common_vendor/lib:/opt/ros/jazzy/opt/gz_math_vendor/lib:/opt/ros/jazzy/opt/gz_utils_vendor/lib:/opt/ros/jazzy/opt/gz_tools_vendor/lib:/opt/ros/jazzy/opt/gz_ogre_next_vendor/lib:/opt/ros/jazzy/opt/gz_dartsim_vendor/lib:/opt/ros/jazzy/opt/gz_cmake_vendor/lib:/opt/ros/jazzy/lib PYTHONPATH=/home/mikks/ros2_px4_ws/install/px4_msgs/lib/python3.12/site-packages:/home/mikks/ros2_px4_ws/build/x500_hover_controller:/home/mikks/ros2_px4_ws/install/x500_hover_controller/lib/python3.12/site-packages:/home/mikks/ros2_px4_ws/install/px4_ros_com/lib/python3.12/site-packages:/home/mikks/ros2_px4_ws/build/example_mode_with_rclpy_py:/home/mikks/ros2_px4_ws/install/example_mode_with_rclpy_py/lib/python3.12/site-packages:/home/mikks/ros2_px4_ws/build/example_mode_goto_py:/home/mikks/ros2_px4_ws/install/example_mode_goto_py/lib/python3.12/site-packages:/home/mikks/ros2_px4_ws/install/px4_ros2_py/lib/python3.12/site-packages:/home/mikks/ros2_px4_ws/build/px4_actuator_ctrl:/home/mikks/ros2_px4_ws/install/px4_actuator_ctrl/lib/python3.12/site-packages:/home/mikks/ros2_ws/build/rover_desc_description:/home/mikks/ros2_ws/install/rover_desc_description/lib/python3.12/site-packages:/home/mikks/ros2_ws/install/px4_actuator_ctrl/lib/python3.12/site-packages:/home/mikks/ros2_ws/build/mine_rover_description:/home/mikks/ros2_ws/install/mine_rover_description/lib/python3.12/site-packages:/home/mikks/ros2_ws/build/ZerionURDFV5cp_description:/home/mikks/ros2_ws/install/ZerionURDFV5cp_description/lib/python3.12/site-packages:/home/mikks/crazyflie_mapping_demo/ros2_ws/install/velocity_free_consensus/lib/python3.12/site-packages:/home/mikks/crazyflie_mapping_demo/ros2_ws/install/stepwise_lowpos/lib/python3.12/site-packages:/home/mikks/crazyflie_mapping_demo/ros2_ws/install/step_wise_lowpos/lib/python3.12/site-packages:/home/mikks/crazyflie_mapping_demo/ros2_ws/install/second_order_formation_control/lib/python3.12/site-packages:/home/mikks/crazyflie_mapping_demo/ros2_ws/install/ros_gz_crazyflie_control/lib/python3.12/site-packages:/home/mikks/crazyflie_mapping_demo/ros2_ws/install/mixed_fractional_consensus/lib/python3.12/site-packages:/home/mikks/crazyflie_mapping_demo/ros2_ws/install/lowest_pos/lib/python3.12/site-packages:/home/mikks/crazyflie_mapping_demo/ros2_ws/install/linear_consensus/lib/python3.12/site-packages:/home/mikks/crazyflie_mapping_demo/ros2_ws/install/highest_pos/lib/python3.12/site-packages:/home/mikks/crazyflie_mapping_demo/ros2_ws/install/fractional_consensus_alpha/lib/python3.12/site-packages:/home/mikks/crazyflie_mapping_demo/ros2_ws/install/event_triggered_swarm/lib/python3.12/site-packages:/home/mikks/crazyflie_mapping_demo/ros2_ws/install/drone_logger/lib/python3.12/site-packages:/home/mikks/crazyflie_mapping_demo/ros2_ws/install/distributed_average_tracking/lib/python3.12/site-packages:/home/mikks/crazyflie_mapping_demo/ros2_ws/install/crazyflie_swarm_logic/lib/python3.12/site-packages:/home/mikks/crazyflie_mapping_demo/ros2_ws/install/crazyflie_sim/lib/python3.12/site-packages:/home/mikks/crazyflie_mapping_demo/ros2_ws/install/crazyflie_ros2_multiranger_wall_following/lib/python3.12/site-packages:/home/mikks/crazyflie_mapping_demo/ros2_ws/install/crazyflie_ros2_multiranger_simple_mapper/lib/python3.12/site-packages:/home/mikks/crazyflie_mapping_demo/ros2_ws/install/crazyflie_examples/lib/python3.12/site-packages:/home/mikks/crazyflie_mapping_demo/ros2_ws/install/crazyflie_py/lib/python3.12/site-packages:/home/mikks/crazyflie_mapping_demo/ros2_ws/install/crazyflie_interfaces/lib/python3.12/site-packages:/home/mikks/crazyflie_mapping_demo/ros2_ws/install/cooperative_target_centric_formation/lib/python3.12/site-packages:/home/mikks/crazyflie_mapping_demo/ros2_ws/install/containment_using_agent_information/lib/python3.12/site-packages:/home/mikks/crazyflie_mapping_demo/ros2_ws/install/consensus_for_double_integrator/lib/python3.12/site-packages:/home/mikks/crazyflie_mapping_demo/ros2_ws/install/consensus_alignment/lib/python3.12/site-packages:/home/mikks/crazyflie_mapping_demo/ros2_ws/install/binary_consensus/lib/python3.12/site-packages:/home/mikks/crazyflie_mapping_demo/ros2_ws/install/Second_Order_Min_Consensus_for_Heterogeneous_Agents/lib/python3.12/site-packages:/home/mikks/crazyflie_mapping_demo/ros2_ws/install/BinaryContainmentChain/lib/python3.12/site-packages:/opt/ros/jazzy/lib/python3.12/site-packages /usr/bin/cmake --build /home/mikks/ros2_px4_ws/build/px4_ros_com -- -j12 -l12
[3.373s] DEBUG:colcon.colcon_core.event_handler.log_command:Invoked command in '/home/mikks/ros2_px4_ws/build/px4_ros2_cpp' returned '0': CMAKE_PREFIX_PATH=/home/mikks/ros2_px4_ws/install/px4_msgs:/home/mikks/ros2_px4_ws/install/px4_ros_com:/home/mikks/ros2_px4_ws/install/px4_ros2_py:/home/mikks/ros2_px4_ws/install/example_rover_velocity_mode_cpp:/home/mikks/ros2_px4_ws/install/example_mode_with_executor_cpp:/home/mikks/ros2_px4_ws/install/example_mode_vtol_cpp:/home/mikks/ros2_px4_ws/install/example_mode_rtl_replacement_cpp:/home/mikks/ros2_px4_ws/install/example_mode_mission_cpp:/home/mikks/ros2_px4_ws/install/example_mode_manual_cpp:/home/mikks/ros2_px4_ws/install/example_mode_goto_global_cpp:/home/mikks/ros2_px4_ws/install/example_mode_goto_cpp:/home/mikks/ros2_px4_ws/install/example_mode_fw_attitude_cpp:/home/mikks/ros2_px4_ws/install/example_local_navigation_cpp:/home/mikks/ros2_px4_ws/install/example_global_navigation_cpp:/home/mikks/ros2_px4_ws/install/example_executor_with_multiple_modes_cpp:/home/mikks/ros2_px4_ws/install/px4_ros2_cpp:/home/mikks/crazyflie_mapping_demo/ros2_ws/install/crazyflie_ros2_multiranger_bringup:/home/mikks/crazyflie_mapping_demo/ros2_ws/install/ros_gz_crazyflie_bringup:/home/mikks/crazyflie_mapping_demo/ros2_ws/install/ros_gz_crazyflie_gazebo:/home/mikks/crazyflie_mapping_demo/ros2_ws/install/crazyflie_sim:/home/mikks/crazyflie_mapping_demo/ros2_ws/install/crazyflie_examples:/home/mikks/crazyflie_mapping_demo/ros2_ws/install/crazyflie:/home/mikks/crazyflie_mapping_demo/ros2_ws/install/crazyflie_interfaces:/opt/ros/jazzy/opt/gz_sim_vendor:/opt/ros/jazzy/opt/gz_sensors_vendor:/opt/ros/jazzy/opt/gz_physics_vendor:/opt/ros/jazzy/opt/sdformat_vendor:/opt/ros/jazzy/opt/gz_gui_vendor:/opt/ros/jazzy/opt/gz_transport_vendor:/opt/ros/jazzy/opt/gz_rendering_vendor:/opt/ros/jazzy/opt/gz_plugin_vendor:/opt/ros/jazzy/opt/gz_fuel_tools_vendor:/opt/ros/jazzy/opt/gz_msgs_vendor:/opt/ros/jazzy/opt/gz_common_vendor:/opt/ros/jazzy/opt/gz_math_vendor:/opt/ros/jazzy/opt/gz_utils_vendor:/opt/ros/jazzy/opt/gz_tools_vendor:/opt/ros/jazzy/opt/gz_ogre_next_vendor:/opt/ros/jazzy/opt/gz_dartsim_vendor:/opt/ros/jazzy/opt/gz_cmake_vendor:/home/mikks/ros2_px4_ws/install/x500_hover_controller:/home/mikks/ros2_px4_ws/install/example_mode_with_rclpy_py:/home/mikks/ros2_px4_ws/install/example_mode_goto_py:/home/mikks/ros2_px4_ws/install/px4_actuator_ctrl:/home/mikks/ros2_ws/install/rover_desc_description:/home/mikks/ros2_ws/install/px4_actuator_ctrl:/home/mikks/ros2_ws/install/mine_rover_description:/home/mikks/ros2_ws/install/ZerionURDFV5cp_description:/home/mikks/crazyflie_mapping_demo/ros2_ws/install/velocity_free_consensus:/home/mikks/crazyflie_mapping_demo/ros2_ws/install/stepwise_lowpos:/home/mikks/crazyflie_mapping_demo/ros2_ws/install/step_wise_lowpos:/home/mikks/crazyflie_mapping_demo/ros2_ws/install/second_order_formation_control:/home/mikks/crazyflie_mapping_demo/ros2_ws/install/ros_gz_crazyflie_control:/home/mikks/crazyflie_mapping_demo/ros2_ws/install/mixed_fractional_consensus:/home/mikks/crazyflie_mapping_demo/ros2_ws/install/lowest_pos:/home/mikks/crazyflie_mapping_demo/ros2_ws/install/linear_consensus:/home/mikks/crazyflie_mapping_demo/ros2_ws/install/highest_pos:/home/mikks/crazyflie_mapping_demo/ros2_ws/install/fractional_consensus_alpha:/home/mikks/crazyflie_mapping_demo/ros2_ws/install/event_triggered_swarm:/home/mikks/crazyflie_mapping_demo/ros2_ws/install/drone_logger:/home/mikks/crazyflie_mapping_demo/ros2_ws/install/distributed_average_tracking:/home/mikks/crazyflie_mapping_demo/ros2_ws/install/crazyflie_swarm_logic:/home/mikks/crazyflie_mapping_demo/ros2_ws/install/crazyflie_ros2_multiranger_wall_following:/home/mikks/crazyflie_mapping_demo/ros2_ws/install/crazyflie_ros2_multiranger_simple_mapper:/home/mikks/crazyflie_mapping_demo/ros2_ws/install/crazyflie_py:/home/mikks/crazyflie_mapping_demo/ros2_ws/install/cooperative_target_centric_formation:/home/mikks/crazyflie_mapping_demo/ros2_ws/install/containment_using_agent_information:/home/mikks/crazyflie_mapping_demo/ros2_ws/install/consensus_for_double_integrator:/home/mikks/crazyflie_mapping_demo/ros2_ws/install/consensus_alignment:/home/mikks/crazyflie_mapping_demo/ros2_ws/install/binary_consensus:/home/mikks/crazyflie_mapping_demo/ros2_ws/install/Second_Order_Min_Consensus_for_Heterogeneous_Agents:/home/mikks/crazyflie_mapping_demo/ros2_ws/install/BinaryContainmentChain:/opt/ros/jazzy DEBUGINFOD_URLS=https://debuginfod.ubuntu.com LD_LIBRARY_PATH=/home/mikks/ros2_px4_ws/install/px4_msgs/lib:/home/mikks/ros2_px4_ws/install/px4_ros_com/lib:/home/mikks/ros2_px4_ws/install/px4_ros2_cpp/lib:/home/mikks/NatNet_SDK_4.3_ubuntu/lib:/home/mikks/crazyflie_mapping_demo/ros2_ws/install/crazyflie_interfaces/lib:/opt/ros/jazzy/opt/gz_sim_vendor/lib:/opt/ros/jazzy/opt/gz_sensors_vendor/lib:/opt/ros/jazzy/opt/gz_physics_vendor/lib:/opt/ros/jazzy/opt/sdformat_vendor/lib:/opt/ros/jazzy/opt/rviz_ogre_vendor/lib:/opt/ros/jazzy/lib/x86_64-linux-gnu:/opt/ros/jazzy/opt/gz_gui_vendor/lib:/opt/ros/jazzy/opt/gz_transport_vendor/lib:/opt/ros/jazzy/opt/gz_rendering_vendor/lib:/opt/ros/jazzy/opt/gz_plugin_vendor/lib:/opt/ros/jazzy/opt/gz_fuel_tools_vendor/lib:/opt/ros/jazzy/opt/gz_msgs_vendor/lib:/opt/ros/jazzy/opt/gz_common_vendor/lib:/opt/ros/jazzy/opt/gz_math_vendor/lib:/opt/ros/jazzy/opt/gz_utils_vendor/lib:/opt/ros/jazzy/opt/gz_tools_vendor/lib:/opt/ros/jazzy/opt/gz_ogre_next_vendor/lib:/opt/ros/jazzy/opt/gz_dartsim_vendor/lib:/opt/ros/jazzy/opt/gz_cmake_vendor/lib:/opt/ros/jazzy/lib PYTHONPATH=/home/mikks/ros2_px4_ws/install/px4_msgs/lib/python3.12/site-packages:/home/mikks/ros2_px4_ws/build/x500_hover_controller:/home/mikks/ros2_px4_ws/install/x500_hover_controller/lib/python3.12/site-packages:/home/mikks/ros2_px4_ws/install/px4_ros_com/lib/python3.12/site-packages:/home/mikks/ros2_px4_ws/build/example_mode_with_rclpy_py:/home/mikks/ros2_px4_ws/install/example_mode_with_rclpy_py/lib/python3.12/site-packages:/home/mikks/ros2_px4_ws/build/example_mode_goto_py:/home/mikks/ros2_px4_ws/install/example_mode_goto_py/lib/python3.12/site-packages:/home/mikks/ros2_px4_ws/install/px4_ros2_py/lib/python3.12/site-packages:/home/mikks/ros2_px4_ws/build/px4_actuator_ctrl:/home/mikks/ros2_px4_ws/install/px4_actuator_ctrl/lib/python3.12/site-packages:/home/mikks/ros2_ws/build/rover_desc_description:/home/mikks/ros2_ws/install/rover_desc_description/lib/python3.12/site-packages:/home/mikks/ros2_ws/install/px4_actuator_ctrl/lib/python3.12/site-packages:/home/mikks/ros2_ws/build/mine_rover_description:/home/mikks/ros2_ws/install/mine_rover_description/lib/python3.12/site-packages:/home/mikks/ros2_ws/build/ZerionURDFV5cp_description:/home/mikks/ros2_ws/install/ZerionURDFV5cp_description/lib/python3.12/site-packages:/home/mikks/crazyflie_mapping_demo/ros2_ws/install/velocity_free_consensus/lib/python3.12/site-packages:/home/mikks/crazyflie_mapping_demo/ros2_ws/install/stepwise_lowpos/lib/python3.12/site-packages:/home/mikks/crazyflie_mapping_demo/ros2_ws/install/step_wise_lowpos/lib/python3.12/site-packages:/home/mikks/crazyflie_mapping_demo/ros2_ws/install/second_order_formation_control/lib/python3.12/site-packages:/home/mikks/crazyflie_mapping_demo/ros2_ws/install/ros_gz_crazyflie_control/lib/python3.12/site-packages:/home/mikks/crazyflie_mapping_demo/ros2_ws/install/mixed_fractional_consensus/lib/python3.12/site-packages:/home/mikks/crazyflie_mapping_demo/ros2_ws/install/lowest_pos/lib/python3.12/site-packages:/home/mikks/crazyflie_mapping_demo/ros2_ws/install/linear_consensus/lib/python3.12/site-packages:/home/mikks/crazyflie_mapping_demo/ros2_ws/install/highest_pos/lib/python3.12/site-packages:/home/mikks/crazyflie_mapping_demo/ros2_ws/install/fractional_consensus_alpha/lib/python3.12/site-packages:/home/mikks/crazyflie_mapping_demo/ros2_ws/install/event_triggered_swarm/lib/python3.12/site-packages:/home/mikks/crazyflie_mapping_demo/ros2_ws/install/drone_logger/lib/python3.12/site-packages:/home/mikks/crazyflie_mapping_demo/ros2_ws/install/distributed_average_tracking/lib/python3.12/site-packages:/home/mikks/crazyflie_mapping_demo/ros2_ws/install/crazyflie_swarm_logic/lib/python3.12/site-packages:/home/mikks/crazyflie_mapping_demo/ros2_ws/install/crazyflie_sim/lib/python3.12/site-packages:/home/mikks/crazyflie_mapping_demo/ros2_ws/install/crazyflie_ros2_multiranger_wall_following/lib/python3.12/site-packages:/home/mikks/crazyflie_mapping_demo/ros2_ws/install/crazyflie_ros2_multiranger_simple_mapper/lib/python3.12/site-packages:/home/mikks/crazyflie_mapping_demo/ros2_ws/install/crazyflie_examples/lib/python3.12/site-packages:/home/mikks/crazyflie_mapping_demo/ros2_ws/install/crazyflie_py/lib/python3.12/site-packages:/home/mikks/crazyflie_mapping_demo/ros2_ws/install/crazyflie_interfaces/lib/python3.12/site-packages:/home/mikks/crazyflie_mapping_demo/ros2_ws/install/cooperative_target_centric_formation/lib/python3.12/site-packages:/home/mikks/crazyflie_mapping_demo/ros2_ws/install/containment_using_agent_information/lib/python3.12/site-packages:/home/mikks/crazyflie_mapping_demo/ros2_ws/install/consensus_for_double_integrator/lib/python3.12/site-packages:/home/mikks/crazyflie_mapping_demo/ros2_ws/install/consensus_alignment/lib/python3.12/site-packages:/home/mikks/crazyflie_mapping_demo/ros2_ws/install/binary_consensus/lib/python3.12/site-packages:/home/mikks/crazyflie_mapping_demo/ros2_ws/install/Second_Order_Min_Consensus_for_Heterogeneous_Agents/lib/python3.12/site-packages:/home/mikks/crazyflie_mapping_demo/ros2_ws/install/BinaryContainmentChain/lib/python3.12/site-packages:/opt/ros/jazzy/lib/python3.12/site-packages /usr/bin/cmake --build /home/mikks/ros2_px4_ws/build/px4_ros2_cpp -- -j12 -l12
[3.374s] DEBUG:colcon.colcon_core.event_handler.log_command:Invoking command in '/home/mikks/ros2_px4_ws/build/px4_ros2_cpp': CMAKE_PREFIX_PATH=/home/mikks/ros2_px4_ws/install/px4_msgs:/home/mikks/ros2_px4_ws/install/px4_ros_com:/home/mikks/ros2_px4_ws/install/px4_ros2_py:/home/mikks/ros2_px4_ws/install/example_rover_velocity_mode_cpp:/home/mikks/ros2_px4_ws/install/example_mode_with_executor_cpp:/home/mikks/ros2_px4_ws/install/example_mode_vtol_cpp:/home/mikks/ros2_px4_ws/install/example_mode_rtl_replacement_cpp:/home/mikks/ros2_px4_ws/install/example_mode_mission_cpp:/home/mikks/ros2_px4_ws/install/example_mode_manual_cpp:/home/mikks/ros2_px4_ws/install/example_mode_goto_global_cpp:/home/mikks/ros2_px4_ws/install/example_mode_goto_cpp:/home/mikks/ros2_px4_ws/install/example_mode_fw_attitude_cpp:/home/mikks/ros2_px4_ws/install/example_local_navigation_cpp:/home/mikks/ros2_px4_ws/install/example_global_navigation_cpp:/home/mikks/ros2_px4_ws/install/example_executor_with_multiple_modes_cpp:/home/mikks/ros2_px4_ws/install/px4_ros2_cpp:/home/mikks/crazyflie_mapping_demo/ros2_ws/install/crazyflie_ros2_multiranger_bringup:/home/mikks/crazyflie_mapping_demo/ros2_ws/install/ros_gz_crazyflie_bringup:/home/mikks/crazyflie_mapping_demo/ros2_ws/install/ros_gz_crazyflie_gazebo:/home/mikks/crazyflie_mapping_demo/ros2_ws/install/crazyflie_sim:/home/mikks/crazyflie_mapping_demo/ros2_ws/install/crazyflie_examples:/home/mikks/crazyflie_mapping_demo/ros2_ws/install/crazyflie:/home/mikks/crazyflie_mapping_demo/ros2_ws/install/crazyflie_interfaces:/opt/ros/jazzy/opt/gz_sim_vendor:/opt/ros/jazzy/opt/gz_sensors_vendor:/opt/ros/jazzy/opt/gz_physics_vendor:/opt/ros/jazzy/opt/sdformat_vendor:/opt/ros/jazzy/opt/gz_gui_vendor:/opt/ros/jazzy/opt/gz_transport_vendor:/opt/ros/jazzy/opt/gz_rendering_vendor:/opt/ros/jazzy/opt/gz_plugin_vendor:/opt/ros/jazzy/opt/gz_fuel_tools_vendor:/opt/ros/jazzy/opt/gz_msgs_vendor:/opt/ros/jazzy/opt/gz_common_vendor:/opt/ros/jazzy/opt/gz_math_vendor:/opt/ros/jazzy/opt/gz_utils_vendor:/opt/ros/jazzy/opt/gz_tools_vendor:/opt/ros/jazzy/opt/gz_ogre_next_vendor:/opt/ros/jazzy/opt/gz_dartsim_vendor:/opt/ros/jazzy/opt/gz_cmake_vendor:/home/mikks/ros2_px4_ws/install/x500_hover_controller:/home/mikks/ros2_px4_ws/install/example_mode_with_rclpy_py:/home/mikks/ros2_px4_ws/install/example_mode_goto_py:/home/mikks/ros2_px4_ws/install/px4_actuator_ctrl:/home/mikks/ros2_ws/install/rover_desc_description:/home/mikks/ros2_ws/install/px4_actuator_ctrl:/home/mikks/ros2_ws/install/mine_rover_description:/home/mikks/ros2_ws/install/ZerionURDFV5cp_description:/home/mikks/crazyflie_mapping_demo/ros2_ws/install/velocity_free_consensus:/home/mikks/crazyflie_mapping_demo/ros2_ws/install/stepwise_lowpos:/home/mikks/crazyflie_mapping_demo/ros2_ws/install/step_wise_lowpos:/home/mikks/crazyflie_mapping_demo/ros2_ws/install/second_order_formation_control:/home/mikks/crazyflie_mapping_demo/ros2_ws/install/ros_gz_crazyflie_control:/home/mikks/crazyflie_mapping_demo/ros2_ws/install/mixed_fractional_consensus:/home/mikks/crazyflie_mapping_demo/ros2_ws/install/lowest_pos:/home/mikks/crazyflie_mapping_demo/ros2_ws/install/linear_consensus:/home/mikks/crazyflie_mapping_demo/ros2_ws/install/highest_pos:/home/mikks/crazyflie_mapping_demo/ros2_ws/install/fractional_consensus_alpha:/home/mikks/crazyflie_mapping_demo/ros2_ws/install/event_triggered_swarm:/home/mikks/crazyflie_mapping_demo/ros2_ws/install/drone_logger:/home/mikks/crazyflie_mapping_demo/ros2_ws/install/distributed_average_tracking:/home/mikks/crazyflie_mapping_demo/ros2_ws/install/crazyflie_swarm_logic:/home/mikks/crazyflie_mapping_demo/ros2_ws/install/crazyflie_ros2_multiranger_wall_following:/home/mikks/crazyflie_mapping_demo/ros2_ws/install/crazyflie_ros2_multiranger_simple_mapper:/home/mikks/crazyflie_mapping_demo/ros2_ws/install/crazyflie_py:/home/mikks/crazyflie_mapping_demo/ros2_ws/install/cooperative_target_centric_formation:/home/mikks/crazyflie_mapping_demo/ros2_ws/install/containment_using_agent_information:/home/mikks/crazyflie_mapping_demo/ros2_ws/install/consensus_for_double_integrator:/home/mikks/crazyflie_mapping_demo/ros2_ws/install/consensus_alignment:/home/mikks/crazyflie_mapping_demo/ros2_ws/install/binary_consensus:/home/mikks/crazyflie_mapping_demo/ros2_ws/install/Second_Order_Min_Consensus_for_Heterogeneous_Agents:/home/mikks/crazyflie_mapping_demo/ros2_ws/install/BinaryContainmentChain:/opt/ros/jazzy DEBUGINFOD_URLS=https://debuginfod.ubuntu.com LD_LIBRARY_PATH=/home/mikks/ros2_px4_ws/install/px4_msgs/lib:/home/mikks/ros2_px4_ws/install/px4_ros_com/lib:/home/mikks/ros2_px4_ws/install/px4_ros2_cpp/lib:/home/mikks/NatNet_SDK_4.3_ubuntu/lib:/home/mikks/crazyflie_mapping_demo/ros2_ws/install/crazyflie_interfaces/lib:/opt/ros/jazzy/opt/gz_sim_vendor/lib:/opt/ros/jazzy/opt/gz_sensors_vendor/lib:/opt/ros/jazzy/opt/gz_physics_vendor/lib:/opt/ros/jazzy/opt/sdformat_vendor/lib:/opt/ros/jazzy/opt/rviz_ogre_vendor/lib:/opt/ros/jazzy/lib/x86_64-linux-gnu:/opt/ros/jazzy/opt/gz_gui_vendor/lib:/opt/ros/jazzy/opt/gz_transport_vendor/lib:/opt/ros/jazzy/opt/gz_rendering_vendor/lib:/opt/ros/jazzy/opt/gz_plugin_vendor/lib:/opt/ros/jazzy/opt/gz_fuel_tools_vendor/lib:/opt/ros/jazzy/opt/gz_msgs_vendor/lib:/opt/ros/jazzy/opt/gz_common_vendor/lib:/opt/ros/jazzy/opt/gz_math_vendor/lib:/opt/ros/jazzy/opt/gz_utils_vendor/lib:/opt/ros/jazzy/opt/gz_tools_vendor/lib:/opt/ros/jazzy/opt/gz_ogre_next_vendor/lib:/opt/ros/jazzy/opt/gz_dartsim_vendor/lib:/opt/ros/jazzy/opt/gz_cmake_vendor/lib:/opt/ros/jazzy/lib PYTHONPATH=/home/mikks/ros2_px4_ws/install/px4_msgs/lib/python3.12/site-packages:/home/mikks/ros2_px4_ws/build/x500_hover_controller:/home/mikks/ros2_px4_ws/install/x500_hover_controller/lib/python3.12/site-packages:/home/mikks/ros2_px4_ws/install/px4_ros_com/lib/python3.12/site-packages:/home/mikks/ros2_px4_ws/build/example_mode_with_rclpy_py:/home/mikks/ros2_px4_ws/install/example_mode_with_rclpy_py/lib/python3.12/site-packages:/home/mikks/ros2_px4_ws/build/example_mode_goto_py:/home/mikks/ros2_px4_ws/install/example_mode_goto_py/lib/python3.12/site-packages:/home/mikks/ros2_px4_ws/install/px4_ros2_py/lib/python3.12/site-packages:/home/mikks/ros2_px4_ws/build/px4_actuator_ctrl:/home/mikks/ros2_px4_ws/install/px4_actuator_ctrl/lib/python3.12/site-packages:/home/mikks/ros2_ws/build/rover_desc_description:/home/mikks/ros2_ws/install/rover_desc_description/lib/python3.12/site-packages:/home/mikks/ros2_ws/install/px4_actuator_ctrl/lib/python3.12/site-packages:/home/mikks/ros2_ws/build/mine_rover_description:/home/mikks/ros2_ws/install/mine_rover_description/lib/python3.12/site-packages:/home/mikks/ros2_ws/build/ZerionURDFV5cp_description:/home/mikks/ros2_ws/install/ZerionURDFV5cp_description/lib/python3.12/site-packages:/home/mikks/crazyflie_mapping_demo/ros2_ws/install/velocity_free_consensus/lib/python3.12/site-packages:/home/mikks/crazyflie_mapping_demo/ros2_ws/install/stepwise_lowpos/lib/python3.12/site-packages:/home/mikks/crazyflie_mapping_demo/ros2_ws/install/step_wise_lowpos/lib/python3.12/site-packages:/home/mikks/crazyflie_mapping_demo/ros2_ws/install/second_order_formation_control/lib/python3.12/site-packages:/home/mikks/crazyflie_mapping_demo/ros2_ws/install/ros_gz_crazyflie_control/lib/python3.12/site-packages:/home/mikks/crazyflie_mapping_demo/ros2_ws/install/mixed_fractional_consensus/lib/python3.12/site-packages:/home/mikks/crazyflie_mapping_demo/ros2_ws/install/lowest_pos/lib/python3.12/site-packages:/home/mikks/crazyflie_mapping_demo/ros2_ws/install/linear_consensus/lib/python3.12/site-packages:/home/mikks/crazyflie_mapping_demo/ros2_ws/install/highest_pos/lib/python3.12/site-packages:/home/mikks/crazyflie_mapping_demo/ros2_ws/install/fractional_consensus_alpha/lib/python3.12/site-packages:/home/mikks/crazyflie_mapping_demo/ros2_ws/install/event_triggered_swarm/lib/python3.12/site-packages:/home/mikks/crazyflie_mapping_demo/ros2_ws/install/drone_logger/lib/python3.12/site-packages:/home/mikks/crazyflie_mapping_demo/ros2_ws/install/distributed_average_tracking/lib/python3.12/site-packages:/home/mikks/crazyflie_mapping_demo/ros2_ws/install/crazyflie_swarm_logic/lib/python3.12/site-packages:/home/mikks/crazyflie_mapping_demo/ros2_ws/install/crazyflie_sim/lib/python3.12/site-packages:/home/mikks/crazyflie_mapping_demo/ros2_ws/install/crazyflie_ros2_multiranger_wall_following/lib/python3.12/site-packages:/home/mikks/crazyflie_mapping_demo/ros2_ws/install/crazyflie_ros2_multiranger_simple_mapper/lib/python3.12/site-packages:/home/mikks/crazyflie_mapping_demo/ros2_ws/install/crazyflie_examples/lib/python3.12/site-packages:/home/mikks/crazyflie_mapping_demo/ros2_ws/install/crazyflie_py/lib/python3.12/site-packages:/home/mikks/crazyflie_mapping_demo/ros2_ws/install/crazyflie_interfaces/lib/python3.12/site-packages:/home/mikks/crazyflie_mapping_demo/ros2_ws/install/cooperative_target_centric_formation/lib/python3.12/site-packages:/home/mikks/crazyflie_mapping_demo/ros2_ws/install/containment_using_agent_information/lib/python3.12/site-packages:/home/mikks/crazyflie_mapping_demo/ros2_ws/install/consensus_for_double_integrator/lib/python3.12/site-packages:/home/mikks/crazyflie_mapping_demo/ros2_ws/install/consensus_alignment/lib/python3.12/site-packages:/home/mikks/crazyflie_mapping_demo/ros2_ws/install/binary_consensus/lib/python3.12/site-packages:/home/mikks/crazyflie_mapping_demo/ros2_ws/install/Second_Order_Min_Consensus_for_Heterogeneous_Agents/lib/python3.12/site-packages:/home/mikks/crazyflie_mapping_demo/ros2_ws/install/BinaryContainmentChain/lib/python3.12/site-packages:/opt/ros/jazzy/lib/python3.12/site-packages /usr/bin/cmake --install /home/mikks/ros2_px4_ws/build/px4_ros2_cpp
[3.623s] INFO:colcon.colcon_core.task.python.build:Building Python package in '/home/mikks/ros2_px4_ws/src/x500_hover_controller'
[3.624s] INFO:colcon.colcon_core.shell:Skip shell extension 'powershell' for command environment: Not usable outside of PowerShell
[3.624s] DEBUG:colcon.colcon_core.shell:Skip shell extension 'dsv' for command environment
[3.638s] Level 1:colcon.colcon_core.environment:create_environment_scripts_only(px4_ros2_cpp)
[3.638s] Level 1:colcon.colcon_core.environment:checking '/home/mikks/ros2_px4_ws/install/px4_ros2_cpp' for CMake module files
[3.639s] Level 1:colcon.colcon_core.environment:checking '/home/mikks/ros2_px4_ws/install/px4_ros2_cpp' for CMake config files
[3.640s] Level 1:colcon.colcon_core.shell:create_environment_hook('px4_ros2_cpp', 'cmake_prefix_path')
[3.640s] INFO:colcon.colcon_core.shell:Creating environment hook '/home/mikks/ros2_px4_ws/install/px4_ros2_cpp/share/px4_ros2_cpp/hook/cmake_prefix_path.ps1'
[3.641s] INFO:colcon.colcon_core.shell:Creating environment descriptor '/home/mikks/ros2_px4_ws/install/px4_ros2_cpp/share/px4_ros2_cpp/hook/cmake_prefix_path.dsv'
[3.641s] INFO:colcon.colcon_core.shell:Creating environment hook '/home/mikks/ros2_px4_ws/install/px4_ros2_cpp/share/px4_ros2_cpp/hook/cmake_prefix_path.sh'
[3.642s] Level 1:colcon.colcon_core.environment:checking '/home/mikks/ros2_px4_ws/install/px4_ros2_cpp/lib'
[3.643s] Level 1:colcon.colcon_core.shell:create_environment_hook('px4_ros2_cpp', 'ld_library_path_lib')
[3.643s] INFO:colcon.colcon_core.shell:Creating environment hook '/home/mikks/ros2_px4_ws/install/px4_ros2_cpp/share/px4_ros2_cpp/hook/ld_library_path_lib.ps1'
[3.643s] INFO:colcon.colcon_core.shell:Creating environment descriptor '/home/mikks/ros2_px4_ws/install/px4_ros2_cpp/share/px4_ros2_cpp/hook/ld_library_path_lib.dsv'
[3.644s] INFO:colcon.colcon_core.shell:Creating environment hook '/home/mikks/ros2_px4_ws/install/px4_ros2_cpp/share/px4_ros2_cpp/hook/ld_library_path_lib.sh'
[3.644s] Level 1:colcon.colcon_core.environment:checking '/home/mikks/ros2_px4_ws/install/px4_ros2_cpp/bin'
[3.645s] Level 1:colcon.colcon_core.environment:checking '/home/mikks/ros2_px4_ws/install/px4_ros2_cpp/lib/pkgconfig/px4_ros2_cpp.pc'
[3.645s] Level 1:colcon.colcon_core.environment:checking '/home/mikks/ros2_px4_ws/install/px4_ros2_cpp/lib/python3.12/site-packages'
[3.645s] Level 1:colcon.colcon_core.environment:checking '/home/mikks/ros2_px4_ws/install/px4_ros2_cpp/bin'
[3.645s] INFO:colcon.colcon_core.shell:Creating package script '/home/mikks/ros2_px4_ws/install/px4_ros2_cpp/share/px4_ros2_cpp/package.ps1'
[3.646s] INFO:colcon.colcon_core.shell:Creating package descriptor '/home/mikks/ros2_px4_ws/install/px4_ros2_cpp/share/px4_ros2_cpp/package.dsv'
[3.648s] INFO:colcon.colcon_core.shell:Creating package script '/home/mikks/ros2_px4_ws/install/px4_ros2_cpp/share/px4_ros2_cpp/package.sh'
[3.650s] DEBUG:colcon.colcon_core.event_handler.log_command:Invoked command in '/home/mikks/ros2_px4_ws/build/px4_ros2_cpp' returned '0': CMAKE_PREFIX_PATH=/home/mikks/ros2_px4_ws/install/px4_msgs:/home/mikks/ros2_px4_ws/install/px4_ros_com:/home/mikks/ros2_px4_ws/install/px4_ros2_py:/home/mikks/ros2_px4_ws/install/example_rover_velocity_mode_cpp:/home/mikks/ros2_px4_ws/install/example_mode_with_executor_cpp:/home/mikks/ros2_px4_ws/install/example_mode_vtol_cpp:/home/mikks/ros2_px4_ws/install/example_mode_rtl_replacement_cpp:/home/mikks/ros2_px4_ws/install/example_mode_mission_cpp:/home/mikks/ros2_px4_ws/install/example_mode_manual_cpp:/home/mikks/ros2_px4_ws/install/example_mode_goto_global_cpp:/home/mikks/ros2_px4_ws/install/example_mode_goto_cpp:/home/mikks/ros2_px4_ws/install/example_mode_fw_attitude_cpp:/home/mikks/ros2_px4_ws/install/example_local_navigation_cpp:/home/mikks/ros2_px4_ws/install/example_global_navigation_cpp:/home/mikks/ros2_px4_ws/install/example_executor_with_multiple_modes_cpp:/home/mikks/ros2_px4_ws/install/px4_ros2_cpp:/home/mikks/crazyflie_mapping_demo/ros2_ws/install/crazyflie_ros2_multiranger_bringup:/home/mikks/crazyflie_mapping_demo/ros2_ws/install/ros_gz_crazyflie_bringup:/home/mikks/crazyflie_mapping_demo/ros2_ws/install/ros_gz_crazyflie_gazebo:/home/mikks/crazyflie_mapping_demo/ros2_ws/install/crazyflie_sim:/home/mikks/crazyflie_mapping_demo/ros2_ws/install/crazyflie_examples:/home/mikks/crazyflie_mapping_demo/ros2_ws/install/crazyflie:/home/mikks/crazyflie_mapping_demo/ros2_ws/install/crazyflie_interfaces:/opt/ros/jazzy/opt/gz_sim_vendor:/opt/ros/jazzy/opt/gz_sensors_vendor:/opt/ros/jazzy/opt/gz_physics_vendor:/opt/ros/jazzy/opt/sdformat_vendor:/opt/ros/jazzy/opt/gz_gui_vendor:/opt/ros/jazzy/opt/gz_transport_vendor:/opt/ros/jazzy/opt/gz_rendering_vendor:/opt/ros/jazzy/opt/gz_plugin_vendor:/opt/ros/jazzy/opt/gz_fuel_tools_vendor:/opt/ros/jazzy/opt/gz_msgs_vendor:/opt/ros/jazzy/opt/gz_common_vendor:/opt/ros/jazzy/opt/gz_math_vendor:/opt/ros/jazzy/opt/gz_utils_vendor:/opt/ros/jazzy/opt/gz_tools_vendor:/opt/ros/jazzy/opt/gz_ogre_next_vendor:/opt/ros/jazzy/opt/gz_dartsim_vendor:/opt/ros/jazzy/opt/gz_cmake_vendor:/home/mikks/ros2_px4_ws/install/x500_hover_controller:/home/mikks/ros2_px4_ws/install/example_mode_with_rclpy_py:/home/mikks/ros2_px4_ws/install/example_mode_goto_py:/home/mikks/ros2_px4_ws/install/px4_actuator_ctrl:/home/mikks/ros2_ws/install/rover_desc_description:/home/mikks/ros2_ws/install/px4_actuator_ctrl:/home/mikks/ros2_ws/install/mine_rover_description:/home/mikks/ros2_ws/install/ZerionURDFV5cp_description:/home/mikks/crazyflie_mapping_demo/ros2_ws/install/velocity_free_consensus:/home/mikks/crazyflie_mapping_demo/ros2_ws/install/stepwise_lowpos:/home/mikks/crazyflie_mapping_demo/ros2_ws/install/step_wise_lowpos:/home/mikks/crazyflie_mapping_demo/ros2_ws/install/second_order_formation_control:/home/mikks/crazyflie_mapping_demo/ros2_ws/install/ros_gz_crazyflie_control:/home/mikks/crazyflie_mapping_demo/ros2_ws/install/mixed_fractional_consensus:/home/mikks/crazyflie_mapping_demo/ros2_ws/install/lowest_pos:/home/mikks/crazyflie_mapping_demo/ros2_ws/install/linear_consensus:/home/mikks/crazyflie_mapping_demo/ros2_ws/install/highest_pos:/home/mikks/crazyflie_mapping_demo/ros2_ws/install/fractional_consensus_alpha:/home/mikks/crazyflie_mapping_demo/ros2_ws/install/event_triggered_swarm:/home/mikks/crazyflie_mapping_demo/ros2_ws/install/drone_logger:/home/mikks/crazyflie_mapping_demo/ros2_ws/install/distributed_average_tracking:/home/mikks/crazyflie_mapping_demo/ros2_ws/install/crazyflie_swarm_logic:/home/mikks/crazyflie_mapping_demo/ros2_ws/install/crazyflie_ros2_multiranger_wall_following:/home/mikks/crazyflie_mapping_demo/ros2_ws/install/crazyflie_ros2_multiranger_simple_mapper:/home/mikks/crazyflie_mapping_demo/ros2_ws/install/crazyflie_py:/home/mikks/crazyflie_mapping_demo/ros2_ws/install/cooperative_target_centric_formation:/home/mikks/crazyflie_mapping_demo/ros2_ws/install/containment_using_agent_information:/home/mikks/crazyflie_mapping_demo/ros2_ws/install/consensus_for_double_integrator:/home/mikks/crazyflie_mapping_demo/ros2_ws/install/consensus_alignment:/home/mikks/crazyflie_mapping_demo/ros2_ws/install/binary_consensus:/home/mikks/crazyflie_mapping_demo/ros2_ws/install/Second_Order_Min_Consensus_for_Heterogeneous_Agents:/home/mikks/crazyflie_mapping_demo/ros2_ws/install/BinaryContainmentChain:/opt/ros/jazzy DEBUGINFOD_URLS=https://debuginfod.ubuntu.com LD_LIBRARY_PATH=/home/mikks/ros2_px4_ws/install/px4_msgs/lib:/home/mikks/ros2_px4_ws/install/px4_ros_com/lib:/home/mikks/ros2_px4_ws/install/px4_ros2_cpp/lib:/home/mikks/NatNet_SDK_4.3_ubuntu/lib:/home/mikks/crazyflie_mapping_demo/ros2_ws/install/crazyflie_interfaces/lib:/opt/ros/jazzy/opt/gz_sim_vendor/lib:/opt/ros/jazzy/opt/gz_sensors_vendor/lib:/opt/ros/jazzy/opt/gz_physics_vendor/lib:/opt/ros/jazzy/opt/sdformat_vendor/lib:/opt/ros/jazzy/opt/rviz_ogre_vendor/lib:/opt/ros/jazzy/lib/x86_64-linux-gnu:/opt/ros/jazzy/opt/gz_gui_vendor/lib:/opt/ros/jazzy/opt/gz_transport_vendor/lib:/opt/ros/jazzy/opt/gz_rendering_vendor/lib:/opt/ros/jazzy/opt/gz_plugin_vendor/lib:/opt/ros/jazzy/opt/gz_fuel_tools_vendor/lib:/opt/ros/jazzy/opt/gz_msgs_vendor/lib:/opt/ros/jazzy/opt/gz_common_vendor/lib:/opt/ros/jazzy/opt/gz_math_vendor/lib:/opt/ros/jazzy/opt/gz_utils_vendor/lib:/opt/ros/jazzy/opt/gz_tools_vendor/lib:/opt/ros/jazzy/opt/gz_ogre_next_vendor/lib:/opt/ros/jazzy/opt/gz_dartsim_vendor/lib:/opt/ros/jazzy/opt/gz_cmake_vendor/lib:/opt/ros/jazzy/lib PYTHONPATH=/home/mikks/ros2_px4_ws/install/px4_msgs/lib/python3.12/site-packages:/home/mikks/ros2_px4_ws/build/x500_hover_controller:/home/mikks/ros2_px4_ws/install/x500_hover_controller/lib/python3.12/site-packages:/home/mikks/ros2_px4_ws/install/px4_ros_com/lib/python3.12/site-packages:/home/mikks/ros2_px4_ws/build/example_mode_with_rclpy_py:/home/mikks/ros2_px4_ws/install/example_mode_with_rclpy_py/lib/python3.12/site-packages:/home/mikks/ros2_px4_ws/build/example_mode_goto_py:/home/mikks/ros2_px4_ws/install/example_mode_goto_py/lib/python3.12/site-packages:/home/mikks/ros2_px4_ws/install/px4_ros2_py/lib/python3.12/site-packages:/home/mikks/ros2_px4_ws/build/px4_actuator_ctrl:/home/mikks/ros2_px4_ws/install/px4_actuator_ctrl/lib/python3.12/site-packages:/home/mikks/ros2_ws/build/rover_desc_description:/home/mikks/ros2_ws/install/rover_desc_description/lib/python3.12/site-packages:/home/mikks/ros2_ws/install/px4_actuator_ctrl/lib/python3.12/site-packages:/home/mikks/ros2_ws/build/mine_rover_description:/home/mikks/ros2_ws/install/mine_rover_description/lib/python3.12/site-packages:/home/mikks/ros2_ws/build/ZerionURDFV5cp_description:/home/mikks/ros2_ws/install/ZerionURDFV5cp_description/lib/python3.12/site-packages:/home/mikks/crazyflie_mapping_demo/ros2_ws/install/velocity_free_consensus/lib/python3.12/site-packages:/home/mikks/crazyflie_mapping_demo/ros2_ws/install/stepwise_lowpos/lib/python3.12/site-packages:/home/mikks/crazyflie_mapping_demo/ros2_ws/install/step_wise_lowpos/lib/python3.12/site-packages:/home/mikks/crazyflie_mapping_demo/ros2_ws/install/second_order_formation_control/lib/python3.12/site-packages:/home/mikks/crazyflie_mapping_demo/ros2_ws/install/ros_gz_crazyflie_control/lib/python3.12/site-packages:/home/mikks/crazyflie_mapping_demo/ros2_ws/install/mixed_fractional_consensus/lib/python3.12/site-packages:/home/mikks/crazyflie_mapping_demo/ros2_ws/install/lowest_pos/lib/python3.12/site-packages:/home/mikks/crazyflie_mapping_demo/ros2_ws/install/linear_consensus/lib/python3.12/site-packages:/home/mikks/crazyflie_mapping_demo/ros2_ws/install/highest_pos/lib/python3.12/site-packages:/home/mikks/crazyflie_mapping_demo/ros2_ws/install/fractional_consensus_alpha/lib/python3.12/site-packages:/home/mikks/crazyflie_mapping_demo/ros2_ws/install/event_triggered_swarm/lib/python3.12/site-packages:/home/mikks/crazyflie_mapping_demo/ros2_ws/install/drone_logger/lib/python3.12/site-packages:/home/mikks/crazyflie_mapping_demo/ros2_ws/install/distributed_average_tracking/lib/python3.12/site-packages:/home/mikks/crazyflie_mapping_demo/ros2_ws/install/crazyflie_swarm_logic/lib/python3.12/site-packages:/home/mikks/crazyflie_mapping_demo/ros2_ws/install/crazyflie_sim/lib/python3.12/site-packages:/home/mikks/crazyflie_mapping_demo/ros2_ws/install/crazyflie_ros2_multiranger_wall_following/lib/python3.12/site-packages:/home/mikks/crazyflie_mapping_demo/ros2_ws/install/crazyflie_ros2_multiranger_simple_mapper/lib/python3.12/site-packages:/home/mikks/crazyflie_mapping_demo/ros2_ws/install/crazyflie_examples/lib/python3.12/site-packages:/home/mikks/crazyflie_mapping_demo/ros2_ws/install/crazyflie_py/lib/python3.12/site-packages:/home/mikks/crazyflie_mapping_demo/ros2_ws/install/crazyflie_interfaces/lib/python3.12/site-packages:/home/mikks/crazyflie_mapping_demo/ros2_ws/install/cooperative_target_centric_formation/lib/python3.12/site-packages:/home/mikks/crazyflie_mapping_demo/ros2_ws/install/containment_using_agent_information/lib/python3.12/site-packages:/home/mikks/crazyflie_mapping_demo/ros2_ws/install/consensus_for_double_integrator/lib/python3.12/site-packages:/home/mikks/crazyflie_mapping_demo/ros2_ws/install/consensus_alignment/lib/python3.12/site-packages:/home/mikks/crazyflie_mapping_demo/ros2_ws/install/binary_consensus/lib/python3.12/site-packages:/home/mikks/crazyflie_mapping_demo/ros2_ws/install/Second_Order_Min_Consensus_for_Heterogeneous_Agents/lib/python3.12/site-packages:/home/mikks/crazyflie_mapping_demo/ros2_ws/install/BinaryContainmentChain/lib/python3.12/site-packages:/opt/ros/jazzy/lib/python3.12/site-packages /usr/bin/cmake --install /home/mikks/ros2_px4_ws/build/px4_ros2_cpp
[3.650s] INFO:colcon.colcon_core.shell:Creating package script '/home/mikks/ros2_px4_ws/install/px4_ros2_cpp/share/px4_ros2_cpp/package.bash'
[3.650s] INFO:colcon.colcon_core.shell:Creating package script '/home/mikks/ros2_px4_ws/install/px4_ros2_cpp/share/px4_ros2_cpp/package.zsh'
[3.650s] Level 1:colcon.colcon_core.environment:create_file_with_runtime_dependencies(/home/mikks/ros2_px4_ws/install/px4_ros2_cpp/share/colcon-core/packages/px4_ros2_cpp)
[3.651s] Level 1:colcon.colcon_core.environment:create_environment_scripts_only(px4_ros2_cpp)
[3.651s] Level 1:colcon.colcon_core.environment:checking '/home/mikks/ros2_px4_ws/install/px4_ros2_cpp' for CMake module files
[3.651s] Level 1:colcon.colcon_core.environment:checking '/home/mikks/ros2_px4_ws/install/px4_ros2_cpp' for CMake config files
[3.651s] Level 1:colcon.colcon_core.shell:create_environment_hook('px4_ros2_cpp', 'cmake_prefix_path')
[3.652s] INFO:colcon.colcon_core.shell:Creating environment hook '/home/mikks/ros2_px4_ws/install/px4_ros2_cpp/share/px4_ros2_cpp/hook/cmake_prefix_path.ps1'
[3.652s] INFO:colcon.colcon_core.shell:Creating environment descriptor '/home/mikks/ros2_px4_ws/install/px4_ros2_cpp/share/px4_ros2_cpp/hook/cmake_prefix_path.dsv'
[3.652s] INFO:colcon.colcon_core.shell:Creating environment hook '/home/mikks/ros2_px4_ws/install/px4_ros2_cpp/share/px4_ros2_cpp/hook/cmake_prefix_path.sh'
[3.653s] Level 1:colcon.colcon_core.environment:checking '/home/mikks/ros2_px4_ws/install/px4_ros2_cpp/lib'
[3.653s] Level 1:colcon.colcon_core.shell:create_environment_hook('px4_ros2_cpp', 'ld_library_path_lib')
[3.653s] INFO:colcon.colcon_core.shell:Creating environment hook '/home/mikks/ros2_px4_ws/install/px4_ros2_cpp/share/px4_ros2_cpp/hook/ld_library_path_lib.ps1'
[3.653s] INFO:colcon.colcon_core.shell:Creating environment descriptor '/home/mikks/ros2_px4_ws/install/px4_ros2_cpp/share/px4_ros2_cpp/hook/ld_library_path_lib.dsv'
[3.653s] INFO:colcon.colcon_core.shell:Creating environment hook '/home/mikks/ros2_px4_ws/install/px4_ros2_cpp/share/px4_ros2_cpp/hook/ld_library_path_lib.sh'
[3.654s] Level 1:colcon.colcon_core.environment:checking '/home/mikks/ros2_px4_ws/install/px4_ros2_cpp/bin'
[3.654s] Level 1:colcon.colcon_core.environment:checking '/home/mikks/ros2_px4_ws/install/px4_ros2_cpp/lib/pkgconfig/px4_ros2_cpp.pc'
[3.654s] Level 1:colcon.colcon_core.environment:checking '/home/mikks/ros2_px4_ws/install/px4_ros2_cpp/lib/python3.12/site-packages'
[3.654s] Level 1:colcon.colcon_core.environment:checking '/home/mikks/ros2_px4_ws/install/px4_ros2_cpp/bin'
[3.654s] INFO:colcon.colcon_core.shell:Creating package script '/home/mikks/ros2_px4_ws/install/px4_ros2_cpp/share/px4_ros2_cpp/package.ps1'
[3.655s] INFO:colcon.colcon_core.shell:Creating package descriptor '/home/mikks/ros2_px4_ws/install/px4_ros2_cpp/share/px4_ros2_cpp/package.dsv'
[3.655s] INFO:colcon.colcon_core.shell:Creating package script '/home/mikks/ros2_px4_ws/install/px4_ros2_cpp/share/px4_ros2_cpp/package.sh'
[3.655s] INFO:colcon.colcon_core.shell:Creating package script '/home/mikks/ros2_px4_ws/install/px4_ros2_cpp/share/px4_ros2_cpp/package.bash'
[3.656s] INFO:colcon.colcon_core.shell:Creating package script '/home/mikks/ros2_px4_ws/install/px4_ros2_cpp/share/px4_ros2_cpp/package.zsh'
[3.656s] Level 1:colcon.colcon_core.environment:create_file_with_runtime_dependencies(/home/mikks/ros2_px4_ws/install/px4_ros2_cpp/share/colcon-core/packages/px4_ros2_cpp)
[3.656s] INFO:colcon.colcon_ros.task.ament_cmake.build:Building ROS package in '/home/mikks/ros2_px4_ws/src/px4-ros2-interface-lib/px4_ros2_py' with build type 'ament_cmake'
[3.656s] INFO:colcon.colcon_cmake.task.cmake.build:Building CMake package in '/home/mikks/ros2_px4_ws/src/px4-ros2-interface-lib/px4_ros2_py'
[3.656s] INFO:colcon.colcon_core.shell:Skip shell extension 'powershell' for command environment: Not usable outside of PowerShell
[3.657s] DEBUG:colcon.colcon_core.shell:Skip shell extension 'dsv' for command environment
[3.664s] INFO:colcon.colcon_ros.task.ament_cmake.build:Building ROS package in '/home/mikks/ros2_px4_ws/src/px4-ros2-interface-lib/examples/cpp/modes/executor_with_multiple_modes' with build type 'ament_cmake'
[3.664s] INFO:colcon.colcon_cmake.task.cmake.build:Building CMake package in '/home/mikks/ros2_px4_ws/src/px4-ros2-interface-lib/examples/cpp/modes/executor_with_multiple_modes'
[3.664s] INFO:colcon.colcon_core.shell:Skip shell extension 'powershell' for command environment: Not usable outside of PowerShell
[3.664s] DEBUG:colcon.colcon_core.shell:Skip shell extension 'dsv' for command environment
[3.671s] INFO:colcon.colcon_ros.task.ament_cmake.build:Building ROS package in '/home/mikks/ros2_px4_ws/src/px4-ros2-interface-lib/examples/cpp/navigation/global_navigation' with build type 'ament_cmake'
[3.671s] INFO:colcon.colcon_cmake.task.cmake.build:Building CMake package in '/home/mikks/ros2_px4_ws/src/px4-ros2-interface-lib/examples/cpp/navigation/global_navigation'
[3.671s] INFO:colcon.colcon_core.shell:Skip shell extension 'powershell' for command environment: Not usable outside of PowerShell
[3.671s] DEBUG:colcon.colcon_core.shell:Skip shell extension 'dsv' for command environment
[3.679s] INFO:colcon.colcon_ros.task.ament_cmake.build:Building ROS package in '/home/mikks/ros2_px4_ws/src/px4-ros2-interface-lib/examples/cpp/navigation/local_navigation' with build type 'ament_cmake'
[3.679s] INFO:colcon.colcon_cmake.task.cmake.build:Building CMake package in '/home/mikks/ros2_px4_ws/src/px4-ros2-interface-lib/examples/cpp/navigation/local_navigation'
[3.679s] INFO:colcon.colcon_core.shell:Skip shell extension 'powershell' for command environment: Not usable outside of PowerShell
[3.679s] DEBUG:colcon.colcon_core.shell:Skip shell extension 'dsv' for command environment
[3.685s] INFO:colcon.colcon_ros.task.ament_cmake.build:Building ROS package in '/home/mikks/ros2_px4_ws/src/px4-ros2-interface-lib/examples/cpp/modes/fw_attitude' with build type 'ament_cmake'
[3.685s] INFO:colcon.colcon_cmake.task.cmake.build:Building CMake package in '/home/mikks/ros2_px4_ws/src/px4-ros2-interface-lib/examples/cpp/modes/fw_attitude'
[3.685s] INFO:colcon.colcon_core.shell:Skip shell extension 'powershell' for command environment: Not usable outside of PowerShell
[3.686s] DEBUG:colcon.colcon_core.shell:Skip shell extension 'dsv' for command environment
[3.692s] INFO:colcon.colcon_ros.task.ament_cmake.build:Building ROS package in '/home/mikks/ros2_px4_ws/src/px4-ros2-interface-lib/examples/cpp/modes/goto' with build type 'ament_cmake'
[3.692s] INFO:colcon.colcon_cmake.task.cmake.build:Building CMake package in '/home/mikks/ros2_px4_ws/src/px4-ros2-interface-lib/examples/cpp/modes/goto'
[3.692s] INFO:colcon.colcon_core.shell:Skip shell extension 'powershell' for command environment: Not usable outside of PowerShell
[3.692s] DEBUG:colcon.colcon_core.shell:Skip shell extension 'dsv' for command environment
[3.700s] INFO:colcon.colcon_ros.task.ament_cmake.build:Building ROS package in '/home/mikks/ros2_px4_ws/src/px4-ros2-interface-lib/examples/cpp/modes/goto_global' with build type 'ament_cmake'
[3.700s] INFO:colcon.colcon_cmake.task.cmake.build:Building CMake package in '/home/mikks/ros2_px4_ws/src/px4-ros2-interface-lib/examples/cpp/modes/goto_global'
[3.700s] INFO:colcon.colcon_core.shell:Skip shell extension 'powershell' for command environment: Not usable outside of PowerShell
[3.700s] DEBUG:colcon.colcon_core.shell:Skip shell extension 'dsv' for command environment
[3.707s] INFO:colcon.colcon_ros.task.ament_cmake.build:Building ROS package in '/home/mikks/ros2_px4_ws/src/px4-ros2-interface-lib/examples/cpp/modes/manual' with build type 'ament_cmake'
[3.707s] INFO:colcon.colcon_cmake.task.cmake.build:Building CMake package in '/home/mikks/ros2_px4_ws/src/px4-ros2-interface-lib/examples/cpp/modes/manual'
[3.707s] INFO:colcon.colcon_core.shell:Skip shell extension 'powershell' for command environment: Not usable outside of PowerShell
[3.707s] DEBUG:colcon.colcon_core.shell:Skip shell extension 'dsv' for command environment
[3.714s] INFO:colcon.colcon_ros.task.ament_cmake.build:Building ROS package in '/home/mikks/ros2_px4_ws/src/px4-ros2-interface-lib/examples/cpp/modes/mission' with build type 'ament_cmake'
[3.714s] INFO:colcon.colcon_cmake.task.cmake.build:Building CMake package in '/home/mikks/ros2_px4_ws/src/px4-ros2-interface-lib/examples/cpp/modes/mission'
[3.714s] INFO:colcon.colcon_core.shell:Skip shell extension 'powershell' for command environment: Not usable outside of PowerShell
[3.714s] DEBUG:colcon.colcon_core.shell:Skip shell extension 'dsv' for command environment
[3.726s] DEBUG:colcon.colcon_core.event_handler.log_command:Invoking command in '/home/mikks/ros2_px4_ws/build/px4_ros2_py': CMAKE_PREFIX_PATH=/home/mikks/ros2_px4_ws/install/px4_ros2_cpp:/home/mikks/ros2_px4_ws/install/px4_msgs:/home/mikks/ros2_px4_ws/install/px4_ros_com:/home/mikks/ros2_px4_ws/install/px4_ros2_py:/home/mikks/ros2_px4_ws/install/example_rover_velocity_mode_cpp:/home/mikks/ros2_px4_ws/install/example_mode_with_executor_cpp:/home/mikks/ros2_px4_ws/install/example_mode_vtol_cpp:/home/mikks/ros2_px4_ws/install/example_mode_rtl_replacement_cpp:/home/mikks/ros2_px4_ws/install/example_mode_mission_cpp:/home/mikks/ros2_px4_ws/install/example_mode_manual_cpp:/home/mikks/ros2_px4_ws/install/example_mode_goto_global_cpp:/home/mikks/ros2_px4_ws/install/example_mode_goto_cpp:/home/mikks/ros2_px4_ws/install/example_mode_fw_attitude_cpp:/home/mikks/ros2_px4_ws/install/example_local_navigation_cpp:/home/mikks/ros2_px4_ws/install/example_global_navigation_cpp:/home/mikks/ros2_px4_ws/install/example_executor_with_multiple_modes_cpp:/home/mikks/crazyflie_mapping_demo/ros2_ws/install/crazyflie_ros2_multiranger_bringup:/home/mikks/crazyflie_mapping_demo/ros2_ws/install/ros_gz_crazyflie_bringup:/home/mikks/crazyflie_mapping_demo/ros2_ws/install/ros_gz_crazyflie_gazebo:/home/mikks/crazyflie_mapping_demo/ros2_ws/install/crazyflie_sim:/home/mikks/crazyflie_mapping_demo/ros2_ws/install/crazyflie_examples:/home/mikks/crazyflie_mapping_demo/ros2_ws/install/crazyflie:/home/mikks/crazyflie_mapping_demo/ros2_ws/install/crazyflie_interfaces:/opt/ros/jazzy/opt/gz_sim_vendor:/opt/ros/jazzy/opt/gz_sensors_vendor:/opt/ros/jazzy/opt/gz_physics_vendor:/opt/ros/jazzy/opt/sdformat_vendor:/opt/ros/jazzy/opt/gz_gui_vendor:/opt/ros/jazzy/opt/gz_transport_vendor:/opt/ros/jazzy/opt/gz_rendering_vendor:/opt/ros/jazzy/opt/gz_plugin_vendor:/opt/ros/jazzy/opt/gz_fuel_tools_vendor:/opt/ros/jazzy/opt/gz_msgs_vendor:/opt/ros/jazzy/opt/gz_common_vendor:/opt/ros/jazzy/opt/gz_math_vendor:/opt/ros/jazzy/opt/gz_utils_vendor:/opt/ros/jazzy/opt/gz_tools_vendor:/opt/ros/jazzy/opt/gz_ogre_next_vendor:/opt/ros/jazzy/opt/gz_dartsim_vendor:/opt/ros/jazzy/opt/gz_cmake_vendor:/home/mikks/ros2_px4_ws/install/x500_hover_controller:/home/mikks/ros2_px4_ws/install/example_mode_with_rclpy_py:/home/mikks/ros2_px4_ws/install/example_mode_goto_py:/home/mikks/ros2_px4_ws/install/px4_actuator_ctrl:/home/mikks/ros2_ws/install/rover_desc_description:/home/mikks/ros2_ws/install/px4_actuator_ctrl:/home/mikks/ros2_ws/install/mine_rover_description:/home/mikks/ros2_ws/install/ZerionURDFV5cp_description:/home/mikks/crazyflie_mapping_demo/ros2_ws/install/velocity_free_consensus:/home/mikks/crazyflie_mapping_demo/ros2_ws/install/stepwise_lowpos:/home/mikks/crazyflie_mapping_demo/ros2_ws/install/step_wise_lowpos:/home/mikks/crazyflie_mapping_demo/ros2_ws/install/second_order_formation_control:/home/mikks/crazyflie_mapping_demo/ros2_ws/install/ros_gz_crazyflie_control:/home/mikks/crazyflie_mapping_demo/ros2_ws/install/mixed_fractional_consensus:/home/mikks/crazyflie_mapping_demo/ros2_ws/install/lowest_pos:/home/mikks/crazyflie_mapping_demo/ros2_ws/install/linear_consensus:/home/mikks/crazyflie_mapping_demo/ros2_ws/install/highest_pos:/home/mikks/crazyflie_mapping_demo/ros2_ws/install/fractional_consensus_alpha:/home/mikks/crazyflie_mapping_demo/ros2_ws/install/event_triggered_swarm:/home/mikks/crazyflie_mapping_demo/ros2_ws/install/drone_logger:/home/mikks/crazyflie_mapping_demo/ros2_ws/install/distributed_average_tracking:/home/mikks/crazyflie_mapping_demo/ros2_ws/install/crazyflie_swarm_logic:/home/mikks/crazyflie_mapping_demo/ros2_ws/install/crazyflie_ros2_multiranger_wall_following:/home/mikks/crazyflie_mapping_demo/ros2_ws/install/crazyflie_ros2_multiranger_simple_mapper:/home/mikks/crazyflie_mapping_demo/ros2_ws/install/crazyflie_py:/home/mikks/crazyflie_mapping_demo/ros2_ws/install/cooperative_target_centric_formation:/home/mikks/crazyflie_mapping_demo/ros2_ws/install/containment_using_agent_information:/home/mikks/crazyflie_mapping_demo/ros2_ws/install/consensus_for_double_integrator:/home/mikks/crazyflie_mapping_demo/ros2_ws/install/consensus_alignment:/home/mikks/crazyflie_mapping_demo/ros2_ws/install/binary_consensus:/home/mikks/crazyflie_mapping_demo/ros2_ws/install/Second_Order_Min_Consensus_for_Heterogeneous_Agents:/home/mikks/crazyflie_mapping_demo/ros2_ws/install/BinaryContainmentChain:/opt/ros/jazzy DEBUGINFOD_URLS=https://debuginfod.ubuntu.com LD_LIBRARY_PATH=/home/mikks/ros2_px4_ws/install/px4_ros2_cpp/lib:/home/mikks/ros2_px4_ws/install/px4_msgs/lib:/home/mikks/ros2_px4_ws/install/px4_ros_com/lib:/home/mikks/NatNet_SDK_4.3_ubuntu/lib:/home/mikks/crazyflie_mapping_demo/ros2_ws/install/crazyflie_interfaces/lib:/opt/ros/jazzy/opt/gz_sim_vendor/lib:/opt/ros/jazzy/opt/gz_sensors_vendor/lib:/opt/ros/jazzy/opt/gz_physics_vendor/lib:/opt/ros/jazzy/opt/sdformat_vendor/lib:/opt/ros/jazzy/opt/rviz_ogre_vendor/lib:/opt/ros/jazzy/lib/x86_64-linux-gnu:/opt/ros/jazzy/opt/gz_gui_vendor/lib:/opt/ros/jazzy/opt/gz_transport_vendor/lib:/opt/ros/jazzy/opt/gz_rendering_vendor/lib:/opt/ros/jazzy/opt/gz_plugin_vendor/lib:/opt/ros/jazzy/opt/gz_fuel_tools_vendor/lib:/opt/ros/jazzy/opt/gz_msgs_vendor/lib:/opt/ros/jazzy/opt/gz_common_vendor/lib:/opt/ros/jazzy/opt/gz_math_vendor/lib:/opt/ros/jazzy/opt/gz_utils_vendor/lib:/opt/ros/jazzy/opt/gz_tools_vendor/lib:/opt/ros/jazzy/opt/gz_ogre_next_vendor/lib:/opt/ros/jazzy/opt/gz_dartsim_vendor/lib:/opt/ros/jazzy/opt/gz_cmake_vendor/lib:/opt/ros/jazzy/lib PYTHONPATH=/home/mikks/ros2_px4_ws/install/px4_msgs/lib/python3.12/site-packages:/home/mikks/ros2_px4_ws/build/x500_hover_controller:/home/mikks/ros2_px4_ws/install/x500_hover_controller/lib/python3.12/site-packages:/home/mikks/ros2_px4_ws/install/px4_ros_com/lib/python3.12/site-packages:/home/mikks/ros2_px4_ws/build/example_mode_with_rclpy_py:/home/mikks/ros2_px4_ws/install/example_mode_with_rclpy_py/lib/python3.12/site-packages:/home/mikks/ros2_px4_ws/build/example_mode_goto_py:/home/mikks/ros2_px4_ws/install/example_mode_goto_py/lib/python3.12/site-packages:/home/mikks/ros2_px4_ws/install/px4_ros2_py/lib/python3.12/site-packages:/home/mikks/ros2_px4_ws/build/px4_actuator_ctrl:/home/mikks/ros2_px4_ws/install/px4_actuator_ctrl/lib/python3.12/site-packages:/home/mikks/ros2_ws/build/rover_desc_description:/home/mikks/ros2_ws/install/rover_desc_description/lib/python3.12/site-packages:/home/mikks/ros2_ws/install/px4_actuator_ctrl/lib/python3.12/site-packages:/home/mikks/ros2_ws/build/mine_rover_description:/home/mikks/ros2_ws/install/mine_rover_description/lib/python3.12/site-packages:/home/mikks/ros2_ws/build/ZerionURDFV5cp_description:/home/mikks/ros2_ws/install/ZerionURDFV5cp_description/lib/python3.12/site-packages:/home/mikks/crazyflie_mapping_demo/ros2_ws/install/velocity_free_consensus/lib/python3.12/site-packages:/home/mikks/crazyflie_mapping_demo/ros2_ws/install/stepwise_lowpos/lib/python3.12/site-packages:/home/mikks/crazyflie_mapping_demo/ros2_ws/install/step_wise_lowpos/lib/python3.12/site-packages:/home/mikks/crazyflie_mapping_demo/ros2_ws/install/second_order_formation_control/lib/python3.12/site-packages:/home/mikks/crazyflie_mapping_demo/ros2_ws/install/ros_gz_crazyflie_control/lib/python3.12/site-packages:/home/mikks/crazyflie_mapping_demo/ros2_ws/install/mixed_fractional_consensus/lib/python3.12/site-packages:/home/mikks/crazyflie_mapping_demo/ros2_ws/install/lowest_pos/lib/python3.12/site-packages:/home/mikks/crazyflie_mapping_demo/ros2_ws/install/linear_consensus/lib/python3.12/site-packages:/home/mikks/crazyflie_mapping_demo/ros2_ws/install/highest_pos/lib/python3.12/site-packages:/home/mikks/crazyflie_mapping_demo/ros2_ws/install/fractional_consensus_alpha/lib/python3.12/site-packages:/home/mikks/crazyflie_mapping_demo/ros2_ws/install/event_triggered_swarm/lib/python3.12/site-packages:/home/mikks/crazyflie_mapping_demo/ros2_ws/install/drone_logger/lib/python3.12/site-packages:/home/mikks/crazyflie_mapping_demo/ros2_ws/install/distributed_average_tracking/lib/python3.12/site-packages:/home/mikks/crazyflie_mapping_demo/ros2_ws/install/crazyflie_swarm_logic/lib/python3.12/site-packages:/home/mikks/crazyflie_mapping_demo/ros2_ws/install/crazyflie_sim/lib/python3.12/site-packages:/home/mikks/crazyflie_mapping_demo/ros2_ws/install/crazyflie_ros2_multiranger_wall_following/lib/python3.12/site-packages:/home/mikks/crazyflie_mapping_demo/ros2_ws/install/crazyflie_ros2_multiranger_simple_mapper/lib/python3.12/site-packages:/home/mikks/crazyflie_mapping_demo/ros2_ws/install/crazyflie_examples/lib/python3.12/site-packages:/home/mikks/crazyflie_mapping_demo/ros2_ws/install/crazyflie_py/lib/python3.12/site-packages:/home/mikks/crazyflie_mapping_demo/ros2_ws/install/crazyflie_interfaces/lib/python3.12/site-packages:/home/mikks/crazyflie_mapping_demo/ros2_ws/install/cooperative_target_centric_formation/lib/python3.12/site-packages:/home/mikks/crazyflie_mapping_demo/ros2_ws/install/containment_using_agent_information/lib/python3.12/site-packages:/home/mikks/crazyflie_mapping_demo/ros2_ws/install/consensus_for_double_integrator/lib/python3.12/site-packages:/home/mikks/crazyflie_mapping_demo/ros2_ws/install/consensus_alignment/lib/python3.12/site-packages:/home/mikks/crazyflie_mapping_demo/ros2_ws/install/binary_consensus/lib/python3.12/site-packages:/home/mikks/crazyflie_mapping_demo/ros2_ws/install/Second_Order_Min_Consensus_for_Heterogeneous_Agents/lib/python3.12/site-packages:/home/mikks/crazyflie_mapping_demo/ros2_ws/install/BinaryContainmentChain/lib/python3.12/site-packages:/opt/ros/jazzy/lib/python3.12/site-packages /usr/bin/cmake --build /home/mikks/ros2_px4_ws/build/px4_ros2_py -- -j12 -l12
[3.730s] DEBUG:colcon.colcon_core.event_handler.log_command:Invoking command in '/home/mikks/ros2_px4_ws/build/example_executor_with_multiple_modes_cpp': CMAKE_PREFIX_PATH=/home/mikks/ros2_px4_ws/install/px4_ros2_cpp:/home/mikks/ros2_px4_ws/install/px4_msgs:/home/mikks/ros2_px4_ws/install/px4_ros_com:/home/mikks/ros2_px4_ws/install/px4_ros2_py:/home/mikks/ros2_px4_ws/install/example_rover_velocity_mode_cpp:/home/mikks/ros2_px4_ws/install/example_mode_with_executor_cpp:/home/mikks/ros2_px4_ws/install/example_mode_vtol_cpp:/home/mikks/ros2_px4_ws/install/example_mode_rtl_replacement_cpp:/home/mikks/ros2_px4_ws/install/example_mode_mission_cpp:/home/mikks/ros2_px4_ws/install/example_mode_manual_cpp:/home/mikks/ros2_px4_ws/install/example_mode_goto_global_cpp:/home/mikks/ros2_px4_ws/install/example_mode_goto_cpp:/home/mikks/ros2_px4_ws/install/example_mode_fw_attitude_cpp:/home/mikks/ros2_px4_ws/install/example_local_navigation_cpp:/home/mikks/ros2_px4_ws/install/example_global_navigation_cpp:/home/mikks/ros2_px4_ws/install/example_executor_with_multiple_modes_cpp:/home/mikks/crazyflie_mapping_demo/ros2_ws/install/crazyflie_ros2_multiranger_bringup:/home/mikks/crazyflie_mapping_demo/ros2_ws/install/ros_gz_crazyflie_bringup:/home/mikks/crazyflie_mapping_demo/ros2_ws/install/ros_gz_crazyflie_gazebo:/home/mikks/crazyflie_mapping_demo/ros2_ws/install/crazyflie_sim:/home/mikks/crazyflie_mapping_demo/ros2_ws/install/crazyflie_examples:/home/mikks/crazyflie_mapping_demo/ros2_ws/install/crazyflie:/home/mikks/crazyflie_mapping_demo/ros2_ws/install/crazyflie_interfaces:/opt/ros/jazzy/opt/gz_sim_vendor:/opt/ros/jazzy/opt/gz_sensors_vendor:/opt/ros/jazzy/opt/gz_physics_vendor:/opt/ros/jazzy/opt/sdformat_vendor:/opt/ros/jazzy/opt/gz_gui_vendor:/opt/ros/jazzy/opt/gz_transport_vendor:/opt/ros/jazzy/opt/gz_rendering_vendor:/opt/ros/jazzy/opt/gz_plugin_vendor:/opt/ros/jazzy/opt/gz_fuel_tools_vendor:/opt/ros/jazzy/opt/gz_msgs_vendor:/opt/ros/jazzy/opt/gz_common_vendor:/opt/ros/jazzy/opt/gz_math_vendor:/opt/ros/jazzy/opt/gz_utils_vendor:/opt/ros/jazzy/opt/gz_tools_vendor:/opt/ros/jazzy/opt/gz_ogre_next_vendor:/opt/ros/jazzy/opt/gz_dartsim_vendor:/opt/ros/jazzy/opt/gz_cmake_vendor:/home/mikks/ros2_px4_ws/install/x500_hover_controller:/home/mikks/ros2_px4_ws/install/example_mode_with_rclpy_py:/home/mikks/ros2_px4_ws/install/example_mode_goto_py:/home/mikks/ros2_px4_ws/install/px4_actuator_ctrl:/home/mikks/ros2_ws/install/rover_desc_description:/home/mikks/ros2_ws/install/px4_actuator_ctrl:/home/mikks/ros2_ws/install/mine_rover_description:/home/mikks/ros2_ws/install/ZerionURDFV5cp_description:/home/mikks/crazyflie_mapping_demo/ros2_ws/install/velocity_free_consensus:/home/mikks/crazyflie_mapping_demo/ros2_ws/install/stepwise_lowpos:/home/mikks/crazyflie_mapping_demo/ros2_ws/install/step_wise_lowpos:/home/mikks/crazyflie_mapping_demo/ros2_ws/install/second_order_formation_control:/home/mikks/crazyflie_mapping_demo/ros2_ws/install/ros_gz_crazyflie_control:/home/mikks/crazyflie_mapping_demo/ros2_ws/install/mixed_fractional_consensus:/home/mikks/crazyflie_mapping_demo/ros2_ws/install/lowest_pos:/home/mikks/crazyflie_mapping_demo/ros2_ws/install/linear_consensus:/home/mikks/crazyflie_mapping_demo/ros2_ws/install/highest_pos:/home/mikks/crazyflie_mapping_demo/ros2_ws/install/fractional_consensus_alpha:/home/mikks/crazyflie_mapping_demo/ros2_ws/install/event_triggered_swarm:/home/mikks/crazyflie_mapping_demo/ros2_ws/install/drone_logger:/home/mikks/crazyflie_mapping_demo/ros2_ws/install/distributed_average_tracking:/home/mikks/crazyflie_mapping_demo/ros2_ws/install/crazyflie_swarm_logic:/home/mikks/crazyflie_mapping_demo/ros2_ws/install/crazyflie_ros2_multiranger_wall_following:/home/mikks/crazyflie_mapping_demo/ros2_ws/install/crazyflie_ros2_multiranger_simple_mapper:/home/mikks/crazyflie_mapping_demo/ros2_ws/install/crazyflie_py:/home/mikks/crazyflie_mapping_demo/ros2_ws/install/cooperative_target_centric_formation:/home/mikks/crazyflie_mapping_demo/ros2_ws/install/containment_using_agent_information:/home/mikks/crazyflie_mapping_demo/ros2_ws/install/consensus_for_double_integrator:/home/mikks/crazyflie_mapping_demo/ros2_ws/install/consensus_alignment:/home/mikks/crazyflie_mapping_demo/ros2_ws/install/binary_consensus:/home/mikks/crazyflie_mapping_demo/ros2_ws/install/Second_Order_Min_Consensus_for_Heterogeneous_Agents:/home/mikks/crazyflie_mapping_demo/ros2_ws/install/BinaryContainmentChain:/opt/ros/jazzy DEBUGINFOD_URLS=https://debuginfod.ubuntu.com LD_LIBRARY_PATH=/home/mikks/ros2_px4_ws/install/px4_ros2_cpp/lib:/home/mikks/ros2_px4_ws/install/px4_msgs/lib:/home/mikks/ros2_px4_ws/install/px4_ros_com/lib:/home/mikks/NatNet_SDK_4.3_ubuntu/lib:/home/mikks/crazyflie_mapping_demo/ros2_ws/install/crazyflie_interfaces/lib:/opt/ros/jazzy/opt/gz_sim_vendor/lib:/opt/ros/jazzy/opt/gz_sensors_vendor/lib:/opt/ros/jazzy/opt/gz_physics_vendor/lib:/opt/ros/jazzy/opt/sdformat_vendor/lib:/opt/ros/jazzy/opt/rviz_ogre_vendor/lib:/opt/ros/jazzy/lib/x86_64-linux-gnu:/opt/ros/jazzy/opt/gz_gui_vendor/lib:/opt/ros/jazzy/opt/gz_transport_vendor/lib:/opt/ros/jazzy/opt/gz_rendering_vendor/lib:/opt/ros/jazzy/opt/gz_plugin_vendor/lib:/opt/ros/jazzy/opt/gz_fuel_tools_vendor/lib:/opt/ros/jazzy/opt/gz_msgs_vendor/lib:/opt/ros/jazzy/opt/gz_common_vendor/lib:/opt/ros/jazzy/opt/gz_math_vendor/lib:/opt/ros/jazzy/opt/gz_utils_vendor/lib:/opt/ros/jazzy/opt/gz_tools_vendor/lib:/opt/ros/jazzy/opt/gz_ogre_next_vendor/lib:/opt/ros/jazzy/opt/gz_dartsim_vendor/lib:/opt/ros/jazzy/opt/gz_cmake_vendor/lib:/opt/ros/jazzy/lib PYTHONPATH=/home/mikks/ros2_px4_ws/install/px4_msgs/lib/python3.12/site-packages:/home/mikks/ros2_px4_ws/build/x500_hover_controller:/home/mikks/ros2_px4_ws/install/x500_hover_controller/lib/python3.12/site-packages:/home/mikks/ros2_px4_ws/install/px4_ros_com/lib/python3.12/site-packages:/home/mikks/ros2_px4_ws/build/example_mode_with_rclpy_py:/home/mikks/ros2_px4_ws/install/example_mode_with_rclpy_py/lib/python3.12/site-packages:/home/mikks/ros2_px4_ws/build/example_mode_goto_py:/home/mikks/ros2_px4_ws/install/example_mode_goto_py/lib/python3.12/site-packages:/home/mikks/ros2_px4_ws/install/px4_ros2_py/lib/python3.12/site-packages:/home/mikks/ros2_px4_ws/build/px4_actuator_ctrl:/home/mikks/ros2_px4_ws/install/px4_actuator_ctrl/lib/python3.12/site-packages:/home/mikks/ros2_ws/build/rover_desc_description:/home/mikks/ros2_ws/install/rover_desc_description/lib/python3.12/site-packages:/home/mikks/ros2_ws/install/px4_actuator_ctrl/lib/python3.12/site-packages:/home/mikks/ros2_ws/build/mine_rover_description:/home/mikks/ros2_ws/install/mine_rover_description/lib/python3.12/site-packages:/home/mikks/ros2_ws/build/ZerionURDFV5cp_description:/home/mikks/ros2_ws/install/ZerionURDFV5cp_description/lib/python3.12/site-packages:/home/mikks/crazyflie_mapping_demo/ros2_ws/install/velocity_free_consensus/lib/python3.12/site-packages:/home/mikks/crazyflie_mapping_demo/ros2_ws/install/stepwise_lowpos/lib/python3.12/site-packages:/home/mikks/crazyflie_mapping_demo/ros2_ws/install/step_wise_lowpos/lib/python3.12/site-packages:/home/mikks/crazyflie_mapping_demo/ros2_ws/install/second_order_formation_control/lib/python3.12/site-packages:/home/mikks/crazyflie_mapping_demo/ros2_ws/install/ros_gz_crazyflie_control/lib/python3.12/site-packages:/home/mikks/crazyflie_mapping_demo/ros2_ws/install/mixed_fractional_consensus/lib/python3.12/site-packages:/home/mikks/crazyflie_mapping_demo/ros2_ws/install/lowest_pos/lib/python3.12/site-packages:/home/mikks/crazyflie_mapping_demo/ros2_ws/install/linear_consensus/lib/python3.12/site-packages:/home/mikks/crazyflie_mapping_demo/ros2_ws/install/highest_pos/lib/python3.12/site-packages:/home/mikks/crazyflie_mapping_demo/ros2_ws/install/fractional_consensus_alpha/lib/python3.12/site-packages:/home/mikks/crazyflie_mapping_demo/ros2_ws/install/event_triggered_swarm/lib/python3.12/site-packages:/home/mikks/crazyflie_mapping_demo/ros2_ws/install/drone_logger/lib/python3.12/site-packages:/home/mikks/crazyflie_mapping_demo/ros2_ws/install/distributed_average_tracking/lib/python3.12/site-packages:/home/mikks/crazyflie_mapping_demo/ros2_ws/install/crazyflie_swarm_logic/lib/python3.12/site-packages:/home/mikks/crazyflie_mapping_demo/ros2_ws/install/crazyflie_sim/lib/python3.12/site-packages:/home/mikks/crazyflie_mapping_demo/ros2_ws/install/crazyflie_ros2_multiranger_wall_following/lib/python3.12/site-packages:/home/mikks/crazyflie_mapping_demo/ros2_ws/install/crazyflie_ros2_multiranger_simple_mapper/lib/python3.12/site-packages:/home/mikks/crazyflie_mapping_demo/ros2_ws/install/crazyflie_examples/lib/python3.12/site-packages:/home/mikks/crazyflie_mapping_demo/ros2_ws/install/crazyflie_py/lib/python3.12/site-packages:/home/mikks/crazyflie_mapping_demo/ros2_ws/install/crazyflie_interfaces/lib/python3.12/site-packages:/home/mikks/crazyflie_mapping_demo/ros2_ws/install/cooperative_target_centric_formation/lib/python3.12/site-packages:/home/mikks/crazyflie_mapping_demo/ros2_ws/install/containment_using_agent_information/lib/python3.12/site-packages:/home/mikks/crazyflie_mapping_demo/ros2_ws/install/consensus_for_double_integrator/lib/python3.12/site-packages:/home/mikks/crazyflie_mapping_demo/ros2_ws/install/consensus_alignment/lib/python3.12/site-packages:/home/mikks/crazyflie_mapping_demo/ros2_ws/install/binary_consensus/lib/python3.12/site-packages:/home/mikks/crazyflie_mapping_demo/ros2_ws/install/Second_Order_Min_Consensus_for_Heterogeneous_Agents/lib/python3.12/site-packages:/home/mikks/crazyflie_mapping_demo/ros2_ws/install/BinaryContainmentChain/lib/python3.12/site-packages:/opt/ros/jazzy/lib/python3.12/site-packages /usr/bin/cmake --build /home/mikks/ros2_px4_ws/build/example_executor_with_multiple_modes_cpp -- -j12 -l12
[3.736s] DEBUG:colcon.colcon_core.event_handler.log_command:Invoking command in '/home/mikks/ros2_px4_ws/build/example_global_navigation_cpp': CMAKE_PREFIX_PATH=/home/mikks/ros2_px4_ws/install/px4_ros2_cpp:/home/mikks/ros2_px4_ws/install/px4_msgs:/home/mikks/ros2_px4_ws/install/px4_ros_com:/home/mikks/ros2_px4_ws/install/px4_ros2_py:/home/mikks/ros2_px4_ws/install/example_rover_velocity_mode_cpp:/home/mikks/ros2_px4_ws/install/example_mode_with_executor_cpp:/home/mikks/ros2_px4_ws/install/example_mode_vtol_cpp:/home/mikks/ros2_px4_ws/install/example_mode_rtl_replacement_cpp:/home/mikks/ros2_px4_ws/install/example_mode_mission_cpp:/home/mikks/ros2_px4_ws/install/example_mode_manual_cpp:/home/mikks/ros2_px4_ws/install/example_mode_goto_global_cpp:/home/mikks/ros2_px4_ws/install/example_mode_goto_cpp:/home/mikks/ros2_px4_ws/install/example_mode_fw_attitude_cpp:/home/mikks/ros2_px4_ws/install/example_local_navigation_cpp:/home/mikks/ros2_px4_ws/install/example_global_navigation_cpp:/home/mikks/ros2_px4_ws/install/example_executor_with_multiple_modes_cpp:/home/mikks/crazyflie_mapping_demo/ros2_ws/install/crazyflie_ros2_multiranger_bringup:/home/mikks/crazyflie_mapping_demo/ros2_ws/install/ros_gz_crazyflie_bringup:/home/mikks/crazyflie_mapping_demo/ros2_ws/install/ros_gz_crazyflie_gazebo:/home/mikks/crazyflie_mapping_demo/ros2_ws/install/crazyflie_sim:/home/mikks/crazyflie_mapping_demo/ros2_ws/install/crazyflie_examples:/home/mikks/crazyflie_mapping_demo/ros2_ws/install/crazyflie:/home/mikks/crazyflie_mapping_demo/ros2_ws/install/crazyflie_interfaces:/opt/ros/jazzy/opt/gz_sim_vendor:/opt/ros/jazzy/opt/gz_sensors_vendor:/opt/ros/jazzy/opt/gz_physics_vendor:/opt/ros/jazzy/opt/sdformat_vendor:/opt/ros/jazzy/opt/gz_gui_vendor:/opt/ros/jazzy/opt/gz_transport_vendor:/opt/ros/jazzy/opt/gz_rendering_vendor:/opt/ros/jazzy/opt/gz_plugin_vendor:/opt/ros/jazzy/opt/gz_fuel_tools_vendor:/opt/ros/jazzy/opt/gz_msgs_vendor:/opt/ros/jazzy/opt/gz_common_vendor:/opt/ros/jazzy/opt/gz_math_vendor:/opt/ros/jazzy/opt/gz_utils_vendor:/opt/ros/jazzy/opt/gz_tools_vendor:/opt/ros/jazzy/opt/gz_ogre_next_vendor:/opt/ros/jazzy/opt/gz_dartsim_vendor:/opt/ros/jazzy/opt/gz_cmake_vendor:/home/mikks/ros2_px4_ws/install/x500_hover_controller:/home/mikks/ros2_px4_ws/install/example_mode_with_rclpy_py:/home/mikks/ros2_px4_ws/install/example_mode_goto_py:/home/mikks/ros2_px4_ws/install/px4_actuator_ctrl:/home/mikks/ros2_ws/install/rover_desc_description:/home/mikks/ros2_ws/install/px4_actuator_ctrl:/home/mikks/ros2_ws/install/mine_rover_description:/home/mikks/ros2_ws/install/ZerionURDFV5cp_description:/home/mikks/crazyflie_mapping_demo/ros2_ws/install/velocity_free_consensus:/home/mikks/crazyflie_mapping_demo/ros2_ws/install/stepwise_lowpos:/home/mikks/crazyflie_mapping_demo/ros2_ws/install/step_wise_lowpos:/home/mikks/crazyflie_mapping_demo/ros2_ws/install/second_order_formation_control:/home/mikks/crazyflie_mapping_demo/ros2_ws/install/ros_gz_crazyflie_control:/home/mikks/crazyflie_mapping_demo/ros2_ws/install/mixed_fractional_consensus:/home/mikks/crazyflie_mapping_demo/ros2_ws/install/lowest_pos:/home/mikks/crazyflie_mapping_demo/ros2_ws/install/linear_consensus:/home/mikks/crazyflie_mapping_demo/ros2_ws/install/highest_pos:/home/mikks/crazyflie_mapping_demo/ros2_ws/install/fractional_consensus_alpha:/home/mikks/crazyflie_mapping_demo/ros2_ws/install/event_triggered_swarm:/home/mikks/crazyflie_mapping_demo/ros2_ws/install/drone_logger:/home/mikks/crazyflie_mapping_demo/ros2_ws/install/distributed_average_tracking:/home/mikks/crazyflie_mapping_demo/ros2_ws/install/crazyflie_swarm_logic:/home/mikks/crazyflie_mapping_demo/ros2_ws/install/crazyflie_ros2_multiranger_wall_following:/home/mikks/crazyflie_mapping_demo/ros2_ws/install/crazyflie_ros2_multiranger_simple_mapper:/home/mikks/crazyflie_mapping_demo/ros2_ws/install/crazyflie_py:/home/mikks/crazyflie_mapping_demo/ros2_ws/install/cooperative_target_centric_formation:/home/mikks/crazyflie_mapping_demo/ros2_ws/install/containment_using_agent_information:/home/mikks/crazyflie_mapping_demo/ros2_ws/install/consensus_for_double_integrator:/home/mikks/crazyflie_mapping_demo/ros2_ws/install/consensus_alignment:/home/mikks/crazyflie_mapping_demo/ros2_ws/install/binary_consensus:/home/mikks/crazyflie_mapping_demo/ros2_ws/install/Second_Order_Min_Consensus_for_Heterogeneous_Agents:/home/mikks/crazyflie_mapping_demo/ros2_ws/install/BinaryContainmentChain:/opt/ros/jazzy DEBUGINFOD_URLS=https://debuginfod.ubuntu.com LD_LIBRARY_PATH=/home/mikks/ros2_px4_ws/install/px4_ros2_cpp/lib:/home/mikks/ros2_px4_ws/install/px4_msgs/lib:/home/mikks/ros2_px4_ws/install/px4_ros_com/lib:/home/mikks/NatNet_SDK_4.3_ubuntu/lib:/home/mikks/crazyflie_mapping_demo/ros2_ws/install/crazyflie_interfaces/lib:/opt/ros/jazzy/opt/gz_sim_vendor/lib:/opt/ros/jazzy/opt/gz_sensors_vendor/lib:/opt/ros/jazzy/opt/gz_physics_vendor/lib:/opt/ros/jazzy/opt/sdformat_vendor/lib:/opt/ros/jazzy/opt/rviz_ogre_vendor/lib:/opt/ros/jazzy/lib/x86_64-linux-gnu:/opt/ros/jazzy/opt/gz_gui_vendor/lib:/opt/ros/jazzy/opt/gz_transport_vendor/lib:/opt/ros/jazzy/opt/gz_rendering_vendor/lib:/opt/ros/jazzy/opt/gz_plugin_vendor/lib:/opt/ros/jazzy/opt/gz_fuel_tools_vendor/lib:/opt/ros/jazzy/opt/gz_msgs_vendor/lib:/opt/ros/jazzy/opt/gz_common_vendor/lib:/opt/ros/jazzy/opt/gz_math_vendor/lib:/opt/ros/jazzy/opt/gz_utils_vendor/lib:/opt/ros/jazzy/opt/gz_tools_vendor/lib:/opt/ros/jazzy/opt/gz_ogre_next_vendor/lib:/opt/ros/jazzy/opt/gz_dartsim_vendor/lib:/opt/ros/jazzy/opt/gz_cmake_vendor/lib:/opt/ros/jazzy/lib PYTHONPATH=/home/mikks/ros2_px4_ws/install/px4_msgs/lib/python3.12/site-packages:/home/mikks/ros2_px4_ws/build/x500_hover_controller:/home/mikks/ros2_px4_ws/install/x500_hover_controller/lib/python3.12/site-packages:/home/mikks/ros2_px4_ws/install/px4_ros_com/lib/python3.12/site-packages:/home/mikks/ros2_px4_ws/build/example_mode_with_rclpy_py:/home/mikks/ros2_px4_ws/install/example_mode_with_rclpy_py/lib/python3.12/site-packages:/home/mikks/ros2_px4_ws/build/example_mode_goto_py:/home/mikks/ros2_px4_ws/install/example_mode_goto_py/lib/python3.12/site-packages:/home/mikks/ros2_px4_ws/install/px4_ros2_py/lib/python3.12/site-packages:/home/mikks/ros2_px4_ws/build/px4_actuator_ctrl:/home/mikks/ros2_px4_ws/install/px4_actuator_ctrl/lib/python3.12/site-packages:/home/mikks/ros2_ws/build/rover_desc_description:/home/mikks/ros2_ws/install/rover_desc_description/lib/python3.12/site-packages:/home/mikks/ros2_ws/install/px4_actuator_ctrl/lib/python3.12/site-packages:/home/mikks/ros2_ws/build/mine_rover_description:/home/mikks/ros2_ws/install/mine_rover_description/lib/python3.12/site-packages:/home/mikks/ros2_ws/build/ZerionURDFV5cp_description:/home/mikks/ros2_ws/install/ZerionURDFV5cp_description/lib/python3.12/site-packages:/home/mikks/crazyflie_mapping_demo/ros2_ws/install/velocity_free_consensus/lib/python3.12/site-packages:/home/mikks/crazyflie_mapping_demo/ros2_ws/install/stepwise_lowpos/lib/python3.12/site-packages:/home/mikks/crazyflie_mapping_demo/ros2_ws/install/step_wise_lowpos/lib/python3.12/site-packages:/home/mikks/crazyflie_mapping_demo/ros2_ws/install/second_order_formation_control/lib/python3.12/site-packages:/home/mikks/crazyflie_mapping_demo/ros2_ws/install/ros_gz_crazyflie_control/lib/python3.12/site-packages:/home/mikks/crazyflie_mapping_demo/ros2_ws/install/mixed_fractional_consensus/lib/python3.12/site-packages:/home/mikks/crazyflie_mapping_demo/ros2_ws/install/lowest_pos/lib/python3.12/site-packages:/home/mikks/crazyflie_mapping_demo/ros2_ws/install/linear_consensus/lib/python3.12/site-packages:/home/mikks/crazyflie_mapping_demo/ros2_ws/install/highest_pos/lib/python3.12/site-packages:/home/mikks/crazyflie_mapping_demo/ros2_ws/install/fractional_consensus_alpha/lib/python3.12/site-packages:/home/mikks/crazyflie_mapping_demo/ros2_ws/install/event_triggered_swarm/lib/python3.12/site-packages:/home/mikks/crazyflie_mapping_demo/ros2_ws/install/drone_logger/lib/python3.12/site-packages:/home/mikks/crazyflie_mapping_demo/ros2_ws/install/distributed_average_tracking/lib/python3.12/site-packages:/home/mikks/crazyflie_mapping_demo/ros2_ws/install/crazyflie_swarm_logic/lib/python3.12/site-packages:/home/mikks/crazyflie_mapping_demo/ros2_ws/install/crazyflie_sim/lib/python3.12/site-packages:/home/mikks/crazyflie_mapping_demo/ros2_ws/install/crazyflie_ros2_multiranger_wall_following/lib/python3.12/site-packages:/home/mikks/crazyflie_mapping_demo/ros2_ws/install/crazyflie_ros2_multiranger_simple_mapper/lib/python3.12/site-packages:/home/mikks/crazyflie_mapping_demo/ros2_ws/install/crazyflie_examples/lib/python3.12/site-packages:/home/mikks/crazyflie_mapping_demo/ros2_ws/install/crazyflie_py/lib/python3.12/site-packages:/home/mikks/crazyflie_mapping_demo/ros2_ws/install/crazyflie_interfaces/lib/python3.12/site-packages:/home/mikks/crazyflie_mapping_demo/ros2_ws/install/cooperative_target_centric_formation/lib/python3.12/site-packages:/home/mikks/crazyflie_mapping_demo/ros2_ws/install/containment_using_agent_information/lib/python3.12/site-packages:/home/mikks/crazyflie_mapping_demo/ros2_ws/install/consensus_for_double_integrator/lib/python3.12/site-packages:/home/mikks/crazyflie_mapping_demo/ros2_ws/install/consensus_alignment/lib/python3.12/site-packages:/home/mikks/crazyflie_mapping_demo/ros2_ws/install/binary_consensus/lib/python3.12/site-packages:/home/mikks/crazyflie_mapping_demo/ros2_ws/install/Second_Order_Min_Consensus_for_Heterogeneous_Agents/lib/python3.12/site-packages:/home/mikks/crazyflie_mapping_demo/ros2_ws/install/BinaryContainmentChain/lib/python3.12/site-packages:/opt/ros/jazzy/lib/python3.12/site-packages /usr/bin/cmake --build /home/mikks/ros2_px4_ws/build/example_global_navigation_cpp -- -j12 -l12
[3.738s] DEBUG:colcon.colcon_core.event_handler.log_command:Invoking command in '/home/mikks/ros2_px4_ws/build/example_local_navigation_cpp': CMAKE_PREFIX_PATH=/home/mikks/ros2_px4_ws/install/px4_ros2_cpp:/home/mikks/ros2_px4_ws/install/px4_msgs:/home/mikks/ros2_px4_ws/install/px4_ros_com:/home/mikks/ros2_px4_ws/install/px4_ros2_py:/home/mikks/ros2_px4_ws/install/example_rover_velocity_mode_cpp:/home/mikks/ros2_px4_ws/install/example_mode_with_executor_cpp:/home/mikks/ros2_px4_ws/install/example_mode_vtol_cpp:/home/mikks/ros2_px4_ws/install/example_mode_rtl_replacement_cpp:/home/mikks/ros2_px4_ws/install/example_mode_mission_cpp:/home/mikks/ros2_px4_ws/install/example_mode_manual_cpp:/home/mikks/ros2_px4_ws/install/example_mode_goto_global_cpp:/home/mikks/ros2_px4_ws/install/example_mode_goto_cpp:/home/mikks/ros2_px4_ws/install/example_mode_fw_attitude_cpp:/home/mikks/ros2_px4_ws/install/example_local_navigation_cpp:/home/mikks/ros2_px4_ws/install/example_global_navigation_cpp:/home/mikks/ros2_px4_ws/install/example_executor_with_multiple_modes_cpp:/home/mikks/crazyflie_mapping_demo/ros2_ws/install/crazyflie_ros2_multiranger_bringup:/home/mikks/crazyflie_mapping_demo/ros2_ws/install/ros_gz_crazyflie_bringup:/home/mikks/crazyflie_mapping_demo/ros2_ws/install/ros_gz_crazyflie_gazebo:/home/mikks/crazyflie_mapping_demo/ros2_ws/install/crazyflie_sim:/home/mikks/crazyflie_mapping_demo/ros2_ws/install/crazyflie_examples:/home/mikks/crazyflie_mapping_demo/ros2_ws/install/crazyflie:/home/mikks/crazyflie_mapping_demo/ros2_ws/install/crazyflie_interfaces:/opt/ros/jazzy/opt/gz_sim_vendor:/opt/ros/jazzy/opt/gz_sensors_vendor:/opt/ros/jazzy/opt/gz_physics_vendor:/opt/ros/jazzy/opt/sdformat_vendor:/opt/ros/jazzy/opt/gz_gui_vendor:/opt/ros/jazzy/opt/gz_transport_vendor:/opt/ros/jazzy/opt/gz_rendering_vendor:/opt/ros/jazzy/opt/gz_plugin_vendor:/opt/ros/jazzy/opt/gz_fuel_tools_vendor:/opt/ros/jazzy/opt/gz_msgs_vendor:/opt/ros/jazzy/opt/gz_common_vendor:/opt/ros/jazzy/opt/gz_math_vendor:/opt/ros/jazzy/opt/gz_utils_vendor:/opt/ros/jazzy/opt/gz_tools_vendor:/opt/ros/jazzy/opt/gz_ogre_next_vendor:/opt/ros/jazzy/opt/gz_dartsim_vendor:/opt/ros/jazzy/opt/gz_cmake_vendor:/home/mikks/ros2_px4_ws/install/x500_hover_controller:/home/mikks/ros2_px4_ws/install/example_mode_with_rclpy_py:/home/mikks/ros2_px4_ws/install/example_mode_goto_py:/home/mikks/ros2_px4_ws/install/px4_actuator_ctrl:/home/mikks/ros2_ws/install/rover_desc_description:/home/mikks/ros2_ws/install/px4_actuator_ctrl:/home/mikks/ros2_ws/install/mine_rover_description:/home/mikks/ros2_ws/install/ZerionURDFV5cp_description:/home/mikks/crazyflie_mapping_demo/ros2_ws/install/velocity_free_consensus:/home/mikks/crazyflie_mapping_demo/ros2_ws/install/stepwise_lowpos:/home/mikks/crazyflie_mapping_demo/ros2_ws/install/step_wise_lowpos:/home/mikks/crazyflie_mapping_demo/ros2_ws/install/second_order_formation_control:/home/mikks/crazyflie_mapping_demo/ros2_ws/install/ros_gz_crazyflie_control:/home/mikks/crazyflie_mapping_demo/ros2_ws/install/mixed_fractional_consensus:/home/mikks/crazyflie_mapping_demo/ros2_ws/install/lowest_pos:/home/mikks/crazyflie_mapping_demo/ros2_ws/install/linear_consensus:/home/mikks/crazyflie_mapping_demo/ros2_ws/install/highest_pos:/home/mikks/crazyflie_mapping_demo/ros2_ws/install/fractional_consensus_alpha:/home/mikks/crazyflie_mapping_demo/ros2_ws/install/event_triggered_swarm:/home/mikks/crazyflie_mapping_demo/ros2_ws/install/drone_logger:/home/mikks/crazyflie_mapping_demo/ros2_ws/install/distributed_average_tracking:/home/mikks/crazyflie_mapping_demo/ros2_ws/install/crazyflie_swarm_logic:/home/mikks/crazyflie_mapping_demo/ros2_ws/install/crazyflie_ros2_multiranger_wall_following:/home/mikks/crazyflie_mapping_demo/ros2_ws/install/crazyflie_ros2_multiranger_simple_mapper:/home/mikks/crazyflie_mapping_demo/ros2_ws/install/crazyflie_py:/home/mikks/crazyflie_mapping_demo/ros2_ws/install/cooperative_target_centric_formation:/home/mikks/crazyflie_mapping_demo/ros2_ws/install/containment_using_agent_information:/home/mikks/crazyflie_mapping_demo/ros2_ws/install/consensus_for_double_integrator:/home/mikks/crazyflie_mapping_demo/ros2_ws/install/consensus_alignment:/home/mikks/crazyflie_mapping_demo/ros2_ws/install/binary_consensus:/home/mikks/crazyflie_mapping_demo/ros2_ws/install/Second_Order_Min_Consensus_for_Heterogeneous_Agents:/home/mikks/crazyflie_mapping_demo/ros2_ws/install/BinaryContainmentChain:/opt/ros/jazzy DEBUGINFOD_URLS=https://debuginfod.ubuntu.com LD_LIBRARY_PATH=/home/mikks/ros2_px4_ws/install/px4_ros2_cpp/lib:/home/mikks/ros2_px4_ws/install/px4_msgs/lib:/home/mikks/ros2_px4_ws/install/px4_ros_com/lib:/home/mikks/NatNet_SDK_4.3_ubuntu/lib:/home/mikks/crazyflie_mapping_demo/ros2_ws/install/crazyflie_interfaces/lib:/opt/ros/jazzy/opt/gz_sim_vendor/lib:/opt/ros/jazzy/opt/gz_sensors_vendor/lib:/opt/ros/jazzy/opt/gz_physics_vendor/lib:/opt/ros/jazzy/opt/sdformat_vendor/lib:/opt/ros/jazzy/opt/rviz_ogre_vendor/lib:/opt/ros/jazzy/lib/x86_64-linux-gnu:/opt/ros/jazzy/opt/gz_gui_vendor/lib:/opt/ros/jazzy/opt/gz_transport_vendor/lib:/opt/ros/jazzy/opt/gz_rendering_vendor/lib:/opt/ros/jazzy/opt/gz_plugin_vendor/lib:/opt/ros/jazzy/opt/gz_fuel_tools_vendor/lib:/opt/ros/jazzy/opt/gz_msgs_vendor/lib:/opt/ros/jazzy/opt/gz_common_vendor/lib:/opt/ros/jazzy/opt/gz_math_vendor/lib:/opt/ros/jazzy/opt/gz_utils_vendor/lib:/opt/ros/jazzy/opt/gz_tools_vendor/lib:/opt/ros/jazzy/opt/gz_ogre_next_vendor/lib:/opt/ros/jazzy/opt/gz_dartsim_vendor/lib:/opt/ros/jazzy/opt/gz_cmake_vendor/lib:/opt/ros/jazzy/lib PYTHONPATH=/home/mikks/ros2_px4_ws/install/px4_msgs/lib/python3.12/site-packages:/home/mikks/ros2_px4_ws/build/x500_hover_controller:/home/mikks/ros2_px4_ws/install/x500_hover_controller/lib/python3.12/site-packages:/home/mikks/ros2_px4_ws/install/px4_ros_com/lib/python3.12/site-packages:/home/mikks/ros2_px4_ws/build/example_mode_with_rclpy_py:/home/mikks/ros2_px4_ws/install/example_mode_with_rclpy_py/lib/python3.12/site-packages:/home/mikks/ros2_px4_ws/build/example_mode_goto_py:/home/mikks/ros2_px4_ws/install/example_mode_goto_py/lib/python3.12/site-packages:/home/mikks/ros2_px4_ws/install/px4_ros2_py/lib/python3.12/site-packages:/home/mikks/ros2_px4_ws/build/px4_actuator_ctrl:/home/mikks/ros2_px4_ws/install/px4_actuator_ctrl/lib/python3.12/site-packages:/home/mikks/ros2_ws/build/rover_desc_description:/home/mikks/ros2_ws/install/rover_desc_description/lib/python3.12/site-packages:/home/mikks/ros2_ws/install/px4_actuator_ctrl/lib/python3.12/site-packages:/home/mikks/ros2_ws/build/mine_rover_description:/home/mikks/ros2_ws/install/mine_rover_description/lib/python3.12/site-packages:/home/mikks/ros2_ws/build/ZerionURDFV5cp_description:/home/mikks/ros2_ws/install/ZerionURDFV5cp_description/lib/python3.12/site-packages:/home/mikks/crazyflie_mapping_demo/ros2_ws/install/velocity_free_consensus/lib/python3.12/site-packages:/home/mikks/crazyflie_mapping_demo/ros2_ws/install/stepwise_lowpos/lib/python3.12/site-packages:/home/mikks/crazyflie_mapping_demo/ros2_ws/install/step_wise_lowpos/lib/python3.12/site-packages:/home/mikks/crazyflie_mapping_demo/ros2_ws/install/second_order_formation_control/lib/python3.12/site-packages:/home/mikks/crazyflie_mapping_demo/ros2_ws/install/ros_gz_crazyflie_control/lib/python3.12/site-packages:/home/mikks/crazyflie_mapping_demo/ros2_ws/install/mixed_fractional_consensus/lib/python3.12/site-packages:/home/mikks/crazyflie_mapping_demo/ros2_ws/install/lowest_pos/lib/python3.12/site-packages:/home/mikks/crazyflie_mapping_demo/ros2_ws/install/linear_consensus/lib/python3.12/site-packages:/home/mikks/crazyflie_mapping_demo/ros2_ws/install/highest_pos/lib/python3.12/site-packages:/home/mikks/crazyflie_mapping_demo/ros2_ws/install/fractional_consensus_alpha/lib/python3.12/site-packages:/home/mikks/crazyflie_mapping_demo/ros2_ws/install/event_triggered_swarm/lib/python3.12/site-packages:/home/mikks/crazyflie_mapping_demo/ros2_ws/install/drone_logger/lib/python3.12/site-packages:/home/mikks/crazyflie_mapping_demo/ros2_ws/install/distributed_average_tracking/lib/python3.12/site-packages:/home/mikks/crazyflie_mapping_demo/ros2_ws/install/crazyflie_swarm_logic/lib/python3.12/site-packages:/home/mikks/crazyflie_mapping_demo/ros2_ws/install/crazyflie_sim/lib/python3.12/site-packages:/home/mikks/crazyflie_mapping_demo/ros2_ws/install/crazyflie_ros2_multiranger_wall_following/lib/python3.12/site-packages:/home/mikks/crazyflie_mapping_demo/ros2_ws/install/crazyflie_ros2_multiranger_simple_mapper/lib/python3.12/site-packages:/home/mikks/crazyflie_mapping_demo/ros2_ws/install/crazyflie_examples/lib/python3.12/site-packages:/home/mikks/crazyflie_mapping_demo/ros2_ws/install/crazyflie_py/lib/python3.12/site-packages:/home/mikks/crazyflie_mapping_demo/ros2_ws/install/crazyflie_interfaces/lib/python3.12/site-packages:/home/mikks/crazyflie_mapping_demo/ros2_ws/install/cooperative_target_centric_formation/lib/python3.12/site-packages:/home/mikks/crazyflie_mapping_demo/ros2_ws/install/containment_using_agent_information/lib/python3.12/site-packages:/home/mikks/crazyflie_mapping_demo/ros2_ws/install/consensus_for_double_integrator/lib/python3.12/site-packages:/home/mikks/crazyflie_mapping_demo/ros2_ws/install/consensus_alignment/lib/python3.12/site-packages:/home/mikks/crazyflie_mapping_demo/ros2_ws/install/binary_consensus/lib/python3.12/site-packages:/home/mikks/crazyflie_mapping_demo/ros2_ws/install/Second_Order_Min_Consensus_for_Heterogeneous_Agents/lib/python3.12/site-packages:/home/mikks/crazyflie_mapping_demo/ros2_ws/install/BinaryContainmentChain/lib/python3.12/site-packages:/opt/ros/jazzy/lib/python3.12/site-packages /usr/bin/cmake --build /home/mikks/ros2_px4_ws/build/example_local_navigation_cpp -- -j12 -l12
[3.740s] DEBUG:colcon.colcon_core.event_handler.log_command:Invoking command in '/home/mikks/ros2_px4_ws/build/example_mode_fw_attitude_cpp': CMAKE_PREFIX_PATH=/home/mikks/ros2_px4_ws/install/px4_ros2_cpp:/home/mikks/ros2_px4_ws/install/px4_msgs:/home/mikks/ros2_px4_ws/install/px4_ros_com:/home/mikks/ros2_px4_ws/install/px4_ros2_py:/home/mikks/ros2_px4_ws/install/example_rover_velocity_mode_cpp:/home/mikks/ros2_px4_ws/install/example_mode_with_executor_cpp:/home/mikks/ros2_px4_ws/install/example_mode_vtol_cpp:/home/mikks/ros2_px4_ws/install/example_mode_rtl_replacement_cpp:/home/mikks/ros2_px4_ws/install/example_mode_mission_cpp:/home/mikks/ros2_px4_ws/install/example_mode_manual_cpp:/home/mikks/ros2_px4_ws/install/example_mode_goto_global_cpp:/home/mikks/ros2_px4_ws/install/example_mode_goto_cpp:/home/mikks/ros2_px4_ws/install/example_mode_fw_attitude_cpp:/home/mikks/ros2_px4_ws/install/example_local_navigation_cpp:/home/mikks/ros2_px4_ws/install/example_global_navigation_cpp:/home/mikks/ros2_px4_ws/install/example_executor_with_multiple_modes_cpp:/home/mikks/crazyflie_mapping_demo/ros2_ws/install/crazyflie_ros2_multiranger_bringup:/home/mikks/crazyflie_mapping_demo/ros2_ws/install/ros_gz_crazyflie_bringup:/home/mikks/crazyflie_mapping_demo/ros2_ws/install/ros_gz_crazyflie_gazebo:/home/mikks/crazyflie_mapping_demo/ros2_ws/install/crazyflie_sim:/home/mikks/crazyflie_mapping_demo/ros2_ws/install/crazyflie_examples:/home/mikks/crazyflie_mapping_demo/ros2_ws/install/crazyflie:/home/mikks/crazyflie_mapping_demo/ros2_ws/install/crazyflie_interfaces:/opt/ros/jazzy/opt/gz_sim_vendor:/opt/ros/jazzy/opt/gz_sensors_vendor:/opt/ros/jazzy/opt/gz_physics_vendor:/opt/ros/jazzy/opt/sdformat_vendor:/opt/ros/jazzy/opt/gz_gui_vendor:/opt/ros/jazzy/opt/gz_transport_vendor:/opt/ros/jazzy/opt/gz_rendering_vendor:/opt/ros/jazzy/opt/gz_plugin_vendor:/opt/ros/jazzy/opt/gz_fuel_tools_vendor:/opt/ros/jazzy/opt/gz_msgs_vendor:/opt/ros/jazzy/opt/gz_common_vendor:/opt/ros/jazzy/opt/gz_math_vendor:/opt/ros/jazzy/opt/gz_utils_vendor:/opt/ros/jazzy/opt/gz_tools_vendor:/opt/ros/jazzy/opt/gz_ogre_next_vendor:/opt/ros/jazzy/opt/gz_dartsim_vendor:/opt/ros/jazzy/opt/gz_cmake_vendor:/home/mikks/ros2_px4_ws/install/x500_hover_controller:/home/mikks/ros2_px4_ws/install/example_mode_with_rclpy_py:/home/mikks/ros2_px4_ws/install/example_mode_goto_py:/home/mikks/ros2_px4_ws/install/px4_actuator_ctrl:/home/mikks/ros2_ws/install/rover_desc_description:/home/mikks/ros2_ws/install/px4_actuator_ctrl:/home/mikks/ros2_ws/install/mine_rover_description:/home/mikks/ros2_ws/install/ZerionURDFV5cp_description:/home/mikks/crazyflie_mapping_demo/ros2_ws/install/velocity_free_consensus:/home/mikks/crazyflie_mapping_demo/ros2_ws/install/stepwise_lowpos:/home/mikks/crazyflie_mapping_demo/ros2_ws/install/step_wise_lowpos:/home/mikks/crazyflie_mapping_demo/ros2_ws/install/second_order_formation_control:/home/mikks/crazyflie_mapping_demo/ros2_ws/install/ros_gz_crazyflie_control:/home/mikks/crazyflie_mapping_demo/ros2_ws/install/mixed_fractional_consensus:/home/mikks/crazyflie_mapping_demo/ros2_ws/install/lowest_pos:/home/mikks/crazyflie_mapping_demo/ros2_ws/install/linear_consensus:/home/mikks/crazyflie_mapping_demo/ros2_ws/install/highest_pos:/home/mikks/crazyflie_mapping_demo/ros2_ws/install/fractional_consensus_alpha:/home/mikks/crazyflie_mapping_demo/ros2_ws/install/event_triggered_swarm:/home/mikks/crazyflie_mapping_demo/ros2_ws/install/drone_logger:/home/mikks/crazyflie_mapping_demo/ros2_ws/install/distributed_average_tracking:/home/mikks/crazyflie_mapping_demo/ros2_ws/install/crazyflie_swarm_logic:/home/mikks/crazyflie_mapping_demo/ros2_ws/install/crazyflie_ros2_multiranger_wall_following:/home/mikks/crazyflie_mapping_demo/ros2_ws/install/crazyflie_ros2_multiranger_simple_mapper:/home/mikks/crazyflie_mapping_demo/ros2_ws/install/crazyflie_py:/home/mikks/crazyflie_mapping_demo/ros2_ws/install/cooperative_target_centric_formation:/home/mikks/crazyflie_mapping_demo/ros2_ws/install/containment_using_agent_information:/home/mikks/crazyflie_mapping_demo/ros2_ws/install/consensus_for_double_integrator:/home/mikks/crazyflie_mapping_demo/ros2_ws/install/consensus_alignment:/home/mikks/crazyflie_mapping_demo/ros2_ws/install/binary_consensus:/home/mikks/crazyflie_mapping_demo/ros2_ws/install/Second_Order_Min_Consensus_for_Heterogeneous_Agents:/home/mikks/crazyflie_mapping_demo/ros2_ws/install/BinaryContainmentChain:/opt/ros/jazzy DEBUGINFOD_URLS=https://debuginfod.ubuntu.com LD_LIBRARY_PATH=/home/mikks/ros2_px4_ws/install/px4_ros2_cpp/lib:/home/mikks/ros2_px4_ws/install/px4_msgs/lib:/home/mikks/ros2_px4_ws/install/px4_ros_com/lib:/home/mikks/NatNet_SDK_4.3_ubuntu/lib:/home/mikks/crazyflie_mapping_demo/ros2_ws/install/crazyflie_interfaces/lib:/opt/ros/jazzy/opt/gz_sim_vendor/lib:/opt/ros/jazzy/opt/gz_sensors_vendor/lib:/opt/ros/jazzy/opt/gz_physics_vendor/lib:/opt/ros/jazzy/opt/sdformat_vendor/lib:/opt/ros/jazzy/opt/rviz_ogre_vendor/lib:/opt/ros/jazzy/lib/x86_64-linux-gnu:/opt/ros/jazzy/opt/gz_gui_vendor/lib:/opt/ros/jazzy/opt/gz_transport_vendor/lib:/opt/ros/jazzy/opt/gz_rendering_vendor/lib:/opt/ros/jazzy/opt/gz_plugin_vendor/lib:/opt/ros/jazzy/opt/gz_fuel_tools_vendor/lib:/opt/ros/jazzy/opt/gz_msgs_vendor/lib:/opt/ros/jazzy/opt/gz_common_vendor/lib:/opt/ros/jazzy/opt/gz_math_vendor/lib:/opt/ros/jazzy/opt/gz_utils_vendor/lib:/opt/ros/jazzy/opt/gz_tools_vendor/lib:/opt/ros/jazzy/opt/gz_ogre_next_vendor/lib:/opt/ros/jazzy/opt/gz_dartsim_vendor/lib:/opt/ros/jazzy/opt/gz_cmake_vendor/lib:/opt/ros/jazzy/lib PYTHONPATH=/home/mikks/ros2_px4_ws/install/px4_msgs/lib/python3.12/site-packages:/home/mikks/ros2_px4_ws/build/x500_hover_controller:/home/mikks/ros2_px4_ws/install/x500_hover_controller/lib/python3.12/site-packages:/home/mikks/ros2_px4_ws/install/px4_ros_com/lib/python3.12/site-packages:/home/mikks/ros2_px4_ws/build/example_mode_with_rclpy_py:/home/mikks/ros2_px4_ws/install/example_mode_with_rclpy_py/lib/python3.12/site-packages:/home/mikks/ros2_px4_ws/build/example_mode_goto_py:/home/mikks/ros2_px4_ws/install/example_mode_goto_py/lib/python3.12/site-packages:/home/mikks/ros2_px4_ws/install/px4_ros2_py/lib/python3.12/site-packages:/home/mikks/ros2_px4_ws/build/px4_actuator_ctrl:/home/mikks/ros2_px4_ws/install/px4_actuator_ctrl/lib/python3.12/site-packages:/home/mikks/ros2_ws/build/rover_desc_description:/home/mikks/ros2_ws/install/rover_desc_description/lib/python3.12/site-packages:/home/mikks/ros2_ws/install/px4_actuator_ctrl/lib/python3.12/site-packages:/home/mikks/ros2_ws/build/mine_rover_description:/home/mikks/ros2_ws/install/mine_rover_description/lib/python3.12/site-packages:/home/mikks/ros2_ws/build/ZerionURDFV5cp_description:/home/mikks/ros2_ws/install/ZerionURDFV5cp_description/lib/python3.12/site-packages:/home/mikks/crazyflie_mapping_demo/ros2_ws/install/velocity_free_consensus/lib/python3.12/site-packages:/home/mikks/crazyflie_mapping_demo/ros2_ws/install/stepwise_lowpos/lib/python3.12/site-packages:/home/mikks/crazyflie_mapping_demo/ros2_ws/install/step_wise_lowpos/lib/python3.12/site-packages:/home/mikks/crazyflie_mapping_demo/ros2_ws/install/second_order_formation_control/lib/python3.12/site-packages:/home/mikks/crazyflie_mapping_demo/ros2_ws/install/ros_gz_crazyflie_control/lib/python3.12/site-packages:/home/mikks/crazyflie_mapping_demo/ros2_ws/install/mixed_fractional_consensus/lib/python3.12/site-packages:/home/mikks/crazyflie_mapping_demo/ros2_ws/install/lowest_pos/lib/python3.12/site-packages:/home/mikks/crazyflie_mapping_demo/ros2_ws/install/linear_consensus/lib/python3.12/site-packages:/home/mikks/crazyflie_mapping_demo/ros2_ws/install/highest_pos/lib/python3.12/site-packages:/home/mikks/crazyflie_mapping_demo/ros2_ws/install/fractional_consensus_alpha/lib/python3.12/site-packages:/home/mikks/crazyflie_mapping_demo/ros2_ws/install/event_triggered_swarm/lib/python3.12/site-packages:/home/mikks/crazyflie_mapping_demo/ros2_ws/install/drone_logger/lib/python3.12/site-packages:/home/mikks/crazyflie_mapping_demo/ros2_ws/install/distributed_average_tracking/lib/python3.12/site-packages:/home/mikks/crazyflie_mapping_demo/ros2_ws/install/crazyflie_swarm_logic/lib/python3.12/site-packages:/home/mikks/crazyflie_mapping_demo/ros2_ws/install/crazyflie_sim/lib/python3.12/site-packages:/home/mikks/crazyflie_mapping_demo/ros2_ws/install/crazyflie_ros2_multiranger_wall_following/lib/python3.12/site-packages:/home/mikks/crazyflie_mapping_demo/ros2_ws/install/crazyflie_ros2_multiranger_simple_mapper/lib/python3.12/site-packages:/home/mikks/crazyflie_mapping_demo/ros2_ws/install/crazyflie_examples/lib/python3.12/site-packages:/home/mikks/crazyflie_mapping_demo/ros2_ws/install/crazyflie_py/lib/python3.12/site-packages:/home/mikks/crazyflie_mapping_demo/ros2_ws/install/crazyflie_interfaces/lib/python3.12/site-packages:/home/mikks/crazyflie_mapping_demo/ros2_ws/install/cooperative_target_centric_formation/lib/python3.12/site-packages:/home/mikks/crazyflie_mapping_demo/ros2_ws/install/containment_using_agent_information/lib/python3.12/site-packages:/home/mikks/crazyflie_mapping_demo/ros2_ws/install/consensus_for_double_integrator/lib/python3.12/site-packages:/home/mikks/crazyflie_mapping_demo/ros2_ws/install/consensus_alignment/lib/python3.12/site-packages:/home/mikks/crazyflie_mapping_demo/ros2_ws/install/binary_consensus/lib/python3.12/site-packages:/home/mikks/crazyflie_mapping_demo/ros2_ws/install/Second_Order_Min_Consensus_for_Heterogeneous_Agents/lib/python3.12/site-packages:/home/mikks/crazyflie_mapping_demo/ros2_ws/install/BinaryContainmentChain/lib/python3.12/site-packages:/opt/ros/jazzy/lib/python3.12/site-packages /usr/bin/cmake --build /home/mikks/ros2_px4_ws/build/example_mode_fw_attitude_cpp -- -j12 -l12
[3.744s] DEBUG:colcon.colcon_core.event_handler.log_command:Invoking command in '/home/mikks/ros2_px4_ws/build/example_mode_goto_cpp': CMAKE_PREFIX_PATH=/home/mikks/ros2_px4_ws/install/px4_ros2_cpp:/home/mikks/ros2_px4_ws/install/px4_msgs:/home/mikks/ros2_px4_ws/install/px4_ros_com:/home/mikks/ros2_px4_ws/install/px4_ros2_py:/home/mikks/ros2_px4_ws/install/example_rover_velocity_mode_cpp:/home/mikks/ros2_px4_ws/install/example_mode_with_executor_cpp:/home/mikks/ros2_px4_ws/install/example_mode_vtol_cpp:/home/mikks/ros2_px4_ws/install/example_mode_rtl_replacement_cpp:/home/mikks/ros2_px4_ws/install/example_mode_mission_cpp:/home/mikks/ros2_px4_ws/install/example_mode_manual_cpp:/home/mikks/ros2_px4_ws/install/example_mode_goto_global_cpp:/home/mikks/ros2_px4_ws/install/example_mode_goto_cpp:/home/mikks/ros2_px4_ws/install/example_mode_fw_attitude_cpp:/home/mikks/ros2_px4_ws/install/example_local_navigation_cpp:/home/mikks/ros2_px4_ws/install/example_global_navigation_cpp:/home/mikks/ros2_px4_ws/install/example_executor_with_multiple_modes_cpp:/home/mikks/crazyflie_mapping_demo/ros2_ws/install/crazyflie_ros2_multiranger_bringup:/home/mikks/crazyflie_mapping_demo/ros2_ws/install/ros_gz_crazyflie_bringup:/home/mikks/crazyflie_mapping_demo/ros2_ws/install/ros_gz_crazyflie_gazebo:/home/mikks/crazyflie_mapping_demo/ros2_ws/install/crazyflie_sim:/home/mikks/crazyflie_mapping_demo/ros2_ws/install/crazyflie_examples:/home/mikks/crazyflie_mapping_demo/ros2_ws/install/crazyflie:/home/mikks/crazyflie_mapping_demo/ros2_ws/install/crazyflie_interfaces:/opt/ros/jazzy/opt/gz_sim_vendor:/opt/ros/jazzy/opt/gz_sensors_vendor:/opt/ros/jazzy/opt/gz_physics_vendor:/opt/ros/jazzy/opt/sdformat_vendor:/opt/ros/jazzy/opt/gz_gui_vendor:/opt/ros/jazzy/opt/gz_transport_vendor:/opt/ros/jazzy/opt/gz_rendering_vendor:/opt/ros/jazzy/opt/gz_plugin_vendor:/opt/ros/jazzy/opt/gz_fuel_tools_vendor:/opt/ros/jazzy/opt/gz_msgs_vendor:/opt/ros/jazzy/opt/gz_common_vendor:/opt/ros/jazzy/opt/gz_math_vendor:/opt/ros/jazzy/opt/gz_utils_vendor:/opt/ros/jazzy/opt/gz_tools_vendor:/opt/ros/jazzy/opt/gz_ogre_next_vendor:/opt/ros/jazzy/opt/gz_dartsim_vendor:/opt/ros/jazzy/opt/gz_cmake_vendor:/home/mikks/ros2_px4_ws/install/x500_hover_controller:/home/mikks/ros2_px4_ws/install/example_mode_with_rclpy_py:/home/mikks/ros2_px4_ws/install/example_mode_goto_py:/home/mikks/ros2_px4_ws/install/px4_actuator_ctrl:/home/mikks/ros2_ws/install/rover_desc_description:/home/mikks/ros2_ws/install/px4_actuator_ctrl:/home/mikks/ros2_ws/install/mine_rover_description:/home/mikks/ros2_ws/install/ZerionURDFV5cp_description:/home/mikks/crazyflie_mapping_demo/ros2_ws/install/velocity_free_consensus:/home/mikks/crazyflie_mapping_demo/ros2_ws/install/stepwise_lowpos:/home/mikks/crazyflie_mapping_demo/ros2_ws/install/step_wise_lowpos:/home/mikks/crazyflie_mapping_demo/ros2_ws/install/second_order_formation_control:/home/mikks/crazyflie_mapping_demo/ros2_ws/install/ros_gz_crazyflie_control:/home/mikks/crazyflie_mapping_demo/ros2_ws/install/mixed_fractional_consensus:/home/mikks/crazyflie_mapping_demo/ros2_ws/install/lowest_pos:/home/mikks/crazyflie_mapping_demo/ros2_ws/install/linear_consensus:/home/mikks/crazyflie_mapping_demo/ros2_ws/install/highest_pos:/home/mikks/crazyflie_mapping_demo/ros2_ws/install/fractional_consensus_alpha:/home/mikks/crazyflie_mapping_demo/ros2_ws/install/event_triggered_swarm:/home/mikks/crazyflie_mapping_demo/ros2_ws/install/drone_logger:/home/mikks/crazyflie_mapping_demo/ros2_ws/install/distributed_average_tracking:/home/mikks/crazyflie_mapping_demo/ros2_ws/install/crazyflie_swarm_logic:/home/mikks/crazyflie_mapping_demo/ros2_ws/install/crazyflie_ros2_multiranger_wall_following:/home/mikks/crazyflie_mapping_demo/ros2_ws/install/crazyflie_ros2_multiranger_simple_mapper:/home/mikks/crazyflie_mapping_demo/ros2_ws/install/crazyflie_py:/home/mikks/crazyflie_mapping_demo/ros2_ws/install/cooperative_target_centric_formation:/home/mikks/crazyflie_mapping_demo/ros2_ws/install/containment_using_agent_information:/home/mikks/crazyflie_mapping_demo/ros2_ws/install/consensus_for_double_integrator:/home/mikks/crazyflie_mapping_demo/ros2_ws/install/consensus_alignment:/home/mikks/crazyflie_mapping_demo/ros2_ws/install/binary_consensus:/home/mikks/crazyflie_mapping_demo/ros2_ws/install/Second_Order_Min_Consensus_for_Heterogeneous_Agents:/home/mikks/crazyflie_mapping_demo/ros2_ws/install/BinaryContainmentChain:/opt/ros/jazzy DEBUGINFOD_URLS=https://debuginfod.ubuntu.com LD_LIBRARY_PATH=/home/mikks/ros2_px4_ws/install/px4_ros2_cpp/lib:/home/mikks/ros2_px4_ws/install/px4_msgs/lib:/home/mikks/ros2_px4_ws/install/px4_ros_com/lib:/home/mikks/NatNet_SDK_4.3_ubuntu/lib:/home/mikks/crazyflie_mapping_demo/ros2_ws/install/crazyflie_interfaces/lib:/opt/ros/jazzy/opt/gz_sim_vendor/lib:/opt/ros/jazzy/opt/gz_sensors_vendor/lib:/opt/ros/jazzy/opt/gz_physics_vendor/lib:/opt/ros/jazzy/opt/sdformat_vendor/lib:/opt/ros/jazzy/opt/rviz_ogre_vendor/lib:/opt/ros/jazzy/lib/x86_64-linux-gnu:/opt/ros/jazzy/opt/gz_gui_vendor/lib:/opt/ros/jazzy/opt/gz_transport_vendor/lib:/opt/ros/jazzy/opt/gz_rendering_vendor/lib:/opt/ros/jazzy/opt/gz_plugin_vendor/lib:/opt/ros/jazzy/opt/gz_fuel_tools_vendor/lib:/opt/ros/jazzy/opt/gz_msgs_vendor/lib:/opt/ros/jazzy/opt/gz_common_vendor/lib:/opt/ros/jazzy/opt/gz_math_vendor/lib:/opt/ros/jazzy/opt/gz_utils_vendor/lib:/opt/ros/jazzy/opt/gz_tools_vendor/lib:/opt/ros/jazzy/opt/gz_ogre_next_vendor/lib:/opt/ros/jazzy/opt/gz_dartsim_vendor/lib:/opt/ros/jazzy/opt/gz_cmake_vendor/lib:/opt/ros/jazzy/lib PYTHONPATH=/home/mikks/ros2_px4_ws/install/px4_msgs/lib/python3.12/site-packages:/home/mikks/ros2_px4_ws/build/x500_hover_controller:/home/mikks/ros2_px4_ws/install/x500_hover_controller/lib/python3.12/site-packages:/home/mikks/ros2_px4_ws/install/px4_ros_com/lib/python3.12/site-packages:/home/mikks/ros2_px4_ws/build/example_mode_with_rclpy_py:/home/mikks/ros2_px4_ws/install/example_mode_with_rclpy_py/lib/python3.12/site-packages:/home/mikks/ros2_px4_ws/build/example_mode_goto_py:/home/mikks/ros2_px4_ws/install/example_mode_goto_py/lib/python3.12/site-packages:/home/mikks/ros2_px4_ws/install/px4_ros2_py/lib/python3.12/site-packages:/home/mikks/ros2_px4_ws/build/px4_actuator_ctrl:/home/mikks/ros2_px4_ws/install/px4_actuator_ctrl/lib/python3.12/site-packages:/home/mikks/ros2_ws/build/rover_desc_description:/home/mikks/ros2_ws/install/rover_desc_description/lib/python3.12/site-packages:/home/mikks/ros2_ws/install/px4_actuator_ctrl/lib/python3.12/site-packages:/home/mikks/ros2_ws/build/mine_rover_description:/home/mikks/ros2_ws/install/mine_rover_description/lib/python3.12/site-packages:/home/mikks/ros2_ws/build/ZerionURDFV5cp_description:/home/mikks/ros2_ws/install/ZerionURDFV5cp_description/lib/python3.12/site-packages:/home/mikks/crazyflie_mapping_demo/ros2_ws/install/velocity_free_consensus/lib/python3.12/site-packages:/home/mikks/crazyflie_mapping_demo/ros2_ws/install/stepwise_lowpos/lib/python3.12/site-packages:/home/mikks/crazyflie_mapping_demo/ros2_ws/install/step_wise_lowpos/lib/python3.12/site-packages:/home/mikks/crazyflie_mapping_demo/ros2_ws/install/second_order_formation_control/lib/python3.12/site-packages:/home/mikks/crazyflie_mapping_demo/ros2_ws/install/ros_gz_crazyflie_control/lib/python3.12/site-packages:/home/mikks/crazyflie_mapping_demo/ros2_ws/install/mixed_fractional_consensus/lib/python3.12/site-packages:/home/mikks/crazyflie_mapping_demo/ros2_ws/install/lowest_pos/lib/python3.12/site-packages:/home/mikks/crazyflie_mapping_demo/ros2_ws/install/linear_consensus/lib/python3.12/site-packages:/home/mikks/crazyflie_mapping_demo/ros2_ws/install/highest_pos/lib/python3.12/site-packages:/home/mikks/crazyflie_mapping_demo/ros2_ws/install/fractional_consensus_alpha/lib/python3.12/site-packages:/home/mikks/crazyflie_mapping_demo/ros2_ws/install/event_triggered_swarm/lib/python3.12/site-packages:/home/mikks/crazyflie_mapping_demo/ros2_ws/install/drone_logger/lib/python3.12/site-packages:/home/mikks/crazyflie_mapping_demo/ros2_ws/install/distributed_average_tracking/lib/python3.12/site-packages:/home/mikks/crazyflie_mapping_demo/ros2_ws/install/crazyflie_swarm_logic/lib/python3.12/site-packages:/home/mikks/crazyflie_mapping_demo/ros2_ws/install/crazyflie_sim/lib/python3.12/site-packages:/home/mikks/crazyflie_mapping_demo/ros2_ws/install/crazyflie_ros2_multiranger_wall_following/lib/python3.12/site-packages:/home/mikks/crazyflie_mapping_demo/ros2_ws/install/crazyflie_ros2_multiranger_simple_mapper/lib/python3.12/site-packages:/home/mikks/crazyflie_mapping_demo/ros2_ws/install/crazyflie_examples/lib/python3.12/site-packages:/home/mikks/crazyflie_mapping_demo/ros2_ws/install/crazyflie_py/lib/python3.12/site-packages:/home/mikks/crazyflie_mapping_demo/ros2_ws/install/crazyflie_interfaces/lib/python3.12/site-packages:/home/mikks/crazyflie_mapping_demo/ros2_ws/install/cooperative_target_centric_formation/lib/python3.12/site-packages:/home/mikks/crazyflie_mapping_demo/ros2_ws/install/containment_using_agent_information/lib/python3.12/site-packages:/home/mikks/crazyflie_mapping_demo/ros2_ws/install/consensus_for_double_integrator/lib/python3.12/site-packages:/home/mikks/crazyflie_mapping_demo/ros2_ws/install/consensus_alignment/lib/python3.12/site-packages:/home/mikks/crazyflie_mapping_demo/ros2_ws/install/binary_consensus/lib/python3.12/site-packages:/home/mikks/crazyflie_mapping_demo/ros2_ws/install/Second_Order_Min_Consensus_for_Heterogeneous_Agents/lib/python3.12/site-packages:/home/mikks/crazyflie_mapping_demo/ros2_ws/install/BinaryContainmentChain/lib/python3.12/site-packages:/opt/ros/jazzy/lib/python3.12/site-packages /usr/bin/cmake --build /home/mikks/ros2_px4_ws/build/example_mode_goto_cpp -- -j12 -l12
[3.748s] DEBUG:colcon.colcon_core.event_handler.log_command:Invoking command in '/home/mikks/ros2_px4_ws/build/example_mode_goto_global_cpp': CMAKE_PREFIX_PATH=/home/mikks/ros2_px4_ws/install/px4_ros2_cpp:/home/mikks/ros2_px4_ws/install/px4_msgs:/home/mikks/ros2_px4_ws/install/px4_ros_com:/home/mikks/ros2_px4_ws/install/px4_ros2_py:/home/mikks/ros2_px4_ws/install/example_rover_velocity_mode_cpp:/home/mikks/ros2_px4_ws/install/example_mode_with_executor_cpp:/home/mikks/ros2_px4_ws/install/example_mode_vtol_cpp:/home/mikks/ros2_px4_ws/install/example_mode_rtl_replacement_cpp:/home/mikks/ros2_px4_ws/install/example_mode_mission_cpp:/home/mikks/ros2_px4_ws/install/example_mode_manual_cpp:/home/mikks/ros2_px4_ws/install/example_mode_goto_global_cpp:/home/mikks/ros2_px4_ws/install/example_mode_goto_cpp:/home/mikks/ros2_px4_ws/install/example_mode_fw_attitude_cpp:/home/mikks/ros2_px4_ws/install/example_local_navigation_cpp:/home/mikks/ros2_px4_ws/install/example_global_navigation_cpp:/home/mikks/ros2_px4_ws/install/example_executor_with_multiple_modes_cpp:/home/mikks/crazyflie_mapping_demo/ros2_ws/install/crazyflie_ros2_multiranger_bringup:/home/mikks/crazyflie_mapping_demo/ros2_ws/install/ros_gz_crazyflie_bringup:/home/mikks/crazyflie_mapping_demo/ros2_ws/install/ros_gz_crazyflie_gazebo:/home/mikks/crazyflie_mapping_demo/ros2_ws/install/crazyflie_sim:/home/mikks/crazyflie_mapping_demo/ros2_ws/install/crazyflie_examples:/home/mikks/crazyflie_mapping_demo/ros2_ws/install/crazyflie:/home/mikks/crazyflie_mapping_demo/ros2_ws/install/crazyflie_interfaces:/opt/ros/jazzy/opt/gz_sim_vendor:/opt/ros/jazzy/opt/gz_sensors_vendor:/opt/ros/jazzy/opt/gz_physics_vendor:/opt/ros/jazzy/opt/sdformat_vendor:/opt/ros/jazzy/opt/gz_gui_vendor:/opt/ros/jazzy/opt/gz_transport_vendor:/opt/ros/jazzy/opt/gz_rendering_vendor:/opt/ros/jazzy/opt/gz_plugin_vendor:/opt/ros/jazzy/opt/gz_fuel_tools_vendor:/opt/ros/jazzy/opt/gz_msgs_vendor:/opt/ros/jazzy/opt/gz_common_vendor:/opt/ros/jazzy/opt/gz_math_vendor:/opt/ros/jazzy/opt/gz_utils_vendor:/opt/ros/jazzy/opt/gz_tools_vendor:/opt/ros/jazzy/opt/gz_ogre_next_vendor:/opt/ros/jazzy/opt/gz_dartsim_vendor:/opt/ros/jazzy/opt/gz_cmake_vendor:/home/mikks/ros2_px4_ws/install/x500_hover_controller:/home/mikks/ros2_px4_ws/install/example_mode_with_rclpy_py:/home/mikks/ros2_px4_ws/install/example_mode_goto_py:/home/mikks/ros2_px4_ws/install/px4_actuator_ctrl:/home/mikks/ros2_ws/install/rover_desc_description:/home/mikks/ros2_ws/install/px4_actuator_ctrl:/home/mikks/ros2_ws/install/mine_rover_description:/home/mikks/ros2_ws/install/ZerionURDFV5cp_description:/home/mikks/crazyflie_mapping_demo/ros2_ws/install/velocity_free_consensus:/home/mikks/crazyflie_mapping_demo/ros2_ws/install/stepwise_lowpos:/home/mikks/crazyflie_mapping_demo/ros2_ws/install/step_wise_lowpos:/home/mikks/crazyflie_mapping_demo/ros2_ws/install/second_order_formation_control:/home/mikks/crazyflie_mapping_demo/ros2_ws/install/ros_gz_crazyflie_control:/home/mikks/crazyflie_mapping_demo/ros2_ws/install/mixed_fractional_consensus:/home/mikks/crazyflie_mapping_demo/ros2_ws/install/lowest_pos:/home/mikks/crazyflie_mapping_demo/ros2_ws/install/linear_consensus:/home/mikks/crazyflie_mapping_demo/ros2_ws/install/highest_pos:/home/mikks/crazyflie_mapping_demo/ros2_ws/install/fractional_consensus_alpha:/home/mikks/crazyflie_mapping_demo/ros2_ws/install/event_triggered_swarm:/home/mikks/crazyflie_mapping_demo/ros2_ws/install/drone_logger:/home/mikks/crazyflie_mapping_demo/ros2_ws/install/distributed_average_tracking:/home/mikks/crazyflie_mapping_demo/ros2_ws/install/crazyflie_swarm_logic:/home/mikks/crazyflie_mapping_demo/ros2_ws/install/crazyflie_ros2_multiranger_wall_following:/home/mikks/crazyflie_mapping_demo/ros2_ws/install/crazyflie_ros2_multiranger_simple_mapper:/home/mikks/crazyflie_mapping_demo/ros2_ws/install/crazyflie_py:/home/mikks/crazyflie_mapping_demo/ros2_ws/install/cooperative_target_centric_formation:/home/mikks/crazyflie_mapping_demo/ros2_ws/install/containment_using_agent_information:/home/mikks/crazyflie_mapping_demo/ros2_ws/install/consensus_for_double_integrator:/home/mikks/crazyflie_mapping_demo/ros2_ws/install/consensus_alignment:/home/mikks/crazyflie_mapping_demo/ros2_ws/install/binary_consensus:/home/mikks/crazyflie_mapping_demo/ros2_ws/install/Second_Order_Min_Consensus_for_Heterogeneous_Agents:/home/mikks/crazyflie_mapping_demo/ros2_ws/install/BinaryContainmentChain:/opt/ros/jazzy DEBUGINFOD_URLS=https://debuginfod.ubuntu.com LD_LIBRARY_PATH=/home/mikks/ros2_px4_ws/install/px4_ros2_cpp/lib:/home/mikks/ros2_px4_ws/install/px4_msgs/lib:/home/mikks/ros2_px4_ws/install/px4_ros_com/lib:/home/mikks/NatNet_SDK_4.3_ubuntu/lib:/home/mikks/crazyflie_mapping_demo/ros2_ws/install/crazyflie_interfaces/lib:/opt/ros/jazzy/opt/gz_sim_vendor/lib:/opt/ros/jazzy/opt/gz_sensors_vendor/lib:/opt/ros/jazzy/opt/gz_physics_vendor/lib:/opt/ros/jazzy/opt/sdformat_vendor/lib:/opt/ros/jazzy/opt/rviz_ogre_vendor/lib:/opt/ros/jazzy/lib/x86_64-linux-gnu:/opt/ros/jazzy/opt/gz_gui_vendor/lib:/opt/ros/jazzy/opt/gz_transport_vendor/lib:/opt/ros/jazzy/opt/gz_rendering_vendor/lib:/opt/ros/jazzy/opt/gz_plugin_vendor/lib:/opt/ros/jazzy/opt/gz_fuel_tools_vendor/lib:/opt/ros/jazzy/opt/gz_msgs_vendor/lib:/opt/ros/jazzy/opt/gz_common_vendor/lib:/opt/ros/jazzy/opt/gz_math_vendor/lib:/opt/ros/jazzy/opt/gz_utils_vendor/lib:/opt/ros/jazzy/opt/gz_tools_vendor/lib:/opt/ros/jazzy/opt/gz_ogre_next_vendor/lib:/opt/ros/jazzy/opt/gz_dartsim_vendor/lib:/opt/ros/jazzy/opt/gz_cmake_vendor/lib:/opt/ros/jazzy/lib PYTHONPATH=/home/mikks/ros2_px4_ws/install/px4_msgs/lib/python3.12/site-packages:/home/mikks/ros2_px4_ws/build/x500_hover_controller:/home/mikks/ros2_px4_ws/install/x500_hover_controller/lib/python3.12/site-packages:/home/mikks/ros2_px4_ws/install/px4_ros_com/lib/python3.12/site-packages:/home/mikks/ros2_px4_ws/build/example_mode_with_rclpy_py:/home/mikks/ros2_px4_ws/install/example_mode_with_rclpy_py/lib/python3.12/site-packages:/home/mikks/ros2_px4_ws/build/example_mode_goto_py:/home/mikks/ros2_px4_ws/install/example_mode_goto_py/lib/python3.12/site-packages:/home/mikks/ros2_px4_ws/install/px4_ros2_py/lib/python3.12/site-packages:/home/mikks/ros2_px4_ws/build/px4_actuator_ctrl:/home/mikks/ros2_px4_ws/install/px4_actuator_ctrl/lib/python3.12/site-packages:/home/mikks/ros2_ws/build/rover_desc_description:/home/mikks/ros2_ws/install/rover_desc_description/lib/python3.12/site-packages:/home/mikks/ros2_ws/install/px4_actuator_ctrl/lib/python3.12/site-packages:/home/mikks/ros2_ws/build/mine_rover_description:/home/mikks/ros2_ws/install/mine_rover_description/lib/python3.12/site-packages:/home/mikks/ros2_ws/build/ZerionURDFV5cp_description:/home/mikks/ros2_ws/install/ZerionURDFV5cp_description/lib/python3.12/site-packages:/home/mikks/crazyflie_mapping_demo/ros2_ws/install/velocity_free_consensus/lib/python3.12/site-packages:/home/mikks/crazyflie_mapping_demo/ros2_ws/install/stepwise_lowpos/lib/python3.12/site-packages:/home/mikks/crazyflie_mapping_demo/ros2_ws/install/step_wise_lowpos/lib/python3.12/site-packages:/home/mikks/crazyflie_mapping_demo/ros2_ws/install/second_order_formation_control/lib/python3.12/site-packages:/home/mikks/crazyflie_mapping_demo/ros2_ws/install/ros_gz_crazyflie_control/lib/python3.12/site-packages:/home/mikks/crazyflie_mapping_demo/ros2_ws/install/mixed_fractional_consensus/lib/python3.12/site-packages:/home/mikks/crazyflie_mapping_demo/ros2_ws/install/lowest_pos/lib/python3.12/site-packages:/home/mikks/crazyflie_mapping_demo/ros2_ws/install/linear_consensus/lib/python3.12/site-packages:/home/mikks/crazyflie_mapping_demo/ros2_ws/install/highest_pos/lib/python3.12/site-packages:/home/mikks/crazyflie_mapping_demo/ros2_ws/install/fractional_consensus_alpha/lib/python3.12/site-packages:/home/mikks/crazyflie_mapping_demo/ros2_ws/install/event_triggered_swarm/lib/python3.12/site-packages:/home/mikks/crazyflie_mapping_demo/ros2_ws/install/drone_logger/lib/python3.12/site-packages:/home/mikks/crazyflie_mapping_demo/ros2_ws/install/distributed_average_tracking/lib/python3.12/site-packages:/home/mikks/crazyflie_mapping_demo/ros2_ws/install/crazyflie_swarm_logic/lib/python3.12/site-packages:/home/mikks/crazyflie_mapping_demo/ros2_ws/install/crazyflie_sim/lib/python3.12/site-packages:/home/mikks/crazyflie_mapping_demo/ros2_ws/install/crazyflie_ros2_multiranger_wall_following/lib/python3.12/site-packages:/home/mikks/crazyflie_mapping_demo/ros2_ws/install/crazyflie_ros2_multiranger_simple_mapper/lib/python3.12/site-packages:/home/mikks/crazyflie_mapping_demo/ros2_ws/install/crazyflie_examples/lib/python3.12/site-packages:/home/mikks/crazyflie_mapping_demo/ros2_ws/install/crazyflie_py/lib/python3.12/site-packages:/home/mikks/crazyflie_mapping_demo/ros2_ws/install/crazyflie_interfaces/lib/python3.12/site-packages:/home/mikks/crazyflie_mapping_demo/ros2_ws/install/cooperative_target_centric_formation/lib/python3.12/site-packages:/home/mikks/crazyflie_mapping_demo/ros2_ws/install/containment_using_agent_information/lib/python3.12/site-packages:/home/mikks/crazyflie_mapping_demo/ros2_ws/install/consensus_for_double_integrator/lib/python3.12/site-packages:/home/mikks/crazyflie_mapping_demo/ros2_ws/install/consensus_alignment/lib/python3.12/site-packages:/home/mikks/crazyflie_mapping_demo/ros2_ws/install/binary_consensus/lib/python3.12/site-packages:/home/mikks/crazyflie_mapping_demo/ros2_ws/install/Second_Order_Min_Consensus_for_Heterogeneous_Agents/lib/python3.12/site-packages:/home/mikks/crazyflie_mapping_demo/ros2_ws/install/BinaryContainmentChain/lib/python3.12/site-packages:/opt/ros/jazzy/lib/python3.12/site-packages /usr/bin/cmake --build /home/mikks/ros2_px4_ws/build/example_mode_goto_global_cpp -- -j12 -l12
[3.758s] DEBUG:colcon.colcon_core.event_handler.log_command:Invoking command in '/home/mikks/ros2_px4_ws/build/example_mode_manual_cpp': CMAKE_PREFIX_PATH=/home/mikks/ros2_px4_ws/install/px4_ros2_cpp:/home/mikks/ros2_px4_ws/install/px4_msgs:/home/mikks/ros2_px4_ws/install/px4_ros_com:/home/mikks/ros2_px4_ws/install/px4_ros2_py:/home/mikks/ros2_px4_ws/install/example_rover_velocity_mode_cpp:/home/mikks/ros2_px4_ws/install/example_mode_with_executor_cpp:/home/mikks/ros2_px4_ws/install/example_mode_vtol_cpp:/home/mikks/ros2_px4_ws/install/example_mode_rtl_replacement_cpp:/home/mikks/ros2_px4_ws/install/example_mode_mission_cpp:/home/mikks/ros2_px4_ws/install/example_mode_manual_cpp:/home/mikks/ros2_px4_ws/install/example_mode_goto_global_cpp:/home/mikks/ros2_px4_ws/install/example_mode_goto_cpp:/home/mikks/ros2_px4_ws/install/example_mode_fw_attitude_cpp:/home/mikks/ros2_px4_ws/install/example_local_navigation_cpp:/home/mikks/ros2_px4_ws/install/example_global_navigation_cpp:/home/mikks/ros2_px4_ws/install/example_executor_with_multiple_modes_cpp:/home/mikks/crazyflie_mapping_demo/ros2_ws/install/crazyflie_ros2_multiranger_bringup:/home/mikks/crazyflie_mapping_demo/ros2_ws/install/ros_gz_crazyflie_bringup:/home/mikks/crazyflie_mapping_demo/ros2_ws/install/ros_gz_crazyflie_gazebo:/home/mikks/crazyflie_mapping_demo/ros2_ws/install/crazyflie_sim:/home/mikks/crazyflie_mapping_demo/ros2_ws/install/crazyflie_examples:/home/mikks/crazyflie_mapping_demo/ros2_ws/install/crazyflie:/home/mikks/crazyflie_mapping_demo/ros2_ws/install/crazyflie_interfaces:/opt/ros/jazzy/opt/gz_sim_vendor:/opt/ros/jazzy/opt/gz_sensors_vendor:/opt/ros/jazzy/opt/gz_physics_vendor:/opt/ros/jazzy/opt/sdformat_vendor:/opt/ros/jazzy/opt/gz_gui_vendor:/opt/ros/jazzy/opt/gz_transport_vendor:/opt/ros/jazzy/opt/gz_rendering_vendor:/opt/ros/jazzy/opt/gz_plugin_vendor:/opt/ros/jazzy/opt/gz_fuel_tools_vendor:/opt/ros/jazzy/opt/gz_msgs_vendor:/opt/ros/jazzy/opt/gz_common_vendor:/opt/ros/jazzy/opt/gz_math_vendor:/opt/ros/jazzy/opt/gz_utils_vendor:/opt/ros/jazzy/opt/gz_tools_vendor:/opt/ros/jazzy/opt/gz_ogre_next_vendor:/opt/ros/jazzy/opt/gz_dartsim_vendor:/opt/ros/jazzy/opt/gz_cmake_vendor:/home/mikks/ros2_px4_ws/install/x500_hover_controller:/home/mikks/ros2_px4_ws/install/example_mode_with_rclpy_py:/home/mikks/ros2_px4_ws/install/example_mode_goto_py:/home/mikks/ros2_px4_ws/install/px4_actuator_ctrl:/home/mikks/ros2_ws/install/rover_desc_description:/home/mikks/ros2_ws/install/px4_actuator_ctrl:/home/mikks/ros2_ws/install/mine_rover_description:/home/mikks/ros2_ws/install/ZerionURDFV5cp_description:/home/mikks/crazyflie_mapping_demo/ros2_ws/install/velocity_free_consensus:/home/mikks/crazyflie_mapping_demo/ros2_ws/install/stepwise_lowpos:/home/mikks/crazyflie_mapping_demo/ros2_ws/install/step_wise_lowpos:/home/mikks/crazyflie_mapping_demo/ros2_ws/install/second_order_formation_control:/home/mikks/crazyflie_mapping_demo/ros2_ws/install/ros_gz_crazyflie_control:/home/mikks/crazyflie_mapping_demo/ros2_ws/install/mixed_fractional_consensus:/home/mikks/crazyflie_mapping_demo/ros2_ws/install/lowest_pos:/home/mikks/crazyflie_mapping_demo/ros2_ws/install/linear_consensus:/home/mikks/crazyflie_mapping_demo/ros2_ws/install/highest_pos:/home/mikks/crazyflie_mapping_demo/ros2_ws/install/fractional_consensus_alpha:/home/mikks/crazyflie_mapping_demo/ros2_ws/install/event_triggered_swarm:/home/mikks/crazyflie_mapping_demo/ros2_ws/install/drone_logger:/home/mikks/crazyflie_mapping_demo/ros2_ws/install/distributed_average_tracking:/home/mikks/crazyflie_mapping_demo/ros2_ws/install/crazyflie_swarm_logic:/home/mikks/crazyflie_mapping_demo/ros2_ws/install/crazyflie_ros2_multiranger_wall_following:/home/mikks/crazyflie_mapping_demo/ros2_ws/install/crazyflie_ros2_multiranger_simple_mapper:/home/mikks/crazyflie_mapping_demo/ros2_ws/install/crazyflie_py:/home/mikks/crazyflie_mapping_demo/ros2_ws/install/cooperative_target_centric_formation:/home/mikks/crazyflie_mapping_demo/ros2_ws/install/containment_using_agent_information:/home/mikks/crazyflie_mapping_demo/ros2_ws/install/consensus_for_double_integrator:/home/mikks/crazyflie_mapping_demo/ros2_ws/install/consensus_alignment:/home/mikks/crazyflie_mapping_demo/ros2_ws/install/binary_consensus:/home/mikks/crazyflie_mapping_demo/ros2_ws/install/Second_Order_Min_Consensus_for_Heterogeneous_Agents:/home/mikks/crazyflie_mapping_demo/ros2_ws/install/BinaryContainmentChain:/opt/ros/jazzy DEBUGINFOD_URLS=https://debuginfod.ubuntu.com LD_LIBRARY_PATH=/home/mikks/ros2_px4_ws/install/px4_ros2_cpp/lib:/home/mikks/ros2_px4_ws/install/px4_msgs/lib:/home/mikks/ros2_px4_ws/install/px4_ros_com/lib:/home/mikks/NatNet_SDK_4.3_ubuntu/lib:/home/mikks/crazyflie_mapping_demo/ros2_ws/install/crazyflie_interfaces/lib:/opt/ros/jazzy/opt/gz_sim_vendor/lib:/opt/ros/jazzy/opt/gz_sensors_vendor/lib:/opt/ros/jazzy/opt/gz_physics_vendor/lib:/opt/ros/jazzy/opt/sdformat_vendor/lib:/opt/ros/jazzy/opt/rviz_ogre_vendor/lib:/opt/ros/jazzy/lib/x86_64-linux-gnu:/opt/ros/jazzy/opt/gz_gui_vendor/lib:/opt/ros/jazzy/opt/gz_transport_vendor/lib:/opt/ros/jazzy/opt/gz_rendering_vendor/lib:/opt/ros/jazzy/opt/gz_plugin_vendor/lib:/opt/ros/jazzy/opt/gz_fuel_tools_vendor/lib:/opt/ros/jazzy/opt/gz_msgs_vendor/lib:/opt/ros/jazzy/opt/gz_common_vendor/lib:/opt/ros/jazzy/opt/gz_math_vendor/lib:/opt/ros/jazzy/opt/gz_utils_vendor/lib:/opt/ros/jazzy/opt/gz_tools_vendor/lib:/opt/ros/jazzy/opt/gz_ogre_next_vendor/lib:/opt/ros/jazzy/opt/gz_dartsim_vendor/lib:/opt/ros/jazzy/opt/gz_cmake_vendor/lib:/opt/ros/jazzy/lib PYTHONPATH=/home/mikks/ros2_px4_ws/install/px4_msgs/lib/python3.12/site-packages:/home/mikks/ros2_px4_ws/build/x500_hover_controller:/home/mikks/ros2_px4_ws/install/x500_hover_controller/lib/python3.12/site-packages:/home/mikks/ros2_px4_ws/install/px4_ros_com/lib/python3.12/site-packages:/home/mikks/ros2_px4_ws/build/example_mode_with_rclpy_py:/home/mikks/ros2_px4_ws/install/example_mode_with_rclpy_py/lib/python3.12/site-packages:/home/mikks/ros2_px4_ws/build/example_mode_goto_py:/home/mikks/ros2_px4_ws/install/example_mode_goto_py/lib/python3.12/site-packages:/home/mikks/ros2_px4_ws/install/px4_ros2_py/lib/python3.12/site-packages:/home/mikks/ros2_px4_ws/build/px4_actuator_ctrl:/home/mikks/ros2_px4_ws/install/px4_actuator_ctrl/lib/python3.12/site-packages:/home/mikks/ros2_ws/build/rover_desc_description:/home/mikks/ros2_ws/install/rover_desc_description/lib/python3.12/site-packages:/home/mikks/ros2_ws/install/px4_actuator_ctrl/lib/python3.12/site-packages:/home/mikks/ros2_ws/build/mine_rover_description:/home/mikks/ros2_ws/install/mine_rover_description/lib/python3.12/site-packages:/home/mikks/ros2_ws/build/ZerionURDFV5cp_description:/home/mikks/ros2_ws/install/ZerionURDFV5cp_description/lib/python3.12/site-packages:/home/mikks/crazyflie_mapping_demo/ros2_ws/install/velocity_free_consensus/lib/python3.12/site-packages:/home/mikks/crazyflie_mapping_demo/ros2_ws/install/stepwise_lowpos/lib/python3.12/site-packages:/home/mikks/crazyflie_mapping_demo/ros2_ws/install/step_wise_lowpos/lib/python3.12/site-packages:/home/mikks/crazyflie_mapping_demo/ros2_ws/install/second_order_formation_control/lib/python3.12/site-packages:/home/mikks/crazyflie_mapping_demo/ros2_ws/install/ros_gz_crazyflie_control/lib/python3.12/site-packages:/home/mikks/crazyflie_mapping_demo/ros2_ws/install/mixed_fractional_consensus/lib/python3.12/site-packages:/home/mikks/crazyflie_mapping_demo/ros2_ws/install/lowest_pos/lib/python3.12/site-packages:/home/mikks/crazyflie_mapping_demo/ros2_ws/install/linear_consensus/lib/python3.12/site-packages:/home/mikks/crazyflie_mapping_demo/ros2_ws/install/highest_pos/lib/python3.12/site-packages:/home/mikks/crazyflie_mapping_demo/ros2_ws/install/fractional_consensus_alpha/lib/python3.12/site-packages:/home/mikks/crazyflie_mapping_demo/ros2_ws/install/event_triggered_swarm/lib/python3.12/site-packages:/home/mikks/crazyflie_mapping_demo/ros2_ws/install/drone_logger/lib/python3.12/site-packages:/home/mikks/crazyflie_mapping_demo/ros2_ws/install/distributed_average_tracking/lib/python3.12/site-packages:/home/mikks/crazyflie_mapping_demo/ros2_ws/install/crazyflie_swarm_logic/lib/python3.12/site-packages:/home/mikks/crazyflie_mapping_demo/ros2_ws/install/crazyflie_sim/lib/python3.12/site-packages:/home/mikks/crazyflie_mapping_demo/ros2_ws/install/crazyflie_ros2_multiranger_wall_following/lib/python3.12/site-packages:/home/mikks/crazyflie_mapping_demo/ros2_ws/install/crazyflie_ros2_multiranger_simple_mapper/lib/python3.12/site-packages:/home/mikks/crazyflie_mapping_demo/ros2_ws/install/crazyflie_examples/lib/python3.12/site-packages:/home/mikks/crazyflie_mapping_demo/ros2_ws/install/crazyflie_py/lib/python3.12/site-packages:/home/mikks/crazyflie_mapping_demo/ros2_ws/install/crazyflie_interfaces/lib/python3.12/site-packages:/home/mikks/crazyflie_mapping_demo/ros2_ws/install/cooperative_target_centric_formation/lib/python3.12/site-packages:/home/mikks/crazyflie_mapping_demo/ros2_ws/install/containment_using_agent_information/lib/python3.12/site-packages:/home/mikks/crazyflie_mapping_demo/ros2_ws/install/consensus_for_double_integrator/lib/python3.12/site-packages:/home/mikks/crazyflie_mapping_demo/ros2_ws/install/consensus_alignment/lib/python3.12/site-packages:/home/mikks/crazyflie_mapping_demo/ros2_ws/install/binary_consensus/lib/python3.12/site-packages:/home/mikks/crazyflie_mapping_demo/ros2_ws/install/Second_Order_Min_Consensus_for_Heterogeneous_Agents/lib/python3.12/site-packages:/home/mikks/crazyflie_mapping_demo/ros2_ws/install/BinaryContainmentChain/lib/python3.12/site-packages:/opt/ros/jazzy/lib/python3.12/site-packages /usr/bin/cmake --build /home/mikks/ros2_px4_ws/build/example_mode_manual_cpp -- -j12 -l12
[3.778s] DEBUG:colcon.colcon_core.event_handler.log_command:Invoking command in '/home/mikks/ros2_px4_ws/build/example_mode_mission_cpp': CMAKE_PREFIX_PATH=/home/mikks/ros2_px4_ws/install/px4_ros2_cpp:/home/mikks/ros2_px4_ws/install/px4_msgs:/home/mikks/ros2_px4_ws/install/px4_ros_com:/home/mikks/ros2_px4_ws/install/px4_ros2_py:/home/mikks/ros2_px4_ws/install/example_rover_velocity_mode_cpp:/home/mikks/ros2_px4_ws/install/example_mode_with_executor_cpp:/home/mikks/ros2_px4_ws/install/example_mode_vtol_cpp:/home/mikks/ros2_px4_ws/install/example_mode_rtl_replacement_cpp:/home/mikks/ros2_px4_ws/install/example_mode_mission_cpp:/home/mikks/ros2_px4_ws/install/example_mode_manual_cpp:/home/mikks/ros2_px4_ws/install/example_mode_goto_global_cpp:/home/mikks/ros2_px4_ws/install/example_mode_goto_cpp:/home/mikks/ros2_px4_ws/install/example_mode_fw_attitude_cpp:/home/mikks/ros2_px4_ws/install/example_local_navigation_cpp:/home/mikks/ros2_px4_ws/install/example_global_navigation_cpp:/home/mikks/ros2_px4_ws/install/example_executor_with_multiple_modes_cpp:/home/mikks/crazyflie_mapping_demo/ros2_ws/install/crazyflie_ros2_multiranger_bringup:/home/mikks/crazyflie_mapping_demo/ros2_ws/install/ros_gz_crazyflie_bringup:/home/mikks/crazyflie_mapping_demo/ros2_ws/install/ros_gz_crazyflie_gazebo:/home/mikks/crazyflie_mapping_demo/ros2_ws/install/crazyflie_sim:/home/mikks/crazyflie_mapping_demo/ros2_ws/install/crazyflie_examples:/home/mikks/crazyflie_mapping_demo/ros2_ws/install/crazyflie:/home/mikks/crazyflie_mapping_demo/ros2_ws/install/crazyflie_interfaces:/opt/ros/jazzy/opt/gz_sim_vendor:/opt/ros/jazzy/opt/gz_sensors_vendor:/opt/ros/jazzy/opt/gz_physics_vendor:/opt/ros/jazzy/opt/sdformat_vendor:/opt/ros/jazzy/opt/gz_gui_vendor:/opt/ros/jazzy/opt/gz_transport_vendor:/opt/ros/jazzy/opt/gz_rendering_vendor:/opt/ros/jazzy/opt/gz_plugin_vendor:/opt/ros/jazzy/opt/gz_fuel_tools_vendor:/opt/ros/jazzy/opt/gz_msgs_vendor:/opt/ros/jazzy/opt/gz_common_vendor:/opt/ros/jazzy/opt/gz_math_vendor:/opt/ros/jazzy/opt/gz_utils_vendor:/opt/ros/jazzy/opt/gz_tools_vendor:/opt/ros/jazzy/opt/gz_ogre_next_vendor:/opt/ros/jazzy/opt/gz_dartsim_vendor:/opt/ros/jazzy/opt/gz_cmake_vendor:/home/mikks/ros2_px4_ws/install/x500_hover_controller:/home/mikks/ros2_px4_ws/install/example_mode_with_rclpy_py:/home/mikks/ros2_px4_ws/install/example_mode_goto_py:/home/mikks/ros2_px4_ws/install/px4_actuator_ctrl:/home/mikks/ros2_ws/install/rover_desc_description:/home/mikks/ros2_ws/install/px4_actuator_ctrl:/home/mikks/ros2_ws/install/mine_rover_description:/home/mikks/ros2_ws/install/ZerionURDFV5cp_description:/home/mikks/crazyflie_mapping_demo/ros2_ws/install/velocity_free_consensus:/home/mikks/crazyflie_mapping_demo/ros2_ws/install/stepwise_lowpos:/home/mikks/crazyflie_mapping_demo/ros2_ws/install/step_wise_lowpos:/home/mikks/crazyflie_mapping_demo/ros2_ws/install/second_order_formation_control:/home/mikks/crazyflie_mapping_demo/ros2_ws/install/ros_gz_crazyflie_control:/home/mikks/crazyflie_mapping_demo/ros2_ws/install/mixed_fractional_consensus:/home/mikks/crazyflie_mapping_demo/ros2_ws/install/lowest_pos:/home/mikks/crazyflie_mapping_demo/ros2_ws/install/linear_consensus:/home/mikks/crazyflie_mapping_demo/ros2_ws/install/highest_pos:/home/mikks/crazyflie_mapping_demo/ros2_ws/install/fractional_consensus_alpha:/home/mikks/crazyflie_mapping_demo/ros2_ws/install/event_triggered_swarm:/home/mikks/crazyflie_mapping_demo/ros2_ws/install/drone_logger:/home/mikks/crazyflie_mapping_demo/ros2_ws/install/distributed_average_tracking:/home/mikks/crazyflie_mapping_demo/ros2_ws/install/crazyflie_swarm_logic:/home/mikks/crazyflie_mapping_demo/ros2_ws/install/crazyflie_ros2_multiranger_wall_following:/home/mikks/crazyflie_mapping_demo/ros2_ws/install/crazyflie_ros2_multiranger_simple_mapper:/home/mikks/crazyflie_mapping_demo/ros2_ws/install/crazyflie_py:/home/mikks/crazyflie_mapping_demo/ros2_ws/install/cooperative_target_centric_formation:/home/mikks/crazyflie_mapping_demo/ros2_ws/install/containment_using_agent_information:/home/mikks/crazyflie_mapping_demo/ros2_ws/install/consensus_for_double_integrator:/home/mikks/crazyflie_mapping_demo/ros2_ws/install/consensus_alignment:/home/mikks/crazyflie_mapping_demo/ros2_ws/install/binary_consensus:/home/mikks/crazyflie_mapping_demo/ros2_ws/install/Second_Order_Min_Consensus_for_Heterogeneous_Agents:/home/mikks/crazyflie_mapping_demo/ros2_ws/install/BinaryContainmentChain:/opt/ros/jazzy DEBUGINFOD_URLS=https://debuginfod.ubuntu.com LD_LIBRARY_PATH=/home/mikks/ros2_px4_ws/install/px4_ros2_cpp/lib:/home/mikks/ros2_px4_ws/install/px4_msgs/lib:/home/mikks/ros2_px4_ws/install/px4_ros_com/lib:/home/mikks/NatNet_SDK_4.3_ubuntu/lib:/home/mikks/crazyflie_mapping_demo/ros2_ws/install/crazyflie_interfaces/lib:/opt/ros/jazzy/opt/gz_sim_vendor/lib:/opt/ros/jazzy/opt/gz_sensors_vendor/lib:/opt/ros/jazzy/opt/gz_physics_vendor/lib:/opt/ros/jazzy/opt/sdformat_vendor/lib:/opt/ros/jazzy/opt/rviz_ogre_vendor/lib:/opt/ros/jazzy/lib/x86_64-linux-gnu:/opt/ros/jazzy/opt/gz_gui_vendor/lib:/opt/ros/jazzy/opt/gz_transport_vendor/lib:/opt/ros/jazzy/opt/gz_rendering_vendor/lib:/opt/ros/jazzy/opt/gz_plugin_vendor/lib:/opt/ros/jazzy/opt/gz_fuel_tools_vendor/lib:/opt/ros/jazzy/opt/gz_msgs_vendor/lib:/opt/ros/jazzy/opt/gz_common_vendor/lib:/opt/ros/jazzy/opt/gz_math_vendor/lib:/opt/ros/jazzy/opt/gz_utils_vendor/lib:/opt/ros/jazzy/opt/gz_tools_vendor/lib:/opt/ros/jazzy/opt/gz_ogre_next_vendor/lib:/opt/ros/jazzy/opt/gz_dartsim_vendor/lib:/opt/ros/jazzy/opt/gz_cmake_vendor/lib:/opt/ros/jazzy/lib PYTHONPATH=/home/mikks/ros2_px4_ws/install/px4_msgs/lib/python3.12/site-packages:/home/mikks/ros2_px4_ws/build/x500_hover_controller:/home/mikks/ros2_px4_ws/install/x500_hover_controller/lib/python3.12/site-packages:/home/mikks/ros2_px4_ws/install/px4_ros_com/lib/python3.12/site-packages:/home/mikks/ros2_px4_ws/build/example_mode_with_rclpy_py:/home/mikks/ros2_px4_ws/install/example_mode_with_rclpy_py/lib/python3.12/site-packages:/home/mikks/ros2_px4_ws/build/example_mode_goto_py:/home/mikks/ros2_px4_ws/install/example_mode_goto_py/lib/python3.12/site-packages:/home/mikks/ros2_px4_ws/install/px4_ros2_py/lib/python3.12/site-packages:/home/mikks/ros2_px4_ws/build/px4_actuator_ctrl:/home/mikks/ros2_px4_ws/install/px4_actuator_ctrl/lib/python3.12/site-packages:/home/mikks/ros2_ws/build/rover_desc_description:/home/mikks/ros2_ws/install/rover_desc_description/lib/python3.12/site-packages:/home/mikks/ros2_ws/install/px4_actuator_ctrl/lib/python3.12/site-packages:/home/mikks/ros2_ws/build/mine_rover_description:/home/mikks/ros2_ws/install/mine_rover_description/lib/python3.12/site-packages:/home/mikks/ros2_ws/build/ZerionURDFV5cp_description:/home/mikks/ros2_ws/install/ZerionURDFV5cp_description/lib/python3.12/site-packages:/home/mikks/crazyflie_mapping_demo/ros2_ws/install/velocity_free_consensus/lib/python3.12/site-packages:/home/mikks/crazyflie_mapping_demo/ros2_ws/install/stepwise_lowpos/lib/python3.12/site-packages:/home/mikks/crazyflie_mapping_demo/ros2_ws/install/step_wise_lowpos/lib/python3.12/site-packages:/home/mikks/crazyflie_mapping_demo/ros2_ws/install/second_order_formation_control/lib/python3.12/site-packages:/home/mikks/crazyflie_mapping_demo/ros2_ws/install/ros_gz_crazyflie_control/lib/python3.12/site-packages:/home/mikks/crazyflie_mapping_demo/ros2_ws/install/mixed_fractional_consensus/lib/python3.12/site-packages:/home/mikks/crazyflie_mapping_demo/ros2_ws/install/lowest_pos/lib/python3.12/site-packages:/home/mikks/crazyflie_mapping_demo/ros2_ws/install/linear_consensus/lib/python3.12/site-packages:/home/mikks/crazyflie_mapping_demo/ros2_ws/install/highest_pos/lib/python3.12/site-packages:/home/mikks/crazyflie_mapping_demo/ros2_ws/install/fractional_consensus_alpha/lib/python3.12/site-packages:/home/mikks/crazyflie_mapping_demo/ros2_ws/install/event_triggered_swarm/lib/python3.12/site-packages:/home/mikks/crazyflie_mapping_demo/ros2_ws/install/drone_logger/lib/python3.12/site-packages:/home/mikks/crazyflie_mapping_demo/ros2_ws/install/distributed_average_tracking/lib/python3.12/site-packages:/home/mikks/crazyflie_mapping_demo/ros2_ws/install/crazyflie_swarm_logic/lib/python3.12/site-packages:/home/mikks/crazyflie_mapping_demo/ros2_ws/install/crazyflie_sim/lib/python3.12/site-packages:/home/mikks/crazyflie_mapping_demo/ros2_ws/install/crazyflie_ros2_multiranger_wall_following/lib/python3.12/site-packages:/home/mikks/crazyflie_mapping_demo/ros2_ws/install/crazyflie_ros2_multiranger_simple_mapper/lib/python3.12/site-packages:/home/mikks/crazyflie_mapping_demo/ros2_ws/install/crazyflie_examples/lib/python3.12/site-packages:/home/mikks/crazyflie_mapping_demo/ros2_ws/install/crazyflie_py/lib/python3.12/site-packages:/home/mikks/crazyflie_mapping_demo/ros2_ws/install/crazyflie_interfaces/lib/python3.12/site-packages:/home/mikks/crazyflie_mapping_demo/ros2_ws/install/cooperative_target_centric_formation/lib/python3.12/site-packages:/home/mikks/crazyflie_mapping_demo/ros2_ws/install/containment_using_agent_information/lib/python3.12/site-packages:/home/mikks/crazyflie_mapping_demo/ros2_ws/install/consensus_for_double_integrator/lib/python3.12/site-packages:/home/mikks/crazyflie_mapping_demo/ros2_ws/install/consensus_alignment/lib/python3.12/site-packages:/home/mikks/crazyflie_mapping_demo/ros2_ws/install/binary_consensus/lib/python3.12/site-packages:/home/mikks/crazyflie_mapping_demo/ros2_ws/install/Second_Order_Min_Consensus_for_Heterogeneous_Agents/lib/python3.12/site-packages:/home/mikks/crazyflie_mapping_demo/ros2_ws/install/BinaryContainmentChain/lib/python3.12/site-packages:/opt/ros/jazzy/lib/python3.12/site-packages /usr/bin/cmake --build /home/mikks/ros2_px4_ws/build/example_mode_mission_cpp -- -j12 -l12
[3.858s] DEBUG:colcon.colcon_core.event_handler.log_command:Invoked command in '/home/mikks/ros2_px4_ws/build/example_global_navigation_cpp' returned '0': CMAKE_PREFIX_PATH=/home/mikks/ros2_px4_ws/install/px4_ros2_cpp:/home/mikks/ros2_px4_ws/install/px4_msgs:/home/mikks/ros2_px4_ws/install/px4_ros_com:/home/mikks/ros2_px4_ws/install/px4_ros2_py:/home/mikks/ros2_px4_ws/install/example_rover_velocity_mode_cpp:/home/mikks/ros2_px4_ws/install/example_mode_with_executor_cpp:/home/mikks/ros2_px4_ws/install/example_mode_vtol_cpp:/home/mikks/ros2_px4_ws/install/example_mode_rtl_replacement_cpp:/home/mikks/ros2_px4_ws/install/example_mode_mission_cpp:/home/mikks/ros2_px4_ws/install/example_mode_manual_cpp:/home/mikks/ros2_px4_ws/install/example_mode_goto_global_cpp:/home/mikks/ros2_px4_ws/install/example_mode_goto_cpp:/home/mikks/ros2_px4_ws/install/example_mode_fw_attitude_cpp:/home/mikks/ros2_px4_ws/install/example_local_navigation_cpp:/home/mikks/ros2_px4_ws/install/example_global_navigation_cpp:/home/mikks/ros2_px4_ws/install/example_executor_with_multiple_modes_cpp:/home/mikks/crazyflie_mapping_demo/ros2_ws/install/crazyflie_ros2_multiranger_bringup:/home/mikks/crazyflie_mapping_demo/ros2_ws/install/ros_gz_crazyflie_bringup:/home/mikks/crazyflie_mapping_demo/ros2_ws/install/ros_gz_crazyflie_gazebo:/home/mikks/crazyflie_mapping_demo/ros2_ws/install/crazyflie_sim:/home/mikks/crazyflie_mapping_demo/ros2_ws/install/crazyflie_examples:/home/mikks/crazyflie_mapping_demo/ros2_ws/install/crazyflie:/home/mikks/crazyflie_mapping_demo/ros2_ws/install/crazyflie_interfaces:/opt/ros/jazzy/opt/gz_sim_vendor:/opt/ros/jazzy/opt/gz_sensors_vendor:/opt/ros/jazzy/opt/gz_physics_vendor:/opt/ros/jazzy/opt/sdformat_vendor:/opt/ros/jazzy/opt/gz_gui_vendor:/opt/ros/jazzy/opt/gz_transport_vendor:/opt/ros/jazzy/opt/gz_rendering_vendor:/opt/ros/jazzy/opt/gz_plugin_vendor:/opt/ros/jazzy/opt/gz_fuel_tools_vendor:/opt/ros/jazzy/opt/gz_msgs_vendor:/opt/ros/jazzy/opt/gz_common_vendor:/opt/ros/jazzy/opt/gz_math_vendor:/opt/ros/jazzy/opt/gz_utils_vendor:/opt/ros/jazzy/opt/gz_tools_vendor:/opt/ros/jazzy/opt/gz_ogre_next_vendor:/opt/ros/jazzy/opt/gz_dartsim_vendor:/opt/ros/jazzy/opt/gz_cmake_vendor:/home/mikks/ros2_px4_ws/install/x500_hover_controller:/home/mikks/ros2_px4_ws/install/example_mode_with_rclpy_py:/home/mikks/ros2_px4_ws/install/example_mode_goto_py:/home/mikks/ros2_px4_ws/install/px4_actuator_ctrl:/home/mikks/ros2_ws/install/rover_desc_description:/home/mikks/ros2_ws/install/px4_actuator_ctrl:/home/mikks/ros2_ws/install/mine_rover_description:/home/mikks/ros2_ws/install/ZerionURDFV5cp_description:/home/mikks/crazyflie_mapping_demo/ros2_ws/install/velocity_free_consensus:/home/mikks/crazyflie_mapping_demo/ros2_ws/install/stepwise_lowpos:/home/mikks/crazyflie_mapping_demo/ros2_ws/install/step_wise_lowpos:/home/mikks/crazyflie_mapping_demo/ros2_ws/install/second_order_formation_control:/home/mikks/crazyflie_mapping_demo/ros2_ws/install/ros_gz_crazyflie_control:/home/mikks/crazyflie_mapping_demo/ros2_ws/install/mixed_fractional_consensus:/home/mikks/crazyflie_mapping_demo/ros2_ws/install/lowest_pos:/home/mikks/crazyflie_mapping_demo/ros2_ws/install/linear_consensus:/home/mikks/crazyflie_mapping_demo/ros2_ws/install/highest_pos:/home/mikks/crazyflie_mapping_demo/ros2_ws/install/fractional_consensus_alpha:/home/mikks/crazyflie_mapping_demo/ros2_ws/install/event_triggered_swarm:/home/mikks/crazyflie_mapping_demo/ros2_ws/install/drone_logger:/home/mikks/crazyflie_mapping_demo/ros2_ws/install/distributed_average_tracking:/home/mikks/crazyflie_mapping_demo/ros2_ws/install/crazyflie_swarm_logic:/home/mikks/crazyflie_mapping_demo/ros2_ws/install/crazyflie_ros2_multiranger_wall_following:/home/mikks/crazyflie_mapping_demo/ros2_ws/install/crazyflie_ros2_multiranger_simple_mapper:/home/mikks/crazyflie_mapping_demo/ros2_ws/install/crazyflie_py:/home/mikks/crazyflie_mapping_demo/ros2_ws/install/cooperative_target_centric_formation:/home/mikks/crazyflie_mapping_demo/ros2_ws/install/containment_using_agent_information:/home/mikks/crazyflie_mapping_demo/ros2_ws/install/consensus_for_double_integrator:/home/mikks/crazyflie_mapping_demo/ros2_ws/install/consensus_alignment:/home/mikks/crazyflie_mapping_demo/ros2_ws/install/binary_consensus:/home/mikks/crazyflie_mapping_demo/ros2_ws/install/Second_Order_Min_Consensus_for_Heterogeneous_Agents:/home/mikks/crazyflie_mapping_demo/ros2_ws/install/BinaryContainmentChain:/opt/ros/jazzy DEBUGINFOD_URLS=https://debuginfod.ubuntu.com LD_LIBRARY_PATH=/home/mikks/ros2_px4_ws/install/px4_ros2_cpp/lib:/home/mikks/ros2_px4_ws/install/px4_msgs/lib:/home/mikks/ros2_px4_ws/install/px4_ros_com/lib:/home/mikks/NatNet_SDK_4.3_ubuntu/lib:/home/mikks/crazyflie_mapping_demo/ros2_ws/install/crazyflie_interfaces/lib:/opt/ros/jazzy/opt/gz_sim_vendor/lib:/opt/ros/jazzy/opt/gz_sensors_vendor/lib:/opt/ros/jazzy/opt/gz_physics_vendor/lib:/opt/ros/jazzy/opt/sdformat_vendor/lib:/opt/ros/jazzy/opt/rviz_ogre_vendor/lib:/opt/ros/jazzy/lib/x86_64-linux-gnu:/opt/ros/jazzy/opt/gz_gui_vendor/lib:/opt/ros/jazzy/opt/gz_transport_vendor/lib:/opt/ros/jazzy/opt/gz_rendering_vendor/lib:/opt/ros/jazzy/opt/gz_plugin_vendor/lib:/opt/ros/jazzy/opt/gz_fuel_tools_vendor/lib:/opt/ros/jazzy/opt/gz_msgs_vendor/lib:/opt/ros/jazzy/opt/gz_common_vendor/lib:/opt/ros/jazzy/opt/gz_math_vendor/lib:/opt/ros/jazzy/opt/gz_utils_vendor/lib:/opt/ros/jazzy/opt/gz_tools_vendor/lib:/opt/ros/jazzy/opt/gz_ogre_next_vendor/lib:/opt/ros/jazzy/opt/gz_dartsim_vendor/lib:/opt/ros/jazzy/opt/gz_cmake_vendor/lib:/opt/ros/jazzy/lib PYTHONPATH=/home/mikks/ros2_px4_ws/install/px4_msgs/lib/python3.12/site-packages:/home/mikks/ros2_px4_ws/build/x500_hover_controller:/home/mikks/ros2_px4_ws/install/x500_hover_controller/lib/python3.12/site-packages:/home/mikks/ros2_px4_ws/install/px4_ros_com/lib/python3.12/site-packages:/home/mikks/ros2_px4_ws/build/example_mode_with_rclpy_py:/home/mikks/ros2_px4_ws/install/example_mode_with_rclpy_py/lib/python3.12/site-packages:/home/mikks/ros2_px4_ws/build/example_mode_goto_py:/home/mikks/ros2_px4_ws/install/example_mode_goto_py/lib/python3.12/site-packages:/home/mikks/ros2_px4_ws/install/px4_ros2_py/lib/python3.12/site-packages:/home/mikks/ros2_px4_ws/build/px4_actuator_ctrl:/home/mikks/ros2_px4_ws/install/px4_actuator_ctrl/lib/python3.12/site-packages:/home/mikks/ros2_ws/build/rover_desc_description:/home/mikks/ros2_ws/install/rover_desc_description/lib/python3.12/site-packages:/home/mikks/ros2_ws/install/px4_actuator_ctrl/lib/python3.12/site-packages:/home/mikks/ros2_ws/build/mine_rover_description:/home/mikks/ros2_ws/install/mine_rover_description/lib/python3.12/site-packages:/home/mikks/ros2_ws/build/ZerionURDFV5cp_description:/home/mikks/ros2_ws/install/ZerionURDFV5cp_description/lib/python3.12/site-packages:/home/mikks/crazyflie_mapping_demo/ros2_ws/install/velocity_free_consensus/lib/python3.12/site-packages:/home/mikks/crazyflie_mapping_demo/ros2_ws/install/stepwise_lowpos/lib/python3.12/site-packages:/home/mikks/crazyflie_mapping_demo/ros2_ws/install/step_wise_lowpos/lib/python3.12/site-packages:/home/mikks/crazyflie_mapping_demo/ros2_ws/install/second_order_formation_control/lib/python3.12/site-packages:/home/mikks/crazyflie_mapping_demo/ros2_ws/install/ros_gz_crazyflie_control/lib/python3.12/site-packages:/home/mikks/crazyflie_mapping_demo/ros2_ws/install/mixed_fractional_consensus/lib/python3.12/site-packages:/home/mikks/crazyflie_mapping_demo/ros2_ws/install/lowest_pos/lib/python3.12/site-packages:/home/mikks/crazyflie_mapping_demo/ros2_ws/install/linear_consensus/lib/python3.12/site-packages:/home/mikks/crazyflie_mapping_demo/ros2_ws/install/highest_pos/lib/python3.12/site-packages:/home/mikks/crazyflie_mapping_demo/ros2_ws/install/fractional_consensus_alpha/lib/python3.12/site-packages:/home/mikks/crazyflie_mapping_demo/ros2_ws/install/event_triggered_swarm/lib/python3.12/site-packages:/home/mikks/crazyflie_mapping_demo/ros2_ws/install/drone_logger/lib/python3.12/site-packages:/home/mikks/crazyflie_mapping_demo/ros2_ws/install/distributed_average_tracking/lib/python3.12/site-packages:/home/mikks/crazyflie_mapping_demo/ros2_ws/install/crazyflie_swarm_logic/lib/python3.12/site-packages:/home/mikks/crazyflie_mapping_demo/ros2_ws/install/crazyflie_sim/lib/python3.12/site-packages:/home/mikks/crazyflie_mapping_demo/ros2_ws/install/crazyflie_ros2_multiranger_wall_following/lib/python3.12/site-packages:/home/mikks/crazyflie_mapping_demo/ros2_ws/install/crazyflie_ros2_multiranger_simple_mapper/lib/python3.12/site-packages:/home/mikks/crazyflie_mapping_demo/ros2_ws/install/crazyflie_examples/lib/python3.12/site-packages:/home/mikks/crazyflie_mapping_demo/ros2_ws/install/crazyflie_py/lib/python3.12/site-packages:/home/mikks/crazyflie_mapping_demo/ros2_ws/install/crazyflie_interfaces/lib/python3.12/site-packages:/home/mikks/crazyflie_mapping_demo/ros2_ws/install/cooperative_target_centric_formation/lib/python3.12/site-packages:/home/mikks/crazyflie_mapping_demo/ros2_ws/install/containment_using_agent_information/lib/python3.12/site-packages:/home/mikks/crazyflie_mapping_demo/ros2_ws/install/consensus_for_double_integrator/lib/python3.12/site-packages:/home/mikks/crazyflie_mapping_demo/ros2_ws/install/consensus_alignment/lib/python3.12/site-packages:/home/mikks/crazyflie_mapping_demo/ros2_ws/install/binary_consensus/lib/python3.12/site-packages:/home/mikks/crazyflie_mapping_demo/ros2_ws/install/Second_Order_Min_Consensus_for_Heterogeneous_Agents/lib/python3.12/site-packages:/home/mikks/crazyflie_mapping_demo/ros2_ws/install/BinaryContainmentChain/lib/python3.12/site-packages:/opt/ros/jazzy/lib/python3.12/site-packages /usr/bin/cmake --build /home/mikks/ros2_px4_ws/build/example_global_navigation_cpp -- -j12 -l12
[3.859s] DEBUG:colcon.colcon_core.event_handler.log_command:Invoking command in '/home/mikks/ros2_px4_ws/build/example_global_navigation_cpp': CMAKE_PREFIX_PATH=/home/mikks/ros2_px4_ws/install/px4_ros2_cpp:/home/mikks/ros2_px4_ws/install/px4_msgs:/home/mikks/ros2_px4_ws/install/px4_ros_com:/home/mikks/ros2_px4_ws/install/px4_ros2_py:/home/mikks/ros2_px4_ws/install/example_rover_velocity_mode_cpp:/home/mikks/ros2_px4_ws/install/example_mode_with_executor_cpp:/home/mikks/ros2_px4_ws/install/example_mode_vtol_cpp:/home/mikks/ros2_px4_ws/install/example_mode_rtl_replacement_cpp:/home/mikks/ros2_px4_ws/install/example_mode_mission_cpp:/home/mikks/ros2_px4_ws/install/example_mode_manual_cpp:/home/mikks/ros2_px4_ws/install/example_mode_goto_global_cpp:/home/mikks/ros2_px4_ws/install/example_mode_goto_cpp:/home/mikks/ros2_px4_ws/install/example_mode_fw_attitude_cpp:/home/mikks/ros2_px4_ws/install/example_local_navigation_cpp:/home/mikks/ros2_px4_ws/install/example_global_navigation_cpp:/home/mikks/ros2_px4_ws/install/example_executor_with_multiple_modes_cpp:/home/mikks/crazyflie_mapping_demo/ros2_ws/install/crazyflie_ros2_multiranger_bringup:/home/mikks/crazyflie_mapping_demo/ros2_ws/install/ros_gz_crazyflie_bringup:/home/mikks/crazyflie_mapping_demo/ros2_ws/install/ros_gz_crazyflie_gazebo:/home/mikks/crazyflie_mapping_demo/ros2_ws/install/crazyflie_sim:/home/mikks/crazyflie_mapping_demo/ros2_ws/install/crazyflie_examples:/home/mikks/crazyflie_mapping_demo/ros2_ws/install/crazyflie:/home/mikks/crazyflie_mapping_demo/ros2_ws/install/crazyflie_interfaces:/opt/ros/jazzy/opt/gz_sim_vendor:/opt/ros/jazzy/opt/gz_sensors_vendor:/opt/ros/jazzy/opt/gz_physics_vendor:/opt/ros/jazzy/opt/sdformat_vendor:/opt/ros/jazzy/opt/gz_gui_vendor:/opt/ros/jazzy/opt/gz_transport_vendor:/opt/ros/jazzy/opt/gz_rendering_vendor:/opt/ros/jazzy/opt/gz_plugin_vendor:/opt/ros/jazzy/opt/gz_fuel_tools_vendor:/opt/ros/jazzy/opt/gz_msgs_vendor:/opt/ros/jazzy/opt/gz_common_vendor:/opt/ros/jazzy/opt/gz_math_vendor:/opt/ros/jazzy/opt/gz_utils_vendor:/opt/ros/jazzy/opt/gz_tools_vendor:/opt/ros/jazzy/opt/gz_ogre_next_vendor:/opt/ros/jazzy/opt/gz_dartsim_vendor:/opt/ros/jazzy/opt/gz_cmake_vendor:/home/mikks/ros2_px4_ws/install/x500_hover_controller:/home/mikks/ros2_px4_ws/install/example_mode_with_rclpy_py:/home/mikks/ros2_px4_ws/install/example_mode_goto_py:/home/mikks/ros2_px4_ws/install/px4_actuator_ctrl:/home/mikks/ros2_ws/install/rover_desc_description:/home/mikks/ros2_ws/install/px4_actuator_ctrl:/home/mikks/ros2_ws/install/mine_rover_description:/home/mikks/ros2_ws/install/ZerionURDFV5cp_description:/home/mikks/crazyflie_mapping_demo/ros2_ws/install/velocity_free_consensus:/home/mikks/crazyflie_mapping_demo/ros2_ws/install/stepwise_lowpos:/home/mikks/crazyflie_mapping_demo/ros2_ws/install/step_wise_lowpos:/home/mikks/crazyflie_mapping_demo/ros2_ws/install/second_order_formation_control:/home/mikks/crazyflie_mapping_demo/ros2_ws/install/ros_gz_crazyflie_control:/home/mikks/crazyflie_mapping_demo/ros2_ws/install/mixed_fractional_consensus:/home/mikks/crazyflie_mapping_demo/ros2_ws/install/lowest_pos:/home/mikks/crazyflie_mapping_demo/ros2_ws/install/linear_consensus:/home/mikks/crazyflie_mapping_demo/ros2_ws/install/highest_pos:/home/mikks/crazyflie_mapping_demo/ros2_ws/install/fractional_consensus_alpha:/home/mikks/crazyflie_mapping_demo/ros2_ws/install/event_triggered_swarm:/home/mikks/crazyflie_mapping_demo/ros2_ws/install/drone_logger:/home/mikks/crazyflie_mapping_demo/ros2_ws/install/distributed_average_tracking:/home/mikks/crazyflie_mapping_demo/ros2_ws/install/crazyflie_swarm_logic:/home/mikks/crazyflie_mapping_demo/ros2_ws/install/crazyflie_ros2_multiranger_wall_following:/home/mikks/crazyflie_mapping_demo/ros2_ws/install/crazyflie_ros2_multiranger_simple_mapper:/home/mikks/crazyflie_mapping_demo/ros2_ws/install/crazyflie_py:/home/mikks/crazyflie_mapping_demo/ros2_ws/install/cooperative_target_centric_formation:/home/mikks/crazyflie_mapping_demo/ros2_ws/install/containment_using_agent_information:/home/mikks/crazyflie_mapping_demo/ros2_ws/install/consensus_for_double_integrator:/home/mikks/crazyflie_mapping_demo/ros2_ws/install/consensus_alignment:/home/mikks/crazyflie_mapping_demo/ros2_ws/install/binary_consensus:/home/mikks/crazyflie_mapping_demo/ros2_ws/install/Second_Order_Min_Consensus_for_Heterogeneous_Agents:/home/mikks/crazyflie_mapping_demo/ros2_ws/install/BinaryContainmentChain:/opt/ros/jazzy DEBUGINFOD_URLS=https://debuginfod.ubuntu.com LD_LIBRARY_PATH=/home/mikks/ros2_px4_ws/install/px4_ros2_cpp/lib:/home/mikks/ros2_px4_ws/install/px4_msgs/lib:/home/mikks/ros2_px4_ws/install/px4_ros_com/lib:/home/mikks/NatNet_SDK_4.3_ubuntu/lib:/home/mikks/crazyflie_mapping_demo/ros2_ws/install/crazyflie_interfaces/lib:/opt/ros/jazzy/opt/gz_sim_vendor/lib:/opt/ros/jazzy/opt/gz_sensors_vendor/lib:/opt/ros/jazzy/opt/gz_physics_vendor/lib:/opt/ros/jazzy/opt/sdformat_vendor/lib:/opt/ros/jazzy/opt/rviz_ogre_vendor/lib:/opt/ros/jazzy/lib/x86_64-linux-gnu:/opt/ros/jazzy/opt/gz_gui_vendor/lib:/opt/ros/jazzy/opt/gz_transport_vendor/lib:/opt/ros/jazzy/opt/gz_rendering_vendor/lib:/opt/ros/jazzy/opt/gz_plugin_vendor/lib:/opt/ros/jazzy/opt/gz_fuel_tools_vendor/lib:/opt/ros/jazzy/opt/gz_msgs_vendor/lib:/opt/ros/jazzy/opt/gz_common_vendor/lib:/opt/ros/jazzy/opt/gz_math_vendor/lib:/opt/ros/jazzy/opt/gz_utils_vendor/lib:/opt/ros/jazzy/opt/gz_tools_vendor/lib:/opt/ros/jazzy/opt/gz_ogre_next_vendor/lib:/opt/ros/jazzy/opt/gz_dartsim_vendor/lib:/opt/ros/jazzy/opt/gz_cmake_vendor/lib:/opt/ros/jazzy/lib PYTHONPATH=/home/mikks/ros2_px4_ws/install/px4_msgs/lib/python3.12/site-packages:/home/mikks/ros2_px4_ws/build/x500_hover_controller:/home/mikks/ros2_px4_ws/install/x500_hover_controller/lib/python3.12/site-packages:/home/mikks/ros2_px4_ws/install/px4_ros_com/lib/python3.12/site-packages:/home/mikks/ros2_px4_ws/build/example_mode_with_rclpy_py:/home/mikks/ros2_px4_ws/install/example_mode_with_rclpy_py/lib/python3.12/site-packages:/home/mikks/ros2_px4_ws/build/example_mode_goto_py:/home/mikks/ros2_px4_ws/install/example_mode_goto_py/lib/python3.12/site-packages:/home/mikks/ros2_px4_ws/install/px4_ros2_py/lib/python3.12/site-packages:/home/mikks/ros2_px4_ws/build/px4_actuator_ctrl:/home/mikks/ros2_px4_ws/install/px4_actuator_ctrl/lib/python3.12/site-packages:/home/mikks/ros2_ws/build/rover_desc_description:/home/mikks/ros2_ws/install/rover_desc_description/lib/python3.12/site-packages:/home/mikks/ros2_ws/install/px4_actuator_ctrl/lib/python3.12/site-packages:/home/mikks/ros2_ws/build/mine_rover_description:/home/mikks/ros2_ws/install/mine_rover_description/lib/python3.12/site-packages:/home/mikks/ros2_ws/build/ZerionURDFV5cp_description:/home/mikks/ros2_ws/install/ZerionURDFV5cp_description/lib/python3.12/site-packages:/home/mikks/crazyflie_mapping_demo/ros2_ws/install/velocity_free_consensus/lib/python3.12/site-packages:/home/mikks/crazyflie_mapping_demo/ros2_ws/install/stepwise_lowpos/lib/python3.12/site-packages:/home/mikks/crazyflie_mapping_demo/ros2_ws/install/step_wise_lowpos/lib/python3.12/site-packages:/home/mikks/crazyflie_mapping_demo/ros2_ws/install/second_order_formation_control/lib/python3.12/site-packages:/home/mikks/crazyflie_mapping_demo/ros2_ws/install/ros_gz_crazyflie_control/lib/python3.12/site-packages:/home/mikks/crazyflie_mapping_demo/ros2_ws/install/mixed_fractional_consensus/lib/python3.12/site-packages:/home/mikks/crazyflie_mapping_demo/ros2_ws/install/lowest_pos/lib/python3.12/site-packages:/home/mikks/crazyflie_mapping_demo/ros2_ws/install/linear_consensus/lib/python3.12/site-packages:/home/mikks/crazyflie_mapping_demo/ros2_ws/install/highest_pos/lib/python3.12/site-packages:/home/mikks/crazyflie_mapping_demo/ros2_ws/install/fractional_consensus_alpha/lib/python3.12/site-packages:/home/mikks/crazyflie_mapping_demo/ros2_ws/install/event_triggered_swarm/lib/python3.12/site-packages:/home/mikks/crazyflie_mapping_demo/ros2_ws/install/drone_logger/lib/python3.12/site-packages:/home/mikks/crazyflie_mapping_demo/ros2_ws/install/distributed_average_tracking/lib/python3.12/site-packages:/home/mikks/crazyflie_mapping_demo/ros2_ws/install/crazyflie_swarm_logic/lib/python3.12/site-packages:/home/mikks/crazyflie_mapping_demo/ros2_ws/install/crazyflie_sim/lib/python3.12/site-packages:/home/mikks/crazyflie_mapping_demo/ros2_ws/install/crazyflie_ros2_multiranger_wall_following/lib/python3.12/site-packages:/home/mikks/crazyflie_mapping_demo/ros2_ws/install/crazyflie_ros2_multiranger_simple_mapper/lib/python3.12/site-packages:/home/mikks/crazyflie_mapping_demo/ros2_ws/install/crazyflie_examples/lib/python3.12/site-packages:/home/mikks/crazyflie_mapping_demo/ros2_ws/install/crazyflie_py/lib/python3.12/site-packages:/home/mikks/crazyflie_mapping_demo/ros2_ws/install/crazyflie_interfaces/lib/python3.12/site-packages:/home/mikks/crazyflie_mapping_demo/ros2_ws/install/cooperative_target_centric_formation/lib/python3.12/site-packages:/home/mikks/crazyflie_mapping_demo/ros2_ws/install/containment_using_agent_information/lib/python3.12/site-packages:/home/mikks/crazyflie_mapping_demo/ros2_ws/install/consensus_for_double_integrator/lib/python3.12/site-packages:/home/mikks/crazyflie_mapping_demo/ros2_ws/install/consensus_alignment/lib/python3.12/site-packages:/home/mikks/crazyflie_mapping_demo/ros2_ws/install/binary_consensus/lib/python3.12/site-packages:/home/mikks/crazyflie_mapping_demo/ros2_ws/install/Second_Order_Min_Consensus_for_Heterogeneous_Agents/lib/python3.12/site-packages:/home/mikks/crazyflie_mapping_demo/ros2_ws/install/BinaryContainmentChain/lib/python3.12/site-packages:/opt/ros/jazzy/lib/python3.12/site-packages /usr/bin/cmake --install /home/mikks/ros2_px4_ws/build/example_global_navigation_cpp
[3.863s] DEBUG:colcon.colcon_core.event_handler.log_command:Invoked command in '/home/mikks/ros2_px4_ws/build/example_executor_with_multiple_modes_cpp' returned '0': CMAKE_PREFIX_PATH=/home/mikks/ros2_px4_ws/install/px4_ros2_cpp:/home/mikks/ros2_px4_ws/install/px4_msgs:/home/mikks/ros2_px4_ws/install/px4_ros_com:/home/mikks/ros2_px4_ws/install/px4_ros2_py:/home/mikks/ros2_px4_ws/install/example_rover_velocity_mode_cpp:/home/mikks/ros2_px4_ws/install/example_mode_with_executor_cpp:/home/mikks/ros2_px4_ws/install/example_mode_vtol_cpp:/home/mikks/ros2_px4_ws/install/example_mode_rtl_replacement_cpp:/home/mikks/ros2_px4_ws/install/example_mode_mission_cpp:/home/mikks/ros2_px4_ws/install/example_mode_manual_cpp:/home/mikks/ros2_px4_ws/install/example_mode_goto_global_cpp:/home/mikks/ros2_px4_ws/install/example_mode_goto_cpp:/home/mikks/ros2_px4_ws/install/example_mode_fw_attitude_cpp:/home/mikks/ros2_px4_ws/install/example_local_navigation_cpp:/home/mikks/ros2_px4_ws/install/example_global_navigation_cpp:/home/mikks/ros2_px4_ws/install/example_executor_with_multiple_modes_cpp:/home/mikks/crazyflie_mapping_demo/ros2_ws/install/crazyflie_ros2_multiranger_bringup:/home/mikks/crazyflie_mapping_demo/ros2_ws/install/ros_gz_crazyflie_bringup:/home/mikks/crazyflie_mapping_demo/ros2_ws/install/ros_gz_crazyflie_gazebo:/home/mikks/crazyflie_mapping_demo/ros2_ws/install/crazyflie_sim:/home/mikks/crazyflie_mapping_demo/ros2_ws/install/crazyflie_examples:/home/mikks/crazyflie_mapping_demo/ros2_ws/install/crazyflie:/home/mikks/crazyflie_mapping_demo/ros2_ws/install/crazyflie_interfaces:/opt/ros/jazzy/opt/gz_sim_vendor:/opt/ros/jazzy/opt/gz_sensors_vendor:/opt/ros/jazzy/opt/gz_physics_vendor:/opt/ros/jazzy/opt/sdformat_vendor:/opt/ros/jazzy/opt/gz_gui_vendor:/opt/ros/jazzy/opt/gz_transport_vendor:/opt/ros/jazzy/opt/gz_rendering_vendor:/opt/ros/jazzy/opt/gz_plugin_vendor:/opt/ros/jazzy/opt/gz_fuel_tools_vendor:/opt/ros/jazzy/opt/gz_msgs_vendor:/opt/ros/jazzy/opt/gz_common_vendor:/opt/ros/jazzy/opt/gz_math_vendor:/opt/ros/jazzy/opt/gz_utils_vendor:/opt/ros/jazzy/opt/gz_tools_vendor:/opt/ros/jazzy/opt/gz_ogre_next_vendor:/opt/ros/jazzy/opt/gz_dartsim_vendor:/opt/ros/jazzy/opt/gz_cmake_vendor:/home/mikks/ros2_px4_ws/install/x500_hover_controller:/home/mikks/ros2_px4_ws/install/example_mode_with_rclpy_py:/home/mikks/ros2_px4_ws/install/example_mode_goto_py:/home/mikks/ros2_px4_ws/install/px4_actuator_ctrl:/home/mikks/ros2_ws/install/rover_desc_description:/home/mikks/ros2_ws/install/px4_actuator_ctrl:/home/mikks/ros2_ws/install/mine_rover_description:/home/mikks/ros2_ws/install/ZerionURDFV5cp_description:/home/mikks/crazyflie_mapping_demo/ros2_ws/install/velocity_free_consensus:/home/mikks/crazyflie_mapping_demo/ros2_ws/install/stepwise_lowpos:/home/mikks/crazyflie_mapping_demo/ros2_ws/install/step_wise_lowpos:/home/mikks/crazyflie_mapping_demo/ros2_ws/install/second_order_formation_control:/home/mikks/crazyflie_mapping_demo/ros2_ws/install/ros_gz_crazyflie_control:/home/mikks/crazyflie_mapping_demo/ros2_ws/install/mixed_fractional_consensus:/home/mikks/crazyflie_mapping_demo/ros2_ws/install/lowest_pos:/home/mikks/crazyflie_mapping_demo/ros2_ws/install/linear_consensus:/home/mikks/crazyflie_mapping_demo/ros2_ws/install/highest_pos:/home/mikks/crazyflie_mapping_demo/ros2_ws/install/fractional_consensus_alpha:/home/mikks/crazyflie_mapping_demo/ros2_ws/install/event_triggered_swarm:/home/mikks/crazyflie_mapping_demo/ros2_ws/install/drone_logger:/home/mikks/crazyflie_mapping_demo/ros2_ws/install/distributed_average_tracking:/home/mikks/crazyflie_mapping_demo/ros2_ws/install/crazyflie_swarm_logic:/home/mikks/crazyflie_mapping_demo/ros2_ws/install/crazyflie_ros2_multiranger_wall_following:/home/mikks/crazyflie_mapping_demo/ros2_ws/install/crazyflie_ros2_multiranger_simple_mapper:/home/mikks/crazyflie_mapping_demo/ros2_ws/install/crazyflie_py:/home/mikks/crazyflie_mapping_demo/ros2_ws/install/cooperative_target_centric_formation:/home/mikks/crazyflie_mapping_demo/ros2_ws/install/containment_using_agent_information:/home/mikks/crazyflie_mapping_demo/ros2_ws/install/consensus_for_double_integrator:/home/mikks/crazyflie_mapping_demo/ros2_ws/install/consensus_alignment:/home/mikks/crazyflie_mapping_demo/ros2_ws/install/binary_consensus:/home/mikks/crazyflie_mapping_demo/ros2_ws/install/Second_Order_Min_Consensus_for_Heterogeneous_Agents:/home/mikks/crazyflie_mapping_demo/ros2_ws/install/BinaryContainmentChain:/opt/ros/jazzy DEBUGINFOD_URLS=https://debuginfod.ubuntu.com LD_LIBRARY_PATH=/home/mikks/ros2_px4_ws/install/px4_ros2_cpp/lib:/home/mikks/ros2_px4_ws/install/px4_msgs/lib:/home/mikks/ros2_px4_ws/install/px4_ros_com/lib:/home/mikks/NatNet_SDK_4.3_ubuntu/lib:/home/mikks/crazyflie_mapping_demo/ros2_ws/install/crazyflie_interfaces/lib:/opt/ros/jazzy/opt/gz_sim_vendor/lib:/opt/ros/jazzy/opt/gz_sensors_vendor/lib:/opt/ros/jazzy/opt/gz_physics_vendor/lib:/opt/ros/jazzy/opt/sdformat_vendor/lib:/opt/ros/jazzy/opt/rviz_ogre_vendor/lib:/opt/ros/jazzy/lib/x86_64-linux-gnu:/opt/ros/jazzy/opt/gz_gui_vendor/lib:/opt/ros/jazzy/opt/gz_transport_vendor/lib:/opt/ros/jazzy/opt/gz_rendering_vendor/lib:/opt/ros/jazzy/opt/gz_plugin_vendor/lib:/opt/ros/jazzy/opt/gz_fuel_tools_vendor/lib:/opt/ros/jazzy/opt/gz_msgs_vendor/lib:/opt/ros/jazzy/opt/gz_common_vendor/lib:/opt/ros/jazzy/opt/gz_math_vendor/lib:/opt/ros/jazzy/opt/gz_utils_vendor/lib:/opt/ros/jazzy/opt/gz_tools_vendor/lib:/opt/ros/jazzy/opt/gz_ogre_next_vendor/lib:/opt/ros/jazzy/opt/gz_dartsim_vendor/lib:/opt/ros/jazzy/opt/gz_cmake_vendor/lib:/opt/ros/jazzy/lib PYTHONPATH=/home/mikks/ros2_px4_ws/install/px4_msgs/lib/python3.12/site-packages:/home/mikks/ros2_px4_ws/build/x500_hover_controller:/home/mikks/ros2_px4_ws/install/x500_hover_controller/lib/python3.12/site-packages:/home/mikks/ros2_px4_ws/install/px4_ros_com/lib/python3.12/site-packages:/home/mikks/ros2_px4_ws/build/example_mode_with_rclpy_py:/home/mikks/ros2_px4_ws/install/example_mode_with_rclpy_py/lib/python3.12/site-packages:/home/mikks/ros2_px4_ws/build/example_mode_goto_py:/home/mikks/ros2_px4_ws/install/example_mode_goto_py/lib/python3.12/site-packages:/home/mikks/ros2_px4_ws/install/px4_ros2_py/lib/python3.12/site-packages:/home/mikks/ros2_px4_ws/build/px4_actuator_ctrl:/home/mikks/ros2_px4_ws/install/px4_actuator_ctrl/lib/python3.12/site-packages:/home/mikks/ros2_ws/build/rover_desc_description:/home/mikks/ros2_ws/install/rover_desc_description/lib/python3.12/site-packages:/home/mikks/ros2_ws/install/px4_actuator_ctrl/lib/python3.12/site-packages:/home/mikks/ros2_ws/build/mine_rover_description:/home/mikks/ros2_ws/install/mine_rover_description/lib/python3.12/site-packages:/home/mikks/ros2_ws/build/ZerionURDFV5cp_description:/home/mikks/ros2_ws/install/ZerionURDFV5cp_description/lib/python3.12/site-packages:/home/mikks/crazyflie_mapping_demo/ros2_ws/install/velocity_free_consensus/lib/python3.12/site-packages:/home/mikks/crazyflie_mapping_demo/ros2_ws/install/stepwise_lowpos/lib/python3.12/site-packages:/home/mikks/crazyflie_mapping_demo/ros2_ws/install/step_wise_lowpos/lib/python3.12/site-packages:/home/mikks/crazyflie_mapping_demo/ros2_ws/install/second_order_formation_control/lib/python3.12/site-packages:/home/mikks/crazyflie_mapping_demo/ros2_ws/install/ros_gz_crazyflie_control/lib/python3.12/site-packages:/home/mikks/crazyflie_mapping_demo/ros2_ws/install/mixed_fractional_consensus/lib/python3.12/site-packages:/home/mikks/crazyflie_mapping_demo/ros2_ws/install/lowest_pos/lib/python3.12/site-packages:/home/mikks/crazyflie_mapping_demo/ros2_ws/install/linear_consensus/lib/python3.12/site-packages:/home/mikks/crazyflie_mapping_demo/ros2_ws/install/highest_pos/lib/python3.12/site-packages:/home/mikks/crazyflie_mapping_demo/ros2_ws/install/fractional_consensus_alpha/lib/python3.12/site-packages:/home/mikks/crazyflie_mapping_demo/ros2_ws/install/event_triggered_swarm/lib/python3.12/site-packages:/home/mikks/crazyflie_mapping_demo/ros2_ws/install/drone_logger/lib/python3.12/site-packages:/home/mikks/crazyflie_mapping_demo/ros2_ws/install/distributed_average_tracking/lib/python3.12/site-packages:/home/mikks/crazyflie_mapping_demo/ros2_ws/install/crazyflie_swarm_logic/lib/python3.12/site-packages:/home/mikks/crazyflie_mapping_demo/ros2_ws/install/crazyflie_sim/lib/python3.12/site-packages:/home/mikks/crazyflie_mapping_demo/ros2_ws/install/crazyflie_ros2_multiranger_wall_following/lib/python3.12/site-packages:/home/mikks/crazyflie_mapping_demo/ros2_ws/install/crazyflie_ros2_multiranger_simple_mapper/lib/python3.12/site-packages:/home/mikks/crazyflie_mapping_demo/ros2_ws/install/crazyflie_examples/lib/python3.12/site-packages:/home/mikks/crazyflie_mapping_demo/ros2_ws/install/crazyflie_py/lib/python3.12/site-packages:/home/mikks/crazyflie_mapping_demo/ros2_ws/install/crazyflie_interfaces/lib/python3.12/site-packages:/home/mikks/crazyflie_mapping_demo/ros2_ws/install/cooperative_target_centric_formation/lib/python3.12/site-packages:/home/mikks/crazyflie_mapping_demo/ros2_ws/install/containment_using_agent_information/lib/python3.12/site-packages:/home/mikks/crazyflie_mapping_demo/ros2_ws/install/consensus_for_double_integrator/lib/python3.12/site-packages:/home/mikks/crazyflie_mapping_demo/ros2_ws/install/consensus_alignment/lib/python3.12/site-packages:/home/mikks/crazyflie_mapping_demo/ros2_ws/install/binary_consensus/lib/python3.12/site-packages:/home/mikks/crazyflie_mapping_demo/ros2_ws/install/Second_Order_Min_Consensus_for_Heterogeneous_Agents/lib/python3.12/site-packages:/home/mikks/crazyflie_mapping_demo/ros2_ws/install/BinaryContainmentChain/lib/python3.12/site-packages:/opt/ros/jazzy/lib/python3.12/site-packages /usr/bin/cmake --build /home/mikks/ros2_px4_ws/build/example_executor_with_multiple_modes_cpp -- -j12 -l12
[3.864s] DEBUG:colcon.colcon_core.event_handler.log_command:Invoking command in '/home/mikks/ros2_px4_ws/build/example_executor_with_multiple_modes_cpp': CMAKE_PREFIX_PATH=/home/mikks/ros2_px4_ws/install/px4_ros2_cpp:/home/mikks/ros2_px4_ws/install/px4_msgs:/home/mikks/ros2_px4_ws/install/px4_ros_com:/home/mikks/ros2_px4_ws/install/px4_ros2_py:/home/mikks/ros2_px4_ws/install/example_rover_velocity_mode_cpp:/home/mikks/ros2_px4_ws/install/example_mode_with_executor_cpp:/home/mikks/ros2_px4_ws/install/example_mode_vtol_cpp:/home/mikks/ros2_px4_ws/install/example_mode_rtl_replacement_cpp:/home/mikks/ros2_px4_ws/install/example_mode_mission_cpp:/home/mikks/ros2_px4_ws/install/example_mode_manual_cpp:/home/mikks/ros2_px4_ws/install/example_mode_goto_global_cpp:/home/mikks/ros2_px4_ws/install/example_mode_goto_cpp:/home/mikks/ros2_px4_ws/install/example_mode_fw_attitude_cpp:/home/mikks/ros2_px4_ws/install/example_local_navigation_cpp:/home/mikks/ros2_px4_ws/install/example_global_navigation_cpp:/home/mikks/ros2_px4_ws/install/example_executor_with_multiple_modes_cpp:/home/mikks/crazyflie_mapping_demo/ros2_ws/install/crazyflie_ros2_multiranger_bringup:/home/mikks/crazyflie_mapping_demo/ros2_ws/install/ros_gz_crazyflie_bringup:/home/mikks/crazyflie_mapping_demo/ros2_ws/install/ros_gz_crazyflie_gazebo:/home/mikks/crazyflie_mapping_demo/ros2_ws/install/crazyflie_sim:/home/mikks/crazyflie_mapping_demo/ros2_ws/install/crazyflie_examples:/home/mikks/crazyflie_mapping_demo/ros2_ws/install/crazyflie:/home/mikks/crazyflie_mapping_demo/ros2_ws/install/crazyflie_interfaces:/opt/ros/jazzy/opt/gz_sim_vendor:/opt/ros/jazzy/opt/gz_sensors_vendor:/opt/ros/jazzy/opt/gz_physics_vendor:/opt/ros/jazzy/opt/sdformat_vendor:/opt/ros/jazzy/opt/gz_gui_vendor:/opt/ros/jazzy/opt/gz_transport_vendor:/opt/ros/jazzy/opt/gz_rendering_vendor:/opt/ros/jazzy/opt/gz_plugin_vendor:/opt/ros/jazzy/opt/gz_fuel_tools_vendor:/opt/ros/jazzy/opt/gz_msgs_vendor:/opt/ros/jazzy/opt/gz_common_vendor:/opt/ros/jazzy/opt/gz_math_vendor:/opt/ros/jazzy/opt/gz_utils_vendor:/opt/ros/jazzy/opt/gz_tools_vendor:/opt/ros/jazzy/opt/gz_ogre_next_vendor:/opt/ros/jazzy/opt/gz_dartsim_vendor:/opt/ros/jazzy/opt/gz_cmake_vendor:/home/mikks/ros2_px4_ws/install/x500_hover_controller:/home/mikks/ros2_px4_ws/install/example_mode_with_rclpy_py:/home/mikks/ros2_px4_ws/install/example_mode_goto_py:/home/mikks/ros2_px4_ws/install/px4_actuator_ctrl:/home/mikks/ros2_ws/install/rover_desc_description:/home/mikks/ros2_ws/install/px4_actuator_ctrl:/home/mikks/ros2_ws/install/mine_rover_description:/home/mikks/ros2_ws/install/ZerionURDFV5cp_description:/home/mikks/crazyflie_mapping_demo/ros2_ws/install/velocity_free_consensus:/home/mikks/crazyflie_mapping_demo/ros2_ws/install/stepwise_lowpos:/home/mikks/crazyflie_mapping_demo/ros2_ws/install/step_wise_lowpos:/home/mikks/crazyflie_mapping_demo/ros2_ws/install/second_order_formation_control:/home/mikks/crazyflie_mapping_demo/ros2_ws/install/ros_gz_crazyflie_control:/home/mikks/crazyflie_mapping_demo/ros2_ws/install/mixed_fractional_consensus:/home/mikks/crazyflie_mapping_demo/ros2_ws/install/lowest_pos:/home/mikks/crazyflie_mapping_demo/ros2_ws/install/linear_consensus:/home/mikks/crazyflie_mapping_demo/ros2_ws/install/highest_pos:/home/mikks/crazyflie_mapping_demo/ros2_ws/install/fractional_consensus_alpha:/home/mikks/crazyflie_mapping_demo/ros2_ws/install/event_triggered_swarm:/home/mikks/crazyflie_mapping_demo/ros2_ws/install/drone_logger:/home/mikks/crazyflie_mapping_demo/ros2_ws/install/distributed_average_tracking:/home/mikks/crazyflie_mapping_demo/ros2_ws/install/crazyflie_swarm_logic:/home/mikks/crazyflie_mapping_demo/ros2_ws/install/crazyflie_ros2_multiranger_wall_following:/home/mikks/crazyflie_mapping_demo/ros2_ws/install/crazyflie_ros2_multiranger_simple_mapper:/home/mikks/crazyflie_mapping_demo/ros2_ws/install/crazyflie_py:/home/mikks/crazyflie_mapping_demo/ros2_ws/install/cooperative_target_centric_formation:/home/mikks/crazyflie_mapping_demo/ros2_ws/install/containment_using_agent_information:/home/mikks/crazyflie_mapping_demo/ros2_ws/install/consensus_for_double_integrator:/home/mikks/crazyflie_mapping_demo/ros2_ws/install/consensus_alignment:/home/mikks/crazyflie_mapping_demo/ros2_ws/install/binary_consensus:/home/mikks/crazyflie_mapping_demo/ros2_ws/install/Second_Order_Min_Consensus_for_Heterogeneous_Agents:/home/mikks/crazyflie_mapping_demo/ros2_ws/install/BinaryContainmentChain:/opt/ros/jazzy DEBUGINFOD_URLS=https://debuginfod.ubuntu.com LD_LIBRARY_PATH=/home/mikks/ros2_px4_ws/install/px4_ros2_cpp/lib:/home/mikks/ros2_px4_ws/install/px4_msgs/lib:/home/mikks/ros2_px4_ws/install/px4_ros_com/lib:/home/mikks/NatNet_SDK_4.3_ubuntu/lib:/home/mikks/crazyflie_mapping_demo/ros2_ws/install/crazyflie_interfaces/lib:/opt/ros/jazzy/opt/gz_sim_vendor/lib:/opt/ros/jazzy/opt/gz_sensors_vendor/lib:/opt/ros/jazzy/opt/gz_physics_vendor/lib:/opt/ros/jazzy/opt/sdformat_vendor/lib:/opt/ros/jazzy/opt/rviz_ogre_vendor/lib:/opt/ros/jazzy/lib/x86_64-linux-gnu:/opt/ros/jazzy/opt/gz_gui_vendor/lib:/opt/ros/jazzy/opt/gz_transport_vendor/lib:/opt/ros/jazzy/opt/gz_rendering_vendor/lib:/opt/ros/jazzy/opt/gz_plugin_vendor/lib:/opt/ros/jazzy/opt/gz_fuel_tools_vendor/lib:/opt/ros/jazzy/opt/gz_msgs_vendor/lib:/opt/ros/jazzy/opt/gz_common_vendor/lib:/opt/ros/jazzy/opt/gz_math_vendor/lib:/opt/ros/jazzy/opt/gz_utils_vendor/lib:/opt/ros/jazzy/opt/gz_tools_vendor/lib:/opt/ros/jazzy/opt/gz_ogre_next_vendor/lib:/opt/ros/jazzy/opt/gz_dartsim_vendor/lib:/opt/ros/jazzy/opt/gz_cmake_vendor/lib:/opt/ros/jazzy/lib PYTHONPATH=/home/mikks/ros2_px4_ws/install/px4_msgs/lib/python3.12/site-packages:/home/mikks/ros2_px4_ws/build/x500_hover_controller:/home/mikks/ros2_px4_ws/install/x500_hover_controller/lib/python3.12/site-packages:/home/mikks/ros2_px4_ws/install/px4_ros_com/lib/python3.12/site-packages:/home/mikks/ros2_px4_ws/build/example_mode_with_rclpy_py:/home/mikks/ros2_px4_ws/install/example_mode_with_rclpy_py/lib/python3.12/site-packages:/home/mikks/ros2_px4_ws/build/example_mode_goto_py:/home/mikks/ros2_px4_ws/install/example_mode_goto_py/lib/python3.12/site-packages:/home/mikks/ros2_px4_ws/install/px4_ros2_py/lib/python3.12/site-packages:/home/mikks/ros2_px4_ws/build/px4_actuator_ctrl:/home/mikks/ros2_px4_ws/install/px4_actuator_ctrl/lib/python3.12/site-packages:/home/mikks/ros2_ws/build/rover_desc_description:/home/mikks/ros2_ws/install/rover_desc_description/lib/python3.12/site-packages:/home/mikks/ros2_ws/install/px4_actuator_ctrl/lib/python3.12/site-packages:/home/mikks/ros2_ws/build/mine_rover_description:/home/mikks/ros2_ws/install/mine_rover_description/lib/python3.12/site-packages:/home/mikks/ros2_ws/build/ZerionURDFV5cp_description:/home/mikks/ros2_ws/install/ZerionURDFV5cp_description/lib/python3.12/site-packages:/home/mikks/crazyflie_mapping_demo/ros2_ws/install/velocity_free_consensus/lib/python3.12/site-packages:/home/mikks/crazyflie_mapping_demo/ros2_ws/install/stepwise_lowpos/lib/python3.12/site-packages:/home/mikks/crazyflie_mapping_demo/ros2_ws/install/step_wise_lowpos/lib/python3.12/site-packages:/home/mikks/crazyflie_mapping_demo/ros2_ws/install/second_order_formation_control/lib/python3.12/site-packages:/home/mikks/crazyflie_mapping_demo/ros2_ws/install/ros_gz_crazyflie_control/lib/python3.12/site-packages:/home/mikks/crazyflie_mapping_demo/ros2_ws/install/mixed_fractional_consensus/lib/python3.12/site-packages:/home/mikks/crazyflie_mapping_demo/ros2_ws/install/lowest_pos/lib/python3.12/site-packages:/home/mikks/crazyflie_mapping_demo/ros2_ws/install/linear_consensus/lib/python3.12/site-packages:/home/mikks/crazyflie_mapping_demo/ros2_ws/install/highest_pos/lib/python3.12/site-packages:/home/mikks/crazyflie_mapping_demo/ros2_ws/install/fractional_consensus_alpha/lib/python3.12/site-packages:/home/mikks/crazyflie_mapping_demo/ros2_ws/install/event_triggered_swarm/lib/python3.12/site-packages:/home/mikks/crazyflie_mapping_demo/ros2_ws/install/drone_logger/lib/python3.12/site-packages:/home/mikks/crazyflie_mapping_demo/ros2_ws/install/distributed_average_tracking/lib/python3.12/site-packages:/home/mikks/crazyflie_mapping_demo/ros2_ws/install/crazyflie_swarm_logic/lib/python3.12/site-packages:/home/mikks/crazyflie_mapping_demo/ros2_ws/install/crazyflie_sim/lib/python3.12/site-packages:/home/mikks/crazyflie_mapping_demo/ros2_ws/install/crazyflie_ros2_multiranger_wall_following/lib/python3.12/site-packages:/home/mikks/crazyflie_mapping_demo/ros2_ws/install/crazyflie_ros2_multiranger_simple_mapper/lib/python3.12/site-packages:/home/mikks/crazyflie_mapping_demo/ros2_ws/install/crazyflie_examples/lib/python3.12/site-packages:/home/mikks/crazyflie_mapping_demo/ros2_ws/install/crazyflie_py/lib/python3.12/site-packages:/home/mikks/crazyflie_mapping_demo/ros2_ws/install/crazyflie_interfaces/lib/python3.12/site-packages:/home/mikks/crazyflie_mapping_demo/ros2_ws/install/cooperative_target_centric_formation/lib/python3.12/site-packages:/home/mikks/crazyflie_mapping_demo/ros2_ws/install/containment_using_agent_information/lib/python3.12/site-packages:/home/mikks/crazyflie_mapping_demo/ros2_ws/install/consensus_for_double_integrator/lib/python3.12/site-packages:/home/mikks/crazyflie_mapping_demo/ros2_ws/install/consensus_alignment/lib/python3.12/site-packages:/home/mikks/crazyflie_mapping_demo/ros2_ws/install/binary_consensus/lib/python3.12/site-packages:/home/mikks/crazyflie_mapping_demo/ros2_ws/install/Second_Order_Min_Consensus_for_Heterogeneous_Agents/lib/python3.12/site-packages:/home/mikks/crazyflie_mapping_demo/ros2_ws/install/BinaryContainmentChain/lib/python3.12/site-packages:/opt/ros/jazzy/lib/python3.12/site-packages /usr/bin/cmake --install /home/mikks/ros2_px4_ws/build/example_executor_with_multiple_modes_cpp
[3.867s] DEBUG:colcon.colcon_core.event_handler.log_command:Invoked command in '/home/mikks/ros2_px4_ws/build/example_local_navigation_cpp' returned '0': CMAKE_PREFIX_PATH=/home/mikks/ros2_px4_ws/install/px4_ros2_cpp:/home/mikks/ros2_px4_ws/install/px4_msgs:/home/mikks/ros2_px4_ws/install/px4_ros_com:/home/mikks/ros2_px4_ws/install/px4_ros2_py:/home/mikks/ros2_px4_ws/install/example_rover_velocity_mode_cpp:/home/mikks/ros2_px4_ws/install/example_mode_with_executor_cpp:/home/mikks/ros2_px4_ws/install/example_mode_vtol_cpp:/home/mikks/ros2_px4_ws/install/example_mode_rtl_replacement_cpp:/home/mikks/ros2_px4_ws/install/example_mode_mission_cpp:/home/mikks/ros2_px4_ws/install/example_mode_manual_cpp:/home/mikks/ros2_px4_ws/install/example_mode_goto_global_cpp:/home/mikks/ros2_px4_ws/install/example_mode_goto_cpp:/home/mikks/ros2_px4_ws/install/example_mode_fw_attitude_cpp:/home/mikks/ros2_px4_ws/install/example_local_navigation_cpp:/home/mikks/ros2_px4_ws/install/example_global_navigation_cpp:/home/mikks/ros2_px4_ws/install/example_executor_with_multiple_modes_cpp:/home/mikks/crazyflie_mapping_demo/ros2_ws/install/crazyflie_ros2_multiranger_bringup:/home/mikks/crazyflie_mapping_demo/ros2_ws/install/ros_gz_crazyflie_bringup:/home/mikks/crazyflie_mapping_demo/ros2_ws/install/ros_gz_crazyflie_gazebo:/home/mikks/crazyflie_mapping_demo/ros2_ws/install/crazyflie_sim:/home/mikks/crazyflie_mapping_demo/ros2_ws/install/crazyflie_examples:/home/mikks/crazyflie_mapping_demo/ros2_ws/install/crazyflie:/home/mikks/crazyflie_mapping_demo/ros2_ws/install/crazyflie_interfaces:/opt/ros/jazzy/opt/gz_sim_vendor:/opt/ros/jazzy/opt/gz_sensors_vendor:/opt/ros/jazzy/opt/gz_physics_vendor:/opt/ros/jazzy/opt/sdformat_vendor:/opt/ros/jazzy/opt/gz_gui_vendor:/opt/ros/jazzy/opt/gz_transport_vendor:/opt/ros/jazzy/opt/gz_rendering_vendor:/opt/ros/jazzy/opt/gz_plugin_vendor:/opt/ros/jazzy/opt/gz_fuel_tools_vendor:/opt/ros/jazzy/opt/gz_msgs_vendor:/opt/ros/jazzy/opt/gz_common_vendor:/opt/ros/jazzy/opt/gz_math_vendor:/opt/ros/jazzy/opt/gz_utils_vendor:/opt/ros/jazzy/opt/gz_tools_vendor:/opt/ros/jazzy/opt/gz_ogre_next_vendor:/opt/ros/jazzy/opt/gz_dartsim_vendor:/opt/ros/jazzy/opt/gz_cmake_vendor:/home/mikks/ros2_px4_ws/install/x500_hover_controller:/home/mikks/ros2_px4_ws/install/example_mode_with_rclpy_py:/home/mikks/ros2_px4_ws/install/example_mode_goto_py:/home/mikks/ros2_px4_ws/install/px4_actuator_ctrl:/home/mikks/ros2_ws/install/rover_desc_description:/home/mikks/ros2_ws/install/px4_actuator_ctrl:/home/mikks/ros2_ws/install/mine_rover_description:/home/mikks/ros2_ws/install/ZerionURDFV5cp_description:/home/mikks/crazyflie_mapping_demo/ros2_ws/install/velocity_free_consensus:/home/mikks/crazyflie_mapping_demo/ros2_ws/install/stepwise_lowpos:/home/mikks/crazyflie_mapping_demo/ros2_ws/install/step_wise_lowpos:/home/mikks/crazyflie_mapping_demo/ros2_ws/install/second_order_formation_control:/home/mikks/crazyflie_mapping_demo/ros2_ws/install/ros_gz_crazyflie_control:/home/mikks/crazyflie_mapping_demo/ros2_ws/install/mixed_fractional_consensus:/home/mikks/crazyflie_mapping_demo/ros2_ws/install/lowest_pos:/home/mikks/crazyflie_mapping_demo/ros2_ws/install/linear_consensus:/home/mikks/crazyflie_mapping_demo/ros2_ws/install/highest_pos:/home/mikks/crazyflie_mapping_demo/ros2_ws/install/fractional_consensus_alpha:/home/mikks/crazyflie_mapping_demo/ros2_ws/install/event_triggered_swarm:/home/mikks/crazyflie_mapping_demo/ros2_ws/install/drone_logger:/home/mikks/crazyflie_mapping_demo/ros2_ws/install/distributed_average_tracking:/home/mikks/crazyflie_mapping_demo/ros2_ws/install/crazyflie_swarm_logic:/home/mikks/crazyflie_mapping_demo/ros2_ws/install/crazyflie_ros2_multiranger_wall_following:/home/mikks/crazyflie_mapping_demo/ros2_ws/install/crazyflie_ros2_multiranger_simple_mapper:/home/mikks/crazyflie_mapping_demo/ros2_ws/install/crazyflie_py:/home/mikks/crazyflie_mapping_demo/ros2_ws/install/cooperative_target_centric_formation:/home/mikks/crazyflie_mapping_demo/ros2_ws/install/containment_using_agent_information:/home/mikks/crazyflie_mapping_demo/ros2_ws/install/consensus_for_double_integrator:/home/mikks/crazyflie_mapping_demo/ros2_ws/install/consensus_alignment:/home/mikks/crazyflie_mapping_demo/ros2_ws/install/binary_consensus:/home/mikks/crazyflie_mapping_demo/ros2_ws/install/Second_Order_Min_Consensus_for_Heterogeneous_Agents:/home/mikks/crazyflie_mapping_demo/ros2_ws/install/BinaryContainmentChain:/opt/ros/jazzy DEBUGINFOD_URLS=https://debuginfod.ubuntu.com LD_LIBRARY_PATH=/home/mikks/ros2_px4_ws/install/px4_ros2_cpp/lib:/home/mikks/ros2_px4_ws/install/px4_msgs/lib:/home/mikks/ros2_px4_ws/install/px4_ros_com/lib:/home/mikks/NatNet_SDK_4.3_ubuntu/lib:/home/mikks/crazyflie_mapping_demo/ros2_ws/install/crazyflie_interfaces/lib:/opt/ros/jazzy/opt/gz_sim_vendor/lib:/opt/ros/jazzy/opt/gz_sensors_vendor/lib:/opt/ros/jazzy/opt/gz_physics_vendor/lib:/opt/ros/jazzy/opt/sdformat_vendor/lib:/opt/ros/jazzy/opt/rviz_ogre_vendor/lib:/opt/ros/jazzy/lib/x86_64-linux-gnu:/opt/ros/jazzy/opt/gz_gui_vendor/lib:/opt/ros/jazzy/opt/gz_transport_vendor/lib:/opt/ros/jazzy/opt/gz_rendering_vendor/lib:/opt/ros/jazzy/opt/gz_plugin_vendor/lib:/opt/ros/jazzy/opt/gz_fuel_tools_vendor/lib:/opt/ros/jazzy/opt/gz_msgs_vendor/lib:/opt/ros/jazzy/opt/gz_common_vendor/lib:/opt/ros/jazzy/opt/gz_math_vendor/lib:/opt/ros/jazzy/opt/gz_utils_vendor/lib:/opt/ros/jazzy/opt/gz_tools_vendor/lib:/opt/ros/jazzy/opt/gz_ogre_next_vendor/lib:/opt/ros/jazzy/opt/gz_dartsim_vendor/lib:/opt/ros/jazzy/opt/gz_cmake_vendor/lib:/opt/ros/jazzy/lib PYTHONPATH=/home/mikks/ros2_px4_ws/install/px4_msgs/lib/python3.12/site-packages:/home/mikks/ros2_px4_ws/build/x500_hover_controller:/home/mikks/ros2_px4_ws/install/x500_hover_controller/lib/python3.12/site-packages:/home/mikks/ros2_px4_ws/install/px4_ros_com/lib/python3.12/site-packages:/home/mikks/ros2_px4_ws/build/example_mode_with_rclpy_py:/home/mikks/ros2_px4_ws/install/example_mode_with_rclpy_py/lib/python3.12/site-packages:/home/mikks/ros2_px4_ws/build/example_mode_goto_py:/home/mikks/ros2_px4_ws/install/example_mode_goto_py/lib/python3.12/site-packages:/home/mikks/ros2_px4_ws/install/px4_ros2_py/lib/python3.12/site-packages:/home/mikks/ros2_px4_ws/build/px4_actuator_ctrl:/home/mikks/ros2_px4_ws/install/px4_actuator_ctrl/lib/python3.12/site-packages:/home/mikks/ros2_ws/build/rover_desc_description:/home/mikks/ros2_ws/install/rover_desc_description/lib/python3.12/site-packages:/home/mikks/ros2_ws/install/px4_actuator_ctrl/lib/python3.12/site-packages:/home/mikks/ros2_ws/build/mine_rover_description:/home/mikks/ros2_ws/install/mine_rover_description/lib/python3.12/site-packages:/home/mikks/ros2_ws/build/ZerionURDFV5cp_description:/home/mikks/ros2_ws/install/ZerionURDFV5cp_description/lib/python3.12/site-packages:/home/mikks/crazyflie_mapping_demo/ros2_ws/install/velocity_free_consensus/lib/python3.12/site-packages:/home/mikks/crazyflie_mapping_demo/ros2_ws/install/stepwise_lowpos/lib/python3.12/site-packages:/home/mikks/crazyflie_mapping_demo/ros2_ws/install/step_wise_lowpos/lib/python3.12/site-packages:/home/mikks/crazyflie_mapping_demo/ros2_ws/install/second_order_formation_control/lib/python3.12/site-packages:/home/mikks/crazyflie_mapping_demo/ros2_ws/install/ros_gz_crazyflie_control/lib/python3.12/site-packages:/home/mikks/crazyflie_mapping_demo/ros2_ws/install/mixed_fractional_consensus/lib/python3.12/site-packages:/home/mikks/crazyflie_mapping_demo/ros2_ws/install/lowest_pos/lib/python3.12/site-packages:/home/mikks/crazyflie_mapping_demo/ros2_ws/install/linear_consensus/lib/python3.12/site-packages:/home/mikks/crazyflie_mapping_demo/ros2_ws/install/highest_pos/lib/python3.12/site-packages:/home/mikks/crazyflie_mapping_demo/ros2_ws/install/fractional_consensus_alpha/lib/python3.12/site-packages:/home/mikks/crazyflie_mapping_demo/ros2_ws/install/event_triggered_swarm/lib/python3.12/site-packages:/home/mikks/crazyflie_mapping_demo/ros2_ws/install/drone_logger/lib/python3.12/site-packages:/home/mikks/crazyflie_mapping_demo/ros2_ws/install/distributed_average_tracking/lib/python3.12/site-packages:/home/mikks/crazyflie_mapping_demo/ros2_ws/install/crazyflie_swarm_logic/lib/python3.12/site-packages:/home/mikks/crazyflie_mapping_demo/ros2_ws/install/crazyflie_sim/lib/python3.12/site-packages:/home/mikks/crazyflie_mapping_demo/ros2_ws/install/crazyflie_ros2_multiranger_wall_following/lib/python3.12/site-packages:/home/mikks/crazyflie_mapping_demo/ros2_ws/install/crazyflie_ros2_multiranger_simple_mapper/lib/python3.12/site-packages:/home/mikks/crazyflie_mapping_demo/ros2_ws/install/crazyflie_examples/lib/python3.12/site-packages:/home/mikks/crazyflie_mapping_demo/ros2_ws/install/crazyflie_py/lib/python3.12/site-packages:/home/mikks/crazyflie_mapping_demo/ros2_ws/install/crazyflie_interfaces/lib/python3.12/site-packages:/home/mikks/crazyflie_mapping_demo/ros2_ws/install/cooperative_target_centric_formation/lib/python3.12/site-packages:/home/mikks/crazyflie_mapping_demo/ros2_ws/install/containment_using_agent_information/lib/python3.12/site-packages:/home/mikks/crazyflie_mapping_demo/ros2_ws/install/consensus_for_double_integrator/lib/python3.12/site-packages:/home/mikks/crazyflie_mapping_demo/ros2_ws/install/consensus_alignment/lib/python3.12/site-packages:/home/mikks/crazyflie_mapping_demo/ros2_ws/install/binary_consensus/lib/python3.12/site-packages:/home/mikks/crazyflie_mapping_demo/ros2_ws/install/Second_Order_Min_Consensus_for_Heterogeneous_Agents/lib/python3.12/site-packages:/home/mikks/crazyflie_mapping_demo/ros2_ws/install/BinaryContainmentChain/lib/python3.12/site-packages:/opt/ros/jazzy/lib/python3.12/site-packages /usr/bin/cmake --build /home/mikks/ros2_px4_ws/build/example_local_navigation_cpp -- -j12 -l12
[3.867s] DEBUG:colcon.colcon_core.event_handler.log_command:Invoking command in '/home/mikks/ros2_px4_ws/build/example_local_navigation_cpp': CMAKE_PREFIX_PATH=/home/mikks/ros2_px4_ws/install/px4_ros2_cpp:/home/mikks/ros2_px4_ws/install/px4_msgs:/home/mikks/ros2_px4_ws/install/px4_ros_com:/home/mikks/ros2_px4_ws/install/px4_ros2_py:/home/mikks/ros2_px4_ws/install/example_rover_velocity_mode_cpp:/home/mikks/ros2_px4_ws/install/example_mode_with_executor_cpp:/home/mikks/ros2_px4_ws/install/example_mode_vtol_cpp:/home/mikks/ros2_px4_ws/install/example_mode_rtl_replacement_cpp:/home/mikks/ros2_px4_ws/install/example_mode_mission_cpp:/home/mikks/ros2_px4_ws/install/example_mode_manual_cpp:/home/mikks/ros2_px4_ws/install/example_mode_goto_global_cpp:/home/mikks/ros2_px4_ws/install/example_mode_goto_cpp:/home/mikks/ros2_px4_ws/install/example_mode_fw_attitude_cpp:/home/mikks/ros2_px4_ws/install/example_local_navigation_cpp:/home/mikks/ros2_px4_ws/install/example_global_navigation_cpp:/home/mikks/ros2_px4_ws/install/example_executor_with_multiple_modes_cpp:/home/mikks/crazyflie_mapping_demo/ros2_ws/install/crazyflie_ros2_multiranger_bringup:/home/mikks/crazyflie_mapping_demo/ros2_ws/install/ros_gz_crazyflie_bringup:/home/mikks/crazyflie_mapping_demo/ros2_ws/install/ros_gz_crazyflie_gazebo:/home/mikks/crazyflie_mapping_demo/ros2_ws/install/crazyflie_sim:/home/mikks/crazyflie_mapping_demo/ros2_ws/install/crazyflie_examples:/home/mikks/crazyflie_mapping_demo/ros2_ws/install/crazyflie:/home/mikks/crazyflie_mapping_demo/ros2_ws/install/crazyflie_interfaces:/opt/ros/jazzy/opt/gz_sim_vendor:/opt/ros/jazzy/opt/gz_sensors_vendor:/opt/ros/jazzy/opt/gz_physics_vendor:/opt/ros/jazzy/opt/sdformat_vendor:/opt/ros/jazzy/opt/gz_gui_vendor:/opt/ros/jazzy/opt/gz_transport_vendor:/opt/ros/jazzy/opt/gz_rendering_vendor:/opt/ros/jazzy/opt/gz_plugin_vendor:/opt/ros/jazzy/opt/gz_fuel_tools_vendor:/opt/ros/jazzy/opt/gz_msgs_vendor:/opt/ros/jazzy/opt/gz_common_vendor:/opt/ros/jazzy/opt/gz_math_vendor:/opt/ros/jazzy/opt/gz_utils_vendor:/opt/ros/jazzy/opt/gz_tools_vendor:/opt/ros/jazzy/opt/gz_ogre_next_vendor:/opt/ros/jazzy/opt/gz_dartsim_vendor:/opt/ros/jazzy/opt/gz_cmake_vendor:/home/mikks/ros2_px4_ws/install/x500_hover_controller:/home/mikks/ros2_px4_ws/install/example_mode_with_rclpy_py:/home/mikks/ros2_px4_ws/install/example_mode_goto_py:/home/mikks/ros2_px4_ws/install/px4_actuator_ctrl:/home/mikks/ros2_ws/install/rover_desc_description:/home/mikks/ros2_ws/install/px4_actuator_ctrl:/home/mikks/ros2_ws/install/mine_rover_description:/home/mikks/ros2_ws/install/ZerionURDFV5cp_description:/home/mikks/crazyflie_mapping_demo/ros2_ws/install/velocity_free_consensus:/home/mikks/crazyflie_mapping_demo/ros2_ws/install/stepwise_lowpos:/home/mikks/crazyflie_mapping_demo/ros2_ws/install/step_wise_lowpos:/home/mikks/crazyflie_mapping_demo/ros2_ws/install/second_order_formation_control:/home/mikks/crazyflie_mapping_demo/ros2_ws/install/ros_gz_crazyflie_control:/home/mikks/crazyflie_mapping_demo/ros2_ws/install/mixed_fractional_consensus:/home/mikks/crazyflie_mapping_demo/ros2_ws/install/lowest_pos:/home/mikks/crazyflie_mapping_demo/ros2_ws/install/linear_consensus:/home/mikks/crazyflie_mapping_demo/ros2_ws/install/highest_pos:/home/mikks/crazyflie_mapping_demo/ros2_ws/install/fractional_consensus_alpha:/home/mikks/crazyflie_mapping_demo/ros2_ws/install/event_triggered_swarm:/home/mikks/crazyflie_mapping_demo/ros2_ws/install/drone_logger:/home/mikks/crazyflie_mapping_demo/ros2_ws/install/distributed_average_tracking:/home/mikks/crazyflie_mapping_demo/ros2_ws/install/crazyflie_swarm_logic:/home/mikks/crazyflie_mapping_demo/ros2_ws/install/crazyflie_ros2_multiranger_wall_following:/home/mikks/crazyflie_mapping_demo/ros2_ws/install/crazyflie_ros2_multiranger_simple_mapper:/home/mikks/crazyflie_mapping_demo/ros2_ws/install/crazyflie_py:/home/mikks/crazyflie_mapping_demo/ros2_ws/install/cooperative_target_centric_formation:/home/mikks/crazyflie_mapping_demo/ros2_ws/install/containment_using_agent_information:/home/mikks/crazyflie_mapping_demo/ros2_ws/install/consensus_for_double_integrator:/home/mikks/crazyflie_mapping_demo/ros2_ws/install/consensus_alignment:/home/mikks/crazyflie_mapping_demo/ros2_ws/install/binary_consensus:/home/mikks/crazyflie_mapping_demo/ros2_ws/install/Second_Order_Min_Consensus_for_Heterogeneous_Agents:/home/mikks/crazyflie_mapping_demo/ros2_ws/install/BinaryContainmentChain:/opt/ros/jazzy DEBUGINFOD_URLS=https://debuginfod.ubuntu.com LD_LIBRARY_PATH=/home/mikks/ros2_px4_ws/install/px4_ros2_cpp/lib:/home/mikks/ros2_px4_ws/install/px4_msgs/lib:/home/mikks/ros2_px4_ws/install/px4_ros_com/lib:/home/mikks/NatNet_SDK_4.3_ubuntu/lib:/home/mikks/crazyflie_mapping_demo/ros2_ws/install/crazyflie_interfaces/lib:/opt/ros/jazzy/opt/gz_sim_vendor/lib:/opt/ros/jazzy/opt/gz_sensors_vendor/lib:/opt/ros/jazzy/opt/gz_physics_vendor/lib:/opt/ros/jazzy/opt/sdformat_vendor/lib:/opt/ros/jazzy/opt/rviz_ogre_vendor/lib:/opt/ros/jazzy/lib/x86_64-linux-gnu:/opt/ros/jazzy/opt/gz_gui_vendor/lib:/opt/ros/jazzy/opt/gz_transport_vendor/lib:/opt/ros/jazzy/opt/gz_rendering_vendor/lib:/opt/ros/jazzy/opt/gz_plugin_vendor/lib:/opt/ros/jazzy/opt/gz_fuel_tools_vendor/lib:/opt/ros/jazzy/opt/gz_msgs_vendor/lib:/opt/ros/jazzy/opt/gz_common_vendor/lib:/opt/ros/jazzy/opt/gz_math_vendor/lib:/opt/ros/jazzy/opt/gz_utils_vendor/lib:/opt/ros/jazzy/opt/gz_tools_vendor/lib:/opt/ros/jazzy/opt/gz_ogre_next_vendor/lib:/opt/ros/jazzy/opt/gz_dartsim_vendor/lib:/opt/ros/jazzy/opt/gz_cmake_vendor/lib:/opt/ros/jazzy/lib PYTHONPATH=/home/mikks/ros2_px4_ws/install/px4_msgs/lib/python3.12/site-packages:/home/mikks/ros2_px4_ws/build/x500_hover_controller:/home/mikks/ros2_px4_ws/install/x500_hover_controller/lib/python3.12/site-packages:/home/mikks/ros2_px4_ws/install/px4_ros_com/lib/python3.12/site-packages:/home/mikks/ros2_px4_ws/build/example_mode_with_rclpy_py:/home/mikks/ros2_px4_ws/install/example_mode_with_rclpy_py/lib/python3.12/site-packages:/home/mikks/ros2_px4_ws/build/example_mode_goto_py:/home/mikks/ros2_px4_ws/install/example_mode_goto_py/lib/python3.12/site-packages:/home/mikks/ros2_px4_ws/install/px4_ros2_py/lib/python3.12/site-packages:/home/mikks/ros2_px4_ws/build/px4_actuator_ctrl:/home/mikks/ros2_px4_ws/install/px4_actuator_ctrl/lib/python3.12/site-packages:/home/mikks/ros2_ws/build/rover_desc_description:/home/mikks/ros2_ws/install/rover_desc_description/lib/python3.12/site-packages:/home/mikks/ros2_ws/install/px4_actuator_ctrl/lib/python3.12/site-packages:/home/mikks/ros2_ws/build/mine_rover_description:/home/mikks/ros2_ws/install/mine_rover_description/lib/python3.12/site-packages:/home/mikks/ros2_ws/build/ZerionURDFV5cp_description:/home/mikks/ros2_ws/install/ZerionURDFV5cp_description/lib/python3.12/site-packages:/home/mikks/crazyflie_mapping_demo/ros2_ws/install/velocity_free_consensus/lib/python3.12/site-packages:/home/mikks/crazyflie_mapping_demo/ros2_ws/install/stepwise_lowpos/lib/python3.12/site-packages:/home/mikks/crazyflie_mapping_demo/ros2_ws/install/step_wise_lowpos/lib/python3.12/site-packages:/home/mikks/crazyflie_mapping_demo/ros2_ws/install/second_order_formation_control/lib/python3.12/site-packages:/home/mikks/crazyflie_mapping_demo/ros2_ws/install/ros_gz_crazyflie_control/lib/python3.12/site-packages:/home/mikks/crazyflie_mapping_demo/ros2_ws/install/mixed_fractional_consensus/lib/python3.12/site-packages:/home/mikks/crazyflie_mapping_demo/ros2_ws/install/lowest_pos/lib/python3.12/site-packages:/home/mikks/crazyflie_mapping_demo/ros2_ws/install/linear_consensus/lib/python3.12/site-packages:/home/mikks/crazyflie_mapping_demo/ros2_ws/install/highest_pos/lib/python3.12/site-packages:/home/mikks/crazyflie_mapping_demo/ros2_ws/install/fractional_consensus_alpha/lib/python3.12/site-packages:/home/mikks/crazyflie_mapping_demo/ros2_ws/install/event_triggered_swarm/lib/python3.12/site-packages:/home/mikks/crazyflie_mapping_demo/ros2_ws/install/drone_logger/lib/python3.12/site-packages:/home/mikks/crazyflie_mapping_demo/ros2_ws/install/distributed_average_tracking/lib/python3.12/site-packages:/home/mikks/crazyflie_mapping_demo/ros2_ws/install/crazyflie_swarm_logic/lib/python3.12/site-packages:/home/mikks/crazyflie_mapping_demo/ros2_ws/install/crazyflie_sim/lib/python3.12/site-packages:/home/mikks/crazyflie_mapping_demo/ros2_ws/install/crazyflie_ros2_multiranger_wall_following/lib/python3.12/site-packages:/home/mikks/crazyflie_mapping_demo/ros2_ws/install/crazyflie_ros2_multiranger_simple_mapper/lib/python3.12/site-packages:/home/mikks/crazyflie_mapping_demo/ros2_ws/install/crazyflie_examples/lib/python3.12/site-packages:/home/mikks/crazyflie_mapping_demo/ros2_ws/install/crazyflie_py/lib/python3.12/site-packages:/home/mikks/crazyflie_mapping_demo/ros2_ws/install/crazyflie_interfaces/lib/python3.12/site-packages:/home/mikks/crazyflie_mapping_demo/ros2_ws/install/cooperative_target_centric_formation/lib/python3.12/site-packages:/home/mikks/crazyflie_mapping_demo/ros2_ws/install/containment_using_agent_information/lib/python3.12/site-packages:/home/mikks/crazyflie_mapping_demo/ros2_ws/install/consensus_for_double_integrator/lib/python3.12/site-packages:/home/mikks/crazyflie_mapping_demo/ros2_ws/install/consensus_alignment/lib/python3.12/site-packages:/home/mikks/crazyflie_mapping_demo/ros2_ws/install/binary_consensus/lib/python3.12/site-packages:/home/mikks/crazyflie_mapping_demo/ros2_ws/install/Second_Order_Min_Consensus_for_Heterogeneous_Agents/lib/python3.12/site-packages:/home/mikks/crazyflie_mapping_demo/ros2_ws/install/BinaryContainmentChain/lib/python3.12/site-packages:/opt/ros/jazzy/lib/python3.12/site-packages /usr/bin/cmake --install /home/mikks/ros2_px4_ws/build/example_local_navigation_cpp
[3.892s] DEBUG:colcon.colcon_core.event_handler.log_command:Invoked command in '/home/mikks/ros2_px4_ws/build/example_mode_goto_cpp' returned '0': CMAKE_PREFIX_PATH=/home/mikks/ros2_px4_ws/install/px4_ros2_cpp:/home/mikks/ros2_px4_ws/install/px4_msgs:/home/mikks/ros2_px4_ws/install/px4_ros_com:/home/mikks/ros2_px4_ws/install/px4_ros2_py:/home/mikks/ros2_px4_ws/install/example_rover_velocity_mode_cpp:/home/mikks/ros2_px4_ws/install/example_mode_with_executor_cpp:/home/mikks/ros2_px4_ws/install/example_mode_vtol_cpp:/home/mikks/ros2_px4_ws/install/example_mode_rtl_replacement_cpp:/home/mikks/ros2_px4_ws/install/example_mode_mission_cpp:/home/mikks/ros2_px4_ws/install/example_mode_manual_cpp:/home/mikks/ros2_px4_ws/install/example_mode_goto_global_cpp:/home/mikks/ros2_px4_ws/install/example_mode_goto_cpp:/home/mikks/ros2_px4_ws/install/example_mode_fw_attitude_cpp:/home/mikks/ros2_px4_ws/install/example_local_navigation_cpp:/home/mikks/ros2_px4_ws/install/example_global_navigation_cpp:/home/mikks/ros2_px4_ws/install/example_executor_with_multiple_modes_cpp:/home/mikks/crazyflie_mapping_demo/ros2_ws/install/crazyflie_ros2_multiranger_bringup:/home/mikks/crazyflie_mapping_demo/ros2_ws/install/ros_gz_crazyflie_bringup:/home/mikks/crazyflie_mapping_demo/ros2_ws/install/ros_gz_crazyflie_gazebo:/home/mikks/crazyflie_mapping_demo/ros2_ws/install/crazyflie_sim:/home/mikks/crazyflie_mapping_demo/ros2_ws/install/crazyflie_examples:/home/mikks/crazyflie_mapping_demo/ros2_ws/install/crazyflie:/home/mikks/crazyflie_mapping_demo/ros2_ws/install/crazyflie_interfaces:/opt/ros/jazzy/opt/gz_sim_vendor:/opt/ros/jazzy/opt/gz_sensors_vendor:/opt/ros/jazzy/opt/gz_physics_vendor:/opt/ros/jazzy/opt/sdformat_vendor:/opt/ros/jazzy/opt/gz_gui_vendor:/opt/ros/jazzy/opt/gz_transport_vendor:/opt/ros/jazzy/opt/gz_rendering_vendor:/opt/ros/jazzy/opt/gz_plugin_vendor:/opt/ros/jazzy/opt/gz_fuel_tools_vendor:/opt/ros/jazzy/opt/gz_msgs_vendor:/opt/ros/jazzy/opt/gz_common_vendor:/opt/ros/jazzy/opt/gz_math_vendor:/opt/ros/jazzy/opt/gz_utils_vendor:/opt/ros/jazzy/opt/gz_tools_vendor:/opt/ros/jazzy/opt/gz_ogre_next_vendor:/opt/ros/jazzy/opt/gz_dartsim_vendor:/opt/ros/jazzy/opt/gz_cmake_vendor:/home/mikks/ros2_px4_ws/install/x500_hover_controller:/home/mikks/ros2_px4_ws/install/example_mode_with_rclpy_py:/home/mikks/ros2_px4_ws/install/example_mode_goto_py:/home/mikks/ros2_px4_ws/install/px4_actuator_ctrl:/home/mikks/ros2_ws/install/rover_desc_description:/home/mikks/ros2_ws/install/px4_actuator_ctrl:/home/mikks/ros2_ws/install/mine_rover_description:/home/mikks/ros2_ws/install/ZerionURDFV5cp_description:/home/mikks/crazyflie_mapping_demo/ros2_ws/install/velocity_free_consensus:/home/mikks/crazyflie_mapping_demo/ros2_ws/install/stepwise_lowpos:/home/mikks/crazyflie_mapping_demo/ros2_ws/install/step_wise_lowpos:/home/mikks/crazyflie_mapping_demo/ros2_ws/install/second_order_formation_control:/home/mikks/crazyflie_mapping_demo/ros2_ws/install/ros_gz_crazyflie_control:/home/mikks/crazyflie_mapping_demo/ros2_ws/install/mixed_fractional_consensus:/home/mikks/crazyflie_mapping_demo/ros2_ws/install/lowest_pos:/home/mikks/crazyflie_mapping_demo/ros2_ws/install/linear_consensus:/home/mikks/crazyflie_mapping_demo/ros2_ws/install/highest_pos:/home/mikks/crazyflie_mapping_demo/ros2_ws/install/fractional_consensus_alpha:/home/mikks/crazyflie_mapping_demo/ros2_ws/install/event_triggered_swarm:/home/mikks/crazyflie_mapping_demo/ros2_ws/install/drone_logger:/home/mikks/crazyflie_mapping_demo/ros2_ws/install/distributed_average_tracking:/home/mikks/crazyflie_mapping_demo/ros2_ws/install/crazyflie_swarm_logic:/home/mikks/crazyflie_mapping_demo/ros2_ws/install/crazyflie_ros2_multiranger_wall_following:/home/mikks/crazyflie_mapping_demo/ros2_ws/install/crazyflie_ros2_multiranger_simple_mapper:/home/mikks/crazyflie_mapping_demo/ros2_ws/install/crazyflie_py:/home/mikks/crazyflie_mapping_demo/ros2_ws/install/cooperative_target_centric_formation:/home/mikks/crazyflie_mapping_demo/ros2_ws/install/containment_using_agent_information:/home/mikks/crazyflie_mapping_demo/ros2_ws/install/consensus_for_double_integrator:/home/mikks/crazyflie_mapping_demo/ros2_ws/install/consensus_alignment:/home/mikks/crazyflie_mapping_demo/ros2_ws/install/binary_consensus:/home/mikks/crazyflie_mapping_demo/ros2_ws/install/Second_Order_Min_Consensus_for_Heterogeneous_Agents:/home/mikks/crazyflie_mapping_demo/ros2_ws/install/BinaryContainmentChain:/opt/ros/jazzy DEBUGINFOD_URLS=https://debuginfod.ubuntu.com LD_LIBRARY_PATH=/home/mikks/ros2_px4_ws/install/px4_ros2_cpp/lib:/home/mikks/ros2_px4_ws/install/px4_msgs/lib:/home/mikks/ros2_px4_ws/install/px4_ros_com/lib:/home/mikks/NatNet_SDK_4.3_ubuntu/lib:/home/mikks/crazyflie_mapping_demo/ros2_ws/install/crazyflie_interfaces/lib:/opt/ros/jazzy/opt/gz_sim_vendor/lib:/opt/ros/jazzy/opt/gz_sensors_vendor/lib:/opt/ros/jazzy/opt/gz_physics_vendor/lib:/opt/ros/jazzy/opt/sdformat_vendor/lib:/opt/ros/jazzy/opt/rviz_ogre_vendor/lib:/opt/ros/jazzy/lib/x86_64-linux-gnu:/opt/ros/jazzy/opt/gz_gui_vendor/lib:/opt/ros/jazzy/opt/gz_transport_vendor/lib:/opt/ros/jazzy/opt/gz_rendering_vendor/lib:/opt/ros/jazzy/opt/gz_plugin_vendor/lib:/opt/ros/jazzy/opt/gz_fuel_tools_vendor/lib:/opt/ros/jazzy/opt/gz_msgs_vendor/lib:/opt/ros/jazzy/opt/gz_common_vendor/lib:/opt/ros/jazzy/opt/gz_math_vendor/lib:/opt/ros/jazzy/opt/gz_utils_vendor/lib:/opt/ros/jazzy/opt/gz_tools_vendor/lib:/opt/ros/jazzy/opt/gz_ogre_next_vendor/lib:/opt/ros/jazzy/opt/gz_dartsim_vendor/lib:/opt/ros/jazzy/opt/gz_cmake_vendor/lib:/opt/ros/jazzy/lib PYTHONPATH=/home/mikks/ros2_px4_ws/install/px4_msgs/lib/python3.12/site-packages:/home/mikks/ros2_px4_ws/build/x500_hover_controller:/home/mikks/ros2_px4_ws/install/x500_hover_controller/lib/python3.12/site-packages:/home/mikks/ros2_px4_ws/install/px4_ros_com/lib/python3.12/site-packages:/home/mikks/ros2_px4_ws/build/example_mode_with_rclpy_py:/home/mikks/ros2_px4_ws/install/example_mode_with_rclpy_py/lib/python3.12/site-packages:/home/mikks/ros2_px4_ws/build/example_mode_goto_py:/home/mikks/ros2_px4_ws/install/example_mode_goto_py/lib/python3.12/site-packages:/home/mikks/ros2_px4_ws/install/px4_ros2_py/lib/python3.12/site-packages:/home/mikks/ros2_px4_ws/build/px4_actuator_ctrl:/home/mikks/ros2_px4_ws/install/px4_actuator_ctrl/lib/python3.12/site-packages:/home/mikks/ros2_ws/build/rover_desc_description:/home/mikks/ros2_ws/install/rover_desc_description/lib/python3.12/site-packages:/home/mikks/ros2_ws/install/px4_actuator_ctrl/lib/python3.12/site-packages:/home/mikks/ros2_ws/build/mine_rover_description:/home/mikks/ros2_ws/install/mine_rover_description/lib/python3.12/site-packages:/home/mikks/ros2_ws/build/ZerionURDFV5cp_description:/home/mikks/ros2_ws/install/ZerionURDFV5cp_description/lib/python3.12/site-packages:/home/mikks/crazyflie_mapping_demo/ros2_ws/install/velocity_free_consensus/lib/python3.12/site-packages:/home/mikks/crazyflie_mapping_demo/ros2_ws/install/stepwise_lowpos/lib/python3.12/site-packages:/home/mikks/crazyflie_mapping_demo/ros2_ws/install/step_wise_lowpos/lib/python3.12/site-packages:/home/mikks/crazyflie_mapping_demo/ros2_ws/install/second_order_formation_control/lib/python3.12/site-packages:/home/mikks/crazyflie_mapping_demo/ros2_ws/install/ros_gz_crazyflie_control/lib/python3.12/site-packages:/home/mikks/crazyflie_mapping_demo/ros2_ws/install/mixed_fractional_consensus/lib/python3.12/site-packages:/home/mikks/crazyflie_mapping_demo/ros2_ws/install/lowest_pos/lib/python3.12/site-packages:/home/mikks/crazyflie_mapping_demo/ros2_ws/install/linear_consensus/lib/python3.12/site-packages:/home/mikks/crazyflie_mapping_demo/ros2_ws/install/highest_pos/lib/python3.12/site-packages:/home/mikks/crazyflie_mapping_demo/ros2_ws/install/fractional_consensus_alpha/lib/python3.12/site-packages:/home/mikks/crazyflie_mapping_demo/ros2_ws/install/event_triggered_swarm/lib/python3.12/site-packages:/home/mikks/crazyflie_mapping_demo/ros2_ws/install/drone_logger/lib/python3.12/site-packages:/home/mikks/crazyflie_mapping_demo/ros2_ws/install/distributed_average_tracking/lib/python3.12/site-packages:/home/mikks/crazyflie_mapping_demo/ros2_ws/install/crazyflie_swarm_logic/lib/python3.12/site-packages:/home/mikks/crazyflie_mapping_demo/ros2_ws/install/crazyflie_sim/lib/python3.12/site-packages:/home/mikks/crazyflie_mapping_demo/ros2_ws/install/crazyflie_ros2_multiranger_wall_following/lib/python3.12/site-packages:/home/mikks/crazyflie_mapping_demo/ros2_ws/install/crazyflie_ros2_multiranger_simple_mapper/lib/python3.12/site-packages:/home/mikks/crazyflie_mapping_demo/ros2_ws/install/crazyflie_examples/lib/python3.12/site-packages:/home/mikks/crazyflie_mapping_demo/ros2_ws/install/crazyflie_py/lib/python3.12/site-packages:/home/mikks/crazyflie_mapping_demo/ros2_ws/install/crazyflie_interfaces/lib/python3.12/site-packages:/home/mikks/crazyflie_mapping_demo/ros2_ws/install/cooperative_target_centric_formation/lib/python3.12/site-packages:/home/mikks/crazyflie_mapping_demo/ros2_ws/install/containment_using_agent_information/lib/python3.12/site-packages:/home/mikks/crazyflie_mapping_demo/ros2_ws/install/consensus_for_double_integrator/lib/python3.12/site-packages:/home/mikks/crazyflie_mapping_demo/ros2_ws/install/consensus_alignment/lib/python3.12/site-packages:/home/mikks/crazyflie_mapping_demo/ros2_ws/install/binary_consensus/lib/python3.12/site-packages:/home/mikks/crazyflie_mapping_demo/ros2_ws/install/Second_Order_Min_Consensus_for_Heterogeneous_Agents/lib/python3.12/site-packages:/home/mikks/crazyflie_mapping_demo/ros2_ws/install/BinaryContainmentChain/lib/python3.12/site-packages:/opt/ros/jazzy/lib/python3.12/site-packages /usr/bin/cmake --build /home/mikks/ros2_px4_ws/build/example_mode_goto_cpp -- -j12 -l12
[3.899s] DEBUG:colcon.colcon_core.event_handler.log_command:Invoking command in '/home/mikks/ros2_px4_ws/build/example_mode_goto_cpp': CMAKE_PREFIX_PATH=/home/mikks/ros2_px4_ws/install/px4_ros2_cpp:/home/mikks/ros2_px4_ws/install/px4_msgs:/home/mikks/ros2_px4_ws/install/px4_ros_com:/home/mikks/ros2_px4_ws/install/px4_ros2_py:/home/mikks/ros2_px4_ws/install/example_rover_velocity_mode_cpp:/home/mikks/ros2_px4_ws/install/example_mode_with_executor_cpp:/home/mikks/ros2_px4_ws/install/example_mode_vtol_cpp:/home/mikks/ros2_px4_ws/install/example_mode_rtl_replacement_cpp:/home/mikks/ros2_px4_ws/install/example_mode_mission_cpp:/home/mikks/ros2_px4_ws/install/example_mode_manual_cpp:/home/mikks/ros2_px4_ws/install/example_mode_goto_global_cpp:/home/mikks/ros2_px4_ws/install/example_mode_goto_cpp:/home/mikks/ros2_px4_ws/install/example_mode_fw_attitude_cpp:/home/mikks/ros2_px4_ws/install/example_local_navigation_cpp:/home/mikks/ros2_px4_ws/install/example_global_navigation_cpp:/home/mikks/ros2_px4_ws/install/example_executor_with_multiple_modes_cpp:/home/mikks/crazyflie_mapping_demo/ros2_ws/install/crazyflie_ros2_multiranger_bringup:/home/mikks/crazyflie_mapping_demo/ros2_ws/install/ros_gz_crazyflie_bringup:/home/mikks/crazyflie_mapping_demo/ros2_ws/install/ros_gz_crazyflie_gazebo:/home/mikks/crazyflie_mapping_demo/ros2_ws/install/crazyflie_sim:/home/mikks/crazyflie_mapping_demo/ros2_ws/install/crazyflie_examples:/home/mikks/crazyflie_mapping_demo/ros2_ws/install/crazyflie:/home/mikks/crazyflie_mapping_demo/ros2_ws/install/crazyflie_interfaces:/opt/ros/jazzy/opt/gz_sim_vendor:/opt/ros/jazzy/opt/gz_sensors_vendor:/opt/ros/jazzy/opt/gz_physics_vendor:/opt/ros/jazzy/opt/sdformat_vendor:/opt/ros/jazzy/opt/gz_gui_vendor:/opt/ros/jazzy/opt/gz_transport_vendor:/opt/ros/jazzy/opt/gz_rendering_vendor:/opt/ros/jazzy/opt/gz_plugin_vendor:/opt/ros/jazzy/opt/gz_fuel_tools_vendor:/opt/ros/jazzy/opt/gz_msgs_vendor:/opt/ros/jazzy/opt/gz_common_vendor:/opt/ros/jazzy/opt/gz_math_vendor:/opt/ros/jazzy/opt/gz_utils_vendor:/opt/ros/jazzy/opt/gz_tools_vendor:/opt/ros/jazzy/opt/gz_ogre_next_vendor:/opt/ros/jazzy/opt/gz_dartsim_vendor:/opt/ros/jazzy/opt/gz_cmake_vendor:/home/mikks/ros2_px4_ws/install/x500_hover_controller:/home/mikks/ros2_px4_ws/install/example_mode_with_rclpy_py:/home/mikks/ros2_px4_ws/install/example_mode_goto_py:/home/mikks/ros2_px4_ws/install/px4_actuator_ctrl:/home/mikks/ros2_ws/install/rover_desc_description:/home/mikks/ros2_ws/install/px4_actuator_ctrl:/home/mikks/ros2_ws/install/mine_rover_description:/home/mikks/ros2_ws/install/ZerionURDFV5cp_description:/home/mikks/crazyflie_mapping_demo/ros2_ws/install/velocity_free_consensus:/home/mikks/crazyflie_mapping_demo/ros2_ws/install/stepwise_lowpos:/home/mikks/crazyflie_mapping_demo/ros2_ws/install/step_wise_lowpos:/home/mikks/crazyflie_mapping_demo/ros2_ws/install/second_order_formation_control:/home/mikks/crazyflie_mapping_demo/ros2_ws/install/ros_gz_crazyflie_control:/home/mikks/crazyflie_mapping_demo/ros2_ws/install/mixed_fractional_consensus:/home/mikks/crazyflie_mapping_demo/ros2_ws/install/lowest_pos:/home/mikks/crazyflie_mapping_demo/ros2_ws/install/linear_consensus:/home/mikks/crazyflie_mapping_demo/ros2_ws/install/highest_pos:/home/mikks/crazyflie_mapping_demo/ros2_ws/install/fractional_consensus_alpha:/home/mikks/crazyflie_mapping_demo/ros2_ws/install/event_triggered_swarm:/home/mikks/crazyflie_mapping_demo/ros2_ws/install/drone_logger:/home/mikks/crazyflie_mapping_demo/ros2_ws/install/distributed_average_tracking:/home/mikks/crazyflie_mapping_demo/ros2_ws/install/crazyflie_swarm_logic:/home/mikks/crazyflie_mapping_demo/ros2_ws/install/crazyflie_ros2_multiranger_wall_following:/home/mikks/crazyflie_mapping_demo/ros2_ws/install/crazyflie_ros2_multiranger_simple_mapper:/home/mikks/crazyflie_mapping_demo/ros2_ws/install/crazyflie_py:/home/mikks/crazyflie_mapping_demo/ros2_ws/install/cooperative_target_centric_formation:/home/mikks/crazyflie_mapping_demo/ros2_ws/install/containment_using_agent_information:/home/mikks/crazyflie_mapping_demo/ros2_ws/install/consensus_for_double_integrator:/home/mikks/crazyflie_mapping_demo/ros2_ws/install/consensus_alignment:/home/mikks/crazyflie_mapping_demo/ros2_ws/install/binary_consensus:/home/mikks/crazyflie_mapping_demo/ros2_ws/install/Second_Order_Min_Consensus_for_Heterogeneous_Agents:/home/mikks/crazyflie_mapping_demo/ros2_ws/install/BinaryContainmentChain:/opt/ros/jazzy DEBUGINFOD_URLS=https://debuginfod.ubuntu.com LD_LIBRARY_PATH=/home/mikks/ros2_px4_ws/install/px4_ros2_cpp/lib:/home/mikks/ros2_px4_ws/install/px4_msgs/lib:/home/mikks/ros2_px4_ws/install/px4_ros_com/lib:/home/mikks/NatNet_SDK_4.3_ubuntu/lib:/home/mikks/crazyflie_mapping_demo/ros2_ws/install/crazyflie_interfaces/lib:/opt/ros/jazzy/opt/gz_sim_vendor/lib:/opt/ros/jazzy/opt/gz_sensors_vendor/lib:/opt/ros/jazzy/opt/gz_physics_vendor/lib:/opt/ros/jazzy/opt/sdformat_vendor/lib:/opt/ros/jazzy/opt/rviz_ogre_vendor/lib:/opt/ros/jazzy/lib/x86_64-linux-gnu:/opt/ros/jazzy/opt/gz_gui_vendor/lib:/opt/ros/jazzy/opt/gz_transport_vendor/lib:/opt/ros/jazzy/opt/gz_rendering_vendor/lib:/opt/ros/jazzy/opt/gz_plugin_vendor/lib:/opt/ros/jazzy/opt/gz_fuel_tools_vendor/lib:/opt/ros/jazzy/opt/gz_msgs_vendor/lib:/opt/ros/jazzy/opt/gz_common_vendor/lib:/opt/ros/jazzy/opt/gz_math_vendor/lib:/opt/ros/jazzy/opt/gz_utils_vendor/lib:/opt/ros/jazzy/opt/gz_tools_vendor/lib:/opt/ros/jazzy/opt/gz_ogre_next_vendor/lib:/opt/ros/jazzy/opt/gz_dartsim_vendor/lib:/opt/ros/jazzy/opt/gz_cmake_vendor/lib:/opt/ros/jazzy/lib PYTHONPATH=/home/mikks/ros2_px4_ws/install/px4_msgs/lib/python3.12/site-packages:/home/mikks/ros2_px4_ws/build/x500_hover_controller:/home/mikks/ros2_px4_ws/install/x500_hover_controller/lib/python3.12/site-packages:/home/mikks/ros2_px4_ws/install/px4_ros_com/lib/python3.12/site-packages:/home/mikks/ros2_px4_ws/build/example_mode_with_rclpy_py:/home/mikks/ros2_px4_ws/install/example_mode_with_rclpy_py/lib/python3.12/site-packages:/home/mikks/ros2_px4_ws/build/example_mode_goto_py:/home/mikks/ros2_px4_ws/install/example_mode_goto_py/lib/python3.12/site-packages:/home/mikks/ros2_px4_ws/install/px4_ros2_py/lib/python3.12/site-packages:/home/mikks/ros2_px4_ws/build/px4_actuator_ctrl:/home/mikks/ros2_px4_ws/install/px4_actuator_ctrl/lib/python3.12/site-packages:/home/mikks/ros2_ws/build/rover_desc_description:/home/mikks/ros2_ws/install/rover_desc_description/lib/python3.12/site-packages:/home/mikks/ros2_ws/install/px4_actuator_ctrl/lib/python3.12/site-packages:/home/mikks/ros2_ws/build/mine_rover_description:/home/mikks/ros2_ws/install/mine_rover_description/lib/python3.12/site-packages:/home/mikks/ros2_ws/build/ZerionURDFV5cp_description:/home/mikks/ros2_ws/install/ZerionURDFV5cp_description/lib/python3.12/site-packages:/home/mikks/crazyflie_mapping_demo/ros2_ws/install/velocity_free_consensus/lib/python3.12/site-packages:/home/mikks/crazyflie_mapping_demo/ros2_ws/install/stepwise_lowpos/lib/python3.12/site-packages:/home/mikks/crazyflie_mapping_demo/ros2_ws/install/step_wise_lowpos/lib/python3.12/site-packages:/home/mikks/crazyflie_mapping_demo/ros2_ws/install/second_order_formation_control/lib/python3.12/site-packages:/home/mikks/crazyflie_mapping_demo/ros2_ws/install/ros_gz_crazyflie_control/lib/python3.12/site-packages:/home/mikks/crazyflie_mapping_demo/ros2_ws/install/mixed_fractional_consensus/lib/python3.12/site-packages:/home/mikks/crazyflie_mapping_demo/ros2_ws/install/lowest_pos/lib/python3.12/site-packages:/home/mikks/crazyflie_mapping_demo/ros2_ws/install/linear_consensus/lib/python3.12/site-packages:/home/mikks/crazyflie_mapping_demo/ros2_ws/install/highest_pos/lib/python3.12/site-packages:/home/mikks/crazyflie_mapping_demo/ros2_ws/install/fractional_consensus_alpha/lib/python3.12/site-packages:/home/mikks/crazyflie_mapping_demo/ros2_ws/install/event_triggered_swarm/lib/python3.12/site-packages:/home/mikks/crazyflie_mapping_demo/ros2_ws/install/drone_logger/lib/python3.12/site-packages:/home/mikks/crazyflie_mapping_demo/ros2_ws/install/distributed_average_tracking/lib/python3.12/site-packages:/home/mikks/crazyflie_mapping_demo/ros2_ws/install/crazyflie_swarm_logic/lib/python3.12/site-packages:/home/mikks/crazyflie_mapping_demo/ros2_ws/install/crazyflie_sim/lib/python3.12/site-packages:/home/mikks/crazyflie_mapping_demo/ros2_ws/install/crazyflie_ros2_multiranger_wall_following/lib/python3.12/site-packages:/home/mikks/crazyflie_mapping_demo/ros2_ws/install/crazyflie_ros2_multiranger_simple_mapper/lib/python3.12/site-packages:/home/mikks/crazyflie_mapping_demo/ros2_ws/install/crazyflie_examples/lib/python3.12/site-packages:/home/mikks/crazyflie_mapping_demo/ros2_ws/install/crazyflie_py/lib/python3.12/site-packages:/home/mikks/crazyflie_mapping_demo/ros2_ws/install/crazyflie_interfaces/lib/python3.12/site-packages:/home/mikks/crazyflie_mapping_demo/ros2_ws/install/cooperative_target_centric_formation/lib/python3.12/site-packages:/home/mikks/crazyflie_mapping_demo/ros2_ws/install/containment_using_agent_information/lib/python3.12/site-packages:/home/mikks/crazyflie_mapping_demo/ros2_ws/install/consensus_for_double_integrator/lib/python3.12/site-packages:/home/mikks/crazyflie_mapping_demo/ros2_ws/install/consensus_alignment/lib/python3.12/site-packages:/home/mikks/crazyflie_mapping_demo/ros2_ws/install/binary_consensus/lib/python3.12/site-packages:/home/mikks/crazyflie_mapping_demo/ros2_ws/install/Second_Order_Min_Consensus_for_Heterogeneous_Agents/lib/python3.12/site-packages:/home/mikks/crazyflie_mapping_demo/ros2_ws/install/BinaryContainmentChain/lib/python3.12/site-packages:/opt/ros/jazzy/lib/python3.12/site-packages /usr/bin/cmake --install /home/mikks/ros2_px4_ws/build/example_mode_goto_cpp
[3.903s] DEBUG:colcon.colcon_core.event_handler.log_command:Invoked command in '/home/mikks/ros2_px4_ws/build/example_mode_fw_attitude_cpp' returned '0': CMAKE_PREFIX_PATH=/home/mikks/ros2_px4_ws/install/px4_ros2_cpp:/home/mikks/ros2_px4_ws/install/px4_msgs:/home/mikks/ros2_px4_ws/install/px4_ros_com:/home/mikks/ros2_px4_ws/install/px4_ros2_py:/home/mikks/ros2_px4_ws/install/example_rover_velocity_mode_cpp:/home/mikks/ros2_px4_ws/install/example_mode_with_executor_cpp:/home/mikks/ros2_px4_ws/install/example_mode_vtol_cpp:/home/mikks/ros2_px4_ws/install/example_mode_rtl_replacement_cpp:/home/mikks/ros2_px4_ws/install/example_mode_mission_cpp:/home/mikks/ros2_px4_ws/install/example_mode_manual_cpp:/home/mikks/ros2_px4_ws/install/example_mode_goto_global_cpp:/home/mikks/ros2_px4_ws/install/example_mode_goto_cpp:/home/mikks/ros2_px4_ws/install/example_mode_fw_attitude_cpp:/home/mikks/ros2_px4_ws/install/example_local_navigation_cpp:/home/mikks/ros2_px4_ws/install/example_global_navigation_cpp:/home/mikks/ros2_px4_ws/install/example_executor_with_multiple_modes_cpp:/home/mikks/crazyflie_mapping_demo/ros2_ws/install/crazyflie_ros2_multiranger_bringup:/home/mikks/crazyflie_mapping_demo/ros2_ws/install/ros_gz_crazyflie_bringup:/home/mikks/crazyflie_mapping_demo/ros2_ws/install/ros_gz_crazyflie_gazebo:/home/mikks/crazyflie_mapping_demo/ros2_ws/install/crazyflie_sim:/home/mikks/crazyflie_mapping_demo/ros2_ws/install/crazyflie_examples:/home/mikks/crazyflie_mapping_demo/ros2_ws/install/crazyflie:/home/mikks/crazyflie_mapping_demo/ros2_ws/install/crazyflie_interfaces:/opt/ros/jazzy/opt/gz_sim_vendor:/opt/ros/jazzy/opt/gz_sensors_vendor:/opt/ros/jazzy/opt/gz_physics_vendor:/opt/ros/jazzy/opt/sdformat_vendor:/opt/ros/jazzy/opt/gz_gui_vendor:/opt/ros/jazzy/opt/gz_transport_vendor:/opt/ros/jazzy/opt/gz_rendering_vendor:/opt/ros/jazzy/opt/gz_plugin_vendor:/opt/ros/jazzy/opt/gz_fuel_tools_vendor:/opt/ros/jazzy/opt/gz_msgs_vendor:/opt/ros/jazzy/opt/gz_common_vendor:/opt/ros/jazzy/opt/gz_math_vendor:/opt/ros/jazzy/opt/gz_utils_vendor:/opt/ros/jazzy/opt/gz_tools_vendor:/opt/ros/jazzy/opt/gz_ogre_next_vendor:/opt/ros/jazzy/opt/gz_dartsim_vendor:/opt/ros/jazzy/opt/gz_cmake_vendor:/home/mikks/ros2_px4_ws/install/x500_hover_controller:/home/mikks/ros2_px4_ws/install/example_mode_with_rclpy_py:/home/mikks/ros2_px4_ws/install/example_mode_goto_py:/home/mikks/ros2_px4_ws/install/px4_actuator_ctrl:/home/mikks/ros2_ws/install/rover_desc_description:/home/mikks/ros2_ws/install/px4_actuator_ctrl:/home/mikks/ros2_ws/install/mine_rover_description:/home/mikks/ros2_ws/install/ZerionURDFV5cp_description:/home/mikks/crazyflie_mapping_demo/ros2_ws/install/velocity_free_consensus:/home/mikks/crazyflie_mapping_demo/ros2_ws/install/stepwise_lowpos:/home/mikks/crazyflie_mapping_demo/ros2_ws/install/step_wise_lowpos:/home/mikks/crazyflie_mapping_demo/ros2_ws/install/second_order_formation_control:/home/mikks/crazyflie_mapping_demo/ros2_ws/install/ros_gz_crazyflie_control:/home/mikks/crazyflie_mapping_demo/ros2_ws/install/mixed_fractional_consensus:/home/mikks/crazyflie_mapping_demo/ros2_ws/install/lowest_pos:/home/mikks/crazyflie_mapping_demo/ros2_ws/install/linear_consensus:/home/mikks/crazyflie_mapping_demo/ros2_ws/install/highest_pos:/home/mikks/crazyflie_mapping_demo/ros2_ws/install/fractional_consensus_alpha:/home/mikks/crazyflie_mapping_demo/ros2_ws/install/event_triggered_swarm:/home/mikks/crazyflie_mapping_demo/ros2_ws/install/drone_logger:/home/mikks/crazyflie_mapping_demo/ros2_ws/install/distributed_average_tracking:/home/mikks/crazyflie_mapping_demo/ros2_ws/install/crazyflie_swarm_logic:/home/mikks/crazyflie_mapping_demo/ros2_ws/install/crazyflie_ros2_multiranger_wall_following:/home/mikks/crazyflie_mapping_demo/ros2_ws/install/crazyflie_ros2_multiranger_simple_mapper:/home/mikks/crazyflie_mapping_demo/ros2_ws/install/crazyflie_py:/home/mikks/crazyflie_mapping_demo/ros2_ws/install/cooperative_target_centric_formation:/home/mikks/crazyflie_mapping_demo/ros2_ws/install/containment_using_agent_information:/home/mikks/crazyflie_mapping_demo/ros2_ws/install/consensus_for_double_integrator:/home/mikks/crazyflie_mapping_demo/ros2_ws/install/consensus_alignment:/home/mikks/crazyflie_mapping_demo/ros2_ws/install/binary_consensus:/home/mikks/crazyflie_mapping_demo/ros2_ws/install/Second_Order_Min_Consensus_for_Heterogeneous_Agents:/home/mikks/crazyflie_mapping_demo/ros2_ws/install/BinaryContainmentChain:/opt/ros/jazzy DEBUGINFOD_URLS=https://debuginfod.ubuntu.com LD_LIBRARY_PATH=/home/mikks/ros2_px4_ws/install/px4_ros2_cpp/lib:/home/mikks/ros2_px4_ws/install/px4_msgs/lib:/home/mikks/ros2_px4_ws/install/px4_ros_com/lib:/home/mikks/NatNet_SDK_4.3_ubuntu/lib:/home/mikks/crazyflie_mapping_demo/ros2_ws/install/crazyflie_interfaces/lib:/opt/ros/jazzy/opt/gz_sim_vendor/lib:/opt/ros/jazzy/opt/gz_sensors_vendor/lib:/opt/ros/jazzy/opt/gz_physics_vendor/lib:/opt/ros/jazzy/opt/sdformat_vendor/lib:/opt/ros/jazzy/opt/rviz_ogre_vendor/lib:/opt/ros/jazzy/lib/x86_64-linux-gnu:/opt/ros/jazzy/opt/gz_gui_vendor/lib:/opt/ros/jazzy/opt/gz_transport_vendor/lib:/opt/ros/jazzy/opt/gz_rendering_vendor/lib:/opt/ros/jazzy/opt/gz_plugin_vendor/lib:/opt/ros/jazzy/opt/gz_fuel_tools_vendor/lib:/opt/ros/jazzy/opt/gz_msgs_vendor/lib:/opt/ros/jazzy/opt/gz_common_vendor/lib:/opt/ros/jazzy/opt/gz_math_vendor/lib:/opt/ros/jazzy/opt/gz_utils_vendor/lib:/opt/ros/jazzy/opt/gz_tools_vendor/lib:/opt/ros/jazzy/opt/gz_ogre_next_vendor/lib:/opt/ros/jazzy/opt/gz_dartsim_vendor/lib:/opt/ros/jazzy/opt/gz_cmake_vendor/lib:/opt/ros/jazzy/lib PYTHONPATH=/home/mikks/ros2_px4_ws/install/px4_msgs/lib/python3.12/site-packages:/home/mikks/ros2_px4_ws/build/x500_hover_controller:/home/mikks/ros2_px4_ws/install/x500_hover_controller/lib/python3.12/site-packages:/home/mikks/ros2_px4_ws/install/px4_ros_com/lib/python3.12/site-packages:/home/mikks/ros2_px4_ws/build/example_mode_with_rclpy_py:/home/mikks/ros2_px4_ws/install/example_mode_with_rclpy_py/lib/python3.12/site-packages:/home/mikks/ros2_px4_ws/build/example_mode_goto_py:/home/mikks/ros2_px4_ws/install/example_mode_goto_py/lib/python3.12/site-packages:/home/mikks/ros2_px4_ws/install/px4_ros2_py/lib/python3.12/site-packages:/home/mikks/ros2_px4_ws/build/px4_actuator_ctrl:/home/mikks/ros2_px4_ws/install/px4_actuator_ctrl/lib/python3.12/site-packages:/home/mikks/ros2_ws/build/rover_desc_description:/home/mikks/ros2_ws/install/rover_desc_description/lib/python3.12/site-packages:/home/mikks/ros2_ws/install/px4_actuator_ctrl/lib/python3.12/site-packages:/home/mikks/ros2_ws/build/mine_rover_description:/home/mikks/ros2_ws/install/mine_rover_description/lib/python3.12/site-packages:/home/mikks/ros2_ws/build/ZerionURDFV5cp_description:/home/mikks/ros2_ws/install/ZerionURDFV5cp_description/lib/python3.12/site-packages:/home/mikks/crazyflie_mapping_demo/ros2_ws/install/velocity_free_consensus/lib/python3.12/site-packages:/home/mikks/crazyflie_mapping_demo/ros2_ws/install/stepwise_lowpos/lib/python3.12/site-packages:/home/mikks/crazyflie_mapping_demo/ros2_ws/install/step_wise_lowpos/lib/python3.12/site-packages:/home/mikks/crazyflie_mapping_demo/ros2_ws/install/second_order_formation_control/lib/python3.12/site-packages:/home/mikks/crazyflie_mapping_demo/ros2_ws/install/ros_gz_crazyflie_control/lib/python3.12/site-packages:/home/mikks/crazyflie_mapping_demo/ros2_ws/install/mixed_fractional_consensus/lib/python3.12/site-packages:/home/mikks/crazyflie_mapping_demo/ros2_ws/install/lowest_pos/lib/python3.12/site-packages:/home/mikks/crazyflie_mapping_demo/ros2_ws/install/linear_consensus/lib/python3.12/site-packages:/home/mikks/crazyflie_mapping_demo/ros2_ws/install/highest_pos/lib/python3.12/site-packages:/home/mikks/crazyflie_mapping_demo/ros2_ws/install/fractional_consensus_alpha/lib/python3.12/site-packages:/home/mikks/crazyflie_mapping_demo/ros2_ws/install/event_triggered_swarm/lib/python3.12/site-packages:/home/mikks/crazyflie_mapping_demo/ros2_ws/install/drone_logger/lib/python3.12/site-packages:/home/mikks/crazyflie_mapping_demo/ros2_ws/install/distributed_average_tracking/lib/python3.12/site-packages:/home/mikks/crazyflie_mapping_demo/ros2_ws/install/crazyflie_swarm_logic/lib/python3.12/site-packages:/home/mikks/crazyflie_mapping_demo/ros2_ws/install/crazyflie_sim/lib/python3.12/site-packages:/home/mikks/crazyflie_mapping_demo/ros2_ws/install/crazyflie_ros2_multiranger_wall_following/lib/python3.12/site-packages:/home/mikks/crazyflie_mapping_demo/ros2_ws/install/crazyflie_ros2_multiranger_simple_mapper/lib/python3.12/site-packages:/home/mikks/crazyflie_mapping_demo/ros2_ws/install/crazyflie_examples/lib/python3.12/site-packages:/home/mikks/crazyflie_mapping_demo/ros2_ws/install/crazyflie_py/lib/python3.12/site-packages:/home/mikks/crazyflie_mapping_demo/ros2_ws/install/crazyflie_interfaces/lib/python3.12/site-packages:/home/mikks/crazyflie_mapping_demo/ros2_ws/install/cooperative_target_centric_formation/lib/python3.12/site-packages:/home/mikks/crazyflie_mapping_demo/ros2_ws/install/containment_using_agent_information/lib/python3.12/site-packages:/home/mikks/crazyflie_mapping_demo/ros2_ws/install/consensus_for_double_integrator/lib/python3.12/site-packages:/home/mikks/crazyflie_mapping_demo/ros2_ws/install/consensus_alignment/lib/python3.12/site-packages:/home/mikks/crazyflie_mapping_demo/ros2_ws/install/binary_consensus/lib/python3.12/site-packages:/home/mikks/crazyflie_mapping_demo/ros2_ws/install/Second_Order_Min_Consensus_for_Heterogeneous_Agents/lib/python3.12/site-packages:/home/mikks/crazyflie_mapping_demo/ros2_ws/install/BinaryContainmentChain/lib/python3.12/site-packages:/opt/ros/jazzy/lib/python3.12/site-packages /usr/bin/cmake --build /home/mikks/ros2_px4_ws/build/example_mode_fw_attitude_cpp -- -j12 -l12
[3.904s] Level 1:colcon.colcon_core.environment:create_environment_scripts_only(example_local_navigation_cpp)
[3.904s] Level 1:colcon.colcon_core.environment:checking '/home/mikks/ros2_px4_ws/install/example_local_navigation_cpp' for CMake module files
[3.905s] Level 1:colcon.colcon_core.environment:checking '/home/mikks/ros2_px4_ws/install/example_local_navigation_cpp' for CMake config files
[3.905s] Level 1:colcon.colcon_core.shell:create_environment_hook('example_local_navigation_cpp', 'cmake_prefix_path')
[3.906s] INFO:colcon.colcon_core.shell:Creating environment hook '/home/mikks/ros2_px4_ws/install/example_local_navigation_cpp/share/example_local_navigation_cpp/hook/cmake_prefix_path.ps1'
[3.906s] INFO:colcon.colcon_core.shell:Creating environment descriptor '/home/mikks/ros2_px4_ws/install/example_local_navigation_cpp/share/example_local_navigation_cpp/hook/cmake_prefix_path.dsv'
[3.907s] INFO:colcon.colcon_core.shell:Creating environment hook '/home/mikks/ros2_px4_ws/install/example_local_navigation_cpp/share/example_local_navigation_cpp/hook/cmake_prefix_path.sh'
[3.907s] Level 1:colcon.colcon_core.environment:checking '/home/mikks/ros2_px4_ws/install/example_local_navigation_cpp/lib'
[3.907s] Level 1:colcon.colcon_core.environment:checking '/home/mikks/ros2_px4_ws/install/example_local_navigation_cpp/bin'
[3.907s] Level 1:colcon.colcon_core.environment:checking '/home/mikks/ros2_px4_ws/install/example_local_navigation_cpp/lib/pkgconfig/example_local_navigation_cpp.pc'
[3.908s] Level 1:colcon.colcon_core.environment:checking '/home/mikks/ros2_px4_ws/install/example_local_navigation_cpp/lib/python3.12/site-packages'
[3.908s] DEBUG:colcon.colcon_core.event_handler.log_command:Invoking command in '/home/mikks/ros2_px4_ws/build/example_mode_fw_attitude_cpp': CMAKE_PREFIX_PATH=/home/mikks/ros2_px4_ws/install/px4_ros2_cpp:/home/mikks/ros2_px4_ws/install/px4_msgs:/home/mikks/ros2_px4_ws/install/px4_ros_com:/home/mikks/ros2_px4_ws/install/px4_ros2_py:/home/mikks/ros2_px4_ws/install/example_rover_velocity_mode_cpp:/home/mikks/ros2_px4_ws/install/example_mode_with_executor_cpp:/home/mikks/ros2_px4_ws/install/example_mode_vtol_cpp:/home/mikks/ros2_px4_ws/install/example_mode_rtl_replacement_cpp:/home/mikks/ros2_px4_ws/install/example_mode_mission_cpp:/home/mikks/ros2_px4_ws/install/example_mode_manual_cpp:/home/mikks/ros2_px4_ws/install/example_mode_goto_global_cpp:/home/mikks/ros2_px4_ws/install/example_mode_goto_cpp:/home/mikks/ros2_px4_ws/install/example_mode_fw_attitude_cpp:/home/mikks/ros2_px4_ws/install/example_local_navigation_cpp:/home/mikks/ros2_px4_ws/install/example_global_navigation_cpp:/home/mikks/ros2_px4_ws/install/example_executor_with_multiple_modes_cpp:/home/mikks/crazyflie_mapping_demo/ros2_ws/install/crazyflie_ros2_multiranger_bringup:/home/mikks/crazyflie_mapping_demo/ros2_ws/install/ros_gz_crazyflie_bringup:/home/mikks/crazyflie_mapping_demo/ros2_ws/install/ros_gz_crazyflie_gazebo:/home/mikks/crazyflie_mapping_demo/ros2_ws/install/crazyflie_sim:/home/mikks/crazyflie_mapping_demo/ros2_ws/install/crazyflie_examples:/home/mikks/crazyflie_mapping_demo/ros2_ws/install/crazyflie:/home/mikks/crazyflie_mapping_demo/ros2_ws/install/crazyflie_interfaces:/opt/ros/jazzy/opt/gz_sim_vendor:/opt/ros/jazzy/opt/gz_sensors_vendor:/opt/ros/jazzy/opt/gz_physics_vendor:/opt/ros/jazzy/opt/sdformat_vendor:/opt/ros/jazzy/opt/gz_gui_vendor:/opt/ros/jazzy/opt/gz_transport_vendor:/opt/ros/jazzy/opt/gz_rendering_vendor:/opt/ros/jazzy/opt/gz_plugin_vendor:/opt/ros/jazzy/opt/gz_fuel_tools_vendor:/opt/ros/jazzy/opt/gz_msgs_vendor:/opt/ros/jazzy/opt/gz_common_vendor:/opt/ros/jazzy/opt/gz_math_vendor:/opt/ros/jazzy/opt/gz_utils_vendor:/opt/ros/jazzy/opt/gz_tools_vendor:/opt/ros/jazzy/opt/gz_ogre_next_vendor:/opt/ros/jazzy/opt/gz_dartsim_vendor:/opt/ros/jazzy/opt/gz_cmake_vendor:/home/mikks/ros2_px4_ws/install/x500_hover_controller:/home/mikks/ros2_px4_ws/install/example_mode_with_rclpy_py:/home/mikks/ros2_px4_ws/install/example_mode_goto_py:/home/mikks/ros2_px4_ws/install/px4_actuator_ctrl:/home/mikks/ros2_ws/install/rover_desc_description:/home/mikks/ros2_ws/install/px4_actuator_ctrl:/home/mikks/ros2_ws/install/mine_rover_description:/home/mikks/ros2_ws/install/ZerionURDFV5cp_description:/home/mikks/crazyflie_mapping_demo/ros2_ws/install/velocity_free_consensus:/home/mikks/crazyflie_mapping_demo/ros2_ws/install/stepwise_lowpos:/home/mikks/crazyflie_mapping_demo/ros2_ws/install/step_wise_lowpos:/home/mikks/crazyflie_mapping_demo/ros2_ws/install/second_order_formation_control:/home/mikks/crazyflie_mapping_demo/ros2_ws/install/ros_gz_crazyflie_control:/home/mikks/crazyflie_mapping_demo/ros2_ws/install/mixed_fractional_consensus:/home/mikks/crazyflie_mapping_demo/ros2_ws/install/lowest_pos:/home/mikks/crazyflie_mapping_demo/ros2_ws/install/linear_consensus:/home/mikks/crazyflie_mapping_demo/ros2_ws/install/highest_pos:/home/mikks/crazyflie_mapping_demo/ros2_ws/install/fractional_consensus_alpha:/home/mikks/crazyflie_mapping_demo/ros2_ws/install/event_triggered_swarm:/home/mikks/crazyflie_mapping_demo/ros2_ws/install/drone_logger:/home/mikks/crazyflie_mapping_demo/ros2_ws/install/distributed_average_tracking:/home/mikks/crazyflie_mapping_demo/ros2_ws/install/crazyflie_swarm_logic:/home/mikks/crazyflie_mapping_demo/ros2_ws/install/crazyflie_ros2_multiranger_wall_following:/home/mikks/crazyflie_mapping_demo/ros2_ws/install/crazyflie_ros2_multiranger_simple_mapper:/home/mikks/crazyflie_mapping_demo/ros2_ws/install/crazyflie_py:/home/mikks/crazyflie_mapping_demo/ros2_ws/install/cooperative_target_centric_formation:/home/mikks/crazyflie_mapping_demo/ros2_ws/install/containment_using_agent_information:/home/mikks/crazyflie_mapping_demo/ros2_ws/install/consensus_for_double_integrator:/home/mikks/crazyflie_mapping_demo/ros2_ws/install/consensus_alignment:/home/mikks/crazyflie_mapping_demo/ros2_ws/install/binary_consensus:/home/mikks/crazyflie_mapping_demo/ros2_ws/install/Second_Order_Min_Consensus_for_Heterogeneous_Agents:/home/mikks/crazyflie_mapping_demo/ros2_ws/install/BinaryContainmentChain:/opt/ros/jazzy DEBUGINFOD_URLS=https://debuginfod.ubuntu.com LD_LIBRARY_PATH=/home/mikks/ros2_px4_ws/install/px4_ros2_cpp/lib:/home/mikks/ros2_px4_ws/install/px4_msgs/lib:/home/mikks/ros2_px4_ws/install/px4_ros_com/lib:/home/mikks/NatNet_SDK_4.3_ubuntu/lib:/home/mikks/crazyflie_mapping_demo/ros2_ws/install/crazyflie_interfaces/lib:/opt/ros/jazzy/opt/gz_sim_vendor/lib:/opt/ros/jazzy/opt/gz_sensors_vendor/lib:/opt/ros/jazzy/opt/gz_physics_vendor/lib:/opt/ros/jazzy/opt/sdformat_vendor/lib:/opt/ros/jazzy/opt/rviz_ogre_vendor/lib:/opt/ros/jazzy/lib/x86_64-linux-gnu:/opt/ros/jazzy/opt/gz_gui_vendor/lib:/opt/ros/jazzy/opt/gz_transport_vendor/lib:/opt/ros/jazzy/opt/gz_rendering_vendor/lib:/opt/ros/jazzy/opt/gz_plugin_vendor/lib:/opt/ros/jazzy/opt/gz_fuel_tools_vendor/lib:/opt/ros/jazzy/opt/gz_msgs_vendor/lib:/opt/ros/jazzy/opt/gz_common_vendor/lib:/opt/ros/jazzy/opt/gz_math_vendor/lib:/opt/ros/jazzy/opt/gz_utils_vendor/lib:/opt/ros/jazzy/opt/gz_tools_vendor/lib:/opt/ros/jazzy/opt/gz_ogre_next_vendor/lib:/opt/ros/jazzy/opt/gz_dartsim_vendor/lib:/opt/ros/jazzy/opt/gz_cmake_vendor/lib:/opt/ros/jazzy/lib PYTHONPATH=/home/mikks/ros2_px4_ws/install/px4_msgs/lib/python3.12/site-packages:/home/mikks/ros2_px4_ws/build/x500_hover_controller:/home/mikks/ros2_px4_ws/install/x500_hover_controller/lib/python3.12/site-packages:/home/mikks/ros2_px4_ws/install/px4_ros_com/lib/python3.12/site-packages:/home/mikks/ros2_px4_ws/build/example_mode_with_rclpy_py:/home/mikks/ros2_px4_ws/install/example_mode_with_rclpy_py/lib/python3.12/site-packages:/home/mikks/ros2_px4_ws/build/example_mode_goto_py:/home/mikks/ros2_px4_ws/install/example_mode_goto_py/lib/python3.12/site-packages:/home/mikks/ros2_px4_ws/install/px4_ros2_py/lib/python3.12/site-packages:/home/mikks/ros2_px4_ws/build/px4_actuator_ctrl:/home/mikks/ros2_px4_ws/install/px4_actuator_ctrl/lib/python3.12/site-packages:/home/mikks/ros2_ws/build/rover_desc_description:/home/mikks/ros2_ws/install/rover_desc_description/lib/python3.12/site-packages:/home/mikks/ros2_ws/install/px4_actuator_ctrl/lib/python3.12/site-packages:/home/mikks/ros2_ws/build/mine_rover_description:/home/mikks/ros2_ws/install/mine_rover_description/lib/python3.12/site-packages:/home/mikks/ros2_ws/build/ZerionURDFV5cp_description:/home/mikks/ros2_ws/install/ZerionURDFV5cp_description/lib/python3.12/site-packages:/home/mikks/crazyflie_mapping_demo/ros2_ws/install/velocity_free_consensus/lib/python3.12/site-packages:/home/mikks/crazyflie_mapping_demo/ros2_ws/install/stepwise_lowpos/lib/python3.12/site-packages:/home/mikks/crazyflie_mapping_demo/ros2_ws/install/step_wise_lowpos/lib/python3.12/site-packages:/home/mikks/crazyflie_mapping_demo/ros2_ws/install/second_order_formation_control/lib/python3.12/site-packages:/home/mikks/crazyflie_mapping_demo/ros2_ws/install/ros_gz_crazyflie_control/lib/python3.12/site-packages:/home/mikks/crazyflie_mapping_demo/ros2_ws/install/mixed_fractional_consensus/lib/python3.12/site-packages:/home/mikks/crazyflie_mapping_demo/ros2_ws/install/lowest_pos/lib/python3.12/site-packages:/home/mikks/crazyflie_mapping_demo/ros2_ws/install/linear_consensus/lib/python3.12/site-packages:/home/mikks/crazyflie_mapping_demo/ros2_ws/install/highest_pos/lib/python3.12/site-packages:/home/mikks/crazyflie_mapping_demo/ros2_ws/install/fractional_consensus_alpha/lib/python3.12/site-packages:/home/mikks/crazyflie_mapping_demo/ros2_ws/install/event_triggered_swarm/lib/python3.12/site-packages:/home/mikks/crazyflie_mapping_demo/ros2_ws/install/drone_logger/lib/python3.12/site-packages:/home/mikks/crazyflie_mapping_demo/ros2_ws/install/distributed_average_tracking/lib/python3.12/site-packages:/home/mikks/crazyflie_mapping_demo/ros2_ws/install/crazyflie_swarm_logic/lib/python3.12/site-packages:/home/mikks/crazyflie_mapping_demo/ros2_ws/install/crazyflie_sim/lib/python3.12/site-packages:/home/mikks/crazyflie_mapping_demo/ros2_ws/install/crazyflie_ros2_multiranger_wall_following/lib/python3.12/site-packages:/home/mikks/crazyflie_mapping_demo/ros2_ws/install/crazyflie_ros2_multiranger_simple_mapper/lib/python3.12/site-packages:/home/mikks/crazyflie_mapping_demo/ros2_ws/install/crazyflie_examples/lib/python3.12/site-packages:/home/mikks/crazyflie_mapping_demo/ros2_ws/install/crazyflie_py/lib/python3.12/site-packages:/home/mikks/crazyflie_mapping_demo/ros2_ws/install/crazyflie_interfaces/lib/python3.12/site-packages:/home/mikks/crazyflie_mapping_demo/ros2_ws/install/cooperative_target_centric_formation/lib/python3.12/site-packages:/home/mikks/crazyflie_mapping_demo/ros2_ws/install/containment_using_agent_information/lib/python3.12/site-packages:/home/mikks/crazyflie_mapping_demo/ros2_ws/install/consensus_for_double_integrator/lib/python3.12/site-packages:/home/mikks/crazyflie_mapping_demo/ros2_ws/install/consensus_alignment/lib/python3.12/site-packages:/home/mikks/crazyflie_mapping_demo/ros2_ws/install/binary_consensus/lib/python3.12/site-packages:/home/mikks/crazyflie_mapping_demo/ros2_ws/install/Second_Order_Min_Consensus_for_Heterogeneous_Agents/lib/python3.12/site-packages:/home/mikks/crazyflie_mapping_demo/ros2_ws/install/BinaryContainmentChain/lib/python3.12/site-packages:/opt/ros/jazzy/lib/python3.12/site-packages /usr/bin/cmake --install /home/mikks/ros2_px4_ws/build/example_mode_fw_attitude_cpp
[3.909s] DEBUG:colcon.colcon_core.event_handler.log_command:Invoked command in '/home/mikks/ros2_px4_ws/build/example_local_navigation_cpp' returned '0': CMAKE_PREFIX_PATH=/home/mikks/ros2_px4_ws/install/px4_ros2_cpp:/home/mikks/ros2_px4_ws/install/px4_msgs:/home/mikks/ros2_px4_ws/install/px4_ros_com:/home/mikks/ros2_px4_ws/install/px4_ros2_py:/home/mikks/ros2_px4_ws/install/example_rover_velocity_mode_cpp:/home/mikks/ros2_px4_ws/install/example_mode_with_executor_cpp:/home/mikks/ros2_px4_ws/install/example_mode_vtol_cpp:/home/mikks/ros2_px4_ws/install/example_mode_rtl_replacement_cpp:/home/mikks/ros2_px4_ws/install/example_mode_mission_cpp:/home/mikks/ros2_px4_ws/install/example_mode_manual_cpp:/home/mikks/ros2_px4_ws/install/example_mode_goto_global_cpp:/home/mikks/ros2_px4_ws/install/example_mode_goto_cpp:/home/mikks/ros2_px4_ws/install/example_mode_fw_attitude_cpp:/home/mikks/ros2_px4_ws/install/example_local_navigation_cpp:/home/mikks/ros2_px4_ws/install/example_global_navigation_cpp:/home/mikks/ros2_px4_ws/install/example_executor_with_multiple_modes_cpp:/home/mikks/crazyflie_mapping_demo/ros2_ws/install/crazyflie_ros2_multiranger_bringup:/home/mikks/crazyflie_mapping_demo/ros2_ws/install/ros_gz_crazyflie_bringup:/home/mikks/crazyflie_mapping_demo/ros2_ws/install/ros_gz_crazyflie_gazebo:/home/mikks/crazyflie_mapping_demo/ros2_ws/install/crazyflie_sim:/home/mikks/crazyflie_mapping_demo/ros2_ws/install/crazyflie_examples:/home/mikks/crazyflie_mapping_demo/ros2_ws/install/crazyflie:/home/mikks/crazyflie_mapping_demo/ros2_ws/install/crazyflie_interfaces:/opt/ros/jazzy/opt/gz_sim_vendor:/opt/ros/jazzy/opt/gz_sensors_vendor:/opt/ros/jazzy/opt/gz_physics_vendor:/opt/ros/jazzy/opt/sdformat_vendor:/opt/ros/jazzy/opt/gz_gui_vendor:/opt/ros/jazzy/opt/gz_transport_vendor:/opt/ros/jazzy/opt/gz_rendering_vendor:/opt/ros/jazzy/opt/gz_plugin_vendor:/opt/ros/jazzy/opt/gz_fuel_tools_vendor:/opt/ros/jazzy/opt/gz_msgs_vendor:/opt/ros/jazzy/opt/gz_common_vendor:/opt/ros/jazzy/opt/gz_math_vendor:/opt/ros/jazzy/opt/gz_utils_vendor:/opt/ros/jazzy/opt/gz_tools_vendor:/opt/ros/jazzy/opt/gz_ogre_next_vendor:/opt/ros/jazzy/opt/gz_dartsim_vendor:/opt/ros/jazzy/opt/gz_cmake_vendor:/home/mikks/ros2_px4_ws/install/x500_hover_controller:/home/mikks/ros2_px4_ws/install/example_mode_with_rclpy_py:/home/mikks/ros2_px4_ws/install/example_mode_goto_py:/home/mikks/ros2_px4_ws/install/px4_actuator_ctrl:/home/mikks/ros2_ws/install/rover_desc_description:/home/mikks/ros2_ws/install/px4_actuator_ctrl:/home/mikks/ros2_ws/install/mine_rover_description:/home/mikks/ros2_ws/install/ZerionURDFV5cp_description:/home/mikks/crazyflie_mapping_demo/ros2_ws/install/velocity_free_consensus:/home/mikks/crazyflie_mapping_demo/ros2_ws/install/stepwise_lowpos:/home/mikks/crazyflie_mapping_demo/ros2_ws/install/step_wise_lowpos:/home/mikks/crazyflie_mapping_demo/ros2_ws/install/second_order_formation_control:/home/mikks/crazyflie_mapping_demo/ros2_ws/install/ros_gz_crazyflie_control:/home/mikks/crazyflie_mapping_demo/ros2_ws/install/mixed_fractional_consensus:/home/mikks/crazyflie_mapping_demo/ros2_ws/install/lowest_pos:/home/mikks/crazyflie_mapping_demo/ros2_ws/install/linear_consensus:/home/mikks/crazyflie_mapping_demo/ros2_ws/install/highest_pos:/home/mikks/crazyflie_mapping_demo/ros2_ws/install/fractional_consensus_alpha:/home/mikks/crazyflie_mapping_demo/ros2_ws/install/event_triggered_swarm:/home/mikks/crazyflie_mapping_demo/ros2_ws/install/drone_logger:/home/mikks/crazyflie_mapping_demo/ros2_ws/install/distributed_average_tracking:/home/mikks/crazyflie_mapping_demo/ros2_ws/install/crazyflie_swarm_logic:/home/mikks/crazyflie_mapping_demo/ros2_ws/install/crazyflie_ros2_multiranger_wall_following:/home/mikks/crazyflie_mapping_demo/ros2_ws/install/crazyflie_ros2_multiranger_simple_mapper:/home/mikks/crazyflie_mapping_demo/ros2_ws/install/crazyflie_py:/home/mikks/crazyflie_mapping_demo/ros2_ws/install/cooperative_target_centric_formation:/home/mikks/crazyflie_mapping_demo/ros2_ws/install/containment_using_agent_information:/home/mikks/crazyflie_mapping_demo/ros2_ws/install/consensus_for_double_integrator:/home/mikks/crazyflie_mapping_demo/ros2_ws/install/consensus_alignment:/home/mikks/crazyflie_mapping_demo/ros2_ws/install/binary_consensus:/home/mikks/crazyflie_mapping_demo/ros2_ws/install/Second_Order_Min_Consensus_for_Heterogeneous_Agents:/home/mikks/crazyflie_mapping_demo/ros2_ws/install/BinaryContainmentChain:/opt/ros/jazzy DEBUGINFOD_URLS=https://debuginfod.ubuntu.com LD_LIBRARY_PATH=/home/mikks/ros2_px4_ws/install/px4_ros2_cpp/lib:/home/mikks/ros2_px4_ws/install/px4_msgs/lib:/home/mikks/ros2_px4_ws/install/px4_ros_com/lib:/home/mikks/NatNet_SDK_4.3_ubuntu/lib:/home/mikks/crazyflie_mapping_demo/ros2_ws/install/crazyflie_interfaces/lib:/opt/ros/jazzy/opt/gz_sim_vendor/lib:/opt/ros/jazzy/opt/gz_sensors_vendor/lib:/opt/ros/jazzy/opt/gz_physics_vendor/lib:/opt/ros/jazzy/opt/sdformat_vendor/lib:/opt/ros/jazzy/opt/rviz_ogre_vendor/lib:/opt/ros/jazzy/lib/x86_64-linux-gnu:/opt/ros/jazzy/opt/gz_gui_vendor/lib:/opt/ros/jazzy/opt/gz_transport_vendor/lib:/opt/ros/jazzy/opt/gz_rendering_vendor/lib:/opt/ros/jazzy/opt/gz_plugin_vendor/lib:/opt/ros/jazzy/opt/gz_fuel_tools_vendor/lib:/opt/ros/jazzy/opt/gz_msgs_vendor/lib:/opt/ros/jazzy/opt/gz_common_vendor/lib:/opt/ros/jazzy/opt/gz_math_vendor/lib:/opt/ros/jazzy/opt/gz_utils_vendor/lib:/opt/ros/jazzy/opt/gz_tools_vendor/lib:/opt/ros/jazzy/opt/gz_ogre_next_vendor/lib:/opt/ros/jazzy/opt/gz_dartsim_vendor/lib:/opt/ros/jazzy/opt/gz_cmake_vendor/lib:/opt/ros/jazzy/lib PYTHONPATH=/home/mikks/ros2_px4_ws/install/px4_msgs/lib/python3.12/site-packages:/home/mikks/ros2_px4_ws/build/x500_hover_controller:/home/mikks/ros2_px4_ws/install/x500_hover_controller/lib/python3.12/site-packages:/home/mikks/ros2_px4_ws/install/px4_ros_com/lib/python3.12/site-packages:/home/mikks/ros2_px4_ws/build/example_mode_with_rclpy_py:/home/mikks/ros2_px4_ws/install/example_mode_with_rclpy_py/lib/python3.12/site-packages:/home/mikks/ros2_px4_ws/build/example_mode_goto_py:/home/mikks/ros2_px4_ws/install/example_mode_goto_py/lib/python3.12/site-packages:/home/mikks/ros2_px4_ws/install/px4_ros2_py/lib/python3.12/site-packages:/home/mikks/ros2_px4_ws/build/px4_actuator_ctrl:/home/mikks/ros2_px4_ws/install/px4_actuator_ctrl/lib/python3.12/site-packages:/home/mikks/ros2_ws/build/rover_desc_description:/home/mikks/ros2_ws/install/rover_desc_description/lib/python3.12/site-packages:/home/mikks/ros2_ws/install/px4_actuator_ctrl/lib/python3.12/site-packages:/home/mikks/ros2_ws/build/mine_rover_description:/home/mikks/ros2_ws/install/mine_rover_description/lib/python3.12/site-packages:/home/mikks/ros2_ws/build/ZerionURDFV5cp_description:/home/mikks/ros2_ws/install/ZerionURDFV5cp_description/lib/python3.12/site-packages:/home/mikks/crazyflie_mapping_demo/ros2_ws/install/velocity_free_consensus/lib/python3.12/site-packages:/home/mikks/crazyflie_mapping_demo/ros2_ws/install/stepwise_lowpos/lib/python3.12/site-packages:/home/mikks/crazyflie_mapping_demo/ros2_ws/install/step_wise_lowpos/lib/python3.12/site-packages:/home/mikks/crazyflie_mapping_demo/ros2_ws/install/second_order_formation_control/lib/python3.12/site-packages:/home/mikks/crazyflie_mapping_demo/ros2_ws/install/ros_gz_crazyflie_control/lib/python3.12/site-packages:/home/mikks/crazyflie_mapping_demo/ros2_ws/install/mixed_fractional_consensus/lib/python3.12/site-packages:/home/mikks/crazyflie_mapping_demo/ros2_ws/install/lowest_pos/lib/python3.12/site-packages:/home/mikks/crazyflie_mapping_demo/ros2_ws/install/linear_consensus/lib/python3.12/site-packages:/home/mikks/crazyflie_mapping_demo/ros2_ws/install/highest_pos/lib/python3.12/site-packages:/home/mikks/crazyflie_mapping_demo/ros2_ws/install/fractional_consensus_alpha/lib/python3.12/site-packages:/home/mikks/crazyflie_mapping_demo/ros2_ws/install/event_triggered_swarm/lib/python3.12/site-packages:/home/mikks/crazyflie_mapping_demo/ros2_ws/install/drone_logger/lib/python3.12/site-packages:/home/mikks/crazyflie_mapping_demo/ros2_ws/install/distributed_average_tracking/lib/python3.12/site-packages:/home/mikks/crazyflie_mapping_demo/ros2_ws/install/crazyflie_swarm_logic/lib/python3.12/site-packages:/home/mikks/crazyflie_mapping_demo/ros2_ws/install/crazyflie_sim/lib/python3.12/site-packages:/home/mikks/crazyflie_mapping_demo/ros2_ws/install/crazyflie_ros2_multiranger_wall_following/lib/python3.12/site-packages:/home/mikks/crazyflie_mapping_demo/ros2_ws/install/crazyflie_ros2_multiranger_simple_mapper/lib/python3.12/site-packages:/home/mikks/crazyflie_mapping_demo/ros2_ws/install/crazyflie_examples/lib/python3.12/site-packages:/home/mikks/crazyflie_mapping_demo/ros2_ws/install/crazyflie_py/lib/python3.12/site-packages:/home/mikks/crazyflie_mapping_demo/ros2_ws/install/crazyflie_interfaces/lib/python3.12/site-packages:/home/mikks/crazyflie_mapping_demo/ros2_ws/install/cooperative_target_centric_formation/lib/python3.12/site-packages:/home/mikks/crazyflie_mapping_demo/ros2_ws/install/containment_using_agent_information/lib/python3.12/site-packages:/home/mikks/crazyflie_mapping_demo/ros2_ws/install/consensus_for_double_integrator/lib/python3.12/site-packages:/home/mikks/crazyflie_mapping_demo/ros2_ws/install/consensus_alignment/lib/python3.12/site-packages:/home/mikks/crazyflie_mapping_demo/ros2_ws/install/binary_consensus/lib/python3.12/site-packages:/home/mikks/crazyflie_mapping_demo/ros2_ws/install/Second_Order_Min_Consensus_for_Heterogeneous_Agents/lib/python3.12/site-packages:/home/mikks/crazyflie_mapping_demo/ros2_ws/install/BinaryContainmentChain/lib/python3.12/site-packages:/opt/ros/jazzy/lib/python3.12/site-packages /usr/bin/cmake --install /home/mikks/ros2_px4_ws/build/example_local_navigation_cpp
[3.910s] Level 1:colcon.colcon_core.environment:checking '/home/mikks/ros2_px4_ws/install/example_local_navigation_cpp/bin'
[3.910s] INFO:colcon.colcon_core.shell:Creating package script '/home/mikks/ros2_px4_ws/install/example_local_navigation_cpp/share/example_local_navigation_cpp/package.ps1'
[3.911s] INFO:colcon.colcon_core.shell:Creating package descriptor '/home/mikks/ros2_px4_ws/install/example_local_navigation_cpp/share/example_local_navigation_cpp/package.dsv'
[3.911s] INFO:colcon.colcon_core.shell:Creating package script '/home/mikks/ros2_px4_ws/install/example_local_navigation_cpp/share/example_local_navigation_cpp/package.sh'
[3.912s] INFO:colcon.colcon_core.shell:Creating package script '/home/mikks/ros2_px4_ws/install/example_local_navigation_cpp/share/example_local_navigation_cpp/package.bash'
[3.912s] INFO:colcon.colcon_core.shell:Creating package script '/home/mikks/ros2_px4_ws/install/example_local_navigation_cpp/share/example_local_navigation_cpp/package.zsh'
[3.913s] Level 1:colcon.colcon_core.environment:create_file_with_runtime_dependencies(/home/mikks/ros2_px4_ws/install/example_local_navigation_cpp/share/colcon-core/packages/example_local_navigation_cpp)
[3.913s] Level 1:colcon.colcon_core.environment:create_environment_scripts_only(example_local_navigation_cpp)
[3.914s] Level 1:colcon.colcon_core.environment:checking '/home/mikks/ros2_px4_ws/install/example_local_navigation_cpp' for CMake module files
[3.915s] Level 1:colcon.colcon_core.environment:checking '/home/mikks/ros2_px4_ws/install/example_local_navigation_cpp' for CMake config files
[3.915s] Level 1:colcon.colcon_core.shell:create_environment_hook('example_local_navigation_cpp', 'cmake_prefix_path')
[3.915s] INFO:colcon.colcon_core.shell:Creating environment hook '/home/mikks/ros2_px4_ws/install/example_local_navigation_cpp/share/example_local_navigation_cpp/hook/cmake_prefix_path.ps1'
[3.916s] INFO:colcon.colcon_core.shell:Creating environment descriptor '/home/mikks/ros2_px4_ws/install/example_local_navigation_cpp/share/example_local_navigation_cpp/hook/cmake_prefix_path.dsv'
[3.916s] INFO:colcon.colcon_core.shell:Creating environment hook '/home/mikks/ros2_px4_ws/install/example_local_navigation_cpp/share/example_local_navigation_cpp/hook/cmake_prefix_path.sh'
[3.917s] Level 1:colcon.colcon_core.environment:checking '/home/mikks/ros2_px4_ws/install/example_local_navigation_cpp/lib'
[3.918s] Level 1:colcon.colcon_core.environment:checking '/home/mikks/ros2_px4_ws/install/example_local_navigation_cpp/bin'
[3.918s] Level 1:colcon.colcon_core.environment:checking '/home/mikks/ros2_px4_ws/install/example_local_navigation_cpp/lib/pkgconfig/example_local_navigation_cpp.pc'
[3.918s] Level 1:colcon.colcon_core.environment:checking '/home/mikks/ros2_px4_ws/install/example_local_navigation_cpp/lib/python3.12/site-packages'
[3.918s] Level 1:colcon.colcon_core.environment:checking '/home/mikks/ros2_px4_ws/install/example_local_navigation_cpp/bin'
[3.919s] INFO:colcon.colcon_core.shell:Creating package script '/home/mikks/ros2_px4_ws/install/example_local_navigation_cpp/share/example_local_navigation_cpp/package.ps1'
[3.920s] INFO:colcon.colcon_core.shell:Creating package descriptor '/home/mikks/ros2_px4_ws/install/example_local_navigation_cpp/share/example_local_navigation_cpp/package.dsv'
[3.923s] INFO:colcon.colcon_core.shell:Creating package script '/home/mikks/ros2_px4_ws/install/example_local_navigation_cpp/share/example_local_navigation_cpp/package.sh'
[3.926s] INFO:colcon.colcon_core.shell:Creating package script '/home/mikks/ros2_px4_ws/install/example_local_navigation_cpp/share/example_local_navigation_cpp/package.bash'
[3.926s] INFO:colcon.colcon_core.shell:Creating package script '/home/mikks/ros2_px4_ws/install/example_local_navigation_cpp/share/example_local_navigation_cpp/package.zsh'
[3.928s] Level 1:colcon.colcon_core.environment:create_file_with_runtime_dependencies(/home/mikks/ros2_px4_ws/install/example_local_navigation_cpp/share/colcon-core/packages/example_local_navigation_cpp)
[3.930s] INFO:colcon.colcon_ros.task.ament_cmake.build:Building ROS package in '/home/mikks/ros2_px4_ws/src/px4-ros2-interface-lib/examples/cpp/modes/rtl_replacement' with build type 'ament_cmake'
[3.930s] INFO:colcon.colcon_cmake.task.cmake.build:Building CMake package in '/home/mikks/ros2_px4_ws/src/px4-ros2-interface-lib/examples/cpp/modes/rtl_replacement'
[3.930s] INFO:colcon.colcon_core.shell:Skip shell extension 'powershell' for command environment: Not usable outside of PowerShell
[3.931s] DEBUG:colcon.colcon_core.shell:Skip shell extension 'dsv' for command environment
[3.944s] DEBUG:colcon.colcon_core.event_handler.log_command:Invoked command in '/home/mikks/ros2_px4_ws/build/example_mode_manual_cpp' returned '0': CMAKE_PREFIX_PATH=/home/mikks/ros2_px4_ws/install/px4_ros2_cpp:/home/mikks/ros2_px4_ws/install/px4_msgs:/home/mikks/ros2_px4_ws/install/px4_ros_com:/home/mikks/ros2_px4_ws/install/px4_ros2_py:/home/mikks/ros2_px4_ws/install/example_rover_velocity_mode_cpp:/home/mikks/ros2_px4_ws/install/example_mode_with_executor_cpp:/home/mikks/ros2_px4_ws/install/example_mode_vtol_cpp:/home/mikks/ros2_px4_ws/install/example_mode_rtl_replacement_cpp:/home/mikks/ros2_px4_ws/install/example_mode_mission_cpp:/home/mikks/ros2_px4_ws/install/example_mode_manual_cpp:/home/mikks/ros2_px4_ws/install/example_mode_goto_global_cpp:/home/mikks/ros2_px4_ws/install/example_mode_goto_cpp:/home/mikks/ros2_px4_ws/install/example_mode_fw_attitude_cpp:/home/mikks/ros2_px4_ws/install/example_local_navigation_cpp:/home/mikks/ros2_px4_ws/install/example_global_navigation_cpp:/home/mikks/ros2_px4_ws/install/example_executor_with_multiple_modes_cpp:/home/mikks/crazyflie_mapping_demo/ros2_ws/install/crazyflie_ros2_multiranger_bringup:/home/mikks/crazyflie_mapping_demo/ros2_ws/install/ros_gz_crazyflie_bringup:/home/mikks/crazyflie_mapping_demo/ros2_ws/install/ros_gz_crazyflie_gazebo:/home/mikks/crazyflie_mapping_demo/ros2_ws/install/crazyflie_sim:/home/mikks/crazyflie_mapping_demo/ros2_ws/install/crazyflie_examples:/home/mikks/crazyflie_mapping_demo/ros2_ws/install/crazyflie:/home/mikks/crazyflie_mapping_demo/ros2_ws/install/crazyflie_interfaces:/opt/ros/jazzy/opt/gz_sim_vendor:/opt/ros/jazzy/opt/gz_sensors_vendor:/opt/ros/jazzy/opt/gz_physics_vendor:/opt/ros/jazzy/opt/sdformat_vendor:/opt/ros/jazzy/opt/gz_gui_vendor:/opt/ros/jazzy/opt/gz_transport_vendor:/opt/ros/jazzy/opt/gz_rendering_vendor:/opt/ros/jazzy/opt/gz_plugin_vendor:/opt/ros/jazzy/opt/gz_fuel_tools_vendor:/opt/ros/jazzy/opt/gz_msgs_vendor:/opt/ros/jazzy/opt/gz_common_vendor:/opt/ros/jazzy/opt/gz_math_vendor:/opt/ros/jazzy/opt/gz_utils_vendor:/opt/ros/jazzy/opt/gz_tools_vendor:/opt/ros/jazzy/opt/gz_ogre_next_vendor:/opt/ros/jazzy/opt/gz_dartsim_vendor:/opt/ros/jazzy/opt/gz_cmake_vendor:/home/mikks/ros2_px4_ws/install/x500_hover_controller:/home/mikks/ros2_px4_ws/install/example_mode_with_rclpy_py:/home/mikks/ros2_px4_ws/install/example_mode_goto_py:/home/mikks/ros2_px4_ws/install/px4_actuator_ctrl:/home/mikks/ros2_ws/install/rover_desc_description:/home/mikks/ros2_ws/install/px4_actuator_ctrl:/home/mikks/ros2_ws/install/mine_rover_description:/home/mikks/ros2_ws/install/ZerionURDFV5cp_description:/home/mikks/crazyflie_mapping_demo/ros2_ws/install/velocity_free_consensus:/home/mikks/crazyflie_mapping_demo/ros2_ws/install/stepwise_lowpos:/home/mikks/crazyflie_mapping_demo/ros2_ws/install/step_wise_lowpos:/home/mikks/crazyflie_mapping_demo/ros2_ws/install/second_order_formation_control:/home/mikks/crazyflie_mapping_demo/ros2_ws/install/ros_gz_crazyflie_control:/home/mikks/crazyflie_mapping_demo/ros2_ws/install/mixed_fractional_consensus:/home/mikks/crazyflie_mapping_demo/ros2_ws/install/lowest_pos:/home/mikks/crazyflie_mapping_demo/ros2_ws/install/linear_consensus:/home/mikks/crazyflie_mapping_demo/ros2_ws/install/highest_pos:/home/mikks/crazyflie_mapping_demo/ros2_ws/install/fractional_consensus_alpha:/home/mikks/crazyflie_mapping_demo/ros2_ws/install/event_triggered_swarm:/home/mikks/crazyflie_mapping_demo/ros2_ws/install/drone_logger:/home/mikks/crazyflie_mapping_demo/ros2_ws/install/distributed_average_tracking:/home/mikks/crazyflie_mapping_demo/ros2_ws/install/crazyflie_swarm_logic:/home/mikks/crazyflie_mapping_demo/ros2_ws/install/crazyflie_ros2_multiranger_wall_following:/home/mikks/crazyflie_mapping_demo/ros2_ws/install/crazyflie_ros2_multiranger_simple_mapper:/home/mikks/crazyflie_mapping_demo/ros2_ws/install/crazyflie_py:/home/mikks/crazyflie_mapping_demo/ros2_ws/install/cooperative_target_centric_formation:/home/mikks/crazyflie_mapping_demo/ros2_ws/install/containment_using_agent_information:/home/mikks/crazyflie_mapping_demo/ros2_ws/install/consensus_for_double_integrator:/home/mikks/crazyflie_mapping_demo/ros2_ws/install/consensus_alignment:/home/mikks/crazyflie_mapping_demo/ros2_ws/install/binary_consensus:/home/mikks/crazyflie_mapping_demo/ros2_ws/install/Second_Order_Min_Consensus_for_Heterogeneous_Agents:/home/mikks/crazyflie_mapping_demo/ros2_ws/install/BinaryContainmentChain:/opt/ros/jazzy DEBUGINFOD_URLS=https://debuginfod.ubuntu.com LD_LIBRARY_PATH=/home/mikks/ros2_px4_ws/install/px4_ros2_cpp/lib:/home/mikks/ros2_px4_ws/install/px4_msgs/lib:/home/mikks/ros2_px4_ws/install/px4_ros_com/lib:/home/mikks/NatNet_SDK_4.3_ubuntu/lib:/home/mikks/crazyflie_mapping_demo/ros2_ws/install/crazyflie_interfaces/lib:/opt/ros/jazzy/opt/gz_sim_vendor/lib:/opt/ros/jazzy/opt/gz_sensors_vendor/lib:/opt/ros/jazzy/opt/gz_physics_vendor/lib:/opt/ros/jazzy/opt/sdformat_vendor/lib:/opt/ros/jazzy/opt/rviz_ogre_vendor/lib:/opt/ros/jazzy/lib/x86_64-linux-gnu:/opt/ros/jazzy/opt/gz_gui_vendor/lib:/opt/ros/jazzy/opt/gz_transport_vendor/lib:/opt/ros/jazzy/opt/gz_rendering_vendor/lib:/opt/ros/jazzy/opt/gz_plugin_vendor/lib:/opt/ros/jazzy/opt/gz_fuel_tools_vendor/lib:/opt/ros/jazzy/opt/gz_msgs_vendor/lib:/opt/ros/jazzy/opt/gz_common_vendor/lib:/opt/ros/jazzy/opt/gz_math_vendor/lib:/opt/ros/jazzy/opt/gz_utils_vendor/lib:/opt/ros/jazzy/opt/gz_tools_vendor/lib:/opt/ros/jazzy/opt/gz_ogre_next_vendor/lib:/opt/ros/jazzy/opt/gz_dartsim_vendor/lib:/opt/ros/jazzy/opt/gz_cmake_vendor/lib:/opt/ros/jazzy/lib PYTHONPATH=/home/mikks/ros2_px4_ws/install/px4_msgs/lib/python3.12/site-packages:/home/mikks/ros2_px4_ws/build/x500_hover_controller:/home/mikks/ros2_px4_ws/install/x500_hover_controller/lib/python3.12/site-packages:/home/mikks/ros2_px4_ws/install/px4_ros_com/lib/python3.12/site-packages:/home/mikks/ros2_px4_ws/build/example_mode_with_rclpy_py:/home/mikks/ros2_px4_ws/install/example_mode_with_rclpy_py/lib/python3.12/site-packages:/home/mikks/ros2_px4_ws/build/example_mode_goto_py:/home/mikks/ros2_px4_ws/install/example_mode_goto_py/lib/python3.12/site-packages:/home/mikks/ros2_px4_ws/install/px4_ros2_py/lib/python3.12/site-packages:/home/mikks/ros2_px4_ws/build/px4_actuator_ctrl:/home/mikks/ros2_px4_ws/install/px4_actuator_ctrl/lib/python3.12/site-packages:/home/mikks/ros2_ws/build/rover_desc_description:/home/mikks/ros2_ws/install/rover_desc_description/lib/python3.12/site-packages:/home/mikks/ros2_ws/install/px4_actuator_ctrl/lib/python3.12/site-packages:/home/mikks/ros2_ws/build/mine_rover_description:/home/mikks/ros2_ws/install/mine_rover_description/lib/python3.12/site-packages:/home/mikks/ros2_ws/build/ZerionURDFV5cp_description:/home/mikks/ros2_ws/install/ZerionURDFV5cp_description/lib/python3.12/site-packages:/home/mikks/crazyflie_mapping_demo/ros2_ws/install/velocity_free_consensus/lib/python3.12/site-packages:/home/mikks/crazyflie_mapping_demo/ros2_ws/install/stepwise_lowpos/lib/python3.12/site-packages:/home/mikks/crazyflie_mapping_demo/ros2_ws/install/step_wise_lowpos/lib/python3.12/site-packages:/home/mikks/crazyflie_mapping_demo/ros2_ws/install/second_order_formation_control/lib/python3.12/site-packages:/home/mikks/crazyflie_mapping_demo/ros2_ws/install/ros_gz_crazyflie_control/lib/python3.12/site-packages:/home/mikks/crazyflie_mapping_demo/ros2_ws/install/mixed_fractional_consensus/lib/python3.12/site-packages:/home/mikks/crazyflie_mapping_demo/ros2_ws/install/lowest_pos/lib/python3.12/site-packages:/home/mikks/crazyflie_mapping_demo/ros2_ws/install/linear_consensus/lib/python3.12/site-packages:/home/mikks/crazyflie_mapping_demo/ros2_ws/install/highest_pos/lib/python3.12/site-packages:/home/mikks/crazyflie_mapping_demo/ros2_ws/install/fractional_consensus_alpha/lib/python3.12/site-packages:/home/mikks/crazyflie_mapping_demo/ros2_ws/install/event_triggered_swarm/lib/python3.12/site-packages:/home/mikks/crazyflie_mapping_demo/ros2_ws/install/drone_logger/lib/python3.12/site-packages:/home/mikks/crazyflie_mapping_demo/ros2_ws/install/distributed_average_tracking/lib/python3.12/site-packages:/home/mikks/crazyflie_mapping_demo/ros2_ws/install/crazyflie_swarm_logic/lib/python3.12/site-packages:/home/mikks/crazyflie_mapping_demo/ros2_ws/install/crazyflie_sim/lib/python3.12/site-packages:/home/mikks/crazyflie_mapping_demo/ros2_ws/install/crazyflie_ros2_multiranger_wall_following/lib/python3.12/site-packages:/home/mikks/crazyflie_mapping_demo/ros2_ws/install/crazyflie_ros2_multiranger_simple_mapper/lib/python3.12/site-packages:/home/mikks/crazyflie_mapping_demo/ros2_ws/install/crazyflie_examples/lib/python3.12/site-packages:/home/mikks/crazyflie_mapping_demo/ros2_ws/install/crazyflie_py/lib/python3.12/site-packages:/home/mikks/crazyflie_mapping_demo/ros2_ws/install/crazyflie_interfaces/lib/python3.12/site-packages:/home/mikks/crazyflie_mapping_demo/ros2_ws/install/cooperative_target_centric_formation/lib/python3.12/site-packages:/home/mikks/crazyflie_mapping_demo/ros2_ws/install/containment_using_agent_information/lib/python3.12/site-packages:/home/mikks/crazyflie_mapping_demo/ros2_ws/install/consensus_for_double_integrator/lib/python3.12/site-packages:/home/mikks/crazyflie_mapping_demo/ros2_ws/install/consensus_alignment/lib/python3.12/site-packages:/home/mikks/crazyflie_mapping_demo/ros2_ws/install/binary_consensus/lib/python3.12/site-packages:/home/mikks/crazyflie_mapping_demo/ros2_ws/install/Second_Order_Min_Consensus_for_Heterogeneous_Agents/lib/python3.12/site-packages:/home/mikks/crazyflie_mapping_demo/ros2_ws/install/BinaryContainmentChain/lib/python3.12/site-packages:/opt/ros/jazzy/lib/python3.12/site-packages /usr/bin/cmake --build /home/mikks/ros2_px4_ws/build/example_mode_manual_cpp -- -j12 -l12
[3.946s] DEBUG:colcon.colcon_core.event_handler.log_command:Invoking command in '/home/mikks/ros2_px4_ws/build/example_mode_manual_cpp': CMAKE_PREFIX_PATH=/home/mikks/ros2_px4_ws/install/px4_ros2_cpp:/home/mikks/ros2_px4_ws/install/px4_msgs:/home/mikks/ros2_px4_ws/install/px4_ros_com:/home/mikks/ros2_px4_ws/install/px4_ros2_py:/home/mikks/ros2_px4_ws/install/example_rover_velocity_mode_cpp:/home/mikks/ros2_px4_ws/install/example_mode_with_executor_cpp:/home/mikks/ros2_px4_ws/install/example_mode_vtol_cpp:/home/mikks/ros2_px4_ws/install/example_mode_rtl_replacement_cpp:/home/mikks/ros2_px4_ws/install/example_mode_mission_cpp:/home/mikks/ros2_px4_ws/install/example_mode_manual_cpp:/home/mikks/ros2_px4_ws/install/example_mode_goto_global_cpp:/home/mikks/ros2_px4_ws/install/example_mode_goto_cpp:/home/mikks/ros2_px4_ws/install/example_mode_fw_attitude_cpp:/home/mikks/ros2_px4_ws/install/example_local_navigation_cpp:/home/mikks/ros2_px4_ws/install/example_global_navigation_cpp:/home/mikks/ros2_px4_ws/install/example_executor_with_multiple_modes_cpp:/home/mikks/crazyflie_mapping_demo/ros2_ws/install/crazyflie_ros2_multiranger_bringup:/home/mikks/crazyflie_mapping_demo/ros2_ws/install/ros_gz_crazyflie_bringup:/home/mikks/crazyflie_mapping_demo/ros2_ws/install/ros_gz_crazyflie_gazebo:/home/mikks/crazyflie_mapping_demo/ros2_ws/install/crazyflie_sim:/home/mikks/crazyflie_mapping_demo/ros2_ws/install/crazyflie_examples:/home/mikks/crazyflie_mapping_demo/ros2_ws/install/crazyflie:/home/mikks/crazyflie_mapping_demo/ros2_ws/install/crazyflie_interfaces:/opt/ros/jazzy/opt/gz_sim_vendor:/opt/ros/jazzy/opt/gz_sensors_vendor:/opt/ros/jazzy/opt/gz_physics_vendor:/opt/ros/jazzy/opt/sdformat_vendor:/opt/ros/jazzy/opt/gz_gui_vendor:/opt/ros/jazzy/opt/gz_transport_vendor:/opt/ros/jazzy/opt/gz_rendering_vendor:/opt/ros/jazzy/opt/gz_plugin_vendor:/opt/ros/jazzy/opt/gz_fuel_tools_vendor:/opt/ros/jazzy/opt/gz_msgs_vendor:/opt/ros/jazzy/opt/gz_common_vendor:/opt/ros/jazzy/opt/gz_math_vendor:/opt/ros/jazzy/opt/gz_utils_vendor:/opt/ros/jazzy/opt/gz_tools_vendor:/opt/ros/jazzy/opt/gz_ogre_next_vendor:/opt/ros/jazzy/opt/gz_dartsim_vendor:/opt/ros/jazzy/opt/gz_cmake_vendor:/home/mikks/ros2_px4_ws/install/x500_hover_controller:/home/mikks/ros2_px4_ws/install/example_mode_with_rclpy_py:/home/mikks/ros2_px4_ws/install/example_mode_goto_py:/home/mikks/ros2_px4_ws/install/px4_actuator_ctrl:/home/mikks/ros2_ws/install/rover_desc_description:/home/mikks/ros2_ws/install/px4_actuator_ctrl:/home/mikks/ros2_ws/install/mine_rover_description:/home/mikks/ros2_ws/install/ZerionURDFV5cp_description:/home/mikks/crazyflie_mapping_demo/ros2_ws/install/velocity_free_consensus:/home/mikks/crazyflie_mapping_demo/ros2_ws/install/stepwise_lowpos:/home/mikks/crazyflie_mapping_demo/ros2_ws/install/step_wise_lowpos:/home/mikks/crazyflie_mapping_demo/ros2_ws/install/second_order_formation_control:/home/mikks/crazyflie_mapping_demo/ros2_ws/install/ros_gz_crazyflie_control:/home/mikks/crazyflie_mapping_demo/ros2_ws/install/mixed_fractional_consensus:/home/mikks/crazyflie_mapping_demo/ros2_ws/install/lowest_pos:/home/mikks/crazyflie_mapping_demo/ros2_ws/install/linear_consensus:/home/mikks/crazyflie_mapping_demo/ros2_ws/install/highest_pos:/home/mikks/crazyflie_mapping_demo/ros2_ws/install/fractional_consensus_alpha:/home/mikks/crazyflie_mapping_demo/ros2_ws/install/event_triggered_swarm:/home/mikks/crazyflie_mapping_demo/ros2_ws/install/drone_logger:/home/mikks/crazyflie_mapping_demo/ros2_ws/install/distributed_average_tracking:/home/mikks/crazyflie_mapping_demo/ros2_ws/install/crazyflie_swarm_logic:/home/mikks/crazyflie_mapping_demo/ros2_ws/install/crazyflie_ros2_multiranger_wall_following:/home/mikks/crazyflie_mapping_demo/ros2_ws/install/crazyflie_ros2_multiranger_simple_mapper:/home/mikks/crazyflie_mapping_demo/ros2_ws/install/crazyflie_py:/home/mikks/crazyflie_mapping_demo/ros2_ws/install/cooperative_target_centric_formation:/home/mikks/crazyflie_mapping_demo/ros2_ws/install/containment_using_agent_information:/home/mikks/crazyflie_mapping_demo/ros2_ws/install/consensus_for_double_integrator:/home/mikks/crazyflie_mapping_demo/ros2_ws/install/consensus_alignment:/home/mikks/crazyflie_mapping_demo/ros2_ws/install/binary_consensus:/home/mikks/crazyflie_mapping_demo/ros2_ws/install/Second_Order_Min_Consensus_for_Heterogeneous_Agents:/home/mikks/crazyflie_mapping_demo/ros2_ws/install/BinaryContainmentChain:/opt/ros/jazzy DEBUGINFOD_URLS=https://debuginfod.ubuntu.com LD_LIBRARY_PATH=/home/mikks/ros2_px4_ws/install/px4_ros2_cpp/lib:/home/mikks/ros2_px4_ws/install/px4_msgs/lib:/home/mikks/ros2_px4_ws/install/px4_ros_com/lib:/home/mikks/NatNet_SDK_4.3_ubuntu/lib:/home/mikks/crazyflie_mapping_demo/ros2_ws/install/crazyflie_interfaces/lib:/opt/ros/jazzy/opt/gz_sim_vendor/lib:/opt/ros/jazzy/opt/gz_sensors_vendor/lib:/opt/ros/jazzy/opt/gz_physics_vendor/lib:/opt/ros/jazzy/opt/sdformat_vendor/lib:/opt/ros/jazzy/opt/rviz_ogre_vendor/lib:/opt/ros/jazzy/lib/x86_64-linux-gnu:/opt/ros/jazzy/opt/gz_gui_vendor/lib:/opt/ros/jazzy/opt/gz_transport_vendor/lib:/opt/ros/jazzy/opt/gz_rendering_vendor/lib:/opt/ros/jazzy/opt/gz_plugin_vendor/lib:/opt/ros/jazzy/opt/gz_fuel_tools_vendor/lib:/opt/ros/jazzy/opt/gz_msgs_vendor/lib:/opt/ros/jazzy/opt/gz_common_vendor/lib:/opt/ros/jazzy/opt/gz_math_vendor/lib:/opt/ros/jazzy/opt/gz_utils_vendor/lib:/opt/ros/jazzy/opt/gz_tools_vendor/lib:/opt/ros/jazzy/opt/gz_ogre_next_vendor/lib:/opt/ros/jazzy/opt/gz_dartsim_vendor/lib:/opt/ros/jazzy/opt/gz_cmake_vendor/lib:/opt/ros/jazzy/lib PYTHONPATH=/home/mikks/ros2_px4_ws/install/px4_msgs/lib/python3.12/site-packages:/home/mikks/ros2_px4_ws/build/x500_hover_controller:/home/mikks/ros2_px4_ws/install/x500_hover_controller/lib/python3.12/site-packages:/home/mikks/ros2_px4_ws/install/px4_ros_com/lib/python3.12/site-packages:/home/mikks/ros2_px4_ws/build/example_mode_with_rclpy_py:/home/mikks/ros2_px4_ws/install/example_mode_with_rclpy_py/lib/python3.12/site-packages:/home/mikks/ros2_px4_ws/build/example_mode_goto_py:/home/mikks/ros2_px4_ws/install/example_mode_goto_py/lib/python3.12/site-packages:/home/mikks/ros2_px4_ws/install/px4_ros2_py/lib/python3.12/site-packages:/home/mikks/ros2_px4_ws/build/px4_actuator_ctrl:/home/mikks/ros2_px4_ws/install/px4_actuator_ctrl/lib/python3.12/site-packages:/home/mikks/ros2_ws/build/rover_desc_description:/home/mikks/ros2_ws/install/rover_desc_description/lib/python3.12/site-packages:/home/mikks/ros2_ws/install/px4_actuator_ctrl/lib/python3.12/site-packages:/home/mikks/ros2_ws/build/mine_rover_description:/home/mikks/ros2_ws/install/mine_rover_description/lib/python3.12/site-packages:/home/mikks/ros2_ws/build/ZerionURDFV5cp_description:/home/mikks/ros2_ws/install/ZerionURDFV5cp_description/lib/python3.12/site-packages:/home/mikks/crazyflie_mapping_demo/ros2_ws/install/velocity_free_consensus/lib/python3.12/site-packages:/home/mikks/crazyflie_mapping_demo/ros2_ws/install/stepwise_lowpos/lib/python3.12/site-packages:/home/mikks/crazyflie_mapping_demo/ros2_ws/install/step_wise_lowpos/lib/python3.12/site-packages:/home/mikks/crazyflie_mapping_demo/ros2_ws/install/second_order_formation_control/lib/python3.12/site-packages:/home/mikks/crazyflie_mapping_demo/ros2_ws/install/ros_gz_crazyflie_control/lib/python3.12/site-packages:/home/mikks/crazyflie_mapping_demo/ros2_ws/install/mixed_fractional_consensus/lib/python3.12/site-packages:/home/mikks/crazyflie_mapping_demo/ros2_ws/install/lowest_pos/lib/python3.12/site-packages:/home/mikks/crazyflie_mapping_demo/ros2_ws/install/linear_consensus/lib/python3.12/site-packages:/home/mikks/crazyflie_mapping_demo/ros2_ws/install/highest_pos/lib/python3.12/site-packages:/home/mikks/crazyflie_mapping_demo/ros2_ws/install/fractional_consensus_alpha/lib/python3.12/site-packages:/home/mikks/crazyflie_mapping_demo/ros2_ws/install/event_triggered_swarm/lib/python3.12/site-packages:/home/mikks/crazyflie_mapping_demo/ros2_ws/install/drone_logger/lib/python3.12/site-packages:/home/mikks/crazyflie_mapping_demo/ros2_ws/install/distributed_average_tracking/lib/python3.12/site-packages:/home/mikks/crazyflie_mapping_demo/ros2_ws/install/crazyflie_swarm_logic/lib/python3.12/site-packages:/home/mikks/crazyflie_mapping_demo/ros2_ws/install/crazyflie_sim/lib/python3.12/site-packages:/home/mikks/crazyflie_mapping_demo/ros2_ws/install/crazyflie_ros2_multiranger_wall_following/lib/python3.12/site-packages:/home/mikks/crazyflie_mapping_demo/ros2_ws/install/crazyflie_ros2_multiranger_simple_mapper/lib/python3.12/site-packages:/home/mikks/crazyflie_mapping_demo/ros2_ws/install/crazyflie_examples/lib/python3.12/site-packages:/home/mikks/crazyflie_mapping_demo/ros2_ws/install/crazyflie_py/lib/python3.12/site-packages:/home/mikks/crazyflie_mapping_demo/ros2_ws/install/crazyflie_interfaces/lib/python3.12/site-packages:/home/mikks/crazyflie_mapping_demo/ros2_ws/install/cooperative_target_centric_formation/lib/python3.12/site-packages:/home/mikks/crazyflie_mapping_demo/ros2_ws/install/containment_using_agent_information/lib/python3.12/site-packages:/home/mikks/crazyflie_mapping_demo/ros2_ws/install/consensus_for_double_integrator/lib/python3.12/site-packages:/home/mikks/crazyflie_mapping_demo/ros2_ws/install/consensus_alignment/lib/python3.12/site-packages:/home/mikks/crazyflie_mapping_demo/ros2_ws/install/binary_consensus/lib/python3.12/site-packages:/home/mikks/crazyflie_mapping_demo/ros2_ws/install/Second_Order_Min_Consensus_for_Heterogeneous_Agents/lib/python3.12/site-packages:/home/mikks/crazyflie_mapping_demo/ros2_ws/install/BinaryContainmentChain/lib/python3.12/site-packages:/opt/ros/jazzy/lib/python3.12/site-packages /usr/bin/cmake --install /home/mikks/ros2_px4_ws/build/example_mode_manual_cpp
[3.947s] Level 1:colcon.colcon_core.environment:create_environment_scripts_only(example_global_navigation_cpp)
[3.947s] Level 1:colcon.colcon_core.environment:checking '/home/mikks/ros2_px4_ws/install/example_global_navigation_cpp' for CMake module files
[3.948s] DEBUG:colcon.colcon_core.event_handler.log_command:Invoked command in '/home/mikks/ros2_px4_ws/build/example_global_navigation_cpp' returned '0': CMAKE_PREFIX_PATH=/home/mikks/ros2_px4_ws/install/px4_ros2_cpp:/home/mikks/ros2_px4_ws/install/px4_msgs:/home/mikks/ros2_px4_ws/install/px4_ros_com:/home/mikks/ros2_px4_ws/install/px4_ros2_py:/home/mikks/ros2_px4_ws/install/example_rover_velocity_mode_cpp:/home/mikks/ros2_px4_ws/install/example_mode_with_executor_cpp:/home/mikks/ros2_px4_ws/install/example_mode_vtol_cpp:/home/mikks/ros2_px4_ws/install/example_mode_rtl_replacement_cpp:/home/mikks/ros2_px4_ws/install/example_mode_mission_cpp:/home/mikks/ros2_px4_ws/install/example_mode_manual_cpp:/home/mikks/ros2_px4_ws/install/example_mode_goto_global_cpp:/home/mikks/ros2_px4_ws/install/example_mode_goto_cpp:/home/mikks/ros2_px4_ws/install/example_mode_fw_attitude_cpp:/home/mikks/ros2_px4_ws/install/example_local_navigation_cpp:/home/mikks/ros2_px4_ws/install/example_global_navigation_cpp:/home/mikks/ros2_px4_ws/install/example_executor_with_multiple_modes_cpp:/home/mikks/crazyflie_mapping_demo/ros2_ws/install/crazyflie_ros2_multiranger_bringup:/home/mikks/crazyflie_mapping_demo/ros2_ws/install/ros_gz_crazyflie_bringup:/home/mikks/crazyflie_mapping_demo/ros2_ws/install/ros_gz_crazyflie_gazebo:/home/mikks/crazyflie_mapping_demo/ros2_ws/install/crazyflie_sim:/home/mikks/crazyflie_mapping_demo/ros2_ws/install/crazyflie_examples:/home/mikks/crazyflie_mapping_demo/ros2_ws/install/crazyflie:/home/mikks/crazyflie_mapping_demo/ros2_ws/install/crazyflie_interfaces:/opt/ros/jazzy/opt/gz_sim_vendor:/opt/ros/jazzy/opt/gz_sensors_vendor:/opt/ros/jazzy/opt/gz_physics_vendor:/opt/ros/jazzy/opt/sdformat_vendor:/opt/ros/jazzy/opt/gz_gui_vendor:/opt/ros/jazzy/opt/gz_transport_vendor:/opt/ros/jazzy/opt/gz_rendering_vendor:/opt/ros/jazzy/opt/gz_plugin_vendor:/opt/ros/jazzy/opt/gz_fuel_tools_vendor:/opt/ros/jazzy/opt/gz_msgs_vendor:/opt/ros/jazzy/opt/gz_common_vendor:/opt/ros/jazzy/opt/gz_math_vendor:/opt/ros/jazzy/opt/gz_utils_vendor:/opt/ros/jazzy/opt/gz_tools_vendor:/opt/ros/jazzy/opt/gz_ogre_next_vendor:/opt/ros/jazzy/opt/gz_dartsim_vendor:/opt/ros/jazzy/opt/gz_cmake_vendor:/home/mikks/ros2_px4_ws/install/x500_hover_controller:/home/mikks/ros2_px4_ws/install/example_mode_with_rclpy_py:/home/mikks/ros2_px4_ws/install/example_mode_goto_py:/home/mikks/ros2_px4_ws/install/px4_actuator_ctrl:/home/mikks/ros2_ws/install/rover_desc_description:/home/mikks/ros2_ws/install/px4_actuator_ctrl:/home/mikks/ros2_ws/install/mine_rover_description:/home/mikks/ros2_ws/install/ZerionURDFV5cp_description:/home/mikks/crazyflie_mapping_demo/ros2_ws/install/velocity_free_consensus:/home/mikks/crazyflie_mapping_demo/ros2_ws/install/stepwise_lowpos:/home/mikks/crazyflie_mapping_demo/ros2_ws/install/step_wise_lowpos:/home/mikks/crazyflie_mapping_demo/ros2_ws/install/second_order_formation_control:/home/mikks/crazyflie_mapping_demo/ros2_ws/install/ros_gz_crazyflie_control:/home/mikks/crazyflie_mapping_demo/ros2_ws/install/mixed_fractional_consensus:/home/mikks/crazyflie_mapping_demo/ros2_ws/install/lowest_pos:/home/mikks/crazyflie_mapping_demo/ros2_ws/install/linear_consensus:/home/mikks/crazyflie_mapping_demo/ros2_ws/install/highest_pos:/home/mikks/crazyflie_mapping_demo/ros2_ws/install/fractional_consensus_alpha:/home/mikks/crazyflie_mapping_demo/ros2_ws/install/event_triggered_swarm:/home/mikks/crazyflie_mapping_demo/ros2_ws/install/drone_logger:/home/mikks/crazyflie_mapping_demo/ros2_ws/install/distributed_average_tracking:/home/mikks/crazyflie_mapping_demo/ros2_ws/install/crazyflie_swarm_logic:/home/mikks/crazyflie_mapping_demo/ros2_ws/install/crazyflie_ros2_multiranger_wall_following:/home/mikks/crazyflie_mapping_demo/ros2_ws/install/crazyflie_ros2_multiranger_simple_mapper:/home/mikks/crazyflie_mapping_demo/ros2_ws/install/crazyflie_py:/home/mikks/crazyflie_mapping_demo/ros2_ws/install/cooperative_target_centric_formation:/home/mikks/crazyflie_mapping_demo/ros2_ws/install/containment_using_agent_information:/home/mikks/crazyflie_mapping_demo/ros2_ws/install/consensus_for_double_integrator:/home/mikks/crazyflie_mapping_demo/ros2_ws/install/consensus_alignment:/home/mikks/crazyflie_mapping_demo/ros2_ws/install/binary_consensus:/home/mikks/crazyflie_mapping_demo/ros2_ws/install/Second_Order_Min_Consensus_for_Heterogeneous_Agents:/home/mikks/crazyflie_mapping_demo/ros2_ws/install/BinaryContainmentChain:/opt/ros/jazzy DEBUGINFOD_URLS=https://debuginfod.ubuntu.com LD_LIBRARY_PATH=/home/mikks/ros2_px4_ws/install/px4_ros2_cpp/lib:/home/mikks/ros2_px4_ws/install/px4_msgs/lib:/home/mikks/ros2_px4_ws/install/px4_ros_com/lib:/home/mikks/NatNet_SDK_4.3_ubuntu/lib:/home/mikks/crazyflie_mapping_demo/ros2_ws/install/crazyflie_interfaces/lib:/opt/ros/jazzy/opt/gz_sim_vendor/lib:/opt/ros/jazzy/opt/gz_sensors_vendor/lib:/opt/ros/jazzy/opt/gz_physics_vendor/lib:/opt/ros/jazzy/opt/sdformat_vendor/lib:/opt/ros/jazzy/opt/rviz_ogre_vendor/lib:/opt/ros/jazzy/lib/x86_64-linux-gnu:/opt/ros/jazzy/opt/gz_gui_vendor/lib:/opt/ros/jazzy/opt/gz_transport_vendor/lib:/opt/ros/jazzy/opt/gz_rendering_vendor/lib:/opt/ros/jazzy/opt/gz_plugin_vendor/lib:/opt/ros/jazzy/opt/gz_fuel_tools_vendor/lib:/opt/ros/jazzy/opt/gz_msgs_vendor/lib:/opt/ros/jazzy/opt/gz_common_vendor/lib:/opt/ros/jazzy/opt/gz_math_vendor/lib:/opt/ros/jazzy/opt/gz_utils_vendor/lib:/opt/ros/jazzy/opt/gz_tools_vendor/lib:/opt/ros/jazzy/opt/gz_ogre_next_vendor/lib:/opt/ros/jazzy/opt/gz_dartsim_vendor/lib:/opt/ros/jazzy/opt/gz_cmake_vendor/lib:/opt/ros/jazzy/lib PYTHONPATH=/home/mikks/ros2_px4_ws/install/px4_msgs/lib/python3.12/site-packages:/home/mikks/ros2_px4_ws/build/x500_hover_controller:/home/mikks/ros2_px4_ws/install/x500_hover_controller/lib/python3.12/site-packages:/home/mikks/ros2_px4_ws/install/px4_ros_com/lib/python3.12/site-packages:/home/mikks/ros2_px4_ws/build/example_mode_with_rclpy_py:/home/mikks/ros2_px4_ws/install/example_mode_with_rclpy_py/lib/python3.12/site-packages:/home/mikks/ros2_px4_ws/build/example_mode_goto_py:/home/mikks/ros2_px4_ws/install/example_mode_goto_py/lib/python3.12/site-packages:/home/mikks/ros2_px4_ws/install/px4_ros2_py/lib/python3.12/site-packages:/home/mikks/ros2_px4_ws/build/px4_actuator_ctrl:/home/mikks/ros2_px4_ws/install/px4_actuator_ctrl/lib/python3.12/site-packages:/home/mikks/ros2_ws/build/rover_desc_description:/home/mikks/ros2_ws/install/rover_desc_description/lib/python3.12/site-packages:/home/mikks/ros2_ws/install/px4_actuator_ctrl/lib/python3.12/site-packages:/home/mikks/ros2_ws/build/mine_rover_description:/home/mikks/ros2_ws/install/mine_rover_description/lib/python3.12/site-packages:/home/mikks/ros2_ws/build/ZerionURDFV5cp_description:/home/mikks/ros2_ws/install/ZerionURDFV5cp_description/lib/python3.12/site-packages:/home/mikks/crazyflie_mapping_demo/ros2_ws/install/velocity_free_consensus/lib/python3.12/site-packages:/home/mikks/crazyflie_mapping_demo/ros2_ws/install/stepwise_lowpos/lib/python3.12/site-packages:/home/mikks/crazyflie_mapping_demo/ros2_ws/install/step_wise_lowpos/lib/python3.12/site-packages:/home/mikks/crazyflie_mapping_demo/ros2_ws/install/second_order_formation_control/lib/python3.12/site-packages:/home/mikks/crazyflie_mapping_demo/ros2_ws/install/ros_gz_crazyflie_control/lib/python3.12/site-packages:/home/mikks/crazyflie_mapping_demo/ros2_ws/install/mixed_fractional_consensus/lib/python3.12/site-packages:/home/mikks/crazyflie_mapping_demo/ros2_ws/install/lowest_pos/lib/python3.12/site-packages:/home/mikks/crazyflie_mapping_demo/ros2_ws/install/linear_consensus/lib/python3.12/site-packages:/home/mikks/crazyflie_mapping_demo/ros2_ws/install/highest_pos/lib/python3.12/site-packages:/home/mikks/crazyflie_mapping_demo/ros2_ws/install/fractional_consensus_alpha/lib/python3.12/site-packages:/home/mikks/crazyflie_mapping_demo/ros2_ws/install/event_triggered_swarm/lib/python3.12/site-packages:/home/mikks/crazyflie_mapping_demo/ros2_ws/install/drone_logger/lib/python3.12/site-packages:/home/mikks/crazyflie_mapping_demo/ros2_ws/install/distributed_average_tracking/lib/python3.12/site-packages:/home/mikks/crazyflie_mapping_demo/ros2_ws/install/crazyflie_swarm_logic/lib/python3.12/site-packages:/home/mikks/crazyflie_mapping_demo/ros2_ws/install/crazyflie_sim/lib/python3.12/site-packages:/home/mikks/crazyflie_mapping_demo/ros2_ws/install/crazyflie_ros2_multiranger_wall_following/lib/python3.12/site-packages:/home/mikks/crazyflie_mapping_demo/ros2_ws/install/crazyflie_ros2_multiranger_simple_mapper/lib/python3.12/site-packages:/home/mikks/crazyflie_mapping_demo/ros2_ws/install/crazyflie_examples/lib/python3.12/site-packages:/home/mikks/crazyflie_mapping_demo/ros2_ws/install/crazyflie_py/lib/python3.12/site-packages:/home/mikks/crazyflie_mapping_demo/ros2_ws/install/crazyflie_interfaces/lib/python3.12/site-packages:/home/mikks/crazyflie_mapping_demo/ros2_ws/install/cooperative_target_centric_formation/lib/python3.12/site-packages:/home/mikks/crazyflie_mapping_demo/ros2_ws/install/containment_using_agent_information/lib/python3.12/site-packages:/home/mikks/crazyflie_mapping_demo/ros2_ws/install/consensus_for_double_integrator/lib/python3.12/site-packages:/home/mikks/crazyflie_mapping_demo/ros2_ws/install/consensus_alignment/lib/python3.12/site-packages:/home/mikks/crazyflie_mapping_demo/ros2_ws/install/binary_consensus/lib/python3.12/site-packages:/home/mikks/crazyflie_mapping_demo/ros2_ws/install/Second_Order_Min_Consensus_for_Heterogeneous_Agents/lib/python3.12/site-packages:/home/mikks/crazyflie_mapping_demo/ros2_ws/install/BinaryContainmentChain/lib/python3.12/site-packages:/opt/ros/jazzy/lib/python3.12/site-packages /usr/bin/cmake --install /home/mikks/ros2_px4_ws/build/example_global_navigation_cpp
[3.949s] Level 1:colcon.colcon_core.environment:checking '/home/mikks/ros2_px4_ws/install/example_global_navigation_cpp' for CMake config files
[3.949s] Level 1:colcon.colcon_core.shell:create_environment_hook('example_global_navigation_cpp', 'cmake_prefix_path')
[3.950s] INFO:colcon.colcon_core.shell:Creating environment hook '/home/mikks/ros2_px4_ws/install/example_global_navigation_cpp/share/example_global_navigation_cpp/hook/cmake_prefix_path.ps1'
[3.950s] INFO:colcon.colcon_core.shell:Creating environment descriptor '/home/mikks/ros2_px4_ws/install/example_global_navigation_cpp/share/example_global_navigation_cpp/hook/cmake_prefix_path.dsv'
[3.951s] INFO:colcon.colcon_core.shell:Creating environment hook '/home/mikks/ros2_px4_ws/install/example_global_navigation_cpp/share/example_global_navigation_cpp/hook/cmake_prefix_path.sh'
[3.951s] Level 1:colcon.colcon_core.environment:checking '/home/mikks/ros2_px4_ws/install/example_global_navigation_cpp/lib'
[3.951s] Level 1:colcon.colcon_core.environment:checking '/home/mikks/ros2_px4_ws/install/example_global_navigation_cpp/bin'
[3.951s] Level 1:colcon.colcon_core.environment:checking '/home/mikks/ros2_px4_ws/install/example_global_navigation_cpp/lib/pkgconfig/example_global_navigation_cpp.pc'
[3.952s] Level 1:colcon.colcon_core.environment:checking '/home/mikks/ros2_px4_ws/install/example_global_navigation_cpp/lib/python3.12/site-packages'
[3.952s] Level 1:colcon.colcon_core.environment:checking '/home/mikks/ros2_px4_ws/install/example_global_navigation_cpp/bin'
[3.953s] INFO:colcon.colcon_core.shell:Creating package script '/home/mikks/ros2_px4_ws/install/example_global_navigation_cpp/share/example_global_navigation_cpp/package.ps1'
[3.953s] INFO:colcon.colcon_core.shell:Creating package descriptor '/home/mikks/ros2_px4_ws/install/example_global_navigation_cpp/share/example_global_navigation_cpp/package.dsv'
[3.954s] INFO:colcon.colcon_core.shell:Creating package script '/home/mikks/ros2_px4_ws/install/example_global_navigation_cpp/share/example_global_navigation_cpp/package.sh'
[3.954s] INFO:colcon.colcon_core.shell:Creating package script '/home/mikks/ros2_px4_ws/install/example_global_navigation_cpp/share/example_global_navigation_cpp/package.bash'
[3.955s] INFO:colcon.colcon_core.shell:Creating package script '/home/mikks/ros2_px4_ws/install/example_global_navigation_cpp/share/example_global_navigation_cpp/package.zsh'
[3.955s] Level 1:colcon.colcon_core.environment:create_file_with_runtime_dependencies(/home/mikks/ros2_px4_ws/install/example_global_navigation_cpp/share/colcon-core/packages/example_global_navigation_cpp)
[3.956s] Level 1:colcon.colcon_core.environment:create_environment_scripts_only(example_global_navigation_cpp)
[3.956s] Level 1:colcon.colcon_core.environment:checking '/home/mikks/ros2_px4_ws/install/example_global_navigation_cpp' for CMake module files
[3.957s] Level 1:colcon.colcon_core.environment:checking '/home/mikks/ros2_px4_ws/install/example_global_navigation_cpp' for CMake config files
[3.957s] Level 1:colcon.colcon_core.shell:create_environment_hook('example_global_navigation_cpp', 'cmake_prefix_path')
[3.957s] INFO:colcon.colcon_core.shell:Creating environment hook '/home/mikks/ros2_px4_ws/install/example_global_navigation_cpp/share/example_global_navigation_cpp/hook/cmake_prefix_path.ps1'
[3.958s] INFO:colcon.colcon_core.shell:Creating environment descriptor '/home/mikks/ros2_px4_ws/install/example_global_navigation_cpp/share/example_global_navigation_cpp/hook/cmake_prefix_path.dsv'
[3.958s] INFO:colcon.colcon_core.shell:Creating environment hook '/home/mikks/ros2_px4_ws/install/example_global_navigation_cpp/share/example_global_navigation_cpp/hook/cmake_prefix_path.sh'
[3.959s] Level 1:colcon.colcon_core.environment:checking '/home/mikks/ros2_px4_ws/install/example_global_navigation_cpp/lib'
[3.959s] Level 1:colcon.colcon_core.environment:checking '/home/mikks/ros2_px4_ws/install/example_global_navigation_cpp/bin'
[3.959s] Level 1:colcon.colcon_core.environment:checking '/home/mikks/ros2_px4_ws/install/example_global_navigation_cpp/lib/pkgconfig/example_global_navigation_cpp.pc'
[3.960s] Level 1:colcon.colcon_core.environment:checking '/home/mikks/ros2_px4_ws/install/example_global_navigation_cpp/lib/python3.12/site-packages'
[3.960s] Level 1:colcon.colcon_core.environment:checking '/home/mikks/ros2_px4_ws/install/example_global_navigation_cpp/bin'
[3.960s] INFO:colcon.colcon_core.shell:Creating package script '/home/mikks/ros2_px4_ws/install/example_global_navigation_cpp/share/example_global_navigation_cpp/package.ps1'
[3.961s] INFO:colcon.colcon_core.shell:Creating package descriptor '/home/mikks/ros2_px4_ws/install/example_global_navigation_cpp/share/example_global_navigation_cpp/package.dsv'
[3.961s] INFO:colcon.colcon_core.shell:Creating package script '/home/mikks/ros2_px4_ws/install/example_global_navigation_cpp/share/example_global_navigation_cpp/package.sh'
[3.962s] INFO:colcon.colcon_core.shell:Creating package script '/home/mikks/ros2_px4_ws/install/example_global_navigation_cpp/share/example_global_navigation_cpp/package.bash'
[3.962s] INFO:colcon.colcon_core.shell:Creating package script '/home/mikks/ros2_px4_ws/install/example_global_navigation_cpp/share/example_global_navigation_cpp/package.zsh'
[3.963s] Level 1:colcon.colcon_core.environment:create_file_with_runtime_dependencies(/home/mikks/ros2_px4_ws/install/example_global_navigation_cpp/share/colcon-core/packages/example_global_navigation_cpp)
[3.964s] INFO:colcon.colcon_ros.task.ament_cmake.build:Building ROS package in '/home/mikks/ros2_px4_ws/src/px4-ros2-interface-lib/examples/cpp/modes/vtol' with build type 'ament_cmake'
[3.964s] INFO:colcon.colcon_cmake.task.cmake.build:Building CMake package in '/home/mikks/ros2_px4_ws/src/px4-ros2-interface-lib/examples/cpp/modes/vtol'
[3.965s] INFO:colcon.colcon_core.shell:Skip shell extension 'powershell' for command environment: Not usable outside of PowerShell
[3.965s] DEBUG:colcon.colcon_core.shell:Skip shell extension 'dsv' for command environment
[3.978s] DEBUG:colcon.colcon_core.event_handler.log_command:Invoked command in '/home/mikks/ros2_px4_ws/build/example_mode_goto_global_cpp' returned '0': CMAKE_PREFIX_PATH=/home/mikks/ros2_px4_ws/install/px4_ros2_cpp:/home/mikks/ros2_px4_ws/install/px4_msgs:/home/mikks/ros2_px4_ws/install/px4_ros_com:/home/mikks/ros2_px4_ws/install/px4_ros2_py:/home/mikks/ros2_px4_ws/install/example_rover_velocity_mode_cpp:/home/mikks/ros2_px4_ws/install/example_mode_with_executor_cpp:/home/mikks/ros2_px4_ws/install/example_mode_vtol_cpp:/home/mikks/ros2_px4_ws/install/example_mode_rtl_replacement_cpp:/home/mikks/ros2_px4_ws/install/example_mode_mission_cpp:/home/mikks/ros2_px4_ws/install/example_mode_manual_cpp:/home/mikks/ros2_px4_ws/install/example_mode_goto_global_cpp:/home/mikks/ros2_px4_ws/install/example_mode_goto_cpp:/home/mikks/ros2_px4_ws/install/example_mode_fw_attitude_cpp:/home/mikks/ros2_px4_ws/install/example_local_navigation_cpp:/home/mikks/ros2_px4_ws/install/example_global_navigation_cpp:/home/mikks/ros2_px4_ws/install/example_executor_with_multiple_modes_cpp:/home/mikks/crazyflie_mapping_demo/ros2_ws/install/crazyflie_ros2_multiranger_bringup:/home/mikks/crazyflie_mapping_demo/ros2_ws/install/ros_gz_crazyflie_bringup:/home/mikks/crazyflie_mapping_demo/ros2_ws/install/ros_gz_crazyflie_gazebo:/home/mikks/crazyflie_mapping_demo/ros2_ws/install/crazyflie_sim:/home/mikks/crazyflie_mapping_demo/ros2_ws/install/crazyflie_examples:/home/mikks/crazyflie_mapping_demo/ros2_ws/install/crazyflie:/home/mikks/crazyflie_mapping_demo/ros2_ws/install/crazyflie_interfaces:/opt/ros/jazzy/opt/gz_sim_vendor:/opt/ros/jazzy/opt/gz_sensors_vendor:/opt/ros/jazzy/opt/gz_physics_vendor:/opt/ros/jazzy/opt/sdformat_vendor:/opt/ros/jazzy/opt/gz_gui_vendor:/opt/ros/jazzy/opt/gz_transport_vendor:/opt/ros/jazzy/opt/gz_rendering_vendor:/opt/ros/jazzy/opt/gz_plugin_vendor:/opt/ros/jazzy/opt/gz_fuel_tools_vendor:/opt/ros/jazzy/opt/gz_msgs_vendor:/opt/ros/jazzy/opt/gz_common_vendor:/opt/ros/jazzy/opt/gz_math_vendor:/opt/ros/jazzy/opt/gz_utils_vendor:/opt/ros/jazzy/opt/gz_tools_vendor:/opt/ros/jazzy/opt/gz_ogre_next_vendor:/opt/ros/jazzy/opt/gz_dartsim_vendor:/opt/ros/jazzy/opt/gz_cmake_vendor:/home/mikks/ros2_px4_ws/install/x500_hover_controller:/home/mikks/ros2_px4_ws/install/example_mode_with_rclpy_py:/home/mikks/ros2_px4_ws/install/example_mode_goto_py:/home/mikks/ros2_px4_ws/install/px4_actuator_ctrl:/home/mikks/ros2_ws/install/rover_desc_description:/home/mikks/ros2_ws/install/px4_actuator_ctrl:/home/mikks/ros2_ws/install/mine_rover_description:/home/mikks/ros2_ws/install/ZerionURDFV5cp_description:/home/mikks/crazyflie_mapping_demo/ros2_ws/install/velocity_free_consensus:/home/mikks/crazyflie_mapping_demo/ros2_ws/install/stepwise_lowpos:/home/mikks/crazyflie_mapping_demo/ros2_ws/install/step_wise_lowpos:/home/mikks/crazyflie_mapping_demo/ros2_ws/install/second_order_formation_control:/home/mikks/crazyflie_mapping_demo/ros2_ws/install/ros_gz_crazyflie_control:/home/mikks/crazyflie_mapping_demo/ros2_ws/install/mixed_fractional_consensus:/home/mikks/crazyflie_mapping_demo/ros2_ws/install/lowest_pos:/home/mikks/crazyflie_mapping_demo/ros2_ws/install/linear_consensus:/home/mikks/crazyflie_mapping_demo/ros2_ws/install/highest_pos:/home/mikks/crazyflie_mapping_demo/ros2_ws/install/fractional_consensus_alpha:/home/mikks/crazyflie_mapping_demo/ros2_ws/install/event_triggered_swarm:/home/mikks/crazyflie_mapping_demo/ros2_ws/install/drone_logger:/home/mikks/crazyflie_mapping_demo/ros2_ws/install/distributed_average_tracking:/home/mikks/crazyflie_mapping_demo/ros2_ws/install/crazyflie_swarm_logic:/home/mikks/crazyflie_mapping_demo/ros2_ws/install/crazyflie_ros2_multiranger_wall_following:/home/mikks/crazyflie_mapping_demo/ros2_ws/install/crazyflie_ros2_multiranger_simple_mapper:/home/mikks/crazyflie_mapping_demo/ros2_ws/install/crazyflie_py:/home/mikks/crazyflie_mapping_demo/ros2_ws/install/cooperative_target_centric_formation:/home/mikks/crazyflie_mapping_demo/ros2_ws/install/containment_using_agent_information:/home/mikks/crazyflie_mapping_demo/ros2_ws/install/consensus_for_double_integrator:/home/mikks/crazyflie_mapping_demo/ros2_ws/install/consensus_alignment:/home/mikks/crazyflie_mapping_demo/ros2_ws/install/binary_consensus:/home/mikks/crazyflie_mapping_demo/ros2_ws/install/Second_Order_Min_Consensus_for_Heterogeneous_Agents:/home/mikks/crazyflie_mapping_demo/ros2_ws/install/BinaryContainmentChain:/opt/ros/jazzy DEBUGINFOD_URLS=https://debuginfod.ubuntu.com LD_LIBRARY_PATH=/home/mikks/ros2_px4_ws/install/px4_ros2_cpp/lib:/home/mikks/ros2_px4_ws/install/px4_msgs/lib:/home/mikks/ros2_px4_ws/install/px4_ros_com/lib:/home/mikks/NatNet_SDK_4.3_ubuntu/lib:/home/mikks/crazyflie_mapping_demo/ros2_ws/install/crazyflie_interfaces/lib:/opt/ros/jazzy/opt/gz_sim_vendor/lib:/opt/ros/jazzy/opt/gz_sensors_vendor/lib:/opt/ros/jazzy/opt/gz_physics_vendor/lib:/opt/ros/jazzy/opt/sdformat_vendor/lib:/opt/ros/jazzy/opt/rviz_ogre_vendor/lib:/opt/ros/jazzy/lib/x86_64-linux-gnu:/opt/ros/jazzy/opt/gz_gui_vendor/lib:/opt/ros/jazzy/opt/gz_transport_vendor/lib:/opt/ros/jazzy/opt/gz_rendering_vendor/lib:/opt/ros/jazzy/opt/gz_plugin_vendor/lib:/opt/ros/jazzy/opt/gz_fuel_tools_vendor/lib:/opt/ros/jazzy/opt/gz_msgs_vendor/lib:/opt/ros/jazzy/opt/gz_common_vendor/lib:/opt/ros/jazzy/opt/gz_math_vendor/lib:/opt/ros/jazzy/opt/gz_utils_vendor/lib:/opt/ros/jazzy/opt/gz_tools_vendor/lib:/opt/ros/jazzy/opt/gz_ogre_next_vendor/lib:/opt/ros/jazzy/opt/gz_dartsim_vendor/lib:/opt/ros/jazzy/opt/gz_cmake_vendor/lib:/opt/ros/jazzy/lib PYTHONPATH=/home/mikks/ros2_px4_ws/install/px4_msgs/lib/python3.12/site-packages:/home/mikks/ros2_px4_ws/build/x500_hover_controller:/home/mikks/ros2_px4_ws/install/x500_hover_controller/lib/python3.12/site-packages:/home/mikks/ros2_px4_ws/install/px4_ros_com/lib/python3.12/site-packages:/home/mikks/ros2_px4_ws/build/example_mode_with_rclpy_py:/home/mikks/ros2_px4_ws/install/example_mode_with_rclpy_py/lib/python3.12/site-packages:/home/mikks/ros2_px4_ws/build/example_mode_goto_py:/home/mikks/ros2_px4_ws/install/example_mode_goto_py/lib/python3.12/site-packages:/home/mikks/ros2_px4_ws/install/px4_ros2_py/lib/python3.12/site-packages:/home/mikks/ros2_px4_ws/build/px4_actuator_ctrl:/home/mikks/ros2_px4_ws/install/px4_actuator_ctrl/lib/python3.12/site-packages:/home/mikks/ros2_ws/build/rover_desc_description:/home/mikks/ros2_ws/install/rover_desc_description/lib/python3.12/site-packages:/home/mikks/ros2_ws/install/px4_actuator_ctrl/lib/python3.12/site-packages:/home/mikks/ros2_ws/build/mine_rover_description:/home/mikks/ros2_ws/install/mine_rover_description/lib/python3.12/site-packages:/home/mikks/ros2_ws/build/ZerionURDFV5cp_description:/home/mikks/ros2_ws/install/ZerionURDFV5cp_description/lib/python3.12/site-packages:/home/mikks/crazyflie_mapping_demo/ros2_ws/install/velocity_free_consensus/lib/python3.12/site-packages:/home/mikks/crazyflie_mapping_demo/ros2_ws/install/stepwise_lowpos/lib/python3.12/site-packages:/home/mikks/crazyflie_mapping_demo/ros2_ws/install/step_wise_lowpos/lib/python3.12/site-packages:/home/mikks/crazyflie_mapping_demo/ros2_ws/install/second_order_formation_control/lib/python3.12/site-packages:/home/mikks/crazyflie_mapping_demo/ros2_ws/install/ros_gz_crazyflie_control/lib/python3.12/site-packages:/home/mikks/crazyflie_mapping_demo/ros2_ws/install/mixed_fractional_consensus/lib/python3.12/site-packages:/home/mikks/crazyflie_mapping_demo/ros2_ws/install/lowest_pos/lib/python3.12/site-packages:/home/mikks/crazyflie_mapping_demo/ros2_ws/install/linear_consensus/lib/python3.12/site-packages:/home/mikks/crazyflie_mapping_demo/ros2_ws/install/highest_pos/lib/python3.12/site-packages:/home/mikks/crazyflie_mapping_demo/ros2_ws/install/fractional_consensus_alpha/lib/python3.12/site-packages:/home/mikks/crazyflie_mapping_demo/ros2_ws/install/event_triggered_swarm/lib/python3.12/site-packages:/home/mikks/crazyflie_mapping_demo/ros2_ws/install/drone_logger/lib/python3.12/site-packages:/home/mikks/crazyflie_mapping_demo/ros2_ws/install/distributed_average_tracking/lib/python3.12/site-packages:/home/mikks/crazyflie_mapping_demo/ros2_ws/install/crazyflie_swarm_logic/lib/python3.12/site-packages:/home/mikks/crazyflie_mapping_demo/ros2_ws/install/crazyflie_sim/lib/python3.12/site-packages:/home/mikks/crazyflie_mapping_demo/ros2_ws/install/crazyflie_ros2_multiranger_wall_following/lib/python3.12/site-packages:/home/mikks/crazyflie_mapping_demo/ros2_ws/install/crazyflie_ros2_multiranger_simple_mapper/lib/python3.12/site-packages:/home/mikks/crazyflie_mapping_demo/ros2_ws/install/crazyflie_examples/lib/python3.12/site-packages:/home/mikks/crazyflie_mapping_demo/ros2_ws/install/crazyflie_py/lib/python3.12/site-packages:/home/mikks/crazyflie_mapping_demo/ros2_ws/install/crazyflie_interfaces/lib/python3.12/site-packages:/home/mikks/crazyflie_mapping_demo/ros2_ws/install/cooperative_target_centric_formation/lib/python3.12/site-packages:/home/mikks/crazyflie_mapping_demo/ros2_ws/install/containment_using_agent_information/lib/python3.12/site-packages:/home/mikks/crazyflie_mapping_demo/ros2_ws/install/consensus_for_double_integrator/lib/python3.12/site-packages:/home/mikks/crazyflie_mapping_demo/ros2_ws/install/consensus_alignment/lib/python3.12/site-packages:/home/mikks/crazyflie_mapping_demo/ros2_ws/install/binary_consensus/lib/python3.12/site-packages:/home/mikks/crazyflie_mapping_demo/ros2_ws/install/Second_Order_Min_Consensus_for_Heterogeneous_Agents/lib/python3.12/site-packages:/home/mikks/crazyflie_mapping_demo/ros2_ws/install/BinaryContainmentChain/lib/python3.12/site-packages:/opt/ros/jazzy/lib/python3.12/site-packages /usr/bin/cmake --build /home/mikks/ros2_px4_ws/build/example_mode_goto_global_cpp -- -j12 -l12
[3.980s] DEBUG:colcon.colcon_core.event_handler.log_command:Invoking command in '/home/mikks/ros2_px4_ws/build/example_mode_goto_global_cpp': CMAKE_PREFIX_PATH=/home/mikks/ros2_px4_ws/install/px4_ros2_cpp:/home/mikks/ros2_px4_ws/install/px4_msgs:/home/mikks/ros2_px4_ws/install/px4_ros_com:/home/mikks/ros2_px4_ws/install/px4_ros2_py:/home/mikks/ros2_px4_ws/install/example_rover_velocity_mode_cpp:/home/mikks/ros2_px4_ws/install/example_mode_with_executor_cpp:/home/mikks/ros2_px4_ws/install/example_mode_vtol_cpp:/home/mikks/ros2_px4_ws/install/example_mode_rtl_replacement_cpp:/home/mikks/ros2_px4_ws/install/example_mode_mission_cpp:/home/mikks/ros2_px4_ws/install/example_mode_manual_cpp:/home/mikks/ros2_px4_ws/install/example_mode_goto_global_cpp:/home/mikks/ros2_px4_ws/install/example_mode_goto_cpp:/home/mikks/ros2_px4_ws/install/example_mode_fw_attitude_cpp:/home/mikks/ros2_px4_ws/install/example_local_navigation_cpp:/home/mikks/ros2_px4_ws/install/example_global_navigation_cpp:/home/mikks/ros2_px4_ws/install/example_executor_with_multiple_modes_cpp:/home/mikks/crazyflie_mapping_demo/ros2_ws/install/crazyflie_ros2_multiranger_bringup:/home/mikks/crazyflie_mapping_demo/ros2_ws/install/ros_gz_crazyflie_bringup:/home/mikks/crazyflie_mapping_demo/ros2_ws/install/ros_gz_crazyflie_gazebo:/home/mikks/crazyflie_mapping_demo/ros2_ws/install/crazyflie_sim:/home/mikks/crazyflie_mapping_demo/ros2_ws/install/crazyflie_examples:/home/mikks/crazyflie_mapping_demo/ros2_ws/install/crazyflie:/home/mikks/crazyflie_mapping_demo/ros2_ws/install/crazyflie_interfaces:/opt/ros/jazzy/opt/gz_sim_vendor:/opt/ros/jazzy/opt/gz_sensors_vendor:/opt/ros/jazzy/opt/gz_physics_vendor:/opt/ros/jazzy/opt/sdformat_vendor:/opt/ros/jazzy/opt/gz_gui_vendor:/opt/ros/jazzy/opt/gz_transport_vendor:/opt/ros/jazzy/opt/gz_rendering_vendor:/opt/ros/jazzy/opt/gz_plugin_vendor:/opt/ros/jazzy/opt/gz_fuel_tools_vendor:/opt/ros/jazzy/opt/gz_msgs_vendor:/opt/ros/jazzy/opt/gz_common_vendor:/opt/ros/jazzy/opt/gz_math_vendor:/opt/ros/jazzy/opt/gz_utils_vendor:/opt/ros/jazzy/opt/gz_tools_vendor:/opt/ros/jazzy/opt/gz_ogre_next_vendor:/opt/ros/jazzy/opt/gz_dartsim_vendor:/opt/ros/jazzy/opt/gz_cmake_vendor:/home/mikks/ros2_px4_ws/install/x500_hover_controller:/home/mikks/ros2_px4_ws/install/example_mode_with_rclpy_py:/home/mikks/ros2_px4_ws/install/example_mode_goto_py:/home/mikks/ros2_px4_ws/install/px4_actuator_ctrl:/home/mikks/ros2_ws/install/rover_desc_description:/home/mikks/ros2_ws/install/px4_actuator_ctrl:/home/mikks/ros2_ws/install/mine_rover_description:/home/mikks/ros2_ws/install/ZerionURDFV5cp_description:/home/mikks/crazyflie_mapping_demo/ros2_ws/install/velocity_free_consensus:/home/mikks/crazyflie_mapping_demo/ros2_ws/install/stepwise_lowpos:/home/mikks/crazyflie_mapping_demo/ros2_ws/install/step_wise_lowpos:/home/mikks/crazyflie_mapping_demo/ros2_ws/install/second_order_formation_control:/home/mikks/crazyflie_mapping_demo/ros2_ws/install/ros_gz_crazyflie_control:/home/mikks/crazyflie_mapping_demo/ros2_ws/install/mixed_fractional_consensus:/home/mikks/crazyflie_mapping_demo/ros2_ws/install/lowest_pos:/home/mikks/crazyflie_mapping_demo/ros2_ws/install/linear_consensus:/home/mikks/crazyflie_mapping_demo/ros2_ws/install/highest_pos:/home/mikks/crazyflie_mapping_demo/ros2_ws/install/fractional_consensus_alpha:/home/mikks/crazyflie_mapping_demo/ros2_ws/install/event_triggered_swarm:/home/mikks/crazyflie_mapping_demo/ros2_ws/install/drone_logger:/home/mikks/crazyflie_mapping_demo/ros2_ws/install/distributed_average_tracking:/home/mikks/crazyflie_mapping_demo/ros2_ws/install/crazyflie_swarm_logic:/home/mikks/crazyflie_mapping_demo/ros2_ws/install/crazyflie_ros2_multiranger_wall_following:/home/mikks/crazyflie_mapping_demo/ros2_ws/install/crazyflie_ros2_multiranger_simple_mapper:/home/mikks/crazyflie_mapping_demo/ros2_ws/install/crazyflie_py:/home/mikks/crazyflie_mapping_demo/ros2_ws/install/cooperative_target_centric_formation:/home/mikks/crazyflie_mapping_demo/ros2_ws/install/containment_using_agent_information:/home/mikks/crazyflie_mapping_demo/ros2_ws/install/consensus_for_double_integrator:/home/mikks/crazyflie_mapping_demo/ros2_ws/install/consensus_alignment:/home/mikks/crazyflie_mapping_demo/ros2_ws/install/binary_consensus:/home/mikks/crazyflie_mapping_demo/ros2_ws/install/Second_Order_Min_Consensus_for_Heterogeneous_Agents:/home/mikks/crazyflie_mapping_demo/ros2_ws/install/BinaryContainmentChain:/opt/ros/jazzy DEBUGINFOD_URLS=https://debuginfod.ubuntu.com LD_LIBRARY_PATH=/home/mikks/ros2_px4_ws/install/px4_ros2_cpp/lib:/home/mikks/ros2_px4_ws/install/px4_msgs/lib:/home/mikks/ros2_px4_ws/install/px4_ros_com/lib:/home/mikks/NatNet_SDK_4.3_ubuntu/lib:/home/mikks/crazyflie_mapping_demo/ros2_ws/install/crazyflie_interfaces/lib:/opt/ros/jazzy/opt/gz_sim_vendor/lib:/opt/ros/jazzy/opt/gz_sensors_vendor/lib:/opt/ros/jazzy/opt/gz_physics_vendor/lib:/opt/ros/jazzy/opt/sdformat_vendor/lib:/opt/ros/jazzy/opt/rviz_ogre_vendor/lib:/opt/ros/jazzy/lib/x86_64-linux-gnu:/opt/ros/jazzy/opt/gz_gui_vendor/lib:/opt/ros/jazzy/opt/gz_transport_vendor/lib:/opt/ros/jazzy/opt/gz_rendering_vendor/lib:/opt/ros/jazzy/opt/gz_plugin_vendor/lib:/opt/ros/jazzy/opt/gz_fuel_tools_vendor/lib:/opt/ros/jazzy/opt/gz_msgs_vendor/lib:/opt/ros/jazzy/opt/gz_common_vendor/lib:/opt/ros/jazzy/opt/gz_math_vendor/lib:/opt/ros/jazzy/opt/gz_utils_vendor/lib:/opt/ros/jazzy/opt/gz_tools_vendor/lib:/opt/ros/jazzy/opt/gz_ogre_next_vendor/lib:/opt/ros/jazzy/opt/gz_dartsim_vendor/lib:/opt/ros/jazzy/opt/gz_cmake_vendor/lib:/opt/ros/jazzy/lib PYTHONPATH=/home/mikks/ros2_px4_ws/install/px4_msgs/lib/python3.12/site-packages:/home/mikks/ros2_px4_ws/build/x500_hover_controller:/home/mikks/ros2_px4_ws/install/x500_hover_controller/lib/python3.12/site-packages:/home/mikks/ros2_px4_ws/install/px4_ros_com/lib/python3.12/site-packages:/home/mikks/ros2_px4_ws/build/example_mode_with_rclpy_py:/home/mikks/ros2_px4_ws/install/example_mode_with_rclpy_py/lib/python3.12/site-packages:/home/mikks/ros2_px4_ws/build/example_mode_goto_py:/home/mikks/ros2_px4_ws/install/example_mode_goto_py/lib/python3.12/site-packages:/home/mikks/ros2_px4_ws/install/px4_ros2_py/lib/python3.12/site-packages:/home/mikks/ros2_px4_ws/build/px4_actuator_ctrl:/home/mikks/ros2_px4_ws/install/px4_actuator_ctrl/lib/python3.12/site-packages:/home/mikks/ros2_ws/build/rover_desc_description:/home/mikks/ros2_ws/install/rover_desc_description/lib/python3.12/site-packages:/home/mikks/ros2_ws/install/px4_actuator_ctrl/lib/python3.12/site-packages:/home/mikks/ros2_ws/build/mine_rover_description:/home/mikks/ros2_ws/install/mine_rover_description/lib/python3.12/site-packages:/home/mikks/ros2_ws/build/ZerionURDFV5cp_description:/home/mikks/ros2_ws/install/ZerionURDFV5cp_description/lib/python3.12/site-packages:/home/mikks/crazyflie_mapping_demo/ros2_ws/install/velocity_free_consensus/lib/python3.12/site-packages:/home/mikks/crazyflie_mapping_demo/ros2_ws/install/stepwise_lowpos/lib/python3.12/site-packages:/home/mikks/crazyflie_mapping_demo/ros2_ws/install/step_wise_lowpos/lib/python3.12/site-packages:/home/mikks/crazyflie_mapping_demo/ros2_ws/install/second_order_formation_control/lib/python3.12/site-packages:/home/mikks/crazyflie_mapping_demo/ros2_ws/install/ros_gz_crazyflie_control/lib/python3.12/site-packages:/home/mikks/crazyflie_mapping_demo/ros2_ws/install/mixed_fractional_consensus/lib/python3.12/site-packages:/home/mikks/crazyflie_mapping_demo/ros2_ws/install/lowest_pos/lib/python3.12/site-packages:/home/mikks/crazyflie_mapping_demo/ros2_ws/install/linear_consensus/lib/python3.12/site-packages:/home/mikks/crazyflie_mapping_demo/ros2_ws/install/highest_pos/lib/python3.12/site-packages:/home/mikks/crazyflie_mapping_demo/ros2_ws/install/fractional_consensus_alpha/lib/python3.12/site-packages:/home/mikks/crazyflie_mapping_demo/ros2_ws/install/event_triggered_swarm/lib/python3.12/site-packages:/home/mikks/crazyflie_mapping_demo/ros2_ws/install/drone_logger/lib/python3.12/site-packages:/home/mikks/crazyflie_mapping_demo/ros2_ws/install/distributed_average_tracking/lib/python3.12/site-packages:/home/mikks/crazyflie_mapping_demo/ros2_ws/install/crazyflie_swarm_logic/lib/python3.12/site-packages:/home/mikks/crazyflie_mapping_demo/ros2_ws/install/crazyflie_sim/lib/python3.12/site-packages:/home/mikks/crazyflie_mapping_demo/ros2_ws/install/crazyflie_ros2_multiranger_wall_following/lib/python3.12/site-packages:/home/mikks/crazyflie_mapping_demo/ros2_ws/install/crazyflie_ros2_multiranger_simple_mapper/lib/python3.12/site-packages:/home/mikks/crazyflie_mapping_demo/ros2_ws/install/crazyflie_examples/lib/python3.12/site-packages:/home/mikks/crazyflie_mapping_demo/ros2_ws/install/crazyflie_py/lib/python3.12/site-packages:/home/mikks/crazyflie_mapping_demo/ros2_ws/install/crazyflie_interfaces/lib/python3.12/site-packages:/home/mikks/crazyflie_mapping_demo/ros2_ws/install/cooperative_target_centric_formation/lib/python3.12/site-packages:/home/mikks/crazyflie_mapping_demo/ros2_ws/install/containment_using_agent_information/lib/python3.12/site-packages:/home/mikks/crazyflie_mapping_demo/ros2_ws/install/consensus_for_double_integrator/lib/python3.12/site-packages:/home/mikks/crazyflie_mapping_demo/ros2_ws/install/consensus_alignment/lib/python3.12/site-packages:/home/mikks/crazyflie_mapping_demo/ros2_ws/install/binary_consensus/lib/python3.12/site-packages:/home/mikks/crazyflie_mapping_demo/ros2_ws/install/Second_Order_Min_Consensus_for_Heterogeneous_Agents/lib/python3.12/site-packages:/home/mikks/crazyflie_mapping_demo/ros2_ws/install/BinaryContainmentChain/lib/python3.12/site-packages:/opt/ros/jazzy/lib/python3.12/site-packages /usr/bin/cmake --install /home/mikks/ros2_px4_ws/build/example_mode_goto_global_cpp
[3.980s] DEBUG:colcon.colcon_core.event_handler.log_command:Invoked command in '/home/mikks/ros2_px4_ws/build/example_mode_mission_cpp' returned '0': CMAKE_PREFIX_PATH=/home/mikks/ros2_px4_ws/install/px4_ros2_cpp:/home/mikks/ros2_px4_ws/install/px4_msgs:/home/mikks/ros2_px4_ws/install/px4_ros_com:/home/mikks/ros2_px4_ws/install/px4_ros2_py:/home/mikks/ros2_px4_ws/install/example_rover_velocity_mode_cpp:/home/mikks/ros2_px4_ws/install/example_mode_with_executor_cpp:/home/mikks/ros2_px4_ws/install/example_mode_vtol_cpp:/home/mikks/ros2_px4_ws/install/example_mode_rtl_replacement_cpp:/home/mikks/ros2_px4_ws/install/example_mode_mission_cpp:/home/mikks/ros2_px4_ws/install/example_mode_manual_cpp:/home/mikks/ros2_px4_ws/install/example_mode_goto_global_cpp:/home/mikks/ros2_px4_ws/install/example_mode_goto_cpp:/home/mikks/ros2_px4_ws/install/example_mode_fw_attitude_cpp:/home/mikks/ros2_px4_ws/install/example_local_navigation_cpp:/home/mikks/ros2_px4_ws/install/example_global_navigation_cpp:/home/mikks/ros2_px4_ws/install/example_executor_with_multiple_modes_cpp:/home/mikks/crazyflie_mapping_demo/ros2_ws/install/crazyflie_ros2_multiranger_bringup:/home/mikks/crazyflie_mapping_demo/ros2_ws/install/ros_gz_crazyflie_bringup:/home/mikks/crazyflie_mapping_demo/ros2_ws/install/ros_gz_crazyflie_gazebo:/home/mikks/crazyflie_mapping_demo/ros2_ws/install/crazyflie_sim:/home/mikks/crazyflie_mapping_demo/ros2_ws/install/crazyflie_examples:/home/mikks/crazyflie_mapping_demo/ros2_ws/install/crazyflie:/home/mikks/crazyflie_mapping_demo/ros2_ws/install/crazyflie_interfaces:/opt/ros/jazzy/opt/gz_sim_vendor:/opt/ros/jazzy/opt/gz_sensors_vendor:/opt/ros/jazzy/opt/gz_physics_vendor:/opt/ros/jazzy/opt/sdformat_vendor:/opt/ros/jazzy/opt/gz_gui_vendor:/opt/ros/jazzy/opt/gz_transport_vendor:/opt/ros/jazzy/opt/gz_rendering_vendor:/opt/ros/jazzy/opt/gz_plugin_vendor:/opt/ros/jazzy/opt/gz_fuel_tools_vendor:/opt/ros/jazzy/opt/gz_msgs_vendor:/opt/ros/jazzy/opt/gz_common_vendor:/opt/ros/jazzy/opt/gz_math_vendor:/opt/ros/jazzy/opt/gz_utils_vendor:/opt/ros/jazzy/opt/gz_tools_vendor:/opt/ros/jazzy/opt/gz_ogre_next_vendor:/opt/ros/jazzy/opt/gz_dartsim_vendor:/opt/ros/jazzy/opt/gz_cmake_vendor:/home/mikks/ros2_px4_ws/install/x500_hover_controller:/home/mikks/ros2_px4_ws/install/example_mode_with_rclpy_py:/home/mikks/ros2_px4_ws/install/example_mode_goto_py:/home/mikks/ros2_px4_ws/install/px4_actuator_ctrl:/home/mikks/ros2_ws/install/rover_desc_description:/home/mikks/ros2_ws/install/px4_actuator_ctrl:/home/mikks/ros2_ws/install/mine_rover_description:/home/mikks/ros2_ws/install/ZerionURDFV5cp_description:/home/mikks/crazyflie_mapping_demo/ros2_ws/install/velocity_free_consensus:/home/mikks/crazyflie_mapping_demo/ros2_ws/install/stepwise_lowpos:/home/mikks/crazyflie_mapping_demo/ros2_ws/install/step_wise_lowpos:/home/mikks/crazyflie_mapping_demo/ros2_ws/install/second_order_formation_control:/home/mikks/crazyflie_mapping_demo/ros2_ws/install/ros_gz_crazyflie_control:/home/mikks/crazyflie_mapping_demo/ros2_ws/install/mixed_fractional_consensus:/home/mikks/crazyflie_mapping_demo/ros2_ws/install/lowest_pos:/home/mikks/crazyflie_mapping_demo/ros2_ws/install/linear_consensus:/home/mikks/crazyflie_mapping_demo/ros2_ws/install/highest_pos:/home/mikks/crazyflie_mapping_demo/ros2_ws/install/fractional_consensus_alpha:/home/mikks/crazyflie_mapping_demo/ros2_ws/install/event_triggered_swarm:/home/mikks/crazyflie_mapping_demo/ros2_ws/install/drone_logger:/home/mikks/crazyflie_mapping_demo/ros2_ws/install/distributed_average_tracking:/home/mikks/crazyflie_mapping_demo/ros2_ws/install/crazyflie_swarm_logic:/home/mikks/crazyflie_mapping_demo/ros2_ws/install/crazyflie_ros2_multiranger_wall_following:/home/mikks/crazyflie_mapping_demo/ros2_ws/install/crazyflie_ros2_multiranger_simple_mapper:/home/mikks/crazyflie_mapping_demo/ros2_ws/install/crazyflie_py:/home/mikks/crazyflie_mapping_demo/ros2_ws/install/cooperative_target_centric_formation:/home/mikks/crazyflie_mapping_demo/ros2_ws/install/containment_using_agent_information:/home/mikks/crazyflie_mapping_demo/ros2_ws/install/consensus_for_double_integrator:/home/mikks/crazyflie_mapping_demo/ros2_ws/install/consensus_alignment:/home/mikks/crazyflie_mapping_demo/ros2_ws/install/binary_consensus:/home/mikks/crazyflie_mapping_demo/ros2_ws/install/Second_Order_Min_Consensus_for_Heterogeneous_Agents:/home/mikks/crazyflie_mapping_demo/ros2_ws/install/BinaryContainmentChain:/opt/ros/jazzy DEBUGINFOD_URLS=https://debuginfod.ubuntu.com LD_LIBRARY_PATH=/home/mikks/ros2_px4_ws/install/px4_ros2_cpp/lib:/home/mikks/ros2_px4_ws/install/px4_msgs/lib:/home/mikks/ros2_px4_ws/install/px4_ros_com/lib:/home/mikks/NatNet_SDK_4.3_ubuntu/lib:/home/mikks/crazyflie_mapping_demo/ros2_ws/install/crazyflie_interfaces/lib:/opt/ros/jazzy/opt/gz_sim_vendor/lib:/opt/ros/jazzy/opt/gz_sensors_vendor/lib:/opt/ros/jazzy/opt/gz_physics_vendor/lib:/opt/ros/jazzy/opt/sdformat_vendor/lib:/opt/ros/jazzy/opt/rviz_ogre_vendor/lib:/opt/ros/jazzy/lib/x86_64-linux-gnu:/opt/ros/jazzy/opt/gz_gui_vendor/lib:/opt/ros/jazzy/opt/gz_transport_vendor/lib:/opt/ros/jazzy/opt/gz_rendering_vendor/lib:/opt/ros/jazzy/opt/gz_plugin_vendor/lib:/opt/ros/jazzy/opt/gz_fuel_tools_vendor/lib:/opt/ros/jazzy/opt/gz_msgs_vendor/lib:/opt/ros/jazzy/opt/gz_common_vendor/lib:/opt/ros/jazzy/opt/gz_math_vendor/lib:/opt/ros/jazzy/opt/gz_utils_vendor/lib:/opt/ros/jazzy/opt/gz_tools_vendor/lib:/opt/ros/jazzy/opt/gz_ogre_next_vendor/lib:/opt/ros/jazzy/opt/gz_dartsim_vendor/lib:/opt/ros/jazzy/opt/gz_cmake_vendor/lib:/opt/ros/jazzy/lib PYTHONPATH=/home/mikks/ros2_px4_ws/install/px4_msgs/lib/python3.12/site-packages:/home/mikks/ros2_px4_ws/build/x500_hover_controller:/home/mikks/ros2_px4_ws/install/x500_hover_controller/lib/python3.12/site-packages:/home/mikks/ros2_px4_ws/install/px4_ros_com/lib/python3.12/site-packages:/home/mikks/ros2_px4_ws/build/example_mode_with_rclpy_py:/home/mikks/ros2_px4_ws/install/example_mode_with_rclpy_py/lib/python3.12/site-packages:/home/mikks/ros2_px4_ws/build/example_mode_goto_py:/home/mikks/ros2_px4_ws/install/example_mode_goto_py/lib/python3.12/site-packages:/home/mikks/ros2_px4_ws/install/px4_ros2_py/lib/python3.12/site-packages:/home/mikks/ros2_px4_ws/build/px4_actuator_ctrl:/home/mikks/ros2_px4_ws/install/px4_actuator_ctrl/lib/python3.12/site-packages:/home/mikks/ros2_ws/build/rover_desc_description:/home/mikks/ros2_ws/install/rover_desc_description/lib/python3.12/site-packages:/home/mikks/ros2_ws/install/px4_actuator_ctrl/lib/python3.12/site-packages:/home/mikks/ros2_ws/build/mine_rover_description:/home/mikks/ros2_ws/install/mine_rover_description/lib/python3.12/site-packages:/home/mikks/ros2_ws/build/ZerionURDFV5cp_description:/home/mikks/ros2_ws/install/ZerionURDFV5cp_description/lib/python3.12/site-packages:/home/mikks/crazyflie_mapping_demo/ros2_ws/install/velocity_free_consensus/lib/python3.12/site-packages:/home/mikks/crazyflie_mapping_demo/ros2_ws/install/stepwise_lowpos/lib/python3.12/site-packages:/home/mikks/crazyflie_mapping_demo/ros2_ws/install/step_wise_lowpos/lib/python3.12/site-packages:/home/mikks/crazyflie_mapping_demo/ros2_ws/install/second_order_formation_control/lib/python3.12/site-packages:/home/mikks/crazyflie_mapping_demo/ros2_ws/install/ros_gz_crazyflie_control/lib/python3.12/site-packages:/home/mikks/crazyflie_mapping_demo/ros2_ws/install/mixed_fractional_consensus/lib/python3.12/site-packages:/home/mikks/crazyflie_mapping_demo/ros2_ws/install/lowest_pos/lib/python3.12/site-packages:/home/mikks/crazyflie_mapping_demo/ros2_ws/install/linear_consensus/lib/python3.12/site-packages:/home/mikks/crazyflie_mapping_demo/ros2_ws/install/highest_pos/lib/python3.12/site-packages:/home/mikks/crazyflie_mapping_demo/ros2_ws/install/fractional_consensus_alpha/lib/python3.12/site-packages:/home/mikks/crazyflie_mapping_demo/ros2_ws/install/event_triggered_swarm/lib/python3.12/site-packages:/home/mikks/crazyflie_mapping_demo/ros2_ws/install/drone_logger/lib/python3.12/site-packages:/home/mikks/crazyflie_mapping_demo/ros2_ws/install/distributed_average_tracking/lib/python3.12/site-packages:/home/mikks/crazyflie_mapping_demo/ros2_ws/install/crazyflie_swarm_logic/lib/python3.12/site-packages:/home/mikks/crazyflie_mapping_demo/ros2_ws/install/crazyflie_sim/lib/python3.12/site-packages:/home/mikks/crazyflie_mapping_demo/ros2_ws/install/crazyflie_ros2_multiranger_wall_following/lib/python3.12/site-packages:/home/mikks/crazyflie_mapping_demo/ros2_ws/install/crazyflie_ros2_multiranger_simple_mapper/lib/python3.12/site-packages:/home/mikks/crazyflie_mapping_demo/ros2_ws/install/crazyflie_examples/lib/python3.12/site-packages:/home/mikks/crazyflie_mapping_demo/ros2_ws/install/crazyflie_py/lib/python3.12/site-packages:/home/mikks/crazyflie_mapping_demo/ros2_ws/install/crazyflie_interfaces/lib/python3.12/site-packages:/home/mikks/crazyflie_mapping_demo/ros2_ws/install/cooperative_target_centric_formation/lib/python3.12/site-packages:/home/mikks/crazyflie_mapping_demo/ros2_ws/install/containment_using_agent_information/lib/python3.12/site-packages:/home/mikks/crazyflie_mapping_demo/ros2_ws/install/consensus_for_double_integrator/lib/python3.12/site-packages:/home/mikks/crazyflie_mapping_demo/ros2_ws/install/consensus_alignment/lib/python3.12/site-packages:/home/mikks/crazyflie_mapping_demo/ros2_ws/install/binary_consensus/lib/python3.12/site-packages:/home/mikks/crazyflie_mapping_demo/ros2_ws/install/Second_Order_Min_Consensus_for_Heterogeneous_Agents/lib/python3.12/site-packages:/home/mikks/crazyflie_mapping_demo/ros2_ws/install/BinaryContainmentChain/lib/python3.12/site-packages:/opt/ros/jazzy/lib/python3.12/site-packages /usr/bin/cmake --build /home/mikks/ros2_px4_ws/build/example_mode_mission_cpp -- -j12 -l12
[3.981s] Level 1:colcon.colcon_core.environment:create_environment_scripts_only(example_executor_with_multiple_modes_cpp)
[3.982s] Level 1:colcon.colcon_core.environment:checking '/home/mikks/ros2_px4_ws/install/example_executor_with_multiple_modes_cpp' for CMake module files
[3.982s] DEBUG:colcon.colcon_core.event_handler.log_command:Invoking command in '/home/mikks/ros2_px4_ws/build/example_mode_mission_cpp': CMAKE_PREFIX_PATH=/home/mikks/ros2_px4_ws/install/px4_ros2_cpp:/home/mikks/ros2_px4_ws/install/px4_msgs:/home/mikks/ros2_px4_ws/install/px4_ros_com:/home/mikks/ros2_px4_ws/install/px4_ros2_py:/home/mikks/ros2_px4_ws/install/example_rover_velocity_mode_cpp:/home/mikks/ros2_px4_ws/install/example_mode_with_executor_cpp:/home/mikks/ros2_px4_ws/install/example_mode_vtol_cpp:/home/mikks/ros2_px4_ws/install/example_mode_rtl_replacement_cpp:/home/mikks/ros2_px4_ws/install/example_mode_mission_cpp:/home/mikks/ros2_px4_ws/install/example_mode_manual_cpp:/home/mikks/ros2_px4_ws/install/example_mode_goto_global_cpp:/home/mikks/ros2_px4_ws/install/example_mode_goto_cpp:/home/mikks/ros2_px4_ws/install/example_mode_fw_attitude_cpp:/home/mikks/ros2_px4_ws/install/example_local_navigation_cpp:/home/mikks/ros2_px4_ws/install/example_global_navigation_cpp:/home/mikks/ros2_px4_ws/install/example_executor_with_multiple_modes_cpp:/home/mikks/crazyflie_mapping_demo/ros2_ws/install/crazyflie_ros2_multiranger_bringup:/home/mikks/crazyflie_mapping_demo/ros2_ws/install/ros_gz_crazyflie_bringup:/home/mikks/crazyflie_mapping_demo/ros2_ws/install/ros_gz_crazyflie_gazebo:/home/mikks/crazyflie_mapping_demo/ros2_ws/install/crazyflie_sim:/home/mikks/crazyflie_mapping_demo/ros2_ws/install/crazyflie_examples:/home/mikks/crazyflie_mapping_demo/ros2_ws/install/crazyflie:/home/mikks/crazyflie_mapping_demo/ros2_ws/install/crazyflie_interfaces:/opt/ros/jazzy/opt/gz_sim_vendor:/opt/ros/jazzy/opt/gz_sensors_vendor:/opt/ros/jazzy/opt/gz_physics_vendor:/opt/ros/jazzy/opt/sdformat_vendor:/opt/ros/jazzy/opt/gz_gui_vendor:/opt/ros/jazzy/opt/gz_transport_vendor:/opt/ros/jazzy/opt/gz_rendering_vendor:/opt/ros/jazzy/opt/gz_plugin_vendor:/opt/ros/jazzy/opt/gz_fuel_tools_vendor:/opt/ros/jazzy/opt/gz_msgs_vendor:/opt/ros/jazzy/opt/gz_common_vendor:/opt/ros/jazzy/opt/gz_math_vendor:/opt/ros/jazzy/opt/gz_utils_vendor:/opt/ros/jazzy/opt/gz_tools_vendor:/opt/ros/jazzy/opt/gz_ogre_next_vendor:/opt/ros/jazzy/opt/gz_dartsim_vendor:/opt/ros/jazzy/opt/gz_cmake_vendor:/home/mikks/ros2_px4_ws/install/x500_hover_controller:/home/mikks/ros2_px4_ws/install/example_mode_with_rclpy_py:/home/mikks/ros2_px4_ws/install/example_mode_goto_py:/home/mikks/ros2_px4_ws/install/px4_actuator_ctrl:/home/mikks/ros2_ws/install/rover_desc_description:/home/mikks/ros2_ws/install/px4_actuator_ctrl:/home/mikks/ros2_ws/install/mine_rover_description:/home/mikks/ros2_ws/install/ZerionURDFV5cp_description:/home/mikks/crazyflie_mapping_demo/ros2_ws/install/velocity_free_consensus:/home/mikks/crazyflie_mapping_demo/ros2_ws/install/stepwise_lowpos:/home/mikks/crazyflie_mapping_demo/ros2_ws/install/step_wise_lowpos:/home/mikks/crazyflie_mapping_demo/ros2_ws/install/second_order_formation_control:/home/mikks/crazyflie_mapping_demo/ros2_ws/install/ros_gz_crazyflie_control:/home/mikks/crazyflie_mapping_demo/ros2_ws/install/mixed_fractional_consensus:/home/mikks/crazyflie_mapping_demo/ros2_ws/install/lowest_pos:/home/mikks/crazyflie_mapping_demo/ros2_ws/install/linear_consensus:/home/mikks/crazyflie_mapping_demo/ros2_ws/install/highest_pos:/home/mikks/crazyflie_mapping_demo/ros2_ws/install/fractional_consensus_alpha:/home/mikks/crazyflie_mapping_demo/ros2_ws/install/event_triggered_swarm:/home/mikks/crazyflie_mapping_demo/ros2_ws/install/drone_logger:/home/mikks/crazyflie_mapping_demo/ros2_ws/install/distributed_average_tracking:/home/mikks/crazyflie_mapping_demo/ros2_ws/install/crazyflie_swarm_logic:/home/mikks/crazyflie_mapping_demo/ros2_ws/install/crazyflie_ros2_multiranger_wall_following:/home/mikks/crazyflie_mapping_demo/ros2_ws/install/crazyflie_ros2_multiranger_simple_mapper:/home/mikks/crazyflie_mapping_demo/ros2_ws/install/crazyflie_py:/home/mikks/crazyflie_mapping_demo/ros2_ws/install/cooperative_target_centric_formation:/home/mikks/crazyflie_mapping_demo/ros2_ws/install/containment_using_agent_information:/home/mikks/crazyflie_mapping_demo/ros2_ws/install/consensus_for_double_integrator:/home/mikks/crazyflie_mapping_demo/ros2_ws/install/consensus_alignment:/home/mikks/crazyflie_mapping_demo/ros2_ws/install/binary_consensus:/home/mikks/crazyflie_mapping_demo/ros2_ws/install/Second_Order_Min_Consensus_for_Heterogeneous_Agents:/home/mikks/crazyflie_mapping_demo/ros2_ws/install/BinaryContainmentChain:/opt/ros/jazzy DEBUGINFOD_URLS=https://debuginfod.ubuntu.com LD_LIBRARY_PATH=/home/mikks/ros2_px4_ws/install/px4_ros2_cpp/lib:/home/mikks/ros2_px4_ws/install/px4_msgs/lib:/home/mikks/ros2_px4_ws/install/px4_ros_com/lib:/home/mikks/NatNet_SDK_4.3_ubuntu/lib:/home/mikks/crazyflie_mapping_demo/ros2_ws/install/crazyflie_interfaces/lib:/opt/ros/jazzy/opt/gz_sim_vendor/lib:/opt/ros/jazzy/opt/gz_sensors_vendor/lib:/opt/ros/jazzy/opt/gz_physics_vendor/lib:/opt/ros/jazzy/opt/sdformat_vendor/lib:/opt/ros/jazzy/opt/rviz_ogre_vendor/lib:/opt/ros/jazzy/lib/x86_64-linux-gnu:/opt/ros/jazzy/opt/gz_gui_vendor/lib:/opt/ros/jazzy/opt/gz_transport_vendor/lib:/opt/ros/jazzy/opt/gz_rendering_vendor/lib:/opt/ros/jazzy/opt/gz_plugin_vendor/lib:/opt/ros/jazzy/opt/gz_fuel_tools_vendor/lib:/opt/ros/jazzy/opt/gz_msgs_vendor/lib:/opt/ros/jazzy/opt/gz_common_vendor/lib:/opt/ros/jazzy/opt/gz_math_vendor/lib:/opt/ros/jazzy/opt/gz_utils_vendor/lib:/opt/ros/jazzy/opt/gz_tools_vendor/lib:/opt/ros/jazzy/opt/gz_ogre_next_vendor/lib:/opt/ros/jazzy/opt/gz_dartsim_vendor/lib:/opt/ros/jazzy/opt/gz_cmake_vendor/lib:/opt/ros/jazzy/lib PYTHONPATH=/home/mikks/ros2_px4_ws/install/px4_msgs/lib/python3.12/site-packages:/home/mikks/ros2_px4_ws/build/x500_hover_controller:/home/mikks/ros2_px4_ws/install/x500_hover_controller/lib/python3.12/site-packages:/home/mikks/ros2_px4_ws/install/px4_ros_com/lib/python3.12/site-packages:/home/mikks/ros2_px4_ws/build/example_mode_with_rclpy_py:/home/mikks/ros2_px4_ws/install/example_mode_with_rclpy_py/lib/python3.12/site-packages:/home/mikks/ros2_px4_ws/build/example_mode_goto_py:/home/mikks/ros2_px4_ws/install/example_mode_goto_py/lib/python3.12/site-packages:/home/mikks/ros2_px4_ws/install/px4_ros2_py/lib/python3.12/site-packages:/home/mikks/ros2_px4_ws/build/px4_actuator_ctrl:/home/mikks/ros2_px4_ws/install/px4_actuator_ctrl/lib/python3.12/site-packages:/home/mikks/ros2_ws/build/rover_desc_description:/home/mikks/ros2_ws/install/rover_desc_description/lib/python3.12/site-packages:/home/mikks/ros2_ws/install/px4_actuator_ctrl/lib/python3.12/site-packages:/home/mikks/ros2_ws/build/mine_rover_description:/home/mikks/ros2_ws/install/mine_rover_description/lib/python3.12/site-packages:/home/mikks/ros2_ws/build/ZerionURDFV5cp_description:/home/mikks/ros2_ws/install/ZerionURDFV5cp_description/lib/python3.12/site-packages:/home/mikks/crazyflie_mapping_demo/ros2_ws/install/velocity_free_consensus/lib/python3.12/site-packages:/home/mikks/crazyflie_mapping_demo/ros2_ws/install/stepwise_lowpos/lib/python3.12/site-packages:/home/mikks/crazyflie_mapping_demo/ros2_ws/install/step_wise_lowpos/lib/python3.12/site-packages:/home/mikks/crazyflie_mapping_demo/ros2_ws/install/second_order_formation_control/lib/python3.12/site-packages:/home/mikks/crazyflie_mapping_demo/ros2_ws/install/ros_gz_crazyflie_control/lib/python3.12/site-packages:/home/mikks/crazyflie_mapping_demo/ros2_ws/install/mixed_fractional_consensus/lib/python3.12/site-packages:/home/mikks/crazyflie_mapping_demo/ros2_ws/install/lowest_pos/lib/python3.12/site-packages:/home/mikks/crazyflie_mapping_demo/ros2_ws/install/linear_consensus/lib/python3.12/site-packages:/home/mikks/crazyflie_mapping_demo/ros2_ws/install/highest_pos/lib/python3.12/site-packages:/home/mikks/crazyflie_mapping_demo/ros2_ws/install/fractional_consensus_alpha/lib/python3.12/site-packages:/home/mikks/crazyflie_mapping_demo/ros2_ws/install/event_triggered_swarm/lib/python3.12/site-packages:/home/mikks/crazyflie_mapping_demo/ros2_ws/install/drone_logger/lib/python3.12/site-packages:/home/mikks/crazyflie_mapping_demo/ros2_ws/install/distributed_average_tracking/lib/python3.12/site-packages:/home/mikks/crazyflie_mapping_demo/ros2_ws/install/crazyflie_swarm_logic/lib/python3.12/site-packages:/home/mikks/crazyflie_mapping_demo/ros2_ws/install/crazyflie_sim/lib/python3.12/site-packages:/home/mikks/crazyflie_mapping_demo/ros2_ws/install/crazyflie_ros2_multiranger_wall_following/lib/python3.12/site-packages:/home/mikks/crazyflie_mapping_demo/ros2_ws/install/crazyflie_ros2_multiranger_simple_mapper/lib/python3.12/site-packages:/home/mikks/crazyflie_mapping_demo/ros2_ws/install/crazyflie_examples/lib/python3.12/site-packages:/home/mikks/crazyflie_mapping_demo/ros2_ws/install/crazyflie_py/lib/python3.12/site-packages:/home/mikks/crazyflie_mapping_demo/ros2_ws/install/crazyflie_interfaces/lib/python3.12/site-packages:/home/mikks/crazyflie_mapping_demo/ros2_ws/install/cooperative_target_centric_formation/lib/python3.12/site-packages:/home/mikks/crazyflie_mapping_demo/ros2_ws/install/containment_using_agent_information/lib/python3.12/site-packages:/home/mikks/crazyflie_mapping_demo/ros2_ws/install/consensus_for_double_integrator/lib/python3.12/site-packages:/home/mikks/crazyflie_mapping_demo/ros2_ws/install/consensus_alignment/lib/python3.12/site-packages:/home/mikks/crazyflie_mapping_demo/ros2_ws/install/binary_consensus/lib/python3.12/site-packages:/home/mikks/crazyflie_mapping_demo/ros2_ws/install/Second_Order_Min_Consensus_for_Heterogeneous_Agents/lib/python3.12/site-packages:/home/mikks/crazyflie_mapping_demo/ros2_ws/install/BinaryContainmentChain/lib/python3.12/site-packages:/opt/ros/jazzy/lib/python3.12/site-packages /usr/bin/cmake --install /home/mikks/ros2_px4_ws/build/example_mode_mission_cpp
[3.982s] DEBUG:colcon.colcon_core.event_handler.log_command:Invoked command in '/home/mikks/ros2_px4_ws/build/example_executor_with_multiple_modes_cpp' returned '0': CMAKE_PREFIX_PATH=/home/mikks/ros2_px4_ws/install/px4_ros2_cpp:/home/mikks/ros2_px4_ws/install/px4_msgs:/home/mikks/ros2_px4_ws/install/px4_ros_com:/home/mikks/ros2_px4_ws/install/px4_ros2_py:/home/mikks/ros2_px4_ws/install/example_rover_velocity_mode_cpp:/home/mikks/ros2_px4_ws/install/example_mode_with_executor_cpp:/home/mikks/ros2_px4_ws/install/example_mode_vtol_cpp:/home/mikks/ros2_px4_ws/install/example_mode_rtl_replacement_cpp:/home/mikks/ros2_px4_ws/install/example_mode_mission_cpp:/home/mikks/ros2_px4_ws/install/example_mode_manual_cpp:/home/mikks/ros2_px4_ws/install/example_mode_goto_global_cpp:/home/mikks/ros2_px4_ws/install/example_mode_goto_cpp:/home/mikks/ros2_px4_ws/install/example_mode_fw_attitude_cpp:/home/mikks/ros2_px4_ws/install/example_local_navigation_cpp:/home/mikks/ros2_px4_ws/install/example_global_navigation_cpp:/home/mikks/ros2_px4_ws/install/example_executor_with_multiple_modes_cpp:/home/mikks/crazyflie_mapping_demo/ros2_ws/install/crazyflie_ros2_multiranger_bringup:/home/mikks/crazyflie_mapping_demo/ros2_ws/install/ros_gz_crazyflie_bringup:/home/mikks/crazyflie_mapping_demo/ros2_ws/install/ros_gz_crazyflie_gazebo:/home/mikks/crazyflie_mapping_demo/ros2_ws/install/crazyflie_sim:/home/mikks/crazyflie_mapping_demo/ros2_ws/install/crazyflie_examples:/home/mikks/crazyflie_mapping_demo/ros2_ws/install/crazyflie:/home/mikks/crazyflie_mapping_demo/ros2_ws/install/crazyflie_interfaces:/opt/ros/jazzy/opt/gz_sim_vendor:/opt/ros/jazzy/opt/gz_sensors_vendor:/opt/ros/jazzy/opt/gz_physics_vendor:/opt/ros/jazzy/opt/sdformat_vendor:/opt/ros/jazzy/opt/gz_gui_vendor:/opt/ros/jazzy/opt/gz_transport_vendor:/opt/ros/jazzy/opt/gz_rendering_vendor:/opt/ros/jazzy/opt/gz_plugin_vendor:/opt/ros/jazzy/opt/gz_fuel_tools_vendor:/opt/ros/jazzy/opt/gz_msgs_vendor:/opt/ros/jazzy/opt/gz_common_vendor:/opt/ros/jazzy/opt/gz_math_vendor:/opt/ros/jazzy/opt/gz_utils_vendor:/opt/ros/jazzy/opt/gz_tools_vendor:/opt/ros/jazzy/opt/gz_ogre_next_vendor:/opt/ros/jazzy/opt/gz_dartsim_vendor:/opt/ros/jazzy/opt/gz_cmake_vendor:/home/mikks/ros2_px4_ws/install/x500_hover_controller:/home/mikks/ros2_px4_ws/install/example_mode_with_rclpy_py:/home/mikks/ros2_px4_ws/install/example_mode_goto_py:/home/mikks/ros2_px4_ws/install/px4_actuator_ctrl:/home/mikks/ros2_ws/install/rover_desc_description:/home/mikks/ros2_ws/install/px4_actuator_ctrl:/home/mikks/ros2_ws/install/mine_rover_description:/home/mikks/ros2_ws/install/ZerionURDFV5cp_description:/home/mikks/crazyflie_mapping_demo/ros2_ws/install/velocity_free_consensus:/home/mikks/crazyflie_mapping_demo/ros2_ws/install/stepwise_lowpos:/home/mikks/crazyflie_mapping_demo/ros2_ws/install/step_wise_lowpos:/home/mikks/crazyflie_mapping_demo/ros2_ws/install/second_order_formation_control:/home/mikks/crazyflie_mapping_demo/ros2_ws/install/ros_gz_crazyflie_control:/home/mikks/crazyflie_mapping_demo/ros2_ws/install/mixed_fractional_consensus:/home/mikks/crazyflie_mapping_demo/ros2_ws/install/lowest_pos:/home/mikks/crazyflie_mapping_demo/ros2_ws/install/linear_consensus:/home/mikks/crazyflie_mapping_demo/ros2_ws/install/highest_pos:/home/mikks/crazyflie_mapping_demo/ros2_ws/install/fractional_consensus_alpha:/home/mikks/crazyflie_mapping_demo/ros2_ws/install/event_triggered_swarm:/home/mikks/crazyflie_mapping_demo/ros2_ws/install/drone_logger:/home/mikks/crazyflie_mapping_demo/ros2_ws/install/distributed_average_tracking:/home/mikks/crazyflie_mapping_demo/ros2_ws/install/crazyflie_swarm_logic:/home/mikks/crazyflie_mapping_demo/ros2_ws/install/crazyflie_ros2_multiranger_wall_following:/home/mikks/crazyflie_mapping_demo/ros2_ws/install/crazyflie_ros2_multiranger_simple_mapper:/home/mikks/crazyflie_mapping_demo/ros2_ws/install/crazyflie_py:/home/mikks/crazyflie_mapping_demo/ros2_ws/install/cooperative_target_centric_formation:/home/mikks/crazyflie_mapping_demo/ros2_ws/install/containment_using_agent_information:/home/mikks/crazyflie_mapping_demo/ros2_ws/install/consensus_for_double_integrator:/home/mikks/crazyflie_mapping_demo/ros2_ws/install/consensus_alignment:/home/mikks/crazyflie_mapping_demo/ros2_ws/install/binary_consensus:/home/mikks/crazyflie_mapping_demo/ros2_ws/install/Second_Order_Min_Consensus_for_Heterogeneous_Agents:/home/mikks/crazyflie_mapping_demo/ros2_ws/install/BinaryContainmentChain:/opt/ros/jazzy DEBUGINFOD_URLS=https://debuginfod.ubuntu.com LD_LIBRARY_PATH=/home/mikks/ros2_px4_ws/install/px4_ros2_cpp/lib:/home/mikks/ros2_px4_ws/install/px4_msgs/lib:/home/mikks/ros2_px4_ws/install/px4_ros_com/lib:/home/mikks/NatNet_SDK_4.3_ubuntu/lib:/home/mikks/crazyflie_mapping_demo/ros2_ws/install/crazyflie_interfaces/lib:/opt/ros/jazzy/opt/gz_sim_vendor/lib:/opt/ros/jazzy/opt/gz_sensors_vendor/lib:/opt/ros/jazzy/opt/gz_physics_vendor/lib:/opt/ros/jazzy/opt/sdformat_vendor/lib:/opt/ros/jazzy/opt/rviz_ogre_vendor/lib:/opt/ros/jazzy/lib/x86_64-linux-gnu:/opt/ros/jazzy/opt/gz_gui_vendor/lib:/opt/ros/jazzy/opt/gz_transport_vendor/lib:/opt/ros/jazzy/opt/gz_rendering_vendor/lib:/opt/ros/jazzy/opt/gz_plugin_vendor/lib:/opt/ros/jazzy/opt/gz_fuel_tools_vendor/lib:/opt/ros/jazzy/opt/gz_msgs_vendor/lib:/opt/ros/jazzy/opt/gz_common_vendor/lib:/opt/ros/jazzy/opt/gz_math_vendor/lib:/opt/ros/jazzy/opt/gz_utils_vendor/lib:/opt/ros/jazzy/opt/gz_tools_vendor/lib:/opt/ros/jazzy/opt/gz_ogre_next_vendor/lib:/opt/ros/jazzy/opt/gz_dartsim_vendor/lib:/opt/ros/jazzy/opt/gz_cmake_vendor/lib:/opt/ros/jazzy/lib PYTHONPATH=/home/mikks/ros2_px4_ws/install/px4_msgs/lib/python3.12/site-packages:/home/mikks/ros2_px4_ws/build/x500_hover_controller:/home/mikks/ros2_px4_ws/install/x500_hover_controller/lib/python3.12/site-packages:/home/mikks/ros2_px4_ws/install/px4_ros_com/lib/python3.12/site-packages:/home/mikks/ros2_px4_ws/build/example_mode_with_rclpy_py:/home/mikks/ros2_px4_ws/install/example_mode_with_rclpy_py/lib/python3.12/site-packages:/home/mikks/ros2_px4_ws/build/example_mode_goto_py:/home/mikks/ros2_px4_ws/install/example_mode_goto_py/lib/python3.12/site-packages:/home/mikks/ros2_px4_ws/install/px4_ros2_py/lib/python3.12/site-packages:/home/mikks/ros2_px4_ws/build/px4_actuator_ctrl:/home/mikks/ros2_px4_ws/install/px4_actuator_ctrl/lib/python3.12/site-packages:/home/mikks/ros2_ws/build/rover_desc_description:/home/mikks/ros2_ws/install/rover_desc_description/lib/python3.12/site-packages:/home/mikks/ros2_ws/install/px4_actuator_ctrl/lib/python3.12/site-packages:/home/mikks/ros2_ws/build/mine_rover_description:/home/mikks/ros2_ws/install/mine_rover_description/lib/python3.12/site-packages:/home/mikks/ros2_ws/build/ZerionURDFV5cp_description:/home/mikks/ros2_ws/install/ZerionURDFV5cp_description/lib/python3.12/site-packages:/home/mikks/crazyflie_mapping_demo/ros2_ws/install/velocity_free_consensus/lib/python3.12/site-packages:/home/mikks/crazyflie_mapping_demo/ros2_ws/install/stepwise_lowpos/lib/python3.12/site-packages:/home/mikks/crazyflie_mapping_demo/ros2_ws/install/step_wise_lowpos/lib/python3.12/site-packages:/home/mikks/crazyflie_mapping_demo/ros2_ws/install/second_order_formation_control/lib/python3.12/site-packages:/home/mikks/crazyflie_mapping_demo/ros2_ws/install/ros_gz_crazyflie_control/lib/python3.12/site-packages:/home/mikks/crazyflie_mapping_demo/ros2_ws/install/mixed_fractional_consensus/lib/python3.12/site-packages:/home/mikks/crazyflie_mapping_demo/ros2_ws/install/lowest_pos/lib/python3.12/site-packages:/home/mikks/crazyflie_mapping_demo/ros2_ws/install/linear_consensus/lib/python3.12/site-packages:/home/mikks/crazyflie_mapping_demo/ros2_ws/install/highest_pos/lib/python3.12/site-packages:/home/mikks/crazyflie_mapping_demo/ros2_ws/install/fractional_consensus_alpha/lib/python3.12/site-packages:/home/mikks/crazyflie_mapping_demo/ros2_ws/install/event_triggered_swarm/lib/python3.12/site-packages:/home/mikks/crazyflie_mapping_demo/ros2_ws/install/drone_logger/lib/python3.12/site-packages:/home/mikks/crazyflie_mapping_demo/ros2_ws/install/distributed_average_tracking/lib/python3.12/site-packages:/home/mikks/crazyflie_mapping_demo/ros2_ws/install/crazyflie_swarm_logic/lib/python3.12/site-packages:/home/mikks/crazyflie_mapping_demo/ros2_ws/install/crazyflie_sim/lib/python3.12/site-packages:/home/mikks/crazyflie_mapping_demo/ros2_ws/install/crazyflie_ros2_multiranger_wall_following/lib/python3.12/site-packages:/home/mikks/crazyflie_mapping_demo/ros2_ws/install/crazyflie_ros2_multiranger_simple_mapper/lib/python3.12/site-packages:/home/mikks/crazyflie_mapping_demo/ros2_ws/install/crazyflie_examples/lib/python3.12/site-packages:/home/mikks/crazyflie_mapping_demo/ros2_ws/install/crazyflie_py/lib/python3.12/site-packages:/home/mikks/crazyflie_mapping_demo/ros2_ws/install/crazyflie_interfaces/lib/python3.12/site-packages:/home/mikks/crazyflie_mapping_demo/ros2_ws/install/cooperative_target_centric_formation/lib/python3.12/site-packages:/home/mikks/crazyflie_mapping_demo/ros2_ws/install/containment_using_agent_information/lib/python3.12/site-packages:/home/mikks/crazyflie_mapping_demo/ros2_ws/install/consensus_for_double_integrator/lib/python3.12/site-packages:/home/mikks/crazyflie_mapping_demo/ros2_ws/install/consensus_alignment/lib/python3.12/site-packages:/home/mikks/crazyflie_mapping_demo/ros2_ws/install/binary_consensus/lib/python3.12/site-packages:/home/mikks/crazyflie_mapping_demo/ros2_ws/install/Second_Order_Min_Consensus_for_Heterogeneous_Agents/lib/python3.12/site-packages:/home/mikks/crazyflie_mapping_demo/ros2_ws/install/BinaryContainmentChain/lib/python3.12/site-packages:/opt/ros/jazzy/lib/python3.12/site-packages /usr/bin/cmake --install /home/mikks/ros2_px4_ws/build/example_executor_with_multiple_modes_cpp
[3.983s] Level 1:colcon.colcon_core.environment:checking '/home/mikks/ros2_px4_ws/install/example_executor_with_multiple_modes_cpp' for CMake config files
[3.984s] Level 1:colcon.colcon_core.shell:create_environment_hook('example_executor_with_multiple_modes_cpp', 'cmake_prefix_path')
[3.985s] INFO:colcon.colcon_core.shell:Creating environment hook '/home/mikks/ros2_px4_ws/install/example_executor_with_multiple_modes_cpp/share/example_executor_with_multiple_modes_cpp/hook/cmake_prefix_path.ps1'
[3.985s] INFO:colcon.colcon_core.shell:Creating environment descriptor '/home/mikks/ros2_px4_ws/install/example_executor_with_multiple_modes_cpp/share/example_executor_with_multiple_modes_cpp/hook/cmake_prefix_path.dsv'
[3.986s] INFO:colcon.colcon_core.shell:Creating environment hook '/home/mikks/ros2_px4_ws/install/example_executor_with_multiple_modes_cpp/share/example_executor_with_multiple_modes_cpp/hook/cmake_prefix_path.sh'
[3.986s] Level 1:colcon.colcon_core.environment:checking '/home/mikks/ros2_px4_ws/install/example_executor_with_multiple_modes_cpp/lib'
[3.987s] Level 1:colcon.colcon_core.environment:checking '/home/mikks/ros2_px4_ws/install/example_executor_with_multiple_modes_cpp/bin'
[3.987s] Level 1:colcon.colcon_core.environment:checking '/home/mikks/ros2_px4_ws/install/example_executor_with_multiple_modes_cpp/lib/pkgconfig/example_executor_with_multiple_modes_cpp.pc'
[3.987s] Level 1:colcon.colcon_core.environment:checking '/home/mikks/ros2_px4_ws/install/example_executor_with_multiple_modes_cpp/lib/python3.12/site-packages'
[3.987s] Level 1:colcon.colcon_core.environment:checking '/home/mikks/ros2_px4_ws/install/example_executor_with_multiple_modes_cpp/bin'
[3.988s] INFO:colcon.colcon_core.shell:Creating package script '/home/mikks/ros2_px4_ws/install/example_executor_with_multiple_modes_cpp/share/example_executor_with_multiple_modes_cpp/package.ps1'
[3.989s] INFO:colcon.colcon_core.shell:Creating package descriptor '/home/mikks/ros2_px4_ws/install/example_executor_with_multiple_modes_cpp/share/example_executor_with_multiple_modes_cpp/package.dsv'
[3.989s] INFO:colcon.colcon_core.shell:Creating package script '/home/mikks/ros2_px4_ws/install/example_executor_with_multiple_modes_cpp/share/example_executor_with_multiple_modes_cpp/package.sh'
[3.990s] INFO:colcon.colcon_core.shell:Creating package script '/home/mikks/ros2_px4_ws/install/example_executor_with_multiple_modes_cpp/share/example_executor_with_multiple_modes_cpp/package.bash'
[3.991s] INFO:colcon.colcon_core.shell:Creating package script '/home/mikks/ros2_px4_ws/install/example_executor_with_multiple_modes_cpp/share/example_executor_with_multiple_modes_cpp/package.zsh'
[3.991s] Level 1:colcon.colcon_core.environment:create_file_with_runtime_dependencies(/home/mikks/ros2_px4_ws/install/example_executor_with_multiple_modes_cpp/share/colcon-core/packages/example_executor_with_multiple_modes_cpp)
[3.992s] Level 1:colcon.colcon_core.environment:create_environment_scripts_only(example_executor_with_multiple_modes_cpp)
[3.992s] Level 1:colcon.colcon_core.environment:checking '/home/mikks/ros2_px4_ws/install/example_executor_with_multiple_modes_cpp' for CMake module files
[3.994s] Level 1:colcon.colcon_core.environment:checking '/home/mikks/ros2_px4_ws/install/example_executor_with_multiple_modes_cpp' for CMake config files
[3.994s] Level 1:colcon.colcon_core.shell:create_environment_hook('example_executor_with_multiple_modes_cpp', 'cmake_prefix_path')
[3.995s] INFO:colcon.colcon_core.shell:Creating environment hook '/home/mikks/ros2_px4_ws/install/example_executor_with_multiple_modes_cpp/share/example_executor_with_multiple_modes_cpp/hook/cmake_prefix_path.ps1'
[3.995s] INFO:colcon.colcon_core.shell:Creating environment descriptor '/home/mikks/ros2_px4_ws/install/example_executor_with_multiple_modes_cpp/share/example_executor_with_multiple_modes_cpp/hook/cmake_prefix_path.dsv'
[3.996s] INFO:colcon.colcon_core.shell:Creating environment hook '/home/mikks/ros2_px4_ws/install/example_executor_with_multiple_modes_cpp/share/example_executor_with_multiple_modes_cpp/hook/cmake_prefix_path.sh'
[3.996s] Level 1:colcon.colcon_core.environment:checking '/home/mikks/ros2_px4_ws/install/example_executor_with_multiple_modes_cpp/lib'
[3.996s] Level 1:colcon.colcon_core.environment:checking '/home/mikks/ros2_px4_ws/install/example_executor_with_multiple_modes_cpp/bin'
[3.996s] Level 1:colcon.colcon_core.environment:checking '/home/mikks/ros2_px4_ws/install/example_executor_with_multiple_modes_cpp/lib/pkgconfig/example_executor_with_multiple_modes_cpp.pc'
[3.996s] Level 1:colcon.colcon_core.environment:checking '/home/mikks/ros2_px4_ws/install/example_executor_with_multiple_modes_cpp/lib/python3.12/site-packages'
[3.997s] Level 1:colcon.colcon_core.environment:checking '/home/mikks/ros2_px4_ws/install/example_executor_with_multiple_modes_cpp/bin'
[3.997s] INFO:colcon.colcon_core.shell:Creating package script '/home/mikks/ros2_px4_ws/install/example_executor_with_multiple_modes_cpp/share/example_executor_with_multiple_modes_cpp/package.ps1'
[3.998s] INFO:colcon.colcon_core.shell:Creating package descriptor '/home/mikks/ros2_px4_ws/install/example_executor_with_multiple_modes_cpp/share/example_executor_with_multiple_modes_cpp/package.dsv'
[3.998s] INFO:colcon.colcon_core.shell:Creating package script '/home/mikks/ros2_px4_ws/install/example_executor_with_multiple_modes_cpp/share/example_executor_with_multiple_modes_cpp/package.sh'
[3.999s] INFO:colcon.colcon_core.shell:Creating package script '/home/mikks/ros2_px4_ws/install/example_executor_with_multiple_modes_cpp/share/example_executor_with_multiple_modes_cpp/package.bash'
[3.999s] INFO:colcon.colcon_core.shell:Creating package script '/home/mikks/ros2_px4_ws/install/example_executor_with_multiple_modes_cpp/share/example_executor_with_multiple_modes_cpp/package.zsh'
[3.999s] Level 1:colcon.colcon_core.environment:create_file_with_runtime_dependencies(/home/mikks/ros2_px4_ws/install/example_executor_with_multiple_modes_cpp/share/colcon-core/packages/example_executor_with_multiple_modes_cpp)
[4.001s] DEBUG:colcon.colcon_core.event_handler.log_command:Invoked command in '/home/mikks/ros2_px4_ws/build/px4_ros_com' returned '0': CMAKE_PREFIX_PATH=/home/mikks/ros2_px4_ws/install/px4_msgs:/home/mikks/ros2_px4_ws/install/px4_ros_com:/home/mikks/ros2_px4_ws/install/px4_ros2_py:/home/mikks/ros2_px4_ws/install/example_rover_velocity_mode_cpp:/home/mikks/ros2_px4_ws/install/example_mode_with_executor_cpp:/home/mikks/ros2_px4_ws/install/example_mode_vtol_cpp:/home/mikks/ros2_px4_ws/install/example_mode_rtl_replacement_cpp:/home/mikks/ros2_px4_ws/install/example_mode_mission_cpp:/home/mikks/ros2_px4_ws/install/example_mode_manual_cpp:/home/mikks/ros2_px4_ws/install/example_mode_goto_global_cpp:/home/mikks/ros2_px4_ws/install/example_mode_goto_cpp:/home/mikks/ros2_px4_ws/install/example_mode_fw_attitude_cpp:/home/mikks/ros2_px4_ws/install/example_local_navigation_cpp:/home/mikks/ros2_px4_ws/install/example_global_navigation_cpp:/home/mikks/ros2_px4_ws/install/example_executor_with_multiple_modes_cpp:/home/mikks/ros2_px4_ws/install/px4_ros2_cpp:/home/mikks/crazyflie_mapping_demo/ros2_ws/install/crazyflie_ros2_multiranger_bringup:/home/mikks/crazyflie_mapping_demo/ros2_ws/install/ros_gz_crazyflie_bringup:/home/mikks/crazyflie_mapping_demo/ros2_ws/install/ros_gz_crazyflie_gazebo:/home/mikks/crazyflie_mapping_demo/ros2_ws/install/crazyflie_sim:/home/mikks/crazyflie_mapping_demo/ros2_ws/install/crazyflie_examples:/home/mikks/crazyflie_mapping_demo/ros2_ws/install/crazyflie:/home/mikks/crazyflie_mapping_demo/ros2_ws/install/crazyflie_interfaces:/opt/ros/jazzy/opt/gz_sim_vendor:/opt/ros/jazzy/opt/gz_sensors_vendor:/opt/ros/jazzy/opt/gz_physics_vendor:/opt/ros/jazzy/opt/sdformat_vendor:/opt/ros/jazzy/opt/gz_gui_vendor:/opt/ros/jazzy/opt/gz_transport_vendor:/opt/ros/jazzy/opt/gz_rendering_vendor:/opt/ros/jazzy/opt/gz_plugin_vendor:/opt/ros/jazzy/opt/gz_fuel_tools_vendor:/opt/ros/jazzy/opt/gz_msgs_vendor:/opt/ros/jazzy/opt/gz_common_vendor:/opt/ros/jazzy/opt/gz_math_vendor:/opt/ros/jazzy/opt/gz_utils_vendor:/opt/ros/jazzy/opt/gz_tools_vendor:/opt/ros/jazzy/opt/gz_ogre_next_vendor:/opt/ros/jazzy/opt/gz_dartsim_vendor:/opt/ros/jazzy/opt/gz_cmake_vendor:/home/mikks/ros2_px4_ws/install/x500_hover_controller:/home/mikks/ros2_px4_ws/install/example_mode_with_rclpy_py:/home/mikks/ros2_px4_ws/install/example_mode_goto_py:/home/mikks/ros2_px4_ws/install/px4_actuator_ctrl:/home/mikks/ros2_ws/install/rover_desc_description:/home/mikks/ros2_ws/install/px4_actuator_ctrl:/home/mikks/ros2_ws/install/mine_rover_description:/home/mikks/ros2_ws/install/ZerionURDFV5cp_description:/home/mikks/crazyflie_mapping_demo/ros2_ws/install/velocity_free_consensus:/home/mikks/crazyflie_mapping_demo/ros2_ws/install/stepwise_lowpos:/home/mikks/crazyflie_mapping_demo/ros2_ws/install/step_wise_lowpos:/home/mikks/crazyflie_mapping_demo/ros2_ws/install/second_order_formation_control:/home/mikks/crazyflie_mapping_demo/ros2_ws/install/ros_gz_crazyflie_control:/home/mikks/crazyflie_mapping_demo/ros2_ws/install/mixed_fractional_consensus:/home/mikks/crazyflie_mapping_demo/ros2_ws/install/lowest_pos:/home/mikks/crazyflie_mapping_demo/ros2_ws/install/linear_consensus:/home/mikks/crazyflie_mapping_demo/ros2_ws/install/highest_pos:/home/mikks/crazyflie_mapping_demo/ros2_ws/install/fractional_consensus_alpha:/home/mikks/crazyflie_mapping_demo/ros2_ws/install/event_triggered_swarm:/home/mikks/crazyflie_mapping_demo/ros2_ws/install/drone_logger:/home/mikks/crazyflie_mapping_demo/ros2_ws/install/distributed_average_tracking:/home/mikks/crazyflie_mapping_demo/ros2_ws/install/crazyflie_swarm_logic:/home/mikks/crazyflie_mapping_demo/ros2_ws/install/crazyflie_ros2_multiranger_wall_following:/home/mikks/crazyflie_mapping_demo/ros2_ws/install/crazyflie_ros2_multiranger_simple_mapper:/home/mikks/crazyflie_mapping_demo/ros2_ws/install/crazyflie_py:/home/mikks/crazyflie_mapping_demo/ros2_ws/install/cooperative_target_centric_formation:/home/mikks/crazyflie_mapping_demo/ros2_ws/install/containment_using_agent_information:/home/mikks/crazyflie_mapping_demo/ros2_ws/install/consensus_for_double_integrator:/home/mikks/crazyflie_mapping_demo/ros2_ws/install/consensus_alignment:/home/mikks/crazyflie_mapping_demo/ros2_ws/install/binary_consensus:/home/mikks/crazyflie_mapping_demo/ros2_ws/install/Second_Order_Min_Consensus_for_Heterogeneous_Agents:/home/mikks/crazyflie_mapping_demo/ros2_ws/install/BinaryContainmentChain:/opt/ros/jazzy DEBUGINFOD_URLS=https://debuginfod.ubuntu.com LD_LIBRARY_PATH=/home/mikks/ros2_px4_ws/install/px4_msgs/lib:/home/mikks/ros2_px4_ws/install/px4_ros_com/lib:/home/mikks/ros2_px4_ws/install/px4_ros2_cpp/lib:/home/mikks/NatNet_SDK_4.3_ubuntu/lib:/home/mikks/crazyflie_mapping_demo/ros2_ws/install/crazyflie_interfaces/lib:/opt/ros/jazzy/opt/gz_sim_vendor/lib:/opt/ros/jazzy/opt/gz_sensors_vendor/lib:/opt/ros/jazzy/opt/gz_physics_vendor/lib:/opt/ros/jazzy/opt/sdformat_vendor/lib:/opt/ros/jazzy/opt/rviz_ogre_vendor/lib:/opt/ros/jazzy/lib/x86_64-linux-gnu:/opt/ros/jazzy/opt/gz_gui_vendor/lib:/opt/ros/jazzy/opt/gz_transport_vendor/lib:/opt/ros/jazzy/opt/gz_rendering_vendor/lib:/opt/ros/jazzy/opt/gz_plugin_vendor/lib:/opt/ros/jazzy/opt/gz_fuel_tools_vendor/lib:/opt/ros/jazzy/opt/gz_msgs_vendor/lib:/opt/ros/jazzy/opt/gz_common_vendor/lib:/opt/ros/jazzy/opt/gz_math_vendor/lib:/opt/ros/jazzy/opt/gz_utils_vendor/lib:/opt/ros/jazzy/opt/gz_tools_vendor/lib:/opt/ros/jazzy/opt/gz_ogre_next_vendor/lib:/opt/ros/jazzy/opt/gz_dartsim_vendor/lib:/opt/ros/jazzy/opt/gz_cmake_vendor/lib:/opt/ros/jazzy/lib PYTHONPATH=/home/mikks/ros2_px4_ws/install/px4_msgs/lib/python3.12/site-packages:/home/mikks/ros2_px4_ws/build/x500_hover_controller:/home/mikks/ros2_px4_ws/install/x500_hover_controller/lib/python3.12/site-packages:/home/mikks/ros2_px4_ws/install/px4_ros_com/lib/python3.12/site-packages:/home/mikks/ros2_px4_ws/build/example_mode_with_rclpy_py:/home/mikks/ros2_px4_ws/install/example_mode_with_rclpy_py/lib/python3.12/site-packages:/home/mikks/ros2_px4_ws/build/example_mode_goto_py:/home/mikks/ros2_px4_ws/install/example_mode_goto_py/lib/python3.12/site-packages:/home/mikks/ros2_px4_ws/install/px4_ros2_py/lib/python3.12/site-packages:/home/mikks/ros2_px4_ws/build/px4_actuator_ctrl:/home/mikks/ros2_px4_ws/install/px4_actuator_ctrl/lib/python3.12/site-packages:/home/mikks/ros2_ws/build/rover_desc_description:/home/mikks/ros2_ws/install/rover_desc_description/lib/python3.12/site-packages:/home/mikks/ros2_ws/install/px4_actuator_ctrl/lib/python3.12/site-packages:/home/mikks/ros2_ws/build/mine_rover_description:/home/mikks/ros2_ws/install/mine_rover_description/lib/python3.12/site-packages:/home/mikks/ros2_ws/build/ZerionURDFV5cp_description:/home/mikks/ros2_ws/install/ZerionURDFV5cp_description/lib/python3.12/site-packages:/home/mikks/crazyflie_mapping_demo/ros2_ws/install/velocity_free_consensus/lib/python3.12/site-packages:/home/mikks/crazyflie_mapping_demo/ros2_ws/install/stepwise_lowpos/lib/python3.12/site-packages:/home/mikks/crazyflie_mapping_demo/ros2_ws/install/step_wise_lowpos/lib/python3.12/site-packages:/home/mikks/crazyflie_mapping_demo/ros2_ws/install/second_order_formation_control/lib/python3.12/site-packages:/home/mikks/crazyflie_mapping_demo/ros2_ws/install/ros_gz_crazyflie_control/lib/python3.12/site-packages:/home/mikks/crazyflie_mapping_demo/ros2_ws/install/mixed_fractional_consensus/lib/python3.12/site-packages:/home/mikks/crazyflie_mapping_demo/ros2_ws/install/lowest_pos/lib/python3.12/site-packages:/home/mikks/crazyflie_mapping_demo/ros2_ws/install/linear_consensus/lib/python3.12/site-packages:/home/mikks/crazyflie_mapping_demo/ros2_ws/install/highest_pos/lib/python3.12/site-packages:/home/mikks/crazyflie_mapping_demo/ros2_ws/install/fractional_consensus_alpha/lib/python3.12/site-packages:/home/mikks/crazyflie_mapping_demo/ros2_ws/install/event_triggered_swarm/lib/python3.12/site-packages:/home/mikks/crazyflie_mapping_demo/ros2_ws/install/drone_logger/lib/python3.12/site-packages:/home/mikks/crazyflie_mapping_demo/ros2_ws/install/distributed_average_tracking/lib/python3.12/site-packages:/home/mikks/crazyflie_mapping_demo/ros2_ws/install/crazyflie_swarm_logic/lib/python3.12/site-packages:/home/mikks/crazyflie_mapping_demo/ros2_ws/install/crazyflie_sim/lib/python3.12/site-packages:/home/mikks/crazyflie_mapping_demo/ros2_ws/install/crazyflie_ros2_multiranger_wall_following/lib/python3.12/site-packages:/home/mikks/crazyflie_mapping_demo/ros2_ws/install/crazyflie_ros2_multiranger_simple_mapper/lib/python3.12/site-packages:/home/mikks/crazyflie_mapping_demo/ros2_ws/install/crazyflie_examples/lib/python3.12/site-packages:/home/mikks/crazyflie_mapping_demo/ros2_ws/install/crazyflie_py/lib/python3.12/site-packages:/home/mikks/crazyflie_mapping_demo/ros2_ws/install/crazyflie_interfaces/lib/python3.12/site-packages:/home/mikks/crazyflie_mapping_demo/ros2_ws/install/cooperative_target_centric_formation/lib/python3.12/site-packages:/home/mikks/crazyflie_mapping_demo/ros2_ws/install/containment_using_agent_information/lib/python3.12/site-packages:/home/mikks/crazyflie_mapping_demo/ros2_ws/install/consensus_for_double_integrator/lib/python3.12/site-packages:/home/mikks/crazyflie_mapping_demo/ros2_ws/install/consensus_alignment/lib/python3.12/site-packages:/home/mikks/crazyflie_mapping_demo/ros2_ws/install/binary_consensus/lib/python3.12/site-packages:/home/mikks/crazyflie_mapping_demo/ros2_ws/install/Second_Order_Min_Consensus_for_Heterogeneous_Agents/lib/python3.12/site-packages:/home/mikks/crazyflie_mapping_demo/ros2_ws/install/BinaryContainmentChain/lib/python3.12/site-packages:/opt/ros/jazzy/lib/python3.12/site-packages /usr/bin/cmake --build /home/mikks/ros2_px4_ws/build/px4_ros_com -- -j12 -l12
[4.002s] DEBUG:colcon.colcon_core.event_handler.log_command:Invoking command in '/home/mikks/ros2_px4_ws/build/px4_ros_com': CMAKE_PREFIX_PATH=/home/mikks/ros2_px4_ws/install/px4_msgs:/home/mikks/ros2_px4_ws/install/px4_ros_com:/home/mikks/ros2_px4_ws/install/px4_ros2_py:/home/mikks/ros2_px4_ws/install/example_rover_velocity_mode_cpp:/home/mikks/ros2_px4_ws/install/example_mode_with_executor_cpp:/home/mikks/ros2_px4_ws/install/example_mode_vtol_cpp:/home/mikks/ros2_px4_ws/install/example_mode_rtl_replacement_cpp:/home/mikks/ros2_px4_ws/install/example_mode_mission_cpp:/home/mikks/ros2_px4_ws/install/example_mode_manual_cpp:/home/mikks/ros2_px4_ws/install/example_mode_goto_global_cpp:/home/mikks/ros2_px4_ws/install/example_mode_goto_cpp:/home/mikks/ros2_px4_ws/install/example_mode_fw_attitude_cpp:/home/mikks/ros2_px4_ws/install/example_local_navigation_cpp:/home/mikks/ros2_px4_ws/install/example_global_navigation_cpp:/home/mikks/ros2_px4_ws/install/example_executor_with_multiple_modes_cpp:/home/mikks/ros2_px4_ws/install/px4_ros2_cpp:/home/mikks/crazyflie_mapping_demo/ros2_ws/install/crazyflie_ros2_multiranger_bringup:/home/mikks/crazyflie_mapping_demo/ros2_ws/install/ros_gz_crazyflie_bringup:/home/mikks/crazyflie_mapping_demo/ros2_ws/install/ros_gz_crazyflie_gazebo:/home/mikks/crazyflie_mapping_demo/ros2_ws/install/crazyflie_sim:/home/mikks/crazyflie_mapping_demo/ros2_ws/install/crazyflie_examples:/home/mikks/crazyflie_mapping_demo/ros2_ws/install/crazyflie:/home/mikks/crazyflie_mapping_demo/ros2_ws/install/crazyflie_interfaces:/opt/ros/jazzy/opt/gz_sim_vendor:/opt/ros/jazzy/opt/gz_sensors_vendor:/opt/ros/jazzy/opt/gz_physics_vendor:/opt/ros/jazzy/opt/sdformat_vendor:/opt/ros/jazzy/opt/gz_gui_vendor:/opt/ros/jazzy/opt/gz_transport_vendor:/opt/ros/jazzy/opt/gz_rendering_vendor:/opt/ros/jazzy/opt/gz_plugin_vendor:/opt/ros/jazzy/opt/gz_fuel_tools_vendor:/opt/ros/jazzy/opt/gz_msgs_vendor:/opt/ros/jazzy/opt/gz_common_vendor:/opt/ros/jazzy/opt/gz_math_vendor:/opt/ros/jazzy/opt/gz_utils_vendor:/opt/ros/jazzy/opt/gz_tools_vendor:/opt/ros/jazzy/opt/gz_ogre_next_vendor:/opt/ros/jazzy/opt/gz_dartsim_vendor:/opt/ros/jazzy/opt/gz_cmake_vendor:/home/mikks/ros2_px4_ws/install/x500_hover_controller:/home/mikks/ros2_px4_ws/install/example_mode_with_rclpy_py:/home/mikks/ros2_px4_ws/install/example_mode_goto_py:/home/mikks/ros2_px4_ws/install/px4_actuator_ctrl:/home/mikks/ros2_ws/install/rover_desc_description:/home/mikks/ros2_ws/install/px4_actuator_ctrl:/home/mikks/ros2_ws/install/mine_rover_description:/home/mikks/ros2_ws/install/ZerionURDFV5cp_description:/home/mikks/crazyflie_mapping_demo/ros2_ws/install/velocity_free_consensus:/home/mikks/crazyflie_mapping_demo/ros2_ws/install/stepwise_lowpos:/home/mikks/crazyflie_mapping_demo/ros2_ws/install/step_wise_lowpos:/home/mikks/crazyflie_mapping_demo/ros2_ws/install/second_order_formation_control:/home/mikks/crazyflie_mapping_demo/ros2_ws/install/ros_gz_crazyflie_control:/home/mikks/crazyflie_mapping_demo/ros2_ws/install/mixed_fractional_consensus:/home/mikks/crazyflie_mapping_demo/ros2_ws/install/lowest_pos:/home/mikks/crazyflie_mapping_demo/ros2_ws/install/linear_consensus:/home/mikks/crazyflie_mapping_demo/ros2_ws/install/highest_pos:/home/mikks/crazyflie_mapping_demo/ros2_ws/install/fractional_consensus_alpha:/home/mikks/crazyflie_mapping_demo/ros2_ws/install/event_triggered_swarm:/home/mikks/crazyflie_mapping_demo/ros2_ws/install/drone_logger:/home/mikks/crazyflie_mapping_demo/ros2_ws/install/distributed_average_tracking:/home/mikks/crazyflie_mapping_demo/ros2_ws/install/crazyflie_swarm_logic:/home/mikks/crazyflie_mapping_demo/ros2_ws/install/crazyflie_ros2_multiranger_wall_following:/home/mikks/crazyflie_mapping_demo/ros2_ws/install/crazyflie_ros2_multiranger_simple_mapper:/home/mikks/crazyflie_mapping_demo/ros2_ws/install/crazyflie_py:/home/mikks/crazyflie_mapping_demo/ros2_ws/install/cooperative_target_centric_formation:/home/mikks/crazyflie_mapping_demo/ros2_ws/install/containment_using_agent_information:/home/mikks/crazyflie_mapping_demo/ros2_ws/install/consensus_for_double_integrator:/home/mikks/crazyflie_mapping_demo/ros2_ws/install/consensus_alignment:/home/mikks/crazyflie_mapping_demo/ros2_ws/install/binary_consensus:/home/mikks/crazyflie_mapping_demo/ros2_ws/install/Second_Order_Min_Consensus_for_Heterogeneous_Agents:/home/mikks/crazyflie_mapping_demo/ros2_ws/install/BinaryContainmentChain:/opt/ros/jazzy DEBUGINFOD_URLS=https://debuginfod.ubuntu.com LD_LIBRARY_PATH=/home/mikks/ros2_px4_ws/install/px4_msgs/lib:/home/mikks/ros2_px4_ws/install/px4_ros_com/lib:/home/mikks/ros2_px4_ws/install/px4_ros2_cpp/lib:/home/mikks/NatNet_SDK_4.3_ubuntu/lib:/home/mikks/crazyflie_mapping_demo/ros2_ws/install/crazyflie_interfaces/lib:/opt/ros/jazzy/opt/gz_sim_vendor/lib:/opt/ros/jazzy/opt/gz_sensors_vendor/lib:/opt/ros/jazzy/opt/gz_physics_vendor/lib:/opt/ros/jazzy/opt/sdformat_vendor/lib:/opt/ros/jazzy/opt/rviz_ogre_vendor/lib:/opt/ros/jazzy/lib/x86_64-linux-gnu:/opt/ros/jazzy/opt/gz_gui_vendor/lib:/opt/ros/jazzy/opt/gz_transport_vendor/lib:/opt/ros/jazzy/opt/gz_rendering_vendor/lib:/opt/ros/jazzy/opt/gz_plugin_vendor/lib:/opt/ros/jazzy/opt/gz_fuel_tools_vendor/lib:/opt/ros/jazzy/opt/gz_msgs_vendor/lib:/opt/ros/jazzy/opt/gz_common_vendor/lib:/opt/ros/jazzy/opt/gz_math_vendor/lib:/opt/ros/jazzy/opt/gz_utils_vendor/lib:/opt/ros/jazzy/opt/gz_tools_vendor/lib:/opt/ros/jazzy/opt/gz_ogre_next_vendor/lib:/opt/ros/jazzy/opt/gz_dartsim_vendor/lib:/opt/ros/jazzy/opt/gz_cmake_vendor/lib:/opt/ros/jazzy/lib PYTHONPATH=/home/mikks/ros2_px4_ws/install/px4_msgs/lib/python3.12/site-packages:/home/mikks/ros2_px4_ws/build/x500_hover_controller:/home/mikks/ros2_px4_ws/install/x500_hover_controller/lib/python3.12/site-packages:/home/mikks/ros2_px4_ws/install/px4_ros_com/lib/python3.12/site-packages:/home/mikks/ros2_px4_ws/build/example_mode_with_rclpy_py:/home/mikks/ros2_px4_ws/install/example_mode_with_rclpy_py/lib/python3.12/site-packages:/home/mikks/ros2_px4_ws/build/example_mode_goto_py:/home/mikks/ros2_px4_ws/install/example_mode_goto_py/lib/python3.12/site-packages:/home/mikks/ros2_px4_ws/install/px4_ros2_py/lib/python3.12/site-packages:/home/mikks/ros2_px4_ws/build/px4_actuator_ctrl:/home/mikks/ros2_px4_ws/install/px4_actuator_ctrl/lib/python3.12/site-packages:/home/mikks/ros2_ws/build/rover_desc_description:/home/mikks/ros2_ws/install/rover_desc_description/lib/python3.12/site-packages:/home/mikks/ros2_ws/install/px4_actuator_ctrl/lib/python3.12/site-packages:/home/mikks/ros2_ws/build/mine_rover_description:/home/mikks/ros2_ws/install/mine_rover_description/lib/python3.12/site-packages:/home/mikks/ros2_ws/build/ZerionURDFV5cp_description:/home/mikks/ros2_ws/install/ZerionURDFV5cp_description/lib/python3.12/site-packages:/home/mikks/crazyflie_mapping_demo/ros2_ws/install/velocity_free_consensus/lib/python3.12/site-packages:/home/mikks/crazyflie_mapping_demo/ros2_ws/install/stepwise_lowpos/lib/python3.12/site-packages:/home/mikks/crazyflie_mapping_demo/ros2_ws/install/step_wise_lowpos/lib/python3.12/site-packages:/home/mikks/crazyflie_mapping_demo/ros2_ws/install/second_order_formation_control/lib/python3.12/site-packages:/home/mikks/crazyflie_mapping_demo/ros2_ws/install/ros_gz_crazyflie_control/lib/python3.12/site-packages:/home/mikks/crazyflie_mapping_demo/ros2_ws/install/mixed_fractional_consensus/lib/python3.12/site-packages:/home/mikks/crazyflie_mapping_demo/ros2_ws/install/lowest_pos/lib/python3.12/site-packages:/home/mikks/crazyflie_mapping_demo/ros2_ws/install/linear_consensus/lib/python3.12/site-packages:/home/mikks/crazyflie_mapping_demo/ros2_ws/install/highest_pos/lib/python3.12/site-packages:/home/mikks/crazyflie_mapping_demo/ros2_ws/install/fractional_consensus_alpha/lib/python3.12/site-packages:/home/mikks/crazyflie_mapping_demo/ros2_ws/install/event_triggered_swarm/lib/python3.12/site-packages:/home/mikks/crazyflie_mapping_demo/ros2_ws/install/drone_logger/lib/python3.12/site-packages:/home/mikks/crazyflie_mapping_demo/ros2_ws/install/distributed_average_tracking/lib/python3.12/site-packages:/home/mikks/crazyflie_mapping_demo/ros2_ws/install/crazyflie_swarm_logic/lib/python3.12/site-packages:/home/mikks/crazyflie_mapping_demo/ros2_ws/install/crazyflie_sim/lib/python3.12/site-packages:/home/mikks/crazyflie_mapping_demo/ros2_ws/install/crazyflie_ros2_multiranger_wall_following/lib/python3.12/site-packages:/home/mikks/crazyflie_mapping_demo/ros2_ws/install/crazyflie_ros2_multiranger_simple_mapper/lib/python3.12/site-packages:/home/mikks/crazyflie_mapping_demo/ros2_ws/install/crazyflie_examples/lib/python3.12/site-packages:/home/mikks/crazyflie_mapping_demo/ros2_ws/install/crazyflie_py/lib/python3.12/site-packages:/home/mikks/crazyflie_mapping_demo/ros2_ws/install/crazyflie_interfaces/lib/python3.12/site-packages:/home/mikks/crazyflie_mapping_demo/ros2_ws/install/cooperative_target_centric_formation/lib/python3.12/site-packages:/home/mikks/crazyflie_mapping_demo/ros2_ws/install/containment_using_agent_information/lib/python3.12/site-packages:/home/mikks/crazyflie_mapping_demo/ros2_ws/install/consensus_for_double_integrator/lib/python3.12/site-packages:/home/mikks/crazyflie_mapping_demo/ros2_ws/install/consensus_alignment/lib/python3.12/site-packages:/home/mikks/crazyflie_mapping_demo/ros2_ws/install/binary_consensus/lib/python3.12/site-packages:/home/mikks/crazyflie_mapping_demo/ros2_ws/install/Second_Order_Min_Consensus_for_Heterogeneous_Agents/lib/python3.12/site-packages:/home/mikks/crazyflie_mapping_demo/ros2_ws/install/BinaryContainmentChain/lib/python3.12/site-packages:/opt/ros/jazzy/lib/python3.12/site-packages /usr/bin/cmake --install /home/mikks/ros2_px4_ws/build/px4_ros_com
[4.003s] INFO:colcon.colcon_ros.task.ament_cmake.build:Building ROS package in '/home/mikks/ros2_px4_ws/src/px4-ros2-interface-lib/examples/cpp/modes/mode_with_executor' with build type 'ament_cmake'
[4.003s] INFO:colcon.colcon_cmake.task.cmake.build:Building CMake package in '/home/mikks/ros2_px4_ws/src/px4-ros2-interface-lib/examples/cpp/modes/mode_with_executor'
[4.004s] INFO:colcon.colcon_core.shell:Skip shell extension 'powershell' for command environment: Not usable outside of PowerShell
[4.004s] DEBUG:colcon.colcon_core.shell:Skip shell extension 'dsv' for command environment
[4.022s] Level 1:colcon.colcon_core.environment:create_environment_scripts_only(example_mode_goto_cpp)
[4.024s] DEBUG:colcon.colcon_core.event_handler.log_command:Invoked command in '/home/mikks/ros2_px4_ws/build/example_mode_goto_cpp' returned '0': CMAKE_PREFIX_PATH=/home/mikks/ros2_px4_ws/install/px4_ros2_cpp:/home/mikks/ros2_px4_ws/install/px4_msgs:/home/mikks/ros2_px4_ws/install/px4_ros_com:/home/mikks/ros2_px4_ws/install/px4_ros2_py:/home/mikks/ros2_px4_ws/install/example_rover_velocity_mode_cpp:/home/mikks/ros2_px4_ws/install/example_mode_with_executor_cpp:/home/mikks/ros2_px4_ws/install/example_mode_vtol_cpp:/home/mikks/ros2_px4_ws/install/example_mode_rtl_replacement_cpp:/home/mikks/ros2_px4_ws/install/example_mode_mission_cpp:/home/mikks/ros2_px4_ws/install/example_mode_manual_cpp:/home/mikks/ros2_px4_ws/install/example_mode_goto_global_cpp:/home/mikks/ros2_px4_ws/install/example_mode_goto_cpp:/home/mikks/ros2_px4_ws/install/example_mode_fw_attitude_cpp:/home/mikks/ros2_px4_ws/install/example_local_navigation_cpp:/home/mikks/ros2_px4_ws/install/example_global_navigation_cpp:/home/mikks/ros2_px4_ws/install/example_executor_with_multiple_modes_cpp:/home/mikks/crazyflie_mapping_demo/ros2_ws/install/crazyflie_ros2_multiranger_bringup:/home/mikks/crazyflie_mapping_demo/ros2_ws/install/ros_gz_crazyflie_bringup:/home/mikks/crazyflie_mapping_demo/ros2_ws/install/ros_gz_crazyflie_gazebo:/home/mikks/crazyflie_mapping_demo/ros2_ws/install/crazyflie_sim:/home/mikks/crazyflie_mapping_demo/ros2_ws/install/crazyflie_examples:/home/mikks/crazyflie_mapping_demo/ros2_ws/install/crazyflie:/home/mikks/crazyflie_mapping_demo/ros2_ws/install/crazyflie_interfaces:/opt/ros/jazzy/opt/gz_sim_vendor:/opt/ros/jazzy/opt/gz_sensors_vendor:/opt/ros/jazzy/opt/gz_physics_vendor:/opt/ros/jazzy/opt/sdformat_vendor:/opt/ros/jazzy/opt/gz_gui_vendor:/opt/ros/jazzy/opt/gz_transport_vendor:/opt/ros/jazzy/opt/gz_rendering_vendor:/opt/ros/jazzy/opt/gz_plugin_vendor:/opt/ros/jazzy/opt/gz_fuel_tools_vendor:/opt/ros/jazzy/opt/gz_msgs_vendor:/opt/ros/jazzy/opt/gz_common_vendor:/opt/ros/jazzy/opt/gz_math_vendor:/opt/ros/jazzy/opt/gz_utils_vendor:/opt/ros/jazzy/opt/gz_tools_vendor:/opt/ros/jazzy/opt/gz_ogre_next_vendor:/opt/ros/jazzy/opt/gz_dartsim_vendor:/opt/ros/jazzy/opt/gz_cmake_vendor:/home/mikks/ros2_px4_ws/install/x500_hover_controller:/home/mikks/ros2_px4_ws/install/example_mode_with_rclpy_py:/home/mikks/ros2_px4_ws/install/example_mode_goto_py:/home/mikks/ros2_px4_ws/install/px4_actuator_ctrl:/home/mikks/ros2_ws/install/rover_desc_description:/home/mikks/ros2_ws/install/px4_actuator_ctrl:/home/mikks/ros2_ws/install/mine_rover_description:/home/mikks/ros2_ws/install/ZerionURDFV5cp_description:/home/mikks/crazyflie_mapping_demo/ros2_ws/install/velocity_free_consensus:/home/mikks/crazyflie_mapping_demo/ros2_ws/install/stepwise_lowpos:/home/mikks/crazyflie_mapping_demo/ros2_ws/install/step_wise_lowpos:/home/mikks/crazyflie_mapping_demo/ros2_ws/install/second_order_formation_control:/home/mikks/crazyflie_mapping_demo/ros2_ws/install/ros_gz_crazyflie_control:/home/mikks/crazyflie_mapping_demo/ros2_ws/install/mixed_fractional_consensus:/home/mikks/crazyflie_mapping_demo/ros2_ws/install/lowest_pos:/home/mikks/crazyflie_mapping_demo/ros2_ws/install/linear_consensus:/home/mikks/crazyflie_mapping_demo/ros2_ws/install/highest_pos:/home/mikks/crazyflie_mapping_demo/ros2_ws/install/fractional_consensus_alpha:/home/mikks/crazyflie_mapping_demo/ros2_ws/install/event_triggered_swarm:/home/mikks/crazyflie_mapping_demo/ros2_ws/install/drone_logger:/home/mikks/crazyflie_mapping_demo/ros2_ws/install/distributed_average_tracking:/home/mikks/crazyflie_mapping_demo/ros2_ws/install/crazyflie_swarm_logic:/home/mikks/crazyflie_mapping_demo/ros2_ws/install/crazyflie_ros2_multiranger_wall_following:/home/mikks/crazyflie_mapping_demo/ros2_ws/install/crazyflie_ros2_multiranger_simple_mapper:/home/mikks/crazyflie_mapping_demo/ros2_ws/install/crazyflie_py:/home/mikks/crazyflie_mapping_demo/ros2_ws/install/cooperative_target_centric_formation:/home/mikks/crazyflie_mapping_demo/ros2_ws/install/containment_using_agent_information:/home/mikks/crazyflie_mapping_demo/ros2_ws/install/consensus_for_double_integrator:/home/mikks/crazyflie_mapping_demo/ros2_ws/install/consensus_alignment:/home/mikks/crazyflie_mapping_demo/ros2_ws/install/binary_consensus:/home/mikks/crazyflie_mapping_demo/ros2_ws/install/Second_Order_Min_Consensus_for_Heterogeneous_Agents:/home/mikks/crazyflie_mapping_demo/ros2_ws/install/BinaryContainmentChain:/opt/ros/jazzy DEBUGINFOD_URLS=https://debuginfod.ubuntu.com LD_LIBRARY_PATH=/home/mikks/ros2_px4_ws/install/px4_ros2_cpp/lib:/home/mikks/ros2_px4_ws/install/px4_msgs/lib:/home/mikks/ros2_px4_ws/install/px4_ros_com/lib:/home/mikks/NatNet_SDK_4.3_ubuntu/lib:/home/mikks/crazyflie_mapping_demo/ros2_ws/install/crazyflie_interfaces/lib:/opt/ros/jazzy/opt/gz_sim_vendor/lib:/opt/ros/jazzy/opt/gz_sensors_vendor/lib:/opt/ros/jazzy/opt/gz_physics_vendor/lib:/opt/ros/jazzy/opt/sdformat_vendor/lib:/opt/ros/jazzy/opt/rviz_ogre_vendor/lib:/opt/ros/jazzy/lib/x86_64-linux-gnu:/opt/ros/jazzy/opt/gz_gui_vendor/lib:/opt/ros/jazzy/opt/gz_transport_vendor/lib:/opt/ros/jazzy/opt/gz_rendering_vendor/lib:/opt/ros/jazzy/opt/gz_plugin_vendor/lib:/opt/ros/jazzy/opt/gz_fuel_tools_vendor/lib:/opt/ros/jazzy/opt/gz_msgs_vendor/lib:/opt/ros/jazzy/opt/gz_common_vendor/lib:/opt/ros/jazzy/opt/gz_math_vendor/lib:/opt/ros/jazzy/opt/gz_utils_vendor/lib:/opt/ros/jazzy/opt/gz_tools_vendor/lib:/opt/ros/jazzy/opt/gz_ogre_next_vendor/lib:/opt/ros/jazzy/opt/gz_dartsim_vendor/lib:/opt/ros/jazzy/opt/gz_cmake_vendor/lib:/opt/ros/jazzy/lib PYTHONPATH=/home/mikks/ros2_px4_ws/install/px4_msgs/lib/python3.12/site-packages:/home/mikks/ros2_px4_ws/build/x500_hover_controller:/home/mikks/ros2_px4_ws/install/x500_hover_controller/lib/python3.12/site-packages:/home/mikks/ros2_px4_ws/install/px4_ros_com/lib/python3.12/site-packages:/home/mikks/ros2_px4_ws/build/example_mode_with_rclpy_py:/home/mikks/ros2_px4_ws/install/example_mode_with_rclpy_py/lib/python3.12/site-packages:/home/mikks/ros2_px4_ws/build/example_mode_goto_py:/home/mikks/ros2_px4_ws/install/example_mode_goto_py/lib/python3.12/site-packages:/home/mikks/ros2_px4_ws/install/px4_ros2_py/lib/python3.12/site-packages:/home/mikks/ros2_px4_ws/build/px4_actuator_ctrl:/home/mikks/ros2_px4_ws/install/px4_actuator_ctrl/lib/python3.12/site-packages:/home/mikks/ros2_ws/build/rover_desc_description:/home/mikks/ros2_ws/install/rover_desc_description/lib/python3.12/site-packages:/home/mikks/ros2_ws/install/px4_actuator_ctrl/lib/python3.12/site-packages:/home/mikks/ros2_ws/build/mine_rover_description:/home/mikks/ros2_ws/install/mine_rover_description/lib/python3.12/site-packages:/home/mikks/ros2_ws/build/ZerionURDFV5cp_description:/home/mikks/ros2_ws/install/ZerionURDFV5cp_description/lib/python3.12/site-packages:/home/mikks/crazyflie_mapping_demo/ros2_ws/install/velocity_free_consensus/lib/python3.12/site-packages:/home/mikks/crazyflie_mapping_demo/ros2_ws/install/stepwise_lowpos/lib/python3.12/site-packages:/home/mikks/crazyflie_mapping_demo/ros2_ws/install/step_wise_lowpos/lib/python3.12/site-packages:/home/mikks/crazyflie_mapping_demo/ros2_ws/install/second_order_formation_control/lib/python3.12/site-packages:/home/mikks/crazyflie_mapping_demo/ros2_ws/install/ros_gz_crazyflie_control/lib/python3.12/site-packages:/home/mikks/crazyflie_mapping_demo/ros2_ws/install/mixed_fractional_consensus/lib/python3.12/site-packages:/home/mikks/crazyflie_mapping_demo/ros2_ws/install/lowest_pos/lib/python3.12/site-packages:/home/mikks/crazyflie_mapping_demo/ros2_ws/install/linear_consensus/lib/python3.12/site-packages:/home/mikks/crazyflie_mapping_demo/ros2_ws/install/highest_pos/lib/python3.12/site-packages:/home/mikks/crazyflie_mapping_demo/ros2_ws/install/fractional_consensus_alpha/lib/python3.12/site-packages:/home/mikks/crazyflie_mapping_demo/ros2_ws/install/event_triggered_swarm/lib/python3.12/site-packages:/home/mikks/crazyflie_mapping_demo/ros2_ws/install/drone_logger/lib/python3.12/site-packages:/home/mikks/crazyflie_mapping_demo/ros2_ws/install/distributed_average_tracking/lib/python3.12/site-packages:/home/mikks/crazyflie_mapping_demo/ros2_ws/install/crazyflie_swarm_logic/lib/python3.12/site-packages:/home/mikks/crazyflie_mapping_demo/ros2_ws/install/crazyflie_sim/lib/python3.12/site-packages:/home/mikks/crazyflie_mapping_demo/ros2_ws/install/crazyflie_ros2_multiranger_wall_following/lib/python3.12/site-packages:/home/mikks/crazyflie_mapping_demo/ros2_ws/install/crazyflie_ros2_multiranger_simple_mapper/lib/python3.12/site-packages:/home/mikks/crazyflie_mapping_demo/ros2_ws/install/crazyflie_examples/lib/python3.12/site-packages:/home/mikks/crazyflie_mapping_demo/ros2_ws/install/crazyflie_py/lib/python3.12/site-packages:/home/mikks/crazyflie_mapping_demo/ros2_ws/install/crazyflie_interfaces/lib/python3.12/site-packages:/home/mikks/crazyflie_mapping_demo/ros2_ws/install/cooperative_target_centric_formation/lib/python3.12/site-packages:/home/mikks/crazyflie_mapping_demo/ros2_ws/install/containment_using_agent_information/lib/python3.12/site-packages:/home/mikks/crazyflie_mapping_demo/ros2_ws/install/consensus_for_double_integrator/lib/python3.12/site-packages:/home/mikks/crazyflie_mapping_demo/ros2_ws/install/consensus_alignment/lib/python3.12/site-packages:/home/mikks/crazyflie_mapping_demo/ros2_ws/install/binary_consensus/lib/python3.12/site-packages:/home/mikks/crazyflie_mapping_demo/ros2_ws/install/Second_Order_Min_Consensus_for_Heterogeneous_Agents/lib/python3.12/site-packages:/home/mikks/crazyflie_mapping_demo/ros2_ws/install/BinaryContainmentChain/lib/python3.12/site-packages:/opt/ros/jazzy/lib/python3.12/site-packages /usr/bin/cmake --install /home/mikks/ros2_px4_ws/build/example_mode_goto_cpp
[4.024s] Level 1:colcon.colcon_core.environment:checking '/home/mikks/ros2_px4_ws/install/example_mode_goto_cpp' for CMake module files
[4.030s] Level 1:colcon.colcon_core.environment:checking '/home/mikks/ros2_px4_ws/install/example_mode_goto_cpp' for CMake config files
[4.030s] Level 1:colcon.colcon_core.shell:create_environment_hook('example_mode_goto_cpp', 'cmake_prefix_path')
[4.031s] INFO:colcon.colcon_core.shell:Creating environment hook '/home/mikks/ros2_px4_ws/install/example_mode_goto_cpp/share/example_mode_goto_cpp/hook/cmake_prefix_path.ps1'
[4.031s] INFO:colcon.colcon_core.shell:Creating environment descriptor '/home/mikks/ros2_px4_ws/install/example_mode_goto_cpp/share/example_mode_goto_cpp/hook/cmake_prefix_path.dsv'
[4.032s] INFO:colcon.colcon_core.shell:Creating environment hook '/home/mikks/ros2_px4_ws/install/example_mode_goto_cpp/share/example_mode_goto_cpp/hook/cmake_prefix_path.sh'
[4.032s] Level 1:colcon.colcon_core.environment:checking '/home/mikks/ros2_px4_ws/install/example_mode_goto_cpp/lib'
[4.032s] Level 1:colcon.colcon_core.environment:checking '/home/mikks/ros2_px4_ws/install/example_mode_goto_cpp/bin'
[4.032s] Level 1:colcon.colcon_core.environment:checking '/home/mikks/ros2_px4_ws/install/example_mode_goto_cpp/lib/pkgconfig/example_mode_goto_cpp.pc'
[4.033s] Level 1:colcon.colcon_core.environment:checking '/home/mikks/ros2_px4_ws/install/example_mode_goto_cpp/lib/python3.12/site-packages'
[4.033s] Level 1:colcon.colcon_core.environment:checking '/home/mikks/ros2_px4_ws/install/example_mode_goto_cpp/bin'
[4.033s] INFO:colcon.colcon_core.shell:Creating package script '/home/mikks/ros2_px4_ws/install/example_mode_goto_cpp/share/example_mode_goto_cpp/package.ps1'
[4.034s] INFO:colcon.colcon_core.shell:Creating package descriptor '/home/mikks/ros2_px4_ws/install/example_mode_goto_cpp/share/example_mode_goto_cpp/package.dsv'
[4.035s] INFO:colcon.colcon_core.shell:Creating package script '/home/mikks/ros2_px4_ws/install/example_mode_goto_cpp/share/example_mode_goto_cpp/package.sh'
[4.036s] INFO:colcon.colcon_core.shell:Creating package script '/home/mikks/ros2_px4_ws/install/example_mode_goto_cpp/share/example_mode_goto_cpp/package.bash'
[4.036s] INFO:colcon.colcon_core.shell:Creating package script '/home/mikks/ros2_px4_ws/install/example_mode_goto_cpp/share/example_mode_goto_cpp/package.zsh'
[4.037s] Level 1:colcon.colcon_core.environment:create_file_with_runtime_dependencies(/home/mikks/ros2_px4_ws/install/example_mode_goto_cpp/share/colcon-core/packages/example_mode_goto_cpp)
[4.037s] Level 1:colcon.colcon_core.environment:create_environment_scripts_only(example_mode_goto_cpp)
[4.038s] Level 1:colcon.colcon_core.environment:checking '/home/mikks/ros2_px4_ws/install/example_mode_goto_cpp' for CMake module files
[4.038s] Level 1:colcon.colcon_core.environment:checking '/home/mikks/ros2_px4_ws/install/example_mode_goto_cpp' for CMake config files
[4.039s] Level 1:colcon.colcon_core.shell:create_environment_hook('example_mode_goto_cpp', 'cmake_prefix_path')
[4.039s] INFO:colcon.colcon_core.shell:Creating environment hook '/home/mikks/ros2_px4_ws/install/example_mode_goto_cpp/share/example_mode_goto_cpp/hook/cmake_prefix_path.ps1'
[4.040s] INFO:colcon.colcon_core.shell:Creating environment descriptor '/home/mikks/ros2_px4_ws/install/example_mode_goto_cpp/share/example_mode_goto_cpp/hook/cmake_prefix_path.dsv'
[4.040s] INFO:colcon.colcon_core.shell:Creating environment hook '/home/mikks/ros2_px4_ws/install/example_mode_goto_cpp/share/example_mode_goto_cpp/hook/cmake_prefix_path.sh'
[4.041s] Level 1:colcon.colcon_core.environment:checking '/home/mikks/ros2_px4_ws/install/example_mode_goto_cpp/lib'
[4.041s] Level 1:colcon.colcon_core.environment:checking '/home/mikks/ros2_px4_ws/install/example_mode_goto_cpp/bin'
[4.041s] Level 1:colcon.colcon_core.environment:checking '/home/mikks/ros2_px4_ws/install/example_mode_goto_cpp/lib/pkgconfig/example_mode_goto_cpp.pc'
[4.041s] Level 1:colcon.colcon_core.environment:checking '/home/mikks/ros2_px4_ws/install/example_mode_goto_cpp/lib/python3.12/site-packages'
[4.041s] Level 1:colcon.colcon_core.environment:checking '/home/mikks/ros2_px4_ws/install/example_mode_goto_cpp/bin'
[4.042s] INFO:colcon.colcon_core.shell:Creating package script '/home/mikks/ros2_px4_ws/install/example_mode_goto_cpp/share/example_mode_goto_cpp/package.ps1'
[4.042s] INFO:colcon.colcon_core.shell:Creating package descriptor '/home/mikks/ros2_px4_ws/install/example_mode_goto_cpp/share/example_mode_goto_cpp/package.dsv'
[4.043s] INFO:colcon.colcon_core.shell:Creating package script '/home/mikks/ros2_px4_ws/install/example_mode_goto_cpp/share/example_mode_goto_cpp/package.sh'
[4.044s] INFO:colcon.colcon_core.shell:Creating package script '/home/mikks/ros2_px4_ws/install/example_mode_goto_cpp/share/example_mode_goto_cpp/package.bash'
[4.044s] INFO:colcon.colcon_core.shell:Creating package script '/home/mikks/ros2_px4_ws/install/example_mode_goto_cpp/share/example_mode_goto_cpp/package.zsh'
[4.045s] Level 1:colcon.colcon_core.environment:create_file_with_runtime_dependencies(/home/mikks/ros2_px4_ws/install/example_mode_goto_cpp/share/colcon-core/packages/example_mode_goto_cpp)
[4.045s] Level 1:colcon.colcon_core.environment:create_environment_scripts_only(example_mode_fw_attitude_cpp)
[4.045s] Level 1:colcon.colcon_core.environment:checking '/home/mikks/ros2_px4_ws/install/example_mode_fw_attitude_cpp' for CMake module files
[4.046s] DEBUG:colcon.colcon_core.event_handler.log_command:Invoked command in '/home/mikks/ros2_px4_ws/build/example_mode_fw_attitude_cpp' returned '0': CMAKE_PREFIX_PATH=/home/mikks/ros2_px4_ws/install/px4_ros2_cpp:/home/mikks/ros2_px4_ws/install/px4_msgs:/home/mikks/ros2_px4_ws/install/px4_ros_com:/home/mikks/ros2_px4_ws/install/px4_ros2_py:/home/mikks/ros2_px4_ws/install/example_rover_velocity_mode_cpp:/home/mikks/ros2_px4_ws/install/example_mode_with_executor_cpp:/home/mikks/ros2_px4_ws/install/example_mode_vtol_cpp:/home/mikks/ros2_px4_ws/install/example_mode_rtl_replacement_cpp:/home/mikks/ros2_px4_ws/install/example_mode_mission_cpp:/home/mikks/ros2_px4_ws/install/example_mode_manual_cpp:/home/mikks/ros2_px4_ws/install/example_mode_goto_global_cpp:/home/mikks/ros2_px4_ws/install/example_mode_goto_cpp:/home/mikks/ros2_px4_ws/install/example_mode_fw_attitude_cpp:/home/mikks/ros2_px4_ws/install/example_local_navigation_cpp:/home/mikks/ros2_px4_ws/install/example_global_navigation_cpp:/home/mikks/ros2_px4_ws/install/example_executor_with_multiple_modes_cpp:/home/mikks/crazyflie_mapping_demo/ros2_ws/install/crazyflie_ros2_multiranger_bringup:/home/mikks/crazyflie_mapping_demo/ros2_ws/install/ros_gz_crazyflie_bringup:/home/mikks/crazyflie_mapping_demo/ros2_ws/install/ros_gz_crazyflie_gazebo:/home/mikks/crazyflie_mapping_demo/ros2_ws/install/crazyflie_sim:/home/mikks/crazyflie_mapping_demo/ros2_ws/install/crazyflie_examples:/home/mikks/crazyflie_mapping_demo/ros2_ws/install/crazyflie:/home/mikks/crazyflie_mapping_demo/ros2_ws/install/crazyflie_interfaces:/opt/ros/jazzy/opt/gz_sim_vendor:/opt/ros/jazzy/opt/gz_sensors_vendor:/opt/ros/jazzy/opt/gz_physics_vendor:/opt/ros/jazzy/opt/sdformat_vendor:/opt/ros/jazzy/opt/gz_gui_vendor:/opt/ros/jazzy/opt/gz_transport_vendor:/opt/ros/jazzy/opt/gz_rendering_vendor:/opt/ros/jazzy/opt/gz_plugin_vendor:/opt/ros/jazzy/opt/gz_fuel_tools_vendor:/opt/ros/jazzy/opt/gz_msgs_vendor:/opt/ros/jazzy/opt/gz_common_vendor:/opt/ros/jazzy/opt/gz_math_vendor:/opt/ros/jazzy/opt/gz_utils_vendor:/opt/ros/jazzy/opt/gz_tools_vendor:/opt/ros/jazzy/opt/gz_ogre_next_vendor:/opt/ros/jazzy/opt/gz_dartsim_vendor:/opt/ros/jazzy/opt/gz_cmake_vendor:/home/mikks/ros2_px4_ws/install/x500_hover_controller:/home/mikks/ros2_px4_ws/install/example_mode_with_rclpy_py:/home/mikks/ros2_px4_ws/install/example_mode_goto_py:/home/mikks/ros2_px4_ws/install/px4_actuator_ctrl:/home/mikks/ros2_ws/install/rover_desc_description:/home/mikks/ros2_ws/install/px4_actuator_ctrl:/home/mikks/ros2_ws/install/mine_rover_description:/home/mikks/ros2_ws/install/ZerionURDFV5cp_description:/home/mikks/crazyflie_mapping_demo/ros2_ws/install/velocity_free_consensus:/home/mikks/crazyflie_mapping_demo/ros2_ws/install/stepwise_lowpos:/home/mikks/crazyflie_mapping_demo/ros2_ws/install/step_wise_lowpos:/home/mikks/crazyflie_mapping_demo/ros2_ws/install/second_order_formation_control:/home/mikks/crazyflie_mapping_demo/ros2_ws/install/ros_gz_crazyflie_control:/home/mikks/crazyflie_mapping_demo/ros2_ws/install/mixed_fractional_consensus:/home/mikks/crazyflie_mapping_demo/ros2_ws/install/lowest_pos:/home/mikks/crazyflie_mapping_demo/ros2_ws/install/linear_consensus:/home/mikks/crazyflie_mapping_demo/ros2_ws/install/highest_pos:/home/mikks/crazyflie_mapping_demo/ros2_ws/install/fractional_consensus_alpha:/home/mikks/crazyflie_mapping_demo/ros2_ws/install/event_triggered_swarm:/home/mikks/crazyflie_mapping_demo/ros2_ws/install/drone_logger:/home/mikks/crazyflie_mapping_demo/ros2_ws/install/distributed_average_tracking:/home/mikks/crazyflie_mapping_demo/ros2_ws/install/crazyflie_swarm_logic:/home/mikks/crazyflie_mapping_demo/ros2_ws/install/crazyflie_ros2_multiranger_wall_following:/home/mikks/crazyflie_mapping_demo/ros2_ws/install/crazyflie_ros2_multiranger_simple_mapper:/home/mikks/crazyflie_mapping_demo/ros2_ws/install/crazyflie_py:/home/mikks/crazyflie_mapping_demo/ros2_ws/install/cooperative_target_centric_formation:/home/mikks/crazyflie_mapping_demo/ros2_ws/install/containment_using_agent_information:/home/mikks/crazyflie_mapping_demo/ros2_ws/install/consensus_for_double_integrator:/home/mikks/crazyflie_mapping_demo/ros2_ws/install/consensus_alignment:/home/mikks/crazyflie_mapping_demo/ros2_ws/install/binary_consensus:/home/mikks/crazyflie_mapping_demo/ros2_ws/install/Second_Order_Min_Consensus_for_Heterogeneous_Agents:/home/mikks/crazyflie_mapping_demo/ros2_ws/install/BinaryContainmentChain:/opt/ros/jazzy DEBUGINFOD_URLS=https://debuginfod.ubuntu.com LD_LIBRARY_PATH=/home/mikks/ros2_px4_ws/install/px4_ros2_cpp/lib:/home/mikks/ros2_px4_ws/install/px4_msgs/lib:/home/mikks/ros2_px4_ws/install/px4_ros_com/lib:/home/mikks/NatNet_SDK_4.3_ubuntu/lib:/home/mikks/crazyflie_mapping_demo/ros2_ws/install/crazyflie_interfaces/lib:/opt/ros/jazzy/opt/gz_sim_vendor/lib:/opt/ros/jazzy/opt/gz_sensors_vendor/lib:/opt/ros/jazzy/opt/gz_physics_vendor/lib:/opt/ros/jazzy/opt/sdformat_vendor/lib:/opt/ros/jazzy/opt/rviz_ogre_vendor/lib:/opt/ros/jazzy/lib/x86_64-linux-gnu:/opt/ros/jazzy/opt/gz_gui_vendor/lib:/opt/ros/jazzy/opt/gz_transport_vendor/lib:/opt/ros/jazzy/opt/gz_rendering_vendor/lib:/opt/ros/jazzy/opt/gz_plugin_vendor/lib:/opt/ros/jazzy/opt/gz_fuel_tools_vendor/lib:/opt/ros/jazzy/opt/gz_msgs_vendor/lib:/opt/ros/jazzy/opt/gz_common_vendor/lib:/opt/ros/jazzy/opt/gz_math_vendor/lib:/opt/ros/jazzy/opt/gz_utils_vendor/lib:/opt/ros/jazzy/opt/gz_tools_vendor/lib:/opt/ros/jazzy/opt/gz_ogre_next_vendor/lib:/opt/ros/jazzy/opt/gz_dartsim_vendor/lib:/opt/ros/jazzy/opt/gz_cmake_vendor/lib:/opt/ros/jazzy/lib PYTHONPATH=/home/mikks/ros2_px4_ws/install/px4_msgs/lib/python3.12/site-packages:/home/mikks/ros2_px4_ws/build/x500_hover_controller:/home/mikks/ros2_px4_ws/install/x500_hover_controller/lib/python3.12/site-packages:/home/mikks/ros2_px4_ws/install/px4_ros_com/lib/python3.12/site-packages:/home/mikks/ros2_px4_ws/build/example_mode_with_rclpy_py:/home/mikks/ros2_px4_ws/install/example_mode_with_rclpy_py/lib/python3.12/site-packages:/home/mikks/ros2_px4_ws/build/example_mode_goto_py:/home/mikks/ros2_px4_ws/install/example_mode_goto_py/lib/python3.12/site-packages:/home/mikks/ros2_px4_ws/install/px4_ros2_py/lib/python3.12/site-packages:/home/mikks/ros2_px4_ws/build/px4_actuator_ctrl:/home/mikks/ros2_px4_ws/install/px4_actuator_ctrl/lib/python3.12/site-packages:/home/mikks/ros2_ws/build/rover_desc_description:/home/mikks/ros2_ws/install/rover_desc_description/lib/python3.12/site-packages:/home/mikks/ros2_ws/install/px4_actuator_ctrl/lib/python3.12/site-packages:/home/mikks/ros2_ws/build/mine_rover_description:/home/mikks/ros2_ws/install/mine_rover_description/lib/python3.12/site-packages:/home/mikks/ros2_ws/build/ZerionURDFV5cp_description:/home/mikks/ros2_ws/install/ZerionURDFV5cp_description/lib/python3.12/site-packages:/home/mikks/crazyflie_mapping_demo/ros2_ws/install/velocity_free_consensus/lib/python3.12/site-packages:/home/mikks/crazyflie_mapping_demo/ros2_ws/install/stepwise_lowpos/lib/python3.12/site-packages:/home/mikks/crazyflie_mapping_demo/ros2_ws/install/step_wise_lowpos/lib/python3.12/site-packages:/home/mikks/crazyflie_mapping_demo/ros2_ws/install/second_order_formation_control/lib/python3.12/site-packages:/home/mikks/crazyflie_mapping_demo/ros2_ws/install/ros_gz_crazyflie_control/lib/python3.12/site-packages:/home/mikks/crazyflie_mapping_demo/ros2_ws/install/mixed_fractional_consensus/lib/python3.12/site-packages:/home/mikks/crazyflie_mapping_demo/ros2_ws/install/lowest_pos/lib/python3.12/site-packages:/home/mikks/crazyflie_mapping_demo/ros2_ws/install/linear_consensus/lib/python3.12/site-packages:/home/mikks/crazyflie_mapping_demo/ros2_ws/install/highest_pos/lib/python3.12/site-packages:/home/mikks/crazyflie_mapping_demo/ros2_ws/install/fractional_consensus_alpha/lib/python3.12/site-packages:/home/mikks/crazyflie_mapping_demo/ros2_ws/install/event_triggered_swarm/lib/python3.12/site-packages:/home/mikks/crazyflie_mapping_demo/ros2_ws/install/drone_logger/lib/python3.12/site-packages:/home/mikks/crazyflie_mapping_demo/ros2_ws/install/distributed_average_tracking/lib/python3.12/site-packages:/home/mikks/crazyflie_mapping_demo/ros2_ws/install/crazyflie_swarm_logic/lib/python3.12/site-packages:/home/mikks/crazyflie_mapping_demo/ros2_ws/install/crazyflie_sim/lib/python3.12/site-packages:/home/mikks/crazyflie_mapping_demo/ros2_ws/install/crazyflie_ros2_multiranger_wall_following/lib/python3.12/site-packages:/home/mikks/crazyflie_mapping_demo/ros2_ws/install/crazyflie_ros2_multiranger_simple_mapper/lib/python3.12/site-packages:/home/mikks/crazyflie_mapping_demo/ros2_ws/install/crazyflie_examples/lib/python3.12/site-packages:/home/mikks/crazyflie_mapping_demo/ros2_ws/install/crazyflie_py/lib/python3.12/site-packages:/home/mikks/crazyflie_mapping_demo/ros2_ws/install/crazyflie_interfaces/lib/python3.12/site-packages:/home/mikks/crazyflie_mapping_demo/ros2_ws/install/cooperative_target_centric_formation/lib/python3.12/site-packages:/home/mikks/crazyflie_mapping_demo/ros2_ws/install/containment_using_agent_information/lib/python3.12/site-packages:/home/mikks/crazyflie_mapping_demo/ros2_ws/install/consensus_for_double_integrator/lib/python3.12/site-packages:/home/mikks/crazyflie_mapping_demo/ros2_ws/install/consensus_alignment/lib/python3.12/site-packages:/home/mikks/crazyflie_mapping_demo/ros2_ws/install/binary_consensus/lib/python3.12/site-packages:/home/mikks/crazyflie_mapping_demo/ros2_ws/install/Second_Order_Min_Consensus_for_Heterogeneous_Agents/lib/python3.12/site-packages:/home/mikks/crazyflie_mapping_demo/ros2_ws/install/BinaryContainmentChain/lib/python3.12/site-packages:/opt/ros/jazzy/lib/python3.12/site-packages /usr/bin/cmake --install /home/mikks/ros2_px4_ws/build/example_mode_fw_attitude_cpp
[4.047s] Level 1:colcon.colcon_core.environment:checking '/home/mikks/ros2_px4_ws/install/example_mode_fw_attitude_cpp' for CMake config files
[4.047s] Level 1:colcon.colcon_core.shell:create_environment_hook('example_mode_fw_attitude_cpp', 'cmake_prefix_path')
[4.047s] INFO:colcon.colcon_core.shell:Creating environment hook '/home/mikks/ros2_px4_ws/install/example_mode_fw_attitude_cpp/share/example_mode_fw_attitude_cpp/hook/cmake_prefix_path.ps1'
[4.048s] INFO:colcon.colcon_core.shell:Creating environment descriptor '/home/mikks/ros2_px4_ws/install/example_mode_fw_attitude_cpp/share/example_mode_fw_attitude_cpp/hook/cmake_prefix_path.dsv'
[4.048s] INFO:colcon.colcon_core.shell:Creating environment hook '/home/mikks/ros2_px4_ws/install/example_mode_fw_attitude_cpp/share/example_mode_fw_attitude_cpp/hook/cmake_prefix_path.sh'
[4.049s] Level 1:colcon.colcon_core.environment:checking '/home/mikks/ros2_px4_ws/install/example_mode_fw_attitude_cpp/lib'
[4.049s] Level 1:colcon.colcon_core.environment:checking '/home/mikks/ros2_px4_ws/install/example_mode_fw_attitude_cpp/bin'
[4.049s] Level 1:colcon.colcon_core.environment:checking '/home/mikks/ros2_px4_ws/install/example_mode_fw_attitude_cpp/lib/pkgconfig/example_mode_fw_attitude_cpp.pc'
[4.050s] Level 1:colcon.colcon_core.environment:checking '/home/mikks/ros2_px4_ws/install/example_mode_fw_attitude_cpp/lib/python3.12/site-packages'
[4.050s] Level 1:colcon.colcon_core.environment:checking '/home/mikks/ros2_px4_ws/install/example_mode_fw_attitude_cpp/bin'
[4.050s] INFO:colcon.colcon_core.shell:Creating package script '/home/mikks/ros2_px4_ws/install/example_mode_fw_attitude_cpp/share/example_mode_fw_attitude_cpp/package.ps1'
[4.051s] INFO:colcon.colcon_core.shell:Creating package descriptor '/home/mikks/ros2_px4_ws/install/example_mode_fw_attitude_cpp/share/example_mode_fw_attitude_cpp/package.dsv'
[4.051s] INFO:colcon.colcon_core.shell:Creating package script '/home/mikks/ros2_px4_ws/install/example_mode_fw_attitude_cpp/share/example_mode_fw_attitude_cpp/package.sh'
[4.052s] INFO:colcon.colcon_core.shell:Creating package script '/home/mikks/ros2_px4_ws/install/example_mode_fw_attitude_cpp/share/example_mode_fw_attitude_cpp/package.bash'
[4.052s] INFO:colcon.colcon_core.shell:Creating package script '/home/mikks/ros2_px4_ws/install/example_mode_fw_attitude_cpp/share/example_mode_fw_attitude_cpp/package.zsh'
[4.053s] Level 1:colcon.colcon_core.environment:create_file_with_runtime_dependencies(/home/mikks/ros2_px4_ws/install/example_mode_fw_attitude_cpp/share/colcon-core/packages/example_mode_fw_attitude_cpp)
[4.053s] Level 1:colcon.colcon_core.environment:create_environment_scripts_only(example_mode_fw_attitude_cpp)
[4.053s] Level 1:colcon.colcon_core.environment:checking '/home/mikks/ros2_px4_ws/install/example_mode_fw_attitude_cpp' for CMake module files
[4.054s] Level 1:colcon.colcon_core.environment:checking '/home/mikks/ros2_px4_ws/install/example_mode_fw_attitude_cpp' for CMake config files
[4.055s] Level 1:colcon.colcon_core.shell:create_environment_hook('example_mode_fw_attitude_cpp', 'cmake_prefix_path')
[4.055s] INFO:colcon.colcon_core.shell:Creating environment hook '/home/mikks/ros2_px4_ws/install/example_mode_fw_attitude_cpp/share/example_mode_fw_attitude_cpp/hook/cmake_prefix_path.ps1'
[4.055s] INFO:colcon.colcon_core.shell:Creating environment descriptor '/home/mikks/ros2_px4_ws/install/example_mode_fw_attitude_cpp/share/example_mode_fw_attitude_cpp/hook/cmake_prefix_path.dsv'
[4.056s] INFO:colcon.colcon_core.shell:Creating environment hook '/home/mikks/ros2_px4_ws/install/example_mode_fw_attitude_cpp/share/example_mode_fw_attitude_cpp/hook/cmake_prefix_path.sh'
[4.057s] Level 1:colcon.colcon_core.environment:checking '/home/mikks/ros2_px4_ws/install/example_mode_fw_attitude_cpp/lib'
[4.057s] Level 1:colcon.colcon_core.environment:checking '/home/mikks/ros2_px4_ws/install/example_mode_fw_attitude_cpp/bin'
[4.057s] Level 1:colcon.colcon_core.environment:checking '/home/mikks/ros2_px4_ws/install/example_mode_fw_attitude_cpp/lib/pkgconfig/example_mode_fw_attitude_cpp.pc'
[4.057s] Level 1:colcon.colcon_core.environment:checking '/home/mikks/ros2_px4_ws/install/example_mode_fw_attitude_cpp/lib/python3.12/site-packages'
[4.057s] Level 1:colcon.colcon_core.environment:checking '/home/mikks/ros2_px4_ws/install/example_mode_fw_attitude_cpp/bin'
[4.058s] INFO:colcon.colcon_core.shell:Creating package script '/home/mikks/ros2_px4_ws/install/example_mode_fw_attitude_cpp/share/example_mode_fw_attitude_cpp/package.ps1'
[4.058s] INFO:colcon.colcon_core.shell:Creating package descriptor '/home/mikks/ros2_px4_ws/install/example_mode_fw_attitude_cpp/share/example_mode_fw_attitude_cpp/package.dsv'
[4.059s] INFO:colcon.colcon_core.shell:Creating package script '/home/mikks/ros2_px4_ws/install/example_mode_fw_attitude_cpp/share/example_mode_fw_attitude_cpp/package.sh'
[4.060s] INFO:colcon.colcon_core.shell:Creating package script '/home/mikks/ros2_px4_ws/install/example_mode_fw_attitude_cpp/share/example_mode_fw_attitude_cpp/package.bash'
[4.060s] INFO:colcon.colcon_core.shell:Creating package script '/home/mikks/ros2_px4_ws/install/example_mode_fw_attitude_cpp/share/example_mode_fw_attitude_cpp/package.zsh'
[4.061s] Level 1:colcon.colcon_core.environment:create_file_with_runtime_dependencies(/home/mikks/ros2_px4_ws/install/example_mode_fw_attitude_cpp/share/colcon-core/packages/example_mode_fw_attitude_cpp)
[4.064s] INFO:colcon.colcon_ros.task.ament_cmake.build:Building ROS package in '/home/mikks/ros2_px4_ws/src/px4-ros2-interface-lib/examples/cpp/modes/rover_velocity' with build type 'ament_cmake'
[4.065s] INFO:colcon.colcon_cmake.task.cmake.build:Building CMake package in '/home/mikks/ros2_px4_ws/src/px4-ros2-interface-lib/examples/cpp/modes/rover_velocity'
[4.065s] INFO:colcon.colcon_core.shell:Skip shell extension 'powershell' for command environment: Not usable outside of PowerShell
[4.065s] DEBUG:colcon.colcon_core.shell:Skip shell extension 'dsv' for command environment
[4.066s] DEBUG:colcon.colcon_core.event_handler.log_command:Invoking command in '/home/mikks/ros2_px4_ws/build/example_mode_rtl_replacement_cpp': CMAKE_PREFIX_PATH=/home/mikks/ros2_px4_ws/install/px4_ros2_cpp:/home/mikks/ros2_px4_ws/install/px4_msgs:/home/mikks/ros2_px4_ws/install/px4_ros_com:/home/mikks/ros2_px4_ws/install/px4_ros2_py:/home/mikks/ros2_px4_ws/install/example_rover_velocity_mode_cpp:/home/mikks/ros2_px4_ws/install/example_mode_with_executor_cpp:/home/mikks/ros2_px4_ws/install/example_mode_vtol_cpp:/home/mikks/ros2_px4_ws/install/example_mode_rtl_replacement_cpp:/home/mikks/ros2_px4_ws/install/example_mode_mission_cpp:/home/mikks/ros2_px4_ws/install/example_mode_manual_cpp:/home/mikks/ros2_px4_ws/install/example_mode_goto_global_cpp:/home/mikks/ros2_px4_ws/install/example_mode_goto_cpp:/home/mikks/ros2_px4_ws/install/example_mode_fw_attitude_cpp:/home/mikks/ros2_px4_ws/install/example_local_navigation_cpp:/home/mikks/ros2_px4_ws/install/example_global_navigation_cpp:/home/mikks/ros2_px4_ws/install/example_executor_with_multiple_modes_cpp:/home/mikks/crazyflie_mapping_demo/ros2_ws/install/crazyflie_ros2_multiranger_bringup:/home/mikks/crazyflie_mapping_demo/ros2_ws/install/ros_gz_crazyflie_bringup:/home/mikks/crazyflie_mapping_demo/ros2_ws/install/ros_gz_crazyflie_gazebo:/home/mikks/crazyflie_mapping_demo/ros2_ws/install/crazyflie_sim:/home/mikks/crazyflie_mapping_demo/ros2_ws/install/crazyflie_examples:/home/mikks/crazyflie_mapping_demo/ros2_ws/install/crazyflie:/home/mikks/crazyflie_mapping_demo/ros2_ws/install/crazyflie_interfaces:/opt/ros/jazzy/opt/gz_sim_vendor:/opt/ros/jazzy/opt/gz_sensors_vendor:/opt/ros/jazzy/opt/gz_physics_vendor:/opt/ros/jazzy/opt/sdformat_vendor:/opt/ros/jazzy/opt/gz_gui_vendor:/opt/ros/jazzy/opt/gz_transport_vendor:/opt/ros/jazzy/opt/gz_rendering_vendor:/opt/ros/jazzy/opt/gz_plugin_vendor:/opt/ros/jazzy/opt/gz_fuel_tools_vendor:/opt/ros/jazzy/opt/gz_msgs_vendor:/opt/ros/jazzy/opt/gz_common_vendor:/opt/ros/jazzy/opt/gz_math_vendor:/opt/ros/jazzy/opt/gz_utils_vendor:/opt/ros/jazzy/opt/gz_tools_vendor:/opt/ros/jazzy/opt/gz_ogre_next_vendor:/opt/ros/jazzy/opt/gz_dartsim_vendor:/opt/ros/jazzy/opt/gz_cmake_vendor:/home/mikks/ros2_px4_ws/install/x500_hover_controller:/home/mikks/ros2_px4_ws/install/example_mode_with_rclpy_py:/home/mikks/ros2_px4_ws/install/example_mode_goto_py:/home/mikks/ros2_px4_ws/install/px4_actuator_ctrl:/home/mikks/ros2_ws/install/rover_desc_description:/home/mikks/ros2_ws/install/px4_actuator_ctrl:/home/mikks/ros2_ws/install/mine_rover_description:/home/mikks/ros2_ws/install/ZerionURDFV5cp_description:/home/mikks/crazyflie_mapping_demo/ros2_ws/install/velocity_free_consensus:/home/mikks/crazyflie_mapping_demo/ros2_ws/install/stepwise_lowpos:/home/mikks/crazyflie_mapping_demo/ros2_ws/install/step_wise_lowpos:/home/mikks/crazyflie_mapping_demo/ros2_ws/install/second_order_formation_control:/home/mikks/crazyflie_mapping_demo/ros2_ws/install/ros_gz_crazyflie_control:/home/mikks/crazyflie_mapping_demo/ros2_ws/install/mixed_fractional_consensus:/home/mikks/crazyflie_mapping_demo/ros2_ws/install/lowest_pos:/home/mikks/crazyflie_mapping_demo/ros2_ws/install/linear_consensus:/home/mikks/crazyflie_mapping_demo/ros2_ws/install/highest_pos:/home/mikks/crazyflie_mapping_demo/ros2_ws/install/fractional_consensus_alpha:/home/mikks/crazyflie_mapping_demo/ros2_ws/install/event_triggered_swarm:/home/mikks/crazyflie_mapping_demo/ros2_ws/install/drone_logger:/home/mikks/crazyflie_mapping_demo/ros2_ws/install/distributed_average_tracking:/home/mikks/crazyflie_mapping_demo/ros2_ws/install/crazyflie_swarm_logic:/home/mikks/crazyflie_mapping_demo/ros2_ws/install/crazyflie_ros2_multiranger_wall_following:/home/mikks/crazyflie_mapping_demo/ros2_ws/install/crazyflie_ros2_multiranger_simple_mapper:/home/mikks/crazyflie_mapping_demo/ros2_ws/install/crazyflie_py:/home/mikks/crazyflie_mapping_demo/ros2_ws/install/cooperative_target_centric_formation:/home/mikks/crazyflie_mapping_demo/ros2_ws/install/containment_using_agent_information:/home/mikks/crazyflie_mapping_demo/ros2_ws/install/consensus_for_double_integrator:/home/mikks/crazyflie_mapping_demo/ros2_ws/install/consensus_alignment:/home/mikks/crazyflie_mapping_demo/ros2_ws/install/binary_consensus:/home/mikks/crazyflie_mapping_demo/ros2_ws/install/Second_Order_Min_Consensus_for_Heterogeneous_Agents:/home/mikks/crazyflie_mapping_demo/ros2_ws/install/BinaryContainmentChain:/opt/ros/jazzy DEBUGINFOD_URLS=https://debuginfod.ubuntu.com LD_LIBRARY_PATH=/home/mikks/ros2_px4_ws/install/px4_ros2_cpp/lib:/home/mikks/ros2_px4_ws/install/px4_msgs/lib:/home/mikks/ros2_px4_ws/install/px4_ros_com/lib:/home/mikks/NatNet_SDK_4.3_ubuntu/lib:/home/mikks/crazyflie_mapping_demo/ros2_ws/install/crazyflie_interfaces/lib:/opt/ros/jazzy/opt/gz_sim_vendor/lib:/opt/ros/jazzy/opt/gz_sensors_vendor/lib:/opt/ros/jazzy/opt/gz_physics_vendor/lib:/opt/ros/jazzy/opt/sdformat_vendor/lib:/opt/ros/jazzy/opt/rviz_ogre_vendor/lib:/opt/ros/jazzy/lib/x86_64-linux-gnu:/opt/ros/jazzy/opt/gz_gui_vendor/lib:/opt/ros/jazzy/opt/gz_transport_vendor/lib:/opt/ros/jazzy/opt/gz_rendering_vendor/lib:/opt/ros/jazzy/opt/gz_plugin_vendor/lib:/opt/ros/jazzy/opt/gz_fuel_tools_vendor/lib:/opt/ros/jazzy/opt/gz_msgs_vendor/lib:/opt/ros/jazzy/opt/gz_common_vendor/lib:/opt/ros/jazzy/opt/gz_math_vendor/lib:/opt/ros/jazzy/opt/gz_utils_vendor/lib:/opt/ros/jazzy/opt/gz_tools_vendor/lib:/opt/ros/jazzy/opt/gz_ogre_next_vendor/lib:/opt/ros/jazzy/opt/gz_dartsim_vendor/lib:/opt/ros/jazzy/opt/gz_cmake_vendor/lib:/opt/ros/jazzy/lib PYTHONPATH=/home/mikks/ros2_px4_ws/install/px4_msgs/lib/python3.12/site-packages:/home/mikks/ros2_px4_ws/build/x500_hover_controller:/home/mikks/ros2_px4_ws/install/x500_hover_controller/lib/python3.12/site-packages:/home/mikks/ros2_px4_ws/install/px4_ros_com/lib/python3.12/site-packages:/home/mikks/ros2_px4_ws/build/example_mode_with_rclpy_py:/home/mikks/ros2_px4_ws/install/example_mode_with_rclpy_py/lib/python3.12/site-packages:/home/mikks/ros2_px4_ws/build/example_mode_goto_py:/home/mikks/ros2_px4_ws/install/example_mode_goto_py/lib/python3.12/site-packages:/home/mikks/ros2_px4_ws/install/px4_ros2_py/lib/python3.12/site-packages:/home/mikks/ros2_px4_ws/build/px4_actuator_ctrl:/home/mikks/ros2_px4_ws/install/px4_actuator_ctrl/lib/python3.12/site-packages:/home/mikks/ros2_ws/build/rover_desc_description:/home/mikks/ros2_ws/install/rover_desc_description/lib/python3.12/site-packages:/home/mikks/ros2_ws/install/px4_actuator_ctrl/lib/python3.12/site-packages:/home/mikks/ros2_ws/build/mine_rover_description:/home/mikks/ros2_ws/install/mine_rover_description/lib/python3.12/site-packages:/home/mikks/ros2_ws/build/ZerionURDFV5cp_description:/home/mikks/ros2_ws/install/ZerionURDFV5cp_description/lib/python3.12/site-packages:/home/mikks/crazyflie_mapping_demo/ros2_ws/install/velocity_free_consensus/lib/python3.12/site-packages:/home/mikks/crazyflie_mapping_demo/ros2_ws/install/stepwise_lowpos/lib/python3.12/site-packages:/home/mikks/crazyflie_mapping_demo/ros2_ws/install/step_wise_lowpos/lib/python3.12/site-packages:/home/mikks/crazyflie_mapping_demo/ros2_ws/install/second_order_formation_control/lib/python3.12/site-packages:/home/mikks/crazyflie_mapping_demo/ros2_ws/install/ros_gz_crazyflie_control/lib/python3.12/site-packages:/home/mikks/crazyflie_mapping_demo/ros2_ws/install/mixed_fractional_consensus/lib/python3.12/site-packages:/home/mikks/crazyflie_mapping_demo/ros2_ws/install/lowest_pos/lib/python3.12/site-packages:/home/mikks/crazyflie_mapping_demo/ros2_ws/install/linear_consensus/lib/python3.12/site-packages:/home/mikks/crazyflie_mapping_demo/ros2_ws/install/highest_pos/lib/python3.12/site-packages:/home/mikks/crazyflie_mapping_demo/ros2_ws/install/fractional_consensus_alpha/lib/python3.12/site-packages:/home/mikks/crazyflie_mapping_demo/ros2_ws/install/event_triggered_swarm/lib/python3.12/site-packages:/home/mikks/crazyflie_mapping_demo/ros2_ws/install/drone_logger/lib/python3.12/site-packages:/home/mikks/crazyflie_mapping_demo/ros2_ws/install/distributed_average_tracking/lib/python3.12/site-packages:/home/mikks/crazyflie_mapping_demo/ros2_ws/install/crazyflie_swarm_logic/lib/python3.12/site-packages:/home/mikks/crazyflie_mapping_demo/ros2_ws/install/crazyflie_sim/lib/python3.12/site-packages:/home/mikks/crazyflie_mapping_demo/ros2_ws/install/crazyflie_ros2_multiranger_wall_following/lib/python3.12/site-packages:/home/mikks/crazyflie_mapping_demo/ros2_ws/install/crazyflie_ros2_multiranger_simple_mapper/lib/python3.12/site-packages:/home/mikks/crazyflie_mapping_demo/ros2_ws/install/crazyflie_examples/lib/python3.12/site-packages:/home/mikks/crazyflie_mapping_demo/ros2_ws/install/crazyflie_py/lib/python3.12/site-packages:/home/mikks/crazyflie_mapping_demo/ros2_ws/install/crazyflie_interfaces/lib/python3.12/site-packages:/home/mikks/crazyflie_mapping_demo/ros2_ws/install/cooperative_target_centric_formation/lib/python3.12/site-packages:/home/mikks/crazyflie_mapping_demo/ros2_ws/install/containment_using_agent_information/lib/python3.12/site-packages:/home/mikks/crazyflie_mapping_demo/ros2_ws/install/consensus_for_double_integrator/lib/python3.12/site-packages:/home/mikks/crazyflie_mapping_demo/ros2_ws/install/consensus_alignment/lib/python3.12/site-packages:/home/mikks/crazyflie_mapping_demo/ros2_ws/install/binary_consensus/lib/python3.12/site-packages:/home/mikks/crazyflie_mapping_demo/ros2_ws/install/Second_Order_Min_Consensus_for_Heterogeneous_Agents/lib/python3.12/site-packages:/home/mikks/crazyflie_mapping_demo/ros2_ws/install/BinaryContainmentChain/lib/python3.12/site-packages:/opt/ros/jazzy/lib/python3.12/site-packages /usr/bin/cmake --build /home/mikks/ros2_px4_ws/build/example_mode_rtl_replacement_cpp -- -j12 -l12
[4.077s] Level 1:colcon.colcon_core.environment:create_environment_scripts_only(example_mode_manual_cpp)
[4.077s] Level 1:colcon.colcon_core.environment:checking '/home/mikks/ros2_px4_ws/install/example_mode_manual_cpp' for CMake module files
[4.079s] Level 1:colcon.colcon_core.environment:checking '/home/mikks/ros2_px4_ws/install/example_mode_manual_cpp' for CMake config files
[4.079s] DEBUG:colcon.colcon_core.event_handler.log_command:Invoked command in '/home/mikks/ros2_px4_ws/build/example_mode_manual_cpp' returned '0': CMAKE_PREFIX_PATH=/home/mikks/ros2_px4_ws/install/px4_ros2_cpp:/home/mikks/ros2_px4_ws/install/px4_msgs:/home/mikks/ros2_px4_ws/install/px4_ros_com:/home/mikks/ros2_px4_ws/install/px4_ros2_py:/home/mikks/ros2_px4_ws/install/example_rover_velocity_mode_cpp:/home/mikks/ros2_px4_ws/install/example_mode_with_executor_cpp:/home/mikks/ros2_px4_ws/install/example_mode_vtol_cpp:/home/mikks/ros2_px4_ws/install/example_mode_rtl_replacement_cpp:/home/mikks/ros2_px4_ws/install/example_mode_mission_cpp:/home/mikks/ros2_px4_ws/install/example_mode_manual_cpp:/home/mikks/ros2_px4_ws/install/example_mode_goto_global_cpp:/home/mikks/ros2_px4_ws/install/example_mode_goto_cpp:/home/mikks/ros2_px4_ws/install/example_mode_fw_attitude_cpp:/home/mikks/ros2_px4_ws/install/example_local_navigation_cpp:/home/mikks/ros2_px4_ws/install/example_global_navigation_cpp:/home/mikks/ros2_px4_ws/install/example_executor_with_multiple_modes_cpp:/home/mikks/crazyflie_mapping_demo/ros2_ws/install/crazyflie_ros2_multiranger_bringup:/home/mikks/crazyflie_mapping_demo/ros2_ws/install/ros_gz_crazyflie_bringup:/home/mikks/crazyflie_mapping_demo/ros2_ws/install/ros_gz_crazyflie_gazebo:/home/mikks/crazyflie_mapping_demo/ros2_ws/install/crazyflie_sim:/home/mikks/crazyflie_mapping_demo/ros2_ws/install/crazyflie_examples:/home/mikks/crazyflie_mapping_demo/ros2_ws/install/crazyflie:/home/mikks/crazyflie_mapping_demo/ros2_ws/install/crazyflie_interfaces:/opt/ros/jazzy/opt/gz_sim_vendor:/opt/ros/jazzy/opt/gz_sensors_vendor:/opt/ros/jazzy/opt/gz_physics_vendor:/opt/ros/jazzy/opt/sdformat_vendor:/opt/ros/jazzy/opt/gz_gui_vendor:/opt/ros/jazzy/opt/gz_transport_vendor:/opt/ros/jazzy/opt/gz_rendering_vendor:/opt/ros/jazzy/opt/gz_plugin_vendor:/opt/ros/jazzy/opt/gz_fuel_tools_vendor:/opt/ros/jazzy/opt/gz_msgs_vendor:/opt/ros/jazzy/opt/gz_common_vendor:/opt/ros/jazzy/opt/gz_math_vendor:/opt/ros/jazzy/opt/gz_utils_vendor:/opt/ros/jazzy/opt/gz_tools_vendor:/opt/ros/jazzy/opt/gz_ogre_next_vendor:/opt/ros/jazzy/opt/gz_dartsim_vendor:/opt/ros/jazzy/opt/gz_cmake_vendor:/home/mikks/ros2_px4_ws/install/x500_hover_controller:/home/mikks/ros2_px4_ws/install/example_mode_with_rclpy_py:/home/mikks/ros2_px4_ws/install/example_mode_goto_py:/home/mikks/ros2_px4_ws/install/px4_actuator_ctrl:/home/mikks/ros2_ws/install/rover_desc_description:/home/mikks/ros2_ws/install/px4_actuator_ctrl:/home/mikks/ros2_ws/install/mine_rover_description:/home/mikks/ros2_ws/install/ZerionURDFV5cp_description:/home/mikks/crazyflie_mapping_demo/ros2_ws/install/velocity_free_consensus:/home/mikks/crazyflie_mapping_demo/ros2_ws/install/stepwise_lowpos:/home/mikks/crazyflie_mapping_demo/ros2_ws/install/step_wise_lowpos:/home/mikks/crazyflie_mapping_demo/ros2_ws/install/second_order_formation_control:/home/mikks/crazyflie_mapping_demo/ros2_ws/install/ros_gz_crazyflie_control:/home/mikks/crazyflie_mapping_demo/ros2_ws/install/mixed_fractional_consensus:/home/mikks/crazyflie_mapping_demo/ros2_ws/install/lowest_pos:/home/mikks/crazyflie_mapping_demo/ros2_ws/install/linear_consensus:/home/mikks/crazyflie_mapping_demo/ros2_ws/install/highest_pos:/home/mikks/crazyflie_mapping_demo/ros2_ws/install/fractional_consensus_alpha:/home/mikks/crazyflie_mapping_demo/ros2_ws/install/event_triggered_swarm:/home/mikks/crazyflie_mapping_demo/ros2_ws/install/drone_logger:/home/mikks/crazyflie_mapping_demo/ros2_ws/install/distributed_average_tracking:/home/mikks/crazyflie_mapping_demo/ros2_ws/install/crazyflie_swarm_logic:/home/mikks/crazyflie_mapping_demo/ros2_ws/install/crazyflie_ros2_multiranger_wall_following:/home/mikks/crazyflie_mapping_demo/ros2_ws/install/crazyflie_ros2_multiranger_simple_mapper:/home/mikks/crazyflie_mapping_demo/ros2_ws/install/crazyflie_py:/home/mikks/crazyflie_mapping_demo/ros2_ws/install/cooperative_target_centric_formation:/home/mikks/crazyflie_mapping_demo/ros2_ws/install/containment_using_agent_information:/home/mikks/crazyflie_mapping_demo/ros2_ws/install/consensus_for_double_integrator:/home/mikks/crazyflie_mapping_demo/ros2_ws/install/consensus_alignment:/home/mikks/crazyflie_mapping_demo/ros2_ws/install/binary_consensus:/home/mikks/crazyflie_mapping_demo/ros2_ws/install/Second_Order_Min_Consensus_for_Heterogeneous_Agents:/home/mikks/crazyflie_mapping_demo/ros2_ws/install/BinaryContainmentChain:/opt/ros/jazzy DEBUGINFOD_URLS=https://debuginfod.ubuntu.com LD_LIBRARY_PATH=/home/mikks/ros2_px4_ws/install/px4_ros2_cpp/lib:/home/mikks/ros2_px4_ws/install/px4_msgs/lib:/home/mikks/ros2_px4_ws/install/px4_ros_com/lib:/home/mikks/NatNet_SDK_4.3_ubuntu/lib:/home/mikks/crazyflie_mapping_demo/ros2_ws/install/crazyflie_interfaces/lib:/opt/ros/jazzy/opt/gz_sim_vendor/lib:/opt/ros/jazzy/opt/gz_sensors_vendor/lib:/opt/ros/jazzy/opt/gz_physics_vendor/lib:/opt/ros/jazzy/opt/sdformat_vendor/lib:/opt/ros/jazzy/opt/rviz_ogre_vendor/lib:/opt/ros/jazzy/lib/x86_64-linux-gnu:/opt/ros/jazzy/opt/gz_gui_vendor/lib:/opt/ros/jazzy/opt/gz_transport_vendor/lib:/opt/ros/jazzy/opt/gz_rendering_vendor/lib:/opt/ros/jazzy/opt/gz_plugin_vendor/lib:/opt/ros/jazzy/opt/gz_fuel_tools_vendor/lib:/opt/ros/jazzy/opt/gz_msgs_vendor/lib:/opt/ros/jazzy/opt/gz_common_vendor/lib:/opt/ros/jazzy/opt/gz_math_vendor/lib:/opt/ros/jazzy/opt/gz_utils_vendor/lib:/opt/ros/jazzy/opt/gz_tools_vendor/lib:/opt/ros/jazzy/opt/gz_ogre_next_vendor/lib:/opt/ros/jazzy/opt/gz_dartsim_vendor/lib:/opt/ros/jazzy/opt/gz_cmake_vendor/lib:/opt/ros/jazzy/lib PYTHONPATH=/home/mikks/ros2_px4_ws/install/px4_msgs/lib/python3.12/site-packages:/home/mikks/ros2_px4_ws/build/x500_hover_controller:/home/mikks/ros2_px4_ws/install/x500_hover_controller/lib/python3.12/site-packages:/home/mikks/ros2_px4_ws/install/px4_ros_com/lib/python3.12/site-packages:/home/mikks/ros2_px4_ws/build/example_mode_with_rclpy_py:/home/mikks/ros2_px4_ws/install/example_mode_with_rclpy_py/lib/python3.12/site-packages:/home/mikks/ros2_px4_ws/build/example_mode_goto_py:/home/mikks/ros2_px4_ws/install/example_mode_goto_py/lib/python3.12/site-packages:/home/mikks/ros2_px4_ws/install/px4_ros2_py/lib/python3.12/site-packages:/home/mikks/ros2_px4_ws/build/px4_actuator_ctrl:/home/mikks/ros2_px4_ws/install/px4_actuator_ctrl/lib/python3.12/site-packages:/home/mikks/ros2_ws/build/rover_desc_description:/home/mikks/ros2_ws/install/rover_desc_description/lib/python3.12/site-packages:/home/mikks/ros2_ws/install/px4_actuator_ctrl/lib/python3.12/site-packages:/home/mikks/ros2_ws/build/mine_rover_description:/home/mikks/ros2_ws/install/mine_rover_description/lib/python3.12/site-packages:/home/mikks/ros2_ws/build/ZerionURDFV5cp_description:/home/mikks/ros2_ws/install/ZerionURDFV5cp_description/lib/python3.12/site-packages:/home/mikks/crazyflie_mapping_demo/ros2_ws/install/velocity_free_consensus/lib/python3.12/site-packages:/home/mikks/crazyflie_mapping_demo/ros2_ws/install/stepwise_lowpos/lib/python3.12/site-packages:/home/mikks/crazyflie_mapping_demo/ros2_ws/install/step_wise_lowpos/lib/python3.12/site-packages:/home/mikks/crazyflie_mapping_demo/ros2_ws/install/second_order_formation_control/lib/python3.12/site-packages:/home/mikks/crazyflie_mapping_demo/ros2_ws/install/ros_gz_crazyflie_control/lib/python3.12/site-packages:/home/mikks/crazyflie_mapping_demo/ros2_ws/install/mixed_fractional_consensus/lib/python3.12/site-packages:/home/mikks/crazyflie_mapping_demo/ros2_ws/install/lowest_pos/lib/python3.12/site-packages:/home/mikks/crazyflie_mapping_demo/ros2_ws/install/linear_consensus/lib/python3.12/site-packages:/home/mikks/crazyflie_mapping_demo/ros2_ws/install/highest_pos/lib/python3.12/site-packages:/home/mikks/crazyflie_mapping_demo/ros2_ws/install/fractional_consensus_alpha/lib/python3.12/site-packages:/home/mikks/crazyflie_mapping_demo/ros2_ws/install/event_triggered_swarm/lib/python3.12/site-packages:/home/mikks/crazyflie_mapping_demo/ros2_ws/install/drone_logger/lib/python3.12/site-packages:/home/mikks/crazyflie_mapping_demo/ros2_ws/install/distributed_average_tracking/lib/python3.12/site-packages:/home/mikks/crazyflie_mapping_demo/ros2_ws/install/crazyflie_swarm_logic/lib/python3.12/site-packages:/home/mikks/crazyflie_mapping_demo/ros2_ws/install/crazyflie_sim/lib/python3.12/site-packages:/home/mikks/crazyflie_mapping_demo/ros2_ws/install/crazyflie_ros2_multiranger_wall_following/lib/python3.12/site-packages:/home/mikks/crazyflie_mapping_demo/ros2_ws/install/crazyflie_ros2_multiranger_simple_mapper/lib/python3.12/site-packages:/home/mikks/crazyflie_mapping_demo/ros2_ws/install/crazyflie_examples/lib/python3.12/site-packages:/home/mikks/crazyflie_mapping_demo/ros2_ws/install/crazyflie_py/lib/python3.12/site-packages:/home/mikks/crazyflie_mapping_demo/ros2_ws/install/crazyflie_interfaces/lib/python3.12/site-packages:/home/mikks/crazyflie_mapping_demo/ros2_ws/install/cooperative_target_centric_formation/lib/python3.12/site-packages:/home/mikks/crazyflie_mapping_demo/ros2_ws/install/containment_using_agent_information/lib/python3.12/site-packages:/home/mikks/crazyflie_mapping_demo/ros2_ws/install/consensus_for_double_integrator/lib/python3.12/site-packages:/home/mikks/crazyflie_mapping_demo/ros2_ws/install/consensus_alignment/lib/python3.12/site-packages:/home/mikks/crazyflie_mapping_demo/ros2_ws/install/binary_consensus/lib/python3.12/site-packages:/home/mikks/crazyflie_mapping_demo/ros2_ws/install/Second_Order_Min_Consensus_for_Heterogeneous_Agents/lib/python3.12/site-packages:/home/mikks/crazyflie_mapping_demo/ros2_ws/install/BinaryContainmentChain/lib/python3.12/site-packages:/opt/ros/jazzy/lib/python3.12/site-packages /usr/bin/cmake --install /home/mikks/ros2_px4_ws/build/example_mode_manual_cpp
[4.079s] Level 1:colcon.colcon_core.shell:create_environment_hook('example_mode_manual_cpp', 'cmake_prefix_path')
[4.080s] INFO:colcon.colcon_core.shell:Creating environment hook '/home/mikks/ros2_px4_ws/install/example_mode_manual_cpp/share/example_mode_manual_cpp/hook/cmake_prefix_path.ps1'
[4.080s] INFO:colcon.colcon_core.shell:Creating environment descriptor '/home/mikks/ros2_px4_ws/install/example_mode_manual_cpp/share/example_mode_manual_cpp/hook/cmake_prefix_path.dsv'
[4.081s] INFO:colcon.colcon_core.shell:Creating environment hook '/home/mikks/ros2_px4_ws/install/example_mode_manual_cpp/share/example_mode_manual_cpp/hook/cmake_prefix_path.sh'
[4.081s] Level 1:colcon.colcon_core.environment:checking '/home/mikks/ros2_px4_ws/install/example_mode_manual_cpp/lib'
[4.081s] Level 1:colcon.colcon_core.environment:checking '/home/mikks/ros2_px4_ws/install/example_mode_manual_cpp/bin'
[4.082s] Level 1:colcon.colcon_core.environment:checking '/home/mikks/ros2_px4_ws/install/example_mode_manual_cpp/lib/pkgconfig/example_mode_manual_cpp.pc'
[4.082s] Level 1:colcon.colcon_core.environment:checking '/home/mikks/ros2_px4_ws/install/example_mode_manual_cpp/lib/python3.12/site-packages'
[4.082s] Level 1:colcon.colcon_core.environment:checking '/home/mikks/ros2_px4_ws/install/example_mode_manual_cpp/bin'
[4.083s] INFO:colcon.colcon_core.shell:Creating package script '/home/mikks/ros2_px4_ws/install/example_mode_manual_cpp/share/example_mode_manual_cpp/package.ps1'
[4.084s] INFO:colcon.colcon_core.shell:Creating package descriptor '/home/mikks/ros2_px4_ws/install/example_mode_manual_cpp/share/example_mode_manual_cpp/package.dsv'
[4.084s] INFO:colcon.colcon_core.shell:Creating package script '/home/mikks/ros2_px4_ws/install/example_mode_manual_cpp/share/example_mode_manual_cpp/package.sh'
[4.085s] INFO:colcon.colcon_core.shell:Creating package script '/home/mikks/ros2_px4_ws/install/example_mode_manual_cpp/share/example_mode_manual_cpp/package.bash'
[4.085s] INFO:colcon.colcon_core.shell:Creating package script '/home/mikks/ros2_px4_ws/install/example_mode_manual_cpp/share/example_mode_manual_cpp/package.zsh'
[4.085s] Level 1:colcon.colcon_core.environment:create_file_with_runtime_dependencies(/home/mikks/ros2_px4_ws/install/example_mode_manual_cpp/share/colcon-core/packages/example_mode_manual_cpp)
[4.086s] Level 1:colcon.colcon_core.environment:create_environment_scripts_only(example_mode_manual_cpp)
[4.086s] Level 1:colcon.colcon_core.environment:checking '/home/mikks/ros2_px4_ws/install/example_mode_manual_cpp' for CMake module files
[4.087s] Level 1:colcon.colcon_core.environment:checking '/home/mikks/ros2_px4_ws/install/example_mode_manual_cpp' for CMake config files
[4.088s] Level 1:colcon.colcon_core.shell:create_environment_hook('example_mode_manual_cpp', 'cmake_prefix_path')
[4.088s] INFO:colcon.colcon_core.shell:Creating environment hook '/home/mikks/ros2_px4_ws/install/example_mode_manual_cpp/share/example_mode_manual_cpp/hook/cmake_prefix_path.ps1'
[4.089s] INFO:colcon.colcon_core.shell:Creating environment descriptor '/home/mikks/ros2_px4_ws/install/example_mode_manual_cpp/share/example_mode_manual_cpp/hook/cmake_prefix_path.dsv'
[4.089s] INFO:colcon.colcon_core.shell:Creating environment hook '/home/mikks/ros2_px4_ws/install/example_mode_manual_cpp/share/example_mode_manual_cpp/hook/cmake_prefix_path.sh'
[4.090s] Level 1:colcon.colcon_core.environment:checking '/home/mikks/ros2_px4_ws/install/example_mode_manual_cpp/lib'
[4.090s] Level 1:colcon.colcon_core.environment:checking '/home/mikks/ros2_px4_ws/install/example_mode_manual_cpp/bin'
[4.090s] Level 1:colcon.colcon_core.environment:checking '/home/mikks/ros2_px4_ws/install/example_mode_manual_cpp/lib/pkgconfig/example_mode_manual_cpp.pc'
[4.091s] Level 1:colcon.colcon_core.environment:checking '/home/mikks/ros2_px4_ws/install/example_mode_manual_cpp/lib/python3.12/site-packages'
[4.091s] Level 1:colcon.colcon_core.environment:checking '/home/mikks/ros2_px4_ws/install/example_mode_manual_cpp/bin'
[4.091s] INFO:colcon.colcon_core.shell:Creating package script '/home/mikks/ros2_px4_ws/install/example_mode_manual_cpp/share/example_mode_manual_cpp/package.ps1'
[4.092s] INFO:colcon.colcon_core.shell:Creating package descriptor '/home/mikks/ros2_px4_ws/install/example_mode_manual_cpp/share/example_mode_manual_cpp/package.dsv'
[4.092s] INFO:colcon.colcon_core.shell:Creating package script '/home/mikks/ros2_px4_ws/install/example_mode_manual_cpp/share/example_mode_manual_cpp/package.sh'
[4.093s] INFO:colcon.colcon_core.shell:Creating package script '/home/mikks/ros2_px4_ws/install/example_mode_manual_cpp/share/example_mode_manual_cpp/package.bash'
[4.094s] INFO:colcon.colcon_core.shell:Creating package script '/home/mikks/ros2_px4_ws/install/example_mode_manual_cpp/share/example_mode_manual_cpp/package.zsh'
[4.095s] Level 1:colcon.colcon_core.environment:create_file_with_runtime_dependencies(/home/mikks/ros2_px4_ws/install/example_mode_manual_cpp/share/colcon-core/packages/example_mode_manual_cpp)
[4.099s] Level 1:colcon.colcon_core.environment:create_environment_scripts_only(example_mode_goto_global_cpp)
[4.099s] Level 1:colcon.colcon_core.environment:checking '/home/mikks/ros2_px4_ws/install/example_mode_goto_global_cpp' for CMake module files
[4.100s] DEBUG:colcon.colcon_core.event_handler.log_command:Invoking command in '/home/mikks/ros2_px4_ws/build/example_mode_vtol_cpp': CMAKE_PREFIX_PATH=/home/mikks/ros2_px4_ws/install/px4_ros2_cpp:/home/mikks/ros2_px4_ws/install/px4_msgs:/home/mikks/ros2_px4_ws/install/px4_ros_com:/home/mikks/ros2_px4_ws/install/px4_ros2_py:/home/mikks/ros2_px4_ws/install/example_rover_velocity_mode_cpp:/home/mikks/ros2_px4_ws/install/example_mode_with_executor_cpp:/home/mikks/ros2_px4_ws/install/example_mode_vtol_cpp:/home/mikks/ros2_px4_ws/install/example_mode_rtl_replacement_cpp:/home/mikks/ros2_px4_ws/install/example_mode_mission_cpp:/home/mikks/ros2_px4_ws/install/example_mode_manual_cpp:/home/mikks/ros2_px4_ws/install/example_mode_goto_global_cpp:/home/mikks/ros2_px4_ws/install/example_mode_goto_cpp:/home/mikks/ros2_px4_ws/install/example_mode_fw_attitude_cpp:/home/mikks/ros2_px4_ws/install/example_local_navigation_cpp:/home/mikks/ros2_px4_ws/install/example_global_navigation_cpp:/home/mikks/ros2_px4_ws/install/example_executor_with_multiple_modes_cpp:/home/mikks/crazyflie_mapping_demo/ros2_ws/install/crazyflie_ros2_multiranger_bringup:/home/mikks/crazyflie_mapping_demo/ros2_ws/install/ros_gz_crazyflie_bringup:/home/mikks/crazyflie_mapping_demo/ros2_ws/install/ros_gz_crazyflie_gazebo:/home/mikks/crazyflie_mapping_demo/ros2_ws/install/crazyflie_sim:/home/mikks/crazyflie_mapping_demo/ros2_ws/install/crazyflie_examples:/home/mikks/crazyflie_mapping_demo/ros2_ws/install/crazyflie:/home/mikks/crazyflie_mapping_demo/ros2_ws/install/crazyflie_interfaces:/opt/ros/jazzy/opt/gz_sim_vendor:/opt/ros/jazzy/opt/gz_sensors_vendor:/opt/ros/jazzy/opt/gz_physics_vendor:/opt/ros/jazzy/opt/sdformat_vendor:/opt/ros/jazzy/opt/gz_gui_vendor:/opt/ros/jazzy/opt/gz_transport_vendor:/opt/ros/jazzy/opt/gz_rendering_vendor:/opt/ros/jazzy/opt/gz_plugin_vendor:/opt/ros/jazzy/opt/gz_fuel_tools_vendor:/opt/ros/jazzy/opt/gz_msgs_vendor:/opt/ros/jazzy/opt/gz_common_vendor:/opt/ros/jazzy/opt/gz_math_vendor:/opt/ros/jazzy/opt/gz_utils_vendor:/opt/ros/jazzy/opt/gz_tools_vendor:/opt/ros/jazzy/opt/gz_ogre_next_vendor:/opt/ros/jazzy/opt/gz_dartsim_vendor:/opt/ros/jazzy/opt/gz_cmake_vendor:/home/mikks/ros2_px4_ws/install/x500_hover_controller:/home/mikks/ros2_px4_ws/install/example_mode_with_rclpy_py:/home/mikks/ros2_px4_ws/install/example_mode_goto_py:/home/mikks/ros2_px4_ws/install/px4_actuator_ctrl:/home/mikks/ros2_ws/install/rover_desc_description:/home/mikks/ros2_ws/install/px4_actuator_ctrl:/home/mikks/ros2_ws/install/mine_rover_description:/home/mikks/ros2_ws/install/ZerionURDFV5cp_description:/home/mikks/crazyflie_mapping_demo/ros2_ws/install/velocity_free_consensus:/home/mikks/crazyflie_mapping_demo/ros2_ws/install/stepwise_lowpos:/home/mikks/crazyflie_mapping_demo/ros2_ws/install/step_wise_lowpos:/home/mikks/crazyflie_mapping_demo/ros2_ws/install/second_order_formation_control:/home/mikks/crazyflie_mapping_demo/ros2_ws/install/ros_gz_crazyflie_control:/home/mikks/crazyflie_mapping_demo/ros2_ws/install/mixed_fractional_consensus:/home/mikks/crazyflie_mapping_demo/ros2_ws/install/lowest_pos:/home/mikks/crazyflie_mapping_demo/ros2_ws/install/linear_consensus:/home/mikks/crazyflie_mapping_demo/ros2_ws/install/highest_pos:/home/mikks/crazyflie_mapping_demo/ros2_ws/install/fractional_consensus_alpha:/home/mikks/crazyflie_mapping_demo/ros2_ws/install/event_triggered_swarm:/home/mikks/crazyflie_mapping_demo/ros2_ws/install/drone_logger:/home/mikks/crazyflie_mapping_demo/ros2_ws/install/distributed_average_tracking:/home/mikks/crazyflie_mapping_demo/ros2_ws/install/crazyflie_swarm_logic:/home/mikks/crazyflie_mapping_demo/ros2_ws/install/crazyflie_ros2_multiranger_wall_following:/home/mikks/crazyflie_mapping_demo/ros2_ws/install/crazyflie_ros2_multiranger_simple_mapper:/home/mikks/crazyflie_mapping_demo/ros2_ws/install/crazyflie_py:/home/mikks/crazyflie_mapping_demo/ros2_ws/install/cooperative_target_centric_formation:/home/mikks/crazyflie_mapping_demo/ros2_ws/install/containment_using_agent_information:/home/mikks/crazyflie_mapping_demo/ros2_ws/install/consensus_for_double_integrator:/home/mikks/crazyflie_mapping_demo/ros2_ws/install/consensus_alignment:/home/mikks/crazyflie_mapping_demo/ros2_ws/install/binary_consensus:/home/mikks/crazyflie_mapping_demo/ros2_ws/install/Second_Order_Min_Consensus_for_Heterogeneous_Agents:/home/mikks/crazyflie_mapping_demo/ros2_ws/install/BinaryContainmentChain:/opt/ros/jazzy DEBUGINFOD_URLS=https://debuginfod.ubuntu.com LD_LIBRARY_PATH=/home/mikks/ros2_px4_ws/install/px4_ros2_cpp/lib:/home/mikks/ros2_px4_ws/install/px4_msgs/lib:/home/mikks/ros2_px4_ws/install/px4_ros_com/lib:/home/mikks/NatNet_SDK_4.3_ubuntu/lib:/home/mikks/crazyflie_mapping_demo/ros2_ws/install/crazyflie_interfaces/lib:/opt/ros/jazzy/opt/gz_sim_vendor/lib:/opt/ros/jazzy/opt/gz_sensors_vendor/lib:/opt/ros/jazzy/opt/gz_physics_vendor/lib:/opt/ros/jazzy/opt/sdformat_vendor/lib:/opt/ros/jazzy/opt/rviz_ogre_vendor/lib:/opt/ros/jazzy/lib/x86_64-linux-gnu:/opt/ros/jazzy/opt/gz_gui_vendor/lib:/opt/ros/jazzy/opt/gz_transport_vendor/lib:/opt/ros/jazzy/opt/gz_rendering_vendor/lib:/opt/ros/jazzy/opt/gz_plugin_vendor/lib:/opt/ros/jazzy/opt/gz_fuel_tools_vendor/lib:/opt/ros/jazzy/opt/gz_msgs_vendor/lib:/opt/ros/jazzy/opt/gz_common_vendor/lib:/opt/ros/jazzy/opt/gz_math_vendor/lib:/opt/ros/jazzy/opt/gz_utils_vendor/lib:/opt/ros/jazzy/opt/gz_tools_vendor/lib:/opt/ros/jazzy/opt/gz_ogre_next_vendor/lib:/opt/ros/jazzy/opt/gz_dartsim_vendor/lib:/opt/ros/jazzy/opt/gz_cmake_vendor/lib:/opt/ros/jazzy/lib PYTHONPATH=/home/mikks/ros2_px4_ws/install/px4_msgs/lib/python3.12/site-packages:/home/mikks/ros2_px4_ws/build/x500_hover_controller:/home/mikks/ros2_px4_ws/install/x500_hover_controller/lib/python3.12/site-packages:/home/mikks/ros2_px4_ws/install/px4_ros_com/lib/python3.12/site-packages:/home/mikks/ros2_px4_ws/build/example_mode_with_rclpy_py:/home/mikks/ros2_px4_ws/install/example_mode_with_rclpy_py/lib/python3.12/site-packages:/home/mikks/ros2_px4_ws/build/example_mode_goto_py:/home/mikks/ros2_px4_ws/install/example_mode_goto_py/lib/python3.12/site-packages:/home/mikks/ros2_px4_ws/install/px4_ros2_py/lib/python3.12/site-packages:/home/mikks/ros2_px4_ws/build/px4_actuator_ctrl:/home/mikks/ros2_px4_ws/install/px4_actuator_ctrl/lib/python3.12/site-packages:/home/mikks/ros2_ws/build/rover_desc_description:/home/mikks/ros2_ws/install/rover_desc_description/lib/python3.12/site-packages:/home/mikks/ros2_ws/install/px4_actuator_ctrl/lib/python3.12/site-packages:/home/mikks/ros2_ws/build/mine_rover_description:/home/mikks/ros2_ws/install/mine_rover_description/lib/python3.12/site-packages:/home/mikks/ros2_ws/build/ZerionURDFV5cp_description:/home/mikks/ros2_ws/install/ZerionURDFV5cp_description/lib/python3.12/site-packages:/home/mikks/crazyflie_mapping_demo/ros2_ws/install/velocity_free_consensus/lib/python3.12/site-packages:/home/mikks/crazyflie_mapping_demo/ros2_ws/install/stepwise_lowpos/lib/python3.12/site-packages:/home/mikks/crazyflie_mapping_demo/ros2_ws/install/step_wise_lowpos/lib/python3.12/site-packages:/home/mikks/crazyflie_mapping_demo/ros2_ws/install/second_order_formation_control/lib/python3.12/site-packages:/home/mikks/crazyflie_mapping_demo/ros2_ws/install/ros_gz_crazyflie_control/lib/python3.12/site-packages:/home/mikks/crazyflie_mapping_demo/ros2_ws/install/mixed_fractional_consensus/lib/python3.12/site-packages:/home/mikks/crazyflie_mapping_demo/ros2_ws/install/lowest_pos/lib/python3.12/site-packages:/home/mikks/crazyflie_mapping_demo/ros2_ws/install/linear_consensus/lib/python3.12/site-packages:/home/mikks/crazyflie_mapping_demo/ros2_ws/install/highest_pos/lib/python3.12/site-packages:/home/mikks/crazyflie_mapping_demo/ros2_ws/install/fractional_consensus_alpha/lib/python3.12/site-packages:/home/mikks/crazyflie_mapping_demo/ros2_ws/install/event_triggered_swarm/lib/python3.12/site-packages:/home/mikks/crazyflie_mapping_demo/ros2_ws/install/drone_logger/lib/python3.12/site-packages:/home/mikks/crazyflie_mapping_demo/ros2_ws/install/distributed_average_tracking/lib/python3.12/site-packages:/home/mikks/crazyflie_mapping_demo/ros2_ws/install/crazyflie_swarm_logic/lib/python3.12/site-packages:/home/mikks/crazyflie_mapping_demo/ros2_ws/install/crazyflie_sim/lib/python3.12/site-packages:/home/mikks/crazyflie_mapping_demo/ros2_ws/install/crazyflie_ros2_multiranger_wall_following/lib/python3.12/site-packages:/home/mikks/crazyflie_mapping_demo/ros2_ws/install/crazyflie_ros2_multiranger_simple_mapper/lib/python3.12/site-packages:/home/mikks/crazyflie_mapping_demo/ros2_ws/install/crazyflie_examples/lib/python3.12/site-packages:/home/mikks/crazyflie_mapping_demo/ros2_ws/install/crazyflie_py/lib/python3.12/site-packages:/home/mikks/crazyflie_mapping_demo/ros2_ws/install/crazyflie_interfaces/lib/python3.12/site-packages:/home/mikks/crazyflie_mapping_demo/ros2_ws/install/cooperative_target_centric_formation/lib/python3.12/site-packages:/home/mikks/crazyflie_mapping_demo/ros2_ws/install/containment_using_agent_information/lib/python3.12/site-packages:/home/mikks/crazyflie_mapping_demo/ros2_ws/install/consensus_for_double_integrator/lib/python3.12/site-packages:/home/mikks/crazyflie_mapping_demo/ros2_ws/install/consensus_alignment/lib/python3.12/site-packages:/home/mikks/crazyflie_mapping_demo/ros2_ws/install/binary_consensus/lib/python3.12/site-packages:/home/mikks/crazyflie_mapping_demo/ros2_ws/install/Second_Order_Min_Consensus_for_Heterogeneous_Agents/lib/python3.12/site-packages:/home/mikks/crazyflie_mapping_demo/ros2_ws/install/BinaryContainmentChain/lib/python3.12/site-packages:/opt/ros/jazzy/lib/python3.12/site-packages /usr/bin/cmake --build /home/mikks/ros2_px4_ws/build/example_mode_vtol_cpp -- -j12 -l12
[4.100s] Level 1:colcon.colcon_core.environment:checking '/home/mikks/ros2_px4_ws/install/example_mode_goto_global_cpp' for CMake config files
[4.101s] DEBUG:colcon.colcon_core.event_handler.log_command:Invoked command in '/home/mikks/ros2_px4_ws/build/example_mode_goto_global_cpp' returned '0': CMAKE_PREFIX_PATH=/home/mikks/ros2_px4_ws/install/px4_ros2_cpp:/home/mikks/ros2_px4_ws/install/px4_msgs:/home/mikks/ros2_px4_ws/install/px4_ros_com:/home/mikks/ros2_px4_ws/install/px4_ros2_py:/home/mikks/ros2_px4_ws/install/example_rover_velocity_mode_cpp:/home/mikks/ros2_px4_ws/install/example_mode_with_executor_cpp:/home/mikks/ros2_px4_ws/install/example_mode_vtol_cpp:/home/mikks/ros2_px4_ws/install/example_mode_rtl_replacement_cpp:/home/mikks/ros2_px4_ws/install/example_mode_mission_cpp:/home/mikks/ros2_px4_ws/install/example_mode_manual_cpp:/home/mikks/ros2_px4_ws/install/example_mode_goto_global_cpp:/home/mikks/ros2_px4_ws/install/example_mode_goto_cpp:/home/mikks/ros2_px4_ws/install/example_mode_fw_attitude_cpp:/home/mikks/ros2_px4_ws/install/example_local_navigation_cpp:/home/mikks/ros2_px4_ws/install/example_global_navigation_cpp:/home/mikks/ros2_px4_ws/install/example_executor_with_multiple_modes_cpp:/home/mikks/crazyflie_mapping_demo/ros2_ws/install/crazyflie_ros2_multiranger_bringup:/home/mikks/crazyflie_mapping_demo/ros2_ws/install/ros_gz_crazyflie_bringup:/home/mikks/crazyflie_mapping_demo/ros2_ws/install/ros_gz_crazyflie_gazebo:/home/mikks/crazyflie_mapping_demo/ros2_ws/install/crazyflie_sim:/home/mikks/crazyflie_mapping_demo/ros2_ws/install/crazyflie_examples:/home/mikks/crazyflie_mapping_demo/ros2_ws/install/crazyflie:/home/mikks/crazyflie_mapping_demo/ros2_ws/install/crazyflie_interfaces:/opt/ros/jazzy/opt/gz_sim_vendor:/opt/ros/jazzy/opt/gz_sensors_vendor:/opt/ros/jazzy/opt/gz_physics_vendor:/opt/ros/jazzy/opt/sdformat_vendor:/opt/ros/jazzy/opt/gz_gui_vendor:/opt/ros/jazzy/opt/gz_transport_vendor:/opt/ros/jazzy/opt/gz_rendering_vendor:/opt/ros/jazzy/opt/gz_plugin_vendor:/opt/ros/jazzy/opt/gz_fuel_tools_vendor:/opt/ros/jazzy/opt/gz_msgs_vendor:/opt/ros/jazzy/opt/gz_common_vendor:/opt/ros/jazzy/opt/gz_math_vendor:/opt/ros/jazzy/opt/gz_utils_vendor:/opt/ros/jazzy/opt/gz_tools_vendor:/opt/ros/jazzy/opt/gz_ogre_next_vendor:/opt/ros/jazzy/opt/gz_dartsim_vendor:/opt/ros/jazzy/opt/gz_cmake_vendor:/home/mikks/ros2_px4_ws/install/x500_hover_controller:/home/mikks/ros2_px4_ws/install/example_mode_with_rclpy_py:/home/mikks/ros2_px4_ws/install/example_mode_goto_py:/home/mikks/ros2_px4_ws/install/px4_actuator_ctrl:/home/mikks/ros2_ws/install/rover_desc_description:/home/mikks/ros2_ws/install/px4_actuator_ctrl:/home/mikks/ros2_ws/install/mine_rover_description:/home/mikks/ros2_ws/install/ZerionURDFV5cp_description:/home/mikks/crazyflie_mapping_demo/ros2_ws/install/velocity_free_consensus:/home/mikks/crazyflie_mapping_demo/ros2_ws/install/stepwise_lowpos:/home/mikks/crazyflie_mapping_demo/ros2_ws/install/step_wise_lowpos:/home/mikks/crazyflie_mapping_demo/ros2_ws/install/second_order_formation_control:/home/mikks/crazyflie_mapping_demo/ros2_ws/install/ros_gz_crazyflie_control:/home/mikks/crazyflie_mapping_demo/ros2_ws/install/mixed_fractional_consensus:/home/mikks/crazyflie_mapping_demo/ros2_ws/install/lowest_pos:/home/mikks/crazyflie_mapping_demo/ros2_ws/install/linear_consensus:/home/mikks/crazyflie_mapping_demo/ros2_ws/install/highest_pos:/home/mikks/crazyflie_mapping_demo/ros2_ws/install/fractional_consensus_alpha:/home/mikks/crazyflie_mapping_demo/ros2_ws/install/event_triggered_swarm:/home/mikks/crazyflie_mapping_demo/ros2_ws/install/drone_logger:/home/mikks/crazyflie_mapping_demo/ros2_ws/install/distributed_average_tracking:/home/mikks/crazyflie_mapping_demo/ros2_ws/install/crazyflie_swarm_logic:/home/mikks/crazyflie_mapping_demo/ros2_ws/install/crazyflie_ros2_multiranger_wall_following:/home/mikks/crazyflie_mapping_demo/ros2_ws/install/crazyflie_ros2_multiranger_simple_mapper:/home/mikks/crazyflie_mapping_demo/ros2_ws/install/crazyflie_py:/home/mikks/crazyflie_mapping_demo/ros2_ws/install/cooperative_target_centric_formation:/home/mikks/crazyflie_mapping_demo/ros2_ws/install/containment_using_agent_information:/home/mikks/crazyflie_mapping_demo/ros2_ws/install/consensus_for_double_integrator:/home/mikks/crazyflie_mapping_demo/ros2_ws/install/consensus_alignment:/home/mikks/crazyflie_mapping_demo/ros2_ws/install/binary_consensus:/home/mikks/crazyflie_mapping_demo/ros2_ws/install/Second_Order_Min_Consensus_for_Heterogeneous_Agents:/home/mikks/crazyflie_mapping_demo/ros2_ws/install/BinaryContainmentChain:/opt/ros/jazzy DEBUGINFOD_URLS=https://debuginfod.ubuntu.com LD_LIBRARY_PATH=/home/mikks/ros2_px4_ws/install/px4_ros2_cpp/lib:/home/mikks/ros2_px4_ws/install/px4_msgs/lib:/home/mikks/ros2_px4_ws/install/px4_ros_com/lib:/home/mikks/NatNet_SDK_4.3_ubuntu/lib:/home/mikks/crazyflie_mapping_demo/ros2_ws/install/crazyflie_interfaces/lib:/opt/ros/jazzy/opt/gz_sim_vendor/lib:/opt/ros/jazzy/opt/gz_sensors_vendor/lib:/opt/ros/jazzy/opt/gz_physics_vendor/lib:/opt/ros/jazzy/opt/sdformat_vendor/lib:/opt/ros/jazzy/opt/rviz_ogre_vendor/lib:/opt/ros/jazzy/lib/x86_64-linux-gnu:/opt/ros/jazzy/opt/gz_gui_vendor/lib:/opt/ros/jazzy/opt/gz_transport_vendor/lib:/opt/ros/jazzy/opt/gz_rendering_vendor/lib:/opt/ros/jazzy/opt/gz_plugin_vendor/lib:/opt/ros/jazzy/opt/gz_fuel_tools_vendor/lib:/opt/ros/jazzy/opt/gz_msgs_vendor/lib:/opt/ros/jazzy/opt/gz_common_vendor/lib:/opt/ros/jazzy/opt/gz_math_vendor/lib:/opt/ros/jazzy/opt/gz_utils_vendor/lib:/opt/ros/jazzy/opt/gz_tools_vendor/lib:/opt/ros/jazzy/opt/gz_ogre_next_vendor/lib:/opt/ros/jazzy/opt/gz_dartsim_vendor/lib:/opt/ros/jazzy/opt/gz_cmake_vendor/lib:/opt/ros/jazzy/lib PYTHONPATH=/home/mikks/ros2_px4_ws/install/px4_msgs/lib/python3.12/site-packages:/home/mikks/ros2_px4_ws/build/x500_hover_controller:/home/mikks/ros2_px4_ws/install/x500_hover_controller/lib/python3.12/site-packages:/home/mikks/ros2_px4_ws/install/px4_ros_com/lib/python3.12/site-packages:/home/mikks/ros2_px4_ws/build/example_mode_with_rclpy_py:/home/mikks/ros2_px4_ws/install/example_mode_with_rclpy_py/lib/python3.12/site-packages:/home/mikks/ros2_px4_ws/build/example_mode_goto_py:/home/mikks/ros2_px4_ws/install/example_mode_goto_py/lib/python3.12/site-packages:/home/mikks/ros2_px4_ws/install/px4_ros2_py/lib/python3.12/site-packages:/home/mikks/ros2_px4_ws/build/px4_actuator_ctrl:/home/mikks/ros2_px4_ws/install/px4_actuator_ctrl/lib/python3.12/site-packages:/home/mikks/ros2_ws/build/rover_desc_description:/home/mikks/ros2_ws/install/rover_desc_description/lib/python3.12/site-packages:/home/mikks/ros2_ws/install/px4_actuator_ctrl/lib/python3.12/site-packages:/home/mikks/ros2_ws/build/mine_rover_description:/home/mikks/ros2_ws/install/mine_rover_description/lib/python3.12/site-packages:/home/mikks/ros2_ws/build/ZerionURDFV5cp_description:/home/mikks/ros2_ws/install/ZerionURDFV5cp_description/lib/python3.12/site-packages:/home/mikks/crazyflie_mapping_demo/ros2_ws/install/velocity_free_consensus/lib/python3.12/site-packages:/home/mikks/crazyflie_mapping_demo/ros2_ws/install/stepwise_lowpos/lib/python3.12/site-packages:/home/mikks/crazyflie_mapping_demo/ros2_ws/install/step_wise_lowpos/lib/python3.12/site-packages:/home/mikks/crazyflie_mapping_demo/ros2_ws/install/second_order_formation_control/lib/python3.12/site-packages:/home/mikks/crazyflie_mapping_demo/ros2_ws/install/ros_gz_crazyflie_control/lib/python3.12/site-packages:/home/mikks/crazyflie_mapping_demo/ros2_ws/install/mixed_fractional_consensus/lib/python3.12/site-packages:/home/mikks/crazyflie_mapping_demo/ros2_ws/install/lowest_pos/lib/python3.12/site-packages:/home/mikks/crazyflie_mapping_demo/ros2_ws/install/linear_consensus/lib/python3.12/site-packages:/home/mikks/crazyflie_mapping_demo/ros2_ws/install/highest_pos/lib/python3.12/site-packages:/home/mikks/crazyflie_mapping_demo/ros2_ws/install/fractional_consensus_alpha/lib/python3.12/site-packages:/home/mikks/crazyflie_mapping_demo/ros2_ws/install/event_triggered_swarm/lib/python3.12/site-packages:/home/mikks/crazyflie_mapping_demo/ros2_ws/install/drone_logger/lib/python3.12/site-packages:/home/mikks/crazyflie_mapping_demo/ros2_ws/install/distributed_average_tracking/lib/python3.12/site-packages:/home/mikks/crazyflie_mapping_demo/ros2_ws/install/crazyflie_swarm_logic/lib/python3.12/site-packages:/home/mikks/crazyflie_mapping_demo/ros2_ws/install/crazyflie_sim/lib/python3.12/site-packages:/home/mikks/crazyflie_mapping_demo/ros2_ws/install/crazyflie_ros2_multiranger_wall_following/lib/python3.12/site-packages:/home/mikks/crazyflie_mapping_demo/ros2_ws/install/crazyflie_ros2_multiranger_simple_mapper/lib/python3.12/site-packages:/home/mikks/crazyflie_mapping_demo/ros2_ws/install/crazyflie_examples/lib/python3.12/site-packages:/home/mikks/crazyflie_mapping_demo/ros2_ws/install/crazyflie_py/lib/python3.12/site-packages:/home/mikks/crazyflie_mapping_demo/ros2_ws/install/crazyflie_interfaces/lib/python3.12/site-packages:/home/mikks/crazyflie_mapping_demo/ros2_ws/install/cooperative_target_centric_formation/lib/python3.12/site-packages:/home/mikks/crazyflie_mapping_demo/ros2_ws/install/containment_using_agent_information/lib/python3.12/site-packages:/home/mikks/crazyflie_mapping_demo/ros2_ws/install/consensus_for_double_integrator/lib/python3.12/site-packages:/home/mikks/crazyflie_mapping_demo/ros2_ws/install/consensus_alignment/lib/python3.12/site-packages:/home/mikks/crazyflie_mapping_demo/ros2_ws/install/binary_consensus/lib/python3.12/site-packages:/home/mikks/crazyflie_mapping_demo/ros2_ws/install/Second_Order_Min_Consensus_for_Heterogeneous_Agents/lib/python3.12/site-packages:/home/mikks/crazyflie_mapping_demo/ros2_ws/install/BinaryContainmentChain/lib/python3.12/site-packages:/opt/ros/jazzy/lib/python3.12/site-packages /usr/bin/cmake --install /home/mikks/ros2_px4_ws/build/example_mode_goto_global_cpp
[4.101s] Level 1:colcon.colcon_core.shell:create_environment_hook('example_mode_goto_global_cpp', 'cmake_prefix_path')
[4.101s] INFO:colcon.colcon_core.shell:Creating environment hook '/home/mikks/ros2_px4_ws/install/example_mode_goto_global_cpp/share/example_mode_goto_global_cpp/hook/cmake_prefix_path.ps1'
[4.102s] INFO:colcon.colcon_core.shell:Creating environment descriptor '/home/mikks/ros2_px4_ws/install/example_mode_goto_global_cpp/share/example_mode_goto_global_cpp/hook/cmake_prefix_path.dsv'
[4.102s] INFO:colcon.colcon_core.shell:Creating environment hook '/home/mikks/ros2_px4_ws/install/example_mode_goto_global_cpp/share/example_mode_goto_global_cpp/hook/cmake_prefix_path.sh'
[4.103s] Level 1:colcon.colcon_core.environment:checking '/home/mikks/ros2_px4_ws/install/example_mode_goto_global_cpp/lib'
[4.103s] Level 1:colcon.colcon_core.environment:checking '/home/mikks/ros2_px4_ws/install/example_mode_goto_global_cpp/bin'
[4.103s] Level 1:colcon.colcon_core.environment:checking '/home/mikks/ros2_px4_ws/install/example_mode_goto_global_cpp/lib/pkgconfig/example_mode_goto_global_cpp.pc'
[4.103s] Level 1:colcon.colcon_core.environment:checking '/home/mikks/ros2_px4_ws/install/example_mode_goto_global_cpp/lib/python3.12/site-packages'
[4.103s] Level 1:colcon.colcon_core.environment:checking '/home/mikks/ros2_px4_ws/install/example_mode_goto_global_cpp/bin'
[4.104s] INFO:colcon.colcon_core.shell:Creating package script '/home/mikks/ros2_px4_ws/install/example_mode_goto_global_cpp/share/example_mode_goto_global_cpp/package.ps1'
[4.105s] INFO:colcon.colcon_core.shell:Creating package descriptor '/home/mikks/ros2_px4_ws/install/example_mode_goto_global_cpp/share/example_mode_goto_global_cpp/package.dsv'
[4.105s] INFO:colcon.colcon_core.shell:Creating package script '/home/mikks/ros2_px4_ws/install/example_mode_goto_global_cpp/share/example_mode_goto_global_cpp/package.sh'
[4.106s] INFO:colcon.colcon_core.shell:Creating package script '/home/mikks/ros2_px4_ws/install/example_mode_goto_global_cpp/share/example_mode_goto_global_cpp/package.bash'
[4.106s] INFO:colcon.colcon_core.shell:Creating package script '/home/mikks/ros2_px4_ws/install/example_mode_goto_global_cpp/share/example_mode_goto_global_cpp/package.zsh'
[4.107s] Level 1:colcon.colcon_core.environment:create_file_with_runtime_dependencies(/home/mikks/ros2_px4_ws/install/example_mode_goto_global_cpp/share/colcon-core/packages/example_mode_goto_global_cpp)
[4.107s] Level 1:colcon.colcon_core.environment:create_environment_scripts_only(example_mode_goto_global_cpp)
[4.107s] Level 1:colcon.colcon_core.environment:checking '/home/mikks/ros2_px4_ws/install/example_mode_goto_global_cpp' for CMake module files
[4.108s] Level 1:colcon.colcon_core.environment:checking '/home/mikks/ros2_px4_ws/install/example_mode_goto_global_cpp' for CMake config files
[4.109s] Level 1:colcon.colcon_core.shell:create_environment_hook('example_mode_goto_global_cpp', 'cmake_prefix_path')
[4.109s] INFO:colcon.colcon_core.shell:Creating environment hook '/home/mikks/ros2_px4_ws/install/example_mode_goto_global_cpp/share/example_mode_goto_global_cpp/hook/cmake_prefix_path.ps1'
[4.109s] INFO:colcon.colcon_core.shell:Creating environment descriptor '/home/mikks/ros2_px4_ws/install/example_mode_goto_global_cpp/share/example_mode_goto_global_cpp/hook/cmake_prefix_path.dsv'
[4.110s] INFO:colcon.colcon_core.shell:Creating environment hook '/home/mikks/ros2_px4_ws/install/example_mode_goto_global_cpp/share/example_mode_goto_global_cpp/hook/cmake_prefix_path.sh'
[4.110s] Level 1:colcon.colcon_core.environment:checking '/home/mikks/ros2_px4_ws/install/example_mode_goto_global_cpp/lib'
[4.110s] Level 1:colcon.colcon_core.environment:checking '/home/mikks/ros2_px4_ws/install/example_mode_goto_global_cpp/bin'
[4.110s] Level 1:colcon.colcon_core.environment:checking '/home/mikks/ros2_px4_ws/install/example_mode_goto_global_cpp/lib/pkgconfig/example_mode_goto_global_cpp.pc'
[4.110s] Level 1:colcon.colcon_core.environment:checking '/home/mikks/ros2_px4_ws/install/example_mode_goto_global_cpp/lib/python3.12/site-packages'
[4.111s] Level 1:colcon.colcon_core.environment:checking '/home/mikks/ros2_px4_ws/install/example_mode_goto_global_cpp/bin'
[4.111s] INFO:colcon.colcon_core.shell:Creating package script '/home/mikks/ros2_px4_ws/install/example_mode_goto_global_cpp/share/example_mode_goto_global_cpp/package.ps1'
[4.111s] INFO:colcon.colcon_core.shell:Creating package descriptor '/home/mikks/ros2_px4_ws/install/example_mode_goto_global_cpp/share/example_mode_goto_global_cpp/package.dsv'
[4.112s] INFO:colcon.colcon_core.shell:Creating package script '/home/mikks/ros2_px4_ws/install/example_mode_goto_global_cpp/share/example_mode_goto_global_cpp/package.sh'
[4.112s] INFO:colcon.colcon_core.shell:Creating package script '/home/mikks/ros2_px4_ws/install/example_mode_goto_global_cpp/share/example_mode_goto_global_cpp/package.bash'
[4.113s] INFO:colcon.colcon_core.shell:Creating package script '/home/mikks/ros2_px4_ws/install/example_mode_goto_global_cpp/share/example_mode_goto_global_cpp/package.zsh'
[4.113s] Level 1:colcon.colcon_core.environment:create_file_with_runtime_dependencies(/home/mikks/ros2_px4_ws/install/example_mode_goto_global_cpp/share/colcon-core/packages/example_mode_goto_global_cpp)
[4.113s] Level 1:colcon.colcon_core.environment:create_environment_scripts_only(example_mode_mission_cpp)
[4.114s] Level 1:colcon.colcon_core.environment:checking '/home/mikks/ros2_px4_ws/install/example_mode_mission_cpp' for CMake module files
[4.115s] DEBUG:colcon.colcon_core.event_handler.log_command:Invoked command in '/home/mikks/ros2_px4_ws/build/example_mode_mission_cpp' returned '0': CMAKE_PREFIX_PATH=/home/mikks/ros2_px4_ws/install/px4_ros2_cpp:/home/mikks/ros2_px4_ws/install/px4_msgs:/home/mikks/ros2_px4_ws/install/px4_ros_com:/home/mikks/ros2_px4_ws/install/px4_ros2_py:/home/mikks/ros2_px4_ws/install/example_rover_velocity_mode_cpp:/home/mikks/ros2_px4_ws/install/example_mode_with_executor_cpp:/home/mikks/ros2_px4_ws/install/example_mode_vtol_cpp:/home/mikks/ros2_px4_ws/install/example_mode_rtl_replacement_cpp:/home/mikks/ros2_px4_ws/install/example_mode_mission_cpp:/home/mikks/ros2_px4_ws/install/example_mode_manual_cpp:/home/mikks/ros2_px4_ws/install/example_mode_goto_global_cpp:/home/mikks/ros2_px4_ws/install/example_mode_goto_cpp:/home/mikks/ros2_px4_ws/install/example_mode_fw_attitude_cpp:/home/mikks/ros2_px4_ws/install/example_local_navigation_cpp:/home/mikks/ros2_px4_ws/install/example_global_navigation_cpp:/home/mikks/ros2_px4_ws/install/example_executor_with_multiple_modes_cpp:/home/mikks/crazyflie_mapping_demo/ros2_ws/install/crazyflie_ros2_multiranger_bringup:/home/mikks/crazyflie_mapping_demo/ros2_ws/install/ros_gz_crazyflie_bringup:/home/mikks/crazyflie_mapping_demo/ros2_ws/install/ros_gz_crazyflie_gazebo:/home/mikks/crazyflie_mapping_demo/ros2_ws/install/crazyflie_sim:/home/mikks/crazyflie_mapping_demo/ros2_ws/install/crazyflie_examples:/home/mikks/crazyflie_mapping_demo/ros2_ws/install/crazyflie:/home/mikks/crazyflie_mapping_demo/ros2_ws/install/crazyflie_interfaces:/opt/ros/jazzy/opt/gz_sim_vendor:/opt/ros/jazzy/opt/gz_sensors_vendor:/opt/ros/jazzy/opt/gz_physics_vendor:/opt/ros/jazzy/opt/sdformat_vendor:/opt/ros/jazzy/opt/gz_gui_vendor:/opt/ros/jazzy/opt/gz_transport_vendor:/opt/ros/jazzy/opt/gz_rendering_vendor:/opt/ros/jazzy/opt/gz_plugin_vendor:/opt/ros/jazzy/opt/gz_fuel_tools_vendor:/opt/ros/jazzy/opt/gz_msgs_vendor:/opt/ros/jazzy/opt/gz_common_vendor:/opt/ros/jazzy/opt/gz_math_vendor:/opt/ros/jazzy/opt/gz_utils_vendor:/opt/ros/jazzy/opt/gz_tools_vendor:/opt/ros/jazzy/opt/gz_ogre_next_vendor:/opt/ros/jazzy/opt/gz_dartsim_vendor:/opt/ros/jazzy/opt/gz_cmake_vendor:/home/mikks/ros2_px4_ws/install/x500_hover_controller:/home/mikks/ros2_px4_ws/install/example_mode_with_rclpy_py:/home/mikks/ros2_px4_ws/install/example_mode_goto_py:/home/mikks/ros2_px4_ws/install/px4_actuator_ctrl:/home/mikks/ros2_ws/install/rover_desc_description:/home/mikks/ros2_ws/install/px4_actuator_ctrl:/home/mikks/ros2_ws/install/mine_rover_description:/home/mikks/ros2_ws/install/ZerionURDFV5cp_description:/home/mikks/crazyflie_mapping_demo/ros2_ws/install/velocity_free_consensus:/home/mikks/crazyflie_mapping_demo/ros2_ws/install/stepwise_lowpos:/home/mikks/crazyflie_mapping_demo/ros2_ws/install/step_wise_lowpos:/home/mikks/crazyflie_mapping_demo/ros2_ws/install/second_order_formation_control:/home/mikks/crazyflie_mapping_demo/ros2_ws/install/ros_gz_crazyflie_control:/home/mikks/crazyflie_mapping_demo/ros2_ws/install/mixed_fractional_consensus:/home/mikks/crazyflie_mapping_demo/ros2_ws/install/lowest_pos:/home/mikks/crazyflie_mapping_demo/ros2_ws/install/linear_consensus:/home/mikks/crazyflie_mapping_demo/ros2_ws/install/highest_pos:/home/mikks/crazyflie_mapping_demo/ros2_ws/install/fractional_consensus_alpha:/home/mikks/crazyflie_mapping_demo/ros2_ws/install/event_triggered_swarm:/home/mikks/crazyflie_mapping_demo/ros2_ws/install/drone_logger:/home/mikks/crazyflie_mapping_demo/ros2_ws/install/distributed_average_tracking:/home/mikks/crazyflie_mapping_demo/ros2_ws/install/crazyflie_swarm_logic:/home/mikks/crazyflie_mapping_demo/ros2_ws/install/crazyflie_ros2_multiranger_wall_following:/home/mikks/crazyflie_mapping_demo/ros2_ws/install/crazyflie_ros2_multiranger_simple_mapper:/home/mikks/crazyflie_mapping_demo/ros2_ws/install/crazyflie_py:/home/mikks/crazyflie_mapping_demo/ros2_ws/install/cooperative_target_centric_formation:/home/mikks/crazyflie_mapping_demo/ros2_ws/install/containment_using_agent_information:/home/mikks/crazyflie_mapping_demo/ros2_ws/install/consensus_for_double_integrator:/home/mikks/crazyflie_mapping_demo/ros2_ws/install/consensus_alignment:/home/mikks/crazyflie_mapping_demo/ros2_ws/install/binary_consensus:/home/mikks/crazyflie_mapping_demo/ros2_ws/install/Second_Order_Min_Consensus_for_Heterogeneous_Agents:/home/mikks/crazyflie_mapping_demo/ros2_ws/install/BinaryContainmentChain:/opt/ros/jazzy DEBUGINFOD_URLS=https://debuginfod.ubuntu.com LD_LIBRARY_PATH=/home/mikks/ros2_px4_ws/install/px4_ros2_cpp/lib:/home/mikks/ros2_px4_ws/install/px4_msgs/lib:/home/mikks/ros2_px4_ws/install/px4_ros_com/lib:/home/mikks/NatNet_SDK_4.3_ubuntu/lib:/home/mikks/crazyflie_mapping_demo/ros2_ws/install/crazyflie_interfaces/lib:/opt/ros/jazzy/opt/gz_sim_vendor/lib:/opt/ros/jazzy/opt/gz_sensors_vendor/lib:/opt/ros/jazzy/opt/gz_physics_vendor/lib:/opt/ros/jazzy/opt/sdformat_vendor/lib:/opt/ros/jazzy/opt/rviz_ogre_vendor/lib:/opt/ros/jazzy/lib/x86_64-linux-gnu:/opt/ros/jazzy/opt/gz_gui_vendor/lib:/opt/ros/jazzy/opt/gz_transport_vendor/lib:/opt/ros/jazzy/opt/gz_rendering_vendor/lib:/opt/ros/jazzy/opt/gz_plugin_vendor/lib:/opt/ros/jazzy/opt/gz_fuel_tools_vendor/lib:/opt/ros/jazzy/opt/gz_msgs_vendor/lib:/opt/ros/jazzy/opt/gz_common_vendor/lib:/opt/ros/jazzy/opt/gz_math_vendor/lib:/opt/ros/jazzy/opt/gz_utils_vendor/lib:/opt/ros/jazzy/opt/gz_tools_vendor/lib:/opt/ros/jazzy/opt/gz_ogre_next_vendor/lib:/opt/ros/jazzy/opt/gz_dartsim_vendor/lib:/opt/ros/jazzy/opt/gz_cmake_vendor/lib:/opt/ros/jazzy/lib PYTHONPATH=/home/mikks/ros2_px4_ws/install/px4_msgs/lib/python3.12/site-packages:/home/mikks/ros2_px4_ws/build/x500_hover_controller:/home/mikks/ros2_px4_ws/install/x500_hover_controller/lib/python3.12/site-packages:/home/mikks/ros2_px4_ws/install/px4_ros_com/lib/python3.12/site-packages:/home/mikks/ros2_px4_ws/build/example_mode_with_rclpy_py:/home/mikks/ros2_px4_ws/install/example_mode_with_rclpy_py/lib/python3.12/site-packages:/home/mikks/ros2_px4_ws/build/example_mode_goto_py:/home/mikks/ros2_px4_ws/install/example_mode_goto_py/lib/python3.12/site-packages:/home/mikks/ros2_px4_ws/install/px4_ros2_py/lib/python3.12/site-packages:/home/mikks/ros2_px4_ws/build/px4_actuator_ctrl:/home/mikks/ros2_px4_ws/install/px4_actuator_ctrl/lib/python3.12/site-packages:/home/mikks/ros2_ws/build/rover_desc_description:/home/mikks/ros2_ws/install/rover_desc_description/lib/python3.12/site-packages:/home/mikks/ros2_ws/install/px4_actuator_ctrl/lib/python3.12/site-packages:/home/mikks/ros2_ws/build/mine_rover_description:/home/mikks/ros2_ws/install/mine_rover_description/lib/python3.12/site-packages:/home/mikks/ros2_ws/build/ZerionURDFV5cp_description:/home/mikks/ros2_ws/install/ZerionURDFV5cp_description/lib/python3.12/site-packages:/home/mikks/crazyflie_mapping_demo/ros2_ws/install/velocity_free_consensus/lib/python3.12/site-packages:/home/mikks/crazyflie_mapping_demo/ros2_ws/install/stepwise_lowpos/lib/python3.12/site-packages:/home/mikks/crazyflie_mapping_demo/ros2_ws/install/step_wise_lowpos/lib/python3.12/site-packages:/home/mikks/crazyflie_mapping_demo/ros2_ws/install/second_order_formation_control/lib/python3.12/site-packages:/home/mikks/crazyflie_mapping_demo/ros2_ws/install/ros_gz_crazyflie_control/lib/python3.12/site-packages:/home/mikks/crazyflie_mapping_demo/ros2_ws/install/mixed_fractional_consensus/lib/python3.12/site-packages:/home/mikks/crazyflie_mapping_demo/ros2_ws/install/lowest_pos/lib/python3.12/site-packages:/home/mikks/crazyflie_mapping_demo/ros2_ws/install/linear_consensus/lib/python3.12/site-packages:/home/mikks/crazyflie_mapping_demo/ros2_ws/install/highest_pos/lib/python3.12/site-packages:/home/mikks/crazyflie_mapping_demo/ros2_ws/install/fractional_consensus_alpha/lib/python3.12/site-packages:/home/mikks/crazyflie_mapping_demo/ros2_ws/install/event_triggered_swarm/lib/python3.12/site-packages:/home/mikks/crazyflie_mapping_demo/ros2_ws/install/drone_logger/lib/python3.12/site-packages:/home/mikks/crazyflie_mapping_demo/ros2_ws/install/distributed_average_tracking/lib/python3.12/site-packages:/home/mikks/crazyflie_mapping_demo/ros2_ws/install/crazyflie_swarm_logic/lib/python3.12/site-packages:/home/mikks/crazyflie_mapping_demo/ros2_ws/install/crazyflie_sim/lib/python3.12/site-packages:/home/mikks/crazyflie_mapping_demo/ros2_ws/install/crazyflie_ros2_multiranger_wall_following/lib/python3.12/site-packages:/home/mikks/crazyflie_mapping_demo/ros2_ws/install/crazyflie_ros2_multiranger_simple_mapper/lib/python3.12/site-packages:/home/mikks/crazyflie_mapping_demo/ros2_ws/install/crazyflie_examples/lib/python3.12/site-packages:/home/mikks/crazyflie_mapping_demo/ros2_ws/install/crazyflie_py/lib/python3.12/site-packages:/home/mikks/crazyflie_mapping_demo/ros2_ws/install/crazyflie_interfaces/lib/python3.12/site-packages:/home/mikks/crazyflie_mapping_demo/ros2_ws/install/cooperative_target_centric_formation/lib/python3.12/site-packages:/home/mikks/crazyflie_mapping_demo/ros2_ws/install/containment_using_agent_information/lib/python3.12/site-packages:/home/mikks/crazyflie_mapping_demo/ros2_ws/install/consensus_for_double_integrator/lib/python3.12/site-packages:/home/mikks/crazyflie_mapping_demo/ros2_ws/install/consensus_alignment/lib/python3.12/site-packages:/home/mikks/crazyflie_mapping_demo/ros2_ws/install/binary_consensus/lib/python3.12/site-packages:/home/mikks/crazyflie_mapping_demo/ros2_ws/install/Second_Order_Min_Consensus_for_Heterogeneous_Agents/lib/python3.12/site-packages:/home/mikks/crazyflie_mapping_demo/ros2_ws/install/BinaryContainmentChain/lib/python3.12/site-packages:/opt/ros/jazzy/lib/python3.12/site-packages /usr/bin/cmake --install /home/mikks/ros2_px4_ws/build/example_mode_mission_cpp
[4.115s] Level 1:colcon.colcon_core.environment:checking '/home/mikks/ros2_px4_ws/install/example_mode_mission_cpp' for CMake config files
[4.115s] Level 1:colcon.colcon_core.shell:create_environment_hook('example_mode_mission_cpp', 'cmake_prefix_path')
[4.116s] INFO:colcon.colcon_core.shell:Creating environment hook '/home/mikks/ros2_px4_ws/install/example_mode_mission_cpp/share/example_mode_mission_cpp/hook/cmake_prefix_path.ps1'
[4.116s] INFO:colcon.colcon_core.shell:Creating environment descriptor '/home/mikks/ros2_px4_ws/install/example_mode_mission_cpp/share/example_mode_mission_cpp/hook/cmake_prefix_path.dsv'
[4.117s] INFO:colcon.colcon_core.shell:Creating environment hook '/home/mikks/ros2_px4_ws/install/example_mode_mission_cpp/share/example_mode_mission_cpp/hook/cmake_prefix_path.sh'
[4.117s] Level 1:colcon.colcon_core.environment:checking '/home/mikks/ros2_px4_ws/install/example_mode_mission_cpp/lib'
[4.117s] Level 1:colcon.colcon_core.environment:checking '/home/mikks/ros2_px4_ws/install/example_mode_mission_cpp/bin'
[4.118s] Level 1:colcon.colcon_core.environment:checking '/home/mikks/ros2_px4_ws/install/example_mode_mission_cpp/lib/pkgconfig/example_mode_mission_cpp.pc'
[4.118s] Level 1:colcon.colcon_core.environment:checking '/home/mikks/ros2_px4_ws/install/example_mode_mission_cpp/lib/python3.12/site-packages'
[4.118s] Level 1:colcon.colcon_core.environment:checking '/home/mikks/ros2_px4_ws/install/example_mode_mission_cpp/bin'
[4.118s] INFO:colcon.colcon_core.shell:Creating package script '/home/mikks/ros2_px4_ws/install/example_mode_mission_cpp/share/example_mode_mission_cpp/package.ps1'
[4.119s] INFO:colcon.colcon_core.shell:Creating package descriptor '/home/mikks/ros2_px4_ws/install/example_mode_mission_cpp/share/example_mode_mission_cpp/package.dsv'
[4.119s] INFO:colcon.colcon_core.shell:Creating package script '/home/mikks/ros2_px4_ws/install/example_mode_mission_cpp/share/example_mode_mission_cpp/package.sh'
[4.120s] INFO:colcon.colcon_core.shell:Creating package script '/home/mikks/ros2_px4_ws/install/example_mode_mission_cpp/share/example_mode_mission_cpp/package.bash'
[4.120s] INFO:colcon.colcon_core.shell:Creating package script '/home/mikks/ros2_px4_ws/install/example_mode_mission_cpp/share/example_mode_mission_cpp/package.zsh'
[4.120s] Level 1:colcon.colcon_core.environment:create_file_with_runtime_dependencies(/home/mikks/ros2_px4_ws/install/example_mode_mission_cpp/share/colcon-core/packages/example_mode_mission_cpp)
[4.121s] Level 1:colcon.colcon_core.environment:create_environment_scripts_only(example_mode_mission_cpp)
[4.121s] Level 1:colcon.colcon_core.environment:checking '/home/mikks/ros2_px4_ws/install/example_mode_mission_cpp' for CMake module files
[4.122s] Level 1:colcon.colcon_core.environment:checking '/home/mikks/ros2_px4_ws/install/example_mode_mission_cpp' for CMake config files
[4.122s] Level 1:colcon.colcon_core.shell:create_environment_hook('example_mode_mission_cpp', 'cmake_prefix_path')
[4.122s] INFO:colcon.colcon_core.shell:Creating environment hook '/home/mikks/ros2_px4_ws/install/example_mode_mission_cpp/share/example_mode_mission_cpp/hook/cmake_prefix_path.ps1'
[4.123s] INFO:colcon.colcon_core.shell:Creating environment descriptor '/home/mikks/ros2_px4_ws/install/example_mode_mission_cpp/share/example_mode_mission_cpp/hook/cmake_prefix_path.dsv'
[4.123s] INFO:colcon.colcon_core.shell:Creating environment hook '/home/mikks/ros2_px4_ws/install/example_mode_mission_cpp/share/example_mode_mission_cpp/hook/cmake_prefix_path.sh'
[4.124s] Level 1:colcon.colcon_core.environment:checking '/home/mikks/ros2_px4_ws/install/example_mode_mission_cpp/lib'
[4.124s] Level 1:colcon.colcon_core.environment:checking '/home/mikks/ros2_px4_ws/install/example_mode_mission_cpp/bin'
[4.124s] Level 1:colcon.colcon_core.environment:checking '/home/mikks/ros2_px4_ws/install/example_mode_mission_cpp/lib/pkgconfig/example_mode_mission_cpp.pc'
[4.124s] Level 1:colcon.colcon_core.environment:checking '/home/mikks/ros2_px4_ws/install/example_mode_mission_cpp/lib/python3.12/site-packages'
[4.125s] Level 1:colcon.colcon_core.environment:checking '/home/mikks/ros2_px4_ws/install/example_mode_mission_cpp/bin'
[4.125s] INFO:colcon.colcon_core.shell:Creating package script '/home/mikks/ros2_px4_ws/install/example_mode_mission_cpp/share/example_mode_mission_cpp/package.ps1'
[4.125s] INFO:colcon.colcon_core.shell:Creating package descriptor '/home/mikks/ros2_px4_ws/install/example_mode_mission_cpp/share/example_mode_mission_cpp/package.dsv'
[4.126s] INFO:colcon.colcon_core.shell:Creating package script '/home/mikks/ros2_px4_ws/install/example_mode_mission_cpp/share/example_mode_mission_cpp/package.sh'
[4.126s] INFO:colcon.colcon_core.shell:Creating package script '/home/mikks/ros2_px4_ws/install/example_mode_mission_cpp/share/example_mode_mission_cpp/package.bash'
[4.126s] INFO:colcon.colcon_core.shell:Creating package script '/home/mikks/ros2_px4_ws/install/example_mode_mission_cpp/share/example_mode_mission_cpp/package.zsh'
[4.127s] Level 1:colcon.colcon_core.environment:create_file_with_runtime_dependencies(/home/mikks/ros2_px4_ws/install/example_mode_mission_cpp/share/colcon-core/packages/example_mode_mission_cpp)
[4.140s] DEBUG:colcon.colcon_core.event_handler.log_command:Invoking command in '/home/mikks/ros2_px4_ws/build/example_mode_with_executor_cpp': CMAKE_PREFIX_PATH=/home/mikks/ros2_px4_ws/install/px4_ros2_cpp:/home/mikks/ros2_px4_ws/install/px4_msgs:/home/mikks/ros2_px4_ws/install/px4_ros_com:/home/mikks/ros2_px4_ws/install/px4_ros2_py:/home/mikks/ros2_px4_ws/install/example_rover_velocity_mode_cpp:/home/mikks/ros2_px4_ws/install/example_mode_with_executor_cpp:/home/mikks/ros2_px4_ws/install/example_mode_vtol_cpp:/home/mikks/ros2_px4_ws/install/example_mode_rtl_replacement_cpp:/home/mikks/ros2_px4_ws/install/example_mode_mission_cpp:/home/mikks/ros2_px4_ws/install/example_mode_manual_cpp:/home/mikks/ros2_px4_ws/install/example_mode_goto_global_cpp:/home/mikks/ros2_px4_ws/install/example_mode_goto_cpp:/home/mikks/ros2_px4_ws/install/example_mode_fw_attitude_cpp:/home/mikks/ros2_px4_ws/install/example_local_navigation_cpp:/home/mikks/ros2_px4_ws/install/example_global_navigation_cpp:/home/mikks/ros2_px4_ws/install/example_executor_with_multiple_modes_cpp:/home/mikks/crazyflie_mapping_demo/ros2_ws/install/crazyflie_ros2_multiranger_bringup:/home/mikks/crazyflie_mapping_demo/ros2_ws/install/ros_gz_crazyflie_bringup:/home/mikks/crazyflie_mapping_demo/ros2_ws/install/ros_gz_crazyflie_gazebo:/home/mikks/crazyflie_mapping_demo/ros2_ws/install/crazyflie_sim:/home/mikks/crazyflie_mapping_demo/ros2_ws/install/crazyflie_examples:/home/mikks/crazyflie_mapping_demo/ros2_ws/install/crazyflie:/home/mikks/crazyflie_mapping_demo/ros2_ws/install/crazyflie_interfaces:/opt/ros/jazzy/opt/gz_sim_vendor:/opt/ros/jazzy/opt/gz_sensors_vendor:/opt/ros/jazzy/opt/gz_physics_vendor:/opt/ros/jazzy/opt/sdformat_vendor:/opt/ros/jazzy/opt/gz_gui_vendor:/opt/ros/jazzy/opt/gz_transport_vendor:/opt/ros/jazzy/opt/gz_rendering_vendor:/opt/ros/jazzy/opt/gz_plugin_vendor:/opt/ros/jazzy/opt/gz_fuel_tools_vendor:/opt/ros/jazzy/opt/gz_msgs_vendor:/opt/ros/jazzy/opt/gz_common_vendor:/opt/ros/jazzy/opt/gz_math_vendor:/opt/ros/jazzy/opt/gz_utils_vendor:/opt/ros/jazzy/opt/gz_tools_vendor:/opt/ros/jazzy/opt/gz_ogre_next_vendor:/opt/ros/jazzy/opt/gz_dartsim_vendor:/opt/ros/jazzy/opt/gz_cmake_vendor:/home/mikks/ros2_px4_ws/install/x500_hover_controller:/home/mikks/ros2_px4_ws/install/example_mode_with_rclpy_py:/home/mikks/ros2_px4_ws/install/example_mode_goto_py:/home/mikks/ros2_px4_ws/install/px4_actuator_ctrl:/home/mikks/ros2_ws/install/rover_desc_description:/home/mikks/ros2_ws/install/px4_actuator_ctrl:/home/mikks/ros2_ws/install/mine_rover_description:/home/mikks/ros2_ws/install/ZerionURDFV5cp_description:/home/mikks/crazyflie_mapping_demo/ros2_ws/install/velocity_free_consensus:/home/mikks/crazyflie_mapping_demo/ros2_ws/install/stepwise_lowpos:/home/mikks/crazyflie_mapping_demo/ros2_ws/install/step_wise_lowpos:/home/mikks/crazyflie_mapping_demo/ros2_ws/install/second_order_formation_control:/home/mikks/crazyflie_mapping_demo/ros2_ws/install/ros_gz_crazyflie_control:/home/mikks/crazyflie_mapping_demo/ros2_ws/install/mixed_fractional_consensus:/home/mikks/crazyflie_mapping_demo/ros2_ws/install/lowest_pos:/home/mikks/crazyflie_mapping_demo/ros2_ws/install/linear_consensus:/home/mikks/crazyflie_mapping_demo/ros2_ws/install/highest_pos:/home/mikks/crazyflie_mapping_demo/ros2_ws/install/fractional_consensus_alpha:/home/mikks/crazyflie_mapping_demo/ros2_ws/install/event_triggered_swarm:/home/mikks/crazyflie_mapping_demo/ros2_ws/install/drone_logger:/home/mikks/crazyflie_mapping_demo/ros2_ws/install/distributed_average_tracking:/home/mikks/crazyflie_mapping_demo/ros2_ws/install/crazyflie_swarm_logic:/home/mikks/crazyflie_mapping_demo/ros2_ws/install/crazyflie_ros2_multiranger_wall_following:/home/mikks/crazyflie_mapping_demo/ros2_ws/install/crazyflie_ros2_multiranger_simple_mapper:/home/mikks/crazyflie_mapping_demo/ros2_ws/install/crazyflie_py:/home/mikks/crazyflie_mapping_demo/ros2_ws/install/cooperative_target_centric_formation:/home/mikks/crazyflie_mapping_demo/ros2_ws/install/containment_using_agent_information:/home/mikks/crazyflie_mapping_demo/ros2_ws/install/consensus_for_double_integrator:/home/mikks/crazyflie_mapping_demo/ros2_ws/install/consensus_alignment:/home/mikks/crazyflie_mapping_demo/ros2_ws/install/binary_consensus:/home/mikks/crazyflie_mapping_demo/ros2_ws/install/Second_Order_Min_Consensus_for_Heterogeneous_Agents:/home/mikks/crazyflie_mapping_demo/ros2_ws/install/BinaryContainmentChain:/opt/ros/jazzy DEBUGINFOD_URLS=https://debuginfod.ubuntu.com LD_LIBRARY_PATH=/home/mikks/ros2_px4_ws/install/px4_ros2_cpp/lib:/home/mikks/ros2_px4_ws/install/px4_msgs/lib:/home/mikks/ros2_px4_ws/install/px4_ros_com/lib:/home/mikks/NatNet_SDK_4.3_ubuntu/lib:/home/mikks/crazyflie_mapping_demo/ros2_ws/install/crazyflie_interfaces/lib:/opt/ros/jazzy/opt/gz_sim_vendor/lib:/opt/ros/jazzy/opt/gz_sensors_vendor/lib:/opt/ros/jazzy/opt/gz_physics_vendor/lib:/opt/ros/jazzy/opt/sdformat_vendor/lib:/opt/ros/jazzy/opt/rviz_ogre_vendor/lib:/opt/ros/jazzy/lib/x86_64-linux-gnu:/opt/ros/jazzy/opt/gz_gui_vendor/lib:/opt/ros/jazzy/opt/gz_transport_vendor/lib:/opt/ros/jazzy/opt/gz_rendering_vendor/lib:/opt/ros/jazzy/opt/gz_plugin_vendor/lib:/opt/ros/jazzy/opt/gz_fuel_tools_vendor/lib:/opt/ros/jazzy/opt/gz_msgs_vendor/lib:/opt/ros/jazzy/opt/gz_common_vendor/lib:/opt/ros/jazzy/opt/gz_math_vendor/lib:/opt/ros/jazzy/opt/gz_utils_vendor/lib:/opt/ros/jazzy/opt/gz_tools_vendor/lib:/opt/ros/jazzy/opt/gz_ogre_next_vendor/lib:/opt/ros/jazzy/opt/gz_dartsim_vendor/lib:/opt/ros/jazzy/opt/gz_cmake_vendor/lib:/opt/ros/jazzy/lib PYTHONPATH=/home/mikks/ros2_px4_ws/install/px4_msgs/lib/python3.12/site-packages:/home/mikks/ros2_px4_ws/build/x500_hover_controller:/home/mikks/ros2_px4_ws/install/x500_hover_controller/lib/python3.12/site-packages:/home/mikks/ros2_px4_ws/install/px4_ros_com/lib/python3.12/site-packages:/home/mikks/ros2_px4_ws/build/example_mode_with_rclpy_py:/home/mikks/ros2_px4_ws/install/example_mode_with_rclpy_py/lib/python3.12/site-packages:/home/mikks/ros2_px4_ws/build/example_mode_goto_py:/home/mikks/ros2_px4_ws/install/example_mode_goto_py/lib/python3.12/site-packages:/home/mikks/ros2_px4_ws/install/px4_ros2_py/lib/python3.12/site-packages:/home/mikks/ros2_px4_ws/build/px4_actuator_ctrl:/home/mikks/ros2_px4_ws/install/px4_actuator_ctrl/lib/python3.12/site-packages:/home/mikks/ros2_ws/build/rover_desc_description:/home/mikks/ros2_ws/install/rover_desc_description/lib/python3.12/site-packages:/home/mikks/ros2_ws/install/px4_actuator_ctrl/lib/python3.12/site-packages:/home/mikks/ros2_ws/build/mine_rover_description:/home/mikks/ros2_ws/install/mine_rover_description/lib/python3.12/site-packages:/home/mikks/ros2_ws/build/ZerionURDFV5cp_description:/home/mikks/ros2_ws/install/ZerionURDFV5cp_description/lib/python3.12/site-packages:/home/mikks/crazyflie_mapping_demo/ros2_ws/install/velocity_free_consensus/lib/python3.12/site-packages:/home/mikks/crazyflie_mapping_demo/ros2_ws/install/stepwise_lowpos/lib/python3.12/site-packages:/home/mikks/crazyflie_mapping_demo/ros2_ws/install/step_wise_lowpos/lib/python3.12/site-packages:/home/mikks/crazyflie_mapping_demo/ros2_ws/install/second_order_formation_control/lib/python3.12/site-packages:/home/mikks/crazyflie_mapping_demo/ros2_ws/install/ros_gz_crazyflie_control/lib/python3.12/site-packages:/home/mikks/crazyflie_mapping_demo/ros2_ws/install/mixed_fractional_consensus/lib/python3.12/site-packages:/home/mikks/crazyflie_mapping_demo/ros2_ws/install/lowest_pos/lib/python3.12/site-packages:/home/mikks/crazyflie_mapping_demo/ros2_ws/install/linear_consensus/lib/python3.12/site-packages:/home/mikks/crazyflie_mapping_demo/ros2_ws/install/highest_pos/lib/python3.12/site-packages:/home/mikks/crazyflie_mapping_demo/ros2_ws/install/fractional_consensus_alpha/lib/python3.12/site-packages:/home/mikks/crazyflie_mapping_demo/ros2_ws/install/event_triggered_swarm/lib/python3.12/site-packages:/home/mikks/crazyflie_mapping_demo/ros2_ws/install/drone_logger/lib/python3.12/site-packages:/home/mikks/crazyflie_mapping_demo/ros2_ws/install/distributed_average_tracking/lib/python3.12/site-packages:/home/mikks/crazyflie_mapping_demo/ros2_ws/install/crazyflie_swarm_logic/lib/python3.12/site-packages:/home/mikks/crazyflie_mapping_demo/ros2_ws/install/crazyflie_sim/lib/python3.12/site-packages:/home/mikks/crazyflie_mapping_demo/ros2_ws/install/crazyflie_ros2_multiranger_wall_following/lib/python3.12/site-packages:/home/mikks/crazyflie_mapping_demo/ros2_ws/install/crazyflie_ros2_multiranger_simple_mapper/lib/python3.12/site-packages:/home/mikks/crazyflie_mapping_demo/ros2_ws/install/crazyflie_examples/lib/python3.12/site-packages:/home/mikks/crazyflie_mapping_demo/ros2_ws/install/crazyflie_py/lib/python3.12/site-packages:/home/mikks/crazyflie_mapping_demo/ros2_ws/install/crazyflie_interfaces/lib/python3.12/site-packages:/home/mikks/crazyflie_mapping_demo/ros2_ws/install/cooperative_target_centric_formation/lib/python3.12/site-packages:/home/mikks/crazyflie_mapping_demo/ros2_ws/install/containment_using_agent_information/lib/python3.12/site-packages:/home/mikks/crazyflie_mapping_demo/ros2_ws/install/consensus_for_double_integrator/lib/python3.12/site-packages:/home/mikks/crazyflie_mapping_demo/ros2_ws/install/consensus_alignment/lib/python3.12/site-packages:/home/mikks/crazyflie_mapping_demo/ros2_ws/install/binary_consensus/lib/python3.12/site-packages:/home/mikks/crazyflie_mapping_demo/ros2_ws/install/Second_Order_Min_Consensus_for_Heterogeneous_Agents/lib/python3.12/site-packages:/home/mikks/crazyflie_mapping_demo/ros2_ws/install/BinaryContainmentChain/lib/python3.12/site-packages:/opt/ros/jazzy/lib/python3.12/site-packages /usr/bin/cmake --build /home/mikks/ros2_px4_ws/build/example_mode_with_executor_cpp -- -j12 -l12
[4.141s] Level 1:colcon.colcon_core.environment:create_environment_scripts_only(px4_ros_com)
[4.144s] Level 1:colcon.colcon_core.environment:checking '/home/mikks/ros2_px4_ws/install/px4_ros_com' for CMake module files
[4.145s] DEBUG:colcon.colcon_core.event_handler.log_command:Invoking command in '/home/mikks/ros2_px4_ws/build/example_rover_velocity_mode_cpp': CMAKE_PREFIX_PATH=/home/mikks/ros2_px4_ws/install/px4_ros2_cpp:/home/mikks/ros2_px4_ws/install/px4_msgs:/home/mikks/ros2_px4_ws/install/px4_ros_com:/home/mikks/ros2_px4_ws/install/px4_ros2_py:/home/mikks/ros2_px4_ws/install/example_rover_velocity_mode_cpp:/home/mikks/ros2_px4_ws/install/example_mode_with_executor_cpp:/home/mikks/ros2_px4_ws/install/example_mode_vtol_cpp:/home/mikks/ros2_px4_ws/install/example_mode_rtl_replacement_cpp:/home/mikks/ros2_px4_ws/install/example_mode_mission_cpp:/home/mikks/ros2_px4_ws/install/example_mode_manual_cpp:/home/mikks/ros2_px4_ws/install/example_mode_goto_global_cpp:/home/mikks/ros2_px4_ws/install/example_mode_goto_cpp:/home/mikks/ros2_px4_ws/install/example_mode_fw_attitude_cpp:/home/mikks/ros2_px4_ws/install/example_local_navigation_cpp:/home/mikks/ros2_px4_ws/install/example_global_navigation_cpp:/home/mikks/ros2_px4_ws/install/example_executor_with_multiple_modes_cpp:/home/mikks/crazyflie_mapping_demo/ros2_ws/install/crazyflie_ros2_multiranger_bringup:/home/mikks/crazyflie_mapping_demo/ros2_ws/install/ros_gz_crazyflie_bringup:/home/mikks/crazyflie_mapping_demo/ros2_ws/install/ros_gz_crazyflie_gazebo:/home/mikks/crazyflie_mapping_demo/ros2_ws/install/crazyflie_sim:/home/mikks/crazyflie_mapping_demo/ros2_ws/install/crazyflie_examples:/home/mikks/crazyflie_mapping_demo/ros2_ws/install/crazyflie:/home/mikks/crazyflie_mapping_demo/ros2_ws/install/crazyflie_interfaces:/opt/ros/jazzy/opt/gz_sim_vendor:/opt/ros/jazzy/opt/gz_sensors_vendor:/opt/ros/jazzy/opt/gz_physics_vendor:/opt/ros/jazzy/opt/sdformat_vendor:/opt/ros/jazzy/opt/gz_gui_vendor:/opt/ros/jazzy/opt/gz_transport_vendor:/opt/ros/jazzy/opt/gz_rendering_vendor:/opt/ros/jazzy/opt/gz_plugin_vendor:/opt/ros/jazzy/opt/gz_fuel_tools_vendor:/opt/ros/jazzy/opt/gz_msgs_vendor:/opt/ros/jazzy/opt/gz_common_vendor:/opt/ros/jazzy/opt/gz_math_vendor:/opt/ros/jazzy/opt/gz_utils_vendor:/opt/ros/jazzy/opt/gz_tools_vendor:/opt/ros/jazzy/opt/gz_ogre_next_vendor:/opt/ros/jazzy/opt/gz_dartsim_vendor:/opt/ros/jazzy/opt/gz_cmake_vendor:/home/mikks/ros2_px4_ws/install/x500_hover_controller:/home/mikks/ros2_px4_ws/install/example_mode_with_rclpy_py:/home/mikks/ros2_px4_ws/install/example_mode_goto_py:/home/mikks/ros2_px4_ws/install/px4_actuator_ctrl:/home/mikks/ros2_ws/install/rover_desc_description:/home/mikks/ros2_ws/install/px4_actuator_ctrl:/home/mikks/ros2_ws/install/mine_rover_description:/home/mikks/ros2_ws/install/ZerionURDFV5cp_description:/home/mikks/crazyflie_mapping_demo/ros2_ws/install/velocity_free_consensus:/home/mikks/crazyflie_mapping_demo/ros2_ws/install/stepwise_lowpos:/home/mikks/crazyflie_mapping_demo/ros2_ws/install/step_wise_lowpos:/home/mikks/crazyflie_mapping_demo/ros2_ws/install/second_order_formation_control:/home/mikks/crazyflie_mapping_demo/ros2_ws/install/ros_gz_crazyflie_control:/home/mikks/crazyflie_mapping_demo/ros2_ws/install/mixed_fractional_consensus:/home/mikks/crazyflie_mapping_demo/ros2_ws/install/lowest_pos:/home/mikks/crazyflie_mapping_demo/ros2_ws/install/linear_consensus:/home/mikks/crazyflie_mapping_demo/ros2_ws/install/highest_pos:/home/mikks/crazyflie_mapping_demo/ros2_ws/install/fractional_consensus_alpha:/home/mikks/crazyflie_mapping_demo/ros2_ws/install/event_triggered_swarm:/home/mikks/crazyflie_mapping_demo/ros2_ws/install/drone_logger:/home/mikks/crazyflie_mapping_demo/ros2_ws/install/distributed_average_tracking:/home/mikks/crazyflie_mapping_demo/ros2_ws/install/crazyflie_swarm_logic:/home/mikks/crazyflie_mapping_demo/ros2_ws/install/crazyflie_ros2_multiranger_wall_following:/home/mikks/crazyflie_mapping_demo/ros2_ws/install/crazyflie_ros2_multiranger_simple_mapper:/home/mikks/crazyflie_mapping_demo/ros2_ws/install/crazyflie_py:/home/mikks/crazyflie_mapping_demo/ros2_ws/install/cooperative_target_centric_formation:/home/mikks/crazyflie_mapping_demo/ros2_ws/install/containment_using_agent_information:/home/mikks/crazyflie_mapping_demo/ros2_ws/install/consensus_for_double_integrator:/home/mikks/crazyflie_mapping_demo/ros2_ws/install/consensus_alignment:/home/mikks/crazyflie_mapping_demo/ros2_ws/install/binary_consensus:/home/mikks/crazyflie_mapping_demo/ros2_ws/install/Second_Order_Min_Consensus_for_Heterogeneous_Agents:/home/mikks/crazyflie_mapping_demo/ros2_ws/install/BinaryContainmentChain:/opt/ros/jazzy DEBUGINFOD_URLS=https://debuginfod.ubuntu.com LD_LIBRARY_PATH=/home/mikks/ros2_px4_ws/install/px4_ros2_cpp/lib:/home/mikks/ros2_px4_ws/install/px4_msgs/lib:/home/mikks/ros2_px4_ws/install/px4_ros_com/lib:/home/mikks/NatNet_SDK_4.3_ubuntu/lib:/home/mikks/crazyflie_mapping_demo/ros2_ws/install/crazyflie_interfaces/lib:/opt/ros/jazzy/opt/gz_sim_vendor/lib:/opt/ros/jazzy/opt/gz_sensors_vendor/lib:/opt/ros/jazzy/opt/gz_physics_vendor/lib:/opt/ros/jazzy/opt/sdformat_vendor/lib:/opt/ros/jazzy/opt/rviz_ogre_vendor/lib:/opt/ros/jazzy/lib/x86_64-linux-gnu:/opt/ros/jazzy/opt/gz_gui_vendor/lib:/opt/ros/jazzy/opt/gz_transport_vendor/lib:/opt/ros/jazzy/opt/gz_rendering_vendor/lib:/opt/ros/jazzy/opt/gz_plugin_vendor/lib:/opt/ros/jazzy/opt/gz_fuel_tools_vendor/lib:/opt/ros/jazzy/opt/gz_msgs_vendor/lib:/opt/ros/jazzy/opt/gz_common_vendor/lib:/opt/ros/jazzy/opt/gz_math_vendor/lib:/opt/ros/jazzy/opt/gz_utils_vendor/lib:/opt/ros/jazzy/opt/gz_tools_vendor/lib:/opt/ros/jazzy/opt/gz_ogre_next_vendor/lib:/opt/ros/jazzy/opt/gz_dartsim_vendor/lib:/opt/ros/jazzy/opt/gz_cmake_vendor/lib:/opt/ros/jazzy/lib PYTHONPATH=/home/mikks/ros2_px4_ws/install/px4_msgs/lib/python3.12/site-packages:/home/mikks/ros2_px4_ws/build/x500_hover_controller:/home/mikks/ros2_px4_ws/install/x500_hover_controller/lib/python3.12/site-packages:/home/mikks/ros2_px4_ws/install/px4_ros_com/lib/python3.12/site-packages:/home/mikks/ros2_px4_ws/build/example_mode_with_rclpy_py:/home/mikks/ros2_px4_ws/install/example_mode_with_rclpy_py/lib/python3.12/site-packages:/home/mikks/ros2_px4_ws/build/example_mode_goto_py:/home/mikks/ros2_px4_ws/install/example_mode_goto_py/lib/python3.12/site-packages:/home/mikks/ros2_px4_ws/install/px4_ros2_py/lib/python3.12/site-packages:/home/mikks/ros2_px4_ws/build/px4_actuator_ctrl:/home/mikks/ros2_px4_ws/install/px4_actuator_ctrl/lib/python3.12/site-packages:/home/mikks/ros2_ws/build/rover_desc_description:/home/mikks/ros2_ws/install/rover_desc_description/lib/python3.12/site-packages:/home/mikks/ros2_ws/install/px4_actuator_ctrl/lib/python3.12/site-packages:/home/mikks/ros2_ws/build/mine_rover_description:/home/mikks/ros2_ws/install/mine_rover_description/lib/python3.12/site-packages:/home/mikks/ros2_ws/build/ZerionURDFV5cp_description:/home/mikks/ros2_ws/install/ZerionURDFV5cp_description/lib/python3.12/site-packages:/home/mikks/crazyflie_mapping_demo/ros2_ws/install/velocity_free_consensus/lib/python3.12/site-packages:/home/mikks/crazyflie_mapping_demo/ros2_ws/install/stepwise_lowpos/lib/python3.12/site-packages:/home/mikks/crazyflie_mapping_demo/ros2_ws/install/step_wise_lowpos/lib/python3.12/site-packages:/home/mikks/crazyflie_mapping_demo/ros2_ws/install/second_order_formation_control/lib/python3.12/site-packages:/home/mikks/crazyflie_mapping_demo/ros2_ws/install/ros_gz_crazyflie_control/lib/python3.12/site-packages:/home/mikks/crazyflie_mapping_demo/ros2_ws/install/mixed_fractional_consensus/lib/python3.12/site-packages:/home/mikks/crazyflie_mapping_demo/ros2_ws/install/lowest_pos/lib/python3.12/site-packages:/home/mikks/crazyflie_mapping_demo/ros2_ws/install/linear_consensus/lib/python3.12/site-packages:/home/mikks/crazyflie_mapping_demo/ros2_ws/install/highest_pos/lib/python3.12/site-packages:/home/mikks/crazyflie_mapping_demo/ros2_ws/install/fractional_consensus_alpha/lib/python3.12/site-packages:/home/mikks/crazyflie_mapping_demo/ros2_ws/install/event_triggered_swarm/lib/python3.12/site-packages:/home/mikks/crazyflie_mapping_demo/ros2_ws/install/drone_logger/lib/python3.12/site-packages:/home/mikks/crazyflie_mapping_demo/ros2_ws/install/distributed_average_tracking/lib/python3.12/site-packages:/home/mikks/crazyflie_mapping_demo/ros2_ws/install/crazyflie_swarm_logic/lib/python3.12/site-packages:/home/mikks/crazyflie_mapping_demo/ros2_ws/install/crazyflie_sim/lib/python3.12/site-packages:/home/mikks/crazyflie_mapping_demo/ros2_ws/install/crazyflie_ros2_multiranger_wall_following/lib/python3.12/site-packages:/home/mikks/crazyflie_mapping_demo/ros2_ws/install/crazyflie_ros2_multiranger_simple_mapper/lib/python3.12/site-packages:/home/mikks/crazyflie_mapping_demo/ros2_ws/install/crazyflie_examples/lib/python3.12/site-packages:/home/mikks/crazyflie_mapping_demo/ros2_ws/install/crazyflie_py/lib/python3.12/site-packages:/home/mikks/crazyflie_mapping_demo/ros2_ws/install/crazyflie_interfaces/lib/python3.12/site-packages:/home/mikks/crazyflie_mapping_demo/ros2_ws/install/cooperative_target_centric_formation/lib/python3.12/site-packages:/home/mikks/crazyflie_mapping_demo/ros2_ws/install/containment_using_agent_information/lib/python3.12/site-packages:/home/mikks/crazyflie_mapping_demo/ros2_ws/install/consensus_for_double_integrator/lib/python3.12/site-packages:/home/mikks/crazyflie_mapping_demo/ros2_ws/install/consensus_alignment/lib/python3.12/site-packages:/home/mikks/crazyflie_mapping_demo/ros2_ws/install/binary_consensus/lib/python3.12/site-packages:/home/mikks/crazyflie_mapping_demo/ros2_ws/install/Second_Order_Min_Consensus_for_Heterogeneous_Agents/lib/python3.12/site-packages:/home/mikks/crazyflie_mapping_demo/ros2_ws/install/BinaryContainmentChain/lib/python3.12/site-packages:/opt/ros/jazzy/lib/python3.12/site-packages /usr/bin/cmake --build /home/mikks/ros2_px4_ws/build/example_rover_velocity_mode_cpp -- -j12 -l12
[4.146s] DEBUG:colcon.colcon_core.event_handler.log_command:Invoked command in '/home/mikks/ros2_px4_ws/build/px4_ros_com' returned '0': CMAKE_PREFIX_PATH=/home/mikks/ros2_px4_ws/install/px4_msgs:/home/mikks/ros2_px4_ws/install/px4_ros_com:/home/mikks/ros2_px4_ws/install/px4_ros2_py:/home/mikks/ros2_px4_ws/install/example_rover_velocity_mode_cpp:/home/mikks/ros2_px4_ws/install/example_mode_with_executor_cpp:/home/mikks/ros2_px4_ws/install/example_mode_vtol_cpp:/home/mikks/ros2_px4_ws/install/example_mode_rtl_replacement_cpp:/home/mikks/ros2_px4_ws/install/example_mode_mission_cpp:/home/mikks/ros2_px4_ws/install/example_mode_manual_cpp:/home/mikks/ros2_px4_ws/install/example_mode_goto_global_cpp:/home/mikks/ros2_px4_ws/install/example_mode_goto_cpp:/home/mikks/ros2_px4_ws/install/example_mode_fw_attitude_cpp:/home/mikks/ros2_px4_ws/install/example_local_navigation_cpp:/home/mikks/ros2_px4_ws/install/example_global_navigation_cpp:/home/mikks/ros2_px4_ws/install/example_executor_with_multiple_modes_cpp:/home/mikks/ros2_px4_ws/install/px4_ros2_cpp:/home/mikks/crazyflie_mapping_demo/ros2_ws/install/crazyflie_ros2_multiranger_bringup:/home/mikks/crazyflie_mapping_demo/ros2_ws/install/ros_gz_crazyflie_bringup:/home/mikks/crazyflie_mapping_demo/ros2_ws/install/ros_gz_crazyflie_gazebo:/home/mikks/crazyflie_mapping_demo/ros2_ws/install/crazyflie_sim:/home/mikks/crazyflie_mapping_demo/ros2_ws/install/crazyflie_examples:/home/mikks/crazyflie_mapping_demo/ros2_ws/install/crazyflie:/home/mikks/crazyflie_mapping_demo/ros2_ws/install/crazyflie_interfaces:/opt/ros/jazzy/opt/gz_sim_vendor:/opt/ros/jazzy/opt/gz_sensors_vendor:/opt/ros/jazzy/opt/gz_physics_vendor:/opt/ros/jazzy/opt/sdformat_vendor:/opt/ros/jazzy/opt/gz_gui_vendor:/opt/ros/jazzy/opt/gz_transport_vendor:/opt/ros/jazzy/opt/gz_rendering_vendor:/opt/ros/jazzy/opt/gz_plugin_vendor:/opt/ros/jazzy/opt/gz_fuel_tools_vendor:/opt/ros/jazzy/opt/gz_msgs_vendor:/opt/ros/jazzy/opt/gz_common_vendor:/opt/ros/jazzy/opt/gz_math_vendor:/opt/ros/jazzy/opt/gz_utils_vendor:/opt/ros/jazzy/opt/gz_tools_vendor:/opt/ros/jazzy/opt/gz_ogre_next_vendor:/opt/ros/jazzy/opt/gz_dartsim_vendor:/opt/ros/jazzy/opt/gz_cmake_vendor:/home/mikks/ros2_px4_ws/install/x500_hover_controller:/home/mikks/ros2_px4_ws/install/example_mode_with_rclpy_py:/home/mikks/ros2_px4_ws/install/example_mode_goto_py:/home/mikks/ros2_px4_ws/install/px4_actuator_ctrl:/home/mikks/ros2_ws/install/rover_desc_description:/home/mikks/ros2_ws/install/px4_actuator_ctrl:/home/mikks/ros2_ws/install/mine_rover_description:/home/mikks/ros2_ws/install/ZerionURDFV5cp_description:/home/mikks/crazyflie_mapping_demo/ros2_ws/install/velocity_free_consensus:/home/mikks/crazyflie_mapping_demo/ros2_ws/install/stepwise_lowpos:/home/mikks/crazyflie_mapping_demo/ros2_ws/install/step_wise_lowpos:/home/mikks/crazyflie_mapping_demo/ros2_ws/install/second_order_formation_control:/home/mikks/crazyflie_mapping_demo/ros2_ws/install/ros_gz_crazyflie_control:/home/mikks/crazyflie_mapping_demo/ros2_ws/install/mixed_fractional_consensus:/home/mikks/crazyflie_mapping_demo/ros2_ws/install/lowest_pos:/home/mikks/crazyflie_mapping_demo/ros2_ws/install/linear_consensus:/home/mikks/crazyflie_mapping_demo/ros2_ws/install/highest_pos:/home/mikks/crazyflie_mapping_demo/ros2_ws/install/fractional_consensus_alpha:/home/mikks/crazyflie_mapping_demo/ros2_ws/install/event_triggered_swarm:/home/mikks/crazyflie_mapping_demo/ros2_ws/install/drone_logger:/home/mikks/crazyflie_mapping_demo/ros2_ws/install/distributed_average_tracking:/home/mikks/crazyflie_mapping_demo/ros2_ws/install/crazyflie_swarm_logic:/home/mikks/crazyflie_mapping_demo/ros2_ws/install/crazyflie_ros2_multiranger_wall_following:/home/mikks/crazyflie_mapping_demo/ros2_ws/install/crazyflie_ros2_multiranger_simple_mapper:/home/mikks/crazyflie_mapping_demo/ros2_ws/install/crazyflie_py:/home/mikks/crazyflie_mapping_demo/ros2_ws/install/cooperative_target_centric_formation:/home/mikks/crazyflie_mapping_demo/ros2_ws/install/containment_using_agent_information:/home/mikks/crazyflie_mapping_demo/ros2_ws/install/consensus_for_double_integrator:/home/mikks/crazyflie_mapping_demo/ros2_ws/install/consensus_alignment:/home/mikks/crazyflie_mapping_demo/ros2_ws/install/binary_consensus:/home/mikks/crazyflie_mapping_demo/ros2_ws/install/Second_Order_Min_Consensus_for_Heterogeneous_Agents:/home/mikks/crazyflie_mapping_demo/ros2_ws/install/BinaryContainmentChain:/opt/ros/jazzy DEBUGINFOD_URLS=https://debuginfod.ubuntu.com LD_LIBRARY_PATH=/home/mikks/ros2_px4_ws/install/px4_msgs/lib:/home/mikks/ros2_px4_ws/install/px4_ros_com/lib:/home/mikks/ros2_px4_ws/install/px4_ros2_cpp/lib:/home/mikks/NatNet_SDK_4.3_ubuntu/lib:/home/mikks/crazyflie_mapping_demo/ros2_ws/install/crazyflie_interfaces/lib:/opt/ros/jazzy/opt/gz_sim_vendor/lib:/opt/ros/jazzy/opt/gz_sensors_vendor/lib:/opt/ros/jazzy/opt/gz_physics_vendor/lib:/opt/ros/jazzy/opt/sdformat_vendor/lib:/opt/ros/jazzy/opt/rviz_ogre_vendor/lib:/opt/ros/jazzy/lib/x86_64-linux-gnu:/opt/ros/jazzy/opt/gz_gui_vendor/lib:/opt/ros/jazzy/opt/gz_transport_vendor/lib:/opt/ros/jazzy/opt/gz_rendering_vendor/lib:/opt/ros/jazzy/opt/gz_plugin_vendor/lib:/opt/ros/jazzy/opt/gz_fuel_tools_vendor/lib:/opt/ros/jazzy/opt/gz_msgs_vendor/lib:/opt/ros/jazzy/opt/gz_common_vendor/lib:/opt/ros/jazzy/opt/gz_math_vendor/lib:/opt/ros/jazzy/opt/gz_utils_vendor/lib:/opt/ros/jazzy/opt/gz_tools_vendor/lib:/opt/ros/jazzy/opt/gz_ogre_next_vendor/lib:/opt/ros/jazzy/opt/gz_dartsim_vendor/lib:/opt/ros/jazzy/opt/gz_cmake_vendor/lib:/opt/ros/jazzy/lib PYTHONPATH=/home/mikks/ros2_px4_ws/install/px4_msgs/lib/python3.12/site-packages:/home/mikks/ros2_px4_ws/build/x500_hover_controller:/home/mikks/ros2_px4_ws/install/x500_hover_controller/lib/python3.12/site-packages:/home/mikks/ros2_px4_ws/install/px4_ros_com/lib/python3.12/site-packages:/home/mikks/ros2_px4_ws/build/example_mode_with_rclpy_py:/home/mikks/ros2_px4_ws/install/example_mode_with_rclpy_py/lib/python3.12/site-packages:/home/mikks/ros2_px4_ws/build/example_mode_goto_py:/home/mikks/ros2_px4_ws/install/example_mode_goto_py/lib/python3.12/site-packages:/home/mikks/ros2_px4_ws/install/px4_ros2_py/lib/python3.12/site-packages:/home/mikks/ros2_px4_ws/build/px4_actuator_ctrl:/home/mikks/ros2_px4_ws/install/px4_actuator_ctrl/lib/python3.12/site-packages:/home/mikks/ros2_ws/build/rover_desc_description:/home/mikks/ros2_ws/install/rover_desc_description/lib/python3.12/site-packages:/home/mikks/ros2_ws/install/px4_actuator_ctrl/lib/python3.12/site-packages:/home/mikks/ros2_ws/build/mine_rover_description:/home/mikks/ros2_ws/install/mine_rover_description/lib/python3.12/site-packages:/home/mikks/ros2_ws/build/ZerionURDFV5cp_description:/home/mikks/ros2_ws/install/ZerionURDFV5cp_description/lib/python3.12/site-packages:/home/mikks/crazyflie_mapping_demo/ros2_ws/install/velocity_free_consensus/lib/python3.12/site-packages:/home/mikks/crazyflie_mapping_demo/ros2_ws/install/stepwise_lowpos/lib/python3.12/site-packages:/home/mikks/crazyflie_mapping_demo/ros2_ws/install/step_wise_lowpos/lib/python3.12/site-packages:/home/mikks/crazyflie_mapping_demo/ros2_ws/install/second_order_formation_control/lib/python3.12/site-packages:/home/mikks/crazyflie_mapping_demo/ros2_ws/install/ros_gz_crazyflie_control/lib/python3.12/site-packages:/home/mikks/crazyflie_mapping_demo/ros2_ws/install/mixed_fractional_consensus/lib/python3.12/site-packages:/home/mikks/crazyflie_mapping_demo/ros2_ws/install/lowest_pos/lib/python3.12/site-packages:/home/mikks/crazyflie_mapping_demo/ros2_ws/install/linear_consensus/lib/python3.12/site-packages:/home/mikks/crazyflie_mapping_demo/ros2_ws/install/highest_pos/lib/python3.12/site-packages:/home/mikks/crazyflie_mapping_demo/ros2_ws/install/fractional_consensus_alpha/lib/python3.12/site-packages:/home/mikks/crazyflie_mapping_demo/ros2_ws/install/event_triggered_swarm/lib/python3.12/site-packages:/home/mikks/crazyflie_mapping_demo/ros2_ws/install/drone_logger/lib/python3.12/site-packages:/home/mikks/crazyflie_mapping_demo/ros2_ws/install/distributed_average_tracking/lib/python3.12/site-packages:/home/mikks/crazyflie_mapping_demo/ros2_ws/install/crazyflie_swarm_logic/lib/python3.12/site-packages:/home/mikks/crazyflie_mapping_demo/ros2_ws/install/crazyflie_sim/lib/python3.12/site-packages:/home/mikks/crazyflie_mapping_demo/ros2_ws/install/crazyflie_ros2_multiranger_wall_following/lib/python3.12/site-packages:/home/mikks/crazyflie_mapping_demo/ros2_ws/install/crazyflie_ros2_multiranger_simple_mapper/lib/python3.12/site-packages:/home/mikks/crazyflie_mapping_demo/ros2_ws/install/crazyflie_examples/lib/python3.12/site-packages:/home/mikks/crazyflie_mapping_demo/ros2_ws/install/crazyflie_py/lib/python3.12/site-packages:/home/mikks/crazyflie_mapping_demo/ros2_ws/install/crazyflie_interfaces/lib/python3.12/site-packages:/home/mikks/crazyflie_mapping_demo/ros2_ws/install/cooperative_target_centric_formation/lib/python3.12/site-packages:/home/mikks/crazyflie_mapping_demo/ros2_ws/install/containment_using_agent_information/lib/python3.12/site-packages:/home/mikks/crazyflie_mapping_demo/ros2_ws/install/consensus_for_double_integrator/lib/python3.12/site-packages:/home/mikks/crazyflie_mapping_demo/ros2_ws/install/consensus_alignment/lib/python3.12/site-packages:/home/mikks/crazyflie_mapping_demo/ros2_ws/install/binary_consensus/lib/python3.12/site-packages:/home/mikks/crazyflie_mapping_demo/ros2_ws/install/Second_Order_Min_Consensus_for_Heterogeneous_Agents/lib/python3.12/site-packages:/home/mikks/crazyflie_mapping_demo/ros2_ws/install/BinaryContainmentChain/lib/python3.12/site-packages:/opt/ros/jazzy/lib/python3.12/site-packages /usr/bin/cmake --install /home/mikks/ros2_px4_ws/build/px4_ros_com
[4.146s] Level 1:colcon.colcon_core.environment:checking '/home/mikks/ros2_px4_ws/install/px4_ros_com' for CMake config files
[4.147s] Level 1:colcon.colcon_core.shell:create_environment_hook('px4_ros_com', 'cmake_prefix_path')
[4.147s] INFO:colcon.colcon_core.shell:Creating environment hook '/home/mikks/ros2_px4_ws/install/px4_ros_com/share/px4_ros_com/hook/cmake_prefix_path.ps1'
[4.148s] INFO:colcon.colcon_core.shell:Creating environment descriptor '/home/mikks/ros2_px4_ws/install/px4_ros_com/share/px4_ros_com/hook/cmake_prefix_path.dsv'
[4.148s] INFO:colcon.colcon_core.shell:Creating environment hook '/home/mikks/ros2_px4_ws/install/px4_ros_com/share/px4_ros_com/hook/cmake_prefix_path.sh'
[4.149s] Level 1:colcon.colcon_core.environment:checking '/home/mikks/ros2_px4_ws/install/px4_ros_com/lib'
[4.149s] Level 1:colcon.colcon_core.shell:create_environment_hook('px4_ros_com', 'ld_library_path_lib')
[4.149s] INFO:colcon.colcon_core.shell:Creating environment hook '/home/mikks/ros2_px4_ws/install/px4_ros_com/share/px4_ros_com/hook/ld_library_path_lib.ps1'
[4.150s] INFO:colcon.colcon_core.shell:Creating environment descriptor '/home/mikks/ros2_px4_ws/install/px4_ros_com/share/px4_ros_com/hook/ld_library_path_lib.dsv'
[4.150s] INFO:colcon.colcon_core.shell:Creating environment hook '/home/mikks/ros2_px4_ws/install/px4_ros_com/share/px4_ros_com/hook/ld_library_path_lib.sh'
[4.151s] Level 1:colcon.colcon_core.environment:checking '/home/mikks/ros2_px4_ws/install/px4_ros_com/bin'
[4.151s] Level 1:colcon.colcon_core.environment:checking '/home/mikks/ros2_px4_ws/install/px4_ros_com/lib/pkgconfig/px4_ros_com.pc'
[4.151s] Level 1:colcon.colcon_core.environment:checking '/home/mikks/ros2_px4_ws/install/px4_ros_com/lib/python3.12/site-packages'
[4.151s] Level 1:colcon.colcon_core.shell:create_environment_hook('px4_ros_com', 'pythonpath')
[4.152s] INFO:colcon.colcon_core.shell:Creating environment hook '/home/mikks/ros2_px4_ws/install/px4_ros_com/share/px4_ros_com/hook/pythonpath.ps1'
[4.152s] INFO:colcon.colcon_core.shell:Creating environment descriptor '/home/mikks/ros2_px4_ws/install/px4_ros_com/share/px4_ros_com/hook/pythonpath.dsv'
[4.152s] INFO:colcon.colcon_core.shell:Creating environment hook '/home/mikks/ros2_px4_ws/install/px4_ros_com/share/px4_ros_com/hook/pythonpath.sh'
[4.153s] Level 1:colcon.colcon_core.environment:checking '/home/mikks/ros2_px4_ws/install/px4_ros_com/bin'
[4.153s] INFO:colcon.colcon_core.shell:Creating package script '/home/mikks/ros2_px4_ws/install/px4_ros_com/share/px4_ros_com/package.ps1'
[4.154s] INFO:colcon.colcon_core.shell:Creating package descriptor '/home/mikks/ros2_px4_ws/install/px4_ros_com/share/px4_ros_com/package.dsv'
[4.154s] INFO:colcon.colcon_core.shell:Creating package script '/home/mikks/ros2_px4_ws/install/px4_ros_com/share/px4_ros_com/package.sh'
[4.155s] INFO:colcon.colcon_core.shell:Creating package script '/home/mikks/ros2_px4_ws/install/px4_ros_com/share/px4_ros_com/package.bash'
[4.155s] INFO:colcon.colcon_core.shell:Creating package script '/home/mikks/ros2_px4_ws/install/px4_ros_com/share/px4_ros_com/package.zsh'
[4.156s] Level 1:colcon.colcon_core.environment:create_file_with_runtime_dependencies(/home/mikks/ros2_px4_ws/install/px4_ros_com/share/colcon-core/packages/px4_ros_com)
[4.156s] Level 1:colcon.colcon_core.environment:create_environment_scripts_only(px4_ros_com)
[4.156s] Level 1:colcon.colcon_core.environment:checking '/home/mikks/ros2_px4_ws/install/px4_ros_com' for CMake module files
[4.157s] Level 1:colcon.colcon_core.environment:checking '/home/mikks/ros2_px4_ws/install/px4_ros_com' for CMake config files
[4.158s] Level 1:colcon.colcon_core.shell:create_environment_hook('px4_ros_com', 'cmake_prefix_path')
[4.158s] INFO:colcon.colcon_core.shell:Creating environment hook '/home/mikks/ros2_px4_ws/install/px4_ros_com/share/px4_ros_com/hook/cmake_prefix_path.ps1'
[4.158s] INFO:colcon.colcon_core.shell:Creating environment descriptor '/home/mikks/ros2_px4_ws/install/px4_ros_com/share/px4_ros_com/hook/cmake_prefix_path.dsv'
[4.159s] INFO:colcon.colcon_core.shell:Creating environment hook '/home/mikks/ros2_px4_ws/install/px4_ros_com/share/px4_ros_com/hook/cmake_prefix_path.sh'
[4.159s] Level 1:colcon.colcon_core.environment:checking '/home/mikks/ros2_px4_ws/install/px4_ros_com/lib'
[4.159s] Level 1:colcon.colcon_core.shell:create_environment_hook('px4_ros_com', 'ld_library_path_lib')
[4.160s] INFO:colcon.colcon_core.shell:Creating environment hook '/home/mikks/ros2_px4_ws/install/px4_ros_com/share/px4_ros_com/hook/ld_library_path_lib.ps1'
[4.160s] INFO:colcon.colcon_core.shell:Creating environment descriptor '/home/mikks/ros2_px4_ws/install/px4_ros_com/share/px4_ros_com/hook/ld_library_path_lib.dsv'
[4.160s] INFO:colcon.colcon_core.shell:Creating environment hook '/home/mikks/ros2_px4_ws/install/px4_ros_com/share/px4_ros_com/hook/ld_library_path_lib.sh'
[4.160s] Level 1:colcon.colcon_core.environment:checking '/home/mikks/ros2_px4_ws/install/px4_ros_com/bin'
[4.161s] Level 1:colcon.colcon_core.environment:checking '/home/mikks/ros2_px4_ws/install/px4_ros_com/lib/pkgconfig/px4_ros_com.pc'
[4.161s] Level 1:colcon.colcon_core.environment:checking '/home/mikks/ros2_px4_ws/install/px4_ros_com/lib/python3.12/site-packages'
[4.161s] Level 1:colcon.colcon_core.shell:create_environment_hook('px4_ros_com', 'pythonpath')
[4.161s] INFO:colcon.colcon_core.shell:Creating environment hook '/home/mikks/ros2_px4_ws/install/px4_ros_com/share/px4_ros_com/hook/pythonpath.ps1'
[4.162s] INFO:colcon.colcon_core.shell:Creating environment descriptor '/home/mikks/ros2_px4_ws/install/px4_ros_com/share/px4_ros_com/hook/pythonpath.dsv'
[4.162s] INFO:colcon.colcon_core.shell:Creating environment hook '/home/mikks/ros2_px4_ws/install/px4_ros_com/share/px4_ros_com/hook/pythonpath.sh'
[4.163s] Level 1:colcon.colcon_core.environment:checking '/home/mikks/ros2_px4_ws/install/px4_ros_com/bin'
[4.163s] INFO:colcon.colcon_core.shell:Creating package script '/home/mikks/ros2_px4_ws/install/px4_ros_com/share/px4_ros_com/package.ps1'
[4.164s] INFO:colcon.colcon_core.shell:Creating package descriptor '/home/mikks/ros2_px4_ws/install/px4_ros_com/share/px4_ros_com/package.dsv'
[4.165s] INFO:colcon.colcon_core.shell:Creating package script '/home/mikks/ros2_px4_ws/install/px4_ros_com/share/px4_ros_com/package.sh'
[4.165s] INFO:colcon.colcon_core.shell:Creating package script '/home/mikks/ros2_px4_ws/install/px4_ros_com/share/px4_ros_com/package.bash'
[4.165s] INFO:colcon.colcon_core.shell:Creating package script '/home/mikks/ros2_px4_ws/install/px4_ros_com/share/px4_ros_com/package.zsh'
[4.166s] Level 1:colcon.colcon_core.environment:create_file_with_runtime_dependencies(/home/mikks/ros2_px4_ws/install/px4_ros_com/share/colcon-core/packages/px4_ros_com)
[4.168s] DEBUG:colcon.colcon_core.event_handler.log_command:Invoked command in '/home/mikks/ros2_px4_ws/build/example_mode_rtl_replacement_cpp' returned '0': CMAKE_PREFIX_PATH=/home/mikks/ros2_px4_ws/install/px4_ros2_cpp:/home/mikks/ros2_px4_ws/install/px4_msgs:/home/mikks/ros2_px4_ws/install/px4_ros_com:/home/mikks/ros2_px4_ws/install/px4_ros2_py:/home/mikks/ros2_px4_ws/install/example_rover_velocity_mode_cpp:/home/mikks/ros2_px4_ws/install/example_mode_with_executor_cpp:/home/mikks/ros2_px4_ws/install/example_mode_vtol_cpp:/home/mikks/ros2_px4_ws/install/example_mode_rtl_replacement_cpp:/home/mikks/ros2_px4_ws/install/example_mode_mission_cpp:/home/mikks/ros2_px4_ws/install/example_mode_manual_cpp:/home/mikks/ros2_px4_ws/install/example_mode_goto_global_cpp:/home/mikks/ros2_px4_ws/install/example_mode_goto_cpp:/home/mikks/ros2_px4_ws/install/example_mode_fw_attitude_cpp:/home/mikks/ros2_px4_ws/install/example_local_navigation_cpp:/home/mikks/ros2_px4_ws/install/example_global_navigation_cpp:/home/mikks/ros2_px4_ws/install/example_executor_with_multiple_modes_cpp:/home/mikks/crazyflie_mapping_demo/ros2_ws/install/crazyflie_ros2_multiranger_bringup:/home/mikks/crazyflie_mapping_demo/ros2_ws/install/ros_gz_crazyflie_bringup:/home/mikks/crazyflie_mapping_demo/ros2_ws/install/ros_gz_crazyflie_gazebo:/home/mikks/crazyflie_mapping_demo/ros2_ws/install/crazyflie_sim:/home/mikks/crazyflie_mapping_demo/ros2_ws/install/crazyflie_examples:/home/mikks/crazyflie_mapping_demo/ros2_ws/install/crazyflie:/home/mikks/crazyflie_mapping_demo/ros2_ws/install/crazyflie_interfaces:/opt/ros/jazzy/opt/gz_sim_vendor:/opt/ros/jazzy/opt/gz_sensors_vendor:/opt/ros/jazzy/opt/gz_physics_vendor:/opt/ros/jazzy/opt/sdformat_vendor:/opt/ros/jazzy/opt/gz_gui_vendor:/opt/ros/jazzy/opt/gz_transport_vendor:/opt/ros/jazzy/opt/gz_rendering_vendor:/opt/ros/jazzy/opt/gz_plugin_vendor:/opt/ros/jazzy/opt/gz_fuel_tools_vendor:/opt/ros/jazzy/opt/gz_msgs_vendor:/opt/ros/jazzy/opt/gz_common_vendor:/opt/ros/jazzy/opt/gz_math_vendor:/opt/ros/jazzy/opt/gz_utils_vendor:/opt/ros/jazzy/opt/gz_tools_vendor:/opt/ros/jazzy/opt/gz_ogre_next_vendor:/opt/ros/jazzy/opt/gz_dartsim_vendor:/opt/ros/jazzy/opt/gz_cmake_vendor:/home/mikks/ros2_px4_ws/install/x500_hover_controller:/home/mikks/ros2_px4_ws/install/example_mode_with_rclpy_py:/home/mikks/ros2_px4_ws/install/example_mode_goto_py:/home/mikks/ros2_px4_ws/install/px4_actuator_ctrl:/home/mikks/ros2_ws/install/rover_desc_description:/home/mikks/ros2_ws/install/px4_actuator_ctrl:/home/mikks/ros2_ws/install/mine_rover_description:/home/mikks/ros2_ws/install/ZerionURDFV5cp_description:/home/mikks/crazyflie_mapping_demo/ros2_ws/install/velocity_free_consensus:/home/mikks/crazyflie_mapping_demo/ros2_ws/install/stepwise_lowpos:/home/mikks/crazyflie_mapping_demo/ros2_ws/install/step_wise_lowpos:/home/mikks/crazyflie_mapping_demo/ros2_ws/install/second_order_formation_control:/home/mikks/crazyflie_mapping_demo/ros2_ws/install/ros_gz_crazyflie_control:/home/mikks/crazyflie_mapping_demo/ros2_ws/install/mixed_fractional_consensus:/home/mikks/crazyflie_mapping_demo/ros2_ws/install/lowest_pos:/home/mikks/crazyflie_mapping_demo/ros2_ws/install/linear_consensus:/home/mikks/crazyflie_mapping_demo/ros2_ws/install/highest_pos:/home/mikks/crazyflie_mapping_demo/ros2_ws/install/fractional_consensus_alpha:/home/mikks/crazyflie_mapping_demo/ros2_ws/install/event_triggered_swarm:/home/mikks/crazyflie_mapping_demo/ros2_ws/install/drone_logger:/home/mikks/crazyflie_mapping_demo/ros2_ws/install/distributed_average_tracking:/home/mikks/crazyflie_mapping_demo/ros2_ws/install/crazyflie_swarm_logic:/home/mikks/crazyflie_mapping_demo/ros2_ws/install/crazyflie_ros2_multiranger_wall_following:/home/mikks/crazyflie_mapping_demo/ros2_ws/install/crazyflie_ros2_multiranger_simple_mapper:/home/mikks/crazyflie_mapping_demo/ros2_ws/install/crazyflie_py:/home/mikks/crazyflie_mapping_demo/ros2_ws/install/cooperative_target_centric_formation:/home/mikks/crazyflie_mapping_demo/ros2_ws/install/containment_using_agent_information:/home/mikks/crazyflie_mapping_demo/ros2_ws/install/consensus_for_double_integrator:/home/mikks/crazyflie_mapping_demo/ros2_ws/install/consensus_alignment:/home/mikks/crazyflie_mapping_demo/ros2_ws/install/binary_consensus:/home/mikks/crazyflie_mapping_demo/ros2_ws/install/Second_Order_Min_Consensus_for_Heterogeneous_Agents:/home/mikks/crazyflie_mapping_demo/ros2_ws/install/BinaryContainmentChain:/opt/ros/jazzy DEBUGINFOD_URLS=https://debuginfod.ubuntu.com LD_LIBRARY_PATH=/home/mikks/ros2_px4_ws/install/px4_ros2_cpp/lib:/home/mikks/ros2_px4_ws/install/px4_msgs/lib:/home/mikks/ros2_px4_ws/install/px4_ros_com/lib:/home/mikks/NatNet_SDK_4.3_ubuntu/lib:/home/mikks/crazyflie_mapping_demo/ros2_ws/install/crazyflie_interfaces/lib:/opt/ros/jazzy/opt/gz_sim_vendor/lib:/opt/ros/jazzy/opt/gz_sensors_vendor/lib:/opt/ros/jazzy/opt/gz_physics_vendor/lib:/opt/ros/jazzy/opt/sdformat_vendor/lib:/opt/ros/jazzy/opt/rviz_ogre_vendor/lib:/opt/ros/jazzy/lib/x86_64-linux-gnu:/opt/ros/jazzy/opt/gz_gui_vendor/lib:/opt/ros/jazzy/opt/gz_transport_vendor/lib:/opt/ros/jazzy/opt/gz_rendering_vendor/lib:/opt/ros/jazzy/opt/gz_plugin_vendor/lib:/opt/ros/jazzy/opt/gz_fuel_tools_vendor/lib:/opt/ros/jazzy/opt/gz_msgs_vendor/lib:/opt/ros/jazzy/opt/gz_common_vendor/lib:/opt/ros/jazzy/opt/gz_math_vendor/lib:/opt/ros/jazzy/opt/gz_utils_vendor/lib:/opt/ros/jazzy/opt/gz_tools_vendor/lib:/opt/ros/jazzy/opt/gz_ogre_next_vendor/lib:/opt/ros/jazzy/opt/gz_dartsim_vendor/lib:/opt/ros/jazzy/opt/gz_cmake_vendor/lib:/opt/ros/jazzy/lib PYTHONPATH=/home/mikks/ros2_px4_ws/install/px4_msgs/lib/python3.12/site-packages:/home/mikks/ros2_px4_ws/build/x500_hover_controller:/home/mikks/ros2_px4_ws/install/x500_hover_controller/lib/python3.12/site-packages:/home/mikks/ros2_px4_ws/install/px4_ros_com/lib/python3.12/site-packages:/home/mikks/ros2_px4_ws/build/example_mode_with_rclpy_py:/home/mikks/ros2_px4_ws/install/example_mode_with_rclpy_py/lib/python3.12/site-packages:/home/mikks/ros2_px4_ws/build/example_mode_goto_py:/home/mikks/ros2_px4_ws/install/example_mode_goto_py/lib/python3.12/site-packages:/home/mikks/ros2_px4_ws/install/px4_ros2_py/lib/python3.12/site-packages:/home/mikks/ros2_px4_ws/build/px4_actuator_ctrl:/home/mikks/ros2_px4_ws/install/px4_actuator_ctrl/lib/python3.12/site-packages:/home/mikks/ros2_ws/build/rover_desc_description:/home/mikks/ros2_ws/install/rover_desc_description/lib/python3.12/site-packages:/home/mikks/ros2_ws/install/px4_actuator_ctrl/lib/python3.12/site-packages:/home/mikks/ros2_ws/build/mine_rover_description:/home/mikks/ros2_ws/install/mine_rover_description/lib/python3.12/site-packages:/home/mikks/ros2_ws/build/ZerionURDFV5cp_description:/home/mikks/ros2_ws/install/ZerionURDFV5cp_description/lib/python3.12/site-packages:/home/mikks/crazyflie_mapping_demo/ros2_ws/install/velocity_free_consensus/lib/python3.12/site-packages:/home/mikks/crazyflie_mapping_demo/ros2_ws/install/stepwise_lowpos/lib/python3.12/site-packages:/home/mikks/crazyflie_mapping_demo/ros2_ws/install/step_wise_lowpos/lib/python3.12/site-packages:/home/mikks/crazyflie_mapping_demo/ros2_ws/install/second_order_formation_control/lib/python3.12/site-packages:/home/mikks/crazyflie_mapping_demo/ros2_ws/install/ros_gz_crazyflie_control/lib/python3.12/site-packages:/home/mikks/crazyflie_mapping_demo/ros2_ws/install/mixed_fractional_consensus/lib/python3.12/site-packages:/home/mikks/crazyflie_mapping_demo/ros2_ws/install/lowest_pos/lib/python3.12/site-packages:/home/mikks/crazyflie_mapping_demo/ros2_ws/install/linear_consensus/lib/python3.12/site-packages:/home/mikks/crazyflie_mapping_demo/ros2_ws/install/highest_pos/lib/python3.12/site-packages:/home/mikks/crazyflie_mapping_demo/ros2_ws/install/fractional_consensus_alpha/lib/python3.12/site-packages:/home/mikks/crazyflie_mapping_demo/ros2_ws/install/event_triggered_swarm/lib/python3.12/site-packages:/home/mikks/crazyflie_mapping_demo/ros2_ws/install/drone_logger/lib/python3.12/site-packages:/home/mikks/crazyflie_mapping_demo/ros2_ws/install/distributed_average_tracking/lib/python3.12/site-packages:/home/mikks/crazyflie_mapping_demo/ros2_ws/install/crazyflie_swarm_logic/lib/python3.12/site-packages:/home/mikks/crazyflie_mapping_demo/ros2_ws/install/crazyflie_sim/lib/python3.12/site-packages:/home/mikks/crazyflie_mapping_demo/ros2_ws/install/crazyflie_ros2_multiranger_wall_following/lib/python3.12/site-packages:/home/mikks/crazyflie_mapping_demo/ros2_ws/install/crazyflie_ros2_multiranger_simple_mapper/lib/python3.12/site-packages:/home/mikks/crazyflie_mapping_demo/ros2_ws/install/crazyflie_examples/lib/python3.12/site-packages:/home/mikks/crazyflie_mapping_demo/ros2_ws/install/crazyflie_py/lib/python3.12/site-packages:/home/mikks/crazyflie_mapping_demo/ros2_ws/install/crazyflie_interfaces/lib/python3.12/site-packages:/home/mikks/crazyflie_mapping_demo/ros2_ws/install/cooperative_target_centric_formation/lib/python3.12/site-packages:/home/mikks/crazyflie_mapping_demo/ros2_ws/install/containment_using_agent_information/lib/python3.12/site-packages:/home/mikks/crazyflie_mapping_demo/ros2_ws/install/consensus_for_double_integrator/lib/python3.12/site-packages:/home/mikks/crazyflie_mapping_demo/ros2_ws/install/consensus_alignment/lib/python3.12/site-packages:/home/mikks/crazyflie_mapping_demo/ros2_ws/install/binary_consensus/lib/python3.12/site-packages:/home/mikks/crazyflie_mapping_demo/ros2_ws/install/Second_Order_Min_Consensus_for_Heterogeneous_Agents/lib/python3.12/site-packages:/home/mikks/crazyflie_mapping_demo/ros2_ws/install/BinaryContainmentChain/lib/python3.12/site-packages:/opt/ros/jazzy/lib/python3.12/site-packages /usr/bin/cmake --build /home/mikks/ros2_px4_ws/build/example_mode_rtl_replacement_cpp -- -j12 -l12
[4.169s] DEBUG:colcon.colcon_core.event_handler.log_command:Invoking command in '/home/mikks/ros2_px4_ws/build/example_mode_rtl_replacement_cpp': CMAKE_PREFIX_PATH=/home/mikks/ros2_px4_ws/install/px4_ros2_cpp:/home/mikks/ros2_px4_ws/install/px4_msgs:/home/mikks/ros2_px4_ws/install/px4_ros_com:/home/mikks/ros2_px4_ws/install/px4_ros2_py:/home/mikks/ros2_px4_ws/install/example_rover_velocity_mode_cpp:/home/mikks/ros2_px4_ws/install/example_mode_with_executor_cpp:/home/mikks/ros2_px4_ws/install/example_mode_vtol_cpp:/home/mikks/ros2_px4_ws/install/example_mode_rtl_replacement_cpp:/home/mikks/ros2_px4_ws/install/example_mode_mission_cpp:/home/mikks/ros2_px4_ws/install/example_mode_manual_cpp:/home/mikks/ros2_px4_ws/install/example_mode_goto_global_cpp:/home/mikks/ros2_px4_ws/install/example_mode_goto_cpp:/home/mikks/ros2_px4_ws/install/example_mode_fw_attitude_cpp:/home/mikks/ros2_px4_ws/install/example_local_navigation_cpp:/home/mikks/ros2_px4_ws/install/example_global_navigation_cpp:/home/mikks/ros2_px4_ws/install/example_executor_with_multiple_modes_cpp:/home/mikks/crazyflie_mapping_demo/ros2_ws/install/crazyflie_ros2_multiranger_bringup:/home/mikks/crazyflie_mapping_demo/ros2_ws/install/ros_gz_crazyflie_bringup:/home/mikks/crazyflie_mapping_demo/ros2_ws/install/ros_gz_crazyflie_gazebo:/home/mikks/crazyflie_mapping_demo/ros2_ws/install/crazyflie_sim:/home/mikks/crazyflie_mapping_demo/ros2_ws/install/crazyflie_examples:/home/mikks/crazyflie_mapping_demo/ros2_ws/install/crazyflie:/home/mikks/crazyflie_mapping_demo/ros2_ws/install/crazyflie_interfaces:/opt/ros/jazzy/opt/gz_sim_vendor:/opt/ros/jazzy/opt/gz_sensors_vendor:/opt/ros/jazzy/opt/gz_physics_vendor:/opt/ros/jazzy/opt/sdformat_vendor:/opt/ros/jazzy/opt/gz_gui_vendor:/opt/ros/jazzy/opt/gz_transport_vendor:/opt/ros/jazzy/opt/gz_rendering_vendor:/opt/ros/jazzy/opt/gz_plugin_vendor:/opt/ros/jazzy/opt/gz_fuel_tools_vendor:/opt/ros/jazzy/opt/gz_msgs_vendor:/opt/ros/jazzy/opt/gz_common_vendor:/opt/ros/jazzy/opt/gz_math_vendor:/opt/ros/jazzy/opt/gz_utils_vendor:/opt/ros/jazzy/opt/gz_tools_vendor:/opt/ros/jazzy/opt/gz_ogre_next_vendor:/opt/ros/jazzy/opt/gz_dartsim_vendor:/opt/ros/jazzy/opt/gz_cmake_vendor:/home/mikks/ros2_px4_ws/install/x500_hover_controller:/home/mikks/ros2_px4_ws/install/example_mode_with_rclpy_py:/home/mikks/ros2_px4_ws/install/example_mode_goto_py:/home/mikks/ros2_px4_ws/install/px4_actuator_ctrl:/home/mikks/ros2_ws/install/rover_desc_description:/home/mikks/ros2_ws/install/px4_actuator_ctrl:/home/mikks/ros2_ws/install/mine_rover_description:/home/mikks/ros2_ws/install/ZerionURDFV5cp_description:/home/mikks/crazyflie_mapping_demo/ros2_ws/install/velocity_free_consensus:/home/mikks/crazyflie_mapping_demo/ros2_ws/install/stepwise_lowpos:/home/mikks/crazyflie_mapping_demo/ros2_ws/install/step_wise_lowpos:/home/mikks/crazyflie_mapping_demo/ros2_ws/install/second_order_formation_control:/home/mikks/crazyflie_mapping_demo/ros2_ws/install/ros_gz_crazyflie_control:/home/mikks/crazyflie_mapping_demo/ros2_ws/install/mixed_fractional_consensus:/home/mikks/crazyflie_mapping_demo/ros2_ws/install/lowest_pos:/home/mikks/crazyflie_mapping_demo/ros2_ws/install/linear_consensus:/home/mikks/crazyflie_mapping_demo/ros2_ws/install/highest_pos:/home/mikks/crazyflie_mapping_demo/ros2_ws/install/fractional_consensus_alpha:/home/mikks/crazyflie_mapping_demo/ros2_ws/install/event_triggered_swarm:/home/mikks/crazyflie_mapping_demo/ros2_ws/install/drone_logger:/home/mikks/crazyflie_mapping_demo/ros2_ws/install/distributed_average_tracking:/home/mikks/crazyflie_mapping_demo/ros2_ws/install/crazyflie_swarm_logic:/home/mikks/crazyflie_mapping_demo/ros2_ws/install/crazyflie_ros2_multiranger_wall_following:/home/mikks/crazyflie_mapping_demo/ros2_ws/install/crazyflie_ros2_multiranger_simple_mapper:/home/mikks/crazyflie_mapping_demo/ros2_ws/install/crazyflie_py:/home/mikks/crazyflie_mapping_demo/ros2_ws/install/cooperative_target_centric_formation:/home/mikks/crazyflie_mapping_demo/ros2_ws/install/containment_using_agent_information:/home/mikks/crazyflie_mapping_demo/ros2_ws/install/consensus_for_double_integrator:/home/mikks/crazyflie_mapping_demo/ros2_ws/install/consensus_alignment:/home/mikks/crazyflie_mapping_demo/ros2_ws/install/binary_consensus:/home/mikks/crazyflie_mapping_demo/ros2_ws/install/Second_Order_Min_Consensus_for_Heterogeneous_Agents:/home/mikks/crazyflie_mapping_demo/ros2_ws/install/BinaryContainmentChain:/opt/ros/jazzy DEBUGINFOD_URLS=https://debuginfod.ubuntu.com LD_LIBRARY_PATH=/home/mikks/ros2_px4_ws/install/px4_ros2_cpp/lib:/home/mikks/ros2_px4_ws/install/px4_msgs/lib:/home/mikks/ros2_px4_ws/install/px4_ros_com/lib:/home/mikks/NatNet_SDK_4.3_ubuntu/lib:/home/mikks/crazyflie_mapping_demo/ros2_ws/install/crazyflie_interfaces/lib:/opt/ros/jazzy/opt/gz_sim_vendor/lib:/opt/ros/jazzy/opt/gz_sensors_vendor/lib:/opt/ros/jazzy/opt/gz_physics_vendor/lib:/opt/ros/jazzy/opt/sdformat_vendor/lib:/opt/ros/jazzy/opt/rviz_ogre_vendor/lib:/opt/ros/jazzy/lib/x86_64-linux-gnu:/opt/ros/jazzy/opt/gz_gui_vendor/lib:/opt/ros/jazzy/opt/gz_transport_vendor/lib:/opt/ros/jazzy/opt/gz_rendering_vendor/lib:/opt/ros/jazzy/opt/gz_plugin_vendor/lib:/opt/ros/jazzy/opt/gz_fuel_tools_vendor/lib:/opt/ros/jazzy/opt/gz_msgs_vendor/lib:/opt/ros/jazzy/opt/gz_common_vendor/lib:/opt/ros/jazzy/opt/gz_math_vendor/lib:/opt/ros/jazzy/opt/gz_utils_vendor/lib:/opt/ros/jazzy/opt/gz_tools_vendor/lib:/opt/ros/jazzy/opt/gz_ogre_next_vendor/lib:/opt/ros/jazzy/opt/gz_dartsim_vendor/lib:/opt/ros/jazzy/opt/gz_cmake_vendor/lib:/opt/ros/jazzy/lib PYTHONPATH=/home/mikks/ros2_px4_ws/install/px4_msgs/lib/python3.12/site-packages:/home/mikks/ros2_px4_ws/build/x500_hover_controller:/home/mikks/ros2_px4_ws/install/x500_hover_controller/lib/python3.12/site-packages:/home/mikks/ros2_px4_ws/install/px4_ros_com/lib/python3.12/site-packages:/home/mikks/ros2_px4_ws/build/example_mode_with_rclpy_py:/home/mikks/ros2_px4_ws/install/example_mode_with_rclpy_py/lib/python3.12/site-packages:/home/mikks/ros2_px4_ws/build/example_mode_goto_py:/home/mikks/ros2_px4_ws/install/example_mode_goto_py/lib/python3.12/site-packages:/home/mikks/ros2_px4_ws/install/px4_ros2_py/lib/python3.12/site-packages:/home/mikks/ros2_px4_ws/build/px4_actuator_ctrl:/home/mikks/ros2_px4_ws/install/px4_actuator_ctrl/lib/python3.12/site-packages:/home/mikks/ros2_ws/build/rover_desc_description:/home/mikks/ros2_ws/install/rover_desc_description/lib/python3.12/site-packages:/home/mikks/ros2_ws/install/px4_actuator_ctrl/lib/python3.12/site-packages:/home/mikks/ros2_ws/build/mine_rover_description:/home/mikks/ros2_ws/install/mine_rover_description/lib/python3.12/site-packages:/home/mikks/ros2_ws/build/ZerionURDFV5cp_description:/home/mikks/ros2_ws/install/ZerionURDFV5cp_description/lib/python3.12/site-packages:/home/mikks/crazyflie_mapping_demo/ros2_ws/install/velocity_free_consensus/lib/python3.12/site-packages:/home/mikks/crazyflie_mapping_demo/ros2_ws/install/stepwise_lowpos/lib/python3.12/site-packages:/home/mikks/crazyflie_mapping_demo/ros2_ws/install/step_wise_lowpos/lib/python3.12/site-packages:/home/mikks/crazyflie_mapping_demo/ros2_ws/install/second_order_formation_control/lib/python3.12/site-packages:/home/mikks/crazyflie_mapping_demo/ros2_ws/install/ros_gz_crazyflie_control/lib/python3.12/site-packages:/home/mikks/crazyflie_mapping_demo/ros2_ws/install/mixed_fractional_consensus/lib/python3.12/site-packages:/home/mikks/crazyflie_mapping_demo/ros2_ws/install/lowest_pos/lib/python3.12/site-packages:/home/mikks/crazyflie_mapping_demo/ros2_ws/install/linear_consensus/lib/python3.12/site-packages:/home/mikks/crazyflie_mapping_demo/ros2_ws/install/highest_pos/lib/python3.12/site-packages:/home/mikks/crazyflie_mapping_demo/ros2_ws/install/fractional_consensus_alpha/lib/python3.12/site-packages:/home/mikks/crazyflie_mapping_demo/ros2_ws/install/event_triggered_swarm/lib/python3.12/site-packages:/home/mikks/crazyflie_mapping_demo/ros2_ws/install/drone_logger/lib/python3.12/site-packages:/home/mikks/crazyflie_mapping_demo/ros2_ws/install/distributed_average_tracking/lib/python3.12/site-packages:/home/mikks/crazyflie_mapping_demo/ros2_ws/install/crazyflie_swarm_logic/lib/python3.12/site-packages:/home/mikks/crazyflie_mapping_demo/ros2_ws/install/crazyflie_sim/lib/python3.12/site-packages:/home/mikks/crazyflie_mapping_demo/ros2_ws/install/crazyflie_ros2_multiranger_wall_following/lib/python3.12/site-packages:/home/mikks/crazyflie_mapping_demo/ros2_ws/install/crazyflie_ros2_multiranger_simple_mapper/lib/python3.12/site-packages:/home/mikks/crazyflie_mapping_demo/ros2_ws/install/crazyflie_examples/lib/python3.12/site-packages:/home/mikks/crazyflie_mapping_demo/ros2_ws/install/crazyflie_py/lib/python3.12/site-packages:/home/mikks/crazyflie_mapping_demo/ros2_ws/install/crazyflie_interfaces/lib/python3.12/site-packages:/home/mikks/crazyflie_mapping_demo/ros2_ws/install/cooperative_target_centric_formation/lib/python3.12/site-packages:/home/mikks/crazyflie_mapping_demo/ros2_ws/install/containment_using_agent_information/lib/python3.12/site-packages:/home/mikks/crazyflie_mapping_demo/ros2_ws/install/consensus_for_double_integrator/lib/python3.12/site-packages:/home/mikks/crazyflie_mapping_demo/ros2_ws/install/consensus_alignment/lib/python3.12/site-packages:/home/mikks/crazyflie_mapping_demo/ros2_ws/install/binary_consensus/lib/python3.12/site-packages:/home/mikks/crazyflie_mapping_demo/ros2_ws/install/Second_Order_Min_Consensus_for_Heterogeneous_Agents/lib/python3.12/site-packages:/home/mikks/crazyflie_mapping_demo/ros2_ws/install/BinaryContainmentChain/lib/python3.12/site-packages:/opt/ros/jazzy/lib/python3.12/site-packages /usr/bin/cmake --install /home/mikks/ros2_px4_ws/build/example_mode_rtl_replacement_cpp
[4.199s] Level 1:colcon.colcon_core.environment:create_environment_scripts_only(example_mode_rtl_replacement_cpp)
[4.199s] Level 1:colcon.colcon_core.environment:checking '/home/mikks/ros2_px4_ws/install/example_mode_rtl_replacement_cpp' for CMake module files
[4.200s] DEBUG:colcon.colcon_core.event_handler.log_command:Invoked command in '/home/mikks/ros2_px4_ws/build/example_mode_rtl_replacement_cpp' returned '0': CMAKE_PREFIX_PATH=/home/mikks/ros2_px4_ws/install/px4_ros2_cpp:/home/mikks/ros2_px4_ws/install/px4_msgs:/home/mikks/ros2_px4_ws/install/px4_ros_com:/home/mikks/ros2_px4_ws/install/px4_ros2_py:/home/mikks/ros2_px4_ws/install/example_rover_velocity_mode_cpp:/home/mikks/ros2_px4_ws/install/example_mode_with_executor_cpp:/home/mikks/ros2_px4_ws/install/example_mode_vtol_cpp:/home/mikks/ros2_px4_ws/install/example_mode_rtl_replacement_cpp:/home/mikks/ros2_px4_ws/install/example_mode_mission_cpp:/home/mikks/ros2_px4_ws/install/example_mode_manual_cpp:/home/mikks/ros2_px4_ws/install/example_mode_goto_global_cpp:/home/mikks/ros2_px4_ws/install/example_mode_goto_cpp:/home/mikks/ros2_px4_ws/install/example_mode_fw_attitude_cpp:/home/mikks/ros2_px4_ws/install/example_local_navigation_cpp:/home/mikks/ros2_px4_ws/install/example_global_navigation_cpp:/home/mikks/ros2_px4_ws/install/example_executor_with_multiple_modes_cpp:/home/mikks/crazyflie_mapping_demo/ros2_ws/install/crazyflie_ros2_multiranger_bringup:/home/mikks/crazyflie_mapping_demo/ros2_ws/install/ros_gz_crazyflie_bringup:/home/mikks/crazyflie_mapping_demo/ros2_ws/install/ros_gz_crazyflie_gazebo:/home/mikks/crazyflie_mapping_demo/ros2_ws/install/crazyflie_sim:/home/mikks/crazyflie_mapping_demo/ros2_ws/install/crazyflie_examples:/home/mikks/crazyflie_mapping_demo/ros2_ws/install/crazyflie:/home/mikks/crazyflie_mapping_demo/ros2_ws/install/crazyflie_interfaces:/opt/ros/jazzy/opt/gz_sim_vendor:/opt/ros/jazzy/opt/gz_sensors_vendor:/opt/ros/jazzy/opt/gz_physics_vendor:/opt/ros/jazzy/opt/sdformat_vendor:/opt/ros/jazzy/opt/gz_gui_vendor:/opt/ros/jazzy/opt/gz_transport_vendor:/opt/ros/jazzy/opt/gz_rendering_vendor:/opt/ros/jazzy/opt/gz_plugin_vendor:/opt/ros/jazzy/opt/gz_fuel_tools_vendor:/opt/ros/jazzy/opt/gz_msgs_vendor:/opt/ros/jazzy/opt/gz_common_vendor:/opt/ros/jazzy/opt/gz_math_vendor:/opt/ros/jazzy/opt/gz_utils_vendor:/opt/ros/jazzy/opt/gz_tools_vendor:/opt/ros/jazzy/opt/gz_ogre_next_vendor:/opt/ros/jazzy/opt/gz_dartsim_vendor:/opt/ros/jazzy/opt/gz_cmake_vendor:/home/mikks/ros2_px4_ws/install/x500_hover_controller:/home/mikks/ros2_px4_ws/install/example_mode_with_rclpy_py:/home/mikks/ros2_px4_ws/install/example_mode_goto_py:/home/mikks/ros2_px4_ws/install/px4_actuator_ctrl:/home/mikks/ros2_ws/install/rover_desc_description:/home/mikks/ros2_ws/install/px4_actuator_ctrl:/home/mikks/ros2_ws/install/mine_rover_description:/home/mikks/ros2_ws/install/ZerionURDFV5cp_description:/home/mikks/crazyflie_mapping_demo/ros2_ws/install/velocity_free_consensus:/home/mikks/crazyflie_mapping_demo/ros2_ws/install/stepwise_lowpos:/home/mikks/crazyflie_mapping_demo/ros2_ws/install/step_wise_lowpos:/home/mikks/crazyflie_mapping_demo/ros2_ws/install/second_order_formation_control:/home/mikks/crazyflie_mapping_demo/ros2_ws/install/ros_gz_crazyflie_control:/home/mikks/crazyflie_mapping_demo/ros2_ws/install/mixed_fractional_consensus:/home/mikks/crazyflie_mapping_demo/ros2_ws/install/lowest_pos:/home/mikks/crazyflie_mapping_demo/ros2_ws/install/linear_consensus:/home/mikks/crazyflie_mapping_demo/ros2_ws/install/highest_pos:/home/mikks/crazyflie_mapping_demo/ros2_ws/install/fractional_consensus_alpha:/home/mikks/crazyflie_mapping_demo/ros2_ws/install/event_triggered_swarm:/home/mikks/crazyflie_mapping_demo/ros2_ws/install/drone_logger:/home/mikks/crazyflie_mapping_demo/ros2_ws/install/distributed_average_tracking:/home/mikks/crazyflie_mapping_demo/ros2_ws/install/crazyflie_swarm_logic:/home/mikks/crazyflie_mapping_demo/ros2_ws/install/crazyflie_ros2_multiranger_wall_following:/home/mikks/crazyflie_mapping_demo/ros2_ws/install/crazyflie_ros2_multiranger_simple_mapper:/home/mikks/crazyflie_mapping_demo/ros2_ws/install/crazyflie_py:/home/mikks/crazyflie_mapping_demo/ros2_ws/install/cooperative_target_centric_formation:/home/mikks/crazyflie_mapping_demo/ros2_ws/install/containment_using_agent_information:/home/mikks/crazyflie_mapping_demo/ros2_ws/install/consensus_for_double_integrator:/home/mikks/crazyflie_mapping_demo/ros2_ws/install/consensus_alignment:/home/mikks/crazyflie_mapping_demo/ros2_ws/install/binary_consensus:/home/mikks/crazyflie_mapping_demo/ros2_ws/install/Second_Order_Min_Consensus_for_Heterogeneous_Agents:/home/mikks/crazyflie_mapping_demo/ros2_ws/install/BinaryContainmentChain:/opt/ros/jazzy DEBUGINFOD_URLS=https://debuginfod.ubuntu.com LD_LIBRARY_PATH=/home/mikks/ros2_px4_ws/install/px4_ros2_cpp/lib:/home/mikks/ros2_px4_ws/install/px4_msgs/lib:/home/mikks/ros2_px4_ws/install/px4_ros_com/lib:/home/mikks/NatNet_SDK_4.3_ubuntu/lib:/home/mikks/crazyflie_mapping_demo/ros2_ws/install/crazyflie_interfaces/lib:/opt/ros/jazzy/opt/gz_sim_vendor/lib:/opt/ros/jazzy/opt/gz_sensors_vendor/lib:/opt/ros/jazzy/opt/gz_physics_vendor/lib:/opt/ros/jazzy/opt/sdformat_vendor/lib:/opt/ros/jazzy/opt/rviz_ogre_vendor/lib:/opt/ros/jazzy/lib/x86_64-linux-gnu:/opt/ros/jazzy/opt/gz_gui_vendor/lib:/opt/ros/jazzy/opt/gz_transport_vendor/lib:/opt/ros/jazzy/opt/gz_rendering_vendor/lib:/opt/ros/jazzy/opt/gz_plugin_vendor/lib:/opt/ros/jazzy/opt/gz_fuel_tools_vendor/lib:/opt/ros/jazzy/opt/gz_msgs_vendor/lib:/opt/ros/jazzy/opt/gz_common_vendor/lib:/opt/ros/jazzy/opt/gz_math_vendor/lib:/opt/ros/jazzy/opt/gz_utils_vendor/lib:/opt/ros/jazzy/opt/gz_tools_vendor/lib:/opt/ros/jazzy/opt/gz_ogre_next_vendor/lib:/opt/ros/jazzy/opt/gz_dartsim_vendor/lib:/opt/ros/jazzy/opt/gz_cmake_vendor/lib:/opt/ros/jazzy/lib PYTHONPATH=/home/mikks/ros2_px4_ws/install/px4_msgs/lib/python3.12/site-packages:/home/mikks/ros2_px4_ws/build/x500_hover_controller:/home/mikks/ros2_px4_ws/install/x500_hover_controller/lib/python3.12/site-packages:/home/mikks/ros2_px4_ws/install/px4_ros_com/lib/python3.12/site-packages:/home/mikks/ros2_px4_ws/build/example_mode_with_rclpy_py:/home/mikks/ros2_px4_ws/install/example_mode_with_rclpy_py/lib/python3.12/site-packages:/home/mikks/ros2_px4_ws/build/example_mode_goto_py:/home/mikks/ros2_px4_ws/install/example_mode_goto_py/lib/python3.12/site-packages:/home/mikks/ros2_px4_ws/install/px4_ros2_py/lib/python3.12/site-packages:/home/mikks/ros2_px4_ws/build/px4_actuator_ctrl:/home/mikks/ros2_px4_ws/install/px4_actuator_ctrl/lib/python3.12/site-packages:/home/mikks/ros2_ws/build/rover_desc_description:/home/mikks/ros2_ws/install/rover_desc_description/lib/python3.12/site-packages:/home/mikks/ros2_ws/install/px4_actuator_ctrl/lib/python3.12/site-packages:/home/mikks/ros2_ws/build/mine_rover_description:/home/mikks/ros2_ws/install/mine_rover_description/lib/python3.12/site-packages:/home/mikks/ros2_ws/build/ZerionURDFV5cp_description:/home/mikks/ros2_ws/install/ZerionURDFV5cp_description/lib/python3.12/site-packages:/home/mikks/crazyflie_mapping_demo/ros2_ws/install/velocity_free_consensus/lib/python3.12/site-packages:/home/mikks/crazyflie_mapping_demo/ros2_ws/install/stepwise_lowpos/lib/python3.12/site-packages:/home/mikks/crazyflie_mapping_demo/ros2_ws/install/step_wise_lowpos/lib/python3.12/site-packages:/home/mikks/crazyflie_mapping_demo/ros2_ws/install/second_order_formation_control/lib/python3.12/site-packages:/home/mikks/crazyflie_mapping_demo/ros2_ws/install/ros_gz_crazyflie_control/lib/python3.12/site-packages:/home/mikks/crazyflie_mapping_demo/ros2_ws/install/mixed_fractional_consensus/lib/python3.12/site-packages:/home/mikks/crazyflie_mapping_demo/ros2_ws/install/lowest_pos/lib/python3.12/site-packages:/home/mikks/crazyflie_mapping_demo/ros2_ws/install/linear_consensus/lib/python3.12/site-packages:/home/mikks/crazyflie_mapping_demo/ros2_ws/install/highest_pos/lib/python3.12/site-packages:/home/mikks/crazyflie_mapping_demo/ros2_ws/install/fractional_consensus_alpha/lib/python3.12/site-packages:/home/mikks/crazyflie_mapping_demo/ros2_ws/install/event_triggered_swarm/lib/python3.12/site-packages:/home/mikks/crazyflie_mapping_demo/ros2_ws/install/drone_logger/lib/python3.12/site-packages:/home/mikks/crazyflie_mapping_demo/ros2_ws/install/distributed_average_tracking/lib/python3.12/site-packages:/home/mikks/crazyflie_mapping_demo/ros2_ws/install/crazyflie_swarm_logic/lib/python3.12/site-packages:/home/mikks/crazyflie_mapping_demo/ros2_ws/install/crazyflie_sim/lib/python3.12/site-packages:/home/mikks/crazyflie_mapping_demo/ros2_ws/install/crazyflie_ros2_multiranger_wall_following/lib/python3.12/site-packages:/home/mikks/crazyflie_mapping_demo/ros2_ws/install/crazyflie_ros2_multiranger_simple_mapper/lib/python3.12/site-packages:/home/mikks/crazyflie_mapping_demo/ros2_ws/install/crazyflie_examples/lib/python3.12/site-packages:/home/mikks/crazyflie_mapping_demo/ros2_ws/install/crazyflie_py/lib/python3.12/site-packages:/home/mikks/crazyflie_mapping_demo/ros2_ws/install/crazyflie_interfaces/lib/python3.12/site-packages:/home/mikks/crazyflie_mapping_demo/ros2_ws/install/cooperative_target_centric_formation/lib/python3.12/site-packages:/home/mikks/crazyflie_mapping_demo/ros2_ws/install/containment_using_agent_information/lib/python3.12/site-packages:/home/mikks/crazyflie_mapping_demo/ros2_ws/install/consensus_for_double_integrator/lib/python3.12/site-packages:/home/mikks/crazyflie_mapping_demo/ros2_ws/install/consensus_alignment/lib/python3.12/site-packages:/home/mikks/crazyflie_mapping_demo/ros2_ws/install/binary_consensus/lib/python3.12/site-packages:/home/mikks/crazyflie_mapping_demo/ros2_ws/install/Second_Order_Min_Consensus_for_Heterogeneous_Agents/lib/python3.12/site-packages:/home/mikks/crazyflie_mapping_demo/ros2_ws/install/BinaryContainmentChain/lib/python3.12/site-packages:/opt/ros/jazzy/lib/python3.12/site-packages /usr/bin/cmake --install /home/mikks/ros2_px4_ws/build/example_mode_rtl_replacement_cpp
[4.200s] Level 1:colcon.colcon_core.environment:checking '/home/mikks/ros2_px4_ws/install/example_mode_rtl_replacement_cpp' for CMake config files
[4.201s] Level 1:colcon.colcon_core.shell:create_environment_hook('example_mode_rtl_replacement_cpp', 'cmake_prefix_path')
[4.201s] INFO:colcon.colcon_core.shell:Creating environment hook '/home/mikks/ros2_px4_ws/install/example_mode_rtl_replacement_cpp/share/example_mode_rtl_replacement_cpp/hook/cmake_prefix_path.ps1'
[4.201s] INFO:colcon.colcon_core.shell:Creating environment descriptor '/home/mikks/ros2_px4_ws/install/example_mode_rtl_replacement_cpp/share/example_mode_rtl_replacement_cpp/hook/cmake_prefix_path.dsv'
[4.202s] INFO:colcon.colcon_core.shell:Creating environment hook '/home/mikks/ros2_px4_ws/install/example_mode_rtl_replacement_cpp/share/example_mode_rtl_replacement_cpp/hook/cmake_prefix_path.sh'
[4.202s] Level 1:colcon.colcon_core.environment:checking '/home/mikks/ros2_px4_ws/install/example_mode_rtl_replacement_cpp/lib'
[4.202s] Level 1:colcon.colcon_core.environment:checking '/home/mikks/ros2_px4_ws/install/example_mode_rtl_replacement_cpp/bin'
[4.202s] Level 1:colcon.colcon_core.environment:checking '/home/mikks/ros2_px4_ws/install/example_mode_rtl_replacement_cpp/lib/pkgconfig/example_mode_rtl_replacement_cpp.pc'
[4.203s] Level 1:colcon.colcon_core.environment:checking '/home/mikks/ros2_px4_ws/install/example_mode_rtl_replacement_cpp/lib/python3.12/site-packages'
[4.203s] Level 1:colcon.colcon_core.environment:checking '/home/mikks/ros2_px4_ws/install/example_mode_rtl_replacement_cpp/bin'
[4.203s] INFO:colcon.colcon_core.shell:Creating package script '/home/mikks/ros2_px4_ws/install/example_mode_rtl_replacement_cpp/share/example_mode_rtl_replacement_cpp/package.ps1'
[4.204s] INFO:colcon.colcon_core.shell:Creating package descriptor '/home/mikks/ros2_px4_ws/install/example_mode_rtl_replacement_cpp/share/example_mode_rtl_replacement_cpp/package.dsv'
[4.204s] INFO:colcon.colcon_core.shell:Creating package script '/home/mikks/ros2_px4_ws/install/example_mode_rtl_replacement_cpp/share/example_mode_rtl_replacement_cpp/package.sh'
[4.204s] INFO:colcon.colcon_core.shell:Creating package script '/home/mikks/ros2_px4_ws/install/example_mode_rtl_replacement_cpp/share/example_mode_rtl_replacement_cpp/package.bash'
[4.205s] INFO:colcon.colcon_core.shell:Creating package script '/home/mikks/ros2_px4_ws/install/example_mode_rtl_replacement_cpp/share/example_mode_rtl_replacement_cpp/package.zsh'
[4.205s] Level 1:colcon.colcon_core.environment:create_file_with_runtime_dependencies(/home/mikks/ros2_px4_ws/install/example_mode_rtl_replacement_cpp/share/colcon-core/packages/example_mode_rtl_replacement_cpp)
[4.205s] Level 1:colcon.colcon_core.environment:create_environment_scripts_only(example_mode_rtl_replacement_cpp)
[4.206s] Level 1:colcon.colcon_core.environment:checking '/home/mikks/ros2_px4_ws/install/example_mode_rtl_replacement_cpp' for CMake module files
[4.206s] Level 1:colcon.colcon_core.environment:checking '/home/mikks/ros2_px4_ws/install/example_mode_rtl_replacement_cpp' for CMake config files
[4.206s] Level 1:colcon.colcon_core.shell:create_environment_hook('example_mode_rtl_replacement_cpp', 'cmake_prefix_path')
[4.206s] INFO:colcon.colcon_core.shell:Creating environment hook '/home/mikks/ros2_px4_ws/install/example_mode_rtl_replacement_cpp/share/example_mode_rtl_replacement_cpp/hook/cmake_prefix_path.ps1'
[4.207s] INFO:colcon.colcon_core.shell:Creating environment descriptor '/home/mikks/ros2_px4_ws/install/example_mode_rtl_replacement_cpp/share/example_mode_rtl_replacement_cpp/hook/cmake_prefix_path.dsv'
[4.207s] INFO:colcon.colcon_core.shell:Creating environment hook '/home/mikks/ros2_px4_ws/install/example_mode_rtl_replacement_cpp/share/example_mode_rtl_replacement_cpp/hook/cmake_prefix_path.sh'
[4.208s] Level 1:colcon.colcon_core.environment:checking '/home/mikks/ros2_px4_ws/install/example_mode_rtl_replacement_cpp/lib'
[4.208s] Level 1:colcon.colcon_core.environment:checking '/home/mikks/ros2_px4_ws/install/example_mode_rtl_replacement_cpp/bin'
[4.208s] Level 1:colcon.colcon_core.environment:checking '/home/mikks/ros2_px4_ws/install/example_mode_rtl_replacement_cpp/lib/pkgconfig/example_mode_rtl_replacement_cpp.pc'
[4.208s] Level 1:colcon.colcon_core.environment:checking '/home/mikks/ros2_px4_ws/install/example_mode_rtl_replacement_cpp/lib/python3.12/site-packages'
[4.209s] Level 1:colcon.colcon_core.environment:checking '/home/mikks/ros2_px4_ws/install/example_mode_rtl_replacement_cpp/bin'
[4.209s] INFO:colcon.colcon_core.shell:Creating package script '/home/mikks/ros2_px4_ws/install/example_mode_rtl_replacement_cpp/share/example_mode_rtl_replacement_cpp/package.ps1'
[4.209s] INFO:colcon.colcon_core.shell:Creating package descriptor '/home/mikks/ros2_px4_ws/install/example_mode_rtl_replacement_cpp/share/example_mode_rtl_replacement_cpp/package.dsv'
[4.210s] INFO:colcon.colcon_core.shell:Creating package script '/home/mikks/ros2_px4_ws/install/example_mode_rtl_replacement_cpp/share/example_mode_rtl_replacement_cpp/package.sh'
[4.210s] INFO:colcon.colcon_core.shell:Creating package script '/home/mikks/ros2_px4_ws/install/example_mode_rtl_replacement_cpp/share/example_mode_rtl_replacement_cpp/package.bash'
[4.210s] INFO:colcon.colcon_core.shell:Creating package script '/home/mikks/ros2_px4_ws/install/example_mode_rtl_replacement_cpp/share/example_mode_rtl_replacement_cpp/package.zsh'
[4.211s] Level 1:colcon.colcon_core.environment:create_file_with_runtime_dependencies(/home/mikks/ros2_px4_ws/install/example_mode_rtl_replacement_cpp/share/colcon-core/packages/example_mode_rtl_replacement_cpp)
[4.212s] DEBUG:colcon.colcon_core.event_handler.log_command:Invoked command in '/home/mikks/ros2_px4_ws/build/example_mode_vtol_cpp' returned '0': CMAKE_PREFIX_PATH=/home/mikks/ros2_px4_ws/install/px4_ros2_cpp:/home/mikks/ros2_px4_ws/install/px4_msgs:/home/mikks/ros2_px4_ws/install/px4_ros_com:/home/mikks/ros2_px4_ws/install/px4_ros2_py:/home/mikks/ros2_px4_ws/install/example_rover_velocity_mode_cpp:/home/mikks/ros2_px4_ws/install/example_mode_with_executor_cpp:/home/mikks/ros2_px4_ws/install/example_mode_vtol_cpp:/home/mikks/ros2_px4_ws/install/example_mode_rtl_replacement_cpp:/home/mikks/ros2_px4_ws/install/example_mode_mission_cpp:/home/mikks/ros2_px4_ws/install/example_mode_manual_cpp:/home/mikks/ros2_px4_ws/install/example_mode_goto_global_cpp:/home/mikks/ros2_px4_ws/install/example_mode_goto_cpp:/home/mikks/ros2_px4_ws/install/example_mode_fw_attitude_cpp:/home/mikks/ros2_px4_ws/install/example_local_navigation_cpp:/home/mikks/ros2_px4_ws/install/example_global_navigation_cpp:/home/mikks/ros2_px4_ws/install/example_executor_with_multiple_modes_cpp:/home/mikks/crazyflie_mapping_demo/ros2_ws/install/crazyflie_ros2_multiranger_bringup:/home/mikks/crazyflie_mapping_demo/ros2_ws/install/ros_gz_crazyflie_bringup:/home/mikks/crazyflie_mapping_demo/ros2_ws/install/ros_gz_crazyflie_gazebo:/home/mikks/crazyflie_mapping_demo/ros2_ws/install/crazyflie_sim:/home/mikks/crazyflie_mapping_demo/ros2_ws/install/crazyflie_examples:/home/mikks/crazyflie_mapping_demo/ros2_ws/install/crazyflie:/home/mikks/crazyflie_mapping_demo/ros2_ws/install/crazyflie_interfaces:/opt/ros/jazzy/opt/gz_sim_vendor:/opt/ros/jazzy/opt/gz_sensors_vendor:/opt/ros/jazzy/opt/gz_physics_vendor:/opt/ros/jazzy/opt/sdformat_vendor:/opt/ros/jazzy/opt/gz_gui_vendor:/opt/ros/jazzy/opt/gz_transport_vendor:/opt/ros/jazzy/opt/gz_rendering_vendor:/opt/ros/jazzy/opt/gz_plugin_vendor:/opt/ros/jazzy/opt/gz_fuel_tools_vendor:/opt/ros/jazzy/opt/gz_msgs_vendor:/opt/ros/jazzy/opt/gz_common_vendor:/opt/ros/jazzy/opt/gz_math_vendor:/opt/ros/jazzy/opt/gz_utils_vendor:/opt/ros/jazzy/opt/gz_tools_vendor:/opt/ros/jazzy/opt/gz_ogre_next_vendor:/opt/ros/jazzy/opt/gz_dartsim_vendor:/opt/ros/jazzy/opt/gz_cmake_vendor:/home/mikks/ros2_px4_ws/install/x500_hover_controller:/home/mikks/ros2_px4_ws/install/example_mode_with_rclpy_py:/home/mikks/ros2_px4_ws/install/example_mode_goto_py:/home/mikks/ros2_px4_ws/install/px4_actuator_ctrl:/home/mikks/ros2_ws/install/rover_desc_description:/home/mikks/ros2_ws/install/px4_actuator_ctrl:/home/mikks/ros2_ws/install/mine_rover_description:/home/mikks/ros2_ws/install/ZerionURDFV5cp_description:/home/mikks/crazyflie_mapping_demo/ros2_ws/install/velocity_free_consensus:/home/mikks/crazyflie_mapping_demo/ros2_ws/install/stepwise_lowpos:/home/mikks/crazyflie_mapping_demo/ros2_ws/install/step_wise_lowpos:/home/mikks/crazyflie_mapping_demo/ros2_ws/install/second_order_formation_control:/home/mikks/crazyflie_mapping_demo/ros2_ws/install/ros_gz_crazyflie_control:/home/mikks/crazyflie_mapping_demo/ros2_ws/install/mixed_fractional_consensus:/home/mikks/crazyflie_mapping_demo/ros2_ws/install/lowest_pos:/home/mikks/crazyflie_mapping_demo/ros2_ws/install/linear_consensus:/home/mikks/crazyflie_mapping_demo/ros2_ws/install/highest_pos:/home/mikks/crazyflie_mapping_demo/ros2_ws/install/fractional_consensus_alpha:/home/mikks/crazyflie_mapping_demo/ros2_ws/install/event_triggered_swarm:/home/mikks/crazyflie_mapping_demo/ros2_ws/install/drone_logger:/home/mikks/crazyflie_mapping_demo/ros2_ws/install/distributed_average_tracking:/home/mikks/crazyflie_mapping_demo/ros2_ws/install/crazyflie_swarm_logic:/home/mikks/crazyflie_mapping_demo/ros2_ws/install/crazyflie_ros2_multiranger_wall_following:/home/mikks/crazyflie_mapping_demo/ros2_ws/install/crazyflie_ros2_multiranger_simple_mapper:/home/mikks/crazyflie_mapping_demo/ros2_ws/install/crazyflie_py:/home/mikks/crazyflie_mapping_demo/ros2_ws/install/cooperative_target_centric_formation:/home/mikks/crazyflie_mapping_demo/ros2_ws/install/containment_using_agent_information:/home/mikks/crazyflie_mapping_demo/ros2_ws/install/consensus_for_double_integrator:/home/mikks/crazyflie_mapping_demo/ros2_ws/install/consensus_alignment:/home/mikks/crazyflie_mapping_demo/ros2_ws/install/binary_consensus:/home/mikks/crazyflie_mapping_demo/ros2_ws/install/Second_Order_Min_Consensus_for_Heterogeneous_Agents:/home/mikks/crazyflie_mapping_demo/ros2_ws/install/BinaryContainmentChain:/opt/ros/jazzy DEBUGINFOD_URLS=https://debuginfod.ubuntu.com LD_LIBRARY_PATH=/home/mikks/ros2_px4_ws/install/px4_ros2_cpp/lib:/home/mikks/ros2_px4_ws/install/px4_msgs/lib:/home/mikks/ros2_px4_ws/install/px4_ros_com/lib:/home/mikks/NatNet_SDK_4.3_ubuntu/lib:/home/mikks/crazyflie_mapping_demo/ros2_ws/install/crazyflie_interfaces/lib:/opt/ros/jazzy/opt/gz_sim_vendor/lib:/opt/ros/jazzy/opt/gz_sensors_vendor/lib:/opt/ros/jazzy/opt/gz_physics_vendor/lib:/opt/ros/jazzy/opt/sdformat_vendor/lib:/opt/ros/jazzy/opt/rviz_ogre_vendor/lib:/opt/ros/jazzy/lib/x86_64-linux-gnu:/opt/ros/jazzy/opt/gz_gui_vendor/lib:/opt/ros/jazzy/opt/gz_transport_vendor/lib:/opt/ros/jazzy/opt/gz_rendering_vendor/lib:/opt/ros/jazzy/opt/gz_plugin_vendor/lib:/opt/ros/jazzy/opt/gz_fuel_tools_vendor/lib:/opt/ros/jazzy/opt/gz_msgs_vendor/lib:/opt/ros/jazzy/opt/gz_common_vendor/lib:/opt/ros/jazzy/opt/gz_math_vendor/lib:/opt/ros/jazzy/opt/gz_utils_vendor/lib:/opt/ros/jazzy/opt/gz_tools_vendor/lib:/opt/ros/jazzy/opt/gz_ogre_next_vendor/lib:/opt/ros/jazzy/opt/gz_dartsim_vendor/lib:/opt/ros/jazzy/opt/gz_cmake_vendor/lib:/opt/ros/jazzy/lib PYTHONPATH=/home/mikks/ros2_px4_ws/install/px4_msgs/lib/python3.12/site-packages:/home/mikks/ros2_px4_ws/build/x500_hover_controller:/home/mikks/ros2_px4_ws/install/x500_hover_controller/lib/python3.12/site-packages:/home/mikks/ros2_px4_ws/install/px4_ros_com/lib/python3.12/site-packages:/home/mikks/ros2_px4_ws/build/example_mode_with_rclpy_py:/home/mikks/ros2_px4_ws/install/example_mode_with_rclpy_py/lib/python3.12/site-packages:/home/mikks/ros2_px4_ws/build/example_mode_goto_py:/home/mikks/ros2_px4_ws/install/example_mode_goto_py/lib/python3.12/site-packages:/home/mikks/ros2_px4_ws/install/px4_ros2_py/lib/python3.12/site-packages:/home/mikks/ros2_px4_ws/build/px4_actuator_ctrl:/home/mikks/ros2_px4_ws/install/px4_actuator_ctrl/lib/python3.12/site-packages:/home/mikks/ros2_ws/build/rover_desc_description:/home/mikks/ros2_ws/install/rover_desc_description/lib/python3.12/site-packages:/home/mikks/ros2_ws/install/px4_actuator_ctrl/lib/python3.12/site-packages:/home/mikks/ros2_ws/build/mine_rover_description:/home/mikks/ros2_ws/install/mine_rover_description/lib/python3.12/site-packages:/home/mikks/ros2_ws/build/ZerionURDFV5cp_description:/home/mikks/ros2_ws/install/ZerionURDFV5cp_description/lib/python3.12/site-packages:/home/mikks/crazyflie_mapping_demo/ros2_ws/install/velocity_free_consensus/lib/python3.12/site-packages:/home/mikks/crazyflie_mapping_demo/ros2_ws/install/stepwise_lowpos/lib/python3.12/site-packages:/home/mikks/crazyflie_mapping_demo/ros2_ws/install/step_wise_lowpos/lib/python3.12/site-packages:/home/mikks/crazyflie_mapping_demo/ros2_ws/install/second_order_formation_control/lib/python3.12/site-packages:/home/mikks/crazyflie_mapping_demo/ros2_ws/install/ros_gz_crazyflie_control/lib/python3.12/site-packages:/home/mikks/crazyflie_mapping_demo/ros2_ws/install/mixed_fractional_consensus/lib/python3.12/site-packages:/home/mikks/crazyflie_mapping_demo/ros2_ws/install/lowest_pos/lib/python3.12/site-packages:/home/mikks/crazyflie_mapping_demo/ros2_ws/install/linear_consensus/lib/python3.12/site-packages:/home/mikks/crazyflie_mapping_demo/ros2_ws/install/highest_pos/lib/python3.12/site-packages:/home/mikks/crazyflie_mapping_demo/ros2_ws/install/fractional_consensus_alpha/lib/python3.12/site-packages:/home/mikks/crazyflie_mapping_demo/ros2_ws/install/event_triggered_swarm/lib/python3.12/site-packages:/home/mikks/crazyflie_mapping_demo/ros2_ws/install/drone_logger/lib/python3.12/site-packages:/home/mikks/crazyflie_mapping_demo/ros2_ws/install/distributed_average_tracking/lib/python3.12/site-packages:/home/mikks/crazyflie_mapping_demo/ros2_ws/install/crazyflie_swarm_logic/lib/python3.12/site-packages:/home/mikks/crazyflie_mapping_demo/ros2_ws/install/crazyflie_sim/lib/python3.12/site-packages:/home/mikks/crazyflie_mapping_demo/ros2_ws/install/crazyflie_ros2_multiranger_wall_following/lib/python3.12/site-packages:/home/mikks/crazyflie_mapping_demo/ros2_ws/install/crazyflie_ros2_multiranger_simple_mapper/lib/python3.12/site-packages:/home/mikks/crazyflie_mapping_demo/ros2_ws/install/crazyflie_examples/lib/python3.12/site-packages:/home/mikks/crazyflie_mapping_demo/ros2_ws/install/crazyflie_py/lib/python3.12/site-packages:/home/mikks/crazyflie_mapping_demo/ros2_ws/install/crazyflie_interfaces/lib/python3.12/site-packages:/home/mikks/crazyflie_mapping_demo/ros2_ws/install/cooperative_target_centric_formation/lib/python3.12/site-packages:/home/mikks/crazyflie_mapping_demo/ros2_ws/install/containment_using_agent_information/lib/python3.12/site-packages:/home/mikks/crazyflie_mapping_demo/ros2_ws/install/consensus_for_double_integrator/lib/python3.12/site-packages:/home/mikks/crazyflie_mapping_demo/ros2_ws/install/consensus_alignment/lib/python3.12/site-packages:/home/mikks/crazyflie_mapping_demo/ros2_ws/install/binary_consensus/lib/python3.12/site-packages:/home/mikks/crazyflie_mapping_demo/ros2_ws/install/Second_Order_Min_Consensus_for_Heterogeneous_Agents/lib/python3.12/site-packages:/home/mikks/crazyflie_mapping_demo/ros2_ws/install/BinaryContainmentChain/lib/python3.12/site-packages:/opt/ros/jazzy/lib/python3.12/site-packages /usr/bin/cmake --build /home/mikks/ros2_px4_ws/build/example_mode_vtol_cpp -- -j12 -l12
[4.214s] DEBUG:colcon.colcon_core.event_handler.log_command:Invoking command in '/home/mikks/ros2_px4_ws/build/example_mode_vtol_cpp': CMAKE_PREFIX_PATH=/home/mikks/ros2_px4_ws/install/px4_ros2_cpp:/home/mikks/ros2_px4_ws/install/px4_msgs:/home/mikks/ros2_px4_ws/install/px4_ros_com:/home/mikks/ros2_px4_ws/install/px4_ros2_py:/home/mikks/ros2_px4_ws/install/example_rover_velocity_mode_cpp:/home/mikks/ros2_px4_ws/install/example_mode_with_executor_cpp:/home/mikks/ros2_px4_ws/install/example_mode_vtol_cpp:/home/mikks/ros2_px4_ws/install/example_mode_rtl_replacement_cpp:/home/mikks/ros2_px4_ws/install/example_mode_mission_cpp:/home/mikks/ros2_px4_ws/install/example_mode_manual_cpp:/home/mikks/ros2_px4_ws/install/example_mode_goto_global_cpp:/home/mikks/ros2_px4_ws/install/example_mode_goto_cpp:/home/mikks/ros2_px4_ws/install/example_mode_fw_attitude_cpp:/home/mikks/ros2_px4_ws/install/example_local_navigation_cpp:/home/mikks/ros2_px4_ws/install/example_global_navigation_cpp:/home/mikks/ros2_px4_ws/install/example_executor_with_multiple_modes_cpp:/home/mikks/crazyflie_mapping_demo/ros2_ws/install/crazyflie_ros2_multiranger_bringup:/home/mikks/crazyflie_mapping_demo/ros2_ws/install/ros_gz_crazyflie_bringup:/home/mikks/crazyflie_mapping_demo/ros2_ws/install/ros_gz_crazyflie_gazebo:/home/mikks/crazyflie_mapping_demo/ros2_ws/install/crazyflie_sim:/home/mikks/crazyflie_mapping_demo/ros2_ws/install/crazyflie_examples:/home/mikks/crazyflie_mapping_demo/ros2_ws/install/crazyflie:/home/mikks/crazyflie_mapping_demo/ros2_ws/install/crazyflie_interfaces:/opt/ros/jazzy/opt/gz_sim_vendor:/opt/ros/jazzy/opt/gz_sensors_vendor:/opt/ros/jazzy/opt/gz_physics_vendor:/opt/ros/jazzy/opt/sdformat_vendor:/opt/ros/jazzy/opt/gz_gui_vendor:/opt/ros/jazzy/opt/gz_transport_vendor:/opt/ros/jazzy/opt/gz_rendering_vendor:/opt/ros/jazzy/opt/gz_plugin_vendor:/opt/ros/jazzy/opt/gz_fuel_tools_vendor:/opt/ros/jazzy/opt/gz_msgs_vendor:/opt/ros/jazzy/opt/gz_common_vendor:/opt/ros/jazzy/opt/gz_math_vendor:/opt/ros/jazzy/opt/gz_utils_vendor:/opt/ros/jazzy/opt/gz_tools_vendor:/opt/ros/jazzy/opt/gz_ogre_next_vendor:/opt/ros/jazzy/opt/gz_dartsim_vendor:/opt/ros/jazzy/opt/gz_cmake_vendor:/home/mikks/ros2_px4_ws/install/x500_hover_controller:/home/mikks/ros2_px4_ws/install/example_mode_with_rclpy_py:/home/mikks/ros2_px4_ws/install/example_mode_goto_py:/home/mikks/ros2_px4_ws/install/px4_actuator_ctrl:/home/mikks/ros2_ws/install/rover_desc_description:/home/mikks/ros2_ws/install/px4_actuator_ctrl:/home/mikks/ros2_ws/install/mine_rover_description:/home/mikks/ros2_ws/install/ZerionURDFV5cp_description:/home/mikks/crazyflie_mapping_demo/ros2_ws/install/velocity_free_consensus:/home/mikks/crazyflie_mapping_demo/ros2_ws/install/stepwise_lowpos:/home/mikks/crazyflie_mapping_demo/ros2_ws/install/step_wise_lowpos:/home/mikks/crazyflie_mapping_demo/ros2_ws/install/second_order_formation_control:/home/mikks/crazyflie_mapping_demo/ros2_ws/install/ros_gz_crazyflie_control:/home/mikks/crazyflie_mapping_demo/ros2_ws/install/mixed_fractional_consensus:/home/mikks/crazyflie_mapping_demo/ros2_ws/install/lowest_pos:/home/mikks/crazyflie_mapping_demo/ros2_ws/install/linear_consensus:/home/mikks/crazyflie_mapping_demo/ros2_ws/install/highest_pos:/home/mikks/crazyflie_mapping_demo/ros2_ws/install/fractional_consensus_alpha:/home/mikks/crazyflie_mapping_demo/ros2_ws/install/event_triggered_swarm:/home/mikks/crazyflie_mapping_demo/ros2_ws/install/drone_logger:/home/mikks/crazyflie_mapping_demo/ros2_ws/install/distributed_average_tracking:/home/mikks/crazyflie_mapping_demo/ros2_ws/install/crazyflie_swarm_logic:/home/mikks/crazyflie_mapping_demo/ros2_ws/install/crazyflie_ros2_multiranger_wall_following:/home/mikks/crazyflie_mapping_demo/ros2_ws/install/crazyflie_ros2_multiranger_simple_mapper:/home/mikks/crazyflie_mapping_demo/ros2_ws/install/crazyflie_py:/home/mikks/crazyflie_mapping_demo/ros2_ws/install/cooperative_target_centric_formation:/home/mikks/crazyflie_mapping_demo/ros2_ws/install/containment_using_agent_information:/home/mikks/crazyflie_mapping_demo/ros2_ws/install/consensus_for_double_integrator:/home/mikks/crazyflie_mapping_demo/ros2_ws/install/consensus_alignment:/home/mikks/crazyflie_mapping_demo/ros2_ws/install/binary_consensus:/home/mikks/crazyflie_mapping_demo/ros2_ws/install/Second_Order_Min_Consensus_for_Heterogeneous_Agents:/home/mikks/crazyflie_mapping_demo/ros2_ws/install/BinaryContainmentChain:/opt/ros/jazzy DEBUGINFOD_URLS=https://debuginfod.ubuntu.com LD_LIBRARY_PATH=/home/mikks/ros2_px4_ws/install/px4_ros2_cpp/lib:/home/mikks/ros2_px4_ws/install/px4_msgs/lib:/home/mikks/ros2_px4_ws/install/px4_ros_com/lib:/home/mikks/NatNet_SDK_4.3_ubuntu/lib:/home/mikks/crazyflie_mapping_demo/ros2_ws/install/crazyflie_interfaces/lib:/opt/ros/jazzy/opt/gz_sim_vendor/lib:/opt/ros/jazzy/opt/gz_sensors_vendor/lib:/opt/ros/jazzy/opt/gz_physics_vendor/lib:/opt/ros/jazzy/opt/sdformat_vendor/lib:/opt/ros/jazzy/opt/rviz_ogre_vendor/lib:/opt/ros/jazzy/lib/x86_64-linux-gnu:/opt/ros/jazzy/opt/gz_gui_vendor/lib:/opt/ros/jazzy/opt/gz_transport_vendor/lib:/opt/ros/jazzy/opt/gz_rendering_vendor/lib:/opt/ros/jazzy/opt/gz_plugin_vendor/lib:/opt/ros/jazzy/opt/gz_fuel_tools_vendor/lib:/opt/ros/jazzy/opt/gz_msgs_vendor/lib:/opt/ros/jazzy/opt/gz_common_vendor/lib:/opt/ros/jazzy/opt/gz_math_vendor/lib:/opt/ros/jazzy/opt/gz_utils_vendor/lib:/opt/ros/jazzy/opt/gz_tools_vendor/lib:/opt/ros/jazzy/opt/gz_ogre_next_vendor/lib:/opt/ros/jazzy/opt/gz_dartsim_vendor/lib:/opt/ros/jazzy/opt/gz_cmake_vendor/lib:/opt/ros/jazzy/lib PYTHONPATH=/home/mikks/ros2_px4_ws/install/px4_msgs/lib/python3.12/site-packages:/home/mikks/ros2_px4_ws/build/x500_hover_controller:/home/mikks/ros2_px4_ws/install/x500_hover_controller/lib/python3.12/site-packages:/home/mikks/ros2_px4_ws/install/px4_ros_com/lib/python3.12/site-packages:/home/mikks/ros2_px4_ws/build/example_mode_with_rclpy_py:/home/mikks/ros2_px4_ws/install/example_mode_with_rclpy_py/lib/python3.12/site-packages:/home/mikks/ros2_px4_ws/build/example_mode_goto_py:/home/mikks/ros2_px4_ws/install/example_mode_goto_py/lib/python3.12/site-packages:/home/mikks/ros2_px4_ws/install/px4_ros2_py/lib/python3.12/site-packages:/home/mikks/ros2_px4_ws/build/px4_actuator_ctrl:/home/mikks/ros2_px4_ws/install/px4_actuator_ctrl/lib/python3.12/site-packages:/home/mikks/ros2_ws/build/rover_desc_description:/home/mikks/ros2_ws/install/rover_desc_description/lib/python3.12/site-packages:/home/mikks/ros2_ws/install/px4_actuator_ctrl/lib/python3.12/site-packages:/home/mikks/ros2_ws/build/mine_rover_description:/home/mikks/ros2_ws/install/mine_rover_description/lib/python3.12/site-packages:/home/mikks/ros2_ws/build/ZerionURDFV5cp_description:/home/mikks/ros2_ws/install/ZerionURDFV5cp_description/lib/python3.12/site-packages:/home/mikks/crazyflie_mapping_demo/ros2_ws/install/velocity_free_consensus/lib/python3.12/site-packages:/home/mikks/crazyflie_mapping_demo/ros2_ws/install/stepwise_lowpos/lib/python3.12/site-packages:/home/mikks/crazyflie_mapping_demo/ros2_ws/install/step_wise_lowpos/lib/python3.12/site-packages:/home/mikks/crazyflie_mapping_demo/ros2_ws/install/second_order_formation_control/lib/python3.12/site-packages:/home/mikks/crazyflie_mapping_demo/ros2_ws/install/ros_gz_crazyflie_control/lib/python3.12/site-packages:/home/mikks/crazyflie_mapping_demo/ros2_ws/install/mixed_fractional_consensus/lib/python3.12/site-packages:/home/mikks/crazyflie_mapping_demo/ros2_ws/install/lowest_pos/lib/python3.12/site-packages:/home/mikks/crazyflie_mapping_demo/ros2_ws/install/linear_consensus/lib/python3.12/site-packages:/home/mikks/crazyflie_mapping_demo/ros2_ws/install/highest_pos/lib/python3.12/site-packages:/home/mikks/crazyflie_mapping_demo/ros2_ws/install/fractional_consensus_alpha/lib/python3.12/site-packages:/home/mikks/crazyflie_mapping_demo/ros2_ws/install/event_triggered_swarm/lib/python3.12/site-packages:/home/mikks/crazyflie_mapping_demo/ros2_ws/install/drone_logger/lib/python3.12/site-packages:/home/mikks/crazyflie_mapping_demo/ros2_ws/install/distributed_average_tracking/lib/python3.12/site-packages:/home/mikks/crazyflie_mapping_demo/ros2_ws/install/crazyflie_swarm_logic/lib/python3.12/site-packages:/home/mikks/crazyflie_mapping_demo/ros2_ws/install/crazyflie_sim/lib/python3.12/site-packages:/home/mikks/crazyflie_mapping_demo/ros2_ws/install/crazyflie_ros2_multiranger_wall_following/lib/python3.12/site-packages:/home/mikks/crazyflie_mapping_demo/ros2_ws/install/crazyflie_ros2_multiranger_simple_mapper/lib/python3.12/site-packages:/home/mikks/crazyflie_mapping_demo/ros2_ws/install/crazyflie_examples/lib/python3.12/site-packages:/home/mikks/crazyflie_mapping_demo/ros2_ws/install/crazyflie_py/lib/python3.12/site-packages:/home/mikks/crazyflie_mapping_demo/ros2_ws/install/crazyflie_interfaces/lib/python3.12/site-packages:/home/mikks/crazyflie_mapping_demo/ros2_ws/install/cooperative_target_centric_formation/lib/python3.12/site-packages:/home/mikks/crazyflie_mapping_demo/ros2_ws/install/containment_using_agent_information/lib/python3.12/site-packages:/home/mikks/crazyflie_mapping_demo/ros2_ws/install/consensus_for_double_integrator/lib/python3.12/site-packages:/home/mikks/crazyflie_mapping_demo/ros2_ws/install/consensus_alignment/lib/python3.12/site-packages:/home/mikks/crazyflie_mapping_demo/ros2_ws/install/binary_consensus/lib/python3.12/site-packages:/home/mikks/crazyflie_mapping_demo/ros2_ws/install/Second_Order_Min_Consensus_for_Heterogeneous_Agents/lib/python3.12/site-packages:/home/mikks/crazyflie_mapping_demo/ros2_ws/install/BinaryContainmentChain/lib/python3.12/site-packages:/opt/ros/jazzy/lib/python3.12/site-packages /usr/bin/cmake --install /home/mikks/ros2_px4_ws/build/example_mode_vtol_cpp
[4.221s] DEBUG:colcon.colcon_core.event_handler.log_command:Invoked command in '/home/mikks/ros2_px4_ws/build/example_mode_with_executor_cpp' returned '0': CMAKE_PREFIX_PATH=/home/mikks/ros2_px4_ws/install/px4_ros2_cpp:/home/mikks/ros2_px4_ws/install/px4_msgs:/home/mikks/ros2_px4_ws/install/px4_ros_com:/home/mikks/ros2_px4_ws/install/px4_ros2_py:/home/mikks/ros2_px4_ws/install/example_rover_velocity_mode_cpp:/home/mikks/ros2_px4_ws/install/example_mode_with_executor_cpp:/home/mikks/ros2_px4_ws/install/example_mode_vtol_cpp:/home/mikks/ros2_px4_ws/install/example_mode_rtl_replacement_cpp:/home/mikks/ros2_px4_ws/install/example_mode_mission_cpp:/home/mikks/ros2_px4_ws/install/example_mode_manual_cpp:/home/mikks/ros2_px4_ws/install/example_mode_goto_global_cpp:/home/mikks/ros2_px4_ws/install/example_mode_goto_cpp:/home/mikks/ros2_px4_ws/install/example_mode_fw_attitude_cpp:/home/mikks/ros2_px4_ws/install/example_local_navigation_cpp:/home/mikks/ros2_px4_ws/install/example_global_navigation_cpp:/home/mikks/ros2_px4_ws/install/example_executor_with_multiple_modes_cpp:/home/mikks/crazyflie_mapping_demo/ros2_ws/install/crazyflie_ros2_multiranger_bringup:/home/mikks/crazyflie_mapping_demo/ros2_ws/install/ros_gz_crazyflie_bringup:/home/mikks/crazyflie_mapping_demo/ros2_ws/install/ros_gz_crazyflie_gazebo:/home/mikks/crazyflie_mapping_demo/ros2_ws/install/crazyflie_sim:/home/mikks/crazyflie_mapping_demo/ros2_ws/install/crazyflie_examples:/home/mikks/crazyflie_mapping_demo/ros2_ws/install/crazyflie:/home/mikks/crazyflie_mapping_demo/ros2_ws/install/crazyflie_interfaces:/opt/ros/jazzy/opt/gz_sim_vendor:/opt/ros/jazzy/opt/gz_sensors_vendor:/opt/ros/jazzy/opt/gz_physics_vendor:/opt/ros/jazzy/opt/sdformat_vendor:/opt/ros/jazzy/opt/gz_gui_vendor:/opt/ros/jazzy/opt/gz_transport_vendor:/opt/ros/jazzy/opt/gz_rendering_vendor:/opt/ros/jazzy/opt/gz_plugin_vendor:/opt/ros/jazzy/opt/gz_fuel_tools_vendor:/opt/ros/jazzy/opt/gz_msgs_vendor:/opt/ros/jazzy/opt/gz_common_vendor:/opt/ros/jazzy/opt/gz_math_vendor:/opt/ros/jazzy/opt/gz_utils_vendor:/opt/ros/jazzy/opt/gz_tools_vendor:/opt/ros/jazzy/opt/gz_ogre_next_vendor:/opt/ros/jazzy/opt/gz_dartsim_vendor:/opt/ros/jazzy/opt/gz_cmake_vendor:/home/mikks/ros2_px4_ws/install/x500_hover_controller:/home/mikks/ros2_px4_ws/install/example_mode_with_rclpy_py:/home/mikks/ros2_px4_ws/install/example_mode_goto_py:/home/mikks/ros2_px4_ws/install/px4_actuator_ctrl:/home/mikks/ros2_ws/install/rover_desc_description:/home/mikks/ros2_ws/install/px4_actuator_ctrl:/home/mikks/ros2_ws/install/mine_rover_description:/home/mikks/ros2_ws/install/ZerionURDFV5cp_description:/home/mikks/crazyflie_mapping_demo/ros2_ws/install/velocity_free_consensus:/home/mikks/crazyflie_mapping_demo/ros2_ws/install/stepwise_lowpos:/home/mikks/crazyflie_mapping_demo/ros2_ws/install/step_wise_lowpos:/home/mikks/crazyflie_mapping_demo/ros2_ws/install/second_order_formation_control:/home/mikks/crazyflie_mapping_demo/ros2_ws/install/ros_gz_crazyflie_control:/home/mikks/crazyflie_mapping_demo/ros2_ws/install/mixed_fractional_consensus:/home/mikks/crazyflie_mapping_demo/ros2_ws/install/lowest_pos:/home/mikks/crazyflie_mapping_demo/ros2_ws/install/linear_consensus:/home/mikks/crazyflie_mapping_demo/ros2_ws/install/highest_pos:/home/mikks/crazyflie_mapping_demo/ros2_ws/install/fractional_consensus_alpha:/home/mikks/crazyflie_mapping_demo/ros2_ws/install/event_triggered_swarm:/home/mikks/crazyflie_mapping_demo/ros2_ws/install/drone_logger:/home/mikks/crazyflie_mapping_demo/ros2_ws/install/distributed_average_tracking:/home/mikks/crazyflie_mapping_demo/ros2_ws/install/crazyflie_swarm_logic:/home/mikks/crazyflie_mapping_demo/ros2_ws/install/crazyflie_ros2_multiranger_wall_following:/home/mikks/crazyflie_mapping_demo/ros2_ws/install/crazyflie_ros2_multiranger_simple_mapper:/home/mikks/crazyflie_mapping_demo/ros2_ws/install/crazyflie_py:/home/mikks/crazyflie_mapping_demo/ros2_ws/install/cooperative_target_centric_formation:/home/mikks/crazyflie_mapping_demo/ros2_ws/install/containment_using_agent_information:/home/mikks/crazyflie_mapping_demo/ros2_ws/install/consensus_for_double_integrator:/home/mikks/crazyflie_mapping_demo/ros2_ws/install/consensus_alignment:/home/mikks/crazyflie_mapping_demo/ros2_ws/install/binary_consensus:/home/mikks/crazyflie_mapping_demo/ros2_ws/install/Second_Order_Min_Consensus_for_Heterogeneous_Agents:/home/mikks/crazyflie_mapping_demo/ros2_ws/install/BinaryContainmentChain:/opt/ros/jazzy DEBUGINFOD_URLS=https://debuginfod.ubuntu.com LD_LIBRARY_PATH=/home/mikks/ros2_px4_ws/install/px4_ros2_cpp/lib:/home/mikks/ros2_px4_ws/install/px4_msgs/lib:/home/mikks/ros2_px4_ws/install/px4_ros_com/lib:/home/mikks/NatNet_SDK_4.3_ubuntu/lib:/home/mikks/crazyflie_mapping_demo/ros2_ws/install/crazyflie_interfaces/lib:/opt/ros/jazzy/opt/gz_sim_vendor/lib:/opt/ros/jazzy/opt/gz_sensors_vendor/lib:/opt/ros/jazzy/opt/gz_physics_vendor/lib:/opt/ros/jazzy/opt/sdformat_vendor/lib:/opt/ros/jazzy/opt/rviz_ogre_vendor/lib:/opt/ros/jazzy/lib/x86_64-linux-gnu:/opt/ros/jazzy/opt/gz_gui_vendor/lib:/opt/ros/jazzy/opt/gz_transport_vendor/lib:/opt/ros/jazzy/opt/gz_rendering_vendor/lib:/opt/ros/jazzy/opt/gz_plugin_vendor/lib:/opt/ros/jazzy/opt/gz_fuel_tools_vendor/lib:/opt/ros/jazzy/opt/gz_msgs_vendor/lib:/opt/ros/jazzy/opt/gz_common_vendor/lib:/opt/ros/jazzy/opt/gz_math_vendor/lib:/opt/ros/jazzy/opt/gz_utils_vendor/lib:/opt/ros/jazzy/opt/gz_tools_vendor/lib:/opt/ros/jazzy/opt/gz_ogre_next_vendor/lib:/opt/ros/jazzy/opt/gz_dartsim_vendor/lib:/opt/ros/jazzy/opt/gz_cmake_vendor/lib:/opt/ros/jazzy/lib PYTHONPATH=/home/mikks/ros2_px4_ws/install/px4_msgs/lib/python3.12/site-packages:/home/mikks/ros2_px4_ws/build/x500_hover_controller:/home/mikks/ros2_px4_ws/install/x500_hover_controller/lib/python3.12/site-packages:/home/mikks/ros2_px4_ws/install/px4_ros_com/lib/python3.12/site-packages:/home/mikks/ros2_px4_ws/build/example_mode_with_rclpy_py:/home/mikks/ros2_px4_ws/install/example_mode_with_rclpy_py/lib/python3.12/site-packages:/home/mikks/ros2_px4_ws/build/example_mode_goto_py:/home/mikks/ros2_px4_ws/install/example_mode_goto_py/lib/python3.12/site-packages:/home/mikks/ros2_px4_ws/install/px4_ros2_py/lib/python3.12/site-packages:/home/mikks/ros2_px4_ws/build/px4_actuator_ctrl:/home/mikks/ros2_px4_ws/install/px4_actuator_ctrl/lib/python3.12/site-packages:/home/mikks/ros2_ws/build/rover_desc_description:/home/mikks/ros2_ws/install/rover_desc_description/lib/python3.12/site-packages:/home/mikks/ros2_ws/install/px4_actuator_ctrl/lib/python3.12/site-packages:/home/mikks/ros2_ws/build/mine_rover_description:/home/mikks/ros2_ws/install/mine_rover_description/lib/python3.12/site-packages:/home/mikks/ros2_ws/build/ZerionURDFV5cp_description:/home/mikks/ros2_ws/install/ZerionURDFV5cp_description/lib/python3.12/site-packages:/home/mikks/crazyflie_mapping_demo/ros2_ws/install/velocity_free_consensus/lib/python3.12/site-packages:/home/mikks/crazyflie_mapping_demo/ros2_ws/install/stepwise_lowpos/lib/python3.12/site-packages:/home/mikks/crazyflie_mapping_demo/ros2_ws/install/step_wise_lowpos/lib/python3.12/site-packages:/home/mikks/crazyflie_mapping_demo/ros2_ws/install/second_order_formation_control/lib/python3.12/site-packages:/home/mikks/crazyflie_mapping_demo/ros2_ws/install/ros_gz_crazyflie_control/lib/python3.12/site-packages:/home/mikks/crazyflie_mapping_demo/ros2_ws/install/mixed_fractional_consensus/lib/python3.12/site-packages:/home/mikks/crazyflie_mapping_demo/ros2_ws/install/lowest_pos/lib/python3.12/site-packages:/home/mikks/crazyflie_mapping_demo/ros2_ws/install/linear_consensus/lib/python3.12/site-packages:/home/mikks/crazyflie_mapping_demo/ros2_ws/install/highest_pos/lib/python3.12/site-packages:/home/mikks/crazyflie_mapping_demo/ros2_ws/install/fractional_consensus_alpha/lib/python3.12/site-packages:/home/mikks/crazyflie_mapping_demo/ros2_ws/install/event_triggered_swarm/lib/python3.12/site-packages:/home/mikks/crazyflie_mapping_demo/ros2_ws/install/drone_logger/lib/python3.12/site-packages:/home/mikks/crazyflie_mapping_demo/ros2_ws/install/distributed_average_tracking/lib/python3.12/site-packages:/home/mikks/crazyflie_mapping_demo/ros2_ws/install/crazyflie_swarm_logic/lib/python3.12/site-packages:/home/mikks/crazyflie_mapping_demo/ros2_ws/install/crazyflie_sim/lib/python3.12/site-packages:/home/mikks/crazyflie_mapping_demo/ros2_ws/install/crazyflie_ros2_multiranger_wall_following/lib/python3.12/site-packages:/home/mikks/crazyflie_mapping_demo/ros2_ws/install/crazyflie_ros2_multiranger_simple_mapper/lib/python3.12/site-packages:/home/mikks/crazyflie_mapping_demo/ros2_ws/install/crazyflie_examples/lib/python3.12/site-packages:/home/mikks/crazyflie_mapping_demo/ros2_ws/install/crazyflie_py/lib/python3.12/site-packages:/home/mikks/crazyflie_mapping_demo/ros2_ws/install/crazyflie_interfaces/lib/python3.12/site-packages:/home/mikks/crazyflie_mapping_demo/ros2_ws/install/cooperative_target_centric_formation/lib/python3.12/site-packages:/home/mikks/crazyflie_mapping_demo/ros2_ws/install/containment_using_agent_information/lib/python3.12/site-packages:/home/mikks/crazyflie_mapping_demo/ros2_ws/install/consensus_for_double_integrator/lib/python3.12/site-packages:/home/mikks/crazyflie_mapping_demo/ros2_ws/install/consensus_alignment/lib/python3.12/site-packages:/home/mikks/crazyflie_mapping_demo/ros2_ws/install/binary_consensus/lib/python3.12/site-packages:/home/mikks/crazyflie_mapping_demo/ros2_ws/install/Second_Order_Min_Consensus_for_Heterogeneous_Agents/lib/python3.12/site-packages:/home/mikks/crazyflie_mapping_demo/ros2_ws/install/BinaryContainmentChain/lib/python3.12/site-packages:/opt/ros/jazzy/lib/python3.12/site-packages /usr/bin/cmake --build /home/mikks/ros2_px4_ws/build/example_mode_with_executor_cpp -- -j12 -l12
[4.223s] DEBUG:colcon.colcon_core.event_handler.log_command:Invoking command in '/home/mikks/ros2_px4_ws/build/example_mode_with_executor_cpp': CMAKE_PREFIX_PATH=/home/mikks/ros2_px4_ws/install/px4_ros2_cpp:/home/mikks/ros2_px4_ws/install/px4_msgs:/home/mikks/ros2_px4_ws/install/px4_ros_com:/home/mikks/ros2_px4_ws/install/px4_ros2_py:/home/mikks/ros2_px4_ws/install/example_rover_velocity_mode_cpp:/home/mikks/ros2_px4_ws/install/example_mode_with_executor_cpp:/home/mikks/ros2_px4_ws/install/example_mode_vtol_cpp:/home/mikks/ros2_px4_ws/install/example_mode_rtl_replacement_cpp:/home/mikks/ros2_px4_ws/install/example_mode_mission_cpp:/home/mikks/ros2_px4_ws/install/example_mode_manual_cpp:/home/mikks/ros2_px4_ws/install/example_mode_goto_global_cpp:/home/mikks/ros2_px4_ws/install/example_mode_goto_cpp:/home/mikks/ros2_px4_ws/install/example_mode_fw_attitude_cpp:/home/mikks/ros2_px4_ws/install/example_local_navigation_cpp:/home/mikks/ros2_px4_ws/install/example_global_navigation_cpp:/home/mikks/ros2_px4_ws/install/example_executor_with_multiple_modes_cpp:/home/mikks/crazyflie_mapping_demo/ros2_ws/install/crazyflie_ros2_multiranger_bringup:/home/mikks/crazyflie_mapping_demo/ros2_ws/install/ros_gz_crazyflie_bringup:/home/mikks/crazyflie_mapping_demo/ros2_ws/install/ros_gz_crazyflie_gazebo:/home/mikks/crazyflie_mapping_demo/ros2_ws/install/crazyflie_sim:/home/mikks/crazyflie_mapping_demo/ros2_ws/install/crazyflie_examples:/home/mikks/crazyflie_mapping_demo/ros2_ws/install/crazyflie:/home/mikks/crazyflie_mapping_demo/ros2_ws/install/crazyflie_interfaces:/opt/ros/jazzy/opt/gz_sim_vendor:/opt/ros/jazzy/opt/gz_sensors_vendor:/opt/ros/jazzy/opt/gz_physics_vendor:/opt/ros/jazzy/opt/sdformat_vendor:/opt/ros/jazzy/opt/gz_gui_vendor:/opt/ros/jazzy/opt/gz_transport_vendor:/opt/ros/jazzy/opt/gz_rendering_vendor:/opt/ros/jazzy/opt/gz_plugin_vendor:/opt/ros/jazzy/opt/gz_fuel_tools_vendor:/opt/ros/jazzy/opt/gz_msgs_vendor:/opt/ros/jazzy/opt/gz_common_vendor:/opt/ros/jazzy/opt/gz_math_vendor:/opt/ros/jazzy/opt/gz_utils_vendor:/opt/ros/jazzy/opt/gz_tools_vendor:/opt/ros/jazzy/opt/gz_ogre_next_vendor:/opt/ros/jazzy/opt/gz_dartsim_vendor:/opt/ros/jazzy/opt/gz_cmake_vendor:/home/mikks/ros2_px4_ws/install/x500_hover_controller:/home/mikks/ros2_px4_ws/install/example_mode_with_rclpy_py:/home/mikks/ros2_px4_ws/install/example_mode_goto_py:/home/mikks/ros2_px4_ws/install/px4_actuator_ctrl:/home/mikks/ros2_ws/install/rover_desc_description:/home/mikks/ros2_ws/install/px4_actuator_ctrl:/home/mikks/ros2_ws/install/mine_rover_description:/home/mikks/ros2_ws/install/ZerionURDFV5cp_description:/home/mikks/crazyflie_mapping_demo/ros2_ws/install/velocity_free_consensus:/home/mikks/crazyflie_mapping_demo/ros2_ws/install/stepwise_lowpos:/home/mikks/crazyflie_mapping_demo/ros2_ws/install/step_wise_lowpos:/home/mikks/crazyflie_mapping_demo/ros2_ws/install/second_order_formation_control:/home/mikks/crazyflie_mapping_demo/ros2_ws/install/ros_gz_crazyflie_control:/home/mikks/crazyflie_mapping_demo/ros2_ws/install/mixed_fractional_consensus:/home/mikks/crazyflie_mapping_demo/ros2_ws/install/lowest_pos:/home/mikks/crazyflie_mapping_demo/ros2_ws/install/linear_consensus:/home/mikks/crazyflie_mapping_demo/ros2_ws/install/highest_pos:/home/mikks/crazyflie_mapping_demo/ros2_ws/install/fractional_consensus_alpha:/home/mikks/crazyflie_mapping_demo/ros2_ws/install/event_triggered_swarm:/home/mikks/crazyflie_mapping_demo/ros2_ws/install/drone_logger:/home/mikks/crazyflie_mapping_demo/ros2_ws/install/distributed_average_tracking:/home/mikks/crazyflie_mapping_demo/ros2_ws/install/crazyflie_swarm_logic:/home/mikks/crazyflie_mapping_demo/ros2_ws/install/crazyflie_ros2_multiranger_wall_following:/home/mikks/crazyflie_mapping_demo/ros2_ws/install/crazyflie_ros2_multiranger_simple_mapper:/home/mikks/crazyflie_mapping_demo/ros2_ws/install/crazyflie_py:/home/mikks/crazyflie_mapping_demo/ros2_ws/install/cooperative_target_centric_formation:/home/mikks/crazyflie_mapping_demo/ros2_ws/install/containment_using_agent_information:/home/mikks/crazyflie_mapping_demo/ros2_ws/install/consensus_for_double_integrator:/home/mikks/crazyflie_mapping_demo/ros2_ws/install/consensus_alignment:/home/mikks/crazyflie_mapping_demo/ros2_ws/install/binary_consensus:/home/mikks/crazyflie_mapping_demo/ros2_ws/install/Second_Order_Min_Consensus_for_Heterogeneous_Agents:/home/mikks/crazyflie_mapping_demo/ros2_ws/install/BinaryContainmentChain:/opt/ros/jazzy DEBUGINFOD_URLS=https://debuginfod.ubuntu.com LD_LIBRARY_PATH=/home/mikks/ros2_px4_ws/install/px4_ros2_cpp/lib:/home/mikks/ros2_px4_ws/install/px4_msgs/lib:/home/mikks/ros2_px4_ws/install/px4_ros_com/lib:/home/mikks/NatNet_SDK_4.3_ubuntu/lib:/home/mikks/crazyflie_mapping_demo/ros2_ws/install/crazyflie_interfaces/lib:/opt/ros/jazzy/opt/gz_sim_vendor/lib:/opt/ros/jazzy/opt/gz_sensors_vendor/lib:/opt/ros/jazzy/opt/gz_physics_vendor/lib:/opt/ros/jazzy/opt/sdformat_vendor/lib:/opt/ros/jazzy/opt/rviz_ogre_vendor/lib:/opt/ros/jazzy/lib/x86_64-linux-gnu:/opt/ros/jazzy/opt/gz_gui_vendor/lib:/opt/ros/jazzy/opt/gz_transport_vendor/lib:/opt/ros/jazzy/opt/gz_rendering_vendor/lib:/opt/ros/jazzy/opt/gz_plugin_vendor/lib:/opt/ros/jazzy/opt/gz_fuel_tools_vendor/lib:/opt/ros/jazzy/opt/gz_msgs_vendor/lib:/opt/ros/jazzy/opt/gz_common_vendor/lib:/opt/ros/jazzy/opt/gz_math_vendor/lib:/opt/ros/jazzy/opt/gz_utils_vendor/lib:/opt/ros/jazzy/opt/gz_tools_vendor/lib:/opt/ros/jazzy/opt/gz_ogre_next_vendor/lib:/opt/ros/jazzy/opt/gz_dartsim_vendor/lib:/opt/ros/jazzy/opt/gz_cmake_vendor/lib:/opt/ros/jazzy/lib PYTHONPATH=/home/mikks/ros2_px4_ws/install/px4_msgs/lib/python3.12/site-packages:/home/mikks/ros2_px4_ws/build/x500_hover_controller:/home/mikks/ros2_px4_ws/install/x500_hover_controller/lib/python3.12/site-packages:/home/mikks/ros2_px4_ws/install/px4_ros_com/lib/python3.12/site-packages:/home/mikks/ros2_px4_ws/build/example_mode_with_rclpy_py:/home/mikks/ros2_px4_ws/install/example_mode_with_rclpy_py/lib/python3.12/site-packages:/home/mikks/ros2_px4_ws/build/example_mode_goto_py:/home/mikks/ros2_px4_ws/install/example_mode_goto_py/lib/python3.12/site-packages:/home/mikks/ros2_px4_ws/install/px4_ros2_py/lib/python3.12/site-packages:/home/mikks/ros2_px4_ws/build/px4_actuator_ctrl:/home/mikks/ros2_px4_ws/install/px4_actuator_ctrl/lib/python3.12/site-packages:/home/mikks/ros2_ws/build/rover_desc_description:/home/mikks/ros2_ws/install/rover_desc_description/lib/python3.12/site-packages:/home/mikks/ros2_ws/install/px4_actuator_ctrl/lib/python3.12/site-packages:/home/mikks/ros2_ws/build/mine_rover_description:/home/mikks/ros2_ws/install/mine_rover_description/lib/python3.12/site-packages:/home/mikks/ros2_ws/build/ZerionURDFV5cp_description:/home/mikks/ros2_ws/install/ZerionURDFV5cp_description/lib/python3.12/site-packages:/home/mikks/crazyflie_mapping_demo/ros2_ws/install/velocity_free_consensus/lib/python3.12/site-packages:/home/mikks/crazyflie_mapping_demo/ros2_ws/install/stepwise_lowpos/lib/python3.12/site-packages:/home/mikks/crazyflie_mapping_demo/ros2_ws/install/step_wise_lowpos/lib/python3.12/site-packages:/home/mikks/crazyflie_mapping_demo/ros2_ws/install/second_order_formation_control/lib/python3.12/site-packages:/home/mikks/crazyflie_mapping_demo/ros2_ws/install/ros_gz_crazyflie_control/lib/python3.12/site-packages:/home/mikks/crazyflie_mapping_demo/ros2_ws/install/mixed_fractional_consensus/lib/python3.12/site-packages:/home/mikks/crazyflie_mapping_demo/ros2_ws/install/lowest_pos/lib/python3.12/site-packages:/home/mikks/crazyflie_mapping_demo/ros2_ws/install/linear_consensus/lib/python3.12/site-packages:/home/mikks/crazyflie_mapping_demo/ros2_ws/install/highest_pos/lib/python3.12/site-packages:/home/mikks/crazyflie_mapping_demo/ros2_ws/install/fractional_consensus_alpha/lib/python3.12/site-packages:/home/mikks/crazyflie_mapping_demo/ros2_ws/install/event_triggered_swarm/lib/python3.12/site-packages:/home/mikks/crazyflie_mapping_demo/ros2_ws/install/drone_logger/lib/python3.12/site-packages:/home/mikks/crazyflie_mapping_demo/ros2_ws/install/distributed_average_tracking/lib/python3.12/site-packages:/home/mikks/crazyflie_mapping_demo/ros2_ws/install/crazyflie_swarm_logic/lib/python3.12/site-packages:/home/mikks/crazyflie_mapping_demo/ros2_ws/install/crazyflie_sim/lib/python3.12/site-packages:/home/mikks/crazyflie_mapping_demo/ros2_ws/install/crazyflie_ros2_multiranger_wall_following/lib/python3.12/site-packages:/home/mikks/crazyflie_mapping_demo/ros2_ws/install/crazyflie_ros2_multiranger_simple_mapper/lib/python3.12/site-packages:/home/mikks/crazyflie_mapping_demo/ros2_ws/install/crazyflie_examples/lib/python3.12/site-packages:/home/mikks/crazyflie_mapping_demo/ros2_ws/install/crazyflie_py/lib/python3.12/site-packages:/home/mikks/crazyflie_mapping_demo/ros2_ws/install/crazyflie_interfaces/lib/python3.12/site-packages:/home/mikks/crazyflie_mapping_demo/ros2_ws/install/cooperative_target_centric_formation/lib/python3.12/site-packages:/home/mikks/crazyflie_mapping_demo/ros2_ws/install/containment_using_agent_information/lib/python3.12/site-packages:/home/mikks/crazyflie_mapping_demo/ros2_ws/install/consensus_for_double_integrator/lib/python3.12/site-packages:/home/mikks/crazyflie_mapping_demo/ros2_ws/install/consensus_alignment/lib/python3.12/site-packages:/home/mikks/crazyflie_mapping_demo/ros2_ws/install/binary_consensus/lib/python3.12/site-packages:/home/mikks/crazyflie_mapping_demo/ros2_ws/install/Second_Order_Min_Consensus_for_Heterogeneous_Agents/lib/python3.12/site-packages:/home/mikks/crazyflie_mapping_demo/ros2_ws/install/BinaryContainmentChain/lib/python3.12/site-packages:/opt/ros/jazzy/lib/python3.12/site-packages /usr/bin/cmake --install /home/mikks/ros2_px4_ws/build/example_mode_with_executor_cpp
[4.233s] DEBUG:colcon.colcon_core.event_handler.log_command:Invoked command in '/home/mikks/ros2_px4_ws/build/example_rover_velocity_mode_cpp' returned '0': CMAKE_PREFIX_PATH=/home/mikks/ros2_px4_ws/install/px4_ros2_cpp:/home/mikks/ros2_px4_ws/install/px4_msgs:/home/mikks/ros2_px4_ws/install/px4_ros_com:/home/mikks/ros2_px4_ws/install/px4_ros2_py:/home/mikks/ros2_px4_ws/install/example_rover_velocity_mode_cpp:/home/mikks/ros2_px4_ws/install/example_mode_with_executor_cpp:/home/mikks/ros2_px4_ws/install/example_mode_vtol_cpp:/home/mikks/ros2_px4_ws/install/example_mode_rtl_replacement_cpp:/home/mikks/ros2_px4_ws/install/example_mode_mission_cpp:/home/mikks/ros2_px4_ws/install/example_mode_manual_cpp:/home/mikks/ros2_px4_ws/install/example_mode_goto_global_cpp:/home/mikks/ros2_px4_ws/install/example_mode_goto_cpp:/home/mikks/ros2_px4_ws/install/example_mode_fw_attitude_cpp:/home/mikks/ros2_px4_ws/install/example_local_navigation_cpp:/home/mikks/ros2_px4_ws/install/example_global_navigation_cpp:/home/mikks/ros2_px4_ws/install/example_executor_with_multiple_modes_cpp:/home/mikks/crazyflie_mapping_demo/ros2_ws/install/crazyflie_ros2_multiranger_bringup:/home/mikks/crazyflie_mapping_demo/ros2_ws/install/ros_gz_crazyflie_bringup:/home/mikks/crazyflie_mapping_demo/ros2_ws/install/ros_gz_crazyflie_gazebo:/home/mikks/crazyflie_mapping_demo/ros2_ws/install/crazyflie_sim:/home/mikks/crazyflie_mapping_demo/ros2_ws/install/crazyflie_examples:/home/mikks/crazyflie_mapping_demo/ros2_ws/install/crazyflie:/home/mikks/crazyflie_mapping_demo/ros2_ws/install/crazyflie_interfaces:/opt/ros/jazzy/opt/gz_sim_vendor:/opt/ros/jazzy/opt/gz_sensors_vendor:/opt/ros/jazzy/opt/gz_physics_vendor:/opt/ros/jazzy/opt/sdformat_vendor:/opt/ros/jazzy/opt/gz_gui_vendor:/opt/ros/jazzy/opt/gz_transport_vendor:/opt/ros/jazzy/opt/gz_rendering_vendor:/opt/ros/jazzy/opt/gz_plugin_vendor:/opt/ros/jazzy/opt/gz_fuel_tools_vendor:/opt/ros/jazzy/opt/gz_msgs_vendor:/opt/ros/jazzy/opt/gz_common_vendor:/opt/ros/jazzy/opt/gz_math_vendor:/opt/ros/jazzy/opt/gz_utils_vendor:/opt/ros/jazzy/opt/gz_tools_vendor:/opt/ros/jazzy/opt/gz_ogre_next_vendor:/opt/ros/jazzy/opt/gz_dartsim_vendor:/opt/ros/jazzy/opt/gz_cmake_vendor:/home/mikks/ros2_px4_ws/install/x500_hover_controller:/home/mikks/ros2_px4_ws/install/example_mode_with_rclpy_py:/home/mikks/ros2_px4_ws/install/example_mode_goto_py:/home/mikks/ros2_px4_ws/install/px4_actuator_ctrl:/home/mikks/ros2_ws/install/rover_desc_description:/home/mikks/ros2_ws/install/px4_actuator_ctrl:/home/mikks/ros2_ws/install/mine_rover_description:/home/mikks/ros2_ws/install/ZerionURDFV5cp_description:/home/mikks/crazyflie_mapping_demo/ros2_ws/install/velocity_free_consensus:/home/mikks/crazyflie_mapping_demo/ros2_ws/install/stepwise_lowpos:/home/mikks/crazyflie_mapping_demo/ros2_ws/install/step_wise_lowpos:/home/mikks/crazyflie_mapping_demo/ros2_ws/install/second_order_formation_control:/home/mikks/crazyflie_mapping_demo/ros2_ws/install/ros_gz_crazyflie_control:/home/mikks/crazyflie_mapping_demo/ros2_ws/install/mixed_fractional_consensus:/home/mikks/crazyflie_mapping_demo/ros2_ws/install/lowest_pos:/home/mikks/crazyflie_mapping_demo/ros2_ws/install/linear_consensus:/home/mikks/crazyflie_mapping_demo/ros2_ws/install/highest_pos:/home/mikks/crazyflie_mapping_demo/ros2_ws/install/fractional_consensus_alpha:/home/mikks/crazyflie_mapping_demo/ros2_ws/install/event_triggered_swarm:/home/mikks/crazyflie_mapping_demo/ros2_ws/install/drone_logger:/home/mikks/crazyflie_mapping_demo/ros2_ws/install/distributed_average_tracking:/home/mikks/crazyflie_mapping_demo/ros2_ws/install/crazyflie_swarm_logic:/home/mikks/crazyflie_mapping_demo/ros2_ws/install/crazyflie_ros2_multiranger_wall_following:/home/mikks/crazyflie_mapping_demo/ros2_ws/install/crazyflie_ros2_multiranger_simple_mapper:/home/mikks/crazyflie_mapping_demo/ros2_ws/install/crazyflie_py:/home/mikks/crazyflie_mapping_demo/ros2_ws/install/cooperative_target_centric_formation:/home/mikks/crazyflie_mapping_demo/ros2_ws/install/containment_using_agent_information:/home/mikks/crazyflie_mapping_demo/ros2_ws/install/consensus_for_double_integrator:/home/mikks/crazyflie_mapping_demo/ros2_ws/install/consensus_alignment:/home/mikks/crazyflie_mapping_demo/ros2_ws/install/binary_consensus:/home/mikks/crazyflie_mapping_demo/ros2_ws/install/Second_Order_Min_Consensus_for_Heterogeneous_Agents:/home/mikks/crazyflie_mapping_demo/ros2_ws/install/BinaryContainmentChain:/opt/ros/jazzy DEBUGINFOD_URLS=https://debuginfod.ubuntu.com LD_LIBRARY_PATH=/home/mikks/ros2_px4_ws/install/px4_ros2_cpp/lib:/home/mikks/ros2_px4_ws/install/px4_msgs/lib:/home/mikks/ros2_px4_ws/install/px4_ros_com/lib:/home/mikks/NatNet_SDK_4.3_ubuntu/lib:/home/mikks/crazyflie_mapping_demo/ros2_ws/install/crazyflie_interfaces/lib:/opt/ros/jazzy/opt/gz_sim_vendor/lib:/opt/ros/jazzy/opt/gz_sensors_vendor/lib:/opt/ros/jazzy/opt/gz_physics_vendor/lib:/opt/ros/jazzy/opt/sdformat_vendor/lib:/opt/ros/jazzy/opt/rviz_ogre_vendor/lib:/opt/ros/jazzy/lib/x86_64-linux-gnu:/opt/ros/jazzy/opt/gz_gui_vendor/lib:/opt/ros/jazzy/opt/gz_transport_vendor/lib:/opt/ros/jazzy/opt/gz_rendering_vendor/lib:/opt/ros/jazzy/opt/gz_plugin_vendor/lib:/opt/ros/jazzy/opt/gz_fuel_tools_vendor/lib:/opt/ros/jazzy/opt/gz_msgs_vendor/lib:/opt/ros/jazzy/opt/gz_common_vendor/lib:/opt/ros/jazzy/opt/gz_math_vendor/lib:/opt/ros/jazzy/opt/gz_utils_vendor/lib:/opt/ros/jazzy/opt/gz_tools_vendor/lib:/opt/ros/jazzy/opt/gz_ogre_next_vendor/lib:/opt/ros/jazzy/opt/gz_dartsim_vendor/lib:/opt/ros/jazzy/opt/gz_cmake_vendor/lib:/opt/ros/jazzy/lib PYTHONPATH=/home/mikks/ros2_px4_ws/install/px4_msgs/lib/python3.12/site-packages:/home/mikks/ros2_px4_ws/build/x500_hover_controller:/home/mikks/ros2_px4_ws/install/x500_hover_controller/lib/python3.12/site-packages:/home/mikks/ros2_px4_ws/install/px4_ros_com/lib/python3.12/site-packages:/home/mikks/ros2_px4_ws/build/example_mode_with_rclpy_py:/home/mikks/ros2_px4_ws/install/example_mode_with_rclpy_py/lib/python3.12/site-packages:/home/mikks/ros2_px4_ws/build/example_mode_goto_py:/home/mikks/ros2_px4_ws/install/example_mode_goto_py/lib/python3.12/site-packages:/home/mikks/ros2_px4_ws/install/px4_ros2_py/lib/python3.12/site-packages:/home/mikks/ros2_px4_ws/build/px4_actuator_ctrl:/home/mikks/ros2_px4_ws/install/px4_actuator_ctrl/lib/python3.12/site-packages:/home/mikks/ros2_ws/build/rover_desc_description:/home/mikks/ros2_ws/install/rover_desc_description/lib/python3.12/site-packages:/home/mikks/ros2_ws/install/px4_actuator_ctrl/lib/python3.12/site-packages:/home/mikks/ros2_ws/build/mine_rover_description:/home/mikks/ros2_ws/install/mine_rover_description/lib/python3.12/site-packages:/home/mikks/ros2_ws/build/ZerionURDFV5cp_description:/home/mikks/ros2_ws/install/ZerionURDFV5cp_description/lib/python3.12/site-packages:/home/mikks/crazyflie_mapping_demo/ros2_ws/install/velocity_free_consensus/lib/python3.12/site-packages:/home/mikks/crazyflie_mapping_demo/ros2_ws/install/stepwise_lowpos/lib/python3.12/site-packages:/home/mikks/crazyflie_mapping_demo/ros2_ws/install/step_wise_lowpos/lib/python3.12/site-packages:/home/mikks/crazyflie_mapping_demo/ros2_ws/install/second_order_formation_control/lib/python3.12/site-packages:/home/mikks/crazyflie_mapping_demo/ros2_ws/install/ros_gz_crazyflie_control/lib/python3.12/site-packages:/home/mikks/crazyflie_mapping_demo/ros2_ws/install/mixed_fractional_consensus/lib/python3.12/site-packages:/home/mikks/crazyflie_mapping_demo/ros2_ws/install/lowest_pos/lib/python3.12/site-packages:/home/mikks/crazyflie_mapping_demo/ros2_ws/install/linear_consensus/lib/python3.12/site-packages:/home/mikks/crazyflie_mapping_demo/ros2_ws/install/highest_pos/lib/python3.12/site-packages:/home/mikks/crazyflie_mapping_demo/ros2_ws/install/fractional_consensus_alpha/lib/python3.12/site-packages:/home/mikks/crazyflie_mapping_demo/ros2_ws/install/event_triggered_swarm/lib/python3.12/site-packages:/home/mikks/crazyflie_mapping_demo/ros2_ws/install/drone_logger/lib/python3.12/site-packages:/home/mikks/crazyflie_mapping_demo/ros2_ws/install/distributed_average_tracking/lib/python3.12/site-packages:/home/mikks/crazyflie_mapping_demo/ros2_ws/install/crazyflie_swarm_logic/lib/python3.12/site-packages:/home/mikks/crazyflie_mapping_demo/ros2_ws/install/crazyflie_sim/lib/python3.12/site-packages:/home/mikks/crazyflie_mapping_demo/ros2_ws/install/crazyflie_ros2_multiranger_wall_following/lib/python3.12/site-packages:/home/mikks/crazyflie_mapping_demo/ros2_ws/install/crazyflie_ros2_multiranger_simple_mapper/lib/python3.12/site-packages:/home/mikks/crazyflie_mapping_demo/ros2_ws/install/crazyflie_examples/lib/python3.12/site-packages:/home/mikks/crazyflie_mapping_demo/ros2_ws/install/crazyflie_py/lib/python3.12/site-packages:/home/mikks/crazyflie_mapping_demo/ros2_ws/install/crazyflie_interfaces/lib/python3.12/site-packages:/home/mikks/crazyflie_mapping_demo/ros2_ws/install/cooperative_target_centric_formation/lib/python3.12/site-packages:/home/mikks/crazyflie_mapping_demo/ros2_ws/install/containment_using_agent_information/lib/python3.12/site-packages:/home/mikks/crazyflie_mapping_demo/ros2_ws/install/consensus_for_double_integrator/lib/python3.12/site-packages:/home/mikks/crazyflie_mapping_demo/ros2_ws/install/consensus_alignment/lib/python3.12/site-packages:/home/mikks/crazyflie_mapping_demo/ros2_ws/install/binary_consensus/lib/python3.12/site-packages:/home/mikks/crazyflie_mapping_demo/ros2_ws/install/Second_Order_Min_Consensus_for_Heterogeneous_Agents/lib/python3.12/site-packages:/home/mikks/crazyflie_mapping_demo/ros2_ws/install/BinaryContainmentChain/lib/python3.12/site-packages:/opt/ros/jazzy/lib/python3.12/site-packages /usr/bin/cmake --build /home/mikks/ros2_px4_ws/build/example_rover_velocity_mode_cpp -- -j12 -l12
[4.235s] DEBUG:colcon.colcon_core.event_handler.log_command:Invoking command in '/home/mikks/ros2_px4_ws/build/example_rover_velocity_mode_cpp': CMAKE_PREFIX_PATH=/home/mikks/ros2_px4_ws/install/px4_ros2_cpp:/home/mikks/ros2_px4_ws/install/px4_msgs:/home/mikks/ros2_px4_ws/install/px4_ros_com:/home/mikks/ros2_px4_ws/install/px4_ros2_py:/home/mikks/ros2_px4_ws/install/example_rover_velocity_mode_cpp:/home/mikks/ros2_px4_ws/install/example_mode_with_executor_cpp:/home/mikks/ros2_px4_ws/install/example_mode_vtol_cpp:/home/mikks/ros2_px4_ws/install/example_mode_rtl_replacement_cpp:/home/mikks/ros2_px4_ws/install/example_mode_mission_cpp:/home/mikks/ros2_px4_ws/install/example_mode_manual_cpp:/home/mikks/ros2_px4_ws/install/example_mode_goto_global_cpp:/home/mikks/ros2_px4_ws/install/example_mode_goto_cpp:/home/mikks/ros2_px4_ws/install/example_mode_fw_attitude_cpp:/home/mikks/ros2_px4_ws/install/example_local_navigation_cpp:/home/mikks/ros2_px4_ws/install/example_global_navigation_cpp:/home/mikks/ros2_px4_ws/install/example_executor_with_multiple_modes_cpp:/home/mikks/crazyflie_mapping_demo/ros2_ws/install/crazyflie_ros2_multiranger_bringup:/home/mikks/crazyflie_mapping_demo/ros2_ws/install/ros_gz_crazyflie_bringup:/home/mikks/crazyflie_mapping_demo/ros2_ws/install/ros_gz_crazyflie_gazebo:/home/mikks/crazyflie_mapping_demo/ros2_ws/install/crazyflie_sim:/home/mikks/crazyflie_mapping_demo/ros2_ws/install/crazyflie_examples:/home/mikks/crazyflie_mapping_demo/ros2_ws/install/crazyflie:/home/mikks/crazyflie_mapping_demo/ros2_ws/install/crazyflie_interfaces:/opt/ros/jazzy/opt/gz_sim_vendor:/opt/ros/jazzy/opt/gz_sensors_vendor:/opt/ros/jazzy/opt/gz_physics_vendor:/opt/ros/jazzy/opt/sdformat_vendor:/opt/ros/jazzy/opt/gz_gui_vendor:/opt/ros/jazzy/opt/gz_transport_vendor:/opt/ros/jazzy/opt/gz_rendering_vendor:/opt/ros/jazzy/opt/gz_plugin_vendor:/opt/ros/jazzy/opt/gz_fuel_tools_vendor:/opt/ros/jazzy/opt/gz_msgs_vendor:/opt/ros/jazzy/opt/gz_common_vendor:/opt/ros/jazzy/opt/gz_math_vendor:/opt/ros/jazzy/opt/gz_utils_vendor:/opt/ros/jazzy/opt/gz_tools_vendor:/opt/ros/jazzy/opt/gz_ogre_next_vendor:/opt/ros/jazzy/opt/gz_dartsim_vendor:/opt/ros/jazzy/opt/gz_cmake_vendor:/home/mikks/ros2_px4_ws/install/x500_hover_controller:/home/mikks/ros2_px4_ws/install/example_mode_with_rclpy_py:/home/mikks/ros2_px4_ws/install/example_mode_goto_py:/home/mikks/ros2_px4_ws/install/px4_actuator_ctrl:/home/mikks/ros2_ws/install/rover_desc_description:/home/mikks/ros2_ws/install/px4_actuator_ctrl:/home/mikks/ros2_ws/install/mine_rover_description:/home/mikks/ros2_ws/install/ZerionURDFV5cp_description:/home/mikks/crazyflie_mapping_demo/ros2_ws/install/velocity_free_consensus:/home/mikks/crazyflie_mapping_demo/ros2_ws/install/stepwise_lowpos:/home/mikks/crazyflie_mapping_demo/ros2_ws/install/step_wise_lowpos:/home/mikks/crazyflie_mapping_demo/ros2_ws/install/second_order_formation_control:/home/mikks/crazyflie_mapping_demo/ros2_ws/install/ros_gz_crazyflie_control:/home/mikks/crazyflie_mapping_demo/ros2_ws/install/mixed_fractional_consensus:/home/mikks/crazyflie_mapping_demo/ros2_ws/install/lowest_pos:/home/mikks/crazyflie_mapping_demo/ros2_ws/install/linear_consensus:/home/mikks/crazyflie_mapping_demo/ros2_ws/install/highest_pos:/home/mikks/crazyflie_mapping_demo/ros2_ws/install/fractional_consensus_alpha:/home/mikks/crazyflie_mapping_demo/ros2_ws/install/event_triggered_swarm:/home/mikks/crazyflie_mapping_demo/ros2_ws/install/drone_logger:/home/mikks/crazyflie_mapping_demo/ros2_ws/install/distributed_average_tracking:/home/mikks/crazyflie_mapping_demo/ros2_ws/install/crazyflie_swarm_logic:/home/mikks/crazyflie_mapping_demo/ros2_ws/install/crazyflie_ros2_multiranger_wall_following:/home/mikks/crazyflie_mapping_demo/ros2_ws/install/crazyflie_ros2_multiranger_simple_mapper:/home/mikks/crazyflie_mapping_demo/ros2_ws/install/crazyflie_py:/home/mikks/crazyflie_mapping_demo/ros2_ws/install/cooperative_target_centric_formation:/home/mikks/crazyflie_mapping_demo/ros2_ws/install/containment_using_agent_information:/home/mikks/crazyflie_mapping_demo/ros2_ws/install/consensus_for_double_integrator:/home/mikks/crazyflie_mapping_demo/ros2_ws/install/consensus_alignment:/home/mikks/crazyflie_mapping_demo/ros2_ws/install/binary_consensus:/home/mikks/crazyflie_mapping_demo/ros2_ws/install/Second_Order_Min_Consensus_for_Heterogeneous_Agents:/home/mikks/crazyflie_mapping_demo/ros2_ws/install/BinaryContainmentChain:/opt/ros/jazzy DEBUGINFOD_URLS=https://debuginfod.ubuntu.com LD_LIBRARY_PATH=/home/mikks/ros2_px4_ws/install/px4_ros2_cpp/lib:/home/mikks/ros2_px4_ws/install/px4_msgs/lib:/home/mikks/ros2_px4_ws/install/px4_ros_com/lib:/home/mikks/NatNet_SDK_4.3_ubuntu/lib:/home/mikks/crazyflie_mapping_demo/ros2_ws/install/crazyflie_interfaces/lib:/opt/ros/jazzy/opt/gz_sim_vendor/lib:/opt/ros/jazzy/opt/gz_sensors_vendor/lib:/opt/ros/jazzy/opt/gz_physics_vendor/lib:/opt/ros/jazzy/opt/sdformat_vendor/lib:/opt/ros/jazzy/opt/rviz_ogre_vendor/lib:/opt/ros/jazzy/lib/x86_64-linux-gnu:/opt/ros/jazzy/opt/gz_gui_vendor/lib:/opt/ros/jazzy/opt/gz_transport_vendor/lib:/opt/ros/jazzy/opt/gz_rendering_vendor/lib:/opt/ros/jazzy/opt/gz_plugin_vendor/lib:/opt/ros/jazzy/opt/gz_fuel_tools_vendor/lib:/opt/ros/jazzy/opt/gz_msgs_vendor/lib:/opt/ros/jazzy/opt/gz_common_vendor/lib:/opt/ros/jazzy/opt/gz_math_vendor/lib:/opt/ros/jazzy/opt/gz_utils_vendor/lib:/opt/ros/jazzy/opt/gz_tools_vendor/lib:/opt/ros/jazzy/opt/gz_ogre_next_vendor/lib:/opt/ros/jazzy/opt/gz_dartsim_vendor/lib:/opt/ros/jazzy/opt/gz_cmake_vendor/lib:/opt/ros/jazzy/lib PYTHONPATH=/home/mikks/ros2_px4_ws/install/px4_msgs/lib/python3.12/site-packages:/home/mikks/ros2_px4_ws/build/x500_hover_controller:/home/mikks/ros2_px4_ws/install/x500_hover_controller/lib/python3.12/site-packages:/home/mikks/ros2_px4_ws/install/px4_ros_com/lib/python3.12/site-packages:/home/mikks/ros2_px4_ws/build/example_mode_with_rclpy_py:/home/mikks/ros2_px4_ws/install/example_mode_with_rclpy_py/lib/python3.12/site-packages:/home/mikks/ros2_px4_ws/build/example_mode_goto_py:/home/mikks/ros2_px4_ws/install/example_mode_goto_py/lib/python3.12/site-packages:/home/mikks/ros2_px4_ws/install/px4_ros2_py/lib/python3.12/site-packages:/home/mikks/ros2_px4_ws/build/px4_actuator_ctrl:/home/mikks/ros2_px4_ws/install/px4_actuator_ctrl/lib/python3.12/site-packages:/home/mikks/ros2_ws/build/rover_desc_description:/home/mikks/ros2_ws/install/rover_desc_description/lib/python3.12/site-packages:/home/mikks/ros2_ws/install/px4_actuator_ctrl/lib/python3.12/site-packages:/home/mikks/ros2_ws/build/mine_rover_description:/home/mikks/ros2_ws/install/mine_rover_description/lib/python3.12/site-packages:/home/mikks/ros2_ws/build/ZerionURDFV5cp_description:/home/mikks/ros2_ws/install/ZerionURDFV5cp_description/lib/python3.12/site-packages:/home/mikks/crazyflie_mapping_demo/ros2_ws/install/velocity_free_consensus/lib/python3.12/site-packages:/home/mikks/crazyflie_mapping_demo/ros2_ws/install/stepwise_lowpos/lib/python3.12/site-packages:/home/mikks/crazyflie_mapping_demo/ros2_ws/install/step_wise_lowpos/lib/python3.12/site-packages:/home/mikks/crazyflie_mapping_demo/ros2_ws/install/second_order_formation_control/lib/python3.12/site-packages:/home/mikks/crazyflie_mapping_demo/ros2_ws/install/ros_gz_crazyflie_control/lib/python3.12/site-packages:/home/mikks/crazyflie_mapping_demo/ros2_ws/install/mixed_fractional_consensus/lib/python3.12/site-packages:/home/mikks/crazyflie_mapping_demo/ros2_ws/install/lowest_pos/lib/python3.12/site-packages:/home/mikks/crazyflie_mapping_demo/ros2_ws/install/linear_consensus/lib/python3.12/site-packages:/home/mikks/crazyflie_mapping_demo/ros2_ws/install/highest_pos/lib/python3.12/site-packages:/home/mikks/crazyflie_mapping_demo/ros2_ws/install/fractional_consensus_alpha/lib/python3.12/site-packages:/home/mikks/crazyflie_mapping_demo/ros2_ws/install/event_triggered_swarm/lib/python3.12/site-packages:/home/mikks/crazyflie_mapping_demo/ros2_ws/install/drone_logger/lib/python3.12/site-packages:/home/mikks/crazyflie_mapping_demo/ros2_ws/install/distributed_average_tracking/lib/python3.12/site-packages:/home/mikks/crazyflie_mapping_demo/ros2_ws/install/crazyflie_swarm_logic/lib/python3.12/site-packages:/home/mikks/crazyflie_mapping_demo/ros2_ws/install/crazyflie_sim/lib/python3.12/site-packages:/home/mikks/crazyflie_mapping_demo/ros2_ws/install/crazyflie_ros2_multiranger_wall_following/lib/python3.12/site-packages:/home/mikks/crazyflie_mapping_demo/ros2_ws/install/crazyflie_ros2_multiranger_simple_mapper/lib/python3.12/site-packages:/home/mikks/crazyflie_mapping_demo/ros2_ws/install/crazyflie_examples/lib/python3.12/site-packages:/home/mikks/crazyflie_mapping_demo/ros2_ws/install/crazyflie_py/lib/python3.12/site-packages:/home/mikks/crazyflie_mapping_demo/ros2_ws/install/crazyflie_interfaces/lib/python3.12/site-packages:/home/mikks/crazyflie_mapping_demo/ros2_ws/install/cooperative_target_centric_formation/lib/python3.12/site-packages:/home/mikks/crazyflie_mapping_demo/ros2_ws/install/containment_using_agent_information/lib/python3.12/site-packages:/home/mikks/crazyflie_mapping_demo/ros2_ws/install/consensus_for_double_integrator/lib/python3.12/site-packages:/home/mikks/crazyflie_mapping_demo/ros2_ws/install/consensus_alignment/lib/python3.12/site-packages:/home/mikks/crazyflie_mapping_demo/ros2_ws/install/binary_consensus/lib/python3.12/site-packages:/home/mikks/crazyflie_mapping_demo/ros2_ws/install/Second_Order_Min_Consensus_for_Heterogeneous_Agents/lib/python3.12/site-packages:/home/mikks/crazyflie_mapping_demo/ros2_ws/install/BinaryContainmentChain/lib/python3.12/site-packages:/opt/ros/jazzy/lib/python3.12/site-packages /usr/bin/cmake --install /home/mikks/ros2_px4_ws/build/example_rover_velocity_mode_cpp
[4.239s] Level 1:colcon.colcon_core.environment:create_environment_scripts_only(example_mode_vtol_cpp)
[4.239s] Level 1:colcon.colcon_core.environment:checking '/home/mikks/ros2_px4_ws/install/example_mode_vtol_cpp' for CMake module files
[4.240s] DEBUG:colcon.colcon_core.event_handler.log_command:Invoked command in '/home/mikks/ros2_px4_ws/build/example_mode_vtol_cpp' returned '0': CMAKE_PREFIX_PATH=/home/mikks/ros2_px4_ws/install/px4_ros2_cpp:/home/mikks/ros2_px4_ws/install/px4_msgs:/home/mikks/ros2_px4_ws/install/px4_ros_com:/home/mikks/ros2_px4_ws/install/px4_ros2_py:/home/mikks/ros2_px4_ws/install/example_rover_velocity_mode_cpp:/home/mikks/ros2_px4_ws/install/example_mode_with_executor_cpp:/home/mikks/ros2_px4_ws/install/example_mode_vtol_cpp:/home/mikks/ros2_px4_ws/install/example_mode_rtl_replacement_cpp:/home/mikks/ros2_px4_ws/install/example_mode_mission_cpp:/home/mikks/ros2_px4_ws/install/example_mode_manual_cpp:/home/mikks/ros2_px4_ws/install/example_mode_goto_global_cpp:/home/mikks/ros2_px4_ws/install/example_mode_goto_cpp:/home/mikks/ros2_px4_ws/install/example_mode_fw_attitude_cpp:/home/mikks/ros2_px4_ws/install/example_local_navigation_cpp:/home/mikks/ros2_px4_ws/install/example_global_navigation_cpp:/home/mikks/ros2_px4_ws/install/example_executor_with_multiple_modes_cpp:/home/mikks/crazyflie_mapping_demo/ros2_ws/install/crazyflie_ros2_multiranger_bringup:/home/mikks/crazyflie_mapping_demo/ros2_ws/install/ros_gz_crazyflie_bringup:/home/mikks/crazyflie_mapping_demo/ros2_ws/install/ros_gz_crazyflie_gazebo:/home/mikks/crazyflie_mapping_demo/ros2_ws/install/crazyflie_sim:/home/mikks/crazyflie_mapping_demo/ros2_ws/install/crazyflie_examples:/home/mikks/crazyflie_mapping_demo/ros2_ws/install/crazyflie:/home/mikks/crazyflie_mapping_demo/ros2_ws/install/crazyflie_interfaces:/opt/ros/jazzy/opt/gz_sim_vendor:/opt/ros/jazzy/opt/gz_sensors_vendor:/opt/ros/jazzy/opt/gz_physics_vendor:/opt/ros/jazzy/opt/sdformat_vendor:/opt/ros/jazzy/opt/gz_gui_vendor:/opt/ros/jazzy/opt/gz_transport_vendor:/opt/ros/jazzy/opt/gz_rendering_vendor:/opt/ros/jazzy/opt/gz_plugin_vendor:/opt/ros/jazzy/opt/gz_fuel_tools_vendor:/opt/ros/jazzy/opt/gz_msgs_vendor:/opt/ros/jazzy/opt/gz_common_vendor:/opt/ros/jazzy/opt/gz_math_vendor:/opt/ros/jazzy/opt/gz_utils_vendor:/opt/ros/jazzy/opt/gz_tools_vendor:/opt/ros/jazzy/opt/gz_ogre_next_vendor:/opt/ros/jazzy/opt/gz_dartsim_vendor:/opt/ros/jazzy/opt/gz_cmake_vendor:/home/mikks/ros2_px4_ws/install/x500_hover_controller:/home/mikks/ros2_px4_ws/install/example_mode_with_rclpy_py:/home/mikks/ros2_px4_ws/install/example_mode_goto_py:/home/mikks/ros2_px4_ws/install/px4_actuator_ctrl:/home/mikks/ros2_ws/install/rover_desc_description:/home/mikks/ros2_ws/install/px4_actuator_ctrl:/home/mikks/ros2_ws/install/mine_rover_description:/home/mikks/ros2_ws/install/ZerionURDFV5cp_description:/home/mikks/crazyflie_mapping_demo/ros2_ws/install/velocity_free_consensus:/home/mikks/crazyflie_mapping_demo/ros2_ws/install/stepwise_lowpos:/home/mikks/crazyflie_mapping_demo/ros2_ws/install/step_wise_lowpos:/home/mikks/crazyflie_mapping_demo/ros2_ws/install/second_order_formation_control:/home/mikks/crazyflie_mapping_demo/ros2_ws/install/ros_gz_crazyflie_control:/home/mikks/crazyflie_mapping_demo/ros2_ws/install/mixed_fractional_consensus:/home/mikks/crazyflie_mapping_demo/ros2_ws/install/lowest_pos:/home/mikks/crazyflie_mapping_demo/ros2_ws/install/linear_consensus:/home/mikks/crazyflie_mapping_demo/ros2_ws/install/highest_pos:/home/mikks/crazyflie_mapping_demo/ros2_ws/install/fractional_consensus_alpha:/home/mikks/crazyflie_mapping_demo/ros2_ws/install/event_triggered_swarm:/home/mikks/crazyflie_mapping_demo/ros2_ws/install/drone_logger:/home/mikks/crazyflie_mapping_demo/ros2_ws/install/distributed_average_tracking:/home/mikks/crazyflie_mapping_demo/ros2_ws/install/crazyflie_swarm_logic:/home/mikks/crazyflie_mapping_demo/ros2_ws/install/crazyflie_ros2_multiranger_wall_following:/home/mikks/crazyflie_mapping_demo/ros2_ws/install/crazyflie_ros2_multiranger_simple_mapper:/home/mikks/crazyflie_mapping_demo/ros2_ws/install/crazyflie_py:/home/mikks/crazyflie_mapping_demo/ros2_ws/install/cooperative_target_centric_formation:/home/mikks/crazyflie_mapping_demo/ros2_ws/install/containment_using_agent_information:/home/mikks/crazyflie_mapping_demo/ros2_ws/install/consensus_for_double_integrator:/home/mikks/crazyflie_mapping_demo/ros2_ws/install/consensus_alignment:/home/mikks/crazyflie_mapping_demo/ros2_ws/install/binary_consensus:/home/mikks/crazyflie_mapping_demo/ros2_ws/install/Second_Order_Min_Consensus_for_Heterogeneous_Agents:/home/mikks/crazyflie_mapping_demo/ros2_ws/install/BinaryContainmentChain:/opt/ros/jazzy DEBUGINFOD_URLS=https://debuginfod.ubuntu.com LD_LIBRARY_PATH=/home/mikks/ros2_px4_ws/install/px4_ros2_cpp/lib:/home/mikks/ros2_px4_ws/install/px4_msgs/lib:/home/mikks/ros2_px4_ws/install/px4_ros_com/lib:/home/mikks/NatNet_SDK_4.3_ubuntu/lib:/home/mikks/crazyflie_mapping_demo/ros2_ws/install/crazyflie_interfaces/lib:/opt/ros/jazzy/opt/gz_sim_vendor/lib:/opt/ros/jazzy/opt/gz_sensors_vendor/lib:/opt/ros/jazzy/opt/gz_physics_vendor/lib:/opt/ros/jazzy/opt/sdformat_vendor/lib:/opt/ros/jazzy/opt/rviz_ogre_vendor/lib:/opt/ros/jazzy/lib/x86_64-linux-gnu:/opt/ros/jazzy/opt/gz_gui_vendor/lib:/opt/ros/jazzy/opt/gz_transport_vendor/lib:/opt/ros/jazzy/opt/gz_rendering_vendor/lib:/opt/ros/jazzy/opt/gz_plugin_vendor/lib:/opt/ros/jazzy/opt/gz_fuel_tools_vendor/lib:/opt/ros/jazzy/opt/gz_msgs_vendor/lib:/opt/ros/jazzy/opt/gz_common_vendor/lib:/opt/ros/jazzy/opt/gz_math_vendor/lib:/opt/ros/jazzy/opt/gz_utils_vendor/lib:/opt/ros/jazzy/opt/gz_tools_vendor/lib:/opt/ros/jazzy/opt/gz_ogre_next_vendor/lib:/opt/ros/jazzy/opt/gz_dartsim_vendor/lib:/opt/ros/jazzy/opt/gz_cmake_vendor/lib:/opt/ros/jazzy/lib PYTHONPATH=/home/mikks/ros2_px4_ws/install/px4_msgs/lib/python3.12/site-packages:/home/mikks/ros2_px4_ws/build/x500_hover_controller:/home/mikks/ros2_px4_ws/install/x500_hover_controller/lib/python3.12/site-packages:/home/mikks/ros2_px4_ws/install/px4_ros_com/lib/python3.12/site-packages:/home/mikks/ros2_px4_ws/build/example_mode_with_rclpy_py:/home/mikks/ros2_px4_ws/install/example_mode_with_rclpy_py/lib/python3.12/site-packages:/home/mikks/ros2_px4_ws/build/example_mode_goto_py:/home/mikks/ros2_px4_ws/install/example_mode_goto_py/lib/python3.12/site-packages:/home/mikks/ros2_px4_ws/install/px4_ros2_py/lib/python3.12/site-packages:/home/mikks/ros2_px4_ws/build/px4_actuator_ctrl:/home/mikks/ros2_px4_ws/install/px4_actuator_ctrl/lib/python3.12/site-packages:/home/mikks/ros2_ws/build/rover_desc_description:/home/mikks/ros2_ws/install/rover_desc_description/lib/python3.12/site-packages:/home/mikks/ros2_ws/install/px4_actuator_ctrl/lib/python3.12/site-packages:/home/mikks/ros2_ws/build/mine_rover_description:/home/mikks/ros2_ws/install/mine_rover_description/lib/python3.12/site-packages:/home/mikks/ros2_ws/build/ZerionURDFV5cp_description:/home/mikks/ros2_ws/install/ZerionURDFV5cp_description/lib/python3.12/site-packages:/home/mikks/crazyflie_mapping_demo/ros2_ws/install/velocity_free_consensus/lib/python3.12/site-packages:/home/mikks/crazyflie_mapping_demo/ros2_ws/install/stepwise_lowpos/lib/python3.12/site-packages:/home/mikks/crazyflie_mapping_demo/ros2_ws/install/step_wise_lowpos/lib/python3.12/site-packages:/home/mikks/crazyflie_mapping_demo/ros2_ws/install/second_order_formation_control/lib/python3.12/site-packages:/home/mikks/crazyflie_mapping_demo/ros2_ws/install/ros_gz_crazyflie_control/lib/python3.12/site-packages:/home/mikks/crazyflie_mapping_demo/ros2_ws/install/mixed_fractional_consensus/lib/python3.12/site-packages:/home/mikks/crazyflie_mapping_demo/ros2_ws/install/lowest_pos/lib/python3.12/site-packages:/home/mikks/crazyflie_mapping_demo/ros2_ws/install/linear_consensus/lib/python3.12/site-packages:/home/mikks/crazyflie_mapping_demo/ros2_ws/install/highest_pos/lib/python3.12/site-packages:/home/mikks/crazyflie_mapping_demo/ros2_ws/install/fractional_consensus_alpha/lib/python3.12/site-packages:/home/mikks/crazyflie_mapping_demo/ros2_ws/install/event_triggered_swarm/lib/python3.12/site-packages:/home/mikks/crazyflie_mapping_demo/ros2_ws/install/drone_logger/lib/python3.12/site-packages:/home/mikks/crazyflie_mapping_demo/ros2_ws/install/distributed_average_tracking/lib/python3.12/site-packages:/home/mikks/crazyflie_mapping_demo/ros2_ws/install/crazyflie_swarm_logic/lib/python3.12/site-packages:/home/mikks/crazyflie_mapping_demo/ros2_ws/install/crazyflie_sim/lib/python3.12/site-packages:/home/mikks/crazyflie_mapping_demo/ros2_ws/install/crazyflie_ros2_multiranger_wall_following/lib/python3.12/site-packages:/home/mikks/crazyflie_mapping_demo/ros2_ws/install/crazyflie_ros2_multiranger_simple_mapper/lib/python3.12/site-packages:/home/mikks/crazyflie_mapping_demo/ros2_ws/install/crazyflie_examples/lib/python3.12/site-packages:/home/mikks/crazyflie_mapping_demo/ros2_ws/install/crazyflie_py/lib/python3.12/site-packages:/home/mikks/crazyflie_mapping_demo/ros2_ws/install/crazyflie_interfaces/lib/python3.12/site-packages:/home/mikks/crazyflie_mapping_demo/ros2_ws/install/cooperative_target_centric_formation/lib/python3.12/site-packages:/home/mikks/crazyflie_mapping_demo/ros2_ws/install/containment_using_agent_information/lib/python3.12/site-packages:/home/mikks/crazyflie_mapping_demo/ros2_ws/install/consensus_for_double_integrator/lib/python3.12/site-packages:/home/mikks/crazyflie_mapping_demo/ros2_ws/install/consensus_alignment/lib/python3.12/site-packages:/home/mikks/crazyflie_mapping_demo/ros2_ws/install/binary_consensus/lib/python3.12/site-packages:/home/mikks/crazyflie_mapping_demo/ros2_ws/install/Second_Order_Min_Consensus_for_Heterogeneous_Agents/lib/python3.12/site-packages:/home/mikks/crazyflie_mapping_demo/ros2_ws/install/BinaryContainmentChain/lib/python3.12/site-packages:/opt/ros/jazzy/lib/python3.12/site-packages /usr/bin/cmake --install /home/mikks/ros2_px4_ws/build/example_mode_vtol_cpp
[4.241s] Level 1:colcon.colcon_core.environment:checking '/home/mikks/ros2_px4_ws/install/example_mode_vtol_cpp' for CMake config files
[4.241s] Level 1:colcon.colcon_core.shell:create_environment_hook('example_mode_vtol_cpp', 'cmake_prefix_path')
[4.241s] INFO:colcon.colcon_core.shell:Creating environment hook '/home/mikks/ros2_px4_ws/install/example_mode_vtol_cpp/share/example_mode_vtol_cpp/hook/cmake_prefix_path.ps1'
[4.242s] INFO:colcon.colcon_core.shell:Creating environment descriptor '/home/mikks/ros2_px4_ws/install/example_mode_vtol_cpp/share/example_mode_vtol_cpp/hook/cmake_prefix_path.dsv'
[4.243s] INFO:colcon.colcon_core.shell:Creating environment hook '/home/mikks/ros2_px4_ws/install/example_mode_vtol_cpp/share/example_mode_vtol_cpp/hook/cmake_prefix_path.sh'
[4.244s] Level 1:colcon.colcon_core.environment:checking '/home/mikks/ros2_px4_ws/install/example_mode_vtol_cpp/lib'
[4.245s] Level 1:colcon.colcon_core.environment:checking '/home/mikks/ros2_px4_ws/install/example_mode_vtol_cpp/bin'
[4.245s] Level 1:colcon.colcon_core.environment:checking '/home/mikks/ros2_px4_ws/install/example_mode_vtol_cpp/lib/pkgconfig/example_mode_vtol_cpp.pc'
[4.245s] Level 1:colcon.colcon_core.environment:checking '/home/mikks/ros2_px4_ws/install/example_mode_vtol_cpp/lib/python3.12/site-packages'
[4.246s] Level 1:colcon.colcon_core.environment:checking '/home/mikks/ros2_px4_ws/install/example_mode_vtol_cpp/bin'
[4.246s] INFO:colcon.colcon_core.shell:Creating package script '/home/mikks/ros2_px4_ws/install/example_mode_vtol_cpp/share/example_mode_vtol_cpp/package.ps1'
[4.247s] INFO:colcon.colcon_core.shell:Creating package descriptor '/home/mikks/ros2_px4_ws/install/example_mode_vtol_cpp/share/example_mode_vtol_cpp/package.dsv'
[4.249s] INFO:colcon.colcon_core.shell:Creating package script '/home/mikks/ros2_px4_ws/install/example_mode_vtol_cpp/share/example_mode_vtol_cpp/package.sh'
[4.249s] INFO:colcon.colcon_core.shell:Creating package script '/home/mikks/ros2_px4_ws/install/example_mode_vtol_cpp/share/example_mode_vtol_cpp/package.bash'
[4.250s] INFO:colcon.colcon_core.shell:Creating package script '/home/mikks/ros2_px4_ws/install/example_mode_vtol_cpp/share/example_mode_vtol_cpp/package.zsh'
[4.250s] Level 1:colcon.colcon_core.environment:create_file_with_runtime_dependencies(/home/mikks/ros2_px4_ws/install/example_mode_vtol_cpp/share/colcon-core/packages/example_mode_vtol_cpp)
[4.251s] Level 1:colcon.colcon_core.environment:create_environment_scripts_only(example_mode_vtol_cpp)
[4.251s] Level 1:colcon.colcon_core.environment:checking '/home/mikks/ros2_px4_ws/install/example_mode_vtol_cpp' for CMake module files
[4.252s] Level 1:colcon.colcon_core.environment:checking '/home/mikks/ros2_px4_ws/install/example_mode_vtol_cpp' for CMake config files
[4.252s] Level 1:colcon.colcon_core.shell:create_environment_hook('example_mode_vtol_cpp', 'cmake_prefix_path')
[4.253s] INFO:colcon.colcon_core.shell:Creating environment hook '/home/mikks/ros2_px4_ws/install/example_mode_vtol_cpp/share/example_mode_vtol_cpp/hook/cmake_prefix_path.ps1'
[4.253s] INFO:colcon.colcon_core.shell:Creating environment descriptor '/home/mikks/ros2_px4_ws/install/example_mode_vtol_cpp/share/example_mode_vtol_cpp/hook/cmake_prefix_path.dsv'
[4.254s] INFO:colcon.colcon_core.shell:Creating environment hook '/home/mikks/ros2_px4_ws/install/example_mode_vtol_cpp/share/example_mode_vtol_cpp/hook/cmake_prefix_path.sh'
[4.255s] Level 1:colcon.colcon_core.environment:checking '/home/mikks/ros2_px4_ws/install/example_mode_vtol_cpp/lib'
[4.255s] Level 1:colcon.colcon_core.environment:checking '/home/mikks/ros2_px4_ws/install/example_mode_vtol_cpp/bin'
[4.255s] Level 1:colcon.colcon_core.environment:checking '/home/mikks/ros2_px4_ws/install/example_mode_vtol_cpp/lib/pkgconfig/example_mode_vtol_cpp.pc'
[4.255s] Level 1:colcon.colcon_core.environment:checking '/home/mikks/ros2_px4_ws/install/example_mode_vtol_cpp/lib/python3.12/site-packages'
[4.255s] Level 1:colcon.colcon_core.environment:checking '/home/mikks/ros2_px4_ws/install/example_mode_vtol_cpp/bin'
[4.256s] INFO:colcon.colcon_core.shell:Creating package script '/home/mikks/ros2_px4_ws/install/example_mode_vtol_cpp/share/example_mode_vtol_cpp/package.ps1'
[4.256s] INFO:colcon.colcon_core.shell:Creating package descriptor '/home/mikks/ros2_px4_ws/install/example_mode_vtol_cpp/share/example_mode_vtol_cpp/package.dsv'
[4.257s] INFO:colcon.colcon_core.shell:Creating package script '/home/mikks/ros2_px4_ws/install/example_mode_vtol_cpp/share/example_mode_vtol_cpp/package.sh'
[4.258s] INFO:colcon.colcon_core.shell:Creating package script '/home/mikks/ros2_px4_ws/install/example_mode_vtol_cpp/share/example_mode_vtol_cpp/package.bash'
[4.258s] INFO:colcon.colcon_core.shell:Creating package script '/home/mikks/ros2_px4_ws/install/example_mode_vtol_cpp/share/example_mode_vtol_cpp/package.zsh'
[4.259s] Level 1:colcon.colcon_core.environment:create_file_with_runtime_dependencies(/home/mikks/ros2_px4_ws/install/example_mode_vtol_cpp/share/colcon-core/packages/example_mode_vtol_cpp)
[4.260s] Level 1:colcon.colcon_core.environment:create_environment_scripts_only(example_mode_with_executor_cpp)
[4.260s] Level 1:colcon.colcon_core.environment:checking '/home/mikks/ros2_px4_ws/install/example_mode_with_executor_cpp' for CMake module files
[4.261s] DEBUG:colcon.colcon_core.event_handler.log_command:Invoked command in '/home/mikks/ros2_px4_ws/build/example_mode_with_executor_cpp' returned '0': CMAKE_PREFIX_PATH=/home/mikks/ros2_px4_ws/install/px4_ros2_cpp:/home/mikks/ros2_px4_ws/install/px4_msgs:/home/mikks/ros2_px4_ws/install/px4_ros_com:/home/mikks/ros2_px4_ws/install/px4_ros2_py:/home/mikks/ros2_px4_ws/install/example_rover_velocity_mode_cpp:/home/mikks/ros2_px4_ws/install/example_mode_with_executor_cpp:/home/mikks/ros2_px4_ws/install/example_mode_vtol_cpp:/home/mikks/ros2_px4_ws/install/example_mode_rtl_replacement_cpp:/home/mikks/ros2_px4_ws/install/example_mode_mission_cpp:/home/mikks/ros2_px4_ws/install/example_mode_manual_cpp:/home/mikks/ros2_px4_ws/install/example_mode_goto_global_cpp:/home/mikks/ros2_px4_ws/install/example_mode_goto_cpp:/home/mikks/ros2_px4_ws/install/example_mode_fw_attitude_cpp:/home/mikks/ros2_px4_ws/install/example_local_navigation_cpp:/home/mikks/ros2_px4_ws/install/example_global_navigation_cpp:/home/mikks/ros2_px4_ws/install/example_executor_with_multiple_modes_cpp:/home/mikks/crazyflie_mapping_demo/ros2_ws/install/crazyflie_ros2_multiranger_bringup:/home/mikks/crazyflie_mapping_demo/ros2_ws/install/ros_gz_crazyflie_bringup:/home/mikks/crazyflie_mapping_demo/ros2_ws/install/ros_gz_crazyflie_gazebo:/home/mikks/crazyflie_mapping_demo/ros2_ws/install/crazyflie_sim:/home/mikks/crazyflie_mapping_demo/ros2_ws/install/crazyflie_examples:/home/mikks/crazyflie_mapping_demo/ros2_ws/install/crazyflie:/home/mikks/crazyflie_mapping_demo/ros2_ws/install/crazyflie_interfaces:/opt/ros/jazzy/opt/gz_sim_vendor:/opt/ros/jazzy/opt/gz_sensors_vendor:/opt/ros/jazzy/opt/gz_physics_vendor:/opt/ros/jazzy/opt/sdformat_vendor:/opt/ros/jazzy/opt/gz_gui_vendor:/opt/ros/jazzy/opt/gz_transport_vendor:/opt/ros/jazzy/opt/gz_rendering_vendor:/opt/ros/jazzy/opt/gz_plugin_vendor:/opt/ros/jazzy/opt/gz_fuel_tools_vendor:/opt/ros/jazzy/opt/gz_msgs_vendor:/opt/ros/jazzy/opt/gz_common_vendor:/opt/ros/jazzy/opt/gz_math_vendor:/opt/ros/jazzy/opt/gz_utils_vendor:/opt/ros/jazzy/opt/gz_tools_vendor:/opt/ros/jazzy/opt/gz_ogre_next_vendor:/opt/ros/jazzy/opt/gz_dartsim_vendor:/opt/ros/jazzy/opt/gz_cmake_vendor:/home/mikks/ros2_px4_ws/install/x500_hover_controller:/home/mikks/ros2_px4_ws/install/example_mode_with_rclpy_py:/home/mikks/ros2_px4_ws/install/example_mode_goto_py:/home/mikks/ros2_px4_ws/install/px4_actuator_ctrl:/home/mikks/ros2_ws/install/rover_desc_description:/home/mikks/ros2_ws/install/px4_actuator_ctrl:/home/mikks/ros2_ws/install/mine_rover_description:/home/mikks/ros2_ws/install/ZerionURDFV5cp_description:/home/mikks/crazyflie_mapping_demo/ros2_ws/install/velocity_free_consensus:/home/mikks/crazyflie_mapping_demo/ros2_ws/install/stepwise_lowpos:/home/mikks/crazyflie_mapping_demo/ros2_ws/install/step_wise_lowpos:/home/mikks/crazyflie_mapping_demo/ros2_ws/install/second_order_formation_control:/home/mikks/crazyflie_mapping_demo/ros2_ws/install/ros_gz_crazyflie_control:/home/mikks/crazyflie_mapping_demo/ros2_ws/install/mixed_fractional_consensus:/home/mikks/crazyflie_mapping_demo/ros2_ws/install/lowest_pos:/home/mikks/crazyflie_mapping_demo/ros2_ws/install/linear_consensus:/home/mikks/crazyflie_mapping_demo/ros2_ws/install/highest_pos:/home/mikks/crazyflie_mapping_demo/ros2_ws/install/fractional_consensus_alpha:/home/mikks/crazyflie_mapping_demo/ros2_ws/install/event_triggered_swarm:/home/mikks/crazyflie_mapping_demo/ros2_ws/install/drone_logger:/home/mikks/crazyflie_mapping_demo/ros2_ws/install/distributed_average_tracking:/home/mikks/crazyflie_mapping_demo/ros2_ws/install/crazyflie_swarm_logic:/home/mikks/crazyflie_mapping_demo/ros2_ws/install/crazyflie_ros2_multiranger_wall_following:/home/mikks/crazyflie_mapping_demo/ros2_ws/install/crazyflie_ros2_multiranger_simple_mapper:/home/mikks/crazyflie_mapping_demo/ros2_ws/install/crazyflie_py:/home/mikks/crazyflie_mapping_demo/ros2_ws/install/cooperative_target_centric_formation:/home/mikks/crazyflie_mapping_demo/ros2_ws/install/containment_using_agent_information:/home/mikks/crazyflie_mapping_demo/ros2_ws/install/consensus_for_double_integrator:/home/mikks/crazyflie_mapping_demo/ros2_ws/install/consensus_alignment:/home/mikks/crazyflie_mapping_demo/ros2_ws/install/binary_consensus:/home/mikks/crazyflie_mapping_demo/ros2_ws/install/Second_Order_Min_Consensus_for_Heterogeneous_Agents:/home/mikks/crazyflie_mapping_demo/ros2_ws/install/BinaryContainmentChain:/opt/ros/jazzy DEBUGINFOD_URLS=https://debuginfod.ubuntu.com LD_LIBRARY_PATH=/home/mikks/ros2_px4_ws/install/px4_ros2_cpp/lib:/home/mikks/ros2_px4_ws/install/px4_msgs/lib:/home/mikks/ros2_px4_ws/install/px4_ros_com/lib:/home/mikks/NatNet_SDK_4.3_ubuntu/lib:/home/mikks/crazyflie_mapping_demo/ros2_ws/install/crazyflie_interfaces/lib:/opt/ros/jazzy/opt/gz_sim_vendor/lib:/opt/ros/jazzy/opt/gz_sensors_vendor/lib:/opt/ros/jazzy/opt/gz_physics_vendor/lib:/opt/ros/jazzy/opt/sdformat_vendor/lib:/opt/ros/jazzy/opt/rviz_ogre_vendor/lib:/opt/ros/jazzy/lib/x86_64-linux-gnu:/opt/ros/jazzy/opt/gz_gui_vendor/lib:/opt/ros/jazzy/opt/gz_transport_vendor/lib:/opt/ros/jazzy/opt/gz_rendering_vendor/lib:/opt/ros/jazzy/opt/gz_plugin_vendor/lib:/opt/ros/jazzy/opt/gz_fuel_tools_vendor/lib:/opt/ros/jazzy/opt/gz_msgs_vendor/lib:/opt/ros/jazzy/opt/gz_common_vendor/lib:/opt/ros/jazzy/opt/gz_math_vendor/lib:/opt/ros/jazzy/opt/gz_utils_vendor/lib:/opt/ros/jazzy/opt/gz_tools_vendor/lib:/opt/ros/jazzy/opt/gz_ogre_next_vendor/lib:/opt/ros/jazzy/opt/gz_dartsim_vendor/lib:/opt/ros/jazzy/opt/gz_cmake_vendor/lib:/opt/ros/jazzy/lib PYTHONPATH=/home/mikks/ros2_px4_ws/install/px4_msgs/lib/python3.12/site-packages:/home/mikks/ros2_px4_ws/build/x500_hover_controller:/home/mikks/ros2_px4_ws/install/x500_hover_controller/lib/python3.12/site-packages:/home/mikks/ros2_px4_ws/install/px4_ros_com/lib/python3.12/site-packages:/home/mikks/ros2_px4_ws/build/example_mode_with_rclpy_py:/home/mikks/ros2_px4_ws/install/example_mode_with_rclpy_py/lib/python3.12/site-packages:/home/mikks/ros2_px4_ws/build/example_mode_goto_py:/home/mikks/ros2_px4_ws/install/example_mode_goto_py/lib/python3.12/site-packages:/home/mikks/ros2_px4_ws/install/px4_ros2_py/lib/python3.12/site-packages:/home/mikks/ros2_px4_ws/build/px4_actuator_ctrl:/home/mikks/ros2_px4_ws/install/px4_actuator_ctrl/lib/python3.12/site-packages:/home/mikks/ros2_ws/build/rover_desc_description:/home/mikks/ros2_ws/install/rover_desc_description/lib/python3.12/site-packages:/home/mikks/ros2_ws/install/px4_actuator_ctrl/lib/python3.12/site-packages:/home/mikks/ros2_ws/build/mine_rover_description:/home/mikks/ros2_ws/install/mine_rover_description/lib/python3.12/site-packages:/home/mikks/ros2_ws/build/ZerionURDFV5cp_description:/home/mikks/ros2_ws/install/ZerionURDFV5cp_description/lib/python3.12/site-packages:/home/mikks/crazyflie_mapping_demo/ros2_ws/install/velocity_free_consensus/lib/python3.12/site-packages:/home/mikks/crazyflie_mapping_demo/ros2_ws/install/stepwise_lowpos/lib/python3.12/site-packages:/home/mikks/crazyflie_mapping_demo/ros2_ws/install/step_wise_lowpos/lib/python3.12/site-packages:/home/mikks/crazyflie_mapping_demo/ros2_ws/install/second_order_formation_control/lib/python3.12/site-packages:/home/mikks/crazyflie_mapping_demo/ros2_ws/install/ros_gz_crazyflie_control/lib/python3.12/site-packages:/home/mikks/crazyflie_mapping_demo/ros2_ws/install/mixed_fractional_consensus/lib/python3.12/site-packages:/home/mikks/crazyflie_mapping_demo/ros2_ws/install/lowest_pos/lib/python3.12/site-packages:/home/mikks/crazyflie_mapping_demo/ros2_ws/install/linear_consensus/lib/python3.12/site-packages:/home/mikks/crazyflie_mapping_demo/ros2_ws/install/highest_pos/lib/python3.12/site-packages:/home/mikks/crazyflie_mapping_demo/ros2_ws/install/fractional_consensus_alpha/lib/python3.12/site-packages:/home/mikks/crazyflie_mapping_demo/ros2_ws/install/event_triggered_swarm/lib/python3.12/site-packages:/home/mikks/crazyflie_mapping_demo/ros2_ws/install/drone_logger/lib/python3.12/site-packages:/home/mikks/crazyflie_mapping_demo/ros2_ws/install/distributed_average_tracking/lib/python3.12/site-packages:/home/mikks/crazyflie_mapping_demo/ros2_ws/install/crazyflie_swarm_logic/lib/python3.12/site-packages:/home/mikks/crazyflie_mapping_demo/ros2_ws/install/crazyflie_sim/lib/python3.12/site-packages:/home/mikks/crazyflie_mapping_demo/ros2_ws/install/crazyflie_ros2_multiranger_wall_following/lib/python3.12/site-packages:/home/mikks/crazyflie_mapping_demo/ros2_ws/install/crazyflie_ros2_multiranger_simple_mapper/lib/python3.12/site-packages:/home/mikks/crazyflie_mapping_demo/ros2_ws/install/crazyflie_examples/lib/python3.12/site-packages:/home/mikks/crazyflie_mapping_demo/ros2_ws/install/crazyflie_py/lib/python3.12/site-packages:/home/mikks/crazyflie_mapping_demo/ros2_ws/install/crazyflie_interfaces/lib/python3.12/site-packages:/home/mikks/crazyflie_mapping_demo/ros2_ws/install/cooperative_target_centric_formation/lib/python3.12/site-packages:/home/mikks/crazyflie_mapping_demo/ros2_ws/install/containment_using_agent_information/lib/python3.12/site-packages:/home/mikks/crazyflie_mapping_demo/ros2_ws/install/consensus_for_double_integrator/lib/python3.12/site-packages:/home/mikks/crazyflie_mapping_demo/ros2_ws/install/consensus_alignment/lib/python3.12/site-packages:/home/mikks/crazyflie_mapping_demo/ros2_ws/install/binary_consensus/lib/python3.12/site-packages:/home/mikks/crazyflie_mapping_demo/ros2_ws/install/Second_Order_Min_Consensus_for_Heterogeneous_Agents/lib/python3.12/site-packages:/home/mikks/crazyflie_mapping_demo/ros2_ws/install/BinaryContainmentChain/lib/python3.12/site-packages:/opt/ros/jazzy/lib/python3.12/site-packages /usr/bin/cmake --install /home/mikks/ros2_px4_ws/build/example_mode_with_executor_cpp
[4.261s] Level 1:colcon.colcon_core.environment:checking '/home/mikks/ros2_px4_ws/install/example_mode_with_executor_cpp' for CMake config files
[4.262s] Level 1:colcon.colcon_core.shell:create_environment_hook('example_mode_with_executor_cpp', 'cmake_prefix_path')
[4.262s] INFO:colcon.colcon_core.shell:Creating environment hook '/home/mikks/ros2_px4_ws/install/example_mode_with_executor_cpp/share/example_mode_with_executor_cpp/hook/cmake_prefix_path.ps1'
[4.263s] INFO:colcon.colcon_core.shell:Creating environment descriptor '/home/mikks/ros2_px4_ws/install/example_mode_with_executor_cpp/share/example_mode_with_executor_cpp/hook/cmake_prefix_path.dsv'
[4.263s] INFO:colcon.colcon_core.shell:Creating environment hook '/home/mikks/ros2_px4_ws/install/example_mode_with_executor_cpp/share/example_mode_with_executor_cpp/hook/cmake_prefix_path.sh'
[4.264s] Level 1:colcon.colcon_core.environment:checking '/home/mikks/ros2_px4_ws/install/example_mode_with_executor_cpp/lib'
[4.264s] Level 1:colcon.colcon_core.environment:checking '/home/mikks/ros2_px4_ws/install/example_mode_with_executor_cpp/bin'
[4.264s] Level 1:colcon.colcon_core.environment:checking '/home/mikks/ros2_px4_ws/install/example_mode_with_executor_cpp/lib/pkgconfig/example_mode_with_executor_cpp.pc'
[4.264s] Level 1:colcon.colcon_core.environment:checking '/home/mikks/ros2_px4_ws/install/example_mode_with_executor_cpp/lib/python3.12/site-packages'
[4.264s] Level 1:colcon.colcon_core.environment:checking '/home/mikks/ros2_px4_ws/install/example_mode_with_executor_cpp/bin'
[4.265s] INFO:colcon.colcon_core.shell:Creating package script '/home/mikks/ros2_px4_ws/install/example_mode_with_executor_cpp/share/example_mode_with_executor_cpp/package.ps1'
[4.265s] INFO:colcon.colcon_core.shell:Creating package descriptor '/home/mikks/ros2_px4_ws/install/example_mode_with_executor_cpp/share/example_mode_with_executor_cpp/package.dsv'
[4.266s] INFO:colcon.colcon_core.shell:Creating package script '/home/mikks/ros2_px4_ws/install/example_mode_with_executor_cpp/share/example_mode_with_executor_cpp/package.sh'
[4.266s] INFO:colcon.colcon_core.shell:Creating package script '/home/mikks/ros2_px4_ws/install/example_mode_with_executor_cpp/share/example_mode_with_executor_cpp/package.bash'
[4.266s] INFO:colcon.colcon_core.shell:Creating package script '/home/mikks/ros2_px4_ws/install/example_mode_with_executor_cpp/share/example_mode_with_executor_cpp/package.zsh'
[4.267s] Level 1:colcon.colcon_core.environment:create_file_with_runtime_dependencies(/home/mikks/ros2_px4_ws/install/example_mode_with_executor_cpp/share/colcon-core/packages/example_mode_with_executor_cpp)
[4.267s] Level 1:colcon.colcon_core.environment:create_environment_scripts_only(example_mode_with_executor_cpp)
[4.267s] Level 1:colcon.colcon_core.environment:checking '/home/mikks/ros2_px4_ws/install/example_mode_with_executor_cpp' for CMake module files
[4.268s] Level 1:colcon.colcon_core.environment:checking '/home/mikks/ros2_px4_ws/install/example_mode_with_executor_cpp' for CMake config files
[4.269s] Level 1:colcon.colcon_core.shell:create_environment_hook('example_mode_with_executor_cpp', 'cmake_prefix_path')
[4.269s] INFO:colcon.colcon_core.shell:Creating environment hook '/home/mikks/ros2_px4_ws/install/example_mode_with_executor_cpp/share/example_mode_with_executor_cpp/hook/cmake_prefix_path.ps1'
[4.269s] INFO:colcon.colcon_core.shell:Creating environment descriptor '/home/mikks/ros2_px4_ws/install/example_mode_with_executor_cpp/share/example_mode_with_executor_cpp/hook/cmake_prefix_path.dsv'
[4.270s] INFO:colcon.colcon_core.shell:Creating environment hook '/home/mikks/ros2_px4_ws/install/example_mode_with_executor_cpp/share/example_mode_with_executor_cpp/hook/cmake_prefix_path.sh'
[4.270s] Level 1:colcon.colcon_core.environment:checking '/home/mikks/ros2_px4_ws/install/example_mode_with_executor_cpp/lib'
[4.270s] Level 1:colcon.colcon_core.environment:checking '/home/mikks/ros2_px4_ws/install/example_mode_with_executor_cpp/bin'
[4.270s] Level 1:colcon.colcon_core.environment:checking '/home/mikks/ros2_px4_ws/install/example_mode_with_executor_cpp/lib/pkgconfig/example_mode_with_executor_cpp.pc'
[4.271s] Level 1:colcon.colcon_core.environment:checking '/home/mikks/ros2_px4_ws/install/example_mode_with_executor_cpp/lib/python3.12/site-packages'
[4.271s] Level 1:colcon.colcon_core.environment:checking '/home/mikks/ros2_px4_ws/install/example_mode_with_executor_cpp/bin'
[4.271s] INFO:colcon.colcon_core.shell:Creating package script '/home/mikks/ros2_px4_ws/install/example_mode_with_executor_cpp/share/example_mode_with_executor_cpp/package.ps1'
[4.272s] INFO:colcon.colcon_core.shell:Creating package descriptor '/home/mikks/ros2_px4_ws/install/example_mode_with_executor_cpp/share/example_mode_with_executor_cpp/package.dsv'
[4.272s] INFO:colcon.colcon_core.shell:Creating package script '/home/mikks/ros2_px4_ws/install/example_mode_with_executor_cpp/share/example_mode_with_executor_cpp/package.sh'
[4.273s] INFO:colcon.colcon_core.shell:Creating package script '/home/mikks/ros2_px4_ws/install/example_mode_with_executor_cpp/share/example_mode_with_executor_cpp/package.bash'
[4.273s] INFO:colcon.colcon_core.shell:Creating package script '/home/mikks/ros2_px4_ws/install/example_mode_with_executor_cpp/share/example_mode_with_executor_cpp/package.zsh'
[4.273s] Level 1:colcon.colcon_core.environment:create_file_with_runtime_dependencies(/home/mikks/ros2_px4_ws/install/example_mode_with_executor_cpp/share/colcon-core/packages/example_mode_with_executor_cpp)
[4.274s] Level 1:colcon.colcon_core.environment:create_environment_scripts_only(example_rover_velocity_mode_cpp)
[4.274s] Level 1:colcon.colcon_core.environment:checking '/home/mikks/ros2_px4_ws/install/example_rover_velocity_mode_cpp' for CMake module files
[4.275s] DEBUG:colcon.colcon_core.event_handler.log_command:Invoked command in '/home/mikks/ros2_px4_ws/build/example_rover_velocity_mode_cpp' returned '0': CMAKE_PREFIX_PATH=/home/mikks/ros2_px4_ws/install/px4_ros2_cpp:/home/mikks/ros2_px4_ws/install/px4_msgs:/home/mikks/ros2_px4_ws/install/px4_ros_com:/home/mikks/ros2_px4_ws/install/px4_ros2_py:/home/mikks/ros2_px4_ws/install/example_rover_velocity_mode_cpp:/home/mikks/ros2_px4_ws/install/example_mode_with_executor_cpp:/home/mikks/ros2_px4_ws/install/example_mode_vtol_cpp:/home/mikks/ros2_px4_ws/install/example_mode_rtl_replacement_cpp:/home/mikks/ros2_px4_ws/install/example_mode_mission_cpp:/home/mikks/ros2_px4_ws/install/example_mode_manual_cpp:/home/mikks/ros2_px4_ws/install/example_mode_goto_global_cpp:/home/mikks/ros2_px4_ws/install/example_mode_goto_cpp:/home/mikks/ros2_px4_ws/install/example_mode_fw_attitude_cpp:/home/mikks/ros2_px4_ws/install/example_local_navigation_cpp:/home/mikks/ros2_px4_ws/install/example_global_navigation_cpp:/home/mikks/ros2_px4_ws/install/example_executor_with_multiple_modes_cpp:/home/mikks/crazyflie_mapping_demo/ros2_ws/install/crazyflie_ros2_multiranger_bringup:/home/mikks/crazyflie_mapping_demo/ros2_ws/install/ros_gz_crazyflie_bringup:/home/mikks/crazyflie_mapping_demo/ros2_ws/install/ros_gz_crazyflie_gazebo:/home/mikks/crazyflie_mapping_demo/ros2_ws/install/crazyflie_sim:/home/mikks/crazyflie_mapping_demo/ros2_ws/install/crazyflie_examples:/home/mikks/crazyflie_mapping_demo/ros2_ws/install/crazyflie:/home/mikks/crazyflie_mapping_demo/ros2_ws/install/crazyflie_interfaces:/opt/ros/jazzy/opt/gz_sim_vendor:/opt/ros/jazzy/opt/gz_sensors_vendor:/opt/ros/jazzy/opt/gz_physics_vendor:/opt/ros/jazzy/opt/sdformat_vendor:/opt/ros/jazzy/opt/gz_gui_vendor:/opt/ros/jazzy/opt/gz_transport_vendor:/opt/ros/jazzy/opt/gz_rendering_vendor:/opt/ros/jazzy/opt/gz_plugin_vendor:/opt/ros/jazzy/opt/gz_fuel_tools_vendor:/opt/ros/jazzy/opt/gz_msgs_vendor:/opt/ros/jazzy/opt/gz_common_vendor:/opt/ros/jazzy/opt/gz_math_vendor:/opt/ros/jazzy/opt/gz_utils_vendor:/opt/ros/jazzy/opt/gz_tools_vendor:/opt/ros/jazzy/opt/gz_ogre_next_vendor:/opt/ros/jazzy/opt/gz_dartsim_vendor:/opt/ros/jazzy/opt/gz_cmake_vendor:/home/mikks/ros2_px4_ws/install/x500_hover_controller:/home/mikks/ros2_px4_ws/install/example_mode_with_rclpy_py:/home/mikks/ros2_px4_ws/install/example_mode_goto_py:/home/mikks/ros2_px4_ws/install/px4_actuator_ctrl:/home/mikks/ros2_ws/install/rover_desc_description:/home/mikks/ros2_ws/install/px4_actuator_ctrl:/home/mikks/ros2_ws/install/mine_rover_description:/home/mikks/ros2_ws/install/ZerionURDFV5cp_description:/home/mikks/crazyflie_mapping_demo/ros2_ws/install/velocity_free_consensus:/home/mikks/crazyflie_mapping_demo/ros2_ws/install/stepwise_lowpos:/home/mikks/crazyflie_mapping_demo/ros2_ws/install/step_wise_lowpos:/home/mikks/crazyflie_mapping_demo/ros2_ws/install/second_order_formation_control:/home/mikks/crazyflie_mapping_demo/ros2_ws/install/ros_gz_crazyflie_control:/home/mikks/crazyflie_mapping_demo/ros2_ws/install/mixed_fractional_consensus:/home/mikks/crazyflie_mapping_demo/ros2_ws/install/lowest_pos:/home/mikks/crazyflie_mapping_demo/ros2_ws/install/linear_consensus:/home/mikks/crazyflie_mapping_demo/ros2_ws/install/highest_pos:/home/mikks/crazyflie_mapping_demo/ros2_ws/install/fractional_consensus_alpha:/home/mikks/crazyflie_mapping_demo/ros2_ws/install/event_triggered_swarm:/home/mikks/crazyflie_mapping_demo/ros2_ws/install/drone_logger:/home/mikks/crazyflie_mapping_demo/ros2_ws/install/distributed_average_tracking:/home/mikks/crazyflie_mapping_demo/ros2_ws/install/crazyflie_swarm_logic:/home/mikks/crazyflie_mapping_demo/ros2_ws/install/crazyflie_ros2_multiranger_wall_following:/home/mikks/crazyflie_mapping_demo/ros2_ws/install/crazyflie_ros2_multiranger_simple_mapper:/home/mikks/crazyflie_mapping_demo/ros2_ws/install/crazyflie_py:/home/mikks/crazyflie_mapping_demo/ros2_ws/install/cooperative_target_centric_formation:/home/mikks/crazyflie_mapping_demo/ros2_ws/install/containment_using_agent_information:/home/mikks/crazyflie_mapping_demo/ros2_ws/install/consensus_for_double_integrator:/home/mikks/crazyflie_mapping_demo/ros2_ws/install/consensus_alignment:/home/mikks/crazyflie_mapping_demo/ros2_ws/install/binary_consensus:/home/mikks/crazyflie_mapping_demo/ros2_ws/install/Second_Order_Min_Consensus_for_Heterogeneous_Agents:/home/mikks/crazyflie_mapping_demo/ros2_ws/install/BinaryContainmentChain:/opt/ros/jazzy DEBUGINFOD_URLS=https://debuginfod.ubuntu.com LD_LIBRARY_PATH=/home/mikks/ros2_px4_ws/install/px4_ros2_cpp/lib:/home/mikks/ros2_px4_ws/install/px4_msgs/lib:/home/mikks/ros2_px4_ws/install/px4_ros_com/lib:/home/mikks/NatNet_SDK_4.3_ubuntu/lib:/home/mikks/crazyflie_mapping_demo/ros2_ws/install/crazyflie_interfaces/lib:/opt/ros/jazzy/opt/gz_sim_vendor/lib:/opt/ros/jazzy/opt/gz_sensors_vendor/lib:/opt/ros/jazzy/opt/gz_physics_vendor/lib:/opt/ros/jazzy/opt/sdformat_vendor/lib:/opt/ros/jazzy/opt/rviz_ogre_vendor/lib:/opt/ros/jazzy/lib/x86_64-linux-gnu:/opt/ros/jazzy/opt/gz_gui_vendor/lib:/opt/ros/jazzy/opt/gz_transport_vendor/lib:/opt/ros/jazzy/opt/gz_rendering_vendor/lib:/opt/ros/jazzy/opt/gz_plugin_vendor/lib:/opt/ros/jazzy/opt/gz_fuel_tools_vendor/lib:/opt/ros/jazzy/opt/gz_msgs_vendor/lib:/opt/ros/jazzy/opt/gz_common_vendor/lib:/opt/ros/jazzy/opt/gz_math_vendor/lib:/opt/ros/jazzy/opt/gz_utils_vendor/lib:/opt/ros/jazzy/opt/gz_tools_vendor/lib:/opt/ros/jazzy/opt/gz_ogre_next_vendor/lib:/opt/ros/jazzy/opt/gz_dartsim_vendor/lib:/opt/ros/jazzy/opt/gz_cmake_vendor/lib:/opt/ros/jazzy/lib PYTHONPATH=/home/mikks/ros2_px4_ws/install/px4_msgs/lib/python3.12/site-packages:/home/mikks/ros2_px4_ws/build/x500_hover_controller:/home/mikks/ros2_px4_ws/install/x500_hover_controller/lib/python3.12/site-packages:/home/mikks/ros2_px4_ws/install/px4_ros_com/lib/python3.12/site-packages:/home/mikks/ros2_px4_ws/build/example_mode_with_rclpy_py:/home/mikks/ros2_px4_ws/install/example_mode_with_rclpy_py/lib/python3.12/site-packages:/home/mikks/ros2_px4_ws/build/example_mode_goto_py:/home/mikks/ros2_px4_ws/install/example_mode_goto_py/lib/python3.12/site-packages:/home/mikks/ros2_px4_ws/install/px4_ros2_py/lib/python3.12/site-packages:/home/mikks/ros2_px4_ws/build/px4_actuator_ctrl:/home/mikks/ros2_px4_ws/install/px4_actuator_ctrl/lib/python3.12/site-packages:/home/mikks/ros2_ws/build/rover_desc_description:/home/mikks/ros2_ws/install/rover_desc_description/lib/python3.12/site-packages:/home/mikks/ros2_ws/install/px4_actuator_ctrl/lib/python3.12/site-packages:/home/mikks/ros2_ws/build/mine_rover_description:/home/mikks/ros2_ws/install/mine_rover_description/lib/python3.12/site-packages:/home/mikks/ros2_ws/build/ZerionURDFV5cp_description:/home/mikks/ros2_ws/install/ZerionURDFV5cp_description/lib/python3.12/site-packages:/home/mikks/crazyflie_mapping_demo/ros2_ws/install/velocity_free_consensus/lib/python3.12/site-packages:/home/mikks/crazyflie_mapping_demo/ros2_ws/install/stepwise_lowpos/lib/python3.12/site-packages:/home/mikks/crazyflie_mapping_demo/ros2_ws/install/step_wise_lowpos/lib/python3.12/site-packages:/home/mikks/crazyflie_mapping_demo/ros2_ws/install/second_order_formation_control/lib/python3.12/site-packages:/home/mikks/crazyflie_mapping_demo/ros2_ws/install/ros_gz_crazyflie_control/lib/python3.12/site-packages:/home/mikks/crazyflie_mapping_demo/ros2_ws/install/mixed_fractional_consensus/lib/python3.12/site-packages:/home/mikks/crazyflie_mapping_demo/ros2_ws/install/lowest_pos/lib/python3.12/site-packages:/home/mikks/crazyflie_mapping_demo/ros2_ws/install/linear_consensus/lib/python3.12/site-packages:/home/mikks/crazyflie_mapping_demo/ros2_ws/install/highest_pos/lib/python3.12/site-packages:/home/mikks/crazyflie_mapping_demo/ros2_ws/install/fractional_consensus_alpha/lib/python3.12/site-packages:/home/mikks/crazyflie_mapping_demo/ros2_ws/install/event_triggered_swarm/lib/python3.12/site-packages:/home/mikks/crazyflie_mapping_demo/ros2_ws/install/drone_logger/lib/python3.12/site-packages:/home/mikks/crazyflie_mapping_demo/ros2_ws/install/distributed_average_tracking/lib/python3.12/site-packages:/home/mikks/crazyflie_mapping_demo/ros2_ws/install/crazyflie_swarm_logic/lib/python3.12/site-packages:/home/mikks/crazyflie_mapping_demo/ros2_ws/install/crazyflie_sim/lib/python3.12/site-packages:/home/mikks/crazyflie_mapping_demo/ros2_ws/install/crazyflie_ros2_multiranger_wall_following/lib/python3.12/site-packages:/home/mikks/crazyflie_mapping_demo/ros2_ws/install/crazyflie_ros2_multiranger_simple_mapper/lib/python3.12/site-packages:/home/mikks/crazyflie_mapping_demo/ros2_ws/install/crazyflie_examples/lib/python3.12/site-packages:/home/mikks/crazyflie_mapping_demo/ros2_ws/install/crazyflie_py/lib/python3.12/site-packages:/home/mikks/crazyflie_mapping_demo/ros2_ws/install/crazyflie_interfaces/lib/python3.12/site-packages:/home/mikks/crazyflie_mapping_demo/ros2_ws/install/cooperative_target_centric_formation/lib/python3.12/site-packages:/home/mikks/crazyflie_mapping_demo/ros2_ws/install/containment_using_agent_information/lib/python3.12/site-packages:/home/mikks/crazyflie_mapping_demo/ros2_ws/install/consensus_for_double_integrator/lib/python3.12/site-packages:/home/mikks/crazyflie_mapping_demo/ros2_ws/install/consensus_alignment/lib/python3.12/site-packages:/home/mikks/crazyflie_mapping_demo/ros2_ws/install/binary_consensus/lib/python3.12/site-packages:/home/mikks/crazyflie_mapping_demo/ros2_ws/install/Second_Order_Min_Consensus_for_Heterogeneous_Agents/lib/python3.12/site-packages:/home/mikks/crazyflie_mapping_demo/ros2_ws/install/BinaryContainmentChain/lib/python3.12/site-packages:/opt/ros/jazzy/lib/python3.12/site-packages /usr/bin/cmake --install /home/mikks/ros2_px4_ws/build/example_rover_velocity_mode_cpp
[4.275s] Level 1:colcon.colcon_core.environment:checking '/home/mikks/ros2_px4_ws/install/example_rover_velocity_mode_cpp' for CMake config files
[4.276s] Level 1:colcon.colcon_core.shell:create_environment_hook('example_rover_velocity_mode_cpp', 'cmake_prefix_path')
[4.276s] INFO:colcon.colcon_core.shell:Creating environment hook '/home/mikks/ros2_px4_ws/install/example_rover_velocity_mode_cpp/share/example_rover_velocity_mode_cpp/hook/cmake_prefix_path.ps1'
[4.276s] INFO:colcon.colcon_core.shell:Creating environment descriptor '/home/mikks/ros2_px4_ws/install/example_rover_velocity_mode_cpp/share/example_rover_velocity_mode_cpp/hook/cmake_prefix_path.dsv'
[4.277s] INFO:colcon.colcon_core.shell:Creating environment hook '/home/mikks/ros2_px4_ws/install/example_rover_velocity_mode_cpp/share/example_rover_velocity_mode_cpp/hook/cmake_prefix_path.sh'
[4.277s] Level 1:colcon.colcon_core.environment:checking '/home/mikks/ros2_px4_ws/install/example_rover_velocity_mode_cpp/lib'
[4.277s] Level 1:colcon.colcon_core.environment:checking '/home/mikks/ros2_px4_ws/install/example_rover_velocity_mode_cpp/bin'
[4.278s] Level 1:colcon.colcon_core.environment:checking '/home/mikks/ros2_px4_ws/install/example_rover_velocity_mode_cpp/lib/pkgconfig/example_rover_velocity_mode_cpp.pc'
[4.278s] Level 1:colcon.colcon_core.environment:checking '/home/mikks/ros2_px4_ws/install/example_rover_velocity_mode_cpp/lib/python3.12/site-packages'
[4.278s] Level 1:colcon.colcon_core.environment:checking '/home/mikks/ros2_px4_ws/install/example_rover_velocity_mode_cpp/bin'
[4.278s] INFO:colcon.colcon_core.shell:Creating package script '/home/mikks/ros2_px4_ws/install/example_rover_velocity_mode_cpp/share/example_rover_velocity_mode_cpp/package.ps1'
[4.279s] INFO:colcon.colcon_core.shell:Creating package descriptor '/home/mikks/ros2_px4_ws/install/example_rover_velocity_mode_cpp/share/example_rover_velocity_mode_cpp/package.dsv'
[4.279s] INFO:colcon.colcon_core.shell:Creating package script '/home/mikks/ros2_px4_ws/install/example_rover_velocity_mode_cpp/share/example_rover_velocity_mode_cpp/package.sh'
[4.280s] INFO:colcon.colcon_core.shell:Creating package script '/home/mikks/ros2_px4_ws/install/example_rover_velocity_mode_cpp/share/example_rover_velocity_mode_cpp/package.bash'
[4.280s] INFO:colcon.colcon_core.shell:Creating package script '/home/mikks/ros2_px4_ws/install/example_rover_velocity_mode_cpp/share/example_rover_velocity_mode_cpp/package.zsh'
[4.280s] Level 1:colcon.colcon_core.environment:create_file_with_runtime_dependencies(/home/mikks/ros2_px4_ws/install/example_rover_velocity_mode_cpp/share/colcon-core/packages/example_rover_velocity_mode_cpp)
[4.281s] Level 1:colcon.colcon_core.environment:create_environment_scripts_only(example_rover_velocity_mode_cpp)
[4.281s] Level 1:colcon.colcon_core.environment:checking '/home/mikks/ros2_px4_ws/install/example_rover_velocity_mode_cpp' for CMake module files
[4.281s] Level 1:colcon.colcon_core.environment:checking '/home/mikks/ros2_px4_ws/install/example_rover_velocity_mode_cpp' for CMake config files
[4.282s] Level 1:colcon.colcon_core.shell:create_environment_hook('example_rover_velocity_mode_cpp', 'cmake_prefix_path')
[4.282s] INFO:colcon.colcon_core.shell:Creating environment hook '/home/mikks/ros2_px4_ws/install/example_rover_velocity_mode_cpp/share/example_rover_velocity_mode_cpp/hook/cmake_prefix_path.ps1'
[4.283s] INFO:colcon.colcon_core.shell:Creating environment descriptor '/home/mikks/ros2_px4_ws/install/example_rover_velocity_mode_cpp/share/example_rover_velocity_mode_cpp/hook/cmake_prefix_path.dsv'
[4.283s] INFO:colcon.colcon_core.shell:Creating environment hook '/home/mikks/ros2_px4_ws/install/example_rover_velocity_mode_cpp/share/example_rover_velocity_mode_cpp/hook/cmake_prefix_path.sh'
[4.284s] Level 1:colcon.colcon_core.environment:checking '/home/mikks/ros2_px4_ws/install/example_rover_velocity_mode_cpp/lib'
[4.284s] Level 1:colcon.colcon_core.environment:checking '/home/mikks/ros2_px4_ws/install/example_rover_velocity_mode_cpp/bin'
[4.284s] Level 1:colcon.colcon_core.environment:checking '/home/mikks/ros2_px4_ws/install/example_rover_velocity_mode_cpp/lib/pkgconfig/example_rover_velocity_mode_cpp.pc'
[4.284s] Level 1:colcon.colcon_core.environment:checking '/home/mikks/ros2_px4_ws/install/example_rover_velocity_mode_cpp/lib/python3.12/site-packages'
[4.285s] Level 1:colcon.colcon_core.environment:checking '/home/mikks/ros2_px4_ws/install/example_rover_velocity_mode_cpp/bin'
[4.285s] INFO:colcon.colcon_core.shell:Creating package script '/home/mikks/ros2_px4_ws/install/example_rover_velocity_mode_cpp/share/example_rover_velocity_mode_cpp/package.ps1'
[4.286s] INFO:colcon.colcon_core.shell:Creating package descriptor '/home/mikks/ros2_px4_ws/install/example_rover_velocity_mode_cpp/share/example_rover_velocity_mode_cpp/package.dsv'
[4.286s] INFO:colcon.colcon_core.shell:Creating package script '/home/mikks/ros2_px4_ws/install/example_rover_velocity_mode_cpp/share/example_rover_velocity_mode_cpp/package.sh'
[4.287s] INFO:colcon.colcon_core.shell:Creating package script '/home/mikks/ros2_px4_ws/install/example_rover_velocity_mode_cpp/share/example_rover_velocity_mode_cpp/package.bash'
[4.287s] INFO:colcon.colcon_core.shell:Creating package script '/home/mikks/ros2_px4_ws/install/example_rover_velocity_mode_cpp/share/example_rover_velocity_mode_cpp/package.zsh'
[4.288s] Level 1:colcon.colcon_core.environment:create_file_with_runtime_dependencies(/home/mikks/ros2_px4_ws/install/example_rover_velocity_mode_cpp/share/colcon-core/packages/example_rover_velocity_mode_cpp)
[4.389s] DEBUG:colcon.colcon_core.event_handler.log_command:Invoked command in '/home/mikks/ros2_px4_ws/build/px4_ros2_py' returned '0': CMAKE_PREFIX_PATH=/home/mikks/ros2_px4_ws/install/px4_ros2_cpp:/home/mikks/ros2_px4_ws/install/px4_msgs:/home/mikks/ros2_px4_ws/install/px4_ros_com:/home/mikks/ros2_px4_ws/install/px4_ros2_py:/home/mikks/ros2_px4_ws/install/example_rover_velocity_mode_cpp:/home/mikks/ros2_px4_ws/install/example_mode_with_executor_cpp:/home/mikks/ros2_px4_ws/install/example_mode_vtol_cpp:/home/mikks/ros2_px4_ws/install/example_mode_rtl_replacement_cpp:/home/mikks/ros2_px4_ws/install/example_mode_mission_cpp:/home/mikks/ros2_px4_ws/install/example_mode_manual_cpp:/home/mikks/ros2_px4_ws/install/example_mode_goto_global_cpp:/home/mikks/ros2_px4_ws/install/example_mode_goto_cpp:/home/mikks/ros2_px4_ws/install/example_mode_fw_attitude_cpp:/home/mikks/ros2_px4_ws/install/example_local_navigation_cpp:/home/mikks/ros2_px4_ws/install/example_global_navigation_cpp:/home/mikks/ros2_px4_ws/install/example_executor_with_multiple_modes_cpp:/home/mikks/crazyflie_mapping_demo/ros2_ws/install/crazyflie_ros2_multiranger_bringup:/home/mikks/crazyflie_mapping_demo/ros2_ws/install/ros_gz_crazyflie_bringup:/home/mikks/crazyflie_mapping_demo/ros2_ws/install/ros_gz_crazyflie_gazebo:/home/mikks/crazyflie_mapping_demo/ros2_ws/install/crazyflie_sim:/home/mikks/crazyflie_mapping_demo/ros2_ws/install/crazyflie_examples:/home/mikks/crazyflie_mapping_demo/ros2_ws/install/crazyflie:/home/mikks/crazyflie_mapping_demo/ros2_ws/install/crazyflie_interfaces:/opt/ros/jazzy/opt/gz_sim_vendor:/opt/ros/jazzy/opt/gz_sensors_vendor:/opt/ros/jazzy/opt/gz_physics_vendor:/opt/ros/jazzy/opt/sdformat_vendor:/opt/ros/jazzy/opt/gz_gui_vendor:/opt/ros/jazzy/opt/gz_transport_vendor:/opt/ros/jazzy/opt/gz_rendering_vendor:/opt/ros/jazzy/opt/gz_plugin_vendor:/opt/ros/jazzy/opt/gz_fuel_tools_vendor:/opt/ros/jazzy/opt/gz_msgs_vendor:/opt/ros/jazzy/opt/gz_common_vendor:/opt/ros/jazzy/opt/gz_math_vendor:/opt/ros/jazzy/opt/gz_utils_vendor:/opt/ros/jazzy/opt/gz_tools_vendor:/opt/ros/jazzy/opt/gz_ogre_next_vendor:/opt/ros/jazzy/opt/gz_dartsim_vendor:/opt/ros/jazzy/opt/gz_cmake_vendor:/home/mikks/ros2_px4_ws/install/x500_hover_controller:/home/mikks/ros2_px4_ws/install/example_mode_with_rclpy_py:/home/mikks/ros2_px4_ws/install/example_mode_goto_py:/home/mikks/ros2_px4_ws/install/px4_actuator_ctrl:/home/mikks/ros2_ws/install/rover_desc_description:/home/mikks/ros2_ws/install/px4_actuator_ctrl:/home/mikks/ros2_ws/install/mine_rover_description:/home/mikks/ros2_ws/install/ZerionURDFV5cp_description:/home/mikks/crazyflie_mapping_demo/ros2_ws/install/velocity_free_consensus:/home/mikks/crazyflie_mapping_demo/ros2_ws/install/stepwise_lowpos:/home/mikks/crazyflie_mapping_demo/ros2_ws/install/step_wise_lowpos:/home/mikks/crazyflie_mapping_demo/ros2_ws/install/second_order_formation_control:/home/mikks/crazyflie_mapping_demo/ros2_ws/install/ros_gz_crazyflie_control:/home/mikks/crazyflie_mapping_demo/ros2_ws/install/mixed_fractional_consensus:/home/mikks/crazyflie_mapping_demo/ros2_ws/install/lowest_pos:/home/mikks/crazyflie_mapping_demo/ros2_ws/install/linear_consensus:/home/mikks/crazyflie_mapping_demo/ros2_ws/install/highest_pos:/home/mikks/crazyflie_mapping_demo/ros2_ws/install/fractional_consensus_alpha:/home/mikks/crazyflie_mapping_demo/ros2_ws/install/event_triggered_swarm:/home/mikks/crazyflie_mapping_demo/ros2_ws/install/drone_logger:/home/mikks/crazyflie_mapping_demo/ros2_ws/install/distributed_average_tracking:/home/mikks/crazyflie_mapping_demo/ros2_ws/install/crazyflie_swarm_logic:/home/mikks/crazyflie_mapping_demo/ros2_ws/install/crazyflie_ros2_multiranger_wall_following:/home/mikks/crazyflie_mapping_demo/ros2_ws/install/crazyflie_ros2_multiranger_simple_mapper:/home/mikks/crazyflie_mapping_demo/ros2_ws/install/crazyflie_py:/home/mikks/crazyflie_mapping_demo/ros2_ws/install/cooperative_target_centric_formation:/home/mikks/crazyflie_mapping_demo/ros2_ws/install/containment_using_agent_information:/home/mikks/crazyflie_mapping_demo/ros2_ws/install/consensus_for_double_integrator:/home/mikks/crazyflie_mapping_demo/ros2_ws/install/consensus_alignment:/home/mikks/crazyflie_mapping_demo/ros2_ws/install/binary_consensus:/home/mikks/crazyflie_mapping_demo/ros2_ws/install/Second_Order_Min_Consensus_for_Heterogeneous_Agents:/home/mikks/crazyflie_mapping_demo/ros2_ws/install/BinaryContainmentChain:/opt/ros/jazzy DEBUGINFOD_URLS=https://debuginfod.ubuntu.com LD_LIBRARY_PATH=/home/mikks/ros2_px4_ws/install/px4_ros2_cpp/lib:/home/mikks/ros2_px4_ws/install/px4_msgs/lib:/home/mikks/ros2_px4_ws/install/px4_ros_com/lib:/home/mikks/NatNet_SDK_4.3_ubuntu/lib:/home/mikks/crazyflie_mapping_demo/ros2_ws/install/crazyflie_interfaces/lib:/opt/ros/jazzy/opt/gz_sim_vendor/lib:/opt/ros/jazzy/opt/gz_sensors_vendor/lib:/opt/ros/jazzy/opt/gz_physics_vendor/lib:/opt/ros/jazzy/opt/sdformat_vendor/lib:/opt/ros/jazzy/opt/rviz_ogre_vendor/lib:/opt/ros/jazzy/lib/x86_64-linux-gnu:/opt/ros/jazzy/opt/gz_gui_vendor/lib:/opt/ros/jazzy/opt/gz_transport_vendor/lib:/opt/ros/jazzy/opt/gz_rendering_vendor/lib:/opt/ros/jazzy/opt/gz_plugin_vendor/lib:/opt/ros/jazzy/opt/gz_fuel_tools_vendor/lib:/opt/ros/jazzy/opt/gz_msgs_vendor/lib:/opt/ros/jazzy/opt/gz_common_vendor/lib:/opt/ros/jazzy/opt/gz_math_vendor/lib:/opt/ros/jazzy/opt/gz_utils_vendor/lib:/opt/ros/jazzy/opt/gz_tools_vendor/lib:/opt/ros/jazzy/opt/gz_ogre_next_vendor/lib:/opt/ros/jazzy/opt/gz_dartsim_vendor/lib:/opt/ros/jazzy/opt/gz_cmake_vendor/lib:/opt/ros/jazzy/lib PYTHONPATH=/home/mikks/ros2_px4_ws/install/px4_msgs/lib/python3.12/site-packages:/home/mikks/ros2_px4_ws/build/x500_hover_controller:/home/mikks/ros2_px4_ws/install/x500_hover_controller/lib/python3.12/site-packages:/home/mikks/ros2_px4_ws/install/px4_ros_com/lib/python3.12/site-packages:/home/mikks/ros2_px4_ws/build/example_mode_with_rclpy_py:/home/mikks/ros2_px4_ws/install/example_mode_with_rclpy_py/lib/python3.12/site-packages:/home/mikks/ros2_px4_ws/build/example_mode_goto_py:/home/mikks/ros2_px4_ws/install/example_mode_goto_py/lib/python3.12/site-packages:/home/mikks/ros2_px4_ws/install/px4_ros2_py/lib/python3.12/site-packages:/home/mikks/ros2_px4_ws/build/px4_actuator_ctrl:/home/mikks/ros2_px4_ws/install/px4_actuator_ctrl/lib/python3.12/site-packages:/home/mikks/ros2_ws/build/rover_desc_description:/home/mikks/ros2_ws/install/rover_desc_description/lib/python3.12/site-packages:/home/mikks/ros2_ws/install/px4_actuator_ctrl/lib/python3.12/site-packages:/home/mikks/ros2_ws/build/mine_rover_description:/home/mikks/ros2_ws/install/mine_rover_description/lib/python3.12/site-packages:/home/mikks/ros2_ws/build/ZerionURDFV5cp_description:/home/mikks/ros2_ws/install/ZerionURDFV5cp_description/lib/python3.12/site-packages:/home/mikks/crazyflie_mapping_demo/ros2_ws/install/velocity_free_consensus/lib/python3.12/site-packages:/home/mikks/crazyflie_mapping_demo/ros2_ws/install/stepwise_lowpos/lib/python3.12/site-packages:/home/mikks/crazyflie_mapping_demo/ros2_ws/install/step_wise_lowpos/lib/python3.12/site-packages:/home/mikks/crazyflie_mapping_demo/ros2_ws/install/second_order_formation_control/lib/python3.12/site-packages:/home/mikks/crazyflie_mapping_demo/ros2_ws/install/ros_gz_crazyflie_control/lib/python3.12/site-packages:/home/mikks/crazyflie_mapping_demo/ros2_ws/install/mixed_fractional_consensus/lib/python3.12/site-packages:/home/mikks/crazyflie_mapping_demo/ros2_ws/install/lowest_pos/lib/python3.12/site-packages:/home/mikks/crazyflie_mapping_demo/ros2_ws/install/linear_consensus/lib/python3.12/site-packages:/home/mikks/crazyflie_mapping_demo/ros2_ws/install/highest_pos/lib/python3.12/site-packages:/home/mikks/crazyflie_mapping_demo/ros2_ws/install/fractional_consensus_alpha/lib/python3.12/site-packages:/home/mikks/crazyflie_mapping_demo/ros2_ws/install/event_triggered_swarm/lib/python3.12/site-packages:/home/mikks/crazyflie_mapping_demo/ros2_ws/install/drone_logger/lib/python3.12/site-packages:/home/mikks/crazyflie_mapping_demo/ros2_ws/install/distributed_average_tracking/lib/python3.12/site-packages:/home/mikks/crazyflie_mapping_demo/ros2_ws/install/crazyflie_swarm_logic/lib/python3.12/site-packages:/home/mikks/crazyflie_mapping_demo/ros2_ws/install/crazyflie_sim/lib/python3.12/site-packages:/home/mikks/crazyflie_mapping_demo/ros2_ws/install/crazyflie_ros2_multiranger_wall_following/lib/python3.12/site-packages:/home/mikks/crazyflie_mapping_demo/ros2_ws/install/crazyflie_ros2_multiranger_simple_mapper/lib/python3.12/site-packages:/home/mikks/crazyflie_mapping_demo/ros2_ws/install/crazyflie_examples/lib/python3.12/site-packages:/home/mikks/crazyflie_mapping_demo/ros2_ws/install/crazyflie_py/lib/python3.12/site-packages:/home/mikks/crazyflie_mapping_demo/ros2_ws/install/crazyflie_interfaces/lib/python3.12/site-packages:/home/mikks/crazyflie_mapping_demo/ros2_ws/install/cooperative_target_centric_formation/lib/python3.12/site-packages:/home/mikks/crazyflie_mapping_demo/ros2_ws/install/containment_using_agent_information/lib/python3.12/site-packages:/home/mikks/crazyflie_mapping_demo/ros2_ws/install/consensus_for_double_integrator/lib/python3.12/site-packages:/home/mikks/crazyflie_mapping_demo/ros2_ws/install/consensus_alignment/lib/python3.12/site-packages:/home/mikks/crazyflie_mapping_demo/ros2_ws/install/binary_consensus/lib/python3.12/site-packages:/home/mikks/crazyflie_mapping_demo/ros2_ws/install/Second_Order_Min_Consensus_for_Heterogeneous_Agents/lib/python3.12/site-packages:/home/mikks/crazyflie_mapping_demo/ros2_ws/install/BinaryContainmentChain/lib/python3.12/site-packages:/opt/ros/jazzy/lib/python3.12/site-packages /usr/bin/cmake --build /home/mikks/ros2_px4_ws/build/px4_ros2_py -- -j12 -l12
[4.390s] DEBUG:colcon.colcon_core.event_handler.log_command:Invoking command in '/home/mikks/ros2_px4_ws/build/px4_ros2_py': CMAKE_PREFIX_PATH=/home/mikks/ros2_px4_ws/install/px4_ros2_cpp:/home/mikks/ros2_px4_ws/install/px4_msgs:/home/mikks/ros2_px4_ws/install/px4_ros_com:/home/mikks/ros2_px4_ws/install/px4_ros2_py:/home/mikks/ros2_px4_ws/install/example_rover_velocity_mode_cpp:/home/mikks/ros2_px4_ws/install/example_mode_with_executor_cpp:/home/mikks/ros2_px4_ws/install/example_mode_vtol_cpp:/home/mikks/ros2_px4_ws/install/example_mode_rtl_replacement_cpp:/home/mikks/ros2_px4_ws/install/example_mode_mission_cpp:/home/mikks/ros2_px4_ws/install/example_mode_manual_cpp:/home/mikks/ros2_px4_ws/install/example_mode_goto_global_cpp:/home/mikks/ros2_px4_ws/install/example_mode_goto_cpp:/home/mikks/ros2_px4_ws/install/example_mode_fw_attitude_cpp:/home/mikks/ros2_px4_ws/install/example_local_navigation_cpp:/home/mikks/ros2_px4_ws/install/example_global_navigation_cpp:/home/mikks/ros2_px4_ws/install/example_executor_with_multiple_modes_cpp:/home/mikks/crazyflie_mapping_demo/ros2_ws/install/crazyflie_ros2_multiranger_bringup:/home/mikks/crazyflie_mapping_demo/ros2_ws/install/ros_gz_crazyflie_bringup:/home/mikks/crazyflie_mapping_demo/ros2_ws/install/ros_gz_crazyflie_gazebo:/home/mikks/crazyflie_mapping_demo/ros2_ws/install/crazyflie_sim:/home/mikks/crazyflie_mapping_demo/ros2_ws/install/crazyflie_examples:/home/mikks/crazyflie_mapping_demo/ros2_ws/install/crazyflie:/home/mikks/crazyflie_mapping_demo/ros2_ws/install/crazyflie_interfaces:/opt/ros/jazzy/opt/gz_sim_vendor:/opt/ros/jazzy/opt/gz_sensors_vendor:/opt/ros/jazzy/opt/gz_physics_vendor:/opt/ros/jazzy/opt/sdformat_vendor:/opt/ros/jazzy/opt/gz_gui_vendor:/opt/ros/jazzy/opt/gz_transport_vendor:/opt/ros/jazzy/opt/gz_rendering_vendor:/opt/ros/jazzy/opt/gz_plugin_vendor:/opt/ros/jazzy/opt/gz_fuel_tools_vendor:/opt/ros/jazzy/opt/gz_msgs_vendor:/opt/ros/jazzy/opt/gz_common_vendor:/opt/ros/jazzy/opt/gz_math_vendor:/opt/ros/jazzy/opt/gz_utils_vendor:/opt/ros/jazzy/opt/gz_tools_vendor:/opt/ros/jazzy/opt/gz_ogre_next_vendor:/opt/ros/jazzy/opt/gz_dartsim_vendor:/opt/ros/jazzy/opt/gz_cmake_vendor:/home/mikks/ros2_px4_ws/install/x500_hover_controller:/home/mikks/ros2_px4_ws/install/example_mode_with_rclpy_py:/home/mikks/ros2_px4_ws/install/example_mode_goto_py:/home/mikks/ros2_px4_ws/install/px4_actuator_ctrl:/home/mikks/ros2_ws/install/rover_desc_description:/home/mikks/ros2_ws/install/px4_actuator_ctrl:/home/mikks/ros2_ws/install/mine_rover_description:/home/mikks/ros2_ws/install/ZerionURDFV5cp_description:/home/mikks/crazyflie_mapping_demo/ros2_ws/install/velocity_free_consensus:/home/mikks/crazyflie_mapping_demo/ros2_ws/install/stepwise_lowpos:/home/mikks/crazyflie_mapping_demo/ros2_ws/install/step_wise_lowpos:/home/mikks/crazyflie_mapping_demo/ros2_ws/install/second_order_formation_control:/home/mikks/crazyflie_mapping_demo/ros2_ws/install/ros_gz_crazyflie_control:/home/mikks/crazyflie_mapping_demo/ros2_ws/install/mixed_fractional_consensus:/home/mikks/crazyflie_mapping_demo/ros2_ws/install/lowest_pos:/home/mikks/crazyflie_mapping_demo/ros2_ws/install/linear_consensus:/home/mikks/crazyflie_mapping_demo/ros2_ws/install/highest_pos:/home/mikks/crazyflie_mapping_demo/ros2_ws/install/fractional_consensus_alpha:/home/mikks/crazyflie_mapping_demo/ros2_ws/install/event_triggered_swarm:/home/mikks/crazyflie_mapping_demo/ros2_ws/install/drone_logger:/home/mikks/crazyflie_mapping_demo/ros2_ws/install/distributed_average_tracking:/home/mikks/crazyflie_mapping_demo/ros2_ws/install/crazyflie_swarm_logic:/home/mikks/crazyflie_mapping_demo/ros2_ws/install/crazyflie_ros2_multiranger_wall_following:/home/mikks/crazyflie_mapping_demo/ros2_ws/install/crazyflie_ros2_multiranger_simple_mapper:/home/mikks/crazyflie_mapping_demo/ros2_ws/install/crazyflie_py:/home/mikks/crazyflie_mapping_demo/ros2_ws/install/cooperative_target_centric_formation:/home/mikks/crazyflie_mapping_demo/ros2_ws/install/containment_using_agent_information:/home/mikks/crazyflie_mapping_demo/ros2_ws/install/consensus_for_double_integrator:/home/mikks/crazyflie_mapping_demo/ros2_ws/install/consensus_alignment:/home/mikks/crazyflie_mapping_demo/ros2_ws/install/binary_consensus:/home/mikks/crazyflie_mapping_demo/ros2_ws/install/Second_Order_Min_Consensus_for_Heterogeneous_Agents:/home/mikks/crazyflie_mapping_demo/ros2_ws/install/BinaryContainmentChain:/opt/ros/jazzy DEBUGINFOD_URLS=https://debuginfod.ubuntu.com LD_LIBRARY_PATH=/home/mikks/ros2_px4_ws/install/px4_ros2_cpp/lib:/home/mikks/ros2_px4_ws/install/px4_msgs/lib:/home/mikks/ros2_px4_ws/install/px4_ros_com/lib:/home/mikks/NatNet_SDK_4.3_ubuntu/lib:/home/mikks/crazyflie_mapping_demo/ros2_ws/install/crazyflie_interfaces/lib:/opt/ros/jazzy/opt/gz_sim_vendor/lib:/opt/ros/jazzy/opt/gz_sensors_vendor/lib:/opt/ros/jazzy/opt/gz_physics_vendor/lib:/opt/ros/jazzy/opt/sdformat_vendor/lib:/opt/ros/jazzy/opt/rviz_ogre_vendor/lib:/opt/ros/jazzy/lib/x86_64-linux-gnu:/opt/ros/jazzy/opt/gz_gui_vendor/lib:/opt/ros/jazzy/opt/gz_transport_vendor/lib:/opt/ros/jazzy/opt/gz_rendering_vendor/lib:/opt/ros/jazzy/opt/gz_plugin_vendor/lib:/opt/ros/jazzy/opt/gz_fuel_tools_vendor/lib:/opt/ros/jazzy/opt/gz_msgs_vendor/lib:/opt/ros/jazzy/opt/gz_common_vendor/lib:/opt/ros/jazzy/opt/gz_math_vendor/lib:/opt/ros/jazzy/opt/gz_utils_vendor/lib:/opt/ros/jazzy/opt/gz_tools_vendor/lib:/opt/ros/jazzy/opt/gz_ogre_next_vendor/lib:/opt/ros/jazzy/opt/gz_dartsim_vendor/lib:/opt/ros/jazzy/opt/gz_cmake_vendor/lib:/opt/ros/jazzy/lib PYTHONPATH=/home/mikks/ros2_px4_ws/install/px4_msgs/lib/python3.12/site-packages:/home/mikks/ros2_px4_ws/build/x500_hover_controller:/home/mikks/ros2_px4_ws/install/x500_hover_controller/lib/python3.12/site-packages:/home/mikks/ros2_px4_ws/install/px4_ros_com/lib/python3.12/site-packages:/home/mikks/ros2_px4_ws/build/example_mode_with_rclpy_py:/home/mikks/ros2_px4_ws/install/example_mode_with_rclpy_py/lib/python3.12/site-packages:/home/mikks/ros2_px4_ws/build/example_mode_goto_py:/home/mikks/ros2_px4_ws/install/example_mode_goto_py/lib/python3.12/site-packages:/home/mikks/ros2_px4_ws/install/px4_ros2_py/lib/python3.12/site-packages:/home/mikks/ros2_px4_ws/build/px4_actuator_ctrl:/home/mikks/ros2_px4_ws/install/px4_actuator_ctrl/lib/python3.12/site-packages:/home/mikks/ros2_ws/build/rover_desc_description:/home/mikks/ros2_ws/install/rover_desc_description/lib/python3.12/site-packages:/home/mikks/ros2_ws/install/px4_actuator_ctrl/lib/python3.12/site-packages:/home/mikks/ros2_ws/build/mine_rover_description:/home/mikks/ros2_ws/install/mine_rover_description/lib/python3.12/site-packages:/home/mikks/ros2_ws/build/ZerionURDFV5cp_description:/home/mikks/ros2_ws/install/ZerionURDFV5cp_description/lib/python3.12/site-packages:/home/mikks/crazyflie_mapping_demo/ros2_ws/install/velocity_free_consensus/lib/python3.12/site-packages:/home/mikks/crazyflie_mapping_demo/ros2_ws/install/stepwise_lowpos/lib/python3.12/site-packages:/home/mikks/crazyflie_mapping_demo/ros2_ws/install/step_wise_lowpos/lib/python3.12/site-packages:/home/mikks/crazyflie_mapping_demo/ros2_ws/install/second_order_formation_control/lib/python3.12/site-packages:/home/mikks/crazyflie_mapping_demo/ros2_ws/install/ros_gz_crazyflie_control/lib/python3.12/site-packages:/home/mikks/crazyflie_mapping_demo/ros2_ws/install/mixed_fractional_consensus/lib/python3.12/site-packages:/home/mikks/crazyflie_mapping_demo/ros2_ws/install/lowest_pos/lib/python3.12/site-packages:/home/mikks/crazyflie_mapping_demo/ros2_ws/install/linear_consensus/lib/python3.12/site-packages:/home/mikks/crazyflie_mapping_demo/ros2_ws/install/highest_pos/lib/python3.12/site-packages:/home/mikks/crazyflie_mapping_demo/ros2_ws/install/fractional_consensus_alpha/lib/python3.12/site-packages:/home/mikks/crazyflie_mapping_demo/ros2_ws/install/event_triggered_swarm/lib/python3.12/site-packages:/home/mikks/crazyflie_mapping_demo/ros2_ws/install/drone_logger/lib/python3.12/site-packages:/home/mikks/crazyflie_mapping_demo/ros2_ws/install/distributed_average_tracking/lib/python3.12/site-packages:/home/mikks/crazyflie_mapping_demo/ros2_ws/install/crazyflie_swarm_logic/lib/python3.12/site-packages:/home/mikks/crazyflie_mapping_demo/ros2_ws/install/crazyflie_sim/lib/python3.12/site-packages:/home/mikks/crazyflie_mapping_demo/ros2_ws/install/crazyflie_ros2_multiranger_wall_following/lib/python3.12/site-packages:/home/mikks/crazyflie_mapping_demo/ros2_ws/install/crazyflie_ros2_multiranger_simple_mapper/lib/python3.12/site-packages:/home/mikks/crazyflie_mapping_demo/ros2_ws/install/crazyflie_examples/lib/python3.12/site-packages:/home/mikks/crazyflie_mapping_demo/ros2_ws/install/crazyflie_py/lib/python3.12/site-packages:/home/mikks/crazyflie_mapping_demo/ros2_ws/install/crazyflie_interfaces/lib/python3.12/site-packages:/home/mikks/crazyflie_mapping_demo/ros2_ws/install/cooperative_target_centric_formation/lib/python3.12/site-packages:/home/mikks/crazyflie_mapping_demo/ros2_ws/install/containment_using_agent_information/lib/python3.12/site-packages:/home/mikks/crazyflie_mapping_demo/ros2_ws/install/consensus_for_double_integrator/lib/python3.12/site-packages:/home/mikks/crazyflie_mapping_demo/ros2_ws/install/consensus_alignment/lib/python3.12/site-packages:/home/mikks/crazyflie_mapping_demo/ros2_ws/install/binary_consensus/lib/python3.12/site-packages:/home/mikks/crazyflie_mapping_demo/ros2_ws/install/Second_Order_Min_Consensus_for_Heterogeneous_Agents/lib/python3.12/site-packages:/home/mikks/crazyflie_mapping_demo/ros2_ws/install/BinaryContainmentChain/lib/python3.12/site-packages:/opt/ros/jazzy/lib/python3.12/site-packages /usr/bin/cmake --install /home/mikks/ros2_px4_ws/build/px4_ros2_py
[4.471s] Level 1:colcon.colcon_core.environment:create_environment_scripts_only(px4_ros2_py)
[4.471s] Level 1:colcon.colcon_core.environment:checking '/home/mikks/ros2_px4_ws/install/px4_ros2_py' for CMake module files
[4.472s] DEBUG:colcon.colcon_core.event_handler.log_command:Invoked command in '/home/mikks/ros2_px4_ws/build/px4_ros2_py' returned '0': CMAKE_PREFIX_PATH=/home/mikks/ros2_px4_ws/install/px4_ros2_cpp:/home/mikks/ros2_px4_ws/install/px4_msgs:/home/mikks/ros2_px4_ws/install/px4_ros_com:/home/mikks/ros2_px4_ws/install/px4_ros2_py:/home/mikks/ros2_px4_ws/install/example_rover_velocity_mode_cpp:/home/mikks/ros2_px4_ws/install/example_mode_with_executor_cpp:/home/mikks/ros2_px4_ws/install/example_mode_vtol_cpp:/home/mikks/ros2_px4_ws/install/example_mode_rtl_replacement_cpp:/home/mikks/ros2_px4_ws/install/example_mode_mission_cpp:/home/mikks/ros2_px4_ws/install/example_mode_manual_cpp:/home/mikks/ros2_px4_ws/install/example_mode_goto_global_cpp:/home/mikks/ros2_px4_ws/install/example_mode_goto_cpp:/home/mikks/ros2_px4_ws/install/example_mode_fw_attitude_cpp:/home/mikks/ros2_px4_ws/install/example_local_navigation_cpp:/home/mikks/ros2_px4_ws/install/example_global_navigation_cpp:/home/mikks/ros2_px4_ws/install/example_executor_with_multiple_modes_cpp:/home/mikks/crazyflie_mapping_demo/ros2_ws/install/crazyflie_ros2_multiranger_bringup:/home/mikks/crazyflie_mapping_demo/ros2_ws/install/ros_gz_crazyflie_bringup:/home/mikks/crazyflie_mapping_demo/ros2_ws/install/ros_gz_crazyflie_gazebo:/home/mikks/crazyflie_mapping_demo/ros2_ws/install/crazyflie_sim:/home/mikks/crazyflie_mapping_demo/ros2_ws/install/crazyflie_examples:/home/mikks/crazyflie_mapping_demo/ros2_ws/install/crazyflie:/home/mikks/crazyflie_mapping_demo/ros2_ws/install/crazyflie_interfaces:/opt/ros/jazzy/opt/gz_sim_vendor:/opt/ros/jazzy/opt/gz_sensors_vendor:/opt/ros/jazzy/opt/gz_physics_vendor:/opt/ros/jazzy/opt/sdformat_vendor:/opt/ros/jazzy/opt/gz_gui_vendor:/opt/ros/jazzy/opt/gz_transport_vendor:/opt/ros/jazzy/opt/gz_rendering_vendor:/opt/ros/jazzy/opt/gz_plugin_vendor:/opt/ros/jazzy/opt/gz_fuel_tools_vendor:/opt/ros/jazzy/opt/gz_msgs_vendor:/opt/ros/jazzy/opt/gz_common_vendor:/opt/ros/jazzy/opt/gz_math_vendor:/opt/ros/jazzy/opt/gz_utils_vendor:/opt/ros/jazzy/opt/gz_tools_vendor:/opt/ros/jazzy/opt/gz_ogre_next_vendor:/opt/ros/jazzy/opt/gz_dartsim_vendor:/opt/ros/jazzy/opt/gz_cmake_vendor:/home/mikks/ros2_px4_ws/install/x500_hover_controller:/home/mikks/ros2_px4_ws/install/example_mode_with_rclpy_py:/home/mikks/ros2_px4_ws/install/example_mode_goto_py:/home/mikks/ros2_px4_ws/install/px4_actuator_ctrl:/home/mikks/ros2_ws/install/rover_desc_description:/home/mikks/ros2_ws/install/px4_actuator_ctrl:/home/mikks/ros2_ws/install/mine_rover_description:/home/mikks/ros2_ws/install/ZerionURDFV5cp_description:/home/mikks/crazyflie_mapping_demo/ros2_ws/install/velocity_free_consensus:/home/mikks/crazyflie_mapping_demo/ros2_ws/install/stepwise_lowpos:/home/mikks/crazyflie_mapping_demo/ros2_ws/install/step_wise_lowpos:/home/mikks/crazyflie_mapping_demo/ros2_ws/install/second_order_formation_control:/home/mikks/crazyflie_mapping_demo/ros2_ws/install/ros_gz_crazyflie_control:/home/mikks/crazyflie_mapping_demo/ros2_ws/install/mixed_fractional_consensus:/home/mikks/crazyflie_mapping_demo/ros2_ws/install/lowest_pos:/home/mikks/crazyflie_mapping_demo/ros2_ws/install/linear_consensus:/home/mikks/crazyflie_mapping_demo/ros2_ws/install/highest_pos:/home/mikks/crazyflie_mapping_demo/ros2_ws/install/fractional_consensus_alpha:/home/mikks/crazyflie_mapping_demo/ros2_ws/install/event_triggered_swarm:/home/mikks/crazyflie_mapping_demo/ros2_ws/install/drone_logger:/home/mikks/crazyflie_mapping_demo/ros2_ws/install/distributed_average_tracking:/home/mikks/crazyflie_mapping_demo/ros2_ws/install/crazyflie_swarm_logic:/home/mikks/crazyflie_mapping_demo/ros2_ws/install/crazyflie_ros2_multiranger_wall_following:/home/mikks/crazyflie_mapping_demo/ros2_ws/install/crazyflie_ros2_multiranger_simple_mapper:/home/mikks/crazyflie_mapping_demo/ros2_ws/install/crazyflie_py:/home/mikks/crazyflie_mapping_demo/ros2_ws/install/cooperative_target_centric_formation:/home/mikks/crazyflie_mapping_demo/ros2_ws/install/containment_using_agent_information:/home/mikks/crazyflie_mapping_demo/ros2_ws/install/consensus_for_double_integrator:/home/mikks/crazyflie_mapping_demo/ros2_ws/install/consensus_alignment:/home/mikks/crazyflie_mapping_demo/ros2_ws/install/binary_consensus:/home/mikks/crazyflie_mapping_demo/ros2_ws/install/Second_Order_Min_Consensus_for_Heterogeneous_Agents:/home/mikks/crazyflie_mapping_demo/ros2_ws/install/BinaryContainmentChain:/opt/ros/jazzy DEBUGINFOD_URLS=https://debuginfod.ubuntu.com LD_LIBRARY_PATH=/home/mikks/ros2_px4_ws/install/px4_ros2_cpp/lib:/home/mikks/ros2_px4_ws/install/px4_msgs/lib:/home/mikks/ros2_px4_ws/install/px4_ros_com/lib:/home/mikks/NatNet_SDK_4.3_ubuntu/lib:/home/mikks/crazyflie_mapping_demo/ros2_ws/install/crazyflie_interfaces/lib:/opt/ros/jazzy/opt/gz_sim_vendor/lib:/opt/ros/jazzy/opt/gz_sensors_vendor/lib:/opt/ros/jazzy/opt/gz_physics_vendor/lib:/opt/ros/jazzy/opt/sdformat_vendor/lib:/opt/ros/jazzy/opt/rviz_ogre_vendor/lib:/opt/ros/jazzy/lib/x86_64-linux-gnu:/opt/ros/jazzy/opt/gz_gui_vendor/lib:/opt/ros/jazzy/opt/gz_transport_vendor/lib:/opt/ros/jazzy/opt/gz_rendering_vendor/lib:/opt/ros/jazzy/opt/gz_plugin_vendor/lib:/opt/ros/jazzy/opt/gz_fuel_tools_vendor/lib:/opt/ros/jazzy/opt/gz_msgs_vendor/lib:/opt/ros/jazzy/opt/gz_common_vendor/lib:/opt/ros/jazzy/opt/gz_math_vendor/lib:/opt/ros/jazzy/opt/gz_utils_vendor/lib:/opt/ros/jazzy/opt/gz_tools_vendor/lib:/opt/ros/jazzy/opt/gz_ogre_next_vendor/lib:/opt/ros/jazzy/opt/gz_dartsim_vendor/lib:/opt/ros/jazzy/opt/gz_cmake_vendor/lib:/opt/ros/jazzy/lib PYTHONPATH=/home/mikks/ros2_px4_ws/install/px4_msgs/lib/python3.12/site-packages:/home/mikks/ros2_px4_ws/build/x500_hover_controller:/home/mikks/ros2_px4_ws/install/x500_hover_controller/lib/python3.12/site-packages:/home/mikks/ros2_px4_ws/install/px4_ros_com/lib/python3.12/site-packages:/home/mikks/ros2_px4_ws/build/example_mode_with_rclpy_py:/home/mikks/ros2_px4_ws/install/example_mode_with_rclpy_py/lib/python3.12/site-packages:/home/mikks/ros2_px4_ws/build/example_mode_goto_py:/home/mikks/ros2_px4_ws/install/example_mode_goto_py/lib/python3.12/site-packages:/home/mikks/ros2_px4_ws/install/px4_ros2_py/lib/python3.12/site-packages:/home/mikks/ros2_px4_ws/build/px4_actuator_ctrl:/home/mikks/ros2_px4_ws/install/px4_actuator_ctrl/lib/python3.12/site-packages:/home/mikks/ros2_ws/build/rover_desc_description:/home/mikks/ros2_ws/install/rover_desc_description/lib/python3.12/site-packages:/home/mikks/ros2_ws/install/px4_actuator_ctrl/lib/python3.12/site-packages:/home/mikks/ros2_ws/build/mine_rover_description:/home/mikks/ros2_ws/install/mine_rover_description/lib/python3.12/site-packages:/home/mikks/ros2_ws/build/ZerionURDFV5cp_description:/home/mikks/ros2_ws/install/ZerionURDFV5cp_description/lib/python3.12/site-packages:/home/mikks/crazyflie_mapping_demo/ros2_ws/install/velocity_free_consensus/lib/python3.12/site-packages:/home/mikks/crazyflie_mapping_demo/ros2_ws/install/stepwise_lowpos/lib/python3.12/site-packages:/home/mikks/crazyflie_mapping_demo/ros2_ws/install/step_wise_lowpos/lib/python3.12/site-packages:/home/mikks/crazyflie_mapping_demo/ros2_ws/install/second_order_formation_control/lib/python3.12/site-packages:/home/mikks/crazyflie_mapping_demo/ros2_ws/install/ros_gz_crazyflie_control/lib/python3.12/site-packages:/home/mikks/crazyflie_mapping_demo/ros2_ws/install/mixed_fractional_consensus/lib/python3.12/site-packages:/home/mikks/crazyflie_mapping_demo/ros2_ws/install/lowest_pos/lib/python3.12/site-packages:/home/mikks/crazyflie_mapping_demo/ros2_ws/install/linear_consensus/lib/python3.12/site-packages:/home/mikks/crazyflie_mapping_demo/ros2_ws/install/highest_pos/lib/python3.12/site-packages:/home/mikks/crazyflie_mapping_demo/ros2_ws/install/fractional_consensus_alpha/lib/python3.12/site-packages:/home/mikks/crazyflie_mapping_demo/ros2_ws/install/event_triggered_swarm/lib/python3.12/site-packages:/home/mikks/crazyflie_mapping_demo/ros2_ws/install/drone_logger/lib/python3.12/site-packages:/home/mikks/crazyflie_mapping_demo/ros2_ws/install/distributed_average_tracking/lib/python3.12/site-packages:/home/mikks/crazyflie_mapping_demo/ros2_ws/install/crazyflie_swarm_logic/lib/python3.12/site-packages:/home/mikks/crazyflie_mapping_demo/ros2_ws/install/crazyflie_sim/lib/python3.12/site-packages:/home/mikks/crazyflie_mapping_demo/ros2_ws/install/crazyflie_ros2_multiranger_wall_following/lib/python3.12/site-packages:/home/mikks/crazyflie_mapping_demo/ros2_ws/install/crazyflie_ros2_multiranger_simple_mapper/lib/python3.12/site-packages:/home/mikks/crazyflie_mapping_demo/ros2_ws/install/crazyflie_examples/lib/python3.12/site-packages:/home/mikks/crazyflie_mapping_demo/ros2_ws/install/crazyflie_py/lib/python3.12/site-packages:/home/mikks/crazyflie_mapping_demo/ros2_ws/install/crazyflie_interfaces/lib/python3.12/site-packages:/home/mikks/crazyflie_mapping_demo/ros2_ws/install/cooperative_target_centric_formation/lib/python3.12/site-packages:/home/mikks/crazyflie_mapping_demo/ros2_ws/install/containment_using_agent_information/lib/python3.12/site-packages:/home/mikks/crazyflie_mapping_demo/ros2_ws/install/consensus_for_double_integrator/lib/python3.12/site-packages:/home/mikks/crazyflie_mapping_demo/ros2_ws/install/consensus_alignment/lib/python3.12/site-packages:/home/mikks/crazyflie_mapping_demo/ros2_ws/install/binary_consensus/lib/python3.12/site-packages:/home/mikks/crazyflie_mapping_demo/ros2_ws/install/Second_Order_Min_Consensus_for_Heterogeneous_Agents/lib/python3.12/site-packages:/home/mikks/crazyflie_mapping_demo/ros2_ws/install/BinaryContainmentChain/lib/python3.12/site-packages:/opt/ros/jazzy/lib/python3.12/site-packages /usr/bin/cmake --install /home/mikks/ros2_px4_ws/build/px4_ros2_py
[4.472s] Level 1:colcon.colcon_core.environment:checking '/home/mikks/ros2_px4_ws/install/px4_ros2_py' for CMake config files
[4.473s] Level 1:colcon.colcon_core.shell:create_environment_hook('px4_ros2_py', 'cmake_prefix_path')
[4.473s] INFO:colcon.colcon_core.shell:Creating environment hook '/home/mikks/ros2_px4_ws/install/px4_ros2_py/share/px4_ros2_py/hook/cmake_prefix_path.ps1'
[4.473s] INFO:colcon.colcon_core.shell:Creating environment descriptor '/home/mikks/ros2_px4_ws/install/px4_ros2_py/share/px4_ros2_py/hook/cmake_prefix_path.dsv'
[4.474s] INFO:colcon.colcon_core.shell:Creating environment hook '/home/mikks/ros2_px4_ws/install/px4_ros2_py/share/px4_ros2_py/hook/cmake_prefix_path.sh'
[4.474s] Level 1:colcon.colcon_core.environment:checking '/home/mikks/ros2_px4_ws/install/px4_ros2_py/lib'
[4.474s] Level 1:colcon.colcon_core.environment:checking '/home/mikks/ros2_px4_ws/install/px4_ros2_py/bin'
[4.474s] Level 1:colcon.colcon_core.environment:checking '/home/mikks/ros2_px4_ws/install/px4_ros2_py/lib/pkgconfig/px4_ros2_py.pc'
[4.475s] Level 1:colcon.colcon_core.environment:checking '/home/mikks/ros2_px4_ws/install/px4_ros2_py/lib/python3.12/site-packages'
[4.475s] Level 1:colcon.colcon_core.shell:create_environment_hook('px4_ros2_py', 'pythonpath')
[4.475s] INFO:colcon.colcon_core.shell:Creating environment hook '/home/mikks/ros2_px4_ws/install/px4_ros2_py/share/px4_ros2_py/hook/pythonpath.ps1'
[4.476s] INFO:colcon.colcon_core.shell:Creating environment descriptor '/home/mikks/ros2_px4_ws/install/px4_ros2_py/share/px4_ros2_py/hook/pythonpath.dsv'
[4.476s] INFO:colcon.colcon_core.shell:Creating environment hook '/home/mikks/ros2_px4_ws/install/px4_ros2_py/share/px4_ros2_py/hook/pythonpath.sh'
[4.476s] Level 1:colcon.colcon_core.environment:checking '/home/mikks/ros2_px4_ws/install/px4_ros2_py/bin'
[4.477s] INFO:colcon.colcon_core.shell:Creating package script '/home/mikks/ros2_px4_ws/install/px4_ros2_py/share/px4_ros2_py/package.ps1'
[4.477s] INFO:colcon.colcon_core.shell:Creating package descriptor '/home/mikks/ros2_px4_ws/install/px4_ros2_py/share/px4_ros2_py/package.dsv'
[4.478s] INFO:colcon.colcon_core.shell:Creating package script '/home/mikks/ros2_px4_ws/install/px4_ros2_py/share/px4_ros2_py/package.sh'
[4.478s] INFO:colcon.colcon_core.shell:Creating package script '/home/mikks/ros2_px4_ws/install/px4_ros2_py/share/px4_ros2_py/package.bash'
[4.479s] INFO:colcon.colcon_core.shell:Creating package script '/home/mikks/ros2_px4_ws/install/px4_ros2_py/share/px4_ros2_py/package.zsh'
[4.479s] Level 1:colcon.colcon_core.environment:create_file_with_runtime_dependencies(/home/mikks/ros2_px4_ws/install/px4_ros2_py/share/colcon-core/packages/px4_ros2_py)
[4.480s] Level 1:colcon.colcon_core.environment:create_environment_scripts_only(px4_ros2_py)
[4.480s] Level 1:colcon.colcon_core.environment:checking '/home/mikks/ros2_px4_ws/install/px4_ros2_py' for CMake module files
[4.481s] Level 1:colcon.colcon_core.environment:checking '/home/mikks/ros2_px4_ws/install/px4_ros2_py' for CMake config files
[4.481s] Level 1:colcon.colcon_core.shell:create_environment_hook('px4_ros2_py', 'cmake_prefix_path')
[4.481s] INFO:colcon.colcon_core.shell:Creating environment hook '/home/mikks/ros2_px4_ws/install/px4_ros2_py/share/px4_ros2_py/hook/cmake_prefix_path.ps1'
[4.482s] INFO:colcon.colcon_core.shell:Creating environment descriptor '/home/mikks/ros2_px4_ws/install/px4_ros2_py/share/px4_ros2_py/hook/cmake_prefix_path.dsv'
[4.482s] INFO:colcon.colcon_core.shell:Creating environment hook '/home/mikks/ros2_px4_ws/install/px4_ros2_py/share/px4_ros2_py/hook/cmake_prefix_path.sh'
[4.483s] Level 1:colcon.colcon_core.environment:checking '/home/mikks/ros2_px4_ws/install/px4_ros2_py/lib'
[4.483s] Level 1:colcon.colcon_core.environment:checking '/home/mikks/ros2_px4_ws/install/px4_ros2_py/bin'
[4.483s] Level 1:colcon.colcon_core.environment:checking '/home/mikks/ros2_px4_ws/install/px4_ros2_py/lib/pkgconfig/px4_ros2_py.pc'
[4.483s] Level 1:colcon.colcon_core.environment:checking '/home/mikks/ros2_px4_ws/install/px4_ros2_py/lib/python3.12/site-packages'
[4.483s] Level 1:colcon.colcon_core.shell:create_environment_hook('px4_ros2_py', 'pythonpath')
[4.484s] INFO:colcon.colcon_core.shell:Creating environment hook '/home/mikks/ros2_px4_ws/install/px4_ros2_py/share/px4_ros2_py/hook/pythonpath.ps1'
[4.484s] INFO:colcon.colcon_core.shell:Creating environment descriptor '/home/mikks/ros2_px4_ws/install/px4_ros2_py/share/px4_ros2_py/hook/pythonpath.dsv'
[4.485s] INFO:colcon.colcon_core.shell:Creating environment hook '/home/mikks/ros2_px4_ws/install/px4_ros2_py/share/px4_ros2_py/hook/pythonpath.sh'
[4.485s] Level 1:colcon.colcon_core.environment:checking '/home/mikks/ros2_px4_ws/install/px4_ros2_py/bin'
[4.485s] INFO:colcon.colcon_core.shell:Creating package script '/home/mikks/ros2_px4_ws/install/px4_ros2_py/share/px4_ros2_py/package.ps1'
[4.486s] INFO:colcon.colcon_core.shell:Creating package descriptor '/home/mikks/ros2_px4_ws/install/px4_ros2_py/share/px4_ros2_py/package.dsv'
[4.486s] INFO:colcon.colcon_core.shell:Creating package script '/home/mikks/ros2_px4_ws/install/px4_ros2_py/share/px4_ros2_py/package.sh'
[4.487s] INFO:colcon.colcon_core.shell:Creating package script '/home/mikks/ros2_px4_ws/install/px4_ros2_py/share/px4_ros2_py/package.bash'
[4.487s] INFO:colcon.colcon_core.shell:Creating package script '/home/mikks/ros2_px4_ws/install/px4_ros2_py/share/px4_ros2_py/package.zsh'
[4.488s] Level 1:colcon.colcon_core.environment:create_file_with_runtime_dependencies(/home/mikks/ros2_px4_ws/install/px4_ros2_py/share/colcon-core/packages/px4_ros2_py)
[4.488s] INFO:colcon.colcon_ros.task.ament_python.build:Building ROS package in '/home/mikks/ros2_px4_ws/src/px4-ros2-interface-lib/examples/python/modes/goto' with build type 'ament_python'
[4.488s] Level 1:colcon.colcon_core.shell:create_environment_hook('example_mode_goto_py', 'ament_prefix_path')
[4.488s] INFO:colcon.colcon_core.shell:Creating environment hook '/home/mikks/ros2_px4_ws/install/example_mode_goto_py/share/example_mode_goto_py/hook/ament_prefix_path.ps1'
[4.489s] INFO:colcon.colcon_core.shell:Creating environment descriptor '/home/mikks/ros2_px4_ws/install/example_mode_goto_py/share/example_mode_goto_py/hook/ament_prefix_path.dsv'
[4.490s] INFO:colcon.colcon_core.shell:Creating environment hook '/home/mikks/ros2_px4_ws/install/example_mode_goto_py/share/example_mode_goto_py/hook/ament_prefix_path.sh'
[4.490s] INFO:colcon.colcon_core.shell:Skip shell extension 'powershell' for command environment: Not usable outside of PowerShell
[4.490s] DEBUG:colcon.colcon_core.shell:Skip shell extension 'dsv' for command environment
[4.503s] INFO:colcon.colcon_ros.task.ament_python.build:Building ROS package in '/home/mikks/ros2_px4_ws/src/px4-ros2-interface-lib/examples/python/modes/goto_with_rclpy' with build type 'ament_python'
[4.503s] Level 1:colcon.colcon_core.shell:create_environment_hook('example_mode_with_rclpy_py', 'ament_prefix_path')
[4.503s] INFO:colcon.colcon_core.shell:Creating environment hook '/home/mikks/ros2_px4_ws/install/example_mode_with_rclpy_py/share/example_mode_with_rclpy_py/hook/ament_prefix_path.ps1'
[4.504s] INFO:colcon.colcon_core.shell:Creating environment descriptor '/home/mikks/ros2_px4_ws/install/example_mode_with_rclpy_py/share/example_mode_with_rclpy_py/hook/ament_prefix_path.dsv'
[4.504s] INFO:colcon.colcon_core.shell:Creating environment hook '/home/mikks/ros2_px4_ws/install/example_mode_with_rclpy_py/share/example_mode_with_rclpy_py/hook/ament_prefix_path.sh'
[4.505s] INFO:colcon.colcon_core.shell:Skip shell extension 'powershell' for command environment: Not usable outside of PowerShell
[4.505s] DEBUG:colcon.colcon_core.shell:Skip shell extension 'dsv' for command environment
[4.810s] INFO:colcon.colcon_core.task.python.build:Building Python package in '/home/mikks/ros2_px4_ws/src/px4-ros2-interface-lib/examples/python/modes/goto'
[4.810s] INFO:colcon.colcon_core.shell:Skip shell extension 'powershell' for command environment: Not usable outside of PowerShell
[4.810s] DEBUG:colcon.colcon_core.shell:Skip shell extension 'dsv' for command environment
[5.098s] INFO:colcon.colcon_core.task.python.build:Building Python package in '/home/mikks/ros2_px4_ws/src/px4-ros2-interface-lib/examples/python/modes/goto_with_rclpy'
[5.098s] INFO:colcon.colcon_core.shell:Skip shell extension 'powershell' for command environment: Not usable outside of PowerShell
[5.098s] DEBUG:colcon.colcon_core.shell:Skip shell extension 'dsv' for command environment
[5.107s] DEBUG:colcon.colcon_core.event_handler.log_command:Invoking command in '/home/mikks/ros2_px4_ws/build/px4_actuator_ctrl': CMAKE_PREFIX_PATH=/home/mikks/ros2_px4_ws/install/px4_msgs:/home/mikks/ros2_px4_ws/install/px4_ros_com:/home/mikks/ros2_px4_ws/install/px4_ros2_py:/home/mikks/ros2_px4_ws/install/example_rover_velocity_mode_cpp:/home/mikks/ros2_px4_ws/install/example_mode_with_executor_cpp:/home/mikks/ros2_px4_ws/install/example_mode_vtol_cpp:/home/mikks/ros2_px4_ws/install/example_mode_rtl_replacement_cpp:/home/mikks/ros2_px4_ws/install/example_mode_mission_cpp:/home/mikks/ros2_px4_ws/install/example_mode_manual_cpp:/home/mikks/ros2_px4_ws/install/example_mode_goto_global_cpp:/home/mikks/ros2_px4_ws/install/example_mode_goto_cpp:/home/mikks/ros2_px4_ws/install/example_mode_fw_attitude_cpp:/home/mikks/ros2_px4_ws/install/example_local_navigation_cpp:/home/mikks/ros2_px4_ws/install/example_global_navigation_cpp:/home/mikks/ros2_px4_ws/install/example_executor_with_multiple_modes_cpp:/home/mikks/ros2_px4_ws/install/px4_ros2_cpp:/home/mikks/crazyflie_mapping_demo/ros2_ws/install/crazyflie_ros2_multiranger_bringup:/home/mikks/crazyflie_mapping_demo/ros2_ws/install/ros_gz_crazyflie_bringup:/home/mikks/crazyflie_mapping_demo/ros2_ws/install/ros_gz_crazyflie_gazebo:/home/mikks/crazyflie_mapping_demo/ros2_ws/install/crazyflie_sim:/home/mikks/crazyflie_mapping_demo/ros2_ws/install/crazyflie_examples:/home/mikks/crazyflie_mapping_demo/ros2_ws/install/crazyflie:/home/mikks/crazyflie_mapping_demo/ros2_ws/install/crazyflie_interfaces:/opt/ros/jazzy/opt/gz_sim_vendor:/opt/ros/jazzy/opt/gz_sensors_vendor:/opt/ros/jazzy/opt/gz_physics_vendor:/opt/ros/jazzy/opt/sdformat_vendor:/opt/ros/jazzy/opt/gz_gui_vendor:/opt/ros/jazzy/opt/gz_transport_vendor:/opt/ros/jazzy/opt/gz_rendering_vendor:/opt/ros/jazzy/opt/gz_plugin_vendor:/opt/ros/jazzy/opt/gz_fuel_tools_vendor:/opt/ros/jazzy/opt/gz_msgs_vendor:/opt/ros/jazzy/opt/gz_common_vendor:/opt/ros/jazzy/opt/gz_math_vendor:/opt/ros/jazzy/opt/gz_utils_vendor:/opt/ros/jazzy/opt/gz_tools_vendor:/opt/ros/jazzy/opt/gz_ogre_next_vendor:/opt/ros/jazzy/opt/gz_dartsim_vendor:/opt/ros/jazzy/opt/gz_cmake_vendor DEBUGINFOD_URLS=https://debuginfod.ubuntu.com LD_LIBRARY_PATH=/home/mikks/ros2_px4_ws/install/px4_msgs/lib:/home/mikks/ros2_px4_ws/install/px4_ros_com/lib:/home/mikks/ros2_px4_ws/install/px4_ros2_cpp/lib:/home/mikks/NatNet_SDK_4.3_ubuntu/lib:/home/mikks/crazyflie_mapping_demo/ros2_ws/install/crazyflie_interfaces/lib:/opt/ros/jazzy/opt/gz_sim_vendor/lib:/opt/ros/jazzy/opt/gz_sensors_vendor/lib:/opt/ros/jazzy/opt/gz_physics_vendor/lib:/opt/ros/jazzy/opt/sdformat_vendor/lib:/opt/ros/jazzy/opt/rviz_ogre_vendor/lib:/opt/ros/jazzy/lib/x86_64-linux-gnu:/opt/ros/jazzy/opt/gz_gui_vendor/lib:/opt/ros/jazzy/opt/gz_transport_vendor/lib:/opt/ros/jazzy/opt/gz_rendering_vendor/lib:/opt/ros/jazzy/opt/gz_plugin_vendor/lib:/opt/ros/jazzy/opt/gz_fuel_tools_vendor/lib:/opt/ros/jazzy/opt/gz_msgs_vendor/lib:/opt/ros/jazzy/opt/gz_common_vendor/lib:/opt/ros/jazzy/opt/gz_math_vendor/lib:/opt/ros/jazzy/opt/gz_utils_vendor/lib:/opt/ros/jazzy/opt/gz_tools_vendor/lib:/opt/ros/jazzy/opt/gz_ogre_next_vendor/lib:/opt/ros/jazzy/opt/gz_dartsim_vendor/lib:/opt/ros/jazzy/opt/gz_cmake_vendor/lib:/opt/ros/jazzy/lib PYTHONPATH=/home/mikks/ros2_px4_ws/build/px4_actuator_ctrl/prefix_override:/usr/lib/python3/dist-packages/colcon_core/task/python/colcon_distutils_commands:/home/mikks/ros2_px4_ws/install/px4_actuator_ctrl/lib/python3.12/site-packages:/home/mikks/ros2_px4_ws/install/px4_msgs/lib/python3.12/site-packages:/home/mikks/ros2_px4_ws/build/x500_hover_controller:/home/mikks/ros2_px4_ws/install/x500_hover_controller/lib/python3.12/site-packages:/home/mikks/ros2_px4_ws/install/px4_ros_com/lib/python3.12/site-packages:/home/mikks/ros2_px4_ws/build/example_mode_with_rclpy_py:/home/mikks/ros2_px4_ws/install/example_mode_with_rclpy_py/lib/python3.12/site-packages:/home/mikks/ros2_px4_ws/build/example_mode_goto_py:/home/mikks/ros2_px4_ws/install/example_mode_goto_py/lib/python3.12/site-packages:/home/mikks/ros2_px4_ws/install/px4_ros2_py/lib/python3.12/site-packages:/home/mikks/ros2_px4_ws/build/px4_actuator_ctrl:/home/mikks/ros2_px4_ws/install/px4_actuator_ctrl/lib/python3.12/site-packages:/home/mikks/ros2_ws/build/rover_desc_description:/home/mikks/ros2_ws/install/rover_desc_description/lib/python3.12/site-packages:/home/mikks/ros2_ws/install/px4_actuator_ctrl/lib/python3.12/site-packages:/home/mikks/ros2_ws/build/mine_rover_description:/home/mikks/ros2_ws/install/mine_rover_description/lib/python3.12/site-packages:/home/mikks/ros2_ws/build/ZerionURDFV5cp_description:/home/mikks/ros2_ws/install/ZerionURDFV5cp_description/lib/python3.12/site-packages:/home/mikks/crazyflie_mapping_demo/ros2_ws/install/velocity_free_consensus/lib/python3.12/site-packages:/home/mikks/crazyflie_mapping_demo/ros2_ws/install/stepwise_lowpos/lib/python3.12/site-packages:/home/mikks/crazyflie_mapping_demo/ros2_ws/install/step_wise_lowpos/lib/python3.12/site-packages:/home/mikks/crazyflie_mapping_demo/ros2_ws/install/second_order_formation_control/lib/python3.12/site-packages:/home/mikks/crazyflie_mapping_demo/ros2_ws/install/ros_gz_crazyflie_control/lib/python3.12/site-packages:/home/mikks/crazyflie_mapping_demo/ros2_ws/install/mixed_fractional_consensus/lib/python3.12/site-packages:/home/mikks/crazyflie_mapping_demo/ros2_ws/install/lowest_pos/lib/python3.12/site-packages:/home/mikks/crazyflie_mapping_demo/ros2_ws/install/linear_consensus/lib/python3.12/site-packages:/home/mikks/crazyflie_mapping_demo/ros2_ws/install/highest_pos/lib/python3.12/site-packages:/home/mikks/crazyflie_mapping_demo/ros2_ws/install/fractional_consensus_alpha/lib/python3.12/site-packages:/home/mikks/crazyflie_mapping_demo/ros2_ws/install/event_triggered_swarm/lib/python3.12/site-packages:/home/mikks/crazyflie_mapping_demo/ros2_ws/install/drone_logger/lib/python3.12/site-packages:/home/mikks/crazyflie_mapping_demo/ros2_ws/install/distributed_average_tracking/lib/python3.12/site-packages:/home/mikks/crazyflie_mapping_demo/ros2_ws/install/crazyflie_swarm_logic/lib/python3.12/site-packages:/home/mikks/crazyflie_mapping_demo/ros2_ws/install/crazyflie_sim/lib/python3.12/site-packages:/home/mikks/crazyflie_mapping_demo/ros2_ws/install/crazyflie_ros2_multiranger_wall_following/lib/python3.12/site-packages:/home/mikks/crazyflie_mapping_demo/ros2_ws/install/crazyflie_ros2_multiranger_simple_mapper/lib/python3.12/site-packages:/home/mikks/crazyflie_mapping_demo/ros2_ws/install/crazyflie_examples/lib/python3.12/site-packages:/home/mikks/crazyflie_mapping_demo/ros2_ws/install/crazyflie_py/lib/python3.12/site-packages:/home/mikks/crazyflie_mapping_demo/ros2_ws/install/crazyflie_interfaces/lib/python3.12/site-packages:/home/mikks/crazyflie_mapping_demo/ros2_ws/install/cooperative_target_centric_formation/lib/python3.12/site-packages:/home/mikks/crazyflie_mapping_demo/ros2_ws/install/containment_using_agent_information/lib/python3.12/site-packages:/home/mikks/crazyflie_mapping_demo/ros2_ws/install/consensus_for_double_integrator/lib/python3.12/site-packages:/home/mikks/crazyflie_mapping_demo/ros2_ws/install/consensus_alignment/lib/python3.12/site-packages:/home/mikks/crazyflie_mapping_demo/ros2_ws/install/binary_consensus/lib/python3.12/site-packages:/home/mikks/crazyflie_mapping_demo/ros2_ws/install/Second_Order_Min_Consensus_for_Heterogeneous_Agents/lib/python3.12/site-packages:/home/mikks/crazyflie_mapping_demo/ros2_ws/install/BinaryContainmentChain/lib/python3.12/site-packages:/opt/ros/jazzy/lib/python3.12/site-packages /usr/bin/python3 -W ignore:setup.py install is deprecated -W ignore:easy_install command is deprecated setup.py develop --editable --build-directory /home/mikks/ros2_px4_ws/build/px4_actuator_ctrl/build --no-deps symlink_data
[5.108s] DEBUG:colcon.colcon_core.event_handler.log_command:Invoking command in '/home/mikks/ros2_px4_ws/build/x500_hover_controller': CMAKE_PREFIX_PATH=/home/mikks/ros2_px4_ws/install/px4_msgs:/home/mikks/ros2_px4_ws/install/px4_ros_com:/home/mikks/ros2_px4_ws/install/px4_ros2_py:/home/mikks/ros2_px4_ws/install/example_rover_velocity_mode_cpp:/home/mikks/ros2_px4_ws/install/example_mode_with_executor_cpp:/home/mikks/ros2_px4_ws/install/example_mode_vtol_cpp:/home/mikks/ros2_px4_ws/install/example_mode_rtl_replacement_cpp:/home/mikks/ros2_px4_ws/install/example_mode_mission_cpp:/home/mikks/ros2_px4_ws/install/example_mode_manual_cpp:/home/mikks/ros2_px4_ws/install/example_mode_goto_global_cpp:/home/mikks/ros2_px4_ws/install/example_mode_goto_cpp:/home/mikks/ros2_px4_ws/install/example_mode_fw_attitude_cpp:/home/mikks/ros2_px4_ws/install/example_local_navigation_cpp:/home/mikks/ros2_px4_ws/install/example_global_navigation_cpp:/home/mikks/ros2_px4_ws/install/example_executor_with_multiple_modes_cpp:/home/mikks/ros2_px4_ws/install/px4_ros2_cpp:/home/mikks/crazyflie_mapping_demo/ros2_ws/install/crazyflie_ros2_multiranger_bringup:/home/mikks/crazyflie_mapping_demo/ros2_ws/install/ros_gz_crazyflie_bringup:/home/mikks/crazyflie_mapping_demo/ros2_ws/install/ros_gz_crazyflie_gazebo:/home/mikks/crazyflie_mapping_demo/ros2_ws/install/crazyflie_sim:/home/mikks/crazyflie_mapping_demo/ros2_ws/install/crazyflie_examples:/home/mikks/crazyflie_mapping_demo/ros2_ws/install/crazyflie:/home/mikks/crazyflie_mapping_demo/ros2_ws/install/crazyflie_interfaces:/opt/ros/jazzy/opt/gz_sim_vendor:/opt/ros/jazzy/opt/gz_sensors_vendor:/opt/ros/jazzy/opt/gz_physics_vendor:/opt/ros/jazzy/opt/sdformat_vendor:/opt/ros/jazzy/opt/gz_gui_vendor:/opt/ros/jazzy/opt/gz_transport_vendor:/opt/ros/jazzy/opt/gz_rendering_vendor:/opt/ros/jazzy/opt/gz_plugin_vendor:/opt/ros/jazzy/opt/gz_fuel_tools_vendor:/opt/ros/jazzy/opt/gz_msgs_vendor:/opt/ros/jazzy/opt/gz_common_vendor:/opt/ros/jazzy/opt/gz_math_vendor:/opt/ros/jazzy/opt/gz_utils_vendor:/opt/ros/jazzy/opt/gz_tools_vendor:/opt/ros/jazzy/opt/gz_ogre_next_vendor:/opt/ros/jazzy/opt/gz_dartsim_vendor:/opt/ros/jazzy/opt/gz_cmake_vendor DEBUGINFOD_URLS=https://debuginfod.ubuntu.com LD_LIBRARY_PATH=/home/mikks/ros2_px4_ws/install/px4_msgs/lib:/home/mikks/ros2_px4_ws/install/px4_ros_com/lib:/home/mikks/ros2_px4_ws/install/px4_ros2_cpp/lib:/home/mikks/NatNet_SDK_4.3_ubuntu/lib:/home/mikks/crazyflie_mapping_demo/ros2_ws/install/crazyflie_interfaces/lib:/opt/ros/jazzy/opt/gz_sim_vendor/lib:/opt/ros/jazzy/opt/gz_sensors_vendor/lib:/opt/ros/jazzy/opt/gz_physics_vendor/lib:/opt/ros/jazzy/opt/sdformat_vendor/lib:/opt/ros/jazzy/opt/rviz_ogre_vendor/lib:/opt/ros/jazzy/lib/x86_64-linux-gnu:/opt/ros/jazzy/opt/gz_gui_vendor/lib:/opt/ros/jazzy/opt/gz_transport_vendor/lib:/opt/ros/jazzy/opt/gz_rendering_vendor/lib:/opt/ros/jazzy/opt/gz_plugin_vendor/lib:/opt/ros/jazzy/opt/gz_fuel_tools_vendor/lib:/opt/ros/jazzy/opt/gz_msgs_vendor/lib:/opt/ros/jazzy/opt/gz_common_vendor/lib:/opt/ros/jazzy/opt/gz_math_vendor/lib:/opt/ros/jazzy/opt/gz_utils_vendor/lib:/opt/ros/jazzy/opt/gz_tools_vendor/lib:/opt/ros/jazzy/opt/gz_ogre_next_vendor/lib:/opt/ros/jazzy/opt/gz_dartsim_vendor/lib:/opt/ros/jazzy/opt/gz_cmake_vendor/lib:/opt/ros/jazzy/lib PYTHONPATH=/home/mikks/ros2_px4_ws/build/x500_hover_controller/prefix_override:/usr/lib/python3/dist-packages/colcon_core/task/python/colcon_distutils_commands:/home/mikks/ros2_px4_ws/install/x500_hover_controller/lib/python3.12/site-packages:/home/mikks/ros2_px4_ws/install/px4_msgs/lib/python3.12/site-packages:/home/mikks/ros2_px4_ws/build/x500_hover_controller:/home/mikks/ros2_px4_ws/install/x500_hover_controller/lib/python3.12/site-packages:/home/mikks/ros2_px4_ws/install/px4_ros_com/lib/python3.12/site-packages:/home/mikks/ros2_px4_ws/build/example_mode_with_rclpy_py:/home/mikks/ros2_px4_ws/install/example_mode_with_rclpy_py/lib/python3.12/site-packages:/home/mikks/ros2_px4_ws/build/example_mode_goto_py:/home/mikks/ros2_px4_ws/install/example_mode_goto_py/lib/python3.12/site-packages:/home/mikks/ros2_px4_ws/install/px4_ros2_py/lib/python3.12/site-packages:/home/mikks/ros2_px4_ws/build/px4_actuator_ctrl:/home/mikks/ros2_px4_ws/install/px4_actuator_ctrl/lib/python3.12/site-packages:/home/mikks/ros2_ws/build/rover_desc_description:/home/mikks/ros2_ws/install/rover_desc_description/lib/python3.12/site-packages:/home/mikks/ros2_ws/install/px4_actuator_ctrl/lib/python3.12/site-packages:/home/mikks/ros2_ws/build/mine_rover_description:/home/mikks/ros2_ws/install/mine_rover_description/lib/python3.12/site-packages:/home/mikks/ros2_ws/build/ZerionURDFV5cp_description:/home/mikks/ros2_ws/install/ZerionURDFV5cp_description/lib/python3.12/site-packages:/home/mikks/crazyflie_mapping_demo/ros2_ws/install/velocity_free_consensus/lib/python3.12/site-packages:/home/mikks/crazyflie_mapping_demo/ros2_ws/install/stepwise_lowpos/lib/python3.12/site-packages:/home/mikks/crazyflie_mapping_demo/ros2_ws/install/step_wise_lowpos/lib/python3.12/site-packages:/home/mikks/crazyflie_mapping_demo/ros2_ws/install/second_order_formation_control/lib/python3.12/site-packages:/home/mikks/crazyflie_mapping_demo/ros2_ws/install/ros_gz_crazyflie_control/lib/python3.12/site-packages:/home/mikks/crazyflie_mapping_demo/ros2_ws/install/mixed_fractional_consensus/lib/python3.12/site-packages:/home/mikks/crazyflie_mapping_demo/ros2_ws/install/lowest_pos/lib/python3.12/site-packages:/home/mikks/crazyflie_mapping_demo/ros2_ws/install/linear_consensus/lib/python3.12/site-packages:/home/mikks/crazyflie_mapping_demo/ros2_ws/install/highest_pos/lib/python3.12/site-packages:/home/mikks/crazyflie_mapping_demo/ros2_ws/install/fractional_consensus_alpha/lib/python3.12/site-packages:/home/mikks/crazyflie_mapping_demo/ros2_ws/install/event_triggered_swarm/lib/python3.12/site-packages:/home/mikks/crazyflie_mapping_demo/ros2_ws/install/drone_logger/lib/python3.12/site-packages:/home/mikks/crazyflie_mapping_demo/ros2_ws/install/distributed_average_tracking/lib/python3.12/site-packages:/home/mikks/crazyflie_mapping_demo/ros2_ws/install/crazyflie_swarm_logic/lib/python3.12/site-packages:/home/mikks/crazyflie_mapping_demo/ros2_ws/install/crazyflie_sim/lib/python3.12/site-packages:/home/mikks/crazyflie_mapping_demo/ros2_ws/install/crazyflie_ros2_multiranger_wall_following/lib/python3.12/site-packages:/home/mikks/crazyflie_mapping_demo/ros2_ws/install/crazyflie_ros2_multiranger_simple_mapper/lib/python3.12/site-packages:/home/mikks/crazyflie_mapping_demo/ros2_ws/install/crazyflie_examples/lib/python3.12/site-packages:/home/mikks/crazyflie_mapping_demo/ros2_ws/install/crazyflie_py/lib/python3.12/site-packages:/home/mikks/crazyflie_mapping_demo/ros2_ws/install/crazyflie_interfaces/lib/python3.12/site-packages:/home/mikks/crazyflie_mapping_demo/ros2_ws/install/cooperative_target_centric_formation/lib/python3.12/site-packages:/home/mikks/crazyflie_mapping_demo/ros2_ws/install/containment_using_agent_information/lib/python3.12/site-packages:/home/mikks/crazyflie_mapping_demo/ros2_ws/install/consensus_for_double_integrator/lib/python3.12/site-packages:/home/mikks/crazyflie_mapping_demo/ros2_ws/install/consensus_alignment/lib/python3.12/site-packages:/home/mikks/crazyflie_mapping_demo/ros2_ws/install/binary_consensus/lib/python3.12/site-packages:/home/mikks/crazyflie_mapping_demo/ros2_ws/install/Second_Order_Min_Consensus_for_Heterogeneous_Agents/lib/python3.12/site-packages:/home/mikks/crazyflie_mapping_demo/ros2_ws/install/BinaryContainmentChain/lib/python3.12/site-packages:/opt/ros/jazzy/lib/python3.12/site-packages /usr/bin/python3 -W ignore:setup.py install is deprecated -W ignore:easy_install command is deprecated setup.py develop --editable --build-directory /home/mikks/ros2_px4_ws/build/x500_hover_controller/build --no-deps symlink_data
[5.844s] DEBUG:colcon.colcon_core.event_handler.log_command:Invoking command in '/home/mikks/ros2_px4_ws/build/example_mode_with_rclpy_py': CMAKE_PREFIX_PATH=/home/mikks/ros2_px4_ws/install/px4_ros2_py:/home/mikks/ros2_px4_ws/install/px4_ros2_cpp:/home/mikks/ros2_px4_ws/install/px4_msgs:/home/mikks/ros2_px4_ws/install/px4_ros_com:/home/mikks/ros2_px4_ws/install/example_rover_velocity_mode_cpp:/home/mikks/ros2_px4_ws/install/example_mode_with_executor_cpp:/home/mikks/ros2_px4_ws/install/example_mode_vtol_cpp:/home/mikks/ros2_px4_ws/install/example_mode_rtl_replacement_cpp:/home/mikks/ros2_px4_ws/install/example_mode_mission_cpp:/home/mikks/ros2_px4_ws/install/example_mode_manual_cpp:/home/mikks/ros2_px4_ws/install/example_mode_goto_global_cpp:/home/mikks/ros2_px4_ws/install/example_mode_goto_cpp:/home/mikks/ros2_px4_ws/install/example_mode_fw_attitude_cpp:/home/mikks/ros2_px4_ws/install/example_local_navigation_cpp:/home/mikks/ros2_px4_ws/install/example_global_navigation_cpp:/home/mikks/ros2_px4_ws/install/example_executor_with_multiple_modes_cpp:/home/mikks/crazyflie_mapping_demo/ros2_ws/install/crazyflie_ros2_multiranger_bringup:/home/mikks/crazyflie_mapping_demo/ros2_ws/install/ros_gz_crazyflie_bringup:/home/mikks/crazyflie_mapping_demo/ros2_ws/install/ros_gz_crazyflie_gazebo:/home/mikks/crazyflie_mapping_demo/ros2_ws/install/crazyflie_sim:/home/mikks/crazyflie_mapping_demo/ros2_ws/install/crazyflie_examples:/home/mikks/crazyflie_mapping_demo/ros2_ws/install/crazyflie:/home/mikks/crazyflie_mapping_demo/ros2_ws/install/crazyflie_interfaces:/opt/ros/jazzy/opt/gz_sim_vendor:/opt/ros/jazzy/opt/gz_sensors_vendor:/opt/ros/jazzy/opt/gz_physics_vendor:/opt/ros/jazzy/opt/sdformat_vendor:/opt/ros/jazzy/opt/gz_gui_vendor:/opt/ros/jazzy/opt/gz_transport_vendor:/opt/ros/jazzy/opt/gz_rendering_vendor:/opt/ros/jazzy/opt/gz_plugin_vendor:/opt/ros/jazzy/opt/gz_fuel_tools_vendor:/opt/ros/jazzy/opt/gz_msgs_vendor:/opt/ros/jazzy/opt/gz_common_vendor:/opt/ros/jazzy/opt/gz_math_vendor:/opt/ros/jazzy/opt/gz_utils_vendor:/opt/ros/jazzy/opt/gz_tools_vendor:/opt/ros/jazzy/opt/gz_ogre_next_vendor:/opt/ros/jazzy/opt/gz_dartsim_vendor:/opt/ros/jazzy/opt/gz_cmake_vendor DEBUGINFOD_URLS=https://debuginfod.ubuntu.com LD_LIBRARY_PATH=/home/mikks/ros2_px4_ws/install/px4_ros2_cpp/lib:/home/mikks/ros2_px4_ws/install/px4_msgs/lib:/home/mikks/ros2_px4_ws/install/px4_ros_com/lib:/home/mikks/NatNet_SDK_4.3_ubuntu/lib:/home/mikks/crazyflie_mapping_demo/ros2_ws/install/crazyflie_interfaces/lib:/opt/ros/jazzy/opt/gz_sim_vendor/lib:/opt/ros/jazzy/opt/gz_sensors_vendor/lib:/opt/ros/jazzy/opt/gz_physics_vendor/lib:/opt/ros/jazzy/opt/sdformat_vendor/lib:/opt/ros/jazzy/opt/rviz_ogre_vendor/lib:/opt/ros/jazzy/lib/x86_64-linux-gnu:/opt/ros/jazzy/opt/gz_gui_vendor/lib:/opt/ros/jazzy/opt/gz_transport_vendor/lib:/opt/ros/jazzy/opt/gz_rendering_vendor/lib:/opt/ros/jazzy/opt/gz_plugin_vendor/lib:/opt/ros/jazzy/opt/gz_fuel_tools_vendor/lib:/opt/ros/jazzy/opt/gz_msgs_vendor/lib:/opt/ros/jazzy/opt/gz_common_vendor/lib:/opt/ros/jazzy/opt/gz_math_vendor/lib:/opt/ros/jazzy/opt/gz_utils_vendor/lib:/opt/ros/jazzy/opt/gz_tools_vendor/lib:/opt/ros/jazzy/opt/gz_ogre_next_vendor/lib:/opt/ros/jazzy/opt/gz_dartsim_vendor/lib:/opt/ros/jazzy/opt/gz_cmake_vendor/lib:/opt/ros/jazzy/lib PYTHONPATH=/home/mikks/ros2_px4_ws/build/example_mode_with_rclpy_py/prefix_override:/usr/lib/python3/dist-packages/colcon_core/task/python/colcon_distutils_commands:/home/mikks/ros2_px4_ws/install/example_mode_with_rclpy_py/lib/python3.12/site-packages:/home/mikks/ros2_px4_ws/install/px4_ros2_py/lib/python3.12/site-packages:/home/mikks/ros2_px4_ws/install/px4_msgs/lib/python3.12/site-packages:/home/mikks/ros2_px4_ws/build/x500_hover_controller:/home/mikks/ros2_px4_ws/install/x500_hover_controller/lib/python3.12/site-packages:/home/mikks/ros2_px4_ws/install/px4_ros_com/lib/python3.12/site-packages:/home/mikks/ros2_px4_ws/build/example_mode_with_rclpy_py:/home/mikks/ros2_px4_ws/install/example_mode_with_rclpy_py/lib/python3.12/site-packages:/home/mikks/ros2_px4_ws/build/example_mode_goto_py:/home/mikks/ros2_px4_ws/install/example_mode_goto_py/lib/python3.12/site-packages:/home/mikks/ros2_px4_ws/build/px4_actuator_ctrl:/home/mikks/ros2_px4_ws/install/px4_actuator_ctrl/lib/python3.12/site-packages:/home/mikks/ros2_ws/build/rover_desc_description:/home/mikks/ros2_ws/install/rover_desc_description/lib/python3.12/site-packages:/home/mikks/ros2_ws/install/px4_actuator_ctrl/lib/python3.12/site-packages:/home/mikks/ros2_ws/build/mine_rover_description:/home/mikks/ros2_ws/install/mine_rover_description/lib/python3.12/site-packages:/home/mikks/ros2_ws/build/ZerionURDFV5cp_description:/home/mikks/ros2_ws/install/ZerionURDFV5cp_description/lib/python3.12/site-packages:/home/mikks/crazyflie_mapping_demo/ros2_ws/install/velocity_free_consensus/lib/python3.12/site-packages:/home/mikks/crazyflie_mapping_demo/ros2_ws/install/stepwise_lowpos/lib/python3.12/site-packages:/home/mikks/crazyflie_mapping_demo/ros2_ws/install/step_wise_lowpos/lib/python3.12/site-packages:/home/mikks/crazyflie_mapping_demo/ros2_ws/install/second_order_formation_control/lib/python3.12/site-packages:/home/mikks/crazyflie_mapping_demo/ros2_ws/install/ros_gz_crazyflie_control/lib/python3.12/site-packages:/home/mikks/crazyflie_mapping_demo/ros2_ws/install/mixed_fractional_consensus/lib/python3.12/site-packages:/home/mikks/crazyflie_mapping_demo/ros2_ws/install/lowest_pos/lib/python3.12/site-packages:/home/mikks/crazyflie_mapping_demo/ros2_ws/install/linear_consensus/lib/python3.12/site-packages:/home/mikks/crazyflie_mapping_demo/ros2_ws/install/highest_pos/lib/python3.12/site-packages:/home/mikks/crazyflie_mapping_demo/ros2_ws/install/fractional_consensus_alpha/lib/python3.12/site-packages:/home/mikks/crazyflie_mapping_demo/ros2_ws/install/event_triggered_swarm/lib/python3.12/site-packages:/home/mikks/crazyflie_mapping_demo/ros2_ws/install/drone_logger/lib/python3.12/site-packages:/home/mikks/crazyflie_mapping_demo/ros2_ws/install/distributed_average_tracking/lib/python3.12/site-packages:/home/mikks/crazyflie_mapping_demo/ros2_ws/install/crazyflie_swarm_logic/lib/python3.12/site-packages:/home/mikks/crazyflie_mapping_demo/ros2_ws/install/crazyflie_sim/lib/python3.12/site-packages:/home/mikks/crazyflie_mapping_demo/ros2_ws/install/crazyflie_ros2_multiranger_wall_following/lib/python3.12/site-packages:/home/mikks/crazyflie_mapping_demo/ros2_ws/install/crazyflie_ros2_multiranger_simple_mapper/lib/python3.12/site-packages:/home/mikks/crazyflie_mapping_demo/ros2_ws/install/crazyflie_examples/lib/python3.12/site-packages:/home/mikks/crazyflie_mapping_demo/ros2_ws/install/crazyflie_py/lib/python3.12/site-packages:/home/mikks/crazyflie_mapping_demo/ros2_ws/install/crazyflie_interfaces/lib/python3.12/site-packages:/home/mikks/crazyflie_mapping_demo/ros2_ws/install/cooperative_target_centric_formation/lib/python3.12/site-packages:/home/mikks/crazyflie_mapping_demo/ros2_ws/install/containment_using_agent_information/lib/python3.12/site-packages:/home/mikks/crazyflie_mapping_demo/ros2_ws/install/consensus_for_double_integrator/lib/python3.12/site-packages:/home/mikks/crazyflie_mapping_demo/ros2_ws/install/consensus_alignment/lib/python3.12/site-packages:/home/mikks/crazyflie_mapping_demo/ros2_ws/install/binary_consensus/lib/python3.12/site-packages:/home/mikks/crazyflie_mapping_demo/ros2_ws/install/Second_Order_Min_Consensus_for_Heterogeneous_Agents/lib/python3.12/site-packages:/home/mikks/crazyflie_mapping_demo/ros2_ws/install/BinaryContainmentChain/lib/python3.12/site-packages:/opt/ros/jazzy/lib/python3.12/site-packages /usr/bin/python3 -W ignore:setup.py install is deprecated -W ignore:easy_install command is deprecated setup.py develop --editable --build-directory /home/mikks/ros2_px4_ws/build/example_mode_with_rclpy_py/build --no-deps symlink_data
[5.900s] DEBUG:colcon.colcon_core.event_handler.log_command:Invoking command in '/home/mikks/ros2_px4_ws/build/example_mode_goto_py': CMAKE_PREFIX_PATH=/home/mikks/ros2_px4_ws/install/px4_ros2_py:/home/mikks/ros2_px4_ws/install/px4_ros2_cpp:/home/mikks/ros2_px4_ws/install/px4_msgs:/home/mikks/ros2_px4_ws/install/px4_ros_com:/home/mikks/ros2_px4_ws/install/example_rover_velocity_mode_cpp:/home/mikks/ros2_px4_ws/install/example_mode_with_executor_cpp:/home/mikks/ros2_px4_ws/install/example_mode_vtol_cpp:/home/mikks/ros2_px4_ws/install/example_mode_rtl_replacement_cpp:/home/mikks/ros2_px4_ws/install/example_mode_mission_cpp:/home/mikks/ros2_px4_ws/install/example_mode_manual_cpp:/home/mikks/ros2_px4_ws/install/example_mode_goto_global_cpp:/home/mikks/ros2_px4_ws/install/example_mode_goto_cpp:/home/mikks/ros2_px4_ws/install/example_mode_fw_attitude_cpp:/home/mikks/ros2_px4_ws/install/example_local_navigation_cpp:/home/mikks/ros2_px4_ws/install/example_global_navigation_cpp:/home/mikks/ros2_px4_ws/install/example_executor_with_multiple_modes_cpp:/home/mikks/crazyflie_mapping_demo/ros2_ws/install/crazyflie_ros2_multiranger_bringup:/home/mikks/crazyflie_mapping_demo/ros2_ws/install/ros_gz_crazyflie_bringup:/home/mikks/crazyflie_mapping_demo/ros2_ws/install/ros_gz_crazyflie_gazebo:/home/mikks/crazyflie_mapping_demo/ros2_ws/install/crazyflie_sim:/home/mikks/crazyflie_mapping_demo/ros2_ws/install/crazyflie_examples:/home/mikks/crazyflie_mapping_demo/ros2_ws/install/crazyflie:/home/mikks/crazyflie_mapping_demo/ros2_ws/install/crazyflie_interfaces:/opt/ros/jazzy/opt/gz_sim_vendor:/opt/ros/jazzy/opt/gz_sensors_vendor:/opt/ros/jazzy/opt/gz_physics_vendor:/opt/ros/jazzy/opt/sdformat_vendor:/opt/ros/jazzy/opt/gz_gui_vendor:/opt/ros/jazzy/opt/gz_transport_vendor:/opt/ros/jazzy/opt/gz_rendering_vendor:/opt/ros/jazzy/opt/gz_plugin_vendor:/opt/ros/jazzy/opt/gz_fuel_tools_vendor:/opt/ros/jazzy/opt/gz_msgs_vendor:/opt/ros/jazzy/opt/gz_common_vendor:/opt/ros/jazzy/opt/gz_math_vendor:/opt/ros/jazzy/opt/gz_utils_vendor:/opt/ros/jazzy/opt/gz_tools_vendor:/opt/ros/jazzy/opt/gz_ogre_next_vendor:/opt/ros/jazzy/opt/gz_dartsim_vendor:/opt/ros/jazzy/opt/gz_cmake_vendor DEBUGINFOD_URLS=https://debuginfod.ubuntu.com LD_LIBRARY_PATH=/home/mikks/ros2_px4_ws/install/px4_ros2_cpp/lib:/home/mikks/ros2_px4_ws/install/px4_msgs/lib:/home/mikks/ros2_px4_ws/install/px4_ros_com/lib:/home/mikks/NatNet_SDK_4.3_ubuntu/lib:/home/mikks/crazyflie_mapping_demo/ros2_ws/install/crazyflie_interfaces/lib:/opt/ros/jazzy/opt/gz_sim_vendor/lib:/opt/ros/jazzy/opt/gz_sensors_vendor/lib:/opt/ros/jazzy/opt/gz_physics_vendor/lib:/opt/ros/jazzy/opt/sdformat_vendor/lib:/opt/ros/jazzy/opt/rviz_ogre_vendor/lib:/opt/ros/jazzy/lib/x86_64-linux-gnu:/opt/ros/jazzy/opt/gz_gui_vendor/lib:/opt/ros/jazzy/opt/gz_transport_vendor/lib:/opt/ros/jazzy/opt/gz_rendering_vendor/lib:/opt/ros/jazzy/opt/gz_plugin_vendor/lib:/opt/ros/jazzy/opt/gz_fuel_tools_vendor/lib:/opt/ros/jazzy/opt/gz_msgs_vendor/lib:/opt/ros/jazzy/opt/gz_common_vendor/lib:/opt/ros/jazzy/opt/gz_math_vendor/lib:/opt/ros/jazzy/opt/gz_utils_vendor/lib:/opt/ros/jazzy/opt/gz_tools_vendor/lib:/opt/ros/jazzy/opt/gz_ogre_next_vendor/lib:/opt/ros/jazzy/opt/gz_dartsim_vendor/lib:/opt/ros/jazzy/opt/gz_cmake_vendor/lib:/opt/ros/jazzy/lib PYTHONPATH=/home/mikks/ros2_px4_ws/build/example_mode_goto_py/prefix_override:/usr/lib/python3/dist-packages/colcon_core/task/python/colcon_distutils_commands:/home/mikks/ros2_px4_ws/install/example_mode_goto_py/lib/python3.12/site-packages:/home/mikks/ros2_px4_ws/install/px4_ros2_py/lib/python3.12/site-packages:/home/mikks/ros2_px4_ws/install/px4_msgs/lib/python3.12/site-packages:/home/mikks/ros2_px4_ws/build/x500_hover_controller:/home/mikks/ros2_px4_ws/install/x500_hover_controller/lib/python3.12/site-packages:/home/mikks/ros2_px4_ws/install/px4_ros_com/lib/python3.12/site-packages:/home/mikks/ros2_px4_ws/build/example_mode_with_rclpy_py:/home/mikks/ros2_px4_ws/install/example_mode_with_rclpy_py/lib/python3.12/site-packages:/home/mikks/ros2_px4_ws/build/example_mode_goto_py:/home/mikks/ros2_px4_ws/install/example_mode_goto_py/lib/python3.12/site-packages:/home/mikks/ros2_px4_ws/build/px4_actuator_ctrl:/home/mikks/ros2_px4_ws/install/px4_actuator_ctrl/lib/python3.12/site-packages:/home/mikks/ros2_ws/build/rover_desc_description:/home/mikks/ros2_ws/install/rover_desc_description/lib/python3.12/site-packages:/home/mikks/ros2_ws/install/px4_actuator_ctrl/lib/python3.12/site-packages:/home/mikks/ros2_ws/build/mine_rover_description:/home/mikks/ros2_ws/install/mine_rover_description/lib/python3.12/site-packages:/home/mikks/ros2_ws/build/ZerionURDFV5cp_description:/home/mikks/ros2_ws/install/ZerionURDFV5cp_description/lib/python3.12/site-packages:/home/mikks/crazyflie_mapping_demo/ros2_ws/install/velocity_free_consensus/lib/python3.12/site-packages:/home/mikks/crazyflie_mapping_demo/ros2_ws/install/stepwise_lowpos/lib/python3.12/site-packages:/home/mikks/crazyflie_mapping_demo/ros2_ws/install/step_wise_lowpos/lib/python3.12/site-packages:/home/mikks/crazyflie_mapping_demo/ros2_ws/install/second_order_formation_control/lib/python3.12/site-packages:/home/mikks/crazyflie_mapping_demo/ros2_ws/install/ros_gz_crazyflie_control/lib/python3.12/site-packages:/home/mikks/crazyflie_mapping_demo/ros2_ws/install/mixed_fractional_consensus/lib/python3.12/site-packages:/home/mikks/crazyflie_mapping_demo/ros2_ws/install/lowest_pos/lib/python3.12/site-packages:/home/mikks/crazyflie_mapping_demo/ros2_ws/install/linear_consensus/lib/python3.12/site-packages:/home/mikks/crazyflie_mapping_demo/ros2_ws/install/highest_pos/lib/python3.12/site-packages:/home/mikks/crazyflie_mapping_demo/ros2_ws/install/fractional_consensus_alpha/lib/python3.12/site-packages:/home/mikks/crazyflie_mapping_demo/ros2_ws/install/event_triggered_swarm/lib/python3.12/site-packages:/home/mikks/crazyflie_mapping_demo/ros2_ws/install/drone_logger/lib/python3.12/site-packages:/home/mikks/crazyflie_mapping_demo/ros2_ws/install/distributed_average_tracking/lib/python3.12/site-packages:/home/mikks/crazyflie_mapping_demo/ros2_ws/install/crazyflie_swarm_logic/lib/python3.12/site-packages:/home/mikks/crazyflie_mapping_demo/ros2_ws/install/crazyflie_sim/lib/python3.12/site-packages:/home/mikks/crazyflie_mapping_demo/ros2_ws/install/crazyflie_ros2_multiranger_wall_following/lib/python3.12/site-packages:/home/mikks/crazyflie_mapping_demo/ros2_ws/install/crazyflie_ros2_multiranger_simple_mapper/lib/python3.12/site-packages:/home/mikks/crazyflie_mapping_demo/ros2_ws/install/crazyflie_examples/lib/python3.12/site-packages:/home/mikks/crazyflie_mapping_demo/ros2_ws/install/crazyflie_py/lib/python3.12/site-packages:/home/mikks/crazyflie_mapping_demo/ros2_ws/install/crazyflie_interfaces/lib/python3.12/site-packages:/home/mikks/crazyflie_mapping_demo/ros2_ws/install/cooperative_target_centric_formation/lib/python3.12/site-packages:/home/mikks/crazyflie_mapping_demo/ros2_ws/install/containment_using_agent_information/lib/python3.12/site-packages:/home/mikks/crazyflie_mapping_demo/ros2_ws/install/consensus_for_double_integrator/lib/python3.12/site-packages:/home/mikks/crazyflie_mapping_demo/ros2_ws/install/consensus_alignment/lib/python3.12/site-packages:/home/mikks/crazyflie_mapping_demo/ros2_ws/install/binary_consensus/lib/python3.12/site-packages:/home/mikks/crazyflie_mapping_demo/ros2_ws/install/Second_Order_Min_Consensus_for_Heterogeneous_Agents/lib/python3.12/site-packages:/home/mikks/crazyflie_mapping_demo/ros2_ws/install/BinaryContainmentChain/lib/python3.12/site-packages:/opt/ros/jazzy/lib/python3.12/site-packages /usr/bin/python3 -W ignore:setup.py install is deprecated -W ignore:easy_install command is deprecated setup.py develop --editable --build-directory /home/mikks/ros2_px4_ws/build/example_mode_goto_py/build --no-deps symlink_data
[5.982s] Level 1:colcon.colcon_core.shell:create_environment_hook('px4_actuator_ctrl', 'pythonpath_develop')
[5.983s] INFO:colcon.colcon_core.shell:Creating environment hook '/home/mikks/ros2_px4_ws/build/px4_actuator_ctrl/share/px4_actuator_ctrl/hook/pythonpath_develop.ps1'
[5.983s] INFO:colcon.colcon_core.shell:Creating environment descriptor '/home/mikks/ros2_px4_ws/build/px4_actuator_ctrl/share/px4_actuator_ctrl/hook/pythonpath_develop.dsv'
[5.984s] INFO:colcon.colcon_core.shell:Creating environment hook '/home/mikks/ros2_px4_ws/build/px4_actuator_ctrl/share/px4_actuator_ctrl/hook/pythonpath_develop.sh'
[5.985s] Level 1:colcon.colcon_core.environment:checking '/home/mikks/ros2_px4_ws/install/px4_actuator_ctrl' for CMake module files
[5.985s] Level 1:colcon.colcon_core.environment:checking '/home/mikks/ros2_px4_ws/install/px4_actuator_ctrl' for CMake config files
[5.987s] Level 1:colcon.colcon_core.environment:checking '/home/mikks/ros2_px4_ws/install/px4_actuator_ctrl/lib'
[5.987s] Level 1:colcon.colcon_core.environment:checking '/home/mikks/ros2_px4_ws/install/px4_actuator_ctrl/bin'
[5.987s] Level 1:colcon.colcon_core.environment:checking '/home/mikks/ros2_px4_ws/install/px4_actuator_ctrl/lib/pkgconfig/px4_actuator_ctrl.pc'
[5.987s] Level 1:colcon.colcon_core.environment:checking '/home/mikks/ros2_px4_ws/install/px4_actuator_ctrl/lib/python3.12/site-packages'
[5.988s] Level 1:colcon.colcon_core.shell:create_environment_hook('px4_actuator_ctrl', 'pythonpath')
[5.988s] INFO:colcon.colcon_core.shell:Creating environment hook '/home/mikks/ros2_px4_ws/install/px4_actuator_ctrl/share/px4_actuator_ctrl/hook/pythonpath.ps1'
[5.989s] INFO:colcon.colcon_core.shell:Creating environment descriptor '/home/mikks/ros2_px4_ws/install/px4_actuator_ctrl/share/px4_actuator_ctrl/hook/pythonpath.dsv'
[5.989s] INFO:colcon.colcon_core.shell:Creating environment hook '/home/mikks/ros2_px4_ws/install/px4_actuator_ctrl/share/px4_actuator_ctrl/hook/pythonpath.sh'
[5.993s] Level 1:colcon.colcon_core.environment:checking '/home/mikks/ros2_px4_ws/install/px4_actuator_ctrl/bin'
[5.993s] Level 1:colcon.colcon_core.environment:create_environment_scripts_only(px4_actuator_ctrl)
[5.994s] INFO:colcon.colcon_core.shell:Creating package script '/home/mikks/ros2_px4_ws/install/px4_actuator_ctrl/share/px4_actuator_ctrl/package.ps1'
[5.994s] INFO:colcon.colcon_core.shell:Creating package descriptor '/home/mikks/ros2_px4_ws/install/px4_actuator_ctrl/share/px4_actuator_ctrl/package.dsv'
[5.995s] INFO:colcon.colcon_core.shell:Creating package script '/home/mikks/ros2_px4_ws/install/px4_actuator_ctrl/share/px4_actuator_ctrl/package.sh'
[5.996s] DEBUG:colcon.colcon_core.event_handler.log_command:Invoked command in '/home/mikks/ros2_px4_ws/build/px4_actuator_ctrl' returned '0': CMAKE_PREFIX_PATH=/home/mikks/ros2_px4_ws/install/px4_msgs:/home/mikks/ros2_px4_ws/install/px4_ros_com:/home/mikks/ros2_px4_ws/install/px4_ros2_py:/home/mikks/ros2_px4_ws/install/example_rover_velocity_mode_cpp:/home/mikks/ros2_px4_ws/install/example_mode_with_executor_cpp:/home/mikks/ros2_px4_ws/install/example_mode_vtol_cpp:/home/mikks/ros2_px4_ws/install/example_mode_rtl_replacement_cpp:/home/mikks/ros2_px4_ws/install/example_mode_mission_cpp:/home/mikks/ros2_px4_ws/install/example_mode_manual_cpp:/home/mikks/ros2_px4_ws/install/example_mode_goto_global_cpp:/home/mikks/ros2_px4_ws/install/example_mode_goto_cpp:/home/mikks/ros2_px4_ws/install/example_mode_fw_attitude_cpp:/home/mikks/ros2_px4_ws/install/example_local_navigation_cpp:/home/mikks/ros2_px4_ws/install/example_global_navigation_cpp:/home/mikks/ros2_px4_ws/install/example_executor_with_multiple_modes_cpp:/home/mikks/ros2_px4_ws/install/px4_ros2_cpp:/home/mikks/crazyflie_mapping_demo/ros2_ws/install/crazyflie_ros2_multiranger_bringup:/home/mikks/crazyflie_mapping_demo/ros2_ws/install/ros_gz_crazyflie_bringup:/home/mikks/crazyflie_mapping_demo/ros2_ws/install/ros_gz_crazyflie_gazebo:/home/mikks/crazyflie_mapping_demo/ros2_ws/install/crazyflie_sim:/home/mikks/crazyflie_mapping_demo/ros2_ws/install/crazyflie_examples:/home/mikks/crazyflie_mapping_demo/ros2_ws/install/crazyflie:/home/mikks/crazyflie_mapping_demo/ros2_ws/install/crazyflie_interfaces:/opt/ros/jazzy/opt/gz_sim_vendor:/opt/ros/jazzy/opt/gz_sensors_vendor:/opt/ros/jazzy/opt/gz_physics_vendor:/opt/ros/jazzy/opt/sdformat_vendor:/opt/ros/jazzy/opt/gz_gui_vendor:/opt/ros/jazzy/opt/gz_transport_vendor:/opt/ros/jazzy/opt/gz_rendering_vendor:/opt/ros/jazzy/opt/gz_plugin_vendor:/opt/ros/jazzy/opt/gz_fuel_tools_vendor:/opt/ros/jazzy/opt/gz_msgs_vendor:/opt/ros/jazzy/opt/gz_common_vendor:/opt/ros/jazzy/opt/gz_math_vendor:/opt/ros/jazzy/opt/gz_utils_vendor:/opt/ros/jazzy/opt/gz_tools_vendor:/opt/ros/jazzy/opt/gz_ogre_next_vendor:/opt/ros/jazzy/opt/gz_dartsim_vendor:/opt/ros/jazzy/opt/gz_cmake_vendor DEBUGINFOD_URLS=https://debuginfod.ubuntu.com LD_LIBRARY_PATH=/home/mikks/ros2_px4_ws/install/px4_msgs/lib:/home/mikks/ros2_px4_ws/install/px4_ros_com/lib:/home/mikks/ros2_px4_ws/install/px4_ros2_cpp/lib:/home/mikks/NatNet_SDK_4.3_ubuntu/lib:/home/mikks/crazyflie_mapping_demo/ros2_ws/install/crazyflie_interfaces/lib:/opt/ros/jazzy/opt/gz_sim_vendor/lib:/opt/ros/jazzy/opt/gz_sensors_vendor/lib:/opt/ros/jazzy/opt/gz_physics_vendor/lib:/opt/ros/jazzy/opt/sdformat_vendor/lib:/opt/ros/jazzy/opt/rviz_ogre_vendor/lib:/opt/ros/jazzy/lib/x86_64-linux-gnu:/opt/ros/jazzy/opt/gz_gui_vendor/lib:/opt/ros/jazzy/opt/gz_transport_vendor/lib:/opt/ros/jazzy/opt/gz_rendering_vendor/lib:/opt/ros/jazzy/opt/gz_plugin_vendor/lib:/opt/ros/jazzy/opt/gz_fuel_tools_vendor/lib:/opt/ros/jazzy/opt/gz_msgs_vendor/lib:/opt/ros/jazzy/opt/gz_common_vendor/lib:/opt/ros/jazzy/opt/gz_math_vendor/lib:/opt/ros/jazzy/opt/gz_utils_vendor/lib:/opt/ros/jazzy/opt/gz_tools_vendor/lib:/opt/ros/jazzy/opt/gz_ogre_next_vendor/lib:/opt/ros/jazzy/opt/gz_dartsim_vendor/lib:/opt/ros/jazzy/opt/gz_cmake_vendor/lib:/opt/ros/jazzy/lib PYTHONPATH=/home/mikks/ros2_px4_ws/build/px4_actuator_ctrl/prefix_override:/usr/lib/python3/dist-packages/colcon_core/task/python/colcon_distutils_commands:/home/mikks/ros2_px4_ws/install/px4_actuator_ctrl/lib/python3.12/site-packages:/home/mikks/ros2_px4_ws/install/px4_msgs/lib/python3.12/site-packages:/home/mikks/ros2_px4_ws/build/x500_hover_controller:/home/mikks/ros2_px4_ws/install/x500_hover_controller/lib/python3.12/site-packages:/home/mikks/ros2_px4_ws/install/px4_ros_com/lib/python3.12/site-packages:/home/mikks/ros2_px4_ws/build/example_mode_with_rclpy_py:/home/mikks/ros2_px4_ws/install/example_mode_with_rclpy_py/lib/python3.12/site-packages:/home/mikks/ros2_px4_ws/build/example_mode_goto_py:/home/mikks/ros2_px4_ws/install/example_mode_goto_py/lib/python3.12/site-packages:/home/mikks/ros2_px4_ws/install/px4_ros2_py/lib/python3.12/site-packages:/home/mikks/ros2_px4_ws/build/px4_actuator_ctrl:/home/mikks/ros2_px4_ws/install/px4_actuator_ctrl/lib/python3.12/site-packages:/home/mikks/ros2_ws/build/rover_desc_description:/home/mikks/ros2_ws/install/rover_desc_description/lib/python3.12/site-packages:/home/mikks/ros2_ws/install/px4_actuator_ctrl/lib/python3.12/site-packages:/home/mikks/ros2_ws/build/mine_rover_description:/home/mikks/ros2_ws/install/mine_rover_description/lib/python3.12/site-packages:/home/mikks/ros2_ws/build/ZerionURDFV5cp_description:/home/mikks/ros2_ws/install/ZerionURDFV5cp_description/lib/python3.12/site-packages:/home/mikks/crazyflie_mapping_demo/ros2_ws/install/velocity_free_consensus/lib/python3.12/site-packages:/home/mikks/crazyflie_mapping_demo/ros2_ws/install/stepwise_lowpos/lib/python3.12/site-packages:/home/mikks/crazyflie_mapping_demo/ros2_ws/install/step_wise_lowpos/lib/python3.12/site-packages:/home/mikks/crazyflie_mapping_demo/ros2_ws/install/second_order_formation_control/lib/python3.12/site-packages:/home/mikks/crazyflie_mapping_demo/ros2_ws/install/ros_gz_crazyflie_control/lib/python3.12/site-packages:/home/mikks/crazyflie_mapping_demo/ros2_ws/install/mixed_fractional_consensus/lib/python3.12/site-packages:/home/mikks/crazyflie_mapping_demo/ros2_ws/install/lowest_pos/lib/python3.12/site-packages:/home/mikks/crazyflie_mapping_demo/ros2_ws/install/linear_consensus/lib/python3.12/site-packages:/home/mikks/crazyflie_mapping_demo/ros2_ws/install/highest_pos/lib/python3.12/site-packages:/home/mikks/crazyflie_mapping_demo/ros2_ws/install/fractional_consensus_alpha/lib/python3.12/site-packages:/home/mikks/crazyflie_mapping_demo/ros2_ws/install/event_triggered_swarm/lib/python3.12/site-packages:/home/mikks/crazyflie_mapping_demo/ros2_ws/install/drone_logger/lib/python3.12/site-packages:/home/mikks/crazyflie_mapping_demo/ros2_ws/install/distributed_average_tracking/lib/python3.12/site-packages:/home/mikks/crazyflie_mapping_demo/ros2_ws/install/crazyflie_swarm_logic/lib/python3.12/site-packages:/home/mikks/crazyflie_mapping_demo/ros2_ws/install/crazyflie_sim/lib/python3.12/site-packages:/home/mikks/crazyflie_mapping_demo/ros2_ws/install/crazyflie_ros2_multiranger_wall_following/lib/python3.12/site-packages:/home/mikks/crazyflie_mapping_demo/ros2_ws/install/crazyflie_ros2_multiranger_simple_mapper/lib/python3.12/site-packages:/home/mikks/crazyflie_mapping_demo/ros2_ws/install/crazyflie_examples/lib/python3.12/site-packages:/home/mikks/crazyflie_mapping_demo/ros2_ws/install/crazyflie_py/lib/python3.12/site-packages:/home/mikks/crazyflie_mapping_demo/ros2_ws/install/crazyflie_interfaces/lib/python3.12/site-packages:/home/mikks/crazyflie_mapping_demo/ros2_ws/install/cooperative_target_centric_formation/lib/python3.12/site-packages:/home/mikks/crazyflie_mapping_demo/ros2_ws/install/containment_using_agent_information/lib/python3.12/site-packages:/home/mikks/crazyflie_mapping_demo/ros2_ws/install/consensus_for_double_integrator/lib/python3.12/site-packages:/home/mikks/crazyflie_mapping_demo/ros2_ws/install/consensus_alignment/lib/python3.12/site-packages:/home/mikks/crazyflie_mapping_demo/ros2_ws/install/binary_consensus/lib/python3.12/site-packages:/home/mikks/crazyflie_mapping_demo/ros2_ws/install/Second_Order_Min_Consensus_for_Heterogeneous_Agents/lib/python3.12/site-packages:/home/mikks/crazyflie_mapping_demo/ros2_ws/install/BinaryContainmentChain/lib/python3.12/site-packages:/opt/ros/jazzy/lib/python3.12/site-packages /usr/bin/python3 -W ignore:setup.py install is deprecated -W ignore:easy_install command is deprecated setup.py develop --editable --build-directory /home/mikks/ros2_px4_ws/build/px4_actuator_ctrl/build --no-deps symlink_data
[5.999s] INFO:colcon.colcon_core.shell:Creating package script '/home/mikks/ros2_px4_ws/install/px4_actuator_ctrl/share/px4_actuator_ctrl/package.bash'
[5.999s] INFO:colcon.colcon_core.shell:Creating package script '/home/mikks/ros2_px4_ws/install/px4_actuator_ctrl/share/px4_actuator_ctrl/package.zsh'
[6.000s] Level 1:colcon.colcon_core.environment:create_file_with_runtime_dependencies(/home/mikks/ros2_px4_ws/install/px4_actuator_ctrl/share/colcon-core/packages/px4_actuator_ctrl)
[6.044s] Level 1:colcon.colcon_core.shell:create_environment_hook('x500_hover_controller', 'pythonpath_develop')
[6.044s] INFO:colcon.colcon_core.shell:Creating environment hook '/home/mikks/ros2_px4_ws/build/x500_hover_controller/share/x500_hover_controller/hook/pythonpath_develop.ps1'
[6.045s] DEBUG:colcon.colcon_core.event_handler.log_command:Invoked command in '/home/mikks/ros2_px4_ws/build/x500_hover_controller' returned '0': CMAKE_PREFIX_PATH=/home/mikks/ros2_px4_ws/install/px4_msgs:/home/mikks/ros2_px4_ws/install/px4_ros_com:/home/mikks/ros2_px4_ws/install/px4_ros2_py:/home/mikks/ros2_px4_ws/install/example_rover_velocity_mode_cpp:/home/mikks/ros2_px4_ws/install/example_mode_with_executor_cpp:/home/mikks/ros2_px4_ws/install/example_mode_vtol_cpp:/home/mikks/ros2_px4_ws/install/example_mode_rtl_replacement_cpp:/home/mikks/ros2_px4_ws/install/example_mode_mission_cpp:/home/mikks/ros2_px4_ws/install/example_mode_manual_cpp:/home/mikks/ros2_px4_ws/install/example_mode_goto_global_cpp:/home/mikks/ros2_px4_ws/install/example_mode_goto_cpp:/home/mikks/ros2_px4_ws/install/example_mode_fw_attitude_cpp:/home/mikks/ros2_px4_ws/install/example_local_navigation_cpp:/home/mikks/ros2_px4_ws/install/example_global_navigation_cpp:/home/mikks/ros2_px4_ws/install/example_executor_with_multiple_modes_cpp:/home/mikks/ros2_px4_ws/install/px4_ros2_cpp:/home/mikks/crazyflie_mapping_demo/ros2_ws/install/crazyflie_ros2_multiranger_bringup:/home/mikks/crazyflie_mapping_demo/ros2_ws/install/ros_gz_crazyflie_bringup:/home/mikks/crazyflie_mapping_demo/ros2_ws/install/ros_gz_crazyflie_gazebo:/home/mikks/crazyflie_mapping_demo/ros2_ws/install/crazyflie_sim:/home/mikks/crazyflie_mapping_demo/ros2_ws/install/crazyflie_examples:/home/mikks/crazyflie_mapping_demo/ros2_ws/install/crazyflie:/home/mikks/crazyflie_mapping_demo/ros2_ws/install/crazyflie_interfaces:/opt/ros/jazzy/opt/gz_sim_vendor:/opt/ros/jazzy/opt/gz_sensors_vendor:/opt/ros/jazzy/opt/gz_physics_vendor:/opt/ros/jazzy/opt/sdformat_vendor:/opt/ros/jazzy/opt/gz_gui_vendor:/opt/ros/jazzy/opt/gz_transport_vendor:/opt/ros/jazzy/opt/gz_rendering_vendor:/opt/ros/jazzy/opt/gz_plugin_vendor:/opt/ros/jazzy/opt/gz_fuel_tools_vendor:/opt/ros/jazzy/opt/gz_msgs_vendor:/opt/ros/jazzy/opt/gz_common_vendor:/opt/ros/jazzy/opt/gz_math_vendor:/opt/ros/jazzy/opt/gz_utils_vendor:/opt/ros/jazzy/opt/gz_tools_vendor:/opt/ros/jazzy/opt/gz_ogre_next_vendor:/opt/ros/jazzy/opt/gz_dartsim_vendor:/opt/ros/jazzy/opt/gz_cmake_vendor DEBUGINFOD_URLS=https://debuginfod.ubuntu.com LD_LIBRARY_PATH=/home/mikks/ros2_px4_ws/install/px4_msgs/lib:/home/mikks/ros2_px4_ws/install/px4_ros_com/lib:/home/mikks/ros2_px4_ws/install/px4_ros2_cpp/lib:/home/mikks/NatNet_SDK_4.3_ubuntu/lib:/home/mikks/crazyflie_mapping_demo/ros2_ws/install/crazyflie_interfaces/lib:/opt/ros/jazzy/opt/gz_sim_vendor/lib:/opt/ros/jazzy/opt/gz_sensors_vendor/lib:/opt/ros/jazzy/opt/gz_physics_vendor/lib:/opt/ros/jazzy/opt/sdformat_vendor/lib:/opt/ros/jazzy/opt/rviz_ogre_vendor/lib:/opt/ros/jazzy/lib/x86_64-linux-gnu:/opt/ros/jazzy/opt/gz_gui_vendor/lib:/opt/ros/jazzy/opt/gz_transport_vendor/lib:/opt/ros/jazzy/opt/gz_rendering_vendor/lib:/opt/ros/jazzy/opt/gz_plugin_vendor/lib:/opt/ros/jazzy/opt/gz_fuel_tools_vendor/lib:/opt/ros/jazzy/opt/gz_msgs_vendor/lib:/opt/ros/jazzy/opt/gz_common_vendor/lib:/opt/ros/jazzy/opt/gz_math_vendor/lib:/opt/ros/jazzy/opt/gz_utils_vendor/lib:/opt/ros/jazzy/opt/gz_tools_vendor/lib:/opt/ros/jazzy/opt/gz_ogre_next_vendor/lib:/opt/ros/jazzy/opt/gz_dartsim_vendor/lib:/opt/ros/jazzy/opt/gz_cmake_vendor/lib:/opt/ros/jazzy/lib PYTHONPATH=/home/mikks/ros2_px4_ws/build/x500_hover_controller/prefix_override:/usr/lib/python3/dist-packages/colcon_core/task/python/colcon_distutils_commands:/home/mikks/ros2_px4_ws/install/x500_hover_controller/lib/python3.12/site-packages:/home/mikks/ros2_px4_ws/install/px4_msgs/lib/python3.12/site-packages:/home/mikks/ros2_px4_ws/build/x500_hover_controller:/home/mikks/ros2_px4_ws/install/x500_hover_controller/lib/python3.12/site-packages:/home/mikks/ros2_px4_ws/install/px4_ros_com/lib/python3.12/site-packages:/home/mikks/ros2_px4_ws/build/example_mode_with_rclpy_py:/home/mikks/ros2_px4_ws/install/example_mode_with_rclpy_py/lib/python3.12/site-packages:/home/mikks/ros2_px4_ws/build/example_mode_goto_py:/home/mikks/ros2_px4_ws/install/example_mode_goto_py/lib/python3.12/site-packages:/home/mikks/ros2_px4_ws/install/px4_ros2_py/lib/python3.12/site-packages:/home/mikks/ros2_px4_ws/build/px4_actuator_ctrl:/home/mikks/ros2_px4_ws/install/px4_actuator_ctrl/lib/python3.12/site-packages:/home/mikks/ros2_ws/build/rover_desc_description:/home/mikks/ros2_ws/install/rover_desc_description/lib/python3.12/site-packages:/home/mikks/ros2_ws/install/px4_actuator_ctrl/lib/python3.12/site-packages:/home/mikks/ros2_ws/build/mine_rover_description:/home/mikks/ros2_ws/install/mine_rover_description/lib/python3.12/site-packages:/home/mikks/ros2_ws/build/ZerionURDFV5cp_description:/home/mikks/ros2_ws/install/ZerionURDFV5cp_description/lib/python3.12/site-packages:/home/mikks/crazyflie_mapping_demo/ros2_ws/install/velocity_free_consensus/lib/python3.12/site-packages:/home/mikks/crazyflie_mapping_demo/ros2_ws/install/stepwise_lowpos/lib/python3.12/site-packages:/home/mikks/crazyflie_mapping_demo/ros2_ws/install/step_wise_lowpos/lib/python3.12/site-packages:/home/mikks/crazyflie_mapping_demo/ros2_ws/install/second_order_formation_control/lib/python3.12/site-packages:/home/mikks/crazyflie_mapping_demo/ros2_ws/install/ros_gz_crazyflie_control/lib/python3.12/site-packages:/home/mikks/crazyflie_mapping_demo/ros2_ws/install/mixed_fractional_consensus/lib/python3.12/site-packages:/home/mikks/crazyflie_mapping_demo/ros2_ws/install/lowest_pos/lib/python3.12/site-packages:/home/mikks/crazyflie_mapping_demo/ros2_ws/install/linear_consensus/lib/python3.12/site-packages:/home/mikks/crazyflie_mapping_demo/ros2_ws/install/highest_pos/lib/python3.12/site-packages:/home/mikks/crazyflie_mapping_demo/ros2_ws/install/fractional_consensus_alpha/lib/python3.12/site-packages:/home/mikks/crazyflie_mapping_demo/ros2_ws/install/event_triggered_swarm/lib/python3.12/site-packages:/home/mikks/crazyflie_mapping_demo/ros2_ws/install/drone_logger/lib/python3.12/site-packages:/home/mikks/crazyflie_mapping_demo/ros2_ws/install/distributed_average_tracking/lib/python3.12/site-packages:/home/mikks/crazyflie_mapping_demo/ros2_ws/install/crazyflie_swarm_logic/lib/python3.12/site-packages:/home/mikks/crazyflie_mapping_demo/ros2_ws/install/crazyflie_sim/lib/python3.12/site-packages:/home/mikks/crazyflie_mapping_demo/ros2_ws/install/crazyflie_ros2_multiranger_wall_following/lib/python3.12/site-packages:/home/mikks/crazyflie_mapping_demo/ros2_ws/install/crazyflie_ros2_multiranger_simple_mapper/lib/python3.12/site-packages:/home/mikks/crazyflie_mapping_demo/ros2_ws/install/crazyflie_examples/lib/python3.12/site-packages:/home/mikks/crazyflie_mapping_demo/ros2_ws/install/crazyflie_py/lib/python3.12/site-packages:/home/mikks/crazyflie_mapping_demo/ros2_ws/install/crazyflie_interfaces/lib/python3.12/site-packages:/home/mikks/crazyflie_mapping_demo/ros2_ws/install/cooperative_target_centric_formation/lib/python3.12/site-packages:/home/mikks/crazyflie_mapping_demo/ros2_ws/install/containment_using_agent_information/lib/python3.12/site-packages:/home/mikks/crazyflie_mapping_demo/ros2_ws/install/consensus_for_double_integrator/lib/python3.12/site-packages:/home/mikks/crazyflie_mapping_demo/ros2_ws/install/consensus_alignment/lib/python3.12/site-packages:/home/mikks/crazyflie_mapping_demo/ros2_ws/install/binary_consensus/lib/python3.12/site-packages:/home/mikks/crazyflie_mapping_demo/ros2_ws/install/Second_Order_Min_Consensus_for_Heterogeneous_Agents/lib/python3.12/site-packages:/home/mikks/crazyflie_mapping_demo/ros2_ws/install/BinaryContainmentChain/lib/python3.12/site-packages:/opt/ros/jazzy/lib/python3.12/site-packages /usr/bin/python3 -W ignore:setup.py install is deprecated -W ignore:easy_install command is deprecated setup.py develop --editable --build-directory /home/mikks/ros2_px4_ws/build/x500_hover_controller/build --no-deps symlink_data
[6.045s] INFO:colcon.colcon_core.shell:Creating environment descriptor '/home/mikks/ros2_px4_ws/build/x500_hover_controller/share/x500_hover_controller/hook/pythonpath_develop.dsv'
[6.046s] INFO:colcon.colcon_core.shell:Creating environment hook '/home/mikks/ros2_px4_ws/build/x500_hover_controller/share/x500_hover_controller/hook/pythonpath_develop.sh'
[6.046s] Level 1:colcon.colcon_core.environment:checking '/home/mikks/ros2_px4_ws/install/x500_hover_controller' for CMake module files
[6.047s] Level 1:colcon.colcon_core.environment:checking '/home/mikks/ros2_px4_ws/install/x500_hover_controller' for CMake config files
[6.047s] Level 1:colcon.colcon_core.environment:checking '/home/mikks/ros2_px4_ws/install/x500_hover_controller/lib'
[6.047s] Level 1:colcon.colcon_core.environment:checking '/home/mikks/ros2_px4_ws/install/x500_hover_controller/bin'
[6.047s] Level 1:colcon.colcon_core.environment:checking '/home/mikks/ros2_px4_ws/install/x500_hover_controller/lib/pkgconfig/x500_hover_controller.pc'
[6.047s] Level 1:colcon.colcon_core.environment:checking '/home/mikks/ros2_px4_ws/install/x500_hover_controller/lib/python3.12/site-packages'
[6.048s] Level 1:colcon.colcon_core.shell:create_environment_hook('x500_hover_controller', 'pythonpath')
[6.048s] INFO:colcon.colcon_core.shell:Creating environment hook '/home/mikks/ros2_px4_ws/install/x500_hover_controller/share/x500_hover_controller/hook/pythonpath.ps1'
[6.048s] INFO:colcon.colcon_core.shell:Creating environment descriptor '/home/mikks/ros2_px4_ws/install/x500_hover_controller/share/x500_hover_controller/hook/pythonpath.dsv'
[6.048s] INFO:colcon.colcon_core.shell:Creating environment hook '/home/mikks/ros2_px4_ws/install/x500_hover_controller/share/x500_hover_controller/hook/pythonpath.sh'
[6.049s] Level 1:colcon.colcon_core.environment:checking '/home/mikks/ros2_px4_ws/install/x500_hover_controller/bin'
[6.049s] Level 1:colcon.colcon_core.environment:create_environment_scripts_only(x500_hover_controller)
[6.049s] INFO:colcon.colcon_core.shell:Creating package script '/home/mikks/ros2_px4_ws/install/x500_hover_controller/share/x500_hover_controller/package.ps1'
[6.050s] INFO:colcon.colcon_core.shell:Creating package descriptor '/home/mikks/ros2_px4_ws/install/x500_hover_controller/share/x500_hover_controller/package.dsv'
[6.050s] INFO:colcon.colcon_core.shell:Creating package script '/home/mikks/ros2_px4_ws/install/x500_hover_controller/share/x500_hover_controller/package.sh'
[6.050s] INFO:colcon.colcon_core.shell:Creating package script '/home/mikks/ros2_px4_ws/install/x500_hover_controller/share/x500_hover_controller/package.bash'
[6.051s] INFO:colcon.colcon_core.shell:Creating package script '/home/mikks/ros2_px4_ws/install/x500_hover_controller/share/x500_hover_controller/package.zsh'
[6.051s] Level 1:colcon.colcon_core.environment:create_file_with_runtime_dependencies(/home/mikks/ros2_px4_ws/install/x500_hover_controller/share/colcon-core/packages/x500_hover_controller)
[6.731s] Level 1:colcon.colcon_core.shell:create_environment_hook('example_mode_with_rclpy_py', 'pythonpath_develop')
[6.731s] INFO:colcon.colcon_core.shell:Creating environment hook '/home/mikks/ros2_px4_ws/build/example_mode_with_rclpy_py/share/example_mode_with_rclpy_py/hook/pythonpath_develop.ps1'
[6.732s] DEBUG:colcon.colcon_core.event_handler.log_command:Invoked command in '/home/mikks/ros2_px4_ws/build/example_mode_with_rclpy_py' returned '0': CMAKE_PREFIX_PATH=/home/mikks/ros2_px4_ws/install/px4_ros2_py:/home/mikks/ros2_px4_ws/install/px4_ros2_cpp:/home/mikks/ros2_px4_ws/install/px4_msgs:/home/mikks/ros2_px4_ws/install/px4_ros_com:/home/mikks/ros2_px4_ws/install/example_rover_velocity_mode_cpp:/home/mikks/ros2_px4_ws/install/example_mode_with_executor_cpp:/home/mikks/ros2_px4_ws/install/example_mode_vtol_cpp:/home/mikks/ros2_px4_ws/install/example_mode_rtl_replacement_cpp:/home/mikks/ros2_px4_ws/install/example_mode_mission_cpp:/home/mikks/ros2_px4_ws/install/example_mode_manual_cpp:/home/mikks/ros2_px4_ws/install/example_mode_goto_global_cpp:/home/mikks/ros2_px4_ws/install/example_mode_goto_cpp:/home/mikks/ros2_px4_ws/install/example_mode_fw_attitude_cpp:/home/mikks/ros2_px4_ws/install/example_local_navigation_cpp:/home/mikks/ros2_px4_ws/install/example_global_navigation_cpp:/home/mikks/ros2_px4_ws/install/example_executor_with_multiple_modes_cpp:/home/mikks/crazyflie_mapping_demo/ros2_ws/install/crazyflie_ros2_multiranger_bringup:/home/mikks/crazyflie_mapping_demo/ros2_ws/install/ros_gz_crazyflie_bringup:/home/mikks/crazyflie_mapping_demo/ros2_ws/install/ros_gz_crazyflie_gazebo:/home/mikks/crazyflie_mapping_demo/ros2_ws/install/crazyflie_sim:/home/mikks/crazyflie_mapping_demo/ros2_ws/install/crazyflie_examples:/home/mikks/crazyflie_mapping_demo/ros2_ws/install/crazyflie:/home/mikks/crazyflie_mapping_demo/ros2_ws/install/crazyflie_interfaces:/opt/ros/jazzy/opt/gz_sim_vendor:/opt/ros/jazzy/opt/gz_sensors_vendor:/opt/ros/jazzy/opt/gz_physics_vendor:/opt/ros/jazzy/opt/sdformat_vendor:/opt/ros/jazzy/opt/gz_gui_vendor:/opt/ros/jazzy/opt/gz_transport_vendor:/opt/ros/jazzy/opt/gz_rendering_vendor:/opt/ros/jazzy/opt/gz_plugin_vendor:/opt/ros/jazzy/opt/gz_fuel_tools_vendor:/opt/ros/jazzy/opt/gz_msgs_vendor:/opt/ros/jazzy/opt/gz_common_vendor:/opt/ros/jazzy/opt/gz_math_vendor:/opt/ros/jazzy/opt/gz_utils_vendor:/opt/ros/jazzy/opt/gz_tools_vendor:/opt/ros/jazzy/opt/gz_ogre_next_vendor:/opt/ros/jazzy/opt/gz_dartsim_vendor:/opt/ros/jazzy/opt/gz_cmake_vendor DEBUGINFOD_URLS=https://debuginfod.ubuntu.com LD_LIBRARY_PATH=/home/mikks/ros2_px4_ws/install/px4_ros2_cpp/lib:/home/mikks/ros2_px4_ws/install/px4_msgs/lib:/home/mikks/ros2_px4_ws/install/px4_ros_com/lib:/home/mikks/NatNet_SDK_4.3_ubuntu/lib:/home/mikks/crazyflie_mapping_demo/ros2_ws/install/crazyflie_interfaces/lib:/opt/ros/jazzy/opt/gz_sim_vendor/lib:/opt/ros/jazzy/opt/gz_sensors_vendor/lib:/opt/ros/jazzy/opt/gz_physics_vendor/lib:/opt/ros/jazzy/opt/sdformat_vendor/lib:/opt/ros/jazzy/opt/rviz_ogre_vendor/lib:/opt/ros/jazzy/lib/x86_64-linux-gnu:/opt/ros/jazzy/opt/gz_gui_vendor/lib:/opt/ros/jazzy/opt/gz_transport_vendor/lib:/opt/ros/jazzy/opt/gz_rendering_vendor/lib:/opt/ros/jazzy/opt/gz_plugin_vendor/lib:/opt/ros/jazzy/opt/gz_fuel_tools_vendor/lib:/opt/ros/jazzy/opt/gz_msgs_vendor/lib:/opt/ros/jazzy/opt/gz_common_vendor/lib:/opt/ros/jazzy/opt/gz_math_vendor/lib:/opt/ros/jazzy/opt/gz_utils_vendor/lib:/opt/ros/jazzy/opt/gz_tools_vendor/lib:/opt/ros/jazzy/opt/gz_ogre_next_vendor/lib:/opt/ros/jazzy/opt/gz_dartsim_vendor/lib:/opt/ros/jazzy/opt/gz_cmake_vendor/lib:/opt/ros/jazzy/lib PYTHONPATH=/home/mikks/ros2_px4_ws/build/example_mode_with_rclpy_py/prefix_override:/usr/lib/python3/dist-packages/colcon_core/task/python/colcon_distutils_commands:/home/mikks/ros2_px4_ws/install/example_mode_with_rclpy_py/lib/python3.12/site-packages:/home/mikks/ros2_px4_ws/install/px4_ros2_py/lib/python3.12/site-packages:/home/mikks/ros2_px4_ws/install/px4_msgs/lib/python3.12/site-packages:/home/mikks/ros2_px4_ws/build/x500_hover_controller:/home/mikks/ros2_px4_ws/install/x500_hover_controller/lib/python3.12/site-packages:/home/mikks/ros2_px4_ws/install/px4_ros_com/lib/python3.12/site-packages:/home/mikks/ros2_px4_ws/build/example_mode_with_rclpy_py:/home/mikks/ros2_px4_ws/install/example_mode_with_rclpy_py/lib/python3.12/site-packages:/home/mikks/ros2_px4_ws/build/example_mode_goto_py:/home/mikks/ros2_px4_ws/install/example_mode_goto_py/lib/python3.12/site-packages:/home/mikks/ros2_px4_ws/build/px4_actuator_ctrl:/home/mikks/ros2_px4_ws/install/px4_actuator_ctrl/lib/python3.12/site-packages:/home/mikks/ros2_ws/build/rover_desc_description:/home/mikks/ros2_ws/install/rover_desc_description/lib/python3.12/site-packages:/home/mikks/ros2_ws/install/px4_actuator_ctrl/lib/python3.12/site-packages:/home/mikks/ros2_ws/build/mine_rover_description:/home/mikks/ros2_ws/install/mine_rover_description/lib/python3.12/site-packages:/home/mikks/ros2_ws/build/ZerionURDFV5cp_description:/home/mikks/ros2_ws/install/ZerionURDFV5cp_description/lib/python3.12/site-packages:/home/mikks/crazyflie_mapping_demo/ros2_ws/install/velocity_free_consensus/lib/python3.12/site-packages:/home/mikks/crazyflie_mapping_demo/ros2_ws/install/stepwise_lowpos/lib/python3.12/site-packages:/home/mikks/crazyflie_mapping_demo/ros2_ws/install/step_wise_lowpos/lib/python3.12/site-packages:/home/mikks/crazyflie_mapping_demo/ros2_ws/install/second_order_formation_control/lib/python3.12/site-packages:/home/mikks/crazyflie_mapping_demo/ros2_ws/install/ros_gz_crazyflie_control/lib/python3.12/site-packages:/home/mikks/crazyflie_mapping_demo/ros2_ws/install/mixed_fractional_consensus/lib/python3.12/site-packages:/home/mikks/crazyflie_mapping_demo/ros2_ws/install/lowest_pos/lib/python3.12/site-packages:/home/mikks/crazyflie_mapping_demo/ros2_ws/install/linear_consensus/lib/python3.12/site-packages:/home/mikks/crazyflie_mapping_demo/ros2_ws/install/highest_pos/lib/python3.12/site-packages:/home/mikks/crazyflie_mapping_demo/ros2_ws/install/fractional_consensus_alpha/lib/python3.12/site-packages:/home/mikks/crazyflie_mapping_demo/ros2_ws/install/event_triggered_swarm/lib/python3.12/site-packages:/home/mikks/crazyflie_mapping_demo/ros2_ws/install/drone_logger/lib/python3.12/site-packages:/home/mikks/crazyflie_mapping_demo/ros2_ws/install/distributed_average_tracking/lib/python3.12/site-packages:/home/mikks/crazyflie_mapping_demo/ros2_ws/install/crazyflie_swarm_logic/lib/python3.12/site-packages:/home/mikks/crazyflie_mapping_demo/ros2_ws/install/crazyflie_sim/lib/python3.12/site-packages:/home/mikks/crazyflie_mapping_demo/ros2_ws/install/crazyflie_ros2_multiranger_wall_following/lib/python3.12/site-packages:/home/mikks/crazyflie_mapping_demo/ros2_ws/install/crazyflie_ros2_multiranger_simple_mapper/lib/python3.12/site-packages:/home/mikks/crazyflie_mapping_demo/ros2_ws/install/crazyflie_examples/lib/python3.12/site-packages:/home/mikks/crazyflie_mapping_demo/ros2_ws/install/crazyflie_py/lib/python3.12/site-packages:/home/mikks/crazyflie_mapping_demo/ros2_ws/install/crazyflie_interfaces/lib/python3.12/site-packages:/home/mikks/crazyflie_mapping_demo/ros2_ws/install/cooperative_target_centric_formation/lib/python3.12/site-packages:/home/mikks/crazyflie_mapping_demo/ros2_ws/install/containment_using_agent_information/lib/python3.12/site-packages:/home/mikks/crazyflie_mapping_demo/ros2_ws/install/consensus_for_double_integrator/lib/python3.12/site-packages:/home/mikks/crazyflie_mapping_demo/ros2_ws/install/consensus_alignment/lib/python3.12/site-packages:/home/mikks/crazyflie_mapping_demo/ros2_ws/install/binary_consensus/lib/python3.12/site-packages:/home/mikks/crazyflie_mapping_demo/ros2_ws/install/Second_Order_Min_Consensus_for_Heterogeneous_Agents/lib/python3.12/site-packages:/home/mikks/crazyflie_mapping_demo/ros2_ws/install/BinaryContainmentChain/lib/python3.12/site-packages:/opt/ros/jazzy/lib/python3.12/site-packages /usr/bin/python3 -W ignore:setup.py install is deprecated -W ignore:easy_install command is deprecated setup.py develop --editable --build-directory /home/mikks/ros2_px4_ws/build/example_mode_with_rclpy_py/build --no-deps symlink_data
[6.732s] INFO:colcon.colcon_core.shell:Creating environment descriptor '/home/mikks/ros2_px4_ws/build/example_mode_with_rclpy_py/share/example_mode_with_rclpy_py/hook/pythonpath_develop.dsv'
[6.733s] INFO:colcon.colcon_core.shell:Creating environment hook '/home/mikks/ros2_px4_ws/build/example_mode_with_rclpy_py/share/example_mode_with_rclpy_py/hook/pythonpath_develop.sh'
[6.733s] Level 1:colcon.colcon_core.environment:checking '/home/mikks/ros2_px4_ws/install/example_mode_with_rclpy_py' for CMake module files
[6.733s] Level 1:colcon.colcon_core.environment:checking '/home/mikks/ros2_px4_ws/install/example_mode_with_rclpy_py' for CMake config files
[6.734s] Level 1:colcon.colcon_core.environment:checking '/home/mikks/ros2_px4_ws/install/example_mode_with_rclpy_py/lib'
[6.734s] Level 1:colcon.colcon_core.environment:checking '/home/mikks/ros2_px4_ws/install/example_mode_with_rclpy_py/bin'
[6.734s] Level 1:colcon.colcon_core.environment:checking '/home/mikks/ros2_px4_ws/install/example_mode_with_rclpy_py/lib/pkgconfig/example_mode_with_rclpy_py.pc'
[6.734s] Level 1:colcon.colcon_core.environment:checking '/home/mikks/ros2_px4_ws/install/example_mode_with_rclpy_py/lib/python3.12/site-packages'
[6.734s] Level 1:colcon.colcon_core.shell:create_environment_hook('example_mode_with_rclpy_py', 'pythonpath')
[6.734s] INFO:colcon.colcon_core.shell:Creating environment hook '/home/mikks/ros2_px4_ws/install/example_mode_with_rclpy_py/share/example_mode_with_rclpy_py/hook/pythonpath.ps1'
[6.735s] INFO:colcon.colcon_core.shell:Creating environment descriptor '/home/mikks/ros2_px4_ws/install/example_mode_with_rclpy_py/share/example_mode_with_rclpy_py/hook/pythonpath.dsv'
[6.735s] INFO:colcon.colcon_core.shell:Creating environment hook '/home/mikks/ros2_px4_ws/install/example_mode_with_rclpy_py/share/example_mode_with_rclpy_py/hook/pythonpath.sh'
[6.735s] Level 1:colcon.colcon_core.environment:checking '/home/mikks/ros2_px4_ws/install/example_mode_with_rclpy_py/bin'
[6.736s] Level 1:colcon.colcon_core.environment:create_environment_scripts_only(example_mode_with_rclpy_py)
[6.736s] INFO:colcon.colcon_core.shell:Creating package script '/home/mikks/ros2_px4_ws/install/example_mode_with_rclpy_py/share/example_mode_with_rclpy_py/package.ps1'
[6.736s] INFO:colcon.colcon_core.shell:Creating package descriptor '/home/mikks/ros2_px4_ws/install/example_mode_with_rclpy_py/share/example_mode_with_rclpy_py/package.dsv'
[6.737s] INFO:colcon.colcon_core.shell:Creating package script '/home/mikks/ros2_px4_ws/install/example_mode_with_rclpy_py/share/example_mode_with_rclpy_py/package.sh'
[6.737s] INFO:colcon.colcon_core.shell:Creating package script '/home/mikks/ros2_px4_ws/install/example_mode_with_rclpy_py/share/example_mode_with_rclpy_py/package.bash'
[6.737s] INFO:colcon.colcon_core.shell:Creating package script '/home/mikks/ros2_px4_ws/install/example_mode_with_rclpy_py/share/example_mode_with_rclpy_py/package.zsh'
[6.737s] Level 1:colcon.colcon_core.environment:create_file_with_runtime_dependencies(/home/mikks/ros2_px4_ws/install/example_mode_with_rclpy_py/share/colcon-core/packages/example_mode_with_rclpy_py)
[6.756s] Level 1:colcon.colcon_core.shell:create_environment_hook('example_mode_goto_py', 'pythonpath_develop')
[6.756s] INFO:colcon.colcon_core.shell:Creating environment hook '/home/mikks/ros2_px4_ws/build/example_mode_goto_py/share/example_mode_goto_py/hook/pythonpath_develop.ps1'
[6.756s] DEBUG:colcon.colcon_core.event_handler.log_command:Invoked command in '/home/mikks/ros2_px4_ws/build/example_mode_goto_py' returned '0': CMAKE_PREFIX_PATH=/home/mikks/ros2_px4_ws/install/px4_ros2_py:/home/mikks/ros2_px4_ws/install/px4_ros2_cpp:/home/mikks/ros2_px4_ws/install/px4_msgs:/home/mikks/ros2_px4_ws/install/px4_ros_com:/home/mikks/ros2_px4_ws/install/example_rover_velocity_mode_cpp:/home/mikks/ros2_px4_ws/install/example_mode_with_executor_cpp:/home/mikks/ros2_px4_ws/install/example_mode_vtol_cpp:/home/mikks/ros2_px4_ws/install/example_mode_rtl_replacement_cpp:/home/mikks/ros2_px4_ws/install/example_mode_mission_cpp:/home/mikks/ros2_px4_ws/install/example_mode_manual_cpp:/home/mikks/ros2_px4_ws/install/example_mode_goto_global_cpp:/home/mikks/ros2_px4_ws/install/example_mode_goto_cpp:/home/mikks/ros2_px4_ws/install/example_mode_fw_attitude_cpp:/home/mikks/ros2_px4_ws/install/example_local_navigation_cpp:/home/mikks/ros2_px4_ws/install/example_global_navigation_cpp:/home/mikks/ros2_px4_ws/install/example_executor_with_multiple_modes_cpp:/home/mikks/crazyflie_mapping_demo/ros2_ws/install/crazyflie_ros2_multiranger_bringup:/home/mikks/crazyflie_mapping_demo/ros2_ws/install/ros_gz_crazyflie_bringup:/home/mikks/crazyflie_mapping_demo/ros2_ws/install/ros_gz_crazyflie_gazebo:/home/mikks/crazyflie_mapping_demo/ros2_ws/install/crazyflie_sim:/home/mikks/crazyflie_mapping_demo/ros2_ws/install/crazyflie_examples:/home/mikks/crazyflie_mapping_demo/ros2_ws/install/crazyflie:/home/mikks/crazyflie_mapping_demo/ros2_ws/install/crazyflie_interfaces:/opt/ros/jazzy/opt/gz_sim_vendor:/opt/ros/jazzy/opt/gz_sensors_vendor:/opt/ros/jazzy/opt/gz_physics_vendor:/opt/ros/jazzy/opt/sdformat_vendor:/opt/ros/jazzy/opt/gz_gui_vendor:/opt/ros/jazzy/opt/gz_transport_vendor:/opt/ros/jazzy/opt/gz_rendering_vendor:/opt/ros/jazzy/opt/gz_plugin_vendor:/opt/ros/jazzy/opt/gz_fuel_tools_vendor:/opt/ros/jazzy/opt/gz_msgs_vendor:/opt/ros/jazzy/opt/gz_common_vendor:/opt/ros/jazzy/opt/gz_math_vendor:/opt/ros/jazzy/opt/gz_utils_vendor:/opt/ros/jazzy/opt/gz_tools_vendor:/opt/ros/jazzy/opt/gz_ogre_next_vendor:/opt/ros/jazzy/opt/gz_dartsim_vendor:/opt/ros/jazzy/opt/gz_cmake_vendor DEBUGINFOD_URLS=https://debuginfod.ubuntu.com LD_LIBRARY_PATH=/home/mikks/ros2_px4_ws/install/px4_ros2_cpp/lib:/home/mikks/ros2_px4_ws/install/px4_msgs/lib:/home/mikks/ros2_px4_ws/install/px4_ros_com/lib:/home/mikks/NatNet_SDK_4.3_ubuntu/lib:/home/mikks/crazyflie_mapping_demo/ros2_ws/install/crazyflie_interfaces/lib:/opt/ros/jazzy/opt/gz_sim_vendor/lib:/opt/ros/jazzy/opt/gz_sensors_vendor/lib:/opt/ros/jazzy/opt/gz_physics_vendor/lib:/opt/ros/jazzy/opt/sdformat_vendor/lib:/opt/ros/jazzy/opt/rviz_ogre_vendor/lib:/opt/ros/jazzy/lib/x86_64-linux-gnu:/opt/ros/jazzy/opt/gz_gui_vendor/lib:/opt/ros/jazzy/opt/gz_transport_vendor/lib:/opt/ros/jazzy/opt/gz_rendering_vendor/lib:/opt/ros/jazzy/opt/gz_plugin_vendor/lib:/opt/ros/jazzy/opt/gz_fuel_tools_vendor/lib:/opt/ros/jazzy/opt/gz_msgs_vendor/lib:/opt/ros/jazzy/opt/gz_common_vendor/lib:/opt/ros/jazzy/opt/gz_math_vendor/lib:/opt/ros/jazzy/opt/gz_utils_vendor/lib:/opt/ros/jazzy/opt/gz_tools_vendor/lib:/opt/ros/jazzy/opt/gz_ogre_next_vendor/lib:/opt/ros/jazzy/opt/gz_dartsim_vendor/lib:/opt/ros/jazzy/opt/gz_cmake_vendor/lib:/opt/ros/jazzy/lib PYTHONPATH=/home/mikks/ros2_px4_ws/build/example_mode_goto_py/prefix_override:/usr/lib/python3/dist-packages/colcon_core/task/python/colcon_distutils_commands:/home/mikks/ros2_px4_ws/install/example_mode_goto_py/lib/python3.12/site-packages:/home/mikks/ros2_px4_ws/install/px4_ros2_py/lib/python3.12/site-packages:/home/mikks/ros2_px4_ws/install/px4_msgs/lib/python3.12/site-packages:/home/mikks/ros2_px4_ws/build/x500_hover_controller:/home/mikks/ros2_px4_ws/install/x500_hover_controller/lib/python3.12/site-packages:/home/mikks/ros2_px4_ws/install/px4_ros_com/lib/python3.12/site-packages:/home/mikks/ros2_px4_ws/build/example_mode_with_rclpy_py:/home/mikks/ros2_px4_ws/install/example_mode_with_rclpy_py/lib/python3.12/site-packages:/home/mikks/ros2_px4_ws/build/example_mode_goto_py:/home/mikks/ros2_px4_ws/install/example_mode_goto_py/lib/python3.12/site-packages:/home/mikks/ros2_px4_ws/build/px4_actuator_ctrl:/home/mikks/ros2_px4_ws/install/px4_actuator_ctrl/lib/python3.12/site-packages:/home/mikks/ros2_ws/build/rover_desc_description:/home/mikks/ros2_ws/install/rover_desc_description/lib/python3.12/site-packages:/home/mikks/ros2_ws/install/px4_actuator_ctrl/lib/python3.12/site-packages:/home/mikks/ros2_ws/build/mine_rover_description:/home/mikks/ros2_ws/install/mine_rover_description/lib/python3.12/site-packages:/home/mikks/ros2_ws/build/ZerionURDFV5cp_description:/home/mikks/ros2_ws/install/ZerionURDFV5cp_description/lib/python3.12/site-packages:/home/mikks/crazyflie_mapping_demo/ros2_ws/install/velocity_free_consensus/lib/python3.12/site-packages:/home/mikks/crazyflie_mapping_demo/ros2_ws/install/stepwise_lowpos/lib/python3.12/site-packages:/home/mikks/crazyflie_mapping_demo/ros2_ws/install/step_wise_lowpos/lib/python3.12/site-packages:/home/mikks/crazyflie_mapping_demo/ros2_ws/install/second_order_formation_control/lib/python3.12/site-packages:/home/mikks/crazyflie_mapping_demo/ros2_ws/install/ros_gz_crazyflie_control/lib/python3.12/site-packages:/home/mikks/crazyflie_mapping_demo/ros2_ws/install/mixed_fractional_consensus/lib/python3.12/site-packages:/home/mikks/crazyflie_mapping_demo/ros2_ws/install/lowest_pos/lib/python3.12/site-packages:/home/mikks/crazyflie_mapping_demo/ros2_ws/install/linear_consensus/lib/python3.12/site-packages:/home/mikks/crazyflie_mapping_demo/ros2_ws/install/highest_pos/lib/python3.12/site-packages:/home/mikks/crazyflie_mapping_demo/ros2_ws/install/fractional_consensus_alpha/lib/python3.12/site-packages:/home/mikks/crazyflie_mapping_demo/ros2_ws/install/event_triggered_swarm/lib/python3.12/site-packages:/home/mikks/crazyflie_mapping_demo/ros2_ws/install/drone_logger/lib/python3.12/site-packages:/home/mikks/crazyflie_mapping_demo/ros2_ws/install/distributed_average_tracking/lib/python3.12/site-packages:/home/mikks/crazyflie_mapping_demo/ros2_ws/install/crazyflie_swarm_logic/lib/python3.12/site-packages:/home/mikks/crazyflie_mapping_demo/ros2_ws/install/crazyflie_sim/lib/python3.12/site-packages:/home/mikks/crazyflie_mapping_demo/ros2_ws/install/crazyflie_ros2_multiranger_wall_following/lib/python3.12/site-packages:/home/mikks/crazyflie_mapping_demo/ros2_ws/install/crazyflie_ros2_multiranger_simple_mapper/lib/python3.12/site-packages:/home/mikks/crazyflie_mapping_demo/ros2_ws/install/crazyflie_examples/lib/python3.12/site-packages:/home/mikks/crazyflie_mapping_demo/ros2_ws/install/crazyflie_py/lib/python3.12/site-packages:/home/mikks/crazyflie_mapping_demo/ros2_ws/install/crazyflie_interfaces/lib/python3.12/site-packages:/home/mikks/crazyflie_mapping_demo/ros2_ws/install/cooperative_target_centric_formation/lib/python3.12/site-packages:/home/mikks/crazyflie_mapping_demo/ros2_ws/install/containment_using_agent_information/lib/python3.12/site-packages:/home/mikks/crazyflie_mapping_demo/ros2_ws/install/consensus_for_double_integrator/lib/python3.12/site-packages:/home/mikks/crazyflie_mapping_demo/ros2_ws/install/consensus_alignment/lib/python3.12/site-packages:/home/mikks/crazyflie_mapping_demo/ros2_ws/install/binary_consensus/lib/python3.12/site-packages:/home/mikks/crazyflie_mapping_demo/ros2_ws/install/Second_Order_Min_Consensus_for_Heterogeneous_Agents/lib/python3.12/site-packages:/home/mikks/crazyflie_mapping_demo/ros2_ws/install/BinaryContainmentChain/lib/python3.12/site-packages:/opt/ros/jazzy/lib/python3.12/site-packages /usr/bin/python3 -W ignore:setup.py install is deprecated -W ignore:easy_install command is deprecated setup.py develop --editable --build-directory /home/mikks/ros2_px4_ws/build/example_mode_goto_py/build --no-deps symlink_data
[6.757s] INFO:colcon.colcon_core.shell:Creating environment descriptor '/home/mikks/ros2_px4_ws/build/example_mode_goto_py/share/example_mode_goto_py/hook/pythonpath_develop.dsv'
[6.757s] INFO:colcon.colcon_core.shell:Creating environment hook '/home/mikks/ros2_px4_ws/build/example_mode_goto_py/share/example_mode_goto_py/hook/pythonpath_develop.sh'
[6.757s] Level 1:colcon.colcon_core.environment:checking '/home/mikks/ros2_px4_ws/install/example_mode_goto_py' for CMake module files
[6.758s] Level 1:colcon.colcon_core.environment:checking '/home/mikks/ros2_px4_ws/install/example_mode_goto_py' for CMake config files
[6.758s] Level 1:colcon.colcon_core.environment:checking '/home/mikks/ros2_px4_ws/install/example_mode_goto_py/lib'
[6.758s] Level 1:colcon.colcon_core.environment:checking '/home/mikks/ros2_px4_ws/install/example_mode_goto_py/bin'
[6.758s] Level 1:colcon.colcon_core.environment:checking '/home/mikks/ros2_px4_ws/install/example_mode_goto_py/lib/pkgconfig/example_mode_goto_py.pc'
[6.758s] Level 1:colcon.colcon_core.environment:checking '/home/mikks/ros2_px4_ws/install/example_mode_goto_py/lib/python3.12/site-packages'
[6.758s] Level 1:colcon.colcon_core.shell:create_environment_hook('example_mode_goto_py', 'pythonpath')
[6.759s] INFO:colcon.colcon_core.shell:Creating environment hook '/home/mikks/ros2_px4_ws/install/example_mode_goto_py/share/example_mode_goto_py/hook/pythonpath.ps1'
[6.759s] INFO:colcon.colcon_core.shell:Creating environment descriptor '/home/mikks/ros2_px4_ws/install/example_mode_goto_py/share/example_mode_goto_py/hook/pythonpath.dsv'
[6.759s] INFO:colcon.colcon_core.shell:Creating environment hook '/home/mikks/ros2_px4_ws/install/example_mode_goto_py/share/example_mode_goto_py/hook/pythonpath.sh'
[6.760s] Level 1:colcon.colcon_core.environment:checking '/home/mikks/ros2_px4_ws/install/example_mode_goto_py/bin'
[6.760s] Level 1:colcon.colcon_core.environment:create_environment_scripts_only(example_mode_goto_py)
[6.760s] INFO:colcon.colcon_core.shell:Creating package script '/home/mikks/ros2_px4_ws/install/example_mode_goto_py/share/example_mode_goto_py/package.ps1'
[6.760s] INFO:colcon.colcon_core.shell:Creating package descriptor '/home/mikks/ros2_px4_ws/install/example_mode_goto_py/share/example_mode_goto_py/package.dsv'
[6.761s] INFO:colcon.colcon_core.shell:Creating package script '/home/mikks/ros2_px4_ws/install/example_mode_goto_py/share/example_mode_goto_py/package.sh'
[6.761s] INFO:colcon.colcon_core.shell:Creating package script '/home/mikks/ros2_px4_ws/install/example_mode_goto_py/share/example_mode_goto_py/package.bash'
[6.761s] INFO:colcon.colcon_core.shell:Creating package script '/home/mikks/ros2_px4_ws/install/example_mode_goto_py/share/example_mode_goto_py/package.zsh'
[6.762s] Level 1:colcon.colcon_core.environment:create_file_with_runtime_dependencies(/home/mikks/ros2_px4_ws/install/example_mode_goto_py/share/colcon-core/packages/example_mode_goto_py)
[6.762s] DEBUG:colcon.colcon_parallel_executor.executor.parallel:closing loop
[6.762s] DEBUG:colcon.colcon_parallel_executor.executor.parallel:loop closed
[6.762s] DEBUG:colcon.colcon_parallel_executor.executor.parallel:run_until_complete finished with '0'
[6.762s] DEBUG:colcon.colcon_core.event_reactor:joining thread
[6.769s] INFO:colcon.colcon_core.plugin_system:Skipping extension 'colcon_notification.desktop_notification.terminal_notifier': Not used on non-Darwin systems
[6.769s] INFO:colcon.colcon_core.plugin_system:Skipping extension 'colcon_notification.desktop_notification.win32': Not used on non-Windows systems
[6.769s] INFO:colcon.colcon_notification.desktop_notification:Sending desktop notification using 'notify2'
[6.782s] DEBUG:colcon.colcon_core.event_reactor:joined thread
[6.782s] INFO:colcon.colcon_core.shell:Creating prefix script '/home/mikks/ros2_px4_ws/install/local_setup.ps1'
[6.783s] INFO:colcon.colcon_core.shell:Creating prefix util module '/home/mikks/ros2_px4_ws/install/_local_setup_util_ps1.py'
[6.784s] INFO:colcon.colcon_core.shell:Creating prefix chain script '/home/mikks/ros2_px4_ws/install/setup.ps1'
[6.786s] INFO:colcon.colcon_core.shell:Creating prefix script '/home/mikks/ros2_px4_ws/install/local_setup.sh'
[6.787s] INFO:colcon.colcon_core.shell:Creating prefix util module '/home/mikks/ros2_px4_ws/install/_local_setup_util_sh.py'
[6.787s] INFO:colcon.colcon_core.shell:Creating prefix chain script '/home/mikks/ros2_px4_ws/install/setup.sh'
[6.790s] INFO:colcon.colcon_core.shell:Creating prefix script '/home/mikks/ros2_px4_ws/install/local_setup.bash'
[6.790s] INFO:colcon.colcon_core.shell:Creating prefix chain script '/home/mikks/ros2_px4_ws/install/setup.bash'
[6.792s] INFO:colcon.colcon_core.shell:Creating prefix script '/home/mikks/ros2_px4_ws/install/local_setup.zsh'
[6.792s] INFO:colcon.colcon_core.shell:Creating prefix chain script '/home/mikks/ros2_px4_ws/install/setup.zsh'
