[0.304s] DEBUG:colcon:Command line arguments: ['/usr/bin/colcon', 'build', '--symlink-install']
[0.304s] DEBUG:colcon:Parsed command line arguments: Namespace(log_base=None, log_level=None, verb_name='build', build_base='build', install_base='install', merge_install=False, symlink_install=True, test_result_base=None, continue_on_error=False, executor='parallel', parallel_workers=12, event_handlers=None, ignore_user_meta=False, metas=['./colcon.meta'], base_paths=['.'], packages_ignore=None, packages_ignore_regex=None, paths=None, packages_up_to=None, packages_up_to_regex=None, packages_above=None, packages_above_and_dependencies=None, packages_above_depth=None, packages_select_by_dep=None, packages_skip_by_dep=None, packages_skip_up_to=None, packages_select_build_failed=False, packages_skip_build_finished=False, packages_select_test_failures=False, packages_skip_test_passed=False, packages_select=None, packages_skip=None, packages_select_regex=None, packages_skip_regex=None, packages_start=None, packages_end=None, allow_overriding=[], cmake_args=None, cmake_target=None, cmake_target_skip_unavailable=False, cmake_clean_cache=False, cmake_clean_first=False, cmake_force_configure=False, ament_cmake_args=None, catkin_cmake_args=None, catkin_skip_building_tests=False, mixin_files=None, mixin=None, verb_parser=<colcon_mixin.mixin.mixin_argument.MixinArgumentDecorator object at 0x717bca1238c0>, verb_extension=<colcon_core.verb.build.BuildVerb object at 0x717bca122b40>, main=<bound method BuildVerb.main of <colcon_core.verb.build.BuildVerb object at 0x717bca122b40>>, mixin_verb=('build',))
[0.368s] Level 1:colcon.colcon_core.package_discovery:discover_packages(colcon_meta) check parameters
[0.369s] Level 1:colcon.colcon_core.package_discovery:discover_packages(recursive) check parameters
[0.369s] Level 1:colcon.colcon_core.package_discovery:discover_packages(ignore) check parameters
[0.369s] Level 1:colcon.colcon_core.package_discovery:discover_packages(path) check parameters
[0.369s] Level 1:colcon.colcon_core.package_discovery:discover_packages(colcon_meta) discover
[0.369s] Level 1:colcon.colcon_core.package_discovery:discover_packages(recursive) discover
[0.369s] INFO:colcon.colcon_core.package_discovery:Crawling recursively for packages in '/home/mikks/ros2_px4_ws'
[0.369s] Level 1:colcon.colcon_core.package_identification:_identify(.) by extensions ['ignore', 'ignore_ament_install']
[0.369s] Level 1:colcon.colcon_core.package_identification:_identify(.) by extension 'ignore'
[0.369s] Level 1:colcon.colcon_core.package_identification:_identify(.) by extension 'ignore_ament_install'
[0.369s] Level 1:colcon.colcon_core.package_identification:_identify(.) by extensions ['colcon_pkg']
[0.369s] Level 1:colcon.colcon_core.package_identification:_identify(.) by extension 'colcon_pkg'
[0.369s] Level 1:colcon.colcon_core.package_identification:_identify(.) by extensions ['colcon_meta']
[0.369s] Level 1:colcon.colcon_core.package_identification:_identify(.) by extension 'colcon_meta'
[0.369s] Level 1:colcon.colcon_core.package_identification:_identify(.) by extensions ['ros']
[0.369s] Level 1:colcon.colcon_core.package_identification:_identify(.) by extension 'ros'
[0.408s] Level 1:colcon.colcon_core.package_identification:_identify(.) by extensions ['cmake', 'python']
[0.408s] Level 1:colcon.colcon_core.package_identification:_identify(.) by extension 'cmake'
[0.408s] Level 1:colcon.colcon_core.package_identification:_identify(.) by extension 'python'
[0.408s] Level 1:colcon.colcon_core.package_identification:_identify(.) by extensions ['python_setup_py']
[0.408s] Level 1:colcon.colcon_core.package_identification:_identify(.) by extension 'python_setup_py'
[0.408s] Level 1:colcon.colcon_core.package_identification:_identify(build) by extensions ['ignore', 'ignore_ament_install']
[0.408s] Level 1:colcon.colcon_core.package_identification:_identify(build) by extension 'ignore'
[0.408s] Level 1:colcon.colcon_core.package_identification:_identify(build) ignored
[0.408s] Level 1:colcon.colcon_core.package_identification:_identify(install) by extensions ['ignore', 'ignore_ament_install']
[0.409s] Level 1:colcon.colcon_core.package_identification:_identify(install) by extension 'ignore'
[0.409s] Level 1:colcon.colcon_core.package_identification:_identify(install) ignored
[0.409s] Level 1:colcon.colcon_core.package_identification:_identify(log) by extensions ['ignore', 'ignore_ament_install']
[0.409s] Level 1:colcon.colcon_core.package_identification:_identify(log) by extension 'ignore'
[0.409s] Level 1:colcon.colcon_core.package_identification:_identify(log) ignored
[0.409s] Level 1:colcon.colcon_core.package_identification:_identify(src) by extensions ['ignore', 'ignore_ament_install']
[0.409s] Level 1:colcon.colcon_core.package_identification:_identify(src) by extension 'ignore'
[0.409s] Level 1:colcon.colcon_core.package_identification:_identify(src) by extension 'ignore_ament_install'
[0.409s] Level 1:colcon.colcon_core.package_identification:_identify(src) by extensions ['colcon_pkg']
[0.409s] Level 1:colcon.colcon_core.package_identification:_identify(src) by extension 'colcon_pkg'
[0.409s] Level 1:colcon.colcon_core.package_identification:_identify(src) by extensions ['colcon_meta']
[0.409s] Level 1:colcon.colcon_core.package_identification:_identify(src) by extension 'colcon_meta'
[0.409s] Level 1:colcon.colcon_core.package_identification:_identify(src) by extensions ['ros']
[0.409s] Level 1:colcon.colcon_core.package_identification:_identify(src) by extension 'ros'
[0.410s] Level 1:colcon.colcon_core.package_identification:_identify(src) by extensions ['cmake', 'python']
[0.410s] Level 1:colcon.colcon_core.package_identification:_identify(src) by extension 'cmake'
[0.410s] Level 1:colcon.colcon_core.package_identification:_identify(src) by extension 'python'
[0.410s] Level 1:colcon.colcon_core.package_identification:_identify(src) by extensions ['python_setup_py']
[0.410s] Level 1:colcon.colcon_core.package_identification:_identify(src) by extension 'python_setup_py'
[0.410s] Level 1:colcon.colcon_core.package_identification:_identify(src/px4-ros2-interface-lib) by extensions ['ignore', 'ignore_ament_install']
[0.410s] Level 1:colcon.colcon_core.package_identification:_identify(src/px4-ros2-interface-lib) by extension 'ignore'
[0.410s] Level 1:colcon.colcon_core.package_identification:_identify(src/px4-ros2-interface-lib) by extension 'ignore_ament_install'
[0.410s] Level 1:colcon.colcon_core.package_identification:_identify(src/px4-ros2-interface-lib) by extensions ['colcon_pkg']
[0.410s] Level 1:colcon.colcon_core.package_identification:_identify(src/px4-ros2-interface-lib) by extension 'colcon_pkg'
[0.410s] Level 1:colcon.colcon_core.package_identification:_identify(src/px4-ros2-interface-lib) by extensions ['colcon_meta']
[0.410s] Level 1:colcon.colcon_core.package_identification:_identify(src/px4-ros2-interface-lib) by extension 'colcon_meta'
[0.410s] Level 1:colcon.colcon_core.package_identification:_identify(src/px4-ros2-interface-lib) by extensions ['ros']
[0.410s] Level 1:colcon.colcon_core.package_identification:_identify(src/px4-ros2-interface-lib) by extension 'ros'
[0.411s] Level 1:colcon.colcon_core.package_identification:_identify(src/px4-ros2-interface-lib) by extensions ['cmake', 'python']
[0.411s] Level 1:colcon.colcon_core.package_identification:_identify(src/px4-ros2-interface-lib) by extension 'cmake'
[0.411s] Level 1:colcon.colcon_core.package_identification:_identify(src/px4-ros2-interface-lib) by extension 'python'
[0.411s] Level 1:colcon.colcon_core.package_identification:_identify(src/px4-ros2-interface-lib) by extensions ['python_setup_py']
[0.411s] Level 1:colcon.colcon_core.package_identification:_identify(src/px4-ros2-interface-lib) by extension 'python_setup_py'
[0.411s] Level 1:colcon.colcon_core.package_identification:_identify(src/px4-ros2-interface-lib/examples) by extensions ['ignore', 'ignore_ament_install']
[0.411s] Level 1:colcon.colcon_core.package_identification:_identify(src/px4-ros2-interface-lib/examples) by extension 'ignore'
[0.411s] Level 1:colcon.colcon_core.package_identification:_identify(src/px4-ros2-interface-lib/examples) by extension 'ignore_ament_install'
[0.411s] Level 1:colcon.colcon_core.package_identification:_identify(src/px4-ros2-interface-lib/examples) by extensions ['colcon_pkg']
[0.411s] Level 1:colcon.colcon_core.package_identification:_identify(src/px4-ros2-interface-lib/examples) by extension 'colcon_pkg'
[0.411s] Level 1:colcon.colcon_core.package_identification:_identify(src/px4-ros2-interface-lib/examples) by extensions ['colcon_meta']
[0.411s] Level 1:colcon.colcon_core.package_identification:_identify(src/px4-ros2-interface-lib/examples) by extension 'colcon_meta'
[0.411s] Level 1:colcon.colcon_core.package_identification:_identify(src/px4-ros2-interface-lib/examples) by extensions ['ros']
[0.412s] Level 1:colcon.colcon_core.package_identification:_identify(src/px4-ros2-interface-lib/examples) by extension 'ros'
[0.412s] Level 1:colcon.colcon_core.package_identification:_identify(src/px4-ros2-interface-lib/examples) by extensions ['cmake', 'python']
[0.412s] Level 1:colcon.colcon_core.package_identification:_identify(src/px4-ros2-interface-lib/examples) by extension 'cmake'
[0.412s] Level 1:colcon.colcon_core.package_identification:_identify(src/px4-ros2-interface-lib/examples) by extension 'python'
[0.412s] Level 1:colcon.colcon_core.package_identification:_identify(src/px4-ros2-interface-lib/examples) by extensions ['python_setup_py']
[0.412s] Level 1:colcon.colcon_core.package_identification:_identify(src/px4-ros2-interface-lib/examples) by extension 'python_setup_py'
[0.412s] Level 1:colcon.colcon_core.package_identification:_identify(src/px4-ros2-interface-lib/examples/cpp) by extensions ['ignore', 'ignore_ament_install']
[0.412s] Level 1:colcon.colcon_core.package_identification:_identify(src/px4-ros2-interface-lib/examples/cpp) by extension 'ignore'
[0.412s] Level 1:colcon.colcon_core.package_identification:_identify(src/px4-ros2-interface-lib/examples/cpp) by extension 'ignore_ament_install'
[0.412s] Level 1:colcon.colcon_core.package_identification:_identify(src/px4-ros2-interface-lib/examples/cpp) by extensions ['colcon_pkg']
[0.412s] Level 1:colcon.colcon_core.package_identification:_identify(src/px4-ros2-interface-lib/examples/cpp) by extension 'colcon_pkg'
[0.412s] Level 1:colcon.colcon_core.package_identification:_identify(src/px4-ros2-interface-lib/examples/cpp) by extensions ['colcon_meta']
[0.412s] Level 1:colcon.colcon_core.package_identification:_identify(src/px4-ros2-interface-lib/examples/cpp) by extension 'colcon_meta'
[0.413s] Level 1:colcon.colcon_core.package_identification:_identify(src/px4-ros2-interface-lib/examples/cpp) by extensions ['ros']
[0.413s] Level 1:colcon.colcon_core.package_identification:_identify(src/px4-ros2-interface-lib/examples/cpp) by extension 'ros'
[0.413s] Level 1:colcon.colcon_core.package_identification:_identify(src/px4-ros2-interface-lib/examples/cpp) by extensions ['cmake', 'python']
[0.413s] Level 1:colcon.colcon_core.package_identification:_identify(src/px4-ros2-interface-lib/examples/cpp) by extension 'cmake'
[0.413s] Level 1:colcon.colcon_core.package_identification:_identify(src/px4-ros2-interface-lib/examples/cpp) by extension 'python'
[0.413s] Level 1:colcon.colcon_core.package_identification:_identify(src/px4-ros2-interface-lib/examples/cpp) by extensions ['python_setup_py']
[0.413s] Level 1:colcon.colcon_core.package_identification:_identify(src/px4-ros2-interface-lib/examples/cpp) by extension 'python_setup_py'
[0.413s] Level 1:colcon.colcon_core.package_identification:_identify(src/px4-ros2-interface-lib/examples/cpp/modes) by extensions ['ignore', 'ignore_ament_install']
[0.413s] Level 1:colcon.colcon_core.package_identification:_identify(src/px4-ros2-interface-lib/examples/cpp/modes) by extension 'ignore'
[0.413s] Level 1:colcon.colcon_core.package_identification:_identify(src/px4-ros2-interface-lib/examples/cpp/modes) by extension 'ignore_ament_install'
[0.413s] Level 1:colcon.colcon_core.package_identification:_identify(src/px4-ros2-interface-lib/examples/cpp/modes) by extensions ['colcon_pkg']
[0.413s] Level 1:colcon.colcon_core.package_identification:_identify(src/px4-ros2-interface-lib/examples/cpp/modes) by extension 'colcon_pkg'
[0.413s] Level 1:colcon.colcon_core.package_identification:_identify(src/px4-ros2-interface-lib/examples/cpp/modes) by extensions ['colcon_meta']
[0.413s] Level 1:colcon.colcon_core.package_identification:_identify(src/px4-ros2-interface-lib/examples/cpp/modes) by extension 'colcon_meta'
[0.414s] Level 1:colcon.colcon_core.package_identification:_identify(src/px4-ros2-interface-lib/examples/cpp/modes) by extensions ['ros']
[0.414s] Level 1:colcon.colcon_core.package_identification:_identify(src/px4-ros2-interface-lib/examples/cpp/modes) by extension 'ros'
[0.414s] Level 1:colcon.colcon_core.package_identification:_identify(src/px4-ros2-interface-lib/examples/cpp/modes) by extensions ['cmake', 'python']
[0.414s] Level 1:colcon.colcon_core.package_identification:_identify(src/px4-ros2-interface-lib/examples/cpp/modes) by extension 'cmake'
[0.414s] Level 1:colcon.colcon_core.package_identification:_identify(src/px4-ros2-interface-lib/examples/cpp/modes) by extension 'python'
[0.414s] Level 1:colcon.colcon_core.package_identification:_identify(src/px4-ros2-interface-lib/examples/cpp/modes) by extensions ['python_setup_py']
[0.414s] Level 1:colcon.colcon_core.package_identification:_identify(src/px4-ros2-interface-lib/examples/cpp/modes) by extension 'python_setup_py'
[0.414s] Level 1:colcon.colcon_core.package_identification:_identify(src/px4-ros2-interface-lib/examples/cpp/modes/executor_with_multiple_modes) by extensions ['ignore', 'ignore_ament_install']
[0.414s] Level 1:colcon.colcon_core.package_identification:_identify(src/px4-ros2-interface-lib/examples/cpp/modes/executor_with_multiple_modes) by extension 'ignore'
[0.414s] Level 1:colcon.colcon_core.package_identification:_identify(src/px4-ros2-interface-lib/examples/cpp/modes/executor_with_multiple_modes) by extension 'ignore_ament_install'
[0.414s] Level 1:colcon.colcon_core.package_identification:_identify(src/px4-ros2-interface-lib/examples/cpp/modes/executor_with_multiple_modes) by extensions ['colcon_pkg']
[0.414s] Level 1:colcon.colcon_core.package_identification:_identify(src/px4-ros2-interface-lib/examples/cpp/modes/executor_with_multiple_modes) by extension 'colcon_pkg'
[0.414s] Level 1:colcon.colcon_core.package_identification:_identify(src/px4-ros2-interface-lib/examples/cpp/modes/executor_with_multiple_modes) by extensions ['colcon_meta']
[0.415s] Level 1:colcon.colcon_core.package_identification:_identify(src/px4-ros2-interface-lib/examples/cpp/modes/executor_with_multiple_modes) by extension 'colcon_meta'
[0.415s] Level 1:colcon.colcon_core.package_identification:_identify(src/px4-ros2-interface-lib/examples/cpp/modes/executor_with_multiple_modes) by extensions ['ros']
[0.415s] Level 1:colcon.colcon_core.package_identification:_identify(src/px4-ros2-interface-lib/examples/cpp/modes/executor_with_multiple_modes) by extension 'ros'
[0.418s] DEBUG:colcon.colcon_core.package_identification:Package 'src/px4-ros2-interface-lib/examples/cpp/modes/executor_with_multiple_modes' with type 'ros.ament_cmake' and name 'example_executor_with_multiple_modes_cpp'
[0.418s] Level 1:colcon.colcon_core.package_identification:_identify(src/px4-ros2-interface-lib/examples/cpp/modes/fw_attitude) by extensions ['ignore', 'ignore_ament_install']
[0.418s] Level 1:colcon.colcon_core.package_identification:_identify(src/px4-ros2-interface-lib/examples/cpp/modes/fw_attitude) by extension 'ignore'
[0.418s] Level 1:colcon.colcon_core.package_identification:_identify(src/px4-ros2-interface-lib/examples/cpp/modes/fw_attitude) by extension 'ignore_ament_install'
[0.418s] Level 1:colcon.colcon_core.package_identification:_identify(src/px4-ros2-interface-lib/examples/cpp/modes/fw_attitude) by extensions ['colcon_pkg']
[0.418s] Level 1:colcon.colcon_core.package_identification:_identify(src/px4-ros2-interface-lib/examples/cpp/modes/fw_attitude) by extension 'colcon_pkg'
[0.418s] Level 1:colcon.colcon_core.package_identification:_identify(src/px4-ros2-interface-lib/examples/cpp/modes/fw_attitude) by extensions ['colcon_meta']
[0.418s] Level 1:colcon.colcon_core.package_identification:_identify(src/px4-ros2-interface-lib/examples/cpp/modes/fw_attitude) by extension 'colcon_meta'
[0.418s] Level 1:colcon.colcon_core.package_identification:_identify(src/px4-ros2-interface-lib/examples/cpp/modes/fw_attitude) by extensions ['ros']
[0.418s] Level 1:colcon.colcon_core.package_identification:_identify(src/px4-ros2-interface-lib/examples/cpp/modes/fw_attitude) by extension 'ros'
[0.419s] DEBUG:colcon.colcon_core.package_identification:Package 'src/px4-ros2-interface-lib/examples/cpp/modes/fw_attitude' with type 'ros.ament_cmake' and name 'example_mode_fw_attitude_cpp'
[0.419s] Level 1:colcon.colcon_core.package_identification:_identify(src/px4-ros2-interface-lib/examples/cpp/modes/goto) by extensions ['ignore', 'ignore_ament_install']
[0.419s] Level 1:colcon.colcon_core.package_identification:_identify(src/px4-ros2-interface-lib/examples/cpp/modes/goto) by extension 'ignore'
[0.419s] Level 1:colcon.colcon_core.package_identification:_identify(src/px4-ros2-interface-lib/examples/cpp/modes/goto) by extension 'ignore_ament_install'
[0.419s] Level 1:colcon.colcon_core.package_identification:_identify(src/px4-ros2-interface-lib/examples/cpp/modes/goto) by extensions ['colcon_pkg']
[0.420s] Level 1:colcon.colcon_core.package_identification:_identify(src/px4-ros2-interface-lib/examples/cpp/modes/goto) by extension 'colcon_pkg'
[0.420s] Level 1:colcon.colcon_core.package_identification:_identify(src/px4-ros2-interface-lib/examples/cpp/modes/goto) by extensions ['colcon_meta']
[0.420s] Level 1:colcon.colcon_core.package_identification:_identify(src/px4-ros2-interface-lib/examples/cpp/modes/goto) by extension 'colcon_meta'
[0.420s] Level 1:colcon.colcon_core.package_identification:_identify(src/px4-ros2-interface-lib/examples/cpp/modes/goto) by extensions ['ros']
[0.420s] Level 1:colcon.colcon_core.package_identification:_identify(src/px4-ros2-interface-lib/examples/cpp/modes/goto) by extension 'ros'
[0.420s] DEBUG:colcon.colcon_core.package_identification:Package 'src/px4-ros2-interface-lib/examples/cpp/modes/goto' with type 'ros.ament_cmake' and name 'example_mode_goto_cpp'
[0.420s] Level 1:colcon.colcon_core.package_identification:_identify(src/px4-ros2-interface-lib/examples/cpp/modes/goto_global) by extensions ['ignore', 'ignore_ament_install']
[0.420s] Level 1:colcon.colcon_core.package_identification:_identify(src/px4-ros2-interface-lib/examples/cpp/modes/goto_global) by extension 'ignore'
[0.421s] Level 1:colcon.colcon_core.package_identification:_identify(src/px4-ros2-interface-lib/examples/cpp/modes/goto_global) by extension 'ignore_ament_install'
[0.421s] Level 1:colcon.colcon_core.package_identification:_identify(src/px4-ros2-interface-lib/examples/cpp/modes/goto_global) by extensions ['colcon_pkg']
[0.421s] Level 1:colcon.colcon_core.package_identification:_identify(src/px4-ros2-interface-lib/examples/cpp/modes/goto_global) by extension 'colcon_pkg'
[0.421s] Level 1:colcon.colcon_core.package_identification:_identify(src/px4-ros2-interface-lib/examples/cpp/modes/goto_global) by extensions ['colcon_meta']
[0.421s] Level 1:colcon.colcon_core.package_identification:_identify(src/px4-ros2-interface-lib/examples/cpp/modes/goto_global) by extension 'colcon_meta'
[0.421s] Level 1:colcon.colcon_core.package_identification:_identify(src/px4-ros2-interface-lib/examples/cpp/modes/goto_global) by extensions ['ros']
[0.421s] Level 1:colcon.colcon_core.package_identification:_identify(src/px4-ros2-interface-lib/examples/cpp/modes/goto_global) by extension 'ros'
[0.422s] DEBUG:colcon.colcon_core.package_identification:Package 'src/px4-ros2-interface-lib/examples/cpp/modes/goto_global' with type 'ros.ament_cmake' and name 'example_mode_goto_global_cpp'
[0.422s] Level 1:colcon.colcon_core.package_identification:_identify(src/px4-ros2-interface-lib/examples/cpp/modes/manual) by extensions ['ignore', 'ignore_ament_install']
[0.422s] Level 1:colcon.colcon_core.package_identification:_identify(src/px4-ros2-interface-lib/examples/cpp/modes/manual) by extension 'ignore'
[0.422s] Level 1:colcon.colcon_core.package_identification:_identify(src/px4-ros2-interface-lib/examples/cpp/modes/manual) by extension 'ignore_ament_install'
[0.422s] Level 1:colcon.colcon_core.package_identification:_identify(src/px4-ros2-interface-lib/examples/cpp/modes/manual) by extensions ['colcon_pkg']
[0.422s] Level 1:colcon.colcon_core.package_identification:_identify(src/px4-ros2-interface-lib/examples/cpp/modes/manual) by extension 'colcon_pkg'
[0.422s] Level 1:colcon.colcon_core.package_identification:_identify(src/px4-ros2-interface-lib/examples/cpp/modes/manual) by extensions ['colcon_meta']
[0.422s] Level 1:colcon.colcon_core.package_identification:_identify(src/px4-ros2-interface-lib/examples/cpp/modes/manual) by extension 'colcon_meta'
[0.422s] Level 1:colcon.colcon_core.package_identification:_identify(src/px4-ros2-interface-lib/examples/cpp/modes/manual) by extensions ['ros']
[0.422s] Level 1:colcon.colcon_core.package_identification:_identify(src/px4-ros2-interface-lib/examples/cpp/modes/manual) by extension 'ros'
[0.423s] DEBUG:colcon.colcon_core.package_identification:Package 'src/px4-ros2-interface-lib/examples/cpp/modes/manual' with type 'ros.ament_cmake' and name 'example_mode_manual_cpp'
[0.423s] Level 1:colcon.colcon_core.package_identification:_identify(src/px4-ros2-interface-lib/examples/cpp/modes/mission) by extensions ['ignore', 'ignore_ament_install']
[0.423s] Level 1:colcon.colcon_core.package_identification:_identify(src/px4-ros2-interface-lib/examples/cpp/modes/mission) by extension 'ignore'
[0.423s] Level 1:colcon.colcon_core.package_identification:_identify(src/px4-ros2-interface-lib/examples/cpp/modes/mission) by extension 'ignore_ament_install'
[0.423s] Level 1:colcon.colcon_core.package_identification:_identify(src/px4-ros2-interface-lib/examples/cpp/modes/mission) by extensions ['colcon_pkg']
[0.423s] Level 1:colcon.colcon_core.package_identification:_identify(src/px4-ros2-interface-lib/examples/cpp/modes/mission) by extension 'colcon_pkg'
[0.423s] Level 1:colcon.colcon_core.package_identification:_identify(src/px4-ros2-interface-lib/examples/cpp/modes/mission) by extensions ['colcon_meta']
[0.423s] Level 1:colcon.colcon_core.package_identification:_identify(src/px4-ros2-interface-lib/examples/cpp/modes/mission) by extension 'colcon_meta'
[0.424s] Level 1:colcon.colcon_core.package_identification:_identify(src/px4-ros2-interface-lib/examples/cpp/modes/mission) by extensions ['ros']
[0.424s] Level 1:colcon.colcon_core.package_identification:_identify(src/px4-ros2-interface-lib/examples/cpp/modes/mission) by extension 'ros'
[0.424s] DEBUG:colcon.colcon_core.package_identification:Package 'src/px4-ros2-interface-lib/examples/cpp/modes/mission' with type 'ros.ament_cmake' and name 'example_mode_mission_cpp'
[0.424s] Level 1:colcon.colcon_core.package_identification:_identify(src/px4-ros2-interface-lib/examples/cpp/modes/mode_with_executor) by extensions ['ignore', 'ignore_ament_install']
[0.424s] Level 1:colcon.colcon_core.package_identification:_identify(src/px4-ros2-interface-lib/examples/cpp/modes/mode_with_executor) by extension 'ignore'
[0.424s] Level 1:colcon.colcon_core.package_identification:_identify(src/px4-ros2-interface-lib/examples/cpp/modes/mode_with_executor) by extension 'ignore_ament_install'
[0.425s] Level 1:colcon.colcon_core.package_identification:_identify(src/px4-ros2-interface-lib/examples/cpp/modes/mode_with_executor) by extensions ['colcon_pkg']
[0.425s] Level 1:colcon.colcon_core.package_identification:_identify(src/px4-ros2-interface-lib/examples/cpp/modes/mode_with_executor) by extension 'colcon_pkg'
[0.425s] Level 1:colcon.colcon_core.package_identification:_identify(src/px4-ros2-interface-lib/examples/cpp/modes/mode_with_executor) by extensions ['colcon_meta']
[0.425s] Level 1:colcon.colcon_core.package_identification:_identify(src/px4-ros2-interface-lib/examples/cpp/modes/mode_with_executor) by extension 'colcon_meta'
[0.425s] Level 1:colcon.colcon_core.package_identification:_identify(src/px4-ros2-interface-lib/examples/cpp/modes/mode_with_executor) by extensions ['ros']
[0.425s] Level 1:colcon.colcon_core.package_identification:_identify(src/px4-ros2-interface-lib/examples/cpp/modes/mode_with_executor) by extension 'ros'
[0.425s] DEBUG:colcon.colcon_core.package_identification:Package 'src/px4-ros2-interface-lib/examples/cpp/modes/mode_with_executor' with type 'ros.ament_cmake' and name 'example_mode_with_executor_cpp'
[0.425s] Level 1:colcon.colcon_core.package_identification:_identify(src/px4-ros2-interface-lib/examples/cpp/modes/rover_velocity) by extensions ['ignore', 'ignore_ament_install']
[0.426s] Level 1:colcon.colcon_core.package_identification:_identify(src/px4-ros2-interface-lib/examples/cpp/modes/rover_velocity) by extension 'ignore'
[0.426s] Level 1:colcon.colcon_core.package_identification:_identify(src/px4-ros2-interface-lib/examples/cpp/modes/rover_velocity) by extension 'ignore_ament_install'
[0.426s] Level 1:colcon.colcon_core.package_identification:_identify(src/px4-ros2-interface-lib/examples/cpp/modes/rover_velocity) by extensions ['colcon_pkg']
[0.426s] Level 1:colcon.colcon_core.package_identification:_identify(src/px4-ros2-interface-lib/examples/cpp/modes/rover_velocity) by extension 'colcon_pkg'
[0.426s] Level 1:colcon.colcon_core.package_identification:_identify(src/px4-ros2-interface-lib/examples/cpp/modes/rover_velocity) by extensions ['colcon_meta']
[0.426s] Level 1:colcon.colcon_core.package_identification:_identify(src/px4-ros2-interface-lib/examples/cpp/modes/rover_velocity) by extension 'colcon_meta'
[0.426s] Level 1:colcon.colcon_core.package_identification:_identify(src/px4-ros2-interface-lib/examples/cpp/modes/rover_velocity) by extensions ['ros']
[0.426s] Level 1:colcon.colcon_core.package_identification:_identify(src/px4-ros2-interface-lib/examples/cpp/modes/rover_velocity) by extension 'ros'
[0.427s] DEBUG:colcon.colcon_core.package_identification:Package 'src/px4-ros2-interface-lib/examples/cpp/modes/rover_velocity' with type 'ros.ament_cmake' and name 'example_rover_velocity_mode_cpp'
[0.427s] Level 1:colcon.colcon_core.package_identification:_identify(src/px4-ros2-interface-lib/examples/cpp/modes/rtl_replacement) by extensions ['ignore', 'ignore_ament_install']
[0.427s] Level 1:colcon.colcon_core.package_identification:_identify(src/px4-ros2-interface-lib/examples/cpp/modes/rtl_replacement) by extension 'ignore'
[0.427s] Level 1:colcon.colcon_core.package_identification:_identify(src/px4-ros2-interface-lib/examples/cpp/modes/rtl_replacement) by extension 'ignore_ament_install'
[0.427s] Level 1:colcon.colcon_core.package_identification:_identify(src/px4-ros2-interface-lib/examples/cpp/modes/rtl_replacement) by extensions ['colcon_pkg']
[0.427s] Level 1:colcon.colcon_core.package_identification:_identify(src/px4-ros2-interface-lib/examples/cpp/modes/rtl_replacement) by extension 'colcon_pkg'
[0.427s] Level 1:colcon.colcon_core.package_identification:_identify(src/px4-ros2-interface-lib/examples/cpp/modes/rtl_replacement) by extensions ['colcon_meta']
[0.427s] Level 1:colcon.colcon_core.package_identification:_identify(src/px4-ros2-interface-lib/examples/cpp/modes/rtl_replacement) by extension 'colcon_meta'
[0.427s] Level 1:colcon.colcon_core.package_identification:_identify(src/px4-ros2-interface-lib/examples/cpp/modes/rtl_replacement) by extensions ['ros']
[0.427s] Level 1:colcon.colcon_core.package_identification:_identify(src/px4-ros2-interface-lib/examples/cpp/modes/rtl_replacement) by extension 'ros'
[0.428s] DEBUG:colcon.colcon_core.package_identification:Package 'src/px4-ros2-interface-lib/examples/cpp/modes/rtl_replacement' with type 'ros.ament_cmake' and name 'example_mode_rtl_replacement_cpp'
[0.428s] Level 1:colcon.colcon_core.package_identification:_identify(src/px4-ros2-interface-lib/examples/cpp/modes/vtol) by extensions ['ignore', 'ignore_ament_install']
[0.428s] Level 1:colcon.colcon_core.package_identification:_identify(src/px4-ros2-interface-lib/examples/cpp/modes/vtol) by extension 'ignore'
[0.428s] Level 1:colcon.colcon_core.package_identification:_identify(src/px4-ros2-interface-lib/examples/cpp/modes/vtol) by extension 'ignore_ament_install'
[0.428s] Level 1:colcon.colcon_core.package_identification:_identify(src/px4-ros2-interface-lib/examples/cpp/modes/vtol) by extensions ['colcon_pkg']
[0.428s] Level 1:colcon.colcon_core.package_identification:_identify(src/px4-ros2-interface-lib/examples/cpp/modes/vtol) by extension 'colcon_pkg'
[0.428s] Level 1:colcon.colcon_core.package_identification:_identify(src/px4-ros2-interface-lib/examples/cpp/modes/vtol) by extensions ['colcon_meta']
[0.428s] Level 1:colcon.colcon_core.package_identification:_identify(src/px4-ros2-interface-lib/examples/cpp/modes/vtol) by extension 'colcon_meta'
[0.428s] Level 1:colcon.colcon_core.package_identification:_identify(src/px4-ros2-interface-lib/examples/cpp/modes/vtol) by extensions ['ros']
[0.428s] Level 1:colcon.colcon_core.package_identification:_identify(src/px4-ros2-interface-lib/examples/cpp/modes/vtol) by extension 'ros'
[0.429s] DEBUG:colcon.colcon_core.package_identification:Package 'src/px4-ros2-interface-lib/examples/cpp/modes/vtol' with type 'ros.ament_cmake' and name 'example_mode_vtol_cpp'
[0.429s] Level 1:colcon.colcon_core.package_identification:_identify(src/px4-ros2-interface-lib/examples/cpp/navigation) by extensions ['ignore', 'ignore_ament_install']
[0.429s] Level 1:colcon.colcon_core.package_identification:_identify(src/px4-ros2-interface-lib/examples/cpp/navigation) by extension 'ignore'
[0.429s] Level 1:colcon.colcon_core.package_identification:_identify(src/px4-ros2-interface-lib/examples/cpp/navigation) by extension 'ignore_ament_install'
[0.429s] Level 1:colcon.colcon_core.package_identification:_identify(src/px4-ros2-interface-lib/examples/cpp/navigation) by extensions ['colcon_pkg']
[0.429s] Level 1:colcon.colcon_core.package_identification:_identify(src/px4-ros2-interface-lib/examples/cpp/navigation) by extension 'colcon_pkg'
[0.429s] Level 1:colcon.colcon_core.package_identification:_identify(src/px4-ros2-interface-lib/examples/cpp/navigation) by extensions ['colcon_meta']
[0.429s] Level 1:colcon.colcon_core.package_identification:_identify(src/px4-ros2-interface-lib/examples/cpp/navigation) by extension 'colcon_meta'
[0.429s] Level 1:colcon.colcon_core.package_identification:_identify(src/px4-ros2-interface-lib/examples/cpp/navigation) by extensions ['ros']
[0.429s] Level 1:colcon.colcon_core.package_identification:_identify(src/px4-ros2-interface-lib/examples/cpp/navigation) by extension 'ros'
[0.429s] Level 1:colcon.colcon_core.package_identification:_identify(src/px4-ros2-interface-lib/examples/cpp/navigation) by extensions ['cmake', 'python']
[0.429s] Level 1:colcon.colcon_core.package_identification:_identify(src/px4-ros2-interface-lib/examples/cpp/navigation) by extension 'cmake'
[0.429s] Level 1:colcon.colcon_core.package_identification:_identify(src/px4-ros2-interface-lib/examples/cpp/navigation) by extension 'python'
[0.429s] Level 1:colcon.colcon_core.package_identification:_identify(src/px4-ros2-interface-lib/examples/cpp/navigation) by extensions ['python_setup_py']
[0.429s] Level 1:colcon.colcon_core.package_identification:_identify(src/px4-ros2-interface-lib/examples/cpp/navigation) by extension 'python_setup_py'
[0.430s] Level 1:colcon.colcon_core.package_identification:_identify(src/px4-ros2-interface-lib/examples/cpp/navigation/global_navigation) by extensions ['ignore', 'ignore_ament_install']
[0.430s] Level 1:colcon.colcon_core.package_identification:_identify(src/px4-ros2-interface-lib/examples/cpp/navigation/global_navigation) by extension 'ignore'
[0.430s] Level 1:colcon.colcon_core.package_identification:_identify(src/px4-ros2-interface-lib/examples/cpp/navigation/global_navigation) by extension 'ignore_ament_install'
[0.430s] Level 1:colcon.colcon_core.package_identification:_identify(src/px4-ros2-interface-lib/examples/cpp/navigation/global_navigation) by extensions ['colcon_pkg']
[0.430s] Level 1:colcon.colcon_core.package_identification:_identify(src/px4-ros2-interface-lib/examples/cpp/navigation/global_navigation) by extension 'colcon_pkg'
[0.430s] Level 1:colcon.colcon_core.package_identification:_identify(src/px4-ros2-interface-lib/examples/cpp/navigation/global_navigation) by extensions ['colcon_meta']
[0.430s] Level 1:colcon.colcon_core.package_identification:_identify(src/px4-ros2-interface-lib/examples/cpp/navigation/global_navigation) by extension 'colcon_meta'
[0.430s] Level 1:colcon.colcon_core.package_identification:_identify(src/px4-ros2-interface-lib/examples/cpp/navigation/global_navigation) by extensions ['ros']
[0.430s] Level 1:colcon.colcon_core.package_identification:_identify(src/px4-ros2-interface-lib/examples/cpp/navigation/global_navigation) by extension 'ros'
[0.430s] DEBUG:colcon.colcon_core.package_identification:Package 'src/px4-ros2-interface-lib/examples/cpp/navigation/global_navigation' with type 'ros.ament_cmake' and name 'example_global_navigation_cpp'
[0.430s] Level 1:colcon.colcon_core.package_identification:_identify(src/px4-ros2-interface-lib/examples/cpp/navigation/local_navigation) by extensions ['ignore', 'ignore_ament_install']
[0.430s] Level 1:colcon.colcon_core.package_identification:_identify(src/px4-ros2-interface-lib/examples/cpp/navigation/local_navigation) by extension 'ignore'
[0.431s] Level 1:colcon.colcon_core.package_identification:_identify(src/px4-ros2-interface-lib/examples/cpp/navigation/local_navigation) by extension 'ignore_ament_install'
[0.431s] Level 1:colcon.colcon_core.package_identification:_identify(src/px4-ros2-interface-lib/examples/cpp/navigation/local_navigation) by extensions ['colcon_pkg']
[0.431s] Level 1:colcon.colcon_core.package_identification:_identify(src/px4-ros2-interface-lib/examples/cpp/navigation/local_navigation) by extension 'colcon_pkg'
[0.431s] Level 1:colcon.colcon_core.package_identification:_identify(src/px4-ros2-interface-lib/examples/cpp/navigation/local_navigation) by extensions ['colcon_meta']
[0.431s] Level 1:colcon.colcon_core.package_identification:_identify(src/px4-ros2-interface-lib/examples/cpp/navigation/local_navigation) by extension 'colcon_meta'
[0.431s] Level 1:colcon.colcon_core.package_identification:_identify(src/px4-ros2-interface-lib/examples/cpp/navigation/local_navigation) by extensions ['ros']
[0.431s] Level 1:colcon.colcon_core.package_identification:_identify(src/px4-ros2-interface-lib/examples/cpp/navigation/local_navigation) by extension 'ros'
[0.431s] DEBUG:colcon.colcon_core.package_identification:Package 'src/px4-ros2-interface-lib/examples/cpp/navigation/local_navigation' with type 'ros.ament_cmake' and name 'example_local_navigation_cpp'
[0.432s] Level 1:colcon.colcon_core.package_identification:_identify(src/px4-ros2-interface-lib/examples/python) by extensions ['ignore', 'ignore_ament_install']
[0.432s] Level 1:colcon.colcon_core.package_identification:_identify(src/px4-ros2-interface-lib/examples/python) by extension 'ignore'
[0.432s] Level 1:colcon.colcon_core.package_identification:_identify(src/px4-ros2-interface-lib/examples/python) by extension 'ignore_ament_install'
[0.432s] Level 1:colcon.colcon_core.package_identification:_identify(src/px4-ros2-interface-lib/examples/python) by extensions ['colcon_pkg']
[0.432s] Level 1:colcon.colcon_core.package_identification:_identify(src/px4-ros2-interface-lib/examples/python) by extension 'colcon_pkg'
[0.432s] Level 1:colcon.colcon_core.package_identification:_identify(src/px4-ros2-interface-lib/examples/python) by extensions ['colcon_meta']
[0.432s] Level 1:colcon.colcon_core.package_identification:_identify(src/px4-ros2-interface-lib/examples/python) by extension 'colcon_meta'
[0.432s] Level 1:colcon.colcon_core.package_identification:_identify(src/px4-ros2-interface-lib/examples/python) by extensions ['ros']
[0.432s] Level 1:colcon.colcon_core.package_identification:_identify(src/px4-ros2-interface-lib/examples/python) by extension 'ros'
[0.432s] Level 1:colcon.colcon_core.package_identification:_identify(src/px4-ros2-interface-lib/examples/python) by extensions ['cmake', 'python']
[0.432s] Level 1:colcon.colcon_core.package_identification:_identify(src/px4-ros2-interface-lib/examples/python) by extension 'cmake'
[0.432s] Level 1:colcon.colcon_core.package_identification:_identify(src/px4-ros2-interface-lib/examples/python) by extension 'python'
[0.432s] Level 1:colcon.colcon_core.package_identification:_identify(src/px4-ros2-interface-lib/examples/python) by extensions ['python_setup_py']
[0.432s] Level 1:colcon.colcon_core.package_identification:_identify(src/px4-ros2-interface-lib/examples/python) by extension 'python_setup_py'
[0.433s] Level 1:colcon.colcon_core.package_identification:_identify(src/px4-ros2-interface-lib/examples/python/modes) by extensions ['ignore', 'ignore_ament_install']
[0.433s] Level 1:colcon.colcon_core.package_identification:_identify(src/px4-ros2-interface-lib/examples/python/modes) by extension 'ignore'
[0.433s] Level 1:colcon.colcon_core.package_identification:_identify(src/px4-ros2-interface-lib/examples/python/modes) by extension 'ignore_ament_install'
[0.433s] Level 1:colcon.colcon_core.package_identification:_identify(src/px4-ros2-interface-lib/examples/python/modes) by extensions ['colcon_pkg']
[0.433s] Level 1:colcon.colcon_core.package_identification:_identify(src/px4-ros2-interface-lib/examples/python/modes) by extension 'colcon_pkg'
[0.433s] Level 1:colcon.colcon_core.package_identification:_identify(src/px4-ros2-interface-lib/examples/python/modes) by extensions ['colcon_meta']
[0.433s] Level 1:colcon.colcon_core.package_identification:_identify(src/px4-ros2-interface-lib/examples/python/modes) by extension 'colcon_meta'
[0.433s] Level 1:colcon.colcon_core.package_identification:_identify(src/px4-ros2-interface-lib/examples/python/modes) by extensions ['ros']
[0.433s] Level 1:colcon.colcon_core.package_identification:_identify(src/px4-ros2-interface-lib/examples/python/modes) by extension 'ros'
[0.433s] Level 1:colcon.colcon_core.package_identification:_identify(src/px4-ros2-interface-lib/examples/python/modes) by extensions ['cmake', 'python']
[0.433s] Level 1:colcon.colcon_core.package_identification:_identify(src/px4-ros2-interface-lib/examples/python/modes) by extension 'cmake'
[0.433s] Level 1:colcon.colcon_core.package_identification:_identify(src/px4-ros2-interface-lib/examples/python/modes) by extension 'python'
[0.433s] Level 1:colcon.colcon_core.package_identification:_identify(src/px4-ros2-interface-lib/examples/python/modes) by extensions ['python_setup_py']
[0.434s] Level 1:colcon.colcon_core.package_identification:_identify(src/px4-ros2-interface-lib/examples/python/modes) by extension 'python_setup_py'
[0.434s] Level 1:colcon.colcon_core.package_identification:_identify(src/px4-ros2-interface-lib/examples/python/modes/goto) by extensions ['ignore', 'ignore_ament_install']
[0.434s] Level 1:colcon.colcon_core.package_identification:_identify(src/px4-ros2-interface-lib/examples/python/modes/goto) by extension 'ignore'
[0.434s] Level 1:colcon.colcon_core.package_identification:_identify(src/px4-ros2-interface-lib/examples/python/modes/goto) by extension 'ignore_ament_install'
[0.434s] Level 1:colcon.colcon_core.package_identification:_identify(src/px4-ros2-interface-lib/examples/python/modes/goto) by extensions ['colcon_pkg']
[0.434s] Level 1:colcon.colcon_core.package_identification:_identify(src/px4-ros2-interface-lib/examples/python/modes/goto) by extension 'colcon_pkg'
[0.434s] Level 1:colcon.colcon_core.package_identification:_identify(src/px4-ros2-interface-lib/examples/python/modes/goto) by extensions ['colcon_meta']
[0.434s] Level 1:colcon.colcon_core.package_identification:_identify(src/px4-ros2-interface-lib/examples/python/modes/goto) by extension 'colcon_meta'
[0.434s] Level 1:colcon.colcon_core.package_identification:_identify(src/px4-ros2-interface-lib/examples/python/modes/goto) by extensions ['ros']
[0.434s] Level 1:colcon.colcon_core.package_identification:_identify(src/px4-ros2-interface-lib/examples/python/modes/goto) by extension 'ros'
[0.435s] DEBUG:colcon.colcon_core.package_identification:Package 'src/px4-ros2-interface-lib/examples/python/modes/goto' with type 'ros.ament_python' and name 'example_mode_goto_py'
[0.435s] Level 1:colcon.colcon_core.package_identification:_identify(src/px4-ros2-interface-lib/examples/python/modes/goto_with_rclpy) by extensions ['ignore', 'ignore_ament_install']
[0.435s] Level 1:colcon.colcon_core.package_identification:_identify(src/px4-ros2-interface-lib/examples/python/modes/goto_with_rclpy) by extension 'ignore'
[0.435s] Level 1:colcon.colcon_core.package_identification:_identify(src/px4-ros2-interface-lib/examples/python/modes/goto_with_rclpy) by extension 'ignore_ament_install'
[0.435s] Level 1:colcon.colcon_core.package_identification:_identify(src/px4-ros2-interface-lib/examples/python/modes/goto_with_rclpy) by extensions ['colcon_pkg']
[0.435s] Level 1:colcon.colcon_core.package_identification:_identify(src/px4-ros2-interface-lib/examples/python/modes/goto_with_rclpy) by extension 'colcon_pkg'
[0.435s] Level 1:colcon.colcon_core.package_identification:_identify(src/px4-ros2-interface-lib/examples/python/modes/goto_with_rclpy) by extensions ['colcon_meta']
[0.435s] Level 1:colcon.colcon_core.package_identification:_identify(src/px4-ros2-interface-lib/examples/python/modes/goto_with_rclpy) by extension 'colcon_meta'
[0.435s] Level 1:colcon.colcon_core.package_identification:_identify(src/px4-ros2-interface-lib/examples/python/modes/goto_with_rclpy) by extensions ['ros']
[0.435s] Level 1:colcon.colcon_core.package_identification:_identify(src/px4-ros2-interface-lib/examples/python/modes/goto_with_rclpy) by extension 'ros'
[0.436s] DEBUG:colcon.colcon_core.package_identification:Package 'src/px4-ros2-interface-lib/examples/python/modes/goto_with_rclpy' with type 'ros.ament_python' and name 'example_mode_with_rclpy_py'
[0.436s] Level 1:colcon.colcon_core.package_identification:_identify(src/px4-ros2-interface-lib/mission) by extensions ['ignore', 'ignore_ament_install']
[0.436s] Level 1:colcon.colcon_core.package_identification:_identify(src/px4-ros2-interface-lib/mission) by extension 'ignore'
[0.436s] Level 1:colcon.colcon_core.package_identification:_identify(src/px4-ros2-interface-lib/mission) by extension 'ignore_ament_install'
[0.436s] Level 1:colcon.colcon_core.package_identification:_identify(src/px4-ros2-interface-lib/mission) by extensions ['colcon_pkg']
[0.436s] Level 1:colcon.colcon_core.package_identification:_identify(src/px4-ros2-interface-lib/mission) by extension 'colcon_pkg'
[0.436s] Level 1:colcon.colcon_core.package_identification:_identify(src/px4-ros2-interface-lib/mission) by extensions ['colcon_meta']
[0.436s] Level 1:colcon.colcon_core.package_identification:_identify(src/px4-ros2-interface-lib/mission) by extension 'colcon_meta'
[0.436s] Level 1:colcon.colcon_core.package_identification:_identify(src/px4-ros2-interface-lib/mission) by extensions ['ros']
[0.436s] Level 1:colcon.colcon_core.package_identification:_identify(src/px4-ros2-interface-lib/mission) by extension 'ros'
[0.437s] Level 1:colcon.colcon_core.package_identification:_identify(src/px4-ros2-interface-lib/mission) by extensions ['cmake', 'python']
[0.437s] Level 1:colcon.colcon_core.package_identification:_identify(src/px4-ros2-interface-lib/mission) by extension 'cmake'
[0.437s] Level 1:colcon.colcon_core.package_identification:_identify(src/px4-ros2-interface-lib/mission) by extension 'python'
[0.437s] Level 1:colcon.colcon_core.package_identification:_identify(src/px4-ros2-interface-lib/mission) by extensions ['python_setup_py']
[0.437s] Level 1:colcon.colcon_core.package_identification:_identify(src/px4-ros2-interface-lib/mission) by extension 'python_setup_py'
[0.437s] Level 1:colcon.colcon_core.package_identification:_identify(src/px4-ros2-interface-lib/mission/examples) by extensions ['ignore', 'ignore_ament_install']
[0.437s] Level 1:colcon.colcon_core.package_identification:_identify(src/px4-ros2-interface-lib/mission/examples) by extension 'ignore'
[0.437s] Level 1:colcon.colcon_core.package_identification:_identify(src/px4-ros2-interface-lib/mission/examples) by extension 'ignore_ament_install'
[0.437s] Level 1:colcon.colcon_core.package_identification:_identify(src/px4-ros2-interface-lib/mission/examples) by extensions ['colcon_pkg']
[0.437s] Level 1:colcon.colcon_core.package_identification:_identify(src/px4-ros2-interface-lib/mission/examples) by extension 'colcon_pkg'
[0.437s] Level 1:colcon.colcon_core.package_identification:_identify(src/px4-ros2-interface-lib/mission/examples) by extensions ['colcon_meta']
[0.437s] Level 1:colcon.colcon_core.package_identification:_identify(src/px4-ros2-interface-lib/mission/examples) by extension 'colcon_meta'
[0.437s] Level 1:colcon.colcon_core.package_identification:_identify(src/px4-ros2-interface-lib/mission/examples) by extensions ['ros']
[0.438s] Level 1:colcon.colcon_core.package_identification:_identify(src/px4-ros2-interface-lib/mission/examples) by extension 'ros'
[0.438s] Level 1:colcon.colcon_core.package_identification:_identify(src/px4-ros2-interface-lib/mission/examples) by extensions ['cmake', 'python']
[0.438s] Level 1:colcon.colcon_core.package_identification:_identify(src/px4-ros2-interface-lib/mission/examples) by extension 'cmake'
[0.438s] Level 1:colcon.colcon_core.package_identification:_identify(src/px4-ros2-interface-lib/mission/examples) by extension 'python'
[0.438s] Level 1:colcon.colcon_core.package_identification:_identify(src/px4-ros2-interface-lib/mission/examples) by extensions ['python_setup_py']
[0.438s] Level 1:colcon.colcon_core.package_identification:_identify(src/px4-ros2-interface-lib/mission/examples) by extension 'python_setup_py'
[0.438s] Level 1:colcon.colcon_core.package_identification:_identify(src/px4-ros2-interface-lib/px4_ros2_cpp) by extensions ['ignore', 'ignore_ament_install']
[0.438s] Level 1:colcon.colcon_core.package_identification:_identify(src/px4-ros2-interface-lib/px4_ros2_cpp) by extension 'ignore'
[0.438s] Level 1:colcon.colcon_core.package_identification:_identify(src/px4-ros2-interface-lib/px4_ros2_cpp) by extension 'ignore_ament_install'
[0.438s] Level 1:colcon.colcon_core.package_identification:_identify(src/px4-ros2-interface-lib/px4_ros2_cpp) by extensions ['colcon_pkg']
[0.438s] Level 1:colcon.colcon_core.package_identification:_identify(src/px4-ros2-interface-lib/px4_ros2_cpp) by extension 'colcon_pkg'
[0.438s] Level 1:colcon.colcon_core.package_identification:_identify(src/px4-ros2-interface-lib/px4_ros2_cpp) by extensions ['colcon_meta']
[0.438s] Level 1:colcon.colcon_core.package_identification:_identify(src/px4-ros2-interface-lib/px4_ros2_cpp) by extension 'colcon_meta'
[0.438s] Level 1:colcon.colcon_core.package_identification:_identify(src/px4-ros2-interface-lib/px4_ros2_cpp) by extensions ['ros']
[0.439s] Level 1:colcon.colcon_core.package_identification:_identify(src/px4-ros2-interface-lib/px4_ros2_cpp) by extension 'ros'
[0.439s] DEBUG:colcon.colcon_core.package_identification:Package 'src/px4-ros2-interface-lib/px4_ros2_cpp' with type 'ros.ament_cmake' and name 'px4_ros2_cpp'
[0.439s] Level 1:colcon.colcon_core.package_identification:_identify(src/px4-ros2-interface-lib/px4_ros2_py) by extensions ['ignore', 'ignore_ament_install']
[0.439s] Level 1:colcon.colcon_core.package_identification:_identify(src/px4-ros2-interface-lib/px4_ros2_py) by extension 'ignore'
[0.439s] Level 1:colcon.colcon_core.package_identification:_identify(src/px4-ros2-interface-lib/px4_ros2_py) by extension 'ignore_ament_install'
[0.439s] Level 1:colcon.colcon_core.package_identification:_identify(src/px4-ros2-interface-lib/px4_ros2_py) by extensions ['colcon_pkg']
[0.440s] Level 1:colcon.colcon_core.package_identification:_identify(src/px4-ros2-interface-lib/px4_ros2_py) by extension 'colcon_pkg'
[0.440s] Level 1:colcon.colcon_core.package_identification:_identify(src/px4-ros2-interface-lib/px4_ros2_py) by extensions ['colcon_meta']
[0.440s] Level 1:colcon.colcon_core.package_identification:_identify(src/px4-ros2-interface-lib/px4_ros2_py) by extension 'colcon_meta'
[0.440s] Level 1:colcon.colcon_core.package_identification:_identify(src/px4-ros2-interface-lib/px4_ros2_py) by extensions ['ros']
[0.440s] Level 1:colcon.colcon_core.package_identification:_identify(src/px4-ros2-interface-lib/px4_ros2_py) by extension 'ros'
[0.440s] DEBUG:colcon.colcon_core.package_identification:Package 'src/px4-ros2-interface-lib/px4_ros2_py' with type 'ros.ament_cmake' and name 'px4_ros2_py'
[0.441s] Level 1:colcon.colcon_core.package_identification:_identify(src/px4-ros2-interface-lib/python_docs) by extensions ['ignore', 'ignore_ament_install']
[0.441s] Level 1:colcon.colcon_core.package_identification:_identify(src/px4-ros2-interface-lib/python_docs) by extension 'ignore'
[0.441s] Level 1:colcon.colcon_core.package_identification:_identify(src/px4-ros2-interface-lib/python_docs) by extension 'ignore_ament_install'
[0.441s] Level 1:colcon.colcon_core.package_identification:_identify(src/px4-ros2-interface-lib/python_docs) by extensions ['colcon_pkg']
[0.441s] Level 1:colcon.colcon_core.package_identification:_identify(src/px4-ros2-interface-lib/python_docs) by extension 'colcon_pkg'
[0.441s] Level 1:colcon.colcon_core.package_identification:_identify(src/px4-ros2-interface-lib/python_docs) by extensions ['colcon_meta']
[0.441s] Level 1:colcon.colcon_core.package_identification:_identify(src/px4-ros2-interface-lib/python_docs) by extension 'colcon_meta'
[0.441s] Level 1:colcon.colcon_core.package_identification:_identify(src/px4-ros2-interface-lib/python_docs) by extensions ['ros']
[0.441s] Level 1:colcon.colcon_core.package_identification:_identify(src/px4-ros2-interface-lib/python_docs) by extension 'ros'
[0.441s] Level 1:colcon.colcon_core.package_identification:_identify(src/px4-ros2-interface-lib/python_docs) by extensions ['cmake', 'python']
[0.441s] Level 1:colcon.colcon_core.package_identification:_identify(src/px4-ros2-interface-lib/python_docs) by extension 'cmake'
[0.441s] Level 1:colcon.colcon_core.package_identification:_identify(src/px4-ros2-interface-lib/python_docs) by extension 'python'
[0.441s] Level 1:colcon.colcon_core.package_identification:_identify(src/px4-ros2-interface-lib/python_docs) by extensions ['python_setup_py']
[0.441s] Level 1:colcon.colcon_core.package_identification:_identify(src/px4-ros2-interface-lib/python_docs) by extension 'python_setup_py'
[0.442s] Level 1:colcon.colcon_core.package_identification:_identify(src/px4-ros2-interface-lib/scripts) by extensions ['ignore', 'ignore_ament_install']
[0.442s] Level 1:colcon.colcon_core.package_identification:_identify(src/px4-ros2-interface-lib/scripts) by extension 'ignore'
[0.442s] Level 1:colcon.colcon_core.package_identification:_identify(src/px4-ros2-interface-lib/scripts) by extension 'ignore_ament_install'
[0.442s] Level 1:colcon.colcon_core.package_identification:_identify(src/px4-ros2-interface-lib/scripts) by extensions ['colcon_pkg']
[0.442s] Level 1:colcon.colcon_core.package_identification:_identify(src/px4-ros2-interface-lib/scripts) by extension 'colcon_pkg'
[0.442s] Level 1:colcon.colcon_core.package_identification:_identify(src/px4-ros2-interface-lib/scripts) by extensions ['colcon_meta']
[0.442s] Level 1:colcon.colcon_core.package_identification:_identify(src/px4-ros2-interface-lib/scripts) by extension 'colcon_meta'
[0.442s] Level 1:colcon.colcon_core.package_identification:_identify(src/px4-ros2-interface-lib/scripts) by extensions ['ros']
[0.442s] Level 1:colcon.colcon_core.package_identification:_identify(src/px4-ros2-interface-lib/scripts) by extension 'ros'
[0.442s] Level 1:colcon.colcon_core.package_identification:_identify(src/px4-ros2-interface-lib/scripts) by extensions ['cmake', 'python']
[0.442s] Level 1:colcon.colcon_core.package_identification:_identify(src/px4-ros2-interface-lib/scripts) by extension 'cmake'
[0.442s] Level 1:colcon.colcon_core.package_identification:_identify(src/px4-ros2-interface-lib/scripts) by extension 'python'
[0.442s] Level 1:colcon.colcon_core.package_identification:_identify(src/px4-ros2-interface-lib/scripts) by extensions ['python_setup_py']
[0.442s] Level 1:colcon.colcon_core.package_identification:_identify(src/px4-ros2-interface-lib/scripts) by extension 'python_setup_py'
[0.443s] Level 1:colcon.colcon_core.package_identification:_identify(src/px4_actuator_ctrl) by extensions ['ignore', 'ignore_ament_install']
[0.443s] Level 1:colcon.colcon_core.package_identification:_identify(src/px4_actuator_ctrl) by extension 'ignore'
[0.443s] Level 1:colcon.colcon_core.package_identification:_identify(src/px4_actuator_ctrl) by extension 'ignore_ament_install'
[0.443s] Level 1:colcon.colcon_core.package_identification:_identify(src/px4_actuator_ctrl) by extensions ['colcon_pkg']
[0.443s] Level 1:colcon.colcon_core.package_identification:_identify(src/px4_actuator_ctrl) by extension 'colcon_pkg'
[0.443s] Level 1:colcon.colcon_core.package_identification:_identify(src/px4_actuator_ctrl) by extensions ['colcon_meta']
[0.443s] Level 1:colcon.colcon_core.package_identification:_identify(src/px4_actuator_ctrl) by extension 'colcon_meta'
[0.443s] Level 1:colcon.colcon_core.package_identification:_identify(src/px4_actuator_ctrl) by extensions ['ros']
[0.443s] Level 1:colcon.colcon_core.package_identification:_identify(src/px4_actuator_ctrl) by extension 'ros'
[0.444s] DEBUG:colcon.colcon_core.package_identification:Package 'src/px4_actuator_ctrl' with type 'ros.ament_python' and name 'px4_actuator_ctrl'
[0.444s] Level 1:colcon.colcon_core.package_identification:_identify(src/px4_msgs) by extensions ['ignore', 'ignore_ament_install']
[0.444s] Level 1:colcon.colcon_core.package_identification:_identify(src/px4_msgs) by extension 'ignore'
[0.444s] Level 1:colcon.colcon_core.package_identification:_identify(src/px4_msgs) by extension 'ignore_ament_install'
[0.444s] Level 1:colcon.colcon_core.package_identification:_identify(src/px4_msgs) by extensions ['colcon_pkg']
[0.444s] Level 1:colcon.colcon_core.package_identification:_identify(src/px4_msgs) by extension 'colcon_pkg'
[0.444s] Level 1:colcon.colcon_core.package_identification:_identify(src/px4_msgs) by extensions ['colcon_meta']
[0.444s] Level 1:colcon.colcon_core.package_identification:_identify(src/px4_msgs) by extension 'colcon_meta'
[0.444s] Level 1:colcon.colcon_core.package_identification:_identify(src/px4_msgs) by extensions ['ros']
[0.444s] Level 1:colcon.colcon_core.package_identification:_identify(src/px4_msgs) by extension 'ros'
[0.445s] DEBUG:colcon.colcon_core.package_identification:Package 'src/px4_msgs' with type 'ros.ament_cmake' and name 'px4_msgs'
[0.445s] Level 1:colcon.colcon_core.package_identification:_identify(src/px4_ros_com) by extensions ['ignore', 'ignore_ament_install']
[0.445s] Level 1:colcon.colcon_core.package_identification:_identify(src/px4_ros_com) by extension 'ignore'
[0.445s] Level 1:colcon.colcon_core.package_identification:_identify(src/px4_ros_com) by extension 'ignore_ament_install'
[0.445s] Level 1:colcon.colcon_core.package_identification:_identify(src/px4_ros_com) by extensions ['colcon_pkg']
[0.445s] Level 1:colcon.colcon_core.package_identification:_identify(src/px4_ros_com) by extension 'colcon_pkg'
[0.445s] Level 1:colcon.colcon_core.package_identification:_identify(src/px4_ros_com) by extensions ['colcon_meta']
[0.445s] Level 1:colcon.colcon_core.package_identification:_identify(src/px4_ros_com) by extension 'colcon_meta'
[0.445s] Level 1:colcon.colcon_core.package_identification:_identify(src/px4_ros_com) by extensions ['ros']
[0.445s] Level 1:colcon.colcon_core.package_identification:_identify(src/px4_ros_com) by extension 'ros'
[0.446s] DEBUG:colcon.colcon_core.package_identification:Package 'src/px4_ros_com' with type 'ros.ament_cmake' and name 'px4_ros_com'
[0.446s] Level 1:colcon.colcon_core.package_discovery:discover_packages(recursive) using defaults
[0.446s] Level 1:colcon.colcon_core.package_discovery:discover_packages(ignore) discover
[0.447s] Level 1:colcon.colcon_core.package_discovery:discover_packages(ignore) using defaults
[0.447s] Level 1:colcon.colcon_core.package_discovery:discover_packages(path) discover
[0.447s] Level 1:colcon.colcon_core.package_discovery:discover_packages(path) using defaults
[0.476s] Level 1:colcon.colcon_core.package_discovery:discover_packages(prefix_path) check parameters
[0.476s] Level 1:colcon.colcon_core.package_discovery:discover_packages(prefix_path) discover
[0.482s] DEBUG:colcon.colcon_installed_package_information.package_discovery:Found 31 installed packages in /home/mikks/crazyflie_mapping_demo/ros2_ws/install
[0.483s] DEBUG:colcon.colcon_installed_package_information.package_discovery:Found 4 installed packages in /home/mikks/ros2_ws/install
[0.484s] DEBUG:colcon.colcon_installed_package_information.package_discovery:Found 300 installed packages in /opt/ros/jazzy
[0.485s] Level 1:colcon.colcon_core.package_discovery:discover_packages(prefix_path) using defaults
[0.551s] Level 5:colcon.colcon_core.verb:set package 'px4_msgs' build argument 'cmake_args' from command line to 'None'
[0.551s] Level 5:colcon.colcon_core.verb:set package 'px4_msgs' build argument 'cmake_target' from command line to 'None'
[0.551s] Level 5:colcon.colcon_core.verb:set package 'px4_msgs' build argument 'cmake_target_skip_unavailable' from command line to 'False'
[0.551s] Level 5:colcon.colcon_core.verb:set package 'px4_msgs' build argument 'cmake_clean_cache' from command line to 'False'
[0.552s] Level 5:colcon.colcon_core.verb:set package 'px4_msgs' build argument 'cmake_clean_first' from command line to 'False'
[0.552s] Level 5:colcon.colcon_core.verb:set package 'px4_msgs' build argument 'cmake_force_configure' from command line to 'False'
[0.552s] Level 5:colcon.colcon_core.verb:set package 'px4_msgs' build argument 'ament_cmake_args' from command line to 'None'
[0.552s] Level 5:colcon.colcon_core.verb:set package 'px4_msgs' build argument 'catkin_cmake_args' from command line to 'None'
[0.552s] Level 5:colcon.colcon_core.verb:set package 'px4_msgs' build argument 'catkin_skip_building_tests' from command line to 'False'
[0.552s] DEBUG:colcon.colcon_core.verb:Building package 'px4_msgs' with the following arguments: {'ament_cmake_args': None, 'build_base': '/home/mikks/ros2_px4_ws/build/px4_msgs', 'catkin_cmake_args': None, 'catkin_skip_building_tests': False, 'cmake_args': None, 'cmake_clean_cache': False, 'cmake_clean_first': False, 'cmake_force_configure': False, 'cmake_target': None, 'cmake_target_skip_unavailable': False, 'install_base': '/home/mikks/ros2_px4_ws/install/px4_msgs', 'merge_install': False, 'path': '/home/mikks/ros2_px4_ws/src/px4_msgs', 'symlink_install': True, 'test_result_base': None}
[0.552s] Level 5:colcon.colcon_core.verb:set package 'px4_actuator_ctrl' build argument 'cmake_args' from command line to 'None'
[0.552s] Level 5:colcon.colcon_core.verb:set package 'px4_actuator_ctrl' build argument 'cmake_target' from command line to 'None'
[0.552s] Level 5:colcon.colcon_core.verb:set package 'px4_actuator_ctrl' build argument 'cmake_target_skip_unavailable' from command line to 'False'
[0.552s] Level 5:colcon.colcon_core.verb:set package 'px4_actuator_ctrl' build argument 'cmake_clean_cache' from command line to 'False'
[0.552s] Level 5:colcon.colcon_core.verb:set package 'px4_actuator_ctrl' build argument 'cmake_clean_first' from command line to 'False'
[0.552s] Level 5:colcon.colcon_core.verb:set package 'px4_actuator_ctrl' build argument 'cmake_force_configure' from command line to 'False'
[0.552s] Level 5:colcon.colcon_core.verb:set package 'px4_actuator_ctrl' build argument 'ament_cmake_args' from command line to 'None'
[0.552s] Level 5:colcon.colcon_core.verb:set package 'px4_actuator_ctrl' build argument 'catkin_cmake_args' from command line to 'None'
[0.552s] Level 5:colcon.colcon_core.verb:set package 'px4_actuator_ctrl' build argument 'catkin_skip_building_tests' from command line to 'False'
[0.552s] DEBUG:colcon.colcon_core.verb:Building package 'px4_actuator_ctrl' with the following arguments: {'ament_cmake_args': None, 'build_base': '/home/mikks/ros2_px4_ws/build/px4_actuator_ctrl', 'catkin_cmake_args': None, 'catkin_skip_building_tests': False, 'cmake_args': None, 'cmake_clean_cache': False, 'cmake_clean_first': False, 'cmake_force_configure': False, 'cmake_target': None, 'cmake_target_skip_unavailable': False, 'install_base': '/home/mikks/ros2_px4_ws/install/px4_actuator_ctrl', 'merge_install': False, 'path': '/home/mikks/ros2_px4_ws/src/px4_actuator_ctrl', 'symlink_install': True, 'test_result_base': None}
[0.553s] Level 5:colcon.colcon_core.verb:set package 'px4_ros2_cpp' build argument 'cmake_args' from command line to 'None'
[0.553s] Level 5:colcon.colcon_core.verb:set package 'px4_ros2_cpp' build argument 'cmake_target' from command line to 'None'
[0.553s] Level 5:colcon.colcon_core.verb:set package 'px4_ros2_cpp' build argument 'cmake_target_skip_unavailable' from command line to 'False'
[0.553s] Level 5:colcon.colcon_core.verb:set package 'px4_ros2_cpp' build argument 'cmake_clean_cache' from command line to 'False'
[0.553s] Level 5:colcon.colcon_core.verb:set package 'px4_ros2_cpp' build argument 'cmake_clean_first' from command line to 'False'
[0.553s] Level 5:colcon.colcon_core.verb:set package 'px4_ros2_cpp' build argument 'cmake_force_configure' from command line to 'False'
[0.553s] Level 5:colcon.colcon_core.verb:set package 'px4_ros2_cpp' build argument 'ament_cmake_args' from command line to 'None'
[0.553s] Level 5:colcon.colcon_core.verb:set package 'px4_ros2_cpp' build argument 'catkin_cmake_args' from command line to 'None'
[0.553s] Level 5:colcon.colcon_core.verb:set package 'px4_ros2_cpp' build argument 'catkin_skip_building_tests' from command line to 'False'
[0.553s] DEBUG:colcon.colcon_core.verb:Building package 'px4_ros2_cpp' with the following arguments: {'ament_cmake_args': None, 'build_base': '/home/mikks/ros2_px4_ws/build/px4_ros2_cpp', 'catkin_cmake_args': None, 'catkin_skip_building_tests': False, 'cmake_args': None, 'cmake_clean_cache': False, 'cmake_clean_first': False, 'cmake_force_configure': False, 'cmake_target': None, 'cmake_target_skip_unavailable': False, 'install_base': '/home/mikks/ros2_px4_ws/install/px4_ros2_cpp', 'merge_install': False, 'path': '/home/mikks/ros2_px4_ws/src/px4-ros2-interface-lib/px4_ros2_cpp', 'symlink_install': True, 'test_result_base': None}
[0.553s] Level 5:colcon.colcon_core.verb:set package 'px4_ros_com' build argument 'cmake_args' from command line to 'None'
[0.553s] Level 5:colcon.colcon_core.verb:set package 'px4_ros_com' build argument 'cmake_target' from command line to 'None'
[0.553s] Level 5:colcon.colcon_core.verb:set package 'px4_ros_com' build argument 'cmake_target_skip_unavailable' from command line to 'False'
[0.553s] Level 5:colcon.colcon_core.verb:set package 'px4_ros_com' build argument 'cmake_clean_cache' from command line to 'False'
[0.553s] Level 5:colcon.colcon_core.verb:set package 'px4_ros_com' build argument 'cmake_clean_first' from command line to 'False'
[0.553s] Level 5:colcon.colcon_core.verb:set package 'px4_ros_com' build argument 'cmake_force_configure' from command line to 'False'
[0.553s] Level 5:colcon.colcon_core.verb:set package 'px4_ros_com' build argument 'ament_cmake_args' from command line to 'None'
[0.553s] Level 5:colcon.colcon_core.verb:set package 'px4_ros_com' build argument 'catkin_cmake_args' from command line to 'None'
[0.553s] Level 5:colcon.colcon_core.verb:set package 'px4_ros_com' build argument 'catkin_skip_building_tests' from command line to 'False'
[0.553s] DEBUG:colcon.colcon_core.verb:Building package 'px4_ros_com' with the following arguments: {'ament_cmake_args': None, 'build_base': '/home/mikks/ros2_px4_ws/build/px4_ros_com', 'catkin_cmake_args': None, 'catkin_skip_building_tests': False, 'cmake_args': None, 'cmake_clean_cache': False, 'cmake_clean_first': False, 'cmake_force_configure': False, 'cmake_target': None, 'cmake_target_skip_unavailable': False, 'install_base': '/home/mikks/ros2_px4_ws/install/px4_ros_com', 'merge_install': False, 'path': '/home/mikks/ros2_px4_ws/src/px4_ros_com', 'symlink_install': True, 'test_result_base': None}
[0.553s] Level 5:colcon.colcon_core.verb:set package 'example_executor_with_multiple_modes_cpp' build argument 'cmake_args' from command line to 'None'
[0.553s] Level 5:colcon.colcon_core.verb:set package 'example_executor_with_multiple_modes_cpp' build argument 'cmake_target' from command line to 'None'
[0.553s] Level 5:colcon.colcon_core.verb:set package 'example_executor_with_multiple_modes_cpp' build argument 'cmake_target_skip_unavailable' from command line to 'False'
[0.553s] Level 5:colcon.colcon_core.verb:set package 'example_executor_with_multiple_modes_cpp' build argument 'cmake_clean_cache' from command line to 'False'
[0.554s] Level 5:colcon.colcon_core.verb:set package 'example_executor_with_multiple_modes_cpp' build argument 'cmake_clean_first' from command line to 'False'
[0.554s] Level 5:colcon.colcon_core.verb:set package 'example_executor_with_multiple_modes_cpp' build argument 'cmake_force_configure' from command line to 'False'
[0.554s] Level 5:colcon.colcon_core.verb:set package 'example_executor_with_multiple_modes_cpp' build argument 'ament_cmake_args' from command line to 'None'
[0.554s] Level 5:colcon.colcon_core.verb:set package 'example_executor_with_multiple_modes_cpp' build argument 'catkin_cmake_args' from command line to 'None'
[0.554s] Level 5:colcon.colcon_core.verb:set package 'example_executor_with_multiple_modes_cpp' build argument 'catkin_skip_building_tests' from command line to 'False'
[0.554s] DEBUG:colcon.colcon_core.verb:Building package 'example_executor_with_multiple_modes_cpp' with the following arguments: {'ament_cmake_args': None, 'build_base': '/home/mikks/ros2_px4_ws/build/example_executor_with_multiple_modes_cpp', 'catkin_cmake_args': None, 'catkin_skip_building_tests': False, 'cmake_args': None, 'cmake_clean_cache': False, 'cmake_clean_first': False, 'cmake_force_configure': False, 'cmake_target': None, 'cmake_target_skip_unavailable': False, 'install_base': '/home/mikks/ros2_px4_ws/install/example_executor_with_multiple_modes_cpp', 'merge_install': False, 'path': '/home/mikks/ros2_px4_ws/src/px4-ros2-interface-lib/examples/cpp/modes/executor_with_multiple_modes', 'symlink_install': True, 'test_result_base': None}
[0.554s] Level 5:colcon.colcon_core.verb:set package 'example_global_navigation_cpp' build argument 'cmake_args' from command line to 'None'
[0.554s] Level 5:colcon.colcon_core.verb:set package 'example_global_navigation_cpp' build argument 'cmake_target' from command line to 'None'
[0.554s] Level 5:colcon.colcon_core.verb:set package 'example_global_navigation_cpp' build argument 'cmake_target_skip_unavailable' from command line to 'False'
[0.554s] Level 5:colcon.colcon_core.verb:set package 'example_global_navigation_cpp' build argument 'cmake_clean_cache' from command line to 'False'
[0.554s] Level 5:colcon.colcon_core.verb:set package 'example_global_navigation_cpp' build argument 'cmake_clean_first' from command line to 'False'
[0.554s] Level 5:colcon.colcon_core.verb:set package 'example_global_navigation_cpp' build argument 'cmake_force_configure' from command line to 'False'
[0.554s] Level 5:colcon.colcon_core.verb:set package 'example_global_navigation_cpp' build argument 'ament_cmake_args' from command line to 'None'
[0.554s] Level 5:colcon.colcon_core.verb:set package 'example_global_navigation_cpp' build argument 'catkin_cmake_args' from command line to 'None'
[0.554s] Level 5:colcon.colcon_core.verb:set package 'example_global_navigation_cpp' build argument 'catkin_skip_building_tests' from command line to 'False'
[0.554s] DEBUG:colcon.colcon_core.verb:Building package 'example_global_navigation_cpp' with the following arguments: {'ament_cmake_args': None, 'build_base': '/home/mikks/ros2_px4_ws/build/example_global_navigation_cpp', 'catkin_cmake_args': None, 'catkin_skip_building_tests': False, 'cmake_args': None, 'cmake_clean_cache': False, 'cmake_clean_first': False, 'cmake_force_configure': False, 'cmake_target': None, 'cmake_target_skip_unavailable': False, 'install_base': '/home/mikks/ros2_px4_ws/install/example_global_navigation_cpp', 'merge_install': False, 'path': '/home/mikks/ros2_px4_ws/src/px4-ros2-interface-lib/examples/cpp/navigation/global_navigation', 'symlink_install': True, 'test_result_base': None}
[0.555s] Level 5:colcon.colcon_core.verb:set package 'example_local_navigation_cpp' build argument 'cmake_args' from command line to 'None'
[0.555s] Level 5:colcon.colcon_core.verb:set package 'example_local_navigation_cpp' build argument 'cmake_target' from command line to 'None'
[0.555s] Level 5:colcon.colcon_core.verb:set package 'example_local_navigation_cpp' build argument 'cmake_target_skip_unavailable' from command line to 'False'
[0.555s] Level 5:colcon.colcon_core.verb:set package 'example_local_navigation_cpp' build argument 'cmake_clean_cache' from command line to 'False'
[0.555s] Level 5:colcon.colcon_core.verb:set package 'example_local_navigation_cpp' build argument 'cmake_clean_first' from command line to 'False'
[0.555s] Level 5:colcon.colcon_core.verb:set package 'example_local_navigation_cpp' build argument 'cmake_force_configure' from command line to 'False'
[0.555s] Level 5:colcon.colcon_core.verb:set package 'example_local_navigation_cpp' build argument 'ament_cmake_args' from command line to 'None'
[0.555s] Level 5:colcon.colcon_core.verb:set package 'example_local_navigation_cpp' build argument 'catkin_cmake_args' from command line to 'None'
[0.555s] Level 5:colcon.colcon_core.verb:set package 'example_local_navigation_cpp' build argument 'catkin_skip_building_tests' from command line to 'False'
[0.555s] DEBUG:colcon.colcon_core.verb:Building package 'example_local_navigation_cpp' with the following arguments: {'ament_cmake_args': None, 'build_base': '/home/mikks/ros2_px4_ws/build/example_local_navigation_cpp', 'catkin_cmake_args': None, 'catkin_skip_building_tests': False, 'cmake_args': None, 'cmake_clean_cache': False, 'cmake_clean_first': False, 'cmake_force_configure': False, 'cmake_target': None, 'cmake_target_skip_unavailable': False, 'install_base': '/home/mikks/ros2_px4_ws/install/example_local_navigation_cpp', 'merge_install': False, 'path': '/home/mikks/ros2_px4_ws/src/px4-ros2-interface-lib/examples/cpp/navigation/local_navigation', 'symlink_install': True, 'test_result_base': None}
[0.555s] Level 5:colcon.colcon_core.verb:set package 'example_mode_fw_attitude_cpp' build argument 'cmake_args' from command line to 'None'
[0.555s] Level 5:colcon.colcon_core.verb:set package 'example_mode_fw_attitude_cpp' build argument 'cmake_target' from command line to 'None'
[0.555s] Level 5:colcon.colcon_core.verb:set package 'example_mode_fw_attitude_cpp' build argument 'cmake_target_skip_unavailable' from command line to 'False'
[0.555s] Level 5:colcon.colcon_core.verb:set package 'example_mode_fw_attitude_cpp' build argument 'cmake_clean_cache' from command line to 'False'
[0.555s] Level 5:colcon.colcon_core.verb:set package 'example_mode_fw_attitude_cpp' build argument 'cmake_clean_first' from command line to 'False'
[0.555s] Level 5:colcon.colcon_core.verb:set package 'example_mode_fw_attitude_cpp' build argument 'cmake_force_configure' from command line to 'False'
[0.555s] Level 5:colcon.colcon_core.verb:set package 'example_mode_fw_attitude_cpp' build argument 'ament_cmake_args' from command line to 'None'
[0.555s] Level 5:colcon.colcon_core.verb:set package 'example_mode_fw_attitude_cpp' build argument 'catkin_cmake_args' from command line to 'None'
[0.555s] Level 5:colcon.colcon_core.verb:set package 'example_mode_fw_attitude_cpp' build argument 'catkin_skip_building_tests' from command line to 'False'
[0.555s] DEBUG:colcon.colcon_core.verb:Building package 'example_mode_fw_attitude_cpp' with the following arguments: {'ament_cmake_args': None, 'build_base': '/home/mikks/ros2_px4_ws/build/example_mode_fw_attitude_cpp', 'catkin_cmake_args': None, 'catkin_skip_building_tests': False, 'cmake_args': None, 'cmake_clean_cache': False, 'cmake_clean_first': False, 'cmake_force_configure': False, 'cmake_target': None, 'cmake_target_skip_unavailable': False, 'install_base': '/home/mikks/ros2_px4_ws/install/example_mode_fw_attitude_cpp', 'merge_install': False, 'path': '/home/mikks/ros2_px4_ws/src/px4-ros2-interface-lib/examples/cpp/modes/fw_attitude', 'symlink_install': True, 'test_result_base': None}
[0.556s] Level 5:colcon.colcon_core.verb:set package 'example_mode_goto_cpp' build argument 'cmake_args' from command line to 'None'
[0.556s] Level 5:colcon.colcon_core.verb:set package 'example_mode_goto_cpp' build argument 'cmake_target' from command line to 'None'
[0.556s] Level 5:colcon.colcon_core.verb:set package 'example_mode_goto_cpp' build argument 'cmake_target_skip_unavailable' from command line to 'False'
[0.556s] Level 5:colcon.colcon_core.verb:set package 'example_mode_goto_cpp' build argument 'cmake_clean_cache' from command line to 'False'
[0.556s] Level 5:colcon.colcon_core.verb:set package 'example_mode_goto_cpp' build argument 'cmake_clean_first' from command line to 'False'
[0.556s] Level 5:colcon.colcon_core.verb:set package 'example_mode_goto_cpp' build argument 'cmake_force_configure' from command line to 'False'
[0.556s] Level 5:colcon.colcon_core.verb:set package 'example_mode_goto_cpp' build argument 'ament_cmake_args' from command line to 'None'
[0.556s] Level 5:colcon.colcon_core.verb:set package 'example_mode_goto_cpp' build argument 'catkin_cmake_args' from command line to 'None'
[0.556s] Level 5:colcon.colcon_core.verb:set package 'example_mode_goto_cpp' build argument 'catkin_skip_building_tests' from command line to 'False'
[0.556s] DEBUG:colcon.colcon_core.verb:Building package 'example_mode_goto_cpp' with the following arguments: {'ament_cmake_args': None, 'build_base': '/home/mikks/ros2_px4_ws/build/example_mode_goto_cpp', 'catkin_cmake_args': None, 'catkin_skip_building_tests': False, 'cmake_args': None, 'cmake_clean_cache': False, 'cmake_clean_first': False, 'cmake_force_configure': False, 'cmake_target': None, 'cmake_target_skip_unavailable': False, 'install_base': '/home/mikks/ros2_px4_ws/install/example_mode_goto_cpp', 'merge_install': False, 'path': '/home/mikks/ros2_px4_ws/src/px4-ros2-interface-lib/examples/cpp/modes/goto', 'symlink_install': True, 'test_result_base': None}
[0.556s] Level 5:colcon.colcon_core.verb:set package 'example_mode_goto_global_cpp' build argument 'cmake_args' from command line to 'None'
[0.556s] Level 5:colcon.colcon_core.verb:set package 'example_mode_goto_global_cpp' build argument 'cmake_target' from command line to 'None'
[0.556s] Level 5:colcon.colcon_core.verb:set package 'example_mode_goto_global_cpp' build argument 'cmake_target_skip_unavailable' from command line to 'False'
[0.556s] Level 5:colcon.colcon_core.verb:set package 'example_mode_goto_global_cpp' build argument 'cmake_clean_cache' from command line to 'False'
[0.556s] Level 5:colcon.colcon_core.verb:set package 'example_mode_goto_global_cpp' build argument 'cmake_clean_first' from command line to 'False'
[0.556s] Level 5:colcon.colcon_core.verb:set package 'example_mode_goto_global_cpp' build argument 'cmake_force_configure' from command line to 'False'
[0.556s] Level 5:colcon.colcon_core.verb:set package 'example_mode_goto_global_cpp' build argument 'ament_cmake_args' from command line to 'None'
[0.556s] Level 5:colcon.colcon_core.verb:set package 'example_mode_goto_global_cpp' build argument 'catkin_cmake_args' from command line to 'None'
[0.556s] Level 5:colcon.colcon_core.verb:set package 'example_mode_goto_global_cpp' build argument 'catkin_skip_building_tests' from command line to 'False'
[0.557s] DEBUG:colcon.colcon_core.verb:Building package 'example_mode_goto_global_cpp' with the following arguments: {'ament_cmake_args': None, 'build_base': '/home/mikks/ros2_px4_ws/build/example_mode_goto_global_cpp', 'catkin_cmake_args': None, 'catkin_skip_building_tests': False, 'cmake_args': None, 'cmake_clean_cache': False, 'cmake_clean_first': False, 'cmake_force_configure': False, 'cmake_target': None, 'cmake_target_skip_unavailable': False, 'install_base': '/home/mikks/ros2_px4_ws/install/example_mode_goto_global_cpp', 'merge_install': False, 'path': '/home/mikks/ros2_px4_ws/src/px4-ros2-interface-lib/examples/cpp/modes/goto_global', 'symlink_install': True, 'test_result_base': None}
[0.557s] Level 5:colcon.colcon_core.verb:set package 'example_mode_manual_cpp' build argument 'cmake_args' from command line to 'None'
[0.557s] Level 5:colcon.colcon_core.verb:set package 'example_mode_manual_cpp' build argument 'cmake_target' from command line to 'None'
[0.557s] Level 5:colcon.colcon_core.verb:set package 'example_mode_manual_cpp' build argument 'cmake_target_skip_unavailable' from command line to 'False'
[0.557s] Level 5:colcon.colcon_core.verb:set package 'example_mode_manual_cpp' build argument 'cmake_clean_cache' from command line to 'False'
[0.557s] Level 5:colcon.colcon_core.verb:set package 'example_mode_manual_cpp' build argument 'cmake_clean_first' from command line to 'False'
[0.557s] Level 5:colcon.colcon_core.verb:set package 'example_mode_manual_cpp' build argument 'cmake_force_configure' from command line to 'False'
[0.557s] Level 5:colcon.colcon_core.verb:set package 'example_mode_manual_cpp' build argument 'ament_cmake_args' from command line to 'None'
[0.557s] Level 5:colcon.colcon_core.verb:set package 'example_mode_manual_cpp' build argument 'catkin_cmake_args' from command line to 'None'
[0.557s] Level 5:colcon.colcon_core.verb:set package 'example_mode_manual_cpp' build argument 'catkin_skip_building_tests' from command line to 'False'
[0.557s] DEBUG:colcon.colcon_core.verb:Building package 'example_mode_manual_cpp' with the following arguments: {'ament_cmake_args': None, 'build_base': '/home/mikks/ros2_px4_ws/build/example_mode_manual_cpp', 'catkin_cmake_args': None, 'catkin_skip_building_tests': False, 'cmake_args': None, 'cmake_clean_cache': False, 'cmake_clean_first': False, 'cmake_force_configure': False, 'cmake_target': None, 'cmake_target_skip_unavailable': False, 'install_base': '/home/mikks/ros2_px4_ws/install/example_mode_manual_cpp', 'merge_install': False, 'path': '/home/mikks/ros2_px4_ws/src/px4-ros2-interface-lib/examples/cpp/modes/manual', 'symlink_install': True, 'test_result_base': None}
[0.557s] Level 5:colcon.colcon_core.verb:set package 'example_mode_mission_cpp' build argument 'cmake_args' from command line to 'None'
[0.557s] Level 5:colcon.colcon_core.verb:set package 'example_mode_mission_cpp' build argument 'cmake_target' from command line to 'None'
[0.557s] Level 5:colcon.colcon_core.verb:set package 'example_mode_mission_cpp' build argument 'cmake_target_skip_unavailable' from command line to 'False'
[0.558s] Level 5:colcon.colcon_core.verb:set package 'example_mode_mission_cpp' build argument 'cmake_clean_cache' from command line to 'False'
[0.558s] Level 5:colcon.colcon_core.verb:set package 'example_mode_mission_cpp' build argument 'cmake_clean_first' from command line to 'False'
[0.558s] Level 5:colcon.colcon_core.verb:set package 'example_mode_mission_cpp' build argument 'cmake_force_configure' from command line to 'False'
[0.558s] Level 5:colcon.colcon_core.verb:set package 'example_mode_mission_cpp' build argument 'ament_cmake_args' from command line to 'None'
[0.558s] Level 5:colcon.colcon_core.verb:set package 'example_mode_mission_cpp' build argument 'catkin_cmake_args' from command line to 'None'
[0.558s] Level 5:colcon.colcon_core.verb:set package 'example_mode_mission_cpp' build argument 'catkin_skip_building_tests' from command line to 'False'
[0.558s] DEBUG:colcon.colcon_core.verb:Building package 'example_mode_mission_cpp' with the following arguments: {'ament_cmake_args': None, 'build_base': '/home/mikks/ros2_px4_ws/build/example_mode_mission_cpp', 'catkin_cmake_args': None, 'catkin_skip_building_tests': False, 'cmake_args': None, 'cmake_clean_cache': False, 'cmake_clean_first': False, 'cmake_force_configure': False, 'cmake_target': None, 'cmake_target_skip_unavailable': False, 'install_base': '/home/mikks/ros2_px4_ws/install/example_mode_mission_cpp', 'merge_install': False, 'path': '/home/mikks/ros2_px4_ws/src/px4-ros2-interface-lib/examples/cpp/modes/mission', 'symlink_install': True, 'test_result_base': None}
[0.558s] Level 5:colcon.colcon_core.verb:set package 'example_mode_rtl_replacement_cpp' build argument 'cmake_args' from command line to 'None'
[0.558s] Level 5:colcon.colcon_core.verb:set package 'example_mode_rtl_replacement_cpp' build argument 'cmake_target' from command line to 'None'
[0.558s] Level 5:colcon.colcon_core.verb:set package 'example_mode_rtl_replacement_cpp' build argument 'cmake_target_skip_unavailable' from command line to 'False'
[0.558s] Level 5:colcon.colcon_core.verb:set package 'example_mode_rtl_replacement_cpp' build argument 'cmake_clean_cache' from command line to 'False'
[0.558s] Level 5:colcon.colcon_core.verb:set package 'example_mode_rtl_replacement_cpp' build argument 'cmake_clean_first' from command line to 'False'
[0.558s] Level 5:colcon.colcon_core.verb:set package 'example_mode_rtl_replacement_cpp' build argument 'cmake_force_configure' from command line to 'False'
[0.558s] Level 5:colcon.colcon_core.verb:set package 'example_mode_rtl_replacement_cpp' build argument 'ament_cmake_args' from command line to 'None'
[0.558s] Level 5:colcon.colcon_core.verb:set package 'example_mode_rtl_replacement_cpp' build argument 'catkin_cmake_args' from command line to 'None'
[0.558s] Level 5:colcon.colcon_core.verb:set package 'example_mode_rtl_replacement_cpp' build argument 'catkin_skip_building_tests' from command line to 'False'
[0.558s] DEBUG:colcon.colcon_core.verb:Building package 'example_mode_rtl_replacement_cpp' with the following arguments: {'ament_cmake_args': None, 'build_base': '/home/mikks/ros2_px4_ws/build/example_mode_rtl_replacement_cpp', 'catkin_cmake_args': None, 'catkin_skip_building_tests': False, 'cmake_args': None, 'cmake_clean_cache': False, 'cmake_clean_first': False, 'cmake_force_configure': False, 'cmake_target': None, 'cmake_target_skip_unavailable': False, 'install_base': '/home/mikks/ros2_px4_ws/install/example_mode_rtl_replacement_cpp', 'merge_install': False, 'path': '/home/mikks/ros2_px4_ws/src/px4-ros2-interface-lib/examples/cpp/modes/rtl_replacement', 'symlink_install': True, 'test_result_base': None}
[0.559s] Level 5:colcon.colcon_core.verb:set package 'example_mode_vtol_cpp' build argument 'cmake_args' from command line to 'None'
[0.559s] Level 5:colcon.colcon_core.verb:set package 'example_mode_vtol_cpp' build argument 'cmake_target' from command line to 'None'
[0.559s] Level 5:colcon.colcon_core.verb:set package 'example_mode_vtol_cpp' build argument 'cmake_target_skip_unavailable' from command line to 'False'
[0.559s] Level 5:colcon.colcon_core.verb:set package 'example_mode_vtol_cpp' build argument 'cmake_clean_cache' from command line to 'False'
[0.559s] Level 5:colcon.colcon_core.verb:set package 'example_mode_vtol_cpp' build argument 'cmake_clean_first' from command line to 'False'
[0.559s] Level 5:colcon.colcon_core.verb:set package 'example_mode_vtol_cpp' build argument 'cmake_force_configure' from command line to 'False'
[0.559s] Level 5:colcon.colcon_core.verb:set package 'example_mode_vtol_cpp' build argument 'ament_cmake_args' from command line to 'None'
[0.559s] Level 5:colcon.colcon_core.verb:set package 'example_mode_vtol_cpp' build argument 'catkin_cmake_args' from command line to 'None'
[0.559s] Level 5:colcon.colcon_core.verb:set package 'example_mode_vtol_cpp' build argument 'catkin_skip_building_tests' from command line to 'False'
[0.559s] DEBUG:colcon.colcon_core.verb:Building package 'example_mode_vtol_cpp' with the following arguments: {'ament_cmake_args': None, 'build_base': '/home/mikks/ros2_px4_ws/build/example_mode_vtol_cpp', 'catkin_cmake_args': None, 'catkin_skip_building_tests': False, 'cmake_args': None, 'cmake_clean_cache': False, 'cmake_clean_first': False, 'cmake_force_configure': False, 'cmake_target': None, 'cmake_target_skip_unavailable': False, 'install_base': '/home/mikks/ros2_px4_ws/install/example_mode_vtol_cpp', 'merge_install': False, 'path': '/home/mikks/ros2_px4_ws/src/px4-ros2-interface-lib/examples/cpp/modes/vtol', 'symlink_install': True, 'test_result_base': None}
[0.559s] Level 5:colcon.colcon_core.verb:set package 'example_mode_with_executor_cpp' build argument 'cmake_args' from command line to 'None'
[0.559s] Level 5:colcon.colcon_core.verb:set package 'example_mode_with_executor_cpp' build argument 'cmake_target' from command line to 'None'
[0.559s] Level 5:colcon.colcon_core.verb:set package 'example_mode_with_executor_cpp' build argument 'cmake_target_skip_unavailable' from command line to 'False'
[0.559s] Level 5:colcon.colcon_core.verb:set package 'example_mode_with_executor_cpp' build argument 'cmake_clean_cache' from command line to 'False'
[0.559s] Level 5:colcon.colcon_core.verb:set package 'example_mode_with_executor_cpp' build argument 'cmake_clean_first' from command line to 'False'
[0.559s] Level 5:colcon.colcon_core.verb:set package 'example_mode_with_executor_cpp' build argument 'cmake_force_configure' from command line to 'False'
[0.559s] Level 5:colcon.colcon_core.verb:set package 'example_mode_with_executor_cpp' build argument 'ament_cmake_args' from command line to 'None'
[0.559s] Level 5:colcon.colcon_core.verb:set package 'example_mode_with_executor_cpp' build argument 'catkin_cmake_args' from command line to 'None'
[0.559s] Level 5:colcon.colcon_core.verb:set package 'example_mode_with_executor_cpp' build argument 'catkin_skip_building_tests' from command line to 'False'
[0.559s] DEBUG:colcon.colcon_core.verb:Building package 'example_mode_with_executor_cpp' with the following arguments: {'ament_cmake_args': None, 'build_base': '/home/mikks/ros2_px4_ws/build/example_mode_with_executor_cpp', 'catkin_cmake_args': None, 'catkin_skip_building_tests': False, 'cmake_args': None, 'cmake_clean_cache': False, 'cmake_clean_first': False, 'cmake_force_configure': False, 'cmake_target': None, 'cmake_target_skip_unavailable': False, 'install_base': '/home/mikks/ros2_px4_ws/install/example_mode_with_executor_cpp', 'merge_install': False, 'path': '/home/mikks/ros2_px4_ws/src/px4-ros2-interface-lib/examples/cpp/modes/mode_with_executor', 'symlink_install': True, 'test_result_base': None}
[0.560s] Level 5:colcon.colcon_core.verb:set package 'example_rover_velocity_mode_cpp' build argument 'cmake_args' from command line to 'None'
[0.560s] Level 5:colcon.colcon_core.verb:set package 'example_rover_velocity_mode_cpp' build argument 'cmake_target' from command line to 'None'
[0.560s] Level 5:colcon.colcon_core.verb:set package 'example_rover_velocity_mode_cpp' build argument 'cmake_target_skip_unavailable' from command line to 'False'
[0.560s] Level 5:colcon.colcon_core.verb:set package 'example_rover_velocity_mode_cpp' build argument 'cmake_clean_cache' from command line to 'False'
[0.560s] Level 5:colcon.colcon_core.verb:set package 'example_rover_velocity_mode_cpp' build argument 'cmake_clean_first' from command line to 'False'
[0.560s] Level 5:colcon.colcon_core.verb:set package 'example_rover_velocity_mode_cpp' build argument 'cmake_force_configure' from command line to 'False'
[0.560s] Level 5:colcon.colcon_core.verb:set package 'example_rover_velocity_mode_cpp' build argument 'ament_cmake_args' from command line to 'None'
[0.560s] Level 5:colcon.colcon_core.verb:set package 'example_rover_velocity_mode_cpp' build argument 'catkin_cmake_args' from command line to 'None'
[0.560s] Level 5:colcon.colcon_core.verb:set package 'example_rover_velocity_mode_cpp' build argument 'catkin_skip_building_tests' from command line to 'False'
[0.560s] DEBUG:colcon.colcon_core.verb:Building package 'example_rover_velocity_mode_cpp' with the following arguments: {'ament_cmake_args': None, 'build_base': '/home/mikks/ros2_px4_ws/build/example_rover_velocity_mode_cpp', 'catkin_cmake_args': None, 'catkin_skip_building_tests': False, 'cmake_args': None, 'cmake_clean_cache': False, 'cmake_clean_first': False, 'cmake_force_configure': False, 'cmake_target': None, 'cmake_target_skip_unavailable': False, 'install_base': '/home/mikks/ros2_px4_ws/install/example_rover_velocity_mode_cpp', 'merge_install': False, 'path': '/home/mikks/ros2_px4_ws/src/px4-ros2-interface-lib/examples/cpp/modes/rover_velocity', 'symlink_install': True, 'test_result_base': None}
[0.560s] Level 5:colcon.colcon_core.verb:set package 'px4_ros2_py' build argument 'cmake_args' from command line to 'None'
[0.560s] Level 5:colcon.colcon_core.verb:set package 'px4_ros2_py' build argument 'cmake_target' from command line to 'None'
[0.560s] Level 5:colcon.colcon_core.verb:set package 'px4_ros2_py' build argument 'cmake_target_skip_unavailable' from command line to 'False'
[0.560s] Level 5:colcon.colcon_core.verb:set package 'px4_ros2_py' build argument 'cmake_clean_cache' from command line to 'False'
[0.560s] Level 5:colcon.colcon_core.verb:set package 'px4_ros2_py' build argument 'cmake_clean_first' from command line to 'False'
[0.561s] Level 5:colcon.colcon_core.verb:set package 'px4_ros2_py' build argument 'cmake_force_configure' from command line to 'False'
[0.561s] Level 5:colcon.colcon_core.verb:set package 'px4_ros2_py' build argument 'ament_cmake_args' from command line to 'None'
[0.561s] Level 5:colcon.colcon_core.verb:set package 'px4_ros2_py' build argument 'catkin_cmake_args' from command line to 'None'
[0.561s] Level 5:colcon.colcon_core.verb:set package 'px4_ros2_py' build argument 'catkin_skip_building_tests' from command line to 'False'
[0.561s] DEBUG:colcon.colcon_core.verb:Building package 'px4_ros2_py' with the following arguments: {'ament_cmake_args': None, 'build_base': '/home/mikks/ros2_px4_ws/build/px4_ros2_py', 'catkin_cmake_args': None, 'catkin_skip_building_tests': False, 'cmake_args': None, 'cmake_clean_cache': False, 'cmake_clean_first': False, 'cmake_force_configure': False, 'cmake_target': None, 'cmake_target_skip_unavailable': False, 'install_base': '/home/mikks/ros2_px4_ws/install/px4_ros2_py', 'merge_install': False, 'path': '/home/mikks/ros2_px4_ws/src/px4-ros2-interface-lib/px4_ros2_py', 'symlink_install': True, 'test_result_base': None}
[0.561s] Level 5:colcon.colcon_core.verb:set package 'example_mode_goto_py' build argument 'cmake_args' from command line to 'None'
[0.561s] Level 5:colcon.colcon_core.verb:set package 'example_mode_goto_py' build argument 'cmake_target' from command line to 'None'
[0.561s] Level 5:colcon.colcon_core.verb:set package 'example_mode_goto_py' build argument 'cmake_target_skip_unavailable' from command line to 'False'
[0.561s] Level 5:colcon.colcon_core.verb:set package 'example_mode_goto_py' build argument 'cmake_clean_cache' from command line to 'False'
[0.561s] Level 5:colcon.colcon_core.verb:set package 'example_mode_goto_py' build argument 'cmake_clean_first' from command line to 'False'
[0.561s] Level 5:colcon.colcon_core.verb:set package 'example_mode_goto_py' build argument 'cmake_force_configure' from command line to 'False'
[0.561s] Level 5:colcon.colcon_core.verb:set package 'example_mode_goto_py' build argument 'ament_cmake_args' from command line to 'None'
[0.561s] Level 5:colcon.colcon_core.verb:set package 'example_mode_goto_py' build argument 'catkin_cmake_args' from command line to 'None'
[0.561s] Level 5:colcon.colcon_core.verb:set package 'example_mode_goto_py' build argument 'catkin_skip_building_tests' from command line to 'False'
[0.561s] DEBUG:colcon.colcon_core.verb:Building package 'example_mode_goto_py' with the following arguments: {'ament_cmake_args': None, 'build_base': '/home/mikks/ros2_px4_ws/build/example_mode_goto_py', 'catkin_cmake_args': None, 'catkin_skip_building_tests': False, 'cmake_args': None, 'cmake_clean_cache': False, 'cmake_clean_first': False, 'cmake_force_configure': False, 'cmake_target': None, 'cmake_target_skip_unavailable': False, 'install_base': '/home/mikks/ros2_px4_ws/install/example_mode_goto_py', 'merge_install': False, 'path': '/home/mikks/ros2_px4_ws/src/px4-ros2-interface-lib/examples/python/modes/goto', 'symlink_install': True, 'test_result_base': None}
[0.562s] Level 5:colcon.colcon_core.verb:set package 'example_mode_with_rclpy_py' build argument 'cmake_args' from command line to 'None'
[0.562s] Level 5:colcon.colcon_core.verb:set package 'example_mode_with_rclpy_py' build argument 'cmake_target' from command line to 'None'
[0.562s] Level 5:colcon.colcon_core.verb:set package 'example_mode_with_rclpy_py' build argument 'cmake_target_skip_unavailable' from command line to 'False'
[0.562s] Level 5:colcon.colcon_core.verb:set package 'example_mode_with_rclpy_py' build argument 'cmake_clean_cache' from command line to 'False'
[0.562s] Level 5:colcon.colcon_core.verb:set package 'example_mode_with_rclpy_py' build argument 'cmake_clean_first' from command line to 'False'
[0.562s] Level 5:colcon.colcon_core.verb:set package 'example_mode_with_rclpy_py' build argument 'cmake_force_configure' from command line to 'False'
[0.562s] Level 5:colcon.colcon_core.verb:set package 'example_mode_with_rclpy_py' build argument 'ament_cmake_args' from command line to 'None'
[0.562s] Level 5:colcon.colcon_core.verb:set package 'example_mode_with_rclpy_py' build argument 'catkin_cmake_args' from command line to 'None'
[0.562s] Level 5:colcon.colcon_core.verb:set package 'example_mode_with_rclpy_py' build argument 'catkin_skip_building_tests' from command line to 'False'
[0.562s] DEBUG:colcon.colcon_core.verb:Building package 'example_mode_with_rclpy_py' with the following arguments: {'ament_cmake_args': None, 'build_base': '/home/mikks/ros2_px4_ws/build/example_mode_with_rclpy_py', 'catkin_cmake_args': None, 'catkin_skip_building_tests': False, 'cmake_args': None, 'cmake_clean_cache': False, 'cmake_clean_first': False, 'cmake_force_configure': False, 'cmake_target': None, 'cmake_target_skip_unavailable': False, 'install_base': '/home/mikks/ros2_px4_ws/install/example_mode_with_rclpy_py', 'merge_install': False, 'path': '/home/mikks/ros2_px4_ws/src/px4-ros2-interface-lib/examples/python/modes/goto_with_rclpy', 'symlink_install': True, 'test_result_base': None}
[0.562s] INFO:colcon.colcon_core.executor:Executing jobs using 'parallel' executor
[0.563s] DEBUG:colcon.colcon_parallel_executor.executor.parallel:run_until_complete
[0.563s] INFO:colcon.colcon_ros.task.ament_cmake.build:Building ROS package in '/home/mikks/ros2_px4_ws/src/px4_msgs' with build type 'ament_cmake'
[0.563s] INFO:colcon.colcon_cmake.task.cmake.build:Building CMake package in '/home/mikks/ros2_px4_ws/src/px4_msgs'
[0.569s] INFO:colcon.colcon_core.plugin_system:Skipping extension 'colcon_core.shell.bat': Not used on non-Windows systems
[0.569s] INFO:colcon.colcon_core.shell:Skip shell extension 'powershell' for command environment: Not usable outside of PowerShell
[0.569s] DEBUG:colcon.colcon_core.shell:Skip shell extension 'dsv' for command environment
[0.581s] DEBUG:colcon.colcon_core.event_handler.log_command:Invoking command in '/home/mikks/ros2_px4_ws/build/px4_msgs': CMAKE_PREFIX_PATH=${CMAKE_PREFIX_PATH}:/home/mikks/ros2_ws/install/rover_desc_description:/home/mikks/ros2_ws/install/px4_actuator_ctrl:/home/mikks/ros2_ws/install/mine_rover_description:/home/mikks/ros2_ws/install/ZerionURDFV5cp_description:/home/mikks/crazyflie_mapping_demo/ros2_ws/install/velocity_free_consensus:/home/mikks/crazyflie_mapping_demo/ros2_ws/install/stepwise_lowpos:/home/mikks/crazyflie_mapping_demo/ros2_ws/install/step_wise_lowpos:/home/mikks/crazyflie_mapping_demo/ros2_ws/install/second_order_formation_control:/home/mikks/crazyflie_mapping_demo/ros2_ws/install/ros_gz_crazyflie_control:/home/mikks/crazyflie_mapping_demo/ros2_ws/install/mixed_fractional_consensus:/home/mikks/crazyflie_mapping_demo/ros2_ws/install/lowest_pos:/home/mikks/crazyflie_mapping_demo/ros2_ws/install/linear_consensus:/home/mikks/crazyflie_mapping_demo/ros2_ws/install/highest_pos:/home/mikks/crazyflie_mapping_demo/ros2_ws/install/fractional_consensus_alpha:/home/mikks/crazyflie_mapping_demo/ros2_ws/install/event_triggered_swarm:/home/mikks/crazyflie_mapping_demo/ros2_ws/install/drone_logger:/home/mikks/crazyflie_mapping_demo/ros2_ws/install/distributed_average_tracking:/home/mikks/crazyflie_mapping_demo/ros2_ws/install/crazyflie_swarm_logic:/home/mikks/crazyflie_mapping_demo/ros2_ws/install/crazyflie_ros2_multiranger_wall_following:/home/mikks/crazyflie_mapping_demo/ros2_ws/install/crazyflie_ros2_multiranger_simple_mapper:/home/mikks/crazyflie_mapping_demo/ros2_ws/install/crazyflie_py:/home/mikks/crazyflie_mapping_demo/ros2_ws/install/cooperative_target_centric_formation:/home/mikks/crazyflie_mapping_demo/ros2_ws/install/containment_using_agent_information:/home/mikks/crazyflie_mapping_demo/ros2_ws/install/consensus_for_double_integrator:/home/mikks/crazyflie_mapping_demo/ros2_ws/install/consensus_alignment:/home/mikks/crazyflie_mapping_demo/ros2_ws/install/binary_consensus:/home/mikks/crazyflie_mapping_demo/ros2_ws/install/Second_Order_Min_Consensus_for_Heterogeneous_Agents:/home/mikks/crazyflie_mapping_demo/ros2_ws/install/BinaryContainmentChain:/opt/ros/jazzy DEBUGINFOD_URLS=https://debuginfod.ubuntu.com /usr/bin/cmake --build /home/mikks/ros2_px4_ws/build/px4_msgs -- -j12 -l12
[2.702s] DEBUG:colcon.colcon_core.event_handler.log_command:Invoked command in '/home/mikks/ros2_px4_ws/build/px4_msgs' returned '0': CMAKE_PREFIX_PATH=${CMAKE_PREFIX_PATH}:/home/mikks/ros2_ws/install/rover_desc_description:/home/mikks/ros2_ws/install/px4_actuator_ctrl:/home/mikks/ros2_ws/install/mine_rover_description:/home/mikks/ros2_ws/install/ZerionURDFV5cp_description:/home/mikks/crazyflie_mapping_demo/ros2_ws/install/velocity_free_consensus:/home/mikks/crazyflie_mapping_demo/ros2_ws/install/stepwise_lowpos:/home/mikks/crazyflie_mapping_demo/ros2_ws/install/step_wise_lowpos:/home/mikks/crazyflie_mapping_demo/ros2_ws/install/second_order_formation_control:/home/mikks/crazyflie_mapping_demo/ros2_ws/install/ros_gz_crazyflie_control:/home/mikks/crazyflie_mapping_demo/ros2_ws/install/mixed_fractional_consensus:/home/mikks/crazyflie_mapping_demo/ros2_ws/install/lowest_pos:/home/mikks/crazyflie_mapping_demo/ros2_ws/install/linear_consensus:/home/mikks/crazyflie_mapping_demo/ros2_ws/install/highest_pos:/home/mikks/crazyflie_mapping_demo/ros2_ws/install/fractional_consensus_alpha:/home/mikks/crazyflie_mapping_demo/ros2_ws/install/event_triggered_swarm:/home/mikks/crazyflie_mapping_demo/ros2_ws/install/drone_logger:/home/mikks/crazyflie_mapping_demo/ros2_ws/install/distributed_average_tracking:/home/mikks/crazyflie_mapping_demo/ros2_ws/install/crazyflie_swarm_logic:/home/mikks/crazyflie_mapping_demo/ros2_ws/install/crazyflie_ros2_multiranger_wall_following:/home/mikks/crazyflie_mapping_demo/ros2_ws/install/crazyflie_ros2_multiranger_simple_mapper:/home/mikks/crazyflie_mapping_demo/ros2_ws/install/crazyflie_py:/home/mikks/crazyflie_mapping_demo/ros2_ws/install/cooperative_target_centric_formation:/home/mikks/crazyflie_mapping_demo/ros2_ws/install/containment_using_agent_information:/home/mikks/crazyflie_mapping_demo/ros2_ws/install/consensus_for_double_integrator:/home/mikks/crazyflie_mapping_demo/ros2_ws/install/consensus_alignment:/home/mikks/crazyflie_mapping_demo/ros2_ws/install/binary_consensus:/home/mikks/crazyflie_mapping_demo/ros2_ws/install/Second_Order_Min_Consensus_for_Heterogeneous_Agents:/home/mikks/crazyflie_mapping_demo/ros2_ws/install/BinaryContainmentChain:/opt/ros/jazzy DEBUGINFOD_URLS=https://debuginfod.ubuntu.com /usr/bin/cmake --build /home/mikks/ros2_px4_ws/build/px4_msgs -- -j12 -l12
[2.714s] DEBUG:colcon.colcon_core.event_handler.log_command:Invoking command in '/home/mikks/ros2_px4_ws/build/px4_msgs': CMAKE_PREFIX_PATH=${CMAKE_PREFIX_PATH}:/home/mikks/ros2_ws/install/rover_desc_description:/home/mikks/ros2_ws/install/px4_actuator_ctrl:/home/mikks/ros2_ws/install/mine_rover_description:/home/mikks/ros2_ws/install/ZerionURDFV5cp_description:/home/mikks/crazyflie_mapping_demo/ros2_ws/install/velocity_free_consensus:/home/mikks/crazyflie_mapping_demo/ros2_ws/install/stepwise_lowpos:/home/mikks/crazyflie_mapping_demo/ros2_ws/install/step_wise_lowpos:/home/mikks/crazyflie_mapping_demo/ros2_ws/install/second_order_formation_control:/home/mikks/crazyflie_mapping_demo/ros2_ws/install/ros_gz_crazyflie_control:/home/mikks/crazyflie_mapping_demo/ros2_ws/install/mixed_fractional_consensus:/home/mikks/crazyflie_mapping_demo/ros2_ws/install/lowest_pos:/home/mikks/crazyflie_mapping_demo/ros2_ws/install/linear_consensus:/home/mikks/crazyflie_mapping_demo/ros2_ws/install/highest_pos:/home/mikks/crazyflie_mapping_demo/ros2_ws/install/fractional_consensus_alpha:/home/mikks/crazyflie_mapping_demo/ros2_ws/install/event_triggered_swarm:/home/mikks/crazyflie_mapping_demo/ros2_ws/install/drone_logger:/home/mikks/crazyflie_mapping_demo/ros2_ws/install/distributed_average_tracking:/home/mikks/crazyflie_mapping_demo/ros2_ws/install/crazyflie_swarm_logic:/home/mikks/crazyflie_mapping_demo/ros2_ws/install/crazyflie_ros2_multiranger_wall_following:/home/mikks/crazyflie_mapping_demo/ros2_ws/install/crazyflie_ros2_multiranger_simple_mapper:/home/mikks/crazyflie_mapping_demo/ros2_ws/install/crazyflie_py:/home/mikks/crazyflie_mapping_demo/ros2_ws/install/cooperative_target_centric_formation:/home/mikks/crazyflie_mapping_demo/ros2_ws/install/containment_using_agent_information:/home/mikks/crazyflie_mapping_demo/ros2_ws/install/consensus_for_double_integrator:/home/mikks/crazyflie_mapping_demo/ros2_ws/install/consensus_alignment:/home/mikks/crazyflie_mapping_demo/ros2_ws/install/binary_consensus:/home/mikks/crazyflie_mapping_demo/ros2_ws/install/Second_Order_Min_Consensus_for_Heterogeneous_Agents:/home/mikks/crazyflie_mapping_demo/ros2_ws/install/BinaryContainmentChain:/opt/ros/jazzy DEBUGINFOD_URLS=https://debuginfod.ubuntu.com /usr/bin/cmake --install /home/mikks/ros2_px4_ws/build/px4_msgs
[3.580s] Level 1:colcon.colcon_core.environment:create_environment_scripts_only(px4_msgs)
[3.581s] DEBUG:colcon.colcon_core.event_handler.log_command:Invoked command in '/home/mikks/ros2_px4_ws/build/px4_msgs' returned '0': CMAKE_PREFIX_PATH=${CMAKE_PREFIX_PATH}:/home/mikks/ros2_ws/install/rover_desc_description:/home/mikks/ros2_ws/install/px4_actuator_ctrl:/home/mikks/ros2_ws/install/mine_rover_description:/home/mikks/ros2_ws/install/ZerionURDFV5cp_description:/home/mikks/crazyflie_mapping_demo/ros2_ws/install/velocity_free_consensus:/home/mikks/crazyflie_mapping_demo/ros2_ws/install/stepwise_lowpos:/home/mikks/crazyflie_mapping_demo/ros2_ws/install/step_wise_lowpos:/home/mikks/crazyflie_mapping_demo/ros2_ws/install/second_order_formation_control:/home/mikks/crazyflie_mapping_demo/ros2_ws/install/ros_gz_crazyflie_control:/home/mikks/crazyflie_mapping_demo/ros2_ws/install/mixed_fractional_consensus:/home/mikks/crazyflie_mapping_demo/ros2_ws/install/lowest_pos:/home/mikks/crazyflie_mapping_demo/ros2_ws/install/linear_consensus:/home/mikks/crazyflie_mapping_demo/ros2_ws/install/highest_pos:/home/mikks/crazyflie_mapping_demo/ros2_ws/install/fractional_consensus_alpha:/home/mikks/crazyflie_mapping_demo/ros2_ws/install/event_triggered_swarm:/home/mikks/crazyflie_mapping_demo/ros2_ws/install/drone_logger:/home/mikks/crazyflie_mapping_demo/ros2_ws/install/distributed_average_tracking:/home/mikks/crazyflie_mapping_demo/ros2_ws/install/crazyflie_swarm_logic:/home/mikks/crazyflie_mapping_demo/ros2_ws/install/crazyflie_ros2_multiranger_wall_following:/home/mikks/crazyflie_mapping_demo/ros2_ws/install/crazyflie_ros2_multiranger_simple_mapper:/home/mikks/crazyflie_mapping_demo/ros2_ws/install/crazyflie_py:/home/mikks/crazyflie_mapping_demo/ros2_ws/install/cooperative_target_centric_formation:/home/mikks/crazyflie_mapping_demo/ros2_ws/install/containment_using_agent_information:/home/mikks/crazyflie_mapping_demo/ros2_ws/install/consensus_for_double_integrator:/home/mikks/crazyflie_mapping_demo/ros2_ws/install/consensus_alignment:/home/mikks/crazyflie_mapping_demo/ros2_ws/install/binary_consensus:/home/mikks/crazyflie_mapping_demo/ros2_ws/install/Second_Order_Min_Consensus_for_Heterogeneous_Agents:/home/mikks/crazyflie_mapping_demo/ros2_ws/install/BinaryContainmentChain:/opt/ros/jazzy DEBUGINFOD_URLS=https://debuginfod.ubuntu.com /usr/bin/cmake --install /home/mikks/ros2_px4_ws/build/px4_msgs
[3.588s] Level 1:colcon.colcon_core.environment:checking '/home/mikks/ros2_px4_ws/install/px4_msgs' for CMake module files
[3.589s] Level 1:colcon.colcon_core.environment:checking '/home/mikks/ros2_px4_ws/install/px4_msgs' for CMake config files
[3.589s] Level 1:colcon.colcon_core.shell:create_environment_hook('px4_msgs', 'cmake_prefix_path')
[3.590s] INFO:colcon.colcon_core.shell:Creating environment hook '/home/mikks/ros2_px4_ws/install/px4_msgs/share/px4_msgs/hook/cmake_prefix_path.ps1'
[3.590s] INFO:colcon.colcon_core.shell:Creating environment descriptor '/home/mikks/ros2_px4_ws/install/px4_msgs/share/px4_msgs/hook/cmake_prefix_path.dsv'
[3.591s] INFO:colcon.colcon_core.shell:Creating environment hook '/home/mikks/ros2_px4_ws/install/px4_msgs/share/px4_msgs/hook/cmake_prefix_path.sh'
[3.592s] Level 1:colcon.colcon_core.environment:checking '/home/mikks/ros2_px4_ws/install/px4_msgs/lib'
[3.592s] Level 1:colcon.colcon_core.shell:create_environment_hook('px4_msgs', 'ld_library_path_lib')
[3.592s] INFO:colcon.colcon_core.shell:Creating environment hook '/home/mikks/ros2_px4_ws/install/px4_msgs/share/px4_msgs/hook/ld_library_path_lib.ps1'
[3.593s] INFO:colcon.colcon_core.shell:Creating environment descriptor '/home/mikks/ros2_px4_ws/install/px4_msgs/share/px4_msgs/hook/ld_library_path_lib.dsv'
[3.593s] INFO:colcon.colcon_core.shell:Creating environment hook '/home/mikks/ros2_px4_ws/install/px4_msgs/share/px4_msgs/hook/ld_library_path_lib.sh'
[3.594s] Level 1:colcon.colcon_core.environment:checking '/home/mikks/ros2_px4_ws/install/px4_msgs/bin'
[3.594s] Level 1:colcon.colcon_core.environment:checking '/home/mikks/ros2_px4_ws/install/px4_msgs/lib/pkgconfig/px4_msgs.pc'
[3.594s] Level 1:colcon.colcon_core.environment:checking '/home/mikks/ros2_px4_ws/install/px4_msgs/lib/python3.12/site-packages'
[3.594s] Level 1:colcon.colcon_core.shell:create_environment_hook('px4_msgs', 'pythonpath')
[3.594s] INFO:colcon.colcon_core.shell:Creating environment hook '/home/mikks/ros2_px4_ws/install/px4_msgs/share/px4_msgs/hook/pythonpath.ps1'
[3.595s] INFO:colcon.colcon_core.shell:Creating environment descriptor '/home/mikks/ros2_px4_ws/install/px4_msgs/share/px4_msgs/hook/pythonpath.dsv'
[3.595s] INFO:colcon.colcon_core.shell:Creating environment hook '/home/mikks/ros2_px4_ws/install/px4_msgs/share/px4_msgs/hook/pythonpath.sh'
[3.595s] Level 1:colcon.colcon_core.environment:checking '/home/mikks/ros2_px4_ws/install/px4_msgs/bin'
[3.596s] INFO:colcon.colcon_core.shell:Creating package script '/home/mikks/ros2_px4_ws/install/px4_msgs/share/px4_msgs/package.ps1'
[3.597s] INFO:colcon.colcon_core.shell:Creating package descriptor '/home/mikks/ros2_px4_ws/install/px4_msgs/share/px4_msgs/package.dsv'
[3.597s] INFO:colcon.colcon_core.shell:Creating package script '/home/mikks/ros2_px4_ws/install/px4_msgs/share/px4_msgs/package.sh'
[3.598s] INFO:colcon.colcon_core.shell:Creating package script '/home/mikks/ros2_px4_ws/install/px4_msgs/share/px4_msgs/package.bash'
[3.599s] INFO:colcon.colcon_core.shell:Creating package script '/home/mikks/ros2_px4_ws/install/px4_msgs/share/px4_msgs/package.zsh'
[3.601s] Level 1:colcon.colcon_core.environment:create_file_with_runtime_dependencies(/home/mikks/ros2_px4_ws/install/px4_msgs/share/colcon-core/packages/px4_msgs)
[3.602s] Level 1:colcon.colcon_core.environment:create_environment_scripts_only(px4_msgs)
[3.602s] Level 1:colcon.colcon_core.environment:checking '/home/mikks/ros2_px4_ws/install/px4_msgs' for CMake module files
[3.603s] Level 1:colcon.colcon_core.environment:checking '/home/mikks/ros2_px4_ws/install/px4_msgs' for CMake config files
[3.604s] Level 1:colcon.colcon_core.shell:create_environment_hook('px4_msgs', 'cmake_prefix_path')
[3.604s] INFO:colcon.colcon_core.shell:Creating environment hook '/home/mikks/ros2_px4_ws/install/px4_msgs/share/px4_msgs/hook/cmake_prefix_path.ps1'
[3.605s] INFO:colcon.colcon_core.shell:Creating environment descriptor '/home/mikks/ros2_px4_ws/install/px4_msgs/share/px4_msgs/hook/cmake_prefix_path.dsv'
[3.605s] INFO:colcon.colcon_core.shell:Creating environment hook '/home/mikks/ros2_px4_ws/install/px4_msgs/share/px4_msgs/hook/cmake_prefix_path.sh'
[3.606s] Level 1:colcon.colcon_core.environment:checking '/home/mikks/ros2_px4_ws/install/px4_msgs/lib'
[3.606s] Level 1:colcon.colcon_core.shell:create_environment_hook('px4_msgs', 'ld_library_path_lib')
[3.607s] INFO:colcon.colcon_core.shell:Creating environment hook '/home/mikks/ros2_px4_ws/install/px4_msgs/share/px4_msgs/hook/ld_library_path_lib.ps1'
[3.607s] INFO:colcon.colcon_core.shell:Creating environment descriptor '/home/mikks/ros2_px4_ws/install/px4_msgs/share/px4_msgs/hook/ld_library_path_lib.dsv'
[3.608s] INFO:colcon.colcon_core.shell:Creating environment hook '/home/mikks/ros2_px4_ws/install/px4_msgs/share/px4_msgs/hook/ld_library_path_lib.sh'
[3.608s] Level 1:colcon.colcon_core.environment:checking '/home/mikks/ros2_px4_ws/install/px4_msgs/bin'
[3.608s] Level 1:colcon.colcon_core.environment:checking '/home/mikks/ros2_px4_ws/install/px4_msgs/lib/pkgconfig/px4_msgs.pc'
[3.609s] Level 1:colcon.colcon_core.environment:checking '/home/mikks/ros2_px4_ws/install/px4_msgs/lib/python3.12/site-packages'
[3.609s] Level 1:colcon.colcon_core.shell:create_environment_hook('px4_msgs', 'pythonpath')
[3.609s] INFO:colcon.colcon_core.shell:Creating environment hook '/home/mikks/ros2_px4_ws/install/px4_msgs/share/px4_msgs/hook/pythonpath.ps1'
[3.610s] INFO:colcon.colcon_core.shell:Creating environment descriptor '/home/mikks/ros2_px4_ws/install/px4_msgs/share/px4_msgs/hook/pythonpath.dsv'
[3.610s] INFO:colcon.colcon_core.shell:Creating environment hook '/home/mikks/ros2_px4_ws/install/px4_msgs/share/px4_msgs/hook/pythonpath.sh'
[3.611s] Level 1:colcon.colcon_core.environment:checking '/home/mikks/ros2_px4_ws/install/px4_msgs/bin'
[3.612s] INFO:colcon.colcon_core.shell:Creating package script '/home/mikks/ros2_px4_ws/install/px4_msgs/share/px4_msgs/package.ps1'
[3.613s] INFO:colcon.colcon_core.shell:Creating package descriptor '/home/mikks/ros2_px4_ws/install/px4_msgs/share/px4_msgs/package.dsv'
[3.614s] INFO:colcon.colcon_core.shell:Creating package script '/home/mikks/ros2_px4_ws/install/px4_msgs/share/px4_msgs/package.sh'
[3.614s] INFO:colcon.colcon_core.shell:Creating package script '/home/mikks/ros2_px4_ws/install/px4_msgs/share/px4_msgs/package.bash'
[3.615s] INFO:colcon.colcon_core.shell:Creating package script '/home/mikks/ros2_px4_ws/install/px4_msgs/share/px4_msgs/package.zsh'
[3.615s] Level 1:colcon.colcon_core.environment:create_file_with_runtime_dependencies(/home/mikks/ros2_px4_ws/install/px4_msgs/share/colcon-core/packages/px4_msgs)
[3.616s] INFO:colcon.colcon_ros.task.ament_cmake.build:Building ROS package in '/home/mikks/ros2_px4_ws/src/px4-ros2-interface-lib/px4_ros2_cpp' with build type 'ament_cmake'
[3.616s] INFO:colcon.colcon_cmake.task.cmake.build:Building CMake package in '/home/mikks/ros2_px4_ws/src/px4-ros2-interface-lib/px4_ros2_cpp'
[3.616s] INFO:colcon.colcon_core.shell:Skip shell extension 'powershell' for command environment: Not usable outside of PowerShell
[3.617s] DEBUG:colcon.colcon_core.shell:Skip shell extension 'dsv' for command environment
[3.626s] INFO:colcon.colcon_ros.task.ament_python.build:Building ROS package in '/home/mikks/ros2_px4_ws/src/px4_actuator_ctrl' with build type 'ament_python'
[3.626s] Level 1:colcon.colcon_core.shell:create_environment_hook('px4_actuator_ctrl', 'ament_prefix_path')
[3.627s] INFO:colcon.colcon_core.shell:Creating environment hook '/home/mikks/ros2_px4_ws/install/px4_actuator_ctrl/share/px4_actuator_ctrl/hook/ament_prefix_path.ps1'
[3.627s] INFO:colcon.colcon_core.shell:Creating environment descriptor '/home/mikks/ros2_px4_ws/install/px4_actuator_ctrl/share/px4_actuator_ctrl/hook/ament_prefix_path.dsv'
[3.628s] INFO:colcon.colcon_core.shell:Creating environment hook '/home/mikks/ros2_px4_ws/install/px4_actuator_ctrl/share/px4_actuator_ctrl/hook/ament_prefix_path.sh'
[3.628s] INFO:colcon.colcon_core.shell:Skip shell extension 'powershell' for command environment: Not usable outside of PowerShell
[3.628s] DEBUG:colcon.colcon_core.shell:Skip shell extension 'dsv' for command environment
[3.636s] INFO:colcon.colcon_ros.task.ament_cmake.build:Building ROS package in '/home/mikks/ros2_px4_ws/src/px4_ros_com' with build type 'ament_cmake'
[3.637s] INFO:colcon.colcon_cmake.task.cmake.build:Building CMake package in '/home/mikks/ros2_px4_ws/src/px4_ros_com'
[3.637s] INFO:colcon.colcon_core.shell:Skip shell extension 'powershell' for command environment: Not usable outside of PowerShell
[3.637s] DEBUG:colcon.colcon_core.shell:Skip shell extension 'dsv' for command environment
[3.650s] DEBUG:colcon.colcon_core.event_handler.log_command:Invoking command in '/home/mikks/ros2_px4_ws/build/px4_ros2_cpp': AMENT_PREFIX_PATH=/home/mikks/ros2_px4_ws/install/px4_msgs:${AMENT_PREFIX_PATH} CMAKE_PREFIX_PATH=/home/mikks/ros2_px4_ws/install/px4_msgs:/home/mikks/crazyflie_mapping_demo/ros2_ws/install/crazyflie_ros2_multiranger_bringup:/home/mikks/crazyflie_mapping_demo/ros2_ws/install/ros_gz_crazyflie_bringup:/home/mikks/crazyflie_mapping_demo/ros2_ws/install/ros_gz_crazyflie_gazebo:/home/mikks/crazyflie_mapping_demo/ros2_ws/install/crazyflie_sim:/home/mikks/crazyflie_mapping_demo/ros2_ws/install/crazyflie_examples:/home/mikks/crazyflie_mapping_demo/ros2_ws/install/crazyflie:/home/mikks/crazyflie_mapping_demo/ros2_ws/install/crazyflie_interfaces:/opt/ros/jazzy/opt/gz_sim_vendor:/opt/ros/jazzy/opt/gz_sensors_vendor:/opt/ros/jazzy/opt/gz_physics_vendor:/opt/ros/jazzy/opt/sdformat_vendor:/opt/ros/jazzy/opt/gz_gui_vendor:/opt/ros/jazzy/opt/gz_transport_vendor:/opt/ros/jazzy/opt/gz_rendering_vendor:/opt/ros/jazzy/opt/gz_plugin_vendor:/opt/ros/jazzy/opt/gz_fuel_tools_vendor:/opt/ros/jazzy/opt/gz_msgs_vendor:/opt/ros/jazzy/opt/gz_common_vendor:/opt/ros/jazzy/opt/gz_math_vendor:/opt/ros/jazzy/opt/gz_utils_vendor:/opt/ros/jazzy/opt/gz_tools_vendor:/opt/ros/jazzy/opt/gz_ogre_next_vendor:/opt/ros/jazzy/opt/gz_dartsim_vendor:/opt/ros/jazzy/opt/gz_cmake_vendor:/home/mikks/ros2_ws/install/rover_desc_description:/home/mikks/ros2_ws/install/px4_actuator_ctrl:/home/mikks/ros2_ws/install/mine_rover_description:/home/mikks/ros2_ws/install/ZerionURDFV5cp_description:/home/mikks/crazyflie_mapping_demo/ros2_ws/install/velocity_free_consensus:/home/mikks/crazyflie_mapping_demo/ros2_ws/install/stepwise_lowpos:/home/mikks/crazyflie_mapping_demo/ros2_ws/install/step_wise_lowpos:/home/mikks/crazyflie_mapping_demo/ros2_ws/install/second_order_formation_control:/home/mikks/crazyflie_mapping_demo/ros2_ws/install/ros_gz_crazyflie_control:/home/mikks/crazyflie_mapping_demo/ros2_ws/install/mixed_fractional_consensus:/home/mikks/crazyflie_mapping_demo/ros2_ws/install/lowest_pos:/home/mikks/crazyflie_mapping_demo/ros2_ws/install/linear_consensus:/home/mikks/crazyflie_mapping_demo/ros2_ws/install/highest_pos:/home/mikks/crazyflie_mapping_demo/ros2_ws/install/fractional_consensus_alpha:/home/mikks/crazyflie_mapping_demo/ros2_ws/install/event_triggered_swarm:/home/mikks/crazyflie_mapping_demo/ros2_ws/install/drone_logger:/home/mikks/crazyflie_mapping_demo/ros2_ws/install/distributed_average_tracking:/home/mikks/crazyflie_mapping_demo/ros2_ws/install/crazyflie_swarm_logic:/home/mikks/crazyflie_mapping_demo/ros2_ws/install/crazyflie_ros2_multiranger_wall_following:/home/mikks/crazyflie_mapping_demo/ros2_ws/install/crazyflie_ros2_multiranger_simple_mapper:/home/mikks/crazyflie_mapping_demo/ros2_ws/install/crazyflie_py:/home/mikks/crazyflie_mapping_demo/ros2_ws/install/cooperative_target_centric_formation:/home/mikks/crazyflie_mapping_demo/ros2_ws/install/containment_using_agent_information:/home/mikks/crazyflie_mapping_demo/ros2_ws/install/consensus_for_double_integrator:/home/mikks/crazyflie_mapping_demo/ros2_ws/install/consensus_alignment:/home/mikks/crazyflie_mapping_demo/ros2_ws/install/binary_consensus:/home/mikks/crazyflie_mapping_demo/ros2_ws/install/Second_Order_Min_Consensus_for_Heterogeneous_Agents:/home/mikks/crazyflie_mapping_demo/ros2_ws/install/BinaryContainmentChain:/opt/ros/jazzy DEBUGINFOD_URLS=https://debuginfod.ubuntu.com LD_LIBRARY_PATH=/home/mikks/ros2_px4_ws/install/px4_msgs/lib:${LD_LIBRARY_PATH} PYTHONPATH=/home/mikks/ros2_px4_ws/install/px4_msgs/lib/python3.12/site-packages:${PYTHONPATH} /usr/bin/cmake --build /home/mikks/ros2_px4_ws/build/px4_ros2_cpp -- -j12 -l12
[4.084s] INFO:colcon.colcon_core.task.python.build:Building Python package in '/home/mikks/ros2_px4_ws/src/px4_actuator_ctrl'
[4.084s] INFO:colcon.colcon_core.shell:Skip shell extension 'powershell' for command environment: Not usable outside of PowerShell
[4.084s] DEBUG:colcon.colcon_core.shell:Skip shell extension 'dsv' for command environment
[4.095s] DEBUG:colcon.colcon_core.event_handler.log_command:Invoking command in '/home/mikks/ros2_px4_ws/build/px4_ros_com': AMENT_PREFIX_PATH=/home/mikks/ros2_px4_ws/install/px4_msgs:${AMENT_PREFIX_PATH} CMAKE_PREFIX_PATH=/home/mikks/ros2_px4_ws/install/px4_msgs:/home/mikks/crazyflie_mapping_demo/ros2_ws/install/crazyflie_ros2_multiranger_bringup:/home/mikks/crazyflie_mapping_demo/ros2_ws/install/ros_gz_crazyflie_bringup:/home/mikks/crazyflie_mapping_demo/ros2_ws/install/ros_gz_crazyflie_gazebo:/home/mikks/crazyflie_mapping_demo/ros2_ws/install/crazyflie_sim:/home/mikks/crazyflie_mapping_demo/ros2_ws/install/crazyflie_examples:/home/mikks/crazyflie_mapping_demo/ros2_ws/install/crazyflie:/home/mikks/crazyflie_mapping_demo/ros2_ws/install/crazyflie_interfaces:/opt/ros/jazzy/opt/gz_sim_vendor:/opt/ros/jazzy/opt/gz_sensors_vendor:/opt/ros/jazzy/opt/gz_physics_vendor:/opt/ros/jazzy/opt/sdformat_vendor:/opt/ros/jazzy/opt/gz_gui_vendor:/opt/ros/jazzy/opt/gz_transport_vendor:/opt/ros/jazzy/opt/gz_rendering_vendor:/opt/ros/jazzy/opt/gz_plugin_vendor:/opt/ros/jazzy/opt/gz_fuel_tools_vendor:/opt/ros/jazzy/opt/gz_msgs_vendor:/opt/ros/jazzy/opt/gz_common_vendor:/opt/ros/jazzy/opt/gz_math_vendor:/opt/ros/jazzy/opt/gz_utils_vendor:/opt/ros/jazzy/opt/gz_tools_vendor:/opt/ros/jazzy/opt/gz_ogre_next_vendor:/opt/ros/jazzy/opt/gz_dartsim_vendor:/opt/ros/jazzy/opt/gz_cmake_vendor:/home/mikks/ros2_ws/install/rover_desc_description:/home/mikks/ros2_ws/install/px4_actuator_ctrl:/home/mikks/ros2_ws/install/mine_rover_description:/home/mikks/ros2_ws/install/ZerionURDFV5cp_description:/home/mikks/crazyflie_mapping_demo/ros2_ws/install/velocity_free_consensus:/home/mikks/crazyflie_mapping_demo/ros2_ws/install/stepwise_lowpos:/home/mikks/crazyflie_mapping_demo/ros2_ws/install/step_wise_lowpos:/home/mikks/crazyflie_mapping_demo/ros2_ws/install/second_order_formation_control:/home/mikks/crazyflie_mapping_demo/ros2_ws/install/ros_gz_crazyflie_control:/home/mikks/crazyflie_mapping_demo/ros2_ws/install/mixed_fractional_consensus:/home/mikks/crazyflie_mapping_demo/ros2_ws/install/lowest_pos:/home/mikks/crazyflie_mapping_demo/ros2_ws/install/linear_consensus:/home/mikks/crazyflie_mapping_demo/ros2_ws/install/highest_pos:/home/mikks/crazyflie_mapping_demo/ros2_ws/install/fractional_consensus_alpha:/home/mikks/crazyflie_mapping_demo/ros2_ws/install/event_triggered_swarm:/home/mikks/crazyflie_mapping_demo/ros2_ws/install/drone_logger:/home/mikks/crazyflie_mapping_demo/ros2_ws/install/distributed_average_tracking:/home/mikks/crazyflie_mapping_demo/ros2_ws/install/crazyflie_swarm_logic:/home/mikks/crazyflie_mapping_demo/ros2_ws/install/crazyflie_ros2_multiranger_wall_following:/home/mikks/crazyflie_mapping_demo/ros2_ws/install/crazyflie_ros2_multiranger_simple_mapper:/home/mikks/crazyflie_mapping_demo/ros2_ws/install/crazyflie_py:/home/mikks/crazyflie_mapping_demo/ros2_ws/install/cooperative_target_centric_formation:/home/mikks/crazyflie_mapping_demo/ros2_ws/install/containment_using_agent_information:/home/mikks/crazyflie_mapping_demo/ros2_ws/install/consensus_for_double_integrator:/home/mikks/crazyflie_mapping_demo/ros2_ws/install/consensus_alignment:/home/mikks/crazyflie_mapping_demo/ros2_ws/install/binary_consensus:/home/mikks/crazyflie_mapping_demo/ros2_ws/install/Second_Order_Min_Consensus_for_Heterogeneous_Agents:/home/mikks/crazyflie_mapping_demo/ros2_ws/install/BinaryContainmentChain:/opt/ros/jazzy DEBUGINFOD_URLS=https://debuginfod.ubuntu.com LD_LIBRARY_PATH=/home/mikks/ros2_px4_ws/install/px4_msgs/lib:${LD_LIBRARY_PATH} PYTHONPATH=/home/mikks/ros2_px4_ws/install/px4_msgs/lib/python3.12/site-packages:${PYTHONPATH} /usr/bin/cmake --build /home/mikks/ros2_px4_ws/build/px4_ros_com -- -j12 -l12
[4.096s] DEBUG:colcon.colcon_core.event_handler.log_command:Invoked command in '/home/mikks/ros2_px4_ws/build/px4_ros2_cpp' returned '0': AMENT_PREFIX_PATH=/home/mikks/ros2_px4_ws/install/px4_msgs:${AMENT_PREFIX_PATH} CMAKE_PREFIX_PATH=/home/mikks/ros2_px4_ws/install/px4_msgs:/home/mikks/crazyflie_mapping_demo/ros2_ws/install/crazyflie_ros2_multiranger_bringup:/home/mikks/crazyflie_mapping_demo/ros2_ws/install/ros_gz_crazyflie_bringup:/home/mikks/crazyflie_mapping_demo/ros2_ws/install/ros_gz_crazyflie_gazebo:/home/mikks/crazyflie_mapping_demo/ros2_ws/install/crazyflie_sim:/home/mikks/crazyflie_mapping_demo/ros2_ws/install/crazyflie_examples:/home/mikks/crazyflie_mapping_demo/ros2_ws/install/crazyflie:/home/mikks/crazyflie_mapping_demo/ros2_ws/install/crazyflie_interfaces:/opt/ros/jazzy/opt/gz_sim_vendor:/opt/ros/jazzy/opt/gz_sensors_vendor:/opt/ros/jazzy/opt/gz_physics_vendor:/opt/ros/jazzy/opt/sdformat_vendor:/opt/ros/jazzy/opt/gz_gui_vendor:/opt/ros/jazzy/opt/gz_transport_vendor:/opt/ros/jazzy/opt/gz_rendering_vendor:/opt/ros/jazzy/opt/gz_plugin_vendor:/opt/ros/jazzy/opt/gz_fuel_tools_vendor:/opt/ros/jazzy/opt/gz_msgs_vendor:/opt/ros/jazzy/opt/gz_common_vendor:/opt/ros/jazzy/opt/gz_math_vendor:/opt/ros/jazzy/opt/gz_utils_vendor:/opt/ros/jazzy/opt/gz_tools_vendor:/opt/ros/jazzy/opt/gz_ogre_next_vendor:/opt/ros/jazzy/opt/gz_dartsim_vendor:/opt/ros/jazzy/opt/gz_cmake_vendor:/home/mikks/ros2_ws/install/rover_desc_description:/home/mikks/ros2_ws/install/px4_actuator_ctrl:/home/mikks/ros2_ws/install/mine_rover_description:/home/mikks/ros2_ws/install/ZerionURDFV5cp_description:/home/mikks/crazyflie_mapping_demo/ros2_ws/install/velocity_free_consensus:/home/mikks/crazyflie_mapping_demo/ros2_ws/install/stepwise_lowpos:/home/mikks/crazyflie_mapping_demo/ros2_ws/install/step_wise_lowpos:/home/mikks/crazyflie_mapping_demo/ros2_ws/install/second_order_formation_control:/home/mikks/crazyflie_mapping_demo/ros2_ws/install/ros_gz_crazyflie_control:/home/mikks/crazyflie_mapping_demo/ros2_ws/install/mixed_fractional_consensus:/home/mikks/crazyflie_mapping_demo/ros2_ws/install/lowest_pos:/home/mikks/crazyflie_mapping_demo/ros2_ws/install/linear_consensus:/home/mikks/crazyflie_mapping_demo/ros2_ws/install/highest_pos:/home/mikks/crazyflie_mapping_demo/ros2_ws/install/fractional_consensus_alpha:/home/mikks/crazyflie_mapping_demo/ros2_ws/install/event_triggered_swarm:/home/mikks/crazyflie_mapping_demo/ros2_ws/install/drone_logger:/home/mikks/crazyflie_mapping_demo/ros2_ws/install/distributed_average_tracking:/home/mikks/crazyflie_mapping_demo/ros2_ws/install/crazyflie_swarm_logic:/home/mikks/crazyflie_mapping_demo/ros2_ws/install/crazyflie_ros2_multiranger_wall_following:/home/mikks/crazyflie_mapping_demo/ros2_ws/install/crazyflie_ros2_multiranger_simple_mapper:/home/mikks/crazyflie_mapping_demo/ros2_ws/install/crazyflie_py:/home/mikks/crazyflie_mapping_demo/ros2_ws/install/cooperative_target_centric_formation:/home/mikks/crazyflie_mapping_demo/ros2_ws/install/containment_using_agent_information:/home/mikks/crazyflie_mapping_demo/ros2_ws/install/consensus_for_double_integrator:/home/mikks/crazyflie_mapping_demo/ros2_ws/install/consensus_alignment:/home/mikks/crazyflie_mapping_demo/ros2_ws/install/binary_consensus:/home/mikks/crazyflie_mapping_demo/ros2_ws/install/Second_Order_Min_Consensus_for_Heterogeneous_Agents:/home/mikks/crazyflie_mapping_demo/ros2_ws/install/BinaryContainmentChain:/opt/ros/jazzy DEBUGINFOD_URLS=https://debuginfod.ubuntu.com LD_LIBRARY_PATH=/home/mikks/ros2_px4_ws/install/px4_msgs/lib:${LD_LIBRARY_PATH} PYTHONPATH=/home/mikks/ros2_px4_ws/install/px4_msgs/lib/python3.12/site-packages:${PYTHONPATH} /usr/bin/cmake --build /home/mikks/ros2_px4_ws/build/px4_ros2_cpp -- -j12 -l12
[4.098s] DEBUG:colcon.colcon_core.event_handler.log_command:Invoking command in '/home/mikks/ros2_px4_ws/build/px4_ros2_cpp': AMENT_PREFIX_PATH=/home/mikks/ros2_px4_ws/install/px4_msgs:${AMENT_PREFIX_PATH} CMAKE_PREFIX_PATH=/home/mikks/ros2_px4_ws/install/px4_msgs:/home/mikks/crazyflie_mapping_demo/ros2_ws/install/crazyflie_ros2_multiranger_bringup:/home/mikks/crazyflie_mapping_demo/ros2_ws/install/ros_gz_crazyflie_bringup:/home/mikks/crazyflie_mapping_demo/ros2_ws/install/ros_gz_crazyflie_gazebo:/home/mikks/crazyflie_mapping_demo/ros2_ws/install/crazyflie_sim:/home/mikks/crazyflie_mapping_demo/ros2_ws/install/crazyflie_examples:/home/mikks/crazyflie_mapping_demo/ros2_ws/install/crazyflie:/home/mikks/crazyflie_mapping_demo/ros2_ws/install/crazyflie_interfaces:/opt/ros/jazzy/opt/gz_sim_vendor:/opt/ros/jazzy/opt/gz_sensors_vendor:/opt/ros/jazzy/opt/gz_physics_vendor:/opt/ros/jazzy/opt/sdformat_vendor:/opt/ros/jazzy/opt/gz_gui_vendor:/opt/ros/jazzy/opt/gz_transport_vendor:/opt/ros/jazzy/opt/gz_rendering_vendor:/opt/ros/jazzy/opt/gz_plugin_vendor:/opt/ros/jazzy/opt/gz_fuel_tools_vendor:/opt/ros/jazzy/opt/gz_msgs_vendor:/opt/ros/jazzy/opt/gz_common_vendor:/opt/ros/jazzy/opt/gz_math_vendor:/opt/ros/jazzy/opt/gz_utils_vendor:/opt/ros/jazzy/opt/gz_tools_vendor:/opt/ros/jazzy/opt/gz_ogre_next_vendor:/opt/ros/jazzy/opt/gz_dartsim_vendor:/opt/ros/jazzy/opt/gz_cmake_vendor:/home/mikks/ros2_ws/install/rover_desc_description:/home/mikks/ros2_ws/install/px4_actuator_ctrl:/home/mikks/ros2_ws/install/mine_rover_description:/home/mikks/ros2_ws/install/ZerionURDFV5cp_description:/home/mikks/crazyflie_mapping_demo/ros2_ws/install/velocity_free_consensus:/home/mikks/crazyflie_mapping_demo/ros2_ws/install/stepwise_lowpos:/home/mikks/crazyflie_mapping_demo/ros2_ws/install/step_wise_lowpos:/home/mikks/crazyflie_mapping_demo/ros2_ws/install/second_order_formation_control:/home/mikks/crazyflie_mapping_demo/ros2_ws/install/ros_gz_crazyflie_control:/home/mikks/crazyflie_mapping_demo/ros2_ws/install/mixed_fractional_consensus:/home/mikks/crazyflie_mapping_demo/ros2_ws/install/lowest_pos:/home/mikks/crazyflie_mapping_demo/ros2_ws/install/linear_consensus:/home/mikks/crazyflie_mapping_demo/ros2_ws/install/highest_pos:/home/mikks/crazyflie_mapping_demo/ros2_ws/install/fractional_consensus_alpha:/home/mikks/crazyflie_mapping_demo/ros2_ws/install/event_triggered_swarm:/home/mikks/crazyflie_mapping_demo/ros2_ws/install/drone_logger:/home/mikks/crazyflie_mapping_demo/ros2_ws/install/distributed_average_tracking:/home/mikks/crazyflie_mapping_demo/ros2_ws/install/crazyflie_swarm_logic:/home/mikks/crazyflie_mapping_demo/ros2_ws/install/crazyflie_ros2_multiranger_wall_following:/home/mikks/crazyflie_mapping_demo/ros2_ws/install/crazyflie_ros2_multiranger_simple_mapper:/home/mikks/crazyflie_mapping_demo/ros2_ws/install/crazyflie_py:/home/mikks/crazyflie_mapping_demo/ros2_ws/install/cooperative_target_centric_formation:/home/mikks/crazyflie_mapping_demo/ros2_ws/install/containment_using_agent_information:/home/mikks/crazyflie_mapping_demo/ros2_ws/install/consensus_for_double_integrator:/home/mikks/crazyflie_mapping_demo/ros2_ws/install/consensus_alignment:/home/mikks/crazyflie_mapping_demo/ros2_ws/install/binary_consensus:/home/mikks/crazyflie_mapping_demo/ros2_ws/install/Second_Order_Min_Consensus_for_Heterogeneous_Agents:/home/mikks/crazyflie_mapping_demo/ros2_ws/install/BinaryContainmentChain:/opt/ros/jazzy DEBUGINFOD_URLS=https://debuginfod.ubuntu.com LD_LIBRARY_PATH=/home/mikks/ros2_px4_ws/install/px4_msgs/lib:${LD_LIBRARY_PATH} PYTHONPATH=/home/mikks/ros2_px4_ws/install/px4_msgs/lib/python3.12/site-packages:${PYTHONPATH} /usr/bin/cmake --install /home/mikks/ros2_px4_ws/build/px4_ros2_cpp
[4.147s] Level 1:colcon.colcon_core.environment:create_environment_scripts_only(px4_ros2_cpp)
[4.147s] Level 1:colcon.colcon_core.environment:checking '/home/mikks/ros2_px4_ws/install/px4_ros2_cpp' for CMake module files
[4.148s] Level 1:colcon.colcon_core.environment:checking '/home/mikks/ros2_px4_ws/install/px4_ros2_cpp' for CMake config files
[4.148s] Level 1:colcon.colcon_core.shell:create_environment_hook('px4_ros2_cpp', 'cmake_prefix_path')
[4.149s] INFO:colcon.colcon_core.shell:Creating environment hook '/home/mikks/ros2_px4_ws/install/px4_ros2_cpp/share/px4_ros2_cpp/hook/cmake_prefix_path.ps1'
[4.153s] INFO:colcon.colcon_core.shell:Creating environment descriptor '/home/mikks/ros2_px4_ws/install/px4_ros2_cpp/share/px4_ros2_cpp/hook/cmake_prefix_path.dsv'
[4.153s] INFO:colcon.colcon_core.shell:Creating environment hook '/home/mikks/ros2_px4_ws/install/px4_ros2_cpp/share/px4_ros2_cpp/hook/cmake_prefix_path.sh'
[4.154s] Level 1:colcon.colcon_core.environment:checking '/home/mikks/ros2_px4_ws/install/px4_ros2_cpp/lib'
[4.154s] Level 1:colcon.colcon_core.shell:create_environment_hook('px4_ros2_cpp', 'ld_library_path_lib')
[4.155s] INFO:colcon.colcon_core.shell:Creating environment hook '/home/mikks/ros2_px4_ws/install/px4_ros2_cpp/share/px4_ros2_cpp/hook/ld_library_path_lib.ps1'
[4.159s] INFO:colcon.colcon_core.shell:Creating environment descriptor '/home/mikks/ros2_px4_ws/install/px4_ros2_cpp/share/px4_ros2_cpp/hook/ld_library_path_lib.dsv'
[4.159s] DEBUG:colcon.colcon_core.event_handler.log_command:Invoked command in '/home/mikks/ros2_px4_ws/build/px4_ros2_cpp' returned '0': AMENT_PREFIX_PATH=/home/mikks/ros2_px4_ws/install/px4_msgs:${AMENT_PREFIX_PATH} CMAKE_PREFIX_PATH=/home/mikks/ros2_px4_ws/install/px4_msgs:/home/mikks/crazyflie_mapping_demo/ros2_ws/install/crazyflie_ros2_multiranger_bringup:/home/mikks/crazyflie_mapping_demo/ros2_ws/install/ros_gz_crazyflie_bringup:/home/mikks/crazyflie_mapping_demo/ros2_ws/install/ros_gz_crazyflie_gazebo:/home/mikks/crazyflie_mapping_demo/ros2_ws/install/crazyflie_sim:/home/mikks/crazyflie_mapping_demo/ros2_ws/install/crazyflie_examples:/home/mikks/crazyflie_mapping_demo/ros2_ws/install/crazyflie:/home/mikks/crazyflie_mapping_demo/ros2_ws/install/crazyflie_interfaces:/opt/ros/jazzy/opt/gz_sim_vendor:/opt/ros/jazzy/opt/gz_sensors_vendor:/opt/ros/jazzy/opt/gz_physics_vendor:/opt/ros/jazzy/opt/sdformat_vendor:/opt/ros/jazzy/opt/gz_gui_vendor:/opt/ros/jazzy/opt/gz_transport_vendor:/opt/ros/jazzy/opt/gz_rendering_vendor:/opt/ros/jazzy/opt/gz_plugin_vendor:/opt/ros/jazzy/opt/gz_fuel_tools_vendor:/opt/ros/jazzy/opt/gz_msgs_vendor:/opt/ros/jazzy/opt/gz_common_vendor:/opt/ros/jazzy/opt/gz_math_vendor:/opt/ros/jazzy/opt/gz_utils_vendor:/opt/ros/jazzy/opt/gz_tools_vendor:/opt/ros/jazzy/opt/gz_ogre_next_vendor:/opt/ros/jazzy/opt/gz_dartsim_vendor:/opt/ros/jazzy/opt/gz_cmake_vendor:/home/mikks/ros2_ws/install/rover_desc_description:/home/mikks/ros2_ws/install/px4_actuator_ctrl:/home/mikks/ros2_ws/install/mine_rover_description:/home/mikks/ros2_ws/install/ZerionURDFV5cp_description:/home/mikks/crazyflie_mapping_demo/ros2_ws/install/velocity_free_consensus:/home/mikks/crazyflie_mapping_demo/ros2_ws/install/stepwise_lowpos:/home/mikks/crazyflie_mapping_demo/ros2_ws/install/step_wise_lowpos:/home/mikks/crazyflie_mapping_demo/ros2_ws/install/second_order_formation_control:/home/mikks/crazyflie_mapping_demo/ros2_ws/install/ros_gz_crazyflie_control:/home/mikks/crazyflie_mapping_demo/ros2_ws/install/mixed_fractional_consensus:/home/mikks/crazyflie_mapping_demo/ros2_ws/install/lowest_pos:/home/mikks/crazyflie_mapping_demo/ros2_ws/install/linear_consensus:/home/mikks/crazyflie_mapping_demo/ros2_ws/install/highest_pos:/home/mikks/crazyflie_mapping_demo/ros2_ws/install/fractional_consensus_alpha:/home/mikks/crazyflie_mapping_demo/ros2_ws/install/event_triggered_swarm:/home/mikks/crazyflie_mapping_demo/ros2_ws/install/drone_logger:/home/mikks/crazyflie_mapping_demo/ros2_ws/install/distributed_average_tracking:/home/mikks/crazyflie_mapping_demo/ros2_ws/install/crazyflie_swarm_logic:/home/mikks/crazyflie_mapping_demo/ros2_ws/install/crazyflie_ros2_multiranger_wall_following:/home/mikks/crazyflie_mapping_demo/ros2_ws/install/crazyflie_ros2_multiranger_simple_mapper:/home/mikks/crazyflie_mapping_demo/ros2_ws/install/crazyflie_py:/home/mikks/crazyflie_mapping_demo/ros2_ws/install/cooperative_target_centric_formation:/home/mikks/crazyflie_mapping_demo/ros2_ws/install/containment_using_agent_information:/home/mikks/crazyflie_mapping_demo/ros2_ws/install/consensus_for_double_integrator:/home/mikks/crazyflie_mapping_demo/ros2_ws/install/consensus_alignment:/home/mikks/crazyflie_mapping_demo/ros2_ws/install/binary_consensus:/home/mikks/crazyflie_mapping_demo/ros2_ws/install/Second_Order_Min_Consensus_for_Heterogeneous_Agents:/home/mikks/crazyflie_mapping_demo/ros2_ws/install/BinaryContainmentChain:/opt/ros/jazzy DEBUGINFOD_URLS=https://debuginfod.ubuntu.com LD_LIBRARY_PATH=/home/mikks/ros2_px4_ws/install/px4_msgs/lib:${LD_LIBRARY_PATH} PYTHONPATH=/home/mikks/ros2_px4_ws/install/px4_msgs/lib/python3.12/site-packages:${PYTHONPATH} /usr/bin/cmake --install /home/mikks/ros2_px4_ws/build/px4_ros2_cpp
[4.160s] INFO:colcon.colcon_core.shell:Creating environment hook '/home/mikks/ros2_px4_ws/install/px4_ros2_cpp/share/px4_ros2_cpp/hook/ld_library_path_lib.sh'
[4.160s] Level 1:colcon.colcon_core.environment:checking '/home/mikks/ros2_px4_ws/install/px4_ros2_cpp/bin'
[4.161s] Level 1:colcon.colcon_core.environment:checking '/home/mikks/ros2_px4_ws/install/px4_ros2_cpp/lib/pkgconfig/px4_ros2_cpp.pc'
[4.161s] Level 1:colcon.colcon_core.environment:checking '/home/mikks/ros2_px4_ws/install/px4_ros2_cpp/lib/python3.12/site-packages'
[4.161s] Level 1:colcon.colcon_core.environment:checking '/home/mikks/ros2_px4_ws/install/px4_ros2_cpp/bin'
[4.162s] INFO:colcon.colcon_core.shell:Creating package script '/home/mikks/ros2_px4_ws/install/px4_ros2_cpp/share/px4_ros2_cpp/package.ps1'
[4.166s] INFO:colcon.colcon_core.shell:Creating package descriptor '/home/mikks/ros2_px4_ws/install/px4_ros2_cpp/share/px4_ros2_cpp/package.dsv'
[4.167s] INFO:colcon.colcon_core.shell:Creating package script '/home/mikks/ros2_px4_ws/install/px4_ros2_cpp/share/px4_ros2_cpp/package.sh'
[4.168s] INFO:colcon.colcon_core.shell:Creating package script '/home/mikks/ros2_px4_ws/install/px4_ros2_cpp/share/px4_ros2_cpp/package.bash'
[4.169s] INFO:colcon.colcon_core.shell:Creating package script '/home/mikks/ros2_px4_ws/install/px4_ros2_cpp/share/px4_ros2_cpp/package.zsh'
[4.170s] Level 1:colcon.colcon_core.environment:create_file_with_runtime_dependencies(/home/mikks/ros2_px4_ws/install/px4_ros2_cpp/share/colcon-core/packages/px4_ros2_cpp)
[4.171s] Level 1:colcon.colcon_core.environment:create_environment_scripts_only(px4_ros2_cpp)
[4.172s] Level 1:colcon.colcon_core.environment:checking '/home/mikks/ros2_px4_ws/install/px4_ros2_cpp' for CMake module files
[4.172s] Level 1:colcon.colcon_core.environment:checking '/home/mikks/ros2_px4_ws/install/px4_ros2_cpp' for CMake config files
[4.173s] Level 1:colcon.colcon_core.shell:create_environment_hook('px4_ros2_cpp', 'cmake_prefix_path')
[4.174s] INFO:colcon.colcon_core.shell:Creating environment hook '/home/mikks/ros2_px4_ws/install/px4_ros2_cpp/share/px4_ros2_cpp/hook/cmake_prefix_path.ps1'
[4.175s] INFO:colcon.colcon_core.shell:Creating environment descriptor '/home/mikks/ros2_px4_ws/install/px4_ros2_cpp/share/px4_ros2_cpp/hook/cmake_prefix_path.dsv'
[4.178s] INFO:colcon.colcon_core.shell:Creating environment hook '/home/mikks/ros2_px4_ws/install/px4_ros2_cpp/share/px4_ros2_cpp/hook/cmake_prefix_path.sh'
[4.181s] Level 1:colcon.colcon_core.environment:checking '/home/mikks/ros2_px4_ws/install/px4_ros2_cpp/lib'
[4.181s] Level 1:colcon.colcon_core.shell:create_environment_hook('px4_ros2_cpp', 'ld_library_path_lib')
[4.181s] INFO:colcon.colcon_core.shell:Creating environment hook '/home/mikks/ros2_px4_ws/install/px4_ros2_cpp/share/px4_ros2_cpp/hook/ld_library_path_lib.ps1'
[4.182s] INFO:colcon.colcon_core.shell:Creating environment descriptor '/home/mikks/ros2_px4_ws/install/px4_ros2_cpp/share/px4_ros2_cpp/hook/ld_library_path_lib.dsv'
[4.184s] INFO:colcon.colcon_core.shell:Creating environment hook '/home/mikks/ros2_px4_ws/install/px4_ros2_cpp/share/px4_ros2_cpp/hook/ld_library_path_lib.sh'
[4.185s] Level 1:colcon.colcon_core.environment:checking '/home/mikks/ros2_px4_ws/install/px4_ros2_cpp/bin'
[4.185s] Level 1:colcon.colcon_core.environment:checking '/home/mikks/ros2_px4_ws/install/px4_ros2_cpp/lib/pkgconfig/px4_ros2_cpp.pc'
[4.186s] Level 1:colcon.colcon_core.environment:checking '/home/mikks/ros2_px4_ws/install/px4_ros2_cpp/lib/python3.12/site-packages'
[4.186s] Level 1:colcon.colcon_core.environment:checking '/home/mikks/ros2_px4_ws/install/px4_ros2_cpp/bin'
[4.186s] INFO:colcon.colcon_core.shell:Creating package script '/home/mikks/ros2_px4_ws/install/px4_ros2_cpp/share/px4_ros2_cpp/package.ps1'
[4.188s] INFO:colcon.colcon_core.shell:Creating package descriptor '/home/mikks/ros2_px4_ws/install/px4_ros2_cpp/share/px4_ros2_cpp/package.dsv'
[4.188s] INFO:colcon.colcon_core.shell:Creating package script '/home/mikks/ros2_px4_ws/install/px4_ros2_cpp/share/px4_ros2_cpp/package.sh'
[4.190s] INFO:colcon.colcon_core.shell:Creating package script '/home/mikks/ros2_px4_ws/install/px4_ros2_cpp/share/px4_ros2_cpp/package.bash'
[4.191s] INFO:colcon.colcon_core.shell:Creating package script '/home/mikks/ros2_px4_ws/install/px4_ros2_cpp/share/px4_ros2_cpp/package.zsh'
[4.191s] Level 1:colcon.colcon_core.environment:create_file_with_runtime_dependencies(/home/mikks/ros2_px4_ws/install/px4_ros2_cpp/share/colcon-core/packages/px4_ros2_cpp)
[4.192s] INFO:colcon.colcon_ros.task.ament_cmake.build:Building ROS package in '/home/mikks/ros2_px4_ws/src/px4-ros2-interface-lib/px4_ros2_py' with build type 'ament_cmake'
[4.192s] INFO:colcon.colcon_cmake.task.cmake.build:Building CMake package in '/home/mikks/ros2_px4_ws/src/px4-ros2-interface-lib/px4_ros2_py'
[4.192s] INFO:colcon.colcon_core.shell:Skip shell extension 'powershell' for command environment: Not usable outside of PowerShell
[4.192s] DEBUG:colcon.colcon_core.shell:Skip shell extension 'dsv' for command environment
[4.200s] INFO:colcon.colcon_ros.task.ament_cmake.build:Building ROS package in '/home/mikks/ros2_px4_ws/src/px4-ros2-interface-lib/examples/cpp/modes/executor_with_multiple_modes' with build type 'ament_cmake'
[4.201s] INFO:colcon.colcon_cmake.task.cmake.build:Building CMake package in '/home/mikks/ros2_px4_ws/src/px4-ros2-interface-lib/examples/cpp/modes/executor_with_multiple_modes'
[4.201s] INFO:colcon.colcon_core.shell:Skip shell extension 'powershell' for command environment: Not usable outside of PowerShell
[4.201s] DEBUG:colcon.colcon_core.shell:Skip shell extension 'dsv' for command environment
[4.211s] INFO:colcon.colcon_ros.task.ament_cmake.build:Building ROS package in '/home/mikks/ros2_px4_ws/src/px4-ros2-interface-lib/examples/cpp/navigation/global_navigation' with build type 'ament_cmake'
[4.212s] INFO:colcon.colcon_cmake.task.cmake.build:Building CMake package in '/home/mikks/ros2_px4_ws/src/px4-ros2-interface-lib/examples/cpp/navigation/global_navigation'
[4.212s] INFO:colcon.colcon_core.shell:Skip shell extension 'powershell' for command environment: Not usable outside of PowerShell
[4.212s] DEBUG:colcon.colcon_core.shell:Skip shell extension 'dsv' for command environment
[4.222s] INFO:colcon.colcon_ros.task.ament_cmake.build:Building ROS package in '/home/mikks/ros2_px4_ws/src/px4-ros2-interface-lib/examples/cpp/navigation/local_navigation' with build type 'ament_cmake'
[4.222s] INFO:colcon.colcon_cmake.task.cmake.build:Building CMake package in '/home/mikks/ros2_px4_ws/src/px4-ros2-interface-lib/examples/cpp/navigation/local_navigation'
[4.222s] INFO:colcon.colcon_core.shell:Skip shell extension 'powershell' for command environment: Not usable outside of PowerShell
[4.222s] DEBUG:colcon.colcon_core.shell:Skip shell extension 'dsv' for command environment
[4.232s] INFO:colcon.colcon_ros.task.ament_cmake.build:Building ROS package in '/home/mikks/ros2_px4_ws/src/px4-ros2-interface-lib/examples/cpp/modes/fw_attitude' with build type 'ament_cmake'
[4.232s] INFO:colcon.colcon_cmake.task.cmake.build:Building CMake package in '/home/mikks/ros2_px4_ws/src/px4-ros2-interface-lib/examples/cpp/modes/fw_attitude'
[4.232s] INFO:colcon.colcon_core.shell:Skip shell extension 'powershell' for command environment: Not usable outside of PowerShell
[4.232s] DEBUG:colcon.colcon_core.shell:Skip shell extension 'dsv' for command environment
[4.242s] INFO:colcon.colcon_ros.task.ament_cmake.build:Building ROS package in '/home/mikks/ros2_px4_ws/src/px4-ros2-interface-lib/examples/cpp/modes/goto' with build type 'ament_cmake'
[4.242s] INFO:colcon.colcon_cmake.task.cmake.build:Building CMake package in '/home/mikks/ros2_px4_ws/src/px4-ros2-interface-lib/examples/cpp/modes/goto'
[4.242s] INFO:colcon.colcon_core.shell:Skip shell extension 'powershell' for command environment: Not usable outside of PowerShell
[4.242s] DEBUG:colcon.colcon_core.shell:Skip shell extension 'dsv' for command environment
[4.252s] INFO:colcon.colcon_ros.task.ament_cmake.build:Building ROS package in '/home/mikks/ros2_px4_ws/src/px4-ros2-interface-lib/examples/cpp/modes/goto_global' with build type 'ament_cmake'
[4.252s] INFO:colcon.colcon_cmake.task.cmake.build:Building CMake package in '/home/mikks/ros2_px4_ws/src/px4-ros2-interface-lib/examples/cpp/modes/goto_global'
[4.252s] INFO:colcon.colcon_core.shell:Skip shell extension 'powershell' for command environment: Not usable outside of PowerShell
[4.253s] DEBUG:colcon.colcon_core.shell:Skip shell extension 'dsv' for command environment
[4.262s] INFO:colcon.colcon_ros.task.ament_cmake.build:Building ROS package in '/home/mikks/ros2_px4_ws/src/px4-ros2-interface-lib/examples/cpp/modes/manual' with build type 'ament_cmake'
[4.262s] INFO:colcon.colcon_cmake.task.cmake.build:Building CMake package in '/home/mikks/ros2_px4_ws/src/px4-ros2-interface-lib/examples/cpp/modes/manual'
[4.262s] INFO:colcon.colcon_core.shell:Skip shell extension 'powershell' for command environment: Not usable outside of PowerShell
[4.262s] DEBUG:colcon.colcon_core.shell:Skip shell extension 'dsv' for command environment
[4.270s] INFO:colcon.colcon_ros.task.ament_cmake.build:Building ROS package in '/home/mikks/ros2_px4_ws/src/px4-ros2-interface-lib/examples/cpp/modes/mission' with build type 'ament_cmake'
[4.271s] INFO:colcon.colcon_cmake.task.cmake.build:Building CMake package in '/home/mikks/ros2_px4_ws/src/px4-ros2-interface-lib/examples/cpp/modes/mission'
[4.271s] INFO:colcon.colcon_core.shell:Skip shell extension 'powershell' for command environment: Not usable outside of PowerShell
[4.271s] DEBUG:colcon.colcon_core.shell:Skip shell extension 'dsv' for command environment
[4.279s] INFO:colcon.colcon_ros.task.ament_cmake.build:Building ROS package in '/home/mikks/ros2_px4_ws/src/px4-ros2-interface-lib/examples/cpp/modes/rtl_replacement' with build type 'ament_cmake'
[4.279s] INFO:colcon.colcon_cmake.task.cmake.build:Building CMake package in '/home/mikks/ros2_px4_ws/src/px4-ros2-interface-lib/examples/cpp/modes/rtl_replacement'
[4.279s] INFO:colcon.colcon_core.shell:Skip shell extension 'powershell' for command environment: Not usable outside of PowerShell
[4.279s] DEBUG:colcon.colcon_core.shell:Skip shell extension 'dsv' for command environment
[4.293s] DEBUG:colcon.colcon_core.event_handler.log_command:Invoking command in '/home/mikks/ros2_px4_ws/build/px4_ros2_py': AMENT_PREFIX_PATH=/home/mikks/ros2_px4_ws/install/px4_ros2_cpp:/home/mikks/ros2_px4_ws/install/px4_msgs:${AMENT_PREFIX_PATH} CMAKE_PREFIX_PATH=/home/mikks/ros2_px4_ws/install/px4_ros2_cpp:/home/mikks/ros2_px4_ws/install/px4_msgs:/home/mikks/crazyflie_mapping_demo/ros2_ws/install/crazyflie_ros2_multiranger_bringup:/home/mikks/crazyflie_mapping_demo/ros2_ws/install/ros_gz_crazyflie_bringup:/home/mikks/crazyflie_mapping_demo/ros2_ws/install/ros_gz_crazyflie_gazebo:/home/mikks/crazyflie_mapping_demo/ros2_ws/install/crazyflie_sim:/home/mikks/crazyflie_mapping_demo/ros2_ws/install/crazyflie_examples:/home/mikks/crazyflie_mapping_demo/ros2_ws/install/crazyflie:/home/mikks/crazyflie_mapping_demo/ros2_ws/install/crazyflie_interfaces:/opt/ros/jazzy/opt/gz_sim_vendor:/opt/ros/jazzy/opt/gz_sensors_vendor:/opt/ros/jazzy/opt/gz_physics_vendor:/opt/ros/jazzy/opt/sdformat_vendor:/opt/ros/jazzy/opt/gz_gui_vendor:/opt/ros/jazzy/opt/gz_transport_vendor:/opt/ros/jazzy/opt/gz_rendering_vendor:/opt/ros/jazzy/opt/gz_plugin_vendor:/opt/ros/jazzy/opt/gz_fuel_tools_vendor:/opt/ros/jazzy/opt/gz_msgs_vendor:/opt/ros/jazzy/opt/gz_common_vendor:/opt/ros/jazzy/opt/gz_math_vendor:/opt/ros/jazzy/opt/gz_utils_vendor:/opt/ros/jazzy/opt/gz_tools_vendor:/opt/ros/jazzy/opt/gz_ogre_next_vendor:/opt/ros/jazzy/opt/gz_dartsim_vendor:/opt/ros/jazzy/opt/gz_cmake_vendor:/home/mikks/ros2_ws/install/rover_desc_description:/home/mikks/ros2_ws/install/px4_actuator_ctrl:/home/mikks/ros2_ws/install/mine_rover_description:/home/mikks/ros2_ws/install/ZerionURDFV5cp_description:/home/mikks/crazyflie_mapping_demo/ros2_ws/install/velocity_free_consensus:/home/mikks/crazyflie_mapping_demo/ros2_ws/install/stepwise_lowpos:/home/mikks/crazyflie_mapping_demo/ros2_ws/install/step_wise_lowpos:/home/mikks/crazyflie_mapping_demo/ros2_ws/install/second_order_formation_control:/home/mikks/crazyflie_mapping_demo/ros2_ws/install/ros_gz_crazyflie_control:/home/mikks/crazyflie_mapping_demo/ros2_ws/install/mixed_fractional_consensus:/home/mikks/crazyflie_mapping_demo/ros2_ws/install/lowest_pos:/home/mikks/crazyflie_mapping_demo/ros2_ws/install/linear_consensus:/home/mikks/crazyflie_mapping_demo/ros2_ws/install/highest_pos:/home/mikks/crazyflie_mapping_demo/ros2_ws/install/fractional_consensus_alpha:/home/mikks/crazyflie_mapping_demo/ros2_ws/install/event_triggered_swarm:/home/mikks/crazyflie_mapping_demo/ros2_ws/install/drone_logger:/home/mikks/crazyflie_mapping_demo/ros2_ws/install/distributed_average_tracking:/home/mikks/crazyflie_mapping_demo/ros2_ws/install/crazyflie_swarm_logic:/home/mikks/crazyflie_mapping_demo/ros2_ws/install/crazyflie_ros2_multiranger_wall_following:/home/mikks/crazyflie_mapping_demo/ros2_ws/install/crazyflie_ros2_multiranger_simple_mapper:/home/mikks/crazyflie_mapping_demo/ros2_ws/install/crazyflie_py:/home/mikks/crazyflie_mapping_demo/ros2_ws/install/cooperative_target_centric_formation:/home/mikks/crazyflie_mapping_demo/ros2_ws/install/containment_using_agent_information:/home/mikks/crazyflie_mapping_demo/ros2_ws/install/consensus_for_double_integrator:/home/mikks/crazyflie_mapping_demo/ros2_ws/install/consensus_alignment:/home/mikks/crazyflie_mapping_demo/ros2_ws/install/binary_consensus:/home/mikks/crazyflie_mapping_demo/ros2_ws/install/Second_Order_Min_Consensus_for_Heterogeneous_Agents:/home/mikks/crazyflie_mapping_demo/ros2_ws/install/BinaryContainmentChain:/opt/ros/jazzy DEBUGINFOD_URLS=https://debuginfod.ubuntu.com LD_LIBRARY_PATH=/home/mikks/ros2_px4_ws/install/px4_ros2_cpp/lib:/home/mikks/ros2_px4_ws/install/px4_msgs/lib:${LD_LIBRARY_PATH} PYTHONPATH=/home/mikks/ros2_px4_ws/install/px4_msgs/lib/python3.12/site-packages:${PYTHONPATH} /usr/bin/cmake --build /home/mikks/ros2_px4_ws/build/px4_ros2_py -- -j12 -l12
[4.296s] DEBUG:colcon.colcon_core.event_handler.log_command:Invoking command in '/home/mikks/ros2_px4_ws/build/example_executor_with_multiple_modes_cpp': AMENT_PREFIX_PATH=/home/mikks/ros2_px4_ws/install/px4_ros2_cpp:/home/mikks/ros2_px4_ws/install/px4_msgs:${AMENT_PREFIX_PATH} CMAKE_PREFIX_PATH=/home/mikks/ros2_px4_ws/install/px4_ros2_cpp:/home/mikks/ros2_px4_ws/install/px4_msgs:/home/mikks/crazyflie_mapping_demo/ros2_ws/install/crazyflie_ros2_multiranger_bringup:/home/mikks/crazyflie_mapping_demo/ros2_ws/install/ros_gz_crazyflie_bringup:/home/mikks/crazyflie_mapping_demo/ros2_ws/install/ros_gz_crazyflie_gazebo:/home/mikks/crazyflie_mapping_demo/ros2_ws/install/crazyflie_sim:/home/mikks/crazyflie_mapping_demo/ros2_ws/install/crazyflie_examples:/home/mikks/crazyflie_mapping_demo/ros2_ws/install/crazyflie:/home/mikks/crazyflie_mapping_demo/ros2_ws/install/crazyflie_interfaces:/opt/ros/jazzy/opt/gz_sim_vendor:/opt/ros/jazzy/opt/gz_sensors_vendor:/opt/ros/jazzy/opt/gz_physics_vendor:/opt/ros/jazzy/opt/sdformat_vendor:/opt/ros/jazzy/opt/gz_gui_vendor:/opt/ros/jazzy/opt/gz_transport_vendor:/opt/ros/jazzy/opt/gz_rendering_vendor:/opt/ros/jazzy/opt/gz_plugin_vendor:/opt/ros/jazzy/opt/gz_fuel_tools_vendor:/opt/ros/jazzy/opt/gz_msgs_vendor:/opt/ros/jazzy/opt/gz_common_vendor:/opt/ros/jazzy/opt/gz_math_vendor:/opt/ros/jazzy/opt/gz_utils_vendor:/opt/ros/jazzy/opt/gz_tools_vendor:/opt/ros/jazzy/opt/gz_ogre_next_vendor:/opt/ros/jazzy/opt/gz_dartsim_vendor:/opt/ros/jazzy/opt/gz_cmake_vendor:/home/mikks/ros2_ws/install/rover_desc_description:/home/mikks/ros2_ws/install/px4_actuator_ctrl:/home/mikks/ros2_ws/install/mine_rover_description:/home/mikks/ros2_ws/install/ZerionURDFV5cp_description:/home/mikks/crazyflie_mapping_demo/ros2_ws/install/velocity_free_consensus:/home/mikks/crazyflie_mapping_demo/ros2_ws/install/stepwise_lowpos:/home/mikks/crazyflie_mapping_demo/ros2_ws/install/step_wise_lowpos:/home/mikks/crazyflie_mapping_demo/ros2_ws/install/second_order_formation_control:/home/mikks/crazyflie_mapping_demo/ros2_ws/install/ros_gz_crazyflie_control:/home/mikks/crazyflie_mapping_demo/ros2_ws/install/mixed_fractional_consensus:/home/mikks/crazyflie_mapping_demo/ros2_ws/install/lowest_pos:/home/mikks/crazyflie_mapping_demo/ros2_ws/install/linear_consensus:/home/mikks/crazyflie_mapping_demo/ros2_ws/install/highest_pos:/home/mikks/crazyflie_mapping_demo/ros2_ws/install/fractional_consensus_alpha:/home/mikks/crazyflie_mapping_demo/ros2_ws/install/event_triggered_swarm:/home/mikks/crazyflie_mapping_demo/ros2_ws/install/drone_logger:/home/mikks/crazyflie_mapping_demo/ros2_ws/install/distributed_average_tracking:/home/mikks/crazyflie_mapping_demo/ros2_ws/install/crazyflie_swarm_logic:/home/mikks/crazyflie_mapping_demo/ros2_ws/install/crazyflie_ros2_multiranger_wall_following:/home/mikks/crazyflie_mapping_demo/ros2_ws/install/crazyflie_ros2_multiranger_simple_mapper:/home/mikks/crazyflie_mapping_demo/ros2_ws/install/crazyflie_py:/home/mikks/crazyflie_mapping_demo/ros2_ws/install/cooperative_target_centric_formation:/home/mikks/crazyflie_mapping_demo/ros2_ws/install/containment_using_agent_information:/home/mikks/crazyflie_mapping_demo/ros2_ws/install/consensus_for_double_integrator:/home/mikks/crazyflie_mapping_demo/ros2_ws/install/consensus_alignment:/home/mikks/crazyflie_mapping_demo/ros2_ws/install/binary_consensus:/home/mikks/crazyflie_mapping_demo/ros2_ws/install/Second_Order_Min_Consensus_for_Heterogeneous_Agents:/home/mikks/crazyflie_mapping_demo/ros2_ws/install/BinaryContainmentChain:/opt/ros/jazzy DEBUGINFOD_URLS=https://debuginfod.ubuntu.com LD_LIBRARY_PATH=/home/mikks/ros2_px4_ws/install/px4_ros2_cpp/lib:/home/mikks/ros2_px4_ws/install/px4_msgs/lib:${LD_LIBRARY_PATH} PYTHONPATH=/home/mikks/ros2_px4_ws/install/px4_msgs/lib/python3.12/site-packages:${PYTHONPATH} /usr/bin/cmake --build /home/mikks/ros2_px4_ws/build/example_executor_with_multiple_modes_cpp -- -j12 -l12
[4.300s] DEBUG:colcon.colcon_core.event_handler.log_command:Invoking command in '/home/mikks/ros2_px4_ws/build/example_global_navigation_cpp': AMENT_PREFIX_PATH=/home/mikks/ros2_px4_ws/install/px4_ros2_cpp:/home/mikks/ros2_px4_ws/install/px4_msgs:${AMENT_PREFIX_PATH} CMAKE_PREFIX_PATH=/home/mikks/ros2_px4_ws/install/px4_ros2_cpp:/home/mikks/ros2_px4_ws/install/px4_msgs:/home/mikks/crazyflie_mapping_demo/ros2_ws/install/crazyflie_ros2_multiranger_bringup:/home/mikks/crazyflie_mapping_demo/ros2_ws/install/ros_gz_crazyflie_bringup:/home/mikks/crazyflie_mapping_demo/ros2_ws/install/ros_gz_crazyflie_gazebo:/home/mikks/crazyflie_mapping_demo/ros2_ws/install/crazyflie_sim:/home/mikks/crazyflie_mapping_demo/ros2_ws/install/crazyflie_examples:/home/mikks/crazyflie_mapping_demo/ros2_ws/install/crazyflie:/home/mikks/crazyflie_mapping_demo/ros2_ws/install/crazyflie_interfaces:/opt/ros/jazzy/opt/gz_sim_vendor:/opt/ros/jazzy/opt/gz_sensors_vendor:/opt/ros/jazzy/opt/gz_physics_vendor:/opt/ros/jazzy/opt/sdformat_vendor:/opt/ros/jazzy/opt/gz_gui_vendor:/opt/ros/jazzy/opt/gz_transport_vendor:/opt/ros/jazzy/opt/gz_rendering_vendor:/opt/ros/jazzy/opt/gz_plugin_vendor:/opt/ros/jazzy/opt/gz_fuel_tools_vendor:/opt/ros/jazzy/opt/gz_msgs_vendor:/opt/ros/jazzy/opt/gz_common_vendor:/opt/ros/jazzy/opt/gz_math_vendor:/opt/ros/jazzy/opt/gz_utils_vendor:/opt/ros/jazzy/opt/gz_tools_vendor:/opt/ros/jazzy/opt/gz_ogre_next_vendor:/opt/ros/jazzy/opt/gz_dartsim_vendor:/opt/ros/jazzy/opt/gz_cmake_vendor:/home/mikks/ros2_ws/install/rover_desc_description:/home/mikks/ros2_ws/install/px4_actuator_ctrl:/home/mikks/ros2_ws/install/mine_rover_description:/home/mikks/ros2_ws/install/ZerionURDFV5cp_description:/home/mikks/crazyflie_mapping_demo/ros2_ws/install/velocity_free_consensus:/home/mikks/crazyflie_mapping_demo/ros2_ws/install/stepwise_lowpos:/home/mikks/crazyflie_mapping_demo/ros2_ws/install/step_wise_lowpos:/home/mikks/crazyflie_mapping_demo/ros2_ws/install/second_order_formation_control:/home/mikks/crazyflie_mapping_demo/ros2_ws/install/ros_gz_crazyflie_control:/home/mikks/crazyflie_mapping_demo/ros2_ws/install/mixed_fractional_consensus:/home/mikks/crazyflie_mapping_demo/ros2_ws/install/lowest_pos:/home/mikks/crazyflie_mapping_demo/ros2_ws/install/linear_consensus:/home/mikks/crazyflie_mapping_demo/ros2_ws/install/highest_pos:/home/mikks/crazyflie_mapping_demo/ros2_ws/install/fractional_consensus_alpha:/home/mikks/crazyflie_mapping_demo/ros2_ws/install/event_triggered_swarm:/home/mikks/crazyflie_mapping_demo/ros2_ws/install/drone_logger:/home/mikks/crazyflie_mapping_demo/ros2_ws/install/distributed_average_tracking:/home/mikks/crazyflie_mapping_demo/ros2_ws/install/crazyflie_swarm_logic:/home/mikks/crazyflie_mapping_demo/ros2_ws/install/crazyflie_ros2_multiranger_wall_following:/home/mikks/crazyflie_mapping_demo/ros2_ws/install/crazyflie_ros2_multiranger_simple_mapper:/home/mikks/crazyflie_mapping_demo/ros2_ws/install/crazyflie_py:/home/mikks/crazyflie_mapping_demo/ros2_ws/install/cooperative_target_centric_formation:/home/mikks/crazyflie_mapping_demo/ros2_ws/install/containment_using_agent_information:/home/mikks/crazyflie_mapping_demo/ros2_ws/install/consensus_for_double_integrator:/home/mikks/crazyflie_mapping_demo/ros2_ws/install/consensus_alignment:/home/mikks/crazyflie_mapping_demo/ros2_ws/install/binary_consensus:/home/mikks/crazyflie_mapping_demo/ros2_ws/install/Second_Order_Min_Consensus_for_Heterogeneous_Agents:/home/mikks/crazyflie_mapping_demo/ros2_ws/install/BinaryContainmentChain:/opt/ros/jazzy DEBUGINFOD_URLS=https://debuginfod.ubuntu.com LD_LIBRARY_PATH=/home/mikks/ros2_px4_ws/install/px4_ros2_cpp/lib:/home/mikks/ros2_px4_ws/install/px4_msgs/lib:${LD_LIBRARY_PATH} PYTHONPATH=/home/mikks/ros2_px4_ws/install/px4_msgs/lib/python3.12/site-packages:${PYTHONPATH} /usr/bin/cmake --build /home/mikks/ros2_px4_ws/build/example_global_navigation_cpp -- -j12 -l12
[4.304s] DEBUG:colcon.colcon_core.event_handler.log_command:Invoking command in '/home/mikks/ros2_px4_ws/build/example_local_navigation_cpp': AMENT_PREFIX_PATH=/home/mikks/ros2_px4_ws/install/px4_ros2_cpp:/home/mikks/ros2_px4_ws/install/px4_msgs:${AMENT_PREFIX_PATH} CMAKE_PREFIX_PATH=/home/mikks/ros2_px4_ws/install/px4_ros2_cpp:/home/mikks/ros2_px4_ws/install/px4_msgs:/home/mikks/crazyflie_mapping_demo/ros2_ws/install/crazyflie_ros2_multiranger_bringup:/home/mikks/crazyflie_mapping_demo/ros2_ws/install/ros_gz_crazyflie_bringup:/home/mikks/crazyflie_mapping_demo/ros2_ws/install/ros_gz_crazyflie_gazebo:/home/mikks/crazyflie_mapping_demo/ros2_ws/install/crazyflie_sim:/home/mikks/crazyflie_mapping_demo/ros2_ws/install/crazyflie_examples:/home/mikks/crazyflie_mapping_demo/ros2_ws/install/crazyflie:/home/mikks/crazyflie_mapping_demo/ros2_ws/install/crazyflie_interfaces:/opt/ros/jazzy/opt/gz_sim_vendor:/opt/ros/jazzy/opt/gz_sensors_vendor:/opt/ros/jazzy/opt/gz_physics_vendor:/opt/ros/jazzy/opt/sdformat_vendor:/opt/ros/jazzy/opt/gz_gui_vendor:/opt/ros/jazzy/opt/gz_transport_vendor:/opt/ros/jazzy/opt/gz_rendering_vendor:/opt/ros/jazzy/opt/gz_plugin_vendor:/opt/ros/jazzy/opt/gz_fuel_tools_vendor:/opt/ros/jazzy/opt/gz_msgs_vendor:/opt/ros/jazzy/opt/gz_common_vendor:/opt/ros/jazzy/opt/gz_math_vendor:/opt/ros/jazzy/opt/gz_utils_vendor:/opt/ros/jazzy/opt/gz_tools_vendor:/opt/ros/jazzy/opt/gz_ogre_next_vendor:/opt/ros/jazzy/opt/gz_dartsim_vendor:/opt/ros/jazzy/opt/gz_cmake_vendor:/home/mikks/ros2_ws/install/rover_desc_description:/home/mikks/ros2_ws/install/px4_actuator_ctrl:/home/mikks/ros2_ws/install/mine_rover_description:/home/mikks/ros2_ws/install/ZerionURDFV5cp_description:/home/mikks/crazyflie_mapping_demo/ros2_ws/install/velocity_free_consensus:/home/mikks/crazyflie_mapping_demo/ros2_ws/install/stepwise_lowpos:/home/mikks/crazyflie_mapping_demo/ros2_ws/install/step_wise_lowpos:/home/mikks/crazyflie_mapping_demo/ros2_ws/install/second_order_formation_control:/home/mikks/crazyflie_mapping_demo/ros2_ws/install/ros_gz_crazyflie_control:/home/mikks/crazyflie_mapping_demo/ros2_ws/install/mixed_fractional_consensus:/home/mikks/crazyflie_mapping_demo/ros2_ws/install/lowest_pos:/home/mikks/crazyflie_mapping_demo/ros2_ws/install/linear_consensus:/home/mikks/crazyflie_mapping_demo/ros2_ws/install/highest_pos:/home/mikks/crazyflie_mapping_demo/ros2_ws/install/fractional_consensus_alpha:/home/mikks/crazyflie_mapping_demo/ros2_ws/install/event_triggered_swarm:/home/mikks/crazyflie_mapping_demo/ros2_ws/install/drone_logger:/home/mikks/crazyflie_mapping_demo/ros2_ws/install/distributed_average_tracking:/home/mikks/crazyflie_mapping_demo/ros2_ws/install/crazyflie_swarm_logic:/home/mikks/crazyflie_mapping_demo/ros2_ws/install/crazyflie_ros2_multiranger_wall_following:/home/mikks/crazyflie_mapping_demo/ros2_ws/install/crazyflie_ros2_multiranger_simple_mapper:/home/mikks/crazyflie_mapping_demo/ros2_ws/install/crazyflie_py:/home/mikks/crazyflie_mapping_demo/ros2_ws/install/cooperative_target_centric_formation:/home/mikks/crazyflie_mapping_demo/ros2_ws/install/containment_using_agent_information:/home/mikks/crazyflie_mapping_demo/ros2_ws/install/consensus_for_double_integrator:/home/mikks/crazyflie_mapping_demo/ros2_ws/install/consensus_alignment:/home/mikks/crazyflie_mapping_demo/ros2_ws/install/binary_consensus:/home/mikks/crazyflie_mapping_demo/ros2_ws/install/Second_Order_Min_Consensus_for_Heterogeneous_Agents:/home/mikks/crazyflie_mapping_demo/ros2_ws/install/BinaryContainmentChain:/opt/ros/jazzy DEBUGINFOD_URLS=https://debuginfod.ubuntu.com LD_LIBRARY_PATH=/home/mikks/ros2_px4_ws/install/px4_ros2_cpp/lib:/home/mikks/ros2_px4_ws/install/px4_msgs/lib:${LD_LIBRARY_PATH} PYTHONPATH=/home/mikks/ros2_px4_ws/install/px4_msgs/lib/python3.12/site-packages:${PYTHONPATH} /usr/bin/cmake --build /home/mikks/ros2_px4_ws/build/example_local_navigation_cpp -- -j12 -l12
[4.310s] DEBUG:colcon.colcon_core.event_handler.log_command:Invoking command in '/home/mikks/ros2_px4_ws/build/example_mode_fw_attitude_cpp': AMENT_PREFIX_PATH=/home/mikks/ros2_px4_ws/install/px4_ros2_cpp:/home/mikks/ros2_px4_ws/install/px4_msgs:${AMENT_PREFIX_PATH} CMAKE_PREFIX_PATH=/home/mikks/ros2_px4_ws/install/px4_ros2_cpp:/home/mikks/ros2_px4_ws/install/px4_msgs:/home/mikks/crazyflie_mapping_demo/ros2_ws/install/crazyflie_ros2_multiranger_bringup:/home/mikks/crazyflie_mapping_demo/ros2_ws/install/ros_gz_crazyflie_bringup:/home/mikks/crazyflie_mapping_demo/ros2_ws/install/ros_gz_crazyflie_gazebo:/home/mikks/crazyflie_mapping_demo/ros2_ws/install/crazyflie_sim:/home/mikks/crazyflie_mapping_demo/ros2_ws/install/crazyflie_examples:/home/mikks/crazyflie_mapping_demo/ros2_ws/install/crazyflie:/home/mikks/crazyflie_mapping_demo/ros2_ws/install/crazyflie_interfaces:/opt/ros/jazzy/opt/gz_sim_vendor:/opt/ros/jazzy/opt/gz_sensors_vendor:/opt/ros/jazzy/opt/gz_physics_vendor:/opt/ros/jazzy/opt/sdformat_vendor:/opt/ros/jazzy/opt/gz_gui_vendor:/opt/ros/jazzy/opt/gz_transport_vendor:/opt/ros/jazzy/opt/gz_rendering_vendor:/opt/ros/jazzy/opt/gz_plugin_vendor:/opt/ros/jazzy/opt/gz_fuel_tools_vendor:/opt/ros/jazzy/opt/gz_msgs_vendor:/opt/ros/jazzy/opt/gz_common_vendor:/opt/ros/jazzy/opt/gz_math_vendor:/opt/ros/jazzy/opt/gz_utils_vendor:/opt/ros/jazzy/opt/gz_tools_vendor:/opt/ros/jazzy/opt/gz_ogre_next_vendor:/opt/ros/jazzy/opt/gz_dartsim_vendor:/opt/ros/jazzy/opt/gz_cmake_vendor:/home/mikks/ros2_ws/install/rover_desc_description:/home/mikks/ros2_ws/install/px4_actuator_ctrl:/home/mikks/ros2_ws/install/mine_rover_description:/home/mikks/ros2_ws/install/ZerionURDFV5cp_description:/home/mikks/crazyflie_mapping_demo/ros2_ws/install/velocity_free_consensus:/home/mikks/crazyflie_mapping_demo/ros2_ws/install/stepwise_lowpos:/home/mikks/crazyflie_mapping_demo/ros2_ws/install/step_wise_lowpos:/home/mikks/crazyflie_mapping_demo/ros2_ws/install/second_order_formation_control:/home/mikks/crazyflie_mapping_demo/ros2_ws/install/ros_gz_crazyflie_control:/home/mikks/crazyflie_mapping_demo/ros2_ws/install/mixed_fractional_consensus:/home/mikks/crazyflie_mapping_demo/ros2_ws/install/lowest_pos:/home/mikks/crazyflie_mapping_demo/ros2_ws/install/linear_consensus:/home/mikks/crazyflie_mapping_demo/ros2_ws/install/highest_pos:/home/mikks/crazyflie_mapping_demo/ros2_ws/install/fractional_consensus_alpha:/home/mikks/crazyflie_mapping_demo/ros2_ws/install/event_triggered_swarm:/home/mikks/crazyflie_mapping_demo/ros2_ws/install/drone_logger:/home/mikks/crazyflie_mapping_demo/ros2_ws/install/distributed_average_tracking:/home/mikks/crazyflie_mapping_demo/ros2_ws/install/crazyflie_swarm_logic:/home/mikks/crazyflie_mapping_demo/ros2_ws/install/crazyflie_ros2_multiranger_wall_following:/home/mikks/crazyflie_mapping_demo/ros2_ws/install/crazyflie_ros2_multiranger_simple_mapper:/home/mikks/crazyflie_mapping_demo/ros2_ws/install/crazyflie_py:/home/mikks/crazyflie_mapping_demo/ros2_ws/install/cooperative_target_centric_formation:/home/mikks/crazyflie_mapping_demo/ros2_ws/install/containment_using_agent_information:/home/mikks/crazyflie_mapping_demo/ros2_ws/install/consensus_for_double_integrator:/home/mikks/crazyflie_mapping_demo/ros2_ws/install/consensus_alignment:/home/mikks/crazyflie_mapping_demo/ros2_ws/install/binary_consensus:/home/mikks/crazyflie_mapping_demo/ros2_ws/install/Second_Order_Min_Consensus_for_Heterogeneous_Agents:/home/mikks/crazyflie_mapping_demo/ros2_ws/install/BinaryContainmentChain:/opt/ros/jazzy DEBUGINFOD_URLS=https://debuginfod.ubuntu.com LD_LIBRARY_PATH=/home/mikks/ros2_px4_ws/install/px4_ros2_cpp/lib:/home/mikks/ros2_px4_ws/install/px4_msgs/lib:${LD_LIBRARY_PATH} PYTHONPATH=/home/mikks/ros2_px4_ws/install/px4_msgs/lib/python3.12/site-packages:${PYTHONPATH} /usr/bin/cmake --build /home/mikks/ros2_px4_ws/build/example_mode_fw_attitude_cpp -- -j12 -l12
[4.317s] DEBUG:colcon.colcon_core.event_handler.log_command:Invoking command in '/home/mikks/ros2_px4_ws/build/example_mode_goto_cpp': AMENT_PREFIX_PATH=/home/mikks/ros2_px4_ws/install/px4_ros2_cpp:/home/mikks/ros2_px4_ws/install/px4_msgs:${AMENT_PREFIX_PATH} CMAKE_PREFIX_PATH=/home/mikks/ros2_px4_ws/install/px4_ros2_cpp:/home/mikks/ros2_px4_ws/install/px4_msgs:/home/mikks/crazyflie_mapping_demo/ros2_ws/install/crazyflie_ros2_multiranger_bringup:/home/mikks/crazyflie_mapping_demo/ros2_ws/install/ros_gz_crazyflie_bringup:/home/mikks/crazyflie_mapping_demo/ros2_ws/install/ros_gz_crazyflie_gazebo:/home/mikks/crazyflie_mapping_demo/ros2_ws/install/crazyflie_sim:/home/mikks/crazyflie_mapping_demo/ros2_ws/install/crazyflie_examples:/home/mikks/crazyflie_mapping_demo/ros2_ws/install/crazyflie:/home/mikks/crazyflie_mapping_demo/ros2_ws/install/crazyflie_interfaces:/opt/ros/jazzy/opt/gz_sim_vendor:/opt/ros/jazzy/opt/gz_sensors_vendor:/opt/ros/jazzy/opt/gz_physics_vendor:/opt/ros/jazzy/opt/sdformat_vendor:/opt/ros/jazzy/opt/gz_gui_vendor:/opt/ros/jazzy/opt/gz_transport_vendor:/opt/ros/jazzy/opt/gz_rendering_vendor:/opt/ros/jazzy/opt/gz_plugin_vendor:/opt/ros/jazzy/opt/gz_fuel_tools_vendor:/opt/ros/jazzy/opt/gz_msgs_vendor:/opt/ros/jazzy/opt/gz_common_vendor:/opt/ros/jazzy/opt/gz_math_vendor:/opt/ros/jazzy/opt/gz_utils_vendor:/opt/ros/jazzy/opt/gz_tools_vendor:/opt/ros/jazzy/opt/gz_ogre_next_vendor:/opt/ros/jazzy/opt/gz_dartsim_vendor:/opt/ros/jazzy/opt/gz_cmake_vendor:/home/mikks/ros2_ws/install/rover_desc_description:/home/mikks/ros2_ws/install/px4_actuator_ctrl:/home/mikks/ros2_ws/install/mine_rover_description:/home/mikks/ros2_ws/install/ZerionURDFV5cp_description:/home/mikks/crazyflie_mapping_demo/ros2_ws/install/velocity_free_consensus:/home/mikks/crazyflie_mapping_demo/ros2_ws/install/stepwise_lowpos:/home/mikks/crazyflie_mapping_demo/ros2_ws/install/step_wise_lowpos:/home/mikks/crazyflie_mapping_demo/ros2_ws/install/second_order_formation_control:/home/mikks/crazyflie_mapping_demo/ros2_ws/install/ros_gz_crazyflie_control:/home/mikks/crazyflie_mapping_demo/ros2_ws/install/mixed_fractional_consensus:/home/mikks/crazyflie_mapping_demo/ros2_ws/install/lowest_pos:/home/mikks/crazyflie_mapping_demo/ros2_ws/install/linear_consensus:/home/mikks/crazyflie_mapping_demo/ros2_ws/install/highest_pos:/home/mikks/crazyflie_mapping_demo/ros2_ws/install/fractional_consensus_alpha:/home/mikks/crazyflie_mapping_demo/ros2_ws/install/event_triggered_swarm:/home/mikks/crazyflie_mapping_demo/ros2_ws/install/drone_logger:/home/mikks/crazyflie_mapping_demo/ros2_ws/install/distributed_average_tracking:/home/mikks/crazyflie_mapping_demo/ros2_ws/install/crazyflie_swarm_logic:/home/mikks/crazyflie_mapping_demo/ros2_ws/install/crazyflie_ros2_multiranger_wall_following:/home/mikks/crazyflie_mapping_demo/ros2_ws/install/crazyflie_ros2_multiranger_simple_mapper:/home/mikks/crazyflie_mapping_demo/ros2_ws/install/crazyflie_py:/home/mikks/crazyflie_mapping_demo/ros2_ws/install/cooperative_target_centric_formation:/home/mikks/crazyflie_mapping_demo/ros2_ws/install/containment_using_agent_information:/home/mikks/crazyflie_mapping_demo/ros2_ws/install/consensus_for_double_integrator:/home/mikks/crazyflie_mapping_demo/ros2_ws/install/consensus_alignment:/home/mikks/crazyflie_mapping_demo/ros2_ws/install/binary_consensus:/home/mikks/crazyflie_mapping_demo/ros2_ws/install/Second_Order_Min_Consensus_for_Heterogeneous_Agents:/home/mikks/crazyflie_mapping_demo/ros2_ws/install/BinaryContainmentChain:/opt/ros/jazzy DEBUGINFOD_URLS=https://debuginfod.ubuntu.com LD_LIBRARY_PATH=/home/mikks/ros2_px4_ws/install/px4_ros2_cpp/lib:/home/mikks/ros2_px4_ws/install/px4_msgs/lib:${LD_LIBRARY_PATH} PYTHONPATH=/home/mikks/ros2_px4_ws/install/px4_msgs/lib/python3.12/site-packages:${PYTHONPATH} /usr/bin/cmake --build /home/mikks/ros2_px4_ws/build/example_mode_goto_cpp -- -j12 -l12
[4.328s] DEBUG:colcon.colcon_core.event_handler.log_command:Invoking command in '/home/mikks/ros2_px4_ws/build/example_mode_goto_global_cpp': AMENT_PREFIX_PATH=/home/mikks/ros2_px4_ws/install/px4_ros2_cpp:/home/mikks/ros2_px4_ws/install/px4_msgs:${AMENT_PREFIX_PATH} CMAKE_PREFIX_PATH=/home/mikks/ros2_px4_ws/install/px4_ros2_cpp:/home/mikks/ros2_px4_ws/install/px4_msgs:/home/mikks/crazyflie_mapping_demo/ros2_ws/install/crazyflie_ros2_multiranger_bringup:/home/mikks/crazyflie_mapping_demo/ros2_ws/install/ros_gz_crazyflie_bringup:/home/mikks/crazyflie_mapping_demo/ros2_ws/install/ros_gz_crazyflie_gazebo:/home/mikks/crazyflie_mapping_demo/ros2_ws/install/crazyflie_sim:/home/mikks/crazyflie_mapping_demo/ros2_ws/install/crazyflie_examples:/home/mikks/crazyflie_mapping_demo/ros2_ws/install/crazyflie:/home/mikks/crazyflie_mapping_demo/ros2_ws/install/crazyflie_interfaces:/opt/ros/jazzy/opt/gz_sim_vendor:/opt/ros/jazzy/opt/gz_sensors_vendor:/opt/ros/jazzy/opt/gz_physics_vendor:/opt/ros/jazzy/opt/sdformat_vendor:/opt/ros/jazzy/opt/gz_gui_vendor:/opt/ros/jazzy/opt/gz_transport_vendor:/opt/ros/jazzy/opt/gz_rendering_vendor:/opt/ros/jazzy/opt/gz_plugin_vendor:/opt/ros/jazzy/opt/gz_fuel_tools_vendor:/opt/ros/jazzy/opt/gz_msgs_vendor:/opt/ros/jazzy/opt/gz_common_vendor:/opt/ros/jazzy/opt/gz_math_vendor:/opt/ros/jazzy/opt/gz_utils_vendor:/opt/ros/jazzy/opt/gz_tools_vendor:/opt/ros/jazzy/opt/gz_ogre_next_vendor:/opt/ros/jazzy/opt/gz_dartsim_vendor:/opt/ros/jazzy/opt/gz_cmake_vendor:/home/mikks/ros2_ws/install/rover_desc_description:/home/mikks/ros2_ws/install/px4_actuator_ctrl:/home/mikks/ros2_ws/install/mine_rover_description:/home/mikks/ros2_ws/install/ZerionURDFV5cp_description:/home/mikks/crazyflie_mapping_demo/ros2_ws/install/velocity_free_consensus:/home/mikks/crazyflie_mapping_demo/ros2_ws/install/stepwise_lowpos:/home/mikks/crazyflie_mapping_demo/ros2_ws/install/step_wise_lowpos:/home/mikks/crazyflie_mapping_demo/ros2_ws/install/second_order_formation_control:/home/mikks/crazyflie_mapping_demo/ros2_ws/install/ros_gz_crazyflie_control:/home/mikks/crazyflie_mapping_demo/ros2_ws/install/mixed_fractional_consensus:/home/mikks/crazyflie_mapping_demo/ros2_ws/install/lowest_pos:/home/mikks/crazyflie_mapping_demo/ros2_ws/install/linear_consensus:/home/mikks/crazyflie_mapping_demo/ros2_ws/install/highest_pos:/home/mikks/crazyflie_mapping_demo/ros2_ws/install/fractional_consensus_alpha:/home/mikks/crazyflie_mapping_demo/ros2_ws/install/event_triggered_swarm:/home/mikks/crazyflie_mapping_demo/ros2_ws/install/drone_logger:/home/mikks/crazyflie_mapping_demo/ros2_ws/install/distributed_average_tracking:/home/mikks/crazyflie_mapping_demo/ros2_ws/install/crazyflie_swarm_logic:/home/mikks/crazyflie_mapping_demo/ros2_ws/install/crazyflie_ros2_multiranger_wall_following:/home/mikks/crazyflie_mapping_demo/ros2_ws/install/crazyflie_ros2_multiranger_simple_mapper:/home/mikks/crazyflie_mapping_demo/ros2_ws/install/crazyflie_py:/home/mikks/crazyflie_mapping_demo/ros2_ws/install/cooperative_target_centric_formation:/home/mikks/crazyflie_mapping_demo/ros2_ws/install/containment_using_agent_information:/home/mikks/crazyflie_mapping_demo/ros2_ws/install/consensus_for_double_integrator:/home/mikks/crazyflie_mapping_demo/ros2_ws/install/consensus_alignment:/home/mikks/crazyflie_mapping_demo/ros2_ws/install/binary_consensus:/home/mikks/crazyflie_mapping_demo/ros2_ws/install/Second_Order_Min_Consensus_for_Heterogeneous_Agents:/home/mikks/crazyflie_mapping_demo/ros2_ws/install/BinaryContainmentChain:/opt/ros/jazzy DEBUGINFOD_URLS=https://debuginfod.ubuntu.com LD_LIBRARY_PATH=/home/mikks/ros2_px4_ws/install/px4_ros2_cpp/lib:/home/mikks/ros2_px4_ws/install/px4_msgs/lib:${LD_LIBRARY_PATH} PYTHONPATH=/home/mikks/ros2_px4_ws/install/px4_msgs/lib/python3.12/site-packages:${PYTHONPATH} /usr/bin/cmake --build /home/mikks/ros2_px4_ws/build/example_mode_goto_global_cpp -- -j12 -l12
[4.334s] DEBUG:colcon.colcon_core.event_handler.log_command:Invoking command in '/home/mikks/ros2_px4_ws/build/example_mode_manual_cpp': AMENT_PREFIX_PATH=/home/mikks/ros2_px4_ws/install/px4_ros2_cpp:/home/mikks/ros2_px4_ws/install/px4_msgs:${AMENT_PREFIX_PATH} CMAKE_PREFIX_PATH=/home/mikks/ros2_px4_ws/install/px4_ros2_cpp:/home/mikks/ros2_px4_ws/install/px4_msgs:/home/mikks/crazyflie_mapping_demo/ros2_ws/install/crazyflie_ros2_multiranger_bringup:/home/mikks/crazyflie_mapping_demo/ros2_ws/install/ros_gz_crazyflie_bringup:/home/mikks/crazyflie_mapping_demo/ros2_ws/install/ros_gz_crazyflie_gazebo:/home/mikks/crazyflie_mapping_demo/ros2_ws/install/crazyflie_sim:/home/mikks/crazyflie_mapping_demo/ros2_ws/install/crazyflie_examples:/home/mikks/crazyflie_mapping_demo/ros2_ws/install/crazyflie:/home/mikks/crazyflie_mapping_demo/ros2_ws/install/crazyflie_interfaces:/opt/ros/jazzy/opt/gz_sim_vendor:/opt/ros/jazzy/opt/gz_sensors_vendor:/opt/ros/jazzy/opt/gz_physics_vendor:/opt/ros/jazzy/opt/sdformat_vendor:/opt/ros/jazzy/opt/gz_gui_vendor:/opt/ros/jazzy/opt/gz_transport_vendor:/opt/ros/jazzy/opt/gz_rendering_vendor:/opt/ros/jazzy/opt/gz_plugin_vendor:/opt/ros/jazzy/opt/gz_fuel_tools_vendor:/opt/ros/jazzy/opt/gz_msgs_vendor:/opt/ros/jazzy/opt/gz_common_vendor:/opt/ros/jazzy/opt/gz_math_vendor:/opt/ros/jazzy/opt/gz_utils_vendor:/opt/ros/jazzy/opt/gz_tools_vendor:/opt/ros/jazzy/opt/gz_ogre_next_vendor:/opt/ros/jazzy/opt/gz_dartsim_vendor:/opt/ros/jazzy/opt/gz_cmake_vendor:/home/mikks/ros2_ws/install/rover_desc_description:/home/mikks/ros2_ws/install/px4_actuator_ctrl:/home/mikks/ros2_ws/install/mine_rover_description:/home/mikks/ros2_ws/install/ZerionURDFV5cp_description:/home/mikks/crazyflie_mapping_demo/ros2_ws/install/velocity_free_consensus:/home/mikks/crazyflie_mapping_demo/ros2_ws/install/stepwise_lowpos:/home/mikks/crazyflie_mapping_demo/ros2_ws/install/step_wise_lowpos:/home/mikks/crazyflie_mapping_demo/ros2_ws/install/second_order_formation_control:/home/mikks/crazyflie_mapping_demo/ros2_ws/install/ros_gz_crazyflie_control:/home/mikks/crazyflie_mapping_demo/ros2_ws/install/mixed_fractional_consensus:/home/mikks/crazyflie_mapping_demo/ros2_ws/install/lowest_pos:/home/mikks/crazyflie_mapping_demo/ros2_ws/install/linear_consensus:/home/mikks/crazyflie_mapping_demo/ros2_ws/install/highest_pos:/home/mikks/crazyflie_mapping_demo/ros2_ws/install/fractional_consensus_alpha:/home/mikks/crazyflie_mapping_demo/ros2_ws/install/event_triggered_swarm:/home/mikks/crazyflie_mapping_demo/ros2_ws/install/drone_logger:/home/mikks/crazyflie_mapping_demo/ros2_ws/install/distributed_average_tracking:/home/mikks/crazyflie_mapping_demo/ros2_ws/install/crazyflie_swarm_logic:/home/mikks/crazyflie_mapping_demo/ros2_ws/install/crazyflie_ros2_multiranger_wall_following:/home/mikks/crazyflie_mapping_demo/ros2_ws/install/crazyflie_ros2_multiranger_simple_mapper:/home/mikks/crazyflie_mapping_demo/ros2_ws/install/crazyflie_py:/home/mikks/crazyflie_mapping_demo/ros2_ws/install/cooperative_target_centric_formation:/home/mikks/crazyflie_mapping_demo/ros2_ws/install/containment_using_agent_information:/home/mikks/crazyflie_mapping_demo/ros2_ws/install/consensus_for_double_integrator:/home/mikks/crazyflie_mapping_demo/ros2_ws/install/consensus_alignment:/home/mikks/crazyflie_mapping_demo/ros2_ws/install/binary_consensus:/home/mikks/crazyflie_mapping_demo/ros2_ws/install/Second_Order_Min_Consensus_for_Heterogeneous_Agents:/home/mikks/crazyflie_mapping_demo/ros2_ws/install/BinaryContainmentChain:/opt/ros/jazzy DEBUGINFOD_URLS=https://debuginfod.ubuntu.com LD_LIBRARY_PATH=/home/mikks/ros2_px4_ws/install/px4_ros2_cpp/lib:/home/mikks/ros2_px4_ws/install/px4_msgs/lib:${LD_LIBRARY_PATH} PYTHONPATH=/home/mikks/ros2_px4_ws/install/px4_msgs/lib/python3.12/site-packages:${PYTHONPATH} /usr/bin/cmake --build /home/mikks/ros2_px4_ws/build/example_mode_manual_cpp -- -j12 -l12
[4.373s] DEBUG:colcon.colcon_core.event_handler.log_command:Invoking command in '/home/mikks/ros2_px4_ws/build/example_mode_mission_cpp': AMENT_PREFIX_PATH=/home/mikks/ros2_px4_ws/install/px4_ros2_cpp:/home/mikks/ros2_px4_ws/install/px4_msgs:${AMENT_PREFIX_PATH} CMAKE_PREFIX_PATH=/home/mikks/ros2_px4_ws/install/px4_ros2_cpp:/home/mikks/ros2_px4_ws/install/px4_msgs:/home/mikks/crazyflie_mapping_demo/ros2_ws/install/crazyflie_ros2_multiranger_bringup:/home/mikks/crazyflie_mapping_demo/ros2_ws/install/ros_gz_crazyflie_bringup:/home/mikks/crazyflie_mapping_demo/ros2_ws/install/ros_gz_crazyflie_gazebo:/home/mikks/crazyflie_mapping_demo/ros2_ws/install/crazyflie_sim:/home/mikks/crazyflie_mapping_demo/ros2_ws/install/crazyflie_examples:/home/mikks/crazyflie_mapping_demo/ros2_ws/install/crazyflie:/home/mikks/crazyflie_mapping_demo/ros2_ws/install/crazyflie_interfaces:/opt/ros/jazzy/opt/gz_sim_vendor:/opt/ros/jazzy/opt/gz_sensors_vendor:/opt/ros/jazzy/opt/gz_physics_vendor:/opt/ros/jazzy/opt/sdformat_vendor:/opt/ros/jazzy/opt/gz_gui_vendor:/opt/ros/jazzy/opt/gz_transport_vendor:/opt/ros/jazzy/opt/gz_rendering_vendor:/opt/ros/jazzy/opt/gz_plugin_vendor:/opt/ros/jazzy/opt/gz_fuel_tools_vendor:/opt/ros/jazzy/opt/gz_msgs_vendor:/opt/ros/jazzy/opt/gz_common_vendor:/opt/ros/jazzy/opt/gz_math_vendor:/opt/ros/jazzy/opt/gz_utils_vendor:/opt/ros/jazzy/opt/gz_tools_vendor:/opt/ros/jazzy/opt/gz_ogre_next_vendor:/opt/ros/jazzy/opt/gz_dartsim_vendor:/opt/ros/jazzy/opt/gz_cmake_vendor:/home/mikks/ros2_ws/install/rover_desc_description:/home/mikks/ros2_ws/install/px4_actuator_ctrl:/home/mikks/ros2_ws/install/mine_rover_description:/home/mikks/ros2_ws/install/ZerionURDFV5cp_description:/home/mikks/crazyflie_mapping_demo/ros2_ws/install/velocity_free_consensus:/home/mikks/crazyflie_mapping_demo/ros2_ws/install/stepwise_lowpos:/home/mikks/crazyflie_mapping_demo/ros2_ws/install/step_wise_lowpos:/home/mikks/crazyflie_mapping_demo/ros2_ws/install/second_order_formation_control:/home/mikks/crazyflie_mapping_demo/ros2_ws/install/ros_gz_crazyflie_control:/home/mikks/crazyflie_mapping_demo/ros2_ws/install/mixed_fractional_consensus:/home/mikks/crazyflie_mapping_demo/ros2_ws/install/lowest_pos:/home/mikks/crazyflie_mapping_demo/ros2_ws/install/linear_consensus:/home/mikks/crazyflie_mapping_demo/ros2_ws/install/highest_pos:/home/mikks/crazyflie_mapping_demo/ros2_ws/install/fractional_consensus_alpha:/home/mikks/crazyflie_mapping_demo/ros2_ws/install/event_triggered_swarm:/home/mikks/crazyflie_mapping_demo/ros2_ws/install/drone_logger:/home/mikks/crazyflie_mapping_demo/ros2_ws/install/distributed_average_tracking:/home/mikks/crazyflie_mapping_demo/ros2_ws/install/crazyflie_swarm_logic:/home/mikks/crazyflie_mapping_demo/ros2_ws/install/crazyflie_ros2_multiranger_wall_following:/home/mikks/crazyflie_mapping_demo/ros2_ws/install/crazyflie_ros2_multiranger_simple_mapper:/home/mikks/crazyflie_mapping_demo/ros2_ws/install/crazyflie_py:/home/mikks/crazyflie_mapping_demo/ros2_ws/install/cooperative_target_centric_formation:/home/mikks/crazyflie_mapping_demo/ros2_ws/install/containment_using_agent_information:/home/mikks/crazyflie_mapping_demo/ros2_ws/install/consensus_for_double_integrator:/home/mikks/crazyflie_mapping_demo/ros2_ws/install/consensus_alignment:/home/mikks/crazyflie_mapping_demo/ros2_ws/install/binary_consensus:/home/mikks/crazyflie_mapping_demo/ros2_ws/install/Second_Order_Min_Consensus_for_Heterogeneous_Agents:/home/mikks/crazyflie_mapping_demo/ros2_ws/install/BinaryContainmentChain:/opt/ros/jazzy DEBUGINFOD_URLS=https://debuginfod.ubuntu.com LD_LIBRARY_PATH=/home/mikks/ros2_px4_ws/install/px4_ros2_cpp/lib:/home/mikks/ros2_px4_ws/install/px4_msgs/lib:${LD_LIBRARY_PATH} PYTHONPATH=/home/mikks/ros2_px4_ws/install/px4_msgs/lib/python3.12/site-packages:${PYTHONPATH} /usr/bin/cmake --build /home/mikks/ros2_px4_ws/build/example_mode_mission_cpp -- -j12 -l12
[4.388s] DEBUG:colcon.colcon_core.event_handler.log_command:Invoking command in '/home/mikks/ros2_px4_ws/build/example_mode_rtl_replacement_cpp': AMENT_PREFIX_PATH=/home/mikks/ros2_px4_ws/install/px4_ros2_cpp:/home/mikks/ros2_px4_ws/install/px4_msgs:${AMENT_PREFIX_PATH} CMAKE_PREFIX_PATH=/home/mikks/ros2_px4_ws/install/px4_ros2_cpp:/home/mikks/ros2_px4_ws/install/px4_msgs:/home/mikks/crazyflie_mapping_demo/ros2_ws/install/crazyflie_ros2_multiranger_bringup:/home/mikks/crazyflie_mapping_demo/ros2_ws/install/ros_gz_crazyflie_bringup:/home/mikks/crazyflie_mapping_demo/ros2_ws/install/ros_gz_crazyflie_gazebo:/home/mikks/crazyflie_mapping_demo/ros2_ws/install/crazyflie_sim:/home/mikks/crazyflie_mapping_demo/ros2_ws/install/crazyflie_examples:/home/mikks/crazyflie_mapping_demo/ros2_ws/install/crazyflie:/home/mikks/crazyflie_mapping_demo/ros2_ws/install/crazyflie_interfaces:/opt/ros/jazzy/opt/gz_sim_vendor:/opt/ros/jazzy/opt/gz_sensors_vendor:/opt/ros/jazzy/opt/gz_physics_vendor:/opt/ros/jazzy/opt/sdformat_vendor:/opt/ros/jazzy/opt/gz_gui_vendor:/opt/ros/jazzy/opt/gz_transport_vendor:/opt/ros/jazzy/opt/gz_rendering_vendor:/opt/ros/jazzy/opt/gz_plugin_vendor:/opt/ros/jazzy/opt/gz_fuel_tools_vendor:/opt/ros/jazzy/opt/gz_msgs_vendor:/opt/ros/jazzy/opt/gz_common_vendor:/opt/ros/jazzy/opt/gz_math_vendor:/opt/ros/jazzy/opt/gz_utils_vendor:/opt/ros/jazzy/opt/gz_tools_vendor:/opt/ros/jazzy/opt/gz_ogre_next_vendor:/opt/ros/jazzy/opt/gz_dartsim_vendor:/opt/ros/jazzy/opt/gz_cmake_vendor:/home/mikks/ros2_ws/install/rover_desc_description:/home/mikks/ros2_ws/install/px4_actuator_ctrl:/home/mikks/ros2_ws/install/mine_rover_description:/home/mikks/ros2_ws/install/ZerionURDFV5cp_description:/home/mikks/crazyflie_mapping_demo/ros2_ws/install/velocity_free_consensus:/home/mikks/crazyflie_mapping_demo/ros2_ws/install/stepwise_lowpos:/home/mikks/crazyflie_mapping_demo/ros2_ws/install/step_wise_lowpos:/home/mikks/crazyflie_mapping_demo/ros2_ws/install/second_order_formation_control:/home/mikks/crazyflie_mapping_demo/ros2_ws/install/ros_gz_crazyflie_control:/home/mikks/crazyflie_mapping_demo/ros2_ws/install/mixed_fractional_consensus:/home/mikks/crazyflie_mapping_demo/ros2_ws/install/lowest_pos:/home/mikks/crazyflie_mapping_demo/ros2_ws/install/linear_consensus:/home/mikks/crazyflie_mapping_demo/ros2_ws/install/highest_pos:/home/mikks/crazyflie_mapping_demo/ros2_ws/install/fractional_consensus_alpha:/home/mikks/crazyflie_mapping_demo/ros2_ws/install/event_triggered_swarm:/home/mikks/crazyflie_mapping_demo/ros2_ws/install/drone_logger:/home/mikks/crazyflie_mapping_demo/ros2_ws/install/distributed_average_tracking:/home/mikks/crazyflie_mapping_demo/ros2_ws/install/crazyflie_swarm_logic:/home/mikks/crazyflie_mapping_demo/ros2_ws/install/crazyflie_ros2_multiranger_wall_following:/home/mikks/crazyflie_mapping_demo/ros2_ws/install/crazyflie_ros2_multiranger_simple_mapper:/home/mikks/crazyflie_mapping_demo/ros2_ws/install/crazyflie_py:/home/mikks/crazyflie_mapping_demo/ros2_ws/install/cooperative_target_centric_formation:/home/mikks/crazyflie_mapping_demo/ros2_ws/install/containment_using_agent_information:/home/mikks/crazyflie_mapping_demo/ros2_ws/install/consensus_for_double_integrator:/home/mikks/crazyflie_mapping_demo/ros2_ws/install/consensus_alignment:/home/mikks/crazyflie_mapping_demo/ros2_ws/install/binary_consensus:/home/mikks/crazyflie_mapping_demo/ros2_ws/install/Second_Order_Min_Consensus_for_Heterogeneous_Agents:/home/mikks/crazyflie_mapping_demo/ros2_ws/install/BinaryContainmentChain:/opt/ros/jazzy DEBUGINFOD_URLS=https://debuginfod.ubuntu.com LD_LIBRARY_PATH=/home/mikks/ros2_px4_ws/install/px4_ros2_cpp/lib:/home/mikks/ros2_px4_ws/install/px4_msgs/lib:${LD_LIBRARY_PATH} PYTHONPATH=/home/mikks/ros2_px4_ws/install/px4_msgs/lib/python3.12/site-packages:${PYTHONPATH} /usr/bin/cmake --build /home/mikks/ros2_px4_ws/build/example_mode_rtl_replacement_cpp -- -j12 -l12
[4.485s] DEBUG:colcon.colcon_core.event_handler.log_command:Invoked command in '/home/mikks/ros2_px4_ws/build/example_executor_with_multiple_modes_cpp' returned '0': AMENT_PREFIX_PATH=/home/mikks/ros2_px4_ws/install/px4_ros2_cpp:/home/mikks/ros2_px4_ws/install/px4_msgs:${AMENT_PREFIX_PATH} CMAKE_PREFIX_PATH=/home/mikks/ros2_px4_ws/install/px4_ros2_cpp:/home/mikks/ros2_px4_ws/install/px4_msgs:/home/mikks/crazyflie_mapping_demo/ros2_ws/install/crazyflie_ros2_multiranger_bringup:/home/mikks/crazyflie_mapping_demo/ros2_ws/install/ros_gz_crazyflie_bringup:/home/mikks/crazyflie_mapping_demo/ros2_ws/install/ros_gz_crazyflie_gazebo:/home/mikks/crazyflie_mapping_demo/ros2_ws/install/crazyflie_sim:/home/mikks/crazyflie_mapping_demo/ros2_ws/install/crazyflie_examples:/home/mikks/crazyflie_mapping_demo/ros2_ws/install/crazyflie:/home/mikks/crazyflie_mapping_demo/ros2_ws/install/crazyflie_interfaces:/opt/ros/jazzy/opt/gz_sim_vendor:/opt/ros/jazzy/opt/gz_sensors_vendor:/opt/ros/jazzy/opt/gz_physics_vendor:/opt/ros/jazzy/opt/sdformat_vendor:/opt/ros/jazzy/opt/gz_gui_vendor:/opt/ros/jazzy/opt/gz_transport_vendor:/opt/ros/jazzy/opt/gz_rendering_vendor:/opt/ros/jazzy/opt/gz_plugin_vendor:/opt/ros/jazzy/opt/gz_fuel_tools_vendor:/opt/ros/jazzy/opt/gz_msgs_vendor:/opt/ros/jazzy/opt/gz_common_vendor:/opt/ros/jazzy/opt/gz_math_vendor:/opt/ros/jazzy/opt/gz_utils_vendor:/opt/ros/jazzy/opt/gz_tools_vendor:/opt/ros/jazzy/opt/gz_ogre_next_vendor:/opt/ros/jazzy/opt/gz_dartsim_vendor:/opt/ros/jazzy/opt/gz_cmake_vendor:/home/mikks/ros2_ws/install/rover_desc_description:/home/mikks/ros2_ws/install/px4_actuator_ctrl:/home/mikks/ros2_ws/install/mine_rover_description:/home/mikks/ros2_ws/install/ZerionURDFV5cp_description:/home/mikks/crazyflie_mapping_demo/ros2_ws/install/velocity_free_consensus:/home/mikks/crazyflie_mapping_demo/ros2_ws/install/stepwise_lowpos:/home/mikks/crazyflie_mapping_demo/ros2_ws/install/step_wise_lowpos:/home/mikks/crazyflie_mapping_demo/ros2_ws/install/second_order_formation_control:/home/mikks/crazyflie_mapping_demo/ros2_ws/install/ros_gz_crazyflie_control:/home/mikks/crazyflie_mapping_demo/ros2_ws/install/mixed_fractional_consensus:/home/mikks/crazyflie_mapping_demo/ros2_ws/install/lowest_pos:/home/mikks/crazyflie_mapping_demo/ros2_ws/install/linear_consensus:/home/mikks/crazyflie_mapping_demo/ros2_ws/install/highest_pos:/home/mikks/crazyflie_mapping_demo/ros2_ws/install/fractional_consensus_alpha:/home/mikks/crazyflie_mapping_demo/ros2_ws/install/event_triggered_swarm:/home/mikks/crazyflie_mapping_demo/ros2_ws/install/drone_logger:/home/mikks/crazyflie_mapping_demo/ros2_ws/install/distributed_average_tracking:/home/mikks/crazyflie_mapping_demo/ros2_ws/install/crazyflie_swarm_logic:/home/mikks/crazyflie_mapping_demo/ros2_ws/install/crazyflie_ros2_multiranger_wall_following:/home/mikks/crazyflie_mapping_demo/ros2_ws/install/crazyflie_ros2_multiranger_simple_mapper:/home/mikks/crazyflie_mapping_demo/ros2_ws/install/crazyflie_py:/home/mikks/crazyflie_mapping_demo/ros2_ws/install/cooperative_target_centric_formation:/home/mikks/crazyflie_mapping_demo/ros2_ws/install/containment_using_agent_information:/home/mikks/crazyflie_mapping_demo/ros2_ws/install/consensus_for_double_integrator:/home/mikks/crazyflie_mapping_demo/ros2_ws/install/consensus_alignment:/home/mikks/crazyflie_mapping_demo/ros2_ws/install/binary_consensus:/home/mikks/crazyflie_mapping_demo/ros2_ws/install/Second_Order_Min_Consensus_for_Heterogeneous_Agents:/home/mikks/crazyflie_mapping_demo/ros2_ws/install/BinaryContainmentChain:/opt/ros/jazzy DEBUGINFOD_URLS=https://debuginfod.ubuntu.com LD_LIBRARY_PATH=/home/mikks/ros2_px4_ws/install/px4_ros2_cpp/lib:/home/mikks/ros2_px4_ws/install/px4_msgs/lib:${LD_LIBRARY_PATH} PYTHONPATH=/home/mikks/ros2_px4_ws/install/px4_msgs/lib/python3.12/site-packages:${PYTHONPATH} /usr/bin/cmake --build /home/mikks/ros2_px4_ws/build/example_executor_with_multiple_modes_cpp -- -j12 -l12
[4.486s] DEBUG:colcon.colcon_core.event_handler.log_command:Invoking command in '/home/mikks/ros2_px4_ws/build/example_executor_with_multiple_modes_cpp': AMENT_PREFIX_PATH=/home/mikks/ros2_px4_ws/install/px4_ros2_cpp:/home/mikks/ros2_px4_ws/install/px4_msgs:${AMENT_PREFIX_PATH} CMAKE_PREFIX_PATH=/home/mikks/ros2_px4_ws/install/px4_ros2_cpp:/home/mikks/ros2_px4_ws/install/px4_msgs:/home/mikks/crazyflie_mapping_demo/ros2_ws/install/crazyflie_ros2_multiranger_bringup:/home/mikks/crazyflie_mapping_demo/ros2_ws/install/ros_gz_crazyflie_bringup:/home/mikks/crazyflie_mapping_demo/ros2_ws/install/ros_gz_crazyflie_gazebo:/home/mikks/crazyflie_mapping_demo/ros2_ws/install/crazyflie_sim:/home/mikks/crazyflie_mapping_demo/ros2_ws/install/crazyflie_examples:/home/mikks/crazyflie_mapping_demo/ros2_ws/install/crazyflie:/home/mikks/crazyflie_mapping_demo/ros2_ws/install/crazyflie_interfaces:/opt/ros/jazzy/opt/gz_sim_vendor:/opt/ros/jazzy/opt/gz_sensors_vendor:/opt/ros/jazzy/opt/gz_physics_vendor:/opt/ros/jazzy/opt/sdformat_vendor:/opt/ros/jazzy/opt/gz_gui_vendor:/opt/ros/jazzy/opt/gz_transport_vendor:/opt/ros/jazzy/opt/gz_rendering_vendor:/opt/ros/jazzy/opt/gz_plugin_vendor:/opt/ros/jazzy/opt/gz_fuel_tools_vendor:/opt/ros/jazzy/opt/gz_msgs_vendor:/opt/ros/jazzy/opt/gz_common_vendor:/opt/ros/jazzy/opt/gz_math_vendor:/opt/ros/jazzy/opt/gz_utils_vendor:/opt/ros/jazzy/opt/gz_tools_vendor:/opt/ros/jazzy/opt/gz_ogre_next_vendor:/opt/ros/jazzy/opt/gz_dartsim_vendor:/opt/ros/jazzy/opt/gz_cmake_vendor:/home/mikks/ros2_ws/install/rover_desc_description:/home/mikks/ros2_ws/install/px4_actuator_ctrl:/home/mikks/ros2_ws/install/mine_rover_description:/home/mikks/ros2_ws/install/ZerionURDFV5cp_description:/home/mikks/crazyflie_mapping_demo/ros2_ws/install/velocity_free_consensus:/home/mikks/crazyflie_mapping_demo/ros2_ws/install/stepwise_lowpos:/home/mikks/crazyflie_mapping_demo/ros2_ws/install/step_wise_lowpos:/home/mikks/crazyflie_mapping_demo/ros2_ws/install/second_order_formation_control:/home/mikks/crazyflie_mapping_demo/ros2_ws/install/ros_gz_crazyflie_control:/home/mikks/crazyflie_mapping_demo/ros2_ws/install/mixed_fractional_consensus:/home/mikks/crazyflie_mapping_demo/ros2_ws/install/lowest_pos:/home/mikks/crazyflie_mapping_demo/ros2_ws/install/linear_consensus:/home/mikks/crazyflie_mapping_demo/ros2_ws/install/highest_pos:/home/mikks/crazyflie_mapping_demo/ros2_ws/install/fractional_consensus_alpha:/home/mikks/crazyflie_mapping_demo/ros2_ws/install/event_triggered_swarm:/home/mikks/crazyflie_mapping_demo/ros2_ws/install/drone_logger:/home/mikks/crazyflie_mapping_demo/ros2_ws/install/distributed_average_tracking:/home/mikks/crazyflie_mapping_demo/ros2_ws/install/crazyflie_swarm_logic:/home/mikks/crazyflie_mapping_demo/ros2_ws/install/crazyflie_ros2_multiranger_wall_following:/home/mikks/crazyflie_mapping_demo/ros2_ws/install/crazyflie_ros2_multiranger_simple_mapper:/home/mikks/crazyflie_mapping_demo/ros2_ws/install/crazyflie_py:/home/mikks/crazyflie_mapping_demo/ros2_ws/install/cooperative_target_centric_formation:/home/mikks/crazyflie_mapping_demo/ros2_ws/install/containment_using_agent_information:/home/mikks/crazyflie_mapping_demo/ros2_ws/install/consensus_for_double_integrator:/home/mikks/crazyflie_mapping_demo/ros2_ws/install/consensus_alignment:/home/mikks/crazyflie_mapping_demo/ros2_ws/install/binary_consensus:/home/mikks/crazyflie_mapping_demo/ros2_ws/install/Second_Order_Min_Consensus_for_Heterogeneous_Agents:/home/mikks/crazyflie_mapping_demo/ros2_ws/install/BinaryContainmentChain:/opt/ros/jazzy DEBUGINFOD_URLS=https://debuginfod.ubuntu.com LD_LIBRARY_PATH=/home/mikks/ros2_px4_ws/install/px4_ros2_cpp/lib:/home/mikks/ros2_px4_ws/install/px4_msgs/lib:${LD_LIBRARY_PATH} PYTHONPATH=/home/mikks/ros2_px4_ws/install/px4_msgs/lib/python3.12/site-packages:${PYTHONPATH} /usr/bin/cmake --install /home/mikks/ros2_px4_ws/build/example_executor_with_multiple_modes_cpp
[4.490s] DEBUG:colcon.colcon_core.event_handler.log_command:Invoked command in '/home/mikks/ros2_px4_ws/build/example_local_navigation_cpp' returned '0': AMENT_PREFIX_PATH=/home/mikks/ros2_px4_ws/install/px4_ros2_cpp:/home/mikks/ros2_px4_ws/install/px4_msgs:${AMENT_PREFIX_PATH} CMAKE_PREFIX_PATH=/home/mikks/ros2_px4_ws/install/px4_ros2_cpp:/home/mikks/ros2_px4_ws/install/px4_msgs:/home/mikks/crazyflie_mapping_demo/ros2_ws/install/crazyflie_ros2_multiranger_bringup:/home/mikks/crazyflie_mapping_demo/ros2_ws/install/ros_gz_crazyflie_bringup:/home/mikks/crazyflie_mapping_demo/ros2_ws/install/ros_gz_crazyflie_gazebo:/home/mikks/crazyflie_mapping_demo/ros2_ws/install/crazyflie_sim:/home/mikks/crazyflie_mapping_demo/ros2_ws/install/crazyflie_examples:/home/mikks/crazyflie_mapping_demo/ros2_ws/install/crazyflie:/home/mikks/crazyflie_mapping_demo/ros2_ws/install/crazyflie_interfaces:/opt/ros/jazzy/opt/gz_sim_vendor:/opt/ros/jazzy/opt/gz_sensors_vendor:/opt/ros/jazzy/opt/gz_physics_vendor:/opt/ros/jazzy/opt/sdformat_vendor:/opt/ros/jazzy/opt/gz_gui_vendor:/opt/ros/jazzy/opt/gz_transport_vendor:/opt/ros/jazzy/opt/gz_rendering_vendor:/opt/ros/jazzy/opt/gz_plugin_vendor:/opt/ros/jazzy/opt/gz_fuel_tools_vendor:/opt/ros/jazzy/opt/gz_msgs_vendor:/opt/ros/jazzy/opt/gz_common_vendor:/opt/ros/jazzy/opt/gz_math_vendor:/opt/ros/jazzy/opt/gz_utils_vendor:/opt/ros/jazzy/opt/gz_tools_vendor:/opt/ros/jazzy/opt/gz_ogre_next_vendor:/opt/ros/jazzy/opt/gz_dartsim_vendor:/opt/ros/jazzy/opt/gz_cmake_vendor:/home/mikks/ros2_ws/install/rover_desc_description:/home/mikks/ros2_ws/install/px4_actuator_ctrl:/home/mikks/ros2_ws/install/mine_rover_description:/home/mikks/ros2_ws/install/ZerionURDFV5cp_description:/home/mikks/crazyflie_mapping_demo/ros2_ws/install/velocity_free_consensus:/home/mikks/crazyflie_mapping_demo/ros2_ws/install/stepwise_lowpos:/home/mikks/crazyflie_mapping_demo/ros2_ws/install/step_wise_lowpos:/home/mikks/crazyflie_mapping_demo/ros2_ws/install/second_order_formation_control:/home/mikks/crazyflie_mapping_demo/ros2_ws/install/ros_gz_crazyflie_control:/home/mikks/crazyflie_mapping_demo/ros2_ws/install/mixed_fractional_consensus:/home/mikks/crazyflie_mapping_demo/ros2_ws/install/lowest_pos:/home/mikks/crazyflie_mapping_demo/ros2_ws/install/linear_consensus:/home/mikks/crazyflie_mapping_demo/ros2_ws/install/highest_pos:/home/mikks/crazyflie_mapping_demo/ros2_ws/install/fractional_consensus_alpha:/home/mikks/crazyflie_mapping_demo/ros2_ws/install/event_triggered_swarm:/home/mikks/crazyflie_mapping_demo/ros2_ws/install/drone_logger:/home/mikks/crazyflie_mapping_demo/ros2_ws/install/distributed_average_tracking:/home/mikks/crazyflie_mapping_demo/ros2_ws/install/crazyflie_swarm_logic:/home/mikks/crazyflie_mapping_demo/ros2_ws/install/crazyflie_ros2_multiranger_wall_following:/home/mikks/crazyflie_mapping_demo/ros2_ws/install/crazyflie_ros2_multiranger_simple_mapper:/home/mikks/crazyflie_mapping_demo/ros2_ws/install/crazyflie_py:/home/mikks/crazyflie_mapping_demo/ros2_ws/install/cooperative_target_centric_formation:/home/mikks/crazyflie_mapping_demo/ros2_ws/install/containment_using_agent_information:/home/mikks/crazyflie_mapping_demo/ros2_ws/install/consensus_for_double_integrator:/home/mikks/crazyflie_mapping_demo/ros2_ws/install/consensus_alignment:/home/mikks/crazyflie_mapping_demo/ros2_ws/install/binary_consensus:/home/mikks/crazyflie_mapping_demo/ros2_ws/install/Second_Order_Min_Consensus_for_Heterogeneous_Agents:/home/mikks/crazyflie_mapping_demo/ros2_ws/install/BinaryContainmentChain:/opt/ros/jazzy DEBUGINFOD_URLS=https://debuginfod.ubuntu.com LD_LIBRARY_PATH=/home/mikks/ros2_px4_ws/install/px4_ros2_cpp/lib:/home/mikks/ros2_px4_ws/install/px4_msgs/lib:${LD_LIBRARY_PATH} PYTHONPATH=/home/mikks/ros2_px4_ws/install/px4_msgs/lib/python3.12/site-packages:${PYTHONPATH} /usr/bin/cmake --build /home/mikks/ros2_px4_ws/build/example_local_navigation_cpp -- -j12 -l12
[4.495s] DEBUG:colcon.colcon_core.event_handler.log_command:Invoking command in '/home/mikks/ros2_px4_ws/build/example_local_navigation_cpp': AMENT_PREFIX_PATH=/home/mikks/ros2_px4_ws/install/px4_ros2_cpp:/home/mikks/ros2_px4_ws/install/px4_msgs:${AMENT_PREFIX_PATH} CMAKE_PREFIX_PATH=/home/mikks/ros2_px4_ws/install/px4_ros2_cpp:/home/mikks/ros2_px4_ws/install/px4_msgs:/home/mikks/crazyflie_mapping_demo/ros2_ws/install/crazyflie_ros2_multiranger_bringup:/home/mikks/crazyflie_mapping_demo/ros2_ws/install/ros_gz_crazyflie_bringup:/home/mikks/crazyflie_mapping_demo/ros2_ws/install/ros_gz_crazyflie_gazebo:/home/mikks/crazyflie_mapping_demo/ros2_ws/install/crazyflie_sim:/home/mikks/crazyflie_mapping_demo/ros2_ws/install/crazyflie_examples:/home/mikks/crazyflie_mapping_demo/ros2_ws/install/crazyflie:/home/mikks/crazyflie_mapping_demo/ros2_ws/install/crazyflie_interfaces:/opt/ros/jazzy/opt/gz_sim_vendor:/opt/ros/jazzy/opt/gz_sensors_vendor:/opt/ros/jazzy/opt/gz_physics_vendor:/opt/ros/jazzy/opt/sdformat_vendor:/opt/ros/jazzy/opt/gz_gui_vendor:/opt/ros/jazzy/opt/gz_transport_vendor:/opt/ros/jazzy/opt/gz_rendering_vendor:/opt/ros/jazzy/opt/gz_plugin_vendor:/opt/ros/jazzy/opt/gz_fuel_tools_vendor:/opt/ros/jazzy/opt/gz_msgs_vendor:/opt/ros/jazzy/opt/gz_common_vendor:/opt/ros/jazzy/opt/gz_math_vendor:/opt/ros/jazzy/opt/gz_utils_vendor:/opt/ros/jazzy/opt/gz_tools_vendor:/opt/ros/jazzy/opt/gz_ogre_next_vendor:/opt/ros/jazzy/opt/gz_dartsim_vendor:/opt/ros/jazzy/opt/gz_cmake_vendor:/home/mikks/ros2_ws/install/rover_desc_description:/home/mikks/ros2_ws/install/px4_actuator_ctrl:/home/mikks/ros2_ws/install/mine_rover_description:/home/mikks/ros2_ws/install/ZerionURDFV5cp_description:/home/mikks/crazyflie_mapping_demo/ros2_ws/install/velocity_free_consensus:/home/mikks/crazyflie_mapping_demo/ros2_ws/install/stepwise_lowpos:/home/mikks/crazyflie_mapping_demo/ros2_ws/install/step_wise_lowpos:/home/mikks/crazyflie_mapping_demo/ros2_ws/install/second_order_formation_control:/home/mikks/crazyflie_mapping_demo/ros2_ws/install/ros_gz_crazyflie_control:/home/mikks/crazyflie_mapping_demo/ros2_ws/install/mixed_fractional_consensus:/home/mikks/crazyflie_mapping_demo/ros2_ws/install/lowest_pos:/home/mikks/crazyflie_mapping_demo/ros2_ws/install/linear_consensus:/home/mikks/crazyflie_mapping_demo/ros2_ws/install/highest_pos:/home/mikks/crazyflie_mapping_demo/ros2_ws/install/fractional_consensus_alpha:/home/mikks/crazyflie_mapping_demo/ros2_ws/install/event_triggered_swarm:/home/mikks/crazyflie_mapping_demo/ros2_ws/install/drone_logger:/home/mikks/crazyflie_mapping_demo/ros2_ws/install/distributed_average_tracking:/home/mikks/crazyflie_mapping_demo/ros2_ws/install/crazyflie_swarm_logic:/home/mikks/crazyflie_mapping_demo/ros2_ws/install/crazyflie_ros2_multiranger_wall_following:/home/mikks/crazyflie_mapping_demo/ros2_ws/install/crazyflie_ros2_multiranger_simple_mapper:/home/mikks/crazyflie_mapping_demo/ros2_ws/install/crazyflie_py:/home/mikks/crazyflie_mapping_demo/ros2_ws/install/cooperative_target_centric_formation:/home/mikks/crazyflie_mapping_demo/ros2_ws/install/containment_using_agent_information:/home/mikks/crazyflie_mapping_demo/ros2_ws/install/consensus_for_double_integrator:/home/mikks/crazyflie_mapping_demo/ros2_ws/install/consensus_alignment:/home/mikks/crazyflie_mapping_demo/ros2_ws/install/binary_consensus:/home/mikks/crazyflie_mapping_demo/ros2_ws/install/Second_Order_Min_Consensus_for_Heterogeneous_Agents:/home/mikks/crazyflie_mapping_demo/ros2_ws/install/BinaryContainmentChain:/opt/ros/jazzy DEBUGINFOD_URLS=https://debuginfod.ubuntu.com LD_LIBRARY_PATH=/home/mikks/ros2_px4_ws/install/px4_ros2_cpp/lib:/home/mikks/ros2_px4_ws/install/px4_msgs/lib:${LD_LIBRARY_PATH} PYTHONPATH=/home/mikks/ros2_px4_ws/install/px4_msgs/lib/python3.12/site-packages:${PYTHONPATH} /usr/bin/cmake --install /home/mikks/ros2_px4_ws/build/example_local_navigation_cpp
[4.504s] DEBUG:colcon.colcon_core.event_handler.log_command:Invoked command in '/home/mikks/ros2_px4_ws/build/example_global_navigation_cpp' returned '0': AMENT_PREFIX_PATH=/home/mikks/ros2_px4_ws/install/px4_ros2_cpp:/home/mikks/ros2_px4_ws/install/px4_msgs:${AMENT_PREFIX_PATH} CMAKE_PREFIX_PATH=/home/mikks/ros2_px4_ws/install/px4_ros2_cpp:/home/mikks/ros2_px4_ws/install/px4_msgs:/home/mikks/crazyflie_mapping_demo/ros2_ws/install/crazyflie_ros2_multiranger_bringup:/home/mikks/crazyflie_mapping_demo/ros2_ws/install/ros_gz_crazyflie_bringup:/home/mikks/crazyflie_mapping_demo/ros2_ws/install/ros_gz_crazyflie_gazebo:/home/mikks/crazyflie_mapping_demo/ros2_ws/install/crazyflie_sim:/home/mikks/crazyflie_mapping_demo/ros2_ws/install/crazyflie_examples:/home/mikks/crazyflie_mapping_demo/ros2_ws/install/crazyflie:/home/mikks/crazyflie_mapping_demo/ros2_ws/install/crazyflie_interfaces:/opt/ros/jazzy/opt/gz_sim_vendor:/opt/ros/jazzy/opt/gz_sensors_vendor:/opt/ros/jazzy/opt/gz_physics_vendor:/opt/ros/jazzy/opt/sdformat_vendor:/opt/ros/jazzy/opt/gz_gui_vendor:/opt/ros/jazzy/opt/gz_transport_vendor:/opt/ros/jazzy/opt/gz_rendering_vendor:/opt/ros/jazzy/opt/gz_plugin_vendor:/opt/ros/jazzy/opt/gz_fuel_tools_vendor:/opt/ros/jazzy/opt/gz_msgs_vendor:/opt/ros/jazzy/opt/gz_common_vendor:/opt/ros/jazzy/opt/gz_math_vendor:/opt/ros/jazzy/opt/gz_utils_vendor:/opt/ros/jazzy/opt/gz_tools_vendor:/opt/ros/jazzy/opt/gz_ogre_next_vendor:/opt/ros/jazzy/opt/gz_dartsim_vendor:/opt/ros/jazzy/opt/gz_cmake_vendor:/home/mikks/ros2_ws/install/rover_desc_description:/home/mikks/ros2_ws/install/px4_actuator_ctrl:/home/mikks/ros2_ws/install/mine_rover_description:/home/mikks/ros2_ws/install/ZerionURDFV5cp_description:/home/mikks/crazyflie_mapping_demo/ros2_ws/install/velocity_free_consensus:/home/mikks/crazyflie_mapping_demo/ros2_ws/install/stepwise_lowpos:/home/mikks/crazyflie_mapping_demo/ros2_ws/install/step_wise_lowpos:/home/mikks/crazyflie_mapping_demo/ros2_ws/install/second_order_formation_control:/home/mikks/crazyflie_mapping_demo/ros2_ws/install/ros_gz_crazyflie_control:/home/mikks/crazyflie_mapping_demo/ros2_ws/install/mixed_fractional_consensus:/home/mikks/crazyflie_mapping_demo/ros2_ws/install/lowest_pos:/home/mikks/crazyflie_mapping_demo/ros2_ws/install/linear_consensus:/home/mikks/crazyflie_mapping_demo/ros2_ws/install/highest_pos:/home/mikks/crazyflie_mapping_demo/ros2_ws/install/fractional_consensus_alpha:/home/mikks/crazyflie_mapping_demo/ros2_ws/install/event_triggered_swarm:/home/mikks/crazyflie_mapping_demo/ros2_ws/install/drone_logger:/home/mikks/crazyflie_mapping_demo/ros2_ws/install/distributed_average_tracking:/home/mikks/crazyflie_mapping_demo/ros2_ws/install/crazyflie_swarm_logic:/home/mikks/crazyflie_mapping_demo/ros2_ws/install/crazyflie_ros2_multiranger_wall_following:/home/mikks/crazyflie_mapping_demo/ros2_ws/install/crazyflie_ros2_multiranger_simple_mapper:/home/mikks/crazyflie_mapping_demo/ros2_ws/install/crazyflie_py:/home/mikks/crazyflie_mapping_demo/ros2_ws/install/cooperative_target_centric_formation:/home/mikks/crazyflie_mapping_demo/ros2_ws/install/containment_using_agent_information:/home/mikks/crazyflie_mapping_demo/ros2_ws/install/consensus_for_double_integrator:/home/mikks/crazyflie_mapping_demo/ros2_ws/install/consensus_alignment:/home/mikks/crazyflie_mapping_demo/ros2_ws/install/binary_consensus:/home/mikks/crazyflie_mapping_demo/ros2_ws/install/Second_Order_Min_Consensus_for_Heterogeneous_Agents:/home/mikks/crazyflie_mapping_demo/ros2_ws/install/BinaryContainmentChain:/opt/ros/jazzy DEBUGINFOD_URLS=https://debuginfod.ubuntu.com LD_LIBRARY_PATH=/home/mikks/ros2_px4_ws/install/px4_ros2_cpp/lib:/home/mikks/ros2_px4_ws/install/px4_msgs/lib:${LD_LIBRARY_PATH} PYTHONPATH=/home/mikks/ros2_px4_ws/install/px4_msgs/lib/python3.12/site-packages:${PYTHONPATH} /usr/bin/cmake --build /home/mikks/ros2_px4_ws/build/example_global_navigation_cpp -- -j12 -l12
[4.504s] DEBUG:colcon.colcon_core.event_handler.log_command:Invoking command in '/home/mikks/ros2_px4_ws/build/example_global_navigation_cpp': AMENT_PREFIX_PATH=/home/mikks/ros2_px4_ws/install/px4_ros2_cpp:/home/mikks/ros2_px4_ws/install/px4_msgs:${AMENT_PREFIX_PATH} CMAKE_PREFIX_PATH=/home/mikks/ros2_px4_ws/install/px4_ros2_cpp:/home/mikks/ros2_px4_ws/install/px4_msgs:/home/mikks/crazyflie_mapping_demo/ros2_ws/install/crazyflie_ros2_multiranger_bringup:/home/mikks/crazyflie_mapping_demo/ros2_ws/install/ros_gz_crazyflie_bringup:/home/mikks/crazyflie_mapping_demo/ros2_ws/install/ros_gz_crazyflie_gazebo:/home/mikks/crazyflie_mapping_demo/ros2_ws/install/crazyflie_sim:/home/mikks/crazyflie_mapping_demo/ros2_ws/install/crazyflie_examples:/home/mikks/crazyflie_mapping_demo/ros2_ws/install/crazyflie:/home/mikks/crazyflie_mapping_demo/ros2_ws/install/crazyflie_interfaces:/opt/ros/jazzy/opt/gz_sim_vendor:/opt/ros/jazzy/opt/gz_sensors_vendor:/opt/ros/jazzy/opt/gz_physics_vendor:/opt/ros/jazzy/opt/sdformat_vendor:/opt/ros/jazzy/opt/gz_gui_vendor:/opt/ros/jazzy/opt/gz_transport_vendor:/opt/ros/jazzy/opt/gz_rendering_vendor:/opt/ros/jazzy/opt/gz_plugin_vendor:/opt/ros/jazzy/opt/gz_fuel_tools_vendor:/opt/ros/jazzy/opt/gz_msgs_vendor:/opt/ros/jazzy/opt/gz_common_vendor:/opt/ros/jazzy/opt/gz_math_vendor:/opt/ros/jazzy/opt/gz_utils_vendor:/opt/ros/jazzy/opt/gz_tools_vendor:/opt/ros/jazzy/opt/gz_ogre_next_vendor:/opt/ros/jazzy/opt/gz_dartsim_vendor:/opt/ros/jazzy/opt/gz_cmake_vendor:/home/mikks/ros2_ws/install/rover_desc_description:/home/mikks/ros2_ws/install/px4_actuator_ctrl:/home/mikks/ros2_ws/install/mine_rover_description:/home/mikks/ros2_ws/install/ZerionURDFV5cp_description:/home/mikks/crazyflie_mapping_demo/ros2_ws/install/velocity_free_consensus:/home/mikks/crazyflie_mapping_demo/ros2_ws/install/stepwise_lowpos:/home/mikks/crazyflie_mapping_demo/ros2_ws/install/step_wise_lowpos:/home/mikks/crazyflie_mapping_demo/ros2_ws/install/second_order_formation_control:/home/mikks/crazyflie_mapping_demo/ros2_ws/install/ros_gz_crazyflie_control:/home/mikks/crazyflie_mapping_demo/ros2_ws/install/mixed_fractional_consensus:/home/mikks/crazyflie_mapping_demo/ros2_ws/install/lowest_pos:/home/mikks/crazyflie_mapping_demo/ros2_ws/install/linear_consensus:/home/mikks/crazyflie_mapping_demo/ros2_ws/install/highest_pos:/home/mikks/crazyflie_mapping_demo/ros2_ws/install/fractional_consensus_alpha:/home/mikks/crazyflie_mapping_demo/ros2_ws/install/event_triggered_swarm:/home/mikks/crazyflie_mapping_demo/ros2_ws/install/drone_logger:/home/mikks/crazyflie_mapping_demo/ros2_ws/install/distributed_average_tracking:/home/mikks/crazyflie_mapping_demo/ros2_ws/install/crazyflie_swarm_logic:/home/mikks/crazyflie_mapping_demo/ros2_ws/install/crazyflie_ros2_multiranger_wall_following:/home/mikks/crazyflie_mapping_demo/ros2_ws/install/crazyflie_ros2_multiranger_simple_mapper:/home/mikks/crazyflie_mapping_demo/ros2_ws/install/crazyflie_py:/home/mikks/crazyflie_mapping_demo/ros2_ws/install/cooperative_target_centric_formation:/home/mikks/crazyflie_mapping_demo/ros2_ws/install/containment_using_agent_information:/home/mikks/crazyflie_mapping_demo/ros2_ws/install/consensus_for_double_integrator:/home/mikks/crazyflie_mapping_demo/ros2_ws/install/consensus_alignment:/home/mikks/crazyflie_mapping_demo/ros2_ws/install/binary_consensus:/home/mikks/crazyflie_mapping_demo/ros2_ws/install/Second_Order_Min_Consensus_for_Heterogeneous_Agents:/home/mikks/crazyflie_mapping_demo/ros2_ws/install/BinaryContainmentChain:/opt/ros/jazzy DEBUGINFOD_URLS=https://debuginfod.ubuntu.com LD_LIBRARY_PATH=/home/mikks/ros2_px4_ws/install/px4_ros2_cpp/lib:/home/mikks/ros2_px4_ws/install/px4_msgs/lib:${LD_LIBRARY_PATH} PYTHONPATH=/home/mikks/ros2_px4_ws/install/px4_msgs/lib/python3.12/site-packages:${PYTHONPATH} /usr/bin/cmake --install /home/mikks/ros2_px4_ws/build/example_global_navigation_cpp
[4.512s] DEBUG:colcon.colcon_core.event_handler.log_command:Invoked command in '/home/mikks/ros2_px4_ws/build/example_mode_fw_attitude_cpp' returned '0': AMENT_PREFIX_PATH=/home/mikks/ros2_px4_ws/install/px4_ros2_cpp:/home/mikks/ros2_px4_ws/install/px4_msgs:${AMENT_PREFIX_PATH} CMAKE_PREFIX_PATH=/home/mikks/ros2_px4_ws/install/px4_ros2_cpp:/home/mikks/ros2_px4_ws/install/px4_msgs:/home/mikks/crazyflie_mapping_demo/ros2_ws/install/crazyflie_ros2_multiranger_bringup:/home/mikks/crazyflie_mapping_demo/ros2_ws/install/ros_gz_crazyflie_bringup:/home/mikks/crazyflie_mapping_demo/ros2_ws/install/ros_gz_crazyflie_gazebo:/home/mikks/crazyflie_mapping_demo/ros2_ws/install/crazyflie_sim:/home/mikks/crazyflie_mapping_demo/ros2_ws/install/crazyflie_examples:/home/mikks/crazyflie_mapping_demo/ros2_ws/install/crazyflie:/home/mikks/crazyflie_mapping_demo/ros2_ws/install/crazyflie_interfaces:/opt/ros/jazzy/opt/gz_sim_vendor:/opt/ros/jazzy/opt/gz_sensors_vendor:/opt/ros/jazzy/opt/gz_physics_vendor:/opt/ros/jazzy/opt/sdformat_vendor:/opt/ros/jazzy/opt/gz_gui_vendor:/opt/ros/jazzy/opt/gz_transport_vendor:/opt/ros/jazzy/opt/gz_rendering_vendor:/opt/ros/jazzy/opt/gz_plugin_vendor:/opt/ros/jazzy/opt/gz_fuel_tools_vendor:/opt/ros/jazzy/opt/gz_msgs_vendor:/opt/ros/jazzy/opt/gz_common_vendor:/opt/ros/jazzy/opt/gz_math_vendor:/opt/ros/jazzy/opt/gz_utils_vendor:/opt/ros/jazzy/opt/gz_tools_vendor:/opt/ros/jazzy/opt/gz_ogre_next_vendor:/opt/ros/jazzy/opt/gz_dartsim_vendor:/opt/ros/jazzy/opt/gz_cmake_vendor:/home/mikks/ros2_ws/install/rover_desc_description:/home/mikks/ros2_ws/install/px4_actuator_ctrl:/home/mikks/ros2_ws/install/mine_rover_description:/home/mikks/ros2_ws/install/ZerionURDFV5cp_description:/home/mikks/crazyflie_mapping_demo/ros2_ws/install/velocity_free_consensus:/home/mikks/crazyflie_mapping_demo/ros2_ws/install/stepwise_lowpos:/home/mikks/crazyflie_mapping_demo/ros2_ws/install/step_wise_lowpos:/home/mikks/crazyflie_mapping_demo/ros2_ws/install/second_order_formation_control:/home/mikks/crazyflie_mapping_demo/ros2_ws/install/ros_gz_crazyflie_control:/home/mikks/crazyflie_mapping_demo/ros2_ws/install/mixed_fractional_consensus:/home/mikks/crazyflie_mapping_demo/ros2_ws/install/lowest_pos:/home/mikks/crazyflie_mapping_demo/ros2_ws/install/linear_consensus:/home/mikks/crazyflie_mapping_demo/ros2_ws/install/highest_pos:/home/mikks/crazyflie_mapping_demo/ros2_ws/install/fractional_consensus_alpha:/home/mikks/crazyflie_mapping_demo/ros2_ws/install/event_triggered_swarm:/home/mikks/crazyflie_mapping_demo/ros2_ws/install/drone_logger:/home/mikks/crazyflie_mapping_demo/ros2_ws/install/distributed_average_tracking:/home/mikks/crazyflie_mapping_demo/ros2_ws/install/crazyflie_swarm_logic:/home/mikks/crazyflie_mapping_demo/ros2_ws/install/crazyflie_ros2_multiranger_wall_following:/home/mikks/crazyflie_mapping_demo/ros2_ws/install/crazyflie_ros2_multiranger_simple_mapper:/home/mikks/crazyflie_mapping_demo/ros2_ws/install/crazyflie_py:/home/mikks/crazyflie_mapping_demo/ros2_ws/install/cooperative_target_centric_formation:/home/mikks/crazyflie_mapping_demo/ros2_ws/install/containment_using_agent_information:/home/mikks/crazyflie_mapping_demo/ros2_ws/install/consensus_for_double_integrator:/home/mikks/crazyflie_mapping_demo/ros2_ws/install/consensus_alignment:/home/mikks/crazyflie_mapping_demo/ros2_ws/install/binary_consensus:/home/mikks/crazyflie_mapping_demo/ros2_ws/install/Second_Order_Min_Consensus_for_Heterogeneous_Agents:/home/mikks/crazyflie_mapping_demo/ros2_ws/install/BinaryContainmentChain:/opt/ros/jazzy DEBUGINFOD_URLS=https://debuginfod.ubuntu.com LD_LIBRARY_PATH=/home/mikks/ros2_px4_ws/install/px4_ros2_cpp/lib:/home/mikks/ros2_px4_ws/install/px4_msgs/lib:${LD_LIBRARY_PATH} PYTHONPATH=/home/mikks/ros2_px4_ws/install/px4_msgs/lib/python3.12/site-packages:${PYTHONPATH} /usr/bin/cmake --build /home/mikks/ros2_px4_ws/build/example_mode_fw_attitude_cpp -- -j12 -l12
[4.518s] DEBUG:colcon.colcon_core.event_handler.log_command:Invoking command in '/home/mikks/ros2_px4_ws/build/example_mode_fw_attitude_cpp': AMENT_PREFIX_PATH=/home/mikks/ros2_px4_ws/install/px4_ros2_cpp:/home/mikks/ros2_px4_ws/install/px4_msgs:${AMENT_PREFIX_PATH} CMAKE_PREFIX_PATH=/home/mikks/ros2_px4_ws/install/px4_ros2_cpp:/home/mikks/ros2_px4_ws/install/px4_msgs:/home/mikks/crazyflie_mapping_demo/ros2_ws/install/crazyflie_ros2_multiranger_bringup:/home/mikks/crazyflie_mapping_demo/ros2_ws/install/ros_gz_crazyflie_bringup:/home/mikks/crazyflie_mapping_demo/ros2_ws/install/ros_gz_crazyflie_gazebo:/home/mikks/crazyflie_mapping_demo/ros2_ws/install/crazyflie_sim:/home/mikks/crazyflie_mapping_demo/ros2_ws/install/crazyflie_examples:/home/mikks/crazyflie_mapping_demo/ros2_ws/install/crazyflie:/home/mikks/crazyflie_mapping_demo/ros2_ws/install/crazyflie_interfaces:/opt/ros/jazzy/opt/gz_sim_vendor:/opt/ros/jazzy/opt/gz_sensors_vendor:/opt/ros/jazzy/opt/gz_physics_vendor:/opt/ros/jazzy/opt/sdformat_vendor:/opt/ros/jazzy/opt/gz_gui_vendor:/opt/ros/jazzy/opt/gz_transport_vendor:/opt/ros/jazzy/opt/gz_rendering_vendor:/opt/ros/jazzy/opt/gz_plugin_vendor:/opt/ros/jazzy/opt/gz_fuel_tools_vendor:/opt/ros/jazzy/opt/gz_msgs_vendor:/opt/ros/jazzy/opt/gz_common_vendor:/opt/ros/jazzy/opt/gz_math_vendor:/opt/ros/jazzy/opt/gz_utils_vendor:/opt/ros/jazzy/opt/gz_tools_vendor:/opt/ros/jazzy/opt/gz_ogre_next_vendor:/opt/ros/jazzy/opt/gz_dartsim_vendor:/opt/ros/jazzy/opt/gz_cmake_vendor:/home/mikks/ros2_ws/install/rover_desc_description:/home/mikks/ros2_ws/install/px4_actuator_ctrl:/home/mikks/ros2_ws/install/mine_rover_description:/home/mikks/ros2_ws/install/ZerionURDFV5cp_description:/home/mikks/crazyflie_mapping_demo/ros2_ws/install/velocity_free_consensus:/home/mikks/crazyflie_mapping_demo/ros2_ws/install/stepwise_lowpos:/home/mikks/crazyflie_mapping_demo/ros2_ws/install/step_wise_lowpos:/home/mikks/crazyflie_mapping_demo/ros2_ws/install/second_order_formation_control:/home/mikks/crazyflie_mapping_demo/ros2_ws/install/ros_gz_crazyflie_control:/home/mikks/crazyflie_mapping_demo/ros2_ws/install/mixed_fractional_consensus:/home/mikks/crazyflie_mapping_demo/ros2_ws/install/lowest_pos:/home/mikks/crazyflie_mapping_demo/ros2_ws/install/linear_consensus:/home/mikks/crazyflie_mapping_demo/ros2_ws/install/highest_pos:/home/mikks/crazyflie_mapping_demo/ros2_ws/install/fractional_consensus_alpha:/home/mikks/crazyflie_mapping_demo/ros2_ws/install/event_triggered_swarm:/home/mikks/crazyflie_mapping_demo/ros2_ws/install/drone_logger:/home/mikks/crazyflie_mapping_demo/ros2_ws/install/distributed_average_tracking:/home/mikks/crazyflie_mapping_demo/ros2_ws/install/crazyflie_swarm_logic:/home/mikks/crazyflie_mapping_demo/ros2_ws/install/crazyflie_ros2_multiranger_wall_following:/home/mikks/crazyflie_mapping_demo/ros2_ws/install/crazyflie_ros2_multiranger_simple_mapper:/home/mikks/crazyflie_mapping_demo/ros2_ws/install/crazyflie_py:/home/mikks/crazyflie_mapping_demo/ros2_ws/install/cooperative_target_centric_formation:/home/mikks/crazyflie_mapping_demo/ros2_ws/install/containment_using_agent_information:/home/mikks/crazyflie_mapping_demo/ros2_ws/install/consensus_for_double_integrator:/home/mikks/crazyflie_mapping_demo/ros2_ws/install/consensus_alignment:/home/mikks/crazyflie_mapping_demo/ros2_ws/install/binary_consensus:/home/mikks/crazyflie_mapping_demo/ros2_ws/install/Second_Order_Min_Consensus_for_Heterogeneous_Agents:/home/mikks/crazyflie_mapping_demo/ros2_ws/install/BinaryContainmentChain:/opt/ros/jazzy DEBUGINFOD_URLS=https://debuginfod.ubuntu.com LD_LIBRARY_PATH=/home/mikks/ros2_px4_ws/install/px4_ros2_cpp/lib:/home/mikks/ros2_px4_ws/install/px4_msgs/lib:${LD_LIBRARY_PATH} PYTHONPATH=/home/mikks/ros2_px4_ws/install/px4_msgs/lib/python3.12/site-packages:${PYTHONPATH} /usr/bin/cmake --install /home/mikks/ros2_px4_ws/build/example_mode_fw_attitude_cpp
[4.550s] Level 1:colcon.colcon_core.environment:create_environment_scripts_only(example_executor_with_multiple_modes_cpp)
[4.551s] Level 1:colcon.colcon_core.environment:checking '/home/mikks/ros2_px4_ws/install/example_executor_with_multiple_modes_cpp' for CMake module files
[4.554s] Level 1:colcon.colcon_core.environment:checking '/home/mikks/ros2_px4_ws/install/example_executor_with_multiple_modes_cpp' for CMake config files
[4.555s] Level 1:colcon.colcon_core.shell:create_environment_hook('example_executor_with_multiple_modes_cpp', 'cmake_prefix_path')
[4.555s] INFO:colcon.colcon_core.shell:Creating environment hook '/home/mikks/ros2_px4_ws/install/example_executor_with_multiple_modes_cpp/share/example_executor_with_multiple_modes_cpp/hook/cmake_prefix_path.ps1'
[4.556s] DEBUG:colcon.colcon_core.event_handler.log_command:Invoked command in '/home/mikks/ros2_px4_ws/build/example_executor_with_multiple_modes_cpp' returned '0': AMENT_PREFIX_PATH=/home/mikks/ros2_px4_ws/install/px4_ros2_cpp:/home/mikks/ros2_px4_ws/install/px4_msgs:${AMENT_PREFIX_PATH} CMAKE_PREFIX_PATH=/home/mikks/ros2_px4_ws/install/px4_ros2_cpp:/home/mikks/ros2_px4_ws/install/px4_msgs:/home/mikks/crazyflie_mapping_demo/ros2_ws/install/crazyflie_ros2_multiranger_bringup:/home/mikks/crazyflie_mapping_demo/ros2_ws/install/ros_gz_crazyflie_bringup:/home/mikks/crazyflie_mapping_demo/ros2_ws/install/ros_gz_crazyflie_gazebo:/home/mikks/crazyflie_mapping_demo/ros2_ws/install/crazyflie_sim:/home/mikks/crazyflie_mapping_demo/ros2_ws/install/crazyflie_examples:/home/mikks/crazyflie_mapping_demo/ros2_ws/install/crazyflie:/home/mikks/crazyflie_mapping_demo/ros2_ws/install/crazyflie_interfaces:/opt/ros/jazzy/opt/gz_sim_vendor:/opt/ros/jazzy/opt/gz_sensors_vendor:/opt/ros/jazzy/opt/gz_physics_vendor:/opt/ros/jazzy/opt/sdformat_vendor:/opt/ros/jazzy/opt/gz_gui_vendor:/opt/ros/jazzy/opt/gz_transport_vendor:/opt/ros/jazzy/opt/gz_rendering_vendor:/opt/ros/jazzy/opt/gz_plugin_vendor:/opt/ros/jazzy/opt/gz_fuel_tools_vendor:/opt/ros/jazzy/opt/gz_msgs_vendor:/opt/ros/jazzy/opt/gz_common_vendor:/opt/ros/jazzy/opt/gz_math_vendor:/opt/ros/jazzy/opt/gz_utils_vendor:/opt/ros/jazzy/opt/gz_tools_vendor:/opt/ros/jazzy/opt/gz_ogre_next_vendor:/opt/ros/jazzy/opt/gz_dartsim_vendor:/opt/ros/jazzy/opt/gz_cmake_vendor:/home/mikks/ros2_ws/install/rover_desc_description:/home/mikks/ros2_ws/install/px4_actuator_ctrl:/home/mikks/ros2_ws/install/mine_rover_description:/home/mikks/ros2_ws/install/ZerionURDFV5cp_description:/home/mikks/crazyflie_mapping_demo/ros2_ws/install/velocity_free_consensus:/home/mikks/crazyflie_mapping_demo/ros2_ws/install/stepwise_lowpos:/home/mikks/crazyflie_mapping_demo/ros2_ws/install/step_wise_lowpos:/home/mikks/crazyflie_mapping_demo/ros2_ws/install/second_order_formation_control:/home/mikks/crazyflie_mapping_demo/ros2_ws/install/ros_gz_crazyflie_control:/home/mikks/crazyflie_mapping_demo/ros2_ws/install/mixed_fractional_consensus:/home/mikks/crazyflie_mapping_demo/ros2_ws/install/lowest_pos:/home/mikks/crazyflie_mapping_demo/ros2_ws/install/linear_consensus:/home/mikks/crazyflie_mapping_demo/ros2_ws/install/highest_pos:/home/mikks/crazyflie_mapping_demo/ros2_ws/install/fractional_consensus_alpha:/home/mikks/crazyflie_mapping_demo/ros2_ws/install/event_triggered_swarm:/home/mikks/crazyflie_mapping_demo/ros2_ws/install/drone_logger:/home/mikks/crazyflie_mapping_demo/ros2_ws/install/distributed_average_tracking:/home/mikks/crazyflie_mapping_demo/ros2_ws/install/crazyflie_swarm_logic:/home/mikks/crazyflie_mapping_demo/ros2_ws/install/crazyflie_ros2_multiranger_wall_following:/home/mikks/crazyflie_mapping_demo/ros2_ws/install/crazyflie_ros2_multiranger_simple_mapper:/home/mikks/crazyflie_mapping_demo/ros2_ws/install/crazyflie_py:/home/mikks/crazyflie_mapping_demo/ros2_ws/install/cooperative_target_centric_formation:/home/mikks/crazyflie_mapping_demo/ros2_ws/install/containment_using_agent_information:/home/mikks/crazyflie_mapping_demo/ros2_ws/install/consensus_for_double_integrator:/home/mikks/crazyflie_mapping_demo/ros2_ws/install/consensus_alignment:/home/mikks/crazyflie_mapping_demo/ros2_ws/install/binary_consensus:/home/mikks/crazyflie_mapping_demo/ros2_ws/install/Second_Order_Min_Consensus_for_Heterogeneous_Agents:/home/mikks/crazyflie_mapping_demo/ros2_ws/install/BinaryContainmentChain:/opt/ros/jazzy DEBUGINFOD_URLS=https://debuginfod.ubuntu.com LD_LIBRARY_PATH=/home/mikks/ros2_px4_ws/install/px4_ros2_cpp/lib:/home/mikks/ros2_px4_ws/install/px4_msgs/lib:${LD_LIBRARY_PATH} PYTHONPATH=/home/mikks/ros2_px4_ws/install/px4_msgs/lib/python3.12/site-packages:${PYTHONPATH} /usr/bin/cmake --install /home/mikks/ros2_px4_ws/build/example_executor_with_multiple_modes_cpp
[4.557s] INFO:colcon.colcon_core.shell:Creating environment descriptor '/home/mikks/ros2_px4_ws/install/example_executor_with_multiple_modes_cpp/share/example_executor_with_multiple_modes_cpp/hook/cmake_prefix_path.dsv'
[4.557s] INFO:colcon.colcon_core.shell:Creating environment hook '/home/mikks/ros2_px4_ws/install/example_executor_with_multiple_modes_cpp/share/example_executor_with_multiple_modes_cpp/hook/cmake_prefix_path.sh'
[4.560s] Level 1:colcon.colcon_core.environment:checking '/home/mikks/ros2_px4_ws/install/example_executor_with_multiple_modes_cpp/lib'
[4.560s] Level 1:colcon.colcon_core.environment:checking '/home/mikks/ros2_px4_ws/install/example_executor_with_multiple_modes_cpp/bin'
[4.560s] Level 1:colcon.colcon_core.environment:checking '/home/mikks/ros2_px4_ws/install/example_executor_with_multiple_modes_cpp/lib/pkgconfig/example_executor_with_multiple_modes_cpp.pc'
[4.561s] Level 1:colcon.colcon_core.environment:checking '/home/mikks/ros2_px4_ws/install/example_executor_with_multiple_modes_cpp/lib/python3.12/site-packages'
[4.561s] Level 1:colcon.colcon_core.environment:checking '/home/mikks/ros2_px4_ws/install/example_executor_with_multiple_modes_cpp/bin'
[4.561s] INFO:colcon.colcon_core.shell:Creating package script '/home/mikks/ros2_px4_ws/install/example_executor_with_multiple_modes_cpp/share/example_executor_with_multiple_modes_cpp/package.ps1'
[4.563s] INFO:colcon.colcon_core.shell:Creating package descriptor '/home/mikks/ros2_px4_ws/install/example_executor_with_multiple_modes_cpp/share/example_executor_with_multiple_modes_cpp/package.dsv'
[4.565s] INFO:colcon.colcon_core.shell:Creating package script '/home/mikks/ros2_px4_ws/install/example_executor_with_multiple_modes_cpp/share/example_executor_with_multiple_modes_cpp/package.sh'
[4.565s] INFO:colcon.colcon_core.shell:Creating package script '/home/mikks/ros2_px4_ws/install/example_executor_with_multiple_modes_cpp/share/example_executor_with_multiple_modes_cpp/package.bash'
[4.566s] INFO:colcon.colcon_core.shell:Creating package script '/home/mikks/ros2_px4_ws/install/example_executor_with_multiple_modes_cpp/share/example_executor_with_multiple_modes_cpp/package.zsh'
[4.566s] Level 1:colcon.colcon_core.environment:create_file_with_runtime_dependencies(/home/mikks/ros2_px4_ws/install/example_executor_with_multiple_modes_cpp/share/colcon-core/packages/example_executor_with_multiple_modes_cpp)
[4.567s] Level 1:colcon.colcon_core.environment:create_environment_scripts_only(example_executor_with_multiple_modes_cpp)
[4.567s] Level 1:colcon.colcon_core.environment:checking '/home/mikks/ros2_px4_ws/install/example_executor_with_multiple_modes_cpp' for CMake module files
[4.568s] Level 1:colcon.colcon_core.environment:checking '/home/mikks/ros2_px4_ws/install/example_executor_with_multiple_modes_cpp' for CMake config files
[4.569s] Level 1:colcon.colcon_core.shell:create_environment_hook('example_executor_with_multiple_modes_cpp', 'cmake_prefix_path')
[4.569s] INFO:colcon.colcon_core.shell:Creating environment hook '/home/mikks/ros2_px4_ws/install/example_executor_with_multiple_modes_cpp/share/example_executor_with_multiple_modes_cpp/hook/cmake_prefix_path.ps1'
[4.570s] INFO:colcon.colcon_core.shell:Creating environment descriptor '/home/mikks/ros2_px4_ws/install/example_executor_with_multiple_modes_cpp/share/example_executor_with_multiple_modes_cpp/hook/cmake_prefix_path.dsv'
[4.570s] INFO:colcon.colcon_core.shell:Creating environment hook '/home/mikks/ros2_px4_ws/install/example_executor_with_multiple_modes_cpp/share/example_executor_with_multiple_modes_cpp/hook/cmake_prefix_path.sh'
[4.571s] Level 1:colcon.colcon_core.environment:checking '/home/mikks/ros2_px4_ws/install/example_executor_with_multiple_modes_cpp/lib'
[4.571s] Level 1:colcon.colcon_core.environment:checking '/home/mikks/ros2_px4_ws/install/example_executor_with_multiple_modes_cpp/bin'
[4.571s] Level 1:colcon.colcon_core.environment:checking '/home/mikks/ros2_px4_ws/install/example_executor_with_multiple_modes_cpp/lib/pkgconfig/example_executor_with_multiple_modes_cpp.pc'
[4.571s] Level 1:colcon.colcon_core.environment:checking '/home/mikks/ros2_px4_ws/install/example_executor_with_multiple_modes_cpp/lib/python3.12/site-packages'
[4.572s] Level 1:colcon.colcon_core.environment:checking '/home/mikks/ros2_px4_ws/install/example_executor_with_multiple_modes_cpp/bin'
[4.572s] INFO:colcon.colcon_core.shell:Creating package script '/home/mikks/ros2_px4_ws/install/example_executor_with_multiple_modes_cpp/share/example_executor_with_multiple_modes_cpp/package.ps1'
[4.573s] INFO:colcon.colcon_core.shell:Creating package descriptor '/home/mikks/ros2_px4_ws/install/example_executor_with_multiple_modes_cpp/share/example_executor_with_multiple_modes_cpp/package.dsv'
[4.574s] INFO:colcon.colcon_core.shell:Creating package script '/home/mikks/ros2_px4_ws/install/example_executor_with_multiple_modes_cpp/share/example_executor_with_multiple_modes_cpp/package.sh'
[4.574s] INFO:colcon.colcon_core.shell:Creating package script '/home/mikks/ros2_px4_ws/install/example_executor_with_multiple_modes_cpp/share/example_executor_with_multiple_modes_cpp/package.bash'
[4.575s] INFO:colcon.colcon_core.shell:Creating package script '/home/mikks/ros2_px4_ws/install/example_executor_with_multiple_modes_cpp/share/example_executor_with_multiple_modes_cpp/package.zsh'
[4.576s] Level 1:colcon.colcon_core.environment:create_file_with_runtime_dependencies(/home/mikks/ros2_px4_ws/install/example_executor_with_multiple_modes_cpp/share/colcon-core/packages/example_executor_with_multiple_modes_cpp)
[4.580s] INFO:colcon.colcon_ros.task.ament_cmake.build:Building ROS package in '/home/mikks/ros2_px4_ws/src/px4-ros2-interface-lib/examples/cpp/modes/vtol' with build type 'ament_cmake'
[4.580s] INFO:colcon.colcon_cmake.task.cmake.build:Building CMake package in '/home/mikks/ros2_px4_ws/src/px4-ros2-interface-lib/examples/cpp/modes/vtol'
[4.580s] INFO:colcon.colcon_core.shell:Skip shell extension 'powershell' for command environment: Not usable outside of PowerShell
[4.580s] DEBUG:colcon.colcon_core.shell:Skip shell extension 'dsv' for command environment
[4.594s] DEBUG:colcon.colcon_core.event_handler.log_command:Invoked command in '/home/mikks/ros2_px4_ws/build/example_mode_goto_global_cpp' returned '0': AMENT_PREFIX_PATH=/home/mikks/ros2_px4_ws/install/px4_ros2_cpp:/home/mikks/ros2_px4_ws/install/px4_msgs:${AMENT_PREFIX_PATH} CMAKE_PREFIX_PATH=/home/mikks/ros2_px4_ws/install/px4_ros2_cpp:/home/mikks/ros2_px4_ws/install/px4_msgs:/home/mikks/crazyflie_mapping_demo/ros2_ws/install/crazyflie_ros2_multiranger_bringup:/home/mikks/crazyflie_mapping_demo/ros2_ws/install/ros_gz_crazyflie_bringup:/home/mikks/crazyflie_mapping_demo/ros2_ws/install/ros_gz_crazyflie_gazebo:/home/mikks/crazyflie_mapping_demo/ros2_ws/install/crazyflie_sim:/home/mikks/crazyflie_mapping_demo/ros2_ws/install/crazyflie_examples:/home/mikks/crazyflie_mapping_demo/ros2_ws/install/crazyflie:/home/mikks/crazyflie_mapping_demo/ros2_ws/install/crazyflie_interfaces:/opt/ros/jazzy/opt/gz_sim_vendor:/opt/ros/jazzy/opt/gz_sensors_vendor:/opt/ros/jazzy/opt/gz_physics_vendor:/opt/ros/jazzy/opt/sdformat_vendor:/opt/ros/jazzy/opt/gz_gui_vendor:/opt/ros/jazzy/opt/gz_transport_vendor:/opt/ros/jazzy/opt/gz_rendering_vendor:/opt/ros/jazzy/opt/gz_plugin_vendor:/opt/ros/jazzy/opt/gz_fuel_tools_vendor:/opt/ros/jazzy/opt/gz_msgs_vendor:/opt/ros/jazzy/opt/gz_common_vendor:/opt/ros/jazzy/opt/gz_math_vendor:/opt/ros/jazzy/opt/gz_utils_vendor:/opt/ros/jazzy/opt/gz_tools_vendor:/opt/ros/jazzy/opt/gz_ogre_next_vendor:/opt/ros/jazzy/opt/gz_dartsim_vendor:/opt/ros/jazzy/opt/gz_cmake_vendor:/home/mikks/ros2_ws/install/rover_desc_description:/home/mikks/ros2_ws/install/px4_actuator_ctrl:/home/mikks/ros2_ws/install/mine_rover_description:/home/mikks/ros2_ws/install/ZerionURDFV5cp_description:/home/mikks/crazyflie_mapping_demo/ros2_ws/install/velocity_free_consensus:/home/mikks/crazyflie_mapping_demo/ros2_ws/install/stepwise_lowpos:/home/mikks/crazyflie_mapping_demo/ros2_ws/install/step_wise_lowpos:/home/mikks/crazyflie_mapping_demo/ros2_ws/install/second_order_formation_control:/home/mikks/crazyflie_mapping_demo/ros2_ws/install/ros_gz_crazyflie_control:/home/mikks/crazyflie_mapping_demo/ros2_ws/install/mixed_fractional_consensus:/home/mikks/crazyflie_mapping_demo/ros2_ws/install/lowest_pos:/home/mikks/crazyflie_mapping_demo/ros2_ws/install/linear_consensus:/home/mikks/crazyflie_mapping_demo/ros2_ws/install/highest_pos:/home/mikks/crazyflie_mapping_demo/ros2_ws/install/fractional_consensus_alpha:/home/mikks/crazyflie_mapping_demo/ros2_ws/install/event_triggered_swarm:/home/mikks/crazyflie_mapping_demo/ros2_ws/install/drone_logger:/home/mikks/crazyflie_mapping_demo/ros2_ws/install/distributed_average_tracking:/home/mikks/crazyflie_mapping_demo/ros2_ws/install/crazyflie_swarm_logic:/home/mikks/crazyflie_mapping_demo/ros2_ws/install/crazyflie_ros2_multiranger_wall_following:/home/mikks/crazyflie_mapping_demo/ros2_ws/install/crazyflie_ros2_multiranger_simple_mapper:/home/mikks/crazyflie_mapping_demo/ros2_ws/install/crazyflie_py:/home/mikks/crazyflie_mapping_demo/ros2_ws/install/cooperative_target_centric_formation:/home/mikks/crazyflie_mapping_demo/ros2_ws/install/containment_using_agent_information:/home/mikks/crazyflie_mapping_demo/ros2_ws/install/consensus_for_double_integrator:/home/mikks/crazyflie_mapping_demo/ros2_ws/install/consensus_alignment:/home/mikks/crazyflie_mapping_demo/ros2_ws/install/binary_consensus:/home/mikks/crazyflie_mapping_demo/ros2_ws/install/Second_Order_Min_Consensus_for_Heterogeneous_Agents:/home/mikks/crazyflie_mapping_demo/ros2_ws/install/BinaryContainmentChain:/opt/ros/jazzy DEBUGINFOD_URLS=https://debuginfod.ubuntu.com LD_LIBRARY_PATH=/home/mikks/ros2_px4_ws/install/px4_ros2_cpp/lib:/home/mikks/ros2_px4_ws/install/px4_msgs/lib:${LD_LIBRARY_PATH} PYTHONPATH=/home/mikks/ros2_px4_ws/install/px4_msgs/lib/python3.12/site-packages:${PYTHONPATH} /usr/bin/cmake --build /home/mikks/ros2_px4_ws/build/example_mode_goto_global_cpp -- -j12 -l12
[4.596s] Level 1:colcon.colcon_core.environment:create_environment_scripts_only(example_global_navigation_cpp)
[4.596s] Level 1:colcon.colcon_core.environment:checking '/home/mikks/ros2_px4_ws/install/example_global_navigation_cpp' for CMake module files
[4.597s] DEBUG:colcon.colcon_core.event_handler.log_command:Invoking command in '/home/mikks/ros2_px4_ws/build/example_mode_goto_global_cpp': AMENT_PREFIX_PATH=/home/mikks/ros2_px4_ws/install/px4_ros2_cpp:/home/mikks/ros2_px4_ws/install/px4_msgs:${AMENT_PREFIX_PATH} CMAKE_PREFIX_PATH=/home/mikks/ros2_px4_ws/install/px4_ros2_cpp:/home/mikks/ros2_px4_ws/install/px4_msgs:/home/mikks/crazyflie_mapping_demo/ros2_ws/install/crazyflie_ros2_multiranger_bringup:/home/mikks/crazyflie_mapping_demo/ros2_ws/install/ros_gz_crazyflie_bringup:/home/mikks/crazyflie_mapping_demo/ros2_ws/install/ros_gz_crazyflie_gazebo:/home/mikks/crazyflie_mapping_demo/ros2_ws/install/crazyflie_sim:/home/mikks/crazyflie_mapping_demo/ros2_ws/install/crazyflie_examples:/home/mikks/crazyflie_mapping_demo/ros2_ws/install/crazyflie:/home/mikks/crazyflie_mapping_demo/ros2_ws/install/crazyflie_interfaces:/opt/ros/jazzy/opt/gz_sim_vendor:/opt/ros/jazzy/opt/gz_sensors_vendor:/opt/ros/jazzy/opt/gz_physics_vendor:/opt/ros/jazzy/opt/sdformat_vendor:/opt/ros/jazzy/opt/gz_gui_vendor:/opt/ros/jazzy/opt/gz_transport_vendor:/opt/ros/jazzy/opt/gz_rendering_vendor:/opt/ros/jazzy/opt/gz_plugin_vendor:/opt/ros/jazzy/opt/gz_fuel_tools_vendor:/opt/ros/jazzy/opt/gz_msgs_vendor:/opt/ros/jazzy/opt/gz_common_vendor:/opt/ros/jazzy/opt/gz_math_vendor:/opt/ros/jazzy/opt/gz_utils_vendor:/opt/ros/jazzy/opt/gz_tools_vendor:/opt/ros/jazzy/opt/gz_ogre_next_vendor:/opt/ros/jazzy/opt/gz_dartsim_vendor:/opt/ros/jazzy/opt/gz_cmake_vendor:/home/mikks/ros2_ws/install/rover_desc_description:/home/mikks/ros2_ws/install/px4_actuator_ctrl:/home/mikks/ros2_ws/install/mine_rover_description:/home/mikks/ros2_ws/install/ZerionURDFV5cp_description:/home/mikks/crazyflie_mapping_demo/ros2_ws/install/velocity_free_consensus:/home/mikks/crazyflie_mapping_demo/ros2_ws/install/stepwise_lowpos:/home/mikks/crazyflie_mapping_demo/ros2_ws/install/step_wise_lowpos:/home/mikks/crazyflie_mapping_demo/ros2_ws/install/second_order_formation_control:/home/mikks/crazyflie_mapping_demo/ros2_ws/install/ros_gz_crazyflie_control:/home/mikks/crazyflie_mapping_demo/ros2_ws/install/mixed_fractional_consensus:/home/mikks/crazyflie_mapping_demo/ros2_ws/install/lowest_pos:/home/mikks/crazyflie_mapping_demo/ros2_ws/install/linear_consensus:/home/mikks/crazyflie_mapping_demo/ros2_ws/install/highest_pos:/home/mikks/crazyflie_mapping_demo/ros2_ws/install/fractional_consensus_alpha:/home/mikks/crazyflie_mapping_demo/ros2_ws/install/event_triggered_swarm:/home/mikks/crazyflie_mapping_demo/ros2_ws/install/drone_logger:/home/mikks/crazyflie_mapping_demo/ros2_ws/install/distributed_average_tracking:/home/mikks/crazyflie_mapping_demo/ros2_ws/install/crazyflie_swarm_logic:/home/mikks/crazyflie_mapping_demo/ros2_ws/install/crazyflie_ros2_multiranger_wall_following:/home/mikks/crazyflie_mapping_demo/ros2_ws/install/crazyflie_ros2_multiranger_simple_mapper:/home/mikks/crazyflie_mapping_demo/ros2_ws/install/crazyflie_py:/home/mikks/crazyflie_mapping_demo/ros2_ws/install/cooperative_target_centric_formation:/home/mikks/crazyflie_mapping_demo/ros2_ws/install/containment_using_agent_information:/home/mikks/crazyflie_mapping_demo/ros2_ws/install/consensus_for_double_integrator:/home/mikks/crazyflie_mapping_demo/ros2_ws/install/consensus_alignment:/home/mikks/crazyflie_mapping_demo/ros2_ws/install/binary_consensus:/home/mikks/crazyflie_mapping_demo/ros2_ws/install/Second_Order_Min_Consensus_for_Heterogeneous_Agents:/home/mikks/crazyflie_mapping_demo/ros2_ws/install/BinaryContainmentChain:/opt/ros/jazzy DEBUGINFOD_URLS=https://debuginfod.ubuntu.com LD_LIBRARY_PATH=/home/mikks/ros2_px4_ws/install/px4_ros2_cpp/lib:/home/mikks/ros2_px4_ws/install/px4_msgs/lib:${LD_LIBRARY_PATH} PYTHONPATH=/home/mikks/ros2_px4_ws/install/px4_msgs/lib/python3.12/site-packages:${PYTHONPATH} /usr/bin/cmake --install /home/mikks/ros2_px4_ws/build/example_mode_goto_global_cpp
[4.597s] DEBUG:colcon.colcon_core.event_handler.log_command:Invoked command in '/home/mikks/ros2_px4_ws/build/example_global_navigation_cpp' returned '0': AMENT_PREFIX_PATH=/home/mikks/ros2_px4_ws/install/px4_ros2_cpp:/home/mikks/ros2_px4_ws/install/px4_msgs:${AMENT_PREFIX_PATH} CMAKE_PREFIX_PATH=/home/mikks/ros2_px4_ws/install/px4_ros2_cpp:/home/mikks/ros2_px4_ws/install/px4_msgs:/home/mikks/crazyflie_mapping_demo/ros2_ws/install/crazyflie_ros2_multiranger_bringup:/home/mikks/crazyflie_mapping_demo/ros2_ws/install/ros_gz_crazyflie_bringup:/home/mikks/crazyflie_mapping_demo/ros2_ws/install/ros_gz_crazyflie_gazebo:/home/mikks/crazyflie_mapping_demo/ros2_ws/install/crazyflie_sim:/home/mikks/crazyflie_mapping_demo/ros2_ws/install/crazyflie_examples:/home/mikks/crazyflie_mapping_demo/ros2_ws/install/crazyflie:/home/mikks/crazyflie_mapping_demo/ros2_ws/install/crazyflie_interfaces:/opt/ros/jazzy/opt/gz_sim_vendor:/opt/ros/jazzy/opt/gz_sensors_vendor:/opt/ros/jazzy/opt/gz_physics_vendor:/opt/ros/jazzy/opt/sdformat_vendor:/opt/ros/jazzy/opt/gz_gui_vendor:/opt/ros/jazzy/opt/gz_transport_vendor:/opt/ros/jazzy/opt/gz_rendering_vendor:/opt/ros/jazzy/opt/gz_plugin_vendor:/opt/ros/jazzy/opt/gz_fuel_tools_vendor:/opt/ros/jazzy/opt/gz_msgs_vendor:/opt/ros/jazzy/opt/gz_common_vendor:/opt/ros/jazzy/opt/gz_math_vendor:/opt/ros/jazzy/opt/gz_utils_vendor:/opt/ros/jazzy/opt/gz_tools_vendor:/opt/ros/jazzy/opt/gz_ogre_next_vendor:/opt/ros/jazzy/opt/gz_dartsim_vendor:/opt/ros/jazzy/opt/gz_cmake_vendor:/home/mikks/ros2_ws/install/rover_desc_description:/home/mikks/ros2_ws/install/px4_actuator_ctrl:/home/mikks/ros2_ws/install/mine_rover_description:/home/mikks/ros2_ws/install/ZerionURDFV5cp_description:/home/mikks/crazyflie_mapping_demo/ros2_ws/install/velocity_free_consensus:/home/mikks/crazyflie_mapping_demo/ros2_ws/install/stepwise_lowpos:/home/mikks/crazyflie_mapping_demo/ros2_ws/install/step_wise_lowpos:/home/mikks/crazyflie_mapping_demo/ros2_ws/install/second_order_formation_control:/home/mikks/crazyflie_mapping_demo/ros2_ws/install/ros_gz_crazyflie_control:/home/mikks/crazyflie_mapping_demo/ros2_ws/install/mixed_fractional_consensus:/home/mikks/crazyflie_mapping_demo/ros2_ws/install/lowest_pos:/home/mikks/crazyflie_mapping_demo/ros2_ws/install/linear_consensus:/home/mikks/crazyflie_mapping_demo/ros2_ws/install/highest_pos:/home/mikks/crazyflie_mapping_demo/ros2_ws/install/fractional_consensus_alpha:/home/mikks/crazyflie_mapping_demo/ros2_ws/install/event_triggered_swarm:/home/mikks/crazyflie_mapping_demo/ros2_ws/install/drone_logger:/home/mikks/crazyflie_mapping_demo/ros2_ws/install/distributed_average_tracking:/home/mikks/crazyflie_mapping_demo/ros2_ws/install/crazyflie_swarm_logic:/home/mikks/crazyflie_mapping_demo/ros2_ws/install/crazyflie_ros2_multiranger_wall_following:/home/mikks/crazyflie_mapping_demo/ros2_ws/install/crazyflie_ros2_multiranger_simple_mapper:/home/mikks/crazyflie_mapping_demo/ros2_ws/install/crazyflie_py:/home/mikks/crazyflie_mapping_demo/ros2_ws/install/cooperative_target_centric_formation:/home/mikks/crazyflie_mapping_demo/ros2_ws/install/containment_using_agent_information:/home/mikks/crazyflie_mapping_demo/ros2_ws/install/consensus_for_double_integrator:/home/mikks/crazyflie_mapping_demo/ros2_ws/install/consensus_alignment:/home/mikks/crazyflie_mapping_demo/ros2_ws/install/binary_consensus:/home/mikks/crazyflie_mapping_demo/ros2_ws/install/Second_Order_Min_Consensus_for_Heterogeneous_Agents:/home/mikks/crazyflie_mapping_demo/ros2_ws/install/BinaryContainmentChain:/opt/ros/jazzy DEBUGINFOD_URLS=https://debuginfod.ubuntu.com LD_LIBRARY_PATH=/home/mikks/ros2_px4_ws/install/px4_ros2_cpp/lib:/home/mikks/ros2_px4_ws/install/px4_msgs/lib:${LD_LIBRARY_PATH} PYTHONPATH=/home/mikks/ros2_px4_ws/install/px4_msgs/lib/python3.12/site-packages:${PYTHONPATH} /usr/bin/cmake --install /home/mikks/ros2_px4_ws/build/example_global_navigation_cpp
[4.598s] Level 1:colcon.colcon_core.environment:checking '/home/mikks/ros2_px4_ws/install/example_global_navigation_cpp' for CMake config files
[4.598s] Level 1:colcon.colcon_core.shell:create_environment_hook('example_global_navigation_cpp', 'cmake_prefix_path')
[4.598s] INFO:colcon.colcon_core.shell:Creating environment hook '/home/mikks/ros2_px4_ws/install/example_global_navigation_cpp/share/example_global_navigation_cpp/hook/cmake_prefix_path.ps1'
[4.599s] INFO:colcon.colcon_core.shell:Creating environment descriptor '/home/mikks/ros2_px4_ws/install/example_global_navigation_cpp/share/example_global_navigation_cpp/hook/cmake_prefix_path.dsv'
[4.599s] INFO:colcon.colcon_core.shell:Creating environment hook '/home/mikks/ros2_px4_ws/install/example_global_navigation_cpp/share/example_global_navigation_cpp/hook/cmake_prefix_path.sh'
[4.600s] Level 1:colcon.colcon_core.environment:checking '/home/mikks/ros2_px4_ws/install/example_global_navigation_cpp/lib'
[4.600s] Level 1:colcon.colcon_core.environment:checking '/home/mikks/ros2_px4_ws/install/example_global_navigation_cpp/bin'
[4.601s] Level 1:colcon.colcon_core.environment:checking '/home/mikks/ros2_px4_ws/install/example_global_navigation_cpp/lib/pkgconfig/example_global_navigation_cpp.pc'
[4.601s] Level 1:colcon.colcon_core.environment:checking '/home/mikks/ros2_px4_ws/install/example_global_navigation_cpp/lib/python3.12/site-packages'
[4.601s] Level 1:colcon.colcon_core.environment:checking '/home/mikks/ros2_px4_ws/install/example_global_navigation_cpp/bin'
[4.602s] INFO:colcon.colcon_core.shell:Creating package script '/home/mikks/ros2_px4_ws/install/example_global_navigation_cpp/share/example_global_navigation_cpp/package.ps1'
[4.602s] INFO:colcon.colcon_core.shell:Creating package descriptor '/home/mikks/ros2_px4_ws/install/example_global_navigation_cpp/share/example_global_navigation_cpp/package.dsv'
[4.603s] INFO:colcon.colcon_core.shell:Creating package script '/home/mikks/ros2_px4_ws/install/example_global_navigation_cpp/share/example_global_navigation_cpp/package.sh'
[4.603s] INFO:colcon.colcon_core.shell:Creating package script '/home/mikks/ros2_px4_ws/install/example_global_navigation_cpp/share/example_global_navigation_cpp/package.bash'
[4.603s] INFO:colcon.colcon_core.shell:Creating package script '/home/mikks/ros2_px4_ws/install/example_global_navigation_cpp/share/example_global_navigation_cpp/package.zsh'
[4.604s] Level 1:colcon.colcon_core.environment:create_file_with_runtime_dependencies(/home/mikks/ros2_px4_ws/install/example_global_navigation_cpp/share/colcon-core/packages/example_global_navigation_cpp)
[4.604s] Level 1:colcon.colcon_core.environment:create_environment_scripts_only(example_global_navigation_cpp)
[4.605s] Level 1:colcon.colcon_core.environment:checking '/home/mikks/ros2_px4_ws/install/example_global_navigation_cpp' for CMake module files
[4.605s] Level 1:colcon.colcon_core.environment:checking '/home/mikks/ros2_px4_ws/install/example_global_navigation_cpp' for CMake config files
[4.605s] Level 1:colcon.colcon_core.shell:create_environment_hook('example_global_navigation_cpp', 'cmake_prefix_path')
[4.606s] INFO:colcon.colcon_core.shell:Creating environment hook '/home/mikks/ros2_px4_ws/install/example_global_navigation_cpp/share/example_global_navigation_cpp/hook/cmake_prefix_path.ps1'
[4.606s] INFO:colcon.colcon_core.shell:Creating environment descriptor '/home/mikks/ros2_px4_ws/install/example_global_navigation_cpp/share/example_global_navigation_cpp/hook/cmake_prefix_path.dsv'
[4.607s] INFO:colcon.colcon_core.shell:Creating environment hook '/home/mikks/ros2_px4_ws/install/example_global_navigation_cpp/share/example_global_navigation_cpp/hook/cmake_prefix_path.sh'
[4.607s] Level 1:colcon.colcon_core.environment:checking '/home/mikks/ros2_px4_ws/install/example_global_navigation_cpp/lib'
[4.607s] Level 1:colcon.colcon_core.environment:checking '/home/mikks/ros2_px4_ws/install/example_global_navigation_cpp/bin'
[4.607s] Level 1:colcon.colcon_core.environment:checking '/home/mikks/ros2_px4_ws/install/example_global_navigation_cpp/lib/pkgconfig/example_global_navigation_cpp.pc'
[4.608s] Level 1:colcon.colcon_core.environment:checking '/home/mikks/ros2_px4_ws/install/example_global_navigation_cpp/lib/python3.12/site-packages'
[4.608s] Level 1:colcon.colcon_core.environment:checking '/home/mikks/ros2_px4_ws/install/example_global_navigation_cpp/bin'
[4.608s] INFO:colcon.colcon_core.shell:Creating package script '/home/mikks/ros2_px4_ws/install/example_global_navigation_cpp/share/example_global_navigation_cpp/package.ps1'
[4.609s] INFO:colcon.colcon_core.shell:Creating package descriptor '/home/mikks/ros2_px4_ws/install/example_global_navigation_cpp/share/example_global_navigation_cpp/package.dsv'
[4.609s] INFO:colcon.colcon_core.shell:Creating package script '/home/mikks/ros2_px4_ws/install/example_global_navigation_cpp/share/example_global_navigation_cpp/package.sh'
[4.610s] INFO:colcon.colcon_core.shell:Creating package script '/home/mikks/ros2_px4_ws/install/example_global_navigation_cpp/share/example_global_navigation_cpp/package.bash'
[4.610s] INFO:colcon.colcon_core.shell:Creating package script '/home/mikks/ros2_px4_ws/install/example_global_navigation_cpp/share/example_global_navigation_cpp/package.zsh'
[4.610s] Level 1:colcon.colcon_core.environment:create_file_with_runtime_dependencies(/home/mikks/ros2_px4_ws/install/example_global_navigation_cpp/share/colcon-core/packages/example_global_navigation_cpp)
[4.613s] DEBUG:colcon.colcon_core.event_handler.log_command:Invoked command in '/home/mikks/ros2_px4_ws/build/example_mode_goto_cpp' returned '0': AMENT_PREFIX_PATH=/home/mikks/ros2_px4_ws/install/px4_ros2_cpp:/home/mikks/ros2_px4_ws/install/px4_msgs:${AMENT_PREFIX_PATH} CMAKE_PREFIX_PATH=/home/mikks/ros2_px4_ws/install/px4_ros2_cpp:/home/mikks/ros2_px4_ws/install/px4_msgs:/home/mikks/crazyflie_mapping_demo/ros2_ws/install/crazyflie_ros2_multiranger_bringup:/home/mikks/crazyflie_mapping_demo/ros2_ws/install/ros_gz_crazyflie_bringup:/home/mikks/crazyflie_mapping_demo/ros2_ws/install/ros_gz_crazyflie_gazebo:/home/mikks/crazyflie_mapping_demo/ros2_ws/install/crazyflie_sim:/home/mikks/crazyflie_mapping_demo/ros2_ws/install/crazyflie_examples:/home/mikks/crazyflie_mapping_demo/ros2_ws/install/crazyflie:/home/mikks/crazyflie_mapping_demo/ros2_ws/install/crazyflie_interfaces:/opt/ros/jazzy/opt/gz_sim_vendor:/opt/ros/jazzy/opt/gz_sensors_vendor:/opt/ros/jazzy/opt/gz_physics_vendor:/opt/ros/jazzy/opt/sdformat_vendor:/opt/ros/jazzy/opt/gz_gui_vendor:/opt/ros/jazzy/opt/gz_transport_vendor:/opt/ros/jazzy/opt/gz_rendering_vendor:/opt/ros/jazzy/opt/gz_plugin_vendor:/opt/ros/jazzy/opt/gz_fuel_tools_vendor:/opt/ros/jazzy/opt/gz_msgs_vendor:/opt/ros/jazzy/opt/gz_common_vendor:/opt/ros/jazzy/opt/gz_math_vendor:/opt/ros/jazzy/opt/gz_utils_vendor:/opt/ros/jazzy/opt/gz_tools_vendor:/opt/ros/jazzy/opt/gz_ogre_next_vendor:/opt/ros/jazzy/opt/gz_dartsim_vendor:/opt/ros/jazzy/opt/gz_cmake_vendor:/home/mikks/ros2_ws/install/rover_desc_description:/home/mikks/ros2_ws/install/px4_actuator_ctrl:/home/mikks/ros2_ws/install/mine_rover_description:/home/mikks/ros2_ws/install/ZerionURDFV5cp_description:/home/mikks/crazyflie_mapping_demo/ros2_ws/install/velocity_free_consensus:/home/mikks/crazyflie_mapping_demo/ros2_ws/install/stepwise_lowpos:/home/mikks/crazyflie_mapping_demo/ros2_ws/install/step_wise_lowpos:/home/mikks/crazyflie_mapping_demo/ros2_ws/install/second_order_formation_control:/home/mikks/crazyflie_mapping_demo/ros2_ws/install/ros_gz_crazyflie_control:/home/mikks/crazyflie_mapping_demo/ros2_ws/install/mixed_fractional_consensus:/home/mikks/crazyflie_mapping_demo/ros2_ws/install/lowest_pos:/home/mikks/crazyflie_mapping_demo/ros2_ws/install/linear_consensus:/home/mikks/crazyflie_mapping_demo/ros2_ws/install/highest_pos:/home/mikks/crazyflie_mapping_demo/ros2_ws/install/fractional_consensus_alpha:/home/mikks/crazyflie_mapping_demo/ros2_ws/install/event_triggered_swarm:/home/mikks/crazyflie_mapping_demo/ros2_ws/install/drone_logger:/home/mikks/crazyflie_mapping_demo/ros2_ws/install/distributed_average_tracking:/home/mikks/crazyflie_mapping_demo/ros2_ws/install/crazyflie_swarm_logic:/home/mikks/crazyflie_mapping_demo/ros2_ws/install/crazyflie_ros2_multiranger_wall_following:/home/mikks/crazyflie_mapping_demo/ros2_ws/install/crazyflie_ros2_multiranger_simple_mapper:/home/mikks/crazyflie_mapping_demo/ros2_ws/install/crazyflie_py:/home/mikks/crazyflie_mapping_demo/ros2_ws/install/cooperative_target_centric_formation:/home/mikks/crazyflie_mapping_demo/ros2_ws/install/containment_using_agent_information:/home/mikks/crazyflie_mapping_demo/ros2_ws/install/consensus_for_double_integrator:/home/mikks/crazyflie_mapping_demo/ros2_ws/install/consensus_alignment:/home/mikks/crazyflie_mapping_demo/ros2_ws/install/binary_consensus:/home/mikks/crazyflie_mapping_demo/ros2_ws/install/Second_Order_Min_Consensus_for_Heterogeneous_Agents:/home/mikks/crazyflie_mapping_demo/ros2_ws/install/BinaryContainmentChain:/opt/ros/jazzy DEBUGINFOD_URLS=https://debuginfod.ubuntu.com LD_LIBRARY_PATH=/home/mikks/ros2_px4_ws/install/px4_ros2_cpp/lib:/home/mikks/ros2_px4_ws/install/px4_msgs/lib:${LD_LIBRARY_PATH} PYTHONPATH=/home/mikks/ros2_px4_ws/install/px4_msgs/lib/python3.12/site-packages:${PYTHONPATH} /usr/bin/cmake --build /home/mikks/ros2_px4_ws/build/example_mode_goto_cpp -- -j12 -l12
[4.617s] DEBUG:colcon.colcon_core.event_handler.log_command:Invoking command in '/home/mikks/ros2_px4_ws/build/example_mode_goto_cpp': AMENT_PREFIX_PATH=/home/mikks/ros2_px4_ws/install/px4_ros2_cpp:/home/mikks/ros2_px4_ws/install/px4_msgs:${AMENT_PREFIX_PATH} CMAKE_PREFIX_PATH=/home/mikks/ros2_px4_ws/install/px4_ros2_cpp:/home/mikks/ros2_px4_ws/install/px4_msgs:/home/mikks/crazyflie_mapping_demo/ros2_ws/install/crazyflie_ros2_multiranger_bringup:/home/mikks/crazyflie_mapping_demo/ros2_ws/install/ros_gz_crazyflie_bringup:/home/mikks/crazyflie_mapping_demo/ros2_ws/install/ros_gz_crazyflie_gazebo:/home/mikks/crazyflie_mapping_demo/ros2_ws/install/crazyflie_sim:/home/mikks/crazyflie_mapping_demo/ros2_ws/install/crazyflie_examples:/home/mikks/crazyflie_mapping_demo/ros2_ws/install/crazyflie:/home/mikks/crazyflie_mapping_demo/ros2_ws/install/crazyflie_interfaces:/opt/ros/jazzy/opt/gz_sim_vendor:/opt/ros/jazzy/opt/gz_sensors_vendor:/opt/ros/jazzy/opt/gz_physics_vendor:/opt/ros/jazzy/opt/sdformat_vendor:/opt/ros/jazzy/opt/gz_gui_vendor:/opt/ros/jazzy/opt/gz_transport_vendor:/opt/ros/jazzy/opt/gz_rendering_vendor:/opt/ros/jazzy/opt/gz_plugin_vendor:/opt/ros/jazzy/opt/gz_fuel_tools_vendor:/opt/ros/jazzy/opt/gz_msgs_vendor:/opt/ros/jazzy/opt/gz_common_vendor:/opt/ros/jazzy/opt/gz_math_vendor:/opt/ros/jazzy/opt/gz_utils_vendor:/opt/ros/jazzy/opt/gz_tools_vendor:/opt/ros/jazzy/opt/gz_ogre_next_vendor:/opt/ros/jazzy/opt/gz_dartsim_vendor:/opt/ros/jazzy/opt/gz_cmake_vendor:/home/mikks/ros2_ws/install/rover_desc_description:/home/mikks/ros2_ws/install/px4_actuator_ctrl:/home/mikks/ros2_ws/install/mine_rover_description:/home/mikks/ros2_ws/install/ZerionURDFV5cp_description:/home/mikks/crazyflie_mapping_demo/ros2_ws/install/velocity_free_consensus:/home/mikks/crazyflie_mapping_demo/ros2_ws/install/stepwise_lowpos:/home/mikks/crazyflie_mapping_demo/ros2_ws/install/step_wise_lowpos:/home/mikks/crazyflie_mapping_demo/ros2_ws/install/second_order_formation_control:/home/mikks/crazyflie_mapping_demo/ros2_ws/install/ros_gz_crazyflie_control:/home/mikks/crazyflie_mapping_demo/ros2_ws/install/mixed_fractional_consensus:/home/mikks/crazyflie_mapping_demo/ros2_ws/install/lowest_pos:/home/mikks/crazyflie_mapping_demo/ros2_ws/install/linear_consensus:/home/mikks/crazyflie_mapping_demo/ros2_ws/install/highest_pos:/home/mikks/crazyflie_mapping_demo/ros2_ws/install/fractional_consensus_alpha:/home/mikks/crazyflie_mapping_demo/ros2_ws/install/event_triggered_swarm:/home/mikks/crazyflie_mapping_demo/ros2_ws/install/drone_logger:/home/mikks/crazyflie_mapping_demo/ros2_ws/install/distributed_average_tracking:/home/mikks/crazyflie_mapping_demo/ros2_ws/install/crazyflie_swarm_logic:/home/mikks/crazyflie_mapping_demo/ros2_ws/install/crazyflie_ros2_multiranger_wall_following:/home/mikks/crazyflie_mapping_demo/ros2_ws/install/crazyflie_ros2_multiranger_simple_mapper:/home/mikks/crazyflie_mapping_demo/ros2_ws/install/crazyflie_py:/home/mikks/crazyflie_mapping_demo/ros2_ws/install/cooperative_target_centric_formation:/home/mikks/crazyflie_mapping_demo/ros2_ws/install/containment_using_agent_information:/home/mikks/crazyflie_mapping_demo/ros2_ws/install/consensus_for_double_integrator:/home/mikks/crazyflie_mapping_demo/ros2_ws/install/consensus_alignment:/home/mikks/crazyflie_mapping_demo/ros2_ws/install/binary_consensus:/home/mikks/crazyflie_mapping_demo/ros2_ws/install/Second_Order_Min_Consensus_for_Heterogeneous_Agents:/home/mikks/crazyflie_mapping_demo/ros2_ws/install/BinaryContainmentChain:/opt/ros/jazzy DEBUGINFOD_URLS=https://debuginfod.ubuntu.com LD_LIBRARY_PATH=/home/mikks/ros2_px4_ws/install/px4_ros2_cpp/lib:/home/mikks/ros2_px4_ws/install/px4_msgs/lib:${LD_LIBRARY_PATH} PYTHONPATH=/home/mikks/ros2_px4_ws/install/px4_msgs/lib/python3.12/site-packages:${PYTHONPATH} /usr/bin/cmake --install /home/mikks/ros2_px4_ws/build/example_mode_goto_cpp
[4.617s] Level 1:colcon.colcon_core.environment:create_environment_scripts_only(example_local_navigation_cpp)
[4.617s] Level 1:colcon.colcon_core.environment:checking '/home/mikks/ros2_px4_ws/install/example_local_navigation_cpp' for CMake module files
[4.618s] DEBUG:colcon.colcon_core.event_handler.log_command:Invoked command in '/home/mikks/ros2_px4_ws/build/example_local_navigation_cpp' returned '0': AMENT_PREFIX_PATH=/home/mikks/ros2_px4_ws/install/px4_ros2_cpp:/home/mikks/ros2_px4_ws/install/px4_msgs:${AMENT_PREFIX_PATH} CMAKE_PREFIX_PATH=/home/mikks/ros2_px4_ws/install/px4_ros2_cpp:/home/mikks/ros2_px4_ws/install/px4_msgs:/home/mikks/crazyflie_mapping_demo/ros2_ws/install/crazyflie_ros2_multiranger_bringup:/home/mikks/crazyflie_mapping_demo/ros2_ws/install/ros_gz_crazyflie_bringup:/home/mikks/crazyflie_mapping_demo/ros2_ws/install/ros_gz_crazyflie_gazebo:/home/mikks/crazyflie_mapping_demo/ros2_ws/install/crazyflie_sim:/home/mikks/crazyflie_mapping_demo/ros2_ws/install/crazyflie_examples:/home/mikks/crazyflie_mapping_demo/ros2_ws/install/crazyflie:/home/mikks/crazyflie_mapping_demo/ros2_ws/install/crazyflie_interfaces:/opt/ros/jazzy/opt/gz_sim_vendor:/opt/ros/jazzy/opt/gz_sensors_vendor:/opt/ros/jazzy/opt/gz_physics_vendor:/opt/ros/jazzy/opt/sdformat_vendor:/opt/ros/jazzy/opt/gz_gui_vendor:/opt/ros/jazzy/opt/gz_transport_vendor:/opt/ros/jazzy/opt/gz_rendering_vendor:/opt/ros/jazzy/opt/gz_plugin_vendor:/opt/ros/jazzy/opt/gz_fuel_tools_vendor:/opt/ros/jazzy/opt/gz_msgs_vendor:/opt/ros/jazzy/opt/gz_common_vendor:/opt/ros/jazzy/opt/gz_math_vendor:/opt/ros/jazzy/opt/gz_utils_vendor:/opt/ros/jazzy/opt/gz_tools_vendor:/opt/ros/jazzy/opt/gz_ogre_next_vendor:/opt/ros/jazzy/opt/gz_dartsim_vendor:/opt/ros/jazzy/opt/gz_cmake_vendor:/home/mikks/ros2_ws/install/rover_desc_description:/home/mikks/ros2_ws/install/px4_actuator_ctrl:/home/mikks/ros2_ws/install/mine_rover_description:/home/mikks/ros2_ws/install/ZerionURDFV5cp_description:/home/mikks/crazyflie_mapping_demo/ros2_ws/install/velocity_free_consensus:/home/mikks/crazyflie_mapping_demo/ros2_ws/install/stepwise_lowpos:/home/mikks/crazyflie_mapping_demo/ros2_ws/install/step_wise_lowpos:/home/mikks/crazyflie_mapping_demo/ros2_ws/install/second_order_formation_control:/home/mikks/crazyflie_mapping_demo/ros2_ws/install/ros_gz_crazyflie_control:/home/mikks/crazyflie_mapping_demo/ros2_ws/install/mixed_fractional_consensus:/home/mikks/crazyflie_mapping_demo/ros2_ws/install/lowest_pos:/home/mikks/crazyflie_mapping_demo/ros2_ws/install/linear_consensus:/home/mikks/crazyflie_mapping_demo/ros2_ws/install/highest_pos:/home/mikks/crazyflie_mapping_demo/ros2_ws/install/fractional_consensus_alpha:/home/mikks/crazyflie_mapping_demo/ros2_ws/install/event_triggered_swarm:/home/mikks/crazyflie_mapping_demo/ros2_ws/install/drone_logger:/home/mikks/crazyflie_mapping_demo/ros2_ws/install/distributed_average_tracking:/home/mikks/crazyflie_mapping_demo/ros2_ws/install/crazyflie_swarm_logic:/home/mikks/crazyflie_mapping_demo/ros2_ws/install/crazyflie_ros2_multiranger_wall_following:/home/mikks/crazyflie_mapping_demo/ros2_ws/install/crazyflie_ros2_multiranger_simple_mapper:/home/mikks/crazyflie_mapping_demo/ros2_ws/install/crazyflie_py:/home/mikks/crazyflie_mapping_demo/ros2_ws/install/cooperative_target_centric_formation:/home/mikks/crazyflie_mapping_demo/ros2_ws/install/containment_using_agent_information:/home/mikks/crazyflie_mapping_demo/ros2_ws/install/consensus_for_double_integrator:/home/mikks/crazyflie_mapping_demo/ros2_ws/install/consensus_alignment:/home/mikks/crazyflie_mapping_demo/ros2_ws/install/binary_consensus:/home/mikks/crazyflie_mapping_demo/ros2_ws/install/Second_Order_Min_Consensus_for_Heterogeneous_Agents:/home/mikks/crazyflie_mapping_demo/ros2_ws/install/BinaryContainmentChain:/opt/ros/jazzy DEBUGINFOD_URLS=https://debuginfod.ubuntu.com LD_LIBRARY_PATH=/home/mikks/ros2_px4_ws/install/px4_ros2_cpp/lib:/home/mikks/ros2_px4_ws/install/px4_msgs/lib:${LD_LIBRARY_PATH} PYTHONPATH=/home/mikks/ros2_px4_ws/install/px4_msgs/lib/python3.12/site-packages:${PYTHONPATH} /usr/bin/cmake --install /home/mikks/ros2_px4_ws/build/example_local_navigation_cpp
[4.619s] Level 1:colcon.colcon_core.environment:checking '/home/mikks/ros2_px4_ws/install/example_local_navigation_cpp' for CMake config files
[4.620s] Level 1:colcon.colcon_core.shell:create_environment_hook('example_local_navigation_cpp', 'cmake_prefix_path')
[4.620s] INFO:colcon.colcon_core.shell:Creating environment hook '/home/mikks/ros2_px4_ws/install/example_local_navigation_cpp/share/example_local_navigation_cpp/hook/cmake_prefix_path.ps1'
[4.621s] INFO:colcon.colcon_core.shell:Creating environment descriptor '/home/mikks/ros2_px4_ws/install/example_local_navigation_cpp/share/example_local_navigation_cpp/hook/cmake_prefix_path.dsv'
[4.621s] INFO:colcon.colcon_core.shell:Creating environment hook '/home/mikks/ros2_px4_ws/install/example_local_navigation_cpp/share/example_local_navigation_cpp/hook/cmake_prefix_path.sh'
[4.622s] Level 1:colcon.colcon_core.environment:checking '/home/mikks/ros2_px4_ws/install/example_local_navigation_cpp/lib'
[4.622s] Level 1:colcon.colcon_core.environment:checking '/home/mikks/ros2_px4_ws/install/example_local_navigation_cpp/bin'
[4.622s] Level 1:colcon.colcon_core.environment:checking '/home/mikks/ros2_px4_ws/install/example_local_navigation_cpp/lib/pkgconfig/example_local_navigation_cpp.pc'
[4.623s] Level 1:colcon.colcon_core.environment:checking '/home/mikks/ros2_px4_ws/install/example_local_navigation_cpp/lib/python3.12/site-packages'
[4.623s] Level 1:colcon.colcon_core.environment:checking '/home/mikks/ros2_px4_ws/install/example_local_navigation_cpp/bin'
[4.623s] INFO:colcon.colcon_core.shell:Creating package script '/home/mikks/ros2_px4_ws/install/example_local_navigation_cpp/share/example_local_navigation_cpp/package.ps1'
[4.624s] INFO:colcon.colcon_core.shell:Creating package descriptor '/home/mikks/ros2_px4_ws/install/example_local_navigation_cpp/share/example_local_navigation_cpp/package.dsv'
[4.624s] INFO:colcon.colcon_core.shell:Creating package script '/home/mikks/ros2_px4_ws/install/example_local_navigation_cpp/share/example_local_navigation_cpp/package.sh'
[4.624s] INFO:colcon.colcon_core.shell:Creating package script '/home/mikks/ros2_px4_ws/install/example_local_navigation_cpp/share/example_local_navigation_cpp/package.bash'
[4.625s] INFO:colcon.colcon_core.shell:Creating package script '/home/mikks/ros2_px4_ws/install/example_local_navigation_cpp/share/example_local_navigation_cpp/package.zsh'
[4.625s] Level 1:colcon.colcon_core.environment:create_file_with_runtime_dependencies(/home/mikks/ros2_px4_ws/install/example_local_navigation_cpp/share/colcon-core/packages/example_local_navigation_cpp)
[4.626s] Level 1:colcon.colcon_core.environment:create_environment_scripts_only(example_local_navigation_cpp)
[4.626s] Level 1:colcon.colcon_core.environment:checking '/home/mikks/ros2_px4_ws/install/example_local_navigation_cpp' for CMake module files
[4.627s] Level 1:colcon.colcon_core.environment:checking '/home/mikks/ros2_px4_ws/install/example_local_navigation_cpp' for CMake config files
[4.628s] Level 1:colcon.colcon_core.shell:create_environment_hook('example_local_navigation_cpp', 'cmake_prefix_path')
[4.628s] INFO:colcon.colcon_core.shell:Creating environment hook '/home/mikks/ros2_px4_ws/install/example_local_navigation_cpp/share/example_local_navigation_cpp/hook/cmake_prefix_path.ps1'
[4.628s] INFO:colcon.colcon_core.shell:Creating environment descriptor '/home/mikks/ros2_px4_ws/install/example_local_navigation_cpp/share/example_local_navigation_cpp/hook/cmake_prefix_path.dsv'
[4.629s] INFO:colcon.colcon_core.shell:Creating environment hook '/home/mikks/ros2_px4_ws/install/example_local_navigation_cpp/share/example_local_navigation_cpp/hook/cmake_prefix_path.sh'
[4.629s] Level 1:colcon.colcon_core.environment:checking '/home/mikks/ros2_px4_ws/install/example_local_navigation_cpp/lib'
[4.629s] Level 1:colcon.colcon_core.environment:checking '/home/mikks/ros2_px4_ws/install/example_local_navigation_cpp/bin'
[4.629s] Level 1:colcon.colcon_core.environment:checking '/home/mikks/ros2_px4_ws/install/example_local_navigation_cpp/lib/pkgconfig/example_local_navigation_cpp.pc'
[4.630s] Level 1:colcon.colcon_core.environment:checking '/home/mikks/ros2_px4_ws/install/example_local_navigation_cpp/lib/python3.12/site-packages'
[4.630s] Level 1:colcon.colcon_core.environment:checking '/home/mikks/ros2_px4_ws/install/example_local_navigation_cpp/bin'
[4.630s] INFO:colcon.colcon_core.shell:Creating package script '/home/mikks/ros2_px4_ws/install/example_local_navigation_cpp/share/example_local_navigation_cpp/package.ps1'
[4.631s] INFO:colcon.colcon_core.shell:Creating package descriptor '/home/mikks/ros2_px4_ws/install/example_local_navigation_cpp/share/example_local_navigation_cpp/package.dsv'
[4.631s] INFO:colcon.colcon_core.shell:Creating package script '/home/mikks/ros2_px4_ws/install/example_local_navigation_cpp/share/example_local_navigation_cpp/package.sh'
[4.632s] INFO:colcon.colcon_core.shell:Creating package script '/home/mikks/ros2_px4_ws/install/example_local_navigation_cpp/share/example_local_navigation_cpp/package.bash'
[4.632s] INFO:colcon.colcon_core.shell:Creating package script '/home/mikks/ros2_px4_ws/install/example_local_navigation_cpp/share/example_local_navigation_cpp/package.zsh'
[4.633s] Level 1:colcon.colcon_core.environment:create_file_with_runtime_dependencies(/home/mikks/ros2_px4_ws/install/example_local_navigation_cpp/share/colcon-core/packages/example_local_navigation_cpp)
[4.633s] INFO:colcon.colcon_ros.task.ament_cmake.build:Building ROS package in '/home/mikks/ros2_px4_ws/src/px4-ros2-interface-lib/examples/cpp/modes/mode_with_executor' with build type 'ament_cmake'
[4.633s] INFO:colcon.colcon_cmake.task.cmake.build:Building CMake package in '/home/mikks/ros2_px4_ws/src/px4-ros2-interface-lib/examples/cpp/modes/mode_with_executor'
[4.633s] INFO:colcon.colcon_core.shell:Skip shell extension 'powershell' for command environment: Not usable outside of PowerShell
[4.633s] DEBUG:colcon.colcon_core.shell:Skip shell extension 'dsv' for command environment
[4.643s] DEBUG:colcon.colcon_core.event_handler.log_command:Invoked command in '/home/mikks/ros2_px4_ws/build/example_mode_manual_cpp' returned '0': AMENT_PREFIX_PATH=/home/mikks/ros2_px4_ws/install/px4_ros2_cpp:/home/mikks/ros2_px4_ws/install/px4_msgs:${AMENT_PREFIX_PATH} CMAKE_PREFIX_PATH=/home/mikks/ros2_px4_ws/install/px4_ros2_cpp:/home/mikks/ros2_px4_ws/install/px4_msgs:/home/mikks/crazyflie_mapping_demo/ros2_ws/install/crazyflie_ros2_multiranger_bringup:/home/mikks/crazyflie_mapping_demo/ros2_ws/install/ros_gz_crazyflie_bringup:/home/mikks/crazyflie_mapping_demo/ros2_ws/install/ros_gz_crazyflie_gazebo:/home/mikks/crazyflie_mapping_demo/ros2_ws/install/crazyflie_sim:/home/mikks/crazyflie_mapping_demo/ros2_ws/install/crazyflie_examples:/home/mikks/crazyflie_mapping_demo/ros2_ws/install/crazyflie:/home/mikks/crazyflie_mapping_demo/ros2_ws/install/crazyflie_interfaces:/opt/ros/jazzy/opt/gz_sim_vendor:/opt/ros/jazzy/opt/gz_sensors_vendor:/opt/ros/jazzy/opt/gz_physics_vendor:/opt/ros/jazzy/opt/sdformat_vendor:/opt/ros/jazzy/opt/gz_gui_vendor:/opt/ros/jazzy/opt/gz_transport_vendor:/opt/ros/jazzy/opt/gz_rendering_vendor:/opt/ros/jazzy/opt/gz_plugin_vendor:/opt/ros/jazzy/opt/gz_fuel_tools_vendor:/opt/ros/jazzy/opt/gz_msgs_vendor:/opt/ros/jazzy/opt/gz_common_vendor:/opt/ros/jazzy/opt/gz_math_vendor:/opt/ros/jazzy/opt/gz_utils_vendor:/opt/ros/jazzy/opt/gz_tools_vendor:/opt/ros/jazzy/opt/gz_ogre_next_vendor:/opt/ros/jazzy/opt/gz_dartsim_vendor:/opt/ros/jazzy/opt/gz_cmake_vendor:/home/mikks/ros2_ws/install/rover_desc_description:/home/mikks/ros2_ws/install/px4_actuator_ctrl:/home/mikks/ros2_ws/install/mine_rover_description:/home/mikks/ros2_ws/install/ZerionURDFV5cp_description:/home/mikks/crazyflie_mapping_demo/ros2_ws/install/velocity_free_consensus:/home/mikks/crazyflie_mapping_demo/ros2_ws/install/stepwise_lowpos:/home/mikks/crazyflie_mapping_demo/ros2_ws/install/step_wise_lowpos:/home/mikks/crazyflie_mapping_demo/ros2_ws/install/second_order_formation_control:/home/mikks/crazyflie_mapping_demo/ros2_ws/install/ros_gz_crazyflie_control:/home/mikks/crazyflie_mapping_demo/ros2_ws/install/mixed_fractional_consensus:/home/mikks/crazyflie_mapping_demo/ros2_ws/install/lowest_pos:/home/mikks/crazyflie_mapping_demo/ros2_ws/install/linear_consensus:/home/mikks/crazyflie_mapping_demo/ros2_ws/install/highest_pos:/home/mikks/crazyflie_mapping_demo/ros2_ws/install/fractional_consensus_alpha:/home/mikks/crazyflie_mapping_demo/ros2_ws/install/event_triggered_swarm:/home/mikks/crazyflie_mapping_demo/ros2_ws/install/drone_logger:/home/mikks/crazyflie_mapping_demo/ros2_ws/install/distributed_average_tracking:/home/mikks/crazyflie_mapping_demo/ros2_ws/install/crazyflie_swarm_logic:/home/mikks/crazyflie_mapping_demo/ros2_ws/install/crazyflie_ros2_multiranger_wall_following:/home/mikks/crazyflie_mapping_demo/ros2_ws/install/crazyflie_ros2_multiranger_simple_mapper:/home/mikks/crazyflie_mapping_demo/ros2_ws/install/crazyflie_py:/home/mikks/crazyflie_mapping_demo/ros2_ws/install/cooperative_target_centric_formation:/home/mikks/crazyflie_mapping_demo/ros2_ws/install/containment_using_agent_information:/home/mikks/crazyflie_mapping_demo/ros2_ws/install/consensus_for_double_integrator:/home/mikks/crazyflie_mapping_demo/ros2_ws/install/consensus_alignment:/home/mikks/crazyflie_mapping_demo/ros2_ws/install/binary_consensus:/home/mikks/crazyflie_mapping_demo/ros2_ws/install/Second_Order_Min_Consensus_for_Heterogeneous_Agents:/home/mikks/crazyflie_mapping_demo/ros2_ws/install/BinaryContainmentChain:/opt/ros/jazzy DEBUGINFOD_URLS=https://debuginfod.ubuntu.com LD_LIBRARY_PATH=/home/mikks/ros2_px4_ws/install/px4_ros2_cpp/lib:/home/mikks/ros2_px4_ws/install/px4_msgs/lib:${LD_LIBRARY_PATH} PYTHONPATH=/home/mikks/ros2_px4_ws/install/px4_msgs/lib/python3.12/site-packages:${PYTHONPATH} /usr/bin/cmake --build /home/mikks/ros2_px4_ws/build/example_mode_manual_cpp -- -j12 -l12
[4.644s] DEBUG:colcon.colcon_core.event_handler.log_command:Invoking command in '/home/mikks/ros2_px4_ws/build/example_mode_manual_cpp': AMENT_PREFIX_PATH=/home/mikks/ros2_px4_ws/install/px4_ros2_cpp:/home/mikks/ros2_px4_ws/install/px4_msgs:${AMENT_PREFIX_PATH} CMAKE_PREFIX_PATH=/home/mikks/ros2_px4_ws/install/px4_ros2_cpp:/home/mikks/ros2_px4_ws/install/px4_msgs:/home/mikks/crazyflie_mapping_demo/ros2_ws/install/crazyflie_ros2_multiranger_bringup:/home/mikks/crazyflie_mapping_demo/ros2_ws/install/ros_gz_crazyflie_bringup:/home/mikks/crazyflie_mapping_demo/ros2_ws/install/ros_gz_crazyflie_gazebo:/home/mikks/crazyflie_mapping_demo/ros2_ws/install/crazyflie_sim:/home/mikks/crazyflie_mapping_demo/ros2_ws/install/crazyflie_examples:/home/mikks/crazyflie_mapping_demo/ros2_ws/install/crazyflie:/home/mikks/crazyflie_mapping_demo/ros2_ws/install/crazyflie_interfaces:/opt/ros/jazzy/opt/gz_sim_vendor:/opt/ros/jazzy/opt/gz_sensors_vendor:/opt/ros/jazzy/opt/gz_physics_vendor:/opt/ros/jazzy/opt/sdformat_vendor:/opt/ros/jazzy/opt/gz_gui_vendor:/opt/ros/jazzy/opt/gz_transport_vendor:/opt/ros/jazzy/opt/gz_rendering_vendor:/opt/ros/jazzy/opt/gz_plugin_vendor:/opt/ros/jazzy/opt/gz_fuel_tools_vendor:/opt/ros/jazzy/opt/gz_msgs_vendor:/opt/ros/jazzy/opt/gz_common_vendor:/opt/ros/jazzy/opt/gz_math_vendor:/opt/ros/jazzy/opt/gz_utils_vendor:/opt/ros/jazzy/opt/gz_tools_vendor:/opt/ros/jazzy/opt/gz_ogre_next_vendor:/opt/ros/jazzy/opt/gz_dartsim_vendor:/opt/ros/jazzy/opt/gz_cmake_vendor:/home/mikks/ros2_ws/install/rover_desc_description:/home/mikks/ros2_ws/install/px4_actuator_ctrl:/home/mikks/ros2_ws/install/mine_rover_description:/home/mikks/ros2_ws/install/ZerionURDFV5cp_description:/home/mikks/crazyflie_mapping_demo/ros2_ws/install/velocity_free_consensus:/home/mikks/crazyflie_mapping_demo/ros2_ws/install/stepwise_lowpos:/home/mikks/crazyflie_mapping_demo/ros2_ws/install/step_wise_lowpos:/home/mikks/crazyflie_mapping_demo/ros2_ws/install/second_order_formation_control:/home/mikks/crazyflie_mapping_demo/ros2_ws/install/ros_gz_crazyflie_control:/home/mikks/crazyflie_mapping_demo/ros2_ws/install/mixed_fractional_consensus:/home/mikks/crazyflie_mapping_demo/ros2_ws/install/lowest_pos:/home/mikks/crazyflie_mapping_demo/ros2_ws/install/linear_consensus:/home/mikks/crazyflie_mapping_demo/ros2_ws/install/highest_pos:/home/mikks/crazyflie_mapping_demo/ros2_ws/install/fractional_consensus_alpha:/home/mikks/crazyflie_mapping_demo/ros2_ws/install/event_triggered_swarm:/home/mikks/crazyflie_mapping_demo/ros2_ws/install/drone_logger:/home/mikks/crazyflie_mapping_demo/ros2_ws/install/distributed_average_tracking:/home/mikks/crazyflie_mapping_demo/ros2_ws/install/crazyflie_swarm_logic:/home/mikks/crazyflie_mapping_demo/ros2_ws/install/crazyflie_ros2_multiranger_wall_following:/home/mikks/crazyflie_mapping_demo/ros2_ws/install/crazyflie_ros2_multiranger_simple_mapper:/home/mikks/crazyflie_mapping_demo/ros2_ws/install/crazyflie_py:/home/mikks/crazyflie_mapping_demo/ros2_ws/install/cooperative_target_centric_formation:/home/mikks/crazyflie_mapping_demo/ros2_ws/install/containment_using_agent_information:/home/mikks/crazyflie_mapping_demo/ros2_ws/install/consensus_for_double_integrator:/home/mikks/crazyflie_mapping_demo/ros2_ws/install/consensus_alignment:/home/mikks/crazyflie_mapping_demo/ros2_ws/install/binary_consensus:/home/mikks/crazyflie_mapping_demo/ros2_ws/install/Second_Order_Min_Consensus_for_Heterogeneous_Agents:/home/mikks/crazyflie_mapping_demo/ros2_ws/install/BinaryContainmentChain:/opt/ros/jazzy DEBUGINFOD_URLS=https://debuginfod.ubuntu.com LD_LIBRARY_PATH=/home/mikks/ros2_px4_ws/install/px4_ros2_cpp/lib:/home/mikks/ros2_px4_ws/install/px4_msgs/lib:${LD_LIBRARY_PATH} PYTHONPATH=/home/mikks/ros2_px4_ws/install/px4_msgs/lib/python3.12/site-packages:${PYTHONPATH} /usr/bin/cmake --install /home/mikks/ros2_px4_ws/build/example_mode_manual_cpp
[4.645s] DEBUG:colcon.colcon_core.event_handler.log_command:Invoked command in '/home/mikks/ros2_px4_ws/build/example_mode_mission_cpp' returned '0': AMENT_PREFIX_PATH=/home/mikks/ros2_px4_ws/install/px4_ros2_cpp:/home/mikks/ros2_px4_ws/install/px4_msgs:${AMENT_PREFIX_PATH} CMAKE_PREFIX_PATH=/home/mikks/ros2_px4_ws/install/px4_ros2_cpp:/home/mikks/ros2_px4_ws/install/px4_msgs:/home/mikks/crazyflie_mapping_demo/ros2_ws/install/crazyflie_ros2_multiranger_bringup:/home/mikks/crazyflie_mapping_demo/ros2_ws/install/ros_gz_crazyflie_bringup:/home/mikks/crazyflie_mapping_demo/ros2_ws/install/ros_gz_crazyflie_gazebo:/home/mikks/crazyflie_mapping_demo/ros2_ws/install/crazyflie_sim:/home/mikks/crazyflie_mapping_demo/ros2_ws/install/crazyflie_examples:/home/mikks/crazyflie_mapping_demo/ros2_ws/install/crazyflie:/home/mikks/crazyflie_mapping_demo/ros2_ws/install/crazyflie_interfaces:/opt/ros/jazzy/opt/gz_sim_vendor:/opt/ros/jazzy/opt/gz_sensors_vendor:/opt/ros/jazzy/opt/gz_physics_vendor:/opt/ros/jazzy/opt/sdformat_vendor:/opt/ros/jazzy/opt/gz_gui_vendor:/opt/ros/jazzy/opt/gz_transport_vendor:/opt/ros/jazzy/opt/gz_rendering_vendor:/opt/ros/jazzy/opt/gz_plugin_vendor:/opt/ros/jazzy/opt/gz_fuel_tools_vendor:/opt/ros/jazzy/opt/gz_msgs_vendor:/opt/ros/jazzy/opt/gz_common_vendor:/opt/ros/jazzy/opt/gz_math_vendor:/opt/ros/jazzy/opt/gz_utils_vendor:/opt/ros/jazzy/opt/gz_tools_vendor:/opt/ros/jazzy/opt/gz_ogre_next_vendor:/opt/ros/jazzy/opt/gz_dartsim_vendor:/opt/ros/jazzy/opt/gz_cmake_vendor:/home/mikks/ros2_ws/install/rover_desc_description:/home/mikks/ros2_ws/install/px4_actuator_ctrl:/home/mikks/ros2_ws/install/mine_rover_description:/home/mikks/ros2_ws/install/ZerionURDFV5cp_description:/home/mikks/crazyflie_mapping_demo/ros2_ws/install/velocity_free_consensus:/home/mikks/crazyflie_mapping_demo/ros2_ws/install/stepwise_lowpos:/home/mikks/crazyflie_mapping_demo/ros2_ws/install/step_wise_lowpos:/home/mikks/crazyflie_mapping_demo/ros2_ws/install/second_order_formation_control:/home/mikks/crazyflie_mapping_demo/ros2_ws/install/ros_gz_crazyflie_control:/home/mikks/crazyflie_mapping_demo/ros2_ws/install/mixed_fractional_consensus:/home/mikks/crazyflie_mapping_demo/ros2_ws/install/lowest_pos:/home/mikks/crazyflie_mapping_demo/ros2_ws/install/linear_consensus:/home/mikks/crazyflie_mapping_demo/ros2_ws/install/highest_pos:/home/mikks/crazyflie_mapping_demo/ros2_ws/install/fractional_consensus_alpha:/home/mikks/crazyflie_mapping_demo/ros2_ws/install/event_triggered_swarm:/home/mikks/crazyflie_mapping_demo/ros2_ws/install/drone_logger:/home/mikks/crazyflie_mapping_demo/ros2_ws/install/distributed_average_tracking:/home/mikks/crazyflie_mapping_demo/ros2_ws/install/crazyflie_swarm_logic:/home/mikks/crazyflie_mapping_demo/ros2_ws/install/crazyflie_ros2_multiranger_wall_following:/home/mikks/crazyflie_mapping_demo/ros2_ws/install/crazyflie_ros2_multiranger_simple_mapper:/home/mikks/crazyflie_mapping_demo/ros2_ws/install/crazyflie_py:/home/mikks/crazyflie_mapping_demo/ros2_ws/install/cooperative_target_centric_formation:/home/mikks/crazyflie_mapping_demo/ros2_ws/install/containment_using_agent_information:/home/mikks/crazyflie_mapping_demo/ros2_ws/install/consensus_for_double_integrator:/home/mikks/crazyflie_mapping_demo/ros2_ws/install/consensus_alignment:/home/mikks/crazyflie_mapping_demo/ros2_ws/install/binary_consensus:/home/mikks/crazyflie_mapping_demo/ros2_ws/install/Second_Order_Min_Consensus_for_Heterogeneous_Agents:/home/mikks/crazyflie_mapping_demo/ros2_ws/install/BinaryContainmentChain:/opt/ros/jazzy DEBUGINFOD_URLS=https://debuginfod.ubuntu.com LD_LIBRARY_PATH=/home/mikks/ros2_px4_ws/install/px4_ros2_cpp/lib:/home/mikks/ros2_px4_ws/install/px4_msgs/lib:${LD_LIBRARY_PATH} PYTHONPATH=/home/mikks/ros2_px4_ws/install/px4_msgs/lib/python3.12/site-packages:${PYTHONPATH} /usr/bin/cmake --build /home/mikks/ros2_px4_ws/build/example_mode_mission_cpp -- -j12 -l12
[4.647s] DEBUG:colcon.colcon_core.event_handler.log_command:Invoking command in '/home/mikks/ros2_px4_ws/build/example_mode_mission_cpp': AMENT_PREFIX_PATH=/home/mikks/ros2_px4_ws/install/px4_ros2_cpp:/home/mikks/ros2_px4_ws/install/px4_msgs:${AMENT_PREFIX_PATH} CMAKE_PREFIX_PATH=/home/mikks/ros2_px4_ws/install/px4_ros2_cpp:/home/mikks/ros2_px4_ws/install/px4_msgs:/home/mikks/crazyflie_mapping_demo/ros2_ws/install/crazyflie_ros2_multiranger_bringup:/home/mikks/crazyflie_mapping_demo/ros2_ws/install/ros_gz_crazyflie_bringup:/home/mikks/crazyflie_mapping_demo/ros2_ws/install/ros_gz_crazyflie_gazebo:/home/mikks/crazyflie_mapping_demo/ros2_ws/install/crazyflie_sim:/home/mikks/crazyflie_mapping_demo/ros2_ws/install/crazyflie_examples:/home/mikks/crazyflie_mapping_demo/ros2_ws/install/crazyflie:/home/mikks/crazyflie_mapping_demo/ros2_ws/install/crazyflie_interfaces:/opt/ros/jazzy/opt/gz_sim_vendor:/opt/ros/jazzy/opt/gz_sensors_vendor:/opt/ros/jazzy/opt/gz_physics_vendor:/opt/ros/jazzy/opt/sdformat_vendor:/opt/ros/jazzy/opt/gz_gui_vendor:/opt/ros/jazzy/opt/gz_transport_vendor:/opt/ros/jazzy/opt/gz_rendering_vendor:/opt/ros/jazzy/opt/gz_plugin_vendor:/opt/ros/jazzy/opt/gz_fuel_tools_vendor:/opt/ros/jazzy/opt/gz_msgs_vendor:/opt/ros/jazzy/opt/gz_common_vendor:/opt/ros/jazzy/opt/gz_math_vendor:/opt/ros/jazzy/opt/gz_utils_vendor:/opt/ros/jazzy/opt/gz_tools_vendor:/opt/ros/jazzy/opt/gz_ogre_next_vendor:/opt/ros/jazzy/opt/gz_dartsim_vendor:/opt/ros/jazzy/opt/gz_cmake_vendor:/home/mikks/ros2_ws/install/rover_desc_description:/home/mikks/ros2_ws/install/px4_actuator_ctrl:/home/mikks/ros2_ws/install/mine_rover_description:/home/mikks/ros2_ws/install/ZerionURDFV5cp_description:/home/mikks/crazyflie_mapping_demo/ros2_ws/install/velocity_free_consensus:/home/mikks/crazyflie_mapping_demo/ros2_ws/install/stepwise_lowpos:/home/mikks/crazyflie_mapping_demo/ros2_ws/install/step_wise_lowpos:/home/mikks/crazyflie_mapping_demo/ros2_ws/install/second_order_formation_control:/home/mikks/crazyflie_mapping_demo/ros2_ws/install/ros_gz_crazyflie_control:/home/mikks/crazyflie_mapping_demo/ros2_ws/install/mixed_fractional_consensus:/home/mikks/crazyflie_mapping_demo/ros2_ws/install/lowest_pos:/home/mikks/crazyflie_mapping_demo/ros2_ws/install/linear_consensus:/home/mikks/crazyflie_mapping_demo/ros2_ws/install/highest_pos:/home/mikks/crazyflie_mapping_demo/ros2_ws/install/fractional_consensus_alpha:/home/mikks/crazyflie_mapping_demo/ros2_ws/install/event_triggered_swarm:/home/mikks/crazyflie_mapping_demo/ros2_ws/install/drone_logger:/home/mikks/crazyflie_mapping_demo/ros2_ws/install/distributed_average_tracking:/home/mikks/crazyflie_mapping_demo/ros2_ws/install/crazyflie_swarm_logic:/home/mikks/crazyflie_mapping_demo/ros2_ws/install/crazyflie_ros2_multiranger_wall_following:/home/mikks/crazyflie_mapping_demo/ros2_ws/install/crazyflie_ros2_multiranger_simple_mapper:/home/mikks/crazyflie_mapping_demo/ros2_ws/install/crazyflie_py:/home/mikks/crazyflie_mapping_demo/ros2_ws/install/cooperative_target_centric_formation:/home/mikks/crazyflie_mapping_demo/ros2_ws/install/containment_using_agent_information:/home/mikks/crazyflie_mapping_demo/ros2_ws/install/consensus_for_double_integrator:/home/mikks/crazyflie_mapping_demo/ros2_ws/install/consensus_alignment:/home/mikks/crazyflie_mapping_demo/ros2_ws/install/binary_consensus:/home/mikks/crazyflie_mapping_demo/ros2_ws/install/Second_Order_Min_Consensus_for_Heterogeneous_Agents:/home/mikks/crazyflie_mapping_demo/ros2_ws/install/BinaryContainmentChain:/opt/ros/jazzy DEBUGINFOD_URLS=https://debuginfod.ubuntu.com LD_LIBRARY_PATH=/home/mikks/ros2_px4_ws/install/px4_ros2_cpp/lib:/home/mikks/ros2_px4_ws/install/px4_msgs/lib:${LD_LIBRARY_PATH} PYTHONPATH=/home/mikks/ros2_px4_ws/install/px4_msgs/lib/python3.12/site-packages:${PYTHONPATH} /usr/bin/cmake --install /home/mikks/ros2_px4_ws/build/example_mode_mission_cpp
[4.647s] Level 1:colcon.colcon_core.environment:create_environment_scripts_only(example_mode_fw_attitude_cpp)
[4.648s] Level 1:colcon.colcon_core.environment:checking '/home/mikks/ros2_px4_ws/install/example_mode_fw_attitude_cpp' for CMake module files
[4.648s] DEBUG:colcon.colcon_core.event_handler.log_command:Invoked command in '/home/mikks/ros2_px4_ws/build/example_mode_fw_attitude_cpp' returned '0': AMENT_PREFIX_PATH=/home/mikks/ros2_px4_ws/install/px4_ros2_cpp:/home/mikks/ros2_px4_ws/install/px4_msgs:${AMENT_PREFIX_PATH} CMAKE_PREFIX_PATH=/home/mikks/ros2_px4_ws/install/px4_ros2_cpp:/home/mikks/ros2_px4_ws/install/px4_msgs:/home/mikks/crazyflie_mapping_demo/ros2_ws/install/crazyflie_ros2_multiranger_bringup:/home/mikks/crazyflie_mapping_demo/ros2_ws/install/ros_gz_crazyflie_bringup:/home/mikks/crazyflie_mapping_demo/ros2_ws/install/ros_gz_crazyflie_gazebo:/home/mikks/crazyflie_mapping_demo/ros2_ws/install/crazyflie_sim:/home/mikks/crazyflie_mapping_demo/ros2_ws/install/crazyflie_examples:/home/mikks/crazyflie_mapping_demo/ros2_ws/install/crazyflie:/home/mikks/crazyflie_mapping_demo/ros2_ws/install/crazyflie_interfaces:/opt/ros/jazzy/opt/gz_sim_vendor:/opt/ros/jazzy/opt/gz_sensors_vendor:/opt/ros/jazzy/opt/gz_physics_vendor:/opt/ros/jazzy/opt/sdformat_vendor:/opt/ros/jazzy/opt/gz_gui_vendor:/opt/ros/jazzy/opt/gz_transport_vendor:/opt/ros/jazzy/opt/gz_rendering_vendor:/opt/ros/jazzy/opt/gz_plugin_vendor:/opt/ros/jazzy/opt/gz_fuel_tools_vendor:/opt/ros/jazzy/opt/gz_msgs_vendor:/opt/ros/jazzy/opt/gz_common_vendor:/opt/ros/jazzy/opt/gz_math_vendor:/opt/ros/jazzy/opt/gz_utils_vendor:/opt/ros/jazzy/opt/gz_tools_vendor:/opt/ros/jazzy/opt/gz_ogre_next_vendor:/opt/ros/jazzy/opt/gz_dartsim_vendor:/opt/ros/jazzy/opt/gz_cmake_vendor:/home/mikks/ros2_ws/install/rover_desc_description:/home/mikks/ros2_ws/install/px4_actuator_ctrl:/home/mikks/ros2_ws/install/mine_rover_description:/home/mikks/ros2_ws/install/ZerionURDFV5cp_description:/home/mikks/crazyflie_mapping_demo/ros2_ws/install/velocity_free_consensus:/home/mikks/crazyflie_mapping_demo/ros2_ws/install/stepwise_lowpos:/home/mikks/crazyflie_mapping_demo/ros2_ws/install/step_wise_lowpos:/home/mikks/crazyflie_mapping_demo/ros2_ws/install/second_order_formation_control:/home/mikks/crazyflie_mapping_demo/ros2_ws/install/ros_gz_crazyflie_control:/home/mikks/crazyflie_mapping_demo/ros2_ws/install/mixed_fractional_consensus:/home/mikks/crazyflie_mapping_demo/ros2_ws/install/lowest_pos:/home/mikks/crazyflie_mapping_demo/ros2_ws/install/linear_consensus:/home/mikks/crazyflie_mapping_demo/ros2_ws/install/highest_pos:/home/mikks/crazyflie_mapping_demo/ros2_ws/install/fractional_consensus_alpha:/home/mikks/crazyflie_mapping_demo/ros2_ws/install/event_triggered_swarm:/home/mikks/crazyflie_mapping_demo/ros2_ws/install/drone_logger:/home/mikks/crazyflie_mapping_demo/ros2_ws/install/distributed_average_tracking:/home/mikks/crazyflie_mapping_demo/ros2_ws/install/crazyflie_swarm_logic:/home/mikks/crazyflie_mapping_demo/ros2_ws/install/crazyflie_ros2_multiranger_wall_following:/home/mikks/crazyflie_mapping_demo/ros2_ws/install/crazyflie_ros2_multiranger_simple_mapper:/home/mikks/crazyflie_mapping_demo/ros2_ws/install/crazyflie_py:/home/mikks/crazyflie_mapping_demo/ros2_ws/install/cooperative_target_centric_formation:/home/mikks/crazyflie_mapping_demo/ros2_ws/install/containment_using_agent_information:/home/mikks/crazyflie_mapping_demo/ros2_ws/install/consensus_for_double_integrator:/home/mikks/crazyflie_mapping_demo/ros2_ws/install/consensus_alignment:/home/mikks/crazyflie_mapping_demo/ros2_ws/install/binary_consensus:/home/mikks/crazyflie_mapping_demo/ros2_ws/install/Second_Order_Min_Consensus_for_Heterogeneous_Agents:/home/mikks/crazyflie_mapping_demo/ros2_ws/install/BinaryContainmentChain:/opt/ros/jazzy DEBUGINFOD_URLS=https://debuginfod.ubuntu.com LD_LIBRARY_PATH=/home/mikks/ros2_px4_ws/install/px4_ros2_cpp/lib:/home/mikks/ros2_px4_ws/install/px4_msgs/lib:${LD_LIBRARY_PATH} PYTHONPATH=/home/mikks/ros2_px4_ws/install/px4_msgs/lib/python3.12/site-packages:${PYTHONPATH} /usr/bin/cmake --install /home/mikks/ros2_px4_ws/build/example_mode_fw_attitude_cpp
[4.649s] Level 1:colcon.colcon_core.environment:checking '/home/mikks/ros2_px4_ws/install/example_mode_fw_attitude_cpp' for CMake config files
[4.650s] Level 1:colcon.colcon_core.shell:create_environment_hook('example_mode_fw_attitude_cpp', 'cmake_prefix_path')
[4.650s] INFO:colcon.colcon_core.shell:Creating environment hook '/home/mikks/ros2_px4_ws/install/example_mode_fw_attitude_cpp/share/example_mode_fw_attitude_cpp/hook/cmake_prefix_path.ps1'
[4.651s] INFO:colcon.colcon_core.shell:Creating environment descriptor '/home/mikks/ros2_px4_ws/install/example_mode_fw_attitude_cpp/share/example_mode_fw_attitude_cpp/hook/cmake_prefix_path.dsv'
[4.651s] INFO:colcon.colcon_core.shell:Creating environment hook '/home/mikks/ros2_px4_ws/install/example_mode_fw_attitude_cpp/share/example_mode_fw_attitude_cpp/hook/cmake_prefix_path.sh'
[4.652s] Level 1:colcon.colcon_core.environment:checking '/home/mikks/ros2_px4_ws/install/example_mode_fw_attitude_cpp/lib'
[4.652s] Level 1:colcon.colcon_core.environment:checking '/home/mikks/ros2_px4_ws/install/example_mode_fw_attitude_cpp/bin'
[4.652s] Level 1:colcon.colcon_core.environment:checking '/home/mikks/ros2_px4_ws/install/example_mode_fw_attitude_cpp/lib/pkgconfig/example_mode_fw_attitude_cpp.pc'
[4.652s] Level 1:colcon.colcon_core.environment:checking '/home/mikks/ros2_px4_ws/install/example_mode_fw_attitude_cpp/lib/python3.12/site-packages'
[4.653s] Level 1:colcon.colcon_core.environment:checking '/home/mikks/ros2_px4_ws/install/example_mode_fw_attitude_cpp/bin'
[4.653s] INFO:colcon.colcon_core.shell:Creating package script '/home/mikks/ros2_px4_ws/install/example_mode_fw_attitude_cpp/share/example_mode_fw_attitude_cpp/package.ps1'
[4.654s] INFO:colcon.colcon_core.shell:Creating package descriptor '/home/mikks/ros2_px4_ws/install/example_mode_fw_attitude_cpp/share/example_mode_fw_attitude_cpp/package.dsv'
[4.654s] INFO:colcon.colcon_core.shell:Creating package script '/home/mikks/ros2_px4_ws/install/example_mode_fw_attitude_cpp/share/example_mode_fw_attitude_cpp/package.sh'
[4.655s] INFO:colcon.colcon_core.shell:Creating package script '/home/mikks/ros2_px4_ws/install/example_mode_fw_attitude_cpp/share/example_mode_fw_attitude_cpp/package.bash'
[4.655s] INFO:colcon.colcon_core.shell:Creating package script '/home/mikks/ros2_px4_ws/install/example_mode_fw_attitude_cpp/share/example_mode_fw_attitude_cpp/package.zsh'
[4.657s] Level 1:colcon.colcon_core.environment:create_file_with_runtime_dependencies(/home/mikks/ros2_px4_ws/install/example_mode_fw_attitude_cpp/share/colcon-core/packages/example_mode_fw_attitude_cpp)
[4.657s] Level 1:colcon.colcon_core.environment:create_environment_scripts_only(example_mode_fw_attitude_cpp)
[4.658s] Level 1:colcon.colcon_core.environment:checking '/home/mikks/ros2_px4_ws/install/example_mode_fw_attitude_cpp' for CMake module files
[4.658s] Level 1:colcon.colcon_core.environment:checking '/home/mikks/ros2_px4_ws/install/example_mode_fw_attitude_cpp' for CMake config files
[4.659s] Level 1:colcon.colcon_core.shell:create_environment_hook('example_mode_fw_attitude_cpp', 'cmake_prefix_path')
[4.659s] INFO:colcon.colcon_core.shell:Creating environment hook '/home/mikks/ros2_px4_ws/install/example_mode_fw_attitude_cpp/share/example_mode_fw_attitude_cpp/hook/cmake_prefix_path.ps1'
[4.659s] INFO:colcon.colcon_core.shell:Creating environment descriptor '/home/mikks/ros2_px4_ws/install/example_mode_fw_attitude_cpp/share/example_mode_fw_attitude_cpp/hook/cmake_prefix_path.dsv'
[4.660s] INFO:colcon.colcon_core.shell:Creating environment hook '/home/mikks/ros2_px4_ws/install/example_mode_fw_attitude_cpp/share/example_mode_fw_attitude_cpp/hook/cmake_prefix_path.sh'
[4.660s] Level 1:colcon.colcon_core.environment:checking '/home/mikks/ros2_px4_ws/install/example_mode_fw_attitude_cpp/lib'
[4.661s] Level 1:colcon.colcon_core.environment:checking '/home/mikks/ros2_px4_ws/install/example_mode_fw_attitude_cpp/bin'
[4.661s] Level 1:colcon.colcon_core.environment:checking '/home/mikks/ros2_px4_ws/install/example_mode_fw_attitude_cpp/lib/pkgconfig/example_mode_fw_attitude_cpp.pc'
[4.661s] Level 1:colcon.colcon_core.environment:checking '/home/mikks/ros2_px4_ws/install/example_mode_fw_attitude_cpp/lib/python3.12/site-packages'
[4.661s] Level 1:colcon.colcon_core.environment:checking '/home/mikks/ros2_px4_ws/install/example_mode_fw_attitude_cpp/bin'
[4.662s] INFO:colcon.colcon_core.shell:Creating package script '/home/mikks/ros2_px4_ws/install/example_mode_fw_attitude_cpp/share/example_mode_fw_attitude_cpp/package.ps1'
[4.662s] INFO:colcon.colcon_core.shell:Creating package descriptor '/home/mikks/ros2_px4_ws/install/example_mode_fw_attitude_cpp/share/example_mode_fw_attitude_cpp/package.dsv'
[4.663s] INFO:colcon.colcon_core.shell:Creating package script '/home/mikks/ros2_px4_ws/install/example_mode_fw_attitude_cpp/share/example_mode_fw_attitude_cpp/package.sh'
[4.663s] INFO:colcon.colcon_core.shell:Creating package script '/home/mikks/ros2_px4_ws/install/example_mode_fw_attitude_cpp/share/example_mode_fw_attitude_cpp/package.bash'
[4.664s] INFO:colcon.colcon_core.shell:Creating package script '/home/mikks/ros2_px4_ws/install/example_mode_fw_attitude_cpp/share/example_mode_fw_attitude_cpp/package.zsh'
[4.664s] Level 1:colcon.colcon_core.environment:create_file_with_runtime_dependencies(/home/mikks/ros2_px4_ws/install/example_mode_fw_attitude_cpp/share/colcon-core/packages/example_mode_fw_attitude_cpp)
[4.666s] DEBUG:colcon.colcon_core.event_handler.log_command:Invoked command in '/home/mikks/ros2_px4_ws/build/example_mode_rtl_replacement_cpp' returned '0': AMENT_PREFIX_PATH=/home/mikks/ros2_px4_ws/install/px4_ros2_cpp:/home/mikks/ros2_px4_ws/install/px4_msgs:${AMENT_PREFIX_PATH} CMAKE_PREFIX_PATH=/home/mikks/ros2_px4_ws/install/px4_ros2_cpp:/home/mikks/ros2_px4_ws/install/px4_msgs:/home/mikks/crazyflie_mapping_demo/ros2_ws/install/crazyflie_ros2_multiranger_bringup:/home/mikks/crazyflie_mapping_demo/ros2_ws/install/ros_gz_crazyflie_bringup:/home/mikks/crazyflie_mapping_demo/ros2_ws/install/ros_gz_crazyflie_gazebo:/home/mikks/crazyflie_mapping_demo/ros2_ws/install/crazyflie_sim:/home/mikks/crazyflie_mapping_demo/ros2_ws/install/crazyflie_examples:/home/mikks/crazyflie_mapping_demo/ros2_ws/install/crazyflie:/home/mikks/crazyflie_mapping_demo/ros2_ws/install/crazyflie_interfaces:/opt/ros/jazzy/opt/gz_sim_vendor:/opt/ros/jazzy/opt/gz_sensors_vendor:/opt/ros/jazzy/opt/gz_physics_vendor:/opt/ros/jazzy/opt/sdformat_vendor:/opt/ros/jazzy/opt/gz_gui_vendor:/opt/ros/jazzy/opt/gz_transport_vendor:/opt/ros/jazzy/opt/gz_rendering_vendor:/opt/ros/jazzy/opt/gz_plugin_vendor:/opt/ros/jazzy/opt/gz_fuel_tools_vendor:/opt/ros/jazzy/opt/gz_msgs_vendor:/opt/ros/jazzy/opt/gz_common_vendor:/opt/ros/jazzy/opt/gz_math_vendor:/opt/ros/jazzy/opt/gz_utils_vendor:/opt/ros/jazzy/opt/gz_tools_vendor:/opt/ros/jazzy/opt/gz_ogre_next_vendor:/opt/ros/jazzy/opt/gz_dartsim_vendor:/opt/ros/jazzy/opt/gz_cmake_vendor:/home/mikks/ros2_ws/install/rover_desc_description:/home/mikks/ros2_ws/install/px4_actuator_ctrl:/home/mikks/ros2_ws/install/mine_rover_description:/home/mikks/ros2_ws/install/ZerionURDFV5cp_description:/home/mikks/crazyflie_mapping_demo/ros2_ws/install/velocity_free_consensus:/home/mikks/crazyflie_mapping_demo/ros2_ws/install/stepwise_lowpos:/home/mikks/crazyflie_mapping_demo/ros2_ws/install/step_wise_lowpos:/home/mikks/crazyflie_mapping_demo/ros2_ws/install/second_order_formation_control:/home/mikks/crazyflie_mapping_demo/ros2_ws/install/ros_gz_crazyflie_control:/home/mikks/crazyflie_mapping_demo/ros2_ws/install/mixed_fractional_consensus:/home/mikks/crazyflie_mapping_demo/ros2_ws/install/lowest_pos:/home/mikks/crazyflie_mapping_demo/ros2_ws/install/linear_consensus:/home/mikks/crazyflie_mapping_demo/ros2_ws/install/highest_pos:/home/mikks/crazyflie_mapping_demo/ros2_ws/install/fractional_consensus_alpha:/home/mikks/crazyflie_mapping_demo/ros2_ws/install/event_triggered_swarm:/home/mikks/crazyflie_mapping_demo/ros2_ws/install/drone_logger:/home/mikks/crazyflie_mapping_demo/ros2_ws/install/distributed_average_tracking:/home/mikks/crazyflie_mapping_demo/ros2_ws/install/crazyflie_swarm_logic:/home/mikks/crazyflie_mapping_demo/ros2_ws/install/crazyflie_ros2_multiranger_wall_following:/home/mikks/crazyflie_mapping_demo/ros2_ws/install/crazyflie_ros2_multiranger_simple_mapper:/home/mikks/crazyflie_mapping_demo/ros2_ws/install/crazyflie_py:/home/mikks/crazyflie_mapping_demo/ros2_ws/install/cooperative_target_centric_formation:/home/mikks/crazyflie_mapping_demo/ros2_ws/install/containment_using_agent_information:/home/mikks/crazyflie_mapping_demo/ros2_ws/install/consensus_for_double_integrator:/home/mikks/crazyflie_mapping_demo/ros2_ws/install/consensus_alignment:/home/mikks/crazyflie_mapping_demo/ros2_ws/install/binary_consensus:/home/mikks/crazyflie_mapping_demo/ros2_ws/install/Second_Order_Min_Consensus_for_Heterogeneous_Agents:/home/mikks/crazyflie_mapping_demo/ros2_ws/install/BinaryContainmentChain:/opt/ros/jazzy DEBUGINFOD_URLS=https://debuginfod.ubuntu.com LD_LIBRARY_PATH=/home/mikks/ros2_px4_ws/install/px4_ros2_cpp/lib:/home/mikks/ros2_px4_ws/install/px4_msgs/lib:${LD_LIBRARY_PATH} PYTHONPATH=/home/mikks/ros2_px4_ws/install/px4_msgs/lib/python3.12/site-packages:${PYTHONPATH} /usr/bin/cmake --build /home/mikks/ros2_px4_ws/build/example_mode_rtl_replacement_cpp -- -j12 -l12
[4.667s] DEBUG:colcon.colcon_core.event_handler.log_command:Invoking command in '/home/mikks/ros2_px4_ws/build/example_mode_rtl_replacement_cpp': AMENT_PREFIX_PATH=/home/mikks/ros2_px4_ws/install/px4_ros2_cpp:/home/mikks/ros2_px4_ws/install/px4_msgs:${AMENT_PREFIX_PATH} CMAKE_PREFIX_PATH=/home/mikks/ros2_px4_ws/install/px4_ros2_cpp:/home/mikks/ros2_px4_ws/install/px4_msgs:/home/mikks/crazyflie_mapping_demo/ros2_ws/install/crazyflie_ros2_multiranger_bringup:/home/mikks/crazyflie_mapping_demo/ros2_ws/install/ros_gz_crazyflie_bringup:/home/mikks/crazyflie_mapping_demo/ros2_ws/install/ros_gz_crazyflie_gazebo:/home/mikks/crazyflie_mapping_demo/ros2_ws/install/crazyflie_sim:/home/mikks/crazyflie_mapping_demo/ros2_ws/install/crazyflie_examples:/home/mikks/crazyflie_mapping_demo/ros2_ws/install/crazyflie:/home/mikks/crazyflie_mapping_demo/ros2_ws/install/crazyflie_interfaces:/opt/ros/jazzy/opt/gz_sim_vendor:/opt/ros/jazzy/opt/gz_sensors_vendor:/opt/ros/jazzy/opt/gz_physics_vendor:/opt/ros/jazzy/opt/sdformat_vendor:/opt/ros/jazzy/opt/gz_gui_vendor:/opt/ros/jazzy/opt/gz_transport_vendor:/opt/ros/jazzy/opt/gz_rendering_vendor:/opt/ros/jazzy/opt/gz_plugin_vendor:/opt/ros/jazzy/opt/gz_fuel_tools_vendor:/opt/ros/jazzy/opt/gz_msgs_vendor:/opt/ros/jazzy/opt/gz_common_vendor:/opt/ros/jazzy/opt/gz_math_vendor:/opt/ros/jazzy/opt/gz_utils_vendor:/opt/ros/jazzy/opt/gz_tools_vendor:/opt/ros/jazzy/opt/gz_ogre_next_vendor:/opt/ros/jazzy/opt/gz_dartsim_vendor:/opt/ros/jazzy/opt/gz_cmake_vendor:/home/mikks/ros2_ws/install/rover_desc_description:/home/mikks/ros2_ws/install/px4_actuator_ctrl:/home/mikks/ros2_ws/install/mine_rover_description:/home/mikks/ros2_ws/install/ZerionURDFV5cp_description:/home/mikks/crazyflie_mapping_demo/ros2_ws/install/velocity_free_consensus:/home/mikks/crazyflie_mapping_demo/ros2_ws/install/stepwise_lowpos:/home/mikks/crazyflie_mapping_demo/ros2_ws/install/step_wise_lowpos:/home/mikks/crazyflie_mapping_demo/ros2_ws/install/second_order_formation_control:/home/mikks/crazyflie_mapping_demo/ros2_ws/install/ros_gz_crazyflie_control:/home/mikks/crazyflie_mapping_demo/ros2_ws/install/mixed_fractional_consensus:/home/mikks/crazyflie_mapping_demo/ros2_ws/install/lowest_pos:/home/mikks/crazyflie_mapping_demo/ros2_ws/install/linear_consensus:/home/mikks/crazyflie_mapping_demo/ros2_ws/install/highest_pos:/home/mikks/crazyflie_mapping_demo/ros2_ws/install/fractional_consensus_alpha:/home/mikks/crazyflie_mapping_demo/ros2_ws/install/event_triggered_swarm:/home/mikks/crazyflie_mapping_demo/ros2_ws/install/drone_logger:/home/mikks/crazyflie_mapping_demo/ros2_ws/install/distributed_average_tracking:/home/mikks/crazyflie_mapping_demo/ros2_ws/install/crazyflie_swarm_logic:/home/mikks/crazyflie_mapping_demo/ros2_ws/install/crazyflie_ros2_multiranger_wall_following:/home/mikks/crazyflie_mapping_demo/ros2_ws/install/crazyflie_ros2_multiranger_simple_mapper:/home/mikks/crazyflie_mapping_demo/ros2_ws/install/crazyflie_py:/home/mikks/crazyflie_mapping_demo/ros2_ws/install/cooperative_target_centric_formation:/home/mikks/crazyflie_mapping_demo/ros2_ws/install/containment_using_agent_information:/home/mikks/crazyflie_mapping_demo/ros2_ws/install/consensus_for_double_integrator:/home/mikks/crazyflie_mapping_demo/ros2_ws/install/consensus_alignment:/home/mikks/crazyflie_mapping_demo/ros2_ws/install/binary_consensus:/home/mikks/crazyflie_mapping_demo/ros2_ws/install/Second_Order_Min_Consensus_for_Heterogeneous_Agents:/home/mikks/crazyflie_mapping_demo/ros2_ws/install/BinaryContainmentChain:/opt/ros/jazzy DEBUGINFOD_URLS=https://debuginfod.ubuntu.com LD_LIBRARY_PATH=/home/mikks/ros2_px4_ws/install/px4_ros2_cpp/lib:/home/mikks/ros2_px4_ws/install/px4_msgs/lib:${LD_LIBRARY_PATH} PYTHONPATH=/home/mikks/ros2_px4_ws/install/px4_msgs/lib/python3.12/site-packages:${PYTHONPATH} /usr/bin/cmake --install /home/mikks/ros2_px4_ws/build/example_mode_rtl_replacement_cpp
[4.668s] INFO:colcon.colcon_ros.task.ament_cmake.build:Building ROS package in '/home/mikks/ros2_px4_ws/src/px4-ros2-interface-lib/examples/cpp/modes/rover_velocity' with build type 'ament_cmake'
[4.669s] INFO:colcon.colcon_cmake.task.cmake.build:Building CMake package in '/home/mikks/ros2_px4_ws/src/px4-ros2-interface-lib/examples/cpp/modes/rover_velocity'
[4.669s] INFO:colcon.colcon_core.shell:Skip shell extension 'powershell' for command environment: Not usable outside of PowerShell
[4.672s] DEBUG:colcon.colcon_core.shell:Skip shell extension 'dsv' for command environment
[4.695s] DEBUG:colcon.colcon_core.event_handler.log_command:Invoking command in '/home/mikks/ros2_px4_ws/build/example_mode_vtol_cpp': AMENT_PREFIX_PATH=/home/mikks/ros2_px4_ws/install/px4_ros2_cpp:/home/mikks/ros2_px4_ws/install/px4_msgs:${AMENT_PREFIX_PATH} CMAKE_PREFIX_PATH=/home/mikks/ros2_px4_ws/install/px4_ros2_cpp:/home/mikks/ros2_px4_ws/install/px4_msgs:/home/mikks/crazyflie_mapping_demo/ros2_ws/install/crazyflie_ros2_multiranger_bringup:/home/mikks/crazyflie_mapping_demo/ros2_ws/install/ros_gz_crazyflie_bringup:/home/mikks/crazyflie_mapping_demo/ros2_ws/install/ros_gz_crazyflie_gazebo:/home/mikks/crazyflie_mapping_demo/ros2_ws/install/crazyflie_sim:/home/mikks/crazyflie_mapping_demo/ros2_ws/install/crazyflie_examples:/home/mikks/crazyflie_mapping_demo/ros2_ws/install/crazyflie:/home/mikks/crazyflie_mapping_demo/ros2_ws/install/crazyflie_interfaces:/opt/ros/jazzy/opt/gz_sim_vendor:/opt/ros/jazzy/opt/gz_sensors_vendor:/opt/ros/jazzy/opt/gz_physics_vendor:/opt/ros/jazzy/opt/sdformat_vendor:/opt/ros/jazzy/opt/gz_gui_vendor:/opt/ros/jazzy/opt/gz_transport_vendor:/opt/ros/jazzy/opt/gz_rendering_vendor:/opt/ros/jazzy/opt/gz_plugin_vendor:/opt/ros/jazzy/opt/gz_fuel_tools_vendor:/opt/ros/jazzy/opt/gz_msgs_vendor:/opt/ros/jazzy/opt/gz_common_vendor:/opt/ros/jazzy/opt/gz_math_vendor:/opt/ros/jazzy/opt/gz_utils_vendor:/opt/ros/jazzy/opt/gz_tools_vendor:/opt/ros/jazzy/opt/gz_ogre_next_vendor:/opt/ros/jazzy/opt/gz_dartsim_vendor:/opt/ros/jazzy/opt/gz_cmake_vendor:/home/mikks/ros2_ws/install/rover_desc_description:/home/mikks/ros2_ws/install/px4_actuator_ctrl:/home/mikks/ros2_ws/install/mine_rover_description:/home/mikks/ros2_ws/install/ZerionURDFV5cp_description:/home/mikks/crazyflie_mapping_demo/ros2_ws/install/velocity_free_consensus:/home/mikks/crazyflie_mapping_demo/ros2_ws/install/stepwise_lowpos:/home/mikks/crazyflie_mapping_demo/ros2_ws/install/step_wise_lowpos:/home/mikks/crazyflie_mapping_demo/ros2_ws/install/second_order_formation_control:/home/mikks/crazyflie_mapping_demo/ros2_ws/install/ros_gz_crazyflie_control:/home/mikks/crazyflie_mapping_demo/ros2_ws/install/mixed_fractional_consensus:/home/mikks/crazyflie_mapping_demo/ros2_ws/install/lowest_pos:/home/mikks/crazyflie_mapping_demo/ros2_ws/install/linear_consensus:/home/mikks/crazyflie_mapping_demo/ros2_ws/install/highest_pos:/home/mikks/crazyflie_mapping_demo/ros2_ws/install/fractional_consensus_alpha:/home/mikks/crazyflie_mapping_demo/ros2_ws/install/event_triggered_swarm:/home/mikks/crazyflie_mapping_demo/ros2_ws/install/drone_logger:/home/mikks/crazyflie_mapping_demo/ros2_ws/install/distributed_average_tracking:/home/mikks/crazyflie_mapping_demo/ros2_ws/install/crazyflie_swarm_logic:/home/mikks/crazyflie_mapping_demo/ros2_ws/install/crazyflie_ros2_multiranger_wall_following:/home/mikks/crazyflie_mapping_demo/ros2_ws/install/crazyflie_ros2_multiranger_simple_mapper:/home/mikks/crazyflie_mapping_demo/ros2_ws/install/crazyflie_py:/home/mikks/crazyflie_mapping_demo/ros2_ws/install/cooperative_target_centric_formation:/home/mikks/crazyflie_mapping_demo/ros2_ws/install/containment_using_agent_information:/home/mikks/crazyflie_mapping_demo/ros2_ws/install/consensus_for_double_integrator:/home/mikks/crazyflie_mapping_demo/ros2_ws/install/consensus_alignment:/home/mikks/crazyflie_mapping_demo/ros2_ws/install/binary_consensus:/home/mikks/crazyflie_mapping_demo/ros2_ws/install/Second_Order_Min_Consensus_for_Heterogeneous_Agents:/home/mikks/crazyflie_mapping_demo/ros2_ws/install/BinaryContainmentChain:/opt/ros/jazzy DEBUGINFOD_URLS=https://debuginfod.ubuntu.com LD_LIBRARY_PATH=/home/mikks/ros2_px4_ws/install/px4_ros2_cpp/lib:/home/mikks/ros2_px4_ws/install/px4_msgs/lib:${LD_LIBRARY_PATH} PYTHONPATH=/home/mikks/ros2_px4_ws/install/px4_msgs/lib/python3.12/site-packages:${PYTHONPATH} /usr/bin/cmake --build /home/mikks/ros2_px4_ws/build/example_mode_vtol_cpp -- -j12 -l12
[4.695s] Level 1:colcon.colcon_core.environment:create_environment_scripts_only(example_mode_goto_cpp)
[4.696s] Level 1:colcon.colcon_core.environment:checking '/home/mikks/ros2_px4_ws/install/example_mode_goto_cpp' for CMake module files
[4.696s] Level 1:colcon.colcon_core.environment:checking '/home/mikks/ros2_px4_ws/install/example_mode_goto_cpp' for CMake config files
[4.697s] Level 1:colcon.colcon_core.shell:create_environment_hook('example_mode_goto_cpp', 'cmake_prefix_path')
[4.697s] INFO:colcon.colcon_core.shell:Creating environment hook '/home/mikks/ros2_px4_ws/install/example_mode_goto_cpp/share/example_mode_goto_cpp/hook/cmake_prefix_path.ps1'
[4.698s] INFO:colcon.colcon_core.shell:Creating environment descriptor '/home/mikks/ros2_px4_ws/install/example_mode_goto_cpp/share/example_mode_goto_cpp/hook/cmake_prefix_path.dsv'
[4.699s] DEBUG:colcon.colcon_core.event_handler.log_command:Invoked command in '/home/mikks/ros2_px4_ws/build/example_mode_goto_cpp' returned '0': AMENT_PREFIX_PATH=/home/mikks/ros2_px4_ws/install/px4_ros2_cpp:/home/mikks/ros2_px4_ws/install/px4_msgs:${AMENT_PREFIX_PATH} CMAKE_PREFIX_PATH=/home/mikks/ros2_px4_ws/install/px4_ros2_cpp:/home/mikks/ros2_px4_ws/install/px4_msgs:/home/mikks/crazyflie_mapping_demo/ros2_ws/install/crazyflie_ros2_multiranger_bringup:/home/mikks/crazyflie_mapping_demo/ros2_ws/install/ros_gz_crazyflie_bringup:/home/mikks/crazyflie_mapping_demo/ros2_ws/install/ros_gz_crazyflie_gazebo:/home/mikks/crazyflie_mapping_demo/ros2_ws/install/crazyflie_sim:/home/mikks/crazyflie_mapping_demo/ros2_ws/install/crazyflie_examples:/home/mikks/crazyflie_mapping_demo/ros2_ws/install/crazyflie:/home/mikks/crazyflie_mapping_demo/ros2_ws/install/crazyflie_interfaces:/opt/ros/jazzy/opt/gz_sim_vendor:/opt/ros/jazzy/opt/gz_sensors_vendor:/opt/ros/jazzy/opt/gz_physics_vendor:/opt/ros/jazzy/opt/sdformat_vendor:/opt/ros/jazzy/opt/gz_gui_vendor:/opt/ros/jazzy/opt/gz_transport_vendor:/opt/ros/jazzy/opt/gz_rendering_vendor:/opt/ros/jazzy/opt/gz_plugin_vendor:/opt/ros/jazzy/opt/gz_fuel_tools_vendor:/opt/ros/jazzy/opt/gz_msgs_vendor:/opt/ros/jazzy/opt/gz_common_vendor:/opt/ros/jazzy/opt/gz_math_vendor:/opt/ros/jazzy/opt/gz_utils_vendor:/opt/ros/jazzy/opt/gz_tools_vendor:/opt/ros/jazzy/opt/gz_ogre_next_vendor:/opt/ros/jazzy/opt/gz_dartsim_vendor:/opt/ros/jazzy/opt/gz_cmake_vendor:/home/mikks/ros2_ws/install/rover_desc_description:/home/mikks/ros2_ws/install/px4_actuator_ctrl:/home/mikks/ros2_ws/install/mine_rover_description:/home/mikks/ros2_ws/install/ZerionURDFV5cp_description:/home/mikks/crazyflie_mapping_demo/ros2_ws/install/velocity_free_consensus:/home/mikks/crazyflie_mapping_demo/ros2_ws/install/stepwise_lowpos:/home/mikks/crazyflie_mapping_demo/ros2_ws/install/step_wise_lowpos:/home/mikks/crazyflie_mapping_demo/ros2_ws/install/second_order_formation_control:/home/mikks/crazyflie_mapping_demo/ros2_ws/install/ros_gz_crazyflie_control:/home/mikks/crazyflie_mapping_demo/ros2_ws/install/mixed_fractional_consensus:/home/mikks/crazyflie_mapping_demo/ros2_ws/install/lowest_pos:/home/mikks/crazyflie_mapping_demo/ros2_ws/install/linear_consensus:/home/mikks/crazyflie_mapping_demo/ros2_ws/install/highest_pos:/home/mikks/crazyflie_mapping_demo/ros2_ws/install/fractional_consensus_alpha:/home/mikks/crazyflie_mapping_demo/ros2_ws/install/event_triggered_swarm:/home/mikks/crazyflie_mapping_demo/ros2_ws/install/drone_logger:/home/mikks/crazyflie_mapping_demo/ros2_ws/install/distributed_average_tracking:/home/mikks/crazyflie_mapping_demo/ros2_ws/install/crazyflie_swarm_logic:/home/mikks/crazyflie_mapping_demo/ros2_ws/install/crazyflie_ros2_multiranger_wall_following:/home/mikks/crazyflie_mapping_demo/ros2_ws/install/crazyflie_ros2_multiranger_simple_mapper:/home/mikks/crazyflie_mapping_demo/ros2_ws/install/crazyflie_py:/home/mikks/crazyflie_mapping_demo/ros2_ws/install/cooperative_target_centric_formation:/home/mikks/crazyflie_mapping_demo/ros2_ws/install/containment_using_agent_information:/home/mikks/crazyflie_mapping_demo/ros2_ws/install/consensus_for_double_integrator:/home/mikks/crazyflie_mapping_demo/ros2_ws/install/consensus_alignment:/home/mikks/crazyflie_mapping_demo/ros2_ws/install/binary_consensus:/home/mikks/crazyflie_mapping_demo/ros2_ws/install/Second_Order_Min_Consensus_for_Heterogeneous_Agents:/home/mikks/crazyflie_mapping_demo/ros2_ws/install/BinaryContainmentChain:/opt/ros/jazzy DEBUGINFOD_URLS=https://debuginfod.ubuntu.com LD_LIBRARY_PATH=/home/mikks/ros2_px4_ws/install/px4_ros2_cpp/lib:/home/mikks/ros2_px4_ws/install/px4_msgs/lib:${LD_LIBRARY_PATH} PYTHONPATH=/home/mikks/ros2_px4_ws/install/px4_msgs/lib/python3.12/site-packages:${PYTHONPATH} /usr/bin/cmake --install /home/mikks/ros2_px4_ws/build/example_mode_goto_cpp
[4.699s] INFO:colcon.colcon_core.shell:Creating environment hook '/home/mikks/ros2_px4_ws/install/example_mode_goto_cpp/share/example_mode_goto_cpp/hook/cmake_prefix_path.sh'
[4.700s] Level 1:colcon.colcon_core.environment:checking '/home/mikks/ros2_px4_ws/install/example_mode_goto_cpp/lib'
[4.701s] Level 1:colcon.colcon_core.environment:checking '/home/mikks/ros2_px4_ws/install/example_mode_goto_cpp/bin'
[4.701s] Level 1:colcon.colcon_core.environment:checking '/home/mikks/ros2_px4_ws/install/example_mode_goto_cpp/lib/pkgconfig/example_mode_goto_cpp.pc'
[4.701s] Level 1:colcon.colcon_core.environment:checking '/home/mikks/ros2_px4_ws/install/example_mode_goto_cpp/lib/python3.12/site-packages'
[4.701s] Level 1:colcon.colcon_core.environment:checking '/home/mikks/ros2_px4_ws/install/example_mode_goto_cpp/bin'
[4.702s] INFO:colcon.colcon_core.shell:Creating package script '/home/mikks/ros2_px4_ws/install/example_mode_goto_cpp/share/example_mode_goto_cpp/package.ps1'
[4.702s] INFO:colcon.colcon_core.shell:Creating package descriptor '/home/mikks/ros2_px4_ws/install/example_mode_goto_cpp/share/example_mode_goto_cpp/package.dsv'
[4.703s] INFO:colcon.colcon_core.shell:Creating package script '/home/mikks/ros2_px4_ws/install/example_mode_goto_cpp/share/example_mode_goto_cpp/package.sh'
[4.703s] INFO:colcon.colcon_core.shell:Creating package script '/home/mikks/ros2_px4_ws/install/example_mode_goto_cpp/share/example_mode_goto_cpp/package.bash'
[4.704s] INFO:colcon.colcon_core.shell:Creating package script '/home/mikks/ros2_px4_ws/install/example_mode_goto_cpp/share/example_mode_goto_cpp/package.zsh'
[4.704s] Level 1:colcon.colcon_core.environment:create_file_with_runtime_dependencies(/home/mikks/ros2_px4_ws/install/example_mode_goto_cpp/share/colcon-core/packages/example_mode_goto_cpp)
[4.705s] Level 1:colcon.colcon_core.environment:create_environment_scripts_only(example_mode_goto_cpp)
[4.705s] Level 1:colcon.colcon_core.environment:checking '/home/mikks/ros2_px4_ws/install/example_mode_goto_cpp' for CMake module files
[4.706s] Level 1:colcon.colcon_core.environment:checking '/home/mikks/ros2_px4_ws/install/example_mode_goto_cpp' for CMake config files
[4.707s] Level 1:colcon.colcon_core.shell:create_environment_hook('example_mode_goto_cpp', 'cmake_prefix_path')
[4.707s] INFO:colcon.colcon_core.shell:Creating environment hook '/home/mikks/ros2_px4_ws/install/example_mode_goto_cpp/share/example_mode_goto_cpp/hook/cmake_prefix_path.ps1'
[4.708s] INFO:colcon.colcon_core.shell:Creating environment descriptor '/home/mikks/ros2_px4_ws/install/example_mode_goto_cpp/share/example_mode_goto_cpp/hook/cmake_prefix_path.dsv'
[4.708s] INFO:colcon.colcon_core.shell:Creating environment hook '/home/mikks/ros2_px4_ws/install/example_mode_goto_cpp/share/example_mode_goto_cpp/hook/cmake_prefix_path.sh'
[4.709s] Level 1:colcon.colcon_core.environment:checking '/home/mikks/ros2_px4_ws/install/example_mode_goto_cpp/lib'
[4.709s] Level 1:colcon.colcon_core.environment:checking '/home/mikks/ros2_px4_ws/install/example_mode_goto_cpp/bin'
[4.709s] Level 1:colcon.colcon_core.environment:checking '/home/mikks/ros2_px4_ws/install/example_mode_goto_cpp/lib/pkgconfig/example_mode_goto_cpp.pc'
[4.709s] Level 1:colcon.colcon_core.environment:checking '/home/mikks/ros2_px4_ws/install/example_mode_goto_cpp/lib/python3.12/site-packages'
[4.710s] Level 1:colcon.colcon_core.environment:checking '/home/mikks/ros2_px4_ws/install/example_mode_goto_cpp/bin'
[4.710s] INFO:colcon.colcon_core.shell:Creating package script '/home/mikks/ros2_px4_ws/install/example_mode_goto_cpp/share/example_mode_goto_cpp/package.ps1'
[4.711s] INFO:colcon.colcon_core.shell:Creating package descriptor '/home/mikks/ros2_px4_ws/install/example_mode_goto_cpp/share/example_mode_goto_cpp/package.dsv'
[4.711s] INFO:colcon.colcon_core.shell:Creating package script '/home/mikks/ros2_px4_ws/install/example_mode_goto_cpp/share/example_mode_goto_cpp/package.sh'
[4.712s] INFO:colcon.colcon_core.shell:Creating package script '/home/mikks/ros2_px4_ws/install/example_mode_goto_cpp/share/example_mode_goto_cpp/package.bash'
[4.713s] INFO:colcon.colcon_core.shell:Creating package script '/home/mikks/ros2_px4_ws/install/example_mode_goto_cpp/share/example_mode_goto_cpp/package.zsh'
[4.713s] Level 1:colcon.colcon_core.environment:create_file_with_runtime_dependencies(/home/mikks/ros2_px4_ws/install/example_mode_goto_cpp/share/colcon-core/packages/example_mode_goto_cpp)
[4.714s] Level 1:colcon.colcon_core.environment:create_environment_scripts_only(example_mode_goto_global_cpp)
[4.715s] Level 1:colcon.colcon_core.environment:checking '/home/mikks/ros2_px4_ws/install/example_mode_goto_global_cpp' for CMake module files
[4.715s] DEBUG:colcon.colcon_core.event_handler.log_command:Invoked command in '/home/mikks/ros2_px4_ws/build/example_mode_goto_global_cpp' returned '0': AMENT_PREFIX_PATH=/home/mikks/ros2_px4_ws/install/px4_ros2_cpp:/home/mikks/ros2_px4_ws/install/px4_msgs:${AMENT_PREFIX_PATH} CMAKE_PREFIX_PATH=/home/mikks/ros2_px4_ws/install/px4_ros2_cpp:/home/mikks/ros2_px4_ws/install/px4_msgs:/home/mikks/crazyflie_mapping_demo/ros2_ws/install/crazyflie_ros2_multiranger_bringup:/home/mikks/crazyflie_mapping_demo/ros2_ws/install/ros_gz_crazyflie_bringup:/home/mikks/crazyflie_mapping_demo/ros2_ws/install/ros_gz_crazyflie_gazebo:/home/mikks/crazyflie_mapping_demo/ros2_ws/install/crazyflie_sim:/home/mikks/crazyflie_mapping_demo/ros2_ws/install/crazyflie_examples:/home/mikks/crazyflie_mapping_demo/ros2_ws/install/crazyflie:/home/mikks/crazyflie_mapping_demo/ros2_ws/install/crazyflie_interfaces:/opt/ros/jazzy/opt/gz_sim_vendor:/opt/ros/jazzy/opt/gz_sensors_vendor:/opt/ros/jazzy/opt/gz_physics_vendor:/opt/ros/jazzy/opt/sdformat_vendor:/opt/ros/jazzy/opt/gz_gui_vendor:/opt/ros/jazzy/opt/gz_transport_vendor:/opt/ros/jazzy/opt/gz_rendering_vendor:/opt/ros/jazzy/opt/gz_plugin_vendor:/opt/ros/jazzy/opt/gz_fuel_tools_vendor:/opt/ros/jazzy/opt/gz_msgs_vendor:/opt/ros/jazzy/opt/gz_common_vendor:/opt/ros/jazzy/opt/gz_math_vendor:/opt/ros/jazzy/opt/gz_utils_vendor:/opt/ros/jazzy/opt/gz_tools_vendor:/opt/ros/jazzy/opt/gz_ogre_next_vendor:/opt/ros/jazzy/opt/gz_dartsim_vendor:/opt/ros/jazzy/opt/gz_cmake_vendor:/home/mikks/ros2_ws/install/rover_desc_description:/home/mikks/ros2_ws/install/px4_actuator_ctrl:/home/mikks/ros2_ws/install/mine_rover_description:/home/mikks/ros2_ws/install/ZerionURDFV5cp_description:/home/mikks/crazyflie_mapping_demo/ros2_ws/install/velocity_free_consensus:/home/mikks/crazyflie_mapping_demo/ros2_ws/install/stepwise_lowpos:/home/mikks/crazyflie_mapping_demo/ros2_ws/install/step_wise_lowpos:/home/mikks/crazyflie_mapping_demo/ros2_ws/install/second_order_formation_control:/home/mikks/crazyflie_mapping_demo/ros2_ws/install/ros_gz_crazyflie_control:/home/mikks/crazyflie_mapping_demo/ros2_ws/install/mixed_fractional_consensus:/home/mikks/crazyflie_mapping_demo/ros2_ws/install/lowest_pos:/home/mikks/crazyflie_mapping_demo/ros2_ws/install/linear_consensus:/home/mikks/crazyflie_mapping_demo/ros2_ws/install/highest_pos:/home/mikks/crazyflie_mapping_demo/ros2_ws/install/fractional_consensus_alpha:/home/mikks/crazyflie_mapping_demo/ros2_ws/install/event_triggered_swarm:/home/mikks/crazyflie_mapping_demo/ros2_ws/install/drone_logger:/home/mikks/crazyflie_mapping_demo/ros2_ws/install/distributed_average_tracking:/home/mikks/crazyflie_mapping_demo/ros2_ws/install/crazyflie_swarm_logic:/home/mikks/crazyflie_mapping_demo/ros2_ws/install/crazyflie_ros2_multiranger_wall_following:/home/mikks/crazyflie_mapping_demo/ros2_ws/install/crazyflie_ros2_multiranger_simple_mapper:/home/mikks/crazyflie_mapping_demo/ros2_ws/install/crazyflie_py:/home/mikks/crazyflie_mapping_demo/ros2_ws/install/cooperative_target_centric_formation:/home/mikks/crazyflie_mapping_demo/ros2_ws/install/containment_using_agent_information:/home/mikks/crazyflie_mapping_demo/ros2_ws/install/consensus_for_double_integrator:/home/mikks/crazyflie_mapping_demo/ros2_ws/install/consensus_alignment:/home/mikks/crazyflie_mapping_demo/ros2_ws/install/binary_consensus:/home/mikks/crazyflie_mapping_demo/ros2_ws/install/Second_Order_Min_Consensus_for_Heterogeneous_Agents:/home/mikks/crazyflie_mapping_demo/ros2_ws/install/BinaryContainmentChain:/opt/ros/jazzy DEBUGINFOD_URLS=https://debuginfod.ubuntu.com LD_LIBRARY_PATH=/home/mikks/ros2_px4_ws/install/px4_ros2_cpp/lib:/home/mikks/ros2_px4_ws/install/px4_msgs/lib:${LD_LIBRARY_PATH} PYTHONPATH=/home/mikks/ros2_px4_ws/install/px4_msgs/lib/python3.12/site-packages:${PYTHONPATH} /usr/bin/cmake --install /home/mikks/ros2_px4_ws/build/example_mode_goto_global_cpp
[4.716s] Level 1:colcon.colcon_core.environment:checking '/home/mikks/ros2_px4_ws/install/example_mode_goto_global_cpp' for CMake config files
[4.716s] Level 1:colcon.colcon_core.shell:create_environment_hook('example_mode_goto_global_cpp', 'cmake_prefix_path')
[4.717s] INFO:colcon.colcon_core.shell:Creating environment hook '/home/mikks/ros2_px4_ws/install/example_mode_goto_global_cpp/share/example_mode_goto_global_cpp/hook/cmake_prefix_path.ps1'
[4.718s] INFO:colcon.colcon_core.shell:Creating environment descriptor '/home/mikks/ros2_px4_ws/install/example_mode_goto_global_cpp/share/example_mode_goto_global_cpp/hook/cmake_prefix_path.dsv'
[4.718s] INFO:colcon.colcon_core.shell:Creating environment hook '/home/mikks/ros2_px4_ws/install/example_mode_goto_global_cpp/share/example_mode_goto_global_cpp/hook/cmake_prefix_path.sh'
[4.719s] Level 1:colcon.colcon_core.environment:checking '/home/mikks/ros2_px4_ws/install/example_mode_goto_global_cpp/lib'
[4.719s] Level 1:colcon.colcon_core.environment:checking '/home/mikks/ros2_px4_ws/install/example_mode_goto_global_cpp/bin'
[4.719s] Level 1:colcon.colcon_core.environment:checking '/home/mikks/ros2_px4_ws/install/example_mode_goto_global_cpp/lib/pkgconfig/example_mode_goto_global_cpp.pc'
[4.719s] Level 1:colcon.colcon_core.environment:checking '/home/mikks/ros2_px4_ws/install/example_mode_goto_global_cpp/lib/python3.12/site-packages'
[4.720s] Level 1:colcon.colcon_core.environment:checking '/home/mikks/ros2_px4_ws/install/example_mode_goto_global_cpp/bin'
[4.720s] INFO:colcon.colcon_core.shell:Creating package script '/home/mikks/ros2_px4_ws/install/example_mode_goto_global_cpp/share/example_mode_goto_global_cpp/package.ps1'
[4.721s] INFO:colcon.colcon_core.shell:Creating package descriptor '/home/mikks/ros2_px4_ws/install/example_mode_goto_global_cpp/share/example_mode_goto_global_cpp/package.dsv'
[4.721s] INFO:colcon.colcon_core.shell:Creating package script '/home/mikks/ros2_px4_ws/install/example_mode_goto_global_cpp/share/example_mode_goto_global_cpp/package.sh'
[4.722s] INFO:colcon.colcon_core.shell:Creating package script '/home/mikks/ros2_px4_ws/install/example_mode_goto_global_cpp/share/example_mode_goto_global_cpp/package.bash'
[4.722s] INFO:colcon.colcon_core.shell:Creating package script '/home/mikks/ros2_px4_ws/install/example_mode_goto_global_cpp/share/example_mode_goto_global_cpp/package.zsh'
[4.723s] Level 1:colcon.colcon_core.environment:create_file_with_runtime_dependencies(/home/mikks/ros2_px4_ws/install/example_mode_goto_global_cpp/share/colcon-core/packages/example_mode_goto_global_cpp)
[4.723s] Level 1:colcon.colcon_core.environment:create_environment_scripts_only(example_mode_goto_global_cpp)
[4.724s] Level 1:colcon.colcon_core.environment:checking '/home/mikks/ros2_px4_ws/install/example_mode_goto_global_cpp' for CMake module files
[4.724s] Level 1:colcon.colcon_core.environment:checking '/home/mikks/ros2_px4_ws/install/example_mode_goto_global_cpp' for CMake config files
[4.725s] Level 1:colcon.colcon_core.shell:create_environment_hook('example_mode_goto_global_cpp', 'cmake_prefix_path')
[4.725s] INFO:colcon.colcon_core.shell:Creating environment hook '/home/mikks/ros2_px4_ws/install/example_mode_goto_global_cpp/share/example_mode_goto_global_cpp/hook/cmake_prefix_path.ps1'
[4.726s] INFO:colcon.colcon_core.shell:Creating environment descriptor '/home/mikks/ros2_px4_ws/install/example_mode_goto_global_cpp/share/example_mode_goto_global_cpp/hook/cmake_prefix_path.dsv'
[4.726s] INFO:colcon.colcon_core.shell:Creating environment hook '/home/mikks/ros2_px4_ws/install/example_mode_goto_global_cpp/share/example_mode_goto_global_cpp/hook/cmake_prefix_path.sh'
[4.727s] Level 1:colcon.colcon_core.environment:checking '/home/mikks/ros2_px4_ws/install/example_mode_goto_global_cpp/lib'
[4.727s] Level 1:colcon.colcon_core.environment:checking '/home/mikks/ros2_px4_ws/install/example_mode_goto_global_cpp/bin'
[4.727s] Level 1:colcon.colcon_core.environment:checking '/home/mikks/ros2_px4_ws/install/example_mode_goto_global_cpp/lib/pkgconfig/example_mode_goto_global_cpp.pc'
[4.728s] Level 1:colcon.colcon_core.environment:checking '/home/mikks/ros2_px4_ws/install/example_mode_goto_global_cpp/lib/python3.12/site-packages'
[4.728s] Level 1:colcon.colcon_core.environment:checking '/home/mikks/ros2_px4_ws/install/example_mode_goto_global_cpp/bin'
[4.728s] INFO:colcon.colcon_core.shell:Creating package script '/home/mikks/ros2_px4_ws/install/example_mode_goto_global_cpp/share/example_mode_goto_global_cpp/package.ps1'
[4.729s] INFO:colcon.colcon_core.shell:Creating package descriptor '/home/mikks/ros2_px4_ws/install/example_mode_goto_global_cpp/share/example_mode_goto_global_cpp/package.dsv'
[4.729s] INFO:colcon.colcon_core.shell:Creating package script '/home/mikks/ros2_px4_ws/install/example_mode_goto_global_cpp/share/example_mode_goto_global_cpp/package.sh'
[4.731s] INFO:colcon.colcon_core.shell:Creating package script '/home/mikks/ros2_px4_ws/install/example_mode_goto_global_cpp/share/example_mode_goto_global_cpp/package.bash'
[4.731s] INFO:colcon.colcon_core.shell:Creating package script '/home/mikks/ros2_px4_ws/install/example_mode_goto_global_cpp/share/example_mode_goto_global_cpp/package.zsh'
[4.732s] Level 1:colcon.colcon_core.environment:create_file_with_runtime_dependencies(/home/mikks/ros2_px4_ws/install/example_mode_goto_global_cpp/share/colcon-core/packages/example_mode_goto_global_cpp)
[4.738s] DEBUG:colcon.colcon_core.event_handler.log_command:Invoking command in '/home/mikks/ros2_px4_ws/build/example_mode_with_executor_cpp': AMENT_PREFIX_PATH=/home/mikks/ros2_px4_ws/install/px4_ros2_cpp:/home/mikks/ros2_px4_ws/install/px4_msgs:${AMENT_PREFIX_PATH} CMAKE_PREFIX_PATH=/home/mikks/ros2_px4_ws/install/px4_ros2_cpp:/home/mikks/ros2_px4_ws/install/px4_msgs:/home/mikks/crazyflie_mapping_demo/ros2_ws/install/crazyflie_ros2_multiranger_bringup:/home/mikks/crazyflie_mapping_demo/ros2_ws/install/ros_gz_crazyflie_bringup:/home/mikks/crazyflie_mapping_demo/ros2_ws/install/ros_gz_crazyflie_gazebo:/home/mikks/crazyflie_mapping_demo/ros2_ws/install/crazyflie_sim:/home/mikks/crazyflie_mapping_demo/ros2_ws/install/crazyflie_examples:/home/mikks/crazyflie_mapping_demo/ros2_ws/install/crazyflie:/home/mikks/crazyflie_mapping_demo/ros2_ws/install/crazyflie_interfaces:/opt/ros/jazzy/opt/gz_sim_vendor:/opt/ros/jazzy/opt/gz_sensors_vendor:/opt/ros/jazzy/opt/gz_physics_vendor:/opt/ros/jazzy/opt/sdformat_vendor:/opt/ros/jazzy/opt/gz_gui_vendor:/opt/ros/jazzy/opt/gz_transport_vendor:/opt/ros/jazzy/opt/gz_rendering_vendor:/opt/ros/jazzy/opt/gz_plugin_vendor:/opt/ros/jazzy/opt/gz_fuel_tools_vendor:/opt/ros/jazzy/opt/gz_msgs_vendor:/opt/ros/jazzy/opt/gz_common_vendor:/opt/ros/jazzy/opt/gz_math_vendor:/opt/ros/jazzy/opt/gz_utils_vendor:/opt/ros/jazzy/opt/gz_tools_vendor:/opt/ros/jazzy/opt/gz_ogre_next_vendor:/opt/ros/jazzy/opt/gz_dartsim_vendor:/opt/ros/jazzy/opt/gz_cmake_vendor:/home/mikks/ros2_ws/install/rover_desc_description:/home/mikks/ros2_ws/install/px4_actuator_ctrl:/home/mikks/ros2_ws/install/mine_rover_description:/home/mikks/ros2_ws/install/ZerionURDFV5cp_description:/home/mikks/crazyflie_mapping_demo/ros2_ws/install/velocity_free_consensus:/home/mikks/crazyflie_mapping_demo/ros2_ws/install/stepwise_lowpos:/home/mikks/crazyflie_mapping_demo/ros2_ws/install/step_wise_lowpos:/home/mikks/crazyflie_mapping_demo/ros2_ws/install/second_order_formation_control:/home/mikks/crazyflie_mapping_demo/ros2_ws/install/ros_gz_crazyflie_control:/home/mikks/crazyflie_mapping_demo/ros2_ws/install/mixed_fractional_consensus:/home/mikks/crazyflie_mapping_demo/ros2_ws/install/lowest_pos:/home/mikks/crazyflie_mapping_demo/ros2_ws/install/linear_consensus:/home/mikks/crazyflie_mapping_demo/ros2_ws/install/highest_pos:/home/mikks/crazyflie_mapping_demo/ros2_ws/install/fractional_consensus_alpha:/home/mikks/crazyflie_mapping_demo/ros2_ws/install/event_triggered_swarm:/home/mikks/crazyflie_mapping_demo/ros2_ws/install/drone_logger:/home/mikks/crazyflie_mapping_demo/ros2_ws/install/distributed_average_tracking:/home/mikks/crazyflie_mapping_demo/ros2_ws/install/crazyflie_swarm_logic:/home/mikks/crazyflie_mapping_demo/ros2_ws/install/crazyflie_ros2_multiranger_wall_following:/home/mikks/crazyflie_mapping_demo/ros2_ws/install/crazyflie_ros2_multiranger_simple_mapper:/home/mikks/crazyflie_mapping_demo/ros2_ws/install/crazyflie_py:/home/mikks/crazyflie_mapping_demo/ros2_ws/install/cooperative_target_centric_formation:/home/mikks/crazyflie_mapping_demo/ros2_ws/install/containment_using_agent_information:/home/mikks/crazyflie_mapping_demo/ros2_ws/install/consensus_for_double_integrator:/home/mikks/crazyflie_mapping_demo/ros2_ws/install/consensus_alignment:/home/mikks/crazyflie_mapping_demo/ros2_ws/install/binary_consensus:/home/mikks/crazyflie_mapping_demo/ros2_ws/install/Second_Order_Min_Consensus_for_Heterogeneous_Agents:/home/mikks/crazyflie_mapping_demo/ros2_ws/install/BinaryContainmentChain:/opt/ros/jazzy DEBUGINFOD_URLS=https://debuginfod.ubuntu.com LD_LIBRARY_PATH=/home/mikks/ros2_px4_ws/install/px4_ros2_cpp/lib:/home/mikks/ros2_px4_ws/install/px4_msgs/lib:${LD_LIBRARY_PATH} PYTHONPATH=/home/mikks/ros2_px4_ws/install/px4_msgs/lib/python3.12/site-packages:${PYTHONPATH} /usr/bin/cmake --build /home/mikks/ros2_px4_ws/build/example_mode_with_executor_cpp -- -j12 -l12
[4.738s] Level 1:colcon.colcon_core.environment:create_environment_scripts_only(example_mode_manual_cpp)
[4.739s] Level 1:colcon.colcon_core.environment:checking '/home/mikks/ros2_px4_ws/install/example_mode_manual_cpp' for CMake module files
[4.740s] Level 1:colcon.colcon_core.environment:checking '/home/mikks/ros2_px4_ws/install/example_mode_manual_cpp' for CMake config files
[4.740s] Level 1:colcon.colcon_core.shell:create_environment_hook('example_mode_manual_cpp', 'cmake_prefix_path')
[4.741s] INFO:colcon.colcon_core.shell:Creating environment hook '/home/mikks/ros2_px4_ws/install/example_mode_manual_cpp/share/example_mode_manual_cpp/hook/cmake_prefix_path.ps1'
[4.741s] INFO:colcon.colcon_core.shell:Creating environment descriptor '/home/mikks/ros2_px4_ws/install/example_mode_manual_cpp/share/example_mode_manual_cpp/hook/cmake_prefix_path.dsv'
[4.742s] INFO:colcon.colcon_core.shell:Creating environment hook '/home/mikks/ros2_px4_ws/install/example_mode_manual_cpp/share/example_mode_manual_cpp/hook/cmake_prefix_path.sh'
[4.742s] DEBUG:colcon.colcon_core.event_handler.log_command:Invoked command in '/home/mikks/ros2_px4_ws/build/example_mode_manual_cpp' returned '0': AMENT_PREFIX_PATH=/home/mikks/ros2_px4_ws/install/px4_ros2_cpp:/home/mikks/ros2_px4_ws/install/px4_msgs:${AMENT_PREFIX_PATH} CMAKE_PREFIX_PATH=/home/mikks/ros2_px4_ws/install/px4_ros2_cpp:/home/mikks/ros2_px4_ws/install/px4_msgs:/home/mikks/crazyflie_mapping_demo/ros2_ws/install/crazyflie_ros2_multiranger_bringup:/home/mikks/crazyflie_mapping_demo/ros2_ws/install/ros_gz_crazyflie_bringup:/home/mikks/crazyflie_mapping_demo/ros2_ws/install/ros_gz_crazyflie_gazebo:/home/mikks/crazyflie_mapping_demo/ros2_ws/install/crazyflie_sim:/home/mikks/crazyflie_mapping_demo/ros2_ws/install/crazyflie_examples:/home/mikks/crazyflie_mapping_demo/ros2_ws/install/crazyflie:/home/mikks/crazyflie_mapping_demo/ros2_ws/install/crazyflie_interfaces:/opt/ros/jazzy/opt/gz_sim_vendor:/opt/ros/jazzy/opt/gz_sensors_vendor:/opt/ros/jazzy/opt/gz_physics_vendor:/opt/ros/jazzy/opt/sdformat_vendor:/opt/ros/jazzy/opt/gz_gui_vendor:/opt/ros/jazzy/opt/gz_transport_vendor:/opt/ros/jazzy/opt/gz_rendering_vendor:/opt/ros/jazzy/opt/gz_plugin_vendor:/opt/ros/jazzy/opt/gz_fuel_tools_vendor:/opt/ros/jazzy/opt/gz_msgs_vendor:/opt/ros/jazzy/opt/gz_common_vendor:/opt/ros/jazzy/opt/gz_math_vendor:/opt/ros/jazzy/opt/gz_utils_vendor:/opt/ros/jazzy/opt/gz_tools_vendor:/opt/ros/jazzy/opt/gz_ogre_next_vendor:/opt/ros/jazzy/opt/gz_dartsim_vendor:/opt/ros/jazzy/opt/gz_cmake_vendor:/home/mikks/ros2_ws/install/rover_desc_description:/home/mikks/ros2_ws/install/px4_actuator_ctrl:/home/mikks/ros2_ws/install/mine_rover_description:/home/mikks/ros2_ws/install/ZerionURDFV5cp_description:/home/mikks/crazyflie_mapping_demo/ros2_ws/install/velocity_free_consensus:/home/mikks/crazyflie_mapping_demo/ros2_ws/install/stepwise_lowpos:/home/mikks/crazyflie_mapping_demo/ros2_ws/install/step_wise_lowpos:/home/mikks/crazyflie_mapping_demo/ros2_ws/install/second_order_formation_control:/home/mikks/crazyflie_mapping_demo/ros2_ws/install/ros_gz_crazyflie_control:/home/mikks/crazyflie_mapping_demo/ros2_ws/install/mixed_fractional_consensus:/home/mikks/crazyflie_mapping_demo/ros2_ws/install/lowest_pos:/home/mikks/crazyflie_mapping_demo/ros2_ws/install/linear_consensus:/home/mikks/crazyflie_mapping_demo/ros2_ws/install/highest_pos:/home/mikks/crazyflie_mapping_demo/ros2_ws/install/fractional_consensus_alpha:/home/mikks/crazyflie_mapping_demo/ros2_ws/install/event_triggered_swarm:/home/mikks/crazyflie_mapping_demo/ros2_ws/install/drone_logger:/home/mikks/crazyflie_mapping_demo/ros2_ws/install/distributed_average_tracking:/home/mikks/crazyflie_mapping_demo/ros2_ws/install/crazyflie_swarm_logic:/home/mikks/crazyflie_mapping_demo/ros2_ws/install/crazyflie_ros2_multiranger_wall_following:/home/mikks/crazyflie_mapping_demo/ros2_ws/install/crazyflie_ros2_multiranger_simple_mapper:/home/mikks/crazyflie_mapping_demo/ros2_ws/install/crazyflie_py:/home/mikks/crazyflie_mapping_demo/ros2_ws/install/cooperative_target_centric_formation:/home/mikks/crazyflie_mapping_demo/ros2_ws/install/containment_using_agent_information:/home/mikks/crazyflie_mapping_demo/ros2_ws/install/consensus_for_double_integrator:/home/mikks/crazyflie_mapping_demo/ros2_ws/install/consensus_alignment:/home/mikks/crazyflie_mapping_demo/ros2_ws/install/binary_consensus:/home/mikks/crazyflie_mapping_demo/ros2_ws/install/Second_Order_Min_Consensus_for_Heterogeneous_Agents:/home/mikks/crazyflie_mapping_demo/ros2_ws/install/BinaryContainmentChain:/opt/ros/jazzy DEBUGINFOD_URLS=https://debuginfod.ubuntu.com LD_LIBRARY_PATH=/home/mikks/ros2_px4_ws/install/px4_ros2_cpp/lib:/home/mikks/ros2_px4_ws/install/px4_msgs/lib:${LD_LIBRARY_PATH} PYTHONPATH=/home/mikks/ros2_px4_ws/install/px4_msgs/lib/python3.12/site-packages:${PYTHONPATH} /usr/bin/cmake --install /home/mikks/ros2_px4_ws/build/example_mode_manual_cpp
[4.743s] Level 1:colcon.colcon_core.environment:checking '/home/mikks/ros2_px4_ws/install/example_mode_manual_cpp/lib'
[4.745s] Level 1:colcon.colcon_core.environment:checking '/home/mikks/ros2_px4_ws/install/example_mode_manual_cpp/bin'
[4.745s] Level 1:colcon.colcon_core.environment:checking '/home/mikks/ros2_px4_ws/install/example_mode_manual_cpp/lib/pkgconfig/example_mode_manual_cpp.pc'
[4.745s] Level 1:colcon.colcon_core.environment:checking '/home/mikks/ros2_px4_ws/install/example_mode_manual_cpp/lib/python3.12/site-packages'
[4.745s] Level 1:colcon.colcon_core.environment:checking '/home/mikks/ros2_px4_ws/install/example_mode_manual_cpp/bin'
[4.746s] INFO:colcon.colcon_core.shell:Creating package script '/home/mikks/ros2_px4_ws/install/example_mode_manual_cpp/share/example_mode_manual_cpp/package.ps1'
[4.746s] INFO:colcon.colcon_core.shell:Creating package descriptor '/home/mikks/ros2_px4_ws/install/example_mode_manual_cpp/share/example_mode_manual_cpp/package.dsv'
[4.747s] INFO:colcon.colcon_core.shell:Creating package script '/home/mikks/ros2_px4_ws/install/example_mode_manual_cpp/share/example_mode_manual_cpp/package.sh'
[4.747s] INFO:colcon.colcon_core.shell:Creating package script '/home/mikks/ros2_px4_ws/install/example_mode_manual_cpp/share/example_mode_manual_cpp/package.bash'
[4.748s] INFO:colcon.colcon_core.shell:Creating package script '/home/mikks/ros2_px4_ws/install/example_mode_manual_cpp/share/example_mode_manual_cpp/package.zsh'
[4.748s] Level 1:colcon.colcon_core.environment:create_file_with_runtime_dependencies(/home/mikks/ros2_px4_ws/install/example_mode_manual_cpp/share/colcon-core/packages/example_mode_manual_cpp)
[4.749s] Level 1:colcon.colcon_core.environment:create_environment_scripts_only(example_mode_manual_cpp)
[4.749s] Level 1:colcon.colcon_core.environment:checking '/home/mikks/ros2_px4_ws/install/example_mode_manual_cpp' for CMake module files
[4.749s] Level 1:colcon.colcon_core.environment:checking '/home/mikks/ros2_px4_ws/install/example_mode_manual_cpp' for CMake config files
[4.750s] Level 1:colcon.colcon_core.shell:create_environment_hook('example_mode_manual_cpp', 'cmake_prefix_path')
[4.750s] INFO:colcon.colcon_core.shell:Creating environment hook '/home/mikks/ros2_px4_ws/install/example_mode_manual_cpp/share/example_mode_manual_cpp/hook/cmake_prefix_path.ps1'
[4.750s] INFO:colcon.colcon_core.shell:Creating environment descriptor '/home/mikks/ros2_px4_ws/install/example_mode_manual_cpp/share/example_mode_manual_cpp/hook/cmake_prefix_path.dsv'
[4.750s] INFO:colcon.colcon_core.shell:Creating environment hook '/home/mikks/ros2_px4_ws/install/example_mode_manual_cpp/share/example_mode_manual_cpp/hook/cmake_prefix_path.sh'
[4.751s] Level 1:colcon.colcon_core.environment:checking '/home/mikks/ros2_px4_ws/install/example_mode_manual_cpp/lib'
[4.751s] Level 1:colcon.colcon_core.environment:checking '/home/mikks/ros2_px4_ws/install/example_mode_manual_cpp/bin'
[4.751s] Level 1:colcon.colcon_core.environment:checking '/home/mikks/ros2_px4_ws/install/example_mode_manual_cpp/lib/pkgconfig/example_mode_manual_cpp.pc'
[4.752s] Level 1:colcon.colcon_core.environment:checking '/home/mikks/ros2_px4_ws/install/example_mode_manual_cpp/lib/python3.12/site-packages'
[4.752s] Level 1:colcon.colcon_core.environment:checking '/home/mikks/ros2_px4_ws/install/example_mode_manual_cpp/bin'
[4.752s] INFO:colcon.colcon_core.shell:Creating package script '/home/mikks/ros2_px4_ws/install/example_mode_manual_cpp/share/example_mode_manual_cpp/package.ps1'
[4.753s] INFO:colcon.colcon_core.shell:Creating package descriptor '/home/mikks/ros2_px4_ws/install/example_mode_manual_cpp/share/example_mode_manual_cpp/package.dsv'
[4.754s] INFO:colcon.colcon_core.shell:Creating package script '/home/mikks/ros2_px4_ws/install/example_mode_manual_cpp/share/example_mode_manual_cpp/package.sh'
[4.754s] INFO:colcon.colcon_core.shell:Creating package script '/home/mikks/ros2_px4_ws/install/example_mode_manual_cpp/share/example_mode_manual_cpp/package.bash'
[4.754s] INFO:colcon.colcon_core.shell:Creating package script '/home/mikks/ros2_px4_ws/install/example_mode_manual_cpp/share/example_mode_manual_cpp/package.zsh'
[4.755s] Level 1:colcon.colcon_core.environment:create_file_with_runtime_dependencies(/home/mikks/ros2_px4_ws/install/example_mode_manual_cpp/share/colcon-core/packages/example_mode_manual_cpp)
[4.755s] Level 1:colcon.colcon_core.environment:create_environment_scripts_only(example_mode_rtl_replacement_cpp)
[4.756s] Level 1:colcon.colcon_core.environment:checking '/home/mikks/ros2_px4_ws/install/example_mode_rtl_replacement_cpp' for CMake module files
[4.758s] DEBUG:colcon.colcon_core.event_handler.log_command:Invoked command in '/home/mikks/ros2_px4_ws/build/example_mode_rtl_replacement_cpp' returned '0': AMENT_PREFIX_PATH=/home/mikks/ros2_px4_ws/install/px4_ros2_cpp:/home/mikks/ros2_px4_ws/install/px4_msgs:${AMENT_PREFIX_PATH} CMAKE_PREFIX_PATH=/home/mikks/ros2_px4_ws/install/px4_ros2_cpp:/home/mikks/ros2_px4_ws/install/px4_msgs:/home/mikks/crazyflie_mapping_demo/ros2_ws/install/crazyflie_ros2_multiranger_bringup:/home/mikks/crazyflie_mapping_demo/ros2_ws/install/ros_gz_crazyflie_bringup:/home/mikks/crazyflie_mapping_demo/ros2_ws/install/ros_gz_crazyflie_gazebo:/home/mikks/crazyflie_mapping_demo/ros2_ws/install/crazyflie_sim:/home/mikks/crazyflie_mapping_demo/ros2_ws/install/crazyflie_examples:/home/mikks/crazyflie_mapping_demo/ros2_ws/install/crazyflie:/home/mikks/crazyflie_mapping_demo/ros2_ws/install/crazyflie_interfaces:/opt/ros/jazzy/opt/gz_sim_vendor:/opt/ros/jazzy/opt/gz_sensors_vendor:/opt/ros/jazzy/opt/gz_physics_vendor:/opt/ros/jazzy/opt/sdformat_vendor:/opt/ros/jazzy/opt/gz_gui_vendor:/opt/ros/jazzy/opt/gz_transport_vendor:/opt/ros/jazzy/opt/gz_rendering_vendor:/opt/ros/jazzy/opt/gz_plugin_vendor:/opt/ros/jazzy/opt/gz_fuel_tools_vendor:/opt/ros/jazzy/opt/gz_msgs_vendor:/opt/ros/jazzy/opt/gz_common_vendor:/opt/ros/jazzy/opt/gz_math_vendor:/opt/ros/jazzy/opt/gz_utils_vendor:/opt/ros/jazzy/opt/gz_tools_vendor:/opt/ros/jazzy/opt/gz_ogre_next_vendor:/opt/ros/jazzy/opt/gz_dartsim_vendor:/opt/ros/jazzy/opt/gz_cmake_vendor:/home/mikks/ros2_ws/install/rover_desc_description:/home/mikks/ros2_ws/install/px4_actuator_ctrl:/home/mikks/ros2_ws/install/mine_rover_description:/home/mikks/ros2_ws/install/ZerionURDFV5cp_description:/home/mikks/crazyflie_mapping_demo/ros2_ws/install/velocity_free_consensus:/home/mikks/crazyflie_mapping_demo/ros2_ws/install/stepwise_lowpos:/home/mikks/crazyflie_mapping_demo/ros2_ws/install/step_wise_lowpos:/home/mikks/crazyflie_mapping_demo/ros2_ws/install/second_order_formation_control:/home/mikks/crazyflie_mapping_demo/ros2_ws/install/ros_gz_crazyflie_control:/home/mikks/crazyflie_mapping_demo/ros2_ws/install/mixed_fractional_consensus:/home/mikks/crazyflie_mapping_demo/ros2_ws/install/lowest_pos:/home/mikks/crazyflie_mapping_demo/ros2_ws/install/linear_consensus:/home/mikks/crazyflie_mapping_demo/ros2_ws/install/highest_pos:/home/mikks/crazyflie_mapping_demo/ros2_ws/install/fractional_consensus_alpha:/home/mikks/crazyflie_mapping_demo/ros2_ws/install/event_triggered_swarm:/home/mikks/crazyflie_mapping_demo/ros2_ws/install/drone_logger:/home/mikks/crazyflie_mapping_demo/ros2_ws/install/distributed_average_tracking:/home/mikks/crazyflie_mapping_demo/ros2_ws/install/crazyflie_swarm_logic:/home/mikks/crazyflie_mapping_demo/ros2_ws/install/crazyflie_ros2_multiranger_wall_following:/home/mikks/crazyflie_mapping_demo/ros2_ws/install/crazyflie_ros2_multiranger_simple_mapper:/home/mikks/crazyflie_mapping_demo/ros2_ws/install/crazyflie_py:/home/mikks/crazyflie_mapping_demo/ros2_ws/install/cooperative_target_centric_formation:/home/mikks/crazyflie_mapping_demo/ros2_ws/install/containment_using_agent_information:/home/mikks/crazyflie_mapping_demo/ros2_ws/install/consensus_for_double_integrator:/home/mikks/crazyflie_mapping_demo/ros2_ws/install/consensus_alignment:/home/mikks/crazyflie_mapping_demo/ros2_ws/install/binary_consensus:/home/mikks/crazyflie_mapping_demo/ros2_ws/install/Second_Order_Min_Consensus_for_Heterogeneous_Agents:/home/mikks/crazyflie_mapping_demo/ros2_ws/install/BinaryContainmentChain:/opt/ros/jazzy DEBUGINFOD_URLS=https://debuginfod.ubuntu.com LD_LIBRARY_PATH=/home/mikks/ros2_px4_ws/install/px4_ros2_cpp/lib:/home/mikks/ros2_px4_ws/install/px4_msgs/lib:${LD_LIBRARY_PATH} PYTHONPATH=/home/mikks/ros2_px4_ws/install/px4_msgs/lib/python3.12/site-packages:${PYTHONPATH} /usr/bin/cmake --install /home/mikks/ros2_px4_ws/build/example_mode_rtl_replacement_cpp
[4.758s] Level 1:colcon.colcon_core.environment:checking '/home/mikks/ros2_px4_ws/install/example_mode_rtl_replacement_cpp' for CMake config files
[4.759s] Level 1:colcon.colcon_core.shell:create_environment_hook('example_mode_rtl_replacement_cpp', 'cmake_prefix_path')
[4.759s] INFO:colcon.colcon_core.shell:Creating environment hook '/home/mikks/ros2_px4_ws/install/example_mode_rtl_replacement_cpp/share/example_mode_rtl_replacement_cpp/hook/cmake_prefix_path.ps1'
[4.760s] INFO:colcon.colcon_core.shell:Creating environment descriptor '/home/mikks/ros2_px4_ws/install/example_mode_rtl_replacement_cpp/share/example_mode_rtl_replacement_cpp/hook/cmake_prefix_path.dsv'
[4.760s] INFO:colcon.colcon_core.shell:Creating environment hook '/home/mikks/ros2_px4_ws/install/example_mode_rtl_replacement_cpp/share/example_mode_rtl_replacement_cpp/hook/cmake_prefix_path.sh'
[4.761s] Level 1:colcon.colcon_core.environment:checking '/home/mikks/ros2_px4_ws/install/example_mode_rtl_replacement_cpp/lib'
[4.761s] Level 1:colcon.colcon_core.environment:checking '/home/mikks/ros2_px4_ws/install/example_mode_rtl_replacement_cpp/bin'
[4.761s] Level 1:colcon.colcon_core.environment:checking '/home/mikks/ros2_px4_ws/install/example_mode_rtl_replacement_cpp/lib/pkgconfig/example_mode_rtl_replacement_cpp.pc'
[4.761s] Level 1:colcon.colcon_core.environment:checking '/home/mikks/ros2_px4_ws/install/example_mode_rtl_replacement_cpp/lib/python3.12/site-packages'
[4.762s] Level 1:colcon.colcon_core.environment:checking '/home/mikks/ros2_px4_ws/install/example_mode_rtl_replacement_cpp/bin'
[4.762s] INFO:colcon.colcon_core.shell:Creating package script '/home/mikks/ros2_px4_ws/install/example_mode_rtl_replacement_cpp/share/example_mode_rtl_replacement_cpp/package.ps1'
[4.762s] INFO:colcon.colcon_core.shell:Creating package descriptor '/home/mikks/ros2_px4_ws/install/example_mode_rtl_replacement_cpp/share/example_mode_rtl_replacement_cpp/package.dsv'
[4.763s] INFO:colcon.colcon_core.shell:Creating package script '/home/mikks/ros2_px4_ws/install/example_mode_rtl_replacement_cpp/share/example_mode_rtl_replacement_cpp/package.sh'
[4.763s] INFO:colcon.colcon_core.shell:Creating package script '/home/mikks/ros2_px4_ws/install/example_mode_rtl_replacement_cpp/share/example_mode_rtl_replacement_cpp/package.bash'
[4.764s] INFO:colcon.colcon_core.shell:Creating package script '/home/mikks/ros2_px4_ws/install/example_mode_rtl_replacement_cpp/share/example_mode_rtl_replacement_cpp/package.zsh'
[4.764s] Level 1:colcon.colcon_core.environment:create_file_with_runtime_dependencies(/home/mikks/ros2_px4_ws/install/example_mode_rtl_replacement_cpp/share/colcon-core/packages/example_mode_rtl_replacement_cpp)
[4.765s] Level 1:colcon.colcon_core.environment:create_environment_scripts_only(example_mode_rtl_replacement_cpp)
[4.765s] Level 1:colcon.colcon_core.environment:checking '/home/mikks/ros2_px4_ws/install/example_mode_rtl_replacement_cpp' for CMake module files
[4.766s] Level 1:colcon.colcon_core.environment:checking '/home/mikks/ros2_px4_ws/install/example_mode_rtl_replacement_cpp' for CMake config files
[4.767s] Level 1:colcon.colcon_core.shell:create_environment_hook('example_mode_rtl_replacement_cpp', 'cmake_prefix_path')
[4.767s] INFO:colcon.colcon_core.shell:Creating environment hook '/home/mikks/ros2_px4_ws/install/example_mode_rtl_replacement_cpp/share/example_mode_rtl_replacement_cpp/hook/cmake_prefix_path.ps1'
[4.768s] INFO:colcon.colcon_core.shell:Creating environment descriptor '/home/mikks/ros2_px4_ws/install/example_mode_rtl_replacement_cpp/share/example_mode_rtl_replacement_cpp/hook/cmake_prefix_path.dsv'
[4.768s] INFO:colcon.colcon_core.shell:Creating environment hook '/home/mikks/ros2_px4_ws/install/example_mode_rtl_replacement_cpp/share/example_mode_rtl_replacement_cpp/hook/cmake_prefix_path.sh'
[4.769s] Level 1:colcon.colcon_core.environment:checking '/home/mikks/ros2_px4_ws/install/example_mode_rtl_replacement_cpp/lib'
[4.769s] Level 1:colcon.colcon_core.environment:checking '/home/mikks/ros2_px4_ws/install/example_mode_rtl_replacement_cpp/bin'
[4.769s] Level 1:colcon.colcon_core.environment:checking '/home/mikks/ros2_px4_ws/install/example_mode_rtl_replacement_cpp/lib/pkgconfig/example_mode_rtl_replacement_cpp.pc'
[4.769s] Level 1:colcon.colcon_core.environment:checking '/home/mikks/ros2_px4_ws/install/example_mode_rtl_replacement_cpp/lib/python3.12/site-packages'
[4.770s] Level 1:colcon.colcon_core.environment:checking '/home/mikks/ros2_px4_ws/install/example_mode_rtl_replacement_cpp/bin'
[4.770s] INFO:colcon.colcon_core.shell:Creating package script '/home/mikks/ros2_px4_ws/install/example_mode_rtl_replacement_cpp/share/example_mode_rtl_replacement_cpp/package.ps1'
[4.771s] INFO:colcon.colcon_core.shell:Creating package descriptor '/home/mikks/ros2_px4_ws/install/example_mode_rtl_replacement_cpp/share/example_mode_rtl_replacement_cpp/package.dsv'
[4.771s] INFO:colcon.colcon_core.shell:Creating package script '/home/mikks/ros2_px4_ws/install/example_mode_rtl_replacement_cpp/share/example_mode_rtl_replacement_cpp/package.sh'
[4.772s] INFO:colcon.colcon_core.shell:Creating package script '/home/mikks/ros2_px4_ws/install/example_mode_rtl_replacement_cpp/share/example_mode_rtl_replacement_cpp/package.bash'
[4.772s] INFO:colcon.colcon_core.shell:Creating package script '/home/mikks/ros2_px4_ws/install/example_mode_rtl_replacement_cpp/share/example_mode_rtl_replacement_cpp/package.zsh'
[4.773s] Level 1:colcon.colcon_core.environment:create_file_with_runtime_dependencies(/home/mikks/ros2_px4_ws/install/example_mode_rtl_replacement_cpp/share/colcon-core/packages/example_mode_rtl_replacement_cpp)
[4.773s] Level 1:colcon.colcon_core.environment:create_environment_scripts_only(example_mode_mission_cpp)
[4.773s] Level 1:colcon.colcon_core.environment:checking '/home/mikks/ros2_px4_ws/install/example_mode_mission_cpp' for CMake module files
[4.774s] DEBUG:colcon.colcon_core.event_handler.log_command:Invoked command in '/home/mikks/ros2_px4_ws/build/example_mode_mission_cpp' returned '0': AMENT_PREFIX_PATH=/home/mikks/ros2_px4_ws/install/px4_ros2_cpp:/home/mikks/ros2_px4_ws/install/px4_msgs:${AMENT_PREFIX_PATH} CMAKE_PREFIX_PATH=/home/mikks/ros2_px4_ws/install/px4_ros2_cpp:/home/mikks/ros2_px4_ws/install/px4_msgs:/home/mikks/crazyflie_mapping_demo/ros2_ws/install/crazyflie_ros2_multiranger_bringup:/home/mikks/crazyflie_mapping_demo/ros2_ws/install/ros_gz_crazyflie_bringup:/home/mikks/crazyflie_mapping_demo/ros2_ws/install/ros_gz_crazyflie_gazebo:/home/mikks/crazyflie_mapping_demo/ros2_ws/install/crazyflie_sim:/home/mikks/crazyflie_mapping_demo/ros2_ws/install/crazyflie_examples:/home/mikks/crazyflie_mapping_demo/ros2_ws/install/crazyflie:/home/mikks/crazyflie_mapping_demo/ros2_ws/install/crazyflie_interfaces:/opt/ros/jazzy/opt/gz_sim_vendor:/opt/ros/jazzy/opt/gz_sensors_vendor:/opt/ros/jazzy/opt/gz_physics_vendor:/opt/ros/jazzy/opt/sdformat_vendor:/opt/ros/jazzy/opt/gz_gui_vendor:/opt/ros/jazzy/opt/gz_transport_vendor:/opt/ros/jazzy/opt/gz_rendering_vendor:/opt/ros/jazzy/opt/gz_plugin_vendor:/opt/ros/jazzy/opt/gz_fuel_tools_vendor:/opt/ros/jazzy/opt/gz_msgs_vendor:/opt/ros/jazzy/opt/gz_common_vendor:/opt/ros/jazzy/opt/gz_math_vendor:/opt/ros/jazzy/opt/gz_utils_vendor:/opt/ros/jazzy/opt/gz_tools_vendor:/opt/ros/jazzy/opt/gz_ogre_next_vendor:/opt/ros/jazzy/opt/gz_dartsim_vendor:/opt/ros/jazzy/opt/gz_cmake_vendor:/home/mikks/ros2_ws/install/rover_desc_description:/home/mikks/ros2_ws/install/px4_actuator_ctrl:/home/mikks/ros2_ws/install/mine_rover_description:/home/mikks/ros2_ws/install/ZerionURDFV5cp_description:/home/mikks/crazyflie_mapping_demo/ros2_ws/install/velocity_free_consensus:/home/mikks/crazyflie_mapping_demo/ros2_ws/install/stepwise_lowpos:/home/mikks/crazyflie_mapping_demo/ros2_ws/install/step_wise_lowpos:/home/mikks/crazyflie_mapping_demo/ros2_ws/install/second_order_formation_control:/home/mikks/crazyflie_mapping_demo/ros2_ws/install/ros_gz_crazyflie_control:/home/mikks/crazyflie_mapping_demo/ros2_ws/install/mixed_fractional_consensus:/home/mikks/crazyflie_mapping_demo/ros2_ws/install/lowest_pos:/home/mikks/crazyflie_mapping_demo/ros2_ws/install/linear_consensus:/home/mikks/crazyflie_mapping_demo/ros2_ws/install/highest_pos:/home/mikks/crazyflie_mapping_demo/ros2_ws/install/fractional_consensus_alpha:/home/mikks/crazyflie_mapping_demo/ros2_ws/install/event_triggered_swarm:/home/mikks/crazyflie_mapping_demo/ros2_ws/install/drone_logger:/home/mikks/crazyflie_mapping_demo/ros2_ws/install/distributed_average_tracking:/home/mikks/crazyflie_mapping_demo/ros2_ws/install/crazyflie_swarm_logic:/home/mikks/crazyflie_mapping_demo/ros2_ws/install/crazyflie_ros2_multiranger_wall_following:/home/mikks/crazyflie_mapping_demo/ros2_ws/install/crazyflie_ros2_multiranger_simple_mapper:/home/mikks/crazyflie_mapping_demo/ros2_ws/install/crazyflie_py:/home/mikks/crazyflie_mapping_demo/ros2_ws/install/cooperative_target_centric_formation:/home/mikks/crazyflie_mapping_demo/ros2_ws/install/containment_using_agent_information:/home/mikks/crazyflie_mapping_demo/ros2_ws/install/consensus_for_double_integrator:/home/mikks/crazyflie_mapping_demo/ros2_ws/install/consensus_alignment:/home/mikks/crazyflie_mapping_demo/ros2_ws/install/binary_consensus:/home/mikks/crazyflie_mapping_demo/ros2_ws/install/Second_Order_Min_Consensus_for_Heterogeneous_Agents:/home/mikks/crazyflie_mapping_demo/ros2_ws/install/BinaryContainmentChain:/opt/ros/jazzy DEBUGINFOD_URLS=https://debuginfod.ubuntu.com LD_LIBRARY_PATH=/home/mikks/ros2_px4_ws/install/px4_ros2_cpp/lib:/home/mikks/ros2_px4_ws/install/px4_msgs/lib:${LD_LIBRARY_PATH} PYTHONPATH=/home/mikks/ros2_px4_ws/install/px4_msgs/lib/python3.12/site-packages:${PYTHONPATH} /usr/bin/cmake --install /home/mikks/ros2_px4_ws/build/example_mode_mission_cpp
[4.775s] Level 1:colcon.colcon_core.environment:checking '/home/mikks/ros2_px4_ws/install/example_mode_mission_cpp' for CMake config files
[4.775s] Level 1:colcon.colcon_core.shell:create_environment_hook('example_mode_mission_cpp', 'cmake_prefix_path')
[4.776s] INFO:colcon.colcon_core.shell:Creating environment hook '/home/mikks/ros2_px4_ws/install/example_mode_mission_cpp/share/example_mode_mission_cpp/hook/cmake_prefix_path.ps1'
[4.776s] INFO:colcon.colcon_core.shell:Creating environment descriptor '/home/mikks/ros2_px4_ws/install/example_mode_mission_cpp/share/example_mode_mission_cpp/hook/cmake_prefix_path.dsv'
[4.777s] INFO:colcon.colcon_core.shell:Creating environment hook '/home/mikks/ros2_px4_ws/install/example_mode_mission_cpp/share/example_mode_mission_cpp/hook/cmake_prefix_path.sh'
[4.777s] Level 1:colcon.colcon_core.environment:checking '/home/mikks/ros2_px4_ws/install/example_mode_mission_cpp/lib'
[4.777s] Level 1:colcon.colcon_core.environment:checking '/home/mikks/ros2_px4_ws/install/example_mode_mission_cpp/bin'
[4.778s] Level 1:colcon.colcon_core.environment:checking '/home/mikks/ros2_px4_ws/install/example_mode_mission_cpp/lib/pkgconfig/example_mode_mission_cpp.pc'
[4.778s] Level 1:colcon.colcon_core.environment:checking '/home/mikks/ros2_px4_ws/install/example_mode_mission_cpp/lib/python3.12/site-packages'
[4.778s] Level 1:colcon.colcon_core.environment:checking '/home/mikks/ros2_px4_ws/install/example_mode_mission_cpp/bin'
[4.779s] INFO:colcon.colcon_core.shell:Creating package script '/home/mikks/ros2_px4_ws/install/example_mode_mission_cpp/share/example_mode_mission_cpp/package.ps1'
[4.779s] INFO:colcon.colcon_core.shell:Creating package descriptor '/home/mikks/ros2_px4_ws/install/example_mode_mission_cpp/share/example_mode_mission_cpp/package.dsv'
[4.780s] INFO:colcon.colcon_core.shell:Creating package script '/home/mikks/ros2_px4_ws/install/example_mode_mission_cpp/share/example_mode_mission_cpp/package.sh'
[4.780s] INFO:colcon.colcon_core.shell:Creating package script '/home/mikks/ros2_px4_ws/install/example_mode_mission_cpp/share/example_mode_mission_cpp/package.bash'
[4.781s] INFO:colcon.colcon_core.shell:Creating package script '/home/mikks/ros2_px4_ws/install/example_mode_mission_cpp/share/example_mode_mission_cpp/package.zsh'
[4.782s] Level 1:colcon.colcon_core.environment:create_file_with_runtime_dependencies(/home/mikks/ros2_px4_ws/install/example_mode_mission_cpp/share/colcon-core/packages/example_mode_mission_cpp)
[4.782s] Level 1:colcon.colcon_core.environment:create_environment_scripts_only(example_mode_mission_cpp)
[4.782s] Level 1:colcon.colcon_core.environment:checking '/home/mikks/ros2_px4_ws/install/example_mode_mission_cpp' for CMake module files
[4.783s] Level 1:colcon.colcon_core.environment:checking '/home/mikks/ros2_px4_ws/install/example_mode_mission_cpp' for CMake config files
[4.783s] Level 1:colcon.colcon_core.shell:create_environment_hook('example_mode_mission_cpp', 'cmake_prefix_path')
[4.783s] INFO:colcon.colcon_core.shell:Creating environment hook '/home/mikks/ros2_px4_ws/install/example_mode_mission_cpp/share/example_mode_mission_cpp/hook/cmake_prefix_path.ps1'
[4.784s] INFO:colcon.colcon_core.shell:Creating environment descriptor '/home/mikks/ros2_px4_ws/install/example_mode_mission_cpp/share/example_mode_mission_cpp/hook/cmake_prefix_path.dsv'
[4.784s] INFO:colcon.colcon_core.shell:Creating environment hook '/home/mikks/ros2_px4_ws/install/example_mode_mission_cpp/share/example_mode_mission_cpp/hook/cmake_prefix_path.sh'
[4.785s] Level 1:colcon.colcon_core.environment:checking '/home/mikks/ros2_px4_ws/install/example_mode_mission_cpp/lib'
[4.785s] Level 1:colcon.colcon_core.environment:checking '/home/mikks/ros2_px4_ws/install/example_mode_mission_cpp/bin'
[4.785s] Level 1:colcon.colcon_core.environment:checking '/home/mikks/ros2_px4_ws/install/example_mode_mission_cpp/lib/pkgconfig/example_mode_mission_cpp.pc'
[4.785s] Level 1:colcon.colcon_core.environment:checking '/home/mikks/ros2_px4_ws/install/example_mode_mission_cpp/lib/python3.12/site-packages'
[4.786s] Level 1:colcon.colcon_core.environment:checking '/home/mikks/ros2_px4_ws/install/example_mode_mission_cpp/bin'
[4.786s] INFO:colcon.colcon_core.shell:Creating package script '/home/mikks/ros2_px4_ws/install/example_mode_mission_cpp/share/example_mode_mission_cpp/package.ps1'
[4.787s] INFO:colcon.colcon_core.shell:Creating package descriptor '/home/mikks/ros2_px4_ws/install/example_mode_mission_cpp/share/example_mode_mission_cpp/package.dsv'
[4.787s] INFO:colcon.colcon_core.shell:Creating package script '/home/mikks/ros2_px4_ws/install/example_mode_mission_cpp/share/example_mode_mission_cpp/package.sh'
[4.788s] INFO:colcon.colcon_core.shell:Creating package script '/home/mikks/ros2_px4_ws/install/example_mode_mission_cpp/share/example_mode_mission_cpp/package.bash'
[4.788s] INFO:colcon.colcon_core.shell:Creating package script '/home/mikks/ros2_px4_ws/install/example_mode_mission_cpp/share/example_mode_mission_cpp/package.zsh'
[4.789s] Level 1:colcon.colcon_core.environment:create_file_with_runtime_dependencies(/home/mikks/ros2_px4_ws/install/example_mode_mission_cpp/share/colcon-core/packages/example_mode_mission_cpp)
[4.793s] DEBUG:colcon.colcon_core.event_handler.log_command:Invoking command in '/home/mikks/ros2_px4_ws/build/example_rover_velocity_mode_cpp': AMENT_PREFIX_PATH=/home/mikks/ros2_px4_ws/install/px4_ros2_cpp:/home/mikks/ros2_px4_ws/install/px4_msgs:${AMENT_PREFIX_PATH} CMAKE_PREFIX_PATH=/home/mikks/ros2_px4_ws/install/px4_ros2_cpp:/home/mikks/ros2_px4_ws/install/px4_msgs:/home/mikks/crazyflie_mapping_demo/ros2_ws/install/crazyflie_ros2_multiranger_bringup:/home/mikks/crazyflie_mapping_demo/ros2_ws/install/ros_gz_crazyflie_bringup:/home/mikks/crazyflie_mapping_demo/ros2_ws/install/ros_gz_crazyflie_gazebo:/home/mikks/crazyflie_mapping_demo/ros2_ws/install/crazyflie_sim:/home/mikks/crazyflie_mapping_demo/ros2_ws/install/crazyflie_examples:/home/mikks/crazyflie_mapping_demo/ros2_ws/install/crazyflie:/home/mikks/crazyflie_mapping_demo/ros2_ws/install/crazyflie_interfaces:/opt/ros/jazzy/opt/gz_sim_vendor:/opt/ros/jazzy/opt/gz_sensors_vendor:/opt/ros/jazzy/opt/gz_physics_vendor:/opt/ros/jazzy/opt/sdformat_vendor:/opt/ros/jazzy/opt/gz_gui_vendor:/opt/ros/jazzy/opt/gz_transport_vendor:/opt/ros/jazzy/opt/gz_rendering_vendor:/opt/ros/jazzy/opt/gz_plugin_vendor:/opt/ros/jazzy/opt/gz_fuel_tools_vendor:/opt/ros/jazzy/opt/gz_msgs_vendor:/opt/ros/jazzy/opt/gz_common_vendor:/opt/ros/jazzy/opt/gz_math_vendor:/opt/ros/jazzy/opt/gz_utils_vendor:/opt/ros/jazzy/opt/gz_tools_vendor:/opt/ros/jazzy/opt/gz_ogre_next_vendor:/opt/ros/jazzy/opt/gz_dartsim_vendor:/opt/ros/jazzy/opt/gz_cmake_vendor:/home/mikks/ros2_ws/install/rover_desc_description:/home/mikks/ros2_ws/install/px4_actuator_ctrl:/home/mikks/ros2_ws/install/mine_rover_description:/home/mikks/ros2_ws/install/ZerionURDFV5cp_description:/home/mikks/crazyflie_mapping_demo/ros2_ws/install/velocity_free_consensus:/home/mikks/crazyflie_mapping_demo/ros2_ws/install/stepwise_lowpos:/home/mikks/crazyflie_mapping_demo/ros2_ws/install/step_wise_lowpos:/home/mikks/crazyflie_mapping_demo/ros2_ws/install/second_order_formation_control:/home/mikks/crazyflie_mapping_demo/ros2_ws/install/ros_gz_crazyflie_control:/home/mikks/crazyflie_mapping_demo/ros2_ws/install/mixed_fractional_consensus:/home/mikks/crazyflie_mapping_demo/ros2_ws/install/lowest_pos:/home/mikks/crazyflie_mapping_demo/ros2_ws/install/linear_consensus:/home/mikks/crazyflie_mapping_demo/ros2_ws/install/highest_pos:/home/mikks/crazyflie_mapping_demo/ros2_ws/install/fractional_consensus_alpha:/home/mikks/crazyflie_mapping_demo/ros2_ws/install/event_triggered_swarm:/home/mikks/crazyflie_mapping_demo/ros2_ws/install/drone_logger:/home/mikks/crazyflie_mapping_demo/ros2_ws/install/distributed_average_tracking:/home/mikks/crazyflie_mapping_demo/ros2_ws/install/crazyflie_swarm_logic:/home/mikks/crazyflie_mapping_demo/ros2_ws/install/crazyflie_ros2_multiranger_wall_following:/home/mikks/crazyflie_mapping_demo/ros2_ws/install/crazyflie_ros2_multiranger_simple_mapper:/home/mikks/crazyflie_mapping_demo/ros2_ws/install/crazyflie_py:/home/mikks/crazyflie_mapping_demo/ros2_ws/install/cooperative_target_centric_formation:/home/mikks/crazyflie_mapping_demo/ros2_ws/install/containment_using_agent_information:/home/mikks/crazyflie_mapping_demo/ros2_ws/install/consensus_for_double_integrator:/home/mikks/crazyflie_mapping_demo/ros2_ws/install/consensus_alignment:/home/mikks/crazyflie_mapping_demo/ros2_ws/install/binary_consensus:/home/mikks/crazyflie_mapping_demo/ros2_ws/install/Second_Order_Min_Consensus_for_Heterogeneous_Agents:/home/mikks/crazyflie_mapping_demo/ros2_ws/install/BinaryContainmentChain:/opt/ros/jazzy DEBUGINFOD_URLS=https://debuginfod.ubuntu.com LD_LIBRARY_PATH=/home/mikks/ros2_px4_ws/install/px4_ros2_cpp/lib:/home/mikks/ros2_px4_ws/install/px4_msgs/lib:${LD_LIBRARY_PATH} PYTHONPATH=/home/mikks/ros2_px4_ws/install/px4_msgs/lib/python3.12/site-packages:${PYTHONPATH} /usr/bin/cmake --build /home/mikks/ros2_px4_ws/build/example_rover_velocity_mode_cpp -- -j12 -l12
[4.816s] DEBUG:colcon.colcon_core.event_handler.log_command:Invoked command in '/home/mikks/ros2_px4_ws/build/example_mode_vtol_cpp' returned '0': AMENT_PREFIX_PATH=/home/mikks/ros2_px4_ws/install/px4_ros2_cpp:/home/mikks/ros2_px4_ws/install/px4_msgs:${AMENT_PREFIX_PATH} CMAKE_PREFIX_PATH=/home/mikks/ros2_px4_ws/install/px4_ros2_cpp:/home/mikks/ros2_px4_ws/install/px4_msgs:/home/mikks/crazyflie_mapping_demo/ros2_ws/install/crazyflie_ros2_multiranger_bringup:/home/mikks/crazyflie_mapping_demo/ros2_ws/install/ros_gz_crazyflie_bringup:/home/mikks/crazyflie_mapping_demo/ros2_ws/install/ros_gz_crazyflie_gazebo:/home/mikks/crazyflie_mapping_demo/ros2_ws/install/crazyflie_sim:/home/mikks/crazyflie_mapping_demo/ros2_ws/install/crazyflie_examples:/home/mikks/crazyflie_mapping_demo/ros2_ws/install/crazyflie:/home/mikks/crazyflie_mapping_demo/ros2_ws/install/crazyflie_interfaces:/opt/ros/jazzy/opt/gz_sim_vendor:/opt/ros/jazzy/opt/gz_sensors_vendor:/opt/ros/jazzy/opt/gz_physics_vendor:/opt/ros/jazzy/opt/sdformat_vendor:/opt/ros/jazzy/opt/gz_gui_vendor:/opt/ros/jazzy/opt/gz_transport_vendor:/opt/ros/jazzy/opt/gz_rendering_vendor:/opt/ros/jazzy/opt/gz_plugin_vendor:/opt/ros/jazzy/opt/gz_fuel_tools_vendor:/opt/ros/jazzy/opt/gz_msgs_vendor:/opt/ros/jazzy/opt/gz_common_vendor:/opt/ros/jazzy/opt/gz_math_vendor:/opt/ros/jazzy/opt/gz_utils_vendor:/opt/ros/jazzy/opt/gz_tools_vendor:/opt/ros/jazzy/opt/gz_ogre_next_vendor:/opt/ros/jazzy/opt/gz_dartsim_vendor:/opt/ros/jazzy/opt/gz_cmake_vendor:/home/mikks/ros2_ws/install/rover_desc_description:/home/mikks/ros2_ws/install/px4_actuator_ctrl:/home/mikks/ros2_ws/install/mine_rover_description:/home/mikks/ros2_ws/install/ZerionURDFV5cp_description:/home/mikks/crazyflie_mapping_demo/ros2_ws/install/velocity_free_consensus:/home/mikks/crazyflie_mapping_demo/ros2_ws/install/stepwise_lowpos:/home/mikks/crazyflie_mapping_demo/ros2_ws/install/step_wise_lowpos:/home/mikks/crazyflie_mapping_demo/ros2_ws/install/second_order_formation_control:/home/mikks/crazyflie_mapping_demo/ros2_ws/install/ros_gz_crazyflie_control:/home/mikks/crazyflie_mapping_demo/ros2_ws/install/mixed_fractional_consensus:/home/mikks/crazyflie_mapping_demo/ros2_ws/install/lowest_pos:/home/mikks/crazyflie_mapping_demo/ros2_ws/install/linear_consensus:/home/mikks/crazyflie_mapping_demo/ros2_ws/install/highest_pos:/home/mikks/crazyflie_mapping_demo/ros2_ws/install/fractional_consensus_alpha:/home/mikks/crazyflie_mapping_demo/ros2_ws/install/event_triggered_swarm:/home/mikks/crazyflie_mapping_demo/ros2_ws/install/drone_logger:/home/mikks/crazyflie_mapping_demo/ros2_ws/install/distributed_average_tracking:/home/mikks/crazyflie_mapping_demo/ros2_ws/install/crazyflie_swarm_logic:/home/mikks/crazyflie_mapping_demo/ros2_ws/install/crazyflie_ros2_multiranger_wall_following:/home/mikks/crazyflie_mapping_demo/ros2_ws/install/crazyflie_ros2_multiranger_simple_mapper:/home/mikks/crazyflie_mapping_demo/ros2_ws/install/crazyflie_py:/home/mikks/crazyflie_mapping_demo/ros2_ws/install/cooperative_target_centric_formation:/home/mikks/crazyflie_mapping_demo/ros2_ws/install/containment_using_agent_information:/home/mikks/crazyflie_mapping_demo/ros2_ws/install/consensus_for_double_integrator:/home/mikks/crazyflie_mapping_demo/ros2_ws/install/consensus_alignment:/home/mikks/crazyflie_mapping_demo/ros2_ws/install/binary_consensus:/home/mikks/crazyflie_mapping_demo/ros2_ws/install/Second_Order_Min_Consensus_for_Heterogeneous_Agents:/home/mikks/crazyflie_mapping_demo/ros2_ws/install/BinaryContainmentChain:/opt/ros/jazzy DEBUGINFOD_URLS=https://debuginfod.ubuntu.com LD_LIBRARY_PATH=/home/mikks/ros2_px4_ws/install/px4_ros2_cpp/lib:/home/mikks/ros2_px4_ws/install/px4_msgs/lib:${LD_LIBRARY_PATH} PYTHONPATH=/home/mikks/ros2_px4_ws/install/px4_msgs/lib/python3.12/site-packages:${PYTHONPATH} /usr/bin/cmake --build /home/mikks/ros2_px4_ws/build/example_mode_vtol_cpp -- -j12 -l12
[4.819s] DEBUG:colcon.colcon_core.event_handler.log_command:Invoking command in '/home/mikks/ros2_px4_ws/build/example_mode_vtol_cpp': AMENT_PREFIX_PATH=/home/mikks/ros2_px4_ws/install/px4_ros2_cpp:/home/mikks/ros2_px4_ws/install/px4_msgs:${AMENT_PREFIX_PATH} CMAKE_PREFIX_PATH=/home/mikks/ros2_px4_ws/install/px4_ros2_cpp:/home/mikks/ros2_px4_ws/install/px4_msgs:/home/mikks/crazyflie_mapping_demo/ros2_ws/install/crazyflie_ros2_multiranger_bringup:/home/mikks/crazyflie_mapping_demo/ros2_ws/install/ros_gz_crazyflie_bringup:/home/mikks/crazyflie_mapping_demo/ros2_ws/install/ros_gz_crazyflie_gazebo:/home/mikks/crazyflie_mapping_demo/ros2_ws/install/crazyflie_sim:/home/mikks/crazyflie_mapping_demo/ros2_ws/install/crazyflie_examples:/home/mikks/crazyflie_mapping_demo/ros2_ws/install/crazyflie:/home/mikks/crazyflie_mapping_demo/ros2_ws/install/crazyflie_interfaces:/opt/ros/jazzy/opt/gz_sim_vendor:/opt/ros/jazzy/opt/gz_sensors_vendor:/opt/ros/jazzy/opt/gz_physics_vendor:/opt/ros/jazzy/opt/sdformat_vendor:/opt/ros/jazzy/opt/gz_gui_vendor:/opt/ros/jazzy/opt/gz_transport_vendor:/opt/ros/jazzy/opt/gz_rendering_vendor:/opt/ros/jazzy/opt/gz_plugin_vendor:/opt/ros/jazzy/opt/gz_fuel_tools_vendor:/opt/ros/jazzy/opt/gz_msgs_vendor:/opt/ros/jazzy/opt/gz_common_vendor:/opt/ros/jazzy/opt/gz_math_vendor:/opt/ros/jazzy/opt/gz_utils_vendor:/opt/ros/jazzy/opt/gz_tools_vendor:/opt/ros/jazzy/opt/gz_ogre_next_vendor:/opt/ros/jazzy/opt/gz_dartsim_vendor:/opt/ros/jazzy/opt/gz_cmake_vendor:/home/mikks/ros2_ws/install/rover_desc_description:/home/mikks/ros2_ws/install/px4_actuator_ctrl:/home/mikks/ros2_ws/install/mine_rover_description:/home/mikks/ros2_ws/install/ZerionURDFV5cp_description:/home/mikks/crazyflie_mapping_demo/ros2_ws/install/velocity_free_consensus:/home/mikks/crazyflie_mapping_demo/ros2_ws/install/stepwise_lowpos:/home/mikks/crazyflie_mapping_demo/ros2_ws/install/step_wise_lowpos:/home/mikks/crazyflie_mapping_demo/ros2_ws/install/second_order_formation_control:/home/mikks/crazyflie_mapping_demo/ros2_ws/install/ros_gz_crazyflie_control:/home/mikks/crazyflie_mapping_demo/ros2_ws/install/mixed_fractional_consensus:/home/mikks/crazyflie_mapping_demo/ros2_ws/install/lowest_pos:/home/mikks/crazyflie_mapping_demo/ros2_ws/install/linear_consensus:/home/mikks/crazyflie_mapping_demo/ros2_ws/install/highest_pos:/home/mikks/crazyflie_mapping_demo/ros2_ws/install/fractional_consensus_alpha:/home/mikks/crazyflie_mapping_demo/ros2_ws/install/event_triggered_swarm:/home/mikks/crazyflie_mapping_demo/ros2_ws/install/drone_logger:/home/mikks/crazyflie_mapping_demo/ros2_ws/install/distributed_average_tracking:/home/mikks/crazyflie_mapping_demo/ros2_ws/install/crazyflie_swarm_logic:/home/mikks/crazyflie_mapping_demo/ros2_ws/install/crazyflie_ros2_multiranger_wall_following:/home/mikks/crazyflie_mapping_demo/ros2_ws/install/crazyflie_ros2_multiranger_simple_mapper:/home/mikks/crazyflie_mapping_demo/ros2_ws/install/crazyflie_py:/home/mikks/crazyflie_mapping_demo/ros2_ws/install/cooperative_target_centric_formation:/home/mikks/crazyflie_mapping_demo/ros2_ws/install/containment_using_agent_information:/home/mikks/crazyflie_mapping_demo/ros2_ws/install/consensus_for_double_integrator:/home/mikks/crazyflie_mapping_demo/ros2_ws/install/consensus_alignment:/home/mikks/crazyflie_mapping_demo/ros2_ws/install/binary_consensus:/home/mikks/crazyflie_mapping_demo/ros2_ws/install/Second_Order_Min_Consensus_for_Heterogeneous_Agents:/home/mikks/crazyflie_mapping_demo/ros2_ws/install/BinaryContainmentChain:/opt/ros/jazzy DEBUGINFOD_URLS=https://debuginfod.ubuntu.com LD_LIBRARY_PATH=/home/mikks/ros2_px4_ws/install/px4_ros2_cpp/lib:/home/mikks/ros2_px4_ws/install/px4_msgs/lib:${LD_LIBRARY_PATH} PYTHONPATH=/home/mikks/ros2_px4_ws/install/px4_msgs/lib/python3.12/site-packages:${PYTHONPATH} /usr/bin/cmake --install /home/mikks/ros2_px4_ws/build/example_mode_vtol_cpp
[4.864s] Level 1:colcon.colcon_core.environment:create_environment_scripts_only(example_mode_vtol_cpp)
[4.865s] DEBUG:colcon.colcon_core.event_handler.log_command:Invoked command in '/home/mikks/ros2_px4_ws/build/example_mode_vtol_cpp' returned '0': AMENT_PREFIX_PATH=/home/mikks/ros2_px4_ws/install/px4_ros2_cpp:/home/mikks/ros2_px4_ws/install/px4_msgs:${AMENT_PREFIX_PATH} CMAKE_PREFIX_PATH=/home/mikks/ros2_px4_ws/install/px4_ros2_cpp:/home/mikks/ros2_px4_ws/install/px4_msgs:/home/mikks/crazyflie_mapping_demo/ros2_ws/install/crazyflie_ros2_multiranger_bringup:/home/mikks/crazyflie_mapping_demo/ros2_ws/install/ros_gz_crazyflie_bringup:/home/mikks/crazyflie_mapping_demo/ros2_ws/install/ros_gz_crazyflie_gazebo:/home/mikks/crazyflie_mapping_demo/ros2_ws/install/crazyflie_sim:/home/mikks/crazyflie_mapping_demo/ros2_ws/install/crazyflie_examples:/home/mikks/crazyflie_mapping_demo/ros2_ws/install/crazyflie:/home/mikks/crazyflie_mapping_demo/ros2_ws/install/crazyflie_interfaces:/opt/ros/jazzy/opt/gz_sim_vendor:/opt/ros/jazzy/opt/gz_sensors_vendor:/opt/ros/jazzy/opt/gz_physics_vendor:/opt/ros/jazzy/opt/sdformat_vendor:/opt/ros/jazzy/opt/gz_gui_vendor:/opt/ros/jazzy/opt/gz_transport_vendor:/opt/ros/jazzy/opt/gz_rendering_vendor:/opt/ros/jazzy/opt/gz_plugin_vendor:/opt/ros/jazzy/opt/gz_fuel_tools_vendor:/opt/ros/jazzy/opt/gz_msgs_vendor:/opt/ros/jazzy/opt/gz_common_vendor:/opt/ros/jazzy/opt/gz_math_vendor:/opt/ros/jazzy/opt/gz_utils_vendor:/opt/ros/jazzy/opt/gz_tools_vendor:/opt/ros/jazzy/opt/gz_ogre_next_vendor:/opt/ros/jazzy/opt/gz_dartsim_vendor:/opt/ros/jazzy/opt/gz_cmake_vendor:/home/mikks/ros2_ws/install/rover_desc_description:/home/mikks/ros2_ws/install/px4_actuator_ctrl:/home/mikks/ros2_ws/install/mine_rover_description:/home/mikks/ros2_ws/install/ZerionURDFV5cp_description:/home/mikks/crazyflie_mapping_demo/ros2_ws/install/velocity_free_consensus:/home/mikks/crazyflie_mapping_demo/ros2_ws/install/stepwise_lowpos:/home/mikks/crazyflie_mapping_demo/ros2_ws/install/step_wise_lowpos:/home/mikks/crazyflie_mapping_demo/ros2_ws/install/second_order_formation_control:/home/mikks/crazyflie_mapping_demo/ros2_ws/install/ros_gz_crazyflie_control:/home/mikks/crazyflie_mapping_demo/ros2_ws/install/mixed_fractional_consensus:/home/mikks/crazyflie_mapping_demo/ros2_ws/install/lowest_pos:/home/mikks/crazyflie_mapping_demo/ros2_ws/install/linear_consensus:/home/mikks/crazyflie_mapping_demo/ros2_ws/install/highest_pos:/home/mikks/crazyflie_mapping_demo/ros2_ws/install/fractional_consensus_alpha:/home/mikks/crazyflie_mapping_demo/ros2_ws/install/event_triggered_swarm:/home/mikks/crazyflie_mapping_demo/ros2_ws/install/drone_logger:/home/mikks/crazyflie_mapping_demo/ros2_ws/install/distributed_average_tracking:/home/mikks/crazyflie_mapping_demo/ros2_ws/install/crazyflie_swarm_logic:/home/mikks/crazyflie_mapping_demo/ros2_ws/install/crazyflie_ros2_multiranger_wall_following:/home/mikks/crazyflie_mapping_demo/ros2_ws/install/crazyflie_ros2_multiranger_simple_mapper:/home/mikks/crazyflie_mapping_demo/ros2_ws/install/crazyflie_py:/home/mikks/crazyflie_mapping_demo/ros2_ws/install/cooperative_target_centric_formation:/home/mikks/crazyflie_mapping_demo/ros2_ws/install/containment_using_agent_information:/home/mikks/crazyflie_mapping_demo/ros2_ws/install/consensus_for_double_integrator:/home/mikks/crazyflie_mapping_demo/ros2_ws/install/consensus_alignment:/home/mikks/crazyflie_mapping_demo/ros2_ws/install/binary_consensus:/home/mikks/crazyflie_mapping_demo/ros2_ws/install/Second_Order_Min_Consensus_for_Heterogeneous_Agents:/home/mikks/crazyflie_mapping_demo/ros2_ws/install/BinaryContainmentChain:/opt/ros/jazzy DEBUGINFOD_URLS=https://debuginfod.ubuntu.com LD_LIBRARY_PATH=/home/mikks/ros2_px4_ws/install/px4_ros2_cpp/lib:/home/mikks/ros2_px4_ws/install/px4_msgs/lib:${LD_LIBRARY_PATH} PYTHONPATH=/home/mikks/ros2_px4_ws/install/px4_msgs/lib/python3.12/site-packages:${PYTHONPATH} /usr/bin/cmake --install /home/mikks/ros2_px4_ws/build/example_mode_vtol_cpp
[4.868s] Level 1:colcon.colcon_core.environment:checking '/home/mikks/ros2_px4_ws/install/example_mode_vtol_cpp' for CMake module files
[4.869s] Level 1:colcon.colcon_core.environment:checking '/home/mikks/ros2_px4_ws/install/example_mode_vtol_cpp' for CMake config files
[4.869s] Level 1:colcon.colcon_core.shell:create_environment_hook('example_mode_vtol_cpp', 'cmake_prefix_path')
[4.870s] INFO:colcon.colcon_core.shell:Creating environment hook '/home/mikks/ros2_px4_ws/install/example_mode_vtol_cpp/share/example_mode_vtol_cpp/hook/cmake_prefix_path.ps1'
[4.870s] INFO:colcon.colcon_core.shell:Creating environment descriptor '/home/mikks/ros2_px4_ws/install/example_mode_vtol_cpp/share/example_mode_vtol_cpp/hook/cmake_prefix_path.dsv'
[4.871s] INFO:colcon.colcon_core.shell:Creating environment hook '/home/mikks/ros2_px4_ws/install/example_mode_vtol_cpp/share/example_mode_vtol_cpp/hook/cmake_prefix_path.sh'
[4.871s] Level 1:colcon.colcon_core.environment:checking '/home/mikks/ros2_px4_ws/install/example_mode_vtol_cpp/lib'
[4.871s] Level 1:colcon.colcon_core.environment:checking '/home/mikks/ros2_px4_ws/install/example_mode_vtol_cpp/bin'
[4.871s] Level 1:colcon.colcon_core.environment:checking '/home/mikks/ros2_px4_ws/install/example_mode_vtol_cpp/lib/pkgconfig/example_mode_vtol_cpp.pc'
[4.872s] Level 1:colcon.colcon_core.environment:checking '/home/mikks/ros2_px4_ws/install/example_mode_vtol_cpp/lib/python3.12/site-packages'
[4.872s] Level 1:colcon.colcon_core.environment:checking '/home/mikks/ros2_px4_ws/install/example_mode_vtol_cpp/bin'
[4.872s] INFO:colcon.colcon_core.shell:Creating package script '/home/mikks/ros2_px4_ws/install/example_mode_vtol_cpp/share/example_mode_vtol_cpp/package.ps1'
[4.873s] INFO:colcon.colcon_core.shell:Creating package descriptor '/home/mikks/ros2_px4_ws/install/example_mode_vtol_cpp/share/example_mode_vtol_cpp/package.dsv'
[4.873s] INFO:colcon.colcon_core.shell:Creating package script '/home/mikks/ros2_px4_ws/install/example_mode_vtol_cpp/share/example_mode_vtol_cpp/package.sh'
[4.874s] INFO:colcon.colcon_core.shell:Creating package script '/home/mikks/ros2_px4_ws/install/example_mode_vtol_cpp/share/example_mode_vtol_cpp/package.bash'
[4.874s] INFO:colcon.colcon_core.shell:Creating package script '/home/mikks/ros2_px4_ws/install/example_mode_vtol_cpp/share/example_mode_vtol_cpp/package.zsh'
[4.875s] Level 1:colcon.colcon_core.environment:create_file_with_runtime_dependencies(/home/mikks/ros2_px4_ws/install/example_mode_vtol_cpp/share/colcon-core/packages/example_mode_vtol_cpp)
[4.875s] Level 1:colcon.colcon_core.environment:create_environment_scripts_only(example_mode_vtol_cpp)
[4.876s] Level 1:colcon.colcon_core.environment:checking '/home/mikks/ros2_px4_ws/install/example_mode_vtol_cpp' for CMake module files
[4.876s] Level 1:colcon.colcon_core.environment:checking '/home/mikks/ros2_px4_ws/install/example_mode_vtol_cpp' for CMake config files
[4.877s] Level 1:colcon.colcon_core.shell:create_environment_hook('example_mode_vtol_cpp', 'cmake_prefix_path')
[4.877s] INFO:colcon.colcon_core.shell:Creating environment hook '/home/mikks/ros2_px4_ws/install/example_mode_vtol_cpp/share/example_mode_vtol_cpp/hook/cmake_prefix_path.ps1'
[4.879s] INFO:colcon.colcon_core.shell:Creating environment descriptor '/home/mikks/ros2_px4_ws/install/example_mode_vtol_cpp/share/example_mode_vtol_cpp/hook/cmake_prefix_path.dsv'
[4.879s] INFO:colcon.colcon_core.shell:Creating environment hook '/home/mikks/ros2_px4_ws/install/example_mode_vtol_cpp/share/example_mode_vtol_cpp/hook/cmake_prefix_path.sh'
[4.881s] Level 1:colcon.colcon_core.environment:checking '/home/mikks/ros2_px4_ws/install/example_mode_vtol_cpp/lib'
[4.882s] Level 1:colcon.colcon_core.environment:checking '/home/mikks/ros2_px4_ws/install/example_mode_vtol_cpp/bin'
[4.882s] Level 1:colcon.colcon_core.environment:checking '/home/mikks/ros2_px4_ws/install/example_mode_vtol_cpp/lib/pkgconfig/example_mode_vtol_cpp.pc'
[4.882s] Level 1:colcon.colcon_core.environment:checking '/home/mikks/ros2_px4_ws/install/example_mode_vtol_cpp/lib/python3.12/site-packages'
[4.882s] Level 1:colcon.colcon_core.environment:checking '/home/mikks/ros2_px4_ws/install/example_mode_vtol_cpp/bin'
[4.883s] INFO:colcon.colcon_core.shell:Creating package script '/home/mikks/ros2_px4_ws/install/example_mode_vtol_cpp/share/example_mode_vtol_cpp/package.ps1'
[4.883s] INFO:colcon.colcon_core.shell:Creating package descriptor '/home/mikks/ros2_px4_ws/install/example_mode_vtol_cpp/share/example_mode_vtol_cpp/package.dsv'
[4.884s] INFO:colcon.colcon_core.shell:Creating package script '/home/mikks/ros2_px4_ws/install/example_mode_vtol_cpp/share/example_mode_vtol_cpp/package.sh'
[4.884s] INFO:colcon.colcon_core.shell:Creating package script '/home/mikks/ros2_px4_ws/install/example_mode_vtol_cpp/share/example_mode_vtol_cpp/package.bash'
[4.885s] INFO:colcon.colcon_core.shell:Creating package script '/home/mikks/ros2_px4_ws/install/example_mode_vtol_cpp/share/example_mode_vtol_cpp/package.zsh'
[4.886s] Level 1:colcon.colcon_core.environment:create_file_with_runtime_dependencies(/home/mikks/ros2_px4_ws/install/example_mode_vtol_cpp/share/colcon-core/packages/example_mode_vtol_cpp)
[4.888s] DEBUG:colcon.colcon_core.event_handler.log_command:Invoked command in '/home/mikks/ros2_px4_ws/build/example_mode_with_executor_cpp' returned '0': AMENT_PREFIX_PATH=/home/mikks/ros2_px4_ws/install/px4_ros2_cpp:/home/mikks/ros2_px4_ws/install/px4_msgs:${AMENT_PREFIX_PATH} CMAKE_PREFIX_PATH=/home/mikks/ros2_px4_ws/install/px4_ros2_cpp:/home/mikks/ros2_px4_ws/install/px4_msgs:/home/mikks/crazyflie_mapping_demo/ros2_ws/install/crazyflie_ros2_multiranger_bringup:/home/mikks/crazyflie_mapping_demo/ros2_ws/install/ros_gz_crazyflie_bringup:/home/mikks/crazyflie_mapping_demo/ros2_ws/install/ros_gz_crazyflie_gazebo:/home/mikks/crazyflie_mapping_demo/ros2_ws/install/crazyflie_sim:/home/mikks/crazyflie_mapping_demo/ros2_ws/install/crazyflie_examples:/home/mikks/crazyflie_mapping_demo/ros2_ws/install/crazyflie:/home/mikks/crazyflie_mapping_demo/ros2_ws/install/crazyflie_interfaces:/opt/ros/jazzy/opt/gz_sim_vendor:/opt/ros/jazzy/opt/gz_sensors_vendor:/opt/ros/jazzy/opt/gz_physics_vendor:/opt/ros/jazzy/opt/sdformat_vendor:/opt/ros/jazzy/opt/gz_gui_vendor:/opt/ros/jazzy/opt/gz_transport_vendor:/opt/ros/jazzy/opt/gz_rendering_vendor:/opt/ros/jazzy/opt/gz_plugin_vendor:/opt/ros/jazzy/opt/gz_fuel_tools_vendor:/opt/ros/jazzy/opt/gz_msgs_vendor:/opt/ros/jazzy/opt/gz_common_vendor:/opt/ros/jazzy/opt/gz_math_vendor:/opt/ros/jazzy/opt/gz_utils_vendor:/opt/ros/jazzy/opt/gz_tools_vendor:/opt/ros/jazzy/opt/gz_ogre_next_vendor:/opt/ros/jazzy/opt/gz_dartsim_vendor:/opt/ros/jazzy/opt/gz_cmake_vendor:/home/mikks/ros2_ws/install/rover_desc_description:/home/mikks/ros2_ws/install/px4_actuator_ctrl:/home/mikks/ros2_ws/install/mine_rover_description:/home/mikks/ros2_ws/install/ZerionURDFV5cp_description:/home/mikks/crazyflie_mapping_demo/ros2_ws/install/velocity_free_consensus:/home/mikks/crazyflie_mapping_demo/ros2_ws/install/stepwise_lowpos:/home/mikks/crazyflie_mapping_demo/ros2_ws/install/step_wise_lowpos:/home/mikks/crazyflie_mapping_demo/ros2_ws/install/second_order_formation_control:/home/mikks/crazyflie_mapping_demo/ros2_ws/install/ros_gz_crazyflie_control:/home/mikks/crazyflie_mapping_demo/ros2_ws/install/mixed_fractional_consensus:/home/mikks/crazyflie_mapping_demo/ros2_ws/install/lowest_pos:/home/mikks/crazyflie_mapping_demo/ros2_ws/install/linear_consensus:/home/mikks/crazyflie_mapping_demo/ros2_ws/install/highest_pos:/home/mikks/crazyflie_mapping_demo/ros2_ws/install/fractional_consensus_alpha:/home/mikks/crazyflie_mapping_demo/ros2_ws/install/event_triggered_swarm:/home/mikks/crazyflie_mapping_demo/ros2_ws/install/drone_logger:/home/mikks/crazyflie_mapping_demo/ros2_ws/install/distributed_average_tracking:/home/mikks/crazyflie_mapping_demo/ros2_ws/install/crazyflie_swarm_logic:/home/mikks/crazyflie_mapping_demo/ros2_ws/install/crazyflie_ros2_multiranger_wall_following:/home/mikks/crazyflie_mapping_demo/ros2_ws/install/crazyflie_ros2_multiranger_simple_mapper:/home/mikks/crazyflie_mapping_demo/ros2_ws/install/crazyflie_py:/home/mikks/crazyflie_mapping_demo/ros2_ws/install/cooperative_target_centric_formation:/home/mikks/crazyflie_mapping_demo/ros2_ws/install/containment_using_agent_information:/home/mikks/crazyflie_mapping_demo/ros2_ws/install/consensus_for_double_integrator:/home/mikks/crazyflie_mapping_demo/ros2_ws/install/consensus_alignment:/home/mikks/crazyflie_mapping_demo/ros2_ws/install/binary_consensus:/home/mikks/crazyflie_mapping_demo/ros2_ws/install/Second_Order_Min_Consensus_for_Heterogeneous_Agents:/home/mikks/crazyflie_mapping_demo/ros2_ws/install/BinaryContainmentChain:/opt/ros/jazzy DEBUGINFOD_URLS=https://debuginfod.ubuntu.com LD_LIBRARY_PATH=/home/mikks/ros2_px4_ws/install/px4_ros2_cpp/lib:/home/mikks/ros2_px4_ws/install/px4_msgs/lib:${LD_LIBRARY_PATH} PYTHONPATH=/home/mikks/ros2_px4_ws/install/px4_msgs/lib/python3.12/site-packages:${PYTHONPATH} /usr/bin/cmake --build /home/mikks/ros2_px4_ws/build/example_mode_with_executor_cpp -- -j12 -l12
[4.889s] DEBUG:colcon.colcon_core.event_handler.log_command:Invoking command in '/home/mikks/ros2_px4_ws/build/example_mode_with_executor_cpp': AMENT_PREFIX_PATH=/home/mikks/ros2_px4_ws/install/px4_ros2_cpp:/home/mikks/ros2_px4_ws/install/px4_msgs:${AMENT_PREFIX_PATH} CMAKE_PREFIX_PATH=/home/mikks/ros2_px4_ws/install/px4_ros2_cpp:/home/mikks/ros2_px4_ws/install/px4_msgs:/home/mikks/crazyflie_mapping_demo/ros2_ws/install/crazyflie_ros2_multiranger_bringup:/home/mikks/crazyflie_mapping_demo/ros2_ws/install/ros_gz_crazyflie_bringup:/home/mikks/crazyflie_mapping_demo/ros2_ws/install/ros_gz_crazyflie_gazebo:/home/mikks/crazyflie_mapping_demo/ros2_ws/install/crazyflie_sim:/home/mikks/crazyflie_mapping_demo/ros2_ws/install/crazyflie_examples:/home/mikks/crazyflie_mapping_demo/ros2_ws/install/crazyflie:/home/mikks/crazyflie_mapping_demo/ros2_ws/install/crazyflie_interfaces:/opt/ros/jazzy/opt/gz_sim_vendor:/opt/ros/jazzy/opt/gz_sensors_vendor:/opt/ros/jazzy/opt/gz_physics_vendor:/opt/ros/jazzy/opt/sdformat_vendor:/opt/ros/jazzy/opt/gz_gui_vendor:/opt/ros/jazzy/opt/gz_transport_vendor:/opt/ros/jazzy/opt/gz_rendering_vendor:/opt/ros/jazzy/opt/gz_plugin_vendor:/opt/ros/jazzy/opt/gz_fuel_tools_vendor:/opt/ros/jazzy/opt/gz_msgs_vendor:/opt/ros/jazzy/opt/gz_common_vendor:/opt/ros/jazzy/opt/gz_math_vendor:/opt/ros/jazzy/opt/gz_utils_vendor:/opt/ros/jazzy/opt/gz_tools_vendor:/opt/ros/jazzy/opt/gz_ogre_next_vendor:/opt/ros/jazzy/opt/gz_dartsim_vendor:/opt/ros/jazzy/opt/gz_cmake_vendor:/home/mikks/ros2_ws/install/rover_desc_description:/home/mikks/ros2_ws/install/px4_actuator_ctrl:/home/mikks/ros2_ws/install/mine_rover_description:/home/mikks/ros2_ws/install/ZerionURDFV5cp_description:/home/mikks/crazyflie_mapping_demo/ros2_ws/install/velocity_free_consensus:/home/mikks/crazyflie_mapping_demo/ros2_ws/install/stepwise_lowpos:/home/mikks/crazyflie_mapping_demo/ros2_ws/install/step_wise_lowpos:/home/mikks/crazyflie_mapping_demo/ros2_ws/install/second_order_formation_control:/home/mikks/crazyflie_mapping_demo/ros2_ws/install/ros_gz_crazyflie_control:/home/mikks/crazyflie_mapping_demo/ros2_ws/install/mixed_fractional_consensus:/home/mikks/crazyflie_mapping_demo/ros2_ws/install/lowest_pos:/home/mikks/crazyflie_mapping_demo/ros2_ws/install/linear_consensus:/home/mikks/crazyflie_mapping_demo/ros2_ws/install/highest_pos:/home/mikks/crazyflie_mapping_demo/ros2_ws/install/fractional_consensus_alpha:/home/mikks/crazyflie_mapping_demo/ros2_ws/install/event_triggered_swarm:/home/mikks/crazyflie_mapping_demo/ros2_ws/install/drone_logger:/home/mikks/crazyflie_mapping_demo/ros2_ws/install/distributed_average_tracking:/home/mikks/crazyflie_mapping_demo/ros2_ws/install/crazyflie_swarm_logic:/home/mikks/crazyflie_mapping_demo/ros2_ws/install/crazyflie_ros2_multiranger_wall_following:/home/mikks/crazyflie_mapping_demo/ros2_ws/install/crazyflie_ros2_multiranger_simple_mapper:/home/mikks/crazyflie_mapping_demo/ros2_ws/install/crazyflie_py:/home/mikks/crazyflie_mapping_demo/ros2_ws/install/cooperative_target_centric_formation:/home/mikks/crazyflie_mapping_demo/ros2_ws/install/containment_using_agent_information:/home/mikks/crazyflie_mapping_demo/ros2_ws/install/consensus_for_double_integrator:/home/mikks/crazyflie_mapping_demo/ros2_ws/install/consensus_alignment:/home/mikks/crazyflie_mapping_demo/ros2_ws/install/binary_consensus:/home/mikks/crazyflie_mapping_demo/ros2_ws/install/Second_Order_Min_Consensus_for_Heterogeneous_Agents:/home/mikks/crazyflie_mapping_demo/ros2_ws/install/BinaryContainmentChain:/opt/ros/jazzy DEBUGINFOD_URLS=https://debuginfod.ubuntu.com LD_LIBRARY_PATH=/home/mikks/ros2_px4_ws/install/px4_ros2_cpp/lib:/home/mikks/ros2_px4_ws/install/px4_msgs/lib:${LD_LIBRARY_PATH} PYTHONPATH=/home/mikks/ros2_px4_ws/install/px4_msgs/lib/python3.12/site-packages:${PYTHONPATH} /usr/bin/cmake --install /home/mikks/ros2_px4_ws/build/example_mode_with_executor_cpp
[4.914s] DEBUG:colcon.colcon_core.event_handler.log_command:Invoked command in '/home/mikks/ros2_px4_ws/build/example_rover_velocity_mode_cpp' returned '0': AMENT_PREFIX_PATH=/home/mikks/ros2_px4_ws/install/px4_ros2_cpp:/home/mikks/ros2_px4_ws/install/px4_msgs:${AMENT_PREFIX_PATH} CMAKE_PREFIX_PATH=/home/mikks/ros2_px4_ws/install/px4_ros2_cpp:/home/mikks/ros2_px4_ws/install/px4_msgs:/home/mikks/crazyflie_mapping_demo/ros2_ws/install/crazyflie_ros2_multiranger_bringup:/home/mikks/crazyflie_mapping_demo/ros2_ws/install/ros_gz_crazyflie_bringup:/home/mikks/crazyflie_mapping_demo/ros2_ws/install/ros_gz_crazyflie_gazebo:/home/mikks/crazyflie_mapping_demo/ros2_ws/install/crazyflie_sim:/home/mikks/crazyflie_mapping_demo/ros2_ws/install/crazyflie_examples:/home/mikks/crazyflie_mapping_demo/ros2_ws/install/crazyflie:/home/mikks/crazyflie_mapping_demo/ros2_ws/install/crazyflie_interfaces:/opt/ros/jazzy/opt/gz_sim_vendor:/opt/ros/jazzy/opt/gz_sensors_vendor:/opt/ros/jazzy/opt/gz_physics_vendor:/opt/ros/jazzy/opt/sdformat_vendor:/opt/ros/jazzy/opt/gz_gui_vendor:/opt/ros/jazzy/opt/gz_transport_vendor:/opt/ros/jazzy/opt/gz_rendering_vendor:/opt/ros/jazzy/opt/gz_plugin_vendor:/opt/ros/jazzy/opt/gz_fuel_tools_vendor:/opt/ros/jazzy/opt/gz_msgs_vendor:/opt/ros/jazzy/opt/gz_common_vendor:/opt/ros/jazzy/opt/gz_math_vendor:/opt/ros/jazzy/opt/gz_utils_vendor:/opt/ros/jazzy/opt/gz_tools_vendor:/opt/ros/jazzy/opt/gz_ogre_next_vendor:/opt/ros/jazzy/opt/gz_dartsim_vendor:/opt/ros/jazzy/opt/gz_cmake_vendor:/home/mikks/ros2_ws/install/rover_desc_description:/home/mikks/ros2_ws/install/px4_actuator_ctrl:/home/mikks/ros2_ws/install/mine_rover_description:/home/mikks/ros2_ws/install/ZerionURDFV5cp_description:/home/mikks/crazyflie_mapping_demo/ros2_ws/install/velocity_free_consensus:/home/mikks/crazyflie_mapping_demo/ros2_ws/install/stepwise_lowpos:/home/mikks/crazyflie_mapping_demo/ros2_ws/install/step_wise_lowpos:/home/mikks/crazyflie_mapping_demo/ros2_ws/install/second_order_formation_control:/home/mikks/crazyflie_mapping_demo/ros2_ws/install/ros_gz_crazyflie_control:/home/mikks/crazyflie_mapping_demo/ros2_ws/install/mixed_fractional_consensus:/home/mikks/crazyflie_mapping_demo/ros2_ws/install/lowest_pos:/home/mikks/crazyflie_mapping_demo/ros2_ws/install/linear_consensus:/home/mikks/crazyflie_mapping_demo/ros2_ws/install/highest_pos:/home/mikks/crazyflie_mapping_demo/ros2_ws/install/fractional_consensus_alpha:/home/mikks/crazyflie_mapping_demo/ros2_ws/install/event_triggered_swarm:/home/mikks/crazyflie_mapping_demo/ros2_ws/install/drone_logger:/home/mikks/crazyflie_mapping_demo/ros2_ws/install/distributed_average_tracking:/home/mikks/crazyflie_mapping_demo/ros2_ws/install/crazyflie_swarm_logic:/home/mikks/crazyflie_mapping_demo/ros2_ws/install/crazyflie_ros2_multiranger_wall_following:/home/mikks/crazyflie_mapping_demo/ros2_ws/install/crazyflie_ros2_multiranger_simple_mapper:/home/mikks/crazyflie_mapping_demo/ros2_ws/install/crazyflie_py:/home/mikks/crazyflie_mapping_demo/ros2_ws/install/cooperative_target_centric_formation:/home/mikks/crazyflie_mapping_demo/ros2_ws/install/containment_using_agent_information:/home/mikks/crazyflie_mapping_demo/ros2_ws/install/consensus_for_double_integrator:/home/mikks/crazyflie_mapping_demo/ros2_ws/install/consensus_alignment:/home/mikks/crazyflie_mapping_demo/ros2_ws/install/binary_consensus:/home/mikks/crazyflie_mapping_demo/ros2_ws/install/Second_Order_Min_Consensus_for_Heterogeneous_Agents:/home/mikks/crazyflie_mapping_demo/ros2_ws/install/BinaryContainmentChain:/opt/ros/jazzy DEBUGINFOD_URLS=https://debuginfod.ubuntu.com LD_LIBRARY_PATH=/home/mikks/ros2_px4_ws/install/px4_ros2_cpp/lib:/home/mikks/ros2_px4_ws/install/px4_msgs/lib:${LD_LIBRARY_PATH} PYTHONPATH=/home/mikks/ros2_px4_ws/install/px4_msgs/lib/python3.12/site-packages:${PYTHONPATH} /usr/bin/cmake --build /home/mikks/ros2_px4_ws/build/example_rover_velocity_mode_cpp -- -j12 -l12
[4.916s] DEBUG:colcon.colcon_core.event_handler.log_command:Invoking command in '/home/mikks/ros2_px4_ws/build/example_rover_velocity_mode_cpp': AMENT_PREFIX_PATH=/home/mikks/ros2_px4_ws/install/px4_ros2_cpp:/home/mikks/ros2_px4_ws/install/px4_msgs:${AMENT_PREFIX_PATH} CMAKE_PREFIX_PATH=/home/mikks/ros2_px4_ws/install/px4_ros2_cpp:/home/mikks/ros2_px4_ws/install/px4_msgs:/home/mikks/crazyflie_mapping_demo/ros2_ws/install/crazyflie_ros2_multiranger_bringup:/home/mikks/crazyflie_mapping_demo/ros2_ws/install/ros_gz_crazyflie_bringup:/home/mikks/crazyflie_mapping_demo/ros2_ws/install/ros_gz_crazyflie_gazebo:/home/mikks/crazyflie_mapping_demo/ros2_ws/install/crazyflie_sim:/home/mikks/crazyflie_mapping_demo/ros2_ws/install/crazyflie_examples:/home/mikks/crazyflie_mapping_demo/ros2_ws/install/crazyflie:/home/mikks/crazyflie_mapping_demo/ros2_ws/install/crazyflie_interfaces:/opt/ros/jazzy/opt/gz_sim_vendor:/opt/ros/jazzy/opt/gz_sensors_vendor:/opt/ros/jazzy/opt/gz_physics_vendor:/opt/ros/jazzy/opt/sdformat_vendor:/opt/ros/jazzy/opt/gz_gui_vendor:/opt/ros/jazzy/opt/gz_transport_vendor:/opt/ros/jazzy/opt/gz_rendering_vendor:/opt/ros/jazzy/opt/gz_plugin_vendor:/opt/ros/jazzy/opt/gz_fuel_tools_vendor:/opt/ros/jazzy/opt/gz_msgs_vendor:/opt/ros/jazzy/opt/gz_common_vendor:/opt/ros/jazzy/opt/gz_math_vendor:/opt/ros/jazzy/opt/gz_utils_vendor:/opt/ros/jazzy/opt/gz_tools_vendor:/opt/ros/jazzy/opt/gz_ogre_next_vendor:/opt/ros/jazzy/opt/gz_dartsim_vendor:/opt/ros/jazzy/opt/gz_cmake_vendor:/home/mikks/ros2_ws/install/rover_desc_description:/home/mikks/ros2_ws/install/px4_actuator_ctrl:/home/mikks/ros2_ws/install/mine_rover_description:/home/mikks/ros2_ws/install/ZerionURDFV5cp_description:/home/mikks/crazyflie_mapping_demo/ros2_ws/install/velocity_free_consensus:/home/mikks/crazyflie_mapping_demo/ros2_ws/install/stepwise_lowpos:/home/mikks/crazyflie_mapping_demo/ros2_ws/install/step_wise_lowpos:/home/mikks/crazyflie_mapping_demo/ros2_ws/install/second_order_formation_control:/home/mikks/crazyflie_mapping_demo/ros2_ws/install/ros_gz_crazyflie_control:/home/mikks/crazyflie_mapping_demo/ros2_ws/install/mixed_fractional_consensus:/home/mikks/crazyflie_mapping_demo/ros2_ws/install/lowest_pos:/home/mikks/crazyflie_mapping_demo/ros2_ws/install/linear_consensus:/home/mikks/crazyflie_mapping_demo/ros2_ws/install/highest_pos:/home/mikks/crazyflie_mapping_demo/ros2_ws/install/fractional_consensus_alpha:/home/mikks/crazyflie_mapping_demo/ros2_ws/install/event_triggered_swarm:/home/mikks/crazyflie_mapping_demo/ros2_ws/install/drone_logger:/home/mikks/crazyflie_mapping_demo/ros2_ws/install/distributed_average_tracking:/home/mikks/crazyflie_mapping_demo/ros2_ws/install/crazyflie_swarm_logic:/home/mikks/crazyflie_mapping_demo/ros2_ws/install/crazyflie_ros2_multiranger_wall_following:/home/mikks/crazyflie_mapping_demo/ros2_ws/install/crazyflie_ros2_multiranger_simple_mapper:/home/mikks/crazyflie_mapping_demo/ros2_ws/install/crazyflie_py:/home/mikks/crazyflie_mapping_demo/ros2_ws/install/cooperative_target_centric_formation:/home/mikks/crazyflie_mapping_demo/ros2_ws/install/containment_using_agent_information:/home/mikks/crazyflie_mapping_demo/ros2_ws/install/consensus_for_double_integrator:/home/mikks/crazyflie_mapping_demo/ros2_ws/install/consensus_alignment:/home/mikks/crazyflie_mapping_demo/ros2_ws/install/binary_consensus:/home/mikks/crazyflie_mapping_demo/ros2_ws/install/Second_Order_Min_Consensus_for_Heterogeneous_Agents:/home/mikks/crazyflie_mapping_demo/ros2_ws/install/BinaryContainmentChain:/opt/ros/jazzy DEBUGINFOD_URLS=https://debuginfod.ubuntu.com LD_LIBRARY_PATH=/home/mikks/ros2_px4_ws/install/px4_ros2_cpp/lib:/home/mikks/ros2_px4_ws/install/px4_msgs/lib:${LD_LIBRARY_PATH} PYTHONPATH=/home/mikks/ros2_px4_ws/install/px4_msgs/lib/python3.12/site-packages:${PYTHONPATH} /usr/bin/cmake --install /home/mikks/ros2_px4_ws/build/example_rover_velocity_mode_cpp
[4.922s] Level 1:colcon.colcon_core.environment:create_environment_scripts_only(example_mode_with_executor_cpp)
[4.922s] Level 1:colcon.colcon_core.environment:checking '/home/mikks/ros2_px4_ws/install/example_mode_with_executor_cpp' for CMake module files
[4.923s] Level 1:colcon.colcon_core.environment:checking '/home/mikks/ros2_px4_ws/install/example_mode_with_executor_cpp' for CMake config files
[4.924s] Level 1:colcon.colcon_core.shell:create_environment_hook('example_mode_with_executor_cpp', 'cmake_prefix_path')
[4.924s] INFO:colcon.colcon_core.shell:Creating environment hook '/home/mikks/ros2_px4_ws/install/example_mode_with_executor_cpp/share/example_mode_with_executor_cpp/hook/cmake_prefix_path.ps1'
[4.924s] INFO:colcon.colcon_core.shell:Creating environment descriptor '/home/mikks/ros2_px4_ws/install/example_mode_with_executor_cpp/share/example_mode_with_executor_cpp/hook/cmake_prefix_path.dsv'
[4.925s] DEBUG:colcon.colcon_core.event_handler.log_command:Invoked command in '/home/mikks/ros2_px4_ws/build/example_mode_with_executor_cpp' returned '0': AMENT_PREFIX_PATH=/home/mikks/ros2_px4_ws/install/px4_ros2_cpp:/home/mikks/ros2_px4_ws/install/px4_msgs:${AMENT_PREFIX_PATH} CMAKE_PREFIX_PATH=/home/mikks/ros2_px4_ws/install/px4_ros2_cpp:/home/mikks/ros2_px4_ws/install/px4_msgs:/home/mikks/crazyflie_mapping_demo/ros2_ws/install/crazyflie_ros2_multiranger_bringup:/home/mikks/crazyflie_mapping_demo/ros2_ws/install/ros_gz_crazyflie_bringup:/home/mikks/crazyflie_mapping_demo/ros2_ws/install/ros_gz_crazyflie_gazebo:/home/mikks/crazyflie_mapping_demo/ros2_ws/install/crazyflie_sim:/home/mikks/crazyflie_mapping_demo/ros2_ws/install/crazyflie_examples:/home/mikks/crazyflie_mapping_demo/ros2_ws/install/crazyflie:/home/mikks/crazyflie_mapping_demo/ros2_ws/install/crazyflie_interfaces:/opt/ros/jazzy/opt/gz_sim_vendor:/opt/ros/jazzy/opt/gz_sensors_vendor:/opt/ros/jazzy/opt/gz_physics_vendor:/opt/ros/jazzy/opt/sdformat_vendor:/opt/ros/jazzy/opt/gz_gui_vendor:/opt/ros/jazzy/opt/gz_transport_vendor:/opt/ros/jazzy/opt/gz_rendering_vendor:/opt/ros/jazzy/opt/gz_plugin_vendor:/opt/ros/jazzy/opt/gz_fuel_tools_vendor:/opt/ros/jazzy/opt/gz_msgs_vendor:/opt/ros/jazzy/opt/gz_common_vendor:/opt/ros/jazzy/opt/gz_math_vendor:/opt/ros/jazzy/opt/gz_utils_vendor:/opt/ros/jazzy/opt/gz_tools_vendor:/opt/ros/jazzy/opt/gz_ogre_next_vendor:/opt/ros/jazzy/opt/gz_dartsim_vendor:/opt/ros/jazzy/opt/gz_cmake_vendor:/home/mikks/ros2_ws/install/rover_desc_description:/home/mikks/ros2_ws/install/px4_actuator_ctrl:/home/mikks/ros2_ws/install/mine_rover_description:/home/mikks/ros2_ws/install/ZerionURDFV5cp_description:/home/mikks/crazyflie_mapping_demo/ros2_ws/install/velocity_free_consensus:/home/mikks/crazyflie_mapping_demo/ros2_ws/install/stepwise_lowpos:/home/mikks/crazyflie_mapping_demo/ros2_ws/install/step_wise_lowpos:/home/mikks/crazyflie_mapping_demo/ros2_ws/install/second_order_formation_control:/home/mikks/crazyflie_mapping_demo/ros2_ws/install/ros_gz_crazyflie_control:/home/mikks/crazyflie_mapping_demo/ros2_ws/install/mixed_fractional_consensus:/home/mikks/crazyflie_mapping_demo/ros2_ws/install/lowest_pos:/home/mikks/crazyflie_mapping_demo/ros2_ws/install/linear_consensus:/home/mikks/crazyflie_mapping_demo/ros2_ws/install/highest_pos:/home/mikks/crazyflie_mapping_demo/ros2_ws/install/fractional_consensus_alpha:/home/mikks/crazyflie_mapping_demo/ros2_ws/install/event_triggered_swarm:/home/mikks/crazyflie_mapping_demo/ros2_ws/install/drone_logger:/home/mikks/crazyflie_mapping_demo/ros2_ws/install/distributed_average_tracking:/home/mikks/crazyflie_mapping_demo/ros2_ws/install/crazyflie_swarm_logic:/home/mikks/crazyflie_mapping_demo/ros2_ws/install/crazyflie_ros2_multiranger_wall_following:/home/mikks/crazyflie_mapping_demo/ros2_ws/install/crazyflie_ros2_multiranger_simple_mapper:/home/mikks/crazyflie_mapping_demo/ros2_ws/install/crazyflie_py:/home/mikks/crazyflie_mapping_demo/ros2_ws/install/cooperative_target_centric_formation:/home/mikks/crazyflie_mapping_demo/ros2_ws/install/containment_using_agent_information:/home/mikks/crazyflie_mapping_demo/ros2_ws/install/consensus_for_double_integrator:/home/mikks/crazyflie_mapping_demo/ros2_ws/install/consensus_alignment:/home/mikks/crazyflie_mapping_demo/ros2_ws/install/binary_consensus:/home/mikks/crazyflie_mapping_demo/ros2_ws/install/Second_Order_Min_Consensus_for_Heterogeneous_Agents:/home/mikks/crazyflie_mapping_demo/ros2_ws/install/BinaryContainmentChain:/opt/ros/jazzy DEBUGINFOD_URLS=https://debuginfod.ubuntu.com LD_LIBRARY_PATH=/home/mikks/ros2_px4_ws/install/px4_ros2_cpp/lib:/home/mikks/ros2_px4_ws/install/px4_msgs/lib:${LD_LIBRARY_PATH} PYTHONPATH=/home/mikks/ros2_px4_ws/install/px4_msgs/lib/python3.12/site-packages:${PYTHONPATH} /usr/bin/cmake --install /home/mikks/ros2_px4_ws/build/example_mode_with_executor_cpp
[4.926s] INFO:colcon.colcon_core.shell:Creating environment hook '/home/mikks/ros2_px4_ws/install/example_mode_with_executor_cpp/share/example_mode_with_executor_cpp/hook/cmake_prefix_path.sh'
[4.927s] Level 1:colcon.colcon_core.environment:checking '/home/mikks/ros2_px4_ws/install/example_mode_with_executor_cpp/lib'
[4.927s] Level 1:colcon.colcon_core.environment:checking '/home/mikks/ros2_px4_ws/install/example_mode_with_executor_cpp/bin'
[4.927s] Level 1:colcon.colcon_core.environment:checking '/home/mikks/ros2_px4_ws/install/example_mode_with_executor_cpp/lib/pkgconfig/example_mode_with_executor_cpp.pc'
[4.927s] Level 1:colcon.colcon_core.environment:checking '/home/mikks/ros2_px4_ws/install/example_mode_with_executor_cpp/lib/python3.12/site-packages'
[4.928s] Level 1:colcon.colcon_core.environment:checking '/home/mikks/ros2_px4_ws/install/example_mode_with_executor_cpp/bin'
[4.928s] INFO:colcon.colcon_core.shell:Creating package script '/home/mikks/ros2_px4_ws/install/example_mode_with_executor_cpp/share/example_mode_with_executor_cpp/package.ps1'
[4.928s] INFO:colcon.colcon_core.shell:Creating package descriptor '/home/mikks/ros2_px4_ws/install/example_mode_with_executor_cpp/share/example_mode_with_executor_cpp/package.dsv'
[4.929s] INFO:colcon.colcon_core.shell:Creating package script '/home/mikks/ros2_px4_ws/install/example_mode_with_executor_cpp/share/example_mode_with_executor_cpp/package.sh'
[4.930s] INFO:colcon.colcon_core.shell:Creating package script '/home/mikks/ros2_px4_ws/install/example_mode_with_executor_cpp/share/example_mode_with_executor_cpp/package.bash'
[4.931s] INFO:colcon.colcon_core.shell:Creating package script '/home/mikks/ros2_px4_ws/install/example_mode_with_executor_cpp/share/example_mode_with_executor_cpp/package.zsh'
[4.934s] Level 1:colcon.colcon_core.environment:create_file_with_runtime_dependencies(/home/mikks/ros2_px4_ws/install/example_mode_with_executor_cpp/share/colcon-core/packages/example_mode_with_executor_cpp)
[4.934s] Level 1:colcon.colcon_core.environment:create_environment_scripts_only(example_mode_with_executor_cpp)
[4.935s] Level 1:colcon.colcon_core.environment:checking '/home/mikks/ros2_px4_ws/install/example_mode_with_executor_cpp' for CMake module files
[4.936s] Level 1:colcon.colcon_core.environment:checking '/home/mikks/ros2_px4_ws/install/example_mode_with_executor_cpp' for CMake config files
[4.936s] Level 1:colcon.colcon_core.shell:create_environment_hook('example_mode_with_executor_cpp', 'cmake_prefix_path')
[4.937s] INFO:colcon.colcon_core.shell:Creating environment hook '/home/mikks/ros2_px4_ws/install/example_mode_with_executor_cpp/share/example_mode_with_executor_cpp/hook/cmake_prefix_path.ps1'
[4.937s] INFO:colcon.colcon_core.shell:Creating environment descriptor '/home/mikks/ros2_px4_ws/install/example_mode_with_executor_cpp/share/example_mode_with_executor_cpp/hook/cmake_prefix_path.dsv'
[4.938s] INFO:colcon.colcon_core.shell:Creating environment hook '/home/mikks/ros2_px4_ws/install/example_mode_with_executor_cpp/share/example_mode_with_executor_cpp/hook/cmake_prefix_path.sh'
[4.939s] Level 1:colcon.colcon_core.environment:checking '/home/mikks/ros2_px4_ws/install/example_mode_with_executor_cpp/lib'
[4.939s] Level 1:colcon.colcon_core.environment:checking '/home/mikks/ros2_px4_ws/install/example_mode_with_executor_cpp/bin'
[4.939s] Level 1:colcon.colcon_core.environment:checking '/home/mikks/ros2_px4_ws/install/example_mode_with_executor_cpp/lib/pkgconfig/example_mode_with_executor_cpp.pc'
[4.939s] Level 1:colcon.colcon_core.environment:checking '/home/mikks/ros2_px4_ws/install/example_mode_with_executor_cpp/lib/python3.12/site-packages'
[4.939s] Level 1:colcon.colcon_core.environment:checking '/home/mikks/ros2_px4_ws/install/example_mode_with_executor_cpp/bin'
[4.940s] INFO:colcon.colcon_core.shell:Creating package script '/home/mikks/ros2_px4_ws/install/example_mode_with_executor_cpp/share/example_mode_with_executor_cpp/package.ps1'
[4.941s] INFO:colcon.colcon_core.shell:Creating package descriptor '/home/mikks/ros2_px4_ws/install/example_mode_with_executor_cpp/share/example_mode_with_executor_cpp/package.dsv'
[4.941s] INFO:colcon.colcon_core.shell:Creating package script '/home/mikks/ros2_px4_ws/install/example_mode_with_executor_cpp/share/example_mode_with_executor_cpp/package.sh'
[4.942s] INFO:colcon.colcon_core.shell:Creating package script '/home/mikks/ros2_px4_ws/install/example_mode_with_executor_cpp/share/example_mode_with_executor_cpp/package.bash'
[4.943s] INFO:colcon.colcon_core.shell:Creating package script '/home/mikks/ros2_px4_ws/install/example_mode_with_executor_cpp/share/example_mode_with_executor_cpp/package.zsh'
[4.943s] Level 1:colcon.colcon_core.environment:create_file_with_runtime_dependencies(/home/mikks/ros2_px4_ws/install/example_mode_with_executor_cpp/share/colcon-core/packages/example_mode_with_executor_cpp)
[4.950s] DEBUG:colcon.colcon_core.event_handler.log_command:Invoked command in '/home/mikks/ros2_px4_ws/build/px4_ros_com' returned '0': AMENT_PREFIX_PATH=/home/mikks/ros2_px4_ws/install/px4_msgs:${AMENT_PREFIX_PATH} CMAKE_PREFIX_PATH=/home/mikks/ros2_px4_ws/install/px4_msgs:/home/mikks/crazyflie_mapping_demo/ros2_ws/install/crazyflie_ros2_multiranger_bringup:/home/mikks/crazyflie_mapping_demo/ros2_ws/install/ros_gz_crazyflie_bringup:/home/mikks/crazyflie_mapping_demo/ros2_ws/install/ros_gz_crazyflie_gazebo:/home/mikks/crazyflie_mapping_demo/ros2_ws/install/crazyflie_sim:/home/mikks/crazyflie_mapping_demo/ros2_ws/install/crazyflie_examples:/home/mikks/crazyflie_mapping_demo/ros2_ws/install/crazyflie:/home/mikks/crazyflie_mapping_demo/ros2_ws/install/crazyflie_interfaces:/opt/ros/jazzy/opt/gz_sim_vendor:/opt/ros/jazzy/opt/gz_sensors_vendor:/opt/ros/jazzy/opt/gz_physics_vendor:/opt/ros/jazzy/opt/sdformat_vendor:/opt/ros/jazzy/opt/gz_gui_vendor:/opt/ros/jazzy/opt/gz_transport_vendor:/opt/ros/jazzy/opt/gz_rendering_vendor:/opt/ros/jazzy/opt/gz_plugin_vendor:/opt/ros/jazzy/opt/gz_fuel_tools_vendor:/opt/ros/jazzy/opt/gz_msgs_vendor:/opt/ros/jazzy/opt/gz_common_vendor:/opt/ros/jazzy/opt/gz_math_vendor:/opt/ros/jazzy/opt/gz_utils_vendor:/opt/ros/jazzy/opt/gz_tools_vendor:/opt/ros/jazzy/opt/gz_ogre_next_vendor:/opt/ros/jazzy/opt/gz_dartsim_vendor:/opt/ros/jazzy/opt/gz_cmake_vendor:/home/mikks/ros2_ws/install/rover_desc_description:/home/mikks/ros2_ws/install/px4_actuator_ctrl:/home/mikks/ros2_ws/install/mine_rover_description:/home/mikks/ros2_ws/install/ZerionURDFV5cp_description:/home/mikks/crazyflie_mapping_demo/ros2_ws/install/velocity_free_consensus:/home/mikks/crazyflie_mapping_demo/ros2_ws/install/stepwise_lowpos:/home/mikks/crazyflie_mapping_demo/ros2_ws/install/step_wise_lowpos:/home/mikks/crazyflie_mapping_demo/ros2_ws/install/second_order_formation_control:/home/mikks/crazyflie_mapping_demo/ros2_ws/install/ros_gz_crazyflie_control:/home/mikks/crazyflie_mapping_demo/ros2_ws/install/mixed_fractional_consensus:/home/mikks/crazyflie_mapping_demo/ros2_ws/install/lowest_pos:/home/mikks/crazyflie_mapping_demo/ros2_ws/install/linear_consensus:/home/mikks/crazyflie_mapping_demo/ros2_ws/install/highest_pos:/home/mikks/crazyflie_mapping_demo/ros2_ws/install/fractional_consensus_alpha:/home/mikks/crazyflie_mapping_demo/ros2_ws/install/event_triggered_swarm:/home/mikks/crazyflie_mapping_demo/ros2_ws/install/drone_logger:/home/mikks/crazyflie_mapping_demo/ros2_ws/install/distributed_average_tracking:/home/mikks/crazyflie_mapping_demo/ros2_ws/install/crazyflie_swarm_logic:/home/mikks/crazyflie_mapping_demo/ros2_ws/install/crazyflie_ros2_multiranger_wall_following:/home/mikks/crazyflie_mapping_demo/ros2_ws/install/crazyflie_ros2_multiranger_simple_mapper:/home/mikks/crazyflie_mapping_demo/ros2_ws/install/crazyflie_py:/home/mikks/crazyflie_mapping_demo/ros2_ws/install/cooperative_target_centric_formation:/home/mikks/crazyflie_mapping_demo/ros2_ws/install/containment_using_agent_information:/home/mikks/crazyflie_mapping_demo/ros2_ws/install/consensus_for_double_integrator:/home/mikks/crazyflie_mapping_demo/ros2_ws/install/consensus_alignment:/home/mikks/crazyflie_mapping_demo/ros2_ws/install/binary_consensus:/home/mikks/crazyflie_mapping_demo/ros2_ws/install/Second_Order_Min_Consensus_for_Heterogeneous_Agents:/home/mikks/crazyflie_mapping_demo/ros2_ws/install/BinaryContainmentChain:/opt/ros/jazzy DEBUGINFOD_URLS=https://debuginfod.ubuntu.com LD_LIBRARY_PATH=/home/mikks/ros2_px4_ws/install/px4_msgs/lib:${LD_LIBRARY_PATH} PYTHONPATH=/home/mikks/ros2_px4_ws/install/px4_msgs/lib/python3.12/site-packages:${PYTHONPATH} /usr/bin/cmake --build /home/mikks/ros2_px4_ws/build/px4_ros_com -- -j12 -l12
[4.952s] DEBUG:colcon.colcon_core.event_handler.log_command:Invoking command in '/home/mikks/ros2_px4_ws/build/px4_ros_com': AMENT_PREFIX_PATH=/home/mikks/ros2_px4_ws/install/px4_msgs:${AMENT_PREFIX_PATH} CMAKE_PREFIX_PATH=/home/mikks/ros2_px4_ws/install/px4_msgs:/home/mikks/crazyflie_mapping_demo/ros2_ws/install/crazyflie_ros2_multiranger_bringup:/home/mikks/crazyflie_mapping_demo/ros2_ws/install/ros_gz_crazyflie_bringup:/home/mikks/crazyflie_mapping_demo/ros2_ws/install/ros_gz_crazyflie_gazebo:/home/mikks/crazyflie_mapping_demo/ros2_ws/install/crazyflie_sim:/home/mikks/crazyflie_mapping_demo/ros2_ws/install/crazyflie_examples:/home/mikks/crazyflie_mapping_demo/ros2_ws/install/crazyflie:/home/mikks/crazyflie_mapping_demo/ros2_ws/install/crazyflie_interfaces:/opt/ros/jazzy/opt/gz_sim_vendor:/opt/ros/jazzy/opt/gz_sensors_vendor:/opt/ros/jazzy/opt/gz_physics_vendor:/opt/ros/jazzy/opt/sdformat_vendor:/opt/ros/jazzy/opt/gz_gui_vendor:/opt/ros/jazzy/opt/gz_transport_vendor:/opt/ros/jazzy/opt/gz_rendering_vendor:/opt/ros/jazzy/opt/gz_plugin_vendor:/opt/ros/jazzy/opt/gz_fuel_tools_vendor:/opt/ros/jazzy/opt/gz_msgs_vendor:/opt/ros/jazzy/opt/gz_common_vendor:/opt/ros/jazzy/opt/gz_math_vendor:/opt/ros/jazzy/opt/gz_utils_vendor:/opt/ros/jazzy/opt/gz_tools_vendor:/opt/ros/jazzy/opt/gz_ogre_next_vendor:/opt/ros/jazzy/opt/gz_dartsim_vendor:/opt/ros/jazzy/opt/gz_cmake_vendor:/home/mikks/ros2_ws/install/rover_desc_description:/home/mikks/ros2_ws/install/px4_actuator_ctrl:/home/mikks/ros2_ws/install/mine_rover_description:/home/mikks/ros2_ws/install/ZerionURDFV5cp_description:/home/mikks/crazyflie_mapping_demo/ros2_ws/install/velocity_free_consensus:/home/mikks/crazyflie_mapping_demo/ros2_ws/install/stepwise_lowpos:/home/mikks/crazyflie_mapping_demo/ros2_ws/install/step_wise_lowpos:/home/mikks/crazyflie_mapping_demo/ros2_ws/install/second_order_formation_control:/home/mikks/crazyflie_mapping_demo/ros2_ws/install/ros_gz_crazyflie_control:/home/mikks/crazyflie_mapping_demo/ros2_ws/install/mixed_fractional_consensus:/home/mikks/crazyflie_mapping_demo/ros2_ws/install/lowest_pos:/home/mikks/crazyflie_mapping_demo/ros2_ws/install/linear_consensus:/home/mikks/crazyflie_mapping_demo/ros2_ws/install/highest_pos:/home/mikks/crazyflie_mapping_demo/ros2_ws/install/fractional_consensus_alpha:/home/mikks/crazyflie_mapping_demo/ros2_ws/install/event_triggered_swarm:/home/mikks/crazyflie_mapping_demo/ros2_ws/install/drone_logger:/home/mikks/crazyflie_mapping_demo/ros2_ws/install/distributed_average_tracking:/home/mikks/crazyflie_mapping_demo/ros2_ws/install/crazyflie_swarm_logic:/home/mikks/crazyflie_mapping_demo/ros2_ws/install/crazyflie_ros2_multiranger_wall_following:/home/mikks/crazyflie_mapping_demo/ros2_ws/install/crazyflie_ros2_multiranger_simple_mapper:/home/mikks/crazyflie_mapping_demo/ros2_ws/install/crazyflie_py:/home/mikks/crazyflie_mapping_demo/ros2_ws/install/cooperative_target_centric_formation:/home/mikks/crazyflie_mapping_demo/ros2_ws/install/containment_using_agent_information:/home/mikks/crazyflie_mapping_demo/ros2_ws/install/consensus_for_double_integrator:/home/mikks/crazyflie_mapping_demo/ros2_ws/install/consensus_alignment:/home/mikks/crazyflie_mapping_demo/ros2_ws/install/binary_consensus:/home/mikks/crazyflie_mapping_demo/ros2_ws/install/Second_Order_Min_Consensus_for_Heterogeneous_Agents:/home/mikks/crazyflie_mapping_demo/ros2_ws/install/BinaryContainmentChain:/opt/ros/jazzy DEBUGINFOD_URLS=https://debuginfod.ubuntu.com LD_LIBRARY_PATH=/home/mikks/ros2_px4_ws/install/px4_msgs/lib:${LD_LIBRARY_PATH} PYTHONPATH=/home/mikks/ros2_px4_ws/install/px4_msgs/lib/python3.12/site-packages:${PYTHONPATH} /usr/bin/cmake --install /home/mikks/ros2_px4_ws/build/px4_ros_com
[4.955s] Level 1:colcon.colcon_core.environment:create_environment_scripts_only(example_rover_velocity_mode_cpp)
[4.955s] Level 1:colcon.colcon_core.environment:checking '/home/mikks/ros2_px4_ws/install/example_rover_velocity_mode_cpp' for CMake module files
[4.956s] Level 1:colcon.colcon_core.environment:checking '/home/mikks/ros2_px4_ws/install/example_rover_velocity_mode_cpp' for CMake config files
[4.957s] Level 1:colcon.colcon_core.shell:create_environment_hook('example_rover_velocity_mode_cpp', 'cmake_prefix_path')
[4.957s] INFO:colcon.colcon_core.shell:Creating environment hook '/home/mikks/ros2_px4_ws/install/example_rover_velocity_mode_cpp/share/example_rover_velocity_mode_cpp/hook/cmake_prefix_path.ps1'
[4.958s] DEBUG:colcon.colcon_core.event_handler.log_command:Invoked command in '/home/mikks/ros2_px4_ws/build/example_rover_velocity_mode_cpp' returned '0': AMENT_PREFIX_PATH=/home/mikks/ros2_px4_ws/install/px4_ros2_cpp:/home/mikks/ros2_px4_ws/install/px4_msgs:${AMENT_PREFIX_PATH} CMAKE_PREFIX_PATH=/home/mikks/ros2_px4_ws/install/px4_ros2_cpp:/home/mikks/ros2_px4_ws/install/px4_msgs:/home/mikks/crazyflie_mapping_demo/ros2_ws/install/crazyflie_ros2_multiranger_bringup:/home/mikks/crazyflie_mapping_demo/ros2_ws/install/ros_gz_crazyflie_bringup:/home/mikks/crazyflie_mapping_demo/ros2_ws/install/ros_gz_crazyflie_gazebo:/home/mikks/crazyflie_mapping_demo/ros2_ws/install/crazyflie_sim:/home/mikks/crazyflie_mapping_demo/ros2_ws/install/crazyflie_examples:/home/mikks/crazyflie_mapping_demo/ros2_ws/install/crazyflie:/home/mikks/crazyflie_mapping_demo/ros2_ws/install/crazyflie_interfaces:/opt/ros/jazzy/opt/gz_sim_vendor:/opt/ros/jazzy/opt/gz_sensors_vendor:/opt/ros/jazzy/opt/gz_physics_vendor:/opt/ros/jazzy/opt/sdformat_vendor:/opt/ros/jazzy/opt/gz_gui_vendor:/opt/ros/jazzy/opt/gz_transport_vendor:/opt/ros/jazzy/opt/gz_rendering_vendor:/opt/ros/jazzy/opt/gz_plugin_vendor:/opt/ros/jazzy/opt/gz_fuel_tools_vendor:/opt/ros/jazzy/opt/gz_msgs_vendor:/opt/ros/jazzy/opt/gz_common_vendor:/opt/ros/jazzy/opt/gz_math_vendor:/opt/ros/jazzy/opt/gz_utils_vendor:/opt/ros/jazzy/opt/gz_tools_vendor:/opt/ros/jazzy/opt/gz_ogre_next_vendor:/opt/ros/jazzy/opt/gz_dartsim_vendor:/opt/ros/jazzy/opt/gz_cmake_vendor:/home/mikks/ros2_ws/install/rover_desc_description:/home/mikks/ros2_ws/install/px4_actuator_ctrl:/home/mikks/ros2_ws/install/mine_rover_description:/home/mikks/ros2_ws/install/ZerionURDFV5cp_description:/home/mikks/crazyflie_mapping_demo/ros2_ws/install/velocity_free_consensus:/home/mikks/crazyflie_mapping_demo/ros2_ws/install/stepwise_lowpos:/home/mikks/crazyflie_mapping_demo/ros2_ws/install/step_wise_lowpos:/home/mikks/crazyflie_mapping_demo/ros2_ws/install/second_order_formation_control:/home/mikks/crazyflie_mapping_demo/ros2_ws/install/ros_gz_crazyflie_control:/home/mikks/crazyflie_mapping_demo/ros2_ws/install/mixed_fractional_consensus:/home/mikks/crazyflie_mapping_demo/ros2_ws/install/lowest_pos:/home/mikks/crazyflie_mapping_demo/ros2_ws/install/linear_consensus:/home/mikks/crazyflie_mapping_demo/ros2_ws/install/highest_pos:/home/mikks/crazyflie_mapping_demo/ros2_ws/install/fractional_consensus_alpha:/home/mikks/crazyflie_mapping_demo/ros2_ws/install/event_triggered_swarm:/home/mikks/crazyflie_mapping_demo/ros2_ws/install/drone_logger:/home/mikks/crazyflie_mapping_demo/ros2_ws/install/distributed_average_tracking:/home/mikks/crazyflie_mapping_demo/ros2_ws/install/crazyflie_swarm_logic:/home/mikks/crazyflie_mapping_demo/ros2_ws/install/crazyflie_ros2_multiranger_wall_following:/home/mikks/crazyflie_mapping_demo/ros2_ws/install/crazyflie_ros2_multiranger_simple_mapper:/home/mikks/crazyflie_mapping_demo/ros2_ws/install/crazyflie_py:/home/mikks/crazyflie_mapping_demo/ros2_ws/install/cooperative_target_centric_formation:/home/mikks/crazyflie_mapping_demo/ros2_ws/install/containment_using_agent_information:/home/mikks/crazyflie_mapping_demo/ros2_ws/install/consensus_for_double_integrator:/home/mikks/crazyflie_mapping_demo/ros2_ws/install/consensus_alignment:/home/mikks/crazyflie_mapping_demo/ros2_ws/install/binary_consensus:/home/mikks/crazyflie_mapping_demo/ros2_ws/install/Second_Order_Min_Consensus_for_Heterogeneous_Agents:/home/mikks/crazyflie_mapping_demo/ros2_ws/install/BinaryContainmentChain:/opt/ros/jazzy DEBUGINFOD_URLS=https://debuginfod.ubuntu.com LD_LIBRARY_PATH=/home/mikks/ros2_px4_ws/install/px4_ros2_cpp/lib:/home/mikks/ros2_px4_ws/install/px4_msgs/lib:${LD_LIBRARY_PATH} PYTHONPATH=/home/mikks/ros2_px4_ws/install/px4_msgs/lib/python3.12/site-packages:${PYTHONPATH} /usr/bin/cmake --install /home/mikks/ros2_px4_ws/build/example_rover_velocity_mode_cpp
[4.958s] INFO:colcon.colcon_core.shell:Creating environment descriptor '/home/mikks/ros2_px4_ws/install/example_rover_velocity_mode_cpp/share/example_rover_velocity_mode_cpp/hook/cmake_prefix_path.dsv'
[4.959s] INFO:colcon.colcon_core.shell:Creating environment hook '/home/mikks/ros2_px4_ws/install/example_rover_velocity_mode_cpp/share/example_rover_velocity_mode_cpp/hook/cmake_prefix_path.sh'
[4.960s] Level 1:colcon.colcon_core.environment:checking '/home/mikks/ros2_px4_ws/install/example_rover_velocity_mode_cpp/lib'
[4.960s] Level 1:colcon.colcon_core.environment:checking '/home/mikks/ros2_px4_ws/install/example_rover_velocity_mode_cpp/bin'
[4.960s] Level 1:colcon.colcon_core.environment:checking '/home/mikks/ros2_px4_ws/install/example_rover_velocity_mode_cpp/lib/pkgconfig/example_rover_velocity_mode_cpp.pc'
[4.960s] Level 1:colcon.colcon_core.environment:checking '/home/mikks/ros2_px4_ws/install/example_rover_velocity_mode_cpp/lib/python3.12/site-packages'
[4.960s] Level 1:colcon.colcon_core.environment:checking '/home/mikks/ros2_px4_ws/install/example_rover_velocity_mode_cpp/bin'
[4.961s] INFO:colcon.colcon_core.shell:Creating package script '/home/mikks/ros2_px4_ws/install/example_rover_velocity_mode_cpp/share/example_rover_velocity_mode_cpp/package.ps1'
[4.963s] INFO:colcon.colcon_core.shell:Creating package descriptor '/home/mikks/ros2_px4_ws/install/example_rover_velocity_mode_cpp/share/example_rover_velocity_mode_cpp/package.dsv'
[4.964s] INFO:colcon.colcon_core.shell:Creating package script '/home/mikks/ros2_px4_ws/install/example_rover_velocity_mode_cpp/share/example_rover_velocity_mode_cpp/package.sh'
[4.965s] INFO:colcon.colcon_core.shell:Creating package script '/home/mikks/ros2_px4_ws/install/example_rover_velocity_mode_cpp/share/example_rover_velocity_mode_cpp/package.bash'
[4.965s] INFO:colcon.colcon_core.shell:Creating package script '/home/mikks/ros2_px4_ws/install/example_rover_velocity_mode_cpp/share/example_rover_velocity_mode_cpp/package.zsh'
[4.966s] Level 1:colcon.colcon_core.environment:create_file_with_runtime_dependencies(/home/mikks/ros2_px4_ws/install/example_rover_velocity_mode_cpp/share/colcon-core/packages/example_rover_velocity_mode_cpp)
[4.966s] Level 1:colcon.colcon_core.environment:create_environment_scripts_only(example_rover_velocity_mode_cpp)
[4.966s] Level 1:colcon.colcon_core.environment:checking '/home/mikks/ros2_px4_ws/install/example_rover_velocity_mode_cpp' for CMake module files
[4.967s] Level 1:colcon.colcon_core.environment:checking '/home/mikks/ros2_px4_ws/install/example_rover_velocity_mode_cpp' for CMake config files
[4.967s] Level 1:colcon.colcon_core.shell:create_environment_hook('example_rover_velocity_mode_cpp', 'cmake_prefix_path')
[4.968s] INFO:colcon.colcon_core.shell:Creating environment hook '/home/mikks/ros2_px4_ws/install/example_rover_velocity_mode_cpp/share/example_rover_velocity_mode_cpp/hook/cmake_prefix_path.ps1'
[4.968s] INFO:colcon.colcon_core.shell:Creating environment descriptor '/home/mikks/ros2_px4_ws/install/example_rover_velocity_mode_cpp/share/example_rover_velocity_mode_cpp/hook/cmake_prefix_path.dsv'
[4.969s] INFO:colcon.colcon_core.shell:Creating environment hook '/home/mikks/ros2_px4_ws/install/example_rover_velocity_mode_cpp/share/example_rover_velocity_mode_cpp/hook/cmake_prefix_path.sh'
[4.969s] Level 1:colcon.colcon_core.environment:checking '/home/mikks/ros2_px4_ws/install/example_rover_velocity_mode_cpp/lib'
[4.970s] Level 1:colcon.colcon_core.environment:checking '/home/mikks/ros2_px4_ws/install/example_rover_velocity_mode_cpp/bin'
[4.970s] Level 1:colcon.colcon_core.environment:checking '/home/mikks/ros2_px4_ws/install/example_rover_velocity_mode_cpp/lib/pkgconfig/example_rover_velocity_mode_cpp.pc'
[4.970s] Level 1:colcon.colcon_core.environment:checking '/home/mikks/ros2_px4_ws/install/example_rover_velocity_mode_cpp/lib/python3.12/site-packages'
[4.970s] Level 1:colcon.colcon_core.environment:checking '/home/mikks/ros2_px4_ws/install/example_rover_velocity_mode_cpp/bin'
[4.971s] INFO:colcon.colcon_core.shell:Creating package script '/home/mikks/ros2_px4_ws/install/example_rover_velocity_mode_cpp/share/example_rover_velocity_mode_cpp/package.ps1'
[4.971s] INFO:colcon.colcon_core.shell:Creating package descriptor '/home/mikks/ros2_px4_ws/install/example_rover_velocity_mode_cpp/share/example_rover_velocity_mode_cpp/package.dsv'
[4.972s] INFO:colcon.colcon_core.shell:Creating package script '/home/mikks/ros2_px4_ws/install/example_rover_velocity_mode_cpp/share/example_rover_velocity_mode_cpp/package.sh'
[4.973s] INFO:colcon.colcon_core.shell:Creating package script '/home/mikks/ros2_px4_ws/install/example_rover_velocity_mode_cpp/share/example_rover_velocity_mode_cpp/package.bash'
[4.973s] INFO:colcon.colcon_core.shell:Creating package script '/home/mikks/ros2_px4_ws/install/example_rover_velocity_mode_cpp/share/example_rover_velocity_mode_cpp/package.zsh'
[4.974s] Level 1:colcon.colcon_core.environment:create_file_with_runtime_dependencies(/home/mikks/ros2_px4_ws/install/example_rover_velocity_mode_cpp/share/colcon-core/packages/example_rover_velocity_mode_cpp)
[5.090s] Level 1:colcon.colcon_core.environment:create_environment_scripts_only(px4_ros_com)
[5.091s] Level 1:colcon.colcon_core.environment:checking '/home/mikks/ros2_px4_ws/install/px4_ros_com' for CMake module files
[5.091s] DEBUG:colcon.colcon_core.event_handler.log_command:Invoked command in '/home/mikks/ros2_px4_ws/build/px4_ros_com' returned '0': AMENT_PREFIX_PATH=/home/mikks/ros2_px4_ws/install/px4_msgs:${AMENT_PREFIX_PATH} CMAKE_PREFIX_PATH=/home/mikks/ros2_px4_ws/install/px4_msgs:/home/mikks/crazyflie_mapping_demo/ros2_ws/install/crazyflie_ros2_multiranger_bringup:/home/mikks/crazyflie_mapping_demo/ros2_ws/install/ros_gz_crazyflie_bringup:/home/mikks/crazyflie_mapping_demo/ros2_ws/install/ros_gz_crazyflie_gazebo:/home/mikks/crazyflie_mapping_demo/ros2_ws/install/crazyflie_sim:/home/mikks/crazyflie_mapping_demo/ros2_ws/install/crazyflie_examples:/home/mikks/crazyflie_mapping_demo/ros2_ws/install/crazyflie:/home/mikks/crazyflie_mapping_demo/ros2_ws/install/crazyflie_interfaces:/opt/ros/jazzy/opt/gz_sim_vendor:/opt/ros/jazzy/opt/gz_sensors_vendor:/opt/ros/jazzy/opt/gz_physics_vendor:/opt/ros/jazzy/opt/sdformat_vendor:/opt/ros/jazzy/opt/gz_gui_vendor:/opt/ros/jazzy/opt/gz_transport_vendor:/opt/ros/jazzy/opt/gz_rendering_vendor:/opt/ros/jazzy/opt/gz_plugin_vendor:/opt/ros/jazzy/opt/gz_fuel_tools_vendor:/opt/ros/jazzy/opt/gz_msgs_vendor:/opt/ros/jazzy/opt/gz_common_vendor:/opt/ros/jazzy/opt/gz_math_vendor:/opt/ros/jazzy/opt/gz_utils_vendor:/opt/ros/jazzy/opt/gz_tools_vendor:/opt/ros/jazzy/opt/gz_ogre_next_vendor:/opt/ros/jazzy/opt/gz_dartsim_vendor:/opt/ros/jazzy/opt/gz_cmake_vendor:/home/mikks/ros2_ws/install/rover_desc_description:/home/mikks/ros2_ws/install/px4_actuator_ctrl:/home/mikks/ros2_ws/install/mine_rover_description:/home/mikks/ros2_ws/install/ZerionURDFV5cp_description:/home/mikks/crazyflie_mapping_demo/ros2_ws/install/velocity_free_consensus:/home/mikks/crazyflie_mapping_demo/ros2_ws/install/stepwise_lowpos:/home/mikks/crazyflie_mapping_demo/ros2_ws/install/step_wise_lowpos:/home/mikks/crazyflie_mapping_demo/ros2_ws/install/second_order_formation_control:/home/mikks/crazyflie_mapping_demo/ros2_ws/install/ros_gz_crazyflie_control:/home/mikks/crazyflie_mapping_demo/ros2_ws/install/mixed_fractional_consensus:/home/mikks/crazyflie_mapping_demo/ros2_ws/install/lowest_pos:/home/mikks/crazyflie_mapping_demo/ros2_ws/install/linear_consensus:/home/mikks/crazyflie_mapping_demo/ros2_ws/install/highest_pos:/home/mikks/crazyflie_mapping_demo/ros2_ws/install/fractional_consensus_alpha:/home/mikks/crazyflie_mapping_demo/ros2_ws/install/event_triggered_swarm:/home/mikks/crazyflie_mapping_demo/ros2_ws/install/drone_logger:/home/mikks/crazyflie_mapping_demo/ros2_ws/install/distributed_average_tracking:/home/mikks/crazyflie_mapping_demo/ros2_ws/install/crazyflie_swarm_logic:/home/mikks/crazyflie_mapping_demo/ros2_ws/install/crazyflie_ros2_multiranger_wall_following:/home/mikks/crazyflie_mapping_demo/ros2_ws/install/crazyflie_ros2_multiranger_simple_mapper:/home/mikks/crazyflie_mapping_demo/ros2_ws/install/crazyflie_py:/home/mikks/crazyflie_mapping_demo/ros2_ws/install/cooperative_target_centric_formation:/home/mikks/crazyflie_mapping_demo/ros2_ws/install/containment_using_agent_information:/home/mikks/crazyflie_mapping_demo/ros2_ws/install/consensus_for_double_integrator:/home/mikks/crazyflie_mapping_demo/ros2_ws/install/consensus_alignment:/home/mikks/crazyflie_mapping_demo/ros2_ws/install/binary_consensus:/home/mikks/crazyflie_mapping_demo/ros2_ws/install/Second_Order_Min_Consensus_for_Heterogeneous_Agents:/home/mikks/crazyflie_mapping_demo/ros2_ws/install/BinaryContainmentChain:/opt/ros/jazzy DEBUGINFOD_URLS=https://debuginfod.ubuntu.com LD_LIBRARY_PATH=/home/mikks/ros2_px4_ws/install/px4_msgs/lib:${LD_LIBRARY_PATH} PYTHONPATH=/home/mikks/ros2_px4_ws/install/px4_msgs/lib/python3.12/site-packages:${PYTHONPATH} /usr/bin/cmake --install /home/mikks/ros2_px4_ws/build/px4_ros_com
[5.092s] Level 1:colcon.colcon_core.environment:checking '/home/mikks/ros2_px4_ws/install/px4_ros_com' for CMake config files
[5.093s] Level 1:colcon.colcon_core.shell:create_environment_hook('px4_ros_com', 'cmake_prefix_path')
[5.093s] INFO:colcon.colcon_core.shell:Creating environment hook '/home/mikks/ros2_px4_ws/install/px4_ros_com/share/px4_ros_com/hook/cmake_prefix_path.ps1'
[5.094s] INFO:colcon.colcon_core.shell:Creating environment descriptor '/home/mikks/ros2_px4_ws/install/px4_ros_com/share/px4_ros_com/hook/cmake_prefix_path.dsv'
[5.094s] INFO:colcon.colcon_core.shell:Creating environment hook '/home/mikks/ros2_px4_ws/install/px4_ros_com/share/px4_ros_com/hook/cmake_prefix_path.sh'
[5.095s] Level 1:colcon.colcon_core.environment:checking '/home/mikks/ros2_px4_ws/install/px4_ros_com/lib'
[5.095s] Level 1:colcon.colcon_core.shell:create_environment_hook('px4_ros_com', 'ld_library_path_lib')
[5.095s] INFO:colcon.colcon_core.shell:Creating environment hook '/home/mikks/ros2_px4_ws/install/px4_ros_com/share/px4_ros_com/hook/ld_library_path_lib.ps1'
[5.096s] INFO:colcon.colcon_core.shell:Creating environment descriptor '/home/mikks/ros2_px4_ws/install/px4_ros_com/share/px4_ros_com/hook/ld_library_path_lib.dsv'
[5.097s] INFO:colcon.colcon_core.shell:Creating environment hook '/home/mikks/ros2_px4_ws/install/px4_ros_com/share/px4_ros_com/hook/ld_library_path_lib.sh'
[5.097s] Level 1:colcon.colcon_core.environment:checking '/home/mikks/ros2_px4_ws/install/px4_ros_com/bin'
[5.098s] Level 1:colcon.colcon_core.environment:checking '/home/mikks/ros2_px4_ws/install/px4_ros_com/lib/pkgconfig/px4_ros_com.pc'
[5.098s] Level 1:colcon.colcon_core.environment:checking '/home/mikks/ros2_px4_ws/install/px4_ros_com/lib/python3.12/site-packages'
[5.098s] Level 1:colcon.colcon_core.shell:create_environment_hook('px4_ros_com', 'pythonpath')
[5.099s] INFO:colcon.colcon_core.shell:Creating environment hook '/home/mikks/ros2_px4_ws/install/px4_ros_com/share/px4_ros_com/hook/pythonpath.ps1'
[5.099s] INFO:colcon.colcon_core.shell:Creating environment descriptor '/home/mikks/ros2_px4_ws/install/px4_ros_com/share/px4_ros_com/hook/pythonpath.dsv'
[5.100s] INFO:colcon.colcon_core.shell:Creating environment hook '/home/mikks/ros2_px4_ws/install/px4_ros_com/share/px4_ros_com/hook/pythonpath.sh'
[5.100s] Level 1:colcon.colcon_core.environment:checking '/home/mikks/ros2_px4_ws/install/px4_ros_com/bin'
[5.101s] INFO:colcon.colcon_core.shell:Creating package script '/home/mikks/ros2_px4_ws/install/px4_ros_com/share/px4_ros_com/package.ps1'
[5.101s] INFO:colcon.colcon_core.shell:Creating package descriptor '/home/mikks/ros2_px4_ws/install/px4_ros_com/share/px4_ros_com/package.dsv'
[5.102s] INFO:colcon.colcon_core.shell:Creating package script '/home/mikks/ros2_px4_ws/install/px4_ros_com/share/px4_ros_com/package.sh'
[5.103s] INFO:colcon.colcon_core.shell:Creating package script '/home/mikks/ros2_px4_ws/install/px4_ros_com/share/px4_ros_com/package.bash'
[5.103s] INFO:colcon.colcon_core.shell:Creating package script '/home/mikks/ros2_px4_ws/install/px4_ros_com/share/px4_ros_com/package.zsh'
[5.104s] Level 1:colcon.colcon_core.environment:create_file_with_runtime_dependencies(/home/mikks/ros2_px4_ws/install/px4_ros_com/share/colcon-core/packages/px4_ros_com)
[5.105s] Level 1:colcon.colcon_core.environment:create_environment_scripts_only(px4_ros_com)
[5.105s] Level 1:colcon.colcon_core.environment:checking '/home/mikks/ros2_px4_ws/install/px4_ros_com' for CMake module files
[5.106s] Level 1:colcon.colcon_core.environment:checking '/home/mikks/ros2_px4_ws/install/px4_ros_com' for CMake config files
[5.106s] Level 1:colcon.colcon_core.shell:create_environment_hook('px4_ros_com', 'cmake_prefix_path')
[5.107s] INFO:colcon.colcon_core.shell:Creating environment hook '/home/mikks/ros2_px4_ws/install/px4_ros_com/share/px4_ros_com/hook/cmake_prefix_path.ps1'
[5.108s] INFO:colcon.colcon_core.shell:Creating environment descriptor '/home/mikks/ros2_px4_ws/install/px4_ros_com/share/px4_ros_com/hook/cmake_prefix_path.dsv'
[5.108s] INFO:colcon.colcon_core.shell:Creating environment hook '/home/mikks/ros2_px4_ws/install/px4_ros_com/share/px4_ros_com/hook/cmake_prefix_path.sh'
[5.109s] Level 1:colcon.colcon_core.environment:checking '/home/mikks/ros2_px4_ws/install/px4_ros_com/lib'
[5.109s] Level 1:colcon.colcon_core.shell:create_environment_hook('px4_ros_com', 'ld_library_path_lib')
[5.109s] INFO:colcon.colcon_core.shell:Creating environment hook '/home/mikks/ros2_px4_ws/install/px4_ros_com/share/px4_ros_com/hook/ld_library_path_lib.ps1'
[5.110s] INFO:colcon.colcon_core.shell:Creating environment descriptor '/home/mikks/ros2_px4_ws/install/px4_ros_com/share/px4_ros_com/hook/ld_library_path_lib.dsv'
[5.110s] INFO:colcon.colcon_core.shell:Creating environment hook '/home/mikks/ros2_px4_ws/install/px4_ros_com/share/px4_ros_com/hook/ld_library_path_lib.sh'
[5.110s] Level 1:colcon.colcon_core.environment:checking '/home/mikks/ros2_px4_ws/install/px4_ros_com/bin'
[5.111s] Level 1:colcon.colcon_core.environment:checking '/home/mikks/ros2_px4_ws/install/px4_ros_com/lib/pkgconfig/px4_ros_com.pc'
[5.111s] Level 1:colcon.colcon_core.environment:checking '/home/mikks/ros2_px4_ws/install/px4_ros_com/lib/python3.12/site-packages'
[5.111s] Level 1:colcon.colcon_core.shell:create_environment_hook('px4_ros_com', 'pythonpath')
[5.111s] INFO:colcon.colcon_core.shell:Creating environment hook '/home/mikks/ros2_px4_ws/install/px4_ros_com/share/px4_ros_com/hook/pythonpath.ps1'
[5.112s] INFO:colcon.colcon_core.shell:Creating environment descriptor '/home/mikks/ros2_px4_ws/install/px4_ros_com/share/px4_ros_com/hook/pythonpath.dsv'
[5.112s] INFO:colcon.colcon_core.shell:Creating environment hook '/home/mikks/ros2_px4_ws/install/px4_ros_com/share/px4_ros_com/hook/pythonpath.sh'
[5.113s] Level 1:colcon.colcon_core.environment:checking '/home/mikks/ros2_px4_ws/install/px4_ros_com/bin'
[5.114s] INFO:colcon.colcon_core.shell:Creating package script '/home/mikks/ros2_px4_ws/install/px4_ros_com/share/px4_ros_com/package.ps1'
[5.115s] INFO:colcon.colcon_core.shell:Creating package descriptor '/home/mikks/ros2_px4_ws/install/px4_ros_com/share/px4_ros_com/package.dsv'
[5.116s] INFO:colcon.colcon_core.shell:Creating package script '/home/mikks/ros2_px4_ws/install/px4_ros_com/share/px4_ros_com/package.sh'
[5.117s] INFO:colcon.colcon_core.shell:Creating package script '/home/mikks/ros2_px4_ws/install/px4_ros_com/share/px4_ros_com/package.bash'
[5.118s] INFO:colcon.colcon_core.shell:Creating package script '/home/mikks/ros2_px4_ws/install/px4_ros_com/share/px4_ros_com/package.zsh'
[5.118s] Level 1:colcon.colcon_core.environment:create_file_with_runtime_dependencies(/home/mikks/ros2_px4_ws/install/px4_ros_com/share/colcon-core/packages/px4_ros_com)
[5.175s] DEBUG:colcon.colcon_core.event_handler.log_command:Invoked command in '/home/mikks/ros2_px4_ws/build/px4_ros2_py' returned '0': AMENT_PREFIX_PATH=/home/mikks/ros2_px4_ws/install/px4_ros2_cpp:/home/mikks/ros2_px4_ws/install/px4_msgs:${AMENT_PREFIX_PATH} CMAKE_PREFIX_PATH=/home/mikks/ros2_px4_ws/install/px4_ros2_cpp:/home/mikks/ros2_px4_ws/install/px4_msgs:/home/mikks/crazyflie_mapping_demo/ros2_ws/install/crazyflie_ros2_multiranger_bringup:/home/mikks/crazyflie_mapping_demo/ros2_ws/install/ros_gz_crazyflie_bringup:/home/mikks/crazyflie_mapping_demo/ros2_ws/install/ros_gz_crazyflie_gazebo:/home/mikks/crazyflie_mapping_demo/ros2_ws/install/crazyflie_sim:/home/mikks/crazyflie_mapping_demo/ros2_ws/install/crazyflie_examples:/home/mikks/crazyflie_mapping_demo/ros2_ws/install/crazyflie:/home/mikks/crazyflie_mapping_demo/ros2_ws/install/crazyflie_interfaces:/opt/ros/jazzy/opt/gz_sim_vendor:/opt/ros/jazzy/opt/gz_sensors_vendor:/opt/ros/jazzy/opt/gz_physics_vendor:/opt/ros/jazzy/opt/sdformat_vendor:/opt/ros/jazzy/opt/gz_gui_vendor:/opt/ros/jazzy/opt/gz_transport_vendor:/opt/ros/jazzy/opt/gz_rendering_vendor:/opt/ros/jazzy/opt/gz_plugin_vendor:/opt/ros/jazzy/opt/gz_fuel_tools_vendor:/opt/ros/jazzy/opt/gz_msgs_vendor:/opt/ros/jazzy/opt/gz_common_vendor:/opt/ros/jazzy/opt/gz_math_vendor:/opt/ros/jazzy/opt/gz_utils_vendor:/opt/ros/jazzy/opt/gz_tools_vendor:/opt/ros/jazzy/opt/gz_ogre_next_vendor:/opt/ros/jazzy/opt/gz_dartsim_vendor:/opt/ros/jazzy/opt/gz_cmake_vendor:/home/mikks/ros2_ws/install/rover_desc_description:/home/mikks/ros2_ws/install/px4_actuator_ctrl:/home/mikks/ros2_ws/install/mine_rover_description:/home/mikks/ros2_ws/install/ZerionURDFV5cp_description:/home/mikks/crazyflie_mapping_demo/ros2_ws/install/velocity_free_consensus:/home/mikks/crazyflie_mapping_demo/ros2_ws/install/stepwise_lowpos:/home/mikks/crazyflie_mapping_demo/ros2_ws/install/step_wise_lowpos:/home/mikks/crazyflie_mapping_demo/ros2_ws/install/second_order_formation_control:/home/mikks/crazyflie_mapping_demo/ros2_ws/install/ros_gz_crazyflie_control:/home/mikks/crazyflie_mapping_demo/ros2_ws/install/mixed_fractional_consensus:/home/mikks/crazyflie_mapping_demo/ros2_ws/install/lowest_pos:/home/mikks/crazyflie_mapping_demo/ros2_ws/install/linear_consensus:/home/mikks/crazyflie_mapping_demo/ros2_ws/install/highest_pos:/home/mikks/crazyflie_mapping_demo/ros2_ws/install/fractional_consensus_alpha:/home/mikks/crazyflie_mapping_demo/ros2_ws/install/event_triggered_swarm:/home/mikks/crazyflie_mapping_demo/ros2_ws/install/drone_logger:/home/mikks/crazyflie_mapping_demo/ros2_ws/install/distributed_average_tracking:/home/mikks/crazyflie_mapping_demo/ros2_ws/install/crazyflie_swarm_logic:/home/mikks/crazyflie_mapping_demo/ros2_ws/install/crazyflie_ros2_multiranger_wall_following:/home/mikks/crazyflie_mapping_demo/ros2_ws/install/crazyflie_ros2_multiranger_simple_mapper:/home/mikks/crazyflie_mapping_demo/ros2_ws/install/crazyflie_py:/home/mikks/crazyflie_mapping_demo/ros2_ws/install/cooperative_target_centric_formation:/home/mikks/crazyflie_mapping_demo/ros2_ws/install/containment_using_agent_information:/home/mikks/crazyflie_mapping_demo/ros2_ws/install/consensus_for_double_integrator:/home/mikks/crazyflie_mapping_demo/ros2_ws/install/consensus_alignment:/home/mikks/crazyflie_mapping_demo/ros2_ws/install/binary_consensus:/home/mikks/crazyflie_mapping_demo/ros2_ws/install/Second_Order_Min_Consensus_for_Heterogeneous_Agents:/home/mikks/crazyflie_mapping_demo/ros2_ws/install/BinaryContainmentChain:/opt/ros/jazzy DEBUGINFOD_URLS=https://debuginfod.ubuntu.com LD_LIBRARY_PATH=/home/mikks/ros2_px4_ws/install/px4_ros2_cpp/lib:/home/mikks/ros2_px4_ws/install/px4_msgs/lib:${LD_LIBRARY_PATH} PYTHONPATH=/home/mikks/ros2_px4_ws/install/px4_msgs/lib/python3.12/site-packages:${PYTHONPATH} /usr/bin/cmake --build /home/mikks/ros2_px4_ws/build/px4_ros2_py -- -j12 -l12
[5.177s] DEBUG:colcon.colcon_core.event_handler.log_command:Invoking command in '/home/mikks/ros2_px4_ws/build/px4_ros2_py': AMENT_PREFIX_PATH=/home/mikks/ros2_px4_ws/install/px4_ros2_cpp:/home/mikks/ros2_px4_ws/install/px4_msgs:${AMENT_PREFIX_PATH} CMAKE_PREFIX_PATH=/home/mikks/ros2_px4_ws/install/px4_ros2_cpp:/home/mikks/ros2_px4_ws/install/px4_msgs:/home/mikks/crazyflie_mapping_demo/ros2_ws/install/crazyflie_ros2_multiranger_bringup:/home/mikks/crazyflie_mapping_demo/ros2_ws/install/ros_gz_crazyflie_bringup:/home/mikks/crazyflie_mapping_demo/ros2_ws/install/ros_gz_crazyflie_gazebo:/home/mikks/crazyflie_mapping_demo/ros2_ws/install/crazyflie_sim:/home/mikks/crazyflie_mapping_demo/ros2_ws/install/crazyflie_examples:/home/mikks/crazyflie_mapping_demo/ros2_ws/install/crazyflie:/home/mikks/crazyflie_mapping_demo/ros2_ws/install/crazyflie_interfaces:/opt/ros/jazzy/opt/gz_sim_vendor:/opt/ros/jazzy/opt/gz_sensors_vendor:/opt/ros/jazzy/opt/gz_physics_vendor:/opt/ros/jazzy/opt/sdformat_vendor:/opt/ros/jazzy/opt/gz_gui_vendor:/opt/ros/jazzy/opt/gz_transport_vendor:/opt/ros/jazzy/opt/gz_rendering_vendor:/opt/ros/jazzy/opt/gz_plugin_vendor:/opt/ros/jazzy/opt/gz_fuel_tools_vendor:/opt/ros/jazzy/opt/gz_msgs_vendor:/opt/ros/jazzy/opt/gz_common_vendor:/opt/ros/jazzy/opt/gz_math_vendor:/opt/ros/jazzy/opt/gz_utils_vendor:/opt/ros/jazzy/opt/gz_tools_vendor:/opt/ros/jazzy/opt/gz_ogre_next_vendor:/opt/ros/jazzy/opt/gz_dartsim_vendor:/opt/ros/jazzy/opt/gz_cmake_vendor:/home/mikks/ros2_ws/install/rover_desc_description:/home/mikks/ros2_ws/install/px4_actuator_ctrl:/home/mikks/ros2_ws/install/mine_rover_description:/home/mikks/ros2_ws/install/ZerionURDFV5cp_description:/home/mikks/crazyflie_mapping_demo/ros2_ws/install/velocity_free_consensus:/home/mikks/crazyflie_mapping_demo/ros2_ws/install/stepwise_lowpos:/home/mikks/crazyflie_mapping_demo/ros2_ws/install/step_wise_lowpos:/home/mikks/crazyflie_mapping_demo/ros2_ws/install/second_order_formation_control:/home/mikks/crazyflie_mapping_demo/ros2_ws/install/ros_gz_crazyflie_control:/home/mikks/crazyflie_mapping_demo/ros2_ws/install/mixed_fractional_consensus:/home/mikks/crazyflie_mapping_demo/ros2_ws/install/lowest_pos:/home/mikks/crazyflie_mapping_demo/ros2_ws/install/linear_consensus:/home/mikks/crazyflie_mapping_demo/ros2_ws/install/highest_pos:/home/mikks/crazyflie_mapping_demo/ros2_ws/install/fractional_consensus_alpha:/home/mikks/crazyflie_mapping_demo/ros2_ws/install/event_triggered_swarm:/home/mikks/crazyflie_mapping_demo/ros2_ws/install/drone_logger:/home/mikks/crazyflie_mapping_demo/ros2_ws/install/distributed_average_tracking:/home/mikks/crazyflie_mapping_demo/ros2_ws/install/crazyflie_swarm_logic:/home/mikks/crazyflie_mapping_demo/ros2_ws/install/crazyflie_ros2_multiranger_wall_following:/home/mikks/crazyflie_mapping_demo/ros2_ws/install/crazyflie_ros2_multiranger_simple_mapper:/home/mikks/crazyflie_mapping_demo/ros2_ws/install/crazyflie_py:/home/mikks/crazyflie_mapping_demo/ros2_ws/install/cooperative_target_centric_formation:/home/mikks/crazyflie_mapping_demo/ros2_ws/install/containment_using_agent_information:/home/mikks/crazyflie_mapping_demo/ros2_ws/install/consensus_for_double_integrator:/home/mikks/crazyflie_mapping_demo/ros2_ws/install/consensus_alignment:/home/mikks/crazyflie_mapping_demo/ros2_ws/install/binary_consensus:/home/mikks/crazyflie_mapping_demo/ros2_ws/install/Second_Order_Min_Consensus_for_Heterogeneous_Agents:/home/mikks/crazyflie_mapping_demo/ros2_ws/install/BinaryContainmentChain:/opt/ros/jazzy DEBUGINFOD_URLS=https://debuginfod.ubuntu.com LD_LIBRARY_PATH=/home/mikks/ros2_px4_ws/install/px4_ros2_cpp/lib:/home/mikks/ros2_px4_ws/install/px4_msgs/lib:${LD_LIBRARY_PATH} PYTHONPATH=/home/mikks/ros2_px4_ws/install/px4_msgs/lib/python3.12/site-packages:${PYTHONPATH} /usr/bin/cmake --install /home/mikks/ros2_px4_ws/build/px4_ros2_py
[5.293s] Level 1:colcon.colcon_core.environment:create_environment_scripts_only(px4_ros2_py)
[5.294s] Level 1:colcon.colcon_core.environment:checking '/home/mikks/ros2_px4_ws/install/px4_ros2_py' for CMake module files
[5.295s] Level 1:colcon.colcon_core.environment:checking '/home/mikks/ros2_px4_ws/install/px4_ros2_py' for CMake config files
[5.296s] Level 1:colcon.colcon_core.shell:create_environment_hook('px4_ros2_py', 'cmake_prefix_path')
[5.296s] INFO:colcon.colcon_core.shell:Creating environment hook '/home/mikks/ros2_px4_ws/install/px4_ros2_py/share/px4_ros2_py/hook/cmake_prefix_path.ps1'
[5.297s] INFO:colcon.colcon_core.shell:Creating environment descriptor '/home/mikks/ros2_px4_ws/install/px4_ros2_py/share/px4_ros2_py/hook/cmake_prefix_path.dsv'
[5.297s] DEBUG:colcon.colcon_core.event_handler.log_command:Invoked command in '/home/mikks/ros2_px4_ws/build/px4_ros2_py' returned '0': AMENT_PREFIX_PATH=/home/mikks/ros2_px4_ws/install/px4_ros2_cpp:/home/mikks/ros2_px4_ws/install/px4_msgs:${AMENT_PREFIX_PATH} CMAKE_PREFIX_PATH=/home/mikks/ros2_px4_ws/install/px4_ros2_cpp:/home/mikks/ros2_px4_ws/install/px4_msgs:/home/mikks/crazyflie_mapping_demo/ros2_ws/install/crazyflie_ros2_multiranger_bringup:/home/mikks/crazyflie_mapping_demo/ros2_ws/install/ros_gz_crazyflie_bringup:/home/mikks/crazyflie_mapping_demo/ros2_ws/install/ros_gz_crazyflie_gazebo:/home/mikks/crazyflie_mapping_demo/ros2_ws/install/crazyflie_sim:/home/mikks/crazyflie_mapping_demo/ros2_ws/install/crazyflie_examples:/home/mikks/crazyflie_mapping_demo/ros2_ws/install/crazyflie:/home/mikks/crazyflie_mapping_demo/ros2_ws/install/crazyflie_interfaces:/opt/ros/jazzy/opt/gz_sim_vendor:/opt/ros/jazzy/opt/gz_sensors_vendor:/opt/ros/jazzy/opt/gz_physics_vendor:/opt/ros/jazzy/opt/sdformat_vendor:/opt/ros/jazzy/opt/gz_gui_vendor:/opt/ros/jazzy/opt/gz_transport_vendor:/opt/ros/jazzy/opt/gz_rendering_vendor:/opt/ros/jazzy/opt/gz_plugin_vendor:/opt/ros/jazzy/opt/gz_fuel_tools_vendor:/opt/ros/jazzy/opt/gz_msgs_vendor:/opt/ros/jazzy/opt/gz_common_vendor:/opt/ros/jazzy/opt/gz_math_vendor:/opt/ros/jazzy/opt/gz_utils_vendor:/opt/ros/jazzy/opt/gz_tools_vendor:/opt/ros/jazzy/opt/gz_ogre_next_vendor:/opt/ros/jazzy/opt/gz_dartsim_vendor:/opt/ros/jazzy/opt/gz_cmake_vendor:/home/mikks/ros2_ws/install/rover_desc_description:/home/mikks/ros2_ws/install/px4_actuator_ctrl:/home/mikks/ros2_ws/install/mine_rover_description:/home/mikks/ros2_ws/install/ZerionURDFV5cp_description:/home/mikks/crazyflie_mapping_demo/ros2_ws/install/velocity_free_consensus:/home/mikks/crazyflie_mapping_demo/ros2_ws/install/stepwise_lowpos:/home/mikks/crazyflie_mapping_demo/ros2_ws/install/step_wise_lowpos:/home/mikks/crazyflie_mapping_demo/ros2_ws/install/second_order_formation_control:/home/mikks/crazyflie_mapping_demo/ros2_ws/install/ros_gz_crazyflie_control:/home/mikks/crazyflie_mapping_demo/ros2_ws/install/mixed_fractional_consensus:/home/mikks/crazyflie_mapping_demo/ros2_ws/install/lowest_pos:/home/mikks/crazyflie_mapping_demo/ros2_ws/install/linear_consensus:/home/mikks/crazyflie_mapping_demo/ros2_ws/install/highest_pos:/home/mikks/crazyflie_mapping_demo/ros2_ws/install/fractional_consensus_alpha:/home/mikks/crazyflie_mapping_demo/ros2_ws/install/event_triggered_swarm:/home/mikks/crazyflie_mapping_demo/ros2_ws/install/drone_logger:/home/mikks/crazyflie_mapping_demo/ros2_ws/install/distributed_average_tracking:/home/mikks/crazyflie_mapping_demo/ros2_ws/install/crazyflie_swarm_logic:/home/mikks/crazyflie_mapping_demo/ros2_ws/install/crazyflie_ros2_multiranger_wall_following:/home/mikks/crazyflie_mapping_demo/ros2_ws/install/crazyflie_ros2_multiranger_simple_mapper:/home/mikks/crazyflie_mapping_demo/ros2_ws/install/crazyflie_py:/home/mikks/crazyflie_mapping_demo/ros2_ws/install/cooperative_target_centric_formation:/home/mikks/crazyflie_mapping_demo/ros2_ws/install/containment_using_agent_information:/home/mikks/crazyflie_mapping_demo/ros2_ws/install/consensus_for_double_integrator:/home/mikks/crazyflie_mapping_demo/ros2_ws/install/consensus_alignment:/home/mikks/crazyflie_mapping_demo/ros2_ws/install/binary_consensus:/home/mikks/crazyflie_mapping_demo/ros2_ws/install/Second_Order_Min_Consensus_for_Heterogeneous_Agents:/home/mikks/crazyflie_mapping_demo/ros2_ws/install/BinaryContainmentChain:/opt/ros/jazzy DEBUGINFOD_URLS=https://debuginfod.ubuntu.com LD_LIBRARY_PATH=/home/mikks/ros2_px4_ws/install/px4_ros2_cpp/lib:/home/mikks/ros2_px4_ws/install/px4_msgs/lib:${LD_LIBRARY_PATH} PYTHONPATH=/home/mikks/ros2_px4_ws/install/px4_msgs/lib/python3.12/site-packages:${PYTHONPATH} /usr/bin/cmake --install /home/mikks/ros2_px4_ws/build/px4_ros2_py
[5.298s] INFO:colcon.colcon_core.shell:Creating environment hook '/home/mikks/ros2_px4_ws/install/px4_ros2_py/share/px4_ros2_py/hook/cmake_prefix_path.sh'
[5.298s] Level 1:colcon.colcon_core.environment:checking '/home/mikks/ros2_px4_ws/install/px4_ros2_py/lib'
[5.299s] Level 1:colcon.colcon_core.environment:checking '/home/mikks/ros2_px4_ws/install/px4_ros2_py/bin'
[5.299s] Level 1:colcon.colcon_core.environment:checking '/home/mikks/ros2_px4_ws/install/px4_ros2_py/lib/pkgconfig/px4_ros2_py.pc'
[5.299s] Level 1:colcon.colcon_core.environment:checking '/home/mikks/ros2_px4_ws/install/px4_ros2_py/lib/python3.12/site-packages'
[5.299s] Level 1:colcon.colcon_core.shell:create_environment_hook('px4_ros2_py', 'pythonpath')
[5.299s] INFO:colcon.colcon_core.shell:Creating environment hook '/home/mikks/ros2_px4_ws/install/px4_ros2_py/share/px4_ros2_py/hook/pythonpath.ps1'
[5.300s] INFO:colcon.colcon_core.shell:Creating environment descriptor '/home/mikks/ros2_px4_ws/install/px4_ros2_py/share/px4_ros2_py/hook/pythonpath.dsv'
[5.300s] INFO:colcon.colcon_core.shell:Creating environment hook '/home/mikks/ros2_px4_ws/install/px4_ros2_py/share/px4_ros2_py/hook/pythonpath.sh'
[5.301s] Level 1:colcon.colcon_core.environment:checking '/home/mikks/ros2_px4_ws/install/px4_ros2_py/bin'
[5.302s] INFO:colcon.colcon_core.shell:Creating package script '/home/mikks/ros2_px4_ws/install/px4_ros2_py/share/px4_ros2_py/package.ps1'
[5.302s] INFO:colcon.colcon_core.shell:Creating package descriptor '/home/mikks/ros2_px4_ws/install/px4_ros2_py/share/px4_ros2_py/package.dsv'
[5.303s] INFO:colcon.colcon_core.shell:Creating package script '/home/mikks/ros2_px4_ws/install/px4_ros2_py/share/px4_ros2_py/package.sh'
[5.304s] INFO:colcon.colcon_core.shell:Creating package script '/home/mikks/ros2_px4_ws/install/px4_ros2_py/share/px4_ros2_py/package.bash'
[5.304s] INFO:colcon.colcon_core.shell:Creating package script '/home/mikks/ros2_px4_ws/install/px4_ros2_py/share/px4_ros2_py/package.zsh'
[5.304s] Level 1:colcon.colcon_core.environment:create_file_with_runtime_dependencies(/home/mikks/ros2_px4_ws/install/px4_ros2_py/share/colcon-core/packages/px4_ros2_py)
[5.305s] Level 1:colcon.colcon_core.environment:create_environment_scripts_only(px4_ros2_py)
[5.305s] Level 1:colcon.colcon_core.environment:checking '/home/mikks/ros2_px4_ws/install/px4_ros2_py' for CMake module files
[5.306s] Level 1:colcon.colcon_core.environment:checking '/home/mikks/ros2_px4_ws/install/px4_ros2_py' for CMake config files
[5.306s] Level 1:colcon.colcon_core.shell:create_environment_hook('px4_ros2_py', 'cmake_prefix_path')
[5.306s] INFO:colcon.colcon_core.shell:Creating environment hook '/home/mikks/ros2_px4_ws/install/px4_ros2_py/share/px4_ros2_py/hook/cmake_prefix_path.ps1'
[5.307s] INFO:colcon.colcon_core.shell:Creating environment descriptor '/home/mikks/ros2_px4_ws/install/px4_ros2_py/share/px4_ros2_py/hook/cmake_prefix_path.dsv'
[5.308s] INFO:colcon.colcon_core.shell:Creating environment hook '/home/mikks/ros2_px4_ws/install/px4_ros2_py/share/px4_ros2_py/hook/cmake_prefix_path.sh'
[5.309s] Level 1:colcon.colcon_core.environment:checking '/home/mikks/ros2_px4_ws/install/px4_ros2_py/lib'
[5.309s] Level 1:colcon.colcon_core.environment:checking '/home/mikks/ros2_px4_ws/install/px4_ros2_py/bin'
[5.309s] Level 1:colcon.colcon_core.environment:checking '/home/mikks/ros2_px4_ws/install/px4_ros2_py/lib/pkgconfig/px4_ros2_py.pc'
[5.309s] Level 1:colcon.colcon_core.environment:checking '/home/mikks/ros2_px4_ws/install/px4_ros2_py/lib/python3.12/site-packages'
[5.309s] Level 1:colcon.colcon_core.shell:create_environment_hook('px4_ros2_py', 'pythonpath')
[5.309s] INFO:colcon.colcon_core.shell:Creating environment hook '/home/mikks/ros2_px4_ws/install/px4_ros2_py/share/px4_ros2_py/hook/pythonpath.ps1'
[5.310s] INFO:colcon.colcon_core.shell:Creating environment descriptor '/home/mikks/ros2_px4_ws/install/px4_ros2_py/share/px4_ros2_py/hook/pythonpath.dsv'
[5.310s] INFO:colcon.colcon_core.shell:Creating environment hook '/home/mikks/ros2_px4_ws/install/px4_ros2_py/share/px4_ros2_py/hook/pythonpath.sh'
[5.311s] Level 1:colcon.colcon_core.environment:checking '/home/mikks/ros2_px4_ws/install/px4_ros2_py/bin'
[5.311s] INFO:colcon.colcon_core.shell:Creating package script '/home/mikks/ros2_px4_ws/install/px4_ros2_py/share/px4_ros2_py/package.ps1'
[5.312s] INFO:colcon.colcon_core.shell:Creating package descriptor '/home/mikks/ros2_px4_ws/install/px4_ros2_py/share/px4_ros2_py/package.dsv'
[5.313s] INFO:colcon.colcon_core.shell:Creating package script '/home/mikks/ros2_px4_ws/install/px4_ros2_py/share/px4_ros2_py/package.sh'
[5.314s] INFO:colcon.colcon_core.shell:Creating package script '/home/mikks/ros2_px4_ws/install/px4_ros2_py/share/px4_ros2_py/package.bash'
[5.315s] INFO:colcon.colcon_core.shell:Creating package script '/home/mikks/ros2_px4_ws/install/px4_ros2_py/share/px4_ros2_py/package.zsh'
[5.315s] Level 1:colcon.colcon_core.environment:create_file_with_runtime_dependencies(/home/mikks/ros2_px4_ws/install/px4_ros2_py/share/colcon-core/packages/px4_ros2_py)
[5.315s] INFO:colcon.colcon_ros.task.ament_python.build:Building ROS package in '/home/mikks/ros2_px4_ws/src/px4-ros2-interface-lib/examples/python/modes/goto' with build type 'ament_python'
[5.316s] Level 1:colcon.colcon_core.shell:create_environment_hook('example_mode_goto_py', 'ament_prefix_path')
[5.316s] INFO:colcon.colcon_core.shell:Creating environment hook '/home/mikks/ros2_px4_ws/install/example_mode_goto_py/share/example_mode_goto_py/hook/ament_prefix_path.ps1'
[5.317s] INFO:colcon.colcon_core.shell:Creating environment descriptor '/home/mikks/ros2_px4_ws/install/example_mode_goto_py/share/example_mode_goto_py/hook/ament_prefix_path.dsv'
[5.317s] INFO:colcon.colcon_core.shell:Creating environment hook '/home/mikks/ros2_px4_ws/install/example_mode_goto_py/share/example_mode_goto_py/hook/ament_prefix_path.sh'
[5.318s] INFO:colcon.colcon_core.shell:Skip shell extension 'powershell' for command environment: Not usable outside of PowerShell
[5.318s] DEBUG:colcon.colcon_core.shell:Skip shell extension 'dsv' for command environment
[5.325s] INFO:colcon.colcon_ros.task.ament_python.build:Building ROS package in '/home/mikks/ros2_px4_ws/src/px4-ros2-interface-lib/examples/python/modes/goto_with_rclpy' with build type 'ament_python'
[5.326s] Level 1:colcon.colcon_core.shell:create_environment_hook('example_mode_with_rclpy_py', 'ament_prefix_path')
[5.326s] INFO:colcon.colcon_core.shell:Creating environment hook '/home/mikks/ros2_px4_ws/install/example_mode_with_rclpy_py/share/example_mode_with_rclpy_py/hook/ament_prefix_path.ps1'
[5.327s] INFO:colcon.colcon_core.shell:Creating environment descriptor '/home/mikks/ros2_px4_ws/install/example_mode_with_rclpy_py/share/example_mode_with_rclpy_py/hook/ament_prefix_path.dsv'
[5.327s] INFO:colcon.colcon_core.shell:Creating environment hook '/home/mikks/ros2_px4_ws/install/example_mode_with_rclpy_py/share/example_mode_with_rclpy_py/hook/ament_prefix_path.sh'
[5.328s] INFO:colcon.colcon_core.shell:Skip shell extension 'powershell' for command environment: Not usable outside of PowerShell
[5.328s] DEBUG:colcon.colcon_core.shell:Skip shell extension 'dsv' for command environment
[5.634s] INFO:colcon.colcon_core.task.python.build:Building Python package in '/home/mikks/ros2_px4_ws/src/px4-ros2-interface-lib/examples/python/modes/goto'
[5.635s] INFO:colcon.colcon_core.shell:Skip shell extension 'powershell' for command environment: Not usable outside of PowerShell
[5.635s] DEBUG:colcon.colcon_core.shell:Skip shell extension 'dsv' for command environment
[5.926s] INFO:colcon.colcon_core.task.python.build:Building Python package in '/home/mikks/ros2_px4_ws/src/px4-ros2-interface-lib/examples/python/modes/goto_with_rclpy'
[5.926s] INFO:colcon.colcon_core.shell:Skip shell extension 'powershell' for command environment: Not usable outside of PowerShell
[5.926s] DEBUG:colcon.colcon_core.shell:Skip shell extension 'dsv' for command environment
[5.936s] DEBUG:colcon.colcon_core.event_handler.log_command:Invoking command in '/home/mikks/ros2_px4_ws/build/px4_actuator_ctrl': AMENT_PREFIX_PATH=/home/mikks/ros2_px4_ws/install/px4_msgs:${AMENT_PREFIX_PATH} CMAKE_PREFIX_PATH=/home/mikks/ros2_px4_ws/install/px4_msgs:${CMAKE_PREFIX_PATH} DEBUGINFOD_URLS=https://debuginfod.ubuntu.com LD_LIBRARY_PATH=/home/mikks/ros2_px4_ws/install/px4_msgs/lib:${LD_LIBRARY_PATH} PYTHONPATH=/home/mikks/ros2_px4_ws/build/px4_actuator_ctrl/prefix_override:/usr/lib/python3/dist-packages/colcon_core/task/python/colcon_distutils_commands:/home/mikks/ros2_px4_ws/install/px4_actuator_ctrl/lib/python3.12/site-packages:/home/mikks/ros2_px4_ws/install/px4_msgs/lib/python3.12/site-packages:${PYTHONPATH} /usr/bin/python3 -W ignore:setup.py install is deprecated -W ignore:easy_install command is deprecated setup.py develop --editable --build-directory /home/mikks/ros2_px4_ws/build/px4_actuator_ctrl/build --no-deps symlink_data
[6.871s] DEBUG:colcon.colcon_core.event_handler.log_command:Invoking command in '/home/mikks/ros2_px4_ws/build/example_mode_goto_py': AMENT_PREFIX_PATH=/home/mikks/ros2_px4_ws/install/px4_ros2_py:/home/mikks/ros2_px4_ws/install/px4_ros2_cpp:/home/mikks/ros2_px4_ws/install/px4_msgs:${AMENT_PREFIX_PATH} CMAKE_PREFIX_PATH=/home/mikks/ros2_px4_ws/install/px4_ros2_py:/home/mikks/ros2_px4_ws/install/px4_ros2_cpp:/home/mikks/ros2_px4_ws/install/px4_msgs:${CMAKE_PREFIX_PATH} DEBUGINFOD_URLS=https://debuginfod.ubuntu.com LD_LIBRARY_PATH=/home/mikks/ros2_px4_ws/install/px4_ros2_cpp/lib:/home/mikks/ros2_px4_ws/install/px4_msgs/lib:${LD_LIBRARY_PATH} PYTHONPATH=/home/mikks/ros2_px4_ws/build/example_mode_goto_py/prefix_override:/usr/lib/python3/dist-packages/colcon_core/task/python/colcon_distutils_commands:/home/mikks/ros2_px4_ws/install/example_mode_goto_py/lib/python3.12/site-packages:/home/mikks/ros2_px4_ws/install/px4_ros2_py/lib/python3.12/site-packages:/home/mikks/ros2_px4_ws/install/px4_msgs/lib/python3.12/site-packages:${PYTHONPATH} /usr/bin/python3 -W ignore:setup.py install is deprecated -W ignore:easy_install command is deprecated setup.py develop --editable --build-directory /home/mikks/ros2_px4_ws/build/example_mode_goto_py/build --no-deps symlink_data
[6.874s] DEBUG:colcon.colcon_core.event_handler.log_command:Invoking command in '/home/mikks/ros2_px4_ws/build/example_mode_with_rclpy_py': AMENT_PREFIX_PATH=/home/mikks/ros2_px4_ws/install/px4_ros2_py:/home/mikks/ros2_px4_ws/install/px4_ros2_cpp:/home/mikks/ros2_px4_ws/install/px4_msgs:${AMENT_PREFIX_PATH} CMAKE_PREFIX_PATH=/home/mikks/ros2_px4_ws/install/px4_ros2_py:/home/mikks/ros2_px4_ws/install/px4_ros2_cpp:/home/mikks/ros2_px4_ws/install/px4_msgs:${CMAKE_PREFIX_PATH} DEBUGINFOD_URLS=https://debuginfod.ubuntu.com LD_LIBRARY_PATH=/home/mikks/ros2_px4_ws/install/px4_ros2_cpp/lib:/home/mikks/ros2_px4_ws/install/px4_msgs/lib:${LD_LIBRARY_PATH} PYTHONPATH=/home/mikks/ros2_px4_ws/build/example_mode_with_rclpy_py/prefix_override:/usr/lib/python3/dist-packages/colcon_core/task/python/colcon_distutils_commands:/home/mikks/ros2_px4_ws/install/example_mode_with_rclpy_py/lib/python3.12/site-packages:/home/mikks/ros2_px4_ws/install/px4_ros2_py/lib/python3.12/site-packages:/home/mikks/ros2_px4_ws/install/px4_msgs/lib/python3.12/site-packages:${PYTHONPATH} /usr/bin/python3 -W ignore:setup.py install is deprecated -W ignore:easy_install command is deprecated setup.py develop --editable --build-directory /home/mikks/ros2_px4_ws/build/example_mode_with_rclpy_py/build --no-deps symlink_data
[7.043s] Level 1:colcon.colcon_core.shell:create_environment_hook('px4_actuator_ctrl', 'pythonpath_develop')
[7.044s] INFO:colcon.colcon_core.shell:Creating environment hook '/home/mikks/ros2_px4_ws/build/px4_actuator_ctrl/share/px4_actuator_ctrl/hook/pythonpath_develop.ps1'
[7.045s] DEBUG:colcon.colcon_core.event_handler.log_command:Invoked command in '/home/mikks/ros2_px4_ws/build/px4_actuator_ctrl' returned '0': AMENT_PREFIX_PATH=/home/mikks/ros2_px4_ws/install/px4_msgs:${AMENT_PREFIX_PATH} CMAKE_PREFIX_PATH=/home/mikks/ros2_px4_ws/install/px4_msgs:${CMAKE_PREFIX_PATH} DEBUGINFOD_URLS=https://debuginfod.ubuntu.com LD_LIBRARY_PATH=/home/mikks/ros2_px4_ws/install/px4_msgs/lib:${LD_LIBRARY_PATH} PYTHONPATH=/home/mikks/ros2_px4_ws/build/px4_actuator_ctrl/prefix_override:/usr/lib/python3/dist-packages/colcon_core/task/python/colcon_distutils_commands:/home/mikks/ros2_px4_ws/install/px4_actuator_ctrl/lib/python3.12/site-packages:/home/mikks/ros2_px4_ws/install/px4_msgs/lib/python3.12/site-packages:${PYTHONPATH} /usr/bin/python3 -W ignore:setup.py install is deprecated -W ignore:easy_install command is deprecated setup.py develop --editable --build-directory /home/mikks/ros2_px4_ws/build/px4_actuator_ctrl/build --no-deps symlink_data
[7.045s] INFO:colcon.colcon_core.shell:Creating environment descriptor '/home/mikks/ros2_px4_ws/build/px4_actuator_ctrl/share/px4_actuator_ctrl/hook/pythonpath_develop.dsv'
[7.045s] INFO:colcon.colcon_core.shell:Creating environment hook '/home/mikks/ros2_px4_ws/build/px4_actuator_ctrl/share/px4_actuator_ctrl/hook/pythonpath_develop.sh'
[7.046s] Level 1:colcon.colcon_core.environment:checking '/home/mikks/ros2_px4_ws/install/px4_actuator_ctrl' for CMake module files
[7.047s] Level 1:colcon.colcon_core.environment:checking '/home/mikks/ros2_px4_ws/install/px4_actuator_ctrl' for CMake config files
[7.048s] Level 1:colcon.colcon_core.environment:checking '/home/mikks/ros2_px4_ws/install/px4_actuator_ctrl/lib'
[7.048s] Level 1:colcon.colcon_core.environment:checking '/home/mikks/ros2_px4_ws/install/px4_actuator_ctrl/bin'
[7.048s] Level 1:colcon.colcon_core.environment:checking '/home/mikks/ros2_px4_ws/install/px4_actuator_ctrl/lib/pkgconfig/px4_actuator_ctrl.pc'
[7.048s] Level 1:colcon.colcon_core.environment:checking '/home/mikks/ros2_px4_ws/install/px4_actuator_ctrl/lib/python3.12/site-packages'
[7.048s] Level 1:colcon.colcon_core.shell:create_environment_hook('px4_actuator_ctrl', 'pythonpath')
[7.049s] INFO:colcon.colcon_core.shell:Creating environment hook '/home/mikks/ros2_px4_ws/install/px4_actuator_ctrl/share/px4_actuator_ctrl/hook/pythonpath.ps1'
[7.049s] INFO:colcon.colcon_core.shell:Creating environment descriptor '/home/mikks/ros2_px4_ws/install/px4_actuator_ctrl/share/px4_actuator_ctrl/hook/pythonpath.dsv'
[7.050s] INFO:colcon.colcon_core.shell:Creating environment hook '/home/mikks/ros2_px4_ws/install/px4_actuator_ctrl/share/px4_actuator_ctrl/hook/pythonpath.sh'
[7.051s] Level 1:colcon.colcon_core.environment:checking '/home/mikks/ros2_px4_ws/install/px4_actuator_ctrl/bin'
[7.051s] Level 1:colcon.colcon_core.environment:create_environment_scripts_only(px4_actuator_ctrl)
[7.052s] INFO:colcon.colcon_core.shell:Creating package script '/home/mikks/ros2_px4_ws/install/px4_actuator_ctrl/share/px4_actuator_ctrl/package.ps1'
[7.052s] INFO:colcon.colcon_core.shell:Creating package descriptor '/home/mikks/ros2_px4_ws/install/px4_actuator_ctrl/share/px4_actuator_ctrl/package.dsv'
[7.053s] INFO:colcon.colcon_core.shell:Creating package script '/home/mikks/ros2_px4_ws/install/px4_actuator_ctrl/share/px4_actuator_ctrl/package.sh'
[7.054s] INFO:colcon.colcon_core.shell:Creating package script '/home/mikks/ros2_px4_ws/install/px4_actuator_ctrl/share/px4_actuator_ctrl/package.bash'
[7.054s] INFO:colcon.colcon_core.shell:Creating package script '/home/mikks/ros2_px4_ws/install/px4_actuator_ctrl/share/px4_actuator_ctrl/package.zsh'
[7.055s] Level 1:colcon.colcon_core.environment:create_file_with_runtime_dependencies(/home/mikks/ros2_px4_ws/install/px4_actuator_ctrl/share/colcon-core/packages/px4_actuator_ctrl)
[8.104s] Level 1:colcon.colcon_core.shell:create_environment_hook('example_mode_goto_py', 'pythonpath_develop')
[8.104s] INFO:colcon.colcon_core.shell:Creating environment hook '/home/mikks/ros2_px4_ws/build/example_mode_goto_py/share/example_mode_goto_py/hook/pythonpath_develop.ps1'
[8.105s] DEBUG:colcon.colcon_core.event_handler.log_command:Invoked command in '/home/mikks/ros2_px4_ws/build/example_mode_goto_py' returned '0': AMENT_PREFIX_PATH=/home/mikks/ros2_px4_ws/install/px4_ros2_py:/home/mikks/ros2_px4_ws/install/px4_ros2_cpp:/home/mikks/ros2_px4_ws/install/px4_msgs:${AMENT_PREFIX_PATH} CMAKE_PREFIX_PATH=/home/mikks/ros2_px4_ws/install/px4_ros2_py:/home/mikks/ros2_px4_ws/install/px4_ros2_cpp:/home/mikks/ros2_px4_ws/install/px4_msgs:${CMAKE_PREFIX_PATH} DEBUGINFOD_URLS=https://debuginfod.ubuntu.com LD_LIBRARY_PATH=/home/mikks/ros2_px4_ws/install/px4_ros2_cpp/lib:/home/mikks/ros2_px4_ws/install/px4_msgs/lib:${LD_LIBRARY_PATH} PYTHONPATH=/home/mikks/ros2_px4_ws/build/example_mode_goto_py/prefix_override:/usr/lib/python3/dist-packages/colcon_core/task/python/colcon_distutils_commands:/home/mikks/ros2_px4_ws/install/example_mode_goto_py/lib/python3.12/site-packages:/home/mikks/ros2_px4_ws/install/px4_ros2_py/lib/python3.12/site-packages:/home/mikks/ros2_px4_ws/install/px4_msgs/lib/python3.12/site-packages:${PYTHONPATH} /usr/bin/python3 -W ignore:setup.py install is deprecated -W ignore:easy_install command is deprecated setup.py develop --editable --build-directory /home/mikks/ros2_px4_ws/build/example_mode_goto_py/build --no-deps symlink_data
[8.105s] INFO:colcon.colcon_core.shell:Creating environment descriptor '/home/mikks/ros2_px4_ws/build/example_mode_goto_py/share/example_mode_goto_py/hook/pythonpath_develop.dsv'
[8.105s] INFO:colcon.colcon_core.shell:Creating environment hook '/home/mikks/ros2_px4_ws/build/example_mode_goto_py/share/example_mode_goto_py/hook/pythonpath_develop.sh'
[8.106s] Level 1:colcon.colcon_core.environment:checking '/home/mikks/ros2_px4_ws/install/example_mode_goto_py' for CMake module files
[8.106s] Level 1:colcon.colcon_core.environment:checking '/home/mikks/ros2_px4_ws/install/example_mode_goto_py' for CMake config files
[8.107s] Level 1:colcon.colcon_core.environment:checking '/home/mikks/ros2_px4_ws/install/example_mode_goto_py/lib'
[8.107s] Level 1:colcon.colcon_core.environment:checking '/home/mikks/ros2_px4_ws/install/example_mode_goto_py/bin'
[8.107s] Level 1:colcon.colcon_core.environment:checking '/home/mikks/ros2_px4_ws/install/example_mode_goto_py/lib/pkgconfig/example_mode_goto_py.pc'
[8.107s] Level 1:colcon.colcon_core.environment:checking '/home/mikks/ros2_px4_ws/install/example_mode_goto_py/lib/python3.12/site-packages'
[8.108s] Level 1:colcon.colcon_core.shell:create_environment_hook('example_mode_goto_py', 'pythonpath')
[8.108s] INFO:colcon.colcon_core.shell:Creating environment hook '/home/mikks/ros2_px4_ws/install/example_mode_goto_py/share/example_mode_goto_py/hook/pythonpath.ps1'
[8.108s] INFO:colcon.colcon_core.shell:Creating environment descriptor '/home/mikks/ros2_px4_ws/install/example_mode_goto_py/share/example_mode_goto_py/hook/pythonpath.dsv'
[8.109s] INFO:colcon.colcon_core.shell:Creating environment hook '/home/mikks/ros2_px4_ws/install/example_mode_goto_py/share/example_mode_goto_py/hook/pythonpath.sh'
[8.109s] Level 1:colcon.colcon_core.environment:checking '/home/mikks/ros2_px4_ws/install/example_mode_goto_py/bin'
[8.109s] Level 1:colcon.colcon_core.environment:create_environment_scripts_only(example_mode_goto_py)
[8.110s] INFO:colcon.colcon_core.shell:Creating package script '/home/mikks/ros2_px4_ws/install/example_mode_goto_py/share/example_mode_goto_py/package.ps1'
[8.110s] INFO:colcon.colcon_core.shell:Creating package descriptor '/home/mikks/ros2_px4_ws/install/example_mode_goto_py/share/example_mode_goto_py/package.dsv'
[8.111s] INFO:colcon.colcon_core.shell:Creating package script '/home/mikks/ros2_px4_ws/install/example_mode_goto_py/share/example_mode_goto_py/package.sh'
[8.111s] INFO:colcon.colcon_core.shell:Creating package script '/home/mikks/ros2_px4_ws/install/example_mode_goto_py/share/example_mode_goto_py/package.bash'
[8.112s] INFO:colcon.colcon_core.shell:Creating package script '/home/mikks/ros2_px4_ws/install/example_mode_goto_py/share/example_mode_goto_py/package.zsh'
[8.112s] Level 1:colcon.colcon_core.environment:create_file_with_runtime_dependencies(/home/mikks/ros2_px4_ws/install/example_mode_goto_py/share/colcon-core/packages/example_mode_goto_py)
[8.118s] Level 1:colcon.colcon_core.shell:create_environment_hook('example_mode_with_rclpy_py', 'pythonpath_develop')
[8.118s] INFO:colcon.colcon_core.shell:Creating environment hook '/home/mikks/ros2_px4_ws/build/example_mode_with_rclpy_py/share/example_mode_with_rclpy_py/hook/pythonpath_develop.ps1'
[8.119s] DEBUG:colcon.colcon_core.event_handler.log_command:Invoked command in '/home/mikks/ros2_px4_ws/build/example_mode_with_rclpy_py' returned '0': AMENT_PREFIX_PATH=/home/mikks/ros2_px4_ws/install/px4_ros2_py:/home/mikks/ros2_px4_ws/install/px4_ros2_cpp:/home/mikks/ros2_px4_ws/install/px4_msgs:${AMENT_PREFIX_PATH} CMAKE_PREFIX_PATH=/home/mikks/ros2_px4_ws/install/px4_ros2_py:/home/mikks/ros2_px4_ws/install/px4_ros2_cpp:/home/mikks/ros2_px4_ws/install/px4_msgs:${CMAKE_PREFIX_PATH} DEBUGINFOD_URLS=https://debuginfod.ubuntu.com LD_LIBRARY_PATH=/home/mikks/ros2_px4_ws/install/px4_ros2_cpp/lib:/home/mikks/ros2_px4_ws/install/px4_msgs/lib:${LD_LIBRARY_PATH} PYTHONPATH=/home/mikks/ros2_px4_ws/build/example_mode_with_rclpy_py/prefix_override:/usr/lib/python3/dist-packages/colcon_core/task/python/colcon_distutils_commands:/home/mikks/ros2_px4_ws/install/example_mode_with_rclpy_py/lib/python3.12/site-packages:/home/mikks/ros2_px4_ws/install/px4_ros2_py/lib/python3.12/site-packages:/home/mikks/ros2_px4_ws/install/px4_msgs/lib/python3.12/site-packages:${PYTHONPATH} /usr/bin/python3 -W ignore:setup.py install is deprecated -W ignore:easy_install command is deprecated setup.py develop --editable --build-directory /home/mikks/ros2_px4_ws/build/example_mode_with_rclpy_py/build --no-deps symlink_data
[8.119s] INFO:colcon.colcon_core.shell:Creating environment descriptor '/home/mikks/ros2_px4_ws/build/example_mode_with_rclpy_py/share/example_mode_with_rclpy_py/hook/pythonpath_develop.dsv'
[8.119s] INFO:colcon.colcon_core.shell:Creating environment hook '/home/mikks/ros2_px4_ws/build/example_mode_with_rclpy_py/share/example_mode_with_rclpy_py/hook/pythonpath_develop.sh'
[8.120s] Level 1:colcon.colcon_core.environment:checking '/home/mikks/ros2_px4_ws/install/example_mode_with_rclpy_py' for CMake module files
[8.121s] Level 1:colcon.colcon_core.environment:checking '/home/mikks/ros2_px4_ws/install/example_mode_with_rclpy_py' for CMake config files
[8.121s] Level 1:colcon.colcon_core.environment:checking '/home/mikks/ros2_px4_ws/install/example_mode_with_rclpy_py/lib'
[8.121s] Level 1:colcon.colcon_core.environment:checking '/home/mikks/ros2_px4_ws/install/example_mode_with_rclpy_py/bin'
[8.121s] Level 1:colcon.colcon_core.environment:checking '/home/mikks/ros2_px4_ws/install/example_mode_with_rclpy_py/lib/pkgconfig/example_mode_with_rclpy_py.pc'
[8.121s] Level 1:colcon.colcon_core.environment:checking '/home/mikks/ros2_px4_ws/install/example_mode_with_rclpy_py/lib/python3.12/site-packages'
[8.122s] Level 1:colcon.colcon_core.shell:create_environment_hook('example_mode_with_rclpy_py', 'pythonpath')
[8.122s] INFO:colcon.colcon_core.shell:Creating environment hook '/home/mikks/ros2_px4_ws/install/example_mode_with_rclpy_py/share/example_mode_with_rclpy_py/hook/pythonpath.ps1'
[8.123s] INFO:colcon.colcon_core.shell:Creating environment descriptor '/home/mikks/ros2_px4_ws/install/example_mode_with_rclpy_py/share/example_mode_with_rclpy_py/hook/pythonpath.dsv'
[8.123s] INFO:colcon.colcon_core.shell:Creating environment hook '/home/mikks/ros2_px4_ws/install/example_mode_with_rclpy_py/share/example_mode_with_rclpy_py/hook/pythonpath.sh'
[8.124s] Level 1:colcon.colcon_core.environment:checking '/home/mikks/ros2_px4_ws/install/example_mode_with_rclpy_py/bin'
[8.124s] Level 1:colcon.colcon_core.environment:create_environment_scripts_only(example_mode_with_rclpy_py)
[8.124s] INFO:colcon.colcon_core.shell:Creating package script '/home/mikks/ros2_px4_ws/install/example_mode_with_rclpy_py/share/example_mode_with_rclpy_py/package.ps1'
[8.125s] INFO:colcon.colcon_core.shell:Creating package descriptor '/home/mikks/ros2_px4_ws/install/example_mode_with_rclpy_py/share/example_mode_with_rclpy_py/package.dsv'
[8.125s] INFO:colcon.colcon_core.shell:Creating package script '/home/mikks/ros2_px4_ws/install/example_mode_with_rclpy_py/share/example_mode_with_rclpy_py/package.sh'
[8.126s] INFO:colcon.colcon_core.shell:Creating package script '/home/mikks/ros2_px4_ws/install/example_mode_with_rclpy_py/share/example_mode_with_rclpy_py/package.bash'
[8.126s] INFO:colcon.colcon_core.shell:Creating package script '/home/mikks/ros2_px4_ws/install/example_mode_with_rclpy_py/share/example_mode_with_rclpy_py/package.zsh'
[8.126s] Level 1:colcon.colcon_core.environment:create_file_with_runtime_dependencies(/home/mikks/ros2_px4_ws/install/example_mode_with_rclpy_py/share/colcon-core/packages/example_mode_with_rclpy_py)
[8.127s] DEBUG:colcon.colcon_parallel_executor.executor.parallel:closing loop
[8.128s] DEBUG:colcon.colcon_parallel_executor.executor.parallel:loop closed
[8.128s] DEBUG:colcon.colcon_parallel_executor.executor.parallel:run_until_complete finished with '0'
[8.128s] DEBUG:colcon.colcon_core.event_reactor:joining thread
[8.147s] INFO:colcon.colcon_core.plugin_system:Skipping extension 'colcon_notification.desktop_notification.terminal_notifier': Not used on non-Darwin systems
[8.147s] INFO:colcon.colcon_core.plugin_system:Skipping extension 'colcon_notification.desktop_notification.win32': Not used on non-Windows systems
[8.147s] INFO:colcon.colcon_notification.desktop_notification:Sending desktop notification using 'notify2'
[8.191s] DEBUG:colcon.colcon_core.event_reactor:joined thread
[8.191s] INFO:colcon.colcon_core.shell:Creating prefix script '/home/mikks/ros2_px4_ws/install/local_setup.ps1'
[8.195s] INFO:colcon.colcon_core.shell:Creating prefix util module '/home/mikks/ros2_px4_ws/install/_local_setup_util_ps1.py'
[8.205s] INFO:colcon.colcon_core.shell:Creating prefix chain script '/home/mikks/ros2_px4_ws/install/setup.ps1'
[8.213s] INFO:colcon.colcon_core.shell:Creating prefix script '/home/mikks/ros2_px4_ws/install/local_setup.sh'
[8.217s] INFO:colcon.colcon_core.shell:Creating prefix util module '/home/mikks/ros2_px4_ws/install/_local_setup_util_sh.py'
[8.219s] INFO:colcon.colcon_core.shell:Creating prefix chain script '/home/mikks/ros2_px4_ws/install/setup.sh'
[8.226s] INFO:colcon.colcon_core.shell:Creating prefix script '/home/mikks/ros2_px4_ws/install/local_setup.bash'
[8.227s] INFO:colcon.colcon_core.shell:Creating prefix chain script '/home/mikks/ros2_px4_ws/install/setup.bash'
[8.232s] INFO:colcon.colcon_core.shell:Creating prefix script '/home/mikks/ros2_px4_ws/install/local_setup.zsh'
[8.233s] INFO:colcon.colcon_core.shell:Creating prefix chain script '/home/mikks/ros2_px4_ws/install/setup.zsh'
