[0.215s] DEBUG:colcon:Command line arguments: ['/usr/bin/colcon', 'build', '--symlink-install']
[0.215s] DEBUG:colcon:Parsed command line arguments: Namespace(log_base=None, log_level=None, verb_name='build', build_base='build', install_base='install', merge_install=False, symlink_install=True, test_result_base=None, continue_on_error=False, executor='parallel', parallel_workers=12, event_handlers=None, ignore_user_meta=False, metas=['./colcon.meta'], base_paths=['.'], packages_ignore=None, packages_ignore_regex=None, paths=None, packages_up_to=None, packages_up_to_regex=None, packages_above=None, packages_above_and_dependencies=None, packages_above_depth=None, packages_select_by_dep=None, packages_skip_by_dep=None, packages_skip_up_to=None, packages_select_build_failed=False, packages_skip_build_finished=False, packages_select_test_failures=False, packages_skip_test_passed=False, packages_select=None, packages_skip=None, packages_select_regex=None, packages_skip_regex=None, packages_start=None, packages_end=None, allow_overriding=[], cmake_args=None, cmake_target=None, cmake_target_skip_unavailable=False, cmake_clean_cache=False, cmake_clean_first=False, cmake_force_configure=False, ament_cmake_args=None, catkin_cmake_args=None, catkin_skip_building_tests=False, mixin_files=None, mixin=None, verb_parser=<colcon_mixin.mixin.mixin_argument.MixinArgumentDecorator object at 0x77c89d745040>, verb_extension=<colcon_core.verb.build.BuildVerb object at 0x77c89d9c5340>, main=<bound method BuildVerb.main of <colcon_core.verb.build.BuildVerb object at 0x77c89d9c5340>>, mixin_verb=('build',))
[0.254s] Level 1:colcon.colcon_core.package_discovery:discover_packages(colcon_meta) check parameters
[0.254s] Level 1:colcon.colcon_core.package_discovery:discover_packages(recursive) check parameters
[0.254s] Level 1:colcon.colcon_core.package_discovery:discover_packages(ignore) check parameters
[0.254s] Level 1:colcon.colcon_core.package_discovery:discover_packages(path) check parameters
[0.254s] Level 1:colcon.colcon_core.package_discovery:discover_packages(colcon_meta) discover
[0.255s] Level 1:colcon.colcon_core.package_discovery:discover_packages(recursive) discover
[0.255s] INFO:colcon.colcon_core.package_discovery:Crawling recursively for packages in '/home/mikks/ros2_px4_ws'
[0.255s] Level 1:colcon.colcon_core.package_identification:_identify(.) by extensions ['ignore', 'ignore_ament_install']
[0.255s] Level 1:colcon.colcon_core.package_identification:_identify(.) by extension 'ignore'
[0.255s] Level 1:colcon.colcon_core.package_identification:_identify(.) by extension 'ignore_ament_install'
[0.255s] Level 1:colcon.colcon_core.package_identification:_identify(.) by extensions ['colcon_pkg']
[0.255s] Level 1:colcon.colcon_core.package_identification:_identify(.) by extension 'colcon_pkg'
[0.255s] Level 1:colcon.colcon_core.package_identification:_identify(.) by extensions ['colcon_meta']
[0.255s] Level 1:colcon.colcon_core.package_identification:_identify(.) by extension 'colcon_meta'
[0.255s] Level 1:colcon.colcon_core.package_identification:_identify(.) by extensions ['ros']
[0.255s] Level 1:colcon.colcon_core.package_identification:_identify(.) by extension 'ros'
[0.280s] Level 1:colcon.colcon_core.package_identification:_identify(.) by extensions ['cmake', 'python']
[0.280s] Level 1:colcon.colcon_core.package_identification:_identify(.) by extension 'cmake'
[0.280s] Level 1:colcon.colcon_core.package_identification:_identify(.) by extension 'python'
[0.280s] Level 1:colcon.colcon_core.package_identification:_identify(.) by extensions ['python_setup_py']
[0.280s] Level 1:colcon.colcon_core.package_identification:_identify(.) by extension 'python_setup_py'
[0.280s] Level 1:colcon.colcon_core.package_identification:_identify(build) by extensions ['ignore', 'ignore_ament_install']
[0.280s] Level 1:colcon.colcon_core.package_identification:_identify(build) by extension 'ignore'
[0.280s] Level 1:colcon.colcon_core.package_identification:_identify(build) ignored
[0.280s] Level 1:colcon.colcon_core.package_identification:_identify(install) by extensions ['ignore', 'ignore_ament_install']
[0.280s] Level 1:colcon.colcon_core.package_identification:_identify(install) by extension 'ignore'
[0.280s] Level 1:colcon.colcon_core.package_identification:_identify(install) ignored
[0.280s] Level 1:colcon.colcon_core.package_identification:_identify(log) by extensions ['ignore', 'ignore_ament_install']
[0.280s] Level 1:colcon.colcon_core.package_identification:_identify(log) by extension 'ignore'
[0.281s] Level 1:colcon.colcon_core.package_identification:_identify(log) ignored
[0.281s] Level 1:colcon.colcon_core.package_identification:_identify(src) by extensions ['ignore', 'ignore_ament_install']
[0.281s] Level 1:colcon.colcon_core.package_identification:_identify(src) by extension 'ignore'
[0.281s] Level 1:colcon.colcon_core.package_identification:_identify(src) by extension 'ignore_ament_install'
[0.281s] Level 1:colcon.colcon_core.package_identification:_identify(src) by extensions ['colcon_pkg']
[0.281s] Level 1:colcon.colcon_core.package_identification:_identify(src) by extension 'colcon_pkg'
[0.281s] Level 1:colcon.colcon_core.package_identification:_identify(src) by extensions ['colcon_meta']
[0.281s] Level 1:colcon.colcon_core.package_identification:_identify(src) by extension 'colcon_meta'
[0.281s] Level 1:colcon.colcon_core.package_identification:_identify(src) by extensions ['ros']
[0.281s] Level 1:colcon.colcon_core.package_identification:_identify(src) by extension 'ros'
[0.281s] Level 1:colcon.colcon_core.package_identification:_identify(src) by extensions ['cmake', 'python']
[0.281s] Level 1:colcon.colcon_core.package_identification:_identify(src) by extension 'cmake'
[0.281s] Level 1:colcon.colcon_core.package_identification:_identify(src) by extension 'python'
[0.281s] Level 1:colcon.colcon_core.package_identification:_identify(src) by extensions ['python_setup_py']
[0.281s] Level 1:colcon.colcon_core.package_identification:_identify(src) by extension 'python_setup_py'
[0.281s] Level 1:colcon.colcon_core.package_identification:_identify(src/px4-ros2-interface-lib) by extensions ['ignore', 'ignore_ament_install']
[0.282s] Level 1:colcon.colcon_core.package_identification:_identify(src/px4-ros2-interface-lib) by extension 'ignore'
[0.282s] Level 1:colcon.colcon_core.package_identification:_identify(src/px4-ros2-interface-lib) by extension 'ignore_ament_install'
[0.282s] Level 1:colcon.colcon_core.package_identification:_identify(src/px4-ros2-interface-lib) by extensions ['colcon_pkg']
[0.282s] Level 1:colcon.colcon_core.package_identification:_identify(src/px4-ros2-interface-lib) by extension 'colcon_pkg'
[0.282s] Level 1:colcon.colcon_core.package_identification:_identify(src/px4-ros2-interface-lib) by extensions ['colcon_meta']
[0.282s] Level 1:colcon.colcon_core.package_identification:_identify(src/px4-ros2-interface-lib) by extension 'colcon_meta'
[0.282s] Level 1:colcon.colcon_core.package_identification:_identify(src/px4-ros2-interface-lib) by extensions ['ros']
[0.282s] Level 1:colcon.colcon_core.package_identification:_identify(src/px4-ros2-interface-lib) by extension 'ros'
[0.282s] Level 1:colcon.colcon_core.package_identification:_identify(src/px4-ros2-interface-lib) by extensions ['cmake', 'python']
[0.282s] Level 1:colcon.colcon_core.package_identification:_identify(src/px4-ros2-interface-lib) by extension 'cmake'
[0.282s] Level 1:colcon.colcon_core.package_identification:_identify(src/px4-ros2-interface-lib) by extension 'python'
[0.282s] Level 1:colcon.colcon_core.package_identification:_identify(src/px4-ros2-interface-lib) by extensions ['python_setup_py']
[0.282s] Level 1:colcon.colcon_core.package_identification:_identify(src/px4-ros2-interface-lib) by extension 'python_setup_py'
[0.282s] Level 1:colcon.colcon_core.package_identification:_identify(src/px4-ros2-interface-lib/examples) by extensions ['ignore', 'ignore_ament_install']
[0.282s] Level 1:colcon.colcon_core.package_identification:_identify(src/px4-ros2-interface-lib/examples) by extension 'ignore'
[0.282s] Level 1:colcon.colcon_core.package_identification:_identify(src/px4-ros2-interface-lib/examples) by extension 'ignore_ament_install'
[0.282s] Level 1:colcon.colcon_core.package_identification:_identify(src/px4-ros2-interface-lib/examples) by extensions ['colcon_pkg']
[0.282s] Level 1:colcon.colcon_core.package_identification:_identify(src/px4-ros2-interface-lib/examples) by extension 'colcon_pkg'
[0.282s] Level 1:colcon.colcon_core.package_identification:_identify(src/px4-ros2-interface-lib/examples) by extensions ['colcon_meta']
[0.282s] Level 1:colcon.colcon_core.package_identification:_identify(src/px4-ros2-interface-lib/examples) by extension 'colcon_meta'
[0.282s] Level 1:colcon.colcon_core.package_identification:_identify(src/px4-ros2-interface-lib/examples) by extensions ['ros']
[0.282s] Level 1:colcon.colcon_core.package_identification:_identify(src/px4-ros2-interface-lib/examples) by extension 'ros'
[0.283s] Level 1:colcon.colcon_core.package_identification:_identify(src/px4-ros2-interface-lib/examples) by extensions ['cmake', 'python']
[0.283s] Level 1:colcon.colcon_core.package_identification:_identify(src/px4-ros2-interface-lib/examples) by extension 'cmake'
[0.283s] Level 1:colcon.colcon_core.package_identification:_identify(src/px4-ros2-interface-lib/examples) by extension 'python'
[0.283s] Level 1:colcon.colcon_core.package_identification:_identify(src/px4-ros2-interface-lib/examples) by extensions ['python_setup_py']
[0.283s] Level 1:colcon.colcon_core.package_identification:_identify(src/px4-ros2-interface-lib/examples) by extension 'python_setup_py'
[0.283s] Level 1:colcon.colcon_core.package_identification:_identify(src/px4-ros2-interface-lib/examples/cpp) by extensions ['ignore', 'ignore_ament_install']
[0.283s] Level 1:colcon.colcon_core.package_identification:_identify(src/px4-ros2-interface-lib/examples/cpp) by extension 'ignore'
[0.283s] Level 1:colcon.colcon_core.package_identification:_identify(src/px4-ros2-interface-lib/examples/cpp) by extension 'ignore_ament_install'
[0.283s] Level 1:colcon.colcon_core.package_identification:_identify(src/px4-ros2-interface-lib/examples/cpp) by extensions ['colcon_pkg']
[0.283s] Level 1:colcon.colcon_core.package_identification:_identify(src/px4-ros2-interface-lib/examples/cpp) by extension 'colcon_pkg'
[0.283s] Level 1:colcon.colcon_core.package_identification:_identify(src/px4-ros2-interface-lib/examples/cpp) by extensions ['colcon_meta']
[0.283s] Level 1:colcon.colcon_core.package_identification:_identify(src/px4-ros2-interface-lib/examples/cpp) by extension 'colcon_meta'
[0.283s] Level 1:colcon.colcon_core.package_identification:_identify(src/px4-ros2-interface-lib/examples/cpp) by extensions ['ros']
[0.283s] Level 1:colcon.colcon_core.package_identification:_identify(src/px4-ros2-interface-lib/examples/cpp) by extension 'ros'
[0.283s] Level 1:colcon.colcon_core.package_identification:_identify(src/px4-ros2-interface-lib/examples/cpp) by extensions ['cmake', 'python']
[0.283s] Level 1:colcon.colcon_core.package_identification:_identify(src/px4-ros2-interface-lib/examples/cpp) by extension 'cmake'
[0.283s] Level 1:colcon.colcon_core.package_identification:_identify(src/px4-ros2-interface-lib/examples/cpp) by extension 'python'
[0.283s] Level 1:colcon.colcon_core.package_identification:_identify(src/px4-ros2-interface-lib/examples/cpp) by extensions ['python_setup_py']
[0.284s] Level 1:colcon.colcon_core.package_identification:_identify(src/px4-ros2-interface-lib/examples/cpp) by extension 'python_setup_py'
[0.284s] Level 1:colcon.colcon_core.package_identification:_identify(src/px4-ros2-interface-lib/examples/cpp/modes) by extensions ['ignore', 'ignore_ament_install']
[0.284s] Level 1:colcon.colcon_core.package_identification:_identify(src/px4-ros2-interface-lib/examples/cpp/modes) by extension 'ignore'
[0.284s] Level 1:colcon.colcon_core.package_identification:_identify(src/px4-ros2-interface-lib/examples/cpp/modes) by extension 'ignore_ament_install'
[0.284s] Level 1:colcon.colcon_core.package_identification:_identify(src/px4-ros2-interface-lib/examples/cpp/modes) by extensions ['colcon_pkg']
[0.284s] Level 1:colcon.colcon_core.package_identification:_identify(src/px4-ros2-interface-lib/examples/cpp/modes) by extension 'colcon_pkg'
[0.284s] Level 1:colcon.colcon_core.package_identification:_identify(src/px4-ros2-interface-lib/examples/cpp/modes) by extensions ['colcon_meta']
[0.284s] Level 1:colcon.colcon_core.package_identification:_identify(src/px4-ros2-interface-lib/examples/cpp/modes) by extension 'colcon_meta'
[0.284s] Level 1:colcon.colcon_core.package_identification:_identify(src/px4-ros2-interface-lib/examples/cpp/modes) by extensions ['ros']
[0.284s] Level 1:colcon.colcon_core.package_identification:_identify(src/px4-ros2-interface-lib/examples/cpp/modes) by extension 'ros'
[0.284s] Level 1:colcon.colcon_core.package_identification:_identify(src/px4-ros2-interface-lib/examples/cpp/modes) by extensions ['cmake', 'python']
[0.284s] Level 1:colcon.colcon_core.package_identification:_identify(src/px4-ros2-interface-lib/examples/cpp/modes) by extension 'cmake'
[0.284s] Level 1:colcon.colcon_core.package_identification:_identify(src/px4-ros2-interface-lib/examples/cpp/modes) by extension 'python'
[0.284s] Level 1:colcon.colcon_core.package_identification:_identify(src/px4-ros2-interface-lib/examples/cpp/modes) by extensions ['python_setup_py']
[0.284s] Level 1:colcon.colcon_core.package_identification:_identify(src/px4-ros2-interface-lib/examples/cpp/modes) by extension 'python_setup_py'
[0.284s] Level 1:colcon.colcon_core.package_identification:_identify(src/px4-ros2-interface-lib/examples/cpp/modes/executor_with_multiple_modes) by extensions ['ignore', 'ignore_ament_install']
[0.284s] Level 1:colcon.colcon_core.package_identification:_identify(src/px4-ros2-interface-lib/examples/cpp/modes/executor_with_multiple_modes) by extension 'ignore'
[0.284s] Level 1:colcon.colcon_core.package_identification:_identify(src/px4-ros2-interface-lib/examples/cpp/modes/executor_with_multiple_modes) by extension 'ignore_ament_install'
[0.285s] Level 1:colcon.colcon_core.package_identification:_identify(src/px4-ros2-interface-lib/examples/cpp/modes/executor_with_multiple_modes) by extensions ['colcon_pkg']
[0.285s] Level 1:colcon.colcon_core.package_identification:_identify(src/px4-ros2-interface-lib/examples/cpp/modes/executor_with_multiple_modes) by extension 'colcon_pkg'
[0.285s] Level 1:colcon.colcon_core.package_identification:_identify(src/px4-ros2-interface-lib/examples/cpp/modes/executor_with_multiple_modes) by extensions ['colcon_meta']
[0.285s] Level 1:colcon.colcon_core.package_identification:_identify(src/px4-ros2-interface-lib/examples/cpp/modes/executor_with_multiple_modes) by extension 'colcon_meta'
[0.285s] Level 1:colcon.colcon_core.package_identification:_identify(src/px4-ros2-interface-lib/examples/cpp/modes/executor_with_multiple_modes) by extensions ['ros']
[0.285s] Level 1:colcon.colcon_core.package_identification:_identify(src/px4-ros2-interface-lib/examples/cpp/modes/executor_with_multiple_modes) by extension 'ros'
[0.287s] DEBUG:colcon.colcon_core.package_identification:Package 'src/px4-ros2-interface-lib/examples/cpp/modes/executor_with_multiple_modes' with type 'ros.ament_cmake' and name 'example_executor_with_multiple_modes_cpp'
[0.287s] Level 1:colcon.colcon_core.package_identification:_identify(src/px4-ros2-interface-lib/examples/cpp/modes/fw_attitude) by extensions ['ignore', 'ignore_ament_install']
[0.287s] Level 1:colcon.colcon_core.package_identification:_identify(src/px4-ros2-interface-lib/examples/cpp/modes/fw_attitude) by extension 'ignore'
[0.287s] Level 1:colcon.colcon_core.package_identification:_identify(src/px4-ros2-interface-lib/examples/cpp/modes/fw_attitude) by extension 'ignore_ament_install'
[0.287s] Level 1:colcon.colcon_core.package_identification:_identify(src/px4-ros2-interface-lib/examples/cpp/modes/fw_attitude) by extensions ['colcon_pkg']
[0.287s] Level 1:colcon.colcon_core.package_identification:_identify(src/px4-ros2-interface-lib/examples/cpp/modes/fw_attitude) by extension 'colcon_pkg'
[0.287s] Level 1:colcon.colcon_core.package_identification:_identify(src/px4-ros2-interface-lib/examples/cpp/modes/fw_attitude) by extensions ['colcon_meta']
[0.287s] Level 1:colcon.colcon_core.package_identification:_identify(src/px4-ros2-interface-lib/examples/cpp/modes/fw_attitude) by extension 'colcon_meta'
[0.287s] Level 1:colcon.colcon_core.package_identification:_identify(src/px4-ros2-interface-lib/examples/cpp/modes/fw_attitude) by extensions ['ros']
[0.287s] Level 1:colcon.colcon_core.package_identification:_identify(src/px4-ros2-interface-lib/examples/cpp/modes/fw_attitude) by extension 'ros'
[0.288s] DEBUG:colcon.colcon_core.package_identification:Package 'src/px4-ros2-interface-lib/examples/cpp/modes/fw_attitude' with type 'ros.ament_cmake' and name 'example_mode_fw_attitude_cpp'
[0.288s] Level 1:colcon.colcon_core.package_identification:_identify(src/px4-ros2-interface-lib/examples/cpp/modes/goto) by extensions ['ignore', 'ignore_ament_install']
[0.288s] Level 1:colcon.colcon_core.package_identification:_identify(src/px4-ros2-interface-lib/examples/cpp/modes/goto) by extension 'ignore'
[0.288s] Level 1:colcon.colcon_core.package_identification:_identify(src/px4-ros2-interface-lib/examples/cpp/modes/goto) by extension 'ignore_ament_install'
[0.288s] Level 1:colcon.colcon_core.package_identification:_identify(src/px4-ros2-interface-lib/examples/cpp/modes/goto) by extensions ['colcon_pkg']
[0.289s] Level 1:colcon.colcon_core.package_identification:_identify(src/px4-ros2-interface-lib/examples/cpp/modes/goto) by extension 'colcon_pkg'
[0.289s] Level 1:colcon.colcon_core.package_identification:_identify(src/px4-ros2-interface-lib/examples/cpp/modes/goto) by extensions ['colcon_meta']
[0.289s] Level 1:colcon.colcon_core.package_identification:_identify(src/px4-ros2-interface-lib/examples/cpp/modes/goto) by extension 'colcon_meta'
[0.289s] Level 1:colcon.colcon_core.package_identification:_identify(src/px4-ros2-interface-lib/examples/cpp/modes/goto) by extensions ['ros']
[0.289s] Level 1:colcon.colcon_core.package_identification:_identify(src/px4-ros2-interface-lib/examples/cpp/modes/goto) by extension 'ros'
[0.289s] DEBUG:colcon.colcon_core.package_identification:Package 'src/px4-ros2-interface-lib/examples/cpp/modes/goto' with type 'ros.ament_cmake' and name 'example_mode_goto_cpp'
[0.289s] Level 1:colcon.colcon_core.package_identification:_identify(src/px4-ros2-interface-lib/examples/cpp/modes/goto_global) by extensions ['ignore', 'ignore_ament_install']
[0.289s] Level 1:colcon.colcon_core.package_identification:_identify(src/px4-ros2-interface-lib/examples/cpp/modes/goto_global) by extension 'ignore'
[0.290s] Level 1:colcon.colcon_core.package_identification:_identify(src/px4-ros2-interface-lib/examples/cpp/modes/goto_global) by extension 'ignore_ament_install'
[0.290s] Level 1:colcon.colcon_core.package_identification:_identify(src/px4-ros2-interface-lib/examples/cpp/modes/goto_global) by extensions ['colcon_pkg']
[0.290s] Level 1:colcon.colcon_core.package_identification:_identify(src/px4-ros2-interface-lib/examples/cpp/modes/goto_global) by extension 'colcon_pkg'
[0.290s] Level 1:colcon.colcon_core.package_identification:_identify(src/px4-ros2-interface-lib/examples/cpp/modes/goto_global) by extensions ['colcon_meta']
[0.290s] Level 1:colcon.colcon_core.package_identification:_identify(src/px4-ros2-interface-lib/examples/cpp/modes/goto_global) by extension 'colcon_meta'
[0.290s] Level 1:colcon.colcon_core.package_identification:_identify(src/px4-ros2-interface-lib/examples/cpp/modes/goto_global) by extensions ['ros']
[0.290s] Level 1:colcon.colcon_core.package_identification:_identify(src/px4-ros2-interface-lib/examples/cpp/modes/goto_global) by extension 'ros'
[0.291s] DEBUG:colcon.colcon_core.package_identification:Package 'src/px4-ros2-interface-lib/examples/cpp/modes/goto_global' with type 'ros.ament_cmake' and name 'example_mode_goto_global_cpp'
[0.291s] Level 1:colcon.colcon_core.package_identification:_identify(src/px4-ros2-interface-lib/examples/cpp/modes/manual) by extensions ['ignore', 'ignore_ament_install']
[0.291s] Level 1:colcon.colcon_core.package_identification:_identify(src/px4-ros2-interface-lib/examples/cpp/modes/manual) by extension 'ignore'
[0.291s] Level 1:colcon.colcon_core.package_identification:_identify(src/px4-ros2-interface-lib/examples/cpp/modes/manual) by extension 'ignore_ament_install'
[0.291s] Level 1:colcon.colcon_core.package_identification:_identify(src/px4-ros2-interface-lib/examples/cpp/modes/manual) by extensions ['colcon_pkg']
[0.291s] Level 1:colcon.colcon_core.package_identification:_identify(src/px4-ros2-interface-lib/examples/cpp/modes/manual) by extension 'colcon_pkg'
[0.291s] Level 1:colcon.colcon_core.package_identification:_identify(src/px4-ros2-interface-lib/examples/cpp/modes/manual) by extensions ['colcon_meta']
[0.291s] Level 1:colcon.colcon_core.package_identification:_identify(src/px4-ros2-interface-lib/examples/cpp/modes/manual) by extension 'colcon_meta'
[0.291s] Level 1:colcon.colcon_core.package_identification:_identify(src/px4-ros2-interface-lib/examples/cpp/modes/manual) by extensions ['ros']
[0.291s] Level 1:colcon.colcon_core.package_identification:_identify(src/px4-ros2-interface-lib/examples/cpp/modes/manual) by extension 'ros'
[0.292s] DEBUG:colcon.colcon_core.package_identification:Package 'src/px4-ros2-interface-lib/examples/cpp/modes/manual' with type 'ros.ament_cmake' and name 'example_mode_manual_cpp'
[0.292s] Level 1:colcon.colcon_core.package_identification:_identify(src/px4-ros2-interface-lib/examples/cpp/modes/mission) by extensions ['ignore', 'ignore_ament_install']
[0.292s] Level 1:colcon.colcon_core.package_identification:_identify(src/px4-ros2-interface-lib/examples/cpp/modes/mission) by extension 'ignore'
[0.292s] Level 1:colcon.colcon_core.package_identification:_identify(src/px4-ros2-interface-lib/examples/cpp/modes/mission) by extension 'ignore_ament_install'
[0.292s] Level 1:colcon.colcon_core.package_identification:_identify(src/px4-ros2-interface-lib/examples/cpp/modes/mission) by extensions ['colcon_pkg']
[0.292s] Level 1:colcon.colcon_core.package_identification:_identify(src/px4-ros2-interface-lib/examples/cpp/modes/mission) by extension 'colcon_pkg'
[0.292s] Level 1:colcon.colcon_core.package_identification:_identify(src/px4-ros2-interface-lib/examples/cpp/modes/mission) by extensions ['colcon_meta']
[0.292s] Level 1:colcon.colcon_core.package_identification:_identify(src/px4-ros2-interface-lib/examples/cpp/modes/mission) by extension 'colcon_meta'
[0.292s] Level 1:colcon.colcon_core.package_identification:_identify(src/px4-ros2-interface-lib/examples/cpp/modes/mission) by extensions ['ros']
[0.292s] Level 1:colcon.colcon_core.package_identification:_identify(src/px4-ros2-interface-lib/examples/cpp/modes/mission) by extension 'ros'
[0.293s] DEBUG:colcon.colcon_core.package_identification:Package 'src/px4-ros2-interface-lib/examples/cpp/modes/mission' with type 'ros.ament_cmake' and name 'example_mode_mission_cpp'
[0.293s] Level 1:colcon.colcon_core.package_identification:_identify(src/px4-ros2-interface-lib/examples/cpp/modes/mode_with_executor) by extensions ['ignore', 'ignore_ament_install']
[0.293s] Level 1:colcon.colcon_core.package_identification:_identify(src/px4-ros2-interface-lib/examples/cpp/modes/mode_with_executor) by extension 'ignore'
[0.293s] Level 1:colcon.colcon_core.package_identification:_identify(src/px4-ros2-interface-lib/examples/cpp/modes/mode_with_executor) by extension 'ignore_ament_install'
[0.293s] Level 1:colcon.colcon_core.package_identification:_identify(src/px4-ros2-interface-lib/examples/cpp/modes/mode_with_executor) by extensions ['colcon_pkg']
[0.293s] Level 1:colcon.colcon_core.package_identification:_identify(src/px4-ros2-interface-lib/examples/cpp/modes/mode_with_executor) by extension 'colcon_pkg'
[0.293s] Level 1:colcon.colcon_core.package_identification:_identify(src/px4-ros2-interface-lib/examples/cpp/modes/mode_with_executor) by extensions ['colcon_meta']
[0.293s] Level 1:colcon.colcon_core.package_identification:_identify(src/px4-ros2-interface-lib/examples/cpp/modes/mode_with_executor) by extension 'colcon_meta'
[0.293s] Level 1:colcon.colcon_core.package_identification:_identify(src/px4-ros2-interface-lib/examples/cpp/modes/mode_with_executor) by extensions ['ros']
[0.293s] Level 1:colcon.colcon_core.package_identification:_identify(src/px4-ros2-interface-lib/examples/cpp/modes/mode_with_executor) by extension 'ros'
[0.294s] DEBUG:colcon.colcon_core.package_identification:Package 'src/px4-ros2-interface-lib/examples/cpp/modes/mode_with_executor' with type 'ros.ament_cmake' and name 'example_mode_with_executor_cpp'
[0.294s] Level 1:colcon.colcon_core.package_identification:_identify(src/px4-ros2-interface-lib/examples/cpp/modes/rover_velocity) by extensions ['ignore', 'ignore_ament_install']
[0.294s] Level 1:colcon.colcon_core.package_identification:_identify(src/px4-ros2-interface-lib/examples/cpp/modes/rover_velocity) by extension 'ignore'
[0.294s] Level 1:colcon.colcon_core.package_identification:_identify(src/px4-ros2-interface-lib/examples/cpp/modes/rover_velocity) by extension 'ignore_ament_install'
[0.294s] Level 1:colcon.colcon_core.package_identification:_identify(src/px4-ros2-interface-lib/examples/cpp/modes/rover_velocity) by extensions ['colcon_pkg']
[0.294s] Level 1:colcon.colcon_core.package_identification:_identify(src/px4-ros2-interface-lib/examples/cpp/modes/rover_velocity) by extension 'colcon_pkg'
[0.294s] Level 1:colcon.colcon_core.package_identification:_identify(src/px4-ros2-interface-lib/examples/cpp/modes/rover_velocity) by extensions ['colcon_meta']
[0.294s] Level 1:colcon.colcon_core.package_identification:_identify(src/px4-ros2-interface-lib/examples/cpp/modes/rover_velocity) by extension 'colcon_meta'
[0.294s] Level 1:colcon.colcon_core.package_identification:_identify(src/px4-ros2-interface-lib/examples/cpp/modes/rover_velocity) by extensions ['ros']
[0.294s] Level 1:colcon.colcon_core.package_identification:_identify(src/px4-ros2-interface-lib/examples/cpp/modes/rover_velocity) by extension 'ros'
[0.295s] DEBUG:colcon.colcon_core.package_identification:Package 'src/px4-ros2-interface-lib/examples/cpp/modes/rover_velocity' with type 'ros.ament_cmake' and name 'example_rover_velocity_mode_cpp'
[0.295s] Level 1:colcon.colcon_core.package_identification:_identify(src/px4-ros2-interface-lib/examples/cpp/modes/rtl_replacement) by extensions ['ignore', 'ignore_ament_install']
[0.295s] Level 1:colcon.colcon_core.package_identification:_identify(src/px4-ros2-interface-lib/examples/cpp/modes/rtl_replacement) by extension 'ignore'
[0.295s] Level 1:colcon.colcon_core.package_identification:_identify(src/px4-ros2-interface-lib/examples/cpp/modes/rtl_replacement) by extension 'ignore_ament_install'
[0.295s] Level 1:colcon.colcon_core.package_identification:_identify(src/px4-ros2-interface-lib/examples/cpp/modes/rtl_replacement) by extensions ['colcon_pkg']
[0.295s] Level 1:colcon.colcon_core.package_identification:_identify(src/px4-ros2-interface-lib/examples/cpp/modes/rtl_replacement) by extension 'colcon_pkg'
[0.295s] Level 1:colcon.colcon_core.package_identification:_identify(src/px4-ros2-interface-lib/examples/cpp/modes/rtl_replacement) by extensions ['colcon_meta']
[0.295s] Level 1:colcon.colcon_core.package_identification:_identify(src/px4-ros2-interface-lib/examples/cpp/modes/rtl_replacement) by extension 'colcon_meta'
[0.295s] Level 1:colcon.colcon_core.package_identification:_identify(src/px4-ros2-interface-lib/examples/cpp/modes/rtl_replacement) by extensions ['ros']
[0.295s] Level 1:colcon.colcon_core.package_identification:_identify(src/px4-ros2-interface-lib/examples/cpp/modes/rtl_replacement) by extension 'ros'
[0.296s] DEBUG:colcon.colcon_core.package_identification:Package 'src/px4-ros2-interface-lib/examples/cpp/modes/rtl_replacement' with type 'ros.ament_cmake' and name 'example_mode_rtl_replacement_cpp'
[0.296s] Level 1:colcon.colcon_core.package_identification:_identify(src/px4-ros2-interface-lib/examples/cpp/modes/vtol) by extensions ['ignore', 'ignore_ament_install']
[0.296s] Level 1:colcon.colcon_core.package_identification:_identify(src/px4-ros2-interface-lib/examples/cpp/modes/vtol) by extension 'ignore'
[0.296s] Level 1:colcon.colcon_core.package_identification:_identify(src/px4-ros2-interface-lib/examples/cpp/modes/vtol) by extension 'ignore_ament_install'
[0.296s] Level 1:colcon.colcon_core.package_identification:_identify(src/px4-ros2-interface-lib/examples/cpp/modes/vtol) by extensions ['colcon_pkg']
[0.296s] Level 1:colcon.colcon_core.package_identification:_identify(src/px4-ros2-interface-lib/examples/cpp/modes/vtol) by extension 'colcon_pkg'
[0.296s] Level 1:colcon.colcon_core.package_identification:_identify(src/px4-ros2-interface-lib/examples/cpp/modes/vtol) by extensions ['colcon_meta']
[0.296s] Level 1:colcon.colcon_core.package_identification:_identify(src/px4-ros2-interface-lib/examples/cpp/modes/vtol) by extension 'colcon_meta'
[0.296s] Level 1:colcon.colcon_core.package_identification:_identify(src/px4-ros2-interface-lib/examples/cpp/modes/vtol) by extensions ['ros']
[0.296s] Level 1:colcon.colcon_core.package_identification:_identify(src/px4-ros2-interface-lib/examples/cpp/modes/vtol) by extension 'ros'
[0.297s] DEBUG:colcon.colcon_core.package_identification:Package 'src/px4-ros2-interface-lib/examples/cpp/modes/vtol' with type 'ros.ament_cmake' and name 'example_mode_vtol_cpp'
[0.297s] Level 1:colcon.colcon_core.package_identification:_identify(src/px4-ros2-interface-lib/examples/cpp/navigation) by extensions ['ignore', 'ignore_ament_install']
[0.297s] Level 1:colcon.colcon_core.package_identification:_identify(src/px4-ros2-interface-lib/examples/cpp/navigation) by extension 'ignore'
[0.297s] Level 1:colcon.colcon_core.package_identification:_identify(src/px4-ros2-interface-lib/examples/cpp/navigation) by extension 'ignore_ament_install'
[0.297s] Level 1:colcon.colcon_core.package_identification:_identify(src/px4-ros2-interface-lib/examples/cpp/navigation) by extensions ['colcon_pkg']
[0.297s] Level 1:colcon.colcon_core.package_identification:_identify(src/px4-ros2-interface-lib/examples/cpp/navigation) by extension 'colcon_pkg'
[0.298s] Level 1:colcon.colcon_core.package_identification:_identify(src/px4-ros2-interface-lib/examples/cpp/navigation) by extensions ['colcon_meta']
[0.298s] Level 1:colcon.colcon_core.package_identification:_identify(src/px4-ros2-interface-lib/examples/cpp/navigation) by extension 'colcon_meta'
[0.298s] Level 1:colcon.colcon_core.package_identification:_identify(src/px4-ros2-interface-lib/examples/cpp/navigation) by extensions ['ros']
[0.298s] Level 1:colcon.colcon_core.package_identification:_identify(src/px4-ros2-interface-lib/examples/cpp/navigation) by extension 'ros'
[0.298s] Level 1:colcon.colcon_core.package_identification:_identify(src/px4-ros2-interface-lib/examples/cpp/navigation) by extensions ['cmake', 'python']
[0.298s] Level 1:colcon.colcon_core.package_identification:_identify(src/px4-ros2-interface-lib/examples/cpp/navigation) by extension 'cmake'
[0.298s] Level 1:colcon.colcon_core.package_identification:_identify(src/px4-ros2-interface-lib/examples/cpp/navigation) by extension 'python'
[0.298s] Level 1:colcon.colcon_core.package_identification:_identify(src/px4-ros2-interface-lib/examples/cpp/navigation) by extensions ['python_setup_py']
[0.298s] Level 1:colcon.colcon_core.package_identification:_identify(src/px4-ros2-interface-lib/examples/cpp/navigation) by extension 'python_setup_py'
[0.298s] Level 1:colcon.colcon_core.package_identification:_identify(src/px4-ros2-interface-lib/examples/cpp/navigation/global_navigation) by extensions ['ignore', 'ignore_ament_install']
[0.298s] Level 1:colcon.colcon_core.package_identification:_identify(src/px4-ros2-interface-lib/examples/cpp/navigation/global_navigation) by extension 'ignore'
[0.298s] Level 1:colcon.colcon_core.package_identification:_identify(src/px4-ros2-interface-lib/examples/cpp/navigation/global_navigation) by extension 'ignore_ament_install'
[0.298s] Level 1:colcon.colcon_core.package_identification:_identify(src/px4-ros2-interface-lib/examples/cpp/navigation/global_navigation) by extensions ['colcon_pkg']
[0.298s] Level 1:colcon.colcon_core.package_identification:_identify(src/px4-ros2-interface-lib/examples/cpp/navigation/global_navigation) by extension 'colcon_pkg'
[0.298s] Level 1:colcon.colcon_core.package_identification:_identify(src/px4-ros2-interface-lib/examples/cpp/navigation/global_navigation) by extensions ['colcon_meta']
[0.298s] Level 1:colcon.colcon_core.package_identification:_identify(src/px4-ros2-interface-lib/examples/cpp/navigation/global_navigation) by extension 'colcon_meta'
[0.298s] Level 1:colcon.colcon_core.package_identification:_identify(src/px4-ros2-interface-lib/examples/cpp/navigation/global_navigation) by extensions ['ros']
[0.298s] Level 1:colcon.colcon_core.package_identification:_identify(src/px4-ros2-interface-lib/examples/cpp/navigation/global_navigation) by extension 'ros'
[0.299s] DEBUG:colcon.colcon_core.package_identification:Package 'src/px4-ros2-interface-lib/examples/cpp/navigation/global_navigation' with type 'ros.ament_cmake' and name 'example_global_navigation_cpp'
[0.299s] Level 1:colcon.colcon_core.package_identification:_identify(src/px4-ros2-interface-lib/examples/cpp/navigation/local_navigation) by extensions ['ignore', 'ignore_ament_install']
[0.299s] Level 1:colcon.colcon_core.package_identification:_identify(src/px4-ros2-interface-lib/examples/cpp/navigation/local_navigation) by extension 'ignore'
[0.299s] Level 1:colcon.colcon_core.package_identification:_identify(src/px4-ros2-interface-lib/examples/cpp/navigation/local_navigation) by extension 'ignore_ament_install'
[0.299s] Level 1:colcon.colcon_core.package_identification:_identify(src/px4-ros2-interface-lib/examples/cpp/navigation/local_navigation) by extensions ['colcon_pkg']
[0.299s] Level 1:colcon.colcon_core.package_identification:_identify(src/px4-ros2-interface-lib/examples/cpp/navigation/local_navigation) by extension 'colcon_pkg'
[0.299s] Level 1:colcon.colcon_core.package_identification:_identify(src/px4-ros2-interface-lib/examples/cpp/navigation/local_navigation) by extensions ['colcon_meta']
[0.299s] Level 1:colcon.colcon_core.package_identification:_identify(src/px4-ros2-interface-lib/examples/cpp/navigation/local_navigation) by extension 'colcon_meta'
[0.300s] Level 1:colcon.colcon_core.package_identification:_identify(src/px4-ros2-interface-lib/examples/cpp/navigation/local_navigation) by extensions ['ros']
[0.300s] Level 1:colcon.colcon_core.package_identification:_identify(src/px4-ros2-interface-lib/examples/cpp/navigation/local_navigation) by extension 'ros'
[0.300s] DEBUG:colcon.colcon_core.package_identification:Package 'src/px4-ros2-interface-lib/examples/cpp/navigation/local_navigation' with type 'ros.ament_cmake' and name 'example_local_navigation_cpp'
[0.300s] Level 1:colcon.colcon_core.package_identification:_identify(src/px4-ros2-interface-lib/examples/python) by extensions ['ignore', 'ignore_ament_install']
[0.300s] Level 1:colcon.colcon_core.package_identification:_identify(src/px4-ros2-interface-lib/examples/python) by extension 'ignore'
[0.300s] Level 1:colcon.colcon_core.package_identification:_identify(src/px4-ros2-interface-lib/examples/python) by extension 'ignore_ament_install'
[0.300s] Level 1:colcon.colcon_core.package_identification:_identify(src/px4-ros2-interface-lib/examples/python) by extensions ['colcon_pkg']
[0.301s] Level 1:colcon.colcon_core.package_identification:_identify(src/px4-ros2-interface-lib/examples/python) by extension 'colcon_pkg'
[0.301s] Level 1:colcon.colcon_core.package_identification:_identify(src/px4-ros2-interface-lib/examples/python) by extensions ['colcon_meta']
[0.301s] Level 1:colcon.colcon_core.package_identification:_identify(src/px4-ros2-interface-lib/examples/python) by extension 'colcon_meta'
[0.301s] Level 1:colcon.colcon_core.package_identification:_identify(src/px4-ros2-interface-lib/examples/python) by extensions ['ros']
[0.301s] Level 1:colcon.colcon_core.package_identification:_identify(src/px4-ros2-interface-lib/examples/python) by extension 'ros'
[0.301s] Level 1:colcon.colcon_core.package_identification:_identify(src/px4-ros2-interface-lib/examples/python) by extensions ['cmake', 'python']
[0.301s] Level 1:colcon.colcon_core.package_identification:_identify(src/px4-ros2-interface-lib/examples/python) by extension 'cmake'
[0.301s] Level 1:colcon.colcon_core.package_identification:_identify(src/px4-ros2-interface-lib/examples/python) by extension 'python'
[0.301s] Level 1:colcon.colcon_core.package_identification:_identify(src/px4-ros2-interface-lib/examples/python) by extensions ['python_setup_py']
[0.301s] Level 1:colcon.colcon_core.package_identification:_identify(src/px4-ros2-interface-lib/examples/python) by extension 'python_setup_py'
[0.301s] Level 1:colcon.colcon_core.package_identification:_identify(src/px4-ros2-interface-lib/examples/python/modes) by extensions ['ignore', 'ignore_ament_install']
[0.301s] Level 1:colcon.colcon_core.package_identification:_identify(src/px4-ros2-interface-lib/examples/python/modes) by extension 'ignore'
[0.301s] Level 1:colcon.colcon_core.package_identification:_identify(src/px4-ros2-interface-lib/examples/python/modes) by extension 'ignore_ament_install'
[0.301s] Level 1:colcon.colcon_core.package_identification:_identify(src/px4-ros2-interface-lib/examples/python/modes) by extensions ['colcon_pkg']
[0.301s] Level 1:colcon.colcon_core.package_identification:_identify(src/px4-ros2-interface-lib/examples/python/modes) by extension 'colcon_pkg'
[0.302s] Level 1:colcon.colcon_core.package_identification:_identify(src/px4-ros2-interface-lib/examples/python/modes) by extensions ['colcon_meta']
[0.302s] Level 1:colcon.colcon_core.package_identification:_identify(src/px4-ros2-interface-lib/examples/python/modes) by extension 'colcon_meta'
[0.302s] Level 1:colcon.colcon_core.package_identification:_identify(src/px4-ros2-interface-lib/examples/python/modes) by extensions ['ros']
[0.302s] Level 1:colcon.colcon_core.package_identification:_identify(src/px4-ros2-interface-lib/examples/python/modes) by extension 'ros'
[0.302s] Level 1:colcon.colcon_core.package_identification:_identify(src/px4-ros2-interface-lib/examples/python/modes) by extensions ['cmake', 'python']
[0.302s] Level 1:colcon.colcon_core.package_identification:_identify(src/px4-ros2-interface-lib/examples/python/modes) by extension 'cmake'
[0.302s] Level 1:colcon.colcon_core.package_identification:_identify(src/px4-ros2-interface-lib/examples/python/modes) by extension 'python'
[0.302s] Level 1:colcon.colcon_core.package_identification:_identify(src/px4-ros2-interface-lib/examples/python/modes) by extensions ['python_setup_py']
[0.302s] Level 1:colcon.colcon_core.package_identification:_identify(src/px4-ros2-interface-lib/examples/python/modes) by extension 'python_setup_py'
[0.302s] Level 1:colcon.colcon_core.package_identification:_identify(src/px4-ros2-interface-lib/examples/python/modes/goto) by extensions ['ignore', 'ignore_ament_install']
[0.302s] Level 1:colcon.colcon_core.package_identification:_identify(src/px4-ros2-interface-lib/examples/python/modes/goto) by extension 'ignore'
[0.302s] Level 1:colcon.colcon_core.package_identification:_identify(src/px4-ros2-interface-lib/examples/python/modes/goto) by extension 'ignore_ament_install'
[0.302s] Level 1:colcon.colcon_core.package_identification:_identify(src/px4-ros2-interface-lib/examples/python/modes/goto) by extensions ['colcon_pkg']
[0.302s] Level 1:colcon.colcon_core.package_identification:_identify(src/px4-ros2-interface-lib/examples/python/modes/goto) by extension 'colcon_pkg'
[0.302s] Level 1:colcon.colcon_core.package_identification:_identify(src/px4-ros2-interface-lib/examples/python/modes/goto) by extensions ['colcon_meta']
[0.302s] Level 1:colcon.colcon_core.package_identification:_identify(src/px4-ros2-interface-lib/examples/python/modes/goto) by extension 'colcon_meta'
[0.302s] Level 1:colcon.colcon_core.package_identification:_identify(src/px4-ros2-interface-lib/examples/python/modes/goto) by extensions ['ros']
[0.302s] Level 1:colcon.colcon_core.package_identification:_identify(src/px4-ros2-interface-lib/examples/python/modes/goto) by extension 'ros'
[0.303s] DEBUG:colcon.colcon_core.package_identification:Package 'src/px4-ros2-interface-lib/examples/python/modes/goto' with type 'ros.ament_python' and name 'example_mode_goto_py'
[0.303s] Level 1:colcon.colcon_core.package_identification:_identify(src/px4-ros2-interface-lib/examples/python/modes/goto_with_rclpy) by extensions ['ignore', 'ignore_ament_install']
[0.303s] Level 1:colcon.colcon_core.package_identification:_identify(src/px4-ros2-interface-lib/examples/python/modes/goto_with_rclpy) by extension 'ignore'
[0.303s] Level 1:colcon.colcon_core.package_identification:_identify(src/px4-ros2-interface-lib/examples/python/modes/goto_with_rclpy) by extension 'ignore_ament_install'
[0.303s] Level 1:colcon.colcon_core.package_identification:_identify(src/px4-ros2-interface-lib/examples/python/modes/goto_with_rclpy) by extensions ['colcon_pkg']
[0.303s] Level 1:colcon.colcon_core.package_identification:_identify(src/px4-ros2-interface-lib/examples/python/modes/goto_with_rclpy) by extension 'colcon_pkg'
[0.303s] Level 1:colcon.colcon_core.package_identification:_identify(src/px4-ros2-interface-lib/examples/python/modes/goto_with_rclpy) by extensions ['colcon_meta']
[0.303s] Level 1:colcon.colcon_core.package_identification:_identify(src/px4-ros2-interface-lib/examples/python/modes/goto_with_rclpy) by extension 'colcon_meta'
[0.303s] Level 1:colcon.colcon_core.package_identification:_identify(src/px4-ros2-interface-lib/examples/python/modes/goto_with_rclpy) by extensions ['ros']
[0.303s] Level 1:colcon.colcon_core.package_identification:_identify(src/px4-ros2-interface-lib/examples/python/modes/goto_with_rclpy) by extension 'ros'
[0.304s] DEBUG:colcon.colcon_core.package_identification:Package 'src/px4-ros2-interface-lib/examples/python/modes/goto_with_rclpy' with type 'ros.ament_python' and name 'example_mode_with_rclpy_py'
[0.304s] Level 1:colcon.colcon_core.package_identification:_identify(src/px4-ros2-interface-lib/mission) by extensions ['ignore', 'ignore_ament_install']
[0.304s] Level 1:colcon.colcon_core.package_identification:_identify(src/px4-ros2-interface-lib/mission) by extension 'ignore'
[0.304s] Level 1:colcon.colcon_core.package_identification:_identify(src/px4-ros2-interface-lib/mission) by extension 'ignore_ament_install'
[0.304s] Level 1:colcon.colcon_core.package_identification:_identify(src/px4-ros2-interface-lib/mission) by extensions ['colcon_pkg']
[0.304s] Level 1:colcon.colcon_core.package_identification:_identify(src/px4-ros2-interface-lib/mission) by extension 'colcon_pkg'
[0.305s] Level 1:colcon.colcon_core.package_identification:_identify(src/px4-ros2-interface-lib/mission) by extensions ['colcon_meta']
[0.305s] Level 1:colcon.colcon_core.package_identification:_identify(src/px4-ros2-interface-lib/mission) by extension 'colcon_meta'
[0.305s] Level 1:colcon.colcon_core.package_identification:_identify(src/px4-ros2-interface-lib/mission) by extensions ['ros']
[0.305s] Level 1:colcon.colcon_core.package_identification:_identify(src/px4-ros2-interface-lib/mission) by extension 'ros'
[0.305s] Level 1:colcon.colcon_core.package_identification:_identify(src/px4-ros2-interface-lib/mission) by extensions ['cmake', 'python']
[0.305s] Level 1:colcon.colcon_core.package_identification:_identify(src/px4-ros2-interface-lib/mission) by extension 'cmake'
[0.305s] Level 1:colcon.colcon_core.package_identification:_identify(src/px4-ros2-interface-lib/mission) by extension 'python'
[0.305s] Level 1:colcon.colcon_core.package_identification:_identify(src/px4-ros2-interface-lib/mission) by extensions ['python_setup_py']
[0.305s] Level 1:colcon.colcon_core.package_identification:_identify(src/px4-ros2-interface-lib/mission) by extension 'python_setup_py'
[0.305s] Level 1:colcon.colcon_core.package_identification:_identify(src/px4-ros2-interface-lib/mission/examples) by extensions ['ignore', 'ignore_ament_install']
[0.305s] Level 1:colcon.colcon_core.package_identification:_identify(src/px4-ros2-interface-lib/mission/examples) by extension 'ignore'
[0.305s] Level 1:colcon.colcon_core.package_identification:_identify(src/px4-ros2-interface-lib/mission/examples) by extension 'ignore_ament_install'
[0.305s] Level 1:colcon.colcon_core.package_identification:_identify(src/px4-ros2-interface-lib/mission/examples) by extensions ['colcon_pkg']
[0.305s] Level 1:colcon.colcon_core.package_identification:_identify(src/px4-ros2-interface-lib/mission/examples) by extension 'colcon_pkg'
[0.305s] Level 1:colcon.colcon_core.package_identification:_identify(src/px4-ros2-interface-lib/mission/examples) by extensions ['colcon_meta']
[0.305s] Level 1:colcon.colcon_core.package_identification:_identify(src/px4-ros2-interface-lib/mission/examples) by extension 'colcon_meta'
[0.305s] Level 1:colcon.colcon_core.package_identification:_identify(src/px4-ros2-interface-lib/mission/examples) by extensions ['ros']
[0.305s] Level 1:colcon.colcon_core.package_identification:_identify(src/px4-ros2-interface-lib/mission/examples) by extension 'ros'
[0.305s] Level 1:colcon.colcon_core.package_identification:_identify(src/px4-ros2-interface-lib/mission/examples) by extensions ['cmake', 'python']
[0.305s] Level 1:colcon.colcon_core.package_identification:_identify(src/px4-ros2-interface-lib/mission/examples) by extension 'cmake'
[0.305s] Level 1:colcon.colcon_core.package_identification:_identify(src/px4-ros2-interface-lib/mission/examples) by extension 'python'
[0.306s] Level 1:colcon.colcon_core.package_identification:_identify(src/px4-ros2-interface-lib/mission/examples) by extensions ['python_setup_py']
[0.306s] Level 1:colcon.colcon_core.package_identification:_identify(src/px4-ros2-interface-lib/mission/examples) by extension 'python_setup_py'
[0.306s] Level 1:colcon.colcon_core.package_identification:_identify(src/px4-ros2-interface-lib/px4_ros2_cpp) by extensions ['ignore', 'ignore_ament_install']
[0.306s] Level 1:colcon.colcon_core.package_identification:_identify(src/px4-ros2-interface-lib/px4_ros2_cpp) by extension 'ignore'
[0.306s] Level 1:colcon.colcon_core.package_identification:_identify(src/px4-ros2-interface-lib/px4_ros2_cpp) by extension 'ignore_ament_install'
[0.306s] Level 1:colcon.colcon_core.package_identification:_identify(src/px4-ros2-interface-lib/px4_ros2_cpp) by extensions ['colcon_pkg']
[0.306s] Level 1:colcon.colcon_core.package_identification:_identify(src/px4-ros2-interface-lib/px4_ros2_cpp) by extension 'colcon_pkg'
[0.306s] Level 1:colcon.colcon_core.package_identification:_identify(src/px4-ros2-interface-lib/px4_ros2_cpp) by extensions ['colcon_meta']
[0.306s] Level 1:colcon.colcon_core.package_identification:_identify(src/px4-ros2-interface-lib/px4_ros2_cpp) by extension 'colcon_meta'
[0.306s] Level 1:colcon.colcon_core.package_identification:_identify(src/px4-ros2-interface-lib/px4_ros2_cpp) by extensions ['ros']
[0.306s] Level 1:colcon.colcon_core.package_identification:_identify(src/px4-ros2-interface-lib/px4_ros2_cpp) by extension 'ros'
[0.307s] DEBUG:colcon.colcon_core.package_identification:Package 'src/px4-ros2-interface-lib/px4_ros2_cpp' with type 'ros.ament_cmake' and name 'px4_ros2_cpp'
[0.307s] Level 1:colcon.colcon_core.package_identification:_identify(src/px4-ros2-interface-lib/px4_ros2_py) by extensions ['ignore', 'ignore_ament_install']
[0.307s] Level 1:colcon.colcon_core.package_identification:_identify(src/px4-ros2-interface-lib/px4_ros2_py) by extension 'ignore'
[0.307s] Level 1:colcon.colcon_core.package_identification:_identify(src/px4-ros2-interface-lib/px4_ros2_py) by extension 'ignore_ament_install'
[0.307s] Level 1:colcon.colcon_core.package_identification:_identify(src/px4-ros2-interface-lib/px4_ros2_py) by extensions ['colcon_pkg']
[0.307s] Level 1:colcon.colcon_core.package_identification:_identify(src/px4-ros2-interface-lib/px4_ros2_py) by extension 'colcon_pkg'
[0.307s] Level 1:colcon.colcon_core.package_identification:_identify(src/px4-ros2-interface-lib/px4_ros2_py) by extensions ['colcon_meta']
[0.307s] Level 1:colcon.colcon_core.package_identification:_identify(src/px4-ros2-interface-lib/px4_ros2_py) by extension 'colcon_meta'
[0.307s] Level 1:colcon.colcon_core.package_identification:_identify(src/px4-ros2-interface-lib/px4_ros2_py) by extensions ['ros']
[0.307s] Level 1:colcon.colcon_core.package_identification:_identify(src/px4-ros2-interface-lib/px4_ros2_py) by extension 'ros'
[0.308s] DEBUG:colcon.colcon_core.package_identification:Package 'src/px4-ros2-interface-lib/px4_ros2_py' with type 'ros.ament_cmake' and name 'px4_ros2_py'
[0.308s] Level 1:colcon.colcon_core.package_identification:_identify(src/px4-ros2-interface-lib/python_docs) by extensions ['ignore', 'ignore_ament_install']
[0.308s] Level 1:colcon.colcon_core.package_identification:_identify(src/px4-ros2-interface-lib/python_docs) by extension 'ignore'
[0.308s] Level 1:colcon.colcon_core.package_identification:_identify(src/px4-ros2-interface-lib/python_docs) by extension 'ignore_ament_install'
[0.308s] Level 1:colcon.colcon_core.package_identification:_identify(src/px4-ros2-interface-lib/python_docs) by extensions ['colcon_pkg']
[0.308s] Level 1:colcon.colcon_core.package_identification:_identify(src/px4-ros2-interface-lib/python_docs) by extension 'colcon_pkg'
[0.308s] Level 1:colcon.colcon_core.package_identification:_identify(src/px4-ros2-interface-lib/python_docs) by extensions ['colcon_meta']
[0.308s] Level 1:colcon.colcon_core.package_identification:_identify(src/px4-ros2-interface-lib/python_docs) by extension 'colcon_meta'
[0.308s] Level 1:colcon.colcon_core.package_identification:_identify(src/px4-ros2-interface-lib/python_docs) by extensions ['ros']
[0.308s] Level 1:colcon.colcon_core.package_identification:_identify(src/px4-ros2-interface-lib/python_docs) by extension 'ros'
[0.308s] Level 1:colcon.colcon_core.package_identification:_identify(src/px4-ros2-interface-lib/python_docs) by extensions ['cmake', 'python']
[0.308s] Level 1:colcon.colcon_core.package_identification:_identify(src/px4-ros2-interface-lib/python_docs) by extension 'cmake'
[0.308s] Level 1:colcon.colcon_core.package_identification:_identify(src/px4-ros2-interface-lib/python_docs) by extension 'python'
[0.308s] Level 1:colcon.colcon_core.package_identification:_identify(src/px4-ros2-interface-lib/python_docs) by extensions ['python_setup_py']
[0.308s] Level 1:colcon.colcon_core.package_identification:_identify(src/px4-ros2-interface-lib/python_docs) by extension 'python_setup_py'
[0.309s] Level 1:colcon.colcon_core.package_identification:_identify(src/px4-ros2-interface-lib/scripts) by extensions ['ignore', 'ignore_ament_install']
[0.309s] Level 1:colcon.colcon_core.package_identification:_identify(src/px4-ros2-interface-lib/scripts) by extension 'ignore'
[0.309s] Level 1:colcon.colcon_core.package_identification:_identify(src/px4-ros2-interface-lib/scripts) by extension 'ignore_ament_install'
[0.309s] Level 1:colcon.colcon_core.package_identification:_identify(src/px4-ros2-interface-lib/scripts) by extensions ['colcon_pkg']
[0.309s] Level 1:colcon.colcon_core.package_identification:_identify(src/px4-ros2-interface-lib/scripts) by extension 'colcon_pkg'
[0.309s] Level 1:colcon.colcon_core.package_identification:_identify(src/px4-ros2-interface-lib/scripts) by extensions ['colcon_meta']
[0.309s] Level 1:colcon.colcon_core.package_identification:_identify(src/px4-ros2-interface-lib/scripts) by extension 'colcon_meta'
[0.309s] Level 1:colcon.colcon_core.package_identification:_identify(src/px4-ros2-interface-lib/scripts) by extensions ['ros']
[0.309s] Level 1:colcon.colcon_core.package_identification:_identify(src/px4-ros2-interface-lib/scripts) by extension 'ros'
[0.309s] Level 1:colcon.colcon_core.package_identification:_identify(src/px4-ros2-interface-lib/scripts) by extensions ['cmake', 'python']
[0.309s] Level 1:colcon.colcon_core.package_identification:_identify(src/px4-ros2-interface-lib/scripts) by extension 'cmake'
[0.309s] Level 1:colcon.colcon_core.package_identification:_identify(src/px4-ros2-interface-lib/scripts) by extension 'python'
[0.309s] Level 1:colcon.colcon_core.package_identification:_identify(src/px4-ros2-interface-lib/scripts) by extensions ['python_setup_py']
[0.309s] Level 1:colcon.colcon_core.package_identification:_identify(src/px4-ros2-interface-lib/scripts) by extension 'python_setup_py'
[0.309s] Level 1:colcon.colcon_core.package_identification:_identify(src/px4_actuator_ctrl) by extensions ['ignore', 'ignore_ament_install']
[0.309s] Level 1:colcon.colcon_core.package_identification:_identify(src/px4_actuator_ctrl) by extension 'ignore'
[0.309s] Level 1:colcon.colcon_core.package_identification:_identify(src/px4_actuator_ctrl) by extension 'ignore_ament_install'
[0.309s] Level 1:colcon.colcon_core.package_identification:_identify(src/px4_actuator_ctrl) by extensions ['colcon_pkg']
[0.309s] Level 1:colcon.colcon_core.package_identification:_identify(src/px4_actuator_ctrl) by extension 'colcon_pkg'
[0.309s] Level 1:colcon.colcon_core.package_identification:_identify(src/px4_actuator_ctrl) by extensions ['colcon_meta']
[0.309s] Level 1:colcon.colcon_core.package_identification:_identify(src/px4_actuator_ctrl) by extension 'colcon_meta'
[0.309s] Level 1:colcon.colcon_core.package_identification:_identify(src/px4_actuator_ctrl) by extensions ['ros']
[0.310s] Level 1:colcon.colcon_core.package_identification:_identify(src/px4_actuator_ctrl) by extension 'ros'
[0.310s] DEBUG:colcon.colcon_core.package_identification:Package 'src/px4_actuator_ctrl' with type 'ros.ament_python' and name 'px4_actuator_ctrl'
[0.310s] Level 1:colcon.colcon_core.package_identification:_identify(src/px4_msgs) by extensions ['ignore', 'ignore_ament_install']
[0.310s] Level 1:colcon.colcon_core.package_identification:_identify(src/px4_msgs) by extension 'ignore'
[0.310s] Level 1:colcon.colcon_core.package_identification:_identify(src/px4_msgs) by extension 'ignore_ament_install'
[0.310s] Level 1:colcon.colcon_core.package_identification:_identify(src/px4_msgs) by extensions ['colcon_pkg']
[0.310s] Level 1:colcon.colcon_core.package_identification:_identify(src/px4_msgs) by extension 'colcon_pkg'
[0.310s] Level 1:colcon.colcon_core.package_identification:_identify(src/px4_msgs) by extensions ['colcon_meta']
[0.310s] Level 1:colcon.colcon_core.package_identification:_identify(src/px4_msgs) by extension 'colcon_meta'
[0.310s] Level 1:colcon.colcon_core.package_identification:_identify(src/px4_msgs) by extensions ['ros']
[0.311s] Level 1:colcon.colcon_core.package_identification:_identify(src/px4_msgs) by extension 'ros'
[0.311s] DEBUG:colcon.colcon_core.package_identification:Package 'src/px4_msgs' with type 'ros.ament_cmake' and name 'px4_msgs'
[0.311s] Level 1:colcon.colcon_core.package_identification:_identify(src/px4_ros_com) by extensions ['ignore', 'ignore_ament_install']
[0.311s] Level 1:colcon.colcon_core.package_identification:_identify(src/px4_ros_com) by extension 'ignore'
[0.311s] Level 1:colcon.colcon_core.package_identification:_identify(src/px4_ros_com) by extension 'ignore_ament_install'
[0.311s] Level 1:colcon.colcon_core.package_identification:_identify(src/px4_ros_com) by extensions ['colcon_pkg']
[0.311s] Level 1:colcon.colcon_core.package_identification:_identify(src/px4_ros_com) by extension 'colcon_pkg'
[0.311s] Level 1:colcon.colcon_core.package_identification:_identify(src/px4_ros_com) by extensions ['colcon_meta']
[0.311s] Level 1:colcon.colcon_core.package_identification:_identify(src/px4_ros_com) by extension 'colcon_meta'
[0.311s] Level 1:colcon.colcon_core.package_identification:_identify(src/px4_ros_com) by extensions ['ros']
[0.312s] Level 1:colcon.colcon_core.package_identification:_identify(src/px4_ros_com) by extension 'ros'
[0.312s] DEBUG:colcon.colcon_core.package_identification:Package 'src/px4_ros_com' with type 'ros.ament_cmake' and name 'px4_ros_com'
[0.312s] Level 1:colcon.colcon_core.package_identification:_identify(src/x500_hover_controller) by extensions ['ignore', 'ignore_ament_install']
[0.313s] Level 1:colcon.colcon_core.package_identification:_identify(src/x500_hover_controller) by extension 'ignore'
[0.313s] Level 1:colcon.colcon_core.package_identification:_identify(src/x500_hover_controller) by extension 'ignore_ament_install'
[0.313s] Level 1:colcon.colcon_core.package_identification:_identify(src/x500_hover_controller) by extensions ['colcon_pkg']
[0.313s] Level 1:colcon.colcon_core.package_identification:_identify(src/x500_hover_controller) by extension 'colcon_pkg'
[0.313s] Level 1:colcon.colcon_core.package_identification:_identify(src/x500_hover_controller) by extensions ['colcon_meta']
[0.313s] Level 1:colcon.colcon_core.package_identification:_identify(src/x500_hover_controller) by extension 'colcon_meta'
[0.313s] Level 1:colcon.colcon_core.package_identification:_identify(src/x500_hover_controller) by extensions ['ros']
[0.313s] Level 1:colcon.colcon_core.package_identification:_identify(src/x500_hover_controller) by extension 'ros'
[0.314s] DEBUG:colcon.colcon_core.package_identification:Package 'src/x500_hover_controller' with type 'ros.ament_python' and name 'x500_hover_controller'
[0.314s] Level 1:colcon.colcon_core.package_discovery:discover_packages(recursive) using defaults
[0.314s] Level 1:colcon.colcon_core.package_discovery:discover_packages(ignore) discover
[0.314s] Level 1:colcon.colcon_core.package_discovery:discover_packages(ignore) using defaults
[0.314s] Level 1:colcon.colcon_core.package_discovery:discover_packages(path) discover
[0.314s] Level 1:colcon.colcon_core.package_discovery:discover_packages(path) using defaults
[0.339s] Level 1:colcon.colcon_core.package_discovery:discover_packages(prefix_path) check parameters
[0.339s] Level 1:colcon.colcon_core.package_discovery:discover_packages(prefix_path) discover
[0.344s] DEBUG:colcon.colcon_installed_package_information.package_discovery:Found 20 installed packages in /home/mikks/ros2_px4_ws/install
[0.345s] DEBUG:colcon.colcon_installed_package_information.package_discovery:Found 31 installed packages in /home/mikks/crazyflie_mapping_demo/ros2_ws/install
[0.345s] DEBUG:colcon.colcon_installed_package_information.package_discovery:Found 4 installed packages in /home/mikks/ros2_ws/install
[0.347s] DEBUG:colcon.colcon_installed_package_information.package_discovery:Found 300 installed packages in /opt/ros/jazzy
[0.347s] Level 1:colcon.colcon_core.package_discovery:discover_packages(prefix_path) using defaults
[0.405s] Level 5:colcon.colcon_core.verb:set package 'px4_msgs' build argument 'cmake_args' from command line to 'None'
[0.405s] Level 5:colcon.colcon_core.verb:set package 'px4_msgs' build argument 'cmake_target' from command line to 'None'
[0.405s] Level 5:colcon.colcon_core.verb:set package 'px4_msgs' build argument 'cmake_target_skip_unavailable' from command line to 'False'
[0.405s] Level 5:colcon.colcon_core.verb:set package 'px4_msgs' build argument 'cmake_clean_cache' from command line to 'False'
[0.405s] Level 5:colcon.colcon_core.verb:set package 'px4_msgs' build argument 'cmake_clean_first' from command line to 'False'
[0.405s] Level 5:colcon.colcon_core.verb:set package 'px4_msgs' build argument 'cmake_force_configure' from command line to 'False'
[0.405s] Level 5:colcon.colcon_core.verb:set package 'px4_msgs' build argument 'ament_cmake_args' from command line to 'None'
[0.405s] Level 5:colcon.colcon_core.verb:set package 'px4_msgs' build argument 'catkin_cmake_args' from command line to 'None'
[0.405s] Level 5:colcon.colcon_core.verb:set package 'px4_msgs' build argument 'catkin_skip_building_tests' from command line to 'False'
[0.405s] DEBUG:colcon.colcon_core.verb:Building package 'px4_msgs' with the following arguments: {'ament_cmake_args': None, 'build_base': '/home/mikks/ros2_px4_ws/build/px4_msgs', 'catkin_cmake_args': None, 'catkin_skip_building_tests': False, 'cmake_args': None, 'cmake_clean_cache': False, 'cmake_clean_first': False, 'cmake_force_configure': False, 'cmake_target': None, 'cmake_target_skip_unavailable': False, 'install_base': '/home/mikks/ros2_px4_ws/install/px4_msgs', 'merge_install': False, 'path': '/home/mikks/ros2_px4_ws/src/px4_msgs', 'symlink_install': True, 'test_result_base': None}
[0.406s] Level 5:colcon.colcon_core.verb:set package 'px4_actuator_ctrl' build argument 'cmake_args' from command line to 'None'
[0.406s] Level 5:colcon.colcon_core.verb:set package 'px4_actuator_ctrl' build argument 'cmake_target' from command line to 'None'
[0.406s] Level 5:colcon.colcon_core.verb:set package 'px4_actuator_ctrl' build argument 'cmake_target_skip_unavailable' from command line to 'False'
[0.406s] Level 5:colcon.colcon_core.verb:set package 'px4_actuator_ctrl' build argument 'cmake_clean_cache' from command line to 'False'
[0.406s] Level 5:colcon.colcon_core.verb:set package 'px4_actuator_ctrl' build argument 'cmake_clean_first' from command line to 'False'
[0.406s] Level 5:colcon.colcon_core.verb:set package 'px4_actuator_ctrl' build argument 'cmake_force_configure' from command line to 'False'
[0.406s] Level 5:colcon.colcon_core.verb:set package 'px4_actuator_ctrl' build argument 'ament_cmake_args' from command line to 'None'
[0.406s] Level 5:colcon.colcon_core.verb:set package 'px4_actuator_ctrl' build argument 'catkin_cmake_args' from command line to 'None'
[0.406s] Level 5:colcon.colcon_core.verb:set package 'px4_actuator_ctrl' build argument 'catkin_skip_building_tests' from command line to 'False'
[0.406s] DEBUG:colcon.colcon_core.verb:Building package 'px4_actuator_ctrl' with the following arguments: {'ament_cmake_args': None, 'build_base': '/home/mikks/ros2_px4_ws/build/px4_actuator_ctrl', 'catkin_cmake_args': None, 'catkin_skip_building_tests': False, 'cmake_args': None, 'cmake_clean_cache': False, 'cmake_clean_first': False, 'cmake_force_configure': False, 'cmake_target': None, 'cmake_target_skip_unavailable': False, 'install_base': '/home/mikks/ros2_px4_ws/install/px4_actuator_ctrl', 'merge_install': False, 'path': '/home/mikks/ros2_px4_ws/src/px4_actuator_ctrl', 'symlink_install': True, 'test_result_base': None}
[0.406s] Level 5:colcon.colcon_core.verb:set package 'px4_ros2_cpp' build argument 'cmake_args' from command line to 'None'
[0.406s] Level 5:colcon.colcon_core.verb:set package 'px4_ros2_cpp' build argument 'cmake_target' from command line to 'None'
[0.406s] Level 5:colcon.colcon_core.verb:set package 'px4_ros2_cpp' build argument 'cmake_target_skip_unavailable' from command line to 'False'
[0.406s] Level 5:colcon.colcon_core.verb:set package 'px4_ros2_cpp' build argument 'cmake_clean_cache' from command line to 'False'
[0.406s] Level 5:colcon.colcon_core.verb:set package 'px4_ros2_cpp' build argument 'cmake_clean_first' from command line to 'False'
[0.406s] Level 5:colcon.colcon_core.verb:set package 'px4_ros2_cpp' build argument 'cmake_force_configure' from command line to 'False'
[0.406s] Level 5:colcon.colcon_core.verb:set package 'px4_ros2_cpp' build argument 'ament_cmake_args' from command line to 'None'
[0.406s] Level 5:colcon.colcon_core.verb:set package 'px4_ros2_cpp' build argument 'catkin_cmake_args' from command line to 'None'
[0.406s] Level 5:colcon.colcon_core.verb:set package 'px4_ros2_cpp' build argument 'catkin_skip_building_tests' from command line to 'False'
[0.406s] DEBUG:colcon.colcon_core.verb:Building package 'px4_ros2_cpp' with the following arguments: {'ament_cmake_args': None, 'build_base': '/home/mikks/ros2_px4_ws/build/px4_ros2_cpp', 'catkin_cmake_args': None, 'catkin_skip_building_tests': False, 'cmake_args': None, 'cmake_clean_cache': False, 'cmake_clean_first': False, 'cmake_force_configure': False, 'cmake_target': None, 'cmake_target_skip_unavailable': False, 'install_base': '/home/mikks/ros2_px4_ws/install/px4_ros2_cpp', 'merge_install': False, 'path': '/home/mikks/ros2_px4_ws/src/px4-ros2-interface-lib/px4_ros2_cpp', 'symlink_install': True, 'test_result_base': None}
[0.407s] Level 5:colcon.colcon_core.verb:set package 'px4_ros_com' build argument 'cmake_args' from command line to 'None'
[0.407s] Level 5:colcon.colcon_core.verb:set package 'px4_ros_com' build argument 'cmake_target' from command line to 'None'
[0.407s] Level 5:colcon.colcon_core.verb:set package 'px4_ros_com' build argument 'cmake_target_skip_unavailable' from command line to 'False'
[0.407s] Level 5:colcon.colcon_core.verb:set package 'px4_ros_com' build argument 'cmake_clean_cache' from command line to 'False'
[0.407s] Level 5:colcon.colcon_core.verb:set package 'px4_ros_com' build argument 'cmake_clean_first' from command line to 'False'
[0.407s] Level 5:colcon.colcon_core.verb:set package 'px4_ros_com' build argument 'cmake_force_configure' from command line to 'False'
[0.407s] Level 5:colcon.colcon_core.verb:set package 'px4_ros_com' build argument 'ament_cmake_args' from command line to 'None'
[0.407s] Level 5:colcon.colcon_core.verb:set package 'px4_ros_com' build argument 'catkin_cmake_args' from command line to 'None'
[0.407s] Level 5:colcon.colcon_core.verb:set package 'px4_ros_com' build argument 'catkin_skip_building_tests' from command line to 'False'
[0.407s] DEBUG:colcon.colcon_core.verb:Building package 'px4_ros_com' with the following arguments: {'ament_cmake_args': None, 'build_base': '/home/mikks/ros2_px4_ws/build/px4_ros_com', 'catkin_cmake_args': None, 'catkin_skip_building_tests': False, 'cmake_args': None, 'cmake_clean_cache': False, 'cmake_clean_first': False, 'cmake_force_configure': False, 'cmake_target': None, 'cmake_target_skip_unavailable': False, 'install_base': '/home/mikks/ros2_px4_ws/install/px4_ros_com', 'merge_install': False, 'path': '/home/mikks/ros2_px4_ws/src/px4_ros_com', 'symlink_install': True, 'test_result_base': None}
[0.407s] Level 5:colcon.colcon_core.verb:set package 'x500_hover_controller' build argument 'cmake_args' from command line to 'None'
[0.407s] Level 5:colcon.colcon_core.verb:set package 'x500_hover_controller' build argument 'cmake_target' from command line to 'None'
[0.407s] Level 5:colcon.colcon_core.verb:set package 'x500_hover_controller' build argument 'cmake_target_skip_unavailable' from command line to 'False'
[0.407s] Level 5:colcon.colcon_core.verb:set package 'x500_hover_controller' build argument 'cmake_clean_cache' from command line to 'False'
[0.407s] Level 5:colcon.colcon_core.verb:set package 'x500_hover_controller' build argument 'cmake_clean_first' from command line to 'False'
[0.407s] Level 5:colcon.colcon_core.verb:set package 'x500_hover_controller' build argument 'cmake_force_configure' from command line to 'False'
[0.407s] Level 5:colcon.colcon_core.verb:set package 'x500_hover_controller' build argument 'ament_cmake_args' from command line to 'None'
[0.407s] Level 5:colcon.colcon_core.verb:set package 'x500_hover_controller' build argument 'catkin_cmake_args' from command line to 'None'
[0.407s] Level 5:colcon.colcon_core.verb:set package 'x500_hover_controller' build argument 'catkin_skip_building_tests' from command line to 'False'
[0.407s] DEBUG:colcon.colcon_core.verb:Building package 'x500_hover_controller' with the following arguments: {'ament_cmake_args': None, 'build_base': '/home/mikks/ros2_px4_ws/build/x500_hover_controller', 'catkin_cmake_args': None, 'catkin_skip_building_tests': False, 'cmake_args': None, 'cmake_clean_cache': False, 'cmake_clean_first': False, 'cmake_force_configure': False, 'cmake_target': None, 'cmake_target_skip_unavailable': False, 'install_base': '/home/mikks/ros2_px4_ws/install/x500_hover_controller', 'merge_install': False, 'path': '/home/mikks/ros2_px4_ws/src/x500_hover_controller', 'symlink_install': True, 'test_result_base': None}
[0.407s] Level 5:colcon.colcon_core.verb:set package 'example_executor_with_multiple_modes_cpp' build argument 'cmake_args' from command line to 'None'
[0.407s] Level 5:colcon.colcon_core.verb:set package 'example_executor_with_multiple_modes_cpp' build argument 'cmake_target' from command line to 'None'
[0.407s] Level 5:colcon.colcon_core.verb:set package 'example_executor_with_multiple_modes_cpp' build argument 'cmake_target_skip_unavailable' from command line to 'False'
[0.407s] Level 5:colcon.colcon_core.verb:set package 'example_executor_with_multiple_modes_cpp' build argument 'cmake_clean_cache' from command line to 'False'
[0.408s] Level 5:colcon.colcon_core.verb:set package 'example_executor_with_multiple_modes_cpp' build argument 'cmake_clean_first' from command line to 'False'
[0.408s] Level 5:colcon.colcon_core.verb:set package 'example_executor_with_multiple_modes_cpp' build argument 'cmake_force_configure' from command line to 'False'
[0.408s] Level 5:colcon.colcon_core.verb:set package 'example_executor_with_multiple_modes_cpp' build argument 'ament_cmake_args' from command line to 'None'
[0.408s] Level 5:colcon.colcon_core.verb:set package 'example_executor_with_multiple_modes_cpp' build argument 'catkin_cmake_args' from command line to 'None'
[0.408s] Level 5:colcon.colcon_core.verb:set package 'example_executor_with_multiple_modes_cpp' build argument 'catkin_skip_building_tests' from command line to 'False'
[0.408s] DEBUG:colcon.colcon_core.verb:Building package 'example_executor_with_multiple_modes_cpp' with the following arguments: {'ament_cmake_args': None, 'build_base': '/home/mikks/ros2_px4_ws/build/example_executor_with_multiple_modes_cpp', 'catkin_cmake_args': None, 'catkin_skip_building_tests': False, 'cmake_args': None, 'cmake_clean_cache': False, 'cmake_clean_first': False, 'cmake_force_configure': False, 'cmake_target': None, 'cmake_target_skip_unavailable': False, 'install_base': '/home/mikks/ros2_px4_ws/install/example_executor_with_multiple_modes_cpp', 'merge_install': False, 'path': '/home/mikks/ros2_px4_ws/src/px4-ros2-interface-lib/examples/cpp/modes/executor_with_multiple_modes', 'symlink_install': True, 'test_result_base': None}
[0.408s] Level 5:colcon.colcon_core.verb:set package 'example_global_navigation_cpp' build argument 'cmake_args' from command line to 'None'
[0.408s] Level 5:colcon.colcon_core.verb:set package 'example_global_navigation_cpp' build argument 'cmake_target' from command line to 'None'
[0.408s] Level 5:colcon.colcon_core.verb:set package 'example_global_navigation_cpp' build argument 'cmake_target_skip_unavailable' from command line to 'False'
[0.408s] Level 5:colcon.colcon_core.verb:set package 'example_global_navigation_cpp' build argument 'cmake_clean_cache' from command line to 'False'
[0.408s] Level 5:colcon.colcon_core.verb:set package 'example_global_navigation_cpp' build argument 'cmake_clean_first' from command line to 'False'
[0.408s] Level 5:colcon.colcon_core.verb:set package 'example_global_navigation_cpp' build argument 'cmake_force_configure' from command line to 'False'
[0.408s] Level 5:colcon.colcon_core.verb:set package 'example_global_navigation_cpp' build argument 'ament_cmake_args' from command line to 'None'
[0.408s] Level 5:colcon.colcon_core.verb:set package 'example_global_navigation_cpp' build argument 'catkin_cmake_args' from command line to 'None'
[0.408s] Level 5:colcon.colcon_core.verb:set package 'example_global_navigation_cpp' build argument 'catkin_skip_building_tests' from command line to 'False'
[0.408s] DEBUG:colcon.colcon_core.verb:Building package 'example_global_navigation_cpp' with the following arguments: {'ament_cmake_args': None, 'build_base': '/home/mikks/ros2_px4_ws/build/example_global_navigation_cpp', 'catkin_cmake_args': None, 'catkin_skip_building_tests': False, 'cmake_args': None, 'cmake_clean_cache': False, 'cmake_clean_first': False, 'cmake_force_configure': False, 'cmake_target': None, 'cmake_target_skip_unavailable': False, 'install_base': '/home/mikks/ros2_px4_ws/install/example_global_navigation_cpp', 'merge_install': False, 'path': '/home/mikks/ros2_px4_ws/src/px4-ros2-interface-lib/examples/cpp/navigation/global_navigation', 'symlink_install': True, 'test_result_base': None}
[0.408s] Level 5:colcon.colcon_core.verb:set package 'example_local_navigation_cpp' build argument 'cmake_args' from command line to 'None'
[0.408s] Level 5:colcon.colcon_core.verb:set package 'example_local_navigation_cpp' build argument 'cmake_target' from command line to 'None'
[0.408s] Level 5:colcon.colcon_core.verb:set package 'example_local_navigation_cpp' build argument 'cmake_target_skip_unavailable' from command line to 'False'
[0.408s] Level 5:colcon.colcon_core.verb:set package 'example_local_navigation_cpp' build argument 'cmake_clean_cache' from command line to 'False'
[0.408s] Level 5:colcon.colcon_core.verb:set package 'example_local_navigation_cpp' build argument 'cmake_clean_first' from command line to 'False'
[0.408s] Level 5:colcon.colcon_core.verb:set package 'example_local_navigation_cpp' build argument 'cmake_force_configure' from command line to 'False'
[0.408s] Level 5:colcon.colcon_core.verb:set package 'example_local_navigation_cpp' build argument 'ament_cmake_args' from command line to 'None'
[0.408s] Level 5:colcon.colcon_core.verb:set package 'example_local_navigation_cpp' build argument 'catkin_cmake_args' from command line to 'None'
[0.408s] Level 5:colcon.colcon_core.verb:set package 'example_local_navigation_cpp' build argument 'catkin_skip_building_tests' from command line to 'False'
[0.408s] DEBUG:colcon.colcon_core.verb:Building package 'example_local_navigation_cpp' with the following arguments: {'ament_cmake_args': None, 'build_base': '/home/mikks/ros2_px4_ws/build/example_local_navigation_cpp', 'catkin_cmake_args': None, 'catkin_skip_building_tests': False, 'cmake_args': None, 'cmake_clean_cache': False, 'cmake_clean_first': False, 'cmake_force_configure': False, 'cmake_target': None, 'cmake_target_skip_unavailable': False, 'install_base': '/home/mikks/ros2_px4_ws/install/example_local_navigation_cpp', 'merge_install': False, 'path': '/home/mikks/ros2_px4_ws/src/px4-ros2-interface-lib/examples/cpp/navigation/local_navigation', 'symlink_install': True, 'test_result_base': None}
[0.409s] Level 5:colcon.colcon_core.verb:set package 'example_mode_fw_attitude_cpp' build argument 'cmake_args' from command line to 'None'
[0.409s] Level 5:colcon.colcon_core.verb:set package 'example_mode_fw_attitude_cpp' build argument 'cmake_target' from command line to 'None'
[0.409s] Level 5:colcon.colcon_core.verb:set package 'example_mode_fw_attitude_cpp' build argument 'cmake_target_skip_unavailable' from command line to 'False'
[0.409s] Level 5:colcon.colcon_core.verb:set package 'example_mode_fw_attitude_cpp' build argument 'cmake_clean_cache' from command line to 'False'
[0.409s] Level 5:colcon.colcon_core.verb:set package 'example_mode_fw_attitude_cpp' build argument 'cmake_clean_first' from command line to 'False'
[0.409s] Level 5:colcon.colcon_core.verb:set package 'example_mode_fw_attitude_cpp' build argument 'cmake_force_configure' from command line to 'False'
[0.409s] Level 5:colcon.colcon_core.verb:set package 'example_mode_fw_attitude_cpp' build argument 'ament_cmake_args' from command line to 'None'
[0.409s] Level 5:colcon.colcon_core.verb:set package 'example_mode_fw_attitude_cpp' build argument 'catkin_cmake_args' from command line to 'None'
[0.409s] Level 5:colcon.colcon_core.verb:set package 'example_mode_fw_attitude_cpp' build argument 'catkin_skip_building_tests' from command line to 'False'
[0.409s] DEBUG:colcon.colcon_core.verb:Building package 'example_mode_fw_attitude_cpp' with the following arguments: {'ament_cmake_args': None, 'build_base': '/home/mikks/ros2_px4_ws/build/example_mode_fw_attitude_cpp', 'catkin_cmake_args': None, 'catkin_skip_building_tests': False, 'cmake_args': None, 'cmake_clean_cache': False, 'cmake_clean_first': False, 'cmake_force_configure': False, 'cmake_target': None, 'cmake_target_skip_unavailable': False, 'install_base': '/home/mikks/ros2_px4_ws/install/example_mode_fw_attitude_cpp', 'merge_install': False, 'path': '/home/mikks/ros2_px4_ws/src/px4-ros2-interface-lib/examples/cpp/modes/fw_attitude', 'symlink_install': True, 'test_result_base': None}
[0.409s] Level 5:colcon.colcon_core.verb:set package 'example_mode_goto_cpp' build argument 'cmake_args' from command line to 'None'
[0.409s] Level 5:colcon.colcon_core.verb:set package 'example_mode_goto_cpp' build argument 'cmake_target' from command line to 'None'
[0.409s] Level 5:colcon.colcon_core.verb:set package 'example_mode_goto_cpp' build argument 'cmake_target_skip_unavailable' from command line to 'False'
[0.409s] Level 5:colcon.colcon_core.verb:set package 'example_mode_goto_cpp' build argument 'cmake_clean_cache' from command line to 'False'
[0.409s] Level 5:colcon.colcon_core.verb:set package 'example_mode_goto_cpp' build argument 'cmake_clean_first' from command line to 'False'
[0.409s] Level 5:colcon.colcon_core.verb:set package 'example_mode_goto_cpp' build argument 'cmake_force_configure' from command line to 'False'
[0.409s] Level 5:colcon.colcon_core.verb:set package 'example_mode_goto_cpp' build argument 'ament_cmake_args' from command line to 'None'
[0.409s] Level 5:colcon.colcon_core.verb:set package 'example_mode_goto_cpp' build argument 'catkin_cmake_args' from command line to 'None'
[0.409s] Level 5:colcon.colcon_core.verb:set package 'example_mode_goto_cpp' build argument 'catkin_skip_building_tests' from command line to 'False'
[0.409s] DEBUG:colcon.colcon_core.verb:Building package 'example_mode_goto_cpp' with the following arguments: {'ament_cmake_args': None, 'build_base': '/home/mikks/ros2_px4_ws/build/example_mode_goto_cpp', 'catkin_cmake_args': None, 'catkin_skip_building_tests': False, 'cmake_args': None, 'cmake_clean_cache': False, 'cmake_clean_first': False, 'cmake_force_configure': False, 'cmake_target': None, 'cmake_target_skip_unavailable': False, 'install_base': '/home/mikks/ros2_px4_ws/install/example_mode_goto_cpp', 'merge_install': False, 'path': '/home/mikks/ros2_px4_ws/src/px4-ros2-interface-lib/examples/cpp/modes/goto', 'symlink_install': True, 'test_result_base': None}
[0.409s] Level 5:colcon.colcon_core.verb:set package 'example_mode_goto_global_cpp' build argument 'cmake_args' from command line to 'None'
[0.409s] Level 5:colcon.colcon_core.verb:set package 'example_mode_goto_global_cpp' build argument 'cmake_target' from command line to 'None'
[0.409s] Level 5:colcon.colcon_core.verb:set package 'example_mode_goto_global_cpp' build argument 'cmake_target_skip_unavailable' from command line to 'False'
[0.410s] Level 5:colcon.colcon_core.verb:set package 'example_mode_goto_global_cpp' build argument 'cmake_clean_cache' from command line to 'False'
[0.410s] Level 5:colcon.colcon_core.verb:set package 'example_mode_goto_global_cpp' build argument 'cmake_clean_first' from command line to 'False'
[0.410s] Level 5:colcon.colcon_core.verb:set package 'example_mode_goto_global_cpp' build argument 'cmake_force_configure' from command line to 'False'
[0.410s] Level 5:colcon.colcon_core.verb:set package 'example_mode_goto_global_cpp' build argument 'ament_cmake_args' from command line to 'None'
[0.410s] Level 5:colcon.colcon_core.verb:set package 'example_mode_goto_global_cpp' build argument 'catkin_cmake_args' from command line to 'None'
[0.410s] Level 5:colcon.colcon_core.verb:set package 'example_mode_goto_global_cpp' build argument 'catkin_skip_building_tests' from command line to 'False'
[0.410s] DEBUG:colcon.colcon_core.verb:Building package 'example_mode_goto_global_cpp' with the following arguments: {'ament_cmake_args': None, 'build_base': '/home/mikks/ros2_px4_ws/build/example_mode_goto_global_cpp', 'catkin_cmake_args': None, 'catkin_skip_building_tests': False, 'cmake_args': None, 'cmake_clean_cache': False, 'cmake_clean_first': False, 'cmake_force_configure': False, 'cmake_target': None, 'cmake_target_skip_unavailable': False, 'install_base': '/home/mikks/ros2_px4_ws/install/example_mode_goto_global_cpp', 'merge_install': False, 'path': '/home/mikks/ros2_px4_ws/src/px4-ros2-interface-lib/examples/cpp/modes/goto_global', 'symlink_install': True, 'test_result_base': None}
[0.410s] Level 5:colcon.colcon_core.verb:set package 'example_mode_manual_cpp' build argument 'cmake_args' from command line to 'None'
[0.410s] Level 5:colcon.colcon_core.verb:set package 'example_mode_manual_cpp' build argument 'cmake_target' from command line to 'None'
[0.410s] Level 5:colcon.colcon_core.verb:set package 'example_mode_manual_cpp' build argument 'cmake_target_skip_unavailable' from command line to 'False'
[0.410s] Level 5:colcon.colcon_core.verb:set package 'example_mode_manual_cpp' build argument 'cmake_clean_cache' from command line to 'False'
[0.410s] Level 5:colcon.colcon_core.verb:set package 'example_mode_manual_cpp' build argument 'cmake_clean_first' from command line to 'False'
[0.410s] Level 5:colcon.colcon_core.verb:set package 'example_mode_manual_cpp' build argument 'cmake_force_configure' from command line to 'False'
[0.410s] Level 5:colcon.colcon_core.verb:set package 'example_mode_manual_cpp' build argument 'ament_cmake_args' from command line to 'None'
[0.410s] Level 5:colcon.colcon_core.verb:set package 'example_mode_manual_cpp' build argument 'catkin_cmake_args' from command line to 'None'
[0.410s] Level 5:colcon.colcon_core.verb:set package 'example_mode_manual_cpp' build argument 'catkin_skip_building_tests' from command line to 'False'
[0.410s] DEBUG:colcon.colcon_core.verb:Building package 'example_mode_manual_cpp' with the following arguments: {'ament_cmake_args': None, 'build_base': '/home/mikks/ros2_px4_ws/build/example_mode_manual_cpp', 'catkin_cmake_args': None, 'catkin_skip_building_tests': False, 'cmake_args': None, 'cmake_clean_cache': False, 'cmake_clean_first': False, 'cmake_force_configure': False, 'cmake_target': None, 'cmake_target_skip_unavailable': False, 'install_base': '/home/mikks/ros2_px4_ws/install/example_mode_manual_cpp', 'merge_install': False, 'path': '/home/mikks/ros2_px4_ws/src/px4-ros2-interface-lib/examples/cpp/modes/manual', 'symlink_install': True, 'test_result_base': None}
[0.410s] Level 5:colcon.colcon_core.verb:set package 'example_mode_mission_cpp' build argument 'cmake_args' from command line to 'None'
[0.410s] Level 5:colcon.colcon_core.verb:set package 'example_mode_mission_cpp' build argument 'cmake_target' from command line to 'None'
[0.410s] Level 5:colcon.colcon_core.verb:set package 'example_mode_mission_cpp' build argument 'cmake_target_skip_unavailable' from command line to 'False'
[0.410s] Level 5:colcon.colcon_core.verb:set package 'example_mode_mission_cpp' build argument 'cmake_clean_cache' from command line to 'False'
[0.410s] Level 5:colcon.colcon_core.verb:set package 'example_mode_mission_cpp' build argument 'cmake_clean_first' from command line to 'False'
[0.410s] Level 5:colcon.colcon_core.verb:set package 'example_mode_mission_cpp' build argument 'cmake_force_configure' from command line to 'False'
[0.410s] Level 5:colcon.colcon_core.verb:set package 'example_mode_mission_cpp' build argument 'ament_cmake_args' from command line to 'None'
[0.410s] Level 5:colcon.colcon_core.verb:set package 'example_mode_mission_cpp' build argument 'catkin_cmake_args' from command line to 'None'
[0.410s] Level 5:colcon.colcon_core.verb:set package 'example_mode_mission_cpp' build argument 'catkin_skip_building_tests' from command line to 'False'
[0.410s] DEBUG:colcon.colcon_core.verb:Building package 'example_mode_mission_cpp' with the following arguments: {'ament_cmake_args': None, 'build_base': '/home/mikks/ros2_px4_ws/build/example_mode_mission_cpp', 'catkin_cmake_args': None, 'catkin_skip_building_tests': False, 'cmake_args': None, 'cmake_clean_cache': False, 'cmake_clean_first': False, 'cmake_force_configure': False, 'cmake_target': None, 'cmake_target_skip_unavailable': False, 'install_base': '/home/mikks/ros2_px4_ws/install/example_mode_mission_cpp', 'merge_install': False, 'path': '/home/mikks/ros2_px4_ws/src/px4-ros2-interface-lib/examples/cpp/modes/mission', 'symlink_install': True, 'test_result_base': None}
[0.411s] Level 5:colcon.colcon_core.verb:set package 'example_mode_rtl_replacement_cpp' build argument 'cmake_args' from command line to 'None'
[0.411s] Level 5:colcon.colcon_core.verb:set package 'example_mode_rtl_replacement_cpp' build argument 'cmake_target' from command line to 'None'
[0.411s] Level 5:colcon.colcon_core.verb:set package 'example_mode_rtl_replacement_cpp' build argument 'cmake_target_skip_unavailable' from command line to 'False'
[0.411s] Level 5:colcon.colcon_core.verb:set package 'example_mode_rtl_replacement_cpp' build argument 'cmake_clean_cache' from command line to 'False'
[0.411s] Level 5:colcon.colcon_core.verb:set package 'example_mode_rtl_replacement_cpp' build argument 'cmake_clean_first' from command line to 'False'
[0.411s] Level 5:colcon.colcon_core.verb:set package 'example_mode_rtl_replacement_cpp' build argument 'cmake_force_configure' from command line to 'False'
[0.411s] Level 5:colcon.colcon_core.verb:set package 'example_mode_rtl_replacement_cpp' build argument 'ament_cmake_args' from command line to 'None'
[0.411s] Level 5:colcon.colcon_core.verb:set package 'example_mode_rtl_replacement_cpp' build argument 'catkin_cmake_args' from command line to 'None'
[0.411s] Level 5:colcon.colcon_core.verb:set package 'example_mode_rtl_replacement_cpp' build argument 'catkin_skip_building_tests' from command line to 'False'
[0.411s] DEBUG:colcon.colcon_core.verb:Building package 'example_mode_rtl_replacement_cpp' with the following arguments: {'ament_cmake_args': None, 'build_base': '/home/mikks/ros2_px4_ws/build/example_mode_rtl_replacement_cpp', 'catkin_cmake_args': None, 'catkin_skip_building_tests': False, 'cmake_args': None, 'cmake_clean_cache': False, 'cmake_clean_first': False, 'cmake_force_configure': False, 'cmake_target': None, 'cmake_target_skip_unavailable': False, 'install_base': '/home/mikks/ros2_px4_ws/install/example_mode_rtl_replacement_cpp', 'merge_install': False, 'path': '/home/mikks/ros2_px4_ws/src/px4-ros2-interface-lib/examples/cpp/modes/rtl_replacement', 'symlink_install': True, 'test_result_base': None}
[0.411s] Level 5:colcon.colcon_core.verb:set package 'example_mode_vtol_cpp' build argument 'cmake_args' from command line to 'None'
[0.411s] Level 5:colcon.colcon_core.verb:set package 'example_mode_vtol_cpp' build argument 'cmake_target' from command line to 'None'
[0.411s] Level 5:colcon.colcon_core.verb:set package 'example_mode_vtol_cpp' build argument 'cmake_target_skip_unavailable' from command line to 'False'
[0.411s] Level 5:colcon.colcon_core.verb:set package 'example_mode_vtol_cpp' build argument 'cmake_clean_cache' from command line to 'False'
[0.411s] Level 5:colcon.colcon_core.verb:set package 'example_mode_vtol_cpp' build argument 'cmake_clean_first' from command line to 'False'
[0.411s] Level 5:colcon.colcon_core.verb:set package 'example_mode_vtol_cpp' build argument 'cmake_force_configure' from command line to 'False'
[0.411s] Level 5:colcon.colcon_core.verb:set package 'example_mode_vtol_cpp' build argument 'ament_cmake_args' from command line to 'None'
[0.411s] Level 5:colcon.colcon_core.verb:set package 'example_mode_vtol_cpp' build argument 'catkin_cmake_args' from command line to 'None'
[0.411s] Level 5:colcon.colcon_core.verb:set package 'example_mode_vtol_cpp' build argument 'catkin_skip_building_tests' from command line to 'False'
[0.411s] DEBUG:colcon.colcon_core.verb:Building package 'example_mode_vtol_cpp' with the following arguments: {'ament_cmake_args': None, 'build_base': '/home/mikks/ros2_px4_ws/build/example_mode_vtol_cpp', 'catkin_cmake_args': None, 'catkin_skip_building_tests': False, 'cmake_args': None, 'cmake_clean_cache': False, 'cmake_clean_first': False, 'cmake_force_configure': False, 'cmake_target': None, 'cmake_target_skip_unavailable': False, 'install_base': '/home/mikks/ros2_px4_ws/install/example_mode_vtol_cpp', 'merge_install': False, 'path': '/home/mikks/ros2_px4_ws/src/px4-ros2-interface-lib/examples/cpp/modes/vtol', 'symlink_install': True, 'test_result_base': None}
[0.411s] Level 5:colcon.colcon_core.verb:set package 'example_mode_with_executor_cpp' build argument 'cmake_args' from command line to 'None'
[0.411s] Level 5:colcon.colcon_core.verb:set package 'example_mode_with_executor_cpp' build argument 'cmake_target' from command line to 'None'
[0.411s] Level 5:colcon.colcon_core.verb:set package 'example_mode_with_executor_cpp' build argument 'cmake_target_skip_unavailable' from command line to 'False'
[0.411s] Level 5:colcon.colcon_core.verb:set package 'example_mode_with_executor_cpp' build argument 'cmake_clean_cache' from command line to 'False'
[0.412s] Level 5:colcon.colcon_core.verb:set package 'example_mode_with_executor_cpp' build argument 'cmake_clean_first' from command line to 'False'
[0.412s] Level 5:colcon.colcon_core.verb:set package 'example_mode_with_executor_cpp' build argument 'cmake_force_configure' from command line to 'False'
[0.412s] Level 5:colcon.colcon_core.verb:set package 'example_mode_with_executor_cpp' build argument 'ament_cmake_args' from command line to 'None'
[0.412s] Level 5:colcon.colcon_core.verb:set package 'example_mode_with_executor_cpp' build argument 'catkin_cmake_args' from command line to 'None'
[0.412s] Level 5:colcon.colcon_core.verb:set package 'example_mode_with_executor_cpp' build argument 'catkin_skip_building_tests' from command line to 'False'
[0.412s] DEBUG:colcon.colcon_core.verb:Building package 'example_mode_with_executor_cpp' with the following arguments: {'ament_cmake_args': None, 'build_base': '/home/mikks/ros2_px4_ws/build/example_mode_with_executor_cpp', 'catkin_cmake_args': None, 'catkin_skip_building_tests': False, 'cmake_args': None, 'cmake_clean_cache': False, 'cmake_clean_first': False, 'cmake_force_configure': False, 'cmake_target': None, 'cmake_target_skip_unavailable': False, 'install_base': '/home/mikks/ros2_px4_ws/install/example_mode_with_executor_cpp', 'merge_install': False, 'path': '/home/mikks/ros2_px4_ws/src/px4-ros2-interface-lib/examples/cpp/modes/mode_with_executor', 'symlink_install': True, 'test_result_base': None}
[0.412s] Level 5:colcon.colcon_core.verb:set package 'example_rover_velocity_mode_cpp' build argument 'cmake_args' from command line to 'None'
[0.412s] Level 5:colcon.colcon_core.verb:set package 'example_rover_velocity_mode_cpp' build argument 'cmake_target' from command line to 'None'
[0.412s] Level 5:colcon.colcon_core.verb:set package 'example_rover_velocity_mode_cpp' build argument 'cmake_target_skip_unavailable' from command line to 'False'
[0.412s] Level 5:colcon.colcon_core.verb:set package 'example_rover_velocity_mode_cpp' build argument 'cmake_clean_cache' from command line to 'False'
[0.412s] Level 5:colcon.colcon_core.verb:set package 'example_rover_velocity_mode_cpp' build argument 'cmake_clean_first' from command line to 'False'
[0.412s] Level 5:colcon.colcon_core.verb:set package 'example_rover_velocity_mode_cpp' build argument 'cmake_force_configure' from command line to 'False'
[0.412s] Level 5:colcon.colcon_core.verb:set package 'example_rover_velocity_mode_cpp' build argument 'ament_cmake_args' from command line to 'None'
[0.412s] Level 5:colcon.colcon_core.verb:set package 'example_rover_velocity_mode_cpp' build argument 'catkin_cmake_args' from command line to 'None'
[0.412s] Level 5:colcon.colcon_core.verb:set package 'example_rover_velocity_mode_cpp' build argument 'catkin_skip_building_tests' from command line to 'False'
[0.412s] DEBUG:colcon.colcon_core.verb:Building package 'example_rover_velocity_mode_cpp' with the following arguments: {'ament_cmake_args': None, 'build_base': '/home/mikks/ros2_px4_ws/build/example_rover_velocity_mode_cpp', 'catkin_cmake_args': None, 'catkin_skip_building_tests': False, 'cmake_args': None, 'cmake_clean_cache': False, 'cmake_clean_first': False, 'cmake_force_configure': False, 'cmake_target': None, 'cmake_target_skip_unavailable': False, 'install_base': '/home/mikks/ros2_px4_ws/install/example_rover_velocity_mode_cpp', 'merge_install': False, 'path': '/home/mikks/ros2_px4_ws/src/px4-ros2-interface-lib/examples/cpp/modes/rover_velocity', 'symlink_install': True, 'test_result_base': None}
[0.412s] Level 5:colcon.colcon_core.verb:set package 'px4_ros2_py' build argument 'cmake_args' from command line to 'None'
[0.412s] Level 5:colcon.colcon_core.verb:set package 'px4_ros2_py' build argument 'cmake_target' from command line to 'None'
[0.412s] Level 5:colcon.colcon_core.verb:set package 'px4_ros2_py' build argument 'cmake_target_skip_unavailable' from command line to 'False'
[0.412s] Level 5:colcon.colcon_core.verb:set package 'px4_ros2_py' build argument 'cmake_clean_cache' from command line to 'False'
[0.412s] Level 5:colcon.colcon_core.verb:set package 'px4_ros2_py' build argument 'cmake_clean_first' from command line to 'False'
[0.412s] Level 5:colcon.colcon_core.verb:set package 'px4_ros2_py' build argument 'cmake_force_configure' from command line to 'False'
[0.412s] Level 5:colcon.colcon_core.verb:set package 'px4_ros2_py' build argument 'ament_cmake_args' from command line to 'None'
[0.412s] Level 5:colcon.colcon_core.verb:set package 'px4_ros2_py' build argument 'catkin_cmake_args' from command line to 'None'
[0.412s] Level 5:colcon.colcon_core.verb:set package 'px4_ros2_py' build argument 'catkin_skip_building_tests' from command line to 'False'
[0.412s] DEBUG:colcon.colcon_core.verb:Building package 'px4_ros2_py' with the following arguments: {'ament_cmake_args': None, 'build_base': '/home/mikks/ros2_px4_ws/build/px4_ros2_py', 'catkin_cmake_args': None, 'catkin_skip_building_tests': False, 'cmake_args': None, 'cmake_clean_cache': False, 'cmake_clean_first': False, 'cmake_force_configure': False, 'cmake_target': None, 'cmake_target_skip_unavailable': False, 'install_base': '/home/mikks/ros2_px4_ws/install/px4_ros2_py', 'merge_install': False, 'path': '/home/mikks/ros2_px4_ws/src/px4-ros2-interface-lib/px4_ros2_py', 'symlink_install': True, 'test_result_base': None}
[0.413s] Level 5:colcon.colcon_core.verb:set package 'example_mode_goto_py' build argument 'cmake_args' from command line to 'None'
[0.413s] Level 5:colcon.colcon_core.verb:set package 'example_mode_goto_py' build argument 'cmake_target' from command line to 'None'
[0.413s] Level 5:colcon.colcon_core.verb:set package 'example_mode_goto_py' build argument 'cmake_target_skip_unavailable' from command line to 'False'
[0.413s] Level 5:colcon.colcon_core.verb:set package 'example_mode_goto_py' build argument 'cmake_clean_cache' from command line to 'False'
[0.413s] Level 5:colcon.colcon_core.verb:set package 'example_mode_goto_py' build argument 'cmake_clean_first' from command line to 'False'
[0.413s] Level 5:colcon.colcon_core.verb:set package 'example_mode_goto_py' build argument 'cmake_force_configure' from command line to 'False'
[0.413s] Level 5:colcon.colcon_core.verb:set package 'example_mode_goto_py' build argument 'ament_cmake_args' from command line to 'None'
[0.413s] Level 5:colcon.colcon_core.verb:set package 'example_mode_goto_py' build argument 'catkin_cmake_args' from command line to 'None'
[0.413s] Level 5:colcon.colcon_core.verb:set package 'example_mode_goto_py' build argument 'catkin_skip_building_tests' from command line to 'False'
[0.413s] DEBUG:colcon.colcon_core.verb:Building package 'example_mode_goto_py' with the following arguments: {'ament_cmake_args': None, 'build_base': '/home/mikks/ros2_px4_ws/build/example_mode_goto_py', 'catkin_cmake_args': None, 'catkin_skip_building_tests': False, 'cmake_args': None, 'cmake_clean_cache': False, 'cmake_clean_first': False, 'cmake_force_configure': False, 'cmake_target': None, 'cmake_target_skip_unavailable': False, 'install_base': '/home/mikks/ros2_px4_ws/install/example_mode_goto_py', 'merge_install': False, 'path': '/home/mikks/ros2_px4_ws/src/px4-ros2-interface-lib/examples/python/modes/goto', 'symlink_install': True, 'test_result_base': None}
[0.413s] Level 5:colcon.colcon_core.verb:set package 'example_mode_with_rclpy_py' build argument 'cmake_args' from command line to 'None'
[0.413s] Level 5:colcon.colcon_core.verb:set package 'example_mode_with_rclpy_py' build argument 'cmake_target' from command line to 'None'
[0.413s] Level 5:colcon.colcon_core.verb:set package 'example_mode_with_rclpy_py' build argument 'cmake_target_skip_unavailable' from command line to 'False'
[0.413s] Level 5:colcon.colcon_core.verb:set package 'example_mode_with_rclpy_py' build argument 'cmake_clean_cache' from command line to 'False'
[0.413s] Level 5:colcon.colcon_core.verb:set package 'example_mode_with_rclpy_py' build argument 'cmake_clean_first' from command line to 'False'
[0.413s] Level 5:colcon.colcon_core.verb:set package 'example_mode_with_rclpy_py' build argument 'cmake_force_configure' from command line to 'False'
[0.413s] Level 5:colcon.colcon_core.verb:set package 'example_mode_with_rclpy_py' build argument 'ament_cmake_args' from command line to 'None'
[0.413s] Level 5:colcon.colcon_core.verb:set package 'example_mode_with_rclpy_py' build argument 'catkin_cmake_args' from command line to 'None'
[0.413s] Level 5:colcon.colcon_core.verb:set package 'example_mode_with_rclpy_py' build argument 'catkin_skip_building_tests' from command line to 'False'
[0.413s] DEBUG:colcon.colcon_core.verb:Building package 'example_mode_with_rclpy_py' with the following arguments: {'ament_cmake_args': None, 'build_base': '/home/mikks/ros2_px4_ws/build/example_mode_with_rclpy_py', 'catkin_cmake_args': None, 'catkin_skip_building_tests': False, 'cmake_args': None, 'cmake_clean_cache': False, 'cmake_clean_first': False, 'cmake_force_configure': False, 'cmake_target': None, 'cmake_target_skip_unavailable': False, 'install_base': '/home/mikks/ros2_px4_ws/install/example_mode_with_rclpy_py', 'merge_install': False, 'path': '/home/mikks/ros2_px4_ws/src/px4-ros2-interface-lib/examples/python/modes/goto_with_rclpy', 'symlink_install': True, 'test_result_base': None}
[0.413s] INFO:colcon.colcon_core.executor:Executing jobs using 'parallel' executor
[0.414s] DEBUG:colcon.colcon_parallel_executor.executor.parallel:run_until_complete
[0.414s] INFO:colcon.colcon_ros.task.ament_cmake.build:Building ROS package in '/home/mikks/ros2_px4_ws/src/px4_msgs' with build type 'ament_cmake'
[0.414s] INFO:colcon.colcon_cmake.task.cmake.build:Building CMake package in '/home/mikks/ros2_px4_ws/src/px4_msgs'
[0.420s] INFO:colcon.colcon_core.plugin_system:Skipping extension 'colcon_core.shell.bat': Not used on non-Windows systems
[0.420s] INFO:colcon.colcon_core.shell:Skip shell extension 'powershell' for command environment: Not usable outside of PowerShell
[0.420s] DEBUG:colcon.colcon_core.shell:Skip shell extension 'dsv' for command environment
[0.432s] DEBUG:colcon.colcon_core.event_handler.log_command:Invoking command in '/home/mikks/ros2_px4_ws/build/px4_msgs': CMAKE_PREFIX_PATH=${CMAKE_PREFIX_PATH}:/home/mikks/ros2_px4_ws/install/x500_hover_controller:/home/mikks/ros2_px4_ws/install/example_mode_with_rclpy_py:/home/mikks/ros2_px4_ws/install/example_mode_goto_py:/home/mikks/ros2_px4_ws/install/px4_actuator_ctrl:/home/mikks/ros2_ws/install/rover_desc_description:/home/mikks/ros2_ws/install/px4_actuator_ctrl:/home/mikks/ros2_ws/install/mine_rover_description:/home/mikks/ros2_ws/install/ZerionURDFV5cp_description:/home/mikks/crazyflie_mapping_demo/ros2_ws/install/velocity_free_consensus:/home/mikks/crazyflie_mapping_demo/ros2_ws/install/stepwise_lowpos:/home/mikks/crazyflie_mapping_demo/ros2_ws/install/step_wise_lowpos:/home/mikks/crazyflie_mapping_demo/ros2_ws/install/second_order_formation_control:/home/mikks/crazyflie_mapping_demo/ros2_ws/install/ros_gz_crazyflie_control:/home/mikks/crazyflie_mapping_demo/ros2_ws/install/mixed_fractional_consensus:/home/mikks/crazyflie_mapping_demo/ros2_ws/install/lowest_pos:/home/mikks/crazyflie_mapping_demo/ros2_ws/install/linear_consensus:/home/mikks/crazyflie_mapping_demo/ros2_ws/install/highest_pos:/home/mikks/crazyflie_mapping_demo/ros2_ws/install/fractional_consensus_alpha:/home/mikks/crazyflie_mapping_demo/ros2_ws/install/event_triggered_swarm:/home/mikks/crazyflie_mapping_demo/ros2_ws/install/drone_logger:/home/mikks/crazyflie_mapping_demo/ros2_ws/install/distributed_average_tracking:/home/mikks/crazyflie_mapping_demo/ros2_ws/install/crazyflie_swarm_logic:/home/mikks/crazyflie_mapping_demo/ros2_ws/install/crazyflie_ros2_multiranger_wall_following:/home/mikks/crazyflie_mapping_demo/ros2_ws/install/crazyflie_ros2_multiranger_simple_mapper:/home/mikks/crazyflie_mapping_demo/ros2_ws/install/crazyflie_py:/home/mikks/crazyflie_mapping_demo/ros2_ws/install/cooperative_target_centric_formation:/home/mikks/crazyflie_mapping_demo/ros2_ws/install/containment_using_agent_information:/home/mikks/crazyflie_mapping_demo/ros2_ws/install/consensus_for_double_integrator:/home/mikks/crazyflie_mapping_demo/ros2_ws/install/consensus_alignment:/home/mikks/crazyflie_mapping_demo/ros2_ws/install/binary_consensus:/home/mikks/crazyflie_mapping_demo/ros2_ws/install/Second_Order_Min_Consensus_for_Heterogeneous_Agents:/home/mikks/crazyflie_mapping_demo/ros2_ws/install/BinaryContainmentChain:/opt/ros/jazzy DEBUGINFOD_URLS=https://debuginfod.ubuntu.com /usr/bin/cmake --build /home/mikks/ros2_px4_ws/build/px4_msgs -- -j12 -l12
[3.084s] DEBUG:colcon.colcon_core.event_handler.log_command:Invoked command in '/home/mikks/ros2_px4_ws/build/px4_msgs' returned '0': CMAKE_PREFIX_PATH=${CMAKE_PREFIX_PATH}:/home/mikks/ros2_px4_ws/install/x500_hover_controller:/home/mikks/ros2_px4_ws/install/example_mode_with_rclpy_py:/home/mikks/ros2_px4_ws/install/example_mode_goto_py:/home/mikks/ros2_px4_ws/install/px4_actuator_ctrl:/home/mikks/ros2_ws/install/rover_desc_description:/home/mikks/ros2_ws/install/px4_actuator_ctrl:/home/mikks/ros2_ws/install/mine_rover_description:/home/mikks/ros2_ws/install/ZerionURDFV5cp_description:/home/mikks/crazyflie_mapping_demo/ros2_ws/install/velocity_free_consensus:/home/mikks/crazyflie_mapping_demo/ros2_ws/install/stepwise_lowpos:/home/mikks/crazyflie_mapping_demo/ros2_ws/install/step_wise_lowpos:/home/mikks/crazyflie_mapping_demo/ros2_ws/install/second_order_formation_control:/home/mikks/crazyflie_mapping_demo/ros2_ws/install/ros_gz_crazyflie_control:/home/mikks/crazyflie_mapping_demo/ros2_ws/install/mixed_fractional_consensus:/home/mikks/crazyflie_mapping_demo/ros2_ws/install/lowest_pos:/home/mikks/crazyflie_mapping_demo/ros2_ws/install/linear_consensus:/home/mikks/crazyflie_mapping_demo/ros2_ws/install/highest_pos:/home/mikks/crazyflie_mapping_demo/ros2_ws/install/fractional_consensus_alpha:/home/mikks/crazyflie_mapping_demo/ros2_ws/install/event_triggered_swarm:/home/mikks/crazyflie_mapping_demo/ros2_ws/install/drone_logger:/home/mikks/crazyflie_mapping_demo/ros2_ws/install/distributed_average_tracking:/home/mikks/crazyflie_mapping_demo/ros2_ws/install/crazyflie_swarm_logic:/home/mikks/crazyflie_mapping_demo/ros2_ws/install/crazyflie_ros2_multiranger_wall_following:/home/mikks/crazyflie_mapping_demo/ros2_ws/install/crazyflie_ros2_multiranger_simple_mapper:/home/mikks/crazyflie_mapping_demo/ros2_ws/install/crazyflie_py:/home/mikks/crazyflie_mapping_demo/ros2_ws/install/cooperative_target_centric_formation:/home/mikks/crazyflie_mapping_demo/ros2_ws/install/containment_using_agent_information:/home/mikks/crazyflie_mapping_demo/ros2_ws/install/consensus_for_double_integrator:/home/mikks/crazyflie_mapping_demo/ros2_ws/install/consensus_alignment:/home/mikks/crazyflie_mapping_demo/ros2_ws/install/binary_consensus:/home/mikks/crazyflie_mapping_demo/ros2_ws/install/Second_Order_Min_Consensus_for_Heterogeneous_Agents:/home/mikks/crazyflie_mapping_demo/ros2_ws/install/BinaryContainmentChain:/opt/ros/jazzy DEBUGINFOD_URLS=https://debuginfod.ubuntu.com /usr/bin/cmake --build /home/mikks/ros2_px4_ws/build/px4_msgs -- -j12 -l12
[3.093s] DEBUG:colcon.colcon_core.event_handler.log_command:Invoking command in '/home/mikks/ros2_px4_ws/build/px4_msgs': CMAKE_PREFIX_PATH=${CMAKE_PREFIX_PATH}:/home/mikks/ros2_px4_ws/install/x500_hover_controller:/home/mikks/ros2_px4_ws/install/example_mode_with_rclpy_py:/home/mikks/ros2_px4_ws/install/example_mode_goto_py:/home/mikks/ros2_px4_ws/install/px4_actuator_ctrl:/home/mikks/ros2_ws/install/rover_desc_description:/home/mikks/ros2_ws/install/px4_actuator_ctrl:/home/mikks/ros2_ws/install/mine_rover_description:/home/mikks/ros2_ws/install/ZerionURDFV5cp_description:/home/mikks/crazyflie_mapping_demo/ros2_ws/install/velocity_free_consensus:/home/mikks/crazyflie_mapping_demo/ros2_ws/install/stepwise_lowpos:/home/mikks/crazyflie_mapping_demo/ros2_ws/install/step_wise_lowpos:/home/mikks/crazyflie_mapping_demo/ros2_ws/install/second_order_formation_control:/home/mikks/crazyflie_mapping_demo/ros2_ws/install/ros_gz_crazyflie_control:/home/mikks/crazyflie_mapping_demo/ros2_ws/install/mixed_fractional_consensus:/home/mikks/crazyflie_mapping_demo/ros2_ws/install/lowest_pos:/home/mikks/crazyflie_mapping_demo/ros2_ws/install/linear_consensus:/home/mikks/crazyflie_mapping_demo/ros2_ws/install/highest_pos:/home/mikks/crazyflie_mapping_demo/ros2_ws/install/fractional_consensus_alpha:/home/mikks/crazyflie_mapping_demo/ros2_ws/install/event_triggered_swarm:/home/mikks/crazyflie_mapping_demo/ros2_ws/install/drone_logger:/home/mikks/crazyflie_mapping_demo/ros2_ws/install/distributed_average_tracking:/home/mikks/crazyflie_mapping_demo/ros2_ws/install/crazyflie_swarm_logic:/home/mikks/crazyflie_mapping_demo/ros2_ws/install/crazyflie_ros2_multiranger_wall_following:/home/mikks/crazyflie_mapping_demo/ros2_ws/install/crazyflie_ros2_multiranger_simple_mapper:/home/mikks/crazyflie_mapping_demo/ros2_ws/install/crazyflie_py:/home/mikks/crazyflie_mapping_demo/ros2_ws/install/cooperative_target_centric_formation:/home/mikks/crazyflie_mapping_demo/ros2_ws/install/containment_using_agent_information:/home/mikks/crazyflie_mapping_demo/ros2_ws/install/consensus_for_double_integrator:/home/mikks/crazyflie_mapping_demo/ros2_ws/install/consensus_alignment:/home/mikks/crazyflie_mapping_demo/ros2_ws/install/binary_consensus:/home/mikks/crazyflie_mapping_demo/ros2_ws/install/Second_Order_Min_Consensus_for_Heterogeneous_Agents:/home/mikks/crazyflie_mapping_demo/ros2_ws/install/BinaryContainmentChain:/opt/ros/jazzy DEBUGINFOD_URLS=https://debuginfod.ubuntu.com /usr/bin/cmake --install /home/mikks/ros2_px4_ws/build/px4_msgs
[3.730s] Level 1:colcon.colcon_core.environment:create_environment_scripts_only(px4_msgs)
[3.731s] DEBUG:colcon.colcon_core.event_handler.log_command:Invoked command in '/home/mikks/ros2_px4_ws/build/px4_msgs' returned '0': CMAKE_PREFIX_PATH=${CMAKE_PREFIX_PATH}:/home/mikks/ros2_px4_ws/install/x500_hover_controller:/home/mikks/ros2_px4_ws/install/example_mode_with_rclpy_py:/home/mikks/ros2_px4_ws/install/example_mode_goto_py:/home/mikks/ros2_px4_ws/install/px4_actuator_ctrl:/home/mikks/ros2_ws/install/rover_desc_description:/home/mikks/ros2_ws/install/px4_actuator_ctrl:/home/mikks/ros2_ws/install/mine_rover_description:/home/mikks/ros2_ws/install/ZerionURDFV5cp_description:/home/mikks/crazyflie_mapping_demo/ros2_ws/install/velocity_free_consensus:/home/mikks/crazyflie_mapping_demo/ros2_ws/install/stepwise_lowpos:/home/mikks/crazyflie_mapping_demo/ros2_ws/install/step_wise_lowpos:/home/mikks/crazyflie_mapping_demo/ros2_ws/install/second_order_formation_control:/home/mikks/crazyflie_mapping_demo/ros2_ws/install/ros_gz_crazyflie_control:/home/mikks/crazyflie_mapping_demo/ros2_ws/install/mixed_fractional_consensus:/home/mikks/crazyflie_mapping_demo/ros2_ws/install/lowest_pos:/home/mikks/crazyflie_mapping_demo/ros2_ws/install/linear_consensus:/home/mikks/crazyflie_mapping_demo/ros2_ws/install/highest_pos:/home/mikks/crazyflie_mapping_demo/ros2_ws/install/fractional_consensus_alpha:/home/mikks/crazyflie_mapping_demo/ros2_ws/install/event_triggered_swarm:/home/mikks/crazyflie_mapping_demo/ros2_ws/install/drone_logger:/home/mikks/crazyflie_mapping_demo/ros2_ws/install/distributed_average_tracking:/home/mikks/crazyflie_mapping_demo/ros2_ws/install/crazyflie_swarm_logic:/home/mikks/crazyflie_mapping_demo/ros2_ws/install/crazyflie_ros2_multiranger_wall_following:/home/mikks/crazyflie_mapping_demo/ros2_ws/install/crazyflie_ros2_multiranger_simple_mapper:/home/mikks/crazyflie_mapping_demo/ros2_ws/install/crazyflie_py:/home/mikks/crazyflie_mapping_demo/ros2_ws/install/cooperative_target_centric_formation:/home/mikks/crazyflie_mapping_demo/ros2_ws/install/containment_using_agent_information:/home/mikks/crazyflie_mapping_demo/ros2_ws/install/consensus_for_double_integrator:/home/mikks/crazyflie_mapping_demo/ros2_ws/install/consensus_alignment:/home/mikks/crazyflie_mapping_demo/ros2_ws/install/binary_consensus:/home/mikks/crazyflie_mapping_demo/ros2_ws/install/Second_Order_Min_Consensus_for_Heterogeneous_Agents:/home/mikks/crazyflie_mapping_demo/ros2_ws/install/BinaryContainmentChain:/opt/ros/jazzy DEBUGINFOD_URLS=https://debuginfod.ubuntu.com /usr/bin/cmake --install /home/mikks/ros2_px4_ws/build/px4_msgs
[3.737s] Level 1:colcon.colcon_core.environment:checking '/home/mikks/ros2_px4_ws/install/px4_msgs' for CMake module files
[3.738s] Level 1:colcon.colcon_core.environment:checking '/home/mikks/ros2_px4_ws/install/px4_msgs' for CMake config files
[3.738s] Level 1:colcon.colcon_core.shell:create_environment_hook('px4_msgs', 'cmake_prefix_path')
[3.738s] INFO:colcon.colcon_core.shell:Creating environment hook '/home/mikks/ros2_px4_ws/install/px4_msgs/share/px4_msgs/hook/cmake_prefix_path.ps1'
[3.739s] INFO:colcon.colcon_core.shell:Creating environment descriptor '/home/mikks/ros2_px4_ws/install/px4_msgs/share/px4_msgs/hook/cmake_prefix_path.dsv'
[3.739s] INFO:colcon.colcon_core.shell:Creating environment hook '/home/mikks/ros2_px4_ws/install/px4_msgs/share/px4_msgs/hook/cmake_prefix_path.sh'
[3.740s] Level 1:colcon.colcon_core.environment:checking '/home/mikks/ros2_px4_ws/install/px4_msgs/lib'
[3.740s] Level 1:colcon.colcon_core.shell:create_environment_hook('px4_msgs', 'ld_library_path_lib')
[3.740s] INFO:colcon.colcon_core.shell:Creating environment hook '/home/mikks/ros2_px4_ws/install/px4_msgs/share/px4_msgs/hook/ld_library_path_lib.ps1'
[3.741s] INFO:colcon.colcon_core.shell:Creating environment descriptor '/home/mikks/ros2_px4_ws/install/px4_msgs/share/px4_msgs/hook/ld_library_path_lib.dsv'
[3.741s] INFO:colcon.colcon_core.shell:Creating environment hook '/home/mikks/ros2_px4_ws/install/px4_msgs/share/px4_msgs/hook/ld_library_path_lib.sh'
[3.741s] Level 1:colcon.colcon_core.environment:checking '/home/mikks/ros2_px4_ws/install/px4_msgs/bin'
[3.741s] Level 1:colcon.colcon_core.environment:checking '/home/mikks/ros2_px4_ws/install/px4_msgs/lib/pkgconfig/px4_msgs.pc'
[3.742s] Level 1:colcon.colcon_core.environment:checking '/home/mikks/ros2_px4_ws/install/px4_msgs/lib/python3.12/site-packages'
[3.742s] Level 1:colcon.colcon_core.shell:create_environment_hook('px4_msgs', 'pythonpath')
[3.742s] INFO:colcon.colcon_core.shell:Creating environment hook '/home/mikks/ros2_px4_ws/install/px4_msgs/share/px4_msgs/hook/pythonpath.ps1'
[3.742s] INFO:colcon.colcon_core.shell:Creating environment descriptor '/home/mikks/ros2_px4_ws/install/px4_msgs/share/px4_msgs/hook/pythonpath.dsv'
[3.742s] INFO:colcon.colcon_core.shell:Creating environment hook '/home/mikks/ros2_px4_ws/install/px4_msgs/share/px4_msgs/hook/pythonpath.sh'
[3.743s] Level 1:colcon.colcon_core.environment:checking '/home/mikks/ros2_px4_ws/install/px4_msgs/bin'
[3.743s] INFO:colcon.colcon_core.shell:Creating package script '/home/mikks/ros2_px4_ws/install/px4_msgs/share/px4_msgs/package.ps1'
[3.744s] INFO:colcon.colcon_core.shell:Creating package descriptor '/home/mikks/ros2_px4_ws/install/px4_msgs/share/px4_msgs/package.dsv'
[3.744s] INFO:colcon.colcon_core.shell:Creating package script '/home/mikks/ros2_px4_ws/install/px4_msgs/share/px4_msgs/package.sh'
[3.745s] INFO:colcon.colcon_core.shell:Creating package script '/home/mikks/ros2_px4_ws/install/px4_msgs/share/px4_msgs/package.bash'
[3.746s] INFO:colcon.colcon_core.shell:Creating package script '/home/mikks/ros2_px4_ws/install/px4_msgs/share/px4_msgs/package.zsh'
[3.746s] Level 1:colcon.colcon_core.environment:create_file_with_runtime_dependencies(/home/mikks/ros2_px4_ws/install/px4_msgs/share/colcon-core/packages/px4_msgs)
[3.747s] Level 1:colcon.colcon_core.environment:create_environment_scripts_only(px4_msgs)
[3.747s] Level 1:colcon.colcon_core.environment:checking '/home/mikks/ros2_px4_ws/install/px4_msgs' for CMake module files
[3.747s] Level 1:colcon.colcon_core.environment:checking '/home/mikks/ros2_px4_ws/install/px4_msgs' for CMake config files
[3.748s] Level 1:colcon.colcon_core.shell:create_environment_hook('px4_msgs', 'cmake_prefix_path')
[3.748s] INFO:colcon.colcon_core.shell:Creating environment hook '/home/mikks/ros2_px4_ws/install/px4_msgs/share/px4_msgs/hook/cmake_prefix_path.ps1'
[3.748s] INFO:colcon.colcon_core.shell:Creating environment descriptor '/home/mikks/ros2_px4_ws/install/px4_msgs/share/px4_msgs/hook/cmake_prefix_path.dsv'
[3.748s] INFO:colcon.colcon_core.shell:Creating environment hook '/home/mikks/ros2_px4_ws/install/px4_msgs/share/px4_msgs/hook/cmake_prefix_path.sh'
[3.749s] Level 1:colcon.colcon_core.environment:checking '/home/mikks/ros2_px4_ws/install/px4_msgs/lib'
[3.749s] Level 1:colcon.colcon_core.shell:create_environment_hook('px4_msgs', 'ld_library_path_lib')
[3.749s] INFO:colcon.colcon_core.shell:Creating environment hook '/home/mikks/ros2_px4_ws/install/px4_msgs/share/px4_msgs/hook/ld_library_path_lib.ps1'
[3.749s] INFO:colcon.colcon_core.shell:Creating environment descriptor '/home/mikks/ros2_px4_ws/install/px4_msgs/share/px4_msgs/hook/ld_library_path_lib.dsv'
[3.750s] INFO:colcon.colcon_core.shell:Creating environment hook '/home/mikks/ros2_px4_ws/install/px4_msgs/share/px4_msgs/hook/ld_library_path_lib.sh'
[3.750s] Level 1:colcon.colcon_core.environment:checking '/home/mikks/ros2_px4_ws/install/px4_msgs/bin'
[3.750s] Level 1:colcon.colcon_core.environment:checking '/home/mikks/ros2_px4_ws/install/px4_msgs/lib/pkgconfig/px4_msgs.pc'
[3.750s] Level 1:colcon.colcon_core.environment:checking '/home/mikks/ros2_px4_ws/install/px4_msgs/lib/python3.12/site-packages'
[3.750s] Level 1:colcon.colcon_core.shell:create_environment_hook('px4_msgs', 'pythonpath')
[3.751s] INFO:colcon.colcon_core.shell:Creating environment hook '/home/mikks/ros2_px4_ws/install/px4_msgs/share/px4_msgs/hook/pythonpath.ps1'
[3.751s] INFO:colcon.colcon_core.shell:Creating environment descriptor '/home/mikks/ros2_px4_ws/install/px4_msgs/share/px4_msgs/hook/pythonpath.dsv'
[3.751s] INFO:colcon.colcon_core.shell:Creating environment hook '/home/mikks/ros2_px4_ws/install/px4_msgs/share/px4_msgs/hook/pythonpath.sh'
[3.752s] Level 1:colcon.colcon_core.environment:checking '/home/mikks/ros2_px4_ws/install/px4_msgs/bin'
[3.752s] INFO:colcon.colcon_core.shell:Creating package script '/home/mikks/ros2_px4_ws/install/px4_msgs/share/px4_msgs/package.ps1'
[3.752s] INFO:colcon.colcon_core.shell:Creating package descriptor '/home/mikks/ros2_px4_ws/install/px4_msgs/share/px4_msgs/package.dsv'
[3.753s] INFO:colcon.colcon_core.shell:Creating package script '/home/mikks/ros2_px4_ws/install/px4_msgs/share/px4_msgs/package.sh'
[3.753s] INFO:colcon.colcon_core.shell:Creating package script '/home/mikks/ros2_px4_ws/install/px4_msgs/share/px4_msgs/package.bash'
[3.754s] INFO:colcon.colcon_core.shell:Creating package script '/home/mikks/ros2_px4_ws/install/px4_msgs/share/px4_msgs/package.zsh'
[3.754s] Level 1:colcon.colcon_core.environment:create_file_with_runtime_dependencies(/home/mikks/ros2_px4_ws/install/px4_msgs/share/colcon-core/packages/px4_msgs)
[3.754s] INFO:colcon.colcon_ros.task.ament_cmake.build:Building ROS package in '/home/mikks/ros2_px4_ws/src/px4-ros2-interface-lib/px4_ros2_cpp' with build type 'ament_cmake'
[3.754s] INFO:colcon.colcon_cmake.task.cmake.build:Building CMake package in '/home/mikks/ros2_px4_ws/src/px4-ros2-interface-lib/px4_ros2_cpp'
[3.755s] INFO:colcon.colcon_core.shell:Skip shell extension 'powershell' for command environment: Not usable outside of PowerShell
[3.755s] DEBUG:colcon.colcon_core.shell:Skip shell extension 'dsv' for command environment
[3.762s] INFO:colcon.colcon_ros.task.ament_python.build:Building ROS package in '/home/mikks/ros2_px4_ws/src/px4_actuator_ctrl' with build type 'ament_python'
[3.762s] Level 1:colcon.colcon_core.shell:create_environment_hook('px4_actuator_ctrl', 'ament_prefix_path')
[3.762s] INFO:colcon.colcon_core.shell:Creating environment hook '/home/mikks/ros2_px4_ws/install/px4_actuator_ctrl/share/px4_actuator_ctrl/hook/ament_prefix_path.ps1'
[3.762s] INFO:colcon.colcon_core.shell:Creating environment descriptor '/home/mikks/ros2_px4_ws/install/px4_actuator_ctrl/share/px4_actuator_ctrl/hook/ament_prefix_path.dsv'
[3.763s] INFO:colcon.colcon_core.shell:Creating environment hook '/home/mikks/ros2_px4_ws/install/px4_actuator_ctrl/share/px4_actuator_ctrl/hook/ament_prefix_path.sh'
[3.763s] INFO:colcon.colcon_core.shell:Skip shell extension 'powershell' for command environment: Not usable outside of PowerShell
[3.763s] DEBUG:colcon.colcon_core.shell:Skip shell extension 'dsv' for command environment
[3.770s] INFO:colcon.colcon_ros.task.ament_cmake.build:Building ROS package in '/home/mikks/ros2_px4_ws/src/px4_ros_com' with build type 'ament_cmake'
[3.770s] INFO:colcon.colcon_cmake.task.cmake.build:Building CMake package in '/home/mikks/ros2_px4_ws/src/px4_ros_com'
[3.770s] INFO:colcon.colcon_core.shell:Skip shell extension 'powershell' for command environment: Not usable outside of PowerShell
[3.770s] DEBUG:colcon.colcon_core.shell:Skip shell extension 'dsv' for command environment
[3.777s] INFO:colcon.colcon_ros.task.ament_python.build:Building ROS package in '/home/mikks/ros2_px4_ws/src/x500_hover_controller' with build type 'ament_python'
[3.778s] Level 1:colcon.colcon_core.shell:create_environment_hook('x500_hover_controller', 'ament_prefix_path')
[3.778s] INFO:colcon.colcon_core.shell:Creating environment hook '/home/mikks/ros2_px4_ws/install/x500_hover_controller/share/x500_hover_controller/hook/ament_prefix_path.ps1'
[3.778s] INFO:colcon.colcon_core.shell:Creating environment descriptor '/home/mikks/ros2_px4_ws/install/x500_hover_controller/share/x500_hover_controller/hook/ament_prefix_path.dsv'
[3.778s] INFO:colcon.colcon_core.shell:Creating environment hook '/home/mikks/ros2_px4_ws/install/x500_hover_controller/share/x500_hover_controller/hook/ament_prefix_path.sh'
[3.779s] INFO:colcon.colcon_core.shell:Skip shell extension 'powershell' for command environment: Not usable outside of PowerShell
[3.779s] DEBUG:colcon.colcon_core.shell:Skip shell extension 'dsv' for command environment
[3.790s] DEBUG:colcon.colcon_core.event_handler.log_command:Invoking command in '/home/mikks/ros2_px4_ws/build/px4_ros2_cpp': CMAKE_PREFIX_PATH=/home/mikks/ros2_px4_ws/install/px4_msgs:/home/mikks/ros2_px4_ws/install/px4_ros_com:/home/mikks/ros2_px4_ws/install/px4_ros2_py:/home/mikks/ros2_px4_ws/install/example_rover_velocity_mode_cpp:/home/mikks/ros2_px4_ws/install/example_mode_with_executor_cpp:/home/mikks/ros2_px4_ws/install/example_mode_vtol_cpp:/home/mikks/ros2_px4_ws/install/example_mode_rtl_replacement_cpp:/home/mikks/ros2_px4_ws/install/example_mode_mission_cpp:/home/mikks/ros2_px4_ws/install/example_mode_manual_cpp:/home/mikks/ros2_px4_ws/install/example_mode_goto_global_cpp:/home/mikks/ros2_px4_ws/install/example_mode_goto_cpp:/home/mikks/ros2_px4_ws/install/example_mode_fw_attitude_cpp:/home/mikks/ros2_px4_ws/install/example_local_navigation_cpp:/home/mikks/ros2_px4_ws/install/example_global_navigation_cpp:/home/mikks/ros2_px4_ws/install/example_executor_with_multiple_modes_cpp:/home/mikks/ros2_px4_ws/install/px4_ros2_cpp:/home/mikks/crazyflie_mapping_demo/ros2_ws/install/crazyflie_ros2_multiranger_bringup:/home/mikks/crazyflie_mapping_demo/ros2_ws/install/ros_gz_crazyflie_bringup:/home/mikks/crazyflie_mapping_demo/ros2_ws/install/ros_gz_crazyflie_gazebo:/home/mikks/crazyflie_mapping_demo/ros2_ws/install/crazyflie_sim:/home/mikks/crazyflie_mapping_demo/ros2_ws/install/crazyflie_examples:/home/mikks/crazyflie_mapping_demo/ros2_ws/install/crazyflie:/home/mikks/crazyflie_mapping_demo/ros2_ws/install/crazyflie_interfaces:/opt/ros/jazzy/opt/gz_sim_vendor:/opt/ros/jazzy/opt/gz_sensors_vendor:/opt/ros/jazzy/opt/gz_physics_vendor:/opt/ros/jazzy/opt/sdformat_vendor:/opt/ros/jazzy/opt/gz_gui_vendor:/opt/ros/jazzy/opt/gz_transport_vendor:/opt/ros/jazzy/opt/gz_rendering_vendor:/opt/ros/jazzy/opt/gz_plugin_vendor:/opt/ros/jazzy/opt/gz_fuel_tools_vendor:/opt/ros/jazzy/opt/gz_msgs_vendor:/opt/ros/jazzy/opt/gz_common_vendor:/opt/ros/jazzy/opt/gz_math_vendor:/opt/ros/jazzy/opt/gz_utils_vendor:/opt/ros/jazzy/opt/gz_tools_vendor:/opt/ros/jazzy/opt/gz_ogre_next_vendor:/opt/ros/jazzy/opt/gz_dartsim_vendor:/opt/ros/jazzy/opt/gz_cmake_vendor:/home/mikks/ros2_px4_ws/install/x500_hover_controller:/home/mikks/ros2_px4_ws/install/example_mode_with_rclpy_py:/home/mikks/ros2_px4_ws/install/example_mode_goto_py:/home/mikks/ros2_px4_ws/install/px4_actuator_ctrl:/home/mikks/ros2_ws/install/rover_desc_description:/home/mikks/ros2_ws/install/px4_actuator_ctrl:/home/mikks/ros2_ws/install/mine_rover_description:/home/mikks/ros2_ws/install/ZerionURDFV5cp_description:/home/mikks/crazyflie_mapping_demo/ros2_ws/install/velocity_free_consensus:/home/mikks/crazyflie_mapping_demo/ros2_ws/install/stepwise_lowpos:/home/mikks/crazyflie_mapping_demo/ros2_ws/install/step_wise_lowpos:/home/mikks/crazyflie_mapping_demo/ros2_ws/install/second_order_formation_control:/home/mikks/crazyflie_mapping_demo/ros2_ws/install/ros_gz_crazyflie_control:/home/mikks/crazyflie_mapping_demo/ros2_ws/install/mixed_fractional_consensus:/home/mikks/crazyflie_mapping_demo/ros2_ws/install/lowest_pos:/home/mikks/crazyflie_mapping_demo/ros2_ws/install/linear_consensus:/home/mikks/crazyflie_mapping_demo/ros2_ws/install/highest_pos:/home/mikks/crazyflie_mapping_demo/ros2_ws/install/fractional_consensus_alpha:/home/mikks/crazyflie_mapping_demo/ros2_ws/install/event_triggered_swarm:/home/mikks/crazyflie_mapping_demo/ros2_ws/install/drone_logger:/home/mikks/crazyflie_mapping_demo/ros2_ws/install/distributed_average_tracking:/home/mikks/crazyflie_mapping_demo/ros2_ws/install/crazyflie_swarm_logic:/home/mikks/crazyflie_mapping_demo/ros2_ws/install/crazyflie_ros2_multiranger_wall_following:/home/mikks/crazyflie_mapping_demo/ros2_ws/install/crazyflie_ros2_multiranger_simple_mapper:/home/mikks/crazyflie_mapping_demo/ros2_ws/install/crazyflie_py:/home/mikks/crazyflie_mapping_demo/ros2_ws/install/cooperative_target_centric_formation:/home/mikks/crazyflie_mapping_demo/ros2_ws/install/containment_using_agent_information:/home/mikks/crazyflie_mapping_demo/ros2_ws/install/consensus_for_double_integrator:/home/mikks/crazyflie_mapping_demo/ros2_ws/install/consensus_alignment:/home/mikks/crazyflie_mapping_demo/ros2_ws/install/binary_consensus:/home/mikks/crazyflie_mapping_demo/ros2_ws/install/Second_Order_Min_Consensus_for_Heterogeneous_Agents:/home/mikks/crazyflie_mapping_demo/ros2_ws/install/BinaryContainmentChain:/opt/ros/jazzy DEBUGINFOD_URLS=https://debuginfod.ubuntu.com LD_LIBRARY_PATH=/home/mikks/ros2_px4_ws/install/px4_msgs/lib:/home/mikks/ros2_px4_ws/install/px4_ros_com/lib:/home/mikks/ros2_px4_ws/install/px4_ros2_cpp/lib:/home/mikks/NatNet_SDK_4.3_ubuntu/lib:/home/mikks/crazyflie_mapping_demo/ros2_ws/install/crazyflie_interfaces/lib:/opt/ros/jazzy/opt/gz_sim_vendor/lib:/opt/ros/jazzy/opt/gz_sensors_vendor/lib:/opt/ros/jazzy/opt/gz_physics_vendor/lib:/opt/ros/jazzy/opt/sdformat_vendor/lib:/opt/ros/jazzy/opt/rviz_ogre_vendor/lib:/opt/ros/jazzy/lib/x86_64-linux-gnu:/opt/ros/jazzy/opt/gz_gui_vendor/lib:/opt/ros/jazzy/opt/gz_transport_vendor/lib:/opt/ros/jazzy/opt/gz_rendering_vendor/lib:/opt/ros/jazzy/opt/gz_plugin_vendor/lib:/opt/ros/jazzy/opt/gz_fuel_tools_vendor/lib:/opt/ros/jazzy/opt/gz_msgs_vendor/lib:/opt/ros/jazzy/opt/gz_common_vendor/lib:/opt/ros/jazzy/opt/gz_math_vendor/lib:/opt/ros/jazzy/opt/gz_utils_vendor/lib:/opt/ros/jazzy/opt/gz_tools_vendor/lib:/opt/ros/jazzy/opt/gz_ogre_next_vendor/lib:/opt/ros/jazzy/opt/gz_dartsim_vendor/lib:/opt/ros/jazzy/opt/gz_cmake_vendor/lib:/opt/ros/jazzy/lib PYTHONPATH=/home/mikks/ros2_px4_ws/install/px4_msgs/lib/python3.12/site-packages:/home/mikks/ros2_px4_ws/build/x500_hover_controller:/home/mikks/ros2_px4_ws/install/x500_hover_controller/lib/python3.12/site-packages:/home/mikks/ros2_px4_ws/install/px4_ros_com/lib/python3.12/site-packages:/home/mikks/ros2_px4_ws/build/example_mode_with_rclpy_py:/home/mikks/ros2_px4_ws/install/example_mode_with_rclpy_py/lib/python3.12/site-packages:/home/mikks/ros2_px4_ws/build/example_mode_goto_py:/home/mikks/ros2_px4_ws/install/example_mode_goto_py/lib/python3.12/site-packages:/home/mikks/ros2_px4_ws/install/px4_ros2_py/lib/python3.12/site-packages:/home/mikks/ros2_px4_ws/build/px4_actuator_ctrl:/home/mikks/ros2_px4_ws/install/px4_actuator_ctrl/lib/python3.12/site-packages:/home/mikks/ros2_ws/build/rover_desc_description:/home/mikks/ros2_ws/install/rover_desc_description/lib/python3.12/site-packages:/home/mikks/ros2_ws/install/px4_actuator_ctrl/lib/python3.12/site-packages:/home/mikks/ros2_ws/build/mine_rover_description:/home/mikks/ros2_ws/install/mine_rover_description/lib/python3.12/site-packages:/home/mikks/ros2_ws/build/ZerionURDFV5cp_description:/home/mikks/ros2_ws/install/ZerionURDFV5cp_description/lib/python3.12/site-packages:/home/mikks/crazyflie_mapping_demo/ros2_ws/install/velocity_free_consensus/lib/python3.12/site-packages:/home/mikks/crazyflie_mapping_demo/ros2_ws/install/stepwise_lowpos/lib/python3.12/site-packages:/home/mikks/crazyflie_mapping_demo/ros2_ws/install/step_wise_lowpos/lib/python3.12/site-packages:/home/mikks/crazyflie_mapping_demo/ros2_ws/install/second_order_formation_control/lib/python3.12/site-packages:/home/mikks/crazyflie_mapping_demo/ros2_ws/install/ros_gz_crazyflie_control/lib/python3.12/site-packages:/home/mikks/crazyflie_mapping_demo/ros2_ws/install/mixed_fractional_consensus/lib/python3.12/site-packages:/home/mikks/crazyflie_mapping_demo/ros2_ws/install/lowest_pos/lib/python3.12/site-packages:/home/mikks/crazyflie_mapping_demo/ros2_ws/install/linear_consensus/lib/python3.12/site-packages:/home/mikks/crazyflie_mapping_demo/ros2_ws/install/highest_pos/lib/python3.12/site-packages:/home/mikks/crazyflie_mapping_demo/ros2_ws/install/fractional_consensus_alpha/lib/python3.12/site-packages:/home/mikks/crazyflie_mapping_demo/ros2_ws/install/event_triggered_swarm/lib/python3.12/site-packages:/home/mikks/crazyflie_mapping_demo/ros2_ws/install/drone_logger/lib/python3.12/site-packages:/home/mikks/crazyflie_mapping_demo/ros2_ws/install/distributed_average_tracking/lib/python3.12/site-packages:/home/mikks/crazyflie_mapping_demo/ros2_ws/install/crazyflie_swarm_logic/lib/python3.12/site-packages:/home/mikks/crazyflie_mapping_demo/ros2_ws/install/crazyflie_sim/lib/python3.12/site-packages:/home/mikks/crazyflie_mapping_demo/ros2_ws/install/crazyflie_ros2_multiranger_wall_following/lib/python3.12/site-packages:/home/mikks/crazyflie_mapping_demo/ros2_ws/install/crazyflie_ros2_multiranger_simple_mapper/lib/python3.12/site-packages:/home/mikks/crazyflie_mapping_demo/ros2_ws/install/crazyflie_examples/lib/python3.12/site-packages:/home/mikks/crazyflie_mapping_demo/ros2_ws/install/crazyflie_py/lib/python3.12/site-packages:/home/mikks/crazyflie_mapping_demo/ros2_ws/install/crazyflie_interfaces/lib/python3.12/site-packages:/home/mikks/crazyflie_mapping_demo/ros2_ws/install/cooperative_target_centric_formation/lib/python3.12/site-packages:/home/mikks/crazyflie_mapping_demo/ros2_ws/install/containment_using_agent_information/lib/python3.12/site-packages:/home/mikks/crazyflie_mapping_demo/ros2_ws/install/consensus_for_double_integrator/lib/python3.12/site-packages:/home/mikks/crazyflie_mapping_demo/ros2_ws/install/consensus_alignment/lib/python3.12/site-packages:/home/mikks/crazyflie_mapping_demo/ros2_ws/install/binary_consensus/lib/python3.12/site-packages:/home/mikks/crazyflie_mapping_demo/ros2_ws/install/Second_Order_Min_Consensus_for_Heterogeneous_Agents/lib/python3.12/site-packages:/home/mikks/crazyflie_mapping_demo/ros2_ws/install/BinaryContainmentChain/lib/python3.12/site-packages:/opt/ros/jazzy/lib/python3.12/site-packages /usr/bin/cmake --build /home/mikks/ros2_px4_ws/build/px4_ros2_cpp -- -j12 -l12
[4.054s] INFO:colcon.colcon_core.task.python.build:Building Python package in '/home/mikks/ros2_px4_ws/src/px4_actuator_ctrl'
[4.054s] INFO:colcon.colcon_core.shell:Skip shell extension 'powershell' for command environment: Not usable outside of PowerShell
[4.054s] DEBUG:colcon.colcon_core.shell:Skip shell extension 'dsv' for command environment
[4.064s] DEBUG:colcon.colcon_core.event_handler.log_command:Invoking command in '/home/mikks/ros2_px4_ws/build/px4_ros_com': CMAKE_PREFIX_PATH=/home/mikks/ros2_px4_ws/install/px4_msgs:/home/mikks/ros2_px4_ws/install/px4_ros_com:/home/mikks/ros2_px4_ws/install/px4_ros2_py:/home/mikks/ros2_px4_ws/install/example_rover_velocity_mode_cpp:/home/mikks/ros2_px4_ws/install/example_mode_with_executor_cpp:/home/mikks/ros2_px4_ws/install/example_mode_vtol_cpp:/home/mikks/ros2_px4_ws/install/example_mode_rtl_replacement_cpp:/home/mikks/ros2_px4_ws/install/example_mode_mission_cpp:/home/mikks/ros2_px4_ws/install/example_mode_manual_cpp:/home/mikks/ros2_px4_ws/install/example_mode_goto_global_cpp:/home/mikks/ros2_px4_ws/install/example_mode_goto_cpp:/home/mikks/ros2_px4_ws/install/example_mode_fw_attitude_cpp:/home/mikks/ros2_px4_ws/install/example_local_navigation_cpp:/home/mikks/ros2_px4_ws/install/example_global_navigation_cpp:/home/mikks/ros2_px4_ws/install/example_executor_with_multiple_modes_cpp:/home/mikks/ros2_px4_ws/install/px4_ros2_cpp:/home/mikks/crazyflie_mapping_demo/ros2_ws/install/crazyflie_ros2_multiranger_bringup:/home/mikks/crazyflie_mapping_demo/ros2_ws/install/ros_gz_crazyflie_bringup:/home/mikks/crazyflie_mapping_demo/ros2_ws/install/ros_gz_crazyflie_gazebo:/home/mikks/crazyflie_mapping_demo/ros2_ws/install/crazyflie_sim:/home/mikks/crazyflie_mapping_demo/ros2_ws/install/crazyflie_examples:/home/mikks/crazyflie_mapping_demo/ros2_ws/install/crazyflie:/home/mikks/crazyflie_mapping_demo/ros2_ws/install/crazyflie_interfaces:/opt/ros/jazzy/opt/gz_sim_vendor:/opt/ros/jazzy/opt/gz_sensors_vendor:/opt/ros/jazzy/opt/gz_physics_vendor:/opt/ros/jazzy/opt/sdformat_vendor:/opt/ros/jazzy/opt/gz_gui_vendor:/opt/ros/jazzy/opt/gz_transport_vendor:/opt/ros/jazzy/opt/gz_rendering_vendor:/opt/ros/jazzy/opt/gz_plugin_vendor:/opt/ros/jazzy/opt/gz_fuel_tools_vendor:/opt/ros/jazzy/opt/gz_msgs_vendor:/opt/ros/jazzy/opt/gz_common_vendor:/opt/ros/jazzy/opt/gz_math_vendor:/opt/ros/jazzy/opt/gz_utils_vendor:/opt/ros/jazzy/opt/gz_tools_vendor:/opt/ros/jazzy/opt/gz_ogre_next_vendor:/opt/ros/jazzy/opt/gz_dartsim_vendor:/opt/ros/jazzy/opt/gz_cmake_vendor:/home/mikks/ros2_px4_ws/install/x500_hover_controller:/home/mikks/ros2_px4_ws/install/example_mode_with_rclpy_py:/home/mikks/ros2_px4_ws/install/example_mode_goto_py:/home/mikks/ros2_px4_ws/install/px4_actuator_ctrl:/home/mikks/ros2_ws/install/rover_desc_description:/home/mikks/ros2_ws/install/px4_actuator_ctrl:/home/mikks/ros2_ws/install/mine_rover_description:/home/mikks/ros2_ws/install/ZerionURDFV5cp_description:/home/mikks/crazyflie_mapping_demo/ros2_ws/install/velocity_free_consensus:/home/mikks/crazyflie_mapping_demo/ros2_ws/install/stepwise_lowpos:/home/mikks/crazyflie_mapping_demo/ros2_ws/install/step_wise_lowpos:/home/mikks/crazyflie_mapping_demo/ros2_ws/install/second_order_formation_control:/home/mikks/crazyflie_mapping_demo/ros2_ws/install/ros_gz_crazyflie_control:/home/mikks/crazyflie_mapping_demo/ros2_ws/install/mixed_fractional_consensus:/home/mikks/crazyflie_mapping_demo/ros2_ws/install/lowest_pos:/home/mikks/crazyflie_mapping_demo/ros2_ws/install/linear_consensus:/home/mikks/crazyflie_mapping_demo/ros2_ws/install/highest_pos:/home/mikks/crazyflie_mapping_demo/ros2_ws/install/fractional_consensus_alpha:/home/mikks/crazyflie_mapping_demo/ros2_ws/install/event_triggered_swarm:/home/mikks/crazyflie_mapping_demo/ros2_ws/install/drone_logger:/home/mikks/crazyflie_mapping_demo/ros2_ws/install/distributed_average_tracking:/home/mikks/crazyflie_mapping_demo/ros2_ws/install/crazyflie_swarm_logic:/home/mikks/crazyflie_mapping_demo/ros2_ws/install/crazyflie_ros2_multiranger_wall_following:/home/mikks/crazyflie_mapping_demo/ros2_ws/install/crazyflie_ros2_multiranger_simple_mapper:/home/mikks/crazyflie_mapping_demo/ros2_ws/install/crazyflie_py:/home/mikks/crazyflie_mapping_demo/ros2_ws/install/cooperative_target_centric_formation:/home/mikks/crazyflie_mapping_demo/ros2_ws/install/containment_using_agent_information:/home/mikks/crazyflie_mapping_demo/ros2_ws/install/consensus_for_double_integrator:/home/mikks/crazyflie_mapping_demo/ros2_ws/install/consensus_alignment:/home/mikks/crazyflie_mapping_demo/ros2_ws/install/binary_consensus:/home/mikks/crazyflie_mapping_demo/ros2_ws/install/Second_Order_Min_Consensus_for_Heterogeneous_Agents:/home/mikks/crazyflie_mapping_demo/ros2_ws/install/BinaryContainmentChain:/opt/ros/jazzy DEBUGINFOD_URLS=https://debuginfod.ubuntu.com LD_LIBRARY_PATH=/home/mikks/ros2_px4_ws/install/px4_msgs/lib:/home/mikks/ros2_px4_ws/install/px4_ros_com/lib:/home/mikks/ros2_px4_ws/install/px4_ros2_cpp/lib:/home/mikks/NatNet_SDK_4.3_ubuntu/lib:/home/mikks/crazyflie_mapping_demo/ros2_ws/install/crazyflie_interfaces/lib:/opt/ros/jazzy/opt/gz_sim_vendor/lib:/opt/ros/jazzy/opt/gz_sensors_vendor/lib:/opt/ros/jazzy/opt/gz_physics_vendor/lib:/opt/ros/jazzy/opt/sdformat_vendor/lib:/opt/ros/jazzy/opt/rviz_ogre_vendor/lib:/opt/ros/jazzy/lib/x86_64-linux-gnu:/opt/ros/jazzy/opt/gz_gui_vendor/lib:/opt/ros/jazzy/opt/gz_transport_vendor/lib:/opt/ros/jazzy/opt/gz_rendering_vendor/lib:/opt/ros/jazzy/opt/gz_plugin_vendor/lib:/opt/ros/jazzy/opt/gz_fuel_tools_vendor/lib:/opt/ros/jazzy/opt/gz_msgs_vendor/lib:/opt/ros/jazzy/opt/gz_common_vendor/lib:/opt/ros/jazzy/opt/gz_math_vendor/lib:/opt/ros/jazzy/opt/gz_utils_vendor/lib:/opt/ros/jazzy/opt/gz_tools_vendor/lib:/opt/ros/jazzy/opt/gz_ogre_next_vendor/lib:/opt/ros/jazzy/opt/gz_dartsim_vendor/lib:/opt/ros/jazzy/opt/gz_cmake_vendor/lib:/opt/ros/jazzy/lib PYTHONPATH=/home/mikks/ros2_px4_ws/install/px4_msgs/lib/python3.12/site-packages:/home/mikks/ros2_px4_ws/build/x500_hover_controller:/home/mikks/ros2_px4_ws/install/x500_hover_controller/lib/python3.12/site-packages:/home/mikks/ros2_px4_ws/install/px4_ros_com/lib/python3.12/site-packages:/home/mikks/ros2_px4_ws/build/example_mode_with_rclpy_py:/home/mikks/ros2_px4_ws/install/example_mode_with_rclpy_py/lib/python3.12/site-packages:/home/mikks/ros2_px4_ws/build/example_mode_goto_py:/home/mikks/ros2_px4_ws/install/example_mode_goto_py/lib/python3.12/site-packages:/home/mikks/ros2_px4_ws/install/px4_ros2_py/lib/python3.12/site-packages:/home/mikks/ros2_px4_ws/build/px4_actuator_ctrl:/home/mikks/ros2_px4_ws/install/px4_actuator_ctrl/lib/python3.12/site-packages:/home/mikks/ros2_ws/build/rover_desc_description:/home/mikks/ros2_ws/install/rover_desc_description/lib/python3.12/site-packages:/home/mikks/ros2_ws/install/px4_actuator_ctrl/lib/python3.12/site-packages:/home/mikks/ros2_ws/build/mine_rover_description:/home/mikks/ros2_ws/install/mine_rover_description/lib/python3.12/site-packages:/home/mikks/ros2_ws/build/ZerionURDFV5cp_description:/home/mikks/ros2_ws/install/ZerionURDFV5cp_description/lib/python3.12/site-packages:/home/mikks/crazyflie_mapping_demo/ros2_ws/install/velocity_free_consensus/lib/python3.12/site-packages:/home/mikks/crazyflie_mapping_demo/ros2_ws/install/stepwise_lowpos/lib/python3.12/site-packages:/home/mikks/crazyflie_mapping_demo/ros2_ws/install/step_wise_lowpos/lib/python3.12/site-packages:/home/mikks/crazyflie_mapping_demo/ros2_ws/install/second_order_formation_control/lib/python3.12/site-packages:/home/mikks/crazyflie_mapping_demo/ros2_ws/install/ros_gz_crazyflie_control/lib/python3.12/site-packages:/home/mikks/crazyflie_mapping_demo/ros2_ws/install/mixed_fractional_consensus/lib/python3.12/site-packages:/home/mikks/crazyflie_mapping_demo/ros2_ws/install/lowest_pos/lib/python3.12/site-packages:/home/mikks/crazyflie_mapping_demo/ros2_ws/install/linear_consensus/lib/python3.12/site-packages:/home/mikks/crazyflie_mapping_demo/ros2_ws/install/highest_pos/lib/python3.12/site-packages:/home/mikks/crazyflie_mapping_demo/ros2_ws/install/fractional_consensus_alpha/lib/python3.12/site-packages:/home/mikks/crazyflie_mapping_demo/ros2_ws/install/event_triggered_swarm/lib/python3.12/site-packages:/home/mikks/crazyflie_mapping_demo/ros2_ws/install/drone_logger/lib/python3.12/site-packages:/home/mikks/crazyflie_mapping_demo/ros2_ws/install/distributed_average_tracking/lib/python3.12/site-packages:/home/mikks/crazyflie_mapping_demo/ros2_ws/install/crazyflie_swarm_logic/lib/python3.12/site-packages:/home/mikks/crazyflie_mapping_demo/ros2_ws/install/crazyflie_sim/lib/python3.12/site-packages:/home/mikks/crazyflie_mapping_demo/ros2_ws/install/crazyflie_ros2_multiranger_wall_following/lib/python3.12/site-packages:/home/mikks/crazyflie_mapping_demo/ros2_ws/install/crazyflie_ros2_multiranger_simple_mapper/lib/python3.12/site-packages:/home/mikks/crazyflie_mapping_demo/ros2_ws/install/crazyflie_examples/lib/python3.12/site-packages:/home/mikks/crazyflie_mapping_demo/ros2_ws/install/crazyflie_py/lib/python3.12/site-packages:/home/mikks/crazyflie_mapping_demo/ros2_ws/install/crazyflie_interfaces/lib/python3.12/site-packages:/home/mikks/crazyflie_mapping_demo/ros2_ws/install/cooperative_target_centric_formation/lib/python3.12/site-packages:/home/mikks/crazyflie_mapping_demo/ros2_ws/install/containment_using_agent_information/lib/python3.12/site-packages:/home/mikks/crazyflie_mapping_demo/ros2_ws/install/consensus_for_double_integrator/lib/python3.12/site-packages:/home/mikks/crazyflie_mapping_demo/ros2_ws/install/consensus_alignment/lib/python3.12/site-packages:/home/mikks/crazyflie_mapping_demo/ros2_ws/install/binary_consensus/lib/python3.12/site-packages:/home/mikks/crazyflie_mapping_demo/ros2_ws/install/Second_Order_Min_Consensus_for_Heterogeneous_Agents/lib/python3.12/site-packages:/home/mikks/crazyflie_mapping_demo/ros2_ws/install/BinaryContainmentChain/lib/python3.12/site-packages:/opt/ros/jazzy/lib/python3.12/site-packages /usr/bin/cmake --build /home/mikks/ros2_px4_ws/build/px4_ros_com -- -j12 -l12
[4.339s] INFO:colcon.colcon_core.task.python.build:Building Python package in '/home/mikks/ros2_px4_ws/src/x500_hover_controller'
[4.339s] INFO:colcon.colcon_core.shell:Skip shell extension 'powershell' for command environment: Not usable outside of PowerShell
[4.339s] DEBUG:colcon.colcon_core.shell:Skip shell extension 'dsv' for command environment
[4.348s] DEBUG:colcon.colcon_core.event_handler.log_command:Invoked command in '/home/mikks/ros2_px4_ws/build/px4_ros2_cpp' returned '0': CMAKE_PREFIX_PATH=/home/mikks/ros2_px4_ws/install/px4_msgs:/home/mikks/ros2_px4_ws/install/px4_ros_com:/home/mikks/ros2_px4_ws/install/px4_ros2_py:/home/mikks/ros2_px4_ws/install/example_rover_velocity_mode_cpp:/home/mikks/ros2_px4_ws/install/example_mode_with_executor_cpp:/home/mikks/ros2_px4_ws/install/example_mode_vtol_cpp:/home/mikks/ros2_px4_ws/install/example_mode_rtl_replacement_cpp:/home/mikks/ros2_px4_ws/install/example_mode_mission_cpp:/home/mikks/ros2_px4_ws/install/example_mode_manual_cpp:/home/mikks/ros2_px4_ws/install/example_mode_goto_global_cpp:/home/mikks/ros2_px4_ws/install/example_mode_goto_cpp:/home/mikks/ros2_px4_ws/install/example_mode_fw_attitude_cpp:/home/mikks/ros2_px4_ws/install/example_local_navigation_cpp:/home/mikks/ros2_px4_ws/install/example_global_navigation_cpp:/home/mikks/ros2_px4_ws/install/example_executor_with_multiple_modes_cpp:/home/mikks/ros2_px4_ws/install/px4_ros2_cpp:/home/mikks/crazyflie_mapping_demo/ros2_ws/install/crazyflie_ros2_multiranger_bringup:/home/mikks/crazyflie_mapping_demo/ros2_ws/install/ros_gz_crazyflie_bringup:/home/mikks/crazyflie_mapping_demo/ros2_ws/install/ros_gz_crazyflie_gazebo:/home/mikks/crazyflie_mapping_demo/ros2_ws/install/crazyflie_sim:/home/mikks/crazyflie_mapping_demo/ros2_ws/install/crazyflie_examples:/home/mikks/crazyflie_mapping_demo/ros2_ws/install/crazyflie:/home/mikks/crazyflie_mapping_demo/ros2_ws/install/crazyflie_interfaces:/opt/ros/jazzy/opt/gz_sim_vendor:/opt/ros/jazzy/opt/gz_sensors_vendor:/opt/ros/jazzy/opt/gz_physics_vendor:/opt/ros/jazzy/opt/sdformat_vendor:/opt/ros/jazzy/opt/gz_gui_vendor:/opt/ros/jazzy/opt/gz_transport_vendor:/opt/ros/jazzy/opt/gz_rendering_vendor:/opt/ros/jazzy/opt/gz_plugin_vendor:/opt/ros/jazzy/opt/gz_fuel_tools_vendor:/opt/ros/jazzy/opt/gz_msgs_vendor:/opt/ros/jazzy/opt/gz_common_vendor:/opt/ros/jazzy/opt/gz_math_vendor:/opt/ros/jazzy/opt/gz_utils_vendor:/opt/ros/jazzy/opt/gz_tools_vendor:/opt/ros/jazzy/opt/gz_ogre_next_vendor:/opt/ros/jazzy/opt/gz_dartsim_vendor:/opt/ros/jazzy/opt/gz_cmake_vendor:/home/mikks/ros2_px4_ws/install/x500_hover_controller:/home/mikks/ros2_px4_ws/install/example_mode_with_rclpy_py:/home/mikks/ros2_px4_ws/install/example_mode_goto_py:/home/mikks/ros2_px4_ws/install/px4_actuator_ctrl:/home/mikks/ros2_ws/install/rover_desc_description:/home/mikks/ros2_ws/install/px4_actuator_ctrl:/home/mikks/ros2_ws/install/mine_rover_description:/home/mikks/ros2_ws/install/ZerionURDFV5cp_description:/home/mikks/crazyflie_mapping_demo/ros2_ws/install/velocity_free_consensus:/home/mikks/crazyflie_mapping_demo/ros2_ws/install/stepwise_lowpos:/home/mikks/crazyflie_mapping_demo/ros2_ws/install/step_wise_lowpos:/home/mikks/crazyflie_mapping_demo/ros2_ws/install/second_order_formation_control:/home/mikks/crazyflie_mapping_demo/ros2_ws/install/ros_gz_crazyflie_control:/home/mikks/crazyflie_mapping_demo/ros2_ws/install/mixed_fractional_consensus:/home/mikks/crazyflie_mapping_demo/ros2_ws/install/lowest_pos:/home/mikks/crazyflie_mapping_demo/ros2_ws/install/linear_consensus:/home/mikks/crazyflie_mapping_demo/ros2_ws/install/highest_pos:/home/mikks/crazyflie_mapping_demo/ros2_ws/install/fractional_consensus_alpha:/home/mikks/crazyflie_mapping_demo/ros2_ws/install/event_triggered_swarm:/home/mikks/crazyflie_mapping_demo/ros2_ws/install/drone_logger:/home/mikks/crazyflie_mapping_demo/ros2_ws/install/distributed_average_tracking:/home/mikks/crazyflie_mapping_demo/ros2_ws/install/crazyflie_swarm_logic:/home/mikks/crazyflie_mapping_demo/ros2_ws/install/crazyflie_ros2_multiranger_wall_following:/home/mikks/crazyflie_mapping_demo/ros2_ws/install/crazyflie_ros2_multiranger_simple_mapper:/home/mikks/crazyflie_mapping_demo/ros2_ws/install/crazyflie_py:/home/mikks/crazyflie_mapping_demo/ros2_ws/install/cooperative_target_centric_formation:/home/mikks/crazyflie_mapping_demo/ros2_ws/install/containment_using_agent_information:/home/mikks/crazyflie_mapping_demo/ros2_ws/install/consensus_for_double_integrator:/home/mikks/crazyflie_mapping_demo/ros2_ws/install/consensus_alignment:/home/mikks/crazyflie_mapping_demo/ros2_ws/install/binary_consensus:/home/mikks/crazyflie_mapping_demo/ros2_ws/install/Second_Order_Min_Consensus_for_Heterogeneous_Agents:/home/mikks/crazyflie_mapping_demo/ros2_ws/install/BinaryContainmentChain:/opt/ros/jazzy DEBUGINFOD_URLS=https://debuginfod.ubuntu.com LD_LIBRARY_PATH=/home/mikks/ros2_px4_ws/install/px4_msgs/lib:/home/mikks/ros2_px4_ws/install/px4_ros_com/lib:/home/mikks/ros2_px4_ws/install/px4_ros2_cpp/lib:/home/mikks/NatNet_SDK_4.3_ubuntu/lib:/home/mikks/crazyflie_mapping_demo/ros2_ws/install/crazyflie_interfaces/lib:/opt/ros/jazzy/opt/gz_sim_vendor/lib:/opt/ros/jazzy/opt/gz_sensors_vendor/lib:/opt/ros/jazzy/opt/gz_physics_vendor/lib:/opt/ros/jazzy/opt/sdformat_vendor/lib:/opt/ros/jazzy/opt/rviz_ogre_vendor/lib:/opt/ros/jazzy/lib/x86_64-linux-gnu:/opt/ros/jazzy/opt/gz_gui_vendor/lib:/opt/ros/jazzy/opt/gz_transport_vendor/lib:/opt/ros/jazzy/opt/gz_rendering_vendor/lib:/opt/ros/jazzy/opt/gz_plugin_vendor/lib:/opt/ros/jazzy/opt/gz_fuel_tools_vendor/lib:/opt/ros/jazzy/opt/gz_msgs_vendor/lib:/opt/ros/jazzy/opt/gz_common_vendor/lib:/opt/ros/jazzy/opt/gz_math_vendor/lib:/opt/ros/jazzy/opt/gz_utils_vendor/lib:/opt/ros/jazzy/opt/gz_tools_vendor/lib:/opt/ros/jazzy/opt/gz_ogre_next_vendor/lib:/opt/ros/jazzy/opt/gz_dartsim_vendor/lib:/opt/ros/jazzy/opt/gz_cmake_vendor/lib:/opt/ros/jazzy/lib PYTHONPATH=/home/mikks/ros2_px4_ws/install/px4_msgs/lib/python3.12/site-packages:/home/mikks/ros2_px4_ws/build/x500_hover_controller:/home/mikks/ros2_px4_ws/install/x500_hover_controller/lib/python3.12/site-packages:/home/mikks/ros2_px4_ws/install/px4_ros_com/lib/python3.12/site-packages:/home/mikks/ros2_px4_ws/build/example_mode_with_rclpy_py:/home/mikks/ros2_px4_ws/install/example_mode_with_rclpy_py/lib/python3.12/site-packages:/home/mikks/ros2_px4_ws/build/example_mode_goto_py:/home/mikks/ros2_px4_ws/install/example_mode_goto_py/lib/python3.12/site-packages:/home/mikks/ros2_px4_ws/install/px4_ros2_py/lib/python3.12/site-packages:/home/mikks/ros2_px4_ws/build/px4_actuator_ctrl:/home/mikks/ros2_px4_ws/install/px4_actuator_ctrl/lib/python3.12/site-packages:/home/mikks/ros2_ws/build/rover_desc_description:/home/mikks/ros2_ws/install/rover_desc_description/lib/python3.12/site-packages:/home/mikks/ros2_ws/install/px4_actuator_ctrl/lib/python3.12/site-packages:/home/mikks/ros2_ws/build/mine_rover_description:/home/mikks/ros2_ws/install/mine_rover_description/lib/python3.12/site-packages:/home/mikks/ros2_ws/build/ZerionURDFV5cp_description:/home/mikks/ros2_ws/install/ZerionURDFV5cp_description/lib/python3.12/site-packages:/home/mikks/crazyflie_mapping_demo/ros2_ws/install/velocity_free_consensus/lib/python3.12/site-packages:/home/mikks/crazyflie_mapping_demo/ros2_ws/install/stepwise_lowpos/lib/python3.12/site-packages:/home/mikks/crazyflie_mapping_demo/ros2_ws/install/step_wise_lowpos/lib/python3.12/site-packages:/home/mikks/crazyflie_mapping_demo/ros2_ws/install/second_order_formation_control/lib/python3.12/site-packages:/home/mikks/crazyflie_mapping_demo/ros2_ws/install/ros_gz_crazyflie_control/lib/python3.12/site-packages:/home/mikks/crazyflie_mapping_demo/ros2_ws/install/mixed_fractional_consensus/lib/python3.12/site-packages:/home/mikks/crazyflie_mapping_demo/ros2_ws/install/lowest_pos/lib/python3.12/site-packages:/home/mikks/crazyflie_mapping_demo/ros2_ws/install/linear_consensus/lib/python3.12/site-packages:/home/mikks/crazyflie_mapping_demo/ros2_ws/install/highest_pos/lib/python3.12/site-packages:/home/mikks/crazyflie_mapping_demo/ros2_ws/install/fractional_consensus_alpha/lib/python3.12/site-packages:/home/mikks/crazyflie_mapping_demo/ros2_ws/install/event_triggered_swarm/lib/python3.12/site-packages:/home/mikks/crazyflie_mapping_demo/ros2_ws/install/drone_logger/lib/python3.12/site-packages:/home/mikks/crazyflie_mapping_demo/ros2_ws/install/distributed_average_tracking/lib/python3.12/site-packages:/home/mikks/crazyflie_mapping_demo/ros2_ws/install/crazyflie_swarm_logic/lib/python3.12/site-packages:/home/mikks/crazyflie_mapping_demo/ros2_ws/install/crazyflie_sim/lib/python3.12/site-packages:/home/mikks/crazyflie_mapping_demo/ros2_ws/install/crazyflie_ros2_multiranger_wall_following/lib/python3.12/site-packages:/home/mikks/crazyflie_mapping_demo/ros2_ws/install/crazyflie_ros2_multiranger_simple_mapper/lib/python3.12/site-packages:/home/mikks/crazyflie_mapping_demo/ros2_ws/install/crazyflie_examples/lib/python3.12/site-packages:/home/mikks/crazyflie_mapping_demo/ros2_ws/install/crazyflie_py/lib/python3.12/site-packages:/home/mikks/crazyflie_mapping_demo/ros2_ws/install/crazyflie_interfaces/lib/python3.12/site-packages:/home/mikks/crazyflie_mapping_demo/ros2_ws/install/cooperative_target_centric_formation/lib/python3.12/site-packages:/home/mikks/crazyflie_mapping_demo/ros2_ws/install/containment_using_agent_information/lib/python3.12/site-packages:/home/mikks/crazyflie_mapping_demo/ros2_ws/install/consensus_for_double_integrator/lib/python3.12/site-packages:/home/mikks/crazyflie_mapping_demo/ros2_ws/install/consensus_alignment/lib/python3.12/site-packages:/home/mikks/crazyflie_mapping_demo/ros2_ws/install/binary_consensus/lib/python3.12/site-packages:/home/mikks/crazyflie_mapping_demo/ros2_ws/install/Second_Order_Min_Consensus_for_Heterogeneous_Agents/lib/python3.12/site-packages:/home/mikks/crazyflie_mapping_demo/ros2_ws/install/BinaryContainmentChain/lib/python3.12/site-packages:/opt/ros/jazzy/lib/python3.12/site-packages /usr/bin/cmake --build /home/mikks/ros2_px4_ws/build/px4_ros2_cpp -- -j12 -l12
[4.349s] DEBUG:colcon.colcon_core.event_handler.log_command:Invoking command in '/home/mikks/ros2_px4_ws/build/px4_ros2_cpp': CMAKE_PREFIX_PATH=/home/mikks/ros2_px4_ws/install/px4_msgs:/home/mikks/ros2_px4_ws/install/px4_ros_com:/home/mikks/ros2_px4_ws/install/px4_ros2_py:/home/mikks/ros2_px4_ws/install/example_rover_velocity_mode_cpp:/home/mikks/ros2_px4_ws/install/example_mode_with_executor_cpp:/home/mikks/ros2_px4_ws/install/example_mode_vtol_cpp:/home/mikks/ros2_px4_ws/install/example_mode_rtl_replacement_cpp:/home/mikks/ros2_px4_ws/install/example_mode_mission_cpp:/home/mikks/ros2_px4_ws/install/example_mode_manual_cpp:/home/mikks/ros2_px4_ws/install/example_mode_goto_global_cpp:/home/mikks/ros2_px4_ws/install/example_mode_goto_cpp:/home/mikks/ros2_px4_ws/install/example_mode_fw_attitude_cpp:/home/mikks/ros2_px4_ws/install/example_local_navigation_cpp:/home/mikks/ros2_px4_ws/install/example_global_navigation_cpp:/home/mikks/ros2_px4_ws/install/example_executor_with_multiple_modes_cpp:/home/mikks/ros2_px4_ws/install/px4_ros2_cpp:/home/mikks/crazyflie_mapping_demo/ros2_ws/install/crazyflie_ros2_multiranger_bringup:/home/mikks/crazyflie_mapping_demo/ros2_ws/install/ros_gz_crazyflie_bringup:/home/mikks/crazyflie_mapping_demo/ros2_ws/install/ros_gz_crazyflie_gazebo:/home/mikks/crazyflie_mapping_demo/ros2_ws/install/crazyflie_sim:/home/mikks/crazyflie_mapping_demo/ros2_ws/install/crazyflie_examples:/home/mikks/crazyflie_mapping_demo/ros2_ws/install/crazyflie:/home/mikks/crazyflie_mapping_demo/ros2_ws/install/crazyflie_interfaces:/opt/ros/jazzy/opt/gz_sim_vendor:/opt/ros/jazzy/opt/gz_sensors_vendor:/opt/ros/jazzy/opt/gz_physics_vendor:/opt/ros/jazzy/opt/sdformat_vendor:/opt/ros/jazzy/opt/gz_gui_vendor:/opt/ros/jazzy/opt/gz_transport_vendor:/opt/ros/jazzy/opt/gz_rendering_vendor:/opt/ros/jazzy/opt/gz_plugin_vendor:/opt/ros/jazzy/opt/gz_fuel_tools_vendor:/opt/ros/jazzy/opt/gz_msgs_vendor:/opt/ros/jazzy/opt/gz_common_vendor:/opt/ros/jazzy/opt/gz_math_vendor:/opt/ros/jazzy/opt/gz_utils_vendor:/opt/ros/jazzy/opt/gz_tools_vendor:/opt/ros/jazzy/opt/gz_ogre_next_vendor:/opt/ros/jazzy/opt/gz_dartsim_vendor:/opt/ros/jazzy/opt/gz_cmake_vendor:/home/mikks/ros2_px4_ws/install/x500_hover_controller:/home/mikks/ros2_px4_ws/install/example_mode_with_rclpy_py:/home/mikks/ros2_px4_ws/install/example_mode_goto_py:/home/mikks/ros2_px4_ws/install/px4_actuator_ctrl:/home/mikks/ros2_ws/install/rover_desc_description:/home/mikks/ros2_ws/install/px4_actuator_ctrl:/home/mikks/ros2_ws/install/mine_rover_description:/home/mikks/ros2_ws/install/ZerionURDFV5cp_description:/home/mikks/crazyflie_mapping_demo/ros2_ws/install/velocity_free_consensus:/home/mikks/crazyflie_mapping_demo/ros2_ws/install/stepwise_lowpos:/home/mikks/crazyflie_mapping_demo/ros2_ws/install/step_wise_lowpos:/home/mikks/crazyflie_mapping_demo/ros2_ws/install/second_order_formation_control:/home/mikks/crazyflie_mapping_demo/ros2_ws/install/ros_gz_crazyflie_control:/home/mikks/crazyflie_mapping_demo/ros2_ws/install/mixed_fractional_consensus:/home/mikks/crazyflie_mapping_demo/ros2_ws/install/lowest_pos:/home/mikks/crazyflie_mapping_demo/ros2_ws/install/linear_consensus:/home/mikks/crazyflie_mapping_demo/ros2_ws/install/highest_pos:/home/mikks/crazyflie_mapping_demo/ros2_ws/install/fractional_consensus_alpha:/home/mikks/crazyflie_mapping_demo/ros2_ws/install/event_triggered_swarm:/home/mikks/crazyflie_mapping_demo/ros2_ws/install/drone_logger:/home/mikks/crazyflie_mapping_demo/ros2_ws/install/distributed_average_tracking:/home/mikks/crazyflie_mapping_demo/ros2_ws/install/crazyflie_swarm_logic:/home/mikks/crazyflie_mapping_demo/ros2_ws/install/crazyflie_ros2_multiranger_wall_following:/home/mikks/crazyflie_mapping_demo/ros2_ws/install/crazyflie_ros2_multiranger_simple_mapper:/home/mikks/crazyflie_mapping_demo/ros2_ws/install/crazyflie_py:/home/mikks/crazyflie_mapping_demo/ros2_ws/install/cooperative_target_centric_formation:/home/mikks/crazyflie_mapping_demo/ros2_ws/install/containment_using_agent_information:/home/mikks/crazyflie_mapping_demo/ros2_ws/install/consensus_for_double_integrator:/home/mikks/crazyflie_mapping_demo/ros2_ws/install/consensus_alignment:/home/mikks/crazyflie_mapping_demo/ros2_ws/install/binary_consensus:/home/mikks/crazyflie_mapping_demo/ros2_ws/install/Second_Order_Min_Consensus_for_Heterogeneous_Agents:/home/mikks/crazyflie_mapping_demo/ros2_ws/install/BinaryContainmentChain:/opt/ros/jazzy DEBUGINFOD_URLS=https://debuginfod.ubuntu.com LD_LIBRARY_PATH=/home/mikks/ros2_px4_ws/install/px4_msgs/lib:/home/mikks/ros2_px4_ws/install/px4_ros_com/lib:/home/mikks/ros2_px4_ws/install/px4_ros2_cpp/lib:/home/mikks/NatNet_SDK_4.3_ubuntu/lib:/home/mikks/crazyflie_mapping_demo/ros2_ws/install/crazyflie_interfaces/lib:/opt/ros/jazzy/opt/gz_sim_vendor/lib:/opt/ros/jazzy/opt/gz_sensors_vendor/lib:/opt/ros/jazzy/opt/gz_physics_vendor/lib:/opt/ros/jazzy/opt/sdformat_vendor/lib:/opt/ros/jazzy/opt/rviz_ogre_vendor/lib:/opt/ros/jazzy/lib/x86_64-linux-gnu:/opt/ros/jazzy/opt/gz_gui_vendor/lib:/opt/ros/jazzy/opt/gz_transport_vendor/lib:/opt/ros/jazzy/opt/gz_rendering_vendor/lib:/opt/ros/jazzy/opt/gz_plugin_vendor/lib:/opt/ros/jazzy/opt/gz_fuel_tools_vendor/lib:/opt/ros/jazzy/opt/gz_msgs_vendor/lib:/opt/ros/jazzy/opt/gz_common_vendor/lib:/opt/ros/jazzy/opt/gz_math_vendor/lib:/opt/ros/jazzy/opt/gz_utils_vendor/lib:/opt/ros/jazzy/opt/gz_tools_vendor/lib:/opt/ros/jazzy/opt/gz_ogre_next_vendor/lib:/opt/ros/jazzy/opt/gz_dartsim_vendor/lib:/opt/ros/jazzy/opt/gz_cmake_vendor/lib:/opt/ros/jazzy/lib PYTHONPATH=/home/mikks/ros2_px4_ws/install/px4_msgs/lib/python3.12/site-packages:/home/mikks/ros2_px4_ws/build/x500_hover_controller:/home/mikks/ros2_px4_ws/install/x500_hover_controller/lib/python3.12/site-packages:/home/mikks/ros2_px4_ws/install/px4_ros_com/lib/python3.12/site-packages:/home/mikks/ros2_px4_ws/build/example_mode_with_rclpy_py:/home/mikks/ros2_px4_ws/install/example_mode_with_rclpy_py/lib/python3.12/site-packages:/home/mikks/ros2_px4_ws/build/example_mode_goto_py:/home/mikks/ros2_px4_ws/install/example_mode_goto_py/lib/python3.12/site-packages:/home/mikks/ros2_px4_ws/install/px4_ros2_py/lib/python3.12/site-packages:/home/mikks/ros2_px4_ws/build/px4_actuator_ctrl:/home/mikks/ros2_px4_ws/install/px4_actuator_ctrl/lib/python3.12/site-packages:/home/mikks/ros2_ws/build/rover_desc_description:/home/mikks/ros2_ws/install/rover_desc_description/lib/python3.12/site-packages:/home/mikks/ros2_ws/install/px4_actuator_ctrl/lib/python3.12/site-packages:/home/mikks/ros2_ws/build/mine_rover_description:/home/mikks/ros2_ws/install/mine_rover_description/lib/python3.12/site-packages:/home/mikks/ros2_ws/build/ZerionURDFV5cp_description:/home/mikks/ros2_ws/install/ZerionURDFV5cp_description/lib/python3.12/site-packages:/home/mikks/crazyflie_mapping_demo/ros2_ws/install/velocity_free_consensus/lib/python3.12/site-packages:/home/mikks/crazyflie_mapping_demo/ros2_ws/install/stepwise_lowpos/lib/python3.12/site-packages:/home/mikks/crazyflie_mapping_demo/ros2_ws/install/step_wise_lowpos/lib/python3.12/site-packages:/home/mikks/crazyflie_mapping_demo/ros2_ws/install/second_order_formation_control/lib/python3.12/site-packages:/home/mikks/crazyflie_mapping_demo/ros2_ws/install/ros_gz_crazyflie_control/lib/python3.12/site-packages:/home/mikks/crazyflie_mapping_demo/ros2_ws/install/mixed_fractional_consensus/lib/python3.12/site-packages:/home/mikks/crazyflie_mapping_demo/ros2_ws/install/lowest_pos/lib/python3.12/site-packages:/home/mikks/crazyflie_mapping_demo/ros2_ws/install/linear_consensus/lib/python3.12/site-packages:/home/mikks/crazyflie_mapping_demo/ros2_ws/install/highest_pos/lib/python3.12/site-packages:/home/mikks/crazyflie_mapping_demo/ros2_ws/install/fractional_consensus_alpha/lib/python3.12/site-packages:/home/mikks/crazyflie_mapping_demo/ros2_ws/install/event_triggered_swarm/lib/python3.12/site-packages:/home/mikks/crazyflie_mapping_demo/ros2_ws/install/drone_logger/lib/python3.12/site-packages:/home/mikks/crazyflie_mapping_demo/ros2_ws/install/distributed_average_tracking/lib/python3.12/site-packages:/home/mikks/crazyflie_mapping_demo/ros2_ws/install/crazyflie_swarm_logic/lib/python3.12/site-packages:/home/mikks/crazyflie_mapping_demo/ros2_ws/install/crazyflie_sim/lib/python3.12/site-packages:/home/mikks/crazyflie_mapping_demo/ros2_ws/install/crazyflie_ros2_multiranger_wall_following/lib/python3.12/site-packages:/home/mikks/crazyflie_mapping_demo/ros2_ws/install/crazyflie_ros2_multiranger_simple_mapper/lib/python3.12/site-packages:/home/mikks/crazyflie_mapping_demo/ros2_ws/install/crazyflie_examples/lib/python3.12/site-packages:/home/mikks/crazyflie_mapping_demo/ros2_ws/install/crazyflie_py/lib/python3.12/site-packages:/home/mikks/crazyflie_mapping_demo/ros2_ws/install/crazyflie_interfaces/lib/python3.12/site-packages:/home/mikks/crazyflie_mapping_demo/ros2_ws/install/cooperative_target_centric_formation/lib/python3.12/site-packages:/home/mikks/crazyflie_mapping_demo/ros2_ws/install/containment_using_agent_information/lib/python3.12/site-packages:/home/mikks/crazyflie_mapping_demo/ros2_ws/install/consensus_for_double_integrator/lib/python3.12/site-packages:/home/mikks/crazyflie_mapping_demo/ros2_ws/install/consensus_alignment/lib/python3.12/site-packages:/home/mikks/crazyflie_mapping_demo/ros2_ws/install/binary_consensus/lib/python3.12/site-packages:/home/mikks/crazyflie_mapping_demo/ros2_ws/install/Second_Order_Min_Consensus_for_Heterogeneous_Agents/lib/python3.12/site-packages:/home/mikks/crazyflie_mapping_demo/ros2_ws/install/BinaryContainmentChain/lib/python3.12/site-packages:/opt/ros/jazzy/lib/python3.12/site-packages /usr/bin/cmake --install /home/mikks/ros2_px4_ws/build/px4_ros2_cpp
[4.385s] Level 1:colcon.colcon_core.environment:create_environment_scripts_only(px4_ros2_cpp)
[4.386s] Level 1:colcon.colcon_core.environment:checking '/home/mikks/ros2_px4_ws/install/px4_ros2_cpp' for CMake module files
[4.387s] DEBUG:colcon.colcon_core.event_handler.log_command:Invoked command in '/home/mikks/ros2_px4_ws/build/px4_ros2_cpp' returned '0': CMAKE_PREFIX_PATH=/home/mikks/ros2_px4_ws/install/px4_msgs:/home/mikks/ros2_px4_ws/install/px4_ros_com:/home/mikks/ros2_px4_ws/install/px4_ros2_py:/home/mikks/ros2_px4_ws/install/example_rover_velocity_mode_cpp:/home/mikks/ros2_px4_ws/install/example_mode_with_executor_cpp:/home/mikks/ros2_px4_ws/install/example_mode_vtol_cpp:/home/mikks/ros2_px4_ws/install/example_mode_rtl_replacement_cpp:/home/mikks/ros2_px4_ws/install/example_mode_mission_cpp:/home/mikks/ros2_px4_ws/install/example_mode_manual_cpp:/home/mikks/ros2_px4_ws/install/example_mode_goto_global_cpp:/home/mikks/ros2_px4_ws/install/example_mode_goto_cpp:/home/mikks/ros2_px4_ws/install/example_mode_fw_attitude_cpp:/home/mikks/ros2_px4_ws/install/example_local_navigation_cpp:/home/mikks/ros2_px4_ws/install/example_global_navigation_cpp:/home/mikks/ros2_px4_ws/install/example_executor_with_multiple_modes_cpp:/home/mikks/ros2_px4_ws/install/px4_ros2_cpp:/home/mikks/crazyflie_mapping_demo/ros2_ws/install/crazyflie_ros2_multiranger_bringup:/home/mikks/crazyflie_mapping_demo/ros2_ws/install/ros_gz_crazyflie_bringup:/home/mikks/crazyflie_mapping_demo/ros2_ws/install/ros_gz_crazyflie_gazebo:/home/mikks/crazyflie_mapping_demo/ros2_ws/install/crazyflie_sim:/home/mikks/crazyflie_mapping_demo/ros2_ws/install/crazyflie_examples:/home/mikks/crazyflie_mapping_demo/ros2_ws/install/crazyflie:/home/mikks/crazyflie_mapping_demo/ros2_ws/install/crazyflie_interfaces:/opt/ros/jazzy/opt/gz_sim_vendor:/opt/ros/jazzy/opt/gz_sensors_vendor:/opt/ros/jazzy/opt/gz_physics_vendor:/opt/ros/jazzy/opt/sdformat_vendor:/opt/ros/jazzy/opt/gz_gui_vendor:/opt/ros/jazzy/opt/gz_transport_vendor:/opt/ros/jazzy/opt/gz_rendering_vendor:/opt/ros/jazzy/opt/gz_plugin_vendor:/opt/ros/jazzy/opt/gz_fuel_tools_vendor:/opt/ros/jazzy/opt/gz_msgs_vendor:/opt/ros/jazzy/opt/gz_common_vendor:/opt/ros/jazzy/opt/gz_math_vendor:/opt/ros/jazzy/opt/gz_utils_vendor:/opt/ros/jazzy/opt/gz_tools_vendor:/opt/ros/jazzy/opt/gz_ogre_next_vendor:/opt/ros/jazzy/opt/gz_dartsim_vendor:/opt/ros/jazzy/opt/gz_cmake_vendor:/home/mikks/ros2_px4_ws/install/x500_hover_controller:/home/mikks/ros2_px4_ws/install/example_mode_with_rclpy_py:/home/mikks/ros2_px4_ws/install/example_mode_goto_py:/home/mikks/ros2_px4_ws/install/px4_actuator_ctrl:/home/mikks/ros2_ws/install/rover_desc_description:/home/mikks/ros2_ws/install/px4_actuator_ctrl:/home/mikks/ros2_ws/install/mine_rover_description:/home/mikks/ros2_ws/install/ZerionURDFV5cp_description:/home/mikks/crazyflie_mapping_demo/ros2_ws/install/velocity_free_consensus:/home/mikks/crazyflie_mapping_demo/ros2_ws/install/stepwise_lowpos:/home/mikks/crazyflie_mapping_demo/ros2_ws/install/step_wise_lowpos:/home/mikks/crazyflie_mapping_demo/ros2_ws/install/second_order_formation_control:/home/mikks/crazyflie_mapping_demo/ros2_ws/install/ros_gz_crazyflie_control:/home/mikks/crazyflie_mapping_demo/ros2_ws/install/mixed_fractional_consensus:/home/mikks/crazyflie_mapping_demo/ros2_ws/install/lowest_pos:/home/mikks/crazyflie_mapping_demo/ros2_ws/install/linear_consensus:/home/mikks/crazyflie_mapping_demo/ros2_ws/install/highest_pos:/home/mikks/crazyflie_mapping_demo/ros2_ws/install/fractional_consensus_alpha:/home/mikks/crazyflie_mapping_demo/ros2_ws/install/event_triggered_swarm:/home/mikks/crazyflie_mapping_demo/ros2_ws/install/drone_logger:/home/mikks/crazyflie_mapping_demo/ros2_ws/install/distributed_average_tracking:/home/mikks/crazyflie_mapping_demo/ros2_ws/install/crazyflie_swarm_logic:/home/mikks/crazyflie_mapping_demo/ros2_ws/install/crazyflie_ros2_multiranger_wall_following:/home/mikks/crazyflie_mapping_demo/ros2_ws/install/crazyflie_ros2_multiranger_simple_mapper:/home/mikks/crazyflie_mapping_demo/ros2_ws/install/crazyflie_py:/home/mikks/crazyflie_mapping_demo/ros2_ws/install/cooperative_target_centric_formation:/home/mikks/crazyflie_mapping_demo/ros2_ws/install/containment_using_agent_information:/home/mikks/crazyflie_mapping_demo/ros2_ws/install/consensus_for_double_integrator:/home/mikks/crazyflie_mapping_demo/ros2_ws/install/consensus_alignment:/home/mikks/crazyflie_mapping_demo/ros2_ws/install/binary_consensus:/home/mikks/crazyflie_mapping_demo/ros2_ws/install/Second_Order_Min_Consensus_for_Heterogeneous_Agents:/home/mikks/crazyflie_mapping_demo/ros2_ws/install/BinaryContainmentChain:/opt/ros/jazzy DEBUGINFOD_URLS=https://debuginfod.ubuntu.com LD_LIBRARY_PATH=/home/mikks/ros2_px4_ws/install/px4_msgs/lib:/home/mikks/ros2_px4_ws/install/px4_ros_com/lib:/home/mikks/ros2_px4_ws/install/px4_ros2_cpp/lib:/home/mikks/NatNet_SDK_4.3_ubuntu/lib:/home/mikks/crazyflie_mapping_demo/ros2_ws/install/crazyflie_interfaces/lib:/opt/ros/jazzy/opt/gz_sim_vendor/lib:/opt/ros/jazzy/opt/gz_sensors_vendor/lib:/opt/ros/jazzy/opt/gz_physics_vendor/lib:/opt/ros/jazzy/opt/sdformat_vendor/lib:/opt/ros/jazzy/opt/rviz_ogre_vendor/lib:/opt/ros/jazzy/lib/x86_64-linux-gnu:/opt/ros/jazzy/opt/gz_gui_vendor/lib:/opt/ros/jazzy/opt/gz_transport_vendor/lib:/opt/ros/jazzy/opt/gz_rendering_vendor/lib:/opt/ros/jazzy/opt/gz_plugin_vendor/lib:/opt/ros/jazzy/opt/gz_fuel_tools_vendor/lib:/opt/ros/jazzy/opt/gz_msgs_vendor/lib:/opt/ros/jazzy/opt/gz_common_vendor/lib:/opt/ros/jazzy/opt/gz_math_vendor/lib:/opt/ros/jazzy/opt/gz_utils_vendor/lib:/opt/ros/jazzy/opt/gz_tools_vendor/lib:/opt/ros/jazzy/opt/gz_ogre_next_vendor/lib:/opt/ros/jazzy/opt/gz_dartsim_vendor/lib:/opt/ros/jazzy/opt/gz_cmake_vendor/lib:/opt/ros/jazzy/lib PYTHONPATH=/home/mikks/ros2_px4_ws/install/px4_msgs/lib/python3.12/site-packages:/home/mikks/ros2_px4_ws/build/x500_hover_controller:/home/mikks/ros2_px4_ws/install/x500_hover_controller/lib/python3.12/site-packages:/home/mikks/ros2_px4_ws/install/px4_ros_com/lib/python3.12/site-packages:/home/mikks/ros2_px4_ws/build/example_mode_with_rclpy_py:/home/mikks/ros2_px4_ws/install/example_mode_with_rclpy_py/lib/python3.12/site-packages:/home/mikks/ros2_px4_ws/build/example_mode_goto_py:/home/mikks/ros2_px4_ws/install/example_mode_goto_py/lib/python3.12/site-packages:/home/mikks/ros2_px4_ws/install/px4_ros2_py/lib/python3.12/site-packages:/home/mikks/ros2_px4_ws/build/px4_actuator_ctrl:/home/mikks/ros2_px4_ws/install/px4_actuator_ctrl/lib/python3.12/site-packages:/home/mikks/ros2_ws/build/rover_desc_description:/home/mikks/ros2_ws/install/rover_desc_description/lib/python3.12/site-packages:/home/mikks/ros2_ws/install/px4_actuator_ctrl/lib/python3.12/site-packages:/home/mikks/ros2_ws/build/mine_rover_description:/home/mikks/ros2_ws/install/mine_rover_description/lib/python3.12/site-packages:/home/mikks/ros2_ws/build/ZerionURDFV5cp_description:/home/mikks/ros2_ws/install/ZerionURDFV5cp_description/lib/python3.12/site-packages:/home/mikks/crazyflie_mapping_demo/ros2_ws/install/velocity_free_consensus/lib/python3.12/site-packages:/home/mikks/crazyflie_mapping_demo/ros2_ws/install/stepwise_lowpos/lib/python3.12/site-packages:/home/mikks/crazyflie_mapping_demo/ros2_ws/install/step_wise_lowpos/lib/python3.12/site-packages:/home/mikks/crazyflie_mapping_demo/ros2_ws/install/second_order_formation_control/lib/python3.12/site-packages:/home/mikks/crazyflie_mapping_demo/ros2_ws/install/ros_gz_crazyflie_control/lib/python3.12/site-packages:/home/mikks/crazyflie_mapping_demo/ros2_ws/install/mixed_fractional_consensus/lib/python3.12/site-packages:/home/mikks/crazyflie_mapping_demo/ros2_ws/install/lowest_pos/lib/python3.12/site-packages:/home/mikks/crazyflie_mapping_demo/ros2_ws/install/linear_consensus/lib/python3.12/site-packages:/home/mikks/crazyflie_mapping_demo/ros2_ws/install/highest_pos/lib/python3.12/site-packages:/home/mikks/crazyflie_mapping_demo/ros2_ws/install/fractional_consensus_alpha/lib/python3.12/site-packages:/home/mikks/crazyflie_mapping_demo/ros2_ws/install/event_triggered_swarm/lib/python3.12/site-packages:/home/mikks/crazyflie_mapping_demo/ros2_ws/install/drone_logger/lib/python3.12/site-packages:/home/mikks/crazyflie_mapping_demo/ros2_ws/install/distributed_average_tracking/lib/python3.12/site-packages:/home/mikks/crazyflie_mapping_demo/ros2_ws/install/crazyflie_swarm_logic/lib/python3.12/site-packages:/home/mikks/crazyflie_mapping_demo/ros2_ws/install/crazyflie_sim/lib/python3.12/site-packages:/home/mikks/crazyflie_mapping_demo/ros2_ws/install/crazyflie_ros2_multiranger_wall_following/lib/python3.12/site-packages:/home/mikks/crazyflie_mapping_demo/ros2_ws/install/crazyflie_ros2_multiranger_simple_mapper/lib/python3.12/site-packages:/home/mikks/crazyflie_mapping_demo/ros2_ws/install/crazyflie_examples/lib/python3.12/site-packages:/home/mikks/crazyflie_mapping_demo/ros2_ws/install/crazyflie_py/lib/python3.12/site-packages:/home/mikks/crazyflie_mapping_demo/ros2_ws/install/crazyflie_interfaces/lib/python3.12/site-packages:/home/mikks/crazyflie_mapping_demo/ros2_ws/install/cooperative_target_centric_formation/lib/python3.12/site-packages:/home/mikks/crazyflie_mapping_demo/ros2_ws/install/containment_using_agent_information/lib/python3.12/site-packages:/home/mikks/crazyflie_mapping_demo/ros2_ws/install/consensus_for_double_integrator/lib/python3.12/site-packages:/home/mikks/crazyflie_mapping_demo/ros2_ws/install/consensus_alignment/lib/python3.12/site-packages:/home/mikks/crazyflie_mapping_demo/ros2_ws/install/binary_consensus/lib/python3.12/site-packages:/home/mikks/crazyflie_mapping_demo/ros2_ws/install/Second_Order_Min_Consensus_for_Heterogeneous_Agents/lib/python3.12/site-packages:/home/mikks/crazyflie_mapping_demo/ros2_ws/install/BinaryContainmentChain/lib/python3.12/site-packages:/opt/ros/jazzy/lib/python3.12/site-packages /usr/bin/cmake --install /home/mikks/ros2_px4_ws/build/px4_ros2_cpp
[4.387s] Level 1:colcon.colcon_core.environment:checking '/home/mikks/ros2_px4_ws/install/px4_ros2_cpp' for CMake config files
[4.387s] Level 1:colcon.colcon_core.shell:create_environment_hook('px4_ros2_cpp', 'cmake_prefix_path')
[4.388s] INFO:colcon.colcon_core.shell:Creating environment hook '/home/mikks/ros2_px4_ws/install/px4_ros2_cpp/share/px4_ros2_cpp/hook/cmake_prefix_path.ps1'
[4.388s] INFO:colcon.colcon_core.shell:Creating environment descriptor '/home/mikks/ros2_px4_ws/install/px4_ros2_cpp/share/px4_ros2_cpp/hook/cmake_prefix_path.dsv'
[4.389s] INFO:colcon.colcon_core.shell:Creating environment hook '/home/mikks/ros2_px4_ws/install/px4_ros2_cpp/share/px4_ros2_cpp/hook/cmake_prefix_path.sh'
[4.390s] Level 1:colcon.colcon_core.environment:checking '/home/mikks/ros2_px4_ws/install/px4_ros2_cpp/lib'
[4.390s] Level 1:colcon.colcon_core.shell:create_environment_hook('px4_ros2_cpp', 'ld_library_path_lib')
[4.390s] INFO:colcon.colcon_core.shell:Creating environment hook '/home/mikks/ros2_px4_ws/install/px4_ros2_cpp/share/px4_ros2_cpp/hook/ld_library_path_lib.ps1'
[4.390s] INFO:colcon.colcon_core.shell:Creating environment descriptor '/home/mikks/ros2_px4_ws/install/px4_ros2_cpp/share/px4_ros2_cpp/hook/ld_library_path_lib.dsv'
[4.391s] INFO:colcon.colcon_core.shell:Creating environment hook '/home/mikks/ros2_px4_ws/install/px4_ros2_cpp/share/px4_ros2_cpp/hook/ld_library_path_lib.sh'
[4.391s] Level 1:colcon.colcon_core.environment:checking '/home/mikks/ros2_px4_ws/install/px4_ros2_cpp/bin'
[4.391s] Level 1:colcon.colcon_core.environment:checking '/home/mikks/ros2_px4_ws/install/px4_ros2_cpp/lib/pkgconfig/px4_ros2_cpp.pc'
[4.392s] Level 1:colcon.colcon_core.environment:checking '/home/mikks/ros2_px4_ws/install/px4_ros2_cpp/lib/python3.12/site-packages'
[4.392s] Level 1:colcon.colcon_core.environment:checking '/home/mikks/ros2_px4_ws/install/px4_ros2_cpp/bin'
[4.392s] INFO:colcon.colcon_core.shell:Creating package script '/home/mikks/ros2_px4_ws/install/px4_ros2_cpp/share/px4_ros2_cpp/package.ps1'
[4.393s] INFO:colcon.colcon_core.shell:Creating package descriptor '/home/mikks/ros2_px4_ws/install/px4_ros2_cpp/share/px4_ros2_cpp/package.dsv'
[4.393s] INFO:colcon.colcon_core.shell:Creating package script '/home/mikks/ros2_px4_ws/install/px4_ros2_cpp/share/px4_ros2_cpp/package.sh'
[4.394s] INFO:colcon.colcon_core.shell:Creating package script '/home/mikks/ros2_px4_ws/install/px4_ros2_cpp/share/px4_ros2_cpp/package.bash'
[4.394s] INFO:colcon.colcon_core.shell:Creating package script '/home/mikks/ros2_px4_ws/install/px4_ros2_cpp/share/px4_ros2_cpp/package.zsh'
[4.395s] Level 1:colcon.colcon_core.environment:create_file_with_runtime_dependencies(/home/mikks/ros2_px4_ws/install/px4_ros2_cpp/share/colcon-core/packages/px4_ros2_cpp)
[4.396s] Level 1:colcon.colcon_core.environment:create_environment_scripts_only(px4_ros2_cpp)
[4.396s] Level 1:colcon.colcon_core.environment:checking '/home/mikks/ros2_px4_ws/install/px4_ros2_cpp' for CMake module files
[4.397s] Level 1:colcon.colcon_core.environment:checking '/home/mikks/ros2_px4_ws/install/px4_ros2_cpp' for CMake config files
[4.397s] Level 1:colcon.colcon_core.shell:create_environment_hook('px4_ros2_cpp', 'cmake_prefix_path')
[4.397s] INFO:colcon.colcon_core.shell:Creating environment hook '/home/mikks/ros2_px4_ws/install/px4_ros2_cpp/share/px4_ros2_cpp/hook/cmake_prefix_path.ps1'
[4.398s] INFO:colcon.colcon_core.shell:Creating environment descriptor '/home/mikks/ros2_px4_ws/install/px4_ros2_cpp/share/px4_ros2_cpp/hook/cmake_prefix_path.dsv'
[4.398s] INFO:colcon.colcon_core.shell:Creating environment hook '/home/mikks/ros2_px4_ws/install/px4_ros2_cpp/share/px4_ros2_cpp/hook/cmake_prefix_path.sh'
[4.399s] Level 1:colcon.colcon_core.environment:checking '/home/mikks/ros2_px4_ws/install/px4_ros2_cpp/lib'
[4.399s] Level 1:colcon.colcon_core.shell:create_environment_hook('px4_ros2_cpp', 'ld_library_path_lib')
[4.399s] INFO:colcon.colcon_core.shell:Creating environment hook '/home/mikks/ros2_px4_ws/install/px4_ros2_cpp/share/px4_ros2_cpp/hook/ld_library_path_lib.ps1'
[4.400s] INFO:colcon.colcon_core.shell:Creating environment descriptor '/home/mikks/ros2_px4_ws/install/px4_ros2_cpp/share/px4_ros2_cpp/hook/ld_library_path_lib.dsv'
[4.400s] INFO:colcon.colcon_core.shell:Creating environment hook '/home/mikks/ros2_px4_ws/install/px4_ros2_cpp/share/px4_ros2_cpp/hook/ld_library_path_lib.sh'
[4.401s] Level 1:colcon.colcon_core.environment:checking '/home/mikks/ros2_px4_ws/install/px4_ros2_cpp/bin'
[4.401s] Level 1:colcon.colcon_core.environment:checking '/home/mikks/ros2_px4_ws/install/px4_ros2_cpp/lib/pkgconfig/px4_ros2_cpp.pc'
[4.401s] Level 1:colcon.colcon_core.environment:checking '/home/mikks/ros2_px4_ws/install/px4_ros2_cpp/lib/python3.12/site-packages'
[4.401s] Level 1:colcon.colcon_core.environment:checking '/home/mikks/ros2_px4_ws/install/px4_ros2_cpp/bin'
[4.402s] INFO:colcon.colcon_core.shell:Creating package script '/home/mikks/ros2_px4_ws/install/px4_ros2_cpp/share/px4_ros2_cpp/package.ps1'
[4.402s] INFO:colcon.colcon_core.shell:Creating package descriptor '/home/mikks/ros2_px4_ws/install/px4_ros2_cpp/share/px4_ros2_cpp/package.dsv'
[4.403s] INFO:colcon.colcon_core.shell:Creating package script '/home/mikks/ros2_px4_ws/install/px4_ros2_cpp/share/px4_ros2_cpp/package.sh'
[4.404s] INFO:colcon.colcon_core.shell:Creating package script '/home/mikks/ros2_px4_ws/install/px4_ros2_cpp/share/px4_ros2_cpp/package.bash'
[4.404s] INFO:colcon.colcon_core.shell:Creating package script '/home/mikks/ros2_px4_ws/install/px4_ros2_cpp/share/px4_ros2_cpp/package.zsh'
[4.405s] Level 1:colcon.colcon_core.environment:create_file_with_runtime_dependencies(/home/mikks/ros2_px4_ws/install/px4_ros2_cpp/share/colcon-core/packages/px4_ros2_cpp)
[4.405s] INFO:colcon.colcon_ros.task.ament_cmake.build:Building ROS package in '/home/mikks/ros2_px4_ws/src/px4-ros2-interface-lib/px4_ros2_py' with build type 'ament_cmake'
[4.405s] INFO:colcon.colcon_cmake.task.cmake.build:Building CMake package in '/home/mikks/ros2_px4_ws/src/px4-ros2-interface-lib/px4_ros2_py'
[4.406s] INFO:colcon.colcon_core.shell:Skip shell extension 'powershell' for command environment: Not usable outside of PowerShell
[4.406s] DEBUG:colcon.colcon_core.shell:Skip shell extension 'dsv' for command environment
[4.416s] INFO:colcon.colcon_ros.task.ament_cmake.build:Building ROS package in '/home/mikks/ros2_px4_ws/src/px4-ros2-interface-lib/examples/cpp/modes/executor_with_multiple_modes' with build type 'ament_cmake'
[4.417s] INFO:colcon.colcon_cmake.task.cmake.build:Building CMake package in '/home/mikks/ros2_px4_ws/src/px4-ros2-interface-lib/examples/cpp/modes/executor_with_multiple_modes'
[4.417s] INFO:colcon.colcon_core.shell:Skip shell extension 'powershell' for command environment: Not usable outside of PowerShell
[4.417s] DEBUG:colcon.colcon_core.shell:Skip shell extension 'dsv' for command environment
[4.428s] INFO:colcon.colcon_ros.task.ament_cmake.build:Building ROS package in '/home/mikks/ros2_px4_ws/src/px4-ros2-interface-lib/examples/cpp/navigation/global_navigation' with build type 'ament_cmake'
[4.429s] INFO:colcon.colcon_cmake.task.cmake.build:Building CMake package in '/home/mikks/ros2_px4_ws/src/px4-ros2-interface-lib/examples/cpp/navigation/global_navigation'
[4.429s] INFO:colcon.colcon_core.shell:Skip shell extension 'powershell' for command environment: Not usable outside of PowerShell
[4.429s] DEBUG:colcon.colcon_core.shell:Skip shell extension 'dsv' for command environment
[4.440s] INFO:colcon.colcon_ros.task.ament_cmake.build:Building ROS package in '/home/mikks/ros2_px4_ws/src/px4-ros2-interface-lib/examples/cpp/navigation/local_navigation' with build type 'ament_cmake'
[4.440s] INFO:colcon.colcon_cmake.task.cmake.build:Building CMake package in '/home/mikks/ros2_px4_ws/src/px4-ros2-interface-lib/examples/cpp/navigation/local_navigation'
[4.440s] INFO:colcon.colcon_core.shell:Skip shell extension 'powershell' for command environment: Not usable outside of PowerShell
[4.440s] DEBUG:colcon.colcon_core.shell:Skip shell extension 'dsv' for command environment
[4.451s] INFO:colcon.colcon_ros.task.ament_cmake.build:Building ROS package in '/home/mikks/ros2_px4_ws/src/px4-ros2-interface-lib/examples/cpp/modes/fw_attitude' with build type 'ament_cmake'
[4.452s] INFO:colcon.colcon_cmake.task.cmake.build:Building CMake package in '/home/mikks/ros2_px4_ws/src/px4-ros2-interface-lib/examples/cpp/modes/fw_attitude'
[4.452s] INFO:colcon.colcon_core.shell:Skip shell extension 'powershell' for command environment: Not usable outside of PowerShell
[4.452s] DEBUG:colcon.colcon_core.shell:Skip shell extension 'dsv' for command environment
[4.463s] INFO:colcon.colcon_ros.task.ament_cmake.build:Building ROS package in '/home/mikks/ros2_px4_ws/src/px4-ros2-interface-lib/examples/cpp/modes/goto' with build type 'ament_cmake'
[4.463s] INFO:colcon.colcon_cmake.task.cmake.build:Building CMake package in '/home/mikks/ros2_px4_ws/src/px4-ros2-interface-lib/examples/cpp/modes/goto'
[4.463s] INFO:colcon.colcon_core.shell:Skip shell extension 'powershell' for command environment: Not usable outside of PowerShell
[4.463s] DEBUG:colcon.colcon_core.shell:Skip shell extension 'dsv' for command environment
[4.474s] INFO:colcon.colcon_ros.task.ament_cmake.build:Building ROS package in '/home/mikks/ros2_px4_ws/src/px4-ros2-interface-lib/examples/cpp/modes/goto_global' with build type 'ament_cmake'
[4.475s] INFO:colcon.colcon_cmake.task.cmake.build:Building CMake package in '/home/mikks/ros2_px4_ws/src/px4-ros2-interface-lib/examples/cpp/modes/goto_global'
[4.475s] INFO:colcon.colcon_core.shell:Skip shell extension 'powershell' for command environment: Not usable outside of PowerShell
[4.475s] DEBUG:colcon.colcon_core.shell:Skip shell extension 'dsv' for command environment
[4.487s] INFO:colcon.colcon_ros.task.ament_cmake.build:Building ROS package in '/home/mikks/ros2_px4_ws/src/px4-ros2-interface-lib/examples/cpp/modes/manual' with build type 'ament_cmake'
[4.487s] INFO:colcon.colcon_cmake.task.cmake.build:Building CMake package in '/home/mikks/ros2_px4_ws/src/px4-ros2-interface-lib/examples/cpp/modes/manual'
[4.487s] INFO:colcon.colcon_core.shell:Skip shell extension 'powershell' for command environment: Not usable outside of PowerShell
[4.487s] DEBUG:colcon.colcon_core.shell:Skip shell extension 'dsv' for command environment
[4.498s] INFO:colcon.colcon_ros.task.ament_cmake.build:Building ROS package in '/home/mikks/ros2_px4_ws/src/px4-ros2-interface-lib/examples/cpp/modes/mission' with build type 'ament_cmake'
[4.499s] INFO:colcon.colcon_cmake.task.cmake.build:Building CMake package in '/home/mikks/ros2_px4_ws/src/px4-ros2-interface-lib/examples/cpp/modes/mission'
[4.499s] INFO:colcon.colcon_core.shell:Skip shell extension 'powershell' for command environment: Not usable outside of PowerShell
[4.499s] DEBUG:colcon.colcon_core.shell:Skip shell extension 'dsv' for command environment
[4.513s] DEBUG:colcon.colcon_core.event_handler.log_command:Invoking command in '/home/mikks/ros2_px4_ws/build/px4_ros2_py': CMAKE_PREFIX_PATH=/home/mikks/ros2_px4_ws/install/px4_ros2_cpp:/home/mikks/ros2_px4_ws/install/px4_msgs:/home/mikks/ros2_px4_ws/install/px4_ros_com:/home/mikks/ros2_px4_ws/install/px4_ros2_py:/home/mikks/ros2_px4_ws/install/example_rover_velocity_mode_cpp:/home/mikks/ros2_px4_ws/install/example_mode_with_executor_cpp:/home/mikks/ros2_px4_ws/install/example_mode_vtol_cpp:/home/mikks/ros2_px4_ws/install/example_mode_rtl_replacement_cpp:/home/mikks/ros2_px4_ws/install/example_mode_mission_cpp:/home/mikks/ros2_px4_ws/install/example_mode_manual_cpp:/home/mikks/ros2_px4_ws/install/example_mode_goto_global_cpp:/home/mikks/ros2_px4_ws/install/example_mode_goto_cpp:/home/mikks/ros2_px4_ws/install/example_mode_fw_attitude_cpp:/home/mikks/ros2_px4_ws/install/example_local_navigation_cpp:/home/mikks/ros2_px4_ws/install/example_global_navigation_cpp:/home/mikks/ros2_px4_ws/install/example_executor_with_multiple_modes_cpp:/home/mikks/crazyflie_mapping_demo/ros2_ws/install/crazyflie_ros2_multiranger_bringup:/home/mikks/crazyflie_mapping_demo/ros2_ws/install/ros_gz_crazyflie_bringup:/home/mikks/crazyflie_mapping_demo/ros2_ws/install/ros_gz_crazyflie_gazebo:/home/mikks/crazyflie_mapping_demo/ros2_ws/install/crazyflie_sim:/home/mikks/crazyflie_mapping_demo/ros2_ws/install/crazyflie_examples:/home/mikks/crazyflie_mapping_demo/ros2_ws/install/crazyflie:/home/mikks/crazyflie_mapping_demo/ros2_ws/install/crazyflie_interfaces:/opt/ros/jazzy/opt/gz_sim_vendor:/opt/ros/jazzy/opt/gz_sensors_vendor:/opt/ros/jazzy/opt/gz_physics_vendor:/opt/ros/jazzy/opt/sdformat_vendor:/opt/ros/jazzy/opt/gz_gui_vendor:/opt/ros/jazzy/opt/gz_transport_vendor:/opt/ros/jazzy/opt/gz_rendering_vendor:/opt/ros/jazzy/opt/gz_plugin_vendor:/opt/ros/jazzy/opt/gz_fuel_tools_vendor:/opt/ros/jazzy/opt/gz_msgs_vendor:/opt/ros/jazzy/opt/gz_common_vendor:/opt/ros/jazzy/opt/gz_math_vendor:/opt/ros/jazzy/opt/gz_utils_vendor:/opt/ros/jazzy/opt/gz_tools_vendor:/opt/ros/jazzy/opt/gz_ogre_next_vendor:/opt/ros/jazzy/opt/gz_dartsim_vendor:/opt/ros/jazzy/opt/gz_cmake_vendor:/home/mikks/ros2_px4_ws/install/x500_hover_controller:/home/mikks/ros2_px4_ws/install/example_mode_with_rclpy_py:/home/mikks/ros2_px4_ws/install/example_mode_goto_py:/home/mikks/ros2_px4_ws/install/px4_actuator_ctrl:/home/mikks/ros2_ws/install/rover_desc_description:/home/mikks/ros2_ws/install/px4_actuator_ctrl:/home/mikks/ros2_ws/install/mine_rover_description:/home/mikks/ros2_ws/install/ZerionURDFV5cp_description:/home/mikks/crazyflie_mapping_demo/ros2_ws/install/velocity_free_consensus:/home/mikks/crazyflie_mapping_demo/ros2_ws/install/stepwise_lowpos:/home/mikks/crazyflie_mapping_demo/ros2_ws/install/step_wise_lowpos:/home/mikks/crazyflie_mapping_demo/ros2_ws/install/second_order_formation_control:/home/mikks/crazyflie_mapping_demo/ros2_ws/install/ros_gz_crazyflie_control:/home/mikks/crazyflie_mapping_demo/ros2_ws/install/mixed_fractional_consensus:/home/mikks/crazyflie_mapping_demo/ros2_ws/install/lowest_pos:/home/mikks/crazyflie_mapping_demo/ros2_ws/install/linear_consensus:/home/mikks/crazyflie_mapping_demo/ros2_ws/install/highest_pos:/home/mikks/crazyflie_mapping_demo/ros2_ws/install/fractional_consensus_alpha:/home/mikks/crazyflie_mapping_demo/ros2_ws/install/event_triggered_swarm:/home/mikks/crazyflie_mapping_demo/ros2_ws/install/drone_logger:/home/mikks/crazyflie_mapping_demo/ros2_ws/install/distributed_average_tracking:/home/mikks/crazyflie_mapping_demo/ros2_ws/install/crazyflie_swarm_logic:/home/mikks/crazyflie_mapping_demo/ros2_ws/install/crazyflie_ros2_multiranger_wall_following:/home/mikks/crazyflie_mapping_demo/ros2_ws/install/crazyflie_ros2_multiranger_simple_mapper:/home/mikks/crazyflie_mapping_demo/ros2_ws/install/crazyflie_py:/home/mikks/crazyflie_mapping_demo/ros2_ws/install/cooperative_target_centric_formation:/home/mikks/crazyflie_mapping_demo/ros2_ws/install/containment_using_agent_information:/home/mikks/crazyflie_mapping_demo/ros2_ws/install/consensus_for_double_integrator:/home/mikks/crazyflie_mapping_demo/ros2_ws/install/consensus_alignment:/home/mikks/crazyflie_mapping_demo/ros2_ws/install/binary_consensus:/home/mikks/crazyflie_mapping_demo/ros2_ws/install/Second_Order_Min_Consensus_for_Heterogeneous_Agents:/home/mikks/crazyflie_mapping_demo/ros2_ws/install/BinaryContainmentChain:/opt/ros/jazzy DEBUGINFOD_URLS=https://debuginfod.ubuntu.com LD_LIBRARY_PATH=/home/mikks/ros2_px4_ws/install/px4_ros2_cpp/lib:/home/mikks/ros2_px4_ws/install/px4_msgs/lib:/home/mikks/ros2_px4_ws/install/px4_ros_com/lib:/home/mikks/NatNet_SDK_4.3_ubuntu/lib:/home/mikks/crazyflie_mapping_demo/ros2_ws/install/crazyflie_interfaces/lib:/opt/ros/jazzy/opt/gz_sim_vendor/lib:/opt/ros/jazzy/opt/gz_sensors_vendor/lib:/opt/ros/jazzy/opt/gz_physics_vendor/lib:/opt/ros/jazzy/opt/sdformat_vendor/lib:/opt/ros/jazzy/opt/rviz_ogre_vendor/lib:/opt/ros/jazzy/lib/x86_64-linux-gnu:/opt/ros/jazzy/opt/gz_gui_vendor/lib:/opt/ros/jazzy/opt/gz_transport_vendor/lib:/opt/ros/jazzy/opt/gz_rendering_vendor/lib:/opt/ros/jazzy/opt/gz_plugin_vendor/lib:/opt/ros/jazzy/opt/gz_fuel_tools_vendor/lib:/opt/ros/jazzy/opt/gz_msgs_vendor/lib:/opt/ros/jazzy/opt/gz_common_vendor/lib:/opt/ros/jazzy/opt/gz_math_vendor/lib:/opt/ros/jazzy/opt/gz_utils_vendor/lib:/opt/ros/jazzy/opt/gz_tools_vendor/lib:/opt/ros/jazzy/opt/gz_ogre_next_vendor/lib:/opt/ros/jazzy/opt/gz_dartsim_vendor/lib:/opt/ros/jazzy/opt/gz_cmake_vendor/lib:/opt/ros/jazzy/lib PYTHONPATH=/home/mikks/ros2_px4_ws/install/px4_msgs/lib/python3.12/site-packages:/home/mikks/ros2_px4_ws/build/x500_hover_controller:/home/mikks/ros2_px4_ws/install/x500_hover_controller/lib/python3.12/site-packages:/home/mikks/ros2_px4_ws/install/px4_ros_com/lib/python3.12/site-packages:/home/mikks/ros2_px4_ws/build/example_mode_with_rclpy_py:/home/mikks/ros2_px4_ws/install/example_mode_with_rclpy_py/lib/python3.12/site-packages:/home/mikks/ros2_px4_ws/build/example_mode_goto_py:/home/mikks/ros2_px4_ws/install/example_mode_goto_py/lib/python3.12/site-packages:/home/mikks/ros2_px4_ws/install/px4_ros2_py/lib/python3.12/site-packages:/home/mikks/ros2_px4_ws/build/px4_actuator_ctrl:/home/mikks/ros2_px4_ws/install/px4_actuator_ctrl/lib/python3.12/site-packages:/home/mikks/ros2_ws/build/rover_desc_description:/home/mikks/ros2_ws/install/rover_desc_description/lib/python3.12/site-packages:/home/mikks/ros2_ws/install/px4_actuator_ctrl/lib/python3.12/site-packages:/home/mikks/ros2_ws/build/mine_rover_description:/home/mikks/ros2_ws/install/mine_rover_description/lib/python3.12/site-packages:/home/mikks/ros2_ws/build/ZerionURDFV5cp_description:/home/mikks/ros2_ws/install/ZerionURDFV5cp_description/lib/python3.12/site-packages:/home/mikks/crazyflie_mapping_demo/ros2_ws/install/velocity_free_consensus/lib/python3.12/site-packages:/home/mikks/crazyflie_mapping_demo/ros2_ws/install/stepwise_lowpos/lib/python3.12/site-packages:/home/mikks/crazyflie_mapping_demo/ros2_ws/install/step_wise_lowpos/lib/python3.12/site-packages:/home/mikks/crazyflie_mapping_demo/ros2_ws/install/second_order_formation_control/lib/python3.12/site-packages:/home/mikks/crazyflie_mapping_demo/ros2_ws/install/ros_gz_crazyflie_control/lib/python3.12/site-packages:/home/mikks/crazyflie_mapping_demo/ros2_ws/install/mixed_fractional_consensus/lib/python3.12/site-packages:/home/mikks/crazyflie_mapping_demo/ros2_ws/install/lowest_pos/lib/python3.12/site-packages:/home/mikks/crazyflie_mapping_demo/ros2_ws/install/linear_consensus/lib/python3.12/site-packages:/home/mikks/crazyflie_mapping_demo/ros2_ws/install/highest_pos/lib/python3.12/site-packages:/home/mikks/crazyflie_mapping_demo/ros2_ws/install/fractional_consensus_alpha/lib/python3.12/site-packages:/home/mikks/crazyflie_mapping_demo/ros2_ws/install/event_triggered_swarm/lib/python3.12/site-packages:/home/mikks/crazyflie_mapping_demo/ros2_ws/install/drone_logger/lib/python3.12/site-packages:/home/mikks/crazyflie_mapping_demo/ros2_ws/install/distributed_average_tracking/lib/python3.12/site-packages:/home/mikks/crazyflie_mapping_demo/ros2_ws/install/crazyflie_swarm_logic/lib/python3.12/site-packages:/home/mikks/crazyflie_mapping_demo/ros2_ws/install/crazyflie_sim/lib/python3.12/site-packages:/home/mikks/crazyflie_mapping_demo/ros2_ws/install/crazyflie_ros2_multiranger_wall_following/lib/python3.12/site-packages:/home/mikks/crazyflie_mapping_demo/ros2_ws/install/crazyflie_ros2_multiranger_simple_mapper/lib/python3.12/site-packages:/home/mikks/crazyflie_mapping_demo/ros2_ws/install/crazyflie_examples/lib/python3.12/site-packages:/home/mikks/crazyflie_mapping_demo/ros2_ws/install/crazyflie_py/lib/python3.12/site-packages:/home/mikks/crazyflie_mapping_demo/ros2_ws/install/crazyflie_interfaces/lib/python3.12/site-packages:/home/mikks/crazyflie_mapping_demo/ros2_ws/install/cooperative_target_centric_formation/lib/python3.12/site-packages:/home/mikks/crazyflie_mapping_demo/ros2_ws/install/containment_using_agent_information/lib/python3.12/site-packages:/home/mikks/crazyflie_mapping_demo/ros2_ws/install/consensus_for_double_integrator/lib/python3.12/site-packages:/home/mikks/crazyflie_mapping_demo/ros2_ws/install/consensus_alignment/lib/python3.12/site-packages:/home/mikks/crazyflie_mapping_demo/ros2_ws/install/binary_consensus/lib/python3.12/site-packages:/home/mikks/crazyflie_mapping_demo/ros2_ws/install/Second_Order_Min_Consensus_for_Heterogeneous_Agents/lib/python3.12/site-packages:/home/mikks/crazyflie_mapping_demo/ros2_ws/install/BinaryContainmentChain/lib/python3.12/site-packages:/opt/ros/jazzy/lib/python3.12/site-packages /usr/bin/cmake --build /home/mikks/ros2_px4_ws/build/px4_ros2_py -- -j12 -l12
[4.517s] DEBUG:colcon.colcon_core.event_handler.log_command:Invoking command in '/home/mikks/ros2_px4_ws/build/example_executor_with_multiple_modes_cpp': CMAKE_PREFIX_PATH=/home/mikks/ros2_px4_ws/install/px4_ros2_cpp:/home/mikks/ros2_px4_ws/install/px4_msgs:/home/mikks/ros2_px4_ws/install/px4_ros_com:/home/mikks/ros2_px4_ws/install/px4_ros2_py:/home/mikks/ros2_px4_ws/install/example_rover_velocity_mode_cpp:/home/mikks/ros2_px4_ws/install/example_mode_with_executor_cpp:/home/mikks/ros2_px4_ws/install/example_mode_vtol_cpp:/home/mikks/ros2_px4_ws/install/example_mode_rtl_replacement_cpp:/home/mikks/ros2_px4_ws/install/example_mode_mission_cpp:/home/mikks/ros2_px4_ws/install/example_mode_manual_cpp:/home/mikks/ros2_px4_ws/install/example_mode_goto_global_cpp:/home/mikks/ros2_px4_ws/install/example_mode_goto_cpp:/home/mikks/ros2_px4_ws/install/example_mode_fw_attitude_cpp:/home/mikks/ros2_px4_ws/install/example_local_navigation_cpp:/home/mikks/ros2_px4_ws/install/example_global_navigation_cpp:/home/mikks/ros2_px4_ws/install/example_executor_with_multiple_modes_cpp:/home/mikks/crazyflie_mapping_demo/ros2_ws/install/crazyflie_ros2_multiranger_bringup:/home/mikks/crazyflie_mapping_demo/ros2_ws/install/ros_gz_crazyflie_bringup:/home/mikks/crazyflie_mapping_demo/ros2_ws/install/ros_gz_crazyflie_gazebo:/home/mikks/crazyflie_mapping_demo/ros2_ws/install/crazyflie_sim:/home/mikks/crazyflie_mapping_demo/ros2_ws/install/crazyflie_examples:/home/mikks/crazyflie_mapping_demo/ros2_ws/install/crazyflie:/home/mikks/crazyflie_mapping_demo/ros2_ws/install/crazyflie_interfaces:/opt/ros/jazzy/opt/gz_sim_vendor:/opt/ros/jazzy/opt/gz_sensors_vendor:/opt/ros/jazzy/opt/gz_physics_vendor:/opt/ros/jazzy/opt/sdformat_vendor:/opt/ros/jazzy/opt/gz_gui_vendor:/opt/ros/jazzy/opt/gz_transport_vendor:/opt/ros/jazzy/opt/gz_rendering_vendor:/opt/ros/jazzy/opt/gz_plugin_vendor:/opt/ros/jazzy/opt/gz_fuel_tools_vendor:/opt/ros/jazzy/opt/gz_msgs_vendor:/opt/ros/jazzy/opt/gz_common_vendor:/opt/ros/jazzy/opt/gz_math_vendor:/opt/ros/jazzy/opt/gz_utils_vendor:/opt/ros/jazzy/opt/gz_tools_vendor:/opt/ros/jazzy/opt/gz_ogre_next_vendor:/opt/ros/jazzy/opt/gz_dartsim_vendor:/opt/ros/jazzy/opt/gz_cmake_vendor:/home/mikks/ros2_px4_ws/install/x500_hover_controller:/home/mikks/ros2_px4_ws/install/example_mode_with_rclpy_py:/home/mikks/ros2_px4_ws/install/example_mode_goto_py:/home/mikks/ros2_px4_ws/install/px4_actuator_ctrl:/home/mikks/ros2_ws/install/rover_desc_description:/home/mikks/ros2_ws/install/px4_actuator_ctrl:/home/mikks/ros2_ws/install/mine_rover_description:/home/mikks/ros2_ws/install/ZerionURDFV5cp_description:/home/mikks/crazyflie_mapping_demo/ros2_ws/install/velocity_free_consensus:/home/mikks/crazyflie_mapping_demo/ros2_ws/install/stepwise_lowpos:/home/mikks/crazyflie_mapping_demo/ros2_ws/install/step_wise_lowpos:/home/mikks/crazyflie_mapping_demo/ros2_ws/install/second_order_formation_control:/home/mikks/crazyflie_mapping_demo/ros2_ws/install/ros_gz_crazyflie_control:/home/mikks/crazyflie_mapping_demo/ros2_ws/install/mixed_fractional_consensus:/home/mikks/crazyflie_mapping_demo/ros2_ws/install/lowest_pos:/home/mikks/crazyflie_mapping_demo/ros2_ws/install/linear_consensus:/home/mikks/crazyflie_mapping_demo/ros2_ws/install/highest_pos:/home/mikks/crazyflie_mapping_demo/ros2_ws/install/fractional_consensus_alpha:/home/mikks/crazyflie_mapping_demo/ros2_ws/install/event_triggered_swarm:/home/mikks/crazyflie_mapping_demo/ros2_ws/install/drone_logger:/home/mikks/crazyflie_mapping_demo/ros2_ws/install/distributed_average_tracking:/home/mikks/crazyflie_mapping_demo/ros2_ws/install/crazyflie_swarm_logic:/home/mikks/crazyflie_mapping_demo/ros2_ws/install/crazyflie_ros2_multiranger_wall_following:/home/mikks/crazyflie_mapping_demo/ros2_ws/install/crazyflie_ros2_multiranger_simple_mapper:/home/mikks/crazyflie_mapping_demo/ros2_ws/install/crazyflie_py:/home/mikks/crazyflie_mapping_demo/ros2_ws/install/cooperative_target_centric_formation:/home/mikks/crazyflie_mapping_demo/ros2_ws/install/containment_using_agent_information:/home/mikks/crazyflie_mapping_demo/ros2_ws/install/consensus_for_double_integrator:/home/mikks/crazyflie_mapping_demo/ros2_ws/install/consensus_alignment:/home/mikks/crazyflie_mapping_demo/ros2_ws/install/binary_consensus:/home/mikks/crazyflie_mapping_demo/ros2_ws/install/Second_Order_Min_Consensus_for_Heterogeneous_Agents:/home/mikks/crazyflie_mapping_demo/ros2_ws/install/BinaryContainmentChain:/opt/ros/jazzy DEBUGINFOD_URLS=https://debuginfod.ubuntu.com LD_LIBRARY_PATH=/home/mikks/ros2_px4_ws/install/px4_ros2_cpp/lib:/home/mikks/ros2_px4_ws/install/px4_msgs/lib:/home/mikks/ros2_px4_ws/install/px4_ros_com/lib:/home/mikks/NatNet_SDK_4.3_ubuntu/lib:/home/mikks/crazyflie_mapping_demo/ros2_ws/install/crazyflie_interfaces/lib:/opt/ros/jazzy/opt/gz_sim_vendor/lib:/opt/ros/jazzy/opt/gz_sensors_vendor/lib:/opt/ros/jazzy/opt/gz_physics_vendor/lib:/opt/ros/jazzy/opt/sdformat_vendor/lib:/opt/ros/jazzy/opt/rviz_ogre_vendor/lib:/opt/ros/jazzy/lib/x86_64-linux-gnu:/opt/ros/jazzy/opt/gz_gui_vendor/lib:/opt/ros/jazzy/opt/gz_transport_vendor/lib:/opt/ros/jazzy/opt/gz_rendering_vendor/lib:/opt/ros/jazzy/opt/gz_plugin_vendor/lib:/opt/ros/jazzy/opt/gz_fuel_tools_vendor/lib:/opt/ros/jazzy/opt/gz_msgs_vendor/lib:/opt/ros/jazzy/opt/gz_common_vendor/lib:/opt/ros/jazzy/opt/gz_math_vendor/lib:/opt/ros/jazzy/opt/gz_utils_vendor/lib:/opt/ros/jazzy/opt/gz_tools_vendor/lib:/opt/ros/jazzy/opt/gz_ogre_next_vendor/lib:/opt/ros/jazzy/opt/gz_dartsim_vendor/lib:/opt/ros/jazzy/opt/gz_cmake_vendor/lib:/opt/ros/jazzy/lib PYTHONPATH=/home/mikks/ros2_px4_ws/install/px4_msgs/lib/python3.12/site-packages:/home/mikks/ros2_px4_ws/build/x500_hover_controller:/home/mikks/ros2_px4_ws/install/x500_hover_controller/lib/python3.12/site-packages:/home/mikks/ros2_px4_ws/install/px4_ros_com/lib/python3.12/site-packages:/home/mikks/ros2_px4_ws/build/example_mode_with_rclpy_py:/home/mikks/ros2_px4_ws/install/example_mode_with_rclpy_py/lib/python3.12/site-packages:/home/mikks/ros2_px4_ws/build/example_mode_goto_py:/home/mikks/ros2_px4_ws/install/example_mode_goto_py/lib/python3.12/site-packages:/home/mikks/ros2_px4_ws/install/px4_ros2_py/lib/python3.12/site-packages:/home/mikks/ros2_px4_ws/build/px4_actuator_ctrl:/home/mikks/ros2_px4_ws/install/px4_actuator_ctrl/lib/python3.12/site-packages:/home/mikks/ros2_ws/build/rover_desc_description:/home/mikks/ros2_ws/install/rover_desc_description/lib/python3.12/site-packages:/home/mikks/ros2_ws/install/px4_actuator_ctrl/lib/python3.12/site-packages:/home/mikks/ros2_ws/build/mine_rover_description:/home/mikks/ros2_ws/install/mine_rover_description/lib/python3.12/site-packages:/home/mikks/ros2_ws/build/ZerionURDFV5cp_description:/home/mikks/ros2_ws/install/ZerionURDFV5cp_description/lib/python3.12/site-packages:/home/mikks/crazyflie_mapping_demo/ros2_ws/install/velocity_free_consensus/lib/python3.12/site-packages:/home/mikks/crazyflie_mapping_demo/ros2_ws/install/stepwise_lowpos/lib/python3.12/site-packages:/home/mikks/crazyflie_mapping_demo/ros2_ws/install/step_wise_lowpos/lib/python3.12/site-packages:/home/mikks/crazyflie_mapping_demo/ros2_ws/install/second_order_formation_control/lib/python3.12/site-packages:/home/mikks/crazyflie_mapping_demo/ros2_ws/install/ros_gz_crazyflie_control/lib/python3.12/site-packages:/home/mikks/crazyflie_mapping_demo/ros2_ws/install/mixed_fractional_consensus/lib/python3.12/site-packages:/home/mikks/crazyflie_mapping_demo/ros2_ws/install/lowest_pos/lib/python3.12/site-packages:/home/mikks/crazyflie_mapping_demo/ros2_ws/install/linear_consensus/lib/python3.12/site-packages:/home/mikks/crazyflie_mapping_demo/ros2_ws/install/highest_pos/lib/python3.12/site-packages:/home/mikks/crazyflie_mapping_demo/ros2_ws/install/fractional_consensus_alpha/lib/python3.12/site-packages:/home/mikks/crazyflie_mapping_demo/ros2_ws/install/event_triggered_swarm/lib/python3.12/site-packages:/home/mikks/crazyflie_mapping_demo/ros2_ws/install/drone_logger/lib/python3.12/site-packages:/home/mikks/crazyflie_mapping_demo/ros2_ws/install/distributed_average_tracking/lib/python3.12/site-packages:/home/mikks/crazyflie_mapping_demo/ros2_ws/install/crazyflie_swarm_logic/lib/python3.12/site-packages:/home/mikks/crazyflie_mapping_demo/ros2_ws/install/crazyflie_sim/lib/python3.12/site-packages:/home/mikks/crazyflie_mapping_demo/ros2_ws/install/crazyflie_ros2_multiranger_wall_following/lib/python3.12/site-packages:/home/mikks/crazyflie_mapping_demo/ros2_ws/install/crazyflie_ros2_multiranger_simple_mapper/lib/python3.12/site-packages:/home/mikks/crazyflie_mapping_demo/ros2_ws/install/crazyflie_examples/lib/python3.12/site-packages:/home/mikks/crazyflie_mapping_demo/ros2_ws/install/crazyflie_py/lib/python3.12/site-packages:/home/mikks/crazyflie_mapping_demo/ros2_ws/install/crazyflie_interfaces/lib/python3.12/site-packages:/home/mikks/crazyflie_mapping_demo/ros2_ws/install/cooperative_target_centric_formation/lib/python3.12/site-packages:/home/mikks/crazyflie_mapping_demo/ros2_ws/install/containment_using_agent_information/lib/python3.12/site-packages:/home/mikks/crazyflie_mapping_demo/ros2_ws/install/consensus_for_double_integrator/lib/python3.12/site-packages:/home/mikks/crazyflie_mapping_demo/ros2_ws/install/consensus_alignment/lib/python3.12/site-packages:/home/mikks/crazyflie_mapping_demo/ros2_ws/install/binary_consensus/lib/python3.12/site-packages:/home/mikks/crazyflie_mapping_demo/ros2_ws/install/Second_Order_Min_Consensus_for_Heterogeneous_Agents/lib/python3.12/site-packages:/home/mikks/crazyflie_mapping_demo/ros2_ws/install/BinaryContainmentChain/lib/python3.12/site-packages:/opt/ros/jazzy/lib/python3.12/site-packages /usr/bin/cmake --build /home/mikks/ros2_px4_ws/build/example_executor_with_multiple_modes_cpp -- -j12 -l12
[4.520s] DEBUG:colcon.colcon_core.event_handler.log_command:Invoking command in '/home/mikks/ros2_px4_ws/build/example_global_navigation_cpp': CMAKE_PREFIX_PATH=/home/mikks/ros2_px4_ws/install/px4_ros2_cpp:/home/mikks/ros2_px4_ws/install/px4_msgs:/home/mikks/ros2_px4_ws/install/px4_ros_com:/home/mikks/ros2_px4_ws/install/px4_ros2_py:/home/mikks/ros2_px4_ws/install/example_rover_velocity_mode_cpp:/home/mikks/ros2_px4_ws/install/example_mode_with_executor_cpp:/home/mikks/ros2_px4_ws/install/example_mode_vtol_cpp:/home/mikks/ros2_px4_ws/install/example_mode_rtl_replacement_cpp:/home/mikks/ros2_px4_ws/install/example_mode_mission_cpp:/home/mikks/ros2_px4_ws/install/example_mode_manual_cpp:/home/mikks/ros2_px4_ws/install/example_mode_goto_global_cpp:/home/mikks/ros2_px4_ws/install/example_mode_goto_cpp:/home/mikks/ros2_px4_ws/install/example_mode_fw_attitude_cpp:/home/mikks/ros2_px4_ws/install/example_local_navigation_cpp:/home/mikks/ros2_px4_ws/install/example_global_navigation_cpp:/home/mikks/ros2_px4_ws/install/example_executor_with_multiple_modes_cpp:/home/mikks/crazyflie_mapping_demo/ros2_ws/install/crazyflie_ros2_multiranger_bringup:/home/mikks/crazyflie_mapping_demo/ros2_ws/install/ros_gz_crazyflie_bringup:/home/mikks/crazyflie_mapping_demo/ros2_ws/install/ros_gz_crazyflie_gazebo:/home/mikks/crazyflie_mapping_demo/ros2_ws/install/crazyflie_sim:/home/mikks/crazyflie_mapping_demo/ros2_ws/install/crazyflie_examples:/home/mikks/crazyflie_mapping_demo/ros2_ws/install/crazyflie:/home/mikks/crazyflie_mapping_demo/ros2_ws/install/crazyflie_interfaces:/opt/ros/jazzy/opt/gz_sim_vendor:/opt/ros/jazzy/opt/gz_sensors_vendor:/opt/ros/jazzy/opt/gz_physics_vendor:/opt/ros/jazzy/opt/sdformat_vendor:/opt/ros/jazzy/opt/gz_gui_vendor:/opt/ros/jazzy/opt/gz_transport_vendor:/opt/ros/jazzy/opt/gz_rendering_vendor:/opt/ros/jazzy/opt/gz_plugin_vendor:/opt/ros/jazzy/opt/gz_fuel_tools_vendor:/opt/ros/jazzy/opt/gz_msgs_vendor:/opt/ros/jazzy/opt/gz_common_vendor:/opt/ros/jazzy/opt/gz_math_vendor:/opt/ros/jazzy/opt/gz_utils_vendor:/opt/ros/jazzy/opt/gz_tools_vendor:/opt/ros/jazzy/opt/gz_ogre_next_vendor:/opt/ros/jazzy/opt/gz_dartsim_vendor:/opt/ros/jazzy/opt/gz_cmake_vendor:/home/mikks/ros2_px4_ws/install/x500_hover_controller:/home/mikks/ros2_px4_ws/install/example_mode_with_rclpy_py:/home/mikks/ros2_px4_ws/install/example_mode_goto_py:/home/mikks/ros2_px4_ws/install/px4_actuator_ctrl:/home/mikks/ros2_ws/install/rover_desc_description:/home/mikks/ros2_ws/install/px4_actuator_ctrl:/home/mikks/ros2_ws/install/mine_rover_description:/home/mikks/ros2_ws/install/ZerionURDFV5cp_description:/home/mikks/crazyflie_mapping_demo/ros2_ws/install/velocity_free_consensus:/home/mikks/crazyflie_mapping_demo/ros2_ws/install/stepwise_lowpos:/home/mikks/crazyflie_mapping_demo/ros2_ws/install/step_wise_lowpos:/home/mikks/crazyflie_mapping_demo/ros2_ws/install/second_order_formation_control:/home/mikks/crazyflie_mapping_demo/ros2_ws/install/ros_gz_crazyflie_control:/home/mikks/crazyflie_mapping_demo/ros2_ws/install/mixed_fractional_consensus:/home/mikks/crazyflie_mapping_demo/ros2_ws/install/lowest_pos:/home/mikks/crazyflie_mapping_demo/ros2_ws/install/linear_consensus:/home/mikks/crazyflie_mapping_demo/ros2_ws/install/highest_pos:/home/mikks/crazyflie_mapping_demo/ros2_ws/install/fractional_consensus_alpha:/home/mikks/crazyflie_mapping_demo/ros2_ws/install/event_triggered_swarm:/home/mikks/crazyflie_mapping_demo/ros2_ws/install/drone_logger:/home/mikks/crazyflie_mapping_demo/ros2_ws/install/distributed_average_tracking:/home/mikks/crazyflie_mapping_demo/ros2_ws/install/crazyflie_swarm_logic:/home/mikks/crazyflie_mapping_demo/ros2_ws/install/crazyflie_ros2_multiranger_wall_following:/home/mikks/crazyflie_mapping_demo/ros2_ws/install/crazyflie_ros2_multiranger_simple_mapper:/home/mikks/crazyflie_mapping_demo/ros2_ws/install/crazyflie_py:/home/mikks/crazyflie_mapping_demo/ros2_ws/install/cooperative_target_centric_formation:/home/mikks/crazyflie_mapping_demo/ros2_ws/install/containment_using_agent_information:/home/mikks/crazyflie_mapping_demo/ros2_ws/install/consensus_for_double_integrator:/home/mikks/crazyflie_mapping_demo/ros2_ws/install/consensus_alignment:/home/mikks/crazyflie_mapping_demo/ros2_ws/install/binary_consensus:/home/mikks/crazyflie_mapping_demo/ros2_ws/install/Second_Order_Min_Consensus_for_Heterogeneous_Agents:/home/mikks/crazyflie_mapping_demo/ros2_ws/install/BinaryContainmentChain:/opt/ros/jazzy DEBUGINFOD_URLS=https://debuginfod.ubuntu.com LD_LIBRARY_PATH=/home/mikks/ros2_px4_ws/install/px4_ros2_cpp/lib:/home/mikks/ros2_px4_ws/install/px4_msgs/lib:/home/mikks/ros2_px4_ws/install/px4_ros_com/lib:/home/mikks/NatNet_SDK_4.3_ubuntu/lib:/home/mikks/crazyflie_mapping_demo/ros2_ws/install/crazyflie_interfaces/lib:/opt/ros/jazzy/opt/gz_sim_vendor/lib:/opt/ros/jazzy/opt/gz_sensors_vendor/lib:/opt/ros/jazzy/opt/gz_physics_vendor/lib:/opt/ros/jazzy/opt/sdformat_vendor/lib:/opt/ros/jazzy/opt/rviz_ogre_vendor/lib:/opt/ros/jazzy/lib/x86_64-linux-gnu:/opt/ros/jazzy/opt/gz_gui_vendor/lib:/opt/ros/jazzy/opt/gz_transport_vendor/lib:/opt/ros/jazzy/opt/gz_rendering_vendor/lib:/opt/ros/jazzy/opt/gz_plugin_vendor/lib:/opt/ros/jazzy/opt/gz_fuel_tools_vendor/lib:/opt/ros/jazzy/opt/gz_msgs_vendor/lib:/opt/ros/jazzy/opt/gz_common_vendor/lib:/opt/ros/jazzy/opt/gz_math_vendor/lib:/opt/ros/jazzy/opt/gz_utils_vendor/lib:/opt/ros/jazzy/opt/gz_tools_vendor/lib:/opt/ros/jazzy/opt/gz_ogre_next_vendor/lib:/opt/ros/jazzy/opt/gz_dartsim_vendor/lib:/opt/ros/jazzy/opt/gz_cmake_vendor/lib:/opt/ros/jazzy/lib PYTHONPATH=/home/mikks/ros2_px4_ws/install/px4_msgs/lib/python3.12/site-packages:/home/mikks/ros2_px4_ws/build/x500_hover_controller:/home/mikks/ros2_px4_ws/install/x500_hover_controller/lib/python3.12/site-packages:/home/mikks/ros2_px4_ws/install/px4_ros_com/lib/python3.12/site-packages:/home/mikks/ros2_px4_ws/build/example_mode_with_rclpy_py:/home/mikks/ros2_px4_ws/install/example_mode_with_rclpy_py/lib/python3.12/site-packages:/home/mikks/ros2_px4_ws/build/example_mode_goto_py:/home/mikks/ros2_px4_ws/install/example_mode_goto_py/lib/python3.12/site-packages:/home/mikks/ros2_px4_ws/install/px4_ros2_py/lib/python3.12/site-packages:/home/mikks/ros2_px4_ws/build/px4_actuator_ctrl:/home/mikks/ros2_px4_ws/install/px4_actuator_ctrl/lib/python3.12/site-packages:/home/mikks/ros2_ws/build/rover_desc_description:/home/mikks/ros2_ws/install/rover_desc_description/lib/python3.12/site-packages:/home/mikks/ros2_ws/install/px4_actuator_ctrl/lib/python3.12/site-packages:/home/mikks/ros2_ws/build/mine_rover_description:/home/mikks/ros2_ws/install/mine_rover_description/lib/python3.12/site-packages:/home/mikks/ros2_ws/build/ZerionURDFV5cp_description:/home/mikks/ros2_ws/install/ZerionURDFV5cp_description/lib/python3.12/site-packages:/home/mikks/crazyflie_mapping_demo/ros2_ws/install/velocity_free_consensus/lib/python3.12/site-packages:/home/mikks/crazyflie_mapping_demo/ros2_ws/install/stepwise_lowpos/lib/python3.12/site-packages:/home/mikks/crazyflie_mapping_demo/ros2_ws/install/step_wise_lowpos/lib/python3.12/site-packages:/home/mikks/crazyflie_mapping_demo/ros2_ws/install/second_order_formation_control/lib/python3.12/site-packages:/home/mikks/crazyflie_mapping_demo/ros2_ws/install/ros_gz_crazyflie_control/lib/python3.12/site-packages:/home/mikks/crazyflie_mapping_demo/ros2_ws/install/mixed_fractional_consensus/lib/python3.12/site-packages:/home/mikks/crazyflie_mapping_demo/ros2_ws/install/lowest_pos/lib/python3.12/site-packages:/home/mikks/crazyflie_mapping_demo/ros2_ws/install/linear_consensus/lib/python3.12/site-packages:/home/mikks/crazyflie_mapping_demo/ros2_ws/install/highest_pos/lib/python3.12/site-packages:/home/mikks/crazyflie_mapping_demo/ros2_ws/install/fractional_consensus_alpha/lib/python3.12/site-packages:/home/mikks/crazyflie_mapping_demo/ros2_ws/install/event_triggered_swarm/lib/python3.12/site-packages:/home/mikks/crazyflie_mapping_demo/ros2_ws/install/drone_logger/lib/python3.12/site-packages:/home/mikks/crazyflie_mapping_demo/ros2_ws/install/distributed_average_tracking/lib/python3.12/site-packages:/home/mikks/crazyflie_mapping_demo/ros2_ws/install/crazyflie_swarm_logic/lib/python3.12/site-packages:/home/mikks/crazyflie_mapping_demo/ros2_ws/install/crazyflie_sim/lib/python3.12/site-packages:/home/mikks/crazyflie_mapping_demo/ros2_ws/install/crazyflie_ros2_multiranger_wall_following/lib/python3.12/site-packages:/home/mikks/crazyflie_mapping_demo/ros2_ws/install/crazyflie_ros2_multiranger_simple_mapper/lib/python3.12/site-packages:/home/mikks/crazyflie_mapping_demo/ros2_ws/install/crazyflie_examples/lib/python3.12/site-packages:/home/mikks/crazyflie_mapping_demo/ros2_ws/install/crazyflie_py/lib/python3.12/site-packages:/home/mikks/crazyflie_mapping_demo/ros2_ws/install/crazyflie_interfaces/lib/python3.12/site-packages:/home/mikks/crazyflie_mapping_demo/ros2_ws/install/cooperative_target_centric_formation/lib/python3.12/site-packages:/home/mikks/crazyflie_mapping_demo/ros2_ws/install/containment_using_agent_information/lib/python3.12/site-packages:/home/mikks/crazyflie_mapping_demo/ros2_ws/install/consensus_for_double_integrator/lib/python3.12/site-packages:/home/mikks/crazyflie_mapping_demo/ros2_ws/install/consensus_alignment/lib/python3.12/site-packages:/home/mikks/crazyflie_mapping_demo/ros2_ws/install/binary_consensus/lib/python3.12/site-packages:/home/mikks/crazyflie_mapping_demo/ros2_ws/install/Second_Order_Min_Consensus_for_Heterogeneous_Agents/lib/python3.12/site-packages:/home/mikks/crazyflie_mapping_demo/ros2_ws/install/BinaryContainmentChain/lib/python3.12/site-packages:/opt/ros/jazzy/lib/python3.12/site-packages /usr/bin/cmake --build /home/mikks/ros2_px4_ws/build/example_global_navigation_cpp -- -j12 -l12
[4.525s] DEBUG:colcon.colcon_core.event_handler.log_command:Invoking command in '/home/mikks/ros2_px4_ws/build/example_local_navigation_cpp': CMAKE_PREFIX_PATH=/home/mikks/ros2_px4_ws/install/px4_ros2_cpp:/home/mikks/ros2_px4_ws/install/px4_msgs:/home/mikks/ros2_px4_ws/install/px4_ros_com:/home/mikks/ros2_px4_ws/install/px4_ros2_py:/home/mikks/ros2_px4_ws/install/example_rover_velocity_mode_cpp:/home/mikks/ros2_px4_ws/install/example_mode_with_executor_cpp:/home/mikks/ros2_px4_ws/install/example_mode_vtol_cpp:/home/mikks/ros2_px4_ws/install/example_mode_rtl_replacement_cpp:/home/mikks/ros2_px4_ws/install/example_mode_mission_cpp:/home/mikks/ros2_px4_ws/install/example_mode_manual_cpp:/home/mikks/ros2_px4_ws/install/example_mode_goto_global_cpp:/home/mikks/ros2_px4_ws/install/example_mode_goto_cpp:/home/mikks/ros2_px4_ws/install/example_mode_fw_attitude_cpp:/home/mikks/ros2_px4_ws/install/example_local_navigation_cpp:/home/mikks/ros2_px4_ws/install/example_global_navigation_cpp:/home/mikks/ros2_px4_ws/install/example_executor_with_multiple_modes_cpp:/home/mikks/crazyflie_mapping_demo/ros2_ws/install/crazyflie_ros2_multiranger_bringup:/home/mikks/crazyflie_mapping_demo/ros2_ws/install/ros_gz_crazyflie_bringup:/home/mikks/crazyflie_mapping_demo/ros2_ws/install/ros_gz_crazyflie_gazebo:/home/mikks/crazyflie_mapping_demo/ros2_ws/install/crazyflie_sim:/home/mikks/crazyflie_mapping_demo/ros2_ws/install/crazyflie_examples:/home/mikks/crazyflie_mapping_demo/ros2_ws/install/crazyflie:/home/mikks/crazyflie_mapping_demo/ros2_ws/install/crazyflie_interfaces:/opt/ros/jazzy/opt/gz_sim_vendor:/opt/ros/jazzy/opt/gz_sensors_vendor:/opt/ros/jazzy/opt/gz_physics_vendor:/opt/ros/jazzy/opt/sdformat_vendor:/opt/ros/jazzy/opt/gz_gui_vendor:/opt/ros/jazzy/opt/gz_transport_vendor:/opt/ros/jazzy/opt/gz_rendering_vendor:/opt/ros/jazzy/opt/gz_plugin_vendor:/opt/ros/jazzy/opt/gz_fuel_tools_vendor:/opt/ros/jazzy/opt/gz_msgs_vendor:/opt/ros/jazzy/opt/gz_common_vendor:/opt/ros/jazzy/opt/gz_math_vendor:/opt/ros/jazzy/opt/gz_utils_vendor:/opt/ros/jazzy/opt/gz_tools_vendor:/opt/ros/jazzy/opt/gz_ogre_next_vendor:/opt/ros/jazzy/opt/gz_dartsim_vendor:/opt/ros/jazzy/opt/gz_cmake_vendor:/home/mikks/ros2_px4_ws/install/x500_hover_controller:/home/mikks/ros2_px4_ws/install/example_mode_with_rclpy_py:/home/mikks/ros2_px4_ws/install/example_mode_goto_py:/home/mikks/ros2_px4_ws/install/px4_actuator_ctrl:/home/mikks/ros2_ws/install/rover_desc_description:/home/mikks/ros2_ws/install/px4_actuator_ctrl:/home/mikks/ros2_ws/install/mine_rover_description:/home/mikks/ros2_ws/install/ZerionURDFV5cp_description:/home/mikks/crazyflie_mapping_demo/ros2_ws/install/velocity_free_consensus:/home/mikks/crazyflie_mapping_demo/ros2_ws/install/stepwise_lowpos:/home/mikks/crazyflie_mapping_demo/ros2_ws/install/step_wise_lowpos:/home/mikks/crazyflie_mapping_demo/ros2_ws/install/second_order_formation_control:/home/mikks/crazyflie_mapping_demo/ros2_ws/install/ros_gz_crazyflie_control:/home/mikks/crazyflie_mapping_demo/ros2_ws/install/mixed_fractional_consensus:/home/mikks/crazyflie_mapping_demo/ros2_ws/install/lowest_pos:/home/mikks/crazyflie_mapping_demo/ros2_ws/install/linear_consensus:/home/mikks/crazyflie_mapping_demo/ros2_ws/install/highest_pos:/home/mikks/crazyflie_mapping_demo/ros2_ws/install/fractional_consensus_alpha:/home/mikks/crazyflie_mapping_demo/ros2_ws/install/event_triggered_swarm:/home/mikks/crazyflie_mapping_demo/ros2_ws/install/drone_logger:/home/mikks/crazyflie_mapping_demo/ros2_ws/install/distributed_average_tracking:/home/mikks/crazyflie_mapping_demo/ros2_ws/install/crazyflie_swarm_logic:/home/mikks/crazyflie_mapping_demo/ros2_ws/install/crazyflie_ros2_multiranger_wall_following:/home/mikks/crazyflie_mapping_demo/ros2_ws/install/crazyflie_ros2_multiranger_simple_mapper:/home/mikks/crazyflie_mapping_demo/ros2_ws/install/crazyflie_py:/home/mikks/crazyflie_mapping_demo/ros2_ws/install/cooperative_target_centric_formation:/home/mikks/crazyflie_mapping_demo/ros2_ws/install/containment_using_agent_information:/home/mikks/crazyflie_mapping_demo/ros2_ws/install/consensus_for_double_integrator:/home/mikks/crazyflie_mapping_demo/ros2_ws/install/consensus_alignment:/home/mikks/crazyflie_mapping_demo/ros2_ws/install/binary_consensus:/home/mikks/crazyflie_mapping_demo/ros2_ws/install/Second_Order_Min_Consensus_for_Heterogeneous_Agents:/home/mikks/crazyflie_mapping_demo/ros2_ws/install/BinaryContainmentChain:/opt/ros/jazzy DEBUGINFOD_URLS=https://debuginfod.ubuntu.com LD_LIBRARY_PATH=/home/mikks/ros2_px4_ws/install/px4_ros2_cpp/lib:/home/mikks/ros2_px4_ws/install/px4_msgs/lib:/home/mikks/ros2_px4_ws/install/px4_ros_com/lib:/home/mikks/NatNet_SDK_4.3_ubuntu/lib:/home/mikks/crazyflie_mapping_demo/ros2_ws/install/crazyflie_interfaces/lib:/opt/ros/jazzy/opt/gz_sim_vendor/lib:/opt/ros/jazzy/opt/gz_sensors_vendor/lib:/opt/ros/jazzy/opt/gz_physics_vendor/lib:/opt/ros/jazzy/opt/sdformat_vendor/lib:/opt/ros/jazzy/opt/rviz_ogre_vendor/lib:/opt/ros/jazzy/lib/x86_64-linux-gnu:/opt/ros/jazzy/opt/gz_gui_vendor/lib:/opt/ros/jazzy/opt/gz_transport_vendor/lib:/opt/ros/jazzy/opt/gz_rendering_vendor/lib:/opt/ros/jazzy/opt/gz_plugin_vendor/lib:/opt/ros/jazzy/opt/gz_fuel_tools_vendor/lib:/opt/ros/jazzy/opt/gz_msgs_vendor/lib:/opt/ros/jazzy/opt/gz_common_vendor/lib:/opt/ros/jazzy/opt/gz_math_vendor/lib:/opt/ros/jazzy/opt/gz_utils_vendor/lib:/opt/ros/jazzy/opt/gz_tools_vendor/lib:/opt/ros/jazzy/opt/gz_ogre_next_vendor/lib:/opt/ros/jazzy/opt/gz_dartsim_vendor/lib:/opt/ros/jazzy/opt/gz_cmake_vendor/lib:/opt/ros/jazzy/lib PYTHONPATH=/home/mikks/ros2_px4_ws/install/px4_msgs/lib/python3.12/site-packages:/home/mikks/ros2_px4_ws/build/x500_hover_controller:/home/mikks/ros2_px4_ws/install/x500_hover_controller/lib/python3.12/site-packages:/home/mikks/ros2_px4_ws/install/px4_ros_com/lib/python3.12/site-packages:/home/mikks/ros2_px4_ws/build/example_mode_with_rclpy_py:/home/mikks/ros2_px4_ws/install/example_mode_with_rclpy_py/lib/python3.12/site-packages:/home/mikks/ros2_px4_ws/build/example_mode_goto_py:/home/mikks/ros2_px4_ws/install/example_mode_goto_py/lib/python3.12/site-packages:/home/mikks/ros2_px4_ws/install/px4_ros2_py/lib/python3.12/site-packages:/home/mikks/ros2_px4_ws/build/px4_actuator_ctrl:/home/mikks/ros2_px4_ws/install/px4_actuator_ctrl/lib/python3.12/site-packages:/home/mikks/ros2_ws/build/rover_desc_description:/home/mikks/ros2_ws/install/rover_desc_description/lib/python3.12/site-packages:/home/mikks/ros2_ws/install/px4_actuator_ctrl/lib/python3.12/site-packages:/home/mikks/ros2_ws/build/mine_rover_description:/home/mikks/ros2_ws/install/mine_rover_description/lib/python3.12/site-packages:/home/mikks/ros2_ws/build/ZerionURDFV5cp_description:/home/mikks/ros2_ws/install/ZerionURDFV5cp_description/lib/python3.12/site-packages:/home/mikks/crazyflie_mapping_demo/ros2_ws/install/velocity_free_consensus/lib/python3.12/site-packages:/home/mikks/crazyflie_mapping_demo/ros2_ws/install/stepwise_lowpos/lib/python3.12/site-packages:/home/mikks/crazyflie_mapping_demo/ros2_ws/install/step_wise_lowpos/lib/python3.12/site-packages:/home/mikks/crazyflie_mapping_demo/ros2_ws/install/second_order_formation_control/lib/python3.12/site-packages:/home/mikks/crazyflie_mapping_demo/ros2_ws/install/ros_gz_crazyflie_control/lib/python3.12/site-packages:/home/mikks/crazyflie_mapping_demo/ros2_ws/install/mixed_fractional_consensus/lib/python3.12/site-packages:/home/mikks/crazyflie_mapping_demo/ros2_ws/install/lowest_pos/lib/python3.12/site-packages:/home/mikks/crazyflie_mapping_demo/ros2_ws/install/linear_consensus/lib/python3.12/site-packages:/home/mikks/crazyflie_mapping_demo/ros2_ws/install/highest_pos/lib/python3.12/site-packages:/home/mikks/crazyflie_mapping_demo/ros2_ws/install/fractional_consensus_alpha/lib/python3.12/site-packages:/home/mikks/crazyflie_mapping_demo/ros2_ws/install/event_triggered_swarm/lib/python3.12/site-packages:/home/mikks/crazyflie_mapping_demo/ros2_ws/install/drone_logger/lib/python3.12/site-packages:/home/mikks/crazyflie_mapping_demo/ros2_ws/install/distributed_average_tracking/lib/python3.12/site-packages:/home/mikks/crazyflie_mapping_demo/ros2_ws/install/crazyflie_swarm_logic/lib/python3.12/site-packages:/home/mikks/crazyflie_mapping_demo/ros2_ws/install/crazyflie_sim/lib/python3.12/site-packages:/home/mikks/crazyflie_mapping_demo/ros2_ws/install/crazyflie_ros2_multiranger_wall_following/lib/python3.12/site-packages:/home/mikks/crazyflie_mapping_demo/ros2_ws/install/crazyflie_ros2_multiranger_simple_mapper/lib/python3.12/site-packages:/home/mikks/crazyflie_mapping_demo/ros2_ws/install/crazyflie_examples/lib/python3.12/site-packages:/home/mikks/crazyflie_mapping_demo/ros2_ws/install/crazyflie_py/lib/python3.12/site-packages:/home/mikks/crazyflie_mapping_demo/ros2_ws/install/crazyflie_interfaces/lib/python3.12/site-packages:/home/mikks/crazyflie_mapping_demo/ros2_ws/install/cooperative_target_centric_formation/lib/python3.12/site-packages:/home/mikks/crazyflie_mapping_demo/ros2_ws/install/containment_using_agent_information/lib/python3.12/site-packages:/home/mikks/crazyflie_mapping_demo/ros2_ws/install/consensus_for_double_integrator/lib/python3.12/site-packages:/home/mikks/crazyflie_mapping_demo/ros2_ws/install/consensus_alignment/lib/python3.12/site-packages:/home/mikks/crazyflie_mapping_demo/ros2_ws/install/binary_consensus/lib/python3.12/site-packages:/home/mikks/crazyflie_mapping_demo/ros2_ws/install/Second_Order_Min_Consensus_for_Heterogeneous_Agents/lib/python3.12/site-packages:/home/mikks/crazyflie_mapping_demo/ros2_ws/install/BinaryContainmentChain/lib/python3.12/site-packages:/opt/ros/jazzy/lib/python3.12/site-packages /usr/bin/cmake --build /home/mikks/ros2_px4_ws/build/example_local_navigation_cpp -- -j12 -l12
[4.527s] DEBUG:colcon.colcon_core.event_handler.log_command:Invoking command in '/home/mikks/ros2_px4_ws/build/example_mode_fw_attitude_cpp': CMAKE_PREFIX_PATH=/home/mikks/ros2_px4_ws/install/px4_ros2_cpp:/home/mikks/ros2_px4_ws/install/px4_msgs:/home/mikks/ros2_px4_ws/install/px4_ros_com:/home/mikks/ros2_px4_ws/install/px4_ros2_py:/home/mikks/ros2_px4_ws/install/example_rover_velocity_mode_cpp:/home/mikks/ros2_px4_ws/install/example_mode_with_executor_cpp:/home/mikks/ros2_px4_ws/install/example_mode_vtol_cpp:/home/mikks/ros2_px4_ws/install/example_mode_rtl_replacement_cpp:/home/mikks/ros2_px4_ws/install/example_mode_mission_cpp:/home/mikks/ros2_px4_ws/install/example_mode_manual_cpp:/home/mikks/ros2_px4_ws/install/example_mode_goto_global_cpp:/home/mikks/ros2_px4_ws/install/example_mode_goto_cpp:/home/mikks/ros2_px4_ws/install/example_mode_fw_attitude_cpp:/home/mikks/ros2_px4_ws/install/example_local_navigation_cpp:/home/mikks/ros2_px4_ws/install/example_global_navigation_cpp:/home/mikks/ros2_px4_ws/install/example_executor_with_multiple_modes_cpp:/home/mikks/crazyflie_mapping_demo/ros2_ws/install/crazyflie_ros2_multiranger_bringup:/home/mikks/crazyflie_mapping_demo/ros2_ws/install/ros_gz_crazyflie_bringup:/home/mikks/crazyflie_mapping_demo/ros2_ws/install/ros_gz_crazyflie_gazebo:/home/mikks/crazyflie_mapping_demo/ros2_ws/install/crazyflie_sim:/home/mikks/crazyflie_mapping_demo/ros2_ws/install/crazyflie_examples:/home/mikks/crazyflie_mapping_demo/ros2_ws/install/crazyflie:/home/mikks/crazyflie_mapping_demo/ros2_ws/install/crazyflie_interfaces:/opt/ros/jazzy/opt/gz_sim_vendor:/opt/ros/jazzy/opt/gz_sensors_vendor:/opt/ros/jazzy/opt/gz_physics_vendor:/opt/ros/jazzy/opt/sdformat_vendor:/opt/ros/jazzy/opt/gz_gui_vendor:/opt/ros/jazzy/opt/gz_transport_vendor:/opt/ros/jazzy/opt/gz_rendering_vendor:/opt/ros/jazzy/opt/gz_plugin_vendor:/opt/ros/jazzy/opt/gz_fuel_tools_vendor:/opt/ros/jazzy/opt/gz_msgs_vendor:/opt/ros/jazzy/opt/gz_common_vendor:/opt/ros/jazzy/opt/gz_math_vendor:/opt/ros/jazzy/opt/gz_utils_vendor:/opt/ros/jazzy/opt/gz_tools_vendor:/opt/ros/jazzy/opt/gz_ogre_next_vendor:/opt/ros/jazzy/opt/gz_dartsim_vendor:/opt/ros/jazzy/opt/gz_cmake_vendor:/home/mikks/ros2_px4_ws/install/x500_hover_controller:/home/mikks/ros2_px4_ws/install/example_mode_with_rclpy_py:/home/mikks/ros2_px4_ws/install/example_mode_goto_py:/home/mikks/ros2_px4_ws/install/px4_actuator_ctrl:/home/mikks/ros2_ws/install/rover_desc_description:/home/mikks/ros2_ws/install/px4_actuator_ctrl:/home/mikks/ros2_ws/install/mine_rover_description:/home/mikks/ros2_ws/install/ZerionURDFV5cp_description:/home/mikks/crazyflie_mapping_demo/ros2_ws/install/velocity_free_consensus:/home/mikks/crazyflie_mapping_demo/ros2_ws/install/stepwise_lowpos:/home/mikks/crazyflie_mapping_demo/ros2_ws/install/step_wise_lowpos:/home/mikks/crazyflie_mapping_demo/ros2_ws/install/second_order_formation_control:/home/mikks/crazyflie_mapping_demo/ros2_ws/install/ros_gz_crazyflie_control:/home/mikks/crazyflie_mapping_demo/ros2_ws/install/mixed_fractional_consensus:/home/mikks/crazyflie_mapping_demo/ros2_ws/install/lowest_pos:/home/mikks/crazyflie_mapping_demo/ros2_ws/install/linear_consensus:/home/mikks/crazyflie_mapping_demo/ros2_ws/install/highest_pos:/home/mikks/crazyflie_mapping_demo/ros2_ws/install/fractional_consensus_alpha:/home/mikks/crazyflie_mapping_demo/ros2_ws/install/event_triggered_swarm:/home/mikks/crazyflie_mapping_demo/ros2_ws/install/drone_logger:/home/mikks/crazyflie_mapping_demo/ros2_ws/install/distributed_average_tracking:/home/mikks/crazyflie_mapping_demo/ros2_ws/install/crazyflie_swarm_logic:/home/mikks/crazyflie_mapping_demo/ros2_ws/install/crazyflie_ros2_multiranger_wall_following:/home/mikks/crazyflie_mapping_demo/ros2_ws/install/crazyflie_ros2_multiranger_simple_mapper:/home/mikks/crazyflie_mapping_demo/ros2_ws/install/crazyflie_py:/home/mikks/crazyflie_mapping_demo/ros2_ws/install/cooperative_target_centric_formation:/home/mikks/crazyflie_mapping_demo/ros2_ws/install/containment_using_agent_information:/home/mikks/crazyflie_mapping_demo/ros2_ws/install/consensus_for_double_integrator:/home/mikks/crazyflie_mapping_demo/ros2_ws/install/consensus_alignment:/home/mikks/crazyflie_mapping_demo/ros2_ws/install/binary_consensus:/home/mikks/crazyflie_mapping_demo/ros2_ws/install/Second_Order_Min_Consensus_for_Heterogeneous_Agents:/home/mikks/crazyflie_mapping_demo/ros2_ws/install/BinaryContainmentChain:/opt/ros/jazzy DEBUGINFOD_URLS=https://debuginfod.ubuntu.com LD_LIBRARY_PATH=/home/mikks/ros2_px4_ws/install/px4_ros2_cpp/lib:/home/mikks/ros2_px4_ws/install/px4_msgs/lib:/home/mikks/ros2_px4_ws/install/px4_ros_com/lib:/home/mikks/NatNet_SDK_4.3_ubuntu/lib:/home/mikks/crazyflie_mapping_demo/ros2_ws/install/crazyflie_interfaces/lib:/opt/ros/jazzy/opt/gz_sim_vendor/lib:/opt/ros/jazzy/opt/gz_sensors_vendor/lib:/opt/ros/jazzy/opt/gz_physics_vendor/lib:/opt/ros/jazzy/opt/sdformat_vendor/lib:/opt/ros/jazzy/opt/rviz_ogre_vendor/lib:/opt/ros/jazzy/lib/x86_64-linux-gnu:/opt/ros/jazzy/opt/gz_gui_vendor/lib:/opt/ros/jazzy/opt/gz_transport_vendor/lib:/opt/ros/jazzy/opt/gz_rendering_vendor/lib:/opt/ros/jazzy/opt/gz_plugin_vendor/lib:/opt/ros/jazzy/opt/gz_fuel_tools_vendor/lib:/opt/ros/jazzy/opt/gz_msgs_vendor/lib:/opt/ros/jazzy/opt/gz_common_vendor/lib:/opt/ros/jazzy/opt/gz_math_vendor/lib:/opt/ros/jazzy/opt/gz_utils_vendor/lib:/opt/ros/jazzy/opt/gz_tools_vendor/lib:/opt/ros/jazzy/opt/gz_ogre_next_vendor/lib:/opt/ros/jazzy/opt/gz_dartsim_vendor/lib:/opt/ros/jazzy/opt/gz_cmake_vendor/lib:/opt/ros/jazzy/lib PYTHONPATH=/home/mikks/ros2_px4_ws/install/px4_msgs/lib/python3.12/site-packages:/home/mikks/ros2_px4_ws/build/x500_hover_controller:/home/mikks/ros2_px4_ws/install/x500_hover_controller/lib/python3.12/site-packages:/home/mikks/ros2_px4_ws/install/px4_ros_com/lib/python3.12/site-packages:/home/mikks/ros2_px4_ws/build/example_mode_with_rclpy_py:/home/mikks/ros2_px4_ws/install/example_mode_with_rclpy_py/lib/python3.12/site-packages:/home/mikks/ros2_px4_ws/build/example_mode_goto_py:/home/mikks/ros2_px4_ws/install/example_mode_goto_py/lib/python3.12/site-packages:/home/mikks/ros2_px4_ws/install/px4_ros2_py/lib/python3.12/site-packages:/home/mikks/ros2_px4_ws/build/px4_actuator_ctrl:/home/mikks/ros2_px4_ws/install/px4_actuator_ctrl/lib/python3.12/site-packages:/home/mikks/ros2_ws/build/rover_desc_description:/home/mikks/ros2_ws/install/rover_desc_description/lib/python3.12/site-packages:/home/mikks/ros2_ws/install/px4_actuator_ctrl/lib/python3.12/site-packages:/home/mikks/ros2_ws/build/mine_rover_description:/home/mikks/ros2_ws/install/mine_rover_description/lib/python3.12/site-packages:/home/mikks/ros2_ws/build/ZerionURDFV5cp_description:/home/mikks/ros2_ws/install/ZerionURDFV5cp_description/lib/python3.12/site-packages:/home/mikks/crazyflie_mapping_demo/ros2_ws/install/velocity_free_consensus/lib/python3.12/site-packages:/home/mikks/crazyflie_mapping_demo/ros2_ws/install/stepwise_lowpos/lib/python3.12/site-packages:/home/mikks/crazyflie_mapping_demo/ros2_ws/install/step_wise_lowpos/lib/python3.12/site-packages:/home/mikks/crazyflie_mapping_demo/ros2_ws/install/second_order_formation_control/lib/python3.12/site-packages:/home/mikks/crazyflie_mapping_demo/ros2_ws/install/ros_gz_crazyflie_control/lib/python3.12/site-packages:/home/mikks/crazyflie_mapping_demo/ros2_ws/install/mixed_fractional_consensus/lib/python3.12/site-packages:/home/mikks/crazyflie_mapping_demo/ros2_ws/install/lowest_pos/lib/python3.12/site-packages:/home/mikks/crazyflie_mapping_demo/ros2_ws/install/linear_consensus/lib/python3.12/site-packages:/home/mikks/crazyflie_mapping_demo/ros2_ws/install/highest_pos/lib/python3.12/site-packages:/home/mikks/crazyflie_mapping_demo/ros2_ws/install/fractional_consensus_alpha/lib/python3.12/site-packages:/home/mikks/crazyflie_mapping_demo/ros2_ws/install/event_triggered_swarm/lib/python3.12/site-packages:/home/mikks/crazyflie_mapping_demo/ros2_ws/install/drone_logger/lib/python3.12/site-packages:/home/mikks/crazyflie_mapping_demo/ros2_ws/install/distributed_average_tracking/lib/python3.12/site-packages:/home/mikks/crazyflie_mapping_demo/ros2_ws/install/crazyflie_swarm_logic/lib/python3.12/site-packages:/home/mikks/crazyflie_mapping_demo/ros2_ws/install/crazyflie_sim/lib/python3.12/site-packages:/home/mikks/crazyflie_mapping_demo/ros2_ws/install/crazyflie_ros2_multiranger_wall_following/lib/python3.12/site-packages:/home/mikks/crazyflie_mapping_demo/ros2_ws/install/crazyflie_ros2_multiranger_simple_mapper/lib/python3.12/site-packages:/home/mikks/crazyflie_mapping_demo/ros2_ws/install/crazyflie_examples/lib/python3.12/site-packages:/home/mikks/crazyflie_mapping_demo/ros2_ws/install/crazyflie_py/lib/python3.12/site-packages:/home/mikks/crazyflie_mapping_demo/ros2_ws/install/crazyflie_interfaces/lib/python3.12/site-packages:/home/mikks/crazyflie_mapping_demo/ros2_ws/install/cooperative_target_centric_formation/lib/python3.12/site-packages:/home/mikks/crazyflie_mapping_demo/ros2_ws/install/containment_using_agent_information/lib/python3.12/site-packages:/home/mikks/crazyflie_mapping_demo/ros2_ws/install/consensus_for_double_integrator/lib/python3.12/site-packages:/home/mikks/crazyflie_mapping_demo/ros2_ws/install/consensus_alignment/lib/python3.12/site-packages:/home/mikks/crazyflie_mapping_demo/ros2_ws/install/binary_consensus/lib/python3.12/site-packages:/home/mikks/crazyflie_mapping_demo/ros2_ws/install/Second_Order_Min_Consensus_for_Heterogeneous_Agents/lib/python3.12/site-packages:/home/mikks/crazyflie_mapping_demo/ros2_ws/install/BinaryContainmentChain/lib/python3.12/site-packages:/opt/ros/jazzy/lib/python3.12/site-packages /usr/bin/cmake --build /home/mikks/ros2_px4_ws/build/example_mode_fw_attitude_cpp -- -j12 -l12
[4.532s] DEBUG:colcon.colcon_core.event_handler.log_command:Invoking command in '/home/mikks/ros2_px4_ws/build/example_mode_goto_cpp': CMAKE_PREFIX_PATH=/home/mikks/ros2_px4_ws/install/px4_ros2_cpp:/home/mikks/ros2_px4_ws/install/px4_msgs:/home/mikks/ros2_px4_ws/install/px4_ros_com:/home/mikks/ros2_px4_ws/install/px4_ros2_py:/home/mikks/ros2_px4_ws/install/example_rover_velocity_mode_cpp:/home/mikks/ros2_px4_ws/install/example_mode_with_executor_cpp:/home/mikks/ros2_px4_ws/install/example_mode_vtol_cpp:/home/mikks/ros2_px4_ws/install/example_mode_rtl_replacement_cpp:/home/mikks/ros2_px4_ws/install/example_mode_mission_cpp:/home/mikks/ros2_px4_ws/install/example_mode_manual_cpp:/home/mikks/ros2_px4_ws/install/example_mode_goto_global_cpp:/home/mikks/ros2_px4_ws/install/example_mode_goto_cpp:/home/mikks/ros2_px4_ws/install/example_mode_fw_attitude_cpp:/home/mikks/ros2_px4_ws/install/example_local_navigation_cpp:/home/mikks/ros2_px4_ws/install/example_global_navigation_cpp:/home/mikks/ros2_px4_ws/install/example_executor_with_multiple_modes_cpp:/home/mikks/crazyflie_mapping_demo/ros2_ws/install/crazyflie_ros2_multiranger_bringup:/home/mikks/crazyflie_mapping_demo/ros2_ws/install/ros_gz_crazyflie_bringup:/home/mikks/crazyflie_mapping_demo/ros2_ws/install/ros_gz_crazyflie_gazebo:/home/mikks/crazyflie_mapping_demo/ros2_ws/install/crazyflie_sim:/home/mikks/crazyflie_mapping_demo/ros2_ws/install/crazyflie_examples:/home/mikks/crazyflie_mapping_demo/ros2_ws/install/crazyflie:/home/mikks/crazyflie_mapping_demo/ros2_ws/install/crazyflie_interfaces:/opt/ros/jazzy/opt/gz_sim_vendor:/opt/ros/jazzy/opt/gz_sensors_vendor:/opt/ros/jazzy/opt/gz_physics_vendor:/opt/ros/jazzy/opt/sdformat_vendor:/opt/ros/jazzy/opt/gz_gui_vendor:/opt/ros/jazzy/opt/gz_transport_vendor:/opt/ros/jazzy/opt/gz_rendering_vendor:/opt/ros/jazzy/opt/gz_plugin_vendor:/opt/ros/jazzy/opt/gz_fuel_tools_vendor:/opt/ros/jazzy/opt/gz_msgs_vendor:/opt/ros/jazzy/opt/gz_common_vendor:/opt/ros/jazzy/opt/gz_math_vendor:/opt/ros/jazzy/opt/gz_utils_vendor:/opt/ros/jazzy/opt/gz_tools_vendor:/opt/ros/jazzy/opt/gz_ogre_next_vendor:/opt/ros/jazzy/opt/gz_dartsim_vendor:/opt/ros/jazzy/opt/gz_cmake_vendor:/home/mikks/ros2_px4_ws/install/x500_hover_controller:/home/mikks/ros2_px4_ws/install/example_mode_with_rclpy_py:/home/mikks/ros2_px4_ws/install/example_mode_goto_py:/home/mikks/ros2_px4_ws/install/px4_actuator_ctrl:/home/mikks/ros2_ws/install/rover_desc_description:/home/mikks/ros2_ws/install/px4_actuator_ctrl:/home/mikks/ros2_ws/install/mine_rover_description:/home/mikks/ros2_ws/install/ZerionURDFV5cp_description:/home/mikks/crazyflie_mapping_demo/ros2_ws/install/velocity_free_consensus:/home/mikks/crazyflie_mapping_demo/ros2_ws/install/stepwise_lowpos:/home/mikks/crazyflie_mapping_demo/ros2_ws/install/step_wise_lowpos:/home/mikks/crazyflie_mapping_demo/ros2_ws/install/second_order_formation_control:/home/mikks/crazyflie_mapping_demo/ros2_ws/install/ros_gz_crazyflie_control:/home/mikks/crazyflie_mapping_demo/ros2_ws/install/mixed_fractional_consensus:/home/mikks/crazyflie_mapping_demo/ros2_ws/install/lowest_pos:/home/mikks/crazyflie_mapping_demo/ros2_ws/install/linear_consensus:/home/mikks/crazyflie_mapping_demo/ros2_ws/install/highest_pos:/home/mikks/crazyflie_mapping_demo/ros2_ws/install/fractional_consensus_alpha:/home/mikks/crazyflie_mapping_demo/ros2_ws/install/event_triggered_swarm:/home/mikks/crazyflie_mapping_demo/ros2_ws/install/drone_logger:/home/mikks/crazyflie_mapping_demo/ros2_ws/install/distributed_average_tracking:/home/mikks/crazyflie_mapping_demo/ros2_ws/install/crazyflie_swarm_logic:/home/mikks/crazyflie_mapping_demo/ros2_ws/install/crazyflie_ros2_multiranger_wall_following:/home/mikks/crazyflie_mapping_demo/ros2_ws/install/crazyflie_ros2_multiranger_simple_mapper:/home/mikks/crazyflie_mapping_demo/ros2_ws/install/crazyflie_py:/home/mikks/crazyflie_mapping_demo/ros2_ws/install/cooperative_target_centric_formation:/home/mikks/crazyflie_mapping_demo/ros2_ws/install/containment_using_agent_information:/home/mikks/crazyflie_mapping_demo/ros2_ws/install/consensus_for_double_integrator:/home/mikks/crazyflie_mapping_demo/ros2_ws/install/consensus_alignment:/home/mikks/crazyflie_mapping_demo/ros2_ws/install/binary_consensus:/home/mikks/crazyflie_mapping_demo/ros2_ws/install/Second_Order_Min_Consensus_for_Heterogeneous_Agents:/home/mikks/crazyflie_mapping_demo/ros2_ws/install/BinaryContainmentChain:/opt/ros/jazzy DEBUGINFOD_URLS=https://debuginfod.ubuntu.com LD_LIBRARY_PATH=/home/mikks/ros2_px4_ws/install/px4_ros2_cpp/lib:/home/mikks/ros2_px4_ws/install/px4_msgs/lib:/home/mikks/ros2_px4_ws/install/px4_ros_com/lib:/home/mikks/NatNet_SDK_4.3_ubuntu/lib:/home/mikks/crazyflie_mapping_demo/ros2_ws/install/crazyflie_interfaces/lib:/opt/ros/jazzy/opt/gz_sim_vendor/lib:/opt/ros/jazzy/opt/gz_sensors_vendor/lib:/opt/ros/jazzy/opt/gz_physics_vendor/lib:/opt/ros/jazzy/opt/sdformat_vendor/lib:/opt/ros/jazzy/opt/rviz_ogre_vendor/lib:/opt/ros/jazzy/lib/x86_64-linux-gnu:/opt/ros/jazzy/opt/gz_gui_vendor/lib:/opt/ros/jazzy/opt/gz_transport_vendor/lib:/opt/ros/jazzy/opt/gz_rendering_vendor/lib:/opt/ros/jazzy/opt/gz_plugin_vendor/lib:/opt/ros/jazzy/opt/gz_fuel_tools_vendor/lib:/opt/ros/jazzy/opt/gz_msgs_vendor/lib:/opt/ros/jazzy/opt/gz_common_vendor/lib:/opt/ros/jazzy/opt/gz_math_vendor/lib:/opt/ros/jazzy/opt/gz_utils_vendor/lib:/opt/ros/jazzy/opt/gz_tools_vendor/lib:/opt/ros/jazzy/opt/gz_ogre_next_vendor/lib:/opt/ros/jazzy/opt/gz_dartsim_vendor/lib:/opt/ros/jazzy/opt/gz_cmake_vendor/lib:/opt/ros/jazzy/lib PYTHONPATH=/home/mikks/ros2_px4_ws/install/px4_msgs/lib/python3.12/site-packages:/home/mikks/ros2_px4_ws/build/x500_hover_controller:/home/mikks/ros2_px4_ws/install/x500_hover_controller/lib/python3.12/site-packages:/home/mikks/ros2_px4_ws/install/px4_ros_com/lib/python3.12/site-packages:/home/mikks/ros2_px4_ws/build/example_mode_with_rclpy_py:/home/mikks/ros2_px4_ws/install/example_mode_with_rclpy_py/lib/python3.12/site-packages:/home/mikks/ros2_px4_ws/build/example_mode_goto_py:/home/mikks/ros2_px4_ws/install/example_mode_goto_py/lib/python3.12/site-packages:/home/mikks/ros2_px4_ws/install/px4_ros2_py/lib/python3.12/site-packages:/home/mikks/ros2_px4_ws/build/px4_actuator_ctrl:/home/mikks/ros2_px4_ws/install/px4_actuator_ctrl/lib/python3.12/site-packages:/home/mikks/ros2_ws/build/rover_desc_description:/home/mikks/ros2_ws/install/rover_desc_description/lib/python3.12/site-packages:/home/mikks/ros2_ws/install/px4_actuator_ctrl/lib/python3.12/site-packages:/home/mikks/ros2_ws/build/mine_rover_description:/home/mikks/ros2_ws/install/mine_rover_description/lib/python3.12/site-packages:/home/mikks/ros2_ws/build/ZerionURDFV5cp_description:/home/mikks/ros2_ws/install/ZerionURDFV5cp_description/lib/python3.12/site-packages:/home/mikks/crazyflie_mapping_demo/ros2_ws/install/velocity_free_consensus/lib/python3.12/site-packages:/home/mikks/crazyflie_mapping_demo/ros2_ws/install/stepwise_lowpos/lib/python3.12/site-packages:/home/mikks/crazyflie_mapping_demo/ros2_ws/install/step_wise_lowpos/lib/python3.12/site-packages:/home/mikks/crazyflie_mapping_demo/ros2_ws/install/second_order_formation_control/lib/python3.12/site-packages:/home/mikks/crazyflie_mapping_demo/ros2_ws/install/ros_gz_crazyflie_control/lib/python3.12/site-packages:/home/mikks/crazyflie_mapping_demo/ros2_ws/install/mixed_fractional_consensus/lib/python3.12/site-packages:/home/mikks/crazyflie_mapping_demo/ros2_ws/install/lowest_pos/lib/python3.12/site-packages:/home/mikks/crazyflie_mapping_demo/ros2_ws/install/linear_consensus/lib/python3.12/site-packages:/home/mikks/crazyflie_mapping_demo/ros2_ws/install/highest_pos/lib/python3.12/site-packages:/home/mikks/crazyflie_mapping_demo/ros2_ws/install/fractional_consensus_alpha/lib/python3.12/site-packages:/home/mikks/crazyflie_mapping_demo/ros2_ws/install/event_triggered_swarm/lib/python3.12/site-packages:/home/mikks/crazyflie_mapping_demo/ros2_ws/install/drone_logger/lib/python3.12/site-packages:/home/mikks/crazyflie_mapping_demo/ros2_ws/install/distributed_average_tracking/lib/python3.12/site-packages:/home/mikks/crazyflie_mapping_demo/ros2_ws/install/crazyflie_swarm_logic/lib/python3.12/site-packages:/home/mikks/crazyflie_mapping_demo/ros2_ws/install/crazyflie_sim/lib/python3.12/site-packages:/home/mikks/crazyflie_mapping_demo/ros2_ws/install/crazyflie_ros2_multiranger_wall_following/lib/python3.12/site-packages:/home/mikks/crazyflie_mapping_demo/ros2_ws/install/crazyflie_ros2_multiranger_simple_mapper/lib/python3.12/site-packages:/home/mikks/crazyflie_mapping_demo/ros2_ws/install/crazyflie_examples/lib/python3.12/site-packages:/home/mikks/crazyflie_mapping_demo/ros2_ws/install/crazyflie_py/lib/python3.12/site-packages:/home/mikks/crazyflie_mapping_demo/ros2_ws/install/crazyflie_interfaces/lib/python3.12/site-packages:/home/mikks/crazyflie_mapping_demo/ros2_ws/install/cooperative_target_centric_formation/lib/python3.12/site-packages:/home/mikks/crazyflie_mapping_demo/ros2_ws/install/containment_using_agent_information/lib/python3.12/site-packages:/home/mikks/crazyflie_mapping_demo/ros2_ws/install/consensus_for_double_integrator/lib/python3.12/site-packages:/home/mikks/crazyflie_mapping_demo/ros2_ws/install/consensus_alignment/lib/python3.12/site-packages:/home/mikks/crazyflie_mapping_demo/ros2_ws/install/binary_consensus/lib/python3.12/site-packages:/home/mikks/crazyflie_mapping_demo/ros2_ws/install/Second_Order_Min_Consensus_for_Heterogeneous_Agents/lib/python3.12/site-packages:/home/mikks/crazyflie_mapping_demo/ros2_ws/install/BinaryContainmentChain/lib/python3.12/site-packages:/opt/ros/jazzy/lib/python3.12/site-packages /usr/bin/cmake --build /home/mikks/ros2_px4_ws/build/example_mode_goto_cpp -- -j12 -l12
[4.544s] DEBUG:colcon.colcon_core.event_handler.log_command:Invoking command in '/home/mikks/ros2_px4_ws/build/example_mode_goto_global_cpp': CMAKE_PREFIX_PATH=/home/mikks/ros2_px4_ws/install/px4_ros2_cpp:/home/mikks/ros2_px4_ws/install/px4_msgs:/home/mikks/ros2_px4_ws/install/px4_ros_com:/home/mikks/ros2_px4_ws/install/px4_ros2_py:/home/mikks/ros2_px4_ws/install/example_rover_velocity_mode_cpp:/home/mikks/ros2_px4_ws/install/example_mode_with_executor_cpp:/home/mikks/ros2_px4_ws/install/example_mode_vtol_cpp:/home/mikks/ros2_px4_ws/install/example_mode_rtl_replacement_cpp:/home/mikks/ros2_px4_ws/install/example_mode_mission_cpp:/home/mikks/ros2_px4_ws/install/example_mode_manual_cpp:/home/mikks/ros2_px4_ws/install/example_mode_goto_global_cpp:/home/mikks/ros2_px4_ws/install/example_mode_goto_cpp:/home/mikks/ros2_px4_ws/install/example_mode_fw_attitude_cpp:/home/mikks/ros2_px4_ws/install/example_local_navigation_cpp:/home/mikks/ros2_px4_ws/install/example_global_navigation_cpp:/home/mikks/ros2_px4_ws/install/example_executor_with_multiple_modes_cpp:/home/mikks/crazyflie_mapping_demo/ros2_ws/install/crazyflie_ros2_multiranger_bringup:/home/mikks/crazyflie_mapping_demo/ros2_ws/install/ros_gz_crazyflie_bringup:/home/mikks/crazyflie_mapping_demo/ros2_ws/install/ros_gz_crazyflie_gazebo:/home/mikks/crazyflie_mapping_demo/ros2_ws/install/crazyflie_sim:/home/mikks/crazyflie_mapping_demo/ros2_ws/install/crazyflie_examples:/home/mikks/crazyflie_mapping_demo/ros2_ws/install/crazyflie:/home/mikks/crazyflie_mapping_demo/ros2_ws/install/crazyflie_interfaces:/opt/ros/jazzy/opt/gz_sim_vendor:/opt/ros/jazzy/opt/gz_sensors_vendor:/opt/ros/jazzy/opt/gz_physics_vendor:/opt/ros/jazzy/opt/sdformat_vendor:/opt/ros/jazzy/opt/gz_gui_vendor:/opt/ros/jazzy/opt/gz_transport_vendor:/opt/ros/jazzy/opt/gz_rendering_vendor:/opt/ros/jazzy/opt/gz_plugin_vendor:/opt/ros/jazzy/opt/gz_fuel_tools_vendor:/opt/ros/jazzy/opt/gz_msgs_vendor:/opt/ros/jazzy/opt/gz_common_vendor:/opt/ros/jazzy/opt/gz_math_vendor:/opt/ros/jazzy/opt/gz_utils_vendor:/opt/ros/jazzy/opt/gz_tools_vendor:/opt/ros/jazzy/opt/gz_ogre_next_vendor:/opt/ros/jazzy/opt/gz_dartsim_vendor:/opt/ros/jazzy/opt/gz_cmake_vendor:/home/mikks/ros2_px4_ws/install/x500_hover_controller:/home/mikks/ros2_px4_ws/install/example_mode_with_rclpy_py:/home/mikks/ros2_px4_ws/install/example_mode_goto_py:/home/mikks/ros2_px4_ws/install/px4_actuator_ctrl:/home/mikks/ros2_ws/install/rover_desc_description:/home/mikks/ros2_ws/install/px4_actuator_ctrl:/home/mikks/ros2_ws/install/mine_rover_description:/home/mikks/ros2_ws/install/ZerionURDFV5cp_description:/home/mikks/crazyflie_mapping_demo/ros2_ws/install/velocity_free_consensus:/home/mikks/crazyflie_mapping_demo/ros2_ws/install/stepwise_lowpos:/home/mikks/crazyflie_mapping_demo/ros2_ws/install/step_wise_lowpos:/home/mikks/crazyflie_mapping_demo/ros2_ws/install/second_order_formation_control:/home/mikks/crazyflie_mapping_demo/ros2_ws/install/ros_gz_crazyflie_control:/home/mikks/crazyflie_mapping_demo/ros2_ws/install/mixed_fractional_consensus:/home/mikks/crazyflie_mapping_demo/ros2_ws/install/lowest_pos:/home/mikks/crazyflie_mapping_demo/ros2_ws/install/linear_consensus:/home/mikks/crazyflie_mapping_demo/ros2_ws/install/highest_pos:/home/mikks/crazyflie_mapping_demo/ros2_ws/install/fractional_consensus_alpha:/home/mikks/crazyflie_mapping_demo/ros2_ws/install/event_triggered_swarm:/home/mikks/crazyflie_mapping_demo/ros2_ws/install/drone_logger:/home/mikks/crazyflie_mapping_demo/ros2_ws/install/distributed_average_tracking:/home/mikks/crazyflie_mapping_demo/ros2_ws/install/crazyflie_swarm_logic:/home/mikks/crazyflie_mapping_demo/ros2_ws/install/crazyflie_ros2_multiranger_wall_following:/home/mikks/crazyflie_mapping_demo/ros2_ws/install/crazyflie_ros2_multiranger_simple_mapper:/home/mikks/crazyflie_mapping_demo/ros2_ws/install/crazyflie_py:/home/mikks/crazyflie_mapping_demo/ros2_ws/install/cooperative_target_centric_formation:/home/mikks/crazyflie_mapping_demo/ros2_ws/install/containment_using_agent_information:/home/mikks/crazyflie_mapping_demo/ros2_ws/install/consensus_for_double_integrator:/home/mikks/crazyflie_mapping_demo/ros2_ws/install/consensus_alignment:/home/mikks/crazyflie_mapping_demo/ros2_ws/install/binary_consensus:/home/mikks/crazyflie_mapping_demo/ros2_ws/install/Second_Order_Min_Consensus_for_Heterogeneous_Agents:/home/mikks/crazyflie_mapping_demo/ros2_ws/install/BinaryContainmentChain:/opt/ros/jazzy DEBUGINFOD_URLS=https://debuginfod.ubuntu.com LD_LIBRARY_PATH=/home/mikks/ros2_px4_ws/install/px4_ros2_cpp/lib:/home/mikks/ros2_px4_ws/install/px4_msgs/lib:/home/mikks/ros2_px4_ws/install/px4_ros_com/lib:/home/mikks/NatNet_SDK_4.3_ubuntu/lib:/home/mikks/crazyflie_mapping_demo/ros2_ws/install/crazyflie_interfaces/lib:/opt/ros/jazzy/opt/gz_sim_vendor/lib:/opt/ros/jazzy/opt/gz_sensors_vendor/lib:/opt/ros/jazzy/opt/gz_physics_vendor/lib:/opt/ros/jazzy/opt/sdformat_vendor/lib:/opt/ros/jazzy/opt/rviz_ogre_vendor/lib:/opt/ros/jazzy/lib/x86_64-linux-gnu:/opt/ros/jazzy/opt/gz_gui_vendor/lib:/opt/ros/jazzy/opt/gz_transport_vendor/lib:/opt/ros/jazzy/opt/gz_rendering_vendor/lib:/opt/ros/jazzy/opt/gz_plugin_vendor/lib:/opt/ros/jazzy/opt/gz_fuel_tools_vendor/lib:/opt/ros/jazzy/opt/gz_msgs_vendor/lib:/opt/ros/jazzy/opt/gz_common_vendor/lib:/opt/ros/jazzy/opt/gz_math_vendor/lib:/opt/ros/jazzy/opt/gz_utils_vendor/lib:/opt/ros/jazzy/opt/gz_tools_vendor/lib:/opt/ros/jazzy/opt/gz_ogre_next_vendor/lib:/opt/ros/jazzy/opt/gz_dartsim_vendor/lib:/opt/ros/jazzy/opt/gz_cmake_vendor/lib:/opt/ros/jazzy/lib PYTHONPATH=/home/mikks/ros2_px4_ws/install/px4_msgs/lib/python3.12/site-packages:/home/mikks/ros2_px4_ws/build/x500_hover_controller:/home/mikks/ros2_px4_ws/install/x500_hover_controller/lib/python3.12/site-packages:/home/mikks/ros2_px4_ws/install/px4_ros_com/lib/python3.12/site-packages:/home/mikks/ros2_px4_ws/build/example_mode_with_rclpy_py:/home/mikks/ros2_px4_ws/install/example_mode_with_rclpy_py/lib/python3.12/site-packages:/home/mikks/ros2_px4_ws/build/example_mode_goto_py:/home/mikks/ros2_px4_ws/install/example_mode_goto_py/lib/python3.12/site-packages:/home/mikks/ros2_px4_ws/install/px4_ros2_py/lib/python3.12/site-packages:/home/mikks/ros2_px4_ws/build/px4_actuator_ctrl:/home/mikks/ros2_px4_ws/install/px4_actuator_ctrl/lib/python3.12/site-packages:/home/mikks/ros2_ws/build/rover_desc_description:/home/mikks/ros2_ws/install/rover_desc_description/lib/python3.12/site-packages:/home/mikks/ros2_ws/install/px4_actuator_ctrl/lib/python3.12/site-packages:/home/mikks/ros2_ws/build/mine_rover_description:/home/mikks/ros2_ws/install/mine_rover_description/lib/python3.12/site-packages:/home/mikks/ros2_ws/build/ZerionURDFV5cp_description:/home/mikks/ros2_ws/install/ZerionURDFV5cp_description/lib/python3.12/site-packages:/home/mikks/crazyflie_mapping_demo/ros2_ws/install/velocity_free_consensus/lib/python3.12/site-packages:/home/mikks/crazyflie_mapping_demo/ros2_ws/install/stepwise_lowpos/lib/python3.12/site-packages:/home/mikks/crazyflie_mapping_demo/ros2_ws/install/step_wise_lowpos/lib/python3.12/site-packages:/home/mikks/crazyflie_mapping_demo/ros2_ws/install/second_order_formation_control/lib/python3.12/site-packages:/home/mikks/crazyflie_mapping_demo/ros2_ws/install/ros_gz_crazyflie_control/lib/python3.12/site-packages:/home/mikks/crazyflie_mapping_demo/ros2_ws/install/mixed_fractional_consensus/lib/python3.12/site-packages:/home/mikks/crazyflie_mapping_demo/ros2_ws/install/lowest_pos/lib/python3.12/site-packages:/home/mikks/crazyflie_mapping_demo/ros2_ws/install/linear_consensus/lib/python3.12/site-packages:/home/mikks/crazyflie_mapping_demo/ros2_ws/install/highest_pos/lib/python3.12/site-packages:/home/mikks/crazyflie_mapping_demo/ros2_ws/install/fractional_consensus_alpha/lib/python3.12/site-packages:/home/mikks/crazyflie_mapping_demo/ros2_ws/install/event_triggered_swarm/lib/python3.12/site-packages:/home/mikks/crazyflie_mapping_demo/ros2_ws/install/drone_logger/lib/python3.12/site-packages:/home/mikks/crazyflie_mapping_demo/ros2_ws/install/distributed_average_tracking/lib/python3.12/site-packages:/home/mikks/crazyflie_mapping_demo/ros2_ws/install/crazyflie_swarm_logic/lib/python3.12/site-packages:/home/mikks/crazyflie_mapping_demo/ros2_ws/install/crazyflie_sim/lib/python3.12/site-packages:/home/mikks/crazyflie_mapping_demo/ros2_ws/install/crazyflie_ros2_multiranger_wall_following/lib/python3.12/site-packages:/home/mikks/crazyflie_mapping_demo/ros2_ws/install/crazyflie_ros2_multiranger_simple_mapper/lib/python3.12/site-packages:/home/mikks/crazyflie_mapping_demo/ros2_ws/install/crazyflie_examples/lib/python3.12/site-packages:/home/mikks/crazyflie_mapping_demo/ros2_ws/install/crazyflie_py/lib/python3.12/site-packages:/home/mikks/crazyflie_mapping_demo/ros2_ws/install/crazyflie_interfaces/lib/python3.12/site-packages:/home/mikks/crazyflie_mapping_demo/ros2_ws/install/cooperative_target_centric_formation/lib/python3.12/site-packages:/home/mikks/crazyflie_mapping_demo/ros2_ws/install/containment_using_agent_information/lib/python3.12/site-packages:/home/mikks/crazyflie_mapping_demo/ros2_ws/install/consensus_for_double_integrator/lib/python3.12/site-packages:/home/mikks/crazyflie_mapping_demo/ros2_ws/install/consensus_alignment/lib/python3.12/site-packages:/home/mikks/crazyflie_mapping_demo/ros2_ws/install/binary_consensus/lib/python3.12/site-packages:/home/mikks/crazyflie_mapping_demo/ros2_ws/install/Second_Order_Min_Consensus_for_Heterogeneous_Agents/lib/python3.12/site-packages:/home/mikks/crazyflie_mapping_demo/ros2_ws/install/BinaryContainmentChain/lib/python3.12/site-packages:/opt/ros/jazzy/lib/python3.12/site-packages /usr/bin/cmake --build /home/mikks/ros2_px4_ws/build/example_mode_goto_global_cpp -- -j12 -l12
[4.547s] DEBUG:colcon.colcon_core.event_handler.log_command:Invoking command in '/home/mikks/ros2_px4_ws/build/example_mode_manual_cpp': CMAKE_PREFIX_PATH=/home/mikks/ros2_px4_ws/install/px4_ros2_cpp:/home/mikks/ros2_px4_ws/install/px4_msgs:/home/mikks/ros2_px4_ws/install/px4_ros_com:/home/mikks/ros2_px4_ws/install/px4_ros2_py:/home/mikks/ros2_px4_ws/install/example_rover_velocity_mode_cpp:/home/mikks/ros2_px4_ws/install/example_mode_with_executor_cpp:/home/mikks/ros2_px4_ws/install/example_mode_vtol_cpp:/home/mikks/ros2_px4_ws/install/example_mode_rtl_replacement_cpp:/home/mikks/ros2_px4_ws/install/example_mode_mission_cpp:/home/mikks/ros2_px4_ws/install/example_mode_manual_cpp:/home/mikks/ros2_px4_ws/install/example_mode_goto_global_cpp:/home/mikks/ros2_px4_ws/install/example_mode_goto_cpp:/home/mikks/ros2_px4_ws/install/example_mode_fw_attitude_cpp:/home/mikks/ros2_px4_ws/install/example_local_navigation_cpp:/home/mikks/ros2_px4_ws/install/example_global_navigation_cpp:/home/mikks/ros2_px4_ws/install/example_executor_with_multiple_modes_cpp:/home/mikks/crazyflie_mapping_demo/ros2_ws/install/crazyflie_ros2_multiranger_bringup:/home/mikks/crazyflie_mapping_demo/ros2_ws/install/ros_gz_crazyflie_bringup:/home/mikks/crazyflie_mapping_demo/ros2_ws/install/ros_gz_crazyflie_gazebo:/home/mikks/crazyflie_mapping_demo/ros2_ws/install/crazyflie_sim:/home/mikks/crazyflie_mapping_demo/ros2_ws/install/crazyflie_examples:/home/mikks/crazyflie_mapping_demo/ros2_ws/install/crazyflie:/home/mikks/crazyflie_mapping_demo/ros2_ws/install/crazyflie_interfaces:/opt/ros/jazzy/opt/gz_sim_vendor:/opt/ros/jazzy/opt/gz_sensors_vendor:/opt/ros/jazzy/opt/gz_physics_vendor:/opt/ros/jazzy/opt/sdformat_vendor:/opt/ros/jazzy/opt/gz_gui_vendor:/opt/ros/jazzy/opt/gz_transport_vendor:/opt/ros/jazzy/opt/gz_rendering_vendor:/opt/ros/jazzy/opt/gz_plugin_vendor:/opt/ros/jazzy/opt/gz_fuel_tools_vendor:/opt/ros/jazzy/opt/gz_msgs_vendor:/opt/ros/jazzy/opt/gz_common_vendor:/opt/ros/jazzy/opt/gz_math_vendor:/opt/ros/jazzy/opt/gz_utils_vendor:/opt/ros/jazzy/opt/gz_tools_vendor:/opt/ros/jazzy/opt/gz_ogre_next_vendor:/opt/ros/jazzy/opt/gz_dartsim_vendor:/opt/ros/jazzy/opt/gz_cmake_vendor:/home/mikks/ros2_px4_ws/install/x500_hover_controller:/home/mikks/ros2_px4_ws/install/example_mode_with_rclpy_py:/home/mikks/ros2_px4_ws/install/example_mode_goto_py:/home/mikks/ros2_px4_ws/install/px4_actuator_ctrl:/home/mikks/ros2_ws/install/rover_desc_description:/home/mikks/ros2_ws/install/px4_actuator_ctrl:/home/mikks/ros2_ws/install/mine_rover_description:/home/mikks/ros2_ws/install/ZerionURDFV5cp_description:/home/mikks/crazyflie_mapping_demo/ros2_ws/install/velocity_free_consensus:/home/mikks/crazyflie_mapping_demo/ros2_ws/install/stepwise_lowpos:/home/mikks/crazyflie_mapping_demo/ros2_ws/install/step_wise_lowpos:/home/mikks/crazyflie_mapping_demo/ros2_ws/install/second_order_formation_control:/home/mikks/crazyflie_mapping_demo/ros2_ws/install/ros_gz_crazyflie_control:/home/mikks/crazyflie_mapping_demo/ros2_ws/install/mixed_fractional_consensus:/home/mikks/crazyflie_mapping_demo/ros2_ws/install/lowest_pos:/home/mikks/crazyflie_mapping_demo/ros2_ws/install/linear_consensus:/home/mikks/crazyflie_mapping_demo/ros2_ws/install/highest_pos:/home/mikks/crazyflie_mapping_demo/ros2_ws/install/fractional_consensus_alpha:/home/mikks/crazyflie_mapping_demo/ros2_ws/install/event_triggered_swarm:/home/mikks/crazyflie_mapping_demo/ros2_ws/install/drone_logger:/home/mikks/crazyflie_mapping_demo/ros2_ws/install/distributed_average_tracking:/home/mikks/crazyflie_mapping_demo/ros2_ws/install/crazyflie_swarm_logic:/home/mikks/crazyflie_mapping_demo/ros2_ws/install/crazyflie_ros2_multiranger_wall_following:/home/mikks/crazyflie_mapping_demo/ros2_ws/install/crazyflie_ros2_multiranger_simple_mapper:/home/mikks/crazyflie_mapping_demo/ros2_ws/install/crazyflie_py:/home/mikks/crazyflie_mapping_demo/ros2_ws/install/cooperative_target_centric_formation:/home/mikks/crazyflie_mapping_demo/ros2_ws/install/containment_using_agent_information:/home/mikks/crazyflie_mapping_demo/ros2_ws/install/consensus_for_double_integrator:/home/mikks/crazyflie_mapping_demo/ros2_ws/install/consensus_alignment:/home/mikks/crazyflie_mapping_demo/ros2_ws/install/binary_consensus:/home/mikks/crazyflie_mapping_demo/ros2_ws/install/Second_Order_Min_Consensus_for_Heterogeneous_Agents:/home/mikks/crazyflie_mapping_demo/ros2_ws/install/BinaryContainmentChain:/opt/ros/jazzy DEBUGINFOD_URLS=https://debuginfod.ubuntu.com LD_LIBRARY_PATH=/home/mikks/ros2_px4_ws/install/px4_ros2_cpp/lib:/home/mikks/ros2_px4_ws/install/px4_msgs/lib:/home/mikks/ros2_px4_ws/install/px4_ros_com/lib:/home/mikks/NatNet_SDK_4.3_ubuntu/lib:/home/mikks/crazyflie_mapping_demo/ros2_ws/install/crazyflie_interfaces/lib:/opt/ros/jazzy/opt/gz_sim_vendor/lib:/opt/ros/jazzy/opt/gz_sensors_vendor/lib:/opt/ros/jazzy/opt/gz_physics_vendor/lib:/opt/ros/jazzy/opt/sdformat_vendor/lib:/opt/ros/jazzy/opt/rviz_ogre_vendor/lib:/opt/ros/jazzy/lib/x86_64-linux-gnu:/opt/ros/jazzy/opt/gz_gui_vendor/lib:/opt/ros/jazzy/opt/gz_transport_vendor/lib:/opt/ros/jazzy/opt/gz_rendering_vendor/lib:/opt/ros/jazzy/opt/gz_plugin_vendor/lib:/opt/ros/jazzy/opt/gz_fuel_tools_vendor/lib:/opt/ros/jazzy/opt/gz_msgs_vendor/lib:/opt/ros/jazzy/opt/gz_common_vendor/lib:/opt/ros/jazzy/opt/gz_math_vendor/lib:/opt/ros/jazzy/opt/gz_utils_vendor/lib:/opt/ros/jazzy/opt/gz_tools_vendor/lib:/opt/ros/jazzy/opt/gz_ogre_next_vendor/lib:/opt/ros/jazzy/opt/gz_dartsim_vendor/lib:/opt/ros/jazzy/opt/gz_cmake_vendor/lib:/opt/ros/jazzy/lib PYTHONPATH=/home/mikks/ros2_px4_ws/install/px4_msgs/lib/python3.12/site-packages:/home/mikks/ros2_px4_ws/build/x500_hover_controller:/home/mikks/ros2_px4_ws/install/x500_hover_controller/lib/python3.12/site-packages:/home/mikks/ros2_px4_ws/install/px4_ros_com/lib/python3.12/site-packages:/home/mikks/ros2_px4_ws/build/example_mode_with_rclpy_py:/home/mikks/ros2_px4_ws/install/example_mode_with_rclpy_py/lib/python3.12/site-packages:/home/mikks/ros2_px4_ws/build/example_mode_goto_py:/home/mikks/ros2_px4_ws/install/example_mode_goto_py/lib/python3.12/site-packages:/home/mikks/ros2_px4_ws/install/px4_ros2_py/lib/python3.12/site-packages:/home/mikks/ros2_px4_ws/build/px4_actuator_ctrl:/home/mikks/ros2_px4_ws/install/px4_actuator_ctrl/lib/python3.12/site-packages:/home/mikks/ros2_ws/build/rover_desc_description:/home/mikks/ros2_ws/install/rover_desc_description/lib/python3.12/site-packages:/home/mikks/ros2_ws/install/px4_actuator_ctrl/lib/python3.12/site-packages:/home/mikks/ros2_ws/build/mine_rover_description:/home/mikks/ros2_ws/install/mine_rover_description/lib/python3.12/site-packages:/home/mikks/ros2_ws/build/ZerionURDFV5cp_description:/home/mikks/ros2_ws/install/ZerionURDFV5cp_description/lib/python3.12/site-packages:/home/mikks/crazyflie_mapping_demo/ros2_ws/install/velocity_free_consensus/lib/python3.12/site-packages:/home/mikks/crazyflie_mapping_demo/ros2_ws/install/stepwise_lowpos/lib/python3.12/site-packages:/home/mikks/crazyflie_mapping_demo/ros2_ws/install/step_wise_lowpos/lib/python3.12/site-packages:/home/mikks/crazyflie_mapping_demo/ros2_ws/install/second_order_formation_control/lib/python3.12/site-packages:/home/mikks/crazyflie_mapping_demo/ros2_ws/install/ros_gz_crazyflie_control/lib/python3.12/site-packages:/home/mikks/crazyflie_mapping_demo/ros2_ws/install/mixed_fractional_consensus/lib/python3.12/site-packages:/home/mikks/crazyflie_mapping_demo/ros2_ws/install/lowest_pos/lib/python3.12/site-packages:/home/mikks/crazyflie_mapping_demo/ros2_ws/install/linear_consensus/lib/python3.12/site-packages:/home/mikks/crazyflie_mapping_demo/ros2_ws/install/highest_pos/lib/python3.12/site-packages:/home/mikks/crazyflie_mapping_demo/ros2_ws/install/fractional_consensus_alpha/lib/python3.12/site-packages:/home/mikks/crazyflie_mapping_demo/ros2_ws/install/event_triggered_swarm/lib/python3.12/site-packages:/home/mikks/crazyflie_mapping_demo/ros2_ws/install/drone_logger/lib/python3.12/site-packages:/home/mikks/crazyflie_mapping_demo/ros2_ws/install/distributed_average_tracking/lib/python3.12/site-packages:/home/mikks/crazyflie_mapping_demo/ros2_ws/install/crazyflie_swarm_logic/lib/python3.12/site-packages:/home/mikks/crazyflie_mapping_demo/ros2_ws/install/crazyflie_sim/lib/python3.12/site-packages:/home/mikks/crazyflie_mapping_demo/ros2_ws/install/crazyflie_ros2_multiranger_wall_following/lib/python3.12/site-packages:/home/mikks/crazyflie_mapping_demo/ros2_ws/install/crazyflie_ros2_multiranger_simple_mapper/lib/python3.12/site-packages:/home/mikks/crazyflie_mapping_demo/ros2_ws/install/crazyflie_examples/lib/python3.12/site-packages:/home/mikks/crazyflie_mapping_demo/ros2_ws/install/crazyflie_py/lib/python3.12/site-packages:/home/mikks/crazyflie_mapping_demo/ros2_ws/install/crazyflie_interfaces/lib/python3.12/site-packages:/home/mikks/crazyflie_mapping_demo/ros2_ws/install/cooperative_target_centric_formation/lib/python3.12/site-packages:/home/mikks/crazyflie_mapping_demo/ros2_ws/install/containment_using_agent_information/lib/python3.12/site-packages:/home/mikks/crazyflie_mapping_demo/ros2_ws/install/consensus_for_double_integrator/lib/python3.12/site-packages:/home/mikks/crazyflie_mapping_demo/ros2_ws/install/consensus_alignment/lib/python3.12/site-packages:/home/mikks/crazyflie_mapping_demo/ros2_ws/install/binary_consensus/lib/python3.12/site-packages:/home/mikks/crazyflie_mapping_demo/ros2_ws/install/Second_Order_Min_Consensus_for_Heterogeneous_Agents/lib/python3.12/site-packages:/home/mikks/crazyflie_mapping_demo/ros2_ws/install/BinaryContainmentChain/lib/python3.12/site-packages:/opt/ros/jazzy/lib/python3.12/site-packages /usr/bin/cmake --build /home/mikks/ros2_px4_ws/build/example_mode_manual_cpp -- -j12 -l12
[4.572s] DEBUG:colcon.colcon_core.event_handler.log_command:Invoking command in '/home/mikks/ros2_px4_ws/build/example_mode_mission_cpp': CMAKE_PREFIX_PATH=/home/mikks/ros2_px4_ws/install/px4_ros2_cpp:/home/mikks/ros2_px4_ws/install/px4_msgs:/home/mikks/ros2_px4_ws/install/px4_ros_com:/home/mikks/ros2_px4_ws/install/px4_ros2_py:/home/mikks/ros2_px4_ws/install/example_rover_velocity_mode_cpp:/home/mikks/ros2_px4_ws/install/example_mode_with_executor_cpp:/home/mikks/ros2_px4_ws/install/example_mode_vtol_cpp:/home/mikks/ros2_px4_ws/install/example_mode_rtl_replacement_cpp:/home/mikks/ros2_px4_ws/install/example_mode_mission_cpp:/home/mikks/ros2_px4_ws/install/example_mode_manual_cpp:/home/mikks/ros2_px4_ws/install/example_mode_goto_global_cpp:/home/mikks/ros2_px4_ws/install/example_mode_goto_cpp:/home/mikks/ros2_px4_ws/install/example_mode_fw_attitude_cpp:/home/mikks/ros2_px4_ws/install/example_local_navigation_cpp:/home/mikks/ros2_px4_ws/install/example_global_navigation_cpp:/home/mikks/ros2_px4_ws/install/example_executor_with_multiple_modes_cpp:/home/mikks/crazyflie_mapping_demo/ros2_ws/install/crazyflie_ros2_multiranger_bringup:/home/mikks/crazyflie_mapping_demo/ros2_ws/install/ros_gz_crazyflie_bringup:/home/mikks/crazyflie_mapping_demo/ros2_ws/install/ros_gz_crazyflie_gazebo:/home/mikks/crazyflie_mapping_demo/ros2_ws/install/crazyflie_sim:/home/mikks/crazyflie_mapping_demo/ros2_ws/install/crazyflie_examples:/home/mikks/crazyflie_mapping_demo/ros2_ws/install/crazyflie:/home/mikks/crazyflie_mapping_demo/ros2_ws/install/crazyflie_interfaces:/opt/ros/jazzy/opt/gz_sim_vendor:/opt/ros/jazzy/opt/gz_sensors_vendor:/opt/ros/jazzy/opt/gz_physics_vendor:/opt/ros/jazzy/opt/sdformat_vendor:/opt/ros/jazzy/opt/gz_gui_vendor:/opt/ros/jazzy/opt/gz_transport_vendor:/opt/ros/jazzy/opt/gz_rendering_vendor:/opt/ros/jazzy/opt/gz_plugin_vendor:/opt/ros/jazzy/opt/gz_fuel_tools_vendor:/opt/ros/jazzy/opt/gz_msgs_vendor:/opt/ros/jazzy/opt/gz_common_vendor:/opt/ros/jazzy/opt/gz_math_vendor:/opt/ros/jazzy/opt/gz_utils_vendor:/opt/ros/jazzy/opt/gz_tools_vendor:/opt/ros/jazzy/opt/gz_ogre_next_vendor:/opt/ros/jazzy/opt/gz_dartsim_vendor:/opt/ros/jazzy/opt/gz_cmake_vendor:/home/mikks/ros2_px4_ws/install/x500_hover_controller:/home/mikks/ros2_px4_ws/install/example_mode_with_rclpy_py:/home/mikks/ros2_px4_ws/install/example_mode_goto_py:/home/mikks/ros2_px4_ws/install/px4_actuator_ctrl:/home/mikks/ros2_ws/install/rover_desc_description:/home/mikks/ros2_ws/install/px4_actuator_ctrl:/home/mikks/ros2_ws/install/mine_rover_description:/home/mikks/ros2_ws/install/ZerionURDFV5cp_description:/home/mikks/crazyflie_mapping_demo/ros2_ws/install/velocity_free_consensus:/home/mikks/crazyflie_mapping_demo/ros2_ws/install/stepwise_lowpos:/home/mikks/crazyflie_mapping_demo/ros2_ws/install/step_wise_lowpos:/home/mikks/crazyflie_mapping_demo/ros2_ws/install/second_order_formation_control:/home/mikks/crazyflie_mapping_demo/ros2_ws/install/ros_gz_crazyflie_control:/home/mikks/crazyflie_mapping_demo/ros2_ws/install/mixed_fractional_consensus:/home/mikks/crazyflie_mapping_demo/ros2_ws/install/lowest_pos:/home/mikks/crazyflie_mapping_demo/ros2_ws/install/linear_consensus:/home/mikks/crazyflie_mapping_demo/ros2_ws/install/highest_pos:/home/mikks/crazyflie_mapping_demo/ros2_ws/install/fractional_consensus_alpha:/home/mikks/crazyflie_mapping_demo/ros2_ws/install/event_triggered_swarm:/home/mikks/crazyflie_mapping_demo/ros2_ws/install/drone_logger:/home/mikks/crazyflie_mapping_demo/ros2_ws/install/distributed_average_tracking:/home/mikks/crazyflie_mapping_demo/ros2_ws/install/crazyflie_swarm_logic:/home/mikks/crazyflie_mapping_demo/ros2_ws/install/crazyflie_ros2_multiranger_wall_following:/home/mikks/crazyflie_mapping_demo/ros2_ws/install/crazyflie_ros2_multiranger_simple_mapper:/home/mikks/crazyflie_mapping_demo/ros2_ws/install/crazyflie_py:/home/mikks/crazyflie_mapping_demo/ros2_ws/install/cooperative_target_centric_formation:/home/mikks/crazyflie_mapping_demo/ros2_ws/install/containment_using_agent_information:/home/mikks/crazyflie_mapping_demo/ros2_ws/install/consensus_for_double_integrator:/home/mikks/crazyflie_mapping_demo/ros2_ws/install/consensus_alignment:/home/mikks/crazyflie_mapping_demo/ros2_ws/install/binary_consensus:/home/mikks/crazyflie_mapping_demo/ros2_ws/install/Second_Order_Min_Consensus_for_Heterogeneous_Agents:/home/mikks/crazyflie_mapping_demo/ros2_ws/install/BinaryContainmentChain:/opt/ros/jazzy DEBUGINFOD_URLS=https://debuginfod.ubuntu.com LD_LIBRARY_PATH=/home/mikks/ros2_px4_ws/install/px4_ros2_cpp/lib:/home/mikks/ros2_px4_ws/install/px4_msgs/lib:/home/mikks/ros2_px4_ws/install/px4_ros_com/lib:/home/mikks/NatNet_SDK_4.3_ubuntu/lib:/home/mikks/crazyflie_mapping_demo/ros2_ws/install/crazyflie_interfaces/lib:/opt/ros/jazzy/opt/gz_sim_vendor/lib:/opt/ros/jazzy/opt/gz_sensors_vendor/lib:/opt/ros/jazzy/opt/gz_physics_vendor/lib:/opt/ros/jazzy/opt/sdformat_vendor/lib:/opt/ros/jazzy/opt/rviz_ogre_vendor/lib:/opt/ros/jazzy/lib/x86_64-linux-gnu:/opt/ros/jazzy/opt/gz_gui_vendor/lib:/opt/ros/jazzy/opt/gz_transport_vendor/lib:/opt/ros/jazzy/opt/gz_rendering_vendor/lib:/opt/ros/jazzy/opt/gz_plugin_vendor/lib:/opt/ros/jazzy/opt/gz_fuel_tools_vendor/lib:/opt/ros/jazzy/opt/gz_msgs_vendor/lib:/opt/ros/jazzy/opt/gz_common_vendor/lib:/opt/ros/jazzy/opt/gz_math_vendor/lib:/opt/ros/jazzy/opt/gz_utils_vendor/lib:/opt/ros/jazzy/opt/gz_tools_vendor/lib:/opt/ros/jazzy/opt/gz_ogre_next_vendor/lib:/opt/ros/jazzy/opt/gz_dartsim_vendor/lib:/opt/ros/jazzy/opt/gz_cmake_vendor/lib:/opt/ros/jazzy/lib PYTHONPATH=/home/mikks/ros2_px4_ws/install/px4_msgs/lib/python3.12/site-packages:/home/mikks/ros2_px4_ws/build/x500_hover_controller:/home/mikks/ros2_px4_ws/install/x500_hover_controller/lib/python3.12/site-packages:/home/mikks/ros2_px4_ws/install/px4_ros_com/lib/python3.12/site-packages:/home/mikks/ros2_px4_ws/build/example_mode_with_rclpy_py:/home/mikks/ros2_px4_ws/install/example_mode_with_rclpy_py/lib/python3.12/site-packages:/home/mikks/ros2_px4_ws/build/example_mode_goto_py:/home/mikks/ros2_px4_ws/install/example_mode_goto_py/lib/python3.12/site-packages:/home/mikks/ros2_px4_ws/install/px4_ros2_py/lib/python3.12/site-packages:/home/mikks/ros2_px4_ws/build/px4_actuator_ctrl:/home/mikks/ros2_px4_ws/install/px4_actuator_ctrl/lib/python3.12/site-packages:/home/mikks/ros2_ws/build/rover_desc_description:/home/mikks/ros2_ws/install/rover_desc_description/lib/python3.12/site-packages:/home/mikks/ros2_ws/install/px4_actuator_ctrl/lib/python3.12/site-packages:/home/mikks/ros2_ws/build/mine_rover_description:/home/mikks/ros2_ws/install/mine_rover_description/lib/python3.12/site-packages:/home/mikks/ros2_ws/build/ZerionURDFV5cp_description:/home/mikks/ros2_ws/install/ZerionURDFV5cp_description/lib/python3.12/site-packages:/home/mikks/crazyflie_mapping_demo/ros2_ws/install/velocity_free_consensus/lib/python3.12/site-packages:/home/mikks/crazyflie_mapping_demo/ros2_ws/install/stepwise_lowpos/lib/python3.12/site-packages:/home/mikks/crazyflie_mapping_demo/ros2_ws/install/step_wise_lowpos/lib/python3.12/site-packages:/home/mikks/crazyflie_mapping_demo/ros2_ws/install/second_order_formation_control/lib/python3.12/site-packages:/home/mikks/crazyflie_mapping_demo/ros2_ws/install/ros_gz_crazyflie_control/lib/python3.12/site-packages:/home/mikks/crazyflie_mapping_demo/ros2_ws/install/mixed_fractional_consensus/lib/python3.12/site-packages:/home/mikks/crazyflie_mapping_demo/ros2_ws/install/lowest_pos/lib/python3.12/site-packages:/home/mikks/crazyflie_mapping_demo/ros2_ws/install/linear_consensus/lib/python3.12/site-packages:/home/mikks/crazyflie_mapping_demo/ros2_ws/install/highest_pos/lib/python3.12/site-packages:/home/mikks/crazyflie_mapping_demo/ros2_ws/install/fractional_consensus_alpha/lib/python3.12/site-packages:/home/mikks/crazyflie_mapping_demo/ros2_ws/install/event_triggered_swarm/lib/python3.12/site-packages:/home/mikks/crazyflie_mapping_demo/ros2_ws/install/drone_logger/lib/python3.12/site-packages:/home/mikks/crazyflie_mapping_demo/ros2_ws/install/distributed_average_tracking/lib/python3.12/site-packages:/home/mikks/crazyflie_mapping_demo/ros2_ws/install/crazyflie_swarm_logic/lib/python3.12/site-packages:/home/mikks/crazyflie_mapping_demo/ros2_ws/install/crazyflie_sim/lib/python3.12/site-packages:/home/mikks/crazyflie_mapping_demo/ros2_ws/install/crazyflie_ros2_multiranger_wall_following/lib/python3.12/site-packages:/home/mikks/crazyflie_mapping_demo/ros2_ws/install/crazyflie_ros2_multiranger_simple_mapper/lib/python3.12/site-packages:/home/mikks/crazyflie_mapping_demo/ros2_ws/install/crazyflie_examples/lib/python3.12/site-packages:/home/mikks/crazyflie_mapping_demo/ros2_ws/install/crazyflie_py/lib/python3.12/site-packages:/home/mikks/crazyflie_mapping_demo/ros2_ws/install/crazyflie_interfaces/lib/python3.12/site-packages:/home/mikks/crazyflie_mapping_demo/ros2_ws/install/cooperative_target_centric_formation/lib/python3.12/site-packages:/home/mikks/crazyflie_mapping_demo/ros2_ws/install/containment_using_agent_information/lib/python3.12/site-packages:/home/mikks/crazyflie_mapping_demo/ros2_ws/install/consensus_for_double_integrator/lib/python3.12/site-packages:/home/mikks/crazyflie_mapping_demo/ros2_ws/install/consensus_alignment/lib/python3.12/site-packages:/home/mikks/crazyflie_mapping_demo/ros2_ws/install/binary_consensus/lib/python3.12/site-packages:/home/mikks/crazyflie_mapping_demo/ros2_ws/install/Second_Order_Min_Consensus_for_Heterogeneous_Agents/lib/python3.12/site-packages:/home/mikks/crazyflie_mapping_demo/ros2_ws/install/BinaryContainmentChain/lib/python3.12/site-packages:/opt/ros/jazzy/lib/python3.12/site-packages /usr/bin/cmake --build /home/mikks/ros2_px4_ws/build/example_mode_mission_cpp -- -j12 -l12
[4.600s] DEBUG:colcon.colcon_core.event_handler.log_command:Invoked command in '/home/mikks/ros2_px4_ws/build/px4_ros_com' returned '0': CMAKE_PREFIX_PATH=/home/mikks/ros2_px4_ws/install/px4_msgs:/home/mikks/ros2_px4_ws/install/px4_ros_com:/home/mikks/ros2_px4_ws/install/px4_ros2_py:/home/mikks/ros2_px4_ws/install/example_rover_velocity_mode_cpp:/home/mikks/ros2_px4_ws/install/example_mode_with_executor_cpp:/home/mikks/ros2_px4_ws/install/example_mode_vtol_cpp:/home/mikks/ros2_px4_ws/install/example_mode_rtl_replacement_cpp:/home/mikks/ros2_px4_ws/install/example_mode_mission_cpp:/home/mikks/ros2_px4_ws/install/example_mode_manual_cpp:/home/mikks/ros2_px4_ws/install/example_mode_goto_global_cpp:/home/mikks/ros2_px4_ws/install/example_mode_goto_cpp:/home/mikks/ros2_px4_ws/install/example_mode_fw_attitude_cpp:/home/mikks/ros2_px4_ws/install/example_local_navigation_cpp:/home/mikks/ros2_px4_ws/install/example_global_navigation_cpp:/home/mikks/ros2_px4_ws/install/example_executor_with_multiple_modes_cpp:/home/mikks/ros2_px4_ws/install/px4_ros2_cpp:/home/mikks/crazyflie_mapping_demo/ros2_ws/install/crazyflie_ros2_multiranger_bringup:/home/mikks/crazyflie_mapping_demo/ros2_ws/install/ros_gz_crazyflie_bringup:/home/mikks/crazyflie_mapping_demo/ros2_ws/install/ros_gz_crazyflie_gazebo:/home/mikks/crazyflie_mapping_demo/ros2_ws/install/crazyflie_sim:/home/mikks/crazyflie_mapping_demo/ros2_ws/install/crazyflie_examples:/home/mikks/crazyflie_mapping_demo/ros2_ws/install/crazyflie:/home/mikks/crazyflie_mapping_demo/ros2_ws/install/crazyflie_interfaces:/opt/ros/jazzy/opt/gz_sim_vendor:/opt/ros/jazzy/opt/gz_sensors_vendor:/opt/ros/jazzy/opt/gz_physics_vendor:/opt/ros/jazzy/opt/sdformat_vendor:/opt/ros/jazzy/opt/gz_gui_vendor:/opt/ros/jazzy/opt/gz_transport_vendor:/opt/ros/jazzy/opt/gz_rendering_vendor:/opt/ros/jazzy/opt/gz_plugin_vendor:/opt/ros/jazzy/opt/gz_fuel_tools_vendor:/opt/ros/jazzy/opt/gz_msgs_vendor:/opt/ros/jazzy/opt/gz_common_vendor:/opt/ros/jazzy/opt/gz_math_vendor:/opt/ros/jazzy/opt/gz_utils_vendor:/opt/ros/jazzy/opt/gz_tools_vendor:/opt/ros/jazzy/opt/gz_ogre_next_vendor:/opt/ros/jazzy/opt/gz_dartsim_vendor:/opt/ros/jazzy/opt/gz_cmake_vendor:/home/mikks/ros2_px4_ws/install/x500_hover_controller:/home/mikks/ros2_px4_ws/install/example_mode_with_rclpy_py:/home/mikks/ros2_px4_ws/install/example_mode_goto_py:/home/mikks/ros2_px4_ws/install/px4_actuator_ctrl:/home/mikks/ros2_ws/install/rover_desc_description:/home/mikks/ros2_ws/install/px4_actuator_ctrl:/home/mikks/ros2_ws/install/mine_rover_description:/home/mikks/ros2_ws/install/ZerionURDFV5cp_description:/home/mikks/crazyflie_mapping_demo/ros2_ws/install/velocity_free_consensus:/home/mikks/crazyflie_mapping_demo/ros2_ws/install/stepwise_lowpos:/home/mikks/crazyflie_mapping_demo/ros2_ws/install/step_wise_lowpos:/home/mikks/crazyflie_mapping_demo/ros2_ws/install/second_order_formation_control:/home/mikks/crazyflie_mapping_demo/ros2_ws/install/ros_gz_crazyflie_control:/home/mikks/crazyflie_mapping_demo/ros2_ws/install/mixed_fractional_consensus:/home/mikks/crazyflie_mapping_demo/ros2_ws/install/lowest_pos:/home/mikks/crazyflie_mapping_demo/ros2_ws/install/linear_consensus:/home/mikks/crazyflie_mapping_demo/ros2_ws/install/highest_pos:/home/mikks/crazyflie_mapping_demo/ros2_ws/install/fractional_consensus_alpha:/home/mikks/crazyflie_mapping_demo/ros2_ws/install/event_triggered_swarm:/home/mikks/crazyflie_mapping_demo/ros2_ws/install/drone_logger:/home/mikks/crazyflie_mapping_demo/ros2_ws/install/distributed_average_tracking:/home/mikks/crazyflie_mapping_demo/ros2_ws/install/crazyflie_swarm_logic:/home/mikks/crazyflie_mapping_demo/ros2_ws/install/crazyflie_ros2_multiranger_wall_following:/home/mikks/crazyflie_mapping_demo/ros2_ws/install/crazyflie_ros2_multiranger_simple_mapper:/home/mikks/crazyflie_mapping_demo/ros2_ws/install/crazyflie_py:/home/mikks/crazyflie_mapping_demo/ros2_ws/install/cooperative_target_centric_formation:/home/mikks/crazyflie_mapping_demo/ros2_ws/install/containment_using_agent_information:/home/mikks/crazyflie_mapping_demo/ros2_ws/install/consensus_for_double_integrator:/home/mikks/crazyflie_mapping_demo/ros2_ws/install/consensus_alignment:/home/mikks/crazyflie_mapping_demo/ros2_ws/install/binary_consensus:/home/mikks/crazyflie_mapping_demo/ros2_ws/install/Second_Order_Min_Consensus_for_Heterogeneous_Agents:/home/mikks/crazyflie_mapping_demo/ros2_ws/install/BinaryContainmentChain:/opt/ros/jazzy DEBUGINFOD_URLS=https://debuginfod.ubuntu.com LD_LIBRARY_PATH=/home/mikks/ros2_px4_ws/install/px4_msgs/lib:/home/mikks/ros2_px4_ws/install/px4_ros_com/lib:/home/mikks/ros2_px4_ws/install/px4_ros2_cpp/lib:/home/mikks/NatNet_SDK_4.3_ubuntu/lib:/home/mikks/crazyflie_mapping_demo/ros2_ws/install/crazyflie_interfaces/lib:/opt/ros/jazzy/opt/gz_sim_vendor/lib:/opt/ros/jazzy/opt/gz_sensors_vendor/lib:/opt/ros/jazzy/opt/gz_physics_vendor/lib:/opt/ros/jazzy/opt/sdformat_vendor/lib:/opt/ros/jazzy/opt/rviz_ogre_vendor/lib:/opt/ros/jazzy/lib/x86_64-linux-gnu:/opt/ros/jazzy/opt/gz_gui_vendor/lib:/opt/ros/jazzy/opt/gz_transport_vendor/lib:/opt/ros/jazzy/opt/gz_rendering_vendor/lib:/opt/ros/jazzy/opt/gz_plugin_vendor/lib:/opt/ros/jazzy/opt/gz_fuel_tools_vendor/lib:/opt/ros/jazzy/opt/gz_msgs_vendor/lib:/opt/ros/jazzy/opt/gz_common_vendor/lib:/opt/ros/jazzy/opt/gz_math_vendor/lib:/opt/ros/jazzy/opt/gz_utils_vendor/lib:/opt/ros/jazzy/opt/gz_tools_vendor/lib:/opt/ros/jazzy/opt/gz_ogre_next_vendor/lib:/opt/ros/jazzy/opt/gz_dartsim_vendor/lib:/opt/ros/jazzy/opt/gz_cmake_vendor/lib:/opt/ros/jazzy/lib PYTHONPATH=/home/mikks/ros2_px4_ws/install/px4_msgs/lib/python3.12/site-packages:/home/mikks/ros2_px4_ws/build/x500_hover_controller:/home/mikks/ros2_px4_ws/install/x500_hover_controller/lib/python3.12/site-packages:/home/mikks/ros2_px4_ws/install/px4_ros_com/lib/python3.12/site-packages:/home/mikks/ros2_px4_ws/build/example_mode_with_rclpy_py:/home/mikks/ros2_px4_ws/install/example_mode_with_rclpy_py/lib/python3.12/site-packages:/home/mikks/ros2_px4_ws/build/example_mode_goto_py:/home/mikks/ros2_px4_ws/install/example_mode_goto_py/lib/python3.12/site-packages:/home/mikks/ros2_px4_ws/install/px4_ros2_py/lib/python3.12/site-packages:/home/mikks/ros2_px4_ws/build/px4_actuator_ctrl:/home/mikks/ros2_px4_ws/install/px4_actuator_ctrl/lib/python3.12/site-packages:/home/mikks/ros2_ws/build/rover_desc_description:/home/mikks/ros2_ws/install/rover_desc_description/lib/python3.12/site-packages:/home/mikks/ros2_ws/install/px4_actuator_ctrl/lib/python3.12/site-packages:/home/mikks/ros2_ws/build/mine_rover_description:/home/mikks/ros2_ws/install/mine_rover_description/lib/python3.12/site-packages:/home/mikks/ros2_ws/build/ZerionURDFV5cp_description:/home/mikks/ros2_ws/install/ZerionURDFV5cp_description/lib/python3.12/site-packages:/home/mikks/crazyflie_mapping_demo/ros2_ws/install/velocity_free_consensus/lib/python3.12/site-packages:/home/mikks/crazyflie_mapping_demo/ros2_ws/install/stepwise_lowpos/lib/python3.12/site-packages:/home/mikks/crazyflie_mapping_demo/ros2_ws/install/step_wise_lowpos/lib/python3.12/site-packages:/home/mikks/crazyflie_mapping_demo/ros2_ws/install/second_order_formation_control/lib/python3.12/site-packages:/home/mikks/crazyflie_mapping_demo/ros2_ws/install/ros_gz_crazyflie_control/lib/python3.12/site-packages:/home/mikks/crazyflie_mapping_demo/ros2_ws/install/mixed_fractional_consensus/lib/python3.12/site-packages:/home/mikks/crazyflie_mapping_demo/ros2_ws/install/lowest_pos/lib/python3.12/site-packages:/home/mikks/crazyflie_mapping_demo/ros2_ws/install/linear_consensus/lib/python3.12/site-packages:/home/mikks/crazyflie_mapping_demo/ros2_ws/install/highest_pos/lib/python3.12/site-packages:/home/mikks/crazyflie_mapping_demo/ros2_ws/install/fractional_consensus_alpha/lib/python3.12/site-packages:/home/mikks/crazyflie_mapping_demo/ros2_ws/install/event_triggered_swarm/lib/python3.12/site-packages:/home/mikks/crazyflie_mapping_demo/ros2_ws/install/drone_logger/lib/python3.12/site-packages:/home/mikks/crazyflie_mapping_demo/ros2_ws/install/distributed_average_tracking/lib/python3.12/site-packages:/home/mikks/crazyflie_mapping_demo/ros2_ws/install/crazyflie_swarm_logic/lib/python3.12/site-packages:/home/mikks/crazyflie_mapping_demo/ros2_ws/install/crazyflie_sim/lib/python3.12/site-packages:/home/mikks/crazyflie_mapping_demo/ros2_ws/install/crazyflie_ros2_multiranger_wall_following/lib/python3.12/site-packages:/home/mikks/crazyflie_mapping_demo/ros2_ws/install/crazyflie_ros2_multiranger_simple_mapper/lib/python3.12/site-packages:/home/mikks/crazyflie_mapping_demo/ros2_ws/install/crazyflie_examples/lib/python3.12/site-packages:/home/mikks/crazyflie_mapping_demo/ros2_ws/install/crazyflie_py/lib/python3.12/site-packages:/home/mikks/crazyflie_mapping_demo/ros2_ws/install/crazyflie_interfaces/lib/python3.12/site-packages:/home/mikks/crazyflie_mapping_demo/ros2_ws/install/cooperative_target_centric_formation/lib/python3.12/site-packages:/home/mikks/crazyflie_mapping_demo/ros2_ws/install/containment_using_agent_information/lib/python3.12/site-packages:/home/mikks/crazyflie_mapping_demo/ros2_ws/install/consensus_for_double_integrator/lib/python3.12/site-packages:/home/mikks/crazyflie_mapping_demo/ros2_ws/install/consensus_alignment/lib/python3.12/site-packages:/home/mikks/crazyflie_mapping_demo/ros2_ws/install/binary_consensus/lib/python3.12/site-packages:/home/mikks/crazyflie_mapping_demo/ros2_ws/install/Second_Order_Min_Consensus_for_Heterogeneous_Agents/lib/python3.12/site-packages:/home/mikks/crazyflie_mapping_demo/ros2_ws/install/BinaryContainmentChain/lib/python3.12/site-packages:/opt/ros/jazzy/lib/python3.12/site-packages /usr/bin/cmake --build /home/mikks/ros2_px4_ws/build/px4_ros_com -- -j12 -l12
[4.602s] DEBUG:colcon.colcon_core.event_handler.log_command:Invoking command in '/home/mikks/ros2_px4_ws/build/px4_ros_com': CMAKE_PREFIX_PATH=/home/mikks/ros2_px4_ws/install/px4_msgs:/home/mikks/ros2_px4_ws/install/px4_ros_com:/home/mikks/ros2_px4_ws/install/px4_ros2_py:/home/mikks/ros2_px4_ws/install/example_rover_velocity_mode_cpp:/home/mikks/ros2_px4_ws/install/example_mode_with_executor_cpp:/home/mikks/ros2_px4_ws/install/example_mode_vtol_cpp:/home/mikks/ros2_px4_ws/install/example_mode_rtl_replacement_cpp:/home/mikks/ros2_px4_ws/install/example_mode_mission_cpp:/home/mikks/ros2_px4_ws/install/example_mode_manual_cpp:/home/mikks/ros2_px4_ws/install/example_mode_goto_global_cpp:/home/mikks/ros2_px4_ws/install/example_mode_goto_cpp:/home/mikks/ros2_px4_ws/install/example_mode_fw_attitude_cpp:/home/mikks/ros2_px4_ws/install/example_local_navigation_cpp:/home/mikks/ros2_px4_ws/install/example_global_navigation_cpp:/home/mikks/ros2_px4_ws/install/example_executor_with_multiple_modes_cpp:/home/mikks/ros2_px4_ws/install/px4_ros2_cpp:/home/mikks/crazyflie_mapping_demo/ros2_ws/install/crazyflie_ros2_multiranger_bringup:/home/mikks/crazyflie_mapping_demo/ros2_ws/install/ros_gz_crazyflie_bringup:/home/mikks/crazyflie_mapping_demo/ros2_ws/install/ros_gz_crazyflie_gazebo:/home/mikks/crazyflie_mapping_demo/ros2_ws/install/crazyflie_sim:/home/mikks/crazyflie_mapping_demo/ros2_ws/install/crazyflie_examples:/home/mikks/crazyflie_mapping_demo/ros2_ws/install/crazyflie:/home/mikks/crazyflie_mapping_demo/ros2_ws/install/crazyflie_interfaces:/opt/ros/jazzy/opt/gz_sim_vendor:/opt/ros/jazzy/opt/gz_sensors_vendor:/opt/ros/jazzy/opt/gz_physics_vendor:/opt/ros/jazzy/opt/sdformat_vendor:/opt/ros/jazzy/opt/gz_gui_vendor:/opt/ros/jazzy/opt/gz_transport_vendor:/opt/ros/jazzy/opt/gz_rendering_vendor:/opt/ros/jazzy/opt/gz_plugin_vendor:/opt/ros/jazzy/opt/gz_fuel_tools_vendor:/opt/ros/jazzy/opt/gz_msgs_vendor:/opt/ros/jazzy/opt/gz_common_vendor:/opt/ros/jazzy/opt/gz_math_vendor:/opt/ros/jazzy/opt/gz_utils_vendor:/opt/ros/jazzy/opt/gz_tools_vendor:/opt/ros/jazzy/opt/gz_ogre_next_vendor:/opt/ros/jazzy/opt/gz_dartsim_vendor:/opt/ros/jazzy/opt/gz_cmake_vendor:/home/mikks/ros2_px4_ws/install/x500_hover_controller:/home/mikks/ros2_px4_ws/install/example_mode_with_rclpy_py:/home/mikks/ros2_px4_ws/install/example_mode_goto_py:/home/mikks/ros2_px4_ws/install/px4_actuator_ctrl:/home/mikks/ros2_ws/install/rover_desc_description:/home/mikks/ros2_ws/install/px4_actuator_ctrl:/home/mikks/ros2_ws/install/mine_rover_description:/home/mikks/ros2_ws/install/ZerionURDFV5cp_description:/home/mikks/crazyflie_mapping_demo/ros2_ws/install/velocity_free_consensus:/home/mikks/crazyflie_mapping_demo/ros2_ws/install/stepwise_lowpos:/home/mikks/crazyflie_mapping_demo/ros2_ws/install/step_wise_lowpos:/home/mikks/crazyflie_mapping_demo/ros2_ws/install/second_order_formation_control:/home/mikks/crazyflie_mapping_demo/ros2_ws/install/ros_gz_crazyflie_control:/home/mikks/crazyflie_mapping_demo/ros2_ws/install/mixed_fractional_consensus:/home/mikks/crazyflie_mapping_demo/ros2_ws/install/lowest_pos:/home/mikks/crazyflie_mapping_demo/ros2_ws/install/linear_consensus:/home/mikks/crazyflie_mapping_demo/ros2_ws/install/highest_pos:/home/mikks/crazyflie_mapping_demo/ros2_ws/install/fractional_consensus_alpha:/home/mikks/crazyflie_mapping_demo/ros2_ws/install/event_triggered_swarm:/home/mikks/crazyflie_mapping_demo/ros2_ws/install/drone_logger:/home/mikks/crazyflie_mapping_demo/ros2_ws/install/distributed_average_tracking:/home/mikks/crazyflie_mapping_demo/ros2_ws/install/crazyflie_swarm_logic:/home/mikks/crazyflie_mapping_demo/ros2_ws/install/crazyflie_ros2_multiranger_wall_following:/home/mikks/crazyflie_mapping_demo/ros2_ws/install/crazyflie_ros2_multiranger_simple_mapper:/home/mikks/crazyflie_mapping_demo/ros2_ws/install/crazyflie_py:/home/mikks/crazyflie_mapping_demo/ros2_ws/install/cooperative_target_centric_formation:/home/mikks/crazyflie_mapping_demo/ros2_ws/install/containment_using_agent_information:/home/mikks/crazyflie_mapping_demo/ros2_ws/install/consensus_for_double_integrator:/home/mikks/crazyflie_mapping_demo/ros2_ws/install/consensus_alignment:/home/mikks/crazyflie_mapping_demo/ros2_ws/install/binary_consensus:/home/mikks/crazyflie_mapping_demo/ros2_ws/install/Second_Order_Min_Consensus_for_Heterogeneous_Agents:/home/mikks/crazyflie_mapping_demo/ros2_ws/install/BinaryContainmentChain:/opt/ros/jazzy DEBUGINFOD_URLS=https://debuginfod.ubuntu.com LD_LIBRARY_PATH=/home/mikks/ros2_px4_ws/install/px4_msgs/lib:/home/mikks/ros2_px4_ws/install/px4_ros_com/lib:/home/mikks/ros2_px4_ws/install/px4_ros2_cpp/lib:/home/mikks/NatNet_SDK_4.3_ubuntu/lib:/home/mikks/crazyflie_mapping_demo/ros2_ws/install/crazyflie_interfaces/lib:/opt/ros/jazzy/opt/gz_sim_vendor/lib:/opt/ros/jazzy/opt/gz_sensors_vendor/lib:/opt/ros/jazzy/opt/gz_physics_vendor/lib:/opt/ros/jazzy/opt/sdformat_vendor/lib:/opt/ros/jazzy/opt/rviz_ogre_vendor/lib:/opt/ros/jazzy/lib/x86_64-linux-gnu:/opt/ros/jazzy/opt/gz_gui_vendor/lib:/opt/ros/jazzy/opt/gz_transport_vendor/lib:/opt/ros/jazzy/opt/gz_rendering_vendor/lib:/opt/ros/jazzy/opt/gz_plugin_vendor/lib:/opt/ros/jazzy/opt/gz_fuel_tools_vendor/lib:/opt/ros/jazzy/opt/gz_msgs_vendor/lib:/opt/ros/jazzy/opt/gz_common_vendor/lib:/opt/ros/jazzy/opt/gz_math_vendor/lib:/opt/ros/jazzy/opt/gz_utils_vendor/lib:/opt/ros/jazzy/opt/gz_tools_vendor/lib:/opt/ros/jazzy/opt/gz_ogre_next_vendor/lib:/opt/ros/jazzy/opt/gz_dartsim_vendor/lib:/opt/ros/jazzy/opt/gz_cmake_vendor/lib:/opt/ros/jazzy/lib PYTHONPATH=/home/mikks/ros2_px4_ws/install/px4_msgs/lib/python3.12/site-packages:/home/mikks/ros2_px4_ws/build/x500_hover_controller:/home/mikks/ros2_px4_ws/install/x500_hover_controller/lib/python3.12/site-packages:/home/mikks/ros2_px4_ws/install/px4_ros_com/lib/python3.12/site-packages:/home/mikks/ros2_px4_ws/build/example_mode_with_rclpy_py:/home/mikks/ros2_px4_ws/install/example_mode_with_rclpy_py/lib/python3.12/site-packages:/home/mikks/ros2_px4_ws/build/example_mode_goto_py:/home/mikks/ros2_px4_ws/install/example_mode_goto_py/lib/python3.12/site-packages:/home/mikks/ros2_px4_ws/install/px4_ros2_py/lib/python3.12/site-packages:/home/mikks/ros2_px4_ws/build/px4_actuator_ctrl:/home/mikks/ros2_px4_ws/install/px4_actuator_ctrl/lib/python3.12/site-packages:/home/mikks/ros2_ws/build/rover_desc_description:/home/mikks/ros2_ws/install/rover_desc_description/lib/python3.12/site-packages:/home/mikks/ros2_ws/install/px4_actuator_ctrl/lib/python3.12/site-packages:/home/mikks/ros2_ws/build/mine_rover_description:/home/mikks/ros2_ws/install/mine_rover_description/lib/python3.12/site-packages:/home/mikks/ros2_ws/build/ZerionURDFV5cp_description:/home/mikks/ros2_ws/install/ZerionURDFV5cp_description/lib/python3.12/site-packages:/home/mikks/crazyflie_mapping_demo/ros2_ws/install/velocity_free_consensus/lib/python3.12/site-packages:/home/mikks/crazyflie_mapping_demo/ros2_ws/install/stepwise_lowpos/lib/python3.12/site-packages:/home/mikks/crazyflie_mapping_demo/ros2_ws/install/step_wise_lowpos/lib/python3.12/site-packages:/home/mikks/crazyflie_mapping_demo/ros2_ws/install/second_order_formation_control/lib/python3.12/site-packages:/home/mikks/crazyflie_mapping_demo/ros2_ws/install/ros_gz_crazyflie_control/lib/python3.12/site-packages:/home/mikks/crazyflie_mapping_demo/ros2_ws/install/mixed_fractional_consensus/lib/python3.12/site-packages:/home/mikks/crazyflie_mapping_demo/ros2_ws/install/lowest_pos/lib/python3.12/site-packages:/home/mikks/crazyflie_mapping_demo/ros2_ws/install/linear_consensus/lib/python3.12/site-packages:/home/mikks/crazyflie_mapping_demo/ros2_ws/install/highest_pos/lib/python3.12/site-packages:/home/mikks/crazyflie_mapping_demo/ros2_ws/install/fractional_consensus_alpha/lib/python3.12/site-packages:/home/mikks/crazyflie_mapping_demo/ros2_ws/install/event_triggered_swarm/lib/python3.12/site-packages:/home/mikks/crazyflie_mapping_demo/ros2_ws/install/drone_logger/lib/python3.12/site-packages:/home/mikks/crazyflie_mapping_demo/ros2_ws/install/distributed_average_tracking/lib/python3.12/site-packages:/home/mikks/crazyflie_mapping_demo/ros2_ws/install/crazyflie_swarm_logic/lib/python3.12/site-packages:/home/mikks/crazyflie_mapping_demo/ros2_ws/install/crazyflie_sim/lib/python3.12/site-packages:/home/mikks/crazyflie_mapping_demo/ros2_ws/install/crazyflie_ros2_multiranger_wall_following/lib/python3.12/site-packages:/home/mikks/crazyflie_mapping_demo/ros2_ws/install/crazyflie_ros2_multiranger_simple_mapper/lib/python3.12/site-packages:/home/mikks/crazyflie_mapping_demo/ros2_ws/install/crazyflie_examples/lib/python3.12/site-packages:/home/mikks/crazyflie_mapping_demo/ros2_ws/install/crazyflie_py/lib/python3.12/site-packages:/home/mikks/crazyflie_mapping_demo/ros2_ws/install/crazyflie_interfaces/lib/python3.12/site-packages:/home/mikks/crazyflie_mapping_demo/ros2_ws/install/cooperative_target_centric_formation/lib/python3.12/site-packages:/home/mikks/crazyflie_mapping_demo/ros2_ws/install/containment_using_agent_information/lib/python3.12/site-packages:/home/mikks/crazyflie_mapping_demo/ros2_ws/install/consensus_for_double_integrator/lib/python3.12/site-packages:/home/mikks/crazyflie_mapping_demo/ros2_ws/install/consensus_alignment/lib/python3.12/site-packages:/home/mikks/crazyflie_mapping_demo/ros2_ws/install/binary_consensus/lib/python3.12/site-packages:/home/mikks/crazyflie_mapping_demo/ros2_ws/install/Second_Order_Min_Consensus_for_Heterogeneous_Agents/lib/python3.12/site-packages:/home/mikks/crazyflie_mapping_demo/ros2_ws/install/BinaryContainmentChain/lib/python3.12/site-packages:/opt/ros/jazzy/lib/python3.12/site-packages /usr/bin/cmake --install /home/mikks/ros2_px4_ws/build/px4_ros_com
[4.667s] DEBUG:colcon.colcon_core.event_handler.log_command:Invoked command in '/home/mikks/ros2_px4_ws/build/example_mode_fw_attitude_cpp' returned '0': CMAKE_PREFIX_PATH=/home/mikks/ros2_px4_ws/install/px4_ros2_cpp:/home/mikks/ros2_px4_ws/install/px4_msgs:/home/mikks/ros2_px4_ws/install/px4_ros_com:/home/mikks/ros2_px4_ws/install/px4_ros2_py:/home/mikks/ros2_px4_ws/install/example_rover_velocity_mode_cpp:/home/mikks/ros2_px4_ws/install/example_mode_with_executor_cpp:/home/mikks/ros2_px4_ws/install/example_mode_vtol_cpp:/home/mikks/ros2_px4_ws/install/example_mode_rtl_replacement_cpp:/home/mikks/ros2_px4_ws/install/example_mode_mission_cpp:/home/mikks/ros2_px4_ws/install/example_mode_manual_cpp:/home/mikks/ros2_px4_ws/install/example_mode_goto_global_cpp:/home/mikks/ros2_px4_ws/install/example_mode_goto_cpp:/home/mikks/ros2_px4_ws/install/example_mode_fw_attitude_cpp:/home/mikks/ros2_px4_ws/install/example_local_navigation_cpp:/home/mikks/ros2_px4_ws/install/example_global_navigation_cpp:/home/mikks/ros2_px4_ws/install/example_executor_with_multiple_modes_cpp:/home/mikks/crazyflie_mapping_demo/ros2_ws/install/crazyflie_ros2_multiranger_bringup:/home/mikks/crazyflie_mapping_demo/ros2_ws/install/ros_gz_crazyflie_bringup:/home/mikks/crazyflie_mapping_demo/ros2_ws/install/ros_gz_crazyflie_gazebo:/home/mikks/crazyflie_mapping_demo/ros2_ws/install/crazyflie_sim:/home/mikks/crazyflie_mapping_demo/ros2_ws/install/crazyflie_examples:/home/mikks/crazyflie_mapping_demo/ros2_ws/install/crazyflie:/home/mikks/crazyflie_mapping_demo/ros2_ws/install/crazyflie_interfaces:/opt/ros/jazzy/opt/gz_sim_vendor:/opt/ros/jazzy/opt/gz_sensors_vendor:/opt/ros/jazzy/opt/gz_physics_vendor:/opt/ros/jazzy/opt/sdformat_vendor:/opt/ros/jazzy/opt/gz_gui_vendor:/opt/ros/jazzy/opt/gz_transport_vendor:/opt/ros/jazzy/opt/gz_rendering_vendor:/opt/ros/jazzy/opt/gz_plugin_vendor:/opt/ros/jazzy/opt/gz_fuel_tools_vendor:/opt/ros/jazzy/opt/gz_msgs_vendor:/opt/ros/jazzy/opt/gz_common_vendor:/opt/ros/jazzy/opt/gz_math_vendor:/opt/ros/jazzy/opt/gz_utils_vendor:/opt/ros/jazzy/opt/gz_tools_vendor:/opt/ros/jazzy/opt/gz_ogre_next_vendor:/opt/ros/jazzy/opt/gz_dartsim_vendor:/opt/ros/jazzy/opt/gz_cmake_vendor:/home/mikks/ros2_px4_ws/install/x500_hover_controller:/home/mikks/ros2_px4_ws/install/example_mode_with_rclpy_py:/home/mikks/ros2_px4_ws/install/example_mode_goto_py:/home/mikks/ros2_px4_ws/install/px4_actuator_ctrl:/home/mikks/ros2_ws/install/rover_desc_description:/home/mikks/ros2_ws/install/px4_actuator_ctrl:/home/mikks/ros2_ws/install/mine_rover_description:/home/mikks/ros2_ws/install/ZerionURDFV5cp_description:/home/mikks/crazyflie_mapping_demo/ros2_ws/install/velocity_free_consensus:/home/mikks/crazyflie_mapping_demo/ros2_ws/install/stepwise_lowpos:/home/mikks/crazyflie_mapping_demo/ros2_ws/install/step_wise_lowpos:/home/mikks/crazyflie_mapping_demo/ros2_ws/install/second_order_formation_control:/home/mikks/crazyflie_mapping_demo/ros2_ws/install/ros_gz_crazyflie_control:/home/mikks/crazyflie_mapping_demo/ros2_ws/install/mixed_fractional_consensus:/home/mikks/crazyflie_mapping_demo/ros2_ws/install/lowest_pos:/home/mikks/crazyflie_mapping_demo/ros2_ws/install/linear_consensus:/home/mikks/crazyflie_mapping_demo/ros2_ws/install/highest_pos:/home/mikks/crazyflie_mapping_demo/ros2_ws/install/fractional_consensus_alpha:/home/mikks/crazyflie_mapping_demo/ros2_ws/install/event_triggered_swarm:/home/mikks/crazyflie_mapping_demo/ros2_ws/install/drone_logger:/home/mikks/crazyflie_mapping_demo/ros2_ws/install/distributed_average_tracking:/home/mikks/crazyflie_mapping_demo/ros2_ws/install/crazyflie_swarm_logic:/home/mikks/crazyflie_mapping_demo/ros2_ws/install/crazyflie_ros2_multiranger_wall_following:/home/mikks/crazyflie_mapping_demo/ros2_ws/install/crazyflie_ros2_multiranger_simple_mapper:/home/mikks/crazyflie_mapping_demo/ros2_ws/install/crazyflie_py:/home/mikks/crazyflie_mapping_demo/ros2_ws/install/cooperative_target_centric_formation:/home/mikks/crazyflie_mapping_demo/ros2_ws/install/containment_using_agent_information:/home/mikks/crazyflie_mapping_demo/ros2_ws/install/consensus_for_double_integrator:/home/mikks/crazyflie_mapping_demo/ros2_ws/install/consensus_alignment:/home/mikks/crazyflie_mapping_demo/ros2_ws/install/binary_consensus:/home/mikks/crazyflie_mapping_demo/ros2_ws/install/Second_Order_Min_Consensus_for_Heterogeneous_Agents:/home/mikks/crazyflie_mapping_demo/ros2_ws/install/BinaryContainmentChain:/opt/ros/jazzy DEBUGINFOD_URLS=https://debuginfod.ubuntu.com LD_LIBRARY_PATH=/home/mikks/ros2_px4_ws/install/px4_ros2_cpp/lib:/home/mikks/ros2_px4_ws/install/px4_msgs/lib:/home/mikks/ros2_px4_ws/install/px4_ros_com/lib:/home/mikks/NatNet_SDK_4.3_ubuntu/lib:/home/mikks/crazyflie_mapping_demo/ros2_ws/install/crazyflie_interfaces/lib:/opt/ros/jazzy/opt/gz_sim_vendor/lib:/opt/ros/jazzy/opt/gz_sensors_vendor/lib:/opt/ros/jazzy/opt/gz_physics_vendor/lib:/opt/ros/jazzy/opt/sdformat_vendor/lib:/opt/ros/jazzy/opt/rviz_ogre_vendor/lib:/opt/ros/jazzy/lib/x86_64-linux-gnu:/opt/ros/jazzy/opt/gz_gui_vendor/lib:/opt/ros/jazzy/opt/gz_transport_vendor/lib:/opt/ros/jazzy/opt/gz_rendering_vendor/lib:/opt/ros/jazzy/opt/gz_plugin_vendor/lib:/opt/ros/jazzy/opt/gz_fuel_tools_vendor/lib:/opt/ros/jazzy/opt/gz_msgs_vendor/lib:/opt/ros/jazzy/opt/gz_common_vendor/lib:/opt/ros/jazzy/opt/gz_math_vendor/lib:/opt/ros/jazzy/opt/gz_utils_vendor/lib:/opt/ros/jazzy/opt/gz_tools_vendor/lib:/opt/ros/jazzy/opt/gz_ogre_next_vendor/lib:/opt/ros/jazzy/opt/gz_dartsim_vendor/lib:/opt/ros/jazzy/opt/gz_cmake_vendor/lib:/opt/ros/jazzy/lib PYTHONPATH=/home/mikks/ros2_px4_ws/install/px4_msgs/lib/python3.12/site-packages:/home/mikks/ros2_px4_ws/build/x500_hover_controller:/home/mikks/ros2_px4_ws/install/x500_hover_controller/lib/python3.12/site-packages:/home/mikks/ros2_px4_ws/install/px4_ros_com/lib/python3.12/site-packages:/home/mikks/ros2_px4_ws/build/example_mode_with_rclpy_py:/home/mikks/ros2_px4_ws/install/example_mode_with_rclpy_py/lib/python3.12/site-packages:/home/mikks/ros2_px4_ws/build/example_mode_goto_py:/home/mikks/ros2_px4_ws/install/example_mode_goto_py/lib/python3.12/site-packages:/home/mikks/ros2_px4_ws/install/px4_ros2_py/lib/python3.12/site-packages:/home/mikks/ros2_px4_ws/build/px4_actuator_ctrl:/home/mikks/ros2_px4_ws/install/px4_actuator_ctrl/lib/python3.12/site-packages:/home/mikks/ros2_ws/build/rover_desc_description:/home/mikks/ros2_ws/install/rover_desc_description/lib/python3.12/site-packages:/home/mikks/ros2_ws/install/px4_actuator_ctrl/lib/python3.12/site-packages:/home/mikks/ros2_ws/build/mine_rover_description:/home/mikks/ros2_ws/install/mine_rover_description/lib/python3.12/site-packages:/home/mikks/ros2_ws/build/ZerionURDFV5cp_description:/home/mikks/ros2_ws/install/ZerionURDFV5cp_description/lib/python3.12/site-packages:/home/mikks/crazyflie_mapping_demo/ros2_ws/install/velocity_free_consensus/lib/python3.12/site-packages:/home/mikks/crazyflie_mapping_demo/ros2_ws/install/stepwise_lowpos/lib/python3.12/site-packages:/home/mikks/crazyflie_mapping_demo/ros2_ws/install/step_wise_lowpos/lib/python3.12/site-packages:/home/mikks/crazyflie_mapping_demo/ros2_ws/install/second_order_formation_control/lib/python3.12/site-packages:/home/mikks/crazyflie_mapping_demo/ros2_ws/install/ros_gz_crazyflie_control/lib/python3.12/site-packages:/home/mikks/crazyflie_mapping_demo/ros2_ws/install/mixed_fractional_consensus/lib/python3.12/site-packages:/home/mikks/crazyflie_mapping_demo/ros2_ws/install/lowest_pos/lib/python3.12/site-packages:/home/mikks/crazyflie_mapping_demo/ros2_ws/install/linear_consensus/lib/python3.12/site-packages:/home/mikks/crazyflie_mapping_demo/ros2_ws/install/highest_pos/lib/python3.12/site-packages:/home/mikks/crazyflie_mapping_demo/ros2_ws/install/fractional_consensus_alpha/lib/python3.12/site-packages:/home/mikks/crazyflie_mapping_demo/ros2_ws/install/event_triggered_swarm/lib/python3.12/site-packages:/home/mikks/crazyflie_mapping_demo/ros2_ws/install/drone_logger/lib/python3.12/site-packages:/home/mikks/crazyflie_mapping_demo/ros2_ws/install/distributed_average_tracking/lib/python3.12/site-packages:/home/mikks/crazyflie_mapping_demo/ros2_ws/install/crazyflie_swarm_logic/lib/python3.12/site-packages:/home/mikks/crazyflie_mapping_demo/ros2_ws/install/crazyflie_sim/lib/python3.12/site-packages:/home/mikks/crazyflie_mapping_demo/ros2_ws/install/crazyflie_ros2_multiranger_wall_following/lib/python3.12/site-packages:/home/mikks/crazyflie_mapping_demo/ros2_ws/install/crazyflie_ros2_multiranger_simple_mapper/lib/python3.12/site-packages:/home/mikks/crazyflie_mapping_demo/ros2_ws/install/crazyflie_examples/lib/python3.12/site-packages:/home/mikks/crazyflie_mapping_demo/ros2_ws/install/crazyflie_py/lib/python3.12/site-packages:/home/mikks/crazyflie_mapping_demo/ros2_ws/install/crazyflie_interfaces/lib/python3.12/site-packages:/home/mikks/crazyflie_mapping_demo/ros2_ws/install/cooperative_target_centric_formation/lib/python3.12/site-packages:/home/mikks/crazyflie_mapping_demo/ros2_ws/install/containment_using_agent_information/lib/python3.12/site-packages:/home/mikks/crazyflie_mapping_demo/ros2_ws/install/consensus_for_double_integrator/lib/python3.12/site-packages:/home/mikks/crazyflie_mapping_demo/ros2_ws/install/consensus_alignment/lib/python3.12/site-packages:/home/mikks/crazyflie_mapping_demo/ros2_ws/install/binary_consensus/lib/python3.12/site-packages:/home/mikks/crazyflie_mapping_demo/ros2_ws/install/Second_Order_Min_Consensus_for_Heterogeneous_Agents/lib/python3.12/site-packages:/home/mikks/crazyflie_mapping_demo/ros2_ws/install/BinaryContainmentChain/lib/python3.12/site-packages:/opt/ros/jazzy/lib/python3.12/site-packages /usr/bin/cmake --build /home/mikks/ros2_px4_ws/build/example_mode_fw_attitude_cpp -- -j12 -l12
[4.671s] DEBUG:colcon.colcon_core.event_handler.log_command:Invoking command in '/home/mikks/ros2_px4_ws/build/example_mode_fw_attitude_cpp': CMAKE_PREFIX_PATH=/home/mikks/ros2_px4_ws/install/px4_ros2_cpp:/home/mikks/ros2_px4_ws/install/px4_msgs:/home/mikks/ros2_px4_ws/install/px4_ros_com:/home/mikks/ros2_px4_ws/install/px4_ros2_py:/home/mikks/ros2_px4_ws/install/example_rover_velocity_mode_cpp:/home/mikks/ros2_px4_ws/install/example_mode_with_executor_cpp:/home/mikks/ros2_px4_ws/install/example_mode_vtol_cpp:/home/mikks/ros2_px4_ws/install/example_mode_rtl_replacement_cpp:/home/mikks/ros2_px4_ws/install/example_mode_mission_cpp:/home/mikks/ros2_px4_ws/install/example_mode_manual_cpp:/home/mikks/ros2_px4_ws/install/example_mode_goto_global_cpp:/home/mikks/ros2_px4_ws/install/example_mode_goto_cpp:/home/mikks/ros2_px4_ws/install/example_mode_fw_attitude_cpp:/home/mikks/ros2_px4_ws/install/example_local_navigation_cpp:/home/mikks/ros2_px4_ws/install/example_global_navigation_cpp:/home/mikks/ros2_px4_ws/install/example_executor_with_multiple_modes_cpp:/home/mikks/crazyflie_mapping_demo/ros2_ws/install/crazyflie_ros2_multiranger_bringup:/home/mikks/crazyflie_mapping_demo/ros2_ws/install/ros_gz_crazyflie_bringup:/home/mikks/crazyflie_mapping_demo/ros2_ws/install/ros_gz_crazyflie_gazebo:/home/mikks/crazyflie_mapping_demo/ros2_ws/install/crazyflie_sim:/home/mikks/crazyflie_mapping_demo/ros2_ws/install/crazyflie_examples:/home/mikks/crazyflie_mapping_demo/ros2_ws/install/crazyflie:/home/mikks/crazyflie_mapping_demo/ros2_ws/install/crazyflie_interfaces:/opt/ros/jazzy/opt/gz_sim_vendor:/opt/ros/jazzy/opt/gz_sensors_vendor:/opt/ros/jazzy/opt/gz_physics_vendor:/opt/ros/jazzy/opt/sdformat_vendor:/opt/ros/jazzy/opt/gz_gui_vendor:/opt/ros/jazzy/opt/gz_transport_vendor:/opt/ros/jazzy/opt/gz_rendering_vendor:/opt/ros/jazzy/opt/gz_plugin_vendor:/opt/ros/jazzy/opt/gz_fuel_tools_vendor:/opt/ros/jazzy/opt/gz_msgs_vendor:/opt/ros/jazzy/opt/gz_common_vendor:/opt/ros/jazzy/opt/gz_math_vendor:/opt/ros/jazzy/opt/gz_utils_vendor:/opt/ros/jazzy/opt/gz_tools_vendor:/opt/ros/jazzy/opt/gz_ogre_next_vendor:/opt/ros/jazzy/opt/gz_dartsim_vendor:/opt/ros/jazzy/opt/gz_cmake_vendor:/home/mikks/ros2_px4_ws/install/x500_hover_controller:/home/mikks/ros2_px4_ws/install/example_mode_with_rclpy_py:/home/mikks/ros2_px4_ws/install/example_mode_goto_py:/home/mikks/ros2_px4_ws/install/px4_actuator_ctrl:/home/mikks/ros2_ws/install/rover_desc_description:/home/mikks/ros2_ws/install/px4_actuator_ctrl:/home/mikks/ros2_ws/install/mine_rover_description:/home/mikks/ros2_ws/install/ZerionURDFV5cp_description:/home/mikks/crazyflie_mapping_demo/ros2_ws/install/velocity_free_consensus:/home/mikks/crazyflie_mapping_demo/ros2_ws/install/stepwise_lowpos:/home/mikks/crazyflie_mapping_demo/ros2_ws/install/step_wise_lowpos:/home/mikks/crazyflie_mapping_demo/ros2_ws/install/second_order_formation_control:/home/mikks/crazyflie_mapping_demo/ros2_ws/install/ros_gz_crazyflie_control:/home/mikks/crazyflie_mapping_demo/ros2_ws/install/mixed_fractional_consensus:/home/mikks/crazyflie_mapping_demo/ros2_ws/install/lowest_pos:/home/mikks/crazyflie_mapping_demo/ros2_ws/install/linear_consensus:/home/mikks/crazyflie_mapping_demo/ros2_ws/install/highest_pos:/home/mikks/crazyflie_mapping_demo/ros2_ws/install/fractional_consensus_alpha:/home/mikks/crazyflie_mapping_demo/ros2_ws/install/event_triggered_swarm:/home/mikks/crazyflie_mapping_demo/ros2_ws/install/drone_logger:/home/mikks/crazyflie_mapping_demo/ros2_ws/install/distributed_average_tracking:/home/mikks/crazyflie_mapping_demo/ros2_ws/install/crazyflie_swarm_logic:/home/mikks/crazyflie_mapping_demo/ros2_ws/install/crazyflie_ros2_multiranger_wall_following:/home/mikks/crazyflie_mapping_demo/ros2_ws/install/crazyflie_ros2_multiranger_simple_mapper:/home/mikks/crazyflie_mapping_demo/ros2_ws/install/crazyflie_py:/home/mikks/crazyflie_mapping_demo/ros2_ws/install/cooperative_target_centric_formation:/home/mikks/crazyflie_mapping_demo/ros2_ws/install/containment_using_agent_information:/home/mikks/crazyflie_mapping_demo/ros2_ws/install/consensus_for_double_integrator:/home/mikks/crazyflie_mapping_demo/ros2_ws/install/consensus_alignment:/home/mikks/crazyflie_mapping_demo/ros2_ws/install/binary_consensus:/home/mikks/crazyflie_mapping_demo/ros2_ws/install/Second_Order_Min_Consensus_for_Heterogeneous_Agents:/home/mikks/crazyflie_mapping_demo/ros2_ws/install/BinaryContainmentChain:/opt/ros/jazzy DEBUGINFOD_URLS=https://debuginfod.ubuntu.com LD_LIBRARY_PATH=/home/mikks/ros2_px4_ws/install/px4_ros2_cpp/lib:/home/mikks/ros2_px4_ws/install/px4_msgs/lib:/home/mikks/ros2_px4_ws/install/px4_ros_com/lib:/home/mikks/NatNet_SDK_4.3_ubuntu/lib:/home/mikks/crazyflie_mapping_demo/ros2_ws/install/crazyflie_interfaces/lib:/opt/ros/jazzy/opt/gz_sim_vendor/lib:/opt/ros/jazzy/opt/gz_sensors_vendor/lib:/opt/ros/jazzy/opt/gz_physics_vendor/lib:/opt/ros/jazzy/opt/sdformat_vendor/lib:/opt/ros/jazzy/opt/rviz_ogre_vendor/lib:/opt/ros/jazzy/lib/x86_64-linux-gnu:/opt/ros/jazzy/opt/gz_gui_vendor/lib:/opt/ros/jazzy/opt/gz_transport_vendor/lib:/opt/ros/jazzy/opt/gz_rendering_vendor/lib:/opt/ros/jazzy/opt/gz_plugin_vendor/lib:/opt/ros/jazzy/opt/gz_fuel_tools_vendor/lib:/opt/ros/jazzy/opt/gz_msgs_vendor/lib:/opt/ros/jazzy/opt/gz_common_vendor/lib:/opt/ros/jazzy/opt/gz_math_vendor/lib:/opt/ros/jazzy/opt/gz_utils_vendor/lib:/opt/ros/jazzy/opt/gz_tools_vendor/lib:/opt/ros/jazzy/opt/gz_ogre_next_vendor/lib:/opt/ros/jazzy/opt/gz_dartsim_vendor/lib:/opt/ros/jazzy/opt/gz_cmake_vendor/lib:/opt/ros/jazzy/lib PYTHONPATH=/home/mikks/ros2_px4_ws/install/px4_msgs/lib/python3.12/site-packages:/home/mikks/ros2_px4_ws/build/x500_hover_controller:/home/mikks/ros2_px4_ws/install/x500_hover_controller/lib/python3.12/site-packages:/home/mikks/ros2_px4_ws/install/px4_ros_com/lib/python3.12/site-packages:/home/mikks/ros2_px4_ws/build/example_mode_with_rclpy_py:/home/mikks/ros2_px4_ws/install/example_mode_with_rclpy_py/lib/python3.12/site-packages:/home/mikks/ros2_px4_ws/build/example_mode_goto_py:/home/mikks/ros2_px4_ws/install/example_mode_goto_py/lib/python3.12/site-packages:/home/mikks/ros2_px4_ws/install/px4_ros2_py/lib/python3.12/site-packages:/home/mikks/ros2_px4_ws/build/px4_actuator_ctrl:/home/mikks/ros2_px4_ws/install/px4_actuator_ctrl/lib/python3.12/site-packages:/home/mikks/ros2_ws/build/rover_desc_description:/home/mikks/ros2_ws/install/rover_desc_description/lib/python3.12/site-packages:/home/mikks/ros2_ws/install/px4_actuator_ctrl/lib/python3.12/site-packages:/home/mikks/ros2_ws/build/mine_rover_description:/home/mikks/ros2_ws/install/mine_rover_description/lib/python3.12/site-packages:/home/mikks/ros2_ws/build/ZerionURDFV5cp_description:/home/mikks/ros2_ws/install/ZerionURDFV5cp_description/lib/python3.12/site-packages:/home/mikks/crazyflie_mapping_demo/ros2_ws/install/velocity_free_consensus/lib/python3.12/site-packages:/home/mikks/crazyflie_mapping_demo/ros2_ws/install/stepwise_lowpos/lib/python3.12/site-packages:/home/mikks/crazyflie_mapping_demo/ros2_ws/install/step_wise_lowpos/lib/python3.12/site-packages:/home/mikks/crazyflie_mapping_demo/ros2_ws/install/second_order_formation_control/lib/python3.12/site-packages:/home/mikks/crazyflie_mapping_demo/ros2_ws/install/ros_gz_crazyflie_control/lib/python3.12/site-packages:/home/mikks/crazyflie_mapping_demo/ros2_ws/install/mixed_fractional_consensus/lib/python3.12/site-packages:/home/mikks/crazyflie_mapping_demo/ros2_ws/install/lowest_pos/lib/python3.12/site-packages:/home/mikks/crazyflie_mapping_demo/ros2_ws/install/linear_consensus/lib/python3.12/site-packages:/home/mikks/crazyflie_mapping_demo/ros2_ws/install/highest_pos/lib/python3.12/site-packages:/home/mikks/crazyflie_mapping_demo/ros2_ws/install/fractional_consensus_alpha/lib/python3.12/site-packages:/home/mikks/crazyflie_mapping_demo/ros2_ws/install/event_triggered_swarm/lib/python3.12/site-packages:/home/mikks/crazyflie_mapping_demo/ros2_ws/install/drone_logger/lib/python3.12/site-packages:/home/mikks/crazyflie_mapping_demo/ros2_ws/install/distributed_average_tracking/lib/python3.12/site-packages:/home/mikks/crazyflie_mapping_demo/ros2_ws/install/crazyflie_swarm_logic/lib/python3.12/site-packages:/home/mikks/crazyflie_mapping_demo/ros2_ws/install/crazyflie_sim/lib/python3.12/site-packages:/home/mikks/crazyflie_mapping_demo/ros2_ws/install/crazyflie_ros2_multiranger_wall_following/lib/python3.12/site-packages:/home/mikks/crazyflie_mapping_demo/ros2_ws/install/crazyflie_ros2_multiranger_simple_mapper/lib/python3.12/site-packages:/home/mikks/crazyflie_mapping_demo/ros2_ws/install/crazyflie_examples/lib/python3.12/site-packages:/home/mikks/crazyflie_mapping_demo/ros2_ws/install/crazyflie_py/lib/python3.12/site-packages:/home/mikks/crazyflie_mapping_demo/ros2_ws/install/crazyflie_interfaces/lib/python3.12/site-packages:/home/mikks/crazyflie_mapping_demo/ros2_ws/install/cooperative_target_centric_formation/lib/python3.12/site-packages:/home/mikks/crazyflie_mapping_demo/ros2_ws/install/containment_using_agent_information/lib/python3.12/site-packages:/home/mikks/crazyflie_mapping_demo/ros2_ws/install/consensus_for_double_integrator/lib/python3.12/site-packages:/home/mikks/crazyflie_mapping_demo/ros2_ws/install/consensus_alignment/lib/python3.12/site-packages:/home/mikks/crazyflie_mapping_demo/ros2_ws/install/binary_consensus/lib/python3.12/site-packages:/home/mikks/crazyflie_mapping_demo/ros2_ws/install/Second_Order_Min_Consensus_for_Heterogeneous_Agents/lib/python3.12/site-packages:/home/mikks/crazyflie_mapping_demo/ros2_ws/install/BinaryContainmentChain/lib/python3.12/site-packages:/opt/ros/jazzy/lib/python3.12/site-packages /usr/bin/cmake --install /home/mikks/ros2_px4_ws/build/example_mode_fw_attitude_cpp
[4.681s] DEBUG:colcon.colcon_core.event_handler.log_command:Invoked command in '/home/mikks/ros2_px4_ws/build/example_global_navigation_cpp' returned '0': CMAKE_PREFIX_PATH=/home/mikks/ros2_px4_ws/install/px4_ros2_cpp:/home/mikks/ros2_px4_ws/install/px4_msgs:/home/mikks/ros2_px4_ws/install/px4_ros_com:/home/mikks/ros2_px4_ws/install/px4_ros2_py:/home/mikks/ros2_px4_ws/install/example_rover_velocity_mode_cpp:/home/mikks/ros2_px4_ws/install/example_mode_with_executor_cpp:/home/mikks/ros2_px4_ws/install/example_mode_vtol_cpp:/home/mikks/ros2_px4_ws/install/example_mode_rtl_replacement_cpp:/home/mikks/ros2_px4_ws/install/example_mode_mission_cpp:/home/mikks/ros2_px4_ws/install/example_mode_manual_cpp:/home/mikks/ros2_px4_ws/install/example_mode_goto_global_cpp:/home/mikks/ros2_px4_ws/install/example_mode_goto_cpp:/home/mikks/ros2_px4_ws/install/example_mode_fw_attitude_cpp:/home/mikks/ros2_px4_ws/install/example_local_navigation_cpp:/home/mikks/ros2_px4_ws/install/example_global_navigation_cpp:/home/mikks/ros2_px4_ws/install/example_executor_with_multiple_modes_cpp:/home/mikks/crazyflie_mapping_demo/ros2_ws/install/crazyflie_ros2_multiranger_bringup:/home/mikks/crazyflie_mapping_demo/ros2_ws/install/ros_gz_crazyflie_bringup:/home/mikks/crazyflie_mapping_demo/ros2_ws/install/ros_gz_crazyflie_gazebo:/home/mikks/crazyflie_mapping_demo/ros2_ws/install/crazyflie_sim:/home/mikks/crazyflie_mapping_demo/ros2_ws/install/crazyflie_examples:/home/mikks/crazyflie_mapping_demo/ros2_ws/install/crazyflie:/home/mikks/crazyflie_mapping_demo/ros2_ws/install/crazyflie_interfaces:/opt/ros/jazzy/opt/gz_sim_vendor:/opt/ros/jazzy/opt/gz_sensors_vendor:/opt/ros/jazzy/opt/gz_physics_vendor:/opt/ros/jazzy/opt/sdformat_vendor:/opt/ros/jazzy/opt/gz_gui_vendor:/opt/ros/jazzy/opt/gz_transport_vendor:/opt/ros/jazzy/opt/gz_rendering_vendor:/opt/ros/jazzy/opt/gz_plugin_vendor:/opt/ros/jazzy/opt/gz_fuel_tools_vendor:/opt/ros/jazzy/opt/gz_msgs_vendor:/opt/ros/jazzy/opt/gz_common_vendor:/opt/ros/jazzy/opt/gz_math_vendor:/opt/ros/jazzy/opt/gz_utils_vendor:/opt/ros/jazzy/opt/gz_tools_vendor:/opt/ros/jazzy/opt/gz_ogre_next_vendor:/opt/ros/jazzy/opt/gz_dartsim_vendor:/opt/ros/jazzy/opt/gz_cmake_vendor:/home/mikks/ros2_px4_ws/install/x500_hover_controller:/home/mikks/ros2_px4_ws/install/example_mode_with_rclpy_py:/home/mikks/ros2_px4_ws/install/example_mode_goto_py:/home/mikks/ros2_px4_ws/install/px4_actuator_ctrl:/home/mikks/ros2_ws/install/rover_desc_description:/home/mikks/ros2_ws/install/px4_actuator_ctrl:/home/mikks/ros2_ws/install/mine_rover_description:/home/mikks/ros2_ws/install/ZerionURDFV5cp_description:/home/mikks/crazyflie_mapping_demo/ros2_ws/install/velocity_free_consensus:/home/mikks/crazyflie_mapping_demo/ros2_ws/install/stepwise_lowpos:/home/mikks/crazyflie_mapping_demo/ros2_ws/install/step_wise_lowpos:/home/mikks/crazyflie_mapping_demo/ros2_ws/install/second_order_formation_control:/home/mikks/crazyflie_mapping_demo/ros2_ws/install/ros_gz_crazyflie_control:/home/mikks/crazyflie_mapping_demo/ros2_ws/install/mixed_fractional_consensus:/home/mikks/crazyflie_mapping_demo/ros2_ws/install/lowest_pos:/home/mikks/crazyflie_mapping_demo/ros2_ws/install/linear_consensus:/home/mikks/crazyflie_mapping_demo/ros2_ws/install/highest_pos:/home/mikks/crazyflie_mapping_demo/ros2_ws/install/fractional_consensus_alpha:/home/mikks/crazyflie_mapping_demo/ros2_ws/install/event_triggered_swarm:/home/mikks/crazyflie_mapping_demo/ros2_ws/install/drone_logger:/home/mikks/crazyflie_mapping_demo/ros2_ws/install/distributed_average_tracking:/home/mikks/crazyflie_mapping_demo/ros2_ws/install/crazyflie_swarm_logic:/home/mikks/crazyflie_mapping_demo/ros2_ws/install/crazyflie_ros2_multiranger_wall_following:/home/mikks/crazyflie_mapping_demo/ros2_ws/install/crazyflie_ros2_multiranger_simple_mapper:/home/mikks/crazyflie_mapping_demo/ros2_ws/install/crazyflie_py:/home/mikks/crazyflie_mapping_demo/ros2_ws/install/cooperative_target_centric_formation:/home/mikks/crazyflie_mapping_demo/ros2_ws/install/containment_using_agent_information:/home/mikks/crazyflie_mapping_demo/ros2_ws/install/consensus_for_double_integrator:/home/mikks/crazyflie_mapping_demo/ros2_ws/install/consensus_alignment:/home/mikks/crazyflie_mapping_demo/ros2_ws/install/binary_consensus:/home/mikks/crazyflie_mapping_demo/ros2_ws/install/Second_Order_Min_Consensus_for_Heterogeneous_Agents:/home/mikks/crazyflie_mapping_demo/ros2_ws/install/BinaryContainmentChain:/opt/ros/jazzy DEBUGINFOD_URLS=https://debuginfod.ubuntu.com LD_LIBRARY_PATH=/home/mikks/ros2_px4_ws/install/px4_ros2_cpp/lib:/home/mikks/ros2_px4_ws/install/px4_msgs/lib:/home/mikks/ros2_px4_ws/install/px4_ros_com/lib:/home/mikks/NatNet_SDK_4.3_ubuntu/lib:/home/mikks/crazyflie_mapping_demo/ros2_ws/install/crazyflie_interfaces/lib:/opt/ros/jazzy/opt/gz_sim_vendor/lib:/opt/ros/jazzy/opt/gz_sensors_vendor/lib:/opt/ros/jazzy/opt/gz_physics_vendor/lib:/opt/ros/jazzy/opt/sdformat_vendor/lib:/opt/ros/jazzy/opt/rviz_ogre_vendor/lib:/opt/ros/jazzy/lib/x86_64-linux-gnu:/opt/ros/jazzy/opt/gz_gui_vendor/lib:/opt/ros/jazzy/opt/gz_transport_vendor/lib:/opt/ros/jazzy/opt/gz_rendering_vendor/lib:/opt/ros/jazzy/opt/gz_plugin_vendor/lib:/opt/ros/jazzy/opt/gz_fuel_tools_vendor/lib:/opt/ros/jazzy/opt/gz_msgs_vendor/lib:/opt/ros/jazzy/opt/gz_common_vendor/lib:/opt/ros/jazzy/opt/gz_math_vendor/lib:/opt/ros/jazzy/opt/gz_utils_vendor/lib:/opt/ros/jazzy/opt/gz_tools_vendor/lib:/opt/ros/jazzy/opt/gz_ogre_next_vendor/lib:/opt/ros/jazzy/opt/gz_dartsim_vendor/lib:/opt/ros/jazzy/opt/gz_cmake_vendor/lib:/opt/ros/jazzy/lib PYTHONPATH=/home/mikks/ros2_px4_ws/install/px4_msgs/lib/python3.12/site-packages:/home/mikks/ros2_px4_ws/build/x500_hover_controller:/home/mikks/ros2_px4_ws/install/x500_hover_controller/lib/python3.12/site-packages:/home/mikks/ros2_px4_ws/install/px4_ros_com/lib/python3.12/site-packages:/home/mikks/ros2_px4_ws/build/example_mode_with_rclpy_py:/home/mikks/ros2_px4_ws/install/example_mode_with_rclpy_py/lib/python3.12/site-packages:/home/mikks/ros2_px4_ws/build/example_mode_goto_py:/home/mikks/ros2_px4_ws/install/example_mode_goto_py/lib/python3.12/site-packages:/home/mikks/ros2_px4_ws/install/px4_ros2_py/lib/python3.12/site-packages:/home/mikks/ros2_px4_ws/build/px4_actuator_ctrl:/home/mikks/ros2_px4_ws/install/px4_actuator_ctrl/lib/python3.12/site-packages:/home/mikks/ros2_ws/build/rover_desc_description:/home/mikks/ros2_ws/install/rover_desc_description/lib/python3.12/site-packages:/home/mikks/ros2_ws/install/px4_actuator_ctrl/lib/python3.12/site-packages:/home/mikks/ros2_ws/build/mine_rover_description:/home/mikks/ros2_ws/install/mine_rover_description/lib/python3.12/site-packages:/home/mikks/ros2_ws/build/ZerionURDFV5cp_description:/home/mikks/ros2_ws/install/ZerionURDFV5cp_description/lib/python3.12/site-packages:/home/mikks/crazyflie_mapping_demo/ros2_ws/install/velocity_free_consensus/lib/python3.12/site-packages:/home/mikks/crazyflie_mapping_demo/ros2_ws/install/stepwise_lowpos/lib/python3.12/site-packages:/home/mikks/crazyflie_mapping_demo/ros2_ws/install/step_wise_lowpos/lib/python3.12/site-packages:/home/mikks/crazyflie_mapping_demo/ros2_ws/install/second_order_formation_control/lib/python3.12/site-packages:/home/mikks/crazyflie_mapping_demo/ros2_ws/install/ros_gz_crazyflie_control/lib/python3.12/site-packages:/home/mikks/crazyflie_mapping_demo/ros2_ws/install/mixed_fractional_consensus/lib/python3.12/site-packages:/home/mikks/crazyflie_mapping_demo/ros2_ws/install/lowest_pos/lib/python3.12/site-packages:/home/mikks/crazyflie_mapping_demo/ros2_ws/install/linear_consensus/lib/python3.12/site-packages:/home/mikks/crazyflie_mapping_demo/ros2_ws/install/highest_pos/lib/python3.12/site-packages:/home/mikks/crazyflie_mapping_demo/ros2_ws/install/fractional_consensus_alpha/lib/python3.12/site-packages:/home/mikks/crazyflie_mapping_demo/ros2_ws/install/event_triggered_swarm/lib/python3.12/site-packages:/home/mikks/crazyflie_mapping_demo/ros2_ws/install/drone_logger/lib/python3.12/site-packages:/home/mikks/crazyflie_mapping_demo/ros2_ws/install/distributed_average_tracking/lib/python3.12/site-packages:/home/mikks/crazyflie_mapping_demo/ros2_ws/install/crazyflie_swarm_logic/lib/python3.12/site-packages:/home/mikks/crazyflie_mapping_demo/ros2_ws/install/crazyflie_sim/lib/python3.12/site-packages:/home/mikks/crazyflie_mapping_demo/ros2_ws/install/crazyflie_ros2_multiranger_wall_following/lib/python3.12/site-packages:/home/mikks/crazyflie_mapping_demo/ros2_ws/install/crazyflie_ros2_multiranger_simple_mapper/lib/python3.12/site-packages:/home/mikks/crazyflie_mapping_demo/ros2_ws/install/crazyflie_examples/lib/python3.12/site-packages:/home/mikks/crazyflie_mapping_demo/ros2_ws/install/crazyflie_py/lib/python3.12/site-packages:/home/mikks/crazyflie_mapping_demo/ros2_ws/install/crazyflie_interfaces/lib/python3.12/site-packages:/home/mikks/crazyflie_mapping_demo/ros2_ws/install/cooperative_target_centric_formation/lib/python3.12/site-packages:/home/mikks/crazyflie_mapping_demo/ros2_ws/install/containment_using_agent_information/lib/python3.12/site-packages:/home/mikks/crazyflie_mapping_demo/ros2_ws/install/consensus_for_double_integrator/lib/python3.12/site-packages:/home/mikks/crazyflie_mapping_demo/ros2_ws/install/consensus_alignment/lib/python3.12/site-packages:/home/mikks/crazyflie_mapping_demo/ros2_ws/install/binary_consensus/lib/python3.12/site-packages:/home/mikks/crazyflie_mapping_demo/ros2_ws/install/Second_Order_Min_Consensus_for_Heterogeneous_Agents/lib/python3.12/site-packages:/home/mikks/crazyflie_mapping_demo/ros2_ws/install/BinaryContainmentChain/lib/python3.12/site-packages:/opt/ros/jazzy/lib/python3.12/site-packages /usr/bin/cmake --build /home/mikks/ros2_px4_ws/build/example_global_navigation_cpp -- -j12 -l12
[4.684s] DEBUG:colcon.colcon_core.event_handler.log_command:Invoking command in '/home/mikks/ros2_px4_ws/build/example_global_navigation_cpp': CMAKE_PREFIX_PATH=/home/mikks/ros2_px4_ws/install/px4_ros2_cpp:/home/mikks/ros2_px4_ws/install/px4_msgs:/home/mikks/ros2_px4_ws/install/px4_ros_com:/home/mikks/ros2_px4_ws/install/px4_ros2_py:/home/mikks/ros2_px4_ws/install/example_rover_velocity_mode_cpp:/home/mikks/ros2_px4_ws/install/example_mode_with_executor_cpp:/home/mikks/ros2_px4_ws/install/example_mode_vtol_cpp:/home/mikks/ros2_px4_ws/install/example_mode_rtl_replacement_cpp:/home/mikks/ros2_px4_ws/install/example_mode_mission_cpp:/home/mikks/ros2_px4_ws/install/example_mode_manual_cpp:/home/mikks/ros2_px4_ws/install/example_mode_goto_global_cpp:/home/mikks/ros2_px4_ws/install/example_mode_goto_cpp:/home/mikks/ros2_px4_ws/install/example_mode_fw_attitude_cpp:/home/mikks/ros2_px4_ws/install/example_local_navigation_cpp:/home/mikks/ros2_px4_ws/install/example_global_navigation_cpp:/home/mikks/ros2_px4_ws/install/example_executor_with_multiple_modes_cpp:/home/mikks/crazyflie_mapping_demo/ros2_ws/install/crazyflie_ros2_multiranger_bringup:/home/mikks/crazyflie_mapping_demo/ros2_ws/install/ros_gz_crazyflie_bringup:/home/mikks/crazyflie_mapping_demo/ros2_ws/install/ros_gz_crazyflie_gazebo:/home/mikks/crazyflie_mapping_demo/ros2_ws/install/crazyflie_sim:/home/mikks/crazyflie_mapping_demo/ros2_ws/install/crazyflie_examples:/home/mikks/crazyflie_mapping_demo/ros2_ws/install/crazyflie:/home/mikks/crazyflie_mapping_demo/ros2_ws/install/crazyflie_interfaces:/opt/ros/jazzy/opt/gz_sim_vendor:/opt/ros/jazzy/opt/gz_sensors_vendor:/opt/ros/jazzy/opt/gz_physics_vendor:/opt/ros/jazzy/opt/sdformat_vendor:/opt/ros/jazzy/opt/gz_gui_vendor:/opt/ros/jazzy/opt/gz_transport_vendor:/opt/ros/jazzy/opt/gz_rendering_vendor:/opt/ros/jazzy/opt/gz_plugin_vendor:/opt/ros/jazzy/opt/gz_fuel_tools_vendor:/opt/ros/jazzy/opt/gz_msgs_vendor:/opt/ros/jazzy/opt/gz_common_vendor:/opt/ros/jazzy/opt/gz_math_vendor:/opt/ros/jazzy/opt/gz_utils_vendor:/opt/ros/jazzy/opt/gz_tools_vendor:/opt/ros/jazzy/opt/gz_ogre_next_vendor:/opt/ros/jazzy/opt/gz_dartsim_vendor:/opt/ros/jazzy/opt/gz_cmake_vendor:/home/mikks/ros2_px4_ws/install/x500_hover_controller:/home/mikks/ros2_px4_ws/install/example_mode_with_rclpy_py:/home/mikks/ros2_px4_ws/install/example_mode_goto_py:/home/mikks/ros2_px4_ws/install/px4_actuator_ctrl:/home/mikks/ros2_ws/install/rover_desc_description:/home/mikks/ros2_ws/install/px4_actuator_ctrl:/home/mikks/ros2_ws/install/mine_rover_description:/home/mikks/ros2_ws/install/ZerionURDFV5cp_description:/home/mikks/crazyflie_mapping_demo/ros2_ws/install/velocity_free_consensus:/home/mikks/crazyflie_mapping_demo/ros2_ws/install/stepwise_lowpos:/home/mikks/crazyflie_mapping_demo/ros2_ws/install/step_wise_lowpos:/home/mikks/crazyflie_mapping_demo/ros2_ws/install/second_order_formation_control:/home/mikks/crazyflie_mapping_demo/ros2_ws/install/ros_gz_crazyflie_control:/home/mikks/crazyflie_mapping_demo/ros2_ws/install/mixed_fractional_consensus:/home/mikks/crazyflie_mapping_demo/ros2_ws/install/lowest_pos:/home/mikks/crazyflie_mapping_demo/ros2_ws/install/linear_consensus:/home/mikks/crazyflie_mapping_demo/ros2_ws/install/highest_pos:/home/mikks/crazyflie_mapping_demo/ros2_ws/install/fractional_consensus_alpha:/home/mikks/crazyflie_mapping_demo/ros2_ws/install/event_triggered_swarm:/home/mikks/crazyflie_mapping_demo/ros2_ws/install/drone_logger:/home/mikks/crazyflie_mapping_demo/ros2_ws/install/distributed_average_tracking:/home/mikks/crazyflie_mapping_demo/ros2_ws/install/crazyflie_swarm_logic:/home/mikks/crazyflie_mapping_demo/ros2_ws/install/crazyflie_ros2_multiranger_wall_following:/home/mikks/crazyflie_mapping_demo/ros2_ws/install/crazyflie_ros2_multiranger_simple_mapper:/home/mikks/crazyflie_mapping_demo/ros2_ws/install/crazyflie_py:/home/mikks/crazyflie_mapping_demo/ros2_ws/install/cooperative_target_centric_formation:/home/mikks/crazyflie_mapping_demo/ros2_ws/install/containment_using_agent_information:/home/mikks/crazyflie_mapping_demo/ros2_ws/install/consensus_for_double_integrator:/home/mikks/crazyflie_mapping_demo/ros2_ws/install/consensus_alignment:/home/mikks/crazyflie_mapping_demo/ros2_ws/install/binary_consensus:/home/mikks/crazyflie_mapping_demo/ros2_ws/install/Second_Order_Min_Consensus_for_Heterogeneous_Agents:/home/mikks/crazyflie_mapping_demo/ros2_ws/install/BinaryContainmentChain:/opt/ros/jazzy DEBUGINFOD_URLS=https://debuginfod.ubuntu.com LD_LIBRARY_PATH=/home/mikks/ros2_px4_ws/install/px4_ros2_cpp/lib:/home/mikks/ros2_px4_ws/install/px4_msgs/lib:/home/mikks/ros2_px4_ws/install/px4_ros_com/lib:/home/mikks/NatNet_SDK_4.3_ubuntu/lib:/home/mikks/crazyflie_mapping_demo/ros2_ws/install/crazyflie_interfaces/lib:/opt/ros/jazzy/opt/gz_sim_vendor/lib:/opt/ros/jazzy/opt/gz_sensors_vendor/lib:/opt/ros/jazzy/opt/gz_physics_vendor/lib:/opt/ros/jazzy/opt/sdformat_vendor/lib:/opt/ros/jazzy/opt/rviz_ogre_vendor/lib:/opt/ros/jazzy/lib/x86_64-linux-gnu:/opt/ros/jazzy/opt/gz_gui_vendor/lib:/opt/ros/jazzy/opt/gz_transport_vendor/lib:/opt/ros/jazzy/opt/gz_rendering_vendor/lib:/opt/ros/jazzy/opt/gz_plugin_vendor/lib:/opt/ros/jazzy/opt/gz_fuel_tools_vendor/lib:/opt/ros/jazzy/opt/gz_msgs_vendor/lib:/opt/ros/jazzy/opt/gz_common_vendor/lib:/opt/ros/jazzy/opt/gz_math_vendor/lib:/opt/ros/jazzy/opt/gz_utils_vendor/lib:/opt/ros/jazzy/opt/gz_tools_vendor/lib:/opt/ros/jazzy/opt/gz_ogre_next_vendor/lib:/opt/ros/jazzy/opt/gz_dartsim_vendor/lib:/opt/ros/jazzy/opt/gz_cmake_vendor/lib:/opt/ros/jazzy/lib PYTHONPATH=/home/mikks/ros2_px4_ws/install/px4_msgs/lib/python3.12/site-packages:/home/mikks/ros2_px4_ws/build/x500_hover_controller:/home/mikks/ros2_px4_ws/install/x500_hover_controller/lib/python3.12/site-packages:/home/mikks/ros2_px4_ws/install/px4_ros_com/lib/python3.12/site-packages:/home/mikks/ros2_px4_ws/build/example_mode_with_rclpy_py:/home/mikks/ros2_px4_ws/install/example_mode_with_rclpy_py/lib/python3.12/site-packages:/home/mikks/ros2_px4_ws/build/example_mode_goto_py:/home/mikks/ros2_px4_ws/install/example_mode_goto_py/lib/python3.12/site-packages:/home/mikks/ros2_px4_ws/install/px4_ros2_py/lib/python3.12/site-packages:/home/mikks/ros2_px4_ws/build/px4_actuator_ctrl:/home/mikks/ros2_px4_ws/install/px4_actuator_ctrl/lib/python3.12/site-packages:/home/mikks/ros2_ws/build/rover_desc_description:/home/mikks/ros2_ws/install/rover_desc_description/lib/python3.12/site-packages:/home/mikks/ros2_ws/install/px4_actuator_ctrl/lib/python3.12/site-packages:/home/mikks/ros2_ws/build/mine_rover_description:/home/mikks/ros2_ws/install/mine_rover_description/lib/python3.12/site-packages:/home/mikks/ros2_ws/build/ZerionURDFV5cp_description:/home/mikks/ros2_ws/install/ZerionURDFV5cp_description/lib/python3.12/site-packages:/home/mikks/crazyflie_mapping_demo/ros2_ws/install/velocity_free_consensus/lib/python3.12/site-packages:/home/mikks/crazyflie_mapping_demo/ros2_ws/install/stepwise_lowpos/lib/python3.12/site-packages:/home/mikks/crazyflie_mapping_demo/ros2_ws/install/step_wise_lowpos/lib/python3.12/site-packages:/home/mikks/crazyflie_mapping_demo/ros2_ws/install/second_order_formation_control/lib/python3.12/site-packages:/home/mikks/crazyflie_mapping_demo/ros2_ws/install/ros_gz_crazyflie_control/lib/python3.12/site-packages:/home/mikks/crazyflie_mapping_demo/ros2_ws/install/mixed_fractional_consensus/lib/python3.12/site-packages:/home/mikks/crazyflie_mapping_demo/ros2_ws/install/lowest_pos/lib/python3.12/site-packages:/home/mikks/crazyflie_mapping_demo/ros2_ws/install/linear_consensus/lib/python3.12/site-packages:/home/mikks/crazyflie_mapping_demo/ros2_ws/install/highest_pos/lib/python3.12/site-packages:/home/mikks/crazyflie_mapping_demo/ros2_ws/install/fractional_consensus_alpha/lib/python3.12/site-packages:/home/mikks/crazyflie_mapping_demo/ros2_ws/install/event_triggered_swarm/lib/python3.12/site-packages:/home/mikks/crazyflie_mapping_demo/ros2_ws/install/drone_logger/lib/python3.12/site-packages:/home/mikks/crazyflie_mapping_demo/ros2_ws/install/distributed_average_tracking/lib/python3.12/site-packages:/home/mikks/crazyflie_mapping_demo/ros2_ws/install/crazyflie_swarm_logic/lib/python3.12/site-packages:/home/mikks/crazyflie_mapping_demo/ros2_ws/install/crazyflie_sim/lib/python3.12/site-packages:/home/mikks/crazyflie_mapping_demo/ros2_ws/install/crazyflie_ros2_multiranger_wall_following/lib/python3.12/site-packages:/home/mikks/crazyflie_mapping_demo/ros2_ws/install/crazyflie_ros2_multiranger_simple_mapper/lib/python3.12/site-packages:/home/mikks/crazyflie_mapping_demo/ros2_ws/install/crazyflie_examples/lib/python3.12/site-packages:/home/mikks/crazyflie_mapping_demo/ros2_ws/install/crazyflie_py/lib/python3.12/site-packages:/home/mikks/crazyflie_mapping_demo/ros2_ws/install/crazyflie_interfaces/lib/python3.12/site-packages:/home/mikks/crazyflie_mapping_demo/ros2_ws/install/cooperative_target_centric_formation/lib/python3.12/site-packages:/home/mikks/crazyflie_mapping_demo/ros2_ws/install/containment_using_agent_information/lib/python3.12/site-packages:/home/mikks/crazyflie_mapping_demo/ros2_ws/install/consensus_for_double_integrator/lib/python3.12/site-packages:/home/mikks/crazyflie_mapping_demo/ros2_ws/install/consensus_alignment/lib/python3.12/site-packages:/home/mikks/crazyflie_mapping_demo/ros2_ws/install/binary_consensus/lib/python3.12/site-packages:/home/mikks/crazyflie_mapping_demo/ros2_ws/install/Second_Order_Min_Consensus_for_Heterogeneous_Agents/lib/python3.12/site-packages:/home/mikks/crazyflie_mapping_demo/ros2_ws/install/BinaryContainmentChain/lib/python3.12/site-packages:/opt/ros/jazzy/lib/python3.12/site-packages /usr/bin/cmake --install /home/mikks/ros2_px4_ws/build/example_global_navigation_cpp
[4.684s] DEBUG:colcon.colcon_core.event_handler.log_command:Invoked command in '/home/mikks/ros2_px4_ws/build/example_mode_goto_cpp' returned '0': CMAKE_PREFIX_PATH=/home/mikks/ros2_px4_ws/install/px4_ros2_cpp:/home/mikks/ros2_px4_ws/install/px4_msgs:/home/mikks/ros2_px4_ws/install/px4_ros_com:/home/mikks/ros2_px4_ws/install/px4_ros2_py:/home/mikks/ros2_px4_ws/install/example_rover_velocity_mode_cpp:/home/mikks/ros2_px4_ws/install/example_mode_with_executor_cpp:/home/mikks/ros2_px4_ws/install/example_mode_vtol_cpp:/home/mikks/ros2_px4_ws/install/example_mode_rtl_replacement_cpp:/home/mikks/ros2_px4_ws/install/example_mode_mission_cpp:/home/mikks/ros2_px4_ws/install/example_mode_manual_cpp:/home/mikks/ros2_px4_ws/install/example_mode_goto_global_cpp:/home/mikks/ros2_px4_ws/install/example_mode_goto_cpp:/home/mikks/ros2_px4_ws/install/example_mode_fw_attitude_cpp:/home/mikks/ros2_px4_ws/install/example_local_navigation_cpp:/home/mikks/ros2_px4_ws/install/example_global_navigation_cpp:/home/mikks/ros2_px4_ws/install/example_executor_with_multiple_modes_cpp:/home/mikks/crazyflie_mapping_demo/ros2_ws/install/crazyflie_ros2_multiranger_bringup:/home/mikks/crazyflie_mapping_demo/ros2_ws/install/ros_gz_crazyflie_bringup:/home/mikks/crazyflie_mapping_demo/ros2_ws/install/ros_gz_crazyflie_gazebo:/home/mikks/crazyflie_mapping_demo/ros2_ws/install/crazyflie_sim:/home/mikks/crazyflie_mapping_demo/ros2_ws/install/crazyflie_examples:/home/mikks/crazyflie_mapping_demo/ros2_ws/install/crazyflie:/home/mikks/crazyflie_mapping_demo/ros2_ws/install/crazyflie_interfaces:/opt/ros/jazzy/opt/gz_sim_vendor:/opt/ros/jazzy/opt/gz_sensors_vendor:/opt/ros/jazzy/opt/gz_physics_vendor:/opt/ros/jazzy/opt/sdformat_vendor:/opt/ros/jazzy/opt/gz_gui_vendor:/opt/ros/jazzy/opt/gz_transport_vendor:/opt/ros/jazzy/opt/gz_rendering_vendor:/opt/ros/jazzy/opt/gz_plugin_vendor:/opt/ros/jazzy/opt/gz_fuel_tools_vendor:/opt/ros/jazzy/opt/gz_msgs_vendor:/opt/ros/jazzy/opt/gz_common_vendor:/opt/ros/jazzy/opt/gz_math_vendor:/opt/ros/jazzy/opt/gz_utils_vendor:/opt/ros/jazzy/opt/gz_tools_vendor:/opt/ros/jazzy/opt/gz_ogre_next_vendor:/opt/ros/jazzy/opt/gz_dartsim_vendor:/opt/ros/jazzy/opt/gz_cmake_vendor:/home/mikks/ros2_px4_ws/install/x500_hover_controller:/home/mikks/ros2_px4_ws/install/example_mode_with_rclpy_py:/home/mikks/ros2_px4_ws/install/example_mode_goto_py:/home/mikks/ros2_px4_ws/install/px4_actuator_ctrl:/home/mikks/ros2_ws/install/rover_desc_description:/home/mikks/ros2_ws/install/px4_actuator_ctrl:/home/mikks/ros2_ws/install/mine_rover_description:/home/mikks/ros2_ws/install/ZerionURDFV5cp_description:/home/mikks/crazyflie_mapping_demo/ros2_ws/install/velocity_free_consensus:/home/mikks/crazyflie_mapping_demo/ros2_ws/install/stepwise_lowpos:/home/mikks/crazyflie_mapping_demo/ros2_ws/install/step_wise_lowpos:/home/mikks/crazyflie_mapping_demo/ros2_ws/install/second_order_formation_control:/home/mikks/crazyflie_mapping_demo/ros2_ws/install/ros_gz_crazyflie_control:/home/mikks/crazyflie_mapping_demo/ros2_ws/install/mixed_fractional_consensus:/home/mikks/crazyflie_mapping_demo/ros2_ws/install/lowest_pos:/home/mikks/crazyflie_mapping_demo/ros2_ws/install/linear_consensus:/home/mikks/crazyflie_mapping_demo/ros2_ws/install/highest_pos:/home/mikks/crazyflie_mapping_demo/ros2_ws/install/fractional_consensus_alpha:/home/mikks/crazyflie_mapping_demo/ros2_ws/install/event_triggered_swarm:/home/mikks/crazyflie_mapping_demo/ros2_ws/install/drone_logger:/home/mikks/crazyflie_mapping_demo/ros2_ws/install/distributed_average_tracking:/home/mikks/crazyflie_mapping_demo/ros2_ws/install/crazyflie_swarm_logic:/home/mikks/crazyflie_mapping_demo/ros2_ws/install/crazyflie_ros2_multiranger_wall_following:/home/mikks/crazyflie_mapping_demo/ros2_ws/install/crazyflie_ros2_multiranger_simple_mapper:/home/mikks/crazyflie_mapping_demo/ros2_ws/install/crazyflie_py:/home/mikks/crazyflie_mapping_demo/ros2_ws/install/cooperative_target_centric_formation:/home/mikks/crazyflie_mapping_demo/ros2_ws/install/containment_using_agent_information:/home/mikks/crazyflie_mapping_demo/ros2_ws/install/consensus_for_double_integrator:/home/mikks/crazyflie_mapping_demo/ros2_ws/install/consensus_alignment:/home/mikks/crazyflie_mapping_demo/ros2_ws/install/binary_consensus:/home/mikks/crazyflie_mapping_demo/ros2_ws/install/Second_Order_Min_Consensus_for_Heterogeneous_Agents:/home/mikks/crazyflie_mapping_demo/ros2_ws/install/BinaryContainmentChain:/opt/ros/jazzy DEBUGINFOD_URLS=https://debuginfod.ubuntu.com LD_LIBRARY_PATH=/home/mikks/ros2_px4_ws/install/px4_ros2_cpp/lib:/home/mikks/ros2_px4_ws/install/px4_msgs/lib:/home/mikks/ros2_px4_ws/install/px4_ros_com/lib:/home/mikks/NatNet_SDK_4.3_ubuntu/lib:/home/mikks/crazyflie_mapping_demo/ros2_ws/install/crazyflie_interfaces/lib:/opt/ros/jazzy/opt/gz_sim_vendor/lib:/opt/ros/jazzy/opt/gz_sensors_vendor/lib:/opt/ros/jazzy/opt/gz_physics_vendor/lib:/opt/ros/jazzy/opt/sdformat_vendor/lib:/opt/ros/jazzy/opt/rviz_ogre_vendor/lib:/opt/ros/jazzy/lib/x86_64-linux-gnu:/opt/ros/jazzy/opt/gz_gui_vendor/lib:/opt/ros/jazzy/opt/gz_transport_vendor/lib:/opt/ros/jazzy/opt/gz_rendering_vendor/lib:/opt/ros/jazzy/opt/gz_plugin_vendor/lib:/opt/ros/jazzy/opt/gz_fuel_tools_vendor/lib:/opt/ros/jazzy/opt/gz_msgs_vendor/lib:/opt/ros/jazzy/opt/gz_common_vendor/lib:/opt/ros/jazzy/opt/gz_math_vendor/lib:/opt/ros/jazzy/opt/gz_utils_vendor/lib:/opt/ros/jazzy/opt/gz_tools_vendor/lib:/opt/ros/jazzy/opt/gz_ogre_next_vendor/lib:/opt/ros/jazzy/opt/gz_dartsim_vendor/lib:/opt/ros/jazzy/opt/gz_cmake_vendor/lib:/opt/ros/jazzy/lib PYTHONPATH=/home/mikks/ros2_px4_ws/install/px4_msgs/lib/python3.12/site-packages:/home/mikks/ros2_px4_ws/build/x500_hover_controller:/home/mikks/ros2_px4_ws/install/x500_hover_controller/lib/python3.12/site-packages:/home/mikks/ros2_px4_ws/install/px4_ros_com/lib/python3.12/site-packages:/home/mikks/ros2_px4_ws/build/example_mode_with_rclpy_py:/home/mikks/ros2_px4_ws/install/example_mode_with_rclpy_py/lib/python3.12/site-packages:/home/mikks/ros2_px4_ws/build/example_mode_goto_py:/home/mikks/ros2_px4_ws/install/example_mode_goto_py/lib/python3.12/site-packages:/home/mikks/ros2_px4_ws/install/px4_ros2_py/lib/python3.12/site-packages:/home/mikks/ros2_px4_ws/build/px4_actuator_ctrl:/home/mikks/ros2_px4_ws/install/px4_actuator_ctrl/lib/python3.12/site-packages:/home/mikks/ros2_ws/build/rover_desc_description:/home/mikks/ros2_ws/install/rover_desc_description/lib/python3.12/site-packages:/home/mikks/ros2_ws/install/px4_actuator_ctrl/lib/python3.12/site-packages:/home/mikks/ros2_ws/build/mine_rover_description:/home/mikks/ros2_ws/install/mine_rover_description/lib/python3.12/site-packages:/home/mikks/ros2_ws/build/ZerionURDFV5cp_description:/home/mikks/ros2_ws/install/ZerionURDFV5cp_description/lib/python3.12/site-packages:/home/mikks/crazyflie_mapping_demo/ros2_ws/install/velocity_free_consensus/lib/python3.12/site-packages:/home/mikks/crazyflie_mapping_demo/ros2_ws/install/stepwise_lowpos/lib/python3.12/site-packages:/home/mikks/crazyflie_mapping_demo/ros2_ws/install/step_wise_lowpos/lib/python3.12/site-packages:/home/mikks/crazyflie_mapping_demo/ros2_ws/install/second_order_formation_control/lib/python3.12/site-packages:/home/mikks/crazyflie_mapping_demo/ros2_ws/install/ros_gz_crazyflie_control/lib/python3.12/site-packages:/home/mikks/crazyflie_mapping_demo/ros2_ws/install/mixed_fractional_consensus/lib/python3.12/site-packages:/home/mikks/crazyflie_mapping_demo/ros2_ws/install/lowest_pos/lib/python3.12/site-packages:/home/mikks/crazyflie_mapping_demo/ros2_ws/install/linear_consensus/lib/python3.12/site-packages:/home/mikks/crazyflie_mapping_demo/ros2_ws/install/highest_pos/lib/python3.12/site-packages:/home/mikks/crazyflie_mapping_demo/ros2_ws/install/fractional_consensus_alpha/lib/python3.12/site-packages:/home/mikks/crazyflie_mapping_demo/ros2_ws/install/event_triggered_swarm/lib/python3.12/site-packages:/home/mikks/crazyflie_mapping_demo/ros2_ws/install/drone_logger/lib/python3.12/site-packages:/home/mikks/crazyflie_mapping_demo/ros2_ws/install/distributed_average_tracking/lib/python3.12/site-packages:/home/mikks/crazyflie_mapping_demo/ros2_ws/install/crazyflie_swarm_logic/lib/python3.12/site-packages:/home/mikks/crazyflie_mapping_demo/ros2_ws/install/crazyflie_sim/lib/python3.12/site-packages:/home/mikks/crazyflie_mapping_demo/ros2_ws/install/crazyflie_ros2_multiranger_wall_following/lib/python3.12/site-packages:/home/mikks/crazyflie_mapping_demo/ros2_ws/install/crazyflie_ros2_multiranger_simple_mapper/lib/python3.12/site-packages:/home/mikks/crazyflie_mapping_demo/ros2_ws/install/crazyflie_examples/lib/python3.12/site-packages:/home/mikks/crazyflie_mapping_demo/ros2_ws/install/crazyflie_py/lib/python3.12/site-packages:/home/mikks/crazyflie_mapping_demo/ros2_ws/install/crazyflie_interfaces/lib/python3.12/site-packages:/home/mikks/crazyflie_mapping_demo/ros2_ws/install/cooperative_target_centric_formation/lib/python3.12/site-packages:/home/mikks/crazyflie_mapping_demo/ros2_ws/install/containment_using_agent_information/lib/python3.12/site-packages:/home/mikks/crazyflie_mapping_demo/ros2_ws/install/consensus_for_double_integrator/lib/python3.12/site-packages:/home/mikks/crazyflie_mapping_demo/ros2_ws/install/consensus_alignment/lib/python3.12/site-packages:/home/mikks/crazyflie_mapping_demo/ros2_ws/install/binary_consensus/lib/python3.12/site-packages:/home/mikks/crazyflie_mapping_demo/ros2_ws/install/Second_Order_Min_Consensus_for_Heterogeneous_Agents/lib/python3.12/site-packages:/home/mikks/crazyflie_mapping_demo/ros2_ws/install/BinaryContainmentChain/lib/python3.12/site-packages:/opt/ros/jazzy/lib/python3.12/site-packages /usr/bin/cmake --build /home/mikks/ros2_px4_ws/build/example_mode_goto_cpp -- -j12 -l12
[4.687s] DEBUG:colcon.colcon_core.event_handler.log_command:Invoking command in '/home/mikks/ros2_px4_ws/build/example_mode_goto_cpp': CMAKE_PREFIX_PATH=/home/mikks/ros2_px4_ws/install/px4_ros2_cpp:/home/mikks/ros2_px4_ws/install/px4_msgs:/home/mikks/ros2_px4_ws/install/px4_ros_com:/home/mikks/ros2_px4_ws/install/px4_ros2_py:/home/mikks/ros2_px4_ws/install/example_rover_velocity_mode_cpp:/home/mikks/ros2_px4_ws/install/example_mode_with_executor_cpp:/home/mikks/ros2_px4_ws/install/example_mode_vtol_cpp:/home/mikks/ros2_px4_ws/install/example_mode_rtl_replacement_cpp:/home/mikks/ros2_px4_ws/install/example_mode_mission_cpp:/home/mikks/ros2_px4_ws/install/example_mode_manual_cpp:/home/mikks/ros2_px4_ws/install/example_mode_goto_global_cpp:/home/mikks/ros2_px4_ws/install/example_mode_goto_cpp:/home/mikks/ros2_px4_ws/install/example_mode_fw_attitude_cpp:/home/mikks/ros2_px4_ws/install/example_local_navigation_cpp:/home/mikks/ros2_px4_ws/install/example_global_navigation_cpp:/home/mikks/ros2_px4_ws/install/example_executor_with_multiple_modes_cpp:/home/mikks/crazyflie_mapping_demo/ros2_ws/install/crazyflie_ros2_multiranger_bringup:/home/mikks/crazyflie_mapping_demo/ros2_ws/install/ros_gz_crazyflie_bringup:/home/mikks/crazyflie_mapping_demo/ros2_ws/install/ros_gz_crazyflie_gazebo:/home/mikks/crazyflie_mapping_demo/ros2_ws/install/crazyflie_sim:/home/mikks/crazyflie_mapping_demo/ros2_ws/install/crazyflie_examples:/home/mikks/crazyflie_mapping_demo/ros2_ws/install/crazyflie:/home/mikks/crazyflie_mapping_demo/ros2_ws/install/crazyflie_interfaces:/opt/ros/jazzy/opt/gz_sim_vendor:/opt/ros/jazzy/opt/gz_sensors_vendor:/opt/ros/jazzy/opt/gz_physics_vendor:/opt/ros/jazzy/opt/sdformat_vendor:/opt/ros/jazzy/opt/gz_gui_vendor:/opt/ros/jazzy/opt/gz_transport_vendor:/opt/ros/jazzy/opt/gz_rendering_vendor:/opt/ros/jazzy/opt/gz_plugin_vendor:/opt/ros/jazzy/opt/gz_fuel_tools_vendor:/opt/ros/jazzy/opt/gz_msgs_vendor:/opt/ros/jazzy/opt/gz_common_vendor:/opt/ros/jazzy/opt/gz_math_vendor:/opt/ros/jazzy/opt/gz_utils_vendor:/opt/ros/jazzy/opt/gz_tools_vendor:/opt/ros/jazzy/opt/gz_ogre_next_vendor:/opt/ros/jazzy/opt/gz_dartsim_vendor:/opt/ros/jazzy/opt/gz_cmake_vendor:/home/mikks/ros2_px4_ws/install/x500_hover_controller:/home/mikks/ros2_px4_ws/install/example_mode_with_rclpy_py:/home/mikks/ros2_px4_ws/install/example_mode_goto_py:/home/mikks/ros2_px4_ws/install/px4_actuator_ctrl:/home/mikks/ros2_ws/install/rover_desc_description:/home/mikks/ros2_ws/install/px4_actuator_ctrl:/home/mikks/ros2_ws/install/mine_rover_description:/home/mikks/ros2_ws/install/ZerionURDFV5cp_description:/home/mikks/crazyflie_mapping_demo/ros2_ws/install/velocity_free_consensus:/home/mikks/crazyflie_mapping_demo/ros2_ws/install/stepwise_lowpos:/home/mikks/crazyflie_mapping_demo/ros2_ws/install/step_wise_lowpos:/home/mikks/crazyflie_mapping_demo/ros2_ws/install/second_order_formation_control:/home/mikks/crazyflie_mapping_demo/ros2_ws/install/ros_gz_crazyflie_control:/home/mikks/crazyflie_mapping_demo/ros2_ws/install/mixed_fractional_consensus:/home/mikks/crazyflie_mapping_demo/ros2_ws/install/lowest_pos:/home/mikks/crazyflie_mapping_demo/ros2_ws/install/linear_consensus:/home/mikks/crazyflie_mapping_demo/ros2_ws/install/highest_pos:/home/mikks/crazyflie_mapping_demo/ros2_ws/install/fractional_consensus_alpha:/home/mikks/crazyflie_mapping_demo/ros2_ws/install/event_triggered_swarm:/home/mikks/crazyflie_mapping_demo/ros2_ws/install/drone_logger:/home/mikks/crazyflie_mapping_demo/ros2_ws/install/distributed_average_tracking:/home/mikks/crazyflie_mapping_demo/ros2_ws/install/crazyflie_swarm_logic:/home/mikks/crazyflie_mapping_demo/ros2_ws/install/crazyflie_ros2_multiranger_wall_following:/home/mikks/crazyflie_mapping_demo/ros2_ws/install/crazyflie_ros2_multiranger_simple_mapper:/home/mikks/crazyflie_mapping_demo/ros2_ws/install/crazyflie_py:/home/mikks/crazyflie_mapping_demo/ros2_ws/install/cooperative_target_centric_formation:/home/mikks/crazyflie_mapping_demo/ros2_ws/install/containment_using_agent_information:/home/mikks/crazyflie_mapping_demo/ros2_ws/install/consensus_for_double_integrator:/home/mikks/crazyflie_mapping_demo/ros2_ws/install/consensus_alignment:/home/mikks/crazyflie_mapping_demo/ros2_ws/install/binary_consensus:/home/mikks/crazyflie_mapping_demo/ros2_ws/install/Second_Order_Min_Consensus_for_Heterogeneous_Agents:/home/mikks/crazyflie_mapping_demo/ros2_ws/install/BinaryContainmentChain:/opt/ros/jazzy DEBUGINFOD_URLS=https://debuginfod.ubuntu.com LD_LIBRARY_PATH=/home/mikks/ros2_px4_ws/install/px4_ros2_cpp/lib:/home/mikks/ros2_px4_ws/install/px4_msgs/lib:/home/mikks/ros2_px4_ws/install/px4_ros_com/lib:/home/mikks/NatNet_SDK_4.3_ubuntu/lib:/home/mikks/crazyflie_mapping_demo/ros2_ws/install/crazyflie_interfaces/lib:/opt/ros/jazzy/opt/gz_sim_vendor/lib:/opt/ros/jazzy/opt/gz_sensors_vendor/lib:/opt/ros/jazzy/opt/gz_physics_vendor/lib:/opt/ros/jazzy/opt/sdformat_vendor/lib:/opt/ros/jazzy/opt/rviz_ogre_vendor/lib:/opt/ros/jazzy/lib/x86_64-linux-gnu:/opt/ros/jazzy/opt/gz_gui_vendor/lib:/opt/ros/jazzy/opt/gz_transport_vendor/lib:/opt/ros/jazzy/opt/gz_rendering_vendor/lib:/opt/ros/jazzy/opt/gz_plugin_vendor/lib:/opt/ros/jazzy/opt/gz_fuel_tools_vendor/lib:/opt/ros/jazzy/opt/gz_msgs_vendor/lib:/opt/ros/jazzy/opt/gz_common_vendor/lib:/opt/ros/jazzy/opt/gz_math_vendor/lib:/opt/ros/jazzy/opt/gz_utils_vendor/lib:/opt/ros/jazzy/opt/gz_tools_vendor/lib:/opt/ros/jazzy/opt/gz_ogre_next_vendor/lib:/opt/ros/jazzy/opt/gz_dartsim_vendor/lib:/opt/ros/jazzy/opt/gz_cmake_vendor/lib:/opt/ros/jazzy/lib PYTHONPATH=/home/mikks/ros2_px4_ws/install/px4_msgs/lib/python3.12/site-packages:/home/mikks/ros2_px4_ws/build/x500_hover_controller:/home/mikks/ros2_px4_ws/install/x500_hover_controller/lib/python3.12/site-packages:/home/mikks/ros2_px4_ws/install/px4_ros_com/lib/python3.12/site-packages:/home/mikks/ros2_px4_ws/build/example_mode_with_rclpy_py:/home/mikks/ros2_px4_ws/install/example_mode_with_rclpy_py/lib/python3.12/site-packages:/home/mikks/ros2_px4_ws/build/example_mode_goto_py:/home/mikks/ros2_px4_ws/install/example_mode_goto_py/lib/python3.12/site-packages:/home/mikks/ros2_px4_ws/install/px4_ros2_py/lib/python3.12/site-packages:/home/mikks/ros2_px4_ws/build/px4_actuator_ctrl:/home/mikks/ros2_px4_ws/install/px4_actuator_ctrl/lib/python3.12/site-packages:/home/mikks/ros2_ws/build/rover_desc_description:/home/mikks/ros2_ws/install/rover_desc_description/lib/python3.12/site-packages:/home/mikks/ros2_ws/install/px4_actuator_ctrl/lib/python3.12/site-packages:/home/mikks/ros2_ws/build/mine_rover_description:/home/mikks/ros2_ws/install/mine_rover_description/lib/python3.12/site-packages:/home/mikks/ros2_ws/build/ZerionURDFV5cp_description:/home/mikks/ros2_ws/install/ZerionURDFV5cp_description/lib/python3.12/site-packages:/home/mikks/crazyflie_mapping_demo/ros2_ws/install/velocity_free_consensus/lib/python3.12/site-packages:/home/mikks/crazyflie_mapping_demo/ros2_ws/install/stepwise_lowpos/lib/python3.12/site-packages:/home/mikks/crazyflie_mapping_demo/ros2_ws/install/step_wise_lowpos/lib/python3.12/site-packages:/home/mikks/crazyflie_mapping_demo/ros2_ws/install/second_order_formation_control/lib/python3.12/site-packages:/home/mikks/crazyflie_mapping_demo/ros2_ws/install/ros_gz_crazyflie_control/lib/python3.12/site-packages:/home/mikks/crazyflie_mapping_demo/ros2_ws/install/mixed_fractional_consensus/lib/python3.12/site-packages:/home/mikks/crazyflie_mapping_demo/ros2_ws/install/lowest_pos/lib/python3.12/site-packages:/home/mikks/crazyflie_mapping_demo/ros2_ws/install/linear_consensus/lib/python3.12/site-packages:/home/mikks/crazyflie_mapping_demo/ros2_ws/install/highest_pos/lib/python3.12/site-packages:/home/mikks/crazyflie_mapping_demo/ros2_ws/install/fractional_consensus_alpha/lib/python3.12/site-packages:/home/mikks/crazyflie_mapping_demo/ros2_ws/install/event_triggered_swarm/lib/python3.12/site-packages:/home/mikks/crazyflie_mapping_demo/ros2_ws/install/drone_logger/lib/python3.12/site-packages:/home/mikks/crazyflie_mapping_demo/ros2_ws/install/distributed_average_tracking/lib/python3.12/site-packages:/home/mikks/crazyflie_mapping_demo/ros2_ws/install/crazyflie_swarm_logic/lib/python3.12/site-packages:/home/mikks/crazyflie_mapping_demo/ros2_ws/install/crazyflie_sim/lib/python3.12/site-packages:/home/mikks/crazyflie_mapping_demo/ros2_ws/install/crazyflie_ros2_multiranger_wall_following/lib/python3.12/site-packages:/home/mikks/crazyflie_mapping_demo/ros2_ws/install/crazyflie_ros2_multiranger_simple_mapper/lib/python3.12/site-packages:/home/mikks/crazyflie_mapping_demo/ros2_ws/install/crazyflie_examples/lib/python3.12/site-packages:/home/mikks/crazyflie_mapping_demo/ros2_ws/install/crazyflie_py/lib/python3.12/site-packages:/home/mikks/crazyflie_mapping_demo/ros2_ws/install/crazyflie_interfaces/lib/python3.12/site-packages:/home/mikks/crazyflie_mapping_demo/ros2_ws/install/cooperative_target_centric_formation/lib/python3.12/site-packages:/home/mikks/crazyflie_mapping_demo/ros2_ws/install/containment_using_agent_information/lib/python3.12/site-packages:/home/mikks/crazyflie_mapping_demo/ros2_ws/install/consensus_for_double_integrator/lib/python3.12/site-packages:/home/mikks/crazyflie_mapping_demo/ros2_ws/install/consensus_alignment/lib/python3.12/site-packages:/home/mikks/crazyflie_mapping_demo/ros2_ws/install/binary_consensus/lib/python3.12/site-packages:/home/mikks/crazyflie_mapping_demo/ros2_ws/install/Second_Order_Min_Consensus_for_Heterogeneous_Agents/lib/python3.12/site-packages:/home/mikks/crazyflie_mapping_demo/ros2_ws/install/BinaryContainmentChain/lib/python3.12/site-packages:/opt/ros/jazzy/lib/python3.12/site-packages /usr/bin/cmake --install /home/mikks/ros2_px4_ws/build/example_mode_goto_cpp
[4.687s] DEBUG:colcon.colcon_core.event_handler.log_command:Invoked command in '/home/mikks/ros2_px4_ws/build/example_mode_manual_cpp' returned '0': CMAKE_PREFIX_PATH=/home/mikks/ros2_px4_ws/install/px4_ros2_cpp:/home/mikks/ros2_px4_ws/install/px4_msgs:/home/mikks/ros2_px4_ws/install/px4_ros_com:/home/mikks/ros2_px4_ws/install/px4_ros2_py:/home/mikks/ros2_px4_ws/install/example_rover_velocity_mode_cpp:/home/mikks/ros2_px4_ws/install/example_mode_with_executor_cpp:/home/mikks/ros2_px4_ws/install/example_mode_vtol_cpp:/home/mikks/ros2_px4_ws/install/example_mode_rtl_replacement_cpp:/home/mikks/ros2_px4_ws/install/example_mode_mission_cpp:/home/mikks/ros2_px4_ws/install/example_mode_manual_cpp:/home/mikks/ros2_px4_ws/install/example_mode_goto_global_cpp:/home/mikks/ros2_px4_ws/install/example_mode_goto_cpp:/home/mikks/ros2_px4_ws/install/example_mode_fw_attitude_cpp:/home/mikks/ros2_px4_ws/install/example_local_navigation_cpp:/home/mikks/ros2_px4_ws/install/example_global_navigation_cpp:/home/mikks/ros2_px4_ws/install/example_executor_with_multiple_modes_cpp:/home/mikks/crazyflie_mapping_demo/ros2_ws/install/crazyflie_ros2_multiranger_bringup:/home/mikks/crazyflie_mapping_demo/ros2_ws/install/ros_gz_crazyflie_bringup:/home/mikks/crazyflie_mapping_demo/ros2_ws/install/ros_gz_crazyflie_gazebo:/home/mikks/crazyflie_mapping_demo/ros2_ws/install/crazyflie_sim:/home/mikks/crazyflie_mapping_demo/ros2_ws/install/crazyflie_examples:/home/mikks/crazyflie_mapping_demo/ros2_ws/install/crazyflie:/home/mikks/crazyflie_mapping_demo/ros2_ws/install/crazyflie_interfaces:/opt/ros/jazzy/opt/gz_sim_vendor:/opt/ros/jazzy/opt/gz_sensors_vendor:/opt/ros/jazzy/opt/gz_physics_vendor:/opt/ros/jazzy/opt/sdformat_vendor:/opt/ros/jazzy/opt/gz_gui_vendor:/opt/ros/jazzy/opt/gz_transport_vendor:/opt/ros/jazzy/opt/gz_rendering_vendor:/opt/ros/jazzy/opt/gz_plugin_vendor:/opt/ros/jazzy/opt/gz_fuel_tools_vendor:/opt/ros/jazzy/opt/gz_msgs_vendor:/opt/ros/jazzy/opt/gz_common_vendor:/opt/ros/jazzy/opt/gz_math_vendor:/opt/ros/jazzy/opt/gz_utils_vendor:/opt/ros/jazzy/opt/gz_tools_vendor:/opt/ros/jazzy/opt/gz_ogre_next_vendor:/opt/ros/jazzy/opt/gz_dartsim_vendor:/opt/ros/jazzy/opt/gz_cmake_vendor:/home/mikks/ros2_px4_ws/install/x500_hover_controller:/home/mikks/ros2_px4_ws/install/example_mode_with_rclpy_py:/home/mikks/ros2_px4_ws/install/example_mode_goto_py:/home/mikks/ros2_px4_ws/install/px4_actuator_ctrl:/home/mikks/ros2_ws/install/rover_desc_description:/home/mikks/ros2_ws/install/px4_actuator_ctrl:/home/mikks/ros2_ws/install/mine_rover_description:/home/mikks/ros2_ws/install/ZerionURDFV5cp_description:/home/mikks/crazyflie_mapping_demo/ros2_ws/install/velocity_free_consensus:/home/mikks/crazyflie_mapping_demo/ros2_ws/install/stepwise_lowpos:/home/mikks/crazyflie_mapping_demo/ros2_ws/install/step_wise_lowpos:/home/mikks/crazyflie_mapping_demo/ros2_ws/install/second_order_formation_control:/home/mikks/crazyflie_mapping_demo/ros2_ws/install/ros_gz_crazyflie_control:/home/mikks/crazyflie_mapping_demo/ros2_ws/install/mixed_fractional_consensus:/home/mikks/crazyflie_mapping_demo/ros2_ws/install/lowest_pos:/home/mikks/crazyflie_mapping_demo/ros2_ws/install/linear_consensus:/home/mikks/crazyflie_mapping_demo/ros2_ws/install/highest_pos:/home/mikks/crazyflie_mapping_demo/ros2_ws/install/fractional_consensus_alpha:/home/mikks/crazyflie_mapping_demo/ros2_ws/install/event_triggered_swarm:/home/mikks/crazyflie_mapping_demo/ros2_ws/install/drone_logger:/home/mikks/crazyflie_mapping_demo/ros2_ws/install/distributed_average_tracking:/home/mikks/crazyflie_mapping_demo/ros2_ws/install/crazyflie_swarm_logic:/home/mikks/crazyflie_mapping_demo/ros2_ws/install/crazyflie_ros2_multiranger_wall_following:/home/mikks/crazyflie_mapping_demo/ros2_ws/install/crazyflie_ros2_multiranger_simple_mapper:/home/mikks/crazyflie_mapping_demo/ros2_ws/install/crazyflie_py:/home/mikks/crazyflie_mapping_demo/ros2_ws/install/cooperative_target_centric_formation:/home/mikks/crazyflie_mapping_demo/ros2_ws/install/containment_using_agent_information:/home/mikks/crazyflie_mapping_demo/ros2_ws/install/consensus_for_double_integrator:/home/mikks/crazyflie_mapping_demo/ros2_ws/install/consensus_alignment:/home/mikks/crazyflie_mapping_demo/ros2_ws/install/binary_consensus:/home/mikks/crazyflie_mapping_demo/ros2_ws/install/Second_Order_Min_Consensus_for_Heterogeneous_Agents:/home/mikks/crazyflie_mapping_demo/ros2_ws/install/BinaryContainmentChain:/opt/ros/jazzy DEBUGINFOD_URLS=https://debuginfod.ubuntu.com LD_LIBRARY_PATH=/home/mikks/ros2_px4_ws/install/px4_ros2_cpp/lib:/home/mikks/ros2_px4_ws/install/px4_msgs/lib:/home/mikks/ros2_px4_ws/install/px4_ros_com/lib:/home/mikks/NatNet_SDK_4.3_ubuntu/lib:/home/mikks/crazyflie_mapping_demo/ros2_ws/install/crazyflie_interfaces/lib:/opt/ros/jazzy/opt/gz_sim_vendor/lib:/opt/ros/jazzy/opt/gz_sensors_vendor/lib:/opt/ros/jazzy/opt/gz_physics_vendor/lib:/opt/ros/jazzy/opt/sdformat_vendor/lib:/opt/ros/jazzy/opt/rviz_ogre_vendor/lib:/opt/ros/jazzy/lib/x86_64-linux-gnu:/opt/ros/jazzy/opt/gz_gui_vendor/lib:/opt/ros/jazzy/opt/gz_transport_vendor/lib:/opt/ros/jazzy/opt/gz_rendering_vendor/lib:/opt/ros/jazzy/opt/gz_plugin_vendor/lib:/opt/ros/jazzy/opt/gz_fuel_tools_vendor/lib:/opt/ros/jazzy/opt/gz_msgs_vendor/lib:/opt/ros/jazzy/opt/gz_common_vendor/lib:/opt/ros/jazzy/opt/gz_math_vendor/lib:/opt/ros/jazzy/opt/gz_utils_vendor/lib:/opt/ros/jazzy/opt/gz_tools_vendor/lib:/opt/ros/jazzy/opt/gz_ogre_next_vendor/lib:/opt/ros/jazzy/opt/gz_dartsim_vendor/lib:/opt/ros/jazzy/opt/gz_cmake_vendor/lib:/opt/ros/jazzy/lib PYTHONPATH=/home/mikks/ros2_px4_ws/install/px4_msgs/lib/python3.12/site-packages:/home/mikks/ros2_px4_ws/build/x500_hover_controller:/home/mikks/ros2_px4_ws/install/x500_hover_controller/lib/python3.12/site-packages:/home/mikks/ros2_px4_ws/install/px4_ros_com/lib/python3.12/site-packages:/home/mikks/ros2_px4_ws/build/example_mode_with_rclpy_py:/home/mikks/ros2_px4_ws/install/example_mode_with_rclpy_py/lib/python3.12/site-packages:/home/mikks/ros2_px4_ws/build/example_mode_goto_py:/home/mikks/ros2_px4_ws/install/example_mode_goto_py/lib/python3.12/site-packages:/home/mikks/ros2_px4_ws/install/px4_ros2_py/lib/python3.12/site-packages:/home/mikks/ros2_px4_ws/build/px4_actuator_ctrl:/home/mikks/ros2_px4_ws/install/px4_actuator_ctrl/lib/python3.12/site-packages:/home/mikks/ros2_ws/build/rover_desc_description:/home/mikks/ros2_ws/install/rover_desc_description/lib/python3.12/site-packages:/home/mikks/ros2_ws/install/px4_actuator_ctrl/lib/python3.12/site-packages:/home/mikks/ros2_ws/build/mine_rover_description:/home/mikks/ros2_ws/install/mine_rover_description/lib/python3.12/site-packages:/home/mikks/ros2_ws/build/ZerionURDFV5cp_description:/home/mikks/ros2_ws/install/ZerionURDFV5cp_description/lib/python3.12/site-packages:/home/mikks/crazyflie_mapping_demo/ros2_ws/install/velocity_free_consensus/lib/python3.12/site-packages:/home/mikks/crazyflie_mapping_demo/ros2_ws/install/stepwise_lowpos/lib/python3.12/site-packages:/home/mikks/crazyflie_mapping_demo/ros2_ws/install/step_wise_lowpos/lib/python3.12/site-packages:/home/mikks/crazyflie_mapping_demo/ros2_ws/install/second_order_formation_control/lib/python3.12/site-packages:/home/mikks/crazyflie_mapping_demo/ros2_ws/install/ros_gz_crazyflie_control/lib/python3.12/site-packages:/home/mikks/crazyflie_mapping_demo/ros2_ws/install/mixed_fractional_consensus/lib/python3.12/site-packages:/home/mikks/crazyflie_mapping_demo/ros2_ws/install/lowest_pos/lib/python3.12/site-packages:/home/mikks/crazyflie_mapping_demo/ros2_ws/install/linear_consensus/lib/python3.12/site-packages:/home/mikks/crazyflie_mapping_demo/ros2_ws/install/highest_pos/lib/python3.12/site-packages:/home/mikks/crazyflie_mapping_demo/ros2_ws/install/fractional_consensus_alpha/lib/python3.12/site-packages:/home/mikks/crazyflie_mapping_demo/ros2_ws/install/event_triggered_swarm/lib/python3.12/site-packages:/home/mikks/crazyflie_mapping_demo/ros2_ws/install/drone_logger/lib/python3.12/site-packages:/home/mikks/crazyflie_mapping_demo/ros2_ws/install/distributed_average_tracking/lib/python3.12/site-packages:/home/mikks/crazyflie_mapping_demo/ros2_ws/install/crazyflie_swarm_logic/lib/python3.12/site-packages:/home/mikks/crazyflie_mapping_demo/ros2_ws/install/crazyflie_sim/lib/python3.12/site-packages:/home/mikks/crazyflie_mapping_demo/ros2_ws/install/crazyflie_ros2_multiranger_wall_following/lib/python3.12/site-packages:/home/mikks/crazyflie_mapping_demo/ros2_ws/install/crazyflie_ros2_multiranger_simple_mapper/lib/python3.12/site-packages:/home/mikks/crazyflie_mapping_demo/ros2_ws/install/crazyflie_examples/lib/python3.12/site-packages:/home/mikks/crazyflie_mapping_demo/ros2_ws/install/crazyflie_py/lib/python3.12/site-packages:/home/mikks/crazyflie_mapping_demo/ros2_ws/install/crazyflie_interfaces/lib/python3.12/site-packages:/home/mikks/crazyflie_mapping_demo/ros2_ws/install/cooperative_target_centric_formation/lib/python3.12/site-packages:/home/mikks/crazyflie_mapping_demo/ros2_ws/install/containment_using_agent_information/lib/python3.12/site-packages:/home/mikks/crazyflie_mapping_demo/ros2_ws/install/consensus_for_double_integrator/lib/python3.12/site-packages:/home/mikks/crazyflie_mapping_demo/ros2_ws/install/consensus_alignment/lib/python3.12/site-packages:/home/mikks/crazyflie_mapping_demo/ros2_ws/install/binary_consensus/lib/python3.12/site-packages:/home/mikks/crazyflie_mapping_demo/ros2_ws/install/Second_Order_Min_Consensus_for_Heterogeneous_Agents/lib/python3.12/site-packages:/home/mikks/crazyflie_mapping_demo/ros2_ws/install/BinaryContainmentChain/lib/python3.12/site-packages:/opt/ros/jazzy/lib/python3.12/site-packages /usr/bin/cmake --build /home/mikks/ros2_px4_ws/build/example_mode_manual_cpp -- -j12 -l12
[4.688s] DEBUG:colcon.colcon_core.event_handler.log_command:Invoking command in '/home/mikks/ros2_px4_ws/build/example_mode_manual_cpp': CMAKE_PREFIX_PATH=/home/mikks/ros2_px4_ws/install/px4_ros2_cpp:/home/mikks/ros2_px4_ws/install/px4_msgs:/home/mikks/ros2_px4_ws/install/px4_ros_com:/home/mikks/ros2_px4_ws/install/px4_ros2_py:/home/mikks/ros2_px4_ws/install/example_rover_velocity_mode_cpp:/home/mikks/ros2_px4_ws/install/example_mode_with_executor_cpp:/home/mikks/ros2_px4_ws/install/example_mode_vtol_cpp:/home/mikks/ros2_px4_ws/install/example_mode_rtl_replacement_cpp:/home/mikks/ros2_px4_ws/install/example_mode_mission_cpp:/home/mikks/ros2_px4_ws/install/example_mode_manual_cpp:/home/mikks/ros2_px4_ws/install/example_mode_goto_global_cpp:/home/mikks/ros2_px4_ws/install/example_mode_goto_cpp:/home/mikks/ros2_px4_ws/install/example_mode_fw_attitude_cpp:/home/mikks/ros2_px4_ws/install/example_local_navigation_cpp:/home/mikks/ros2_px4_ws/install/example_global_navigation_cpp:/home/mikks/ros2_px4_ws/install/example_executor_with_multiple_modes_cpp:/home/mikks/crazyflie_mapping_demo/ros2_ws/install/crazyflie_ros2_multiranger_bringup:/home/mikks/crazyflie_mapping_demo/ros2_ws/install/ros_gz_crazyflie_bringup:/home/mikks/crazyflie_mapping_demo/ros2_ws/install/ros_gz_crazyflie_gazebo:/home/mikks/crazyflie_mapping_demo/ros2_ws/install/crazyflie_sim:/home/mikks/crazyflie_mapping_demo/ros2_ws/install/crazyflie_examples:/home/mikks/crazyflie_mapping_demo/ros2_ws/install/crazyflie:/home/mikks/crazyflie_mapping_demo/ros2_ws/install/crazyflie_interfaces:/opt/ros/jazzy/opt/gz_sim_vendor:/opt/ros/jazzy/opt/gz_sensors_vendor:/opt/ros/jazzy/opt/gz_physics_vendor:/opt/ros/jazzy/opt/sdformat_vendor:/opt/ros/jazzy/opt/gz_gui_vendor:/opt/ros/jazzy/opt/gz_transport_vendor:/opt/ros/jazzy/opt/gz_rendering_vendor:/opt/ros/jazzy/opt/gz_plugin_vendor:/opt/ros/jazzy/opt/gz_fuel_tools_vendor:/opt/ros/jazzy/opt/gz_msgs_vendor:/opt/ros/jazzy/opt/gz_common_vendor:/opt/ros/jazzy/opt/gz_math_vendor:/opt/ros/jazzy/opt/gz_utils_vendor:/opt/ros/jazzy/opt/gz_tools_vendor:/opt/ros/jazzy/opt/gz_ogre_next_vendor:/opt/ros/jazzy/opt/gz_dartsim_vendor:/opt/ros/jazzy/opt/gz_cmake_vendor:/home/mikks/ros2_px4_ws/install/x500_hover_controller:/home/mikks/ros2_px4_ws/install/example_mode_with_rclpy_py:/home/mikks/ros2_px4_ws/install/example_mode_goto_py:/home/mikks/ros2_px4_ws/install/px4_actuator_ctrl:/home/mikks/ros2_ws/install/rover_desc_description:/home/mikks/ros2_ws/install/px4_actuator_ctrl:/home/mikks/ros2_ws/install/mine_rover_description:/home/mikks/ros2_ws/install/ZerionURDFV5cp_description:/home/mikks/crazyflie_mapping_demo/ros2_ws/install/velocity_free_consensus:/home/mikks/crazyflie_mapping_demo/ros2_ws/install/stepwise_lowpos:/home/mikks/crazyflie_mapping_demo/ros2_ws/install/step_wise_lowpos:/home/mikks/crazyflie_mapping_demo/ros2_ws/install/second_order_formation_control:/home/mikks/crazyflie_mapping_demo/ros2_ws/install/ros_gz_crazyflie_control:/home/mikks/crazyflie_mapping_demo/ros2_ws/install/mixed_fractional_consensus:/home/mikks/crazyflie_mapping_demo/ros2_ws/install/lowest_pos:/home/mikks/crazyflie_mapping_demo/ros2_ws/install/linear_consensus:/home/mikks/crazyflie_mapping_demo/ros2_ws/install/highest_pos:/home/mikks/crazyflie_mapping_demo/ros2_ws/install/fractional_consensus_alpha:/home/mikks/crazyflie_mapping_demo/ros2_ws/install/event_triggered_swarm:/home/mikks/crazyflie_mapping_demo/ros2_ws/install/drone_logger:/home/mikks/crazyflie_mapping_demo/ros2_ws/install/distributed_average_tracking:/home/mikks/crazyflie_mapping_demo/ros2_ws/install/crazyflie_swarm_logic:/home/mikks/crazyflie_mapping_demo/ros2_ws/install/crazyflie_ros2_multiranger_wall_following:/home/mikks/crazyflie_mapping_demo/ros2_ws/install/crazyflie_ros2_multiranger_simple_mapper:/home/mikks/crazyflie_mapping_demo/ros2_ws/install/crazyflie_py:/home/mikks/crazyflie_mapping_demo/ros2_ws/install/cooperative_target_centric_formation:/home/mikks/crazyflie_mapping_demo/ros2_ws/install/containment_using_agent_information:/home/mikks/crazyflie_mapping_demo/ros2_ws/install/consensus_for_double_integrator:/home/mikks/crazyflie_mapping_demo/ros2_ws/install/consensus_alignment:/home/mikks/crazyflie_mapping_demo/ros2_ws/install/binary_consensus:/home/mikks/crazyflie_mapping_demo/ros2_ws/install/Second_Order_Min_Consensus_for_Heterogeneous_Agents:/home/mikks/crazyflie_mapping_demo/ros2_ws/install/BinaryContainmentChain:/opt/ros/jazzy DEBUGINFOD_URLS=https://debuginfod.ubuntu.com LD_LIBRARY_PATH=/home/mikks/ros2_px4_ws/install/px4_ros2_cpp/lib:/home/mikks/ros2_px4_ws/install/px4_msgs/lib:/home/mikks/ros2_px4_ws/install/px4_ros_com/lib:/home/mikks/NatNet_SDK_4.3_ubuntu/lib:/home/mikks/crazyflie_mapping_demo/ros2_ws/install/crazyflie_interfaces/lib:/opt/ros/jazzy/opt/gz_sim_vendor/lib:/opt/ros/jazzy/opt/gz_sensors_vendor/lib:/opt/ros/jazzy/opt/gz_physics_vendor/lib:/opt/ros/jazzy/opt/sdformat_vendor/lib:/opt/ros/jazzy/opt/rviz_ogre_vendor/lib:/opt/ros/jazzy/lib/x86_64-linux-gnu:/opt/ros/jazzy/opt/gz_gui_vendor/lib:/opt/ros/jazzy/opt/gz_transport_vendor/lib:/opt/ros/jazzy/opt/gz_rendering_vendor/lib:/opt/ros/jazzy/opt/gz_plugin_vendor/lib:/opt/ros/jazzy/opt/gz_fuel_tools_vendor/lib:/opt/ros/jazzy/opt/gz_msgs_vendor/lib:/opt/ros/jazzy/opt/gz_common_vendor/lib:/opt/ros/jazzy/opt/gz_math_vendor/lib:/opt/ros/jazzy/opt/gz_utils_vendor/lib:/opt/ros/jazzy/opt/gz_tools_vendor/lib:/opt/ros/jazzy/opt/gz_ogre_next_vendor/lib:/opt/ros/jazzy/opt/gz_dartsim_vendor/lib:/opt/ros/jazzy/opt/gz_cmake_vendor/lib:/opt/ros/jazzy/lib PYTHONPATH=/home/mikks/ros2_px4_ws/install/px4_msgs/lib/python3.12/site-packages:/home/mikks/ros2_px4_ws/build/x500_hover_controller:/home/mikks/ros2_px4_ws/install/x500_hover_controller/lib/python3.12/site-packages:/home/mikks/ros2_px4_ws/install/px4_ros_com/lib/python3.12/site-packages:/home/mikks/ros2_px4_ws/build/example_mode_with_rclpy_py:/home/mikks/ros2_px4_ws/install/example_mode_with_rclpy_py/lib/python3.12/site-packages:/home/mikks/ros2_px4_ws/build/example_mode_goto_py:/home/mikks/ros2_px4_ws/install/example_mode_goto_py/lib/python3.12/site-packages:/home/mikks/ros2_px4_ws/install/px4_ros2_py/lib/python3.12/site-packages:/home/mikks/ros2_px4_ws/build/px4_actuator_ctrl:/home/mikks/ros2_px4_ws/install/px4_actuator_ctrl/lib/python3.12/site-packages:/home/mikks/ros2_ws/build/rover_desc_description:/home/mikks/ros2_ws/install/rover_desc_description/lib/python3.12/site-packages:/home/mikks/ros2_ws/install/px4_actuator_ctrl/lib/python3.12/site-packages:/home/mikks/ros2_ws/build/mine_rover_description:/home/mikks/ros2_ws/install/mine_rover_description/lib/python3.12/site-packages:/home/mikks/ros2_ws/build/ZerionURDFV5cp_description:/home/mikks/ros2_ws/install/ZerionURDFV5cp_description/lib/python3.12/site-packages:/home/mikks/crazyflie_mapping_demo/ros2_ws/install/velocity_free_consensus/lib/python3.12/site-packages:/home/mikks/crazyflie_mapping_demo/ros2_ws/install/stepwise_lowpos/lib/python3.12/site-packages:/home/mikks/crazyflie_mapping_demo/ros2_ws/install/step_wise_lowpos/lib/python3.12/site-packages:/home/mikks/crazyflie_mapping_demo/ros2_ws/install/second_order_formation_control/lib/python3.12/site-packages:/home/mikks/crazyflie_mapping_demo/ros2_ws/install/ros_gz_crazyflie_control/lib/python3.12/site-packages:/home/mikks/crazyflie_mapping_demo/ros2_ws/install/mixed_fractional_consensus/lib/python3.12/site-packages:/home/mikks/crazyflie_mapping_demo/ros2_ws/install/lowest_pos/lib/python3.12/site-packages:/home/mikks/crazyflie_mapping_demo/ros2_ws/install/linear_consensus/lib/python3.12/site-packages:/home/mikks/crazyflie_mapping_demo/ros2_ws/install/highest_pos/lib/python3.12/site-packages:/home/mikks/crazyflie_mapping_demo/ros2_ws/install/fractional_consensus_alpha/lib/python3.12/site-packages:/home/mikks/crazyflie_mapping_demo/ros2_ws/install/event_triggered_swarm/lib/python3.12/site-packages:/home/mikks/crazyflie_mapping_demo/ros2_ws/install/drone_logger/lib/python3.12/site-packages:/home/mikks/crazyflie_mapping_demo/ros2_ws/install/distributed_average_tracking/lib/python3.12/site-packages:/home/mikks/crazyflie_mapping_demo/ros2_ws/install/crazyflie_swarm_logic/lib/python3.12/site-packages:/home/mikks/crazyflie_mapping_demo/ros2_ws/install/crazyflie_sim/lib/python3.12/site-packages:/home/mikks/crazyflie_mapping_demo/ros2_ws/install/crazyflie_ros2_multiranger_wall_following/lib/python3.12/site-packages:/home/mikks/crazyflie_mapping_demo/ros2_ws/install/crazyflie_ros2_multiranger_simple_mapper/lib/python3.12/site-packages:/home/mikks/crazyflie_mapping_demo/ros2_ws/install/crazyflie_examples/lib/python3.12/site-packages:/home/mikks/crazyflie_mapping_demo/ros2_ws/install/crazyflie_py/lib/python3.12/site-packages:/home/mikks/crazyflie_mapping_demo/ros2_ws/install/crazyflie_interfaces/lib/python3.12/site-packages:/home/mikks/crazyflie_mapping_demo/ros2_ws/install/cooperative_target_centric_formation/lib/python3.12/site-packages:/home/mikks/crazyflie_mapping_demo/ros2_ws/install/containment_using_agent_information/lib/python3.12/site-packages:/home/mikks/crazyflie_mapping_demo/ros2_ws/install/consensus_for_double_integrator/lib/python3.12/site-packages:/home/mikks/crazyflie_mapping_demo/ros2_ws/install/consensus_alignment/lib/python3.12/site-packages:/home/mikks/crazyflie_mapping_demo/ros2_ws/install/binary_consensus/lib/python3.12/site-packages:/home/mikks/crazyflie_mapping_demo/ros2_ws/install/Second_Order_Min_Consensus_for_Heterogeneous_Agents/lib/python3.12/site-packages:/home/mikks/crazyflie_mapping_demo/ros2_ws/install/BinaryContainmentChain/lib/python3.12/site-packages:/opt/ros/jazzy/lib/python3.12/site-packages /usr/bin/cmake --install /home/mikks/ros2_px4_ws/build/example_mode_manual_cpp
[4.690s] DEBUG:colcon.colcon_core.event_handler.log_command:Invoked command in '/home/mikks/ros2_px4_ws/build/example_executor_with_multiple_modes_cpp' returned '0': CMAKE_PREFIX_PATH=/home/mikks/ros2_px4_ws/install/px4_ros2_cpp:/home/mikks/ros2_px4_ws/install/px4_msgs:/home/mikks/ros2_px4_ws/install/px4_ros_com:/home/mikks/ros2_px4_ws/install/px4_ros2_py:/home/mikks/ros2_px4_ws/install/example_rover_velocity_mode_cpp:/home/mikks/ros2_px4_ws/install/example_mode_with_executor_cpp:/home/mikks/ros2_px4_ws/install/example_mode_vtol_cpp:/home/mikks/ros2_px4_ws/install/example_mode_rtl_replacement_cpp:/home/mikks/ros2_px4_ws/install/example_mode_mission_cpp:/home/mikks/ros2_px4_ws/install/example_mode_manual_cpp:/home/mikks/ros2_px4_ws/install/example_mode_goto_global_cpp:/home/mikks/ros2_px4_ws/install/example_mode_goto_cpp:/home/mikks/ros2_px4_ws/install/example_mode_fw_attitude_cpp:/home/mikks/ros2_px4_ws/install/example_local_navigation_cpp:/home/mikks/ros2_px4_ws/install/example_global_navigation_cpp:/home/mikks/ros2_px4_ws/install/example_executor_with_multiple_modes_cpp:/home/mikks/crazyflie_mapping_demo/ros2_ws/install/crazyflie_ros2_multiranger_bringup:/home/mikks/crazyflie_mapping_demo/ros2_ws/install/ros_gz_crazyflie_bringup:/home/mikks/crazyflie_mapping_demo/ros2_ws/install/ros_gz_crazyflie_gazebo:/home/mikks/crazyflie_mapping_demo/ros2_ws/install/crazyflie_sim:/home/mikks/crazyflie_mapping_demo/ros2_ws/install/crazyflie_examples:/home/mikks/crazyflie_mapping_demo/ros2_ws/install/crazyflie:/home/mikks/crazyflie_mapping_demo/ros2_ws/install/crazyflie_interfaces:/opt/ros/jazzy/opt/gz_sim_vendor:/opt/ros/jazzy/opt/gz_sensors_vendor:/opt/ros/jazzy/opt/gz_physics_vendor:/opt/ros/jazzy/opt/sdformat_vendor:/opt/ros/jazzy/opt/gz_gui_vendor:/opt/ros/jazzy/opt/gz_transport_vendor:/opt/ros/jazzy/opt/gz_rendering_vendor:/opt/ros/jazzy/opt/gz_plugin_vendor:/opt/ros/jazzy/opt/gz_fuel_tools_vendor:/opt/ros/jazzy/opt/gz_msgs_vendor:/opt/ros/jazzy/opt/gz_common_vendor:/opt/ros/jazzy/opt/gz_math_vendor:/opt/ros/jazzy/opt/gz_utils_vendor:/opt/ros/jazzy/opt/gz_tools_vendor:/opt/ros/jazzy/opt/gz_ogre_next_vendor:/opt/ros/jazzy/opt/gz_dartsim_vendor:/opt/ros/jazzy/opt/gz_cmake_vendor:/home/mikks/ros2_px4_ws/install/x500_hover_controller:/home/mikks/ros2_px4_ws/install/example_mode_with_rclpy_py:/home/mikks/ros2_px4_ws/install/example_mode_goto_py:/home/mikks/ros2_px4_ws/install/px4_actuator_ctrl:/home/mikks/ros2_ws/install/rover_desc_description:/home/mikks/ros2_ws/install/px4_actuator_ctrl:/home/mikks/ros2_ws/install/mine_rover_description:/home/mikks/ros2_ws/install/ZerionURDFV5cp_description:/home/mikks/crazyflie_mapping_demo/ros2_ws/install/velocity_free_consensus:/home/mikks/crazyflie_mapping_demo/ros2_ws/install/stepwise_lowpos:/home/mikks/crazyflie_mapping_demo/ros2_ws/install/step_wise_lowpos:/home/mikks/crazyflie_mapping_demo/ros2_ws/install/second_order_formation_control:/home/mikks/crazyflie_mapping_demo/ros2_ws/install/ros_gz_crazyflie_control:/home/mikks/crazyflie_mapping_demo/ros2_ws/install/mixed_fractional_consensus:/home/mikks/crazyflie_mapping_demo/ros2_ws/install/lowest_pos:/home/mikks/crazyflie_mapping_demo/ros2_ws/install/linear_consensus:/home/mikks/crazyflie_mapping_demo/ros2_ws/install/highest_pos:/home/mikks/crazyflie_mapping_demo/ros2_ws/install/fractional_consensus_alpha:/home/mikks/crazyflie_mapping_demo/ros2_ws/install/event_triggered_swarm:/home/mikks/crazyflie_mapping_demo/ros2_ws/install/drone_logger:/home/mikks/crazyflie_mapping_demo/ros2_ws/install/distributed_average_tracking:/home/mikks/crazyflie_mapping_demo/ros2_ws/install/crazyflie_swarm_logic:/home/mikks/crazyflie_mapping_demo/ros2_ws/install/crazyflie_ros2_multiranger_wall_following:/home/mikks/crazyflie_mapping_demo/ros2_ws/install/crazyflie_ros2_multiranger_simple_mapper:/home/mikks/crazyflie_mapping_demo/ros2_ws/install/crazyflie_py:/home/mikks/crazyflie_mapping_demo/ros2_ws/install/cooperative_target_centric_formation:/home/mikks/crazyflie_mapping_demo/ros2_ws/install/containment_using_agent_information:/home/mikks/crazyflie_mapping_demo/ros2_ws/install/consensus_for_double_integrator:/home/mikks/crazyflie_mapping_demo/ros2_ws/install/consensus_alignment:/home/mikks/crazyflie_mapping_demo/ros2_ws/install/binary_consensus:/home/mikks/crazyflie_mapping_demo/ros2_ws/install/Second_Order_Min_Consensus_for_Heterogeneous_Agents:/home/mikks/crazyflie_mapping_demo/ros2_ws/install/BinaryContainmentChain:/opt/ros/jazzy DEBUGINFOD_URLS=https://debuginfod.ubuntu.com LD_LIBRARY_PATH=/home/mikks/ros2_px4_ws/install/px4_ros2_cpp/lib:/home/mikks/ros2_px4_ws/install/px4_msgs/lib:/home/mikks/ros2_px4_ws/install/px4_ros_com/lib:/home/mikks/NatNet_SDK_4.3_ubuntu/lib:/home/mikks/crazyflie_mapping_demo/ros2_ws/install/crazyflie_interfaces/lib:/opt/ros/jazzy/opt/gz_sim_vendor/lib:/opt/ros/jazzy/opt/gz_sensors_vendor/lib:/opt/ros/jazzy/opt/gz_physics_vendor/lib:/opt/ros/jazzy/opt/sdformat_vendor/lib:/opt/ros/jazzy/opt/rviz_ogre_vendor/lib:/opt/ros/jazzy/lib/x86_64-linux-gnu:/opt/ros/jazzy/opt/gz_gui_vendor/lib:/opt/ros/jazzy/opt/gz_transport_vendor/lib:/opt/ros/jazzy/opt/gz_rendering_vendor/lib:/opt/ros/jazzy/opt/gz_plugin_vendor/lib:/opt/ros/jazzy/opt/gz_fuel_tools_vendor/lib:/opt/ros/jazzy/opt/gz_msgs_vendor/lib:/opt/ros/jazzy/opt/gz_common_vendor/lib:/opt/ros/jazzy/opt/gz_math_vendor/lib:/opt/ros/jazzy/opt/gz_utils_vendor/lib:/opt/ros/jazzy/opt/gz_tools_vendor/lib:/opt/ros/jazzy/opt/gz_ogre_next_vendor/lib:/opt/ros/jazzy/opt/gz_dartsim_vendor/lib:/opt/ros/jazzy/opt/gz_cmake_vendor/lib:/opt/ros/jazzy/lib PYTHONPATH=/home/mikks/ros2_px4_ws/install/px4_msgs/lib/python3.12/site-packages:/home/mikks/ros2_px4_ws/build/x500_hover_controller:/home/mikks/ros2_px4_ws/install/x500_hover_controller/lib/python3.12/site-packages:/home/mikks/ros2_px4_ws/install/px4_ros_com/lib/python3.12/site-packages:/home/mikks/ros2_px4_ws/build/example_mode_with_rclpy_py:/home/mikks/ros2_px4_ws/install/example_mode_with_rclpy_py/lib/python3.12/site-packages:/home/mikks/ros2_px4_ws/build/example_mode_goto_py:/home/mikks/ros2_px4_ws/install/example_mode_goto_py/lib/python3.12/site-packages:/home/mikks/ros2_px4_ws/install/px4_ros2_py/lib/python3.12/site-packages:/home/mikks/ros2_px4_ws/build/px4_actuator_ctrl:/home/mikks/ros2_px4_ws/install/px4_actuator_ctrl/lib/python3.12/site-packages:/home/mikks/ros2_ws/build/rover_desc_description:/home/mikks/ros2_ws/install/rover_desc_description/lib/python3.12/site-packages:/home/mikks/ros2_ws/install/px4_actuator_ctrl/lib/python3.12/site-packages:/home/mikks/ros2_ws/build/mine_rover_description:/home/mikks/ros2_ws/install/mine_rover_description/lib/python3.12/site-packages:/home/mikks/ros2_ws/build/ZerionURDFV5cp_description:/home/mikks/ros2_ws/install/ZerionURDFV5cp_description/lib/python3.12/site-packages:/home/mikks/crazyflie_mapping_demo/ros2_ws/install/velocity_free_consensus/lib/python3.12/site-packages:/home/mikks/crazyflie_mapping_demo/ros2_ws/install/stepwise_lowpos/lib/python3.12/site-packages:/home/mikks/crazyflie_mapping_demo/ros2_ws/install/step_wise_lowpos/lib/python3.12/site-packages:/home/mikks/crazyflie_mapping_demo/ros2_ws/install/second_order_formation_control/lib/python3.12/site-packages:/home/mikks/crazyflie_mapping_demo/ros2_ws/install/ros_gz_crazyflie_control/lib/python3.12/site-packages:/home/mikks/crazyflie_mapping_demo/ros2_ws/install/mixed_fractional_consensus/lib/python3.12/site-packages:/home/mikks/crazyflie_mapping_demo/ros2_ws/install/lowest_pos/lib/python3.12/site-packages:/home/mikks/crazyflie_mapping_demo/ros2_ws/install/linear_consensus/lib/python3.12/site-packages:/home/mikks/crazyflie_mapping_demo/ros2_ws/install/highest_pos/lib/python3.12/site-packages:/home/mikks/crazyflie_mapping_demo/ros2_ws/install/fractional_consensus_alpha/lib/python3.12/site-packages:/home/mikks/crazyflie_mapping_demo/ros2_ws/install/event_triggered_swarm/lib/python3.12/site-packages:/home/mikks/crazyflie_mapping_demo/ros2_ws/install/drone_logger/lib/python3.12/site-packages:/home/mikks/crazyflie_mapping_demo/ros2_ws/install/distributed_average_tracking/lib/python3.12/site-packages:/home/mikks/crazyflie_mapping_demo/ros2_ws/install/crazyflie_swarm_logic/lib/python3.12/site-packages:/home/mikks/crazyflie_mapping_demo/ros2_ws/install/crazyflie_sim/lib/python3.12/site-packages:/home/mikks/crazyflie_mapping_demo/ros2_ws/install/crazyflie_ros2_multiranger_wall_following/lib/python3.12/site-packages:/home/mikks/crazyflie_mapping_demo/ros2_ws/install/crazyflie_ros2_multiranger_simple_mapper/lib/python3.12/site-packages:/home/mikks/crazyflie_mapping_demo/ros2_ws/install/crazyflie_examples/lib/python3.12/site-packages:/home/mikks/crazyflie_mapping_demo/ros2_ws/install/crazyflie_py/lib/python3.12/site-packages:/home/mikks/crazyflie_mapping_demo/ros2_ws/install/crazyflie_interfaces/lib/python3.12/site-packages:/home/mikks/crazyflie_mapping_demo/ros2_ws/install/cooperative_target_centric_formation/lib/python3.12/site-packages:/home/mikks/crazyflie_mapping_demo/ros2_ws/install/containment_using_agent_information/lib/python3.12/site-packages:/home/mikks/crazyflie_mapping_demo/ros2_ws/install/consensus_for_double_integrator/lib/python3.12/site-packages:/home/mikks/crazyflie_mapping_demo/ros2_ws/install/consensus_alignment/lib/python3.12/site-packages:/home/mikks/crazyflie_mapping_demo/ros2_ws/install/binary_consensus/lib/python3.12/site-packages:/home/mikks/crazyflie_mapping_demo/ros2_ws/install/Second_Order_Min_Consensus_for_Heterogeneous_Agents/lib/python3.12/site-packages:/home/mikks/crazyflie_mapping_demo/ros2_ws/install/BinaryContainmentChain/lib/python3.12/site-packages:/opt/ros/jazzy/lib/python3.12/site-packages /usr/bin/cmake --build /home/mikks/ros2_px4_ws/build/example_executor_with_multiple_modes_cpp -- -j12 -l12
[4.693s] DEBUG:colcon.colcon_core.event_handler.log_command:Invoking command in '/home/mikks/ros2_px4_ws/build/example_executor_with_multiple_modes_cpp': CMAKE_PREFIX_PATH=/home/mikks/ros2_px4_ws/install/px4_ros2_cpp:/home/mikks/ros2_px4_ws/install/px4_msgs:/home/mikks/ros2_px4_ws/install/px4_ros_com:/home/mikks/ros2_px4_ws/install/px4_ros2_py:/home/mikks/ros2_px4_ws/install/example_rover_velocity_mode_cpp:/home/mikks/ros2_px4_ws/install/example_mode_with_executor_cpp:/home/mikks/ros2_px4_ws/install/example_mode_vtol_cpp:/home/mikks/ros2_px4_ws/install/example_mode_rtl_replacement_cpp:/home/mikks/ros2_px4_ws/install/example_mode_mission_cpp:/home/mikks/ros2_px4_ws/install/example_mode_manual_cpp:/home/mikks/ros2_px4_ws/install/example_mode_goto_global_cpp:/home/mikks/ros2_px4_ws/install/example_mode_goto_cpp:/home/mikks/ros2_px4_ws/install/example_mode_fw_attitude_cpp:/home/mikks/ros2_px4_ws/install/example_local_navigation_cpp:/home/mikks/ros2_px4_ws/install/example_global_navigation_cpp:/home/mikks/ros2_px4_ws/install/example_executor_with_multiple_modes_cpp:/home/mikks/crazyflie_mapping_demo/ros2_ws/install/crazyflie_ros2_multiranger_bringup:/home/mikks/crazyflie_mapping_demo/ros2_ws/install/ros_gz_crazyflie_bringup:/home/mikks/crazyflie_mapping_demo/ros2_ws/install/ros_gz_crazyflie_gazebo:/home/mikks/crazyflie_mapping_demo/ros2_ws/install/crazyflie_sim:/home/mikks/crazyflie_mapping_demo/ros2_ws/install/crazyflie_examples:/home/mikks/crazyflie_mapping_demo/ros2_ws/install/crazyflie:/home/mikks/crazyflie_mapping_demo/ros2_ws/install/crazyflie_interfaces:/opt/ros/jazzy/opt/gz_sim_vendor:/opt/ros/jazzy/opt/gz_sensors_vendor:/opt/ros/jazzy/opt/gz_physics_vendor:/opt/ros/jazzy/opt/sdformat_vendor:/opt/ros/jazzy/opt/gz_gui_vendor:/opt/ros/jazzy/opt/gz_transport_vendor:/opt/ros/jazzy/opt/gz_rendering_vendor:/opt/ros/jazzy/opt/gz_plugin_vendor:/opt/ros/jazzy/opt/gz_fuel_tools_vendor:/opt/ros/jazzy/opt/gz_msgs_vendor:/opt/ros/jazzy/opt/gz_common_vendor:/opt/ros/jazzy/opt/gz_math_vendor:/opt/ros/jazzy/opt/gz_utils_vendor:/opt/ros/jazzy/opt/gz_tools_vendor:/opt/ros/jazzy/opt/gz_ogre_next_vendor:/opt/ros/jazzy/opt/gz_dartsim_vendor:/opt/ros/jazzy/opt/gz_cmake_vendor:/home/mikks/ros2_px4_ws/install/x500_hover_controller:/home/mikks/ros2_px4_ws/install/example_mode_with_rclpy_py:/home/mikks/ros2_px4_ws/install/example_mode_goto_py:/home/mikks/ros2_px4_ws/install/px4_actuator_ctrl:/home/mikks/ros2_ws/install/rover_desc_description:/home/mikks/ros2_ws/install/px4_actuator_ctrl:/home/mikks/ros2_ws/install/mine_rover_description:/home/mikks/ros2_ws/install/ZerionURDFV5cp_description:/home/mikks/crazyflie_mapping_demo/ros2_ws/install/velocity_free_consensus:/home/mikks/crazyflie_mapping_demo/ros2_ws/install/stepwise_lowpos:/home/mikks/crazyflie_mapping_demo/ros2_ws/install/step_wise_lowpos:/home/mikks/crazyflie_mapping_demo/ros2_ws/install/second_order_formation_control:/home/mikks/crazyflie_mapping_demo/ros2_ws/install/ros_gz_crazyflie_control:/home/mikks/crazyflie_mapping_demo/ros2_ws/install/mixed_fractional_consensus:/home/mikks/crazyflie_mapping_demo/ros2_ws/install/lowest_pos:/home/mikks/crazyflie_mapping_demo/ros2_ws/install/linear_consensus:/home/mikks/crazyflie_mapping_demo/ros2_ws/install/highest_pos:/home/mikks/crazyflie_mapping_demo/ros2_ws/install/fractional_consensus_alpha:/home/mikks/crazyflie_mapping_demo/ros2_ws/install/event_triggered_swarm:/home/mikks/crazyflie_mapping_demo/ros2_ws/install/drone_logger:/home/mikks/crazyflie_mapping_demo/ros2_ws/install/distributed_average_tracking:/home/mikks/crazyflie_mapping_demo/ros2_ws/install/crazyflie_swarm_logic:/home/mikks/crazyflie_mapping_demo/ros2_ws/install/crazyflie_ros2_multiranger_wall_following:/home/mikks/crazyflie_mapping_demo/ros2_ws/install/crazyflie_ros2_multiranger_simple_mapper:/home/mikks/crazyflie_mapping_demo/ros2_ws/install/crazyflie_py:/home/mikks/crazyflie_mapping_demo/ros2_ws/install/cooperative_target_centric_formation:/home/mikks/crazyflie_mapping_demo/ros2_ws/install/containment_using_agent_information:/home/mikks/crazyflie_mapping_demo/ros2_ws/install/consensus_for_double_integrator:/home/mikks/crazyflie_mapping_demo/ros2_ws/install/consensus_alignment:/home/mikks/crazyflie_mapping_demo/ros2_ws/install/binary_consensus:/home/mikks/crazyflie_mapping_demo/ros2_ws/install/Second_Order_Min_Consensus_for_Heterogeneous_Agents:/home/mikks/crazyflie_mapping_demo/ros2_ws/install/BinaryContainmentChain:/opt/ros/jazzy DEBUGINFOD_URLS=https://debuginfod.ubuntu.com LD_LIBRARY_PATH=/home/mikks/ros2_px4_ws/install/px4_ros2_cpp/lib:/home/mikks/ros2_px4_ws/install/px4_msgs/lib:/home/mikks/ros2_px4_ws/install/px4_ros_com/lib:/home/mikks/NatNet_SDK_4.3_ubuntu/lib:/home/mikks/crazyflie_mapping_demo/ros2_ws/install/crazyflie_interfaces/lib:/opt/ros/jazzy/opt/gz_sim_vendor/lib:/opt/ros/jazzy/opt/gz_sensors_vendor/lib:/opt/ros/jazzy/opt/gz_physics_vendor/lib:/opt/ros/jazzy/opt/sdformat_vendor/lib:/opt/ros/jazzy/opt/rviz_ogre_vendor/lib:/opt/ros/jazzy/lib/x86_64-linux-gnu:/opt/ros/jazzy/opt/gz_gui_vendor/lib:/opt/ros/jazzy/opt/gz_transport_vendor/lib:/opt/ros/jazzy/opt/gz_rendering_vendor/lib:/opt/ros/jazzy/opt/gz_plugin_vendor/lib:/opt/ros/jazzy/opt/gz_fuel_tools_vendor/lib:/opt/ros/jazzy/opt/gz_msgs_vendor/lib:/opt/ros/jazzy/opt/gz_common_vendor/lib:/opt/ros/jazzy/opt/gz_math_vendor/lib:/opt/ros/jazzy/opt/gz_utils_vendor/lib:/opt/ros/jazzy/opt/gz_tools_vendor/lib:/opt/ros/jazzy/opt/gz_ogre_next_vendor/lib:/opt/ros/jazzy/opt/gz_dartsim_vendor/lib:/opt/ros/jazzy/opt/gz_cmake_vendor/lib:/opt/ros/jazzy/lib PYTHONPATH=/home/mikks/ros2_px4_ws/install/px4_msgs/lib/python3.12/site-packages:/home/mikks/ros2_px4_ws/build/x500_hover_controller:/home/mikks/ros2_px4_ws/install/x500_hover_controller/lib/python3.12/site-packages:/home/mikks/ros2_px4_ws/install/px4_ros_com/lib/python3.12/site-packages:/home/mikks/ros2_px4_ws/build/example_mode_with_rclpy_py:/home/mikks/ros2_px4_ws/install/example_mode_with_rclpy_py/lib/python3.12/site-packages:/home/mikks/ros2_px4_ws/build/example_mode_goto_py:/home/mikks/ros2_px4_ws/install/example_mode_goto_py/lib/python3.12/site-packages:/home/mikks/ros2_px4_ws/install/px4_ros2_py/lib/python3.12/site-packages:/home/mikks/ros2_px4_ws/build/px4_actuator_ctrl:/home/mikks/ros2_px4_ws/install/px4_actuator_ctrl/lib/python3.12/site-packages:/home/mikks/ros2_ws/build/rover_desc_description:/home/mikks/ros2_ws/install/rover_desc_description/lib/python3.12/site-packages:/home/mikks/ros2_ws/install/px4_actuator_ctrl/lib/python3.12/site-packages:/home/mikks/ros2_ws/build/mine_rover_description:/home/mikks/ros2_ws/install/mine_rover_description/lib/python3.12/site-packages:/home/mikks/ros2_ws/build/ZerionURDFV5cp_description:/home/mikks/ros2_ws/install/ZerionURDFV5cp_description/lib/python3.12/site-packages:/home/mikks/crazyflie_mapping_demo/ros2_ws/install/velocity_free_consensus/lib/python3.12/site-packages:/home/mikks/crazyflie_mapping_demo/ros2_ws/install/stepwise_lowpos/lib/python3.12/site-packages:/home/mikks/crazyflie_mapping_demo/ros2_ws/install/step_wise_lowpos/lib/python3.12/site-packages:/home/mikks/crazyflie_mapping_demo/ros2_ws/install/second_order_formation_control/lib/python3.12/site-packages:/home/mikks/crazyflie_mapping_demo/ros2_ws/install/ros_gz_crazyflie_control/lib/python3.12/site-packages:/home/mikks/crazyflie_mapping_demo/ros2_ws/install/mixed_fractional_consensus/lib/python3.12/site-packages:/home/mikks/crazyflie_mapping_demo/ros2_ws/install/lowest_pos/lib/python3.12/site-packages:/home/mikks/crazyflie_mapping_demo/ros2_ws/install/linear_consensus/lib/python3.12/site-packages:/home/mikks/crazyflie_mapping_demo/ros2_ws/install/highest_pos/lib/python3.12/site-packages:/home/mikks/crazyflie_mapping_demo/ros2_ws/install/fractional_consensus_alpha/lib/python3.12/site-packages:/home/mikks/crazyflie_mapping_demo/ros2_ws/install/event_triggered_swarm/lib/python3.12/site-packages:/home/mikks/crazyflie_mapping_demo/ros2_ws/install/drone_logger/lib/python3.12/site-packages:/home/mikks/crazyflie_mapping_demo/ros2_ws/install/distributed_average_tracking/lib/python3.12/site-packages:/home/mikks/crazyflie_mapping_demo/ros2_ws/install/crazyflie_swarm_logic/lib/python3.12/site-packages:/home/mikks/crazyflie_mapping_demo/ros2_ws/install/crazyflie_sim/lib/python3.12/site-packages:/home/mikks/crazyflie_mapping_demo/ros2_ws/install/crazyflie_ros2_multiranger_wall_following/lib/python3.12/site-packages:/home/mikks/crazyflie_mapping_demo/ros2_ws/install/crazyflie_ros2_multiranger_simple_mapper/lib/python3.12/site-packages:/home/mikks/crazyflie_mapping_demo/ros2_ws/install/crazyflie_examples/lib/python3.12/site-packages:/home/mikks/crazyflie_mapping_demo/ros2_ws/install/crazyflie_py/lib/python3.12/site-packages:/home/mikks/crazyflie_mapping_demo/ros2_ws/install/crazyflie_interfaces/lib/python3.12/site-packages:/home/mikks/crazyflie_mapping_demo/ros2_ws/install/cooperative_target_centric_formation/lib/python3.12/site-packages:/home/mikks/crazyflie_mapping_demo/ros2_ws/install/containment_using_agent_information/lib/python3.12/site-packages:/home/mikks/crazyflie_mapping_demo/ros2_ws/install/consensus_for_double_integrator/lib/python3.12/site-packages:/home/mikks/crazyflie_mapping_demo/ros2_ws/install/consensus_alignment/lib/python3.12/site-packages:/home/mikks/crazyflie_mapping_demo/ros2_ws/install/binary_consensus/lib/python3.12/site-packages:/home/mikks/crazyflie_mapping_demo/ros2_ws/install/Second_Order_Min_Consensus_for_Heterogeneous_Agents/lib/python3.12/site-packages:/home/mikks/crazyflie_mapping_demo/ros2_ws/install/BinaryContainmentChain/lib/python3.12/site-packages:/opt/ros/jazzy/lib/python3.12/site-packages /usr/bin/cmake --install /home/mikks/ros2_px4_ws/build/example_executor_with_multiple_modes_cpp
[4.697s] DEBUG:colcon.colcon_core.event_handler.log_command:Invoked command in '/home/mikks/ros2_px4_ws/build/example_mode_goto_global_cpp' returned '0': CMAKE_PREFIX_PATH=/home/mikks/ros2_px4_ws/install/px4_ros2_cpp:/home/mikks/ros2_px4_ws/install/px4_msgs:/home/mikks/ros2_px4_ws/install/px4_ros_com:/home/mikks/ros2_px4_ws/install/px4_ros2_py:/home/mikks/ros2_px4_ws/install/example_rover_velocity_mode_cpp:/home/mikks/ros2_px4_ws/install/example_mode_with_executor_cpp:/home/mikks/ros2_px4_ws/install/example_mode_vtol_cpp:/home/mikks/ros2_px4_ws/install/example_mode_rtl_replacement_cpp:/home/mikks/ros2_px4_ws/install/example_mode_mission_cpp:/home/mikks/ros2_px4_ws/install/example_mode_manual_cpp:/home/mikks/ros2_px4_ws/install/example_mode_goto_global_cpp:/home/mikks/ros2_px4_ws/install/example_mode_goto_cpp:/home/mikks/ros2_px4_ws/install/example_mode_fw_attitude_cpp:/home/mikks/ros2_px4_ws/install/example_local_navigation_cpp:/home/mikks/ros2_px4_ws/install/example_global_navigation_cpp:/home/mikks/ros2_px4_ws/install/example_executor_with_multiple_modes_cpp:/home/mikks/crazyflie_mapping_demo/ros2_ws/install/crazyflie_ros2_multiranger_bringup:/home/mikks/crazyflie_mapping_demo/ros2_ws/install/ros_gz_crazyflie_bringup:/home/mikks/crazyflie_mapping_demo/ros2_ws/install/ros_gz_crazyflie_gazebo:/home/mikks/crazyflie_mapping_demo/ros2_ws/install/crazyflie_sim:/home/mikks/crazyflie_mapping_demo/ros2_ws/install/crazyflie_examples:/home/mikks/crazyflie_mapping_demo/ros2_ws/install/crazyflie:/home/mikks/crazyflie_mapping_demo/ros2_ws/install/crazyflie_interfaces:/opt/ros/jazzy/opt/gz_sim_vendor:/opt/ros/jazzy/opt/gz_sensors_vendor:/opt/ros/jazzy/opt/gz_physics_vendor:/opt/ros/jazzy/opt/sdformat_vendor:/opt/ros/jazzy/opt/gz_gui_vendor:/opt/ros/jazzy/opt/gz_transport_vendor:/opt/ros/jazzy/opt/gz_rendering_vendor:/opt/ros/jazzy/opt/gz_plugin_vendor:/opt/ros/jazzy/opt/gz_fuel_tools_vendor:/opt/ros/jazzy/opt/gz_msgs_vendor:/opt/ros/jazzy/opt/gz_common_vendor:/opt/ros/jazzy/opt/gz_math_vendor:/opt/ros/jazzy/opt/gz_utils_vendor:/opt/ros/jazzy/opt/gz_tools_vendor:/opt/ros/jazzy/opt/gz_ogre_next_vendor:/opt/ros/jazzy/opt/gz_dartsim_vendor:/opt/ros/jazzy/opt/gz_cmake_vendor:/home/mikks/ros2_px4_ws/install/x500_hover_controller:/home/mikks/ros2_px4_ws/install/example_mode_with_rclpy_py:/home/mikks/ros2_px4_ws/install/example_mode_goto_py:/home/mikks/ros2_px4_ws/install/px4_actuator_ctrl:/home/mikks/ros2_ws/install/rover_desc_description:/home/mikks/ros2_ws/install/px4_actuator_ctrl:/home/mikks/ros2_ws/install/mine_rover_description:/home/mikks/ros2_ws/install/ZerionURDFV5cp_description:/home/mikks/crazyflie_mapping_demo/ros2_ws/install/velocity_free_consensus:/home/mikks/crazyflie_mapping_demo/ros2_ws/install/stepwise_lowpos:/home/mikks/crazyflie_mapping_demo/ros2_ws/install/step_wise_lowpos:/home/mikks/crazyflie_mapping_demo/ros2_ws/install/second_order_formation_control:/home/mikks/crazyflie_mapping_demo/ros2_ws/install/ros_gz_crazyflie_control:/home/mikks/crazyflie_mapping_demo/ros2_ws/install/mixed_fractional_consensus:/home/mikks/crazyflie_mapping_demo/ros2_ws/install/lowest_pos:/home/mikks/crazyflie_mapping_demo/ros2_ws/install/linear_consensus:/home/mikks/crazyflie_mapping_demo/ros2_ws/install/highest_pos:/home/mikks/crazyflie_mapping_demo/ros2_ws/install/fractional_consensus_alpha:/home/mikks/crazyflie_mapping_demo/ros2_ws/install/event_triggered_swarm:/home/mikks/crazyflie_mapping_demo/ros2_ws/install/drone_logger:/home/mikks/crazyflie_mapping_demo/ros2_ws/install/distributed_average_tracking:/home/mikks/crazyflie_mapping_demo/ros2_ws/install/crazyflie_swarm_logic:/home/mikks/crazyflie_mapping_demo/ros2_ws/install/crazyflie_ros2_multiranger_wall_following:/home/mikks/crazyflie_mapping_demo/ros2_ws/install/crazyflie_ros2_multiranger_simple_mapper:/home/mikks/crazyflie_mapping_demo/ros2_ws/install/crazyflie_py:/home/mikks/crazyflie_mapping_demo/ros2_ws/install/cooperative_target_centric_formation:/home/mikks/crazyflie_mapping_demo/ros2_ws/install/containment_using_agent_information:/home/mikks/crazyflie_mapping_demo/ros2_ws/install/consensus_for_double_integrator:/home/mikks/crazyflie_mapping_demo/ros2_ws/install/consensus_alignment:/home/mikks/crazyflie_mapping_demo/ros2_ws/install/binary_consensus:/home/mikks/crazyflie_mapping_demo/ros2_ws/install/Second_Order_Min_Consensus_for_Heterogeneous_Agents:/home/mikks/crazyflie_mapping_demo/ros2_ws/install/BinaryContainmentChain:/opt/ros/jazzy DEBUGINFOD_URLS=https://debuginfod.ubuntu.com LD_LIBRARY_PATH=/home/mikks/ros2_px4_ws/install/px4_ros2_cpp/lib:/home/mikks/ros2_px4_ws/install/px4_msgs/lib:/home/mikks/ros2_px4_ws/install/px4_ros_com/lib:/home/mikks/NatNet_SDK_4.3_ubuntu/lib:/home/mikks/crazyflie_mapping_demo/ros2_ws/install/crazyflie_interfaces/lib:/opt/ros/jazzy/opt/gz_sim_vendor/lib:/opt/ros/jazzy/opt/gz_sensors_vendor/lib:/opt/ros/jazzy/opt/gz_physics_vendor/lib:/opt/ros/jazzy/opt/sdformat_vendor/lib:/opt/ros/jazzy/opt/rviz_ogre_vendor/lib:/opt/ros/jazzy/lib/x86_64-linux-gnu:/opt/ros/jazzy/opt/gz_gui_vendor/lib:/opt/ros/jazzy/opt/gz_transport_vendor/lib:/opt/ros/jazzy/opt/gz_rendering_vendor/lib:/opt/ros/jazzy/opt/gz_plugin_vendor/lib:/opt/ros/jazzy/opt/gz_fuel_tools_vendor/lib:/opt/ros/jazzy/opt/gz_msgs_vendor/lib:/opt/ros/jazzy/opt/gz_common_vendor/lib:/opt/ros/jazzy/opt/gz_math_vendor/lib:/opt/ros/jazzy/opt/gz_utils_vendor/lib:/opt/ros/jazzy/opt/gz_tools_vendor/lib:/opt/ros/jazzy/opt/gz_ogre_next_vendor/lib:/opt/ros/jazzy/opt/gz_dartsim_vendor/lib:/opt/ros/jazzy/opt/gz_cmake_vendor/lib:/opt/ros/jazzy/lib PYTHONPATH=/home/mikks/ros2_px4_ws/install/px4_msgs/lib/python3.12/site-packages:/home/mikks/ros2_px4_ws/build/x500_hover_controller:/home/mikks/ros2_px4_ws/install/x500_hover_controller/lib/python3.12/site-packages:/home/mikks/ros2_px4_ws/install/px4_ros_com/lib/python3.12/site-packages:/home/mikks/ros2_px4_ws/build/example_mode_with_rclpy_py:/home/mikks/ros2_px4_ws/install/example_mode_with_rclpy_py/lib/python3.12/site-packages:/home/mikks/ros2_px4_ws/build/example_mode_goto_py:/home/mikks/ros2_px4_ws/install/example_mode_goto_py/lib/python3.12/site-packages:/home/mikks/ros2_px4_ws/install/px4_ros2_py/lib/python3.12/site-packages:/home/mikks/ros2_px4_ws/build/px4_actuator_ctrl:/home/mikks/ros2_px4_ws/install/px4_actuator_ctrl/lib/python3.12/site-packages:/home/mikks/ros2_ws/build/rover_desc_description:/home/mikks/ros2_ws/install/rover_desc_description/lib/python3.12/site-packages:/home/mikks/ros2_ws/install/px4_actuator_ctrl/lib/python3.12/site-packages:/home/mikks/ros2_ws/build/mine_rover_description:/home/mikks/ros2_ws/install/mine_rover_description/lib/python3.12/site-packages:/home/mikks/ros2_ws/build/ZerionURDFV5cp_description:/home/mikks/ros2_ws/install/ZerionURDFV5cp_description/lib/python3.12/site-packages:/home/mikks/crazyflie_mapping_demo/ros2_ws/install/velocity_free_consensus/lib/python3.12/site-packages:/home/mikks/crazyflie_mapping_demo/ros2_ws/install/stepwise_lowpos/lib/python3.12/site-packages:/home/mikks/crazyflie_mapping_demo/ros2_ws/install/step_wise_lowpos/lib/python3.12/site-packages:/home/mikks/crazyflie_mapping_demo/ros2_ws/install/second_order_formation_control/lib/python3.12/site-packages:/home/mikks/crazyflie_mapping_demo/ros2_ws/install/ros_gz_crazyflie_control/lib/python3.12/site-packages:/home/mikks/crazyflie_mapping_demo/ros2_ws/install/mixed_fractional_consensus/lib/python3.12/site-packages:/home/mikks/crazyflie_mapping_demo/ros2_ws/install/lowest_pos/lib/python3.12/site-packages:/home/mikks/crazyflie_mapping_demo/ros2_ws/install/linear_consensus/lib/python3.12/site-packages:/home/mikks/crazyflie_mapping_demo/ros2_ws/install/highest_pos/lib/python3.12/site-packages:/home/mikks/crazyflie_mapping_demo/ros2_ws/install/fractional_consensus_alpha/lib/python3.12/site-packages:/home/mikks/crazyflie_mapping_demo/ros2_ws/install/event_triggered_swarm/lib/python3.12/site-packages:/home/mikks/crazyflie_mapping_demo/ros2_ws/install/drone_logger/lib/python3.12/site-packages:/home/mikks/crazyflie_mapping_demo/ros2_ws/install/distributed_average_tracking/lib/python3.12/site-packages:/home/mikks/crazyflie_mapping_demo/ros2_ws/install/crazyflie_swarm_logic/lib/python3.12/site-packages:/home/mikks/crazyflie_mapping_demo/ros2_ws/install/crazyflie_sim/lib/python3.12/site-packages:/home/mikks/crazyflie_mapping_demo/ros2_ws/install/crazyflie_ros2_multiranger_wall_following/lib/python3.12/site-packages:/home/mikks/crazyflie_mapping_demo/ros2_ws/install/crazyflie_ros2_multiranger_simple_mapper/lib/python3.12/site-packages:/home/mikks/crazyflie_mapping_demo/ros2_ws/install/crazyflie_examples/lib/python3.12/site-packages:/home/mikks/crazyflie_mapping_demo/ros2_ws/install/crazyflie_py/lib/python3.12/site-packages:/home/mikks/crazyflie_mapping_demo/ros2_ws/install/crazyflie_interfaces/lib/python3.12/site-packages:/home/mikks/crazyflie_mapping_demo/ros2_ws/install/cooperative_target_centric_formation/lib/python3.12/site-packages:/home/mikks/crazyflie_mapping_demo/ros2_ws/install/containment_using_agent_information/lib/python3.12/site-packages:/home/mikks/crazyflie_mapping_demo/ros2_ws/install/consensus_for_double_integrator/lib/python3.12/site-packages:/home/mikks/crazyflie_mapping_demo/ros2_ws/install/consensus_alignment/lib/python3.12/site-packages:/home/mikks/crazyflie_mapping_demo/ros2_ws/install/binary_consensus/lib/python3.12/site-packages:/home/mikks/crazyflie_mapping_demo/ros2_ws/install/Second_Order_Min_Consensus_for_Heterogeneous_Agents/lib/python3.12/site-packages:/home/mikks/crazyflie_mapping_demo/ros2_ws/install/BinaryContainmentChain/lib/python3.12/site-packages:/opt/ros/jazzy/lib/python3.12/site-packages /usr/bin/cmake --build /home/mikks/ros2_px4_ws/build/example_mode_goto_global_cpp -- -j12 -l12
[4.697s] DEBUG:colcon.colcon_core.event_handler.log_command:Invoking command in '/home/mikks/ros2_px4_ws/build/example_mode_goto_global_cpp': CMAKE_PREFIX_PATH=/home/mikks/ros2_px4_ws/install/px4_ros2_cpp:/home/mikks/ros2_px4_ws/install/px4_msgs:/home/mikks/ros2_px4_ws/install/px4_ros_com:/home/mikks/ros2_px4_ws/install/px4_ros2_py:/home/mikks/ros2_px4_ws/install/example_rover_velocity_mode_cpp:/home/mikks/ros2_px4_ws/install/example_mode_with_executor_cpp:/home/mikks/ros2_px4_ws/install/example_mode_vtol_cpp:/home/mikks/ros2_px4_ws/install/example_mode_rtl_replacement_cpp:/home/mikks/ros2_px4_ws/install/example_mode_mission_cpp:/home/mikks/ros2_px4_ws/install/example_mode_manual_cpp:/home/mikks/ros2_px4_ws/install/example_mode_goto_global_cpp:/home/mikks/ros2_px4_ws/install/example_mode_goto_cpp:/home/mikks/ros2_px4_ws/install/example_mode_fw_attitude_cpp:/home/mikks/ros2_px4_ws/install/example_local_navigation_cpp:/home/mikks/ros2_px4_ws/install/example_global_navigation_cpp:/home/mikks/ros2_px4_ws/install/example_executor_with_multiple_modes_cpp:/home/mikks/crazyflie_mapping_demo/ros2_ws/install/crazyflie_ros2_multiranger_bringup:/home/mikks/crazyflie_mapping_demo/ros2_ws/install/ros_gz_crazyflie_bringup:/home/mikks/crazyflie_mapping_demo/ros2_ws/install/ros_gz_crazyflie_gazebo:/home/mikks/crazyflie_mapping_demo/ros2_ws/install/crazyflie_sim:/home/mikks/crazyflie_mapping_demo/ros2_ws/install/crazyflie_examples:/home/mikks/crazyflie_mapping_demo/ros2_ws/install/crazyflie:/home/mikks/crazyflie_mapping_demo/ros2_ws/install/crazyflie_interfaces:/opt/ros/jazzy/opt/gz_sim_vendor:/opt/ros/jazzy/opt/gz_sensors_vendor:/opt/ros/jazzy/opt/gz_physics_vendor:/opt/ros/jazzy/opt/sdformat_vendor:/opt/ros/jazzy/opt/gz_gui_vendor:/opt/ros/jazzy/opt/gz_transport_vendor:/opt/ros/jazzy/opt/gz_rendering_vendor:/opt/ros/jazzy/opt/gz_plugin_vendor:/opt/ros/jazzy/opt/gz_fuel_tools_vendor:/opt/ros/jazzy/opt/gz_msgs_vendor:/opt/ros/jazzy/opt/gz_common_vendor:/opt/ros/jazzy/opt/gz_math_vendor:/opt/ros/jazzy/opt/gz_utils_vendor:/opt/ros/jazzy/opt/gz_tools_vendor:/opt/ros/jazzy/opt/gz_ogre_next_vendor:/opt/ros/jazzy/opt/gz_dartsim_vendor:/opt/ros/jazzy/opt/gz_cmake_vendor:/home/mikks/ros2_px4_ws/install/x500_hover_controller:/home/mikks/ros2_px4_ws/install/example_mode_with_rclpy_py:/home/mikks/ros2_px4_ws/install/example_mode_goto_py:/home/mikks/ros2_px4_ws/install/px4_actuator_ctrl:/home/mikks/ros2_ws/install/rover_desc_description:/home/mikks/ros2_ws/install/px4_actuator_ctrl:/home/mikks/ros2_ws/install/mine_rover_description:/home/mikks/ros2_ws/install/ZerionURDFV5cp_description:/home/mikks/crazyflie_mapping_demo/ros2_ws/install/velocity_free_consensus:/home/mikks/crazyflie_mapping_demo/ros2_ws/install/stepwise_lowpos:/home/mikks/crazyflie_mapping_demo/ros2_ws/install/step_wise_lowpos:/home/mikks/crazyflie_mapping_demo/ros2_ws/install/second_order_formation_control:/home/mikks/crazyflie_mapping_demo/ros2_ws/install/ros_gz_crazyflie_control:/home/mikks/crazyflie_mapping_demo/ros2_ws/install/mixed_fractional_consensus:/home/mikks/crazyflie_mapping_demo/ros2_ws/install/lowest_pos:/home/mikks/crazyflie_mapping_demo/ros2_ws/install/linear_consensus:/home/mikks/crazyflie_mapping_demo/ros2_ws/install/highest_pos:/home/mikks/crazyflie_mapping_demo/ros2_ws/install/fractional_consensus_alpha:/home/mikks/crazyflie_mapping_demo/ros2_ws/install/event_triggered_swarm:/home/mikks/crazyflie_mapping_demo/ros2_ws/install/drone_logger:/home/mikks/crazyflie_mapping_demo/ros2_ws/install/distributed_average_tracking:/home/mikks/crazyflie_mapping_demo/ros2_ws/install/crazyflie_swarm_logic:/home/mikks/crazyflie_mapping_demo/ros2_ws/install/crazyflie_ros2_multiranger_wall_following:/home/mikks/crazyflie_mapping_demo/ros2_ws/install/crazyflie_ros2_multiranger_simple_mapper:/home/mikks/crazyflie_mapping_demo/ros2_ws/install/crazyflie_py:/home/mikks/crazyflie_mapping_demo/ros2_ws/install/cooperative_target_centric_formation:/home/mikks/crazyflie_mapping_demo/ros2_ws/install/containment_using_agent_information:/home/mikks/crazyflie_mapping_demo/ros2_ws/install/consensus_for_double_integrator:/home/mikks/crazyflie_mapping_demo/ros2_ws/install/consensus_alignment:/home/mikks/crazyflie_mapping_demo/ros2_ws/install/binary_consensus:/home/mikks/crazyflie_mapping_demo/ros2_ws/install/Second_Order_Min_Consensus_for_Heterogeneous_Agents:/home/mikks/crazyflie_mapping_demo/ros2_ws/install/BinaryContainmentChain:/opt/ros/jazzy DEBUGINFOD_URLS=https://debuginfod.ubuntu.com LD_LIBRARY_PATH=/home/mikks/ros2_px4_ws/install/px4_ros2_cpp/lib:/home/mikks/ros2_px4_ws/install/px4_msgs/lib:/home/mikks/ros2_px4_ws/install/px4_ros_com/lib:/home/mikks/NatNet_SDK_4.3_ubuntu/lib:/home/mikks/crazyflie_mapping_demo/ros2_ws/install/crazyflie_interfaces/lib:/opt/ros/jazzy/opt/gz_sim_vendor/lib:/opt/ros/jazzy/opt/gz_sensors_vendor/lib:/opt/ros/jazzy/opt/gz_physics_vendor/lib:/opt/ros/jazzy/opt/sdformat_vendor/lib:/opt/ros/jazzy/opt/rviz_ogre_vendor/lib:/opt/ros/jazzy/lib/x86_64-linux-gnu:/opt/ros/jazzy/opt/gz_gui_vendor/lib:/opt/ros/jazzy/opt/gz_transport_vendor/lib:/opt/ros/jazzy/opt/gz_rendering_vendor/lib:/opt/ros/jazzy/opt/gz_plugin_vendor/lib:/opt/ros/jazzy/opt/gz_fuel_tools_vendor/lib:/opt/ros/jazzy/opt/gz_msgs_vendor/lib:/opt/ros/jazzy/opt/gz_common_vendor/lib:/opt/ros/jazzy/opt/gz_math_vendor/lib:/opt/ros/jazzy/opt/gz_utils_vendor/lib:/opt/ros/jazzy/opt/gz_tools_vendor/lib:/opt/ros/jazzy/opt/gz_ogre_next_vendor/lib:/opt/ros/jazzy/opt/gz_dartsim_vendor/lib:/opt/ros/jazzy/opt/gz_cmake_vendor/lib:/opt/ros/jazzy/lib PYTHONPATH=/home/mikks/ros2_px4_ws/install/px4_msgs/lib/python3.12/site-packages:/home/mikks/ros2_px4_ws/build/x500_hover_controller:/home/mikks/ros2_px4_ws/install/x500_hover_controller/lib/python3.12/site-packages:/home/mikks/ros2_px4_ws/install/px4_ros_com/lib/python3.12/site-packages:/home/mikks/ros2_px4_ws/build/example_mode_with_rclpy_py:/home/mikks/ros2_px4_ws/install/example_mode_with_rclpy_py/lib/python3.12/site-packages:/home/mikks/ros2_px4_ws/build/example_mode_goto_py:/home/mikks/ros2_px4_ws/install/example_mode_goto_py/lib/python3.12/site-packages:/home/mikks/ros2_px4_ws/install/px4_ros2_py/lib/python3.12/site-packages:/home/mikks/ros2_px4_ws/build/px4_actuator_ctrl:/home/mikks/ros2_px4_ws/install/px4_actuator_ctrl/lib/python3.12/site-packages:/home/mikks/ros2_ws/build/rover_desc_description:/home/mikks/ros2_ws/install/rover_desc_description/lib/python3.12/site-packages:/home/mikks/ros2_ws/install/px4_actuator_ctrl/lib/python3.12/site-packages:/home/mikks/ros2_ws/build/mine_rover_description:/home/mikks/ros2_ws/install/mine_rover_description/lib/python3.12/site-packages:/home/mikks/ros2_ws/build/ZerionURDFV5cp_description:/home/mikks/ros2_ws/install/ZerionURDFV5cp_description/lib/python3.12/site-packages:/home/mikks/crazyflie_mapping_demo/ros2_ws/install/velocity_free_consensus/lib/python3.12/site-packages:/home/mikks/crazyflie_mapping_demo/ros2_ws/install/stepwise_lowpos/lib/python3.12/site-packages:/home/mikks/crazyflie_mapping_demo/ros2_ws/install/step_wise_lowpos/lib/python3.12/site-packages:/home/mikks/crazyflie_mapping_demo/ros2_ws/install/second_order_formation_control/lib/python3.12/site-packages:/home/mikks/crazyflie_mapping_demo/ros2_ws/install/ros_gz_crazyflie_control/lib/python3.12/site-packages:/home/mikks/crazyflie_mapping_demo/ros2_ws/install/mixed_fractional_consensus/lib/python3.12/site-packages:/home/mikks/crazyflie_mapping_demo/ros2_ws/install/lowest_pos/lib/python3.12/site-packages:/home/mikks/crazyflie_mapping_demo/ros2_ws/install/linear_consensus/lib/python3.12/site-packages:/home/mikks/crazyflie_mapping_demo/ros2_ws/install/highest_pos/lib/python3.12/site-packages:/home/mikks/crazyflie_mapping_demo/ros2_ws/install/fractional_consensus_alpha/lib/python3.12/site-packages:/home/mikks/crazyflie_mapping_demo/ros2_ws/install/event_triggered_swarm/lib/python3.12/site-packages:/home/mikks/crazyflie_mapping_demo/ros2_ws/install/drone_logger/lib/python3.12/site-packages:/home/mikks/crazyflie_mapping_demo/ros2_ws/install/distributed_average_tracking/lib/python3.12/site-packages:/home/mikks/crazyflie_mapping_demo/ros2_ws/install/crazyflie_swarm_logic/lib/python3.12/site-packages:/home/mikks/crazyflie_mapping_demo/ros2_ws/install/crazyflie_sim/lib/python3.12/site-packages:/home/mikks/crazyflie_mapping_demo/ros2_ws/install/crazyflie_ros2_multiranger_wall_following/lib/python3.12/site-packages:/home/mikks/crazyflie_mapping_demo/ros2_ws/install/crazyflie_ros2_multiranger_simple_mapper/lib/python3.12/site-packages:/home/mikks/crazyflie_mapping_demo/ros2_ws/install/crazyflie_examples/lib/python3.12/site-packages:/home/mikks/crazyflie_mapping_demo/ros2_ws/install/crazyflie_py/lib/python3.12/site-packages:/home/mikks/crazyflie_mapping_demo/ros2_ws/install/crazyflie_interfaces/lib/python3.12/site-packages:/home/mikks/crazyflie_mapping_demo/ros2_ws/install/cooperative_target_centric_formation/lib/python3.12/site-packages:/home/mikks/crazyflie_mapping_demo/ros2_ws/install/containment_using_agent_information/lib/python3.12/site-packages:/home/mikks/crazyflie_mapping_demo/ros2_ws/install/consensus_for_double_integrator/lib/python3.12/site-packages:/home/mikks/crazyflie_mapping_demo/ros2_ws/install/consensus_alignment/lib/python3.12/site-packages:/home/mikks/crazyflie_mapping_demo/ros2_ws/install/binary_consensus/lib/python3.12/site-packages:/home/mikks/crazyflie_mapping_demo/ros2_ws/install/Second_Order_Min_Consensus_for_Heterogeneous_Agents/lib/python3.12/site-packages:/home/mikks/crazyflie_mapping_demo/ros2_ws/install/BinaryContainmentChain/lib/python3.12/site-packages:/opt/ros/jazzy/lib/python3.12/site-packages /usr/bin/cmake --install /home/mikks/ros2_px4_ws/build/example_mode_goto_global_cpp
[4.712s] DEBUG:colcon.colcon_core.event_handler.log_command:Invoked command in '/home/mikks/ros2_px4_ws/build/example_local_navigation_cpp' returned '0': CMAKE_PREFIX_PATH=/home/mikks/ros2_px4_ws/install/px4_ros2_cpp:/home/mikks/ros2_px4_ws/install/px4_msgs:/home/mikks/ros2_px4_ws/install/px4_ros_com:/home/mikks/ros2_px4_ws/install/px4_ros2_py:/home/mikks/ros2_px4_ws/install/example_rover_velocity_mode_cpp:/home/mikks/ros2_px4_ws/install/example_mode_with_executor_cpp:/home/mikks/ros2_px4_ws/install/example_mode_vtol_cpp:/home/mikks/ros2_px4_ws/install/example_mode_rtl_replacement_cpp:/home/mikks/ros2_px4_ws/install/example_mode_mission_cpp:/home/mikks/ros2_px4_ws/install/example_mode_manual_cpp:/home/mikks/ros2_px4_ws/install/example_mode_goto_global_cpp:/home/mikks/ros2_px4_ws/install/example_mode_goto_cpp:/home/mikks/ros2_px4_ws/install/example_mode_fw_attitude_cpp:/home/mikks/ros2_px4_ws/install/example_local_navigation_cpp:/home/mikks/ros2_px4_ws/install/example_global_navigation_cpp:/home/mikks/ros2_px4_ws/install/example_executor_with_multiple_modes_cpp:/home/mikks/crazyflie_mapping_demo/ros2_ws/install/crazyflie_ros2_multiranger_bringup:/home/mikks/crazyflie_mapping_demo/ros2_ws/install/ros_gz_crazyflie_bringup:/home/mikks/crazyflie_mapping_demo/ros2_ws/install/ros_gz_crazyflie_gazebo:/home/mikks/crazyflie_mapping_demo/ros2_ws/install/crazyflie_sim:/home/mikks/crazyflie_mapping_demo/ros2_ws/install/crazyflie_examples:/home/mikks/crazyflie_mapping_demo/ros2_ws/install/crazyflie:/home/mikks/crazyflie_mapping_demo/ros2_ws/install/crazyflie_interfaces:/opt/ros/jazzy/opt/gz_sim_vendor:/opt/ros/jazzy/opt/gz_sensors_vendor:/opt/ros/jazzy/opt/gz_physics_vendor:/opt/ros/jazzy/opt/sdformat_vendor:/opt/ros/jazzy/opt/gz_gui_vendor:/opt/ros/jazzy/opt/gz_transport_vendor:/opt/ros/jazzy/opt/gz_rendering_vendor:/opt/ros/jazzy/opt/gz_plugin_vendor:/opt/ros/jazzy/opt/gz_fuel_tools_vendor:/opt/ros/jazzy/opt/gz_msgs_vendor:/opt/ros/jazzy/opt/gz_common_vendor:/opt/ros/jazzy/opt/gz_math_vendor:/opt/ros/jazzy/opt/gz_utils_vendor:/opt/ros/jazzy/opt/gz_tools_vendor:/opt/ros/jazzy/opt/gz_ogre_next_vendor:/opt/ros/jazzy/opt/gz_dartsim_vendor:/opt/ros/jazzy/opt/gz_cmake_vendor:/home/mikks/ros2_px4_ws/install/x500_hover_controller:/home/mikks/ros2_px4_ws/install/example_mode_with_rclpy_py:/home/mikks/ros2_px4_ws/install/example_mode_goto_py:/home/mikks/ros2_px4_ws/install/px4_actuator_ctrl:/home/mikks/ros2_ws/install/rover_desc_description:/home/mikks/ros2_ws/install/px4_actuator_ctrl:/home/mikks/ros2_ws/install/mine_rover_description:/home/mikks/ros2_ws/install/ZerionURDFV5cp_description:/home/mikks/crazyflie_mapping_demo/ros2_ws/install/velocity_free_consensus:/home/mikks/crazyflie_mapping_demo/ros2_ws/install/stepwise_lowpos:/home/mikks/crazyflie_mapping_demo/ros2_ws/install/step_wise_lowpos:/home/mikks/crazyflie_mapping_demo/ros2_ws/install/second_order_formation_control:/home/mikks/crazyflie_mapping_demo/ros2_ws/install/ros_gz_crazyflie_control:/home/mikks/crazyflie_mapping_demo/ros2_ws/install/mixed_fractional_consensus:/home/mikks/crazyflie_mapping_demo/ros2_ws/install/lowest_pos:/home/mikks/crazyflie_mapping_demo/ros2_ws/install/linear_consensus:/home/mikks/crazyflie_mapping_demo/ros2_ws/install/highest_pos:/home/mikks/crazyflie_mapping_demo/ros2_ws/install/fractional_consensus_alpha:/home/mikks/crazyflie_mapping_demo/ros2_ws/install/event_triggered_swarm:/home/mikks/crazyflie_mapping_demo/ros2_ws/install/drone_logger:/home/mikks/crazyflie_mapping_demo/ros2_ws/install/distributed_average_tracking:/home/mikks/crazyflie_mapping_demo/ros2_ws/install/crazyflie_swarm_logic:/home/mikks/crazyflie_mapping_demo/ros2_ws/install/crazyflie_ros2_multiranger_wall_following:/home/mikks/crazyflie_mapping_demo/ros2_ws/install/crazyflie_ros2_multiranger_simple_mapper:/home/mikks/crazyflie_mapping_demo/ros2_ws/install/crazyflie_py:/home/mikks/crazyflie_mapping_demo/ros2_ws/install/cooperative_target_centric_formation:/home/mikks/crazyflie_mapping_demo/ros2_ws/install/containment_using_agent_information:/home/mikks/crazyflie_mapping_demo/ros2_ws/install/consensus_for_double_integrator:/home/mikks/crazyflie_mapping_demo/ros2_ws/install/consensus_alignment:/home/mikks/crazyflie_mapping_demo/ros2_ws/install/binary_consensus:/home/mikks/crazyflie_mapping_demo/ros2_ws/install/Second_Order_Min_Consensus_for_Heterogeneous_Agents:/home/mikks/crazyflie_mapping_demo/ros2_ws/install/BinaryContainmentChain:/opt/ros/jazzy DEBUGINFOD_URLS=https://debuginfod.ubuntu.com LD_LIBRARY_PATH=/home/mikks/ros2_px4_ws/install/px4_ros2_cpp/lib:/home/mikks/ros2_px4_ws/install/px4_msgs/lib:/home/mikks/ros2_px4_ws/install/px4_ros_com/lib:/home/mikks/NatNet_SDK_4.3_ubuntu/lib:/home/mikks/crazyflie_mapping_demo/ros2_ws/install/crazyflie_interfaces/lib:/opt/ros/jazzy/opt/gz_sim_vendor/lib:/opt/ros/jazzy/opt/gz_sensors_vendor/lib:/opt/ros/jazzy/opt/gz_physics_vendor/lib:/opt/ros/jazzy/opt/sdformat_vendor/lib:/opt/ros/jazzy/opt/rviz_ogre_vendor/lib:/opt/ros/jazzy/lib/x86_64-linux-gnu:/opt/ros/jazzy/opt/gz_gui_vendor/lib:/opt/ros/jazzy/opt/gz_transport_vendor/lib:/opt/ros/jazzy/opt/gz_rendering_vendor/lib:/opt/ros/jazzy/opt/gz_plugin_vendor/lib:/opt/ros/jazzy/opt/gz_fuel_tools_vendor/lib:/opt/ros/jazzy/opt/gz_msgs_vendor/lib:/opt/ros/jazzy/opt/gz_common_vendor/lib:/opt/ros/jazzy/opt/gz_math_vendor/lib:/opt/ros/jazzy/opt/gz_utils_vendor/lib:/opt/ros/jazzy/opt/gz_tools_vendor/lib:/opt/ros/jazzy/opt/gz_ogre_next_vendor/lib:/opt/ros/jazzy/opt/gz_dartsim_vendor/lib:/opt/ros/jazzy/opt/gz_cmake_vendor/lib:/opt/ros/jazzy/lib PYTHONPATH=/home/mikks/ros2_px4_ws/install/px4_msgs/lib/python3.12/site-packages:/home/mikks/ros2_px4_ws/build/x500_hover_controller:/home/mikks/ros2_px4_ws/install/x500_hover_controller/lib/python3.12/site-packages:/home/mikks/ros2_px4_ws/install/px4_ros_com/lib/python3.12/site-packages:/home/mikks/ros2_px4_ws/build/example_mode_with_rclpy_py:/home/mikks/ros2_px4_ws/install/example_mode_with_rclpy_py/lib/python3.12/site-packages:/home/mikks/ros2_px4_ws/build/example_mode_goto_py:/home/mikks/ros2_px4_ws/install/example_mode_goto_py/lib/python3.12/site-packages:/home/mikks/ros2_px4_ws/install/px4_ros2_py/lib/python3.12/site-packages:/home/mikks/ros2_px4_ws/build/px4_actuator_ctrl:/home/mikks/ros2_px4_ws/install/px4_actuator_ctrl/lib/python3.12/site-packages:/home/mikks/ros2_ws/build/rover_desc_description:/home/mikks/ros2_ws/install/rover_desc_description/lib/python3.12/site-packages:/home/mikks/ros2_ws/install/px4_actuator_ctrl/lib/python3.12/site-packages:/home/mikks/ros2_ws/build/mine_rover_description:/home/mikks/ros2_ws/install/mine_rover_description/lib/python3.12/site-packages:/home/mikks/ros2_ws/build/ZerionURDFV5cp_description:/home/mikks/ros2_ws/install/ZerionURDFV5cp_description/lib/python3.12/site-packages:/home/mikks/crazyflie_mapping_demo/ros2_ws/install/velocity_free_consensus/lib/python3.12/site-packages:/home/mikks/crazyflie_mapping_demo/ros2_ws/install/stepwise_lowpos/lib/python3.12/site-packages:/home/mikks/crazyflie_mapping_demo/ros2_ws/install/step_wise_lowpos/lib/python3.12/site-packages:/home/mikks/crazyflie_mapping_demo/ros2_ws/install/second_order_formation_control/lib/python3.12/site-packages:/home/mikks/crazyflie_mapping_demo/ros2_ws/install/ros_gz_crazyflie_control/lib/python3.12/site-packages:/home/mikks/crazyflie_mapping_demo/ros2_ws/install/mixed_fractional_consensus/lib/python3.12/site-packages:/home/mikks/crazyflie_mapping_demo/ros2_ws/install/lowest_pos/lib/python3.12/site-packages:/home/mikks/crazyflie_mapping_demo/ros2_ws/install/linear_consensus/lib/python3.12/site-packages:/home/mikks/crazyflie_mapping_demo/ros2_ws/install/highest_pos/lib/python3.12/site-packages:/home/mikks/crazyflie_mapping_demo/ros2_ws/install/fractional_consensus_alpha/lib/python3.12/site-packages:/home/mikks/crazyflie_mapping_demo/ros2_ws/install/event_triggered_swarm/lib/python3.12/site-packages:/home/mikks/crazyflie_mapping_demo/ros2_ws/install/drone_logger/lib/python3.12/site-packages:/home/mikks/crazyflie_mapping_demo/ros2_ws/install/distributed_average_tracking/lib/python3.12/site-packages:/home/mikks/crazyflie_mapping_demo/ros2_ws/install/crazyflie_swarm_logic/lib/python3.12/site-packages:/home/mikks/crazyflie_mapping_demo/ros2_ws/install/crazyflie_sim/lib/python3.12/site-packages:/home/mikks/crazyflie_mapping_demo/ros2_ws/install/crazyflie_ros2_multiranger_wall_following/lib/python3.12/site-packages:/home/mikks/crazyflie_mapping_demo/ros2_ws/install/crazyflie_ros2_multiranger_simple_mapper/lib/python3.12/site-packages:/home/mikks/crazyflie_mapping_demo/ros2_ws/install/crazyflie_examples/lib/python3.12/site-packages:/home/mikks/crazyflie_mapping_demo/ros2_ws/install/crazyflie_py/lib/python3.12/site-packages:/home/mikks/crazyflie_mapping_demo/ros2_ws/install/crazyflie_interfaces/lib/python3.12/site-packages:/home/mikks/crazyflie_mapping_demo/ros2_ws/install/cooperative_target_centric_formation/lib/python3.12/site-packages:/home/mikks/crazyflie_mapping_demo/ros2_ws/install/containment_using_agent_information/lib/python3.12/site-packages:/home/mikks/crazyflie_mapping_demo/ros2_ws/install/consensus_for_double_integrator/lib/python3.12/site-packages:/home/mikks/crazyflie_mapping_demo/ros2_ws/install/consensus_alignment/lib/python3.12/site-packages:/home/mikks/crazyflie_mapping_demo/ros2_ws/install/binary_consensus/lib/python3.12/site-packages:/home/mikks/crazyflie_mapping_demo/ros2_ws/install/Second_Order_Min_Consensus_for_Heterogeneous_Agents/lib/python3.12/site-packages:/home/mikks/crazyflie_mapping_demo/ros2_ws/install/BinaryContainmentChain/lib/python3.12/site-packages:/opt/ros/jazzy/lib/python3.12/site-packages /usr/bin/cmake --build /home/mikks/ros2_px4_ws/build/example_local_navigation_cpp -- -j12 -l12
[4.712s] Level 1:colcon.colcon_core.environment:create_environment_scripts_only(example_global_navigation_cpp)
[4.715s] Level 1:colcon.colcon_core.environment:checking '/home/mikks/ros2_px4_ws/install/example_global_navigation_cpp' for CMake module files
[4.717s] DEBUG:colcon.colcon_core.event_handler.log_command:Invoking command in '/home/mikks/ros2_px4_ws/build/example_local_navigation_cpp': CMAKE_PREFIX_PATH=/home/mikks/ros2_px4_ws/install/px4_ros2_cpp:/home/mikks/ros2_px4_ws/install/px4_msgs:/home/mikks/ros2_px4_ws/install/px4_ros_com:/home/mikks/ros2_px4_ws/install/px4_ros2_py:/home/mikks/ros2_px4_ws/install/example_rover_velocity_mode_cpp:/home/mikks/ros2_px4_ws/install/example_mode_with_executor_cpp:/home/mikks/ros2_px4_ws/install/example_mode_vtol_cpp:/home/mikks/ros2_px4_ws/install/example_mode_rtl_replacement_cpp:/home/mikks/ros2_px4_ws/install/example_mode_mission_cpp:/home/mikks/ros2_px4_ws/install/example_mode_manual_cpp:/home/mikks/ros2_px4_ws/install/example_mode_goto_global_cpp:/home/mikks/ros2_px4_ws/install/example_mode_goto_cpp:/home/mikks/ros2_px4_ws/install/example_mode_fw_attitude_cpp:/home/mikks/ros2_px4_ws/install/example_local_navigation_cpp:/home/mikks/ros2_px4_ws/install/example_global_navigation_cpp:/home/mikks/ros2_px4_ws/install/example_executor_with_multiple_modes_cpp:/home/mikks/crazyflie_mapping_demo/ros2_ws/install/crazyflie_ros2_multiranger_bringup:/home/mikks/crazyflie_mapping_demo/ros2_ws/install/ros_gz_crazyflie_bringup:/home/mikks/crazyflie_mapping_demo/ros2_ws/install/ros_gz_crazyflie_gazebo:/home/mikks/crazyflie_mapping_demo/ros2_ws/install/crazyflie_sim:/home/mikks/crazyflie_mapping_demo/ros2_ws/install/crazyflie_examples:/home/mikks/crazyflie_mapping_demo/ros2_ws/install/crazyflie:/home/mikks/crazyflie_mapping_demo/ros2_ws/install/crazyflie_interfaces:/opt/ros/jazzy/opt/gz_sim_vendor:/opt/ros/jazzy/opt/gz_sensors_vendor:/opt/ros/jazzy/opt/gz_physics_vendor:/opt/ros/jazzy/opt/sdformat_vendor:/opt/ros/jazzy/opt/gz_gui_vendor:/opt/ros/jazzy/opt/gz_transport_vendor:/opt/ros/jazzy/opt/gz_rendering_vendor:/opt/ros/jazzy/opt/gz_plugin_vendor:/opt/ros/jazzy/opt/gz_fuel_tools_vendor:/opt/ros/jazzy/opt/gz_msgs_vendor:/opt/ros/jazzy/opt/gz_common_vendor:/opt/ros/jazzy/opt/gz_math_vendor:/opt/ros/jazzy/opt/gz_utils_vendor:/opt/ros/jazzy/opt/gz_tools_vendor:/opt/ros/jazzy/opt/gz_ogre_next_vendor:/opt/ros/jazzy/opt/gz_dartsim_vendor:/opt/ros/jazzy/opt/gz_cmake_vendor:/home/mikks/ros2_px4_ws/install/x500_hover_controller:/home/mikks/ros2_px4_ws/install/example_mode_with_rclpy_py:/home/mikks/ros2_px4_ws/install/example_mode_goto_py:/home/mikks/ros2_px4_ws/install/px4_actuator_ctrl:/home/mikks/ros2_ws/install/rover_desc_description:/home/mikks/ros2_ws/install/px4_actuator_ctrl:/home/mikks/ros2_ws/install/mine_rover_description:/home/mikks/ros2_ws/install/ZerionURDFV5cp_description:/home/mikks/crazyflie_mapping_demo/ros2_ws/install/velocity_free_consensus:/home/mikks/crazyflie_mapping_demo/ros2_ws/install/stepwise_lowpos:/home/mikks/crazyflie_mapping_demo/ros2_ws/install/step_wise_lowpos:/home/mikks/crazyflie_mapping_demo/ros2_ws/install/second_order_formation_control:/home/mikks/crazyflie_mapping_demo/ros2_ws/install/ros_gz_crazyflie_control:/home/mikks/crazyflie_mapping_demo/ros2_ws/install/mixed_fractional_consensus:/home/mikks/crazyflie_mapping_demo/ros2_ws/install/lowest_pos:/home/mikks/crazyflie_mapping_demo/ros2_ws/install/linear_consensus:/home/mikks/crazyflie_mapping_demo/ros2_ws/install/highest_pos:/home/mikks/crazyflie_mapping_demo/ros2_ws/install/fractional_consensus_alpha:/home/mikks/crazyflie_mapping_demo/ros2_ws/install/event_triggered_swarm:/home/mikks/crazyflie_mapping_demo/ros2_ws/install/drone_logger:/home/mikks/crazyflie_mapping_demo/ros2_ws/install/distributed_average_tracking:/home/mikks/crazyflie_mapping_demo/ros2_ws/install/crazyflie_swarm_logic:/home/mikks/crazyflie_mapping_demo/ros2_ws/install/crazyflie_ros2_multiranger_wall_following:/home/mikks/crazyflie_mapping_demo/ros2_ws/install/crazyflie_ros2_multiranger_simple_mapper:/home/mikks/crazyflie_mapping_demo/ros2_ws/install/crazyflie_py:/home/mikks/crazyflie_mapping_demo/ros2_ws/install/cooperative_target_centric_formation:/home/mikks/crazyflie_mapping_demo/ros2_ws/install/containment_using_agent_information:/home/mikks/crazyflie_mapping_demo/ros2_ws/install/consensus_for_double_integrator:/home/mikks/crazyflie_mapping_demo/ros2_ws/install/consensus_alignment:/home/mikks/crazyflie_mapping_demo/ros2_ws/install/binary_consensus:/home/mikks/crazyflie_mapping_demo/ros2_ws/install/Second_Order_Min_Consensus_for_Heterogeneous_Agents:/home/mikks/crazyflie_mapping_demo/ros2_ws/install/BinaryContainmentChain:/opt/ros/jazzy DEBUGINFOD_URLS=https://debuginfod.ubuntu.com LD_LIBRARY_PATH=/home/mikks/ros2_px4_ws/install/px4_ros2_cpp/lib:/home/mikks/ros2_px4_ws/install/px4_msgs/lib:/home/mikks/ros2_px4_ws/install/px4_ros_com/lib:/home/mikks/NatNet_SDK_4.3_ubuntu/lib:/home/mikks/crazyflie_mapping_demo/ros2_ws/install/crazyflie_interfaces/lib:/opt/ros/jazzy/opt/gz_sim_vendor/lib:/opt/ros/jazzy/opt/gz_sensors_vendor/lib:/opt/ros/jazzy/opt/gz_physics_vendor/lib:/opt/ros/jazzy/opt/sdformat_vendor/lib:/opt/ros/jazzy/opt/rviz_ogre_vendor/lib:/opt/ros/jazzy/lib/x86_64-linux-gnu:/opt/ros/jazzy/opt/gz_gui_vendor/lib:/opt/ros/jazzy/opt/gz_transport_vendor/lib:/opt/ros/jazzy/opt/gz_rendering_vendor/lib:/opt/ros/jazzy/opt/gz_plugin_vendor/lib:/opt/ros/jazzy/opt/gz_fuel_tools_vendor/lib:/opt/ros/jazzy/opt/gz_msgs_vendor/lib:/opt/ros/jazzy/opt/gz_common_vendor/lib:/opt/ros/jazzy/opt/gz_math_vendor/lib:/opt/ros/jazzy/opt/gz_utils_vendor/lib:/opt/ros/jazzy/opt/gz_tools_vendor/lib:/opt/ros/jazzy/opt/gz_ogre_next_vendor/lib:/opt/ros/jazzy/opt/gz_dartsim_vendor/lib:/opt/ros/jazzy/opt/gz_cmake_vendor/lib:/opt/ros/jazzy/lib PYTHONPATH=/home/mikks/ros2_px4_ws/install/px4_msgs/lib/python3.12/site-packages:/home/mikks/ros2_px4_ws/build/x500_hover_controller:/home/mikks/ros2_px4_ws/install/x500_hover_controller/lib/python3.12/site-packages:/home/mikks/ros2_px4_ws/install/px4_ros_com/lib/python3.12/site-packages:/home/mikks/ros2_px4_ws/build/example_mode_with_rclpy_py:/home/mikks/ros2_px4_ws/install/example_mode_with_rclpy_py/lib/python3.12/site-packages:/home/mikks/ros2_px4_ws/build/example_mode_goto_py:/home/mikks/ros2_px4_ws/install/example_mode_goto_py/lib/python3.12/site-packages:/home/mikks/ros2_px4_ws/install/px4_ros2_py/lib/python3.12/site-packages:/home/mikks/ros2_px4_ws/build/px4_actuator_ctrl:/home/mikks/ros2_px4_ws/install/px4_actuator_ctrl/lib/python3.12/site-packages:/home/mikks/ros2_ws/build/rover_desc_description:/home/mikks/ros2_ws/install/rover_desc_description/lib/python3.12/site-packages:/home/mikks/ros2_ws/install/px4_actuator_ctrl/lib/python3.12/site-packages:/home/mikks/ros2_ws/build/mine_rover_description:/home/mikks/ros2_ws/install/mine_rover_description/lib/python3.12/site-packages:/home/mikks/ros2_ws/build/ZerionURDFV5cp_description:/home/mikks/ros2_ws/install/ZerionURDFV5cp_description/lib/python3.12/site-packages:/home/mikks/crazyflie_mapping_demo/ros2_ws/install/velocity_free_consensus/lib/python3.12/site-packages:/home/mikks/crazyflie_mapping_demo/ros2_ws/install/stepwise_lowpos/lib/python3.12/site-packages:/home/mikks/crazyflie_mapping_demo/ros2_ws/install/step_wise_lowpos/lib/python3.12/site-packages:/home/mikks/crazyflie_mapping_demo/ros2_ws/install/second_order_formation_control/lib/python3.12/site-packages:/home/mikks/crazyflie_mapping_demo/ros2_ws/install/ros_gz_crazyflie_control/lib/python3.12/site-packages:/home/mikks/crazyflie_mapping_demo/ros2_ws/install/mixed_fractional_consensus/lib/python3.12/site-packages:/home/mikks/crazyflie_mapping_demo/ros2_ws/install/lowest_pos/lib/python3.12/site-packages:/home/mikks/crazyflie_mapping_demo/ros2_ws/install/linear_consensus/lib/python3.12/site-packages:/home/mikks/crazyflie_mapping_demo/ros2_ws/install/highest_pos/lib/python3.12/site-packages:/home/mikks/crazyflie_mapping_demo/ros2_ws/install/fractional_consensus_alpha/lib/python3.12/site-packages:/home/mikks/crazyflie_mapping_demo/ros2_ws/install/event_triggered_swarm/lib/python3.12/site-packages:/home/mikks/crazyflie_mapping_demo/ros2_ws/install/drone_logger/lib/python3.12/site-packages:/home/mikks/crazyflie_mapping_demo/ros2_ws/install/distributed_average_tracking/lib/python3.12/site-packages:/home/mikks/crazyflie_mapping_demo/ros2_ws/install/crazyflie_swarm_logic/lib/python3.12/site-packages:/home/mikks/crazyflie_mapping_demo/ros2_ws/install/crazyflie_sim/lib/python3.12/site-packages:/home/mikks/crazyflie_mapping_demo/ros2_ws/install/crazyflie_ros2_multiranger_wall_following/lib/python3.12/site-packages:/home/mikks/crazyflie_mapping_demo/ros2_ws/install/crazyflie_ros2_multiranger_simple_mapper/lib/python3.12/site-packages:/home/mikks/crazyflie_mapping_demo/ros2_ws/install/crazyflie_examples/lib/python3.12/site-packages:/home/mikks/crazyflie_mapping_demo/ros2_ws/install/crazyflie_py/lib/python3.12/site-packages:/home/mikks/crazyflie_mapping_demo/ros2_ws/install/crazyflie_interfaces/lib/python3.12/site-packages:/home/mikks/crazyflie_mapping_demo/ros2_ws/install/cooperative_target_centric_formation/lib/python3.12/site-packages:/home/mikks/crazyflie_mapping_demo/ros2_ws/install/containment_using_agent_information/lib/python3.12/site-packages:/home/mikks/crazyflie_mapping_demo/ros2_ws/install/consensus_for_double_integrator/lib/python3.12/site-packages:/home/mikks/crazyflie_mapping_demo/ros2_ws/install/consensus_alignment/lib/python3.12/site-packages:/home/mikks/crazyflie_mapping_demo/ros2_ws/install/binary_consensus/lib/python3.12/site-packages:/home/mikks/crazyflie_mapping_demo/ros2_ws/install/Second_Order_Min_Consensus_for_Heterogeneous_Agents/lib/python3.12/site-packages:/home/mikks/crazyflie_mapping_demo/ros2_ws/install/BinaryContainmentChain/lib/python3.12/site-packages:/opt/ros/jazzy/lib/python3.12/site-packages /usr/bin/cmake --install /home/mikks/ros2_px4_ws/build/example_local_navigation_cpp
[4.718s] DEBUG:colcon.colcon_core.event_handler.log_command:Invoked command in '/home/mikks/ros2_px4_ws/build/example_global_navigation_cpp' returned '0': CMAKE_PREFIX_PATH=/home/mikks/ros2_px4_ws/install/px4_ros2_cpp:/home/mikks/ros2_px4_ws/install/px4_msgs:/home/mikks/ros2_px4_ws/install/px4_ros_com:/home/mikks/ros2_px4_ws/install/px4_ros2_py:/home/mikks/ros2_px4_ws/install/example_rover_velocity_mode_cpp:/home/mikks/ros2_px4_ws/install/example_mode_with_executor_cpp:/home/mikks/ros2_px4_ws/install/example_mode_vtol_cpp:/home/mikks/ros2_px4_ws/install/example_mode_rtl_replacement_cpp:/home/mikks/ros2_px4_ws/install/example_mode_mission_cpp:/home/mikks/ros2_px4_ws/install/example_mode_manual_cpp:/home/mikks/ros2_px4_ws/install/example_mode_goto_global_cpp:/home/mikks/ros2_px4_ws/install/example_mode_goto_cpp:/home/mikks/ros2_px4_ws/install/example_mode_fw_attitude_cpp:/home/mikks/ros2_px4_ws/install/example_local_navigation_cpp:/home/mikks/ros2_px4_ws/install/example_global_navigation_cpp:/home/mikks/ros2_px4_ws/install/example_executor_with_multiple_modes_cpp:/home/mikks/crazyflie_mapping_demo/ros2_ws/install/crazyflie_ros2_multiranger_bringup:/home/mikks/crazyflie_mapping_demo/ros2_ws/install/ros_gz_crazyflie_bringup:/home/mikks/crazyflie_mapping_demo/ros2_ws/install/ros_gz_crazyflie_gazebo:/home/mikks/crazyflie_mapping_demo/ros2_ws/install/crazyflie_sim:/home/mikks/crazyflie_mapping_demo/ros2_ws/install/crazyflie_examples:/home/mikks/crazyflie_mapping_demo/ros2_ws/install/crazyflie:/home/mikks/crazyflie_mapping_demo/ros2_ws/install/crazyflie_interfaces:/opt/ros/jazzy/opt/gz_sim_vendor:/opt/ros/jazzy/opt/gz_sensors_vendor:/opt/ros/jazzy/opt/gz_physics_vendor:/opt/ros/jazzy/opt/sdformat_vendor:/opt/ros/jazzy/opt/gz_gui_vendor:/opt/ros/jazzy/opt/gz_transport_vendor:/opt/ros/jazzy/opt/gz_rendering_vendor:/opt/ros/jazzy/opt/gz_plugin_vendor:/opt/ros/jazzy/opt/gz_fuel_tools_vendor:/opt/ros/jazzy/opt/gz_msgs_vendor:/opt/ros/jazzy/opt/gz_common_vendor:/opt/ros/jazzy/opt/gz_math_vendor:/opt/ros/jazzy/opt/gz_utils_vendor:/opt/ros/jazzy/opt/gz_tools_vendor:/opt/ros/jazzy/opt/gz_ogre_next_vendor:/opt/ros/jazzy/opt/gz_dartsim_vendor:/opt/ros/jazzy/opt/gz_cmake_vendor:/home/mikks/ros2_px4_ws/install/x500_hover_controller:/home/mikks/ros2_px4_ws/install/example_mode_with_rclpy_py:/home/mikks/ros2_px4_ws/install/example_mode_goto_py:/home/mikks/ros2_px4_ws/install/px4_actuator_ctrl:/home/mikks/ros2_ws/install/rover_desc_description:/home/mikks/ros2_ws/install/px4_actuator_ctrl:/home/mikks/ros2_ws/install/mine_rover_description:/home/mikks/ros2_ws/install/ZerionURDFV5cp_description:/home/mikks/crazyflie_mapping_demo/ros2_ws/install/velocity_free_consensus:/home/mikks/crazyflie_mapping_demo/ros2_ws/install/stepwise_lowpos:/home/mikks/crazyflie_mapping_demo/ros2_ws/install/step_wise_lowpos:/home/mikks/crazyflie_mapping_demo/ros2_ws/install/second_order_formation_control:/home/mikks/crazyflie_mapping_demo/ros2_ws/install/ros_gz_crazyflie_control:/home/mikks/crazyflie_mapping_demo/ros2_ws/install/mixed_fractional_consensus:/home/mikks/crazyflie_mapping_demo/ros2_ws/install/lowest_pos:/home/mikks/crazyflie_mapping_demo/ros2_ws/install/linear_consensus:/home/mikks/crazyflie_mapping_demo/ros2_ws/install/highest_pos:/home/mikks/crazyflie_mapping_demo/ros2_ws/install/fractional_consensus_alpha:/home/mikks/crazyflie_mapping_demo/ros2_ws/install/event_triggered_swarm:/home/mikks/crazyflie_mapping_demo/ros2_ws/install/drone_logger:/home/mikks/crazyflie_mapping_demo/ros2_ws/install/distributed_average_tracking:/home/mikks/crazyflie_mapping_demo/ros2_ws/install/crazyflie_swarm_logic:/home/mikks/crazyflie_mapping_demo/ros2_ws/install/crazyflie_ros2_multiranger_wall_following:/home/mikks/crazyflie_mapping_demo/ros2_ws/install/crazyflie_ros2_multiranger_simple_mapper:/home/mikks/crazyflie_mapping_demo/ros2_ws/install/crazyflie_py:/home/mikks/crazyflie_mapping_demo/ros2_ws/install/cooperative_target_centric_formation:/home/mikks/crazyflie_mapping_demo/ros2_ws/install/containment_using_agent_information:/home/mikks/crazyflie_mapping_demo/ros2_ws/install/consensus_for_double_integrator:/home/mikks/crazyflie_mapping_demo/ros2_ws/install/consensus_alignment:/home/mikks/crazyflie_mapping_demo/ros2_ws/install/binary_consensus:/home/mikks/crazyflie_mapping_demo/ros2_ws/install/Second_Order_Min_Consensus_for_Heterogeneous_Agents:/home/mikks/crazyflie_mapping_demo/ros2_ws/install/BinaryContainmentChain:/opt/ros/jazzy DEBUGINFOD_URLS=https://debuginfod.ubuntu.com LD_LIBRARY_PATH=/home/mikks/ros2_px4_ws/install/px4_ros2_cpp/lib:/home/mikks/ros2_px4_ws/install/px4_msgs/lib:/home/mikks/ros2_px4_ws/install/px4_ros_com/lib:/home/mikks/NatNet_SDK_4.3_ubuntu/lib:/home/mikks/crazyflie_mapping_demo/ros2_ws/install/crazyflie_interfaces/lib:/opt/ros/jazzy/opt/gz_sim_vendor/lib:/opt/ros/jazzy/opt/gz_sensors_vendor/lib:/opt/ros/jazzy/opt/gz_physics_vendor/lib:/opt/ros/jazzy/opt/sdformat_vendor/lib:/opt/ros/jazzy/opt/rviz_ogre_vendor/lib:/opt/ros/jazzy/lib/x86_64-linux-gnu:/opt/ros/jazzy/opt/gz_gui_vendor/lib:/opt/ros/jazzy/opt/gz_transport_vendor/lib:/opt/ros/jazzy/opt/gz_rendering_vendor/lib:/opt/ros/jazzy/opt/gz_plugin_vendor/lib:/opt/ros/jazzy/opt/gz_fuel_tools_vendor/lib:/opt/ros/jazzy/opt/gz_msgs_vendor/lib:/opt/ros/jazzy/opt/gz_common_vendor/lib:/opt/ros/jazzy/opt/gz_math_vendor/lib:/opt/ros/jazzy/opt/gz_utils_vendor/lib:/opt/ros/jazzy/opt/gz_tools_vendor/lib:/opt/ros/jazzy/opt/gz_ogre_next_vendor/lib:/opt/ros/jazzy/opt/gz_dartsim_vendor/lib:/opt/ros/jazzy/opt/gz_cmake_vendor/lib:/opt/ros/jazzy/lib PYTHONPATH=/home/mikks/ros2_px4_ws/install/px4_msgs/lib/python3.12/site-packages:/home/mikks/ros2_px4_ws/build/x500_hover_controller:/home/mikks/ros2_px4_ws/install/x500_hover_controller/lib/python3.12/site-packages:/home/mikks/ros2_px4_ws/install/px4_ros_com/lib/python3.12/site-packages:/home/mikks/ros2_px4_ws/build/example_mode_with_rclpy_py:/home/mikks/ros2_px4_ws/install/example_mode_with_rclpy_py/lib/python3.12/site-packages:/home/mikks/ros2_px4_ws/build/example_mode_goto_py:/home/mikks/ros2_px4_ws/install/example_mode_goto_py/lib/python3.12/site-packages:/home/mikks/ros2_px4_ws/install/px4_ros2_py/lib/python3.12/site-packages:/home/mikks/ros2_px4_ws/build/px4_actuator_ctrl:/home/mikks/ros2_px4_ws/install/px4_actuator_ctrl/lib/python3.12/site-packages:/home/mikks/ros2_ws/build/rover_desc_description:/home/mikks/ros2_ws/install/rover_desc_description/lib/python3.12/site-packages:/home/mikks/ros2_ws/install/px4_actuator_ctrl/lib/python3.12/site-packages:/home/mikks/ros2_ws/build/mine_rover_description:/home/mikks/ros2_ws/install/mine_rover_description/lib/python3.12/site-packages:/home/mikks/ros2_ws/build/ZerionURDFV5cp_description:/home/mikks/ros2_ws/install/ZerionURDFV5cp_description/lib/python3.12/site-packages:/home/mikks/crazyflie_mapping_demo/ros2_ws/install/velocity_free_consensus/lib/python3.12/site-packages:/home/mikks/crazyflie_mapping_demo/ros2_ws/install/stepwise_lowpos/lib/python3.12/site-packages:/home/mikks/crazyflie_mapping_demo/ros2_ws/install/step_wise_lowpos/lib/python3.12/site-packages:/home/mikks/crazyflie_mapping_demo/ros2_ws/install/second_order_formation_control/lib/python3.12/site-packages:/home/mikks/crazyflie_mapping_demo/ros2_ws/install/ros_gz_crazyflie_control/lib/python3.12/site-packages:/home/mikks/crazyflie_mapping_demo/ros2_ws/install/mixed_fractional_consensus/lib/python3.12/site-packages:/home/mikks/crazyflie_mapping_demo/ros2_ws/install/lowest_pos/lib/python3.12/site-packages:/home/mikks/crazyflie_mapping_demo/ros2_ws/install/linear_consensus/lib/python3.12/site-packages:/home/mikks/crazyflie_mapping_demo/ros2_ws/install/highest_pos/lib/python3.12/site-packages:/home/mikks/crazyflie_mapping_demo/ros2_ws/install/fractional_consensus_alpha/lib/python3.12/site-packages:/home/mikks/crazyflie_mapping_demo/ros2_ws/install/event_triggered_swarm/lib/python3.12/site-packages:/home/mikks/crazyflie_mapping_demo/ros2_ws/install/drone_logger/lib/python3.12/site-packages:/home/mikks/crazyflie_mapping_demo/ros2_ws/install/distributed_average_tracking/lib/python3.12/site-packages:/home/mikks/crazyflie_mapping_demo/ros2_ws/install/crazyflie_swarm_logic/lib/python3.12/site-packages:/home/mikks/crazyflie_mapping_demo/ros2_ws/install/crazyflie_sim/lib/python3.12/site-packages:/home/mikks/crazyflie_mapping_demo/ros2_ws/install/crazyflie_ros2_multiranger_wall_following/lib/python3.12/site-packages:/home/mikks/crazyflie_mapping_demo/ros2_ws/install/crazyflie_ros2_multiranger_simple_mapper/lib/python3.12/site-packages:/home/mikks/crazyflie_mapping_demo/ros2_ws/install/crazyflie_examples/lib/python3.12/site-packages:/home/mikks/crazyflie_mapping_demo/ros2_ws/install/crazyflie_py/lib/python3.12/site-packages:/home/mikks/crazyflie_mapping_demo/ros2_ws/install/crazyflie_interfaces/lib/python3.12/site-packages:/home/mikks/crazyflie_mapping_demo/ros2_ws/install/cooperative_target_centric_formation/lib/python3.12/site-packages:/home/mikks/crazyflie_mapping_demo/ros2_ws/install/containment_using_agent_information/lib/python3.12/site-packages:/home/mikks/crazyflie_mapping_demo/ros2_ws/install/consensus_for_double_integrator/lib/python3.12/site-packages:/home/mikks/crazyflie_mapping_demo/ros2_ws/install/consensus_alignment/lib/python3.12/site-packages:/home/mikks/crazyflie_mapping_demo/ros2_ws/install/binary_consensus/lib/python3.12/site-packages:/home/mikks/crazyflie_mapping_demo/ros2_ws/install/Second_Order_Min_Consensus_for_Heterogeneous_Agents/lib/python3.12/site-packages:/home/mikks/crazyflie_mapping_demo/ros2_ws/install/BinaryContainmentChain/lib/python3.12/site-packages:/opt/ros/jazzy/lib/python3.12/site-packages /usr/bin/cmake --install /home/mikks/ros2_px4_ws/build/example_global_navigation_cpp
[4.726s] Level 1:colcon.colcon_core.environment:checking '/home/mikks/ros2_px4_ws/install/example_global_navigation_cpp' for CMake config files
[4.727s] Level 1:colcon.colcon_core.shell:create_environment_hook('example_global_navigation_cpp', 'cmake_prefix_path')
[4.727s] INFO:colcon.colcon_core.shell:Creating environment hook '/home/mikks/ros2_px4_ws/install/example_global_navigation_cpp/share/example_global_navigation_cpp/hook/cmake_prefix_path.ps1'
[4.728s] INFO:colcon.colcon_core.shell:Creating environment descriptor '/home/mikks/ros2_px4_ws/install/example_global_navigation_cpp/share/example_global_navigation_cpp/hook/cmake_prefix_path.dsv'
[4.728s] INFO:colcon.colcon_core.shell:Creating environment hook '/home/mikks/ros2_px4_ws/install/example_global_navigation_cpp/share/example_global_navigation_cpp/hook/cmake_prefix_path.sh'
[4.729s] Level 1:colcon.colcon_core.environment:checking '/home/mikks/ros2_px4_ws/install/example_global_navigation_cpp/lib'
[4.729s] Level 1:colcon.colcon_core.environment:checking '/home/mikks/ros2_px4_ws/install/example_global_navigation_cpp/bin'
[4.729s] Level 1:colcon.colcon_core.environment:checking '/home/mikks/ros2_px4_ws/install/example_global_navigation_cpp/lib/pkgconfig/example_global_navigation_cpp.pc'
[4.729s] Level 1:colcon.colcon_core.environment:checking '/home/mikks/ros2_px4_ws/install/example_global_navigation_cpp/lib/python3.12/site-packages'
[4.730s] Level 1:colcon.colcon_core.environment:checking '/home/mikks/ros2_px4_ws/install/example_global_navigation_cpp/bin'
[4.731s] INFO:colcon.colcon_core.shell:Creating package script '/home/mikks/ros2_px4_ws/install/example_global_navigation_cpp/share/example_global_navigation_cpp/package.ps1'
[4.732s] INFO:colcon.colcon_core.shell:Creating package descriptor '/home/mikks/ros2_px4_ws/install/example_global_navigation_cpp/share/example_global_navigation_cpp/package.dsv'
[4.734s] INFO:colcon.colcon_core.shell:Creating package script '/home/mikks/ros2_px4_ws/install/example_global_navigation_cpp/share/example_global_navigation_cpp/package.sh'
[4.735s] INFO:colcon.colcon_core.shell:Creating package script '/home/mikks/ros2_px4_ws/install/example_global_navigation_cpp/share/example_global_navigation_cpp/package.bash'
[4.736s] INFO:colcon.colcon_core.shell:Creating package script '/home/mikks/ros2_px4_ws/install/example_global_navigation_cpp/share/example_global_navigation_cpp/package.zsh'
[4.736s] Level 1:colcon.colcon_core.environment:create_file_with_runtime_dependencies(/home/mikks/ros2_px4_ws/install/example_global_navigation_cpp/share/colcon-core/packages/example_global_navigation_cpp)
[4.737s] Level 1:colcon.colcon_core.environment:create_environment_scripts_only(example_global_navigation_cpp)
[4.737s] Level 1:colcon.colcon_core.environment:checking '/home/mikks/ros2_px4_ws/install/example_global_navigation_cpp' for CMake module files
[4.739s] Level 1:colcon.colcon_core.environment:checking '/home/mikks/ros2_px4_ws/install/example_global_navigation_cpp' for CMake config files
[4.741s] Level 1:colcon.colcon_core.shell:create_environment_hook('example_global_navigation_cpp', 'cmake_prefix_path')
[4.741s] INFO:colcon.colcon_core.shell:Creating environment hook '/home/mikks/ros2_px4_ws/install/example_global_navigation_cpp/share/example_global_navigation_cpp/hook/cmake_prefix_path.ps1'
[4.742s] INFO:colcon.colcon_core.shell:Creating environment descriptor '/home/mikks/ros2_px4_ws/install/example_global_navigation_cpp/share/example_global_navigation_cpp/hook/cmake_prefix_path.dsv'
[4.742s] INFO:colcon.colcon_core.shell:Creating environment hook '/home/mikks/ros2_px4_ws/install/example_global_navigation_cpp/share/example_global_navigation_cpp/hook/cmake_prefix_path.sh'
[4.743s] Level 1:colcon.colcon_core.environment:checking '/home/mikks/ros2_px4_ws/install/example_global_navigation_cpp/lib'
[4.743s] Level 1:colcon.colcon_core.environment:checking '/home/mikks/ros2_px4_ws/install/example_global_navigation_cpp/bin'
[4.743s] Level 1:colcon.colcon_core.environment:checking '/home/mikks/ros2_px4_ws/install/example_global_navigation_cpp/lib/pkgconfig/example_global_navigation_cpp.pc'
[4.744s] Level 1:colcon.colcon_core.environment:checking '/home/mikks/ros2_px4_ws/install/example_global_navigation_cpp/lib/python3.12/site-packages'
[4.744s] Level 1:colcon.colcon_core.environment:checking '/home/mikks/ros2_px4_ws/install/example_global_navigation_cpp/bin'
[4.744s] INFO:colcon.colcon_core.shell:Creating package script '/home/mikks/ros2_px4_ws/install/example_global_navigation_cpp/share/example_global_navigation_cpp/package.ps1'
[4.745s] INFO:colcon.colcon_core.shell:Creating package descriptor '/home/mikks/ros2_px4_ws/install/example_global_navigation_cpp/share/example_global_navigation_cpp/package.dsv'
[4.746s] INFO:colcon.colcon_core.shell:Creating package script '/home/mikks/ros2_px4_ws/install/example_global_navigation_cpp/share/example_global_navigation_cpp/package.sh'
[4.746s] INFO:colcon.colcon_core.shell:Creating package script '/home/mikks/ros2_px4_ws/install/example_global_navigation_cpp/share/example_global_navigation_cpp/package.bash'
[4.747s] INFO:colcon.colcon_core.shell:Creating package script '/home/mikks/ros2_px4_ws/install/example_global_navigation_cpp/share/example_global_navigation_cpp/package.zsh'
[4.747s] Level 1:colcon.colcon_core.environment:create_file_with_runtime_dependencies(/home/mikks/ros2_px4_ws/install/example_global_navigation_cpp/share/colcon-core/packages/example_global_navigation_cpp)
[4.748s] INFO:colcon.colcon_ros.task.ament_cmake.build:Building ROS package in '/home/mikks/ros2_px4_ws/src/px4-ros2-interface-lib/examples/cpp/modes/rtl_replacement' with build type 'ament_cmake'
[4.748s] INFO:colcon.colcon_cmake.task.cmake.build:Building CMake package in '/home/mikks/ros2_px4_ws/src/px4-ros2-interface-lib/examples/cpp/modes/rtl_replacement'
[4.748s] INFO:colcon.colcon_core.shell:Skip shell extension 'powershell' for command environment: Not usable outside of PowerShell
[4.748s] DEBUG:colcon.colcon_core.shell:Skip shell extension 'dsv' for command environment
[4.757s] Level 1:colcon.colcon_core.environment:create_environment_scripts_only(example_mode_fw_attitude_cpp)
[4.757s] Level 1:colcon.colcon_core.environment:checking '/home/mikks/ros2_px4_ws/install/example_mode_fw_attitude_cpp' for CMake module files
[4.758s] DEBUG:colcon.colcon_core.event_handler.log_command:Invoked command in '/home/mikks/ros2_px4_ws/build/example_mode_fw_attitude_cpp' returned '0': CMAKE_PREFIX_PATH=/home/mikks/ros2_px4_ws/install/px4_ros2_cpp:/home/mikks/ros2_px4_ws/install/px4_msgs:/home/mikks/ros2_px4_ws/install/px4_ros_com:/home/mikks/ros2_px4_ws/install/px4_ros2_py:/home/mikks/ros2_px4_ws/install/example_rover_velocity_mode_cpp:/home/mikks/ros2_px4_ws/install/example_mode_with_executor_cpp:/home/mikks/ros2_px4_ws/install/example_mode_vtol_cpp:/home/mikks/ros2_px4_ws/install/example_mode_rtl_replacement_cpp:/home/mikks/ros2_px4_ws/install/example_mode_mission_cpp:/home/mikks/ros2_px4_ws/install/example_mode_manual_cpp:/home/mikks/ros2_px4_ws/install/example_mode_goto_global_cpp:/home/mikks/ros2_px4_ws/install/example_mode_goto_cpp:/home/mikks/ros2_px4_ws/install/example_mode_fw_attitude_cpp:/home/mikks/ros2_px4_ws/install/example_local_navigation_cpp:/home/mikks/ros2_px4_ws/install/example_global_navigation_cpp:/home/mikks/ros2_px4_ws/install/example_executor_with_multiple_modes_cpp:/home/mikks/crazyflie_mapping_demo/ros2_ws/install/crazyflie_ros2_multiranger_bringup:/home/mikks/crazyflie_mapping_demo/ros2_ws/install/ros_gz_crazyflie_bringup:/home/mikks/crazyflie_mapping_demo/ros2_ws/install/ros_gz_crazyflie_gazebo:/home/mikks/crazyflie_mapping_demo/ros2_ws/install/crazyflie_sim:/home/mikks/crazyflie_mapping_demo/ros2_ws/install/crazyflie_examples:/home/mikks/crazyflie_mapping_demo/ros2_ws/install/crazyflie:/home/mikks/crazyflie_mapping_demo/ros2_ws/install/crazyflie_interfaces:/opt/ros/jazzy/opt/gz_sim_vendor:/opt/ros/jazzy/opt/gz_sensors_vendor:/opt/ros/jazzy/opt/gz_physics_vendor:/opt/ros/jazzy/opt/sdformat_vendor:/opt/ros/jazzy/opt/gz_gui_vendor:/opt/ros/jazzy/opt/gz_transport_vendor:/opt/ros/jazzy/opt/gz_rendering_vendor:/opt/ros/jazzy/opt/gz_plugin_vendor:/opt/ros/jazzy/opt/gz_fuel_tools_vendor:/opt/ros/jazzy/opt/gz_msgs_vendor:/opt/ros/jazzy/opt/gz_common_vendor:/opt/ros/jazzy/opt/gz_math_vendor:/opt/ros/jazzy/opt/gz_utils_vendor:/opt/ros/jazzy/opt/gz_tools_vendor:/opt/ros/jazzy/opt/gz_ogre_next_vendor:/opt/ros/jazzy/opt/gz_dartsim_vendor:/opt/ros/jazzy/opt/gz_cmake_vendor:/home/mikks/ros2_px4_ws/install/x500_hover_controller:/home/mikks/ros2_px4_ws/install/example_mode_with_rclpy_py:/home/mikks/ros2_px4_ws/install/example_mode_goto_py:/home/mikks/ros2_px4_ws/install/px4_actuator_ctrl:/home/mikks/ros2_ws/install/rover_desc_description:/home/mikks/ros2_ws/install/px4_actuator_ctrl:/home/mikks/ros2_ws/install/mine_rover_description:/home/mikks/ros2_ws/install/ZerionURDFV5cp_description:/home/mikks/crazyflie_mapping_demo/ros2_ws/install/velocity_free_consensus:/home/mikks/crazyflie_mapping_demo/ros2_ws/install/stepwise_lowpos:/home/mikks/crazyflie_mapping_demo/ros2_ws/install/step_wise_lowpos:/home/mikks/crazyflie_mapping_demo/ros2_ws/install/second_order_formation_control:/home/mikks/crazyflie_mapping_demo/ros2_ws/install/ros_gz_crazyflie_control:/home/mikks/crazyflie_mapping_demo/ros2_ws/install/mixed_fractional_consensus:/home/mikks/crazyflie_mapping_demo/ros2_ws/install/lowest_pos:/home/mikks/crazyflie_mapping_demo/ros2_ws/install/linear_consensus:/home/mikks/crazyflie_mapping_demo/ros2_ws/install/highest_pos:/home/mikks/crazyflie_mapping_demo/ros2_ws/install/fractional_consensus_alpha:/home/mikks/crazyflie_mapping_demo/ros2_ws/install/event_triggered_swarm:/home/mikks/crazyflie_mapping_demo/ros2_ws/install/drone_logger:/home/mikks/crazyflie_mapping_demo/ros2_ws/install/distributed_average_tracking:/home/mikks/crazyflie_mapping_demo/ros2_ws/install/crazyflie_swarm_logic:/home/mikks/crazyflie_mapping_demo/ros2_ws/install/crazyflie_ros2_multiranger_wall_following:/home/mikks/crazyflie_mapping_demo/ros2_ws/install/crazyflie_ros2_multiranger_simple_mapper:/home/mikks/crazyflie_mapping_demo/ros2_ws/install/crazyflie_py:/home/mikks/crazyflie_mapping_demo/ros2_ws/install/cooperative_target_centric_formation:/home/mikks/crazyflie_mapping_demo/ros2_ws/install/containment_using_agent_information:/home/mikks/crazyflie_mapping_demo/ros2_ws/install/consensus_for_double_integrator:/home/mikks/crazyflie_mapping_demo/ros2_ws/install/consensus_alignment:/home/mikks/crazyflie_mapping_demo/ros2_ws/install/binary_consensus:/home/mikks/crazyflie_mapping_demo/ros2_ws/install/Second_Order_Min_Consensus_for_Heterogeneous_Agents:/home/mikks/crazyflie_mapping_demo/ros2_ws/install/BinaryContainmentChain:/opt/ros/jazzy DEBUGINFOD_URLS=https://debuginfod.ubuntu.com LD_LIBRARY_PATH=/home/mikks/ros2_px4_ws/install/px4_ros2_cpp/lib:/home/mikks/ros2_px4_ws/install/px4_msgs/lib:/home/mikks/ros2_px4_ws/install/px4_ros_com/lib:/home/mikks/NatNet_SDK_4.3_ubuntu/lib:/home/mikks/crazyflie_mapping_demo/ros2_ws/install/crazyflie_interfaces/lib:/opt/ros/jazzy/opt/gz_sim_vendor/lib:/opt/ros/jazzy/opt/gz_sensors_vendor/lib:/opt/ros/jazzy/opt/gz_physics_vendor/lib:/opt/ros/jazzy/opt/sdformat_vendor/lib:/opt/ros/jazzy/opt/rviz_ogre_vendor/lib:/opt/ros/jazzy/lib/x86_64-linux-gnu:/opt/ros/jazzy/opt/gz_gui_vendor/lib:/opt/ros/jazzy/opt/gz_transport_vendor/lib:/opt/ros/jazzy/opt/gz_rendering_vendor/lib:/opt/ros/jazzy/opt/gz_plugin_vendor/lib:/opt/ros/jazzy/opt/gz_fuel_tools_vendor/lib:/opt/ros/jazzy/opt/gz_msgs_vendor/lib:/opt/ros/jazzy/opt/gz_common_vendor/lib:/opt/ros/jazzy/opt/gz_math_vendor/lib:/opt/ros/jazzy/opt/gz_utils_vendor/lib:/opt/ros/jazzy/opt/gz_tools_vendor/lib:/opt/ros/jazzy/opt/gz_ogre_next_vendor/lib:/opt/ros/jazzy/opt/gz_dartsim_vendor/lib:/opt/ros/jazzy/opt/gz_cmake_vendor/lib:/opt/ros/jazzy/lib PYTHONPATH=/home/mikks/ros2_px4_ws/install/px4_msgs/lib/python3.12/site-packages:/home/mikks/ros2_px4_ws/build/x500_hover_controller:/home/mikks/ros2_px4_ws/install/x500_hover_controller/lib/python3.12/site-packages:/home/mikks/ros2_px4_ws/install/px4_ros_com/lib/python3.12/site-packages:/home/mikks/ros2_px4_ws/build/example_mode_with_rclpy_py:/home/mikks/ros2_px4_ws/install/example_mode_with_rclpy_py/lib/python3.12/site-packages:/home/mikks/ros2_px4_ws/build/example_mode_goto_py:/home/mikks/ros2_px4_ws/install/example_mode_goto_py/lib/python3.12/site-packages:/home/mikks/ros2_px4_ws/install/px4_ros2_py/lib/python3.12/site-packages:/home/mikks/ros2_px4_ws/build/px4_actuator_ctrl:/home/mikks/ros2_px4_ws/install/px4_actuator_ctrl/lib/python3.12/site-packages:/home/mikks/ros2_ws/build/rover_desc_description:/home/mikks/ros2_ws/install/rover_desc_description/lib/python3.12/site-packages:/home/mikks/ros2_ws/install/px4_actuator_ctrl/lib/python3.12/site-packages:/home/mikks/ros2_ws/build/mine_rover_description:/home/mikks/ros2_ws/install/mine_rover_description/lib/python3.12/site-packages:/home/mikks/ros2_ws/build/ZerionURDFV5cp_description:/home/mikks/ros2_ws/install/ZerionURDFV5cp_description/lib/python3.12/site-packages:/home/mikks/crazyflie_mapping_demo/ros2_ws/install/velocity_free_consensus/lib/python3.12/site-packages:/home/mikks/crazyflie_mapping_demo/ros2_ws/install/stepwise_lowpos/lib/python3.12/site-packages:/home/mikks/crazyflie_mapping_demo/ros2_ws/install/step_wise_lowpos/lib/python3.12/site-packages:/home/mikks/crazyflie_mapping_demo/ros2_ws/install/second_order_formation_control/lib/python3.12/site-packages:/home/mikks/crazyflie_mapping_demo/ros2_ws/install/ros_gz_crazyflie_control/lib/python3.12/site-packages:/home/mikks/crazyflie_mapping_demo/ros2_ws/install/mixed_fractional_consensus/lib/python3.12/site-packages:/home/mikks/crazyflie_mapping_demo/ros2_ws/install/lowest_pos/lib/python3.12/site-packages:/home/mikks/crazyflie_mapping_demo/ros2_ws/install/linear_consensus/lib/python3.12/site-packages:/home/mikks/crazyflie_mapping_demo/ros2_ws/install/highest_pos/lib/python3.12/site-packages:/home/mikks/crazyflie_mapping_demo/ros2_ws/install/fractional_consensus_alpha/lib/python3.12/site-packages:/home/mikks/crazyflie_mapping_demo/ros2_ws/install/event_triggered_swarm/lib/python3.12/site-packages:/home/mikks/crazyflie_mapping_demo/ros2_ws/install/drone_logger/lib/python3.12/site-packages:/home/mikks/crazyflie_mapping_demo/ros2_ws/install/distributed_average_tracking/lib/python3.12/site-packages:/home/mikks/crazyflie_mapping_demo/ros2_ws/install/crazyflie_swarm_logic/lib/python3.12/site-packages:/home/mikks/crazyflie_mapping_demo/ros2_ws/install/crazyflie_sim/lib/python3.12/site-packages:/home/mikks/crazyflie_mapping_demo/ros2_ws/install/crazyflie_ros2_multiranger_wall_following/lib/python3.12/site-packages:/home/mikks/crazyflie_mapping_demo/ros2_ws/install/crazyflie_ros2_multiranger_simple_mapper/lib/python3.12/site-packages:/home/mikks/crazyflie_mapping_demo/ros2_ws/install/crazyflie_examples/lib/python3.12/site-packages:/home/mikks/crazyflie_mapping_demo/ros2_ws/install/crazyflie_py/lib/python3.12/site-packages:/home/mikks/crazyflie_mapping_demo/ros2_ws/install/crazyflie_interfaces/lib/python3.12/site-packages:/home/mikks/crazyflie_mapping_demo/ros2_ws/install/cooperative_target_centric_formation/lib/python3.12/site-packages:/home/mikks/crazyflie_mapping_demo/ros2_ws/install/containment_using_agent_information/lib/python3.12/site-packages:/home/mikks/crazyflie_mapping_demo/ros2_ws/install/consensus_for_double_integrator/lib/python3.12/site-packages:/home/mikks/crazyflie_mapping_demo/ros2_ws/install/consensus_alignment/lib/python3.12/site-packages:/home/mikks/crazyflie_mapping_demo/ros2_ws/install/binary_consensus/lib/python3.12/site-packages:/home/mikks/crazyflie_mapping_demo/ros2_ws/install/Second_Order_Min_Consensus_for_Heterogeneous_Agents/lib/python3.12/site-packages:/home/mikks/crazyflie_mapping_demo/ros2_ws/install/BinaryContainmentChain/lib/python3.12/site-packages:/opt/ros/jazzy/lib/python3.12/site-packages /usr/bin/cmake --install /home/mikks/ros2_px4_ws/build/example_mode_fw_attitude_cpp
[4.758s] Level 1:colcon.colcon_core.environment:checking '/home/mikks/ros2_px4_ws/install/example_mode_fw_attitude_cpp' for CMake config files
[4.758s] Level 1:colcon.colcon_core.shell:create_environment_hook('example_mode_fw_attitude_cpp', 'cmake_prefix_path')
[4.759s] INFO:colcon.colcon_core.shell:Creating environment hook '/home/mikks/ros2_px4_ws/install/example_mode_fw_attitude_cpp/share/example_mode_fw_attitude_cpp/hook/cmake_prefix_path.ps1'
[4.759s] INFO:colcon.colcon_core.shell:Creating environment descriptor '/home/mikks/ros2_px4_ws/install/example_mode_fw_attitude_cpp/share/example_mode_fw_attitude_cpp/hook/cmake_prefix_path.dsv'
[4.760s] INFO:colcon.colcon_core.shell:Creating environment hook '/home/mikks/ros2_px4_ws/install/example_mode_fw_attitude_cpp/share/example_mode_fw_attitude_cpp/hook/cmake_prefix_path.sh'
[4.760s] Level 1:colcon.colcon_core.environment:checking '/home/mikks/ros2_px4_ws/install/example_mode_fw_attitude_cpp/lib'
[4.760s] Level 1:colcon.colcon_core.environment:checking '/home/mikks/ros2_px4_ws/install/example_mode_fw_attitude_cpp/bin'
[4.760s] Level 1:colcon.colcon_core.environment:checking '/home/mikks/ros2_px4_ws/install/example_mode_fw_attitude_cpp/lib/pkgconfig/example_mode_fw_attitude_cpp.pc'
[4.761s] Level 1:colcon.colcon_core.environment:checking '/home/mikks/ros2_px4_ws/install/example_mode_fw_attitude_cpp/lib/python3.12/site-packages'
[4.761s] Level 1:colcon.colcon_core.environment:checking '/home/mikks/ros2_px4_ws/install/example_mode_fw_attitude_cpp/bin'
[4.761s] INFO:colcon.colcon_core.shell:Creating package script '/home/mikks/ros2_px4_ws/install/example_mode_fw_attitude_cpp/share/example_mode_fw_attitude_cpp/package.ps1'
[4.762s] INFO:colcon.colcon_core.shell:Creating package descriptor '/home/mikks/ros2_px4_ws/install/example_mode_fw_attitude_cpp/share/example_mode_fw_attitude_cpp/package.dsv'
[4.762s] INFO:colcon.colcon_core.shell:Creating package script '/home/mikks/ros2_px4_ws/install/example_mode_fw_attitude_cpp/share/example_mode_fw_attitude_cpp/package.sh'
[4.763s] INFO:colcon.colcon_core.shell:Creating package script '/home/mikks/ros2_px4_ws/install/example_mode_fw_attitude_cpp/share/example_mode_fw_attitude_cpp/package.bash'
[4.763s] INFO:colcon.colcon_core.shell:Creating package script '/home/mikks/ros2_px4_ws/install/example_mode_fw_attitude_cpp/share/example_mode_fw_attitude_cpp/package.zsh'
[4.763s] Level 1:colcon.colcon_core.environment:create_file_with_runtime_dependencies(/home/mikks/ros2_px4_ws/install/example_mode_fw_attitude_cpp/share/colcon-core/packages/example_mode_fw_attitude_cpp)
[4.764s] Level 1:colcon.colcon_core.environment:create_environment_scripts_only(example_mode_fw_attitude_cpp)
[4.764s] Level 1:colcon.colcon_core.environment:checking '/home/mikks/ros2_px4_ws/install/example_mode_fw_attitude_cpp' for CMake module files
[4.765s] Level 1:colcon.colcon_core.environment:checking '/home/mikks/ros2_px4_ws/install/example_mode_fw_attitude_cpp' for CMake config files
[4.765s] Level 1:colcon.colcon_core.shell:create_environment_hook('example_mode_fw_attitude_cpp', 'cmake_prefix_path')
[4.765s] INFO:colcon.colcon_core.shell:Creating environment hook '/home/mikks/ros2_px4_ws/install/example_mode_fw_attitude_cpp/share/example_mode_fw_attitude_cpp/hook/cmake_prefix_path.ps1'
[4.766s] INFO:colcon.colcon_core.shell:Creating environment descriptor '/home/mikks/ros2_px4_ws/install/example_mode_fw_attitude_cpp/share/example_mode_fw_attitude_cpp/hook/cmake_prefix_path.dsv'
[4.766s] INFO:colcon.colcon_core.shell:Creating environment hook '/home/mikks/ros2_px4_ws/install/example_mode_fw_attitude_cpp/share/example_mode_fw_attitude_cpp/hook/cmake_prefix_path.sh'
[4.766s] Level 1:colcon.colcon_core.environment:checking '/home/mikks/ros2_px4_ws/install/example_mode_fw_attitude_cpp/lib'
[4.767s] Level 1:colcon.colcon_core.environment:checking '/home/mikks/ros2_px4_ws/install/example_mode_fw_attitude_cpp/bin'
[4.767s] Level 1:colcon.colcon_core.environment:checking '/home/mikks/ros2_px4_ws/install/example_mode_fw_attitude_cpp/lib/pkgconfig/example_mode_fw_attitude_cpp.pc'
[4.767s] Level 1:colcon.colcon_core.environment:checking '/home/mikks/ros2_px4_ws/install/example_mode_fw_attitude_cpp/lib/python3.12/site-packages'
[4.767s] Level 1:colcon.colcon_core.environment:checking '/home/mikks/ros2_px4_ws/install/example_mode_fw_attitude_cpp/bin'
[4.767s] INFO:colcon.colcon_core.shell:Creating package script '/home/mikks/ros2_px4_ws/install/example_mode_fw_attitude_cpp/share/example_mode_fw_attitude_cpp/package.ps1'
[4.768s] INFO:colcon.colcon_core.shell:Creating package descriptor '/home/mikks/ros2_px4_ws/install/example_mode_fw_attitude_cpp/share/example_mode_fw_attitude_cpp/package.dsv'
[4.768s] INFO:colcon.colcon_core.shell:Creating package script '/home/mikks/ros2_px4_ws/install/example_mode_fw_attitude_cpp/share/example_mode_fw_attitude_cpp/package.sh'
[4.768s] INFO:colcon.colcon_core.shell:Creating package script '/home/mikks/ros2_px4_ws/install/example_mode_fw_attitude_cpp/share/example_mode_fw_attitude_cpp/package.bash'
[4.769s] INFO:colcon.colcon_core.shell:Creating package script '/home/mikks/ros2_px4_ws/install/example_mode_fw_attitude_cpp/share/example_mode_fw_attitude_cpp/package.zsh'
[4.769s] Level 1:colcon.colcon_core.environment:create_file_with_runtime_dependencies(/home/mikks/ros2_px4_ws/install/example_mode_fw_attitude_cpp/share/colcon-core/packages/example_mode_fw_attitude_cpp)
[4.773s] INFO:colcon.colcon_ros.task.ament_cmake.build:Building ROS package in '/home/mikks/ros2_px4_ws/src/px4-ros2-interface-lib/examples/cpp/modes/vtol' with build type 'ament_cmake'
[4.773s] INFO:colcon.colcon_cmake.task.cmake.build:Building CMake package in '/home/mikks/ros2_px4_ws/src/px4-ros2-interface-lib/examples/cpp/modes/vtol'
[4.773s] INFO:colcon.colcon_core.shell:Skip shell extension 'powershell' for command environment: Not usable outside of PowerShell
[4.773s] DEBUG:colcon.colcon_core.shell:Skip shell extension 'dsv' for command environment
[4.785s] DEBUG:colcon.colcon_core.event_handler.log_command:Invoked command in '/home/mikks/ros2_px4_ws/build/example_mode_mission_cpp' returned '0': CMAKE_PREFIX_PATH=/home/mikks/ros2_px4_ws/install/px4_ros2_cpp:/home/mikks/ros2_px4_ws/install/px4_msgs:/home/mikks/ros2_px4_ws/install/px4_ros_com:/home/mikks/ros2_px4_ws/install/px4_ros2_py:/home/mikks/ros2_px4_ws/install/example_rover_velocity_mode_cpp:/home/mikks/ros2_px4_ws/install/example_mode_with_executor_cpp:/home/mikks/ros2_px4_ws/install/example_mode_vtol_cpp:/home/mikks/ros2_px4_ws/install/example_mode_rtl_replacement_cpp:/home/mikks/ros2_px4_ws/install/example_mode_mission_cpp:/home/mikks/ros2_px4_ws/install/example_mode_manual_cpp:/home/mikks/ros2_px4_ws/install/example_mode_goto_global_cpp:/home/mikks/ros2_px4_ws/install/example_mode_goto_cpp:/home/mikks/ros2_px4_ws/install/example_mode_fw_attitude_cpp:/home/mikks/ros2_px4_ws/install/example_local_navigation_cpp:/home/mikks/ros2_px4_ws/install/example_global_navigation_cpp:/home/mikks/ros2_px4_ws/install/example_executor_with_multiple_modes_cpp:/home/mikks/crazyflie_mapping_demo/ros2_ws/install/crazyflie_ros2_multiranger_bringup:/home/mikks/crazyflie_mapping_demo/ros2_ws/install/ros_gz_crazyflie_bringup:/home/mikks/crazyflie_mapping_demo/ros2_ws/install/ros_gz_crazyflie_gazebo:/home/mikks/crazyflie_mapping_demo/ros2_ws/install/crazyflie_sim:/home/mikks/crazyflie_mapping_demo/ros2_ws/install/crazyflie_examples:/home/mikks/crazyflie_mapping_demo/ros2_ws/install/crazyflie:/home/mikks/crazyflie_mapping_demo/ros2_ws/install/crazyflie_interfaces:/opt/ros/jazzy/opt/gz_sim_vendor:/opt/ros/jazzy/opt/gz_sensors_vendor:/opt/ros/jazzy/opt/gz_physics_vendor:/opt/ros/jazzy/opt/sdformat_vendor:/opt/ros/jazzy/opt/gz_gui_vendor:/opt/ros/jazzy/opt/gz_transport_vendor:/opt/ros/jazzy/opt/gz_rendering_vendor:/opt/ros/jazzy/opt/gz_plugin_vendor:/opt/ros/jazzy/opt/gz_fuel_tools_vendor:/opt/ros/jazzy/opt/gz_msgs_vendor:/opt/ros/jazzy/opt/gz_common_vendor:/opt/ros/jazzy/opt/gz_math_vendor:/opt/ros/jazzy/opt/gz_utils_vendor:/opt/ros/jazzy/opt/gz_tools_vendor:/opt/ros/jazzy/opt/gz_ogre_next_vendor:/opt/ros/jazzy/opt/gz_dartsim_vendor:/opt/ros/jazzy/opt/gz_cmake_vendor:/home/mikks/ros2_px4_ws/install/x500_hover_controller:/home/mikks/ros2_px4_ws/install/example_mode_with_rclpy_py:/home/mikks/ros2_px4_ws/install/example_mode_goto_py:/home/mikks/ros2_px4_ws/install/px4_actuator_ctrl:/home/mikks/ros2_ws/install/rover_desc_description:/home/mikks/ros2_ws/install/px4_actuator_ctrl:/home/mikks/ros2_ws/install/mine_rover_description:/home/mikks/ros2_ws/install/ZerionURDFV5cp_description:/home/mikks/crazyflie_mapping_demo/ros2_ws/install/velocity_free_consensus:/home/mikks/crazyflie_mapping_demo/ros2_ws/install/stepwise_lowpos:/home/mikks/crazyflie_mapping_demo/ros2_ws/install/step_wise_lowpos:/home/mikks/crazyflie_mapping_demo/ros2_ws/install/second_order_formation_control:/home/mikks/crazyflie_mapping_demo/ros2_ws/install/ros_gz_crazyflie_control:/home/mikks/crazyflie_mapping_demo/ros2_ws/install/mixed_fractional_consensus:/home/mikks/crazyflie_mapping_demo/ros2_ws/install/lowest_pos:/home/mikks/crazyflie_mapping_demo/ros2_ws/install/linear_consensus:/home/mikks/crazyflie_mapping_demo/ros2_ws/install/highest_pos:/home/mikks/crazyflie_mapping_demo/ros2_ws/install/fractional_consensus_alpha:/home/mikks/crazyflie_mapping_demo/ros2_ws/install/event_triggered_swarm:/home/mikks/crazyflie_mapping_demo/ros2_ws/install/drone_logger:/home/mikks/crazyflie_mapping_demo/ros2_ws/install/distributed_average_tracking:/home/mikks/crazyflie_mapping_demo/ros2_ws/install/crazyflie_swarm_logic:/home/mikks/crazyflie_mapping_demo/ros2_ws/install/crazyflie_ros2_multiranger_wall_following:/home/mikks/crazyflie_mapping_demo/ros2_ws/install/crazyflie_ros2_multiranger_simple_mapper:/home/mikks/crazyflie_mapping_demo/ros2_ws/install/crazyflie_py:/home/mikks/crazyflie_mapping_demo/ros2_ws/install/cooperative_target_centric_formation:/home/mikks/crazyflie_mapping_demo/ros2_ws/install/containment_using_agent_information:/home/mikks/crazyflie_mapping_demo/ros2_ws/install/consensus_for_double_integrator:/home/mikks/crazyflie_mapping_demo/ros2_ws/install/consensus_alignment:/home/mikks/crazyflie_mapping_demo/ros2_ws/install/binary_consensus:/home/mikks/crazyflie_mapping_demo/ros2_ws/install/Second_Order_Min_Consensus_for_Heterogeneous_Agents:/home/mikks/crazyflie_mapping_demo/ros2_ws/install/BinaryContainmentChain:/opt/ros/jazzy DEBUGINFOD_URLS=https://debuginfod.ubuntu.com LD_LIBRARY_PATH=/home/mikks/ros2_px4_ws/install/px4_ros2_cpp/lib:/home/mikks/ros2_px4_ws/install/px4_msgs/lib:/home/mikks/ros2_px4_ws/install/px4_ros_com/lib:/home/mikks/NatNet_SDK_4.3_ubuntu/lib:/home/mikks/crazyflie_mapping_demo/ros2_ws/install/crazyflie_interfaces/lib:/opt/ros/jazzy/opt/gz_sim_vendor/lib:/opt/ros/jazzy/opt/gz_sensors_vendor/lib:/opt/ros/jazzy/opt/gz_physics_vendor/lib:/opt/ros/jazzy/opt/sdformat_vendor/lib:/opt/ros/jazzy/opt/rviz_ogre_vendor/lib:/opt/ros/jazzy/lib/x86_64-linux-gnu:/opt/ros/jazzy/opt/gz_gui_vendor/lib:/opt/ros/jazzy/opt/gz_transport_vendor/lib:/opt/ros/jazzy/opt/gz_rendering_vendor/lib:/opt/ros/jazzy/opt/gz_plugin_vendor/lib:/opt/ros/jazzy/opt/gz_fuel_tools_vendor/lib:/opt/ros/jazzy/opt/gz_msgs_vendor/lib:/opt/ros/jazzy/opt/gz_common_vendor/lib:/opt/ros/jazzy/opt/gz_math_vendor/lib:/opt/ros/jazzy/opt/gz_utils_vendor/lib:/opt/ros/jazzy/opt/gz_tools_vendor/lib:/opt/ros/jazzy/opt/gz_ogre_next_vendor/lib:/opt/ros/jazzy/opt/gz_dartsim_vendor/lib:/opt/ros/jazzy/opt/gz_cmake_vendor/lib:/opt/ros/jazzy/lib PYTHONPATH=/home/mikks/ros2_px4_ws/install/px4_msgs/lib/python3.12/site-packages:/home/mikks/ros2_px4_ws/build/x500_hover_controller:/home/mikks/ros2_px4_ws/install/x500_hover_controller/lib/python3.12/site-packages:/home/mikks/ros2_px4_ws/install/px4_ros_com/lib/python3.12/site-packages:/home/mikks/ros2_px4_ws/build/example_mode_with_rclpy_py:/home/mikks/ros2_px4_ws/install/example_mode_with_rclpy_py/lib/python3.12/site-packages:/home/mikks/ros2_px4_ws/build/example_mode_goto_py:/home/mikks/ros2_px4_ws/install/example_mode_goto_py/lib/python3.12/site-packages:/home/mikks/ros2_px4_ws/install/px4_ros2_py/lib/python3.12/site-packages:/home/mikks/ros2_px4_ws/build/px4_actuator_ctrl:/home/mikks/ros2_px4_ws/install/px4_actuator_ctrl/lib/python3.12/site-packages:/home/mikks/ros2_ws/build/rover_desc_description:/home/mikks/ros2_ws/install/rover_desc_description/lib/python3.12/site-packages:/home/mikks/ros2_ws/install/px4_actuator_ctrl/lib/python3.12/site-packages:/home/mikks/ros2_ws/build/mine_rover_description:/home/mikks/ros2_ws/install/mine_rover_description/lib/python3.12/site-packages:/home/mikks/ros2_ws/build/ZerionURDFV5cp_description:/home/mikks/ros2_ws/install/ZerionURDFV5cp_description/lib/python3.12/site-packages:/home/mikks/crazyflie_mapping_demo/ros2_ws/install/velocity_free_consensus/lib/python3.12/site-packages:/home/mikks/crazyflie_mapping_demo/ros2_ws/install/stepwise_lowpos/lib/python3.12/site-packages:/home/mikks/crazyflie_mapping_demo/ros2_ws/install/step_wise_lowpos/lib/python3.12/site-packages:/home/mikks/crazyflie_mapping_demo/ros2_ws/install/second_order_formation_control/lib/python3.12/site-packages:/home/mikks/crazyflie_mapping_demo/ros2_ws/install/ros_gz_crazyflie_control/lib/python3.12/site-packages:/home/mikks/crazyflie_mapping_demo/ros2_ws/install/mixed_fractional_consensus/lib/python3.12/site-packages:/home/mikks/crazyflie_mapping_demo/ros2_ws/install/lowest_pos/lib/python3.12/site-packages:/home/mikks/crazyflie_mapping_demo/ros2_ws/install/linear_consensus/lib/python3.12/site-packages:/home/mikks/crazyflie_mapping_demo/ros2_ws/install/highest_pos/lib/python3.12/site-packages:/home/mikks/crazyflie_mapping_demo/ros2_ws/install/fractional_consensus_alpha/lib/python3.12/site-packages:/home/mikks/crazyflie_mapping_demo/ros2_ws/install/event_triggered_swarm/lib/python3.12/site-packages:/home/mikks/crazyflie_mapping_demo/ros2_ws/install/drone_logger/lib/python3.12/site-packages:/home/mikks/crazyflie_mapping_demo/ros2_ws/install/distributed_average_tracking/lib/python3.12/site-packages:/home/mikks/crazyflie_mapping_demo/ros2_ws/install/crazyflie_swarm_logic/lib/python3.12/site-packages:/home/mikks/crazyflie_mapping_demo/ros2_ws/install/crazyflie_sim/lib/python3.12/site-packages:/home/mikks/crazyflie_mapping_demo/ros2_ws/install/crazyflie_ros2_multiranger_wall_following/lib/python3.12/site-packages:/home/mikks/crazyflie_mapping_demo/ros2_ws/install/crazyflie_ros2_multiranger_simple_mapper/lib/python3.12/site-packages:/home/mikks/crazyflie_mapping_demo/ros2_ws/install/crazyflie_examples/lib/python3.12/site-packages:/home/mikks/crazyflie_mapping_demo/ros2_ws/install/crazyflie_py/lib/python3.12/site-packages:/home/mikks/crazyflie_mapping_demo/ros2_ws/install/crazyflie_interfaces/lib/python3.12/site-packages:/home/mikks/crazyflie_mapping_demo/ros2_ws/install/cooperative_target_centric_formation/lib/python3.12/site-packages:/home/mikks/crazyflie_mapping_demo/ros2_ws/install/containment_using_agent_information/lib/python3.12/site-packages:/home/mikks/crazyflie_mapping_demo/ros2_ws/install/consensus_for_double_integrator/lib/python3.12/site-packages:/home/mikks/crazyflie_mapping_demo/ros2_ws/install/consensus_alignment/lib/python3.12/site-packages:/home/mikks/crazyflie_mapping_demo/ros2_ws/install/binary_consensus/lib/python3.12/site-packages:/home/mikks/crazyflie_mapping_demo/ros2_ws/install/Second_Order_Min_Consensus_for_Heterogeneous_Agents/lib/python3.12/site-packages:/home/mikks/crazyflie_mapping_demo/ros2_ws/install/BinaryContainmentChain/lib/python3.12/site-packages:/opt/ros/jazzy/lib/python3.12/site-packages /usr/bin/cmake --build /home/mikks/ros2_px4_ws/build/example_mode_mission_cpp -- -j12 -l12
[4.786s] DEBUG:colcon.colcon_core.event_handler.log_command:Invoking command in '/home/mikks/ros2_px4_ws/build/example_mode_mission_cpp': CMAKE_PREFIX_PATH=/home/mikks/ros2_px4_ws/install/px4_ros2_cpp:/home/mikks/ros2_px4_ws/install/px4_msgs:/home/mikks/ros2_px4_ws/install/px4_ros_com:/home/mikks/ros2_px4_ws/install/px4_ros2_py:/home/mikks/ros2_px4_ws/install/example_rover_velocity_mode_cpp:/home/mikks/ros2_px4_ws/install/example_mode_with_executor_cpp:/home/mikks/ros2_px4_ws/install/example_mode_vtol_cpp:/home/mikks/ros2_px4_ws/install/example_mode_rtl_replacement_cpp:/home/mikks/ros2_px4_ws/install/example_mode_mission_cpp:/home/mikks/ros2_px4_ws/install/example_mode_manual_cpp:/home/mikks/ros2_px4_ws/install/example_mode_goto_global_cpp:/home/mikks/ros2_px4_ws/install/example_mode_goto_cpp:/home/mikks/ros2_px4_ws/install/example_mode_fw_attitude_cpp:/home/mikks/ros2_px4_ws/install/example_local_navigation_cpp:/home/mikks/ros2_px4_ws/install/example_global_navigation_cpp:/home/mikks/ros2_px4_ws/install/example_executor_with_multiple_modes_cpp:/home/mikks/crazyflie_mapping_demo/ros2_ws/install/crazyflie_ros2_multiranger_bringup:/home/mikks/crazyflie_mapping_demo/ros2_ws/install/ros_gz_crazyflie_bringup:/home/mikks/crazyflie_mapping_demo/ros2_ws/install/ros_gz_crazyflie_gazebo:/home/mikks/crazyflie_mapping_demo/ros2_ws/install/crazyflie_sim:/home/mikks/crazyflie_mapping_demo/ros2_ws/install/crazyflie_examples:/home/mikks/crazyflie_mapping_demo/ros2_ws/install/crazyflie:/home/mikks/crazyflie_mapping_demo/ros2_ws/install/crazyflie_interfaces:/opt/ros/jazzy/opt/gz_sim_vendor:/opt/ros/jazzy/opt/gz_sensors_vendor:/opt/ros/jazzy/opt/gz_physics_vendor:/opt/ros/jazzy/opt/sdformat_vendor:/opt/ros/jazzy/opt/gz_gui_vendor:/opt/ros/jazzy/opt/gz_transport_vendor:/opt/ros/jazzy/opt/gz_rendering_vendor:/opt/ros/jazzy/opt/gz_plugin_vendor:/opt/ros/jazzy/opt/gz_fuel_tools_vendor:/opt/ros/jazzy/opt/gz_msgs_vendor:/opt/ros/jazzy/opt/gz_common_vendor:/opt/ros/jazzy/opt/gz_math_vendor:/opt/ros/jazzy/opt/gz_utils_vendor:/opt/ros/jazzy/opt/gz_tools_vendor:/opt/ros/jazzy/opt/gz_ogre_next_vendor:/opt/ros/jazzy/opt/gz_dartsim_vendor:/opt/ros/jazzy/opt/gz_cmake_vendor:/home/mikks/ros2_px4_ws/install/x500_hover_controller:/home/mikks/ros2_px4_ws/install/example_mode_with_rclpy_py:/home/mikks/ros2_px4_ws/install/example_mode_goto_py:/home/mikks/ros2_px4_ws/install/px4_actuator_ctrl:/home/mikks/ros2_ws/install/rover_desc_description:/home/mikks/ros2_ws/install/px4_actuator_ctrl:/home/mikks/ros2_ws/install/mine_rover_description:/home/mikks/ros2_ws/install/ZerionURDFV5cp_description:/home/mikks/crazyflie_mapping_demo/ros2_ws/install/velocity_free_consensus:/home/mikks/crazyflie_mapping_demo/ros2_ws/install/stepwise_lowpos:/home/mikks/crazyflie_mapping_demo/ros2_ws/install/step_wise_lowpos:/home/mikks/crazyflie_mapping_demo/ros2_ws/install/second_order_formation_control:/home/mikks/crazyflie_mapping_demo/ros2_ws/install/ros_gz_crazyflie_control:/home/mikks/crazyflie_mapping_demo/ros2_ws/install/mixed_fractional_consensus:/home/mikks/crazyflie_mapping_demo/ros2_ws/install/lowest_pos:/home/mikks/crazyflie_mapping_demo/ros2_ws/install/linear_consensus:/home/mikks/crazyflie_mapping_demo/ros2_ws/install/highest_pos:/home/mikks/crazyflie_mapping_demo/ros2_ws/install/fractional_consensus_alpha:/home/mikks/crazyflie_mapping_demo/ros2_ws/install/event_triggered_swarm:/home/mikks/crazyflie_mapping_demo/ros2_ws/install/drone_logger:/home/mikks/crazyflie_mapping_demo/ros2_ws/install/distributed_average_tracking:/home/mikks/crazyflie_mapping_demo/ros2_ws/install/crazyflie_swarm_logic:/home/mikks/crazyflie_mapping_demo/ros2_ws/install/crazyflie_ros2_multiranger_wall_following:/home/mikks/crazyflie_mapping_demo/ros2_ws/install/crazyflie_ros2_multiranger_simple_mapper:/home/mikks/crazyflie_mapping_demo/ros2_ws/install/crazyflie_py:/home/mikks/crazyflie_mapping_demo/ros2_ws/install/cooperative_target_centric_formation:/home/mikks/crazyflie_mapping_demo/ros2_ws/install/containment_using_agent_information:/home/mikks/crazyflie_mapping_demo/ros2_ws/install/consensus_for_double_integrator:/home/mikks/crazyflie_mapping_demo/ros2_ws/install/consensus_alignment:/home/mikks/crazyflie_mapping_demo/ros2_ws/install/binary_consensus:/home/mikks/crazyflie_mapping_demo/ros2_ws/install/Second_Order_Min_Consensus_for_Heterogeneous_Agents:/home/mikks/crazyflie_mapping_demo/ros2_ws/install/BinaryContainmentChain:/opt/ros/jazzy DEBUGINFOD_URLS=https://debuginfod.ubuntu.com LD_LIBRARY_PATH=/home/mikks/ros2_px4_ws/install/px4_ros2_cpp/lib:/home/mikks/ros2_px4_ws/install/px4_msgs/lib:/home/mikks/ros2_px4_ws/install/px4_ros_com/lib:/home/mikks/NatNet_SDK_4.3_ubuntu/lib:/home/mikks/crazyflie_mapping_demo/ros2_ws/install/crazyflie_interfaces/lib:/opt/ros/jazzy/opt/gz_sim_vendor/lib:/opt/ros/jazzy/opt/gz_sensors_vendor/lib:/opt/ros/jazzy/opt/gz_physics_vendor/lib:/opt/ros/jazzy/opt/sdformat_vendor/lib:/opt/ros/jazzy/opt/rviz_ogre_vendor/lib:/opt/ros/jazzy/lib/x86_64-linux-gnu:/opt/ros/jazzy/opt/gz_gui_vendor/lib:/opt/ros/jazzy/opt/gz_transport_vendor/lib:/opt/ros/jazzy/opt/gz_rendering_vendor/lib:/opt/ros/jazzy/opt/gz_plugin_vendor/lib:/opt/ros/jazzy/opt/gz_fuel_tools_vendor/lib:/opt/ros/jazzy/opt/gz_msgs_vendor/lib:/opt/ros/jazzy/opt/gz_common_vendor/lib:/opt/ros/jazzy/opt/gz_math_vendor/lib:/opt/ros/jazzy/opt/gz_utils_vendor/lib:/opt/ros/jazzy/opt/gz_tools_vendor/lib:/opt/ros/jazzy/opt/gz_ogre_next_vendor/lib:/opt/ros/jazzy/opt/gz_dartsim_vendor/lib:/opt/ros/jazzy/opt/gz_cmake_vendor/lib:/opt/ros/jazzy/lib PYTHONPATH=/home/mikks/ros2_px4_ws/install/px4_msgs/lib/python3.12/site-packages:/home/mikks/ros2_px4_ws/build/x500_hover_controller:/home/mikks/ros2_px4_ws/install/x500_hover_controller/lib/python3.12/site-packages:/home/mikks/ros2_px4_ws/install/px4_ros_com/lib/python3.12/site-packages:/home/mikks/ros2_px4_ws/build/example_mode_with_rclpy_py:/home/mikks/ros2_px4_ws/install/example_mode_with_rclpy_py/lib/python3.12/site-packages:/home/mikks/ros2_px4_ws/build/example_mode_goto_py:/home/mikks/ros2_px4_ws/install/example_mode_goto_py/lib/python3.12/site-packages:/home/mikks/ros2_px4_ws/install/px4_ros2_py/lib/python3.12/site-packages:/home/mikks/ros2_px4_ws/build/px4_actuator_ctrl:/home/mikks/ros2_px4_ws/install/px4_actuator_ctrl/lib/python3.12/site-packages:/home/mikks/ros2_ws/build/rover_desc_description:/home/mikks/ros2_ws/install/rover_desc_description/lib/python3.12/site-packages:/home/mikks/ros2_ws/install/px4_actuator_ctrl/lib/python3.12/site-packages:/home/mikks/ros2_ws/build/mine_rover_description:/home/mikks/ros2_ws/install/mine_rover_description/lib/python3.12/site-packages:/home/mikks/ros2_ws/build/ZerionURDFV5cp_description:/home/mikks/ros2_ws/install/ZerionURDFV5cp_description/lib/python3.12/site-packages:/home/mikks/crazyflie_mapping_demo/ros2_ws/install/velocity_free_consensus/lib/python3.12/site-packages:/home/mikks/crazyflie_mapping_demo/ros2_ws/install/stepwise_lowpos/lib/python3.12/site-packages:/home/mikks/crazyflie_mapping_demo/ros2_ws/install/step_wise_lowpos/lib/python3.12/site-packages:/home/mikks/crazyflie_mapping_demo/ros2_ws/install/second_order_formation_control/lib/python3.12/site-packages:/home/mikks/crazyflie_mapping_demo/ros2_ws/install/ros_gz_crazyflie_control/lib/python3.12/site-packages:/home/mikks/crazyflie_mapping_demo/ros2_ws/install/mixed_fractional_consensus/lib/python3.12/site-packages:/home/mikks/crazyflie_mapping_demo/ros2_ws/install/lowest_pos/lib/python3.12/site-packages:/home/mikks/crazyflie_mapping_demo/ros2_ws/install/linear_consensus/lib/python3.12/site-packages:/home/mikks/crazyflie_mapping_demo/ros2_ws/install/highest_pos/lib/python3.12/site-packages:/home/mikks/crazyflie_mapping_demo/ros2_ws/install/fractional_consensus_alpha/lib/python3.12/site-packages:/home/mikks/crazyflie_mapping_demo/ros2_ws/install/event_triggered_swarm/lib/python3.12/site-packages:/home/mikks/crazyflie_mapping_demo/ros2_ws/install/drone_logger/lib/python3.12/site-packages:/home/mikks/crazyflie_mapping_demo/ros2_ws/install/distributed_average_tracking/lib/python3.12/site-packages:/home/mikks/crazyflie_mapping_demo/ros2_ws/install/crazyflie_swarm_logic/lib/python3.12/site-packages:/home/mikks/crazyflie_mapping_demo/ros2_ws/install/crazyflie_sim/lib/python3.12/site-packages:/home/mikks/crazyflie_mapping_demo/ros2_ws/install/crazyflie_ros2_multiranger_wall_following/lib/python3.12/site-packages:/home/mikks/crazyflie_mapping_demo/ros2_ws/install/crazyflie_ros2_multiranger_simple_mapper/lib/python3.12/site-packages:/home/mikks/crazyflie_mapping_demo/ros2_ws/install/crazyflie_examples/lib/python3.12/site-packages:/home/mikks/crazyflie_mapping_demo/ros2_ws/install/crazyflie_py/lib/python3.12/site-packages:/home/mikks/crazyflie_mapping_demo/ros2_ws/install/crazyflie_interfaces/lib/python3.12/site-packages:/home/mikks/crazyflie_mapping_demo/ros2_ws/install/cooperative_target_centric_formation/lib/python3.12/site-packages:/home/mikks/crazyflie_mapping_demo/ros2_ws/install/containment_using_agent_information/lib/python3.12/site-packages:/home/mikks/crazyflie_mapping_demo/ros2_ws/install/consensus_for_double_integrator/lib/python3.12/site-packages:/home/mikks/crazyflie_mapping_demo/ros2_ws/install/consensus_alignment/lib/python3.12/site-packages:/home/mikks/crazyflie_mapping_demo/ros2_ws/install/binary_consensus/lib/python3.12/site-packages:/home/mikks/crazyflie_mapping_demo/ros2_ws/install/Second_Order_Min_Consensus_for_Heterogeneous_Agents/lib/python3.12/site-packages:/home/mikks/crazyflie_mapping_demo/ros2_ws/install/BinaryContainmentChain/lib/python3.12/site-packages:/opt/ros/jazzy/lib/python3.12/site-packages /usr/bin/cmake --install /home/mikks/ros2_px4_ws/build/example_mode_mission_cpp
[4.787s] Level 1:colcon.colcon_core.environment:create_environment_scripts_only(example_mode_goto_cpp)
[4.787s] Level 1:colcon.colcon_core.environment:checking '/home/mikks/ros2_px4_ws/install/example_mode_goto_cpp' for CMake module files
[4.787s] DEBUG:colcon.colcon_core.event_handler.log_command:Invoked command in '/home/mikks/ros2_px4_ws/build/example_mode_goto_cpp' returned '0': CMAKE_PREFIX_PATH=/home/mikks/ros2_px4_ws/install/px4_ros2_cpp:/home/mikks/ros2_px4_ws/install/px4_msgs:/home/mikks/ros2_px4_ws/install/px4_ros_com:/home/mikks/ros2_px4_ws/install/px4_ros2_py:/home/mikks/ros2_px4_ws/install/example_rover_velocity_mode_cpp:/home/mikks/ros2_px4_ws/install/example_mode_with_executor_cpp:/home/mikks/ros2_px4_ws/install/example_mode_vtol_cpp:/home/mikks/ros2_px4_ws/install/example_mode_rtl_replacement_cpp:/home/mikks/ros2_px4_ws/install/example_mode_mission_cpp:/home/mikks/ros2_px4_ws/install/example_mode_manual_cpp:/home/mikks/ros2_px4_ws/install/example_mode_goto_global_cpp:/home/mikks/ros2_px4_ws/install/example_mode_goto_cpp:/home/mikks/ros2_px4_ws/install/example_mode_fw_attitude_cpp:/home/mikks/ros2_px4_ws/install/example_local_navigation_cpp:/home/mikks/ros2_px4_ws/install/example_global_navigation_cpp:/home/mikks/ros2_px4_ws/install/example_executor_with_multiple_modes_cpp:/home/mikks/crazyflie_mapping_demo/ros2_ws/install/crazyflie_ros2_multiranger_bringup:/home/mikks/crazyflie_mapping_demo/ros2_ws/install/ros_gz_crazyflie_bringup:/home/mikks/crazyflie_mapping_demo/ros2_ws/install/ros_gz_crazyflie_gazebo:/home/mikks/crazyflie_mapping_demo/ros2_ws/install/crazyflie_sim:/home/mikks/crazyflie_mapping_demo/ros2_ws/install/crazyflie_examples:/home/mikks/crazyflie_mapping_demo/ros2_ws/install/crazyflie:/home/mikks/crazyflie_mapping_demo/ros2_ws/install/crazyflie_interfaces:/opt/ros/jazzy/opt/gz_sim_vendor:/opt/ros/jazzy/opt/gz_sensors_vendor:/opt/ros/jazzy/opt/gz_physics_vendor:/opt/ros/jazzy/opt/sdformat_vendor:/opt/ros/jazzy/opt/gz_gui_vendor:/opt/ros/jazzy/opt/gz_transport_vendor:/opt/ros/jazzy/opt/gz_rendering_vendor:/opt/ros/jazzy/opt/gz_plugin_vendor:/opt/ros/jazzy/opt/gz_fuel_tools_vendor:/opt/ros/jazzy/opt/gz_msgs_vendor:/opt/ros/jazzy/opt/gz_common_vendor:/opt/ros/jazzy/opt/gz_math_vendor:/opt/ros/jazzy/opt/gz_utils_vendor:/opt/ros/jazzy/opt/gz_tools_vendor:/opt/ros/jazzy/opt/gz_ogre_next_vendor:/opt/ros/jazzy/opt/gz_dartsim_vendor:/opt/ros/jazzy/opt/gz_cmake_vendor:/home/mikks/ros2_px4_ws/install/x500_hover_controller:/home/mikks/ros2_px4_ws/install/example_mode_with_rclpy_py:/home/mikks/ros2_px4_ws/install/example_mode_goto_py:/home/mikks/ros2_px4_ws/install/px4_actuator_ctrl:/home/mikks/ros2_ws/install/rover_desc_description:/home/mikks/ros2_ws/install/px4_actuator_ctrl:/home/mikks/ros2_ws/install/mine_rover_description:/home/mikks/ros2_ws/install/ZerionURDFV5cp_description:/home/mikks/crazyflie_mapping_demo/ros2_ws/install/velocity_free_consensus:/home/mikks/crazyflie_mapping_demo/ros2_ws/install/stepwise_lowpos:/home/mikks/crazyflie_mapping_demo/ros2_ws/install/step_wise_lowpos:/home/mikks/crazyflie_mapping_demo/ros2_ws/install/second_order_formation_control:/home/mikks/crazyflie_mapping_demo/ros2_ws/install/ros_gz_crazyflie_control:/home/mikks/crazyflie_mapping_demo/ros2_ws/install/mixed_fractional_consensus:/home/mikks/crazyflie_mapping_demo/ros2_ws/install/lowest_pos:/home/mikks/crazyflie_mapping_demo/ros2_ws/install/linear_consensus:/home/mikks/crazyflie_mapping_demo/ros2_ws/install/highest_pos:/home/mikks/crazyflie_mapping_demo/ros2_ws/install/fractional_consensus_alpha:/home/mikks/crazyflie_mapping_demo/ros2_ws/install/event_triggered_swarm:/home/mikks/crazyflie_mapping_demo/ros2_ws/install/drone_logger:/home/mikks/crazyflie_mapping_demo/ros2_ws/install/distributed_average_tracking:/home/mikks/crazyflie_mapping_demo/ros2_ws/install/crazyflie_swarm_logic:/home/mikks/crazyflie_mapping_demo/ros2_ws/install/crazyflie_ros2_multiranger_wall_following:/home/mikks/crazyflie_mapping_demo/ros2_ws/install/crazyflie_ros2_multiranger_simple_mapper:/home/mikks/crazyflie_mapping_demo/ros2_ws/install/crazyflie_py:/home/mikks/crazyflie_mapping_demo/ros2_ws/install/cooperative_target_centric_formation:/home/mikks/crazyflie_mapping_demo/ros2_ws/install/containment_using_agent_information:/home/mikks/crazyflie_mapping_demo/ros2_ws/install/consensus_for_double_integrator:/home/mikks/crazyflie_mapping_demo/ros2_ws/install/consensus_alignment:/home/mikks/crazyflie_mapping_demo/ros2_ws/install/binary_consensus:/home/mikks/crazyflie_mapping_demo/ros2_ws/install/Second_Order_Min_Consensus_for_Heterogeneous_Agents:/home/mikks/crazyflie_mapping_demo/ros2_ws/install/BinaryContainmentChain:/opt/ros/jazzy DEBUGINFOD_URLS=https://debuginfod.ubuntu.com LD_LIBRARY_PATH=/home/mikks/ros2_px4_ws/install/px4_ros2_cpp/lib:/home/mikks/ros2_px4_ws/install/px4_msgs/lib:/home/mikks/ros2_px4_ws/install/px4_ros_com/lib:/home/mikks/NatNet_SDK_4.3_ubuntu/lib:/home/mikks/crazyflie_mapping_demo/ros2_ws/install/crazyflie_interfaces/lib:/opt/ros/jazzy/opt/gz_sim_vendor/lib:/opt/ros/jazzy/opt/gz_sensors_vendor/lib:/opt/ros/jazzy/opt/gz_physics_vendor/lib:/opt/ros/jazzy/opt/sdformat_vendor/lib:/opt/ros/jazzy/opt/rviz_ogre_vendor/lib:/opt/ros/jazzy/lib/x86_64-linux-gnu:/opt/ros/jazzy/opt/gz_gui_vendor/lib:/opt/ros/jazzy/opt/gz_transport_vendor/lib:/opt/ros/jazzy/opt/gz_rendering_vendor/lib:/opt/ros/jazzy/opt/gz_plugin_vendor/lib:/opt/ros/jazzy/opt/gz_fuel_tools_vendor/lib:/opt/ros/jazzy/opt/gz_msgs_vendor/lib:/opt/ros/jazzy/opt/gz_common_vendor/lib:/opt/ros/jazzy/opt/gz_math_vendor/lib:/opt/ros/jazzy/opt/gz_utils_vendor/lib:/opt/ros/jazzy/opt/gz_tools_vendor/lib:/opt/ros/jazzy/opt/gz_ogre_next_vendor/lib:/opt/ros/jazzy/opt/gz_dartsim_vendor/lib:/opt/ros/jazzy/opt/gz_cmake_vendor/lib:/opt/ros/jazzy/lib PYTHONPATH=/home/mikks/ros2_px4_ws/install/px4_msgs/lib/python3.12/site-packages:/home/mikks/ros2_px4_ws/build/x500_hover_controller:/home/mikks/ros2_px4_ws/install/x500_hover_controller/lib/python3.12/site-packages:/home/mikks/ros2_px4_ws/install/px4_ros_com/lib/python3.12/site-packages:/home/mikks/ros2_px4_ws/build/example_mode_with_rclpy_py:/home/mikks/ros2_px4_ws/install/example_mode_with_rclpy_py/lib/python3.12/site-packages:/home/mikks/ros2_px4_ws/build/example_mode_goto_py:/home/mikks/ros2_px4_ws/install/example_mode_goto_py/lib/python3.12/site-packages:/home/mikks/ros2_px4_ws/install/px4_ros2_py/lib/python3.12/site-packages:/home/mikks/ros2_px4_ws/build/px4_actuator_ctrl:/home/mikks/ros2_px4_ws/install/px4_actuator_ctrl/lib/python3.12/site-packages:/home/mikks/ros2_ws/build/rover_desc_description:/home/mikks/ros2_ws/install/rover_desc_description/lib/python3.12/site-packages:/home/mikks/ros2_ws/install/px4_actuator_ctrl/lib/python3.12/site-packages:/home/mikks/ros2_ws/build/mine_rover_description:/home/mikks/ros2_ws/install/mine_rover_description/lib/python3.12/site-packages:/home/mikks/ros2_ws/build/ZerionURDFV5cp_description:/home/mikks/ros2_ws/install/ZerionURDFV5cp_description/lib/python3.12/site-packages:/home/mikks/crazyflie_mapping_demo/ros2_ws/install/velocity_free_consensus/lib/python3.12/site-packages:/home/mikks/crazyflie_mapping_demo/ros2_ws/install/stepwise_lowpos/lib/python3.12/site-packages:/home/mikks/crazyflie_mapping_demo/ros2_ws/install/step_wise_lowpos/lib/python3.12/site-packages:/home/mikks/crazyflie_mapping_demo/ros2_ws/install/second_order_formation_control/lib/python3.12/site-packages:/home/mikks/crazyflie_mapping_demo/ros2_ws/install/ros_gz_crazyflie_control/lib/python3.12/site-packages:/home/mikks/crazyflie_mapping_demo/ros2_ws/install/mixed_fractional_consensus/lib/python3.12/site-packages:/home/mikks/crazyflie_mapping_demo/ros2_ws/install/lowest_pos/lib/python3.12/site-packages:/home/mikks/crazyflie_mapping_demo/ros2_ws/install/linear_consensus/lib/python3.12/site-packages:/home/mikks/crazyflie_mapping_demo/ros2_ws/install/highest_pos/lib/python3.12/site-packages:/home/mikks/crazyflie_mapping_demo/ros2_ws/install/fractional_consensus_alpha/lib/python3.12/site-packages:/home/mikks/crazyflie_mapping_demo/ros2_ws/install/event_triggered_swarm/lib/python3.12/site-packages:/home/mikks/crazyflie_mapping_demo/ros2_ws/install/drone_logger/lib/python3.12/site-packages:/home/mikks/crazyflie_mapping_demo/ros2_ws/install/distributed_average_tracking/lib/python3.12/site-packages:/home/mikks/crazyflie_mapping_demo/ros2_ws/install/crazyflie_swarm_logic/lib/python3.12/site-packages:/home/mikks/crazyflie_mapping_demo/ros2_ws/install/crazyflie_sim/lib/python3.12/site-packages:/home/mikks/crazyflie_mapping_demo/ros2_ws/install/crazyflie_ros2_multiranger_wall_following/lib/python3.12/site-packages:/home/mikks/crazyflie_mapping_demo/ros2_ws/install/crazyflie_ros2_multiranger_simple_mapper/lib/python3.12/site-packages:/home/mikks/crazyflie_mapping_demo/ros2_ws/install/crazyflie_examples/lib/python3.12/site-packages:/home/mikks/crazyflie_mapping_demo/ros2_ws/install/crazyflie_py/lib/python3.12/site-packages:/home/mikks/crazyflie_mapping_demo/ros2_ws/install/crazyflie_interfaces/lib/python3.12/site-packages:/home/mikks/crazyflie_mapping_demo/ros2_ws/install/cooperative_target_centric_formation/lib/python3.12/site-packages:/home/mikks/crazyflie_mapping_demo/ros2_ws/install/containment_using_agent_information/lib/python3.12/site-packages:/home/mikks/crazyflie_mapping_demo/ros2_ws/install/consensus_for_double_integrator/lib/python3.12/site-packages:/home/mikks/crazyflie_mapping_demo/ros2_ws/install/consensus_alignment/lib/python3.12/site-packages:/home/mikks/crazyflie_mapping_demo/ros2_ws/install/binary_consensus/lib/python3.12/site-packages:/home/mikks/crazyflie_mapping_demo/ros2_ws/install/Second_Order_Min_Consensus_for_Heterogeneous_Agents/lib/python3.12/site-packages:/home/mikks/crazyflie_mapping_demo/ros2_ws/install/BinaryContainmentChain/lib/python3.12/site-packages:/opt/ros/jazzy/lib/python3.12/site-packages /usr/bin/cmake --install /home/mikks/ros2_px4_ws/build/example_mode_goto_cpp
[4.788s] Level 1:colcon.colcon_core.environment:checking '/home/mikks/ros2_px4_ws/install/example_mode_goto_cpp' for CMake config files
[4.788s] Level 1:colcon.colcon_core.shell:create_environment_hook('example_mode_goto_cpp', 'cmake_prefix_path')
[4.788s] INFO:colcon.colcon_core.shell:Creating environment hook '/home/mikks/ros2_px4_ws/install/example_mode_goto_cpp/share/example_mode_goto_cpp/hook/cmake_prefix_path.ps1'
[4.789s] INFO:colcon.colcon_core.shell:Creating environment descriptor '/home/mikks/ros2_px4_ws/install/example_mode_goto_cpp/share/example_mode_goto_cpp/hook/cmake_prefix_path.dsv'
[4.789s] INFO:colcon.colcon_core.shell:Creating environment hook '/home/mikks/ros2_px4_ws/install/example_mode_goto_cpp/share/example_mode_goto_cpp/hook/cmake_prefix_path.sh'
[4.790s] Level 1:colcon.colcon_core.environment:checking '/home/mikks/ros2_px4_ws/install/example_mode_goto_cpp/lib'
[4.790s] Level 1:colcon.colcon_core.environment:checking '/home/mikks/ros2_px4_ws/install/example_mode_goto_cpp/bin'
[4.790s] Level 1:colcon.colcon_core.environment:checking '/home/mikks/ros2_px4_ws/install/example_mode_goto_cpp/lib/pkgconfig/example_mode_goto_cpp.pc'
[4.790s] Level 1:colcon.colcon_core.environment:checking '/home/mikks/ros2_px4_ws/install/example_mode_goto_cpp/lib/python3.12/site-packages'
[4.790s] Level 1:colcon.colcon_core.environment:checking '/home/mikks/ros2_px4_ws/install/example_mode_goto_cpp/bin'
[4.791s] INFO:colcon.colcon_core.shell:Creating package script '/home/mikks/ros2_px4_ws/install/example_mode_goto_cpp/share/example_mode_goto_cpp/package.ps1'
[4.791s] INFO:colcon.colcon_core.shell:Creating package descriptor '/home/mikks/ros2_px4_ws/install/example_mode_goto_cpp/share/example_mode_goto_cpp/package.dsv'
[4.791s] INFO:colcon.colcon_core.shell:Creating package script '/home/mikks/ros2_px4_ws/install/example_mode_goto_cpp/share/example_mode_goto_cpp/package.sh'
[4.792s] INFO:colcon.colcon_core.shell:Creating package script '/home/mikks/ros2_px4_ws/install/example_mode_goto_cpp/share/example_mode_goto_cpp/package.bash'
[4.792s] INFO:colcon.colcon_core.shell:Creating package script '/home/mikks/ros2_px4_ws/install/example_mode_goto_cpp/share/example_mode_goto_cpp/package.zsh'
[4.792s] Level 1:colcon.colcon_core.environment:create_file_with_runtime_dependencies(/home/mikks/ros2_px4_ws/install/example_mode_goto_cpp/share/colcon-core/packages/example_mode_goto_cpp)
[4.793s] Level 1:colcon.colcon_core.environment:create_environment_scripts_only(example_mode_goto_cpp)
[4.793s] Level 1:colcon.colcon_core.environment:checking '/home/mikks/ros2_px4_ws/install/example_mode_goto_cpp' for CMake module files
[4.793s] Level 1:colcon.colcon_core.environment:checking '/home/mikks/ros2_px4_ws/install/example_mode_goto_cpp' for CMake config files
[4.794s] Level 1:colcon.colcon_core.shell:create_environment_hook('example_mode_goto_cpp', 'cmake_prefix_path')
[4.794s] INFO:colcon.colcon_core.shell:Creating environment hook '/home/mikks/ros2_px4_ws/install/example_mode_goto_cpp/share/example_mode_goto_cpp/hook/cmake_prefix_path.ps1'
[4.794s] INFO:colcon.colcon_core.shell:Creating environment descriptor '/home/mikks/ros2_px4_ws/install/example_mode_goto_cpp/share/example_mode_goto_cpp/hook/cmake_prefix_path.dsv'
[4.795s] INFO:colcon.colcon_core.shell:Creating environment hook '/home/mikks/ros2_px4_ws/install/example_mode_goto_cpp/share/example_mode_goto_cpp/hook/cmake_prefix_path.sh'
[4.795s] Level 1:colcon.colcon_core.environment:checking '/home/mikks/ros2_px4_ws/install/example_mode_goto_cpp/lib'
[4.796s] Level 1:colcon.colcon_core.environment:checking '/home/mikks/ros2_px4_ws/install/example_mode_goto_cpp/bin'
[4.796s] Level 1:colcon.colcon_core.environment:checking '/home/mikks/ros2_px4_ws/install/example_mode_goto_cpp/lib/pkgconfig/example_mode_goto_cpp.pc'
[4.796s] Level 1:colcon.colcon_core.environment:checking '/home/mikks/ros2_px4_ws/install/example_mode_goto_cpp/lib/python3.12/site-packages'
[4.796s] Level 1:colcon.colcon_core.environment:checking '/home/mikks/ros2_px4_ws/install/example_mode_goto_cpp/bin'
[4.796s] INFO:colcon.colcon_core.shell:Creating package script '/home/mikks/ros2_px4_ws/install/example_mode_goto_cpp/share/example_mode_goto_cpp/package.ps1'
[4.797s] INFO:colcon.colcon_core.shell:Creating package descriptor '/home/mikks/ros2_px4_ws/install/example_mode_goto_cpp/share/example_mode_goto_cpp/package.dsv'
[4.797s] INFO:colcon.colcon_core.shell:Creating package script '/home/mikks/ros2_px4_ws/install/example_mode_goto_cpp/share/example_mode_goto_cpp/package.sh'
[4.797s] INFO:colcon.colcon_core.shell:Creating package script '/home/mikks/ros2_px4_ws/install/example_mode_goto_cpp/share/example_mode_goto_cpp/package.bash'
[4.798s] INFO:colcon.colcon_core.shell:Creating package script '/home/mikks/ros2_px4_ws/install/example_mode_goto_cpp/share/example_mode_goto_cpp/package.zsh'
[4.798s] Level 1:colcon.colcon_core.environment:create_file_with_runtime_dependencies(/home/mikks/ros2_px4_ws/install/example_mode_goto_cpp/share/colcon-core/packages/example_mode_goto_cpp)
[4.798s] Level 1:colcon.colcon_core.environment:create_environment_scripts_only(example_executor_with_multiple_modes_cpp)
[4.799s] Level 1:colcon.colcon_core.environment:checking '/home/mikks/ros2_px4_ws/install/example_executor_with_multiple_modes_cpp' for CMake module files
[4.800s] DEBUG:colcon.colcon_core.event_handler.log_command:Invoked command in '/home/mikks/ros2_px4_ws/build/example_executor_with_multiple_modes_cpp' returned '0': CMAKE_PREFIX_PATH=/home/mikks/ros2_px4_ws/install/px4_ros2_cpp:/home/mikks/ros2_px4_ws/install/px4_msgs:/home/mikks/ros2_px4_ws/install/px4_ros_com:/home/mikks/ros2_px4_ws/install/px4_ros2_py:/home/mikks/ros2_px4_ws/install/example_rover_velocity_mode_cpp:/home/mikks/ros2_px4_ws/install/example_mode_with_executor_cpp:/home/mikks/ros2_px4_ws/install/example_mode_vtol_cpp:/home/mikks/ros2_px4_ws/install/example_mode_rtl_replacement_cpp:/home/mikks/ros2_px4_ws/install/example_mode_mission_cpp:/home/mikks/ros2_px4_ws/install/example_mode_manual_cpp:/home/mikks/ros2_px4_ws/install/example_mode_goto_global_cpp:/home/mikks/ros2_px4_ws/install/example_mode_goto_cpp:/home/mikks/ros2_px4_ws/install/example_mode_fw_attitude_cpp:/home/mikks/ros2_px4_ws/install/example_local_navigation_cpp:/home/mikks/ros2_px4_ws/install/example_global_navigation_cpp:/home/mikks/ros2_px4_ws/install/example_executor_with_multiple_modes_cpp:/home/mikks/crazyflie_mapping_demo/ros2_ws/install/crazyflie_ros2_multiranger_bringup:/home/mikks/crazyflie_mapping_demo/ros2_ws/install/ros_gz_crazyflie_bringup:/home/mikks/crazyflie_mapping_demo/ros2_ws/install/ros_gz_crazyflie_gazebo:/home/mikks/crazyflie_mapping_demo/ros2_ws/install/crazyflie_sim:/home/mikks/crazyflie_mapping_demo/ros2_ws/install/crazyflie_examples:/home/mikks/crazyflie_mapping_demo/ros2_ws/install/crazyflie:/home/mikks/crazyflie_mapping_demo/ros2_ws/install/crazyflie_interfaces:/opt/ros/jazzy/opt/gz_sim_vendor:/opt/ros/jazzy/opt/gz_sensors_vendor:/opt/ros/jazzy/opt/gz_physics_vendor:/opt/ros/jazzy/opt/sdformat_vendor:/opt/ros/jazzy/opt/gz_gui_vendor:/opt/ros/jazzy/opt/gz_transport_vendor:/opt/ros/jazzy/opt/gz_rendering_vendor:/opt/ros/jazzy/opt/gz_plugin_vendor:/opt/ros/jazzy/opt/gz_fuel_tools_vendor:/opt/ros/jazzy/opt/gz_msgs_vendor:/opt/ros/jazzy/opt/gz_common_vendor:/opt/ros/jazzy/opt/gz_math_vendor:/opt/ros/jazzy/opt/gz_utils_vendor:/opt/ros/jazzy/opt/gz_tools_vendor:/opt/ros/jazzy/opt/gz_ogre_next_vendor:/opt/ros/jazzy/opt/gz_dartsim_vendor:/opt/ros/jazzy/opt/gz_cmake_vendor:/home/mikks/ros2_px4_ws/install/x500_hover_controller:/home/mikks/ros2_px4_ws/install/example_mode_with_rclpy_py:/home/mikks/ros2_px4_ws/install/example_mode_goto_py:/home/mikks/ros2_px4_ws/install/px4_actuator_ctrl:/home/mikks/ros2_ws/install/rover_desc_description:/home/mikks/ros2_ws/install/px4_actuator_ctrl:/home/mikks/ros2_ws/install/mine_rover_description:/home/mikks/ros2_ws/install/ZerionURDFV5cp_description:/home/mikks/crazyflie_mapping_demo/ros2_ws/install/velocity_free_consensus:/home/mikks/crazyflie_mapping_demo/ros2_ws/install/stepwise_lowpos:/home/mikks/crazyflie_mapping_demo/ros2_ws/install/step_wise_lowpos:/home/mikks/crazyflie_mapping_demo/ros2_ws/install/second_order_formation_control:/home/mikks/crazyflie_mapping_demo/ros2_ws/install/ros_gz_crazyflie_control:/home/mikks/crazyflie_mapping_demo/ros2_ws/install/mixed_fractional_consensus:/home/mikks/crazyflie_mapping_demo/ros2_ws/install/lowest_pos:/home/mikks/crazyflie_mapping_demo/ros2_ws/install/linear_consensus:/home/mikks/crazyflie_mapping_demo/ros2_ws/install/highest_pos:/home/mikks/crazyflie_mapping_demo/ros2_ws/install/fractional_consensus_alpha:/home/mikks/crazyflie_mapping_demo/ros2_ws/install/event_triggered_swarm:/home/mikks/crazyflie_mapping_demo/ros2_ws/install/drone_logger:/home/mikks/crazyflie_mapping_demo/ros2_ws/install/distributed_average_tracking:/home/mikks/crazyflie_mapping_demo/ros2_ws/install/crazyflie_swarm_logic:/home/mikks/crazyflie_mapping_demo/ros2_ws/install/crazyflie_ros2_multiranger_wall_following:/home/mikks/crazyflie_mapping_demo/ros2_ws/install/crazyflie_ros2_multiranger_simple_mapper:/home/mikks/crazyflie_mapping_demo/ros2_ws/install/crazyflie_py:/home/mikks/crazyflie_mapping_demo/ros2_ws/install/cooperative_target_centric_formation:/home/mikks/crazyflie_mapping_demo/ros2_ws/install/containment_using_agent_information:/home/mikks/crazyflie_mapping_demo/ros2_ws/install/consensus_for_double_integrator:/home/mikks/crazyflie_mapping_demo/ros2_ws/install/consensus_alignment:/home/mikks/crazyflie_mapping_demo/ros2_ws/install/binary_consensus:/home/mikks/crazyflie_mapping_demo/ros2_ws/install/Second_Order_Min_Consensus_for_Heterogeneous_Agents:/home/mikks/crazyflie_mapping_demo/ros2_ws/install/BinaryContainmentChain:/opt/ros/jazzy DEBUGINFOD_URLS=https://debuginfod.ubuntu.com LD_LIBRARY_PATH=/home/mikks/ros2_px4_ws/install/px4_ros2_cpp/lib:/home/mikks/ros2_px4_ws/install/px4_msgs/lib:/home/mikks/ros2_px4_ws/install/px4_ros_com/lib:/home/mikks/NatNet_SDK_4.3_ubuntu/lib:/home/mikks/crazyflie_mapping_demo/ros2_ws/install/crazyflie_interfaces/lib:/opt/ros/jazzy/opt/gz_sim_vendor/lib:/opt/ros/jazzy/opt/gz_sensors_vendor/lib:/opt/ros/jazzy/opt/gz_physics_vendor/lib:/opt/ros/jazzy/opt/sdformat_vendor/lib:/opt/ros/jazzy/opt/rviz_ogre_vendor/lib:/opt/ros/jazzy/lib/x86_64-linux-gnu:/opt/ros/jazzy/opt/gz_gui_vendor/lib:/opt/ros/jazzy/opt/gz_transport_vendor/lib:/opt/ros/jazzy/opt/gz_rendering_vendor/lib:/opt/ros/jazzy/opt/gz_plugin_vendor/lib:/opt/ros/jazzy/opt/gz_fuel_tools_vendor/lib:/opt/ros/jazzy/opt/gz_msgs_vendor/lib:/opt/ros/jazzy/opt/gz_common_vendor/lib:/opt/ros/jazzy/opt/gz_math_vendor/lib:/opt/ros/jazzy/opt/gz_utils_vendor/lib:/opt/ros/jazzy/opt/gz_tools_vendor/lib:/opt/ros/jazzy/opt/gz_ogre_next_vendor/lib:/opt/ros/jazzy/opt/gz_dartsim_vendor/lib:/opt/ros/jazzy/opt/gz_cmake_vendor/lib:/opt/ros/jazzy/lib PYTHONPATH=/home/mikks/ros2_px4_ws/install/px4_msgs/lib/python3.12/site-packages:/home/mikks/ros2_px4_ws/build/x500_hover_controller:/home/mikks/ros2_px4_ws/install/x500_hover_controller/lib/python3.12/site-packages:/home/mikks/ros2_px4_ws/install/px4_ros_com/lib/python3.12/site-packages:/home/mikks/ros2_px4_ws/build/example_mode_with_rclpy_py:/home/mikks/ros2_px4_ws/install/example_mode_with_rclpy_py/lib/python3.12/site-packages:/home/mikks/ros2_px4_ws/build/example_mode_goto_py:/home/mikks/ros2_px4_ws/install/example_mode_goto_py/lib/python3.12/site-packages:/home/mikks/ros2_px4_ws/install/px4_ros2_py/lib/python3.12/site-packages:/home/mikks/ros2_px4_ws/build/px4_actuator_ctrl:/home/mikks/ros2_px4_ws/install/px4_actuator_ctrl/lib/python3.12/site-packages:/home/mikks/ros2_ws/build/rover_desc_description:/home/mikks/ros2_ws/install/rover_desc_description/lib/python3.12/site-packages:/home/mikks/ros2_ws/install/px4_actuator_ctrl/lib/python3.12/site-packages:/home/mikks/ros2_ws/build/mine_rover_description:/home/mikks/ros2_ws/install/mine_rover_description/lib/python3.12/site-packages:/home/mikks/ros2_ws/build/ZerionURDFV5cp_description:/home/mikks/ros2_ws/install/ZerionURDFV5cp_description/lib/python3.12/site-packages:/home/mikks/crazyflie_mapping_demo/ros2_ws/install/velocity_free_consensus/lib/python3.12/site-packages:/home/mikks/crazyflie_mapping_demo/ros2_ws/install/stepwise_lowpos/lib/python3.12/site-packages:/home/mikks/crazyflie_mapping_demo/ros2_ws/install/step_wise_lowpos/lib/python3.12/site-packages:/home/mikks/crazyflie_mapping_demo/ros2_ws/install/second_order_formation_control/lib/python3.12/site-packages:/home/mikks/crazyflie_mapping_demo/ros2_ws/install/ros_gz_crazyflie_control/lib/python3.12/site-packages:/home/mikks/crazyflie_mapping_demo/ros2_ws/install/mixed_fractional_consensus/lib/python3.12/site-packages:/home/mikks/crazyflie_mapping_demo/ros2_ws/install/lowest_pos/lib/python3.12/site-packages:/home/mikks/crazyflie_mapping_demo/ros2_ws/install/linear_consensus/lib/python3.12/site-packages:/home/mikks/crazyflie_mapping_demo/ros2_ws/install/highest_pos/lib/python3.12/site-packages:/home/mikks/crazyflie_mapping_demo/ros2_ws/install/fractional_consensus_alpha/lib/python3.12/site-packages:/home/mikks/crazyflie_mapping_demo/ros2_ws/install/event_triggered_swarm/lib/python3.12/site-packages:/home/mikks/crazyflie_mapping_demo/ros2_ws/install/drone_logger/lib/python3.12/site-packages:/home/mikks/crazyflie_mapping_demo/ros2_ws/install/distributed_average_tracking/lib/python3.12/site-packages:/home/mikks/crazyflie_mapping_demo/ros2_ws/install/crazyflie_swarm_logic/lib/python3.12/site-packages:/home/mikks/crazyflie_mapping_demo/ros2_ws/install/crazyflie_sim/lib/python3.12/site-packages:/home/mikks/crazyflie_mapping_demo/ros2_ws/install/crazyflie_ros2_multiranger_wall_following/lib/python3.12/site-packages:/home/mikks/crazyflie_mapping_demo/ros2_ws/install/crazyflie_ros2_multiranger_simple_mapper/lib/python3.12/site-packages:/home/mikks/crazyflie_mapping_demo/ros2_ws/install/crazyflie_examples/lib/python3.12/site-packages:/home/mikks/crazyflie_mapping_demo/ros2_ws/install/crazyflie_py/lib/python3.12/site-packages:/home/mikks/crazyflie_mapping_demo/ros2_ws/install/crazyflie_interfaces/lib/python3.12/site-packages:/home/mikks/crazyflie_mapping_demo/ros2_ws/install/cooperative_target_centric_formation/lib/python3.12/site-packages:/home/mikks/crazyflie_mapping_demo/ros2_ws/install/containment_using_agent_information/lib/python3.12/site-packages:/home/mikks/crazyflie_mapping_demo/ros2_ws/install/consensus_for_double_integrator/lib/python3.12/site-packages:/home/mikks/crazyflie_mapping_demo/ros2_ws/install/consensus_alignment/lib/python3.12/site-packages:/home/mikks/crazyflie_mapping_demo/ros2_ws/install/binary_consensus/lib/python3.12/site-packages:/home/mikks/crazyflie_mapping_demo/ros2_ws/install/Second_Order_Min_Consensus_for_Heterogeneous_Agents/lib/python3.12/site-packages:/home/mikks/crazyflie_mapping_demo/ros2_ws/install/BinaryContainmentChain/lib/python3.12/site-packages:/opt/ros/jazzy/lib/python3.12/site-packages /usr/bin/cmake --install /home/mikks/ros2_px4_ws/build/example_executor_with_multiple_modes_cpp
[4.801s] Level 1:colcon.colcon_core.environment:checking '/home/mikks/ros2_px4_ws/install/example_executor_with_multiple_modes_cpp' for CMake config files
[4.801s] Level 1:colcon.colcon_core.shell:create_environment_hook('example_executor_with_multiple_modes_cpp', 'cmake_prefix_path')
[4.801s] INFO:colcon.colcon_core.shell:Creating environment hook '/home/mikks/ros2_px4_ws/install/example_executor_with_multiple_modes_cpp/share/example_executor_with_multiple_modes_cpp/hook/cmake_prefix_path.ps1'
[4.802s] INFO:colcon.colcon_core.shell:Creating environment descriptor '/home/mikks/ros2_px4_ws/install/example_executor_with_multiple_modes_cpp/share/example_executor_with_multiple_modes_cpp/hook/cmake_prefix_path.dsv'
[4.802s] INFO:colcon.colcon_core.shell:Creating environment hook '/home/mikks/ros2_px4_ws/install/example_executor_with_multiple_modes_cpp/share/example_executor_with_multiple_modes_cpp/hook/cmake_prefix_path.sh'
[4.803s] Level 1:colcon.colcon_core.environment:checking '/home/mikks/ros2_px4_ws/install/example_executor_with_multiple_modes_cpp/lib'
[4.803s] Level 1:colcon.colcon_core.environment:checking '/home/mikks/ros2_px4_ws/install/example_executor_with_multiple_modes_cpp/bin'
[4.803s] Level 1:colcon.colcon_core.environment:checking '/home/mikks/ros2_px4_ws/install/example_executor_with_multiple_modes_cpp/lib/pkgconfig/example_executor_with_multiple_modes_cpp.pc'
[4.803s] Level 1:colcon.colcon_core.environment:checking '/home/mikks/ros2_px4_ws/install/example_executor_with_multiple_modes_cpp/lib/python3.12/site-packages'
[4.804s] Level 1:colcon.colcon_core.environment:checking '/home/mikks/ros2_px4_ws/install/example_executor_with_multiple_modes_cpp/bin'
[4.804s] INFO:colcon.colcon_core.shell:Creating package script '/home/mikks/ros2_px4_ws/install/example_executor_with_multiple_modes_cpp/share/example_executor_with_multiple_modes_cpp/package.ps1'
[4.805s] INFO:colcon.colcon_core.shell:Creating package descriptor '/home/mikks/ros2_px4_ws/install/example_executor_with_multiple_modes_cpp/share/example_executor_with_multiple_modes_cpp/package.dsv'
[4.805s] INFO:colcon.colcon_core.shell:Creating package script '/home/mikks/ros2_px4_ws/install/example_executor_with_multiple_modes_cpp/share/example_executor_with_multiple_modes_cpp/package.sh'
[4.806s] INFO:colcon.colcon_core.shell:Creating package script '/home/mikks/ros2_px4_ws/install/example_executor_with_multiple_modes_cpp/share/example_executor_with_multiple_modes_cpp/package.bash'
[4.806s] INFO:colcon.colcon_core.shell:Creating package script '/home/mikks/ros2_px4_ws/install/example_executor_with_multiple_modes_cpp/share/example_executor_with_multiple_modes_cpp/package.zsh'
[4.807s] Level 1:colcon.colcon_core.environment:create_file_with_runtime_dependencies(/home/mikks/ros2_px4_ws/install/example_executor_with_multiple_modes_cpp/share/colcon-core/packages/example_executor_with_multiple_modes_cpp)
[4.807s] Level 1:colcon.colcon_core.environment:create_environment_scripts_only(example_executor_with_multiple_modes_cpp)
[4.808s] Level 1:colcon.colcon_core.environment:checking '/home/mikks/ros2_px4_ws/install/example_executor_with_multiple_modes_cpp' for CMake module files
[4.808s] Level 1:colcon.colcon_core.environment:checking '/home/mikks/ros2_px4_ws/install/example_executor_with_multiple_modes_cpp' for CMake config files
[4.809s] Level 1:colcon.colcon_core.shell:create_environment_hook('example_executor_with_multiple_modes_cpp', 'cmake_prefix_path')
[4.809s] INFO:colcon.colcon_core.shell:Creating environment hook '/home/mikks/ros2_px4_ws/install/example_executor_with_multiple_modes_cpp/share/example_executor_with_multiple_modes_cpp/hook/cmake_prefix_path.ps1'
[4.810s] INFO:colcon.colcon_core.shell:Creating environment descriptor '/home/mikks/ros2_px4_ws/install/example_executor_with_multiple_modes_cpp/share/example_executor_with_multiple_modes_cpp/hook/cmake_prefix_path.dsv'
[4.810s] INFO:colcon.colcon_core.shell:Creating environment hook '/home/mikks/ros2_px4_ws/install/example_executor_with_multiple_modes_cpp/share/example_executor_with_multiple_modes_cpp/hook/cmake_prefix_path.sh'
[4.811s] Level 1:colcon.colcon_core.environment:checking '/home/mikks/ros2_px4_ws/install/example_executor_with_multiple_modes_cpp/lib'
[4.811s] Level 1:colcon.colcon_core.environment:checking '/home/mikks/ros2_px4_ws/install/example_executor_with_multiple_modes_cpp/bin'
[4.811s] Level 1:colcon.colcon_core.environment:checking '/home/mikks/ros2_px4_ws/install/example_executor_with_multiple_modes_cpp/lib/pkgconfig/example_executor_with_multiple_modes_cpp.pc'
[4.811s] Level 1:colcon.colcon_core.environment:checking '/home/mikks/ros2_px4_ws/install/example_executor_with_multiple_modes_cpp/lib/python3.12/site-packages'
[4.812s] Level 1:colcon.colcon_core.environment:checking '/home/mikks/ros2_px4_ws/install/example_executor_with_multiple_modes_cpp/bin'
[4.812s] INFO:colcon.colcon_core.shell:Creating package script '/home/mikks/ros2_px4_ws/install/example_executor_with_multiple_modes_cpp/share/example_executor_with_multiple_modes_cpp/package.ps1'
[4.813s] INFO:colcon.colcon_core.shell:Creating package descriptor '/home/mikks/ros2_px4_ws/install/example_executor_with_multiple_modes_cpp/share/example_executor_with_multiple_modes_cpp/package.dsv'
[4.813s] INFO:colcon.colcon_core.shell:Creating package script '/home/mikks/ros2_px4_ws/install/example_executor_with_multiple_modes_cpp/share/example_executor_with_multiple_modes_cpp/package.sh'
[4.814s] INFO:colcon.colcon_core.shell:Creating package script '/home/mikks/ros2_px4_ws/install/example_executor_with_multiple_modes_cpp/share/example_executor_with_multiple_modes_cpp/package.bash'
[4.814s] INFO:colcon.colcon_core.shell:Creating package script '/home/mikks/ros2_px4_ws/install/example_executor_with_multiple_modes_cpp/share/example_executor_with_multiple_modes_cpp/package.zsh'
[4.815s] Level 1:colcon.colcon_core.environment:create_file_with_runtime_dependencies(/home/mikks/ros2_px4_ws/install/example_executor_with_multiple_modes_cpp/share/colcon-core/packages/example_executor_with_multiple_modes_cpp)
[4.815s] Level 1:colcon.colcon_core.environment:create_environment_scripts_only(example_mode_manual_cpp)
[4.815s] Level 1:colcon.colcon_core.environment:checking '/home/mikks/ros2_px4_ws/install/example_mode_manual_cpp' for CMake module files
[4.816s] DEBUG:colcon.colcon_core.event_handler.log_command:Invoked command in '/home/mikks/ros2_px4_ws/build/example_mode_manual_cpp' returned '0': CMAKE_PREFIX_PATH=/home/mikks/ros2_px4_ws/install/px4_ros2_cpp:/home/mikks/ros2_px4_ws/install/px4_msgs:/home/mikks/ros2_px4_ws/install/px4_ros_com:/home/mikks/ros2_px4_ws/install/px4_ros2_py:/home/mikks/ros2_px4_ws/install/example_rover_velocity_mode_cpp:/home/mikks/ros2_px4_ws/install/example_mode_with_executor_cpp:/home/mikks/ros2_px4_ws/install/example_mode_vtol_cpp:/home/mikks/ros2_px4_ws/install/example_mode_rtl_replacement_cpp:/home/mikks/ros2_px4_ws/install/example_mode_mission_cpp:/home/mikks/ros2_px4_ws/install/example_mode_manual_cpp:/home/mikks/ros2_px4_ws/install/example_mode_goto_global_cpp:/home/mikks/ros2_px4_ws/install/example_mode_goto_cpp:/home/mikks/ros2_px4_ws/install/example_mode_fw_attitude_cpp:/home/mikks/ros2_px4_ws/install/example_local_navigation_cpp:/home/mikks/ros2_px4_ws/install/example_global_navigation_cpp:/home/mikks/ros2_px4_ws/install/example_executor_with_multiple_modes_cpp:/home/mikks/crazyflie_mapping_demo/ros2_ws/install/crazyflie_ros2_multiranger_bringup:/home/mikks/crazyflie_mapping_demo/ros2_ws/install/ros_gz_crazyflie_bringup:/home/mikks/crazyflie_mapping_demo/ros2_ws/install/ros_gz_crazyflie_gazebo:/home/mikks/crazyflie_mapping_demo/ros2_ws/install/crazyflie_sim:/home/mikks/crazyflie_mapping_demo/ros2_ws/install/crazyflie_examples:/home/mikks/crazyflie_mapping_demo/ros2_ws/install/crazyflie:/home/mikks/crazyflie_mapping_demo/ros2_ws/install/crazyflie_interfaces:/opt/ros/jazzy/opt/gz_sim_vendor:/opt/ros/jazzy/opt/gz_sensors_vendor:/opt/ros/jazzy/opt/gz_physics_vendor:/opt/ros/jazzy/opt/sdformat_vendor:/opt/ros/jazzy/opt/gz_gui_vendor:/opt/ros/jazzy/opt/gz_transport_vendor:/opt/ros/jazzy/opt/gz_rendering_vendor:/opt/ros/jazzy/opt/gz_plugin_vendor:/opt/ros/jazzy/opt/gz_fuel_tools_vendor:/opt/ros/jazzy/opt/gz_msgs_vendor:/opt/ros/jazzy/opt/gz_common_vendor:/opt/ros/jazzy/opt/gz_math_vendor:/opt/ros/jazzy/opt/gz_utils_vendor:/opt/ros/jazzy/opt/gz_tools_vendor:/opt/ros/jazzy/opt/gz_ogre_next_vendor:/opt/ros/jazzy/opt/gz_dartsim_vendor:/opt/ros/jazzy/opt/gz_cmake_vendor:/home/mikks/ros2_px4_ws/install/x500_hover_controller:/home/mikks/ros2_px4_ws/install/example_mode_with_rclpy_py:/home/mikks/ros2_px4_ws/install/example_mode_goto_py:/home/mikks/ros2_px4_ws/install/px4_actuator_ctrl:/home/mikks/ros2_ws/install/rover_desc_description:/home/mikks/ros2_ws/install/px4_actuator_ctrl:/home/mikks/ros2_ws/install/mine_rover_description:/home/mikks/ros2_ws/install/ZerionURDFV5cp_description:/home/mikks/crazyflie_mapping_demo/ros2_ws/install/velocity_free_consensus:/home/mikks/crazyflie_mapping_demo/ros2_ws/install/stepwise_lowpos:/home/mikks/crazyflie_mapping_demo/ros2_ws/install/step_wise_lowpos:/home/mikks/crazyflie_mapping_demo/ros2_ws/install/second_order_formation_control:/home/mikks/crazyflie_mapping_demo/ros2_ws/install/ros_gz_crazyflie_control:/home/mikks/crazyflie_mapping_demo/ros2_ws/install/mixed_fractional_consensus:/home/mikks/crazyflie_mapping_demo/ros2_ws/install/lowest_pos:/home/mikks/crazyflie_mapping_demo/ros2_ws/install/linear_consensus:/home/mikks/crazyflie_mapping_demo/ros2_ws/install/highest_pos:/home/mikks/crazyflie_mapping_demo/ros2_ws/install/fractional_consensus_alpha:/home/mikks/crazyflie_mapping_demo/ros2_ws/install/event_triggered_swarm:/home/mikks/crazyflie_mapping_demo/ros2_ws/install/drone_logger:/home/mikks/crazyflie_mapping_demo/ros2_ws/install/distributed_average_tracking:/home/mikks/crazyflie_mapping_demo/ros2_ws/install/crazyflie_swarm_logic:/home/mikks/crazyflie_mapping_demo/ros2_ws/install/crazyflie_ros2_multiranger_wall_following:/home/mikks/crazyflie_mapping_demo/ros2_ws/install/crazyflie_ros2_multiranger_simple_mapper:/home/mikks/crazyflie_mapping_demo/ros2_ws/install/crazyflie_py:/home/mikks/crazyflie_mapping_demo/ros2_ws/install/cooperative_target_centric_formation:/home/mikks/crazyflie_mapping_demo/ros2_ws/install/containment_using_agent_information:/home/mikks/crazyflie_mapping_demo/ros2_ws/install/consensus_for_double_integrator:/home/mikks/crazyflie_mapping_demo/ros2_ws/install/consensus_alignment:/home/mikks/crazyflie_mapping_demo/ros2_ws/install/binary_consensus:/home/mikks/crazyflie_mapping_demo/ros2_ws/install/Second_Order_Min_Consensus_for_Heterogeneous_Agents:/home/mikks/crazyflie_mapping_demo/ros2_ws/install/BinaryContainmentChain:/opt/ros/jazzy DEBUGINFOD_URLS=https://debuginfod.ubuntu.com LD_LIBRARY_PATH=/home/mikks/ros2_px4_ws/install/px4_ros2_cpp/lib:/home/mikks/ros2_px4_ws/install/px4_msgs/lib:/home/mikks/ros2_px4_ws/install/px4_ros_com/lib:/home/mikks/NatNet_SDK_4.3_ubuntu/lib:/home/mikks/crazyflie_mapping_demo/ros2_ws/install/crazyflie_interfaces/lib:/opt/ros/jazzy/opt/gz_sim_vendor/lib:/opt/ros/jazzy/opt/gz_sensors_vendor/lib:/opt/ros/jazzy/opt/gz_physics_vendor/lib:/opt/ros/jazzy/opt/sdformat_vendor/lib:/opt/ros/jazzy/opt/rviz_ogre_vendor/lib:/opt/ros/jazzy/lib/x86_64-linux-gnu:/opt/ros/jazzy/opt/gz_gui_vendor/lib:/opt/ros/jazzy/opt/gz_transport_vendor/lib:/opt/ros/jazzy/opt/gz_rendering_vendor/lib:/opt/ros/jazzy/opt/gz_plugin_vendor/lib:/opt/ros/jazzy/opt/gz_fuel_tools_vendor/lib:/opt/ros/jazzy/opt/gz_msgs_vendor/lib:/opt/ros/jazzy/opt/gz_common_vendor/lib:/opt/ros/jazzy/opt/gz_math_vendor/lib:/opt/ros/jazzy/opt/gz_utils_vendor/lib:/opt/ros/jazzy/opt/gz_tools_vendor/lib:/opt/ros/jazzy/opt/gz_ogre_next_vendor/lib:/opt/ros/jazzy/opt/gz_dartsim_vendor/lib:/opt/ros/jazzy/opt/gz_cmake_vendor/lib:/opt/ros/jazzy/lib PYTHONPATH=/home/mikks/ros2_px4_ws/install/px4_msgs/lib/python3.12/site-packages:/home/mikks/ros2_px4_ws/build/x500_hover_controller:/home/mikks/ros2_px4_ws/install/x500_hover_controller/lib/python3.12/site-packages:/home/mikks/ros2_px4_ws/install/px4_ros_com/lib/python3.12/site-packages:/home/mikks/ros2_px4_ws/build/example_mode_with_rclpy_py:/home/mikks/ros2_px4_ws/install/example_mode_with_rclpy_py/lib/python3.12/site-packages:/home/mikks/ros2_px4_ws/build/example_mode_goto_py:/home/mikks/ros2_px4_ws/install/example_mode_goto_py/lib/python3.12/site-packages:/home/mikks/ros2_px4_ws/install/px4_ros2_py/lib/python3.12/site-packages:/home/mikks/ros2_px4_ws/build/px4_actuator_ctrl:/home/mikks/ros2_px4_ws/install/px4_actuator_ctrl/lib/python3.12/site-packages:/home/mikks/ros2_ws/build/rover_desc_description:/home/mikks/ros2_ws/install/rover_desc_description/lib/python3.12/site-packages:/home/mikks/ros2_ws/install/px4_actuator_ctrl/lib/python3.12/site-packages:/home/mikks/ros2_ws/build/mine_rover_description:/home/mikks/ros2_ws/install/mine_rover_description/lib/python3.12/site-packages:/home/mikks/ros2_ws/build/ZerionURDFV5cp_description:/home/mikks/ros2_ws/install/ZerionURDFV5cp_description/lib/python3.12/site-packages:/home/mikks/crazyflie_mapping_demo/ros2_ws/install/velocity_free_consensus/lib/python3.12/site-packages:/home/mikks/crazyflie_mapping_demo/ros2_ws/install/stepwise_lowpos/lib/python3.12/site-packages:/home/mikks/crazyflie_mapping_demo/ros2_ws/install/step_wise_lowpos/lib/python3.12/site-packages:/home/mikks/crazyflie_mapping_demo/ros2_ws/install/second_order_formation_control/lib/python3.12/site-packages:/home/mikks/crazyflie_mapping_demo/ros2_ws/install/ros_gz_crazyflie_control/lib/python3.12/site-packages:/home/mikks/crazyflie_mapping_demo/ros2_ws/install/mixed_fractional_consensus/lib/python3.12/site-packages:/home/mikks/crazyflie_mapping_demo/ros2_ws/install/lowest_pos/lib/python3.12/site-packages:/home/mikks/crazyflie_mapping_demo/ros2_ws/install/linear_consensus/lib/python3.12/site-packages:/home/mikks/crazyflie_mapping_demo/ros2_ws/install/highest_pos/lib/python3.12/site-packages:/home/mikks/crazyflie_mapping_demo/ros2_ws/install/fractional_consensus_alpha/lib/python3.12/site-packages:/home/mikks/crazyflie_mapping_demo/ros2_ws/install/event_triggered_swarm/lib/python3.12/site-packages:/home/mikks/crazyflie_mapping_demo/ros2_ws/install/drone_logger/lib/python3.12/site-packages:/home/mikks/crazyflie_mapping_demo/ros2_ws/install/distributed_average_tracking/lib/python3.12/site-packages:/home/mikks/crazyflie_mapping_demo/ros2_ws/install/crazyflie_swarm_logic/lib/python3.12/site-packages:/home/mikks/crazyflie_mapping_demo/ros2_ws/install/crazyflie_sim/lib/python3.12/site-packages:/home/mikks/crazyflie_mapping_demo/ros2_ws/install/crazyflie_ros2_multiranger_wall_following/lib/python3.12/site-packages:/home/mikks/crazyflie_mapping_demo/ros2_ws/install/crazyflie_ros2_multiranger_simple_mapper/lib/python3.12/site-packages:/home/mikks/crazyflie_mapping_demo/ros2_ws/install/crazyflie_examples/lib/python3.12/site-packages:/home/mikks/crazyflie_mapping_demo/ros2_ws/install/crazyflie_py/lib/python3.12/site-packages:/home/mikks/crazyflie_mapping_demo/ros2_ws/install/crazyflie_interfaces/lib/python3.12/site-packages:/home/mikks/crazyflie_mapping_demo/ros2_ws/install/cooperative_target_centric_formation/lib/python3.12/site-packages:/home/mikks/crazyflie_mapping_demo/ros2_ws/install/containment_using_agent_information/lib/python3.12/site-packages:/home/mikks/crazyflie_mapping_demo/ros2_ws/install/consensus_for_double_integrator/lib/python3.12/site-packages:/home/mikks/crazyflie_mapping_demo/ros2_ws/install/consensus_alignment/lib/python3.12/site-packages:/home/mikks/crazyflie_mapping_demo/ros2_ws/install/binary_consensus/lib/python3.12/site-packages:/home/mikks/crazyflie_mapping_demo/ros2_ws/install/Second_Order_Min_Consensus_for_Heterogeneous_Agents/lib/python3.12/site-packages:/home/mikks/crazyflie_mapping_demo/ros2_ws/install/BinaryContainmentChain/lib/python3.12/site-packages:/opt/ros/jazzy/lib/python3.12/site-packages /usr/bin/cmake --install /home/mikks/ros2_px4_ws/build/example_mode_manual_cpp
[4.817s] Level 1:colcon.colcon_core.environment:checking '/home/mikks/ros2_px4_ws/install/example_mode_manual_cpp' for CMake config files
[4.817s] Level 1:colcon.colcon_core.shell:create_environment_hook('example_mode_manual_cpp', 'cmake_prefix_path')
[4.818s] INFO:colcon.colcon_core.shell:Creating environment hook '/home/mikks/ros2_px4_ws/install/example_mode_manual_cpp/share/example_mode_manual_cpp/hook/cmake_prefix_path.ps1'
[4.818s] INFO:colcon.colcon_core.shell:Creating environment descriptor '/home/mikks/ros2_px4_ws/install/example_mode_manual_cpp/share/example_mode_manual_cpp/hook/cmake_prefix_path.dsv'
[4.818s] INFO:colcon.colcon_core.shell:Creating environment hook '/home/mikks/ros2_px4_ws/install/example_mode_manual_cpp/share/example_mode_manual_cpp/hook/cmake_prefix_path.sh'
[4.819s] Level 1:colcon.colcon_core.environment:checking '/home/mikks/ros2_px4_ws/install/example_mode_manual_cpp/lib'
[4.819s] Level 1:colcon.colcon_core.environment:checking '/home/mikks/ros2_px4_ws/install/example_mode_manual_cpp/bin'
[4.819s] Level 1:colcon.colcon_core.environment:checking '/home/mikks/ros2_px4_ws/install/example_mode_manual_cpp/lib/pkgconfig/example_mode_manual_cpp.pc'
[4.820s] Level 1:colcon.colcon_core.environment:checking '/home/mikks/ros2_px4_ws/install/example_mode_manual_cpp/lib/python3.12/site-packages'
[4.820s] Level 1:colcon.colcon_core.environment:checking '/home/mikks/ros2_px4_ws/install/example_mode_manual_cpp/bin'
[4.820s] INFO:colcon.colcon_core.shell:Creating package script '/home/mikks/ros2_px4_ws/install/example_mode_manual_cpp/share/example_mode_manual_cpp/package.ps1'
[4.821s] INFO:colcon.colcon_core.shell:Creating package descriptor '/home/mikks/ros2_px4_ws/install/example_mode_manual_cpp/share/example_mode_manual_cpp/package.dsv'
[4.822s] INFO:colcon.colcon_core.shell:Creating package script '/home/mikks/ros2_px4_ws/install/example_mode_manual_cpp/share/example_mode_manual_cpp/package.sh'
[4.822s] INFO:colcon.colcon_core.shell:Creating package script '/home/mikks/ros2_px4_ws/install/example_mode_manual_cpp/share/example_mode_manual_cpp/package.bash'
[4.823s] INFO:colcon.colcon_core.shell:Creating package script '/home/mikks/ros2_px4_ws/install/example_mode_manual_cpp/share/example_mode_manual_cpp/package.zsh'
[4.823s] Level 1:colcon.colcon_core.environment:create_file_with_runtime_dependencies(/home/mikks/ros2_px4_ws/install/example_mode_manual_cpp/share/colcon-core/packages/example_mode_manual_cpp)
[4.824s] Level 1:colcon.colcon_core.environment:create_environment_scripts_only(example_mode_manual_cpp)
[4.824s] Level 1:colcon.colcon_core.environment:checking '/home/mikks/ros2_px4_ws/install/example_mode_manual_cpp' for CMake module files
[4.825s] Level 1:colcon.colcon_core.environment:checking '/home/mikks/ros2_px4_ws/install/example_mode_manual_cpp' for CMake config files
[4.825s] Level 1:colcon.colcon_core.shell:create_environment_hook('example_mode_manual_cpp', 'cmake_prefix_path')
[4.825s] INFO:colcon.colcon_core.shell:Creating environment hook '/home/mikks/ros2_px4_ws/install/example_mode_manual_cpp/share/example_mode_manual_cpp/hook/cmake_prefix_path.ps1'
[4.826s] INFO:colcon.colcon_core.shell:Creating environment descriptor '/home/mikks/ros2_px4_ws/install/example_mode_manual_cpp/share/example_mode_manual_cpp/hook/cmake_prefix_path.dsv'
[4.826s] INFO:colcon.colcon_core.shell:Creating environment hook '/home/mikks/ros2_px4_ws/install/example_mode_manual_cpp/share/example_mode_manual_cpp/hook/cmake_prefix_path.sh'
[4.827s] Level 1:colcon.colcon_core.environment:checking '/home/mikks/ros2_px4_ws/install/example_mode_manual_cpp/lib'
[4.827s] Level 1:colcon.colcon_core.environment:checking '/home/mikks/ros2_px4_ws/install/example_mode_manual_cpp/bin'
[4.827s] Level 1:colcon.colcon_core.environment:checking '/home/mikks/ros2_px4_ws/install/example_mode_manual_cpp/lib/pkgconfig/example_mode_manual_cpp.pc'
[4.828s] Level 1:colcon.colcon_core.environment:checking '/home/mikks/ros2_px4_ws/install/example_mode_manual_cpp/lib/python3.12/site-packages'
[4.828s] Level 1:colcon.colcon_core.environment:checking '/home/mikks/ros2_px4_ws/install/example_mode_manual_cpp/bin'
[4.828s] INFO:colcon.colcon_core.shell:Creating package script '/home/mikks/ros2_px4_ws/install/example_mode_manual_cpp/share/example_mode_manual_cpp/package.ps1'
[4.829s] INFO:colcon.colcon_core.shell:Creating package descriptor '/home/mikks/ros2_px4_ws/install/example_mode_manual_cpp/share/example_mode_manual_cpp/package.dsv'
[4.830s] INFO:colcon.colcon_core.shell:Creating package script '/home/mikks/ros2_px4_ws/install/example_mode_manual_cpp/share/example_mode_manual_cpp/package.sh'
[4.830s] INFO:colcon.colcon_core.shell:Creating package script '/home/mikks/ros2_px4_ws/install/example_mode_manual_cpp/share/example_mode_manual_cpp/package.bash'
[4.832s] INFO:colcon.colcon_core.shell:Creating package script '/home/mikks/ros2_px4_ws/install/example_mode_manual_cpp/share/example_mode_manual_cpp/package.zsh'
[4.832s] Level 1:colcon.colcon_core.environment:create_file_with_runtime_dependencies(/home/mikks/ros2_px4_ws/install/example_mode_manual_cpp/share/colcon-core/packages/example_mode_manual_cpp)
[4.833s] Level 1:colcon.colcon_core.environment:create_environment_scripts_only(example_mode_goto_global_cpp)
[4.833s] Level 1:colcon.colcon_core.environment:checking '/home/mikks/ros2_px4_ws/install/example_mode_goto_global_cpp' for CMake module files
[4.834s] DEBUG:colcon.colcon_core.event_handler.log_command:Invoked command in '/home/mikks/ros2_px4_ws/build/example_mode_goto_global_cpp' returned '0': CMAKE_PREFIX_PATH=/home/mikks/ros2_px4_ws/install/px4_ros2_cpp:/home/mikks/ros2_px4_ws/install/px4_msgs:/home/mikks/ros2_px4_ws/install/px4_ros_com:/home/mikks/ros2_px4_ws/install/px4_ros2_py:/home/mikks/ros2_px4_ws/install/example_rover_velocity_mode_cpp:/home/mikks/ros2_px4_ws/install/example_mode_with_executor_cpp:/home/mikks/ros2_px4_ws/install/example_mode_vtol_cpp:/home/mikks/ros2_px4_ws/install/example_mode_rtl_replacement_cpp:/home/mikks/ros2_px4_ws/install/example_mode_mission_cpp:/home/mikks/ros2_px4_ws/install/example_mode_manual_cpp:/home/mikks/ros2_px4_ws/install/example_mode_goto_global_cpp:/home/mikks/ros2_px4_ws/install/example_mode_goto_cpp:/home/mikks/ros2_px4_ws/install/example_mode_fw_attitude_cpp:/home/mikks/ros2_px4_ws/install/example_local_navigation_cpp:/home/mikks/ros2_px4_ws/install/example_global_navigation_cpp:/home/mikks/ros2_px4_ws/install/example_executor_with_multiple_modes_cpp:/home/mikks/crazyflie_mapping_demo/ros2_ws/install/crazyflie_ros2_multiranger_bringup:/home/mikks/crazyflie_mapping_demo/ros2_ws/install/ros_gz_crazyflie_bringup:/home/mikks/crazyflie_mapping_demo/ros2_ws/install/ros_gz_crazyflie_gazebo:/home/mikks/crazyflie_mapping_demo/ros2_ws/install/crazyflie_sim:/home/mikks/crazyflie_mapping_demo/ros2_ws/install/crazyflie_examples:/home/mikks/crazyflie_mapping_demo/ros2_ws/install/crazyflie:/home/mikks/crazyflie_mapping_demo/ros2_ws/install/crazyflie_interfaces:/opt/ros/jazzy/opt/gz_sim_vendor:/opt/ros/jazzy/opt/gz_sensors_vendor:/opt/ros/jazzy/opt/gz_physics_vendor:/opt/ros/jazzy/opt/sdformat_vendor:/opt/ros/jazzy/opt/gz_gui_vendor:/opt/ros/jazzy/opt/gz_transport_vendor:/opt/ros/jazzy/opt/gz_rendering_vendor:/opt/ros/jazzy/opt/gz_plugin_vendor:/opt/ros/jazzy/opt/gz_fuel_tools_vendor:/opt/ros/jazzy/opt/gz_msgs_vendor:/opt/ros/jazzy/opt/gz_common_vendor:/opt/ros/jazzy/opt/gz_math_vendor:/opt/ros/jazzy/opt/gz_utils_vendor:/opt/ros/jazzy/opt/gz_tools_vendor:/opt/ros/jazzy/opt/gz_ogre_next_vendor:/opt/ros/jazzy/opt/gz_dartsim_vendor:/opt/ros/jazzy/opt/gz_cmake_vendor:/home/mikks/ros2_px4_ws/install/x500_hover_controller:/home/mikks/ros2_px4_ws/install/example_mode_with_rclpy_py:/home/mikks/ros2_px4_ws/install/example_mode_goto_py:/home/mikks/ros2_px4_ws/install/px4_actuator_ctrl:/home/mikks/ros2_ws/install/rover_desc_description:/home/mikks/ros2_ws/install/px4_actuator_ctrl:/home/mikks/ros2_ws/install/mine_rover_description:/home/mikks/ros2_ws/install/ZerionURDFV5cp_description:/home/mikks/crazyflie_mapping_demo/ros2_ws/install/velocity_free_consensus:/home/mikks/crazyflie_mapping_demo/ros2_ws/install/stepwise_lowpos:/home/mikks/crazyflie_mapping_demo/ros2_ws/install/step_wise_lowpos:/home/mikks/crazyflie_mapping_demo/ros2_ws/install/second_order_formation_control:/home/mikks/crazyflie_mapping_demo/ros2_ws/install/ros_gz_crazyflie_control:/home/mikks/crazyflie_mapping_demo/ros2_ws/install/mixed_fractional_consensus:/home/mikks/crazyflie_mapping_demo/ros2_ws/install/lowest_pos:/home/mikks/crazyflie_mapping_demo/ros2_ws/install/linear_consensus:/home/mikks/crazyflie_mapping_demo/ros2_ws/install/highest_pos:/home/mikks/crazyflie_mapping_demo/ros2_ws/install/fractional_consensus_alpha:/home/mikks/crazyflie_mapping_demo/ros2_ws/install/event_triggered_swarm:/home/mikks/crazyflie_mapping_demo/ros2_ws/install/drone_logger:/home/mikks/crazyflie_mapping_demo/ros2_ws/install/distributed_average_tracking:/home/mikks/crazyflie_mapping_demo/ros2_ws/install/crazyflie_swarm_logic:/home/mikks/crazyflie_mapping_demo/ros2_ws/install/crazyflie_ros2_multiranger_wall_following:/home/mikks/crazyflie_mapping_demo/ros2_ws/install/crazyflie_ros2_multiranger_simple_mapper:/home/mikks/crazyflie_mapping_demo/ros2_ws/install/crazyflie_py:/home/mikks/crazyflie_mapping_demo/ros2_ws/install/cooperative_target_centric_formation:/home/mikks/crazyflie_mapping_demo/ros2_ws/install/containment_using_agent_information:/home/mikks/crazyflie_mapping_demo/ros2_ws/install/consensus_for_double_integrator:/home/mikks/crazyflie_mapping_demo/ros2_ws/install/consensus_alignment:/home/mikks/crazyflie_mapping_demo/ros2_ws/install/binary_consensus:/home/mikks/crazyflie_mapping_demo/ros2_ws/install/Second_Order_Min_Consensus_for_Heterogeneous_Agents:/home/mikks/crazyflie_mapping_demo/ros2_ws/install/BinaryContainmentChain:/opt/ros/jazzy DEBUGINFOD_URLS=https://debuginfod.ubuntu.com LD_LIBRARY_PATH=/home/mikks/ros2_px4_ws/install/px4_ros2_cpp/lib:/home/mikks/ros2_px4_ws/install/px4_msgs/lib:/home/mikks/ros2_px4_ws/install/px4_ros_com/lib:/home/mikks/NatNet_SDK_4.3_ubuntu/lib:/home/mikks/crazyflie_mapping_demo/ros2_ws/install/crazyflie_interfaces/lib:/opt/ros/jazzy/opt/gz_sim_vendor/lib:/opt/ros/jazzy/opt/gz_sensors_vendor/lib:/opt/ros/jazzy/opt/gz_physics_vendor/lib:/opt/ros/jazzy/opt/sdformat_vendor/lib:/opt/ros/jazzy/opt/rviz_ogre_vendor/lib:/opt/ros/jazzy/lib/x86_64-linux-gnu:/opt/ros/jazzy/opt/gz_gui_vendor/lib:/opt/ros/jazzy/opt/gz_transport_vendor/lib:/opt/ros/jazzy/opt/gz_rendering_vendor/lib:/opt/ros/jazzy/opt/gz_plugin_vendor/lib:/opt/ros/jazzy/opt/gz_fuel_tools_vendor/lib:/opt/ros/jazzy/opt/gz_msgs_vendor/lib:/opt/ros/jazzy/opt/gz_common_vendor/lib:/opt/ros/jazzy/opt/gz_math_vendor/lib:/opt/ros/jazzy/opt/gz_utils_vendor/lib:/opt/ros/jazzy/opt/gz_tools_vendor/lib:/opt/ros/jazzy/opt/gz_ogre_next_vendor/lib:/opt/ros/jazzy/opt/gz_dartsim_vendor/lib:/opt/ros/jazzy/opt/gz_cmake_vendor/lib:/opt/ros/jazzy/lib PYTHONPATH=/home/mikks/ros2_px4_ws/install/px4_msgs/lib/python3.12/site-packages:/home/mikks/ros2_px4_ws/build/x500_hover_controller:/home/mikks/ros2_px4_ws/install/x500_hover_controller/lib/python3.12/site-packages:/home/mikks/ros2_px4_ws/install/px4_ros_com/lib/python3.12/site-packages:/home/mikks/ros2_px4_ws/build/example_mode_with_rclpy_py:/home/mikks/ros2_px4_ws/install/example_mode_with_rclpy_py/lib/python3.12/site-packages:/home/mikks/ros2_px4_ws/build/example_mode_goto_py:/home/mikks/ros2_px4_ws/install/example_mode_goto_py/lib/python3.12/site-packages:/home/mikks/ros2_px4_ws/install/px4_ros2_py/lib/python3.12/site-packages:/home/mikks/ros2_px4_ws/build/px4_actuator_ctrl:/home/mikks/ros2_px4_ws/install/px4_actuator_ctrl/lib/python3.12/site-packages:/home/mikks/ros2_ws/build/rover_desc_description:/home/mikks/ros2_ws/install/rover_desc_description/lib/python3.12/site-packages:/home/mikks/ros2_ws/install/px4_actuator_ctrl/lib/python3.12/site-packages:/home/mikks/ros2_ws/build/mine_rover_description:/home/mikks/ros2_ws/install/mine_rover_description/lib/python3.12/site-packages:/home/mikks/ros2_ws/build/ZerionURDFV5cp_description:/home/mikks/ros2_ws/install/ZerionURDFV5cp_description/lib/python3.12/site-packages:/home/mikks/crazyflie_mapping_demo/ros2_ws/install/velocity_free_consensus/lib/python3.12/site-packages:/home/mikks/crazyflie_mapping_demo/ros2_ws/install/stepwise_lowpos/lib/python3.12/site-packages:/home/mikks/crazyflie_mapping_demo/ros2_ws/install/step_wise_lowpos/lib/python3.12/site-packages:/home/mikks/crazyflie_mapping_demo/ros2_ws/install/second_order_formation_control/lib/python3.12/site-packages:/home/mikks/crazyflie_mapping_demo/ros2_ws/install/ros_gz_crazyflie_control/lib/python3.12/site-packages:/home/mikks/crazyflie_mapping_demo/ros2_ws/install/mixed_fractional_consensus/lib/python3.12/site-packages:/home/mikks/crazyflie_mapping_demo/ros2_ws/install/lowest_pos/lib/python3.12/site-packages:/home/mikks/crazyflie_mapping_demo/ros2_ws/install/linear_consensus/lib/python3.12/site-packages:/home/mikks/crazyflie_mapping_demo/ros2_ws/install/highest_pos/lib/python3.12/site-packages:/home/mikks/crazyflie_mapping_demo/ros2_ws/install/fractional_consensus_alpha/lib/python3.12/site-packages:/home/mikks/crazyflie_mapping_demo/ros2_ws/install/event_triggered_swarm/lib/python3.12/site-packages:/home/mikks/crazyflie_mapping_demo/ros2_ws/install/drone_logger/lib/python3.12/site-packages:/home/mikks/crazyflie_mapping_demo/ros2_ws/install/distributed_average_tracking/lib/python3.12/site-packages:/home/mikks/crazyflie_mapping_demo/ros2_ws/install/crazyflie_swarm_logic/lib/python3.12/site-packages:/home/mikks/crazyflie_mapping_demo/ros2_ws/install/crazyflie_sim/lib/python3.12/site-packages:/home/mikks/crazyflie_mapping_demo/ros2_ws/install/crazyflie_ros2_multiranger_wall_following/lib/python3.12/site-packages:/home/mikks/crazyflie_mapping_demo/ros2_ws/install/crazyflie_ros2_multiranger_simple_mapper/lib/python3.12/site-packages:/home/mikks/crazyflie_mapping_demo/ros2_ws/install/crazyflie_examples/lib/python3.12/site-packages:/home/mikks/crazyflie_mapping_demo/ros2_ws/install/crazyflie_py/lib/python3.12/site-packages:/home/mikks/crazyflie_mapping_demo/ros2_ws/install/crazyflie_interfaces/lib/python3.12/site-packages:/home/mikks/crazyflie_mapping_demo/ros2_ws/install/cooperative_target_centric_formation/lib/python3.12/site-packages:/home/mikks/crazyflie_mapping_demo/ros2_ws/install/containment_using_agent_information/lib/python3.12/site-packages:/home/mikks/crazyflie_mapping_demo/ros2_ws/install/consensus_for_double_integrator/lib/python3.12/site-packages:/home/mikks/crazyflie_mapping_demo/ros2_ws/install/consensus_alignment/lib/python3.12/site-packages:/home/mikks/crazyflie_mapping_demo/ros2_ws/install/binary_consensus/lib/python3.12/site-packages:/home/mikks/crazyflie_mapping_demo/ros2_ws/install/Second_Order_Min_Consensus_for_Heterogeneous_Agents/lib/python3.12/site-packages:/home/mikks/crazyflie_mapping_demo/ros2_ws/install/BinaryContainmentChain/lib/python3.12/site-packages:/opt/ros/jazzy/lib/python3.12/site-packages /usr/bin/cmake --install /home/mikks/ros2_px4_ws/build/example_mode_goto_global_cpp
[4.834s] Level 1:colcon.colcon_core.environment:checking '/home/mikks/ros2_px4_ws/install/example_mode_goto_global_cpp' for CMake config files
[4.835s] Level 1:colcon.colcon_core.shell:create_environment_hook('example_mode_goto_global_cpp', 'cmake_prefix_path')
[4.835s] INFO:colcon.colcon_core.shell:Creating environment hook '/home/mikks/ros2_px4_ws/install/example_mode_goto_global_cpp/share/example_mode_goto_global_cpp/hook/cmake_prefix_path.ps1'
[4.836s] INFO:colcon.colcon_core.shell:Creating environment descriptor '/home/mikks/ros2_px4_ws/install/example_mode_goto_global_cpp/share/example_mode_goto_global_cpp/hook/cmake_prefix_path.dsv'
[4.836s] INFO:colcon.colcon_core.shell:Creating environment hook '/home/mikks/ros2_px4_ws/install/example_mode_goto_global_cpp/share/example_mode_goto_global_cpp/hook/cmake_prefix_path.sh'
[4.837s] Level 1:colcon.colcon_core.environment:checking '/home/mikks/ros2_px4_ws/install/example_mode_goto_global_cpp/lib'
[4.837s] Level 1:colcon.colcon_core.environment:checking '/home/mikks/ros2_px4_ws/install/example_mode_goto_global_cpp/bin'
[4.837s] Level 1:colcon.colcon_core.environment:checking '/home/mikks/ros2_px4_ws/install/example_mode_goto_global_cpp/lib/pkgconfig/example_mode_goto_global_cpp.pc'
[4.837s] Level 1:colcon.colcon_core.environment:checking '/home/mikks/ros2_px4_ws/install/example_mode_goto_global_cpp/lib/python3.12/site-packages'
[4.838s] Level 1:colcon.colcon_core.environment:checking '/home/mikks/ros2_px4_ws/install/example_mode_goto_global_cpp/bin'
[4.838s] INFO:colcon.colcon_core.shell:Creating package script '/home/mikks/ros2_px4_ws/install/example_mode_goto_global_cpp/share/example_mode_goto_global_cpp/package.ps1'
[4.839s] INFO:colcon.colcon_core.shell:Creating package descriptor '/home/mikks/ros2_px4_ws/install/example_mode_goto_global_cpp/share/example_mode_goto_global_cpp/package.dsv'
[4.839s] INFO:colcon.colcon_core.shell:Creating package script '/home/mikks/ros2_px4_ws/install/example_mode_goto_global_cpp/share/example_mode_goto_global_cpp/package.sh'
[4.840s] INFO:colcon.colcon_core.shell:Creating package script '/home/mikks/ros2_px4_ws/install/example_mode_goto_global_cpp/share/example_mode_goto_global_cpp/package.bash'
[4.840s] INFO:colcon.colcon_core.shell:Creating package script '/home/mikks/ros2_px4_ws/install/example_mode_goto_global_cpp/share/example_mode_goto_global_cpp/package.zsh'
[4.840s] Level 1:colcon.colcon_core.environment:create_file_with_runtime_dependencies(/home/mikks/ros2_px4_ws/install/example_mode_goto_global_cpp/share/colcon-core/packages/example_mode_goto_global_cpp)
[4.841s] Level 1:colcon.colcon_core.environment:create_environment_scripts_only(example_mode_goto_global_cpp)
[4.841s] Level 1:colcon.colcon_core.environment:checking '/home/mikks/ros2_px4_ws/install/example_mode_goto_global_cpp' for CMake module files
[4.842s] Level 1:colcon.colcon_core.environment:checking '/home/mikks/ros2_px4_ws/install/example_mode_goto_global_cpp' for CMake config files
[4.843s] Level 1:colcon.colcon_core.shell:create_environment_hook('example_mode_goto_global_cpp', 'cmake_prefix_path')
[4.843s] INFO:colcon.colcon_core.shell:Creating environment hook '/home/mikks/ros2_px4_ws/install/example_mode_goto_global_cpp/share/example_mode_goto_global_cpp/hook/cmake_prefix_path.ps1'
[4.843s] INFO:colcon.colcon_core.shell:Creating environment descriptor '/home/mikks/ros2_px4_ws/install/example_mode_goto_global_cpp/share/example_mode_goto_global_cpp/hook/cmake_prefix_path.dsv'
[4.844s] INFO:colcon.colcon_core.shell:Creating environment hook '/home/mikks/ros2_px4_ws/install/example_mode_goto_global_cpp/share/example_mode_goto_global_cpp/hook/cmake_prefix_path.sh'
[4.845s] Level 1:colcon.colcon_core.environment:checking '/home/mikks/ros2_px4_ws/install/example_mode_goto_global_cpp/lib'
[4.845s] Level 1:colcon.colcon_core.environment:checking '/home/mikks/ros2_px4_ws/install/example_mode_goto_global_cpp/bin'
[4.845s] Level 1:colcon.colcon_core.environment:checking '/home/mikks/ros2_px4_ws/install/example_mode_goto_global_cpp/lib/pkgconfig/example_mode_goto_global_cpp.pc'
[4.845s] Level 1:colcon.colcon_core.environment:checking '/home/mikks/ros2_px4_ws/install/example_mode_goto_global_cpp/lib/python3.12/site-packages'
[4.845s] Level 1:colcon.colcon_core.environment:checking '/home/mikks/ros2_px4_ws/install/example_mode_goto_global_cpp/bin'
[4.846s] INFO:colcon.colcon_core.shell:Creating package script '/home/mikks/ros2_px4_ws/install/example_mode_goto_global_cpp/share/example_mode_goto_global_cpp/package.ps1'
[4.846s] INFO:colcon.colcon_core.shell:Creating package descriptor '/home/mikks/ros2_px4_ws/install/example_mode_goto_global_cpp/share/example_mode_goto_global_cpp/package.dsv'
[4.847s] INFO:colcon.colcon_core.shell:Creating package script '/home/mikks/ros2_px4_ws/install/example_mode_goto_global_cpp/share/example_mode_goto_global_cpp/package.sh'
[4.847s] INFO:colcon.colcon_core.shell:Creating package script '/home/mikks/ros2_px4_ws/install/example_mode_goto_global_cpp/share/example_mode_goto_global_cpp/package.bash'
[4.848s] INFO:colcon.colcon_core.shell:Creating package script '/home/mikks/ros2_px4_ws/install/example_mode_goto_global_cpp/share/example_mode_goto_global_cpp/package.zsh'
[4.848s] Level 1:colcon.colcon_core.environment:create_file_with_runtime_dependencies(/home/mikks/ros2_px4_ws/install/example_mode_goto_global_cpp/share/colcon-core/packages/example_mode_goto_global_cpp)
[4.849s] Level 1:colcon.colcon_core.environment:create_environment_scripts_only(example_local_navigation_cpp)
[4.849s] Level 1:colcon.colcon_core.environment:checking '/home/mikks/ros2_px4_ws/install/example_local_navigation_cpp' for CMake module files
[4.851s] DEBUG:colcon.colcon_core.event_handler.log_command:Invoked command in '/home/mikks/ros2_px4_ws/build/example_local_navigation_cpp' returned '0': CMAKE_PREFIX_PATH=/home/mikks/ros2_px4_ws/install/px4_ros2_cpp:/home/mikks/ros2_px4_ws/install/px4_msgs:/home/mikks/ros2_px4_ws/install/px4_ros_com:/home/mikks/ros2_px4_ws/install/px4_ros2_py:/home/mikks/ros2_px4_ws/install/example_rover_velocity_mode_cpp:/home/mikks/ros2_px4_ws/install/example_mode_with_executor_cpp:/home/mikks/ros2_px4_ws/install/example_mode_vtol_cpp:/home/mikks/ros2_px4_ws/install/example_mode_rtl_replacement_cpp:/home/mikks/ros2_px4_ws/install/example_mode_mission_cpp:/home/mikks/ros2_px4_ws/install/example_mode_manual_cpp:/home/mikks/ros2_px4_ws/install/example_mode_goto_global_cpp:/home/mikks/ros2_px4_ws/install/example_mode_goto_cpp:/home/mikks/ros2_px4_ws/install/example_mode_fw_attitude_cpp:/home/mikks/ros2_px4_ws/install/example_local_navigation_cpp:/home/mikks/ros2_px4_ws/install/example_global_navigation_cpp:/home/mikks/ros2_px4_ws/install/example_executor_with_multiple_modes_cpp:/home/mikks/crazyflie_mapping_demo/ros2_ws/install/crazyflie_ros2_multiranger_bringup:/home/mikks/crazyflie_mapping_demo/ros2_ws/install/ros_gz_crazyflie_bringup:/home/mikks/crazyflie_mapping_demo/ros2_ws/install/ros_gz_crazyflie_gazebo:/home/mikks/crazyflie_mapping_demo/ros2_ws/install/crazyflie_sim:/home/mikks/crazyflie_mapping_demo/ros2_ws/install/crazyflie_examples:/home/mikks/crazyflie_mapping_demo/ros2_ws/install/crazyflie:/home/mikks/crazyflie_mapping_demo/ros2_ws/install/crazyflie_interfaces:/opt/ros/jazzy/opt/gz_sim_vendor:/opt/ros/jazzy/opt/gz_sensors_vendor:/opt/ros/jazzy/opt/gz_physics_vendor:/opt/ros/jazzy/opt/sdformat_vendor:/opt/ros/jazzy/opt/gz_gui_vendor:/opt/ros/jazzy/opt/gz_transport_vendor:/opt/ros/jazzy/opt/gz_rendering_vendor:/opt/ros/jazzy/opt/gz_plugin_vendor:/opt/ros/jazzy/opt/gz_fuel_tools_vendor:/opt/ros/jazzy/opt/gz_msgs_vendor:/opt/ros/jazzy/opt/gz_common_vendor:/opt/ros/jazzy/opt/gz_math_vendor:/opt/ros/jazzy/opt/gz_utils_vendor:/opt/ros/jazzy/opt/gz_tools_vendor:/opt/ros/jazzy/opt/gz_ogre_next_vendor:/opt/ros/jazzy/opt/gz_dartsim_vendor:/opt/ros/jazzy/opt/gz_cmake_vendor:/home/mikks/ros2_px4_ws/install/x500_hover_controller:/home/mikks/ros2_px4_ws/install/example_mode_with_rclpy_py:/home/mikks/ros2_px4_ws/install/example_mode_goto_py:/home/mikks/ros2_px4_ws/install/px4_actuator_ctrl:/home/mikks/ros2_ws/install/rover_desc_description:/home/mikks/ros2_ws/install/px4_actuator_ctrl:/home/mikks/ros2_ws/install/mine_rover_description:/home/mikks/ros2_ws/install/ZerionURDFV5cp_description:/home/mikks/crazyflie_mapping_demo/ros2_ws/install/velocity_free_consensus:/home/mikks/crazyflie_mapping_demo/ros2_ws/install/stepwise_lowpos:/home/mikks/crazyflie_mapping_demo/ros2_ws/install/step_wise_lowpos:/home/mikks/crazyflie_mapping_demo/ros2_ws/install/second_order_formation_control:/home/mikks/crazyflie_mapping_demo/ros2_ws/install/ros_gz_crazyflie_control:/home/mikks/crazyflie_mapping_demo/ros2_ws/install/mixed_fractional_consensus:/home/mikks/crazyflie_mapping_demo/ros2_ws/install/lowest_pos:/home/mikks/crazyflie_mapping_demo/ros2_ws/install/linear_consensus:/home/mikks/crazyflie_mapping_demo/ros2_ws/install/highest_pos:/home/mikks/crazyflie_mapping_demo/ros2_ws/install/fractional_consensus_alpha:/home/mikks/crazyflie_mapping_demo/ros2_ws/install/event_triggered_swarm:/home/mikks/crazyflie_mapping_demo/ros2_ws/install/drone_logger:/home/mikks/crazyflie_mapping_demo/ros2_ws/install/distributed_average_tracking:/home/mikks/crazyflie_mapping_demo/ros2_ws/install/crazyflie_swarm_logic:/home/mikks/crazyflie_mapping_demo/ros2_ws/install/crazyflie_ros2_multiranger_wall_following:/home/mikks/crazyflie_mapping_demo/ros2_ws/install/crazyflie_ros2_multiranger_simple_mapper:/home/mikks/crazyflie_mapping_demo/ros2_ws/install/crazyflie_py:/home/mikks/crazyflie_mapping_demo/ros2_ws/install/cooperative_target_centric_formation:/home/mikks/crazyflie_mapping_demo/ros2_ws/install/containment_using_agent_information:/home/mikks/crazyflie_mapping_demo/ros2_ws/install/consensus_for_double_integrator:/home/mikks/crazyflie_mapping_demo/ros2_ws/install/consensus_alignment:/home/mikks/crazyflie_mapping_demo/ros2_ws/install/binary_consensus:/home/mikks/crazyflie_mapping_demo/ros2_ws/install/Second_Order_Min_Consensus_for_Heterogeneous_Agents:/home/mikks/crazyflie_mapping_demo/ros2_ws/install/BinaryContainmentChain:/opt/ros/jazzy DEBUGINFOD_URLS=https://debuginfod.ubuntu.com LD_LIBRARY_PATH=/home/mikks/ros2_px4_ws/install/px4_ros2_cpp/lib:/home/mikks/ros2_px4_ws/install/px4_msgs/lib:/home/mikks/ros2_px4_ws/install/px4_ros_com/lib:/home/mikks/NatNet_SDK_4.3_ubuntu/lib:/home/mikks/crazyflie_mapping_demo/ros2_ws/install/crazyflie_interfaces/lib:/opt/ros/jazzy/opt/gz_sim_vendor/lib:/opt/ros/jazzy/opt/gz_sensors_vendor/lib:/opt/ros/jazzy/opt/gz_physics_vendor/lib:/opt/ros/jazzy/opt/sdformat_vendor/lib:/opt/ros/jazzy/opt/rviz_ogre_vendor/lib:/opt/ros/jazzy/lib/x86_64-linux-gnu:/opt/ros/jazzy/opt/gz_gui_vendor/lib:/opt/ros/jazzy/opt/gz_transport_vendor/lib:/opt/ros/jazzy/opt/gz_rendering_vendor/lib:/opt/ros/jazzy/opt/gz_plugin_vendor/lib:/opt/ros/jazzy/opt/gz_fuel_tools_vendor/lib:/opt/ros/jazzy/opt/gz_msgs_vendor/lib:/opt/ros/jazzy/opt/gz_common_vendor/lib:/opt/ros/jazzy/opt/gz_math_vendor/lib:/opt/ros/jazzy/opt/gz_utils_vendor/lib:/opt/ros/jazzy/opt/gz_tools_vendor/lib:/opt/ros/jazzy/opt/gz_ogre_next_vendor/lib:/opt/ros/jazzy/opt/gz_dartsim_vendor/lib:/opt/ros/jazzy/opt/gz_cmake_vendor/lib:/opt/ros/jazzy/lib PYTHONPATH=/home/mikks/ros2_px4_ws/install/px4_msgs/lib/python3.12/site-packages:/home/mikks/ros2_px4_ws/build/x500_hover_controller:/home/mikks/ros2_px4_ws/install/x500_hover_controller/lib/python3.12/site-packages:/home/mikks/ros2_px4_ws/install/px4_ros_com/lib/python3.12/site-packages:/home/mikks/ros2_px4_ws/build/example_mode_with_rclpy_py:/home/mikks/ros2_px4_ws/install/example_mode_with_rclpy_py/lib/python3.12/site-packages:/home/mikks/ros2_px4_ws/build/example_mode_goto_py:/home/mikks/ros2_px4_ws/install/example_mode_goto_py/lib/python3.12/site-packages:/home/mikks/ros2_px4_ws/install/px4_ros2_py/lib/python3.12/site-packages:/home/mikks/ros2_px4_ws/build/px4_actuator_ctrl:/home/mikks/ros2_px4_ws/install/px4_actuator_ctrl/lib/python3.12/site-packages:/home/mikks/ros2_ws/build/rover_desc_description:/home/mikks/ros2_ws/install/rover_desc_description/lib/python3.12/site-packages:/home/mikks/ros2_ws/install/px4_actuator_ctrl/lib/python3.12/site-packages:/home/mikks/ros2_ws/build/mine_rover_description:/home/mikks/ros2_ws/install/mine_rover_description/lib/python3.12/site-packages:/home/mikks/ros2_ws/build/ZerionURDFV5cp_description:/home/mikks/ros2_ws/install/ZerionURDFV5cp_description/lib/python3.12/site-packages:/home/mikks/crazyflie_mapping_demo/ros2_ws/install/velocity_free_consensus/lib/python3.12/site-packages:/home/mikks/crazyflie_mapping_demo/ros2_ws/install/stepwise_lowpos/lib/python3.12/site-packages:/home/mikks/crazyflie_mapping_demo/ros2_ws/install/step_wise_lowpos/lib/python3.12/site-packages:/home/mikks/crazyflie_mapping_demo/ros2_ws/install/second_order_formation_control/lib/python3.12/site-packages:/home/mikks/crazyflie_mapping_demo/ros2_ws/install/ros_gz_crazyflie_control/lib/python3.12/site-packages:/home/mikks/crazyflie_mapping_demo/ros2_ws/install/mixed_fractional_consensus/lib/python3.12/site-packages:/home/mikks/crazyflie_mapping_demo/ros2_ws/install/lowest_pos/lib/python3.12/site-packages:/home/mikks/crazyflie_mapping_demo/ros2_ws/install/linear_consensus/lib/python3.12/site-packages:/home/mikks/crazyflie_mapping_demo/ros2_ws/install/highest_pos/lib/python3.12/site-packages:/home/mikks/crazyflie_mapping_demo/ros2_ws/install/fractional_consensus_alpha/lib/python3.12/site-packages:/home/mikks/crazyflie_mapping_demo/ros2_ws/install/event_triggered_swarm/lib/python3.12/site-packages:/home/mikks/crazyflie_mapping_demo/ros2_ws/install/drone_logger/lib/python3.12/site-packages:/home/mikks/crazyflie_mapping_demo/ros2_ws/install/distributed_average_tracking/lib/python3.12/site-packages:/home/mikks/crazyflie_mapping_demo/ros2_ws/install/crazyflie_swarm_logic/lib/python3.12/site-packages:/home/mikks/crazyflie_mapping_demo/ros2_ws/install/crazyflie_sim/lib/python3.12/site-packages:/home/mikks/crazyflie_mapping_demo/ros2_ws/install/crazyflie_ros2_multiranger_wall_following/lib/python3.12/site-packages:/home/mikks/crazyflie_mapping_demo/ros2_ws/install/crazyflie_ros2_multiranger_simple_mapper/lib/python3.12/site-packages:/home/mikks/crazyflie_mapping_demo/ros2_ws/install/crazyflie_examples/lib/python3.12/site-packages:/home/mikks/crazyflie_mapping_demo/ros2_ws/install/crazyflie_py/lib/python3.12/site-packages:/home/mikks/crazyflie_mapping_demo/ros2_ws/install/crazyflie_interfaces/lib/python3.12/site-packages:/home/mikks/crazyflie_mapping_demo/ros2_ws/install/cooperative_target_centric_formation/lib/python3.12/site-packages:/home/mikks/crazyflie_mapping_demo/ros2_ws/install/containment_using_agent_information/lib/python3.12/site-packages:/home/mikks/crazyflie_mapping_demo/ros2_ws/install/consensus_for_double_integrator/lib/python3.12/site-packages:/home/mikks/crazyflie_mapping_demo/ros2_ws/install/consensus_alignment/lib/python3.12/site-packages:/home/mikks/crazyflie_mapping_demo/ros2_ws/install/binary_consensus/lib/python3.12/site-packages:/home/mikks/crazyflie_mapping_demo/ros2_ws/install/Second_Order_Min_Consensus_for_Heterogeneous_Agents/lib/python3.12/site-packages:/home/mikks/crazyflie_mapping_demo/ros2_ws/install/BinaryContainmentChain/lib/python3.12/site-packages:/opt/ros/jazzy/lib/python3.12/site-packages /usr/bin/cmake --install /home/mikks/ros2_px4_ws/build/example_local_navigation_cpp
[4.851s] Level 1:colcon.colcon_core.environment:checking '/home/mikks/ros2_px4_ws/install/example_local_navigation_cpp' for CMake config files
[4.851s] Level 1:colcon.colcon_core.shell:create_environment_hook('example_local_navigation_cpp', 'cmake_prefix_path')
[4.851s] INFO:colcon.colcon_core.shell:Creating environment hook '/home/mikks/ros2_px4_ws/install/example_local_navigation_cpp/share/example_local_navigation_cpp/hook/cmake_prefix_path.ps1'
[4.852s] INFO:colcon.colcon_core.shell:Creating environment descriptor '/home/mikks/ros2_px4_ws/install/example_local_navigation_cpp/share/example_local_navigation_cpp/hook/cmake_prefix_path.dsv'
[4.852s] INFO:colcon.colcon_core.shell:Creating environment hook '/home/mikks/ros2_px4_ws/install/example_local_navigation_cpp/share/example_local_navigation_cpp/hook/cmake_prefix_path.sh'
[4.853s] Level 1:colcon.colcon_core.environment:checking '/home/mikks/ros2_px4_ws/install/example_local_navigation_cpp/lib'
[4.853s] Level 1:colcon.colcon_core.environment:checking '/home/mikks/ros2_px4_ws/install/example_local_navigation_cpp/bin'
[4.853s] Level 1:colcon.colcon_core.environment:checking '/home/mikks/ros2_px4_ws/install/example_local_navigation_cpp/lib/pkgconfig/example_local_navigation_cpp.pc'
[4.853s] Level 1:colcon.colcon_core.environment:checking '/home/mikks/ros2_px4_ws/install/example_local_navigation_cpp/lib/python3.12/site-packages'
[4.854s] Level 1:colcon.colcon_core.environment:checking '/home/mikks/ros2_px4_ws/install/example_local_navigation_cpp/bin'
[4.854s] INFO:colcon.colcon_core.shell:Creating package script '/home/mikks/ros2_px4_ws/install/example_local_navigation_cpp/share/example_local_navigation_cpp/package.ps1'
[4.855s] INFO:colcon.colcon_core.shell:Creating package descriptor '/home/mikks/ros2_px4_ws/install/example_local_navigation_cpp/share/example_local_navigation_cpp/package.dsv'
[4.855s] INFO:colcon.colcon_core.shell:Creating package script '/home/mikks/ros2_px4_ws/install/example_local_navigation_cpp/share/example_local_navigation_cpp/package.sh'
[4.856s] INFO:colcon.colcon_core.shell:Creating package script '/home/mikks/ros2_px4_ws/install/example_local_navigation_cpp/share/example_local_navigation_cpp/package.bash'
[4.856s] INFO:colcon.colcon_core.shell:Creating package script '/home/mikks/ros2_px4_ws/install/example_local_navigation_cpp/share/example_local_navigation_cpp/package.zsh'
[4.857s] Level 1:colcon.colcon_core.environment:create_file_with_runtime_dependencies(/home/mikks/ros2_px4_ws/install/example_local_navigation_cpp/share/colcon-core/packages/example_local_navigation_cpp)
[4.857s] Level 1:colcon.colcon_core.environment:create_environment_scripts_only(example_local_navigation_cpp)
[4.857s] Level 1:colcon.colcon_core.environment:checking '/home/mikks/ros2_px4_ws/install/example_local_navigation_cpp' for CMake module files
[4.858s] Level 1:colcon.colcon_core.environment:checking '/home/mikks/ros2_px4_ws/install/example_local_navigation_cpp' for CMake config files
[4.859s] Level 1:colcon.colcon_core.shell:create_environment_hook('example_local_navigation_cpp', 'cmake_prefix_path')
[4.859s] INFO:colcon.colcon_core.shell:Creating environment hook '/home/mikks/ros2_px4_ws/install/example_local_navigation_cpp/share/example_local_navigation_cpp/hook/cmake_prefix_path.ps1'
[4.859s] INFO:colcon.colcon_core.shell:Creating environment descriptor '/home/mikks/ros2_px4_ws/install/example_local_navigation_cpp/share/example_local_navigation_cpp/hook/cmake_prefix_path.dsv'
[4.860s] INFO:colcon.colcon_core.shell:Creating environment hook '/home/mikks/ros2_px4_ws/install/example_local_navigation_cpp/share/example_local_navigation_cpp/hook/cmake_prefix_path.sh'
[4.860s] Level 1:colcon.colcon_core.environment:checking '/home/mikks/ros2_px4_ws/install/example_local_navigation_cpp/lib'
[4.860s] Level 1:colcon.colcon_core.environment:checking '/home/mikks/ros2_px4_ws/install/example_local_navigation_cpp/bin'
[4.860s] Level 1:colcon.colcon_core.environment:checking '/home/mikks/ros2_px4_ws/install/example_local_navigation_cpp/lib/pkgconfig/example_local_navigation_cpp.pc'
[4.861s] Level 1:colcon.colcon_core.environment:checking '/home/mikks/ros2_px4_ws/install/example_local_navigation_cpp/lib/python3.12/site-packages'
[4.861s] Level 1:colcon.colcon_core.environment:checking '/home/mikks/ros2_px4_ws/install/example_local_navigation_cpp/bin'
[4.861s] INFO:colcon.colcon_core.shell:Creating package script '/home/mikks/ros2_px4_ws/install/example_local_navigation_cpp/share/example_local_navigation_cpp/package.ps1'
[4.862s] INFO:colcon.colcon_core.shell:Creating package descriptor '/home/mikks/ros2_px4_ws/install/example_local_navigation_cpp/share/example_local_navigation_cpp/package.dsv'
[4.863s] INFO:colcon.colcon_core.shell:Creating package script '/home/mikks/ros2_px4_ws/install/example_local_navigation_cpp/share/example_local_navigation_cpp/package.sh'
[4.863s] INFO:colcon.colcon_core.shell:Creating package script '/home/mikks/ros2_px4_ws/install/example_local_navigation_cpp/share/example_local_navigation_cpp/package.bash'
[4.864s] INFO:colcon.colcon_core.shell:Creating package script '/home/mikks/ros2_px4_ws/install/example_local_navigation_cpp/share/example_local_navigation_cpp/package.zsh'
[4.864s] Level 1:colcon.colcon_core.environment:create_file_with_runtime_dependencies(/home/mikks/ros2_px4_ws/install/example_local_navigation_cpp/share/colcon-core/packages/example_local_navigation_cpp)
[4.865s] Level 1:colcon.colcon_core.environment:create_environment_scripts_only(px4_ros_com)
[4.865s] Level 1:colcon.colcon_core.environment:checking '/home/mikks/ros2_px4_ws/install/px4_ros_com' for CMake module files
[4.866s] DEBUG:colcon.colcon_core.event_handler.log_command:Invoked command in '/home/mikks/ros2_px4_ws/build/px4_ros_com' returned '0': CMAKE_PREFIX_PATH=/home/mikks/ros2_px4_ws/install/px4_msgs:/home/mikks/ros2_px4_ws/install/px4_ros_com:/home/mikks/ros2_px4_ws/install/px4_ros2_py:/home/mikks/ros2_px4_ws/install/example_rover_velocity_mode_cpp:/home/mikks/ros2_px4_ws/install/example_mode_with_executor_cpp:/home/mikks/ros2_px4_ws/install/example_mode_vtol_cpp:/home/mikks/ros2_px4_ws/install/example_mode_rtl_replacement_cpp:/home/mikks/ros2_px4_ws/install/example_mode_mission_cpp:/home/mikks/ros2_px4_ws/install/example_mode_manual_cpp:/home/mikks/ros2_px4_ws/install/example_mode_goto_global_cpp:/home/mikks/ros2_px4_ws/install/example_mode_goto_cpp:/home/mikks/ros2_px4_ws/install/example_mode_fw_attitude_cpp:/home/mikks/ros2_px4_ws/install/example_local_navigation_cpp:/home/mikks/ros2_px4_ws/install/example_global_navigation_cpp:/home/mikks/ros2_px4_ws/install/example_executor_with_multiple_modes_cpp:/home/mikks/ros2_px4_ws/install/px4_ros2_cpp:/home/mikks/crazyflie_mapping_demo/ros2_ws/install/crazyflie_ros2_multiranger_bringup:/home/mikks/crazyflie_mapping_demo/ros2_ws/install/ros_gz_crazyflie_bringup:/home/mikks/crazyflie_mapping_demo/ros2_ws/install/ros_gz_crazyflie_gazebo:/home/mikks/crazyflie_mapping_demo/ros2_ws/install/crazyflie_sim:/home/mikks/crazyflie_mapping_demo/ros2_ws/install/crazyflie_examples:/home/mikks/crazyflie_mapping_demo/ros2_ws/install/crazyflie:/home/mikks/crazyflie_mapping_demo/ros2_ws/install/crazyflie_interfaces:/opt/ros/jazzy/opt/gz_sim_vendor:/opt/ros/jazzy/opt/gz_sensors_vendor:/opt/ros/jazzy/opt/gz_physics_vendor:/opt/ros/jazzy/opt/sdformat_vendor:/opt/ros/jazzy/opt/gz_gui_vendor:/opt/ros/jazzy/opt/gz_transport_vendor:/opt/ros/jazzy/opt/gz_rendering_vendor:/opt/ros/jazzy/opt/gz_plugin_vendor:/opt/ros/jazzy/opt/gz_fuel_tools_vendor:/opt/ros/jazzy/opt/gz_msgs_vendor:/opt/ros/jazzy/opt/gz_common_vendor:/opt/ros/jazzy/opt/gz_math_vendor:/opt/ros/jazzy/opt/gz_utils_vendor:/opt/ros/jazzy/opt/gz_tools_vendor:/opt/ros/jazzy/opt/gz_ogre_next_vendor:/opt/ros/jazzy/opt/gz_dartsim_vendor:/opt/ros/jazzy/opt/gz_cmake_vendor:/home/mikks/ros2_px4_ws/install/x500_hover_controller:/home/mikks/ros2_px4_ws/install/example_mode_with_rclpy_py:/home/mikks/ros2_px4_ws/install/example_mode_goto_py:/home/mikks/ros2_px4_ws/install/px4_actuator_ctrl:/home/mikks/ros2_ws/install/rover_desc_description:/home/mikks/ros2_ws/install/px4_actuator_ctrl:/home/mikks/ros2_ws/install/mine_rover_description:/home/mikks/ros2_ws/install/ZerionURDFV5cp_description:/home/mikks/crazyflie_mapping_demo/ros2_ws/install/velocity_free_consensus:/home/mikks/crazyflie_mapping_demo/ros2_ws/install/stepwise_lowpos:/home/mikks/crazyflie_mapping_demo/ros2_ws/install/step_wise_lowpos:/home/mikks/crazyflie_mapping_demo/ros2_ws/install/second_order_formation_control:/home/mikks/crazyflie_mapping_demo/ros2_ws/install/ros_gz_crazyflie_control:/home/mikks/crazyflie_mapping_demo/ros2_ws/install/mixed_fractional_consensus:/home/mikks/crazyflie_mapping_demo/ros2_ws/install/lowest_pos:/home/mikks/crazyflie_mapping_demo/ros2_ws/install/linear_consensus:/home/mikks/crazyflie_mapping_demo/ros2_ws/install/highest_pos:/home/mikks/crazyflie_mapping_demo/ros2_ws/install/fractional_consensus_alpha:/home/mikks/crazyflie_mapping_demo/ros2_ws/install/event_triggered_swarm:/home/mikks/crazyflie_mapping_demo/ros2_ws/install/drone_logger:/home/mikks/crazyflie_mapping_demo/ros2_ws/install/distributed_average_tracking:/home/mikks/crazyflie_mapping_demo/ros2_ws/install/crazyflie_swarm_logic:/home/mikks/crazyflie_mapping_demo/ros2_ws/install/crazyflie_ros2_multiranger_wall_following:/home/mikks/crazyflie_mapping_demo/ros2_ws/install/crazyflie_ros2_multiranger_simple_mapper:/home/mikks/crazyflie_mapping_demo/ros2_ws/install/crazyflie_py:/home/mikks/crazyflie_mapping_demo/ros2_ws/install/cooperative_target_centric_formation:/home/mikks/crazyflie_mapping_demo/ros2_ws/install/containment_using_agent_information:/home/mikks/crazyflie_mapping_demo/ros2_ws/install/consensus_for_double_integrator:/home/mikks/crazyflie_mapping_demo/ros2_ws/install/consensus_alignment:/home/mikks/crazyflie_mapping_demo/ros2_ws/install/binary_consensus:/home/mikks/crazyflie_mapping_demo/ros2_ws/install/Second_Order_Min_Consensus_for_Heterogeneous_Agents:/home/mikks/crazyflie_mapping_demo/ros2_ws/install/BinaryContainmentChain:/opt/ros/jazzy DEBUGINFOD_URLS=https://debuginfod.ubuntu.com LD_LIBRARY_PATH=/home/mikks/ros2_px4_ws/install/px4_msgs/lib:/home/mikks/ros2_px4_ws/install/px4_ros_com/lib:/home/mikks/ros2_px4_ws/install/px4_ros2_cpp/lib:/home/mikks/NatNet_SDK_4.3_ubuntu/lib:/home/mikks/crazyflie_mapping_demo/ros2_ws/install/crazyflie_interfaces/lib:/opt/ros/jazzy/opt/gz_sim_vendor/lib:/opt/ros/jazzy/opt/gz_sensors_vendor/lib:/opt/ros/jazzy/opt/gz_physics_vendor/lib:/opt/ros/jazzy/opt/sdformat_vendor/lib:/opt/ros/jazzy/opt/rviz_ogre_vendor/lib:/opt/ros/jazzy/lib/x86_64-linux-gnu:/opt/ros/jazzy/opt/gz_gui_vendor/lib:/opt/ros/jazzy/opt/gz_transport_vendor/lib:/opt/ros/jazzy/opt/gz_rendering_vendor/lib:/opt/ros/jazzy/opt/gz_plugin_vendor/lib:/opt/ros/jazzy/opt/gz_fuel_tools_vendor/lib:/opt/ros/jazzy/opt/gz_msgs_vendor/lib:/opt/ros/jazzy/opt/gz_common_vendor/lib:/opt/ros/jazzy/opt/gz_math_vendor/lib:/opt/ros/jazzy/opt/gz_utils_vendor/lib:/opt/ros/jazzy/opt/gz_tools_vendor/lib:/opt/ros/jazzy/opt/gz_ogre_next_vendor/lib:/opt/ros/jazzy/opt/gz_dartsim_vendor/lib:/opt/ros/jazzy/opt/gz_cmake_vendor/lib:/opt/ros/jazzy/lib PYTHONPATH=/home/mikks/ros2_px4_ws/install/px4_msgs/lib/python3.12/site-packages:/home/mikks/ros2_px4_ws/build/x500_hover_controller:/home/mikks/ros2_px4_ws/install/x500_hover_controller/lib/python3.12/site-packages:/home/mikks/ros2_px4_ws/install/px4_ros_com/lib/python3.12/site-packages:/home/mikks/ros2_px4_ws/build/example_mode_with_rclpy_py:/home/mikks/ros2_px4_ws/install/example_mode_with_rclpy_py/lib/python3.12/site-packages:/home/mikks/ros2_px4_ws/build/example_mode_goto_py:/home/mikks/ros2_px4_ws/install/example_mode_goto_py/lib/python3.12/site-packages:/home/mikks/ros2_px4_ws/install/px4_ros2_py/lib/python3.12/site-packages:/home/mikks/ros2_px4_ws/build/px4_actuator_ctrl:/home/mikks/ros2_px4_ws/install/px4_actuator_ctrl/lib/python3.12/site-packages:/home/mikks/ros2_ws/build/rover_desc_description:/home/mikks/ros2_ws/install/rover_desc_description/lib/python3.12/site-packages:/home/mikks/ros2_ws/install/px4_actuator_ctrl/lib/python3.12/site-packages:/home/mikks/ros2_ws/build/mine_rover_description:/home/mikks/ros2_ws/install/mine_rover_description/lib/python3.12/site-packages:/home/mikks/ros2_ws/build/ZerionURDFV5cp_description:/home/mikks/ros2_ws/install/ZerionURDFV5cp_description/lib/python3.12/site-packages:/home/mikks/crazyflie_mapping_demo/ros2_ws/install/velocity_free_consensus/lib/python3.12/site-packages:/home/mikks/crazyflie_mapping_demo/ros2_ws/install/stepwise_lowpos/lib/python3.12/site-packages:/home/mikks/crazyflie_mapping_demo/ros2_ws/install/step_wise_lowpos/lib/python3.12/site-packages:/home/mikks/crazyflie_mapping_demo/ros2_ws/install/second_order_formation_control/lib/python3.12/site-packages:/home/mikks/crazyflie_mapping_demo/ros2_ws/install/ros_gz_crazyflie_control/lib/python3.12/site-packages:/home/mikks/crazyflie_mapping_demo/ros2_ws/install/mixed_fractional_consensus/lib/python3.12/site-packages:/home/mikks/crazyflie_mapping_demo/ros2_ws/install/lowest_pos/lib/python3.12/site-packages:/home/mikks/crazyflie_mapping_demo/ros2_ws/install/linear_consensus/lib/python3.12/site-packages:/home/mikks/crazyflie_mapping_demo/ros2_ws/install/highest_pos/lib/python3.12/site-packages:/home/mikks/crazyflie_mapping_demo/ros2_ws/install/fractional_consensus_alpha/lib/python3.12/site-packages:/home/mikks/crazyflie_mapping_demo/ros2_ws/install/event_triggered_swarm/lib/python3.12/site-packages:/home/mikks/crazyflie_mapping_demo/ros2_ws/install/drone_logger/lib/python3.12/site-packages:/home/mikks/crazyflie_mapping_demo/ros2_ws/install/distributed_average_tracking/lib/python3.12/site-packages:/home/mikks/crazyflie_mapping_demo/ros2_ws/install/crazyflie_swarm_logic/lib/python3.12/site-packages:/home/mikks/crazyflie_mapping_demo/ros2_ws/install/crazyflie_sim/lib/python3.12/site-packages:/home/mikks/crazyflie_mapping_demo/ros2_ws/install/crazyflie_ros2_multiranger_wall_following/lib/python3.12/site-packages:/home/mikks/crazyflie_mapping_demo/ros2_ws/install/crazyflie_ros2_multiranger_simple_mapper/lib/python3.12/site-packages:/home/mikks/crazyflie_mapping_demo/ros2_ws/install/crazyflie_examples/lib/python3.12/site-packages:/home/mikks/crazyflie_mapping_demo/ros2_ws/install/crazyflie_py/lib/python3.12/site-packages:/home/mikks/crazyflie_mapping_demo/ros2_ws/install/crazyflie_interfaces/lib/python3.12/site-packages:/home/mikks/crazyflie_mapping_demo/ros2_ws/install/cooperative_target_centric_formation/lib/python3.12/site-packages:/home/mikks/crazyflie_mapping_demo/ros2_ws/install/containment_using_agent_information/lib/python3.12/site-packages:/home/mikks/crazyflie_mapping_demo/ros2_ws/install/consensus_for_double_integrator/lib/python3.12/site-packages:/home/mikks/crazyflie_mapping_demo/ros2_ws/install/consensus_alignment/lib/python3.12/site-packages:/home/mikks/crazyflie_mapping_demo/ros2_ws/install/binary_consensus/lib/python3.12/site-packages:/home/mikks/crazyflie_mapping_demo/ros2_ws/install/Second_Order_Min_Consensus_for_Heterogeneous_Agents/lib/python3.12/site-packages:/home/mikks/crazyflie_mapping_demo/ros2_ws/install/BinaryContainmentChain/lib/python3.12/site-packages:/opt/ros/jazzy/lib/python3.12/site-packages /usr/bin/cmake --install /home/mikks/ros2_px4_ws/build/px4_ros_com
[4.866s] Level 1:colcon.colcon_core.environment:checking '/home/mikks/ros2_px4_ws/install/px4_ros_com' for CMake config files
[4.867s] Level 1:colcon.colcon_core.shell:create_environment_hook('px4_ros_com', 'cmake_prefix_path')
[4.867s] INFO:colcon.colcon_core.shell:Creating environment hook '/home/mikks/ros2_px4_ws/install/px4_ros_com/share/px4_ros_com/hook/cmake_prefix_path.ps1'
[4.868s] INFO:colcon.colcon_core.shell:Creating environment descriptor '/home/mikks/ros2_px4_ws/install/px4_ros_com/share/px4_ros_com/hook/cmake_prefix_path.dsv'
[4.868s] INFO:colcon.colcon_core.shell:Creating environment hook '/home/mikks/ros2_px4_ws/install/px4_ros_com/share/px4_ros_com/hook/cmake_prefix_path.sh'
[4.869s] Level 1:colcon.colcon_core.environment:checking '/home/mikks/ros2_px4_ws/install/px4_ros_com/lib'
[4.869s] Level 1:colcon.colcon_core.shell:create_environment_hook('px4_ros_com', 'ld_library_path_lib')
[4.869s] INFO:colcon.colcon_core.shell:Creating environment hook '/home/mikks/ros2_px4_ws/install/px4_ros_com/share/px4_ros_com/hook/ld_library_path_lib.ps1'
[4.870s] INFO:colcon.colcon_core.shell:Creating environment descriptor '/home/mikks/ros2_px4_ws/install/px4_ros_com/share/px4_ros_com/hook/ld_library_path_lib.dsv'
[4.870s] INFO:colcon.colcon_core.shell:Creating environment hook '/home/mikks/ros2_px4_ws/install/px4_ros_com/share/px4_ros_com/hook/ld_library_path_lib.sh'
[4.871s] Level 1:colcon.colcon_core.environment:checking '/home/mikks/ros2_px4_ws/install/px4_ros_com/bin'
[4.871s] Level 1:colcon.colcon_core.environment:checking '/home/mikks/ros2_px4_ws/install/px4_ros_com/lib/pkgconfig/px4_ros_com.pc'
[4.871s] Level 1:colcon.colcon_core.environment:checking '/home/mikks/ros2_px4_ws/install/px4_ros_com/lib/python3.12/site-packages'
[4.871s] Level 1:colcon.colcon_core.shell:create_environment_hook('px4_ros_com', 'pythonpath')
[4.871s] INFO:colcon.colcon_core.shell:Creating environment hook '/home/mikks/ros2_px4_ws/install/px4_ros_com/share/px4_ros_com/hook/pythonpath.ps1'
[4.872s] INFO:colcon.colcon_core.shell:Creating environment descriptor '/home/mikks/ros2_px4_ws/install/px4_ros_com/share/px4_ros_com/hook/pythonpath.dsv'
[4.872s] INFO:colcon.colcon_core.shell:Creating environment hook '/home/mikks/ros2_px4_ws/install/px4_ros_com/share/px4_ros_com/hook/pythonpath.sh'
[4.873s] Level 1:colcon.colcon_core.environment:checking '/home/mikks/ros2_px4_ws/install/px4_ros_com/bin'
[4.873s] INFO:colcon.colcon_core.shell:Creating package script '/home/mikks/ros2_px4_ws/install/px4_ros_com/share/px4_ros_com/package.ps1'
[4.874s] INFO:colcon.colcon_core.shell:Creating package descriptor '/home/mikks/ros2_px4_ws/install/px4_ros_com/share/px4_ros_com/package.dsv'
[4.875s] INFO:colcon.colcon_core.shell:Creating package script '/home/mikks/ros2_px4_ws/install/px4_ros_com/share/px4_ros_com/package.sh'
[4.875s] INFO:colcon.colcon_core.shell:Creating package script '/home/mikks/ros2_px4_ws/install/px4_ros_com/share/px4_ros_com/package.bash'
[4.876s] INFO:colcon.colcon_core.shell:Creating package script '/home/mikks/ros2_px4_ws/install/px4_ros_com/share/px4_ros_com/package.zsh'
[4.876s] Level 1:colcon.colcon_core.environment:create_file_with_runtime_dependencies(/home/mikks/ros2_px4_ws/install/px4_ros_com/share/colcon-core/packages/px4_ros_com)
[4.877s] Level 1:colcon.colcon_core.environment:create_environment_scripts_only(px4_ros_com)
[4.877s] Level 1:colcon.colcon_core.environment:checking '/home/mikks/ros2_px4_ws/install/px4_ros_com' for CMake module files
[4.878s] Level 1:colcon.colcon_core.environment:checking '/home/mikks/ros2_px4_ws/install/px4_ros_com' for CMake config files
[4.879s] Level 1:colcon.colcon_core.shell:create_environment_hook('px4_ros_com', 'cmake_prefix_path')
[4.879s] INFO:colcon.colcon_core.shell:Creating environment hook '/home/mikks/ros2_px4_ws/install/px4_ros_com/share/px4_ros_com/hook/cmake_prefix_path.ps1'
[4.879s] INFO:colcon.colcon_core.shell:Creating environment descriptor '/home/mikks/ros2_px4_ws/install/px4_ros_com/share/px4_ros_com/hook/cmake_prefix_path.dsv'
[4.880s] INFO:colcon.colcon_core.shell:Creating environment hook '/home/mikks/ros2_px4_ws/install/px4_ros_com/share/px4_ros_com/hook/cmake_prefix_path.sh'
[4.880s] Level 1:colcon.colcon_core.environment:checking '/home/mikks/ros2_px4_ws/install/px4_ros_com/lib'
[4.881s] Level 1:colcon.colcon_core.shell:create_environment_hook('px4_ros_com', 'ld_library_path_lib')
[4.881s] INFO:colcon.colcon_core.shell:Creating environment hook '/home/mikks/ros2_px4_ws/install/px4_ros_com/share/px4_ros_com/hook/ld_library_path_lib.ps1'
[4.881s] INFO:colcon.colcon_core.shell:Creating environment descriptor '/home/mikks/ros2_px4_ws/install/px4_ros_com/share/px4_ros_com/hook/ld_library_path_lib.dsv'
[4.882s] INFO:colcon.colcon_core.shell:Creating environment hook '/home/mikks/ros2_px4_ws/install/px4_ros_com/share/px4_ros_com/hook/ld_library_path_lib.sh'
[4.882s] Level 1:colcon.colcon_core.environment:checking '/home/mikks/ros2_px4_ws/install/px4_ros_com/bin'
[4.882s] Level 1:colcon.colcon_core.environment:checking '/home/mikks/ros2_px4_ws/install/px4_ros_com/lib/pkgconfig/px4_ros_com.pc'
[4.883s] Level 1:colcon.colcon_core.environment:checking '/home/mikks/ros2_px4_ws/install/px4_ros_com/lib/python3.12/site-packages'
[4.883s] Level 1:colcon.colcon_core.shell:create_environment_hook('px4_ros_com', 'pythonpath')
[4.883s] INFO:colcon.colcon_core.shell:Creating environment hook '/home/mikks/ros2_px4_ws/install/px4_ros_com/share/px4_ros_com/hook/pythonpath.ps1'
[4.883s] INFO:colcon.colcon_core.shell:Creating environment descriptor '/home/mikks/ros2_px4_ws/install/px4_ros_com/share/px4_ros_com/hook/pythonpath.dsv'
[4.884s] INFO:colcon.colcon_core.shell:Creating environment hook '/home/mikks/ros2_px4_ws/install/px4_ros_com/share/px4_ros_com/hook/pythonpath.sh'
[4.885s] Level 1:colcon.colcon_core.environment:checking '/home/mikks/ros2_px4_ws/install/px4_ros_com/bin'
[4.885s] INFO:colcon.colcon_core.shell:Creating package script '/home/mikks/ros2_px4_ws/install/px4_ros_com/share/px4_ros_com/package.ps1'
[4.886s] INFO:colcon.colcon_core.shell:Creating package descriptor '/home/mikks/ros2_px4_ws/install/px4_ros_com/share/px4_ros_com/package.dsv'
[4.886s] INFO:colcon.colcon_core.shell:Creating package script '/home/mikks/ros2_px4_ws/install/px4_ros_com/share/px4_ros_com/package.sh'
[4.887s] INFO:colcon.colcon_core.shell:Creating package script '/home/mikks/ros2_px4_ws/install/px4_ros_com/share/px4_ros_com/package.bash'
[4.888s] INFO:colcon.colcon_core.shell:Creating package script '/home/mikks/ros2_px4_ws/install/px4_ros_com/share/px4_ros_com/package.zsh'
[4.888s] Level 1:colcon.colcon_core.environment:create_file_with_runtime_dependencies(/home/mikks/ros2_px4_ws/install/px4_ros_com/share/colcon-core/packages/px4_ros_com)
[4.890s] INFO:colcon.colcon_ros.task.ament_cmake.build:Building ROS package in '/home/mikks/ros2_px4_ws/src/px4-ros2-interface-lib/examples/cpp/modes/mode_with_executor' with build type 'ament_cmake'
[4.890s] INFO:colcon.colcon_cmake.task.cmake.build:Building CMake package in '/home/mikks/ros2_px4_ws/src/px4-ros2-interface-lib/examples/cpp/modes/mode_with_executor'
[4.891s] INFO:colcon.colcon_core.shell:Skip shell extension 'powershell' for command environment: Not usable outside of PowerShell
[4.891s] DEBUG:colcon.colcon_core.shell:Skip shell extension 'dsv' for command environment
[4.902s] INFO:colcon.colcon_ros.task.ament_cmake.build:Building ROS package in '/home/mikks/ros2_px4_ws/src/px4-ros2-interface-lib/examples/cpp/modes/rover_velocity' with build type 'ament_cmake'
[4.902s] INFO:colcon.colcon_cmake.task.cmake.build:Building CMake package in '/home/mikks/ros2_px4_ws/src/px4-ros2-interface-lib/examples/cpp/modes/rover_velocity'
[4.903s] INFO:colcon.colcon_core.shell:Skip shell extension 'powershell' for command environment: Not usable outside of PowerShell
[4.903s] DEBUG:colcon.colcon_core.shell:Skip shell extension 'dsv' for command environment
[4.912s] Level 1:colcon.colcon_core.environment:create_environment_scripts_only(example_mode_mission_cpp)
[4.913s] Level 1:colcon.colcon_core.environment:checking '/home/mikks/ros2_px4_ws/install/example_mode_mission_cpp' for CMake module files
[4.913s] DEBUG:colcon.colcon_core.event_handler.log_command:Invoking command in '/home/mikks/ros2_px4_ws/build/example_mode_rtl_replacement_cpp': CMAKE_PREFIX_PATH=/home/mikks/ros2_px4_ws/install/px4_ros2_cpp:/home/mikks/ros2_px4_ws/install/px4_msgs:/home/mikks/ros2_px4_ws/install/px4_ros_com:/home/mikks/ros2_px4_ws/install/px4_ros2_py:/home/mikks/ros2_px4_ws/install/example_rover_velocity_mode_cpp:/home/mikks/ros2_px4_ws/install/example_mode_with_executor_cpp:/home/mikks/ros2_px4_ws/install/example_mode_vtol_cpp:/home/mikks/ros2_px4_ws/install/example_mode_rtl_replacement_cpp:/home/mikks/ros2_px4_ws/install/example_mode_mission_cpp:/home/mikks/ros2_px4_ws/install/example_mode_manual_cpp:/home/mikks/ros2_px4_ws/install/example_mode_goto_global_cpp:/home/mikks/ros2_px4_ws/install/example_mode_goto_cpp:/home/mikks/ros2_px4_ws/install/example_mode_fw_attitude_cpp:/home/mikks/ros2_px4_ws/install/example_local_navigation_cpp:/home/mikks/ros2_px4_ws/install/example_global_navigation_cpp:/home/mikks/ros2_px4_ws/install/example_executor_with_multiple_modes_cpp:/home/mikks/crazyflie_mapping_demo/ros2_ws/install/crazyflie_ros2_multiranger_bringup:/home/mikks/crazyflie_mapping_demo/ros2_ws/install/ros_gz_crazyflie_bringup:/home/mikks/crazyflie_mapping_demo/ros2_ws/install/ros_gz_crazyflie_gazebo:/home/mikks/crazyflie_mapping_demo/ros2_ws/install/crazyflie_sim:/home/mikks/crazyflie_mapping_demo/ros2_ws/install/crazyflie_examples:/home/mikks/crazyflie_mapping_demo/ros2_ws/install/crazyflie:/home/mikks/crazyflie_mapping_demo/ros2_ws/install/crazyflie_interfaces:/opt/ros/jazzy/opt/gz_sim_vendor:/opt/ros/jazzy/opt/gz_sensors_vendor:/opt/ros/jazzy/opt/gz_physics_vendor:/opt/ros/jazzy/opt/sdformat_vendor:/opt/ros/jazzy/opt/gz_gui_vendor:/opt/ros/jazzy/opt/gz_transport_vendor:/opt/ros/jazzy/opt/gz_rendering_vendor:/opt/ros/jazzy/opt/gz_plugin_vendor:/opt/ros/jazzy/opt/gz_fuel_tools_vendor:/opt/ros/jazzy/opt/gz_msgs_vendor:/opt/ros/jazzy/opt/gz_common_vendor:/opt/ros/jazzy/opt/gz_math_vendor:/opt/ros/jazzy/opt/gz_utils_vendor:/opt/ros/jazzy/opt/gz_tools_vendor:/opt/ros/jazzy/opt/gz_ogre_next_vendor:/opt/ros/jazzy/opt/gz_dartsim_vendor:/opt/ros/jazzy/opt/gz_cmake_vendor:/home/mikks/ros2_px4_ws/install/x500_hover_controller:/home/mikks/ros2_px4_ws/install/example_mode_with_rclpy_py:/home/mikks/ros2_px4_ws/install/example_mode_goto_py:/home/mikks/ros2_px4_ws/install/px4_actuator_ctrl:/home/mikks/ros2_ws/install/rover_desc_description:/home/mikks/ros2_ws/install/px4_actuator_ctrl:/home/mikks/ros2_ws/install/mine_rover_description:/home/mikks/ros2_ws/install/ZerionURDFV5cp_description:/home/mikks/crazyflie_mapping_demo/ros2_ws/install/velocity_free_consensus:/home/mikks/crazyflie_mapping_demo/ros2_ws/install/stepwise_lowpos:/home/mikks/crazyflie_mapping_demo/ros2_ws/install/step_wise_lowpos:/home/mikks/crazyflie_mapping_demo/ros2_ws/install/second_order_formation_control:/home/mikks/crazyflie_mapping_demo/ros2_ws/install/ros_gz_crazyflie_control:/home/mikks/crazyflie_mapping_demo/ros2_ws/install/mixed_fractional_consensus:/home/mikks/crazyflie_mapping_demo/ros2_ws/install/lowest_pos:/home/mikks/crazyflie_mapping_demo/ros2_ws/install/linear_consensus:/home/mikks/crazyflie_mapping_demo/ros2_ws/install/highest_pos:/home/mikks/crazyflie_mapping_demo/ros2_ws/install/fractional_consensus_alpha:/home/mikks/crazyflie_mapping_demo/ros2_ws/install/event_triggered_swarm:/home/mikks/crazyflie_mapping_demo/ros2_ws/install/drone_logger:/home/mikks/crazyflie_mapping_demo/ros2_ws/install/distributed_average_tracking:/home/mikks/crazyflie_mapping_demo/ros2_ws/install/crazyflie_swarm_logic:/home/mikks/crazyflie_mapping_demo/ros2_ws/install/crazyflie_ros2_multiranger_wall_following:/home/mikks/crazyflie_mapping_demo/ros2_ws/install/crazyflie_ros2_multiranger_simple_mapper:/home/mikks/crazyflie_mapping_demo/ros2_ws/install/crazyflie_py:/home/mikks/crazyflie_mapping_demo/ros2_ws/install/cooperative_target_centric_formation:/home/mikks/crazyflie_mapping_demo/ros2_ws/install/containment_using_agent_information:/home/mikks/crazyflie_mapping_demo/ros2_ws/install/consensus_for_double_integrator:/home/mikks/crazyflie_mapping_demo/ros2_ws/install/consensus_alignment:/home/mikks/crazyflie_mapping_demo/ros2_ws/install/binary_consensus:/home/mikks/crazyflie_mapping_demo/ros2_ws/install/Second_Order_Min_Consensus_for_Heterogeneous_Agents:/home/mikks/crazyflie_mapping_demo/ros2_ws/install/BinaryContainmentChain:/opt/ros/jazzy DEBUGINFOD_URLS=https://debuginfod.ubuntu.com LD_LIBRARY_PATH=/home/mikks/ros2_px4_ws/install/px4_ros2_cpp/lib:/home/mikks/ros2_px4_ws/install/px4_msgs/lib:/home/mikks/ros2_px4_ws/install/px4_ros_com/lib:/home/mikks/NatNet_SDK_4.3_ubuntu/lib:/home/mikks/crazyflie_mapping_demo/ros2_ws/install/crazyflie_interfaces/lib:/opt/ros/jazzy/opt/gz_sim_vendor/lib:/opt/ros/jazzy/opt/gz_sensors_vendor/lib:/opt/ros/jazzy/opt/gz_physics_vendor/lib:/opt/ros/jazzy/opt/sdformat_vendor/lib:/opt/ros/jazzy/opt/rviz_ogre_vendor/lib:/opt/ros/jazzy/lib/x86_64-linux-gnu:/opt/ros/jazzy/opt/gz_gui_vendor/lib:/opt/ros/jazzy/opt/gz_transport_vendor/lib:/opt/ros/jazzy/opt/gz_rendering_vendor/lib:/opt/ros/jazzy/opt/gz_plugin_vendor/lib:/opt/ros/jazzy/opt/gz_fuel_tools_vendor/lib:/opt/ros/jazzy/opt/gz_msgs_vendor/lib:/opt/ros/jazzy/opt/gz_common_vendor/lib:/opt/ros/jazzy/opt/gz_math_vendor/lib:/opt/ros/jazzy/opt/gz_utils_vendor/lib:/opt/ros/jazzy/opt/gz_tools_vendor/lib:/opt/ros/jazzy/opt/gz_ogre_next_vendor/lib:/opt/ros/jazzy/opt/gz_dartsim_vendor/lib:/opt/ros/jazzy/opt/gz_cmake_vendor/lib:/opt/ros/jazzy/lib PYTHONPATH=/home/mikks/ros2_px4_ws/install/px4_msgs/lib/python3.12/site-packages:/home/mikks/ros2_px4_ws/build/x500_hover_controller:/home/mikks/ros2_px4_ws/install/x500_hover_controller/lib/python3.12/site-packages:/home/mikks/ros2_px4_ws/install/px4_ros_com/lib/python3.12/site-packages:/home/mikks/ros2_px4_ws/build/example_mode_with_rclpy_py:/home/mikks/ros2_px4_ws/install/example_mode_with_rclpy_py/lib/python3.12/site-packages:/home/mikks/ros2_px4_ws/build/example_mode_goto_py:/home/mikks/ros2_px4_ws/install/example_mode_goto_py/lib/python3.12/site-packages:/home/mikks/ros2_px4_ws/install/px4_ros2_py/lib/python3.12/site-packages:/home/mikks/ros2_px4_ws/build/px4_actuator_ctrl:/home/mikks/ros2_px4_ws/install/px4_actuator_ctrl/lib/python3.12/site-packages:/home/mikks/ros2_ws/build/rover_desc_description:/home/mikks/ros2_ws/install/rover_desc_description/lib/python3.12/site-packages:/home/mikks/ros2_ws/install/px4_actuator_ctrl/lib/python3.12/site-packages:/home/mikks/ros2_ws/build/mine_rover_description:/home/mikks/ros2_ws/install/mine_rover_description/lib/python3.12/site-packages:/home/mikks/ros2_ws/build/ZerionURDFV5cp_description:/home/mikks/ros2_ws/install/ZerionURDFV5cp_description/lib/python3.12/site-packages:/home/mikks/crazyflie_mapping_demo/ros2_ws/install/velocity_free_consensus/lib/python3.12/site-packages:/home/mikks/crazyflie_mapping_demo/ros2_ws/install/stepwise_lowpos/lib/python3.12/site-packages:/home/mikks/crazyflie_mapping_demo/ros2_ws/install/step_wise_lowpos/lib/python3.12/site-packages:/home/mikks/crazyflie_mapping_demo/ros2_ws/install/second_order_formation_control/lib/python3.12/site-packages:/home/mikks/crazyflie_mapping_demo/ros2_ws/install/ros_gz_crazyflie_control/lib/python3.12/site-packages:/home/mikks/crazyflie_mapping_demo/ros2_ws/install/mixed_fractional_consensus/lib/python3.12/site-packages:/home/mikks/crazyflie_mapping_demo/ros2_ws/install/lowest_pos/lib/python3.12/site-packages:/home/mikks/crazyflie_mapping_demo/ros2_ws/install/linear_consensus/lib/python3.12/site-packages:/home/mikks/crazyflie_mapping_demo/ros2_ws/install/highest_pos/lib/python3.12/site-packages:/home/mikks/crazyflie_mapping_demo/ros2_ws/install/fractional_consensus_alpha/lib/python3.12/site-packages:/home/mikks/crazyflie_mapping_demo/ros2_ws/install/event_triggered_swarm/lib/python3.12/site-packages:/home/mikks/crazyflie_mapping_demo/ros2_ws/install/drone_logger/lib/python3.12/site-packages:/home/mikks/crazyflie_mapping_demo/ros2_ws/install/distributed_average_tracking/lib/python3.12/site-packages:/home/mikks/crazyflie_mapping_demo/ros2_ws/install/crazyflie_swarm_logic/lib/python3.12/site-packages:/home/mikks/crazyflie_mapping_demo/ros2_ws/install/crazyflie_sim/lib/python3.12/site-packages:/home/mikks/crazyflie_mapping_demo/ros2_ws/install/crazyflie_ros2_multiranger_wall_following/lib/python3.12/site-packages:/home/mikks/crazyflie_mapping_demo/ros2_ws/install/crazyflie_ros2_multiranger_simple_mapper/lib/python3.12/site-packages:/home/mikks/crazyflie_mapping_demo/ros2_ws/install/crazyflie_examples/lib/python3.12/site-packages:/home/mikks/crazyflie_mapping_demo/ros2_ws/install/crazyflie_py/lib/python3.12/site-packages:/home/mikks/crazyflie_mapping_demo/ros2_ws/install/crazyflie_interfaces/lib/python3.12/site-packages:/home/mikks/crazyflie_mapping_demo/ros2_ws/install/cooperative_target_centric_formation/lib/python3.12/site-packages:/home/mikks/crazyflie_mapping_demo/ros2_ws/install/containment_using_agent_information/lib/python3.12/site-packages:/home/mikks/crazyflie_mapping_demo/ros2_ws/install/consensus_for_double_integrator/lib/python3.12/site-packages:/home/mikks/crazyflie_mapping_demo/ros2_ws/install/consensus_alignment/lib/python3.12/site-packages:/home/mikks/crazyflie_mapping_demo/ros2_ws/install/binary_consensus/lib/python3.12/site-packages:/home/mikks/crazyflie_mapping_demo/ros2_ws/install/Second_Order_Min_Consensus_for_Heterogeneous_Agents/lib/python3.12/site-packages:/home/mikks/crazyflie_mapping_demo/ros2_ws/install/BinaryContainmentChain/lib/python3.12/site-packages:/opt/ros/jazzy/lib/python3.12/site-packages /usr/bin/cmake --build /home/mikks/ros2_px4_ws/build/example_mode_rtl_replacement_cpp -- -j12 -l12
[4.914s] DEBUG:colcon.colcon_core.event_handler.log_command:Invoked command in '/home/mikks/ros2_px4_ws/build/example_mode_mission_cpp' returned '0': CMAKE_PREFIX_PATH=/home/mikks/ros2_px4_ws/install/px4_ros2_cpp:/home/mikks/ros2_px4_ws/install/px4_msgs:/home/mikks/ros2_px4_ws/install/px4_ros_com:/home/mikks/ros2_px4_ws/install/px4_ros2_py:/home/mikks/ros2_px4_ws/install/example_rover_velocity_mode_cpp:/home/mikks/ros2_px4_ws/install/example_mode_with_executor_cpp:/home/mikks/ros2_px4_ws/install/example_mode_vtol_cpp:/home/mikks/ros2_px4_ws/install/example_mode_rtl_replacement_cpp:/home/mikks/ros2_px4_ws/install/example_mode_mission_cpp:/home/mikks/ros2_px4_ws/install/example_mode_manual_cpp:/home/mikks/ros2_px4_ws/install/example_mode_goto_global_cpp:/home/mikks/ros2_px4_ws/install/example_mode_goto_cpp:/home/mikks/ros2_px4_ws/install/example_mode_fw_attitude_cpp:/home/mikks/ros2_px4_ws/install/example_local_navigation_cpp:/home/mikks/ros2_px4_ws/install/example_global_navigation_cpp:/home/mikks/ros2_px4_ws/install/example_executor_with_multiple_modes_cpp:/home/mikks/crazyflie_mapping_demo/ros2_ws/install/crazyflie_ros2_multiranger_bringup:/home/mikks/crazyflie_mapping_demo/ros2_ws/install/ros_gz_crazyflie_bringup:/home/mikks/crazyflie_mapping_demo/ros2_ws/install/ros_gz_crazyflie_gazebo:/home/mikks/crazyflie_mapping_demo/ros2_ws/install/crazyflie_sim:/home/mikks/crazyflie_mapping_demo/ros2_ws/install/crazyflie_examples:/home/mikks/crazyflie_mapping_demo/ros2_ws/install/crazyflie:/home/mikks/crazyflie_mapping_demo/ros2_ws/install/crazyflie_interfaces:/opt/ros/jazzy/opt/gz_sim_vendor:/opt/ros/jazzy/opt/gz_sensors_vendor:/opt/ros/jazzy/opt/gz_physics_vendor:/opt/ros/jazzy/opt/sdformat_vendor:/opt/ros/jazzy/opt/gz_gui_vendor:/opt/ros/jazzy/opt/gz_transport_vendor:/opt/ros/jazzy/opt/gz_rendering_vendor:/opt/ros/jazzy/opt/gz_plugin_vendor:/opt/ros/jazzy/opt/gz_fuel_tools_vendor:/opt/ros/jazzy/opt/gz_msgs_vendor:/opt/ros/jazzy/opt/gz_common_vendor:/opt/ros/jazzy/opt/gz_math_vendor:/opt/ros/jazzy/opt/gz_utils_vendor:/opt/ros/jazzy/opt/gz_tools_vendor:/opt/ros/jazzy/opt/gz_ogre_next_vendor:/opt/ros/jazzy/opt/gz_dartsim_vendor:/opt/ros/jazzy/opt/gz_cmake_vendor:/home/mikks/ros2_px4_ws/install/x500_hover_controller:/home/mikks/ros2_px4_ws/install/example_mode_with_rclpy_py:/home/mikks/ros2_px4_ws/install/example_mode_goto_py:/home/mikks/ros2_px4_ws/install/px4_actuator_ctrl:/home/mikks/ros2_ws/install/rover_desc_description:/home/mikks/ros2_ws/install/px4_actuator_ctrl:/home/mikks/ros2_ws/install/mine_rover_description:/home/mikks/ros2_ws/install/ZerionURDFV5cp_description:/home/mikks/crazyflie_mapping_demo/ros2_ws/install/velocity_free_consensus:/home/mikks/crazyflie_mapping_demo/ros2_ws/install/stepwise_lowpos:/home/mikks/crazyflie_mapping_demo/ros2_ws/install/step_wise_lowpos:/home/mikks/crazyflie_mapping_demo/ros2_ws/install/second_order_formation_control:/home/mikks/crazyflie_mapping_demo/ros2_ws/install/ros_gz_crazyflie_control:/home/mikks/crazyflie_mapping_demo/ros2_ws/install/mixed_fractional_consensus:/home/mikks/crazyflie_mapping_demo/ros2_ws/install/lowest_pos:/home/mikks/crazyflie_mapping_demo/ros2_ws/install/linear_consensus:/home/mikks/crazyflie_mapping_demo/ros2_ws/install/highest_pos:/home/mikks/crazyflie_mapping_demo/ros2_ws/install/fractional_consensus_alpha:/home/mikks/crazyflie_mapping_demo/ros2_ws/install/event_triggered_swarm:/home/mikks/crazyflie_mapping_demo/ros2_ws/install/drone_logger:/home/mikks/crazyflie_mapping_demo/ros2_ws/install/distributed_average_tracking:/home/mikks/crazyflie_mapping_demo/ros2_ws/install/crazyflie_swarm_logic:/home/mikks/crazyflie_mapping_demo/ros2_ws/install/crazyflie_ros2_multiranger_wall_following:/home/mikks/crazyflie_mapping_demo/ros2_ws/install/crazyflie_ros2_multiranger_simple_mapper:/home/mikks/crazyflie_mapping_demo/ros2_ws/install/crazyflie_py:/home/mikks/crazyflie_mapping_demo/ros2_ws/install/cooperative_target_centric_formation:/home/mikks/crazyflie_mapping_demo/ros2_ws/install/containment_using_agent_information:/home/mikks/crazyflie_mapping_demo/ros2_ws/install/consensus_for_double_integrator:/home/mikks/crazyflie_mapping_demo/ros2_ws/install/consensus_alignment:/home/mikks/crazyflie_mapping_demo/ros2_ws/install/binary_consensus:/home/mikks/crazyflie_mapping_demo/ros2_ws/install/Second_Order_Min_Consensus_for_Heterogeneous_Agents:/home/mikks/crazyflie_mapping_demo/ros2_ws/install/BinaryContainmentChain:/opt/ros/jazzy DEBUGINFOD_URLS=https://debuginfod.ubuntu.com LD_LIBRARY_PATH=/home/mikks/ros2_px4_ws/install/px4_ros2_cpp/lib:/home/mikks/ros2_px4_ws/install/px4_msgs/lib:/home/mikks/ros2_px4_ws/install/px4_ros_com/lib:/home/mikks/NatNet_SDK_4.3_ubuntu/lib:/home/mikks/crazyflie_mapping_demo/ros2_ws/install/crazyflie_interfaces/lib:/opt/ros/jazzy/opt/gz_sim_vendor/lib:/opt/ros/jazzy/opt/gz_sensors_vendor/lib:/opt/ros/jazzy/opt/gz_physics_vendor/lib:/opt/ros/jazzy/opt/sdformat_vendor/lib:/opt/ros/jazzy/opt/rviz_ogre_vendor/lib:/opt/ros/jazzy/lib/x86_64-linux-gnu:/opt/ros/jazzy/opt/gz_gui_vendor/lib:/opt/ros/jazzy/opt/gz_transport_vendor/lib:/opt/ros/jazzy/opt/gz_rendering_vendor/lib:/opt/ros/jazzy/opt/gz_plugin_vendor/lib:/opt/ros/jazzy/opt/gz_fuel_tools_vendor/lib:/opt/ros/jazzy/opt/gz_msgs_vendor/lib:/opt/ros/jazzy/opt/gz_common_vendor/lib:/opt/ros/jazzy/opt/gz_math_vendor/lib:/opt/ros/jazzy/opt/gz_utils_vendor/lib:/opt/ros/jazzy/opt/gz_tools_vendor/lib:/opt/ros/jazzy/opt/gz_ogre_next_vendor/lib:/opt/ros/jazzy/opt/gz_dartsim_vendor/lib:/opt/ros/jazzy/opt/gz_cmake_vendor/lib:/opt/ros/jazzy/lib PYTHONPATH=/home/mikks/ros2_px4_ws/install/px4_msgs/lib/python3.12/site-packages:/home/mikks/ros2_px4_ws/build/x500_hover_controller:/home/mikks/ros2_px4_ws/install/x500_hover_controller/lib/python3.12/site-packages:/home/mikks/ros2_px4_ws/install/px4_ros_com/lib/python3.12/site-packages:/home/mikks/ros2_px4_ws/build/example_mode_with_rclpy_py:/home/mikks/ros2_px4_ws/install/example_mode_with_rclpy_py/lib/python3.12/site-packages:/home/mikks/ros2_px4_ws/build/example_mode_goto_py:/home/mikks/ros2_px4_ws/install/example_mode_goto_py/lib/python3.12/site-packages:/home/mikks/ros2_px4_ws/install/px4_ros2_py/lib/python3.12/site-packages:/home/mikks/ros2_px4_ws/build/px4_actuator_ctrl:/home/mikks/ros2_px4_ws/install/px4_actuator_ctrl/lib/python3.12/site-packages:/home/mikks/ros2_ws/build/rover_desc_description:/home/mikks/ros2_ws/install/rover_desc_description/lib/python3.12/site-packages:/home/mikks/ros2_ws/install/px4_actuator_ctrl/lib/python3.12/site-packages:/home/mikks/ros2_ws/build/mine_rover_description:/home/mikks/ros2_ws/install/mine_rover_description/lib/python3.12/site-packages:/home/mikks/ros2_ws/build/ZerionURDFV5cp_description:/home/mikks/ros2_ws/install/ZerionURDFV5cp_description/lib/python3.12/site-packages:/home/mikks/crazyflie_mapping_demo/ros2_ws/install/velocity_free_consensus/lib/python3.12/site-packages:/home/mikks/crazyflie_mapping_demo/ros2_ws/install/stepwise_lowpos/lib/python3.12/site-packages:/home/mikks/crazyflie_mapping_demo/ros2_ws/install/step_wise_lowpos/lib/python3.12/site-packages:/home/mikks/crazyflie_mapping_demo/ros2_ws/install/second_order_formation_control/lib/python3.12/site-packages:/home/mikks/crazyflie_mapping_demo/ros2_ws/install/ros_gz_crazyflie_control/lib/python3.12/site-packages:/home/mikks/crazyflie_mapping_demo/ros2_ws/install/mixed_fractional_consensus/lib/python3.12/site-packages:/home/mikks/crazyflie_mapping_demo/ros2_ws/install/lowest_pos/lib/python3.12/site-packages:/home/mikks/crazyflie_mapping_demo/ros2_ws/install/linear_consensus/lib/python3.12/site-packages:/home/mikks/crazyflie_mapping_demo/ros2_ws/install/highest_pos/lib/python3.12/site-packages:/home/mikks/crazyflie_mapping_demo/ros2_ws/install/fractional_consensus_alpha/lib/python3.12/site-packages:/home/mikks/crazyflie_mapping_demo/ros2_ws/install/event_triggered_swarm/lib/python3.12/site-packages:/home/mikks/crazyflie_mapping_demo/ros2_ws/install/drone_logger/lib/python3.12/site-packages:/home/mikks/crazyflie_mapping_demo/ros2_ws/install/distributed_average_tracking/lib/python3.12/site-packages:/home/mikks/crazyflie_mapping_demo/ros2_ws/install/crazyflie_swarm_logic/lib/python3.12/site-packages:/home/mikks/crazyflie_mapping_demo/ros2_ws/install/crazyflie_sim/lib/python3.12/site-packages:/home/mikks/crazyflie_mapping_demo/ros2_ws/install/crazyflie_ros2_multiranger_wall_following/lib/python3.12/site-packages:/home/mikks/crazyflie_mapping_demo/ros2_ws/install/crazyflie_ros2_multiranger_simple_mapper/lib/python3.12/site-packages:/home/mikks/crazyflie_mapping_demo/ros2_ws/install/crazyflie_examples/lib/python3.12/site-packages:/home/mikks/crazyflie_mapping_demo/ros2_ws/install/crazyflie_py/lib/python3.12/site-packages:/home/mikks/crazyflie_mapping_demo/ros2_ws/install/crazyflie_interfaces/lib/python3.12/site-packages:/home/mikks/crazyflie_mapping_demo/ros2_ws/install/cooperative_target_centric_formation/lib/python3.12/site-packages:/home/mikks/crazyflie_mapping_demo/ros2_ws/install/containment_using_agent_information/lib/python3.12/site-packages:/home/mikks/crazyflie_mapping_demo/ros2_ws/install/consensus_for_double_integrator/lib/python3.12/site-packages:/home/mikks/crazyflie_mapping_demo/ros2_ws/install/consensus_alignment/lib/python3.12/site-packages:/home/mikks/crazyflie_mapping_demo/ros2_ws/install/binary_consensus/lib/python3.12/site-packages:/home/mikks/crazyflie_mapping_demo/ros2_ws/install/Second_Order_Min_Consensus_for_Heterogeneous_Agents/lib/python3.12/site-packages:/home/mikks/crazyflie_mapping_demo/ros2_ws/install/BinaryContainmentChain/lib/python3.12/site-packages:/opt/ros/jazzy/lib/python3.12/site-packages /usr/bin/cmake --install /home/mikks/ros2_px4_ws/build/example_mode_mission_cpp
[4.914s] Level 1:colcon.colcon_core.environment:checking '/home/mikks/ros2_px4_ws/install/example_mode_mission_cpp' for CMake config files
[4.914s] Level 1:colcon.colcon_core.shell:create_environment_hook('example_mode_mission_cpp', 'cmake_prefix_path')
[4.914s] INFO:colcon.colcon_core.shell:Creating environment hook '/home/mikks/ros2_px4_ws/install/example_mode_mission_cpp/share/example_mode_mission_cpp/hook/cmake_prefix_path.ps1'
[4.915s] INFO:colcon.colcon_core.shell:Creating environment descriptor '/home/mikks/ros2_px4_ws/install/example_mode_mission_cpp/share/example_mode_mission_cpp/hook/cmake_prefix_path.dsv'
[4.915s] INFO:colcon.colcon_core.shell:Creating environment hook '/home/mikks/ros2_px4_ws/install/example_mode_mission_cpp/share/example_mode_mission_cpp/hook/cmake_prefix_path.sh'
[4.916s] Level 1:colcon.colcon_core.environment:checking '/home/mikks/ros2_px4_ws/install/example_mode_mission_cpp/lib'
[4.916s] Level 1:colcon.colcon_core.environment:checking '/home/mikks/ros2_px4_ws/install/example_mode_mission_cpp/bin'
[4.916s] Level 1:colcon.colcon_core.environment:checking '/home/mikks/ros2_px4_ws/install/example_mode_mission_cpp/lib/pkgconfig/example_mode_mission_cpp.pc'
[4.916s] Level 1:colcon.colcon_core.environment:checking '/home/mikks/ros2_px4_ws/install/example_mode_mission_cpp/lib/python3.12/site-packages'
[4.916s] Level 1:colcon.colcon_core.environment:checking '/home/mikks/ros2_px4_ws/install/example_mode_mission_cpp/bin'
[4.917s] INFO:colcon.colcon_core.shell:Creating package script '/home/mikks/ros2_px4_ws/install/example_mode_mission_cpp/share/example_mode_mission_cpp/package.ps1'
[4.917s] INFO:colcon.colcon_core.shell:Creating package descriptor '/home/mikks/ros2_px4_ws/install/example_mode_mission_cpp/share/example_mode_mission_cpp/package.dsv'
[4.917s] INFO:colcon.colcon_core.shell:Creating package script '/home/mikks/ros2_px4_ws/install/example_mode_mission_cpp/share/example_mode_mission_cpp/package.sh'
[4.918s] INFO:colcon.colcon_core.shell:Creating package script '/home/mikks/ros2_px4_ws/install/example_mode_mission_cpp/share/example_mode_mission_cpp/package.bash'
[4.918s] INFO:colcon.colcon_core.shell:Creating package script '/home/mikks/ros2_px4_ws/install/example_mode_mission_cpp/share/example_mode_mission_cpp/package.zsh'
[4.918s] Level 1:colcon.colcon_core.environment:create_file_with_runtime_dependencies(/home/mikks/ros2_px4_ws/install/example_mode_mission_cpp/share/colcon-core/packages/example_mode_mission_cpp)
[4.919s] Level 1:colcon.colcon_core.environment:create_environment_scripts_only(example_mode_mission_cpp)
[4.919s] Level 1:colcon.colcon_core.environment:checking '/home/mikks/ros2_px4_ws/install/example_mode_mission_cpp' for CMake module files
[4.919s] Level 1:colcon.colcon_core.environment:checking '/home/mikks/ros2_px4_ws/install/example_mode_mission_cpp' for CMake config files
[4.920s] Level 1:colcon.colcon_core.shell:create_environment_hook('example_mode_mission_cpp', 'cmake_prefix_path')
[4.920s] INFO:colcon.colcon_core.shell:Creating environment hook '/home/mikks/ros2_px4_ws/install/example_mode_mission_cpp/share/example_mode_mission_cpp/hook/cmake_prefix_path.ps1'
[4.920s] INFO:colcon.colcon_core.shell:Creating environment descriptor '/home/mikks/ros2_px4_ws/install/example_mode_mission_cpp/share/example_mode_mission_cpp/hook/cmake_prefix_path.dsv'
[4.921s] INFO:colcon.colcon_core.shell:Creating environment hook '/home/mikks/ros2_px4_ws/install/example_mode_mission_cpp/share/example_mode_mission_cpp/hook/cmake_prefix_path.sh'
[4.921s] Level 1:colcon.colcon_core.environment:checking '/home/mikks/ros2_px4_ws/install/example_mode_mission_cpp/lib'
[4.921s] Level 1:colcon.colcon_core.environment:checking '/home/mikks/ros2_px4_ws/install/example_mode_mission_cpp/bin'
[4.921s] Level 1:colcon.colcon_core.environment:checking '/home/mikks/ros2_px4_ws/install/example_mode_mission_cpp/lib/pkgconfig/example_mode_mission_cpp.pc'
[4.921s] Level 1:colcon.colcon_core.environment:checking '/home/mikks/ros2_px4_ws/install/example_mode_mission_cpp/lib/python3.12/site-packages'
[4.922s] Level 1:colcon.colcon_core.environment:checking '/home/mikks/ros2_px4_ws/install/example_mode_mission_cpp/bin'
[4.922s] INFO:colcon.colcon_core.shell:Creating package script '/home/mikks/ros2_px4_ws/install/example_mode_mission_cpp/share/example_mode_mission_cpp/package.ps1'
[4.922s] INFO:colcon.colcon_core.shell:Creating package descriptor '/home/mikks/ros2_px4_ws/install/example_mode_mission_cpp/share/example_mode_mission_cpp/package.dsv'
[4.923s] INFO:colcon.colcon_core.shell:Creating package script '/home/mikks/ros2_px4_ws/install/example_mode_mission_cpp/share/example_mode_mission_cpp/package.sh'
[4.923s] INFO:colcon.colcon_core.shell:Creating package script '/home/mikks/ros2_px4_ws/install/example_mode_mission_cpp/share/example_mode_mission_cpp/package.bash'
[4.924s] INFO:colcon.colcon_core.shell:Creating package script '/home/mikks/ros2_px4_ws/install/example_mode_mission_cpp/share/example_mode_mission_cpp/package.zsh'
[4.924s] Level 1:colcon.colcon_core.environment:create_file_with_runtime_dependencies(/home/mikks/ros2_px4_ws/install/example_mode_mission_cpp/share/colcon-core/packages/example_mode_mission_cpp)
[4.928s] DEBUG:colcon.colcon_core.event_handler.log_command:Invoking command in '/home/mikks/ros2_px4_ws/build/example_mode_vtol_cpp': CMAKE_PREFIX_PATH=/home/mikks/ros2_px4_ws/install/px4_ros2_cpp:/home/mikks/ros2_px4_ws/install/px4_msgs:/home/mikks/ros2_px4_ws/install/px4_ros_com:/home/mikks/ros2_px4_ws/install/px4_ros2_py:/home/mikks/ros2_px4_ws/install/example_rover_velocity_mode_cpp:/home/mikks/ros2_px4_ws/install/example_mode_with_executor_cpp:/home/mikks/ros2_px4_ws/install/example_mode_vtol_cpp:/home/mikks/ros2_px4_ws/install/example_mode_rtl_replacement_cpp:/home/mikks/ros2_px4_ws/install/example_mode_mission_cpp:/home/mikks/ros2_px4_ws/install/example_mode_manual_cpp:/home/mikks/ros2_px4_ws/install/example_mode_goto_global_cpp:/home/mikks/ros2_px4_ws/install/example_mode_goto_cpp:/home/mikks/ros2_px4_ws/install/example_mode_fw_attitude_cpp:/home/mikks/ros2_px4_ws/install/example_local_navigation_cpp:/home/mikks/ros2_px4_ws/install/example_global_navigation_cpp:/home/mikks/ros2_px4_ws/install/example_executor_with_multiple_modes_cpp:/home/mikks/crazyflie_mapping_demo/ros2_ws/install/crazyflie_ros2_multiranger_bringup:/home/mikks/crazyflie_mapping_demo/ros2_ws/install/ros_gz_crazyflie_bringup:/home/mikks/crazyflie_mapping_demo/ros2_ws/install/ros_gz_crazyflie_gazebo:/home/mikks/crazyflie_mapping_demo/ros2_ws/install/crazyflie_sim:/home/mikks/crazyflie_mapping_demo/ros2_ws/install/crazyflie_examples:/home/mikks/crazyflie_mapping_demo/ros2_ws/install/crazyflie:/home/mikks/crazyflie_mapping_demo/ros2_ws/install/crazyflie_interfaces:/opt/ros/jazzy/opt/gz_sim_vendor:/opt/ros/jazzy/opt/gz_sensors_vendor:/opt/ros/jazzy/opt/gz_physics_vendor:/opt/ros/jazzy/opt/sdformat_vendor:/opt/ros/jazzy/opt/gz_gui_vendor:/opt/ros/jazzy/opt/gz_transport_vendor:/opt/ros/jazzy/opt/gz_rendering_vendor:/opt/ros/jazzy/opt/gz_plugin_vendor:/opt/ros/jazzy/opt/gz_fuel_tools_vendor:/opt/ros/jazzy/opt/gz_msgs_vendor:/opt/ros/jazzy/opt/gz_common_vendor:/opt/ros/jazzy/opt/gz_math_vendor:/opt/ros/jazzy/opt/gz_utils_vendor:/opt/ros/jazzy/opt/gz_tools_vendor:/opt/ros/jazzy/opt/gz_ogre_next_vendor:/opt/ros/jazzy/opt/gz_dartsim_vendor:/opt/ros/jazzy/opt/gz_cmake_vendor:/home/mikks/ros2_px4_ws/install/x500_hover_controller:/home/mikks/ros2_px4_ws/install/example_mode_with_rclpy_py:/home/mikks/ros2_px4_ws/install/example_mode_goto_py:/home/mikks/ros2_px4_ws/install/px4_actuator_ctrl:/home/mikks/ros2_ws/install/rover_desc_description:/home/mikks/ros2_ws/install/px4_actuator_ctrl:/home/mikks/ros2_ws/install/mine_rover_description:/home/mikks/ros2_ws/install/ZerionURDFV5cp_description:/home/mikks/crazyflie_mapping_demo/ros2_ws/install/velocity_free_consensus:/home/mikks/crazyflie_mapping_demo/ros2_ws/install/stepwise_lowpos:/home/mikks/crazyflie_mapping_demo/ros2_ws/install/step_wise_lowpos:/home/mikks/crazyflie_mapping_demo/ros2_ws/install/second_order_formation_control:/home/mikks/crazyflie_mapping_demo/ros2_ws/install/ros_gz_crazyflie_control:/home/mikks/crazyflie_mapping_demo/ros2_ws/install/mixed_fractional_consensus:/home/mikks/crazyflie_mapping_demo/ros2_ws/install/lowest_pos:/home/mikks/crazyflie_mapping_demo/ros2_ws/install/linear_consensus:/home/mikks/crazyflie_mapping_demo/ros2_ws/install/highest_pos:/home/mikks/crazyflie_mapping_demo/ros2_ws/install/fractional_consensus_alpha:/home/mikks/crazyflie_mapping_demo/ros2_ws/install/event_triggered_swarm:/home/mikks/crazyflie_mapping_demo/ros2_ws/install/drone_logger:/home/mikks/crazyflie_mapping_demo/ros2_ws/install/distributed_average_tracking:/home/mikks/crazyflie_mapping_demo/ros2_ws/install/crazyflie_swarm_logic:/home/mikks/crazyflie_mapping_demo/ros2_ws/install/crazyflie_ros2_multiranger_wall_following:/home/mikks/crazyflie_mapping_demo/ros2_ws/install/crazyflie_ros2_multiranger_simple_mapper:/home/mikks/crazyflie_mapping_demo/ros2_ws/install/crazyflie_py:/home/mikks/crazyflie_mapping_demo/ros2_ws/install/cooperative_target_centric_formation:/home/mikks/crazyflie_mapping_demo/ros2_ws/install/containment_using_agent_information:/home/mikks/crazyflie_mapping_demo/ros2_ws/install/consensus_for_double_integrator:/home/mikks/crazyflie_mapping_demo/ros2_ws/install/consensus_alignment:/home/mikks/crazyflie_mapping_demo/ros2_ws/install/binary_consensus:/home/mikks/crazyflie_mapping_demo/ros2_ws/install/Second_Order_Min_Consensus_for_Heterogeneous_Agents:/home/mikks/crazyflie_mapping_demo/ros2_ws/install/BinaryContainmentChain:/opt/ros/jazzy DEBUGINFOD_URLS=https://debuginfod.ubuntu.com LD_LIBRARY_PATH=/home/mikks/ros2_px4_ws/install/px4_ros2_cpp/lib:/home/mikks/ros2_px4_ws/install/px4_msgs/lib:/home/mikks/ros2_px4_ws/install/px4_ros_com/lib:/home/mikks/NatNet_SDK_4.3_ubuntu/lib:/home/mikks/crazyflie_mapping_demo/ros2_ws/install/crazyflie_interfaces/lib:/opt/ros/jazzy/opt/gz_sim_vendor/lib:/opt/ros/jazzy/opt/gz_sensors_vendor/lib:/opt/ros/jazzy/opt/gz_physics_vendor/lib:/opt/ros/jazzy/opt/sdformat_vendor/lib:/opt/ros/jazzy/opt/rviz_ogre_vendor/lib:/opt/ros/jazzy/lib/x86_64-linux-gnu:/opt/ros/jazzy/opt/gz_gui_vendor/lib:/opt/ros/jazzy/opt/gz_transport_vendor/lib:/opt/ros/jazzy/opt/gz_rendering_vendor/lib:/opt/ros/jazzy/opt/gz_plugin_vendor/lib:/opt/ros/jazzy/opt/gz_fuel_tools_vendor/lib:/opt/ros/jazzy/opt/gz_msgs_vendor/lib:/opt/ros/jazzy/opt/gz_common_vendor/lib:/opt/ros/jazzy/opt/gz_math_vendor/lib:/opt/ros/jazzy/opt/gz_utils_vendor/lib:/opt/ros/jazzy/opt/gz_tools_vendor/lib:/opt/ros/jazzy/opt/gz_ogre_next_vendor/lib:/opt/ros/jazzy/opt/gz_dartsim_vendor/lib:/opt/ros/jazzy/opt/gz_cmake_vendor/lib:/opt/ros/jazzy/lib PYTHONPATH=/home/mikks/ros2_px4_ws/install/px4_msgs/lib/python3.12/site-packages:/home/mikks/ros2_px4_ws/build/x500_hover_controller:/home/mikks/ros2_px4_ws/install/x500_hover_controller/lib/python3.12/site-packages:/home/mikks/ros2_px4_ws/install/px4_ros_com/lib/python3.12/site-packages:/home/mikks/ros2_px4_ws/build/example_mode_with_rclpy_py:/home/mikks/ros2_px4_ws/install/example_mode_with_rclpy_py/lib/python3.12/site-packages:/home/mikks/ros2_px4_ws/build/example_mode_goto_py:/home/mikks/ros2_px4_ws/install/example_mode_goto_py/lib/python3.12/site-packages:/home/mikks/ros2_px4_ws/install/px4_ros2_py/lib/python3.12/site-packages:/home/mikks/ros2_px4_ws/build/px4_actuator_ctrl:/home/mikks/ros2_px4_ws/install/px4_actuator_ctrl/lib/python3.12/site-packages:/home/mikks/ros2_ws/build/rover_desc_description:/home/mikks/ros2_ws/install/rover_desc_description/lib/python3.12/site-packages:/home/mikks/ros2_ws/install/px4_actuator_ctrl/lib/python3.12/site-packages:/home/mikks/ros2_ws/build/mine_rover_description:/home/mikks/ros2_ws/install/mine_rover_description/lib/python3.12/site-packages:/home/mikks/ros2_ws/build/ZerionURDFV5cp_description:/home/mikks/ros2_ws/install/ZerionURDFV5cp_description/lib/python3.12/site-packages:/home/mikks/crazyflie_mapping_demo/ros2_ws/install/velocity_free_consensus/lib/python3.12/site-packages:/home/mikks/crazyflie_mapping_demo/ros2_ws/install/stepwise_lowpos/lib/python3.12/site-packages:/home/mikks/crazyflie_mapping_demo/ros2_ws/install/step_wise_lowpos/lib/python3.12/site-packages:/home/mikks/crazyflie_mapping_demo/ros2_ws/install/second_order_formation_control/lib/python3.12/site-packages:/home/mikks/crazyflie_mapping_demo/ros2_ws/install/ros_gz_crazyflie_control/lib/python3.12/site-packages:/home/mikks/crazyflie_mapping_demo/ros2_ws/install/mixed_fractional_consensus/lib/python3.12/site-packages:/home/mikks/crazyflie_mapping_demo/ros2_ws/install/lowest_pos/lib/python3.12/site-packages:/home/mikks/crazyflie_mapping_demo/ros2_ws/install/linear_consensus/lib/python3.12/site-packages:/home/mikks/crazyflie_mapping_demo/ros2_ws/install/highest_pos/lib/python3.12/site-packages:/home/mikks/crazyflie_mapping_demo/ros2_ws/install/fractional_consensus_alpha/lib/python3.12/site-packages:/home/mikks/crazyflie_mapping_demo/ros2_ws/install/event_triggered_swarm/lib/python3.12/site-packages:/home/mikks/crazyflie_mapping_demo/ros2_ws/install/drone_logger/lib/python3.12/site-packages:/home/mikks/crazyflie_mapping_demo/ros2_ws/install/distributed_average_tracking/lib/python3.12/site-packages:/home/mikks/crazyflie_mapping_demo/ros2_ws/install/crazyflie_swarm_logic/lib/python3.12/site-packages:/home/mikks/crazyflie_mapping_demo/ros2_ws/install/crazyflie_sim/lib/python3.12/site-packages:/home/mikks/crazyflie_mapping_demo/ros2_ws/install/crazyflie_ros2_multiranger_wall_following/lib/python3.12/site-packages:/home/mikks/crazyflie_mapping_demo/ros2_ws/install/crazyflie_ros2_multiranger_simple_mapper/lib/python3.12/site-packages:/home/mikks/crazyflie_mapping_demo/ros2_ws/install/crazyflie_examples/lib/python3.12/site-packages:/home/mikks/crazyflie_mapping_demo/ros2_ws/install/crazyflie_py/lib/python3.12/site-packages:/home/mikks/crazyflie_mapping_demo/ros2_ws/install/crazyflie_interfaces/lib/python3.12/site-packages:/home/mikks/crazyflie_mapping_demo/ros2_ws/install/cooperative_target_centric_formation/lib/python3.12/site-packages:/home/mikks/crazyflie_mapping_demo/ros2_ws/install/containment_using_agent_information/lib/python3.12/site-packages:/home/mikks/crazyflie_mapping_demo/ros2_ws/install/consensus_for_double_integrator/lib/python3.12/site-packages:/home/mikks/crazyflie_mapping_demo/ros2_ws/install/consensus_alignment/lib/python3.12/site-packages:/home/mikks/crazyflie_mapping_demo/ros2_ws/install/binary_consensus/lib/python3.12/site-packages:/home/mikks/crazyflie_mapping_demo/ros2_ws/install/Second_Order_Min_Consensus_for_Heterogeneous_Agents/lib/python3.12/site-packages:/home/mikks/crazyflie_mapping_demo/ros2_ws/install/BinaryContainmentChain/lib/python3.12/site-packages:/opt/ros/jazzy/lib/python3.12/site-packages /usr/bin/cmake --build /home/mikks/ros2_px4_ws/build/example_mode_vtol_cpp -- -j12 -l12
[4.932s] DEBUG:colcon.colcon_core.event_handler.log_command:Invoking command in '/home/mikks/ros2_px4_ws/build/example_mode_with_executor_cpp': CMAKE_PREFIX_PATH=/home/mikks/ros2_px4_ws/install/px4_ros2_cpp:/home/mikks/ros2_px4_ws/install/px4_msgs:/home/mikks/ros2_px4_ws/install/px4_ros_com:/home/mikks/ros2_px4_ws/install/px4_ros2_py:/home/mikks/ros2_px4_ws/install/example_rover_velocity_mode_cpp:/home/mikks/ros2_px4_ws/install/example_mode_with_executor_cpp:/home/mikks/ros2_px4_ws/install/example_mode_vtol_cpp:/home/mikks/ros2_px4_ws/install/example_mode_rtl_replacement_cpp:/home/mikks/ros2_px4_ws/install/example_mode_mission_cpp:/home/mikks/ros2_px4_ws/install/example_mode_manual_cpp:/home/mikks/ros2_px4_ws/install/example_mode_goto_global_cpp:/home/mikks/ros2_px4_ws/install/example_mode_goto_cpp:/home/mikks/ros2_px4_ws/install/example_mode_fw_attitude_cpp:/home/mikks/ros2_px4_ws/install/example_local_navigation_cpp:/home/mikks/ros2_px4_ws/install/example_global_navigation_cpp:/home/mikks/ros2_px4_ws/install/example_executor_with_multiple_modes_cpp:/home/mikks/crazyflie_mapping_demo/ros2_ws/install/crazyflie_ros2_multiranger_bringup:/home/mikks/crazyflie_mapping_demo/ros2_ws/install/ros_gz_crazyflie_bringup:/home/mikks/crazyflie_mapping_demo/ros2_ws/install/ros_gz_crazyflie_gazebo:/home/mikks/crazyflie_mapping_demo/ros2_ws/install/crazyflie_sim:/home/mikks/crazyflie_mapping_demo/ros2_ws/install/crazyflie_examples:/home/mikks/crazyflie_mapping_demo/ros2_ws/install/crazyflie:/home/mikks/crazyflie_mapping_demo/ros2_ws/install/crazyflie_interfaces:/opt/ros/jazzy/opt/gz_sim_vendor:/opt/ros/jazzy/opt/gz_sensors_vendor:/opt/ros/jazzy/opt/gz_physics_vendor:/opt/ros/jazzy/opt/sdformat_vendor:/opt/ros/jazzy/opt/gz_gui_vendor:/opt/ros/jazzy/opt/gz_transport_vendor:/opt/ros/jazzy/opt/gz_rendering_vendor:/opt/ros/jazzy/opt/gz_plugin_vendor:/opt/ros/jazzy/opt/gz_fuel_tools_vendor:/opt/ros/jazzy/opt/gz_msgs_vendor:/opt/ros/jazzy/opt/gz_common_vendor:/opt/ros/jazzy/opt/gz_math_vendor:/opt/ros/jazzy/opt/gz_utils_vendor:/opt/ros/jazzy/opt/gz_tools_vendor:/opt/ros/jazzy/opt/gz_ogre_next_vendor:/opt/ros/jazzy/opt/gz_dartsim_vendor:/opt/ros/jazzy/opt/gz_cmake_vendor:/home/mikks/ros2_px4_ws/install/x500_hover_controller:/home/mikks/ros2_px4_ws/install/example_mode_with_rclpy_py:/home/mikks/ros2_px4_ws/install/example_mode_goto_py:/home/mikks/ros2_px4_ws/install/px4_actuator_ctrl:/home/mikks/ros2_ws/install/rover_desc_description:/home/mikks/ros2_ws/install/px4_actuator_ctrl:/home/mikks/ros2_ws/install/mine_rover_description:/home/mikks/ros2_ws/install/ZerionURDFV5cp_description:/home/mikks/crazyflie_mapping_demo/ros2_ws/install/velocity_free_consensus:/home/mikks/crazyflie_mapping_demo/ros2_ws/install/stepwise_lowpos:/home/mikks/crazyflie_mapping_demo/ros2_ws/install/step_wise_lowpos:/home/mikks/crazyflie_mapping_demo/ros2_ws/install/second_order_formation_control:/home/mikks/crazyflie_mapping_demo/ros2_ws/install/ros_gz_crazyflie_control:/home/mikks/crazyflie_mapping_demo/ros2_ws/install/mixed_fractional_consensus:/home/mikks/crazyflie_mapping_demo/ros2_ws/install/lowest_pos:/home/mikks/crazyflie_mapping_demo/ros2_ws/install/linear_consensus:/home/mikks/crazyflie_mapping_demo/ros2_ws/install/highest_pos:/home/mikks/crazyflie_mapping_demo/ros2_ws/install/fractional_consensus_alpha:/home/mikks/crazyflie_mapping_demo/ros2_ws/install/event_triggered_swarm:/home/mikks/crazyflie_mapping_demo/ros2_ws/install/drone_logger:/home/mikks/crazyflie_mapping_demo/ros2_ws/install/distributed_average_tracking:/home/mikks/crazyflie_mapping_demo/ros2_ws/install/crazyflie_swarm_logic:/home/mikks/crazyflie_mapping_demo/ros2_ws/install/crazyflie_ros2_multiranger_wall_following:/home/mikks/crazyflie_mapping_demo/ros2_ws/install/crazyflie_ros2_multiranger_simple_mapper:/home/mikks/crazyflie_mapping_demo/ros2_ws/install/crazyflie_py:/home/mikks/crazyflie_mapping_demo/ros2_ws/install/cooperative_target_centric_formation:/home/mikks/crazyflie_mapping_demo/ros2_ws/install/containment_using_agent_information:/home/mikks/crazyflie_mapping_demo/ros2_ws/install/consensus_for_double_integrator:/home/mikks/crazyflie_mapping_demo/ros2_ws/install/consensus_alignment:/home/mikks/crazyflie_mapping_demo/ros2_ws/install/binary_consensus:/home/mikks/crazyflie_mapping_demo/ros2_ws/install/Second_Order_Min_Consensus_for_Heterogeneous_Agents:/home/mikks/crazyflie_mapping_demo/ros2_ws/install/BinaryContainmentChain:/opt/ros/jazzy DEBUGINFOD_URLS=https://debuginfod.ubuntu.com LD_LIBRARY_PATH=/home/mikks/ros2_px4_ws/install/px4_ros2_cpp/lib:/home/mikks/ros2_px4_ws/install/px4_msgs/lib:/home/mikks/ros2_px4_ws/install/px4_ros_com/lib:/home/mikks/NatNet_SDK_4.3_ubuntu/lib:/home/mikks/crazyflie_mapping_demo/ros2_ws/install/crazyflie_interfaces/lib:/opt/ros/jazzy/opt/gz_sim_vendor/lib:/opt/ros/jazzy/opt/gz_sensors_vendor/lib:/opt/ros/jazzy/opt/gz_physics_vendor/lib:/opt/ros/jazzy/opt/sdformat_vendor/lib:/opt/ros/jazzy/opt/rviz_ogre_vendor/lib:/opt/ros/jazzy/lib/x86_64-linux-gnu:/opt/ros/jazzy/opt/gz_gui_vendor/lib:/opt/ros/jazzy/opt/gz_transport_vendor/lib:/opt/ros/jazzy/opt/gz_rendering_vendor/lib:/opt/ros/jazzy/opt/gz_plugin_vendor/lib:/opt/ros/jazzy/opt/gz_fuel_tools_vendor/lib:/opt/ros/jazzy/opt/gz_msgs_vendor/lib:/opt/ros/jazzy/opt/gz_common_vendor/lib:/opt/ros/jazzy/opt/gz_math_vendor/lib:/opt/ros/jazzy/opt/gz_utils_vendor/lib:/opt/ros/jazzy/opt/gz_tools_vendor/lib:/opt/ros/jazzy/opt/gz_ogre_next_vendor/lib:/opt/ros/jazzy/opt/gz_dartsim_vendor/lib:/opt/ros/jazzy/opt/gz_cmake_vendor/lib:/opt/ros/jazzy/lib PYTHONPATH=/home/mikks/ros2_px4_ws/install/px4_msgs/lib/python3.12/site-packages:/home/mikks/ros2_px4_ws/build/x500_hover_controller:/home/mikks/ros2_px4_ws/install/x500_hover_controller/lib/python3.12/site-packages:/home/mikks/ros2_px4_ws/install/px4_ros_com/lib/python3.12/site-packages:/home/mikks/ros2_px4_ws/build/example_mode_with_rclpy_py:/home/mikks/ros2_px4_ws/install/example_mode_with_rclpy_py/lib/python3.12/site-packages:/home/mikks/ros2_px4_ws/build/example_mode_goto_py:/home/mikks/ros2_px4_ws/install/example_mode_goto_py/lib/python3.12/site-packages:/home/mikks/ros2_px4_ws/install/px4_ros2_py/lib/python3.12/site-packages:/home/mikks/ros2_px4_ws/build/px4_actuator_ctrl:/home/mikks/ros2_px4_ws/install/px4_actuator_ctrl/lib/python3.12/site-packages:/home/mikks/ros2_ws/build/rover_desc_description:/home/mikks/ros2_ws/install/rover_desc_description/lib/python3.12/site-packages:/home/mikks/ros2_ws/install/px4_actuator_ctrl/lib/python3.12/site-packages:/home/mikks/ros2_ws/build/mine_rover_description:/home/mikks/ros2_ws/install/mine_rover_description/lib/python3.12/site-packages:/home/mikks/ros2_ws/build/ZerionURDFV5cp_description:/home/mikks/ros2_ws/install/ZerionURDFV5cp_description/lib/python3.12/site-packages:/home/mikks/crazyflie_mapping_demo/ros2_ws/install/velocity_free_consensus/lib/python3.12/site-packages:/home/mikks/crazyflie_mapping_demo/ros2_ws/install/stepwise_lowpos/lib/python3.12/site-packages:/home/mikks/crazyflie_mapping_demo/ros2_ws/install/step_wise_lowpos/lib/python3.12/site-packages:/home/mikks/crazyflie_mapping_demo/ros2_ws/install/second_order_formation_control/lib/python3.12/site-packages:/home/mikks/crazyflie_mapping_demo/ros2_ws/install/ros_gz_crazyflie_control/lib/python3.12/site-packages:/home/mikks/crazyflie_mapping_demo/ros2_ws/install/mixed_fractional_consensus/lib/python3.12/site-packages:/home/mikks/crazyflie_mapping_demo/ros2_ws/install/lowest_pos/lib/python3.12/site-packages:/home/mikks/crazyflie_mapping_demo/ros2_ws/install/linear_consensus/lib/python3.12/site-packages:/home/mikks/crazyflie_mapping_demo/ros2_ws/install/highest_pos/lib/python3.12/site-packages:/home/mikks/crazyflie_mapping_demo/ros2_ws/install/fractional_consensus_alpha/lib/python3.12/site-packages:/home/mikks/crazyflie_mapping_demo/ros2_ws/install/event_triggered_swarm/lib/python3.12/site-packages:/home/mikks/crazyflie_mapping_demo/ros2_ws/install/drone_logger/lib/python3.12/site-packages:/home/mikks/crazyflie_mapping_demo/ros2_ws/install/distributed_average_tracking/lib/python3.12/site-packages:/home/mikks/crazyflie_mapping_demo/ros2_ws/install/crazyflie_swarm_logic/lib/python3.12/site-packages:/home/mikks/crazyflie_mapping_demo/ros2_ws/install/crazyflie_sim/lib/python3.12/site-packages:/home/mikks/crazyflie_mapping_demo/ros2_ws/install/crazyflie_ros2_multiranger_wall_following/lib/python3.12/site-packages:/home/mikks/crazyflie_mapping_demo/ros2_ws/install/crazyflie_ros2_multiranger_simple_mapper/lib/python3.12/site-packages:/home/mikks/crazyflie_mapping_demo/ros2_ws/install/crazyflie_examples/lib/python3.12/site-packages:/home/mikks/crazyflie_mapping_demo/ros2_ws/install/crazyflie_py/lib/python3.12/site-packages:/home/mikks/crazyflie_mapping_demo/ros2_ws/install/crazyflie_interfaces/lib/python3.12/site-packages:/home/mikks/crazyflie_mapping_demo/ros2_ws/install/cooperative_target_centric_formation/lib/python3.12/site-packages:/home/mikks/crazyflie_mapping_demo/ros2_ws/install/containment_using_agent_information/lib/python3.12/site-packages:/home/mikks/crazyflie_mapping_demo/ros2_ws/install/consensus_for_double_integrator/lib/python3.12/site-packages:/home/mikks/crazyflie_mapping_demo/ros2_ws/install/consensus_alignment/lib/python3.12/site-packages:/home/mikks/crazyflie_mapping_demo/ros2_ws/install/binary_consensus/lib/python3.12/site-packages:/home/mikks/crazyflie_mapping_demo/ros2_ws/install/Second_Order_Min_Consensus_for_Heterogeneous_Agents/lib/python3.12/site-packages:/home/mikks/crazyflie_mapping_demo/ros2_ws/install/BinaryContainmentChain/lib/python3.12/site-packages:/opt/ros/jazzy/lib/python3.12/site-packages /usr/bin/cmake --build /home/mikks/ros2_px4_ws/build/example_mode_with_executor_cpp -- -j12 -l12
[4.935s] DEBUG:colcon.colcon_core.event_handler.log_command:Invoking command in '/home/mikks/ros2_px4_ws/build/example_rover_velocity_mode_cpp': CMAKE_PREFIX_PATH=/home/mikks/ros2_px4_ws/install/px4_ros2_cpp:/home/mikks/ros2_px4_ws/install/px4_msgs:/home/mikks/ros2_px4_ws/install/px4_ros_com:/home/mikks/ros2_px4_ws/install/px4_ros2_py:/home/mikks/ros2_px4_ws/install/example_rover_velocity_mode_cpp:/home/mikks/ros2_px4_ws/install/example_mode_with_executor_cpp:/home/mikks/ros2_px4_ws/install/example_mode_vtol_cpp:/home/mikks/ros2_px4_ws/install/example_mode_rtl_replacement_cpp:/home/mikks/ros2_px4_ws/install/example_mode_mission_cpp:/home/mikks/ros2_px4_ws/install/example_mode_manual_cpp:/home/mikks/ros2_px4_ws/install/example_mode_goto_global_cpp:/home/mikks/ros2_px4_ws/install/example_mode_goto_cpp:/home/mikks/ros2_px4_ws/install/example_mode_fw_attitude_cpp:/home/mikks/ros2_px4_ws/install/example_local_navigation_cpp:/home/mikks/ros2_px4_ws/install/example_global_navigation_cpp:/home/mikks/ros2_px4_ws/install/example_executor_with_multiple_modes_cpp:/home/mikks/crazyflie_mapping_demo/ros2_ws/install/crazyflie_ros2_multiranger_bringup:/home/mikks/crazyflie_mapping_demo/ros2_ws/install/ros_gz_crazyflie_bringup:/home/mikks/crazyflie_mapping_demo/ros2_ws/install/ros_gz_crazyflie_gazebo:/home/mikks/crazyflie_mapping_demo/ros2_ws/install/crazyflie_sim:/home/mikks/crazyflie_mapping_demo/ros2_ws/install/crazyflie_examples:/home/mikks/crazyflie_mapping_demo/ros2_ws/install/crazyflie:/home/mikks/crazyflie_mapping_demo/ros2_ws/install/crazyflie_interfaces:/opt/ros/jazzy/opt/gz_sim_vendor:/opt/ros/jazzy/opt/gz_sensors_vendor:/opt/ros/jazzy/opt/gz_physics_vendor:/opt/ros/jazzy/opt/sdformat_vendor:/opt/ros/jazzy/opt/gz_gui_vendor:/opt/ros/jazzy/opt/gz_transport_vendor:/opt/ros/jazzy/opt/gz_rendering_vendor:/opt/ros/jazzy/opt/gz_plugin_vendor:/opt/ros/jazzy/opt/gz_fuel_tools_vendor:/opt/ros/jazzy/opt/gz_msgs_vendor:/opt/ros/jazzy/opt/gz_common_vendor:/opt/ros/jazzy/opt/gz_math_vendor:/opt/ros/jazzy/opt/gz_utils_vendor:/opt/ros/jazzy/opt/gz_tools_vendor:/opt/ros/jazzy/opt/gz_ogre_next_vendor:/opt/ros/jazzy/opt/gz_dartsim_vendor:/opt/ros/jazzy/opt/gz_cmake_vendor:/home/mikks/ros2_px4_ws/install/x500_hover_controller:/home/mikks/ros2_px4_ws/install/example_mode_with_rclpy_py:/home/mikks/ros2_px4_ws/install/example_mode_goto_py:/home/mikks/ros2_px4_ws/install/px4_actuator_ctrl:/home/mikks/ros2_ws/install/rover_desc_description:/home/mikks/ros2_ws/install/px4_actuator_ctrl:/home/mikks/ros2_ws/install/mine_rover_description:/home/mikks/ros2_ws/install/ZerionURDFV5cp_description:/home/mikks/crazyflie_mapping_demo/ros2_ws/install/velocity_free_consensus:/home/mikks/crazyflie_mapping_demo/ros2_ws/install/stepwise_lowpos:/home/mikks/crazyflie_mapping_demo/ros2_ws/install/step_wise_lowpos:/home/mikks/crazyflie_mapping_demo/ros2_ws/install/second_order_formation_control:/home/mikks/crazyflie_mapping_demo/ros2_ws/install/ros_gz_crazyflie_control:/home/mikks/crazyflie_mapping_demo/ros2_ws/install/mixed_fractional_consensus:/home/mikks/crazyflie_mapping_demo/ros2_ws/install/lowest_pos:/home/mikks/crazyflie_mapping_demo/ros2_ws/install/linear_consensus:/home/mikks/crazyflie_mapping_demo/ros2_ws/install/highest_pos:/home/mikks/crazyflie_mapping_demo/ros2_ws/install/fractional_consensus_alpha:/home/mikks/crazyflie_mapping_demo/ros2_ws/install/event_triggered_swarm:/home/mikks/crazyflie_mapping_demo/ros2_ws/install/drone_logger:/home/mikks/crazyflie_mapping_demo/ros2_ws/install/distributed_average_tracking:/home/mikks/crazyflie_mapping_demo/ros2_ws/install/crazyflie_swarm_logic:/home/mikks/crazyflie_mapping_demo/ros2_ws/install/crazyflie_ros2_multiranger_wall_following:/home/mikks/crazyflie_mapping_demo/ros2_ws/install/crazyflie_ros2_multiranger_simple_mapper:/home/mikks/crazyflie_mapping_demo/ros2_ws/install/crazyflie_py:/home/mikks/crazyflie_mapping_demo/ros2_ws/install/cooperative_target_centric_formation:/home/mikks/crazyflie_mapping_demo/ros2_ws/install/containment_using_agent_information:/home/mikks/crazyflie_mapping_demo/ros2_ws/install/consensus_for_double_integrator:/home/mikks/crazyflie_mapping_demo/ros2_ws/install/consensus_alignment:/home/mikks/crazyflie_mapping_demo/ros2_ws/install/binary_consensus:/home/mikks/crazyflie_mapping_demo/ros2_ws/install/Second_Order_Min_Consensus_for_Heterogeneous_Agents:/home/mikks/crazyflie_mapping_demo/ros2_ws/install/BinaryContainmentChain:/opt/ros/jazzy DEBUGINFOD_URLS=https://debuginfod.ubuntu.com LD_LIBRARY_PATH=/home/mikks/ros2_px4_ws/install/px4_ros2_cpp/lib:/home/mikks/ros2_px4_ws/install/px4_msgs/lib:/home/mikks/ros2_px4_ws/install/px4_ros_com/lib:/home/mikks/NatNet_SDK_4.3_ubuntu/lib:/home/mikks/crazyflie_mapping_demo/ros2_ws/install/crazyflie_interfaces/lib:/opt/ros/jazzy/opt/gz_sim_vendor/lib:/opt/ros/jazzy/opt/gz_sensors_vendor/lib:/opt/ros/jazzy/opt/gz_physics_vendor/lib:/opt/ros/jazzy/opt/sdformat_vendor/lib:/opt/ros/jazzy/opt/rviz_ogre_vendor/lib:/opt/ros/jazzy/lib/x86_64-linux-gnu:/opt/ros/jazzy/opt/gz_gui_vendor/lib:/opt/ros/jazzy/opt/gz_transport_vendor/lib:/opt/ros/jazzy/opt/gz_rendering_vendor/lib:/opt/ros/jazzy/opt/gz_plugin_vendor/lib:/opt/ros/jazzy/opt/gz_fuel_tools_vendor/lib:/opt/ros/jazzy/opt/gz_msgs_vendor/lib:/opt/ros/jazzy/opt/gz_common_vendor/lib:/opt/ros/jazzy/opt/gz_math_vendor/lib:/opt/ros/jazzy/opt/gz_utils_vendor/lib:/opt/ros/jazzy/opt/gz_tools_vendor/lib:/opt/ros/jazzy/opt/gz_ogre_next_vendor/lib:/opt/ros/jazzy/opt/gz_dartsim_vendor/lib:/opt/ros/jazzy/opt/gz_cmake_vendor/lib:/opt/ros/jazzy/lib PYTHONPATH=/home/mikks/ros2_px4_ws/install/px4_msgs/lib/python3.12/site-packages:/home/mikks/ros2_px4_ws/build/x500_hover_controller:/home/mikks/ros2_px4_ws/install/x500_hover_controller/lib/python3.12/site-packages:/home/mikks/ros2_px4_ws/install/px4_ros_com/lib/python3.12/site-packages:/home/mikks/ros2_px4_ws/build/example_mode_with_rclpy_py:/home/mikks/ros2_px4_ws/install/example_mode_with_rclpy_py/lib/python3.12/site-packages:/home/mikks/ros2_px4_ws/build/example_mode_goto_py:/home/mikks/ros2_px4_ws/install/example_mode_goto_py/lib/python3.12/site-packages:/home/mikks/ros2_px4_ws/install/px4_ros2_py/lib/python3.12/site-packages:/home/mikks/ros2_px4_ws/build/px4_actuator_ctrl:/home/mikks/ros2_px4_ws/install/px4_actuator_ctrl/lib/python3.12/site-packages:/home/mikks/ros2_ws/build/rover_desc_description:/home/mikks/ros2_ws/install/rover_desc_description/lib/python3.12/site-packages:/home/mikks/ros2_ws/install/px4_actuator_ctrl/lib/python3.12/site-packages:/home/mikks/ros2_ws/build/mine_rover_description:/home/mikks/ros2_ws/install/mine_rover_description/lib/python3.12/site-packages:/home/mikks/ros2_ws/build/ZerionURDFV5cp_description:/home/mikks/ros2_ws/install/ZerionURDFV5cp_description/lib/python3.12/site-packages:/home/mikks/crazyflie_mapping_demo/ros2_ws/install/velocity_free_consensus/lib/python3.12/site-packages:/home/mikks/crazyflie_mapping_demo/ros2_ws/install/stepwise_lowpos/lib/python3.12/site-packages:/home/mikks/crazyflie_mapping_demo/ros2_ws/install/step_wise_lowpos/lib/python3.12/site-packages:/home/mikks/crazyflie_mapping_demo/ros2_ws/install/second_order_formation_control/lib/python3.12/site-packages:/home/mikks/crazyflie_mapping_demo/ros2_ws/install/ros_gz_crazyflie_control/lib/python3.12/site-packages:/home/mikks/crazyflie_mapping_demo/ros2_ws/install/mixed_fractional_consensus/lib/python3.12/site-packages:/home/mikks/crazyflie_mapping_demo/ros2_ws/install/lowest_pos/lib/python3.12/site-packages:/home/mikks/crazyflie_mapping_demo/ros2_ws/install/linear_consensus/lib/python3.12/site-packages:/home/mikks/crazyflie_mapping_demo/ros2_ws/install/highest_pos/lib/python3.12/site-packages:/home/mikks/crazyflie_mapping_demo/ros2_ws/install/fractional_consensus_alpha/lib/python3.12/site-packages:/home/mikks/crazyflie_mapping_demo/ros2_ws/install/event_triggered_swarm/lib/python3.12/site-packages:/home/mikks/crazyflie_mapping_demo/ros2_ws/install/drone_logger/lib/python3.12/site-packages:/home/mikks/crazyflie_mapping_demo/ros2_ws/install/distributed_average_tracking/lib/python3.12/site-packages:/home/mikks/crazyflie_mapping_demo/ros2_ws/install/crazyflie_swarm_logic/lib/python3.12/site-packages:/home/mikks/crazyflie_mapping_demo/ros2_ws/install/crazyflie_sim/lib/python3.12/site-packages:/home/mikks/crazyflie_mapping_demo/ros2_ws/install/crazyflie_ros2_multiranger_wall_following/lib/python3.12/site-packages:/home/mikks/crazyflie_mapping_demo/ros2_ws/install/crazyflie_ros2_multiranger_simple_mapper/lib/python3.12/site-packages:/home/mikks/crazyflie_mapping_demo/ros2_ws/install/crazyflie_examples/lib/python3.12/site-packages:/home/mikks/crazyflie_mapping_demo/ros2_ws/install/crazyflie_py/lib/python3.12/site-packages:/home/mikks/crazyflie_mapping_demo/ros2_ws/install/crazyflie_interfaces/lib/python3.12/site-packages:/home/mikks/crazyflie_mapping_demo/ros2_ws/install/cooperative_target_centric_formation/lib/python3.12/site-packages:/home/mikks/crazyflie_mapping_demo/ros2_ws/install/containment_using_agent_information/lib/python3.12/site-packages:/home/mikks/crazyflie_mapping_demo/ros2_ws/install/consensus_for_double_integrator/lib/python3.12/site-packages:/home/mikks/crazyflie_mapping_demo/ros2_ws/install/consensus_alignment/lib/python3.12/site-packages:/home/mikks/crazyflie_mapping_demo/ros2_ws/install/binary_consensus/lib/python3.12/site-packages:/home/mikks/crazyflie_mapping_demo/ros2_ws/install/Second_Order_Min_Consensus_for_Heterogeneous_Agents/lib/python3.12/site-packages:/home/mikks/crazyflie_mapping_demo/ros2_ws/install/BinaryContainmentChain/lib/python3.12/site-packages:/opt/ros/jazzy/lib/python3.12/site-packages /usr/bin/cmake --build /home/mikks/ros2_px4_ws/build/example_rover_velocity_mode_cpp -- -j12 -l12
[5.002s] DEBUG:colcon.colcon_core.event_handler.log_command:Invoked command in '/home/mikks/ros2_px4_ws/build/example_mode_rtl_replacement_cpp' returned '0': CMAKE_PREFIX_PATH=/home/mikks/ros2_px4_ws/install/px4_ros2_cpp:/home/mikks/ros2_px4_ws/install/px4_msgs:/home/mikks/ros2_px4_ws/install/px4_ros_com:/home/mikks/ros2_px4_ws/install/px4_ros2_py:/home/mikks/ros2_px4_ws/install/example_rover_velocity_mode_cpp:/home/mikks/ros2_px4_ws/install/example_mode_with_executor_cpp:/home/mikks/ros2_px4_ws/install/example_mode_vtol_cpp:/home/mikks/ros2_px4_ws/install/example_mode_rtl_replacement_cpp:/home/mikks/ros2_px4_ws/install/example_mode_mission_cpp:/home/mikks/ros2_px4_ws/install/example_mode_manual_cpp:/home/mikks/ros2_px4_ws/install/example_mode_goto_global_cpp:/home/mikks/ros2_px4_ws/install/example_mode_goto_cpp:/home/mikks/ros2_px4_ws/install/example_mode_fw_attitude_cpp:/home/mikks/ros2_px4_ws/install/example_local_navigation_cpp:/home/mikks/ros2_px4_ws/install/example_global_navigation_cpp:/home/mikks/ros2_px4_ws/install/example_executor_with_multiple_modes_cpp:/home/mikks/crazyflie_mapping_demo/ros2_ws/install/crazyflie_ros2_multiranger_bringup:/home/mikks/crazyflie_mapping_demo/ros2_ws/install/ros_gz_crazyflie_bringup:/home/mikks/crazyflie_mapping_demo/ros2_ws/install/ros_gz_crazyflie_gazebo:/home/mikks/crazyflie_mapping_demo/ros2_ws/install/crazyflie_sim:/home/mikks/crazyflie_mapping_demo/ros2_ws/install/crazyflie_examples:/home/mikks/crazyflie_mapping_demo/ros2_ws/install/crazyflie:/home/mikks/crazyflie_mapping_demo/ros2_ws/install/crazyflie_interfaces:/opt/ros/jazzy/opt/gz_sim_vendor:/opt/ros/jazzy/opt/gz_sensors_vendor:/opt/ros/jazzy/opt/gz_physics_vendor:/opt/ros/jazzy/opt/sdformat_vendor:/opt/ros/jazzy/opt/gz_gui_vendor:/opt/ros/jazzy/opt/gz_transport_vendor:/opt/ros/jazzy/opt/gz_rendering_vendor:/opt/ros/jazzy/opt/gz_plugin_vendor:/opt/ros/jazzy/opt/gz_fuel_tools_vendor:/opt/ros/jazzy/opt/gz_msgs_vendor:/opt/ros/jazzy/opt/gz_common_vendor:/opt/ros/jazzy/opt/gz_math_vendor:/opt/ros/jazzy/opt/gz_utils_vendor:/opt/ros/jazzy/opt/gz_tools_vendor:/opt/ros/jazzy/opt/gz_ogre_next_vendor:/opt/ros/jazzy/opt/gz_dartsim_vendor:/opt/ros/jazzy/opt/gz_cmake_vendor:/home/mikks/ros2_px4_ws/install/x500_hover_controller:/home/mikks/ros2_px4_ws/install/example_mode_with_rclpy_py:/home/mikks/ros2_px4_ws/install/example_mode_goto_py:/home/mikks/ros2_px4_ws/install/px4_actuator_ctrl:/home/mikks/ros2_ws/install/rover_desc_description:/home/mikks/ros2_ws/install/px4_actuator_ctrl:/home/mikks/ros2_ws/install/mine_rover_description:/home/mikks/ros2_ws/install/ZerionURDFV5cp_description:/home/mikks/crazyflie_mapping_demo/ros2_ws/install/velocity_free_consensus:/home/mikks/crazyflie_mapping_demo/ros2_ws/install/stepwise_lowpos:/home/mikks/crazyflie_mapping_demo/ros2_ws/install/step_wise_lowpos:/home/mikks/crazyflie_mapping_demo/ros2_ws/install/second_order_formation_control:/home/mikks/crazyflie_mapping_demo/ros2_ws/install/ros_gz_crazyflie_control:/home/mikks/crazyflie_mapping_demo/ros2_ws/install/mixed_fractional_consensus:/home/mikks/crazyflie_mapping_demo/ros2_ws/install/lowest_pos:/home/mikks/crazyflie_mapping_demo/ros2_ws/install/linear_consensus:/home/mikks/crazyflie_mapping_demo/ros2_ws/install/highest_pos:/home/mikks/crazyflie_mapping_demo/ros2_ws/install/fractional_consensus_alpha:/home/mikks/crazyflie_mapping_demo/ros2_ws/install/event_triggered_swarm:/home/mikks/crazyflie_mapping_demo/ros2_ws/install/drone_logger:/home/mikks/crazyflie_mapping_demo/ros2_ws/install/distributed_average_tracking:/home/mikks/crazyflie_mapping_demo/ros2_ws/install/crazyflie_swarm_logic:/home/mikks/crazyflie_mapping_demo/ros2_ws/install/crazyflie_ros2_multiranger_wall_following:/home/mikks/crazyflie_mapping_demo/ros2_ws/install/crazyflie_ros2_multiranger_simple_mapper:/home/mikks/crazyflie_mapping_demo/ros2_ws/install/crazyflie_py:/home/mikks/crazyflie_mapping_demo/ros2_ws/install/cooperative_target_centric_formation:/home/mikks/crazyflie_mapping_demo/ros2_ws/install/containment_using_agent_information:/home/mikks/crazyflie_mapping_demo/ros2_ws/install/consensus_for_double_integrator:/home/mikks/crazyflie_mapping_demo/ros2_ws/install/consensus_alignment:/home/mikks/crazyflie_mapping_demo/ros2_ws/install/binary_consensus:/home/mikks/crazyflie_mapping_demo/ros2_ws/install/Second_Order_Min_Consensus_for_Heterogeneous_Agents:/home/mikks/crazyflie_mapping_demo/ros2_ws/install/BinaryContainmentChain:/opt/ros/jazzy DEBUGINFOD_URLS=https://debuginfod.ubuntu.com LD_LIBRARY_PATH=/home/mikks/ros2_px4_ws/install/px4_ros2_cpp/lib:/home/mikks/ros2_px4_ws/install/px4_msgs/lib:/home/mikks/ros2_px4_ws/install/px4_ros_com/lib:/home/mikks/NatNet_SDK_4.3_ubuntu/lib:/home/mikks/crazyflie_mapping_demo/ros2_ws/install/crazyflie_interfaces/lib:/opt/ros/jazzy/opt/gz_sim_vendor/lib:/opt/ros/jazzy/opt/gz_sensors_vendor/lib:/opt/ros/jazzy/opt/gz_physics_vendor/lib:/opt/ros/jazzy/opt/sdformat_vendor/lib:/opt/ros/jazzy/opt/rviz_ogre_vendor/lib:/opt/ros/jazzy/lib/x86_64-linux-gnu:/opt/ros/jazzy/opt/gz_gui_vendor/lib:/opt/ros/jazzy/opt/gz_transport_vendor/lib:/opt/ros/jazzy/opt/gz_rendering_vendor/lib:/opt/ros/jazzy/opt/gz_plugin_vendor/lib:/opt/ros/jazzy/opt/gz_fuel_tools_vendor/lib:/opt/ros/jazzy/opt/gz_msgs_vendor/lib:/opt/ros/jazzy/opt/gz_common_vendor/lib:/opt/ros/jazzy/opt/gz_math_vendor/lib:/opt/ros/jazzy/opt/gz_utils_vendor/lib:/opt/ros/jazzy/opt/gz_tools_vendor/lib:/opt/ros/jazzy/opt/gz_ogre_next_vendor/lib:/opt/ros/jazzy/opt/gz_dartsim_vendor/lib:/opt/ros/jazzy/opt/gz_cmake_vendor/lib:/opt/ros/jazzy/lib PYTHONPATH=/home/mikks/ros2_px4_ws/install/px4_msgs/lib/python3.12/site-packages:/home/mikks/ros2_px4_ws/build/x500_hover_controller:/home/mikks/ros2_px4_ws/install/x500_hover_controller/lib/python3.12/site-packages:/home/mikks/ros2_px4_ws/install/px4_ros_com/lib/python3.12/site-packages:/home/mikks/ros2_px4_ws/build/example_mode_with_rclpy_py:/home/mikks/ros2_px4_ws/install/example_mode_with_rclpy_py/lib/python3.12/site-packages:/home/mikks/ros2_px4_ws/build/example_mode_goto_py:/home/mikks/ros2_px4_ws/install/example_mode_goto_py/lib/python3.12/site-packages:/home/mikks/ros2_px4_ws/install/px4_ros2_py/lib/python3.12/site-packages:/home/mikks/ros2_px4_ws/build/px4_actuator_ctrl:/home/mikks/ros2_px4_ws/install/px4_actuator_ctrl/lib/python3.12/site-packages:/home/mikks/ros2_ws/build/rover_desc_description:/home/mikks/ros2_ws/install/rover_desc_description/lib/python3.12/site-packages:/home/mikks/ros2_ws/install/px4_actuator_ctrl/lib/python3.12/site-packages:/home/mikks/ros2_ws/build/mine_rover_description:/home/mikks/ros2_ws/install/mine_rover_description/lib/python3.12/site-packages:/home/mikks/ros2_ws/build/ZerionURDFV5cp_description:/home/mikks/ros2_ws/install/ZerionURDFV5cp_description/lib/python3.12/site-packages:/home/mikks/crazyflie_mapping_demo/ros2_ws/install/velocity_free_consensus/lib/python3.12/site-packages:/home/mikks/crazyflie_mapping_demo/ros2_ws/install/stepwise_lowpos/lib/python3.12/site-packages:/home/mikks/crazyflie_mapping_demo/ros2_ws/install/step_wise_lowpos/lib/python3.12/site-packages:/home/mikks/crazyflie_mapping_demo/ros2_ws/install/second_order_formation_control/lib/python3.12/site-packages:/home/mikks/crazyflie_mapping_demo/ros2_ws/install/ros_gz_crazyflie_control/lib/python3.12/site-packages:/home/mikks/crazyflie_mapping_demo/ros2_ws/install/mixed_fractional_consensus/lib/python3.12/site-packages:/home/mikks/crazyflie_mapping_demo/ros2_ws/install/lowest_pos/lib/python3.12/site-packages:/home/mikks/crazyflie_mapping_demo/ros2_ws/install/linear_consensus/lib/python3.12/site-packages:/home/mikks/crazyflie_mapping_demo/ros2_ws/install/highest_pos/lib/python3.12/site-packages:/home/mikks/crazyflie_mapping_demo/ros2_ws/install/fractional_consensus_alpha/lib/python3.12/site-packages:/home/mikks/crazyflie_mapping_demo/ros2_ws/install/event_triggered_swarm/lib/python3.12/site-packages:/home/mikks/crazyflie_mapping_demo/ros2_ws/install/drone_logger/lib/python3.12/site-packages:/home/mikks/crazyflie_mapping_demo/ros2_ws/install/distributed_average_tracking/lib/python3.12/site-packages:/home/mikks/crazyflie_mapping_demo/ros2_ws/install/crazyflie_swarm_logic/lib/python3.12/site-packages:/home/mikks/crazyflie_mapping_demo/ros2_ws/install/crazyflie_sim/lib/python3.12/site-packages:/home/mikks/crazyflie_mapping_demo/ros2_ws/install/crazyflie_ros2_multiranger_wall_following/lib/python3.12/site-packages:/home/mikks/crazyflie_mapping_demo/ros2_ws/install/crazyflie_ros2_multiranger_simple_mapper/lib/python3.12/site-packages:/home/mikks/crazyflie_mapping_demo/ros2_ws/install/crazyflie_examples/lib/python3.12/site-packages:/home/mikks/crazyflie_mapping_demo/ros2_ws/install/crazyflie_py/lib/python3.12/site-packages:/home/mikks/crazyflie_mapping_demo/ros2_ws/install/crazyflie_interfaces/lib/python3.12/site-packages:/home/mikks/crazyflie_mapping_demo/ros2_ws/install/cooperative_target_centric_formation/lib/python3.12/site-packages:/home/mikks/crazyflie_mapping_demo/ros2_ws/install/containment_using_agent_information/lib/python3.12/site-packages:/home/mikks/crazyflie_mapping_demo/ros2_ws/install/consensus_for_double_integrator/lib/python3.12/site-packages:/home/mikks/crazyflie_mapping_demo/ros2_ws/install/consensus_alignment/lib/python3.12/site-packages:/home/mikks/crazyflie_mapping_demo/ros2_ws/install/binary_consensus/lib/python3.12/site-packages:/home/mikks/crazyflie_mapping_demo/ros2_ws/install/Second_Order_Min_Consensus_for_Heterogeneous_Agents/lib/python3.12/site-packages:/home/mikks/crazyflie_mapping_demo/ros2_ws/install/BinaryContainmentChain/lib/python3.12/site-packages:/opt/ros/jazzy/lib/python3.12/site-packages /usr/bin/cmake --build /home/mikks/ros2_px4_ws/build/example_mode_rtl_replacement_cpp -- -j12 -l12
[5.003s] DEBUG:colcon.colcon_core.event_handler.log_command:Invoking command in '/home/mikks/ros2_px4_ws/build/example_mode_rtl_replacement_cpp': CMAKE_PREFIX_PATH=/home/mikks/ros2_px4_ws/install/px4_ros2_cpp:/home/mikks/ros2_px4_ws/install/px4_msgs:/home/mikks/ros2_px4_ws/install/px4_ros_com:/home/mikks/ros2_px4_ws/install/px4_ros2_py:/home/mikks/ros2_px4_ws/install/example_rover_velocity_mode_cpp:/home/mikks/ros2_px4_ws/install/example_mode_with_executor_cpp:/home/mikks/ros2_px4_ws/install/example_mode_vtol_cpp:/home/mikks/ros2_px4_ws/install/example_mode_rtl_replacement_cpp:/home/mikks/ros2_px4_ws/install/example_mode_mission_cpp:/home/mikks/ros2_px4_ws/install/example_mode_manual_cpp:/home/mikks/ros2_px4_ws/install/example_mode_goto_global_cpp:/home/mikks/ros2_px4_ws/install/example_mode_goto_cpp:/home/mikks/ros2_px4_ws/install/example_mode_fw_attitude_cpp:/home/mikks/ros2_px4_ws/install/example_local_navigation_cpp:/home/mikks/ros2_px4_ws/install/example_global_navigation_cpp:/home/mikks/ros2_px4_ws/install/example_executor_with_multiple_modes_cpp:/home/mikks/crazyflie_mapping_demo/ros2_ws/install/crazyflie_ros2_multiranger_bringup:/home/mikks/crazyflie_mapping_demo/ros2_ws/install/ros_gz_crazyflie_bringup:/home/mikks/crazyflie_mapping_demo/ros2_ws/install/ros_gz_crazyflie_gazebo:/home/mikks/crazyflie_mapping_demo/ros2_ws/install/crazyflie_sim:/home/mikks/crazyflie_mapping_demo/ros2_ws/install/crazyflie_examples:/home/mikks/crazyflie_mapping_demo/ros2_ws/install/crazyflie:/home/mikks/crazyflie_mapping_demo/ros2_ws/install/crazyflie_interfaces:/opt/ros/jazzy/opt/gz_sim_vendor:/opt/ros/jazzy/opt/gz_sensors_vendor:/opt/ros/jazzy/opt/gz_physics_vendor:/opt/ros/jazzy/opt/sdformat_vendor:/opt/ros/jazzy/opt/gz_gui_vendor:/opt/ros/jazzy/opt/gz_transport_vendor:/opt/ros/jazzy/opt/gz_rendering_vendor:/opt/ros/jazzy/opt/gz_plugin_vendor:/opt/ros/jazzy/opt/gz_fuel_tools_vendor:/opt/ros/jazzy/opt/gz_msgs_vendor:/opt/ros/jazzy/opt/gz_common_vendor:/opt/ros/jazzy/opt/gz_math_vendor:/opt/ros/jazzy/opt/gz_utils_vendor:/opt/ros/jazzy/opt/gz_tools_vendor:/opt/ros/jazzy/opt/gz_ogre_next_vendor:/opt/ros/jazzy/opt/gz_dartsim_vendor:/opt/ros/jazzy/opt/gz_cmake_vendor:/home/mikks/ros2_px4_ws/install/x500_hover_controller:/home/mikks/ros2_px4_ws/install/example_mode_with_rclpy_py:/home/mikks/ros2_px4_ws/install/example_mode_goto_py:/home/mikks/ros2_px4_ws/install/px4_actuator_ctrl:/home/mikks/ros2_ws/install/rover_desc_description:/home/mikks/ros2_ws/install/px4_actuator_ctrl:/home/mikks/ros2_ws/install/mine_rover_description:/home/mikks/ros2_ws/install/ZerionURDFV5cp_description:/home/mikks/crazyflie_mapping_demo/ros2_ws/install/velocity_free_consensus:/home/mikks/crazyflie_mapping_demo/ros2_ws/install/stepwise_lowpos:/home/mikks/crazyflie_mapping_demo/ros2_ws/install/step_wise_lowpos:/home/mikks/crazyflie_mapping_demo/ros2_ws/install/second_order_formation_control:/home/mikks/crazyflie_mapping_demo/ros2_ws/install/ros_gz_crazyflie_control:/home/mikks/crazyflie_mapping_demo/ros2_ws/install/mixed_fractional_consensus:/home/mikks/crazyflie_mapping_demo/ros2_ws/install/lowest_pos:/home/mikks/crazyflie_mapping_demo/ros2_ws/install/linear_consensus:/home/mikks/crazyflie_mapping_demo/ros2_ws/install/highest_pos:/home/mikks/crazyflie_mapping_demo/ros2_ws/install/fractional_consensus_alpha:/home/mikks/crazyflie_mapping_demo/ros2_ws/install/event_triggered_swarm:/home/mikks/crazyflie_mapping_demo/ros2_ws/install/drone_logger:/home/mikks/crazyflie_mapping_demo/ros2_ws/install/distributed_average_tracking:/home/mikks/crazyflie_mapping_demo/ros2_ws/install/crazyflie_swarm_logic:/home/mikks/crazyflie_mapping_demo/ros2_ws/install/crazyflie_ros2_multiranger_wall_following:/home/mikks/crazyflie_mapping_demo/ros2_ws/install/crazyflie_ros2_multiranger_simple_mapper:/home/mikks/crazyflie_mapping_demo/ros2_ws/install/crazyflie_py:/home/mikks/crazyflie_mapping_demo/ros2_ws/install/cooperative_target_centric_formation:/home/mikks/crazyflie_mapping_demo/ros2_ws/install/containment_using_agent_information:/home/mikks/crazyflie_mapping_demo/ros2_ws/install/consensus_for_double_integrator:/home/mikks/crazyflie_mapping_demo/ros2_ws/install/consensus_alignment:/home/mikks/crazyflie_mapping_demo/ros2_ws/install/binary_consensus:/home/mikks/crazyflie_mapping_demo/ros2_ws/install/Second_Order_Min_Consensus_for_Heterogeneous_Agents:/home/mikks/crazyflie_mapping_demo/ros2_ws/install/BinaryContainmentChain:/opt/ros/jazzy DEBUGINFOD_URLS=https://debuginfod.ubuntu.com LD_LIBRARY_PATH=/home/mikks/ros2_px4_ws/install/px4_ros2_cpp/lib:/home/mikks/ros2_px4_ws/install/px4_msgs/lib:/home/mikks/ros2_px4_ws/install/px4_ros_com/lib:/home/mikks/NatNet_SDK_4.3_ubuntu/lib:/home/mikks/crazyflie_mapping_demo/ros2_ws/install/crazyflie_interfaces/lib:/opt/ros/jazzy/opt/gz_sim_vendor/lib:/opt/ros/jazzy/opt/gz_sensors_vendor/lib:/opt/ros/jazzy/opt/gz_physics_vendor/lib:/opt/ros/jazzy/opt/sdformat_vendor/lib:/opt/ros/jazzy/opt/rviz_ogre_vendor/lib:/opt/ros/jazzy/lib/x86_64-linux-gnu:/opt/ros/jazzy/opt/gz_gui_vendor/lib:/opt/ros/jazzy/opt/gz_transport_vendor/lib:/opt/ros/jazzy/opt/gz_rendering_vendor/lib:/opt/ros/jazzy/opt/gz_plugin_vendor/lib:/opt/ros/jazzy/opt/gz_fuel_tools_vendor/lib:/opt/ros/jazzy/opt/gz_msgs_vendor/lib:/opt/ros/jazzy/opt/gz_common_vendor/lib:/opt/ros/jazzy/opt/gz_math_vendor/lib:/opt/ros/jazzy/opt/gz_utils_vendor/lib:/opt/ros/jazzy/opt/gz_tools_vendor/lib:/opt/ros/jazzy/opt/gz_ogre_next_vendor/lib:/opt/ros/jazzy/opt/gz_dartsim_vendor/lib:/opt/ros/jazzy/opt/gz_cmake_vendor/lib:/opt/ros/jazzy/lib PYTHONPATH=/home/mikks/ros2_px4_ws/install/px4_msgs/lib/python3.12/site-packages:/home/mikks/ros2_px4_ws/build/x500_hover_controller:/home/mikks/ros2_px4_ws/install/x500_hover_controller/lib/python3.12/site-packages:/home/mikks/ros2_px4_ws/install/px4_ros_com/lib/python3.12/site-packages:/home/mikks/ros2_px4_ws/build/example_mode_with_rclpy_py:/home/mikks/ros2_px4_ws/install/example_mode_with_rclpy_py/lib/python3.12/site-packages:/home/mikks/ros2_px4_ws/build/example_mode_goto_py:/home/mikks/ros2_px4_ws/install/example_mode_goto_py/lib/python3.12/site-packages:/home/mikks/ros2_px4_ws/install/px4_ros2_py/lib/python3.12/site-packages:/home/mikks/ros2_px4_ws/build/px4_actuator_ctrl:/home/mikks/ros2_px4_ws/install/px4_actuator_ctrl/lib/python3.12/site-packages:/home/mikks/ros2_ws/build/rover_desc_description:/home/mikks/ros2_ws/install/rover_desc_description/lib/python3.12/site-packages:/home/mikks/ros2_ws/install/px4_actuator_ctrl/lib/python3.12/site-packages:/home/mikks/ros2_ws/build/mine_rover_description:/home/mikks/ros2_ws/install/mine_rover_description/lib/python3.12/site-packages:/home/mikks/ros2_ws/build/ZerionURDFV5cp_description:/home/mikks/ros2_ws/install/ZerionURDFV5cp_description/lib/python3.12/site-packages:/home/mikks/crazyflie_mapping_demo/ros2_ws/install/velocity_free_consensus/lib/python3.12/site-packages:/home/mikks/crazyflie_mapping_demo/ros2_ws/install/stepwise_lowpos/lib/python3.12/site-packages:/home/mikks/crazyflie_mapping_demo/ros2_ws/install/step_wise_lowpos/lib/python3.12/site-packages:/home/mikks/crazyflie_mapping_demo/ros2_ws/install/second_order_formation_control/lib/python3.12/site-packages:/home/mikks/crazyflie_mapping_demo/ros2_ws/install/ros_gz_crazyflie_control/lib/python3.12/site-packages:/home/mikks/crazyflie_mapping_demo/ros2_ws/install/mixed_fractional_consensus/lib/python3.12/site-packages:/home/mikks/crazyflie_mapping_demo/ros2_ws/install/lowest_pos/lib/python3.12/site-packages:/home/mikks/crazyflie_mapping_demo/ros2_ws/install/linear_consensus/lib/python3.12/site-packages:/home/mikks/crazyflie_mapping_demo/ros2_ws/install/highest_pos/lib/python3.12/site-packages:/home/mikks/crazyflie_mapping_demo/ros2_ws/install/fractional_consensus_alpha/lib/python3.12/site-packages:/home/mikks/crazyflie_mapping_demo/ros2_ws/install/event_triggered_swarm/lib/python3.12/site-packages:/home/mikks/crazyflie_mapping_demo/ros2_ws/install/drone_logger/lib/python3.12/site-packages:/home/mikks/crazyflie_mapping_demo/ros2_ws/install/distributed_average_tracking/lib/python3.12/site-packages:/home/mikks/crazyflie_mapping_demo/ros2_ws/install/crazyflie_swarm_logic/lib/python3.12/site-packages:/home/mikks/crazyflie_mapping_demo/ros2_ws/install/crazyflie_sim/lib/python3.12/site-packages:/home/mikks/crazyflie_mapping_demo/ros2_ws/install/crazyflie_ros2_multiranger_wall_following/lib/python3.12/site-packages:/home/mikks/crazyflie_mapping_demo/ros2_ws/install/crazyflie_ros2_multiranger_simple_mapper/lib/python3.12/site-packages:/home/mikks/crazyflie_mapping_demo/ros2_ws/install/crazyflie_examples/lib/python3.12/site-packages:/home/mikks/crazyflie_mapping_demo/ros2_ws/install/crazyflie_py/lib/python3.12/site-packages:/home/mikks/crazyflie_mapping_demo/ros2_ws/install/crazyflie_interfaces/lib/python3.12/site-packages:/home/mikks/crazyflie_mapping_demo/ros2_ws/install/cooperative_target_centric_formation/lib/python3.12/site-packages:/home/mikks/crazyflie_mapping_demo/ros2_ws/install/containment_using_agent_information/lib/python3.12/site-packages:/home/mikks/crazyflie_mapping_demo/ros2_ws/install/consensus_for_double_integrator/lib/python3.12/site-packages:/home/mikks/crazyflie_mapping_demo/ros2_ws/install/consensus_alignment/lib/python3.12/site-packages:/home/mikks/crazyflie_mapping_demo/ros2_ws/install/binary_consensus/lib/python3.12/site-packages:/home/mikks/crazyflie_mapping_demo/ros2_ws/install/Second_Order_Min_Consensus_for_Heterogeneous_Agents/lib/python3.12/site-packages:/home/mikks/crazyflie_mapping_demo/ros2_ws/install/BinaryContainmentChain/lib/python3.12/site-packages:/opt/ros/jazzy/lib/python3.12/site-packages /usr/bin/cmake --install /home/mikks/ros2_px4_ws/build/example_mode_rtl_replacement_cpp
[5.010s] DEBUG:colcon.colcon_core.event_handler.log_command:Invoked command in '/home/mikks/ros2_px4_ws/build/example_rover_velocity_mode_cpp' returned '0': CMAKE_PREFIX_PATH=/home/mikks/ros2_px4_ws/install/px4_ros2_cpp:/home/mikks/ros2_px4_ws/install/px4_msgs:/home/mikks/ros2_px4_ws/install/px4_ros_com:/home/mikks/ros2_px4_ws/install/px4_ros2_py:/home/mikks/ros2_px4_ws/install/example_rover_velocity_mode_cpp:/home/mikks/ros2_px4_ws/install/example_mode_with_executor_cpp:/home/mikks/ros2_px4_ws/install/example_mode_vtol_cpp:/home/mikks/ros2_px4_ws/install/example_mode_rtl_replacement_cpp:/home/mikks/ros2_px4_ws/install/example_mode_mission_cpp:/home/mikks/ros2_px4_ws/install/example_mode_manual_cpp:/home/mikks/ros2_px4_ws/install/example_mode_goto_global_cpp:/home/mikks/ros2_px4_ws/install/example_mode_goto_cpp:/home/mikks/ros2_px4_ws/install/example_mode_fw_attitude_cpp:/home/mikks/ros2_px4_ws/install/example_local_navigation_cpp:/home/mikks/ros2_px4_ws/install/example_global_navigation_cpp:/home/mikks/ros2_px4_ws/install/example_executor_with_multiple_modes_cpp:/home/mikks/crazyflie_mapping_demo/ros2_ws/install/crazyflie_ros2_multiranger_bringup:/home/mikks/crazyflie_mapping_demo/ros2_ws/install/ros_gz_crazyflie_bringup:/home/mikks/crazyflie_mapping_demo/ros2_ws/install/ros_gz_crazyflie_gazebo:/home/mikks/crazyflie_mapping_demo/ros2_ws/install/crazyflie_sim:/home/mikks/crazyflie_mapping_demo/ros2_ws/install/crazyflie_examples:/home/mikks/crazyflie_mapping_demo/ros2_ws/install/crazyflie:/home/mikks/crazyflie_mapping_demo/ros2_ws/install/crazyflie_interfaces:/opt/ros/jazzy/opt/gz_sim_vendor:/opt/ros/jazzy/opt/gz_sensors_vendor:/opt/ros/jazzy/opt/gz_physics_vendor:/opt/ros/jazzy/opt/sdformat_vendor:/opt/ros/jazzy/opt/gz_gui_vendor:/opt/ros/jazzy/opt/gz_transport_vendor:/opt/ros/jazzy/opt/gz_rendering_vendor:/opt/ros/jazzy/opt/gz_plugin_vendor:/opt/ros/jazzy/opt/gz_fuel_tools_vendor:/opt/ros/jazzy/opt/gz_msgs_vendor:/opt/ros/jazzy/opt/gz_common_vendor:/opt/ros/jazzy/opt/gz_math_vendor:/opt/ros/jazzy/opt/gz_utils_vendor:/opt/ros/jazzy/opt/gz_tools_vendor:/opt/ros/jazzy/opt/gz_ogre_next_vendor:/opt/ros/jazzy/opt/gz_dartsim_vendor:/opt/ros/jazzy/opt/gz_cmake_vendor:/home/mikks/ros2_px4_ws/install/x500_hover_controller:/home/mikks/ros2_px4_ws/install/example_mode_with_rclpy_py:/home/mikks/ros2_px4_ws/install/example_mode_goto_py:/home/mikks/ros2_px4_ws/install/px4_actuator_ctrl:/home/mikks/ros2_ws/install/rover_desc_description:/home/mikks/ros2_ws/install/px4_actuator_ctrl:/home/mikks/ros2_ws/install/mine_rover_description:/home/mikks/ros2_ws/install/ZerionURDFV5cp_description:/home/mikks/crazyflie_mapping_demo/ros2_ws/install/velocity_free_consensus:/home/mikks/crazyflie_mapping_demo/ros2_ws/install/stepwise_lowpos:/home/mikks/crazyflie_mapping_demo/ros2_ws/install/step_wise_lowpos:/home/mikks/crazyflie_mapping_demo/ros2_ws/install/second_order_formation_control:/home/mikks/crazyflie_mapping_demo/ros2_ws/install/ros_gz_crazyflie_control:/home/mikks/crazyflie_mapping_demo/ros2_ws/install/mixed_fractional_consensus:/home/mikks/crazyflie_mapping_demo/ros2_ws/install/lowest_pos:/home/mikks/crazyflie_mapping_demo/ros2_ws/install/linear_consensus:/home/mikks/crazyflie_mapping_demo/ros2_ws/install/highest_pos:/home/mikks/crazyflie_mapping_demo/ros2_ws/install/fractional_consensus_alpha:/home/mikks/crazyflie_mapping_demo/ros2_ws/install/event_triggered_swarm:/home/mikks/crazyflie_mapping_demo/ros2_ws/install/drone_logger:/home/mikks/crazyflie_mapping_demo/ros2_ws/install/distributed_average_tracking:/home/mikks/crazyflie_mapping_demo/ros2_ws/install/crazyflie_swarm_logic:/home/mikks/crazyflie_mapping_demo/ros2_ws/install/crazyflie_ros2_multiranger_wall_following:/home/mikks/crazyflie_mapping_demo/ros2_ws/install/crazyflie_ros2_multiranger_simple_mapper:/home/mikks/crazyflie_mapping_demo/ros2_ws/install/crazyflie_py:/home/mikks/crazyflie_mapping_demo/ros2_ws/install/cooperative_target_centric_formation:/home/mikks/crazyflie_mapping_demo/ros2_ws/install/containment_using_agent_information:/home/mikks/crazyflie_mapping_demo/ros2_ws/install/consensus_for_double_integrator:/home/mikks/crazyflie_mapping_demo/ros2_ws/install/consensus_alignment:/home/mikks/crazyflie_mapping_demo/ros2_ws/install/binary_consensus:/home/mikks/crazyflie_mapping_demo/ros2_ws/install/Second_Order_Min_Consensus_for_Heterogeneous_Agents:/home/mikks/crazyflie_mapping_demo/ros2_ws/install/BinaryContainmentChain:/opt/ros/jazzy DEBUGINFOD_URLS=https://debuginfod.ubuntu.com LD_LIBRARY_PATH=/home/mikks/ros2_px4_ws/install/px4_ros2_cpp/lib:/home/mikks/ros2_px4_ws/install/px4_msgs/lib:/home/mikks/ros2_px4_ws/install/px4_ros_com/lib:/home/mikks/NatNet_SDK_4.3_ubuntu/lib:/home/mikks/crazyflie_mapping_demo/ros2_ws/install/crazyflie_interfaces/lib:/opt/ros/jazzy/opt/gz_sim_vendor/lib:/opt/ros/jazzy/opt/gz_sensors_vendor/lib:/opt/ros/jazzy/opt/gz_physics_vendor/lib:/opt/ros/jazzy/opt/sdformat_vendor/lib:/opt/ros/jazzy/opt/rviz_ogre_vendor/lib:/opt/ros/jazzy/lib/x86_64-linux-gnu:/opt/ros/jazzy/opt/gz_gui_vendor/lib:/opt/ros/jazzy/opt/gz_transport_vendor/lib:/opt/ros/jazzy/opt/gz_rendering_vendor/lib:/opt/ros/jazzy/opt/gz_plugin_vendor/lib:/opt/ros/jazzy/opt/gz_fuel_tools_vendor/lib:/opt/ros/jazzy/opt/gz_msgs_vendor/lib:/opt/ros/jazzy/opt/gz_common_vendor/lib:/opt/ros/jazzy/opt/gz_math_vendor/lib:/opt/ros/jazzy/opt/gz_utils_vendor/lib:/opt/ros/jazzy/opt/gz_tools_vendor/lib:/opt/ros/jazzy/opt/gz_ogre_next_vendor/lib:/opt/ros/jazzy/opt/gz_dartsim_vendor/lib:/opt/ros/jazzy/opt/gz_cmake_vendor/lib:/opt/ros/jazzy/lib PYTHONPATH=/home/mikks/ros2_px4_ws/install/px4_msgs/lib/python3.12/site-packages:/home/mikks/ros2_px4_ws/build/x500_hover_controller:/home/mikks/ros2_px4_ws/install/x500_hover_controller/lib/python3.12/site-packages:/home/mikks/ros2_px4_ws/install/px4_ros_com/lib/python3.12/site-packages:/home/mikks/ros2_px4_ws/build/example_mode_with_rclpy_py:/home/mikks/ros2_px4_ws/install/example_mode_with_rclpy_py/lib/python3.12/site-packages:/home/mikks/ros2_px4_ws/build/example_mode_goto_py:/home/mikks/ros2_px4_ws/install/example_mode_goto_py/lib/python3.12/site-packages:/home/mikks/ros2_px4_ws/install/px4_ros2_py/lib/python3.12/site-packages:/home/mikks/ros2_px4_ws/build/px4_actuator_ctrl:/home/mikks/ros2_px4_ws/install/px4_actuator_ctrl/lib/python3.12/site-packages:/home/mikks/ros2_ws/build/rover_desc_description:/home/mikks/ros2_ws/install/rover_desc_description/lib/python3.12/site-packages:/home/mikks/ros2_ws/install/px4_actuator_ctrl/lib/python3.12/site-packages:/home/mikks/ros2_ws/build/mine_rover_description:/home/mikks/ros2_ws/install/mine_rover_description/lib/python3.12/site-packages:/home/mikks/ros2_ws/build/ZerionURDFV5cp_description:/home/mikks/ros2_ws/install/ZerionURDFV5cp_description/lib/python3.12/site-packages:/home/mikks/crazyflie_mapping_demo/ros2_ws/install/velocity_free_consensus/lib/python3.12/site-packages:/home/mikks/crazyflie_mapping_demo/ros2_ws/install/stepwise_lowpos/lib/python3.12/site-packages:/home/mikks/crazyflie_mapping_demo/ros2_ws/install/step_wise_lowpos/lib/python3.12/site-packages:/home/mikks/crazyflie_mapping_demo/ros2_ws/install/second_order_formation_control/lib/python3.12/site-packages:/home/mikks/crazyflie_mapping_demo/ros2_ws/install/ros_gz_crazyflie_control/lib/python3.12/site-packages:/home/mikks/crazyflie_mapping_demo/ros2_ws/install/mixed_fractional_consensus/lib/python3.12/site-packages:/home/mikks/crazyflie_mapping_demo/ros2_ws/install/lowest_pos/lib/python3.12/site-packages:/home/mikks/crazyflie_mapping_demo/ros2_ws/install/linear_consensus/lib/python3.12/site-packages:/home/mikks/crazyflie_mapping_demo/ros2_ws/install/highest_pos/lib/python3.12/site-packages:/home/mikks/crazyflie_mapping_demo/ros2_ws/install/fractional_consensus_alpha/lib/python3.12/site-packages:/home/mikks/crazyflie_mapping_demo/ros2_ws/install/event_triggered_swarm/lib/python3.12/site-packages:/home/mikks/crazyflie_mapping_demo/ros2_ws/install/drone_logger/lib/python3.12/site-packages:/home/mikks/crazyflie_mapping_demo/ros2_ws/install/distributed_average_tracking/lib/python3.12/site-packages:/home/mikks/crazyflie_mapping_demo/ros2_ws/install/crazyflie_swarm_logic/lib/python3.12/site-packages:/home/mikks/crazyflie_mapping_demo/ros2_ws/install/crazyflie_sim/lib/python3.12/site-packages:/home/mikks/crazyflie_mapping_demo/ros2_ws/install/crazyflie_ros2_multiranger_wall_following/lib/python3.12/site-packages:/home/mikks/crazyflie_mapping_demo/ros2_ws/install/crazyflie_ros2_multiranger_simple_mapper/lib/python3.12/site-packages:/home/mikks/crazyflie_mapping_demo/ros2_ws/install/crazyflie_examples/lib/python3.12/site-packages:/home/mikks/crazyflie_mapping_demo/ros2_ws/install/crazyflie_py/lib/python3.12/site-packages:/home/mikks/crazyflie_mapping_demo/ros2_ws/install/crazyflie_interfaces/lib/python3.12/site-packages:/home/mikks/crazyflie_mapping_demo/ros2_ws/install/cooperative_target_centric_formation/lib/python3.12/site-packages:/home/mikks/crazyflie_mapping_demo/ros2_ws/install/containment_using_agent_information/lib/python3.12/site-packages:/home/mikks/crazyflie_mapping_demo/ros2_ws/install/consensus_for_double_integrator/lib/python3.12/site-packages:/home/mikks/crazyflie_mapping_demo/ros2_ws/install/consensus_alignment/lib/python3.12/site-packages:/home/mikks/crazyflie_mapping_demo/ros2_ws/install/binary_consensus/lib/python3.12/site-packages:/home/mikks/crazyflie_mapping_demo/ros2_ws/install/Second_Order_Min_Consensus_for_Heterogeneous_Agents/lib/python3.12/site-packages:/home/mikks/crazyflie_mapping_demo/ros2_ws/install/BinaryContainmentChain/lib/python3.12/site-packages:/opt/ros/jazzy/lib/python3.12/site-packages /usr/bin/cmake --build /home/mikks/ros2_px4_ws/build/example_rover_velocity_mode_cpp -- -j12 -l12
[5.011s] DEBUG:colcon.colcon_core.event_handler.log_command:Invoking command in '/home/mikks/ros2_px4_ws/build/example_rover_velocity_mode_cpp': CMAKE_PREFIX_PATH=/home/mikks/ros2_px4_ws/install/px4_ros2_cpp:/home/mikks/ros2_px4_ws/install/px4_msgs:/home/mikks/ros2_px4_ws/install/px4_ros_com:/home/mikks/ros2_px4_ws/install/px4_ros2_py:/home/mikks/ros2_px4_ws/install/example_rover_velocity_mode_cpp:/home/mikks/ros2_px4_ws/install/example_mode_with_executor_cpp:/home/mikks/ros2_px4_ws/install/example_mode_vtol_cpp:/home/mikks/ros2_px4_ws/install/example_mode_rtl_replacement_cpp:/home/mikks/ros2_px4_ws/install/example_mode_mission_cpp:/home/mikks/ros2_px4_ws/install/example_mode_manual_cpp:/home/mikks/ros2_px4_ws/install/example_mode_goto_global_cpp:/home/mikks/ros2_px4_ws/install/example_mode_goto_cpp:/home/mikks/ros2_px4_ws/install/example_mode_fw_attitude_cpp:/home/mikks/ros2_px4_ws/install/example_local_navigation_cpp:/home/mikks/ros2_px4_ws/install/example_global_navigation_cpp:/home/mikks/ros2_px4_ws/install/example_executor_with_multiple_modes_cpp:/home/mikks/crazyflie_mapping_demo/ros2_ws/install/crazyflie_ros2_multiranger_bringup:/home/mikks/crazyflie_mapping_demo/ros2_ws/install/ros_gz_crazyflie_bringup:/home/mikks/crazyflie_mapping_demo/ros2_ws/install/ros_gz_crazyflie_gazebo:/home/mikks/crazyflie_mapping_demo/ros2_ws/install/crazyflie_sim:/home/mikks/crazyflie_mapping_demo/ros2_ws/install/crazyflie_examples:/home/mikks/crazyflie_mapping_demo/ros2_ws/install/crazyflie:/home/mikks/crazyflie_mapping_demo/ros2_ws/install/crazyflie_interfaces:/opt/ros/jazzy/opt/gz_sim_vendor:/opt/ros/jazzy/opt/gz_sensors_vendor:/opt/ros/jazzy/opt/gz_physics_vendor:/opt/ros/jazzy/opt/sdformat_vendor:/opt/ros/jazzy/opt/gz_gui_vendor:/opt/ros/jazzy/opt/gz_transport_vendor:/opt/ros/jazzy/opt/gz_rendering_vendor:/opt/ros/jazzy/opt/gz_plugin_vendor:/opt/ros/jazzy/opt/gz_fuel_tools_vendor:/opt/ros/jazzy/opt/gz_msgs_vendor:/opt/ros/jazzy/opt/gz_common_vendor:/opt/ros/jazzy/opt/gz_math_vendor:/opt/ros/jazzy/opt/gz_utils_vendor:/opt/ros/jazzy/opt/gz_tools_vendor:/opt/ros/jazzy/opt/gz_ogre_next_vendor:/opt/ros/jazzy/opt/gz_dartsim_vendor:/opt/ros/jazzy/opt/gz_cmake_vendor:/home/mikks/ros2_px4_ws/install/x500_hover_controller:/home/mikks/ros2_px4_ws/install/example_mode_with_rclpy_py:/home/mikks/ros2_px4_ws/install/example_mode_goto_py:/home/mikks/ros2_px4_ws/install/px4_actuator_ctrl:/home/mikks/ros2_ws/install/rover_desc_description:/home/mikks/ros2_ws/install/px4_actuator_ctrl:/home/mikks/ros2_ws/install/mine_rover_description:/home/mikks/ros2_ws/install/ZerionURDFV5cp_description:/home/mikks/crazyflie_mapping_demo/ros2_ws/install/velocity_free_consensus:/home/mikks/crazyflie_mapping_demo/ros2_ws/install/stepwise_lowpos:/home/mikks/crazyflie_mapping_demo/ros2_ws/install/step_wise_lowpos:/home/mikks/crazyflie_mapping_demo/ros2_ws/install/second_order_formation_control:/home/mikks/crazyflie_mapping_demo/ros2_ws/install/ros_gz_crazyflie_control:/home/mikks/crazyflie_mapping_demo/ros2_ws/install/mixed_fractional_consensus:/home/mikks/crazyflie_mapping_demo/ros2_ws/install/lowest_pos:/home/mikks/crazyflie_mapping_demo/ros2_ws/install/linear_consensus:/home/mikks/crazyflie_mapping_demo/ros2_ws/install/highest_pos:/home/mikks/crazyflie_mapping_demo/ros2_ws/install/fractional_consensus_alpha:/home/mikks/crazyflie_mapping_demo/ros2_ws/install/event_triggered_swarm:/home/mikks/crazyflie_mapping_demo/ros2_ws/install/drone_logger:/home/mikks/crazyflie_mapping_demo/ros2_ws/install/distributed_average_tracking:/home/mikks/crazyflie_mapping_demo/ros2_ws/install/crazyflie_swarm_logic:/home/mikks/crazyflie_mapping_demo/ros2_ws/install/crazyflie_ros2_multiranger_wall_following:/home/mikks/crazyflie_mapping_demo/ros2_ws/install/crazyflie_ros2_multiranger_simple_mapper:/home/mikks/crazyflie_mapping_demo/ros2_ws/install/crazyflie_py:/home/mikks/crazyflie_mapping_demo/ros2_ws/install/cooperative_target_centric_formation:/home/mikks/crazyflie_mapping_demo/ros2_ws/install/containment_using_agent_information:/home/mikks/crazyflie_mapping_demo/ros2_ws/install/consensus_for_double_integrator:/home/mikks/crazyflie_mapping_demo/ros2_ws/install/consensus_alignment:/home/mikks/crazyflie_mapping_demo/ros2_ws/install/binary_consensus:/home/mikks/crazyflie_mapping_demo/ros2_ws/install/Second_Order_Min_Consensus_for_Heterogeneous_Agents:/home/mikks/crazyflie_mapping_demo/ros2_ws/install/BinaryContainmentChain:/opt/ros/jazzy DEBUGINFOD_URLS=https://debuginfod.ubuntu.com LD_LIBRARY_PATH=/home/mikks/ros2_px4_ws/install/px4_ros2_cpp/lib:/home/mikks/ros2_px4_ws/install/px4_msgs/lib:/home/mikks/ros2_px4_ws/install/px4_ros_com/lib:/home/mikks/NatNet_SDK_4.3_ubuntu/lib:/home/mikks/crazyflie_mapping_demo/ros2_ws/install/crazyflie_interfaces/lib:/opt/ros/jazzy/opt/gz_sim_vendor/lib:/opt/ros/jazzy/opt/gz_sensors_vendor/lib:/opt/ros/jazzy/opt/gz_physics_vendor/lib:/opt/ros/jazzy/opt/sdformat_vendor/lib:/opt/ros/jazzy/opt/rviz_ogre_vendor/lib:/opt/ros/jazzy/lib/x86_64-linux-gnu:/opt/ros/jazzy/opt/gz_gui_vendor/lib:/opt/ros/jazzy/opt/gz_transport_vendor/lib:/opt/ros/jazzy/opt/gz_rendering_vendor/lib:/opt/ros/jazzy/opt/gz_plugin_vendor/lib:/opt/ros/jazzy/opt/gz_fuel_tools_vendor/lib:/opt/ros/jazzy/opt/gz_msgs_vendor/lib:/opt/ros/jazzy/opt/gz_common_vendor/lib:/opt/ros/jazzy/opt/gz_math_vendor/lib:/opt/ros/jazzy/opt/gz_utils_vendor/lib:/opt/ros/jazzy/opt/gz_tools_vendor/lib:/opt/ros/jazzy/opt/gz_ogre_next_vendor/lib:/opt/ros/jazzy/opt/gz_dartsim_vendor/lib:/opt/ros/jazzy/opt/gz_cmake_vendor/lib:/opt/ros/jazzy/lib PYTHONPATH=/home/mikks/ros2_px4_ws/install/px4_msgs/lib/python3.12/site-packages:/home/mikks/ros2_px4_ws/build/x500_hover_controller:/home/mikks/ros2_px4_ws/install/x500_hover_controller/lib/python3.12/site-packages:/home/mikks/ros2_px4_ws/install/px4_ros_com/lib/python3.12/site-packages:/home/mikks/ros2_px4_ws/build/example_mode_with_rclpy_py:/home/mikks/ros2_px4_ws/install/example_mode_with_rclpy_py/lib/python3.12/site-packages:/home/mikks/ros2_px4_ws/build/example_mode_goto_py:/home/mikks/ros2_px4_ws/install/example_mode_goto_py/lib/python3.12/site-packages:/home/mikks/ros2_px4_ws/install/px4_ros2_py/lib/python3.12/site-packages:/home/mikks/ros2_px4_ws/build/px4_actuator_ctrl:/home/mikks/ros2_px4_ws/install/px4_actuator_ctrl/lib/python3.12/site-packages:/home/mikks/ros2_ws/build/rover_desc_description:/home/mikks/ros2_ws/install/rover_desc_description/lib/python3.12/site-packages:/home/mikks/ros2_ws/install/px4_actuator_ctrl/lib/python3.12/site-packages:/home/mikks/ros2_ws/build/mine_rover_description:/home/mikks/ros2_ws/install/mine_rover_description/lib/python3.12/site-packages:/home/mikks/ros2_ws/build/ZerionURDFV5cp_description:/home/mikks/ros2_ws/install/ZerionURDFV5cp_description/lib/python3.12/site-packages:/home/mikks/crazyflie_mapping_demo/ros2_ws/install/velocity_free_consensus/lib/python3.12/site-packages:/home/mikks/crazyflie_mapping_demo/ros2_ws/install/stepwise_lowpos/lib/python3.12/site-packages:/home/mikks/crazyflie_mapping_demo/ros2_ws/install/step_wise_lowpos/lib/python3.12/site-packages:/home/mikks/crazyflie_mapping_demo/ros2_ws/install/second_order_formation_control/lib/python3.12/site-packages:/home/mikks/crazyflie_mapping_demo/ros2_ws/install/ros_gz_crazyflie_control/lib/python3.12/site-packages:/home/mikks/crazyflie_mapping_demo/ros2_ws/install/mixed_fractional_consensus/lib/python3.12/site-packages:/home/mikks/crazyflie_mapping_demo/ros2_ws/install/lowest_pos/lib/python3.12/site-packages:/home/mikks/crazyflie_mapping_demo/ros2_ws/install/linear_consensus/lib/python3.12/site-packages:/home/mikks/crazyflie_mapping_demo/ros2_ws/install/highest_pos/lib/python3.12/site-packages:/home/mikks/crazyflie_mapping_demo/ros2_ws/install/fractional_consensus_alpha/lib/python3.12/site-packages:/home/mikks/crazyflie_mapping_demo/ros2_ws/install/event_triggered_swarm/lib/python3.12/site-packages:/home/mikks/crazyflie_mapping_demo/ros2_ws/install/drone_logger/lib/python3.12/site-packages:/home/mikks/crazyflie_mapping_demo/ros2_ws/install/distributed_average_tracking/lib/python3.12/site-packages:/home/mikks/crazyflie_mapping_demo/ros2_ws/install/crazyflie_swarm_logic/lib/python3.12/site-packages:/home/mikks/crazyflie_mapping_demo/ros2_ws/install/crazyflie_sim/lib/python3.12/site-packages:/home/mikks/crazyflie_mapping_demo/ros2_ws/install/crazyflie_ros2_multiranger_wall_following/lib/python3.12/site-packages:/home/mikks/crazyflie_mapping_demo/ros2_ws/install/crazyflie_ros2_multiranger_simple_mapper/lib/python3.12/site-packages:/home/mikks/crazyflie_mapping_demo/ros2_ws/install/crazyflie_examples/lib/python3.12/site-packages:/home/mikks/crazyflie_mapping_demo/ros2_ws/install/crazyflie_py/lib/python3.12/site-packages:/home/mikks/crazyflie_mapping_demo/ros2_ws/install/crazyflie_interfaces/lib/python3.12/site-packages:/home/mikks/crazyflie_mapping_demo/ros2_ws/install/cooperative_target_centric_formation/lib/python3.12/site-packages:/home/mikks/crazyflie_mapping_demo/ros2_ws/install/containment_using_agent_information/lib/python3.12/site-packages:/home/mikks/crazyflie_mapping_demo/ros2_ws/install/consensus_for_double_integrator/lib/python3.12/site-packages:/home/mikks/crazyflie_mapping_demo/ros2_ws/install/consensus_alignment/lib/python3.12/site-packages:/home/mikks/crazyflie_mapping_demo/ros2_ws/install/binary_consensus/lib/python3.12/site-packages:/home/mikks/crazyflie_mapping_demo/ros2_ws/install/Second_Order_Min_Consensus_for_Heterogeneous_Agents/lib/python3.12/site-packages:/home/mikks/crazyflie_mapping_demo/ros2_ws/install/BinaryContainmentChain/lib/python3.12/site-packages:/opt/ros/jazzy/lib/python3.12/site-packages /usr/bin/cmake --install /home/mikks/ros2_px4_ws/build/example_rover_velocity_mode_cpp
[5.022s] DEBUG:colcon.colcon_core.event_handler.log_command:Invoked command in '/home/mikks/ros2_px4_ws/build/example_mode_vtol_cpp' returned '0': CMAKE_PREFIX_PATH=/home/mikks/ros2_px4_ws/install/px4_ros2_cpp:/home/mikks/ros2_px4_ws/install/px4_msgs:/home/mikks/ros2_px4_ws/install/px4_ros_com:/home/mikks/ros2_px4_ws/install/px4_ros2_py:/home/mikks/ros2_px4_ws/install/example_rover_velocity_mode_cpp:/home/mikks/ros2_px4_ws/install/example_mode_with_executor_cpp:/home/mikks/ros2_px4_ws/install/example_mode_vtol_cpp:/home/mikks/ros2_px4_ws/install/example_mode_rtl_replacement_cpp:/home/mikks/ros2_px4_ws/install/example_mode_mission_cpp:/home/mikks/ros2_px4_ws/install/example_mode_manual_cpp:/home/mikks/ros2_px4_ws/install/example_mode_goto_global_cpp:/home/mikks/ros2_px4_ws/install/example_mode_goto_cpp:/home/mikks/ros2_px4_ws/install/example_mode_fw_attitude_cpp:/home/mikks/ros2_px4_ws/install/example_local_navigation_cpp:/home/mikks/ros2_px4_ws/install/example_global_navigation_cpp:/home/mikks/ros2_px4_ws/install/example_executor_with_multiple_modes_cpp:/home/mikks/crazyflie_mapping_demo/ros2_ws/install/crazyflie_ros2_multiranger_bringup:/home/mikks/crazyflie_mapping_demo/ros2_ws/install/ros_gz_crazyflie_bringup:/home/mikks/crazyflie_mapping_demo/ros2_ws/install/ros_gz_crazyflie_gazebo:/home/mikks/crazyflie_mapping_demo/ros2_ws/install/crazyflie_sim:/home/mikks/crazyflie_mapping_demo/ros2_ws/install/crazyflie_examples:/home/mikks/crazyflie_mapping_demo/ros2_ws/install/crazyflie:/home/mikks/crazyflie_mapping_demo/ros2_ws/install/crazyflie_interfaces:/opt/ros/jazzy/opt/gz_sim_vendor:/opt/ros/jazzy/opt/gz_sensors_vendor:/opt/ros/jazzy/opt/gz_physics_vendor:/opt/ros/jazzy/opt/sdformat_vendor:/opt/ros/jazzy/opt/gz_gui_vendor:/opt/ros/jazzy/opt/gz_transport_vendor:/opt/ros/jazzy/opt/gz_rendering_vendor:/opt/ros/jazzy/opt/gz_plugin_vendor:/opt/ros/jazzy/opt/gz_fuel_tools_vendor:/opt/ros/jazzy/opt/gz_msgs_vendor:/opt/ros/jazzy/opt/gz_common_vendor:/opt/ros/jazzy/opt/gz_math_vendor:/opt/ros/jazzy/opt/gz_utils_vendor:/opt/ros/jazzy/opt/gz_tools_vendor:/opt/ros/jazzy/opt/gz_ogre_next_vendor:/opt/ros/jazzy/opt/gz_dartsim_vendor:/opt/ros/jazzy/opt/gz_cmake_vendor:/home/mikks/ros2_px4_ws/install/x500_hover_controller:/home/mikks/ros2_px4_ws/install/example_mode_with_rclpy_py:/home/mikks/ros2_px4_ws/install/example_mode_goto_py:/home/mikks/ros2_px4_ws/install/px4_actuator_ctrl:/home/mikks/ros2_ws/install/rover_desc_description:/home/mikks/ros2_ws/install/px4_actuator_ctrl:/home/mikks/ros2_ws/install/mine_rover_description:/home/mikks/ros2_ws/install/ZerionURDFV5cp_description:/home/mikks/crazyflie_mapping_demo/ros2_ws/install/velocity_free_consensus:/home/mikks/crazyflie_mapping_demo/ros2_ws/install/stepwise_lowpos:/home/mikks/crazyflie_mapping_demo/ros2_ws/install/step_wise_lowpos:/home/mikks/crazyflie_mapping_demo/ros2_ws/install/second_order_formation_control:/home/mikks/crazyflie_mapping_demo/ros2_ws/install/ros_gz_crazyflie_control:/home/mikks/crazyflie_mapping_demo/ros2_ws/install/mixed_fractional_consensus:/home/mikks/crazyflie_mapping_demo/ros2_ws/install/lowest_pos:/home/mikks/crazyflie_mapping_demo/ros2_ws/install/linear_consensus:/home/mikks/crazyflie_mapping_demo/ros2_ws/install/highest_pos:/home/mikks/crazyflie_mapping_demo/ros2_ws/install/fractional_consensus_alpha:/home/mikks/crazyflie_mapping_demo/ros2_ws/install/event_triggered_swarm:/home/mikks/crazyflie_mapping_demo/ros2_ws/install/drone_logger:/home/mikks/crazyflie_mapping_demo/ros2_ws/install/distributed_average_tracking:/home/mikks/crazyflie_mapping_demo/ros2_ws/install/crazyflie_swarm_logic:/home/mikks/crazyflie_mapping_demo/ros2_ws/install/crazyflie_ros2_multiranger_wall_following:/home/mikks/crazyflie_mapping_demo/ros2_ws/install/crazyflie_ros2_multiranger_simple_mapper:/home/mikks/crazyflie_mapping_demo/ros2_ws/install/crazyflie_py:/home/mikks/crazyflie_mapping_demo/ros2_ws/install/cooperative_target_centric_formation:/home/mikks/crazyflie_mapping_demo/ros2_ws/install/containment_using_agent_information:/home/mikks/crazyflie_mapping_demo/ros2_ws/install/consensus_for_double_integrator:/home/mikks/crazyflie_mapping_demo/ros2_ws/install/consensus_alignment:/home/mikks/crazyflie_mapping_demo/ros2_ws/install/binary_consensus:/home/mikks/crazyflie_mapping_demo/ros2_ws/install/Second_Order_Min_Consensus_for_Heterogeneous_Agents:/home/mikks/crazyflie_mapping_demo/ros2_ws/install/BinaryContainmentChain:/opt/ros/jazzy DEBUGINFOD_URLS=https://debuginfod.ubuntu.com LD_LIBRARY_PATH=/home/mikks/ros2_px4_ws/install/px4_ros2_cpp/lib:/home/mikks/ros2_px4_ws/install/px4_msgs/lib:/home/mikks/ros2_px4_ws/install/px4_ros_com/lib:/home/mikks/NatNet_SDK_4.3_ubuntu/lib:/home/mikks/crazyflie_mapping_demo/ros2_ws/install/crazyflie_interfaces/lib:/opt/ros/jazzy/opt/gz_sim_vendor/lib:/opt/ros/jazzy/opt/gz_sensors_vendor/lib:/opt/ros/jazzy/opt/gz_physics_vendor/lib:/opt/ros/jazzy/opt/sdformat_vendor/lib:/opt/ros/jazzy/opt/rviz_ogre_vendor/lib:/opt/ros/jazzy/lib/x86_64-linux-gnu:/opt/ros/jazzy/opt/gz_gui_vendor/lib:/opt/ros/jazzy/opt/gz_transport_vendor/lib:/opt/ros/jazzy/opt/gz_rendering_vendor/lib:/opt/ros/jazzy/opt/gz_plugin_vendor/lib:/opt/ros/jazzy/opt/gz_fuel_tools_vendor/lib:/opt/ros/jazzy/opt/gz_msgs_vendor/lib:/opt/ros/jazzy/opt/gz_common_vendor/lib:/opt/ros/jazzy/opt/gz_math_vendor/lib:/opt/ros/jazzy/opt/gz_utils_vendor/lib:/opt/ros/jazzy/opt/gz_tools_vendor/lib:/opt/ros/jazzy/opt/gz_ogre_next_vendor/lib:/opt/ros/jazzy/opt/gz_dartsim_vendor/lib:/opt/ros/jazzy/opt/gz_cmake_vendor/lib:/opt/ros/jazzy/lib PYTHONPATH=/home/mikks/ros2_px4_ws/install/px4_msgs/lib/python3.12/site-packages:/home/mikks/ros2_px4_ws/build/x500_hover_controller:/home/mikks/ros2_px4_ws/install/x500_hover_controller/lib/python3.12/site-packages:/home/mikks/ros2_px4_ws/install/px4_ros_com/lib/python3.12/site-packages:/home/mikks/ros2_px4_ws/build/example_mode_with_rclpy_py:/home/mikks/ros2_px4_ws/install/example_mode_with_rclpy_py/lib/python3.12/site-packages:/home/mikks/ros2_px4_ws/build/example_mode_goto_py:/home/mikks/ros2_px4_ws/install/example_mode_goto_py/lib/python3.12/site-packages:/home/mikks/ros2_px4_ws/install/px4_ros2_py/lib/python3.12/site-packages:/home/mikks/ros2_px4_ws/build/px4_actuator_ctrl:/home/mikks/ros2_px4_ws/install/px4_actuator_ctrl/lib/python3.12/site-packages:/home/mikks/ros2_ws/build/rover_desc_description:/home/mikks/ros2_ws/install/rover_desc_description/lib/python3.12/site-packages:/home/mikks/ros2_ws/install/px4_actuator_ctrl/lib/python3.12/site-packages:/home/mikks/ros2_ws/build/mine_rover_description:/home/mikks/ros2_ws/install/mine_rover_description/lib/python3.12/site-packages:/home/mikks/ros2_ws/build/ZerionURDFV5cp_description:/home/mikks/ros2_ws/install/ZerionURDFV5cp_description/lib/python3.12/site-packages:/home/mikks/crazyflie_mapping_demo/ros2_ws/install/velocity_free_consensus/lib/python3.12/site-packages:/home/mikks/crazyflie_mapping_demo/ros2_ws/install/stepwise_lowpos/lib/python3.12/site-packages:/home/mikks/crazyflie_mapping_demo/ros2_ws/install/step_wise_lowpos/lib/python3.12/site-packages:/home/mikks/crazyflie_mapping_demo/ros2_ws/install/second_order_formation_control/lib/python3.12/site-packages:/home/mikks/crazyflie_mapping_demo/ros2_ws/install/ros_gz_crazyflie_control/lib/python3.12/site-packages:/home/mikks/crazyflie_mapping_demo/ros2_ws/install/mixed_fractional_consensus/lib/python3.12/site-packages:/home/mikks/crazyflie_mapping_demo/ros2_ws/install/lowest_pos/lib/python3.12/site-packages:/home/mikks/crazyflie_mapping_demo/ros2_ws/install/linear_consensus/lib/python3.12/site-packages:/home/mikks/crazyflie_mapping_demo/ros2_ws/install/highest_pos/lib/python3.12/site-packages:/home/mikks/crazyflie_mapping_demo/ros2_ws/install/fractional_consensus_alpha/lib/python3.12/site-packages:/home/mikks/crazyflie_mapping_demo/ros2_ws/install/event_triggered_swarm/lib/python3.12/site-packages:/home/mikks/crazyflie_mapping_demo/ros2_ws/install/drone_logger/lib/python3.12/site-packages:/home/mikks/crazyflie_mapping_demo/ros2_ws/install/distributed_average_tracking/lib/python3.12/site-packages:/home/mikks/crazyflie_mapping_demo/ros2_ws/install/crazyflie_swarm_logic/lib/python3.12/site-packages:/home/mikks/crazyflie_mapping_demo/ros2_ws/install/crazyflie_sim/lib/python3.12/site-packages:/home/mikks/crazyflie_mapping_demo/ros2_ws/install/crazyflie_ros2_multiranger_wall_following/lib/python3.12/site-packages:/home/mikks/crazyflie_mapping_demo/ros2_ws/install/crazyflie_ros2_multiranger_simple_mapper/lib/python3.12/site-packages:/home/mikks/crazyflie_mapping_demo/ros2_ws/install/crazyflie_examples/lib/python3.12/site-packages:/home/mikks/crazyflie_mapping_demo/ros2_ws/install/crazyflie_py/lib/python3.12/site-packages:/home/mikks/crazyflie_mapping_demo/ros2_ws/install/crazyflie_interfaces/lib/python3.12/site-packages:/home/mikks/crazyflie_mapping_demo/ros2_ws/install/cooperative_target_centric_formation/lib/python3.12/site-packages:/home/mikks/crazyflie_mapping_demo/ros2_ws/install/containment_using_agent_information/lib/python3.12/site-packages:/home/mikks/crazyflie_mapping_demo/ros2_ws/install/consensus_for_double_integrator/lib/python3.12/site-packages:/home/mikks/crazyflie_mapping_demo/ros2_ws/install/consensus_alignment/lib/python3.12/site-packages:/home/mikks/crazyflie_mapping_demo/ros2_ws/install/binary_consensus/lib/python3.12/site-packages:/home/mikks/crazyflie_mapping_demo/ros2_ws/install/Second_Order_Min_Consensus_for_Heterogeneous_Agents/lib/python3.12/site-packages:/home/mikks/crazyflie_mapping_demo/ros2_ws/install/BinaryContainmentChain/lib/python3.12/site-packages:/opt/ros/jazzy/lib/python3.12/site-packages /usr/bin/cmake --build /home/mikks/ros2_px4_ws/build/example_mode_vtol_cpp -- -j12 -l12
[5.025s] DEBUG:colcon.colcon_core.event_handler.log_command:Invoking command in '/home/mikks/ros2_px4_ws/build/example_mode_vtol_cpp': CMAKE_PREFIX_PATH=/home/mikks/ros2_px4_ws/install/px4_ros2_cpp:/home/mikks/ros2_px4_ws/install/px4_msgs:/home/mikks/ros2_px4_ws/install/px4_ros_com:/home/mikks/ros2_px4_ws/install/px4_ros2_py:/home/mikks/ros2_px4_ws/install/example_rover_velocity_mode_cpp:/home/mikks/ros2_px4_ws/install/example_mode_with_executor_cpp:/home/mikks/ros2_px4_ws/install/example_mode_vtol_cpp:/home/mikks/ros2_px4_ws/install/example_mode_rtl_replacement_cpp:/home/mikks/ros2_px4_ws/install/example_mode_mission_cpp:/home/mikks/ros2_px4_ws/install/example_mode_manual_cpp:/home/mikks/ros2_px4_ws/install/example_mode_goto_global_cpp:/home/mikks/ros2_px4_ws/install/example_mode_goto_cpp:/home/mikks/ros2_px4_ws/install/example_mode_fw_attitude_cpp:/home/mikks/ros2_px4_ws/install/example_local_navigation_cpp:/home/mikks/ros2_px4_ws/install/example_global_navigation_cpp:/home/mikks/ros2_px4_ws/install/example_executor_with_multiple_modes_cpp:/home/mikks/crazyflie_mapping_demo/ros2_ws/install/crazyflie_ros2_multiranger_bringup:/home/mikks/crazyflie_mapping_demo/ros2_ws/install/ros_gz_crazyflie_bringup:/home/mikks/crazyflie_mapping_demo/ros2_ws/install/ros_gz_crazyflie_gazebo:/home/mikks/crazyflie_mapping_demo/ros2_ws/install/crazyflie_sim:/home/mikks/crazyflie_mapping_demo/ros2_ws/install/crazyflie_examples:/home/mikks/crazyflie_mapping_demo/ros2_ws/install/crazyflie:/home/mikks/crazyflie_mapping_demo/ros2_ws/install/crazyflie_interfaces:/opt/ros/jazzy/opt/gz_sim_vendor:/opt/ros/jazzy/opt/gz_sensors_vendor:/opt/ros/jazzy/opt/gz_physics_vendor:/opt/ros/jazzy/opt/sdformat_vendor:/opt/ros/jazzy/opt/gz_gui_vendor:/opt/ros/jazzy/opt/gz_transport_vendor:/opt/ros/jazzy/opt/gz_rendering_vendor:/opt/ros/jazzy/opt/gz_plugin_vendor:/opt/ros/jazzy/opt/gz_fuel_tools_vendor:/opt/ros/jazzy/opt/gz_msgs_vendor:/opt/ros/jazzy/opt/gz_common_vendor:/opt/ros/jazzy/opt/gz_math_vendor:/opt/ros/jazzy/opt/gz_utils_vendor:/opt/ros/jazzy/opt/gz_tools_vendor:/opt/ros/jazzy/opt/gz_ogre_next_vendor:/opt/ros/jazzy/opt/gz_dartsim_vendor:/opt/ros/jazzy/opt/gz_cmake_vendor:/home/mikks/ros2_px4_ws/install/x500_hover_controller:/home/mikks/ros2_px4_ws/install/example_mode_with_rclpy_py:/home/mikks/ros2_px4_ws/install/example_mode_goto_py:/home/mikks/ros2_px4_ws/install/px4_actuator_ctrl:/home/mikks/ros2_ws/install/rover_desc_description:/home/mikks/ros2_ws/install/px4_actuator_ctrl:/home/mikks/ros2_ws/install/mine_rover_description:/home/mikks/ros2_ws/install/ZerionURDFV5cp_description:/home/mikks/crazyflie_mapping_demo/ros2_ws/install/velocity_free_consensus:/home/mikks/crazyflie_mapping_demo/ros2_ws/install/stepwise_lowpos:/home/mikks/crazyflie_mapping_demo/ros2_ws/install/step_wise_lowpos:/home/mikks/crazyflie_mapping_demo/ros2_ws/install/second_order_formation_control:/home/mikks/crazyflie_mapping_demo/ros2_ws/install/ros_gz_crazyflie_control:/home/mikks/crazyflie_mapping_demo/ros2_ws/install/mixed_fractional_consensus:/home/mikks/crazyflie_mapping_demo/ros2_ws/install/lowest_pos:/home/mikks/crazyflie_mapping_demo/ros2_ws/install/linear_consensus:/home/mikks/crazyflie_mapping_demo/ros2_ws/install/highest_pos:/home/mikks/crazyflie_mapping_demo/ros2_ws/install/fractional_consensus_alpha:/home/mikks/crazyflie_mapping_demo/ros2_ws/install/event_triggered_swarm:/home/mikks/crazyflie_mapping_demo/ros2_ws/install/drone_logger:/home/mikks/crazyflie_mapping_demo/ros2_ws/install/distributed_average_tracking:/home/mikks/crazyflie_mapping_demo/ros2_ws/install/crazyflie_swarm_logic:/home/mikks/crazyflie_mapping_demo/ros2_ws/install/crazyflie_ros2_multiranger_wall_following:/home/mikks/crazyflie_mapping_demo/ros2_ws/install/crazyflie_ros2_multiranger_simple_mapper:/home/mikks/crazyflie_mapping_demo/ros2_ws/install/crazyflie_py:/home/mikks/crazyflie_mapping_demo/ros2_ws/install/cooperative_target_centric_formation:/home/mikks/crazyflie_mapping_demo/ros2_ws/install/containment_using_agent_information:/home/mikks/crazyflie_mapping_demo/ros2_ws/install/consensus_for_double_integrator:/home/mikks/crazyflie_mapping_demo/ros2_ws/install/consensus_alignment:/home/mikks/crazyflie_mapping_demo/ros2_ws/install/binary_consensus:/home/mikks/crazyflie_mapping_demo/ros2_ws/install/Second_Order_Min_Consensus_for_Heterogeneous_Agents:/home/mikks/crazyflie_mapping_demo/ros2_ws/install/BinaryContainmentChain:/opt/ros/jazzy DEBUGINFOD_URLS=https://debuginfod.ubuntu.com LD_LIBRARY_PATH=/home/mikks/ros2_px4_ws/install/px4_ros2_cpp/lib:/home/mikks/ros2_px4_ws/install/px4_msgs/lib:/home/mikks/ros2_px4_ws/install/px4_ros_com/lib:/home/mikks/NatNet_SDK_4.3_ubuntu/lib:/home/mikks/crazyflie_mapping_demo/ros2_ws/install/crazyflie_interfaces/lib:/opt/ros/jazzy/opt/gz_sim_vendor/lib:/opt/ros/jazzy/opt/gz_sensors_vendor/lib:/opt/ros/jazzy/opt/gz_physics_vendor/lib:/opt/ros/jazzy/opt/sdformat_vendor/lib:/opt/ros/jazzy/opt/rviz_ogre_vendor/lib:/opt/ros/jazzy/lib/x86_64-linux-gnu:/opt/ros/jazzy/opt/gz_gui_vendor/lib:/opt/ros/jazzy/opt/gz_transport_vendor/lib:/opt/ros/jazzy/opt/gz_rendering_vendor/lib:/opt/ros/jazzy/opt/gz_plugin_vendor/lib:/opt/ros/jazzy/opt/gz_fuel_tools_vendor/lib:/opt/ros/jazzy/opt/gz_msgs_vendor/lib:/opt/ros/jazzy/opt/gz_common_vendor/lib:/opt/ros/jazzy/opt/gz_math_vendor/lib:/opt/ros/jazzy/opt/gz_utils_vendor/lib:/opt/ros/jazzy/opt/gz_tools_vendor/lib:/opt/ros/jazzy/opt/gz_ogre_next_vendor/lib:/opt/ros/jazzy/opt/gz_dartsim_vendor/lib:/opt/ros/jazzy/opt/gz_cmake_vendor/lib:/opt/ros/jazzy/lib PYTHONPATH=/home/mikks/ros2_px4_ws/install/px4_msgs/lib/python3.12/site-packages:/home/mikks/ros2_px4_ws/build/x500_hover_controller:/home/mikks/ros2_px4_ws/install/x500_hover_controller/lib/python3.12/site-packages:/home/mikks/ros2_px4_ws/install/px4_ros_com/lib/python3.12/site-packages:/home/mikks/ros2_px4_ws/build/example_mode_with_rclpy_py:/home/mikks/ros2_px4_ws/install/example_mode_with_rclpy_py/lib/python3.12/site-packages:/home/mikks/ros2_px4_ws/build/example_mode_goto_py:/home/mikks/ros2_px4_ws/install/example_mode_goto_py/lib/python3.12/site-packages:/home/mikks/ros2_px4_ws/install/px4_ros2_py/lib/python3.12/site-packages:/home/mikks/ros2_px4_ws/build/px4_actuator_ctrl:/home/mikks/ros2_px4_ws/install/px4_actuator_ctrl/lib/python3.12/site-packages:/home/mikks/ros2_ws/build/rover_desc_description:/home/mikks/ros2_ws/install/rover_desc_description/lib/python3.12/site-packages:/home/mikks/ros2_ws/install/px4_actuator_ctrl/lib/python3.12/site-packages:/home/mikks/ros2_ws/build/mine_rover_description:/home/mikks/ros2_ws/install/mine_rover_description/lib/python3.12/site-packages:/home/mikks/ros2_ws/build/ZerionURDFV5cp_description:/home/mikks/ros2_ws/install/ZerionURDFV5cp_description/lib/python3.12/site-packages:/home/mikks/crazyflie_mapping_demo/ros2_ws/install/velocity_free_consensus/lib/python3.12/site-packages:/home/mikks/crazyflie_mapping_demo/ros2_ws/install/stepwise_lowpos/lib/python3.12/site-packages:/home/mikks/crazyflie_mapping_demo/ros2_ws/install/step_wise_lowpos/lib/python3.12/site-packages:/home/mikks/crazyflie_mapping_demo/ros2_ws/install/second_order_formation_control/lib/python3.12/site-packages:/home/mikks/crazyflie_mapping_demo/ros2_ws/install/ros_gz_crazyflie_control/lib/python3.12/site-packages:/home/mikks/crazyflie_mapping_demo/ros2_ws/install/mixed_fractional_consensus/lib/python3.12/site-packages:/home/mikks/crazyflie_mapping_demo/ros2_ws/install/lowest_pos/lib/python3.12/site-packages:/home/mikks/crazyflie_mapping_demo/ros2_ws/install/linear_consensus/lib/python3.12/site-packages:/home/mikks/crazyflie_mapping_demo/ros2_ws/install/highest_pos/lib/python3.12/site-packages:/home/mikks/crazyflie_mapping_demo/ros2_ws/install/fractional_consensus_alpha/lib/python3.12/site-packages:/home/mikks/crazyflie_mapping_demo/ros2_ws/install/event_triggered_swarm/lib/python3.12/site-packages:/home/mikks/crazyflie_mapping_demo/ros2_ws/install/drone_logger/lib/python3.12/site-packages:/home/mikks/crazyflie_mapping_demo/ros2_ws/install/distributed_average_tracking/lib/python3.12/site-packages:/home/mikks/crazyflie_mapping_demo/ros2_ws/install/crazyflie_swarm_logic/lib/python3.12/site-packages:/home/mikks/crazyflie_mapping_demo/ros2_ws/install/crazyflie_sim/lib/python3.12/site-packages:/home/mikks/crazyflie_mapping_demo/ros2_ws/install/crazyflie_ros2_multiranger_wall_following/lib/python3.12/site-packages:/home/mikks/crazyflie_mapping_demo/ros2_ws/install/crazyflie_ros2_multiranger_simple_mapper/lib/python3.12/site-packages:/home/mikks/crazyflie_mapping_demo/ros2_ws/install/crazyflie_examples/lib/python3.12/site-packages:/home/mikks/crazyflie_mapping_demo/ros2_ws/install/crazyflie_py/lib/python3.12/site-packages:/home/mikks/crazyflie_mapping_demo/ros2_ws/install/crazyflie_interfaces/lib/python3.12/site-packages:/home/mikks/crazyflie_mapping_demo/ros2_ws/install/cooperative_target_centric_formation/lib/python3.12/site-packages:/home/mikks/crazyflie_mapping_demo/ros2_ws/install/containment_using_agent_information/lib/python3.12/site-packages:/home/mikks/crazyflie_mapping_demo/ros2_ws/install/consensus_for_double_integrator/lib/python3.12/site-packages:/home/mikks/crazyflie_mapping_demo/ros2_ws/install/consensus_alignment/lib/python3.12/site-packages:/home/mikks/crazyflie_mapping_demo/ros2_ws/install/binary_consensus/lib/python3.12/site-packages:/home/mikks/crazyflie_mapping_demo/ros2_ws/install/Second_Order_Min_Consensus_for_Heterogeneous_Agents/lib/python3.12/site-packages:/home/mikks/crazyflie_mapping_demo/ros2_ws/install/BinaryContainmentChain/lib/python3.12/site-packages:/opt/ros/jazzy/lib/python3.12/site-packages /usr/bin/cmake --install /home/mikks/ros2_px4_ws/build/example_mode_vtol_cpp
[5.029s] Level 1:colcon.colcon_core.environment:create_environment_scripts_only(example_mode_rtl_replacement_cpp)
[5.030s] Level 1:colcon.colcon_core.environment:checking '/home/mikks/ros2_px4_ws/install/example_mode_rtl_replacement_cpp' for CMake module files
[5.030s] DEBUG:colcon.colcon_core.event_handler.log_command:Invoked command in '/home/mikks/ros2_px4_ws/build/example_mode_rtl_replacement_cpp' returned '0': CMAKE_PREFIX_PATH=/home/mikks/ros2_px4_ws/install/px4_ros2_cpp:/home/mikks/ros2_px4_ws/install/px4_msgs:/home/mikks/ros2_px4_ws/install/px4_ros_com:/home/mikks/ros2_px4_ws/install/px4_ros2_py:/home/mikks/ros2_px4_ws/install/example_rover_velocity_mode_cpp:/home/mikks/ros2_px4_ws/install/example_mode_with_executor_cpp:/home/mikks/ros2_px4_ws/install/example_mode_vtol_cpp:/home/mikks/ros2_px4_ws/install/example_mode_rtl_replacement_cpp:/home/mikks/ros2_px4_ws/install/example_mode_mission_cpp:/home/mikks/ros2_px4_ws/install/example_mode_manual_cpp:/home/mikks/ros2_px4_ws/install/example_mode_goto_global_cpp:/home/mikks/ros2_px4_ws/install/example_mode_goto_cpp:/home/mikks/ros2_px4_ws/install/example_mode_fw_attitude_cpp:/home/mikks/ros2_px4_ws/install/example_local_navigation_cpp:/home/mikks/ros2_px4_ws/install/example_global_navigation_cpp:/home/mikks/ros2_px4_ws/install/example_executor_with_multiple_modes_cpp:/home/mikks/crazyflie_mapping_demo/ros2_ws/install/crazyflie_ros2_multiranger_bringup:/home/mikks/crazyflie_mapping_demo/ros2_ws/install/ros_gz_crazyflie_bringup:/home/mikks/crazyflie_mapping_demo/ros2_ws/install/ros_gz_crazyflie_gazebo:/home/mikks/crazyflie_mapping_demo/ros2_ws/install/crazyflie_sim:/home/mikks/crazyflie_mapping_demo/ros2_ws/install/crazyflie_examples:/home/mikks/crazyflie_mapping_demo/ros2_ws/install/crazyflie:/home/mikks/crazyflie_mapping_demo/ros2_ws/install/crazyflie_interfaces:/opt/ros/jazzy/opt/gz_sim_vendor:/opt/ros/jazzy/opt/gz_sensors_vendor:/opt/ros/jazzy/opt/gz_physics_vendor:/opt/ros/jazzy/opt/sdformat_vendor:/opt/ros/jazzy/opt/gz_gui_vendor:/opt/ros/jazzy/opt/gz_transport_vendor:/opt/ros/jazzy/opt/gz_rendering_vendor:/opt/ros/jazzy/opt/gz_plugin_vendor:/opt/ros/jazzy/opt/gz_fuel_tools_vendor:/opt/ros/jazzy/opt/gz_msgs_vendor:/opt/ros/jazzy/opt/gz_common_vendor:/opt/ros/jazzy/opt/gz_math_vendor:/opt/ros/jazzy/opt/gz_utils_vendor:/opt/ros/jazzy/opt/gz_tools_vendor:/opt/ros/jazzy/opt/gz_ogre_next_vendor:/opt/ros/jazzy/opt/gz_dartsim_vendor:/opt/ros/jazzy/opt/gz_cmake_vendor:/home/mikks/ros2_px4_ws/install/x500_hover_controller:/home/mikks/ros2_px4_ws/install/example_mode_with_rclpy_py:/home/mikks/ros2_px4_ws/install/example_mode_goto_py:/home/mikks/ros2_px4_ws/install/px4_actuator_ctrl:/home/mikks/ros2_ws/install/rover_desc_description:/home/mikks/ros2_ws/install/px4_actuator_ctrl:/home/mikks/ros2_ws/install/mine_rover_description:/home/mikks/ros2_ws/install/ZerionURDFV5cp_description:/home/mikks/crazyflie_mapping_demo/ros2_ws/install/velocity_free_consensus:/home/mikks/crazyflie_mapping_demo/ros2_ws/install/stepwise_lowpos:/home/mikks/crazyflie_mapping_demo/ros2_ws/install/step_wise_lowpos:/home/mikks/crazyflie_mapping_demo/ros2_ws/install/second_order_formation_control:/home/mikks/crazyflie_mapping_demo/ros2_ws/install/ros_gz_crazyflie_control:/home/mikks/crazyflie_mapping_demo/ros2_ws/install/mixed_fractional_consensus:/home/mikks/crazyflie_mapping_demo/ros2_ws/install/lowest_pos:/home/mikks/crazyflie_mapping_demo/ros2_ws/install/linear_consensus:/home/mikks/crazyflie_mapping_demo/ros2_ws/install/highest_pos:/home/mikks/crazyflie_mapping_demo/ros2_ws/install/fractional_consensus_alpha:/home/mikks/crazyflie_mapping_demo/ros2_ws/install/event_triggered_swarm:/home/mikks/crazyflie_mapping_demo/ros2_ws/install/drone_logger:/home/mikks/crazyflie_mapping_demo/ros2_ws/install/distributed_average_tracking:/home/mikks/crazyflie_mapping_demo/ros2_ws/install/crazyflie_swarm_logic:/home/mikks/crazyflie_mapping_demo/ros2_ws/install/crazyflie_ros2_multiranger_wall_following:/home/mikks/crazyflie_mapping_demo/ros2_ws/install/crazyflie_ros2_multiranger_simple_mapper:/home/mikks/crazyflie_mapping_demo/ros2_ws/install/crazyflie_py:/home/mikks/crazyflie_mapping_demo/ros2_ws/install/cooperative_target_centric_formation:/home/mikks/crazyflie_mapping_demo/ros2_ws/install/containment_using_agent_information:/home/mikks/crazyflie_mapping_demo/ros2_ws/install/consensus_for_double_integrator:/home/mikks/crazyflie_mapping_demo/ros2_ws/install/consensus_alignment:/home/mikks/crazyflie_mapping_demo/ros2_ws/install/binary_consensus:/home/mikks/crazyflie_mapping_demo/ros2_ws/install/Second_Order_Min_Consensus_for_Heterogeneous_Agents:/home/mikks/crazyflie_mapping_demo/ros2_ws/install/BinaryContainmentChain:/opt/ros/jazzy DEBUGINFOD_URLS=https://debuginfod.ubuntu.com LD_LIBRARY_PATH=/home/mikks/ros2_px4_ws/install/px4_ros2_cpp/lib:/home/mikks/ros2_px4_ws/install/px4_msgs/lib:/home/mikks/ros2_px4_ws/install/px4_ros_com/lib:/home/mikks/NatNet_SDK_4.3_ubuntu/lib:/home/mikks/crazyflie_mapping_demo/ros2_ws/install/crazyflie_interfaces/lib:/opt/ros/jazzy/opt/gz_sim_vendor/lib:/opt/ros/jazzy/opt/gz_sensors_vendor/lib:/opt/ros/jazzy/opt/gz_physics_vendor/lib:/opt/ros/jazzy/opt/sdformat_vendor/lib:/opt/ros/jazzy/opt/rviz_ogre_vendor/lib:/opt/ros/jazzy/lib/x86_64-linux-gnu:/opt/ros/jazzy/opt/gz_gui_vendor/lib:/opt/ros/jazzy/opt/gz_transport_vendor/lib:/opt/ros/jazzy/opt/gz_rendering_vendor/lib:/opt/ros/jazzy/opt/gz_plugin_vendor/lib:/opt/ros/jazzy/opt/gz_fuel_tools_vendor/lib:/opt/ros/jazzy/opt/gz_msgs_vendor/lib:/opt/ros/jazzy/opt/gz_common_vendor/lib:/opt/ros/jazzy/opt/gz_math_vendor/lib:/opt/ros/jazzy/opt/gz_utils_vendor/lib:/opt/ros/jazzy/opt/gz_tools_vendor/lib:/opt/ros/jazzy/opt/gz_ogre_next_vendor/lib:/opt/ros/jazzy/opt/gz_dartsim_vendor/lib:/opt/ros/jazzy/opt/gz_cmake_vendor/lib:/opt/ros/jazzy/lib PYTHONPATH=/home/mikks/ros2_px4_ws/install/px4_msgs/lib/python3.12/site-packages:/home/mikks/ros2_px4_ws/build/x500_hover_controller:/home/mikks/ros2_px4_ws/install/x500_hover_controller/lib/python3.12/site-packages:/home/mikks/ros2_px4_ws/install/px4_ros_com/lib/python3.12/site-packages:/home/mikks/ros2_px4_ws/build/example_mode_with_rclpy_py:/home/mikks/ros2_px4_ws/install/example_mode_with_rclpy_py/lib/python3.12/site-packages:/home/mikks/ros2_px4_ws/build/example_mode_goto_py:/home/mikks/ros2_px4_ws/install/example_mode_goto_py/lib/python3.12/site-packages:/home/mikks/ros2_px4_ws/install/px4_ros2_py/lib/python3.12/site-packages:/home/mikks/ros2_px4_ws/build/px4_actuator_ctrl:/home/mikks/ros2_px4_ws/install/px4_actuator_ctrl/lib/python3.12/site-packages:/home/mikks/ros2_ws/build/rover_desc_description:/home/mikks/ros2_ws/install/rover_desc_description/lib/python3.12/site-packages:/home/mikks/ros2_ws/install/px4_actuator_ctrl/lib/python3.12/site-packages:/home/mikks/ros2_ws/build/mine_rover_description:/home/mikks/ros2_ws/install/mine_rover_description/lib/python3.12/site-packages:/home/mikks/ros2_ws/build/ZerionURDFV5cp_description:/home/mikks/ros2_ws/install/ZerionURDFV5cp_description/lib/python3.12/site-packages:/home/mikks/crazyflie_mapping_demo/ros2_ws/install/velocity_free_consensus/lib/python3.12/site-packages:/home/mikks/crazyflie_mapping_demo/ros2_ws/install/stepwise_lowpos/lib/python3.12/site-packages:/home/mikks/crazyflie_mapping_demo/ros2_ws/install/step_wise_lowpos/lib/python3.12/site-packages:/home/mikks/crazyflie_mapping_demo/ros2_ws/install/second_order_formation_control/lib/python3.12/site-packages:/home/mikks/crazyflie_mapping_demo/ros2_ws/install/ros_gz_crazyflie_control/lib/python3.12/site-packages:/home/mikks/crazyflie_mapping_demo/ros2_ws/install/mixed_fractional_consensus/lib/python3.12/site-packages:/home/mikks/crazyflie_mapping_demo/ros2_ws/install/lowest_pos/lib/python3.12/site-packages:/home/mikks/crazyflie_mapping_demo/ros2_ws/install/linear_consensus/lib/python3.12/site-packages:/home/mikks/crazyflie_mapping_demo/ros2_ws/install/highest_pos/lib/python3.12/site-packages:/home/mikks/crazyflie_mapping_demo/ros2_ws/install/fractional_consensus_alpha/lib/python3.12/site-packages:/home/mikks/crazyflie_mapping_demo/ros2_ws/install/event_triggered_swarm/lib/python3.12/site-packages:/home/mikks/crazyflie_mapping_demo/ros2_ws/install/drone_logger/lib/python3.12/site-packages:/home/mikks/crazyflie_mapping_demo/ros2_ws/install/distributed_average_tracking/lib/python3.12/site-packages:/home/mikks/crazyflie_mapping_demo/ros2_ws/install/crazyflie_swarm_logic/lib/python3.12/site-packages:/home/mikks/crazyflie_mapping_demo/ros2_ws/install/crazyflie_sim/lib/python3.12/site-packages:/home/mikks/crazyflie_mapping_demo/ros2_ws/install/crazyflie_ros2_multiranger_wall_following/lib/python3.12/site-packages:/home/mikks/crazyflie_mapping_demo/ros2_ws/install/crazyflie_ros2_multiranger_simple_mapper/lib/python3.12/site-packages:/home/mikks/crazyflie_mapping_demo/ros2_ws/install/crazyflie_examples/lib/python3.12/site-packages:/home/mikks/crazyflie_mapping_demo/ros2_ws/install/crazyflie_py/lib/python3.12/site-packages:/home/mikks/crazyflie_mapping_demo/ros2_ws/install/crazyflie_interfaces/lib/python3.12/site-packages:/home/mikks/crazyflie_mapping_demo/ros2_ws/install/cooperative_target_centric_formation/lib/python3.12/site-packages:/home/mikks/crazyflie_mapping_demo/ros2_ws/install/containment_using_agent_information/lib/python3.12/site-packages:/home/mikks/crazyflie_mapping_demo/ros2_ws/install/consensus_for_double_integrator/lib/python3.12/site-packages:/home/mikks/crazyflie_mapping_demo/ros2_ws/install/consensus_alignment/lib/python3.12/site-packages:/home/mikks/crazyflie_mapping_demo/ros2_ws/install/binary_consensus/lib/python3.12/site-packages:/home/mikks/crazyflie_mapping_demo/ros2_ws/install/Second_Order_Min_Consensus_for_Heterogeneous_Agents/lib/python3.12/site-packages:/home/mikks/crazyflie_mapping_demo/ros2_ws/install/BinaryContainmentChain/lib/python3.12/site-packages:/opt/ros/jazzy/lib/python3.12/site-packages /usr/bin/cmake --install /home/mikks/ros2_px4_ws/build/example_mode_rtl_replacement_cpp
[5.031s] Level 1:colcon.colcon_core.environment:checking '/home/mikks/ros2_px4_ws/install/example_mode_rtl_replacement_cpp' for CMake config files
[5.031s] Level 1:colcon.colcon_core.shell:create_environment_hook('example_mode_rtl_replacement_cpp', 'cmake_prefix_path')
[5.032s] INFO:colcon.colcon_core.shell:Creating environment hook '/home/mikks/ros2_px4_ws/install/example_mode_rtl_replacement_cpp/share/example_mode_rtl_replacement_cpp/hook/cmake_prefix_path.ps1'
[5.032s] INFO:colcon.colcon_core.shell:Creating environment descriptor '/home/mikks/ros2_px4_ws/install/example_mode_rtl_replacement_cpp/share/example_mode_rtl_replacement_cpp/hook/cmake_prefix_path.dsv'
[5.033s] INFO:colcon.colcon_core.shell:Creating environment hook '/home/mikks/ros2_px4_ws/install/example_mode_rtl_replacement_cpp/share/example_mode_rtl_replacement_cpp/hook/cmake_prefix_path.sh'
[5.033s] Level 1:colcon.colcon_core.environment:checking '/home/mikks/ros2_px4_ws/install/example_mode_rtl_replacement_cpp/lib'
[5.033s] Level 1:colcon.colcon_core.environment:checking '/home/mikks/ros2_px4_ws/install/example_mode_rtl_replacement_cpp/bin'
[5.034s] Level 1:colcon.colcon_core.environment:checking '/home/mikks/ros2_px4_ws/install/example_mode_rtl_replacement_cpp/lib/pkgconfig/example_mode_rtl_replacement_cpp.pc'
[5.034s] Level 1:colcon.colcon_core.environment:checking '/home/mikks/ros2_px4_ws/install/example_mode_rtl_replacement_cpp/lib/python3.12/site-packages'
[5.034s] Level 1:colcon.colcon_core.environment:checking '/home/mikks/ros2_px4_ws/install/example_mode_rtl_replacement_cpp/bin'
[5.035s] INFO:colcon.colcon_core.shell:Creating package script '/home/mikks/ros2_px4_ws/install/example_mode_rtl_replacement_cpp/share/example_mode_rtl_replacement_cpp/package.ps1'
[5.036s] INFO:colcon.colcon_core.shell:Creating package descriptor '/home/mikks/ros2_px4_ws/install/example_mode_rtl_replacement_cpp/share/example_mode_rtl_replacement_cpp/package.dsv'
[5.037s] INFO:colcon.colcon_core.shell:Creating package script '/home/mikks/ros2_px4_ws/install/example_mode_rtl_replacement_cpp/share/example_mode_rtl_replacement_cpp/package.sh'
[5.038s] INFO:colcon.colcon_core.shell:Creating package script '/home/mikks/ros2_px4_ws/install/example_mode_rtl_replacement_cpp/share/example_mode_rtl_replacement_cpp/package.bash'
[5.038s] INFO:colcon.colcon_core.shell:Creating package script '/home/mikks/ros2_px4_ws/install/example_mode_rtl_replacement_cpp/share/example_mode_rtl_replacement_cpp/package.zsh'
[5.039s] Level 1:colcon.colcon_core.environment:create_file_with_runtime_dependencies(/home/mikks/ros2_px4_ws/install/example_mode_rtl_replacement_cpp/share/colcon-core/packages/example_mode_rtl_replacement_cpp)
[5.039s] Level 1:colcon.colcon_core.environment:create_environment_scripts_only(example_mode_rtl_replacement_cpp)
[5.039s] Level 1:colcon.colcon_core.environment:checking '/home/mikks/ros2_px4_ws/install/example_mode_rtl_replacement_cpp' for CMake module files
[5.040s] Level 1:colcon.colcon_core.environment:checking '/home/mikks/ros2_px4_ws/install/example_mode_rtl_replacement_cpp' for CMake config files
[5.040s] Level 1:colcon.colcon_core.shell:create_environment_hook('example_mode_rtl_replacement_cpp', 'cmake_prefix_path')
[5.040s] INFO:colcon.colcon_core.shell:Creating environment hook '/home/mikks/ros2_px4_ws/install/example_mode_rtl_replacement_cpp/share/example_mode_rtl_replacement_cpp/hook/cmake_prefix_path.ps1'
[5.041s] INFO:colcon.colcon_core.shell:Creating environment descriptor '/home/mikks/ros2_px4_ws/install/example_mode_rtl_replacement_cpp/share/example_mode_rtl_replacement_cpp/hook/cmake_prefix_path.dsv'
[5.041s] INFO:colcon.colcon_core.shell:Creating environment hook '/home/mikks/ros2_px4_ws/install/example_mode_rtl_replacement_cpp/share/example_mode_rtl_replacement_cpp/hook/cmake_prefix_path.sh'
[5.042s] Level 1:colcon.colcon_core.environment:checking '/home/mikks/ros2_px4_ws/install/example_mode_rtl_replacement_cpp/lib'
[5.042s] Level 1:colcon.colcon_core.environment:checking '/home/mikks/ros2_px4_ws/install/example_mode_rtl_replacement_cpp/bin'
[5.042s] Level 1:colcon.colcon_core.environment:checking '/home/mikks/ros2_px4_ws/install/example_mode_rtl_replacement_cpp/lib/pkgconfig/example_mode_rtl_replacement_cpp.pc'
[5.042s] Level 1:colcon.colcon_core.environment:checking '/home/mikks/ros2_px4_ws/install/example_mode_rtl_replacement_cpp/lib/python3.12/site-packages'
[5.042s] Level 1:colcon.colcon_core.environment:checking '/home/mikks/ros2_px4_ws/install/example_mode_rtl_replacement_cpp/bin'
[5.042s] INFO:colcon.colcon_core.shell:Creating package script '/home/mikks/ros2_px4_ws/install/example_mode_rtl_replacement_cpp/share/example_mode_rtl_replacement_cpp/package.ps1'
[5.043s] INFO:colcon.colcon_core.shell:Creating package descriptor '/home/mikks/ros2_px4_ws/install/example_mode_rtl_replacement_cpp/share/example_mode_rtl_replacement_cpp/package.dsv'
[5.043s] INFO:colcon.colcon_core.shell:Creating package script '/home/mikks/ros2_px4_ws/install/example_mode_rtl_replacement_cpp/share/example_mode_rtl_replacement_cpp/package.sh'
[5.044s] INFO:colcon.colcon_core.shell:Creating package script '/home/mikks/ros2_px4_ws/install/example_mode_rtl_replacement_cpp/share/example_mode_rtl_replacement_cpp/package.bash'
[5.044s] INFO:colcon.colcon_core.shell:Creating package script '/home/mikks/ros2_px4_ws/install/example_mode_rtl_replacement_cpp/share/example_mode_rtl_replacement_cpp/package.zsh'
[5.044s] Level 1:colcon.colcon_core.environment:create_file_with_runtime_dependencies(/home/mikks/ros2_px4_ws/install/example_mode_rtl_replacement_cpp/share/colcon-core/packages/example_mode_rtl_replacement_cpp)
[5.046s] DEBUG:colcon.colcon_core.event_handler.log_command:Invoked command in '/home/mikks/ros2_px4_ws/build/example_mode_with_executor_cpp' returned '0': CMAKE_PREFIX_PATH=/home/mikks/ros2_px4_ws/install/px4_ros2_cpp:/home/mikks/ros2_px4_ws/install/px4_msgs:/home/mikks/ros2_px4_ws/install/px4_ros_com:/home/mikks/ros2_px4_ws/install/px4_ros2_py:/home/mikks/ros2_px4_ws/install/example_rover_velocity_mode_cpp:/home/mikks/ros2_px4_ws/install/example_mode_with_executor_cpp:/home/mikks/ros2_px4_ws/install/example_mode_vtol_cpp:/home/mikks/ros2_px4_ws/install/example_mode_rtl_replacement_cpp:/home/mikks/ros2_px4_ws/install/example_mode_mission_cpp:/home/mikks/ros2_px4_ws/install/example_mode_manual_cpp:/home/mikks/ros2_px4_ws/install/example_mode_goto_global_cpp:/home/mikks/ros2_px4_ws/install/example_mode_goto_cpp:/home/mikks/ros2_px4_ws/install/example_mode_fw_attitude_cpp:/home/mikks/ros2_px4_ws/install/example_local_navigation_cpp:/home/mikks/ros2_px4_ws/install/example_global_navigation_cpp:/home/mikks/ros2_px4_ws/install/example_executor_with_multiple_modes_cpp:/home/mikks/crazyflie_mapping_demo/ros2_ws/install/crazyflie_ros2_multiranger_bringup:/home/mikks/crazyflie_mapping_demo/ros2_ws/install/ros_gz_crazyflie_bringup:/home/mikks/crazyflie_mapping_demo/ros2_ws/install/ros_gz_crazyflie_gazebo:/home/mikks/crazyflie_mapping_demo/ros2_ws/install/crazyflie_sim:/home/mikks/crazyflie_mapping_demo/ros2_ws/install/crazyflie_examples:/home/mikks/crazyflie_mapping_demo/ros2_ws/install/crazyflie:/home/mikks/crazyflie_mapping_demo/ros2_ws/install/crazyflie_interfaces:/opt/ros/jazzy/opt/gz_sim_vendor:/opt/ros/jazzy/opt/gz_sensors_vendor:/opt/ros/jazzy/opt/gz_physics_vendor:/opt/ros/jazzy/opt/sdformat_vendor:/opt/ros/jazzy/opt/gz_gui_vendor:/opt/ros/jazzy/opt/gz_transport_vendor:/opt/ros/jazzy/opt/gz_rendering_vendor:/opt/ros/jazzy/opt/gz_plugin_vendor:/opt/ros/jazzy/opt/gz_fuel_tools_vendor:/opt/ros/jazzy/opt/gz_msgs_vendor:/opt/ros/jazzy/opt/gz_common_vendor:/opt/ros/jazzy/opt/gz_math_vendor:/opt/ros/jazzy/opt/gz_utils_vendor:/opt/ros/jazzy/opt/gz_tools_vendor:/opt/ros/jazzy/opt/gz_ogre_next_vendor:/opt/ros/jazzy/opt/gz_dartsim_vendor:/opt/ros/jazzy/opt/gz_cmake_vendor:/home/mikks/ros2_px4_ws/install/x500_hover_controller:/home/mikks/ros2_px4_ws/install/example_mode_with_rclpy_py:/home/mikks/ros2_px4_ws/install/example_mode_goto_py:/home/mikks/ros2_px4_ws/install/px4_actuator_ctrl:/home/mikks/ros2_ws/install/rover_desc_description:/home/mikks/ros2_ws/install/px4_actuator_ctrl:/home/mikks/ros2_ws/install/mine_rover_description:/home/mikks/ros2_ws/install/ZerionURDFV5cp_description:/home/mikks/crazyflie_mapping_demo/ros2_ws/install/velocity_free_consensus:/home/mikks/crazyflie_mapping_demo/ros2_ws/install/stepwise_lowpos:/home/mikks/crazyflie_mapping_demo/ros2_ws/install/step_wise_lowpos:/home/mikks/crazyflie_mapping_demo/ros2_ws/install/second_order_formation_control:/home/mikks/crazyflie_mapping_demo/ros2_ws/install/ros_gz_crazyflie_control:/home/mikks/crazyflie_mapping_demo/ros2_ws/install/mixed_fractional_consensus:/home/mikks/crazyflie_mapping_demo/ros2_ws/install/lowest_pos:/home/mikks/crazyflie_mapping_demo/ros2_ws/install/linear_consensus:/home/mikks/crazyflie_mapping_demo/ros2_ws/install/highest_pos:/home/mikks/crazyflie_mapping_demo/ros2_ws/install/fractional_consensus_alpha:/home/mikks/crazyflie_mapping_demo/ros2_ws/install/event_triggered_swarm:/home/mikks/crazyflie_mapping_demo/ros2_ws/install/drone_logger:/home/mikks/crazyflie_mapping_demo/ros2_ws/install/distributed_average_tracking:/home/mikks/crazyflie_mapping_demo/ros2_ws/install/crazyflie_swarm_logic:/home/mikks/crazyflie_mapping_demo/ros2_ws/install/crazyflie_ros2_multiranger_wall_following:/home/mikks/crazyflie_mapping_demo/ros2_ws/install/crazyflie_ros2_multiranger_simple_mapper:/home/mikks/crazyflie_mapping_demo/ros2_ws/install/crazyflie_py:/home/mikks/crazyflie_mapping_demo/ros2_ws/install/cooperative_target_centric_formation:/home/mikks/crazyflie_mapping_demo/ros2_ws/install/containment_using_agent_information:/home/mikks/crazyflie_mapping_demo/ros2_ws/install/consensus_for_double_integrator:/home/mikks/crazyflie_mapping_demo/ros2_ws/install/consensus_alignment:/home/mikks/crazyflie_mapping_demo/ros2_ws/install/binary_consensus:/home/mikks/crazyflie_mapping_demo/ros2_ws/install/Second_Order_Min_Consensus_for_Heterogeneous_Agents:/home/mikks/crazyflie_mapping_demo/ros2_ws/install/BinaryContainmentChain:/opt/ros/jazzy DEBUGINFOD_URLS=https://debuginfod.ubuntu.com LD_LIBRARY_PATH=/home/mikks/ros2_px4_ws/install/px4_ros2_cpp/lib:/home/mikks/ros2_px4_ws/install/px4_msgs/lib:/home/mikks/ros2_px4_ws/install/px4_ros_com/lib:/home/mikks/NatNet_SDK_4.3_ubuntu/lib:/home/mikks/crazyflie_mapping_demo/ros2_ws/install/crazyflie_interfaces/lib:/opt/ros/jazzy/opt/gz_sim_vendor/lib:/opt/ros/jazzy/opt/gz_sensors_vendor/lib:/opt/ros/jazzy/opt/gz_physics_vendor/lib:/opt/ros/jazzy/opt/sdformat_vendor/lib:/opt/ros/jazzy/opt/rviz_ogre_vendor/lib:/opt/ros/jazzy/lib/x86_64-linux-gnu:/opt/ros/jazzy/opt/gz_gui_vendor/lib:/opt/ros/jazzy/opt/gz_transport_vendor/lib:/opt/ros/jazzy/opt/gz_rendering_vendor/lib:/opt/ros/jazzy/opt/gz_plugin_vendor/lib:/opt/ros/jazzy/opt/gz_fuel_tools_vendor/lib:/opt/ros/jazzy/opt/gz_msgs_vendor/lib:/opt/ros/jazzy/opt/gz_common_vendor/lib:/opt/ros/jazzy/opt/gz_math_vendor/lib:/opt/ros/jazzy/opt/gz_utils_vendor/lib:/opt/ros/jazzy/opt/gz_tools_vendor/lib:/opt/ros/jazzy/opt/gz_ogre_next_vendor/lib:/opt/ros/jazzy/opt/gz_dartsim_vendor/lib:/opt/ros/jazzy/opt/gz_cmake_vendor/lib:/opt/ros/jazzy/lib PYTHONPATH=/home/mikks/ros2_px4_ws/install/px4_msgs/lib/python3.12/site-packages:/home/mikks/ros2_px4_ws/build/x500_hover_controller:/home/mikks/ros2_px4_ws/install/x500_hover_controller/lib/python3.12/site-packages:/home/mikks/ros2_px4_ws/install/px4_ros_com/lib/python3.12/site-packages:/home/mikks/ros2_px4_ws/build/example_mode_with_rclpy_py:/home/mikks/ros2_px4_ws/install/example_mode_with_rclpy_py/lib/python3.12/site-packages:/home/mikks/ros2_px4_ws/build/example_mode_goto_py:/home/mikks/ros2_px4_ws/install/example_mode_goto_py/lib/python3.12/site-packages:/home/mikks/ros2_px4_ws/install/px4_ros2_py/lib/python3.12/site-packages:/home/mikks/ros2_px4_ws/build/px4_actuator_ctrl:/home/mikks/ros2_px4_ws/install/px4_actuator_ctrl/lib/python3.12/site-packages:/home/mikks/ros2_ws/build/rover_desc_description:/home/mikks/ros2_ws/install/rover_desc_description/lib/python3.12/site-packages:/home/mikks/ros2_ws/install/px4_actuator_ctrl/lib/python3.12/site-packages:/home/mikks/ros2_ws/build/mine_rover_description:/home/mikks/ros2_ws/install/mine_rover_description/lib/python3.12/site-packages:/home/mikks/ros2_ws/build/ZerionURDFV5cp_description:/home/mikks/ros2_ws/install/ZerionURDFV5cp_description/lib/python3.12/site-packages:/home/mikks/crazyflie_mapping_demo/ros2_ws/install/velocity_free_consensus/lib/python3.12/site-packages:/home/mikks/crazyflie_mapping_demo/ros2_ws/install/stepwise_lowpos/lib/python3.12/site-packages:/home/mikks/crazyflie_mapping_demo/ros2_ws/install/step_wise_lowpos/lib/python3.12/site-packages:/home/mikks/crazyflie_mapping_demo/ros2_ws/install/second_order_formation_control/lib/python3.12/site-packages:/home/mikks/crazyflie_mapping_demo/ros2_ws/install/ros_gz_crazyflie_control/lib/python3.12/site-packages:/home/mikks/crazyflie_mapping_demo/ros2_ws/install/mixed_fractional_consensus/lib/python3.12/site-packages:/home/mikks/crazyflie_mapping_demo/ros2_ws/install/lowest_pos/lib/python3.12/site-packages:/home/mikks/crazyflie_mapping_demo/ros2_ws/install/linear_consensus/lib/python3.12/site-packages:/home/mikks/crazyflie_mapping_demo/ros2_ws/install/highest_pos/lib/python3.12/site-packages:/home/mikks/crazyflie_mapping_demo/ros2_ws/install/fractional_consensus_alpha/lib/python3.12/site-packages:/home/mikks/crazyflie_mapping_demo/ros2_ws/install/event_triggered_swarm/lib/python3.12/site-packages:/home/mikks/crazyflie_mapping_demo/ros2_ws/install/drone_logger/lib/python3.12/site-packages:/home/mikks/crazyflie_mapping_demo/ros2_ws/install/distributed_average_tracking/lib/python3.12/site-packages:/home/mikks/crazyflie_mapping_demo/ros2_ws/install/crazyflie_swarm_logic/lib/python3.12/site-packages:/home/mikks/crazyflie_mapping_demo/ros2_ws/install/crazyflie_sim/lib/python3.12/site-packages:/home/mikks/crazyflie_mapping_demo/ros2_ws/install/crazyflie_ros2_multiranger_wall_following/lib/python3.12/site-packages:/home/mikks/crazyflie_mapping_demo/ros2_ws/install/crazyflie_ros2_multiranger_simple_mapper/lib/python3.12/site-packages:/home/mikks/crazyflie_mapping_demo/ros2_ws/install/crazyflie_examples/lib/python3.12/site-packages:/home/mikks/crazyflie_mapping_demo/ros2_ws/install/crazyflie_py/lib/python3.12/site-packages:/home/mikks/crazyflie_mapping_demo/ros2_ws/install/crazyflie_interfaces/lib/python3.12/site-packages:/home/mikks/crazyflie_mapping_demo/ros2_ws/install/cooperative_target_centric_formation/lib/python3.12/site-packages:/home/mikks/crazyflie_mapping_demo/ros2_ws/install/containment_using_agent_information/lib/python3.12/site-packages:/home/mikks/crazyflie_mapping_demo/ros2_ws/install/consensus_for_double_integrator/lib/python3.12/site-packages:/home/mikks/crazyflie_mapping_demo/ros2_ws/install/consensus_alignment/lib/python3.12/site-packages:/home/mikks/crazyflie_mapping_demo/ros2_ws/install/binary_consensus/lib/python3.12/site-packages:/home/mikks/crazyflie_mapping_demo/ros2_ws/install/Second_Order_Min_Consensus_for_Heterogeneous_Agents/lib/python3.12/site-packages:/home/mikks/crazyflie_mapping_demo/ros2_ws/install/BinaryContainmentChain/lib/python3.12/site-packages:/opt/ros/jazzy/lib/python3.12/site-packages /usr/bin/cmake --build /home/mikks/ros2_px4_ws/build/example_mode_with_executor_cpp -- -j12 -l12
[5.047s] DEBUG:colcon.colcon_core.event_handler.log_command:Invoking command in '/home/mikks/ros2_px4_ws/build/example_mode_with_executor_cpp': CMAKE_PREFIX_PATH=/home/mikks/ros2_px4_ws/install/px4_ros2_cpp:/home/mikks/ros2_px4_ws/install/px4_msgs:/home/mikks/ros2_px4_ws/install/px4_ros_com:/home/mikks/ros2_px4_ws/install/px4_ros2_py:/home/mikks/ros2_px4_ws/install/example_rover_velocity_mode_cpp:/home/mikks/ros2_px4_ws/install/example_mode_with_executor_cpp:/home/mikks/ros2_px4_ws/install/example_mode_vtol_cpp:/home/mikks/ros2_px4_ws/install/example_mode_rtl_replacement_cpp:/home/mikks/ros2_px4_ws/install/example_mode_mission_cpp:/home/mikks/ros2_px4_ws/install/example_mode_manual_cpp:/home/mikks/ros2_px4_ws/install/example_mode_goto_global_cpp:/home/mikks/ros2_px4_ws/install/example_mode_goto_cpp:/home/mikks/ros2_px4_ws/install/example_mode_fw_attitude_cpp:/home/mikks/ros2_px4_ws/install/example_local_navigation_cpp:/home/mikks/ros2_px4_ws/install/example_global_navigation_cpp:/home/mikks/ros2_px4_ws/install/example_executor_with_multiple_modes_cpp:/home/mikks/crazyflie_mapping_demo/ros2_ws/install/crazyflie_ros2_multiranger_bringup:/home/mikks/crazyflie_mapping_demo/ros2_ws/install/ros_gz_crazyflie_bringup:/home/mikks/crazyflie_mapping_demo/ros2_ws/install/ros_gz_crazyflie_gazebo:/home/mikks/crazyflie_mapping_demo/ros2_ws/install/crazyflie_sim:/home/mikks/crazyflie_mapping_demo/ros2_ws/install/crazyflie_examples:/home/mikks/crazyflie_mapping_demo/ros2_ws/install/crazyflie:/home/mikks/crazyflie_mapping_demo/ros2_ws/install/crazyflie_interfaces:/opt/ros/jazzy/opt/gz_sim_vendor:/opt/ros/jazzy/opt/gz_sensors_vendor:/opt/ros/jazzy/opt/gz_physics_vendor:/opt/ros/jazzy/opt/sdformat_vendor:/opt/ros/jazzy/opt/gz_gui_vendor:/opt/ros/jazzy/opt/gz_transport_vendor:/opt/ros/jazzy/opt/gz_rendering_vendor:/opt/ros/jazzy/opt/gz_plugin_vendor:/opt/ros/jazzy/opt/gz_fuel_tools_vendor:/opt/ros/jazzy/opt/gz_msgs_vendor:/opt/ros/jazzy/opt/gz_common_vendor:/opt/ros/jazzy/opt/gz_math_vendor:/opt/ros/jazzy/opt/gz_utils_vendor:/opt/ros/jazzy/opt/gz_tools_vendor:/opt/ros/jazzy/opt/gz_ogre_next_vendor:/opt/ros/jazzy/opt/gz_dartsim_vendor:/opt/ros/jazzy/opt/gz_cmake_vendor:/home/mikks/ros2_px4_ws/install/x500_hover_controller:/home/mikks/ros2_px4_ws/install/example_mode_with_rclpy_py:/home/mikks/ros2_px4_ws/install/example_mode_goto_py:/home/mikks/ros2_px4_ws/install/px4_actuator_ctrl:/home/mikks/ros2_ws/install/rover_desc_description:/home/mikks/ros2_ws/install/px4_actuator_ctrl:/home/mikks/ros2_ws/install/mine_rover_description:/home/mikks/ros2_ws/install/ZerionURDFV5cp_description:/home/mikks/crazyflie_mapping_demo/ros2_ws/install/velocity_free_consensus:/home/mikks/crazyflie_mapping_demo/ros2_ws/install/stepwise_lowpos:/home/mikks/crazyflie_mapping_demo/ros2_ws/install/step_wise_lowpos:/home/mikks/crazyflie_mapping_demo/ros2_ws/install/second_order_formation_control:/home/mikks/crazyflie_mapping_demo/ros2_ws/install/ros_gz_crazyflie_control:/home/mikks/crazyflie_mapping_demo/ros2_ws/install/mixed_fractional_consensus:/home/mikks/crazyflie_mapping_demo/ros2_ws/install/lowest_pos:/home/mikks/crazyflie_mapping_demo/ros2_ws/install/linear_consensus:/home/mikks/crazyflie_mapping_demo/ros2_ws/install/highest_pos:/home/mikks/crazyflie_mapping_demo/ros2_ws/install/fractional_consensus_alpha:/home/mikks/crazyflie_mapping_demo/ros2_ws/install/event_triggered_swarm:/home/mikks/crazyflie_mapping_demo/ros2_ws/install/drone_logger:/home/mikks/crazyflie_mapping_demo/ros2_ws/install/distributed_average_tracking:/home/mikks/crazyflie_mapping_demo/ros2_ws/install/crazyflie_swarm_logic:/home/mikks/crazyflie_mapping_demo/ros2_ws/install/crazyflie_ros2_multiranger_wall_following:/home/mikks/crazyflie_mapping_demo/ros2_ws/install/crazyflie_ros2_multiranger_simple_mapper:/home/mikks/crazyflie_mapping_demo/ros2_ws/install/crazyflie_py:/home/mikks/crazyflie_mapping_demo/ros2_ws/install/cooperative_target_centric_formation:/home/mikks/crazyflie_mapping_demo/ros2_ws/install/containment_using_agent_information:/home/mikks/crazyflie_mapping_demo/ros2_ws/install/consensus_for_double_integrator:/home/mikks/crazyflie_mapping_demo/ros2_ws/install/consensus_alignment:/home/mikks/crazyflie_mapping_demo/ros2_ws/install/binary_consensus:/home/mikks/crazyflie_mapping_demo/ros2_ws/install/Second_Order_Min_Consensus_for_Heterogeneous_Agents:/home/mikks/crazyflie_mapping_demo/ros2_ws/install/BinaryContainmentChain:/opt/ros/jazzy DEBUGINFOD_URLS=https://debuginfod.ubuntu.com LD_LIBRARY_PATH=/home/mikks/ros2_px4_ws/install/px4_ros2_cpp/lib:/home/mikks/ros2_px4_ws/install/px4_msgs/lib:/home/mikks/ros2_px4_ws/install/px4_ros_com/lib:/home/mikks/NatNet_SDK_4.3_ubuntu/lib:/home/mikks/crazyflie_mapping_demo/ros2_ws/install/crazyflie_interfaces/lib:/opt/ros/jazzy/opt/gz_sim_vendor/lib:/opt/ros/jazzy/opt/gz_sensors_vendor/lib:/opt/ros/jazzy/opt/gz_physics_vendor/lib:/opt/ros/jazzy/opt/sdformat_vendor/lib:/opt/ros/jazzy/opt/rviz_ogre_vendor/lib:/opt/ros/jazzy/lib/x86_64-linux-gnu:/opt/ros/jazzy/opt/gz_gui_vendor/lib:/opt/ros/jazzy/opt/gz_transport_vendor/lib:/opt/ros/jazzy/opt/gz_rendering_vendor/lib:/opt/ros/jazzy/opt/gz_plugin_vendor/lib:/opt/ros/jazzy/opt/gz_fuel_tools_vendor/lib:/opt/ros/jazzy/opt/gz_msgs_vendor/lib:/opt/ros/jazzy/opt/gz_common_vendor/lib:/opt/ros/jazzy/opt/gz_math_vendor/lib:/opt/ros/jazzy/opt/gz_utils_vendor/lib:/opt/ros/jazzy/opt/gz_tools_vendor/lib:/opt/ros/jazzy/opt/gz_ogre_next_vendor/lib:/opt/ros/jazzy/opt/gz_dartsim_vendor/lib:/opt/ros/jazzy/opt/gz_cmake_vendor/lib:/opt/ros/jazzy/lib PYTHONPATH=/home/mikks/ros2_px4_ws/install/px4_msgs/lib/python3.12/site-packages:/home/mikks/ros2_px4_ws/build/x500_hover_controller:/home/mikks/ros2_px4_ws/install/x500_hover_controller/lib/python3.12/site-packages:/home/mikks/ros2_px4_ws/install/px4_ros_com/lib/python3.12/site-packages:/home/mikks/ros2_px4_ws/build/example_mode_with_rclpy_py:/home/mikks/ros2_px4_ws/install/example_mode_with_rclpy_py/lib/python3.12/site-packages:/home/mikks/ros2_px4_ws/build/example_mode_goto_py:/home/mikks/ros2_px4_ws/install/example_mode_goto_py/lib/python3.12/site-packages:/home/mikks/ros2_px4_ws/install/px4_ros2_py/lib/python3.12/site-packages:/home/mikks/ros2_px4_ws/build/px4_actuator_ctrl:/home/mikks/ros2_px4_ws/install/px4_actuator_ctrl/lib/python3.12/site-packages:/home/mikks/ros2_ws/build/rover_desc_description:/home/mikks/ros2_ws/install/rover_desc_description/lib/python3.12/site-packages:/home/mikks/ros2_ws/install/px4_actuator_ctrl/lib/python3.12/site-packages:/home/mikks/ros2_ws/build/mine_rover_description:/home/mikks/ros2_ws/install/mine_rover_description/lib/python3.12/site-packages:/home/mikks/ros2_ws/build/ZerionURDFV5cp_description:/home/mikks/ros2_ws/install/ZerionURDFV5cp_description/lib/python3.12/site-packages:/home/mikks/crazyflie_mapping_demo/ros2_ws/install/velocity_free_consensus/lib/python3.12/site-packages:/home/mikks/crazyflie_mapping_demo/ros2_ws/install/stepwise_lowpos/lib/python3.12/site-packages:/home/mikks/crazyflie_mapping_demo/ros2_ws/install/step_wise_lowpos/lib/python3.12/site-packages:/home/mikks/crazyflie_mapping_demo/ros2_ws/install/second_order_formation_control/lib/python3.12/site-packages:/home/mikks/crazyflie_mapping_demo/ros2_ws/install/ros_gz_crazyflie_control/lib/python3.12/site-packages:/home/mikks/crazyflie_mapping_demo/ros2_ws/install/mixed_fractional_consensus/lib/python3.12/site-packages:/home/mikks/crazyflie_mapping_demo/ros2_ws/install/lowest_pos/lib/python3.12/site-packages:/home/mikks/crazyflie_mapping_demo/ros2_ws/install/linear_consensus/lib/python3.12/site-packages:/home/mikks/crazyflie_mapping_demo/ros2_ws/install/highest_pos/lib/python3.12/site-packages:/home/mikks/crazyflie_mapping_demo/ros2_ws/install/fractional_consensus_alpha/lib/python3.12/site-packages:/home/mikks/crazyflie_mapping_demo/ros2_ws/install/event_triggered_swarm/lib/python3.12/site-packages:/home/mikks/crazyflie_mapping_demo/ros2_ws/install/drone_logger/lib/python3.12/site-packages:/home/mikks/crazyflie_mapping_demo/ros2_ws/install/distributed_average_tracking/lib/python3.12/site-packages:/home/mikks/crazyflie_mapping_demo/ros2_ws/install/crazyflie_swarm_logic/lib/python3.12/site-packages:/home/mikks/crazyflie_mapping_demo/ros2_ws/install/crazyflie_sim/lib/python3.12/site-packages:/home/mikks/crazyflie_mapping_demo/ros2_ws/install/crazyflie_ros2_multiranger_wall_following/lib/python3.12/site-packages:/home/mikks/crazyflie_mapping_demo/ros2_ws/install/crazyflie_ros2_multiranger_simple_mapper/lib/python3.12/site-packages:/home/mikks/crazyflie_mapping_demo/ros2_ws/install/crazyflie_examples/lib/python3.12/site-packages:/home/mikks/crazyflie_mapping_demo/ros2_ws/install/crazyflie_py/lib/python3.12/site-packages:/home/mikks/crazyflie_mapping_demo/ros2_ws/install/crazyflie_interfaces/lib/python3.12/site-packages:/home/mikks/crazyflie_mapping_demo/ros2_ws/install/cooperative_target_centric_formation/lib/python3.12/site-packages:/home/mikks/crazyflie_mapping_demo/ros2_ws/install/containment_using_agent_information/lib/python3.12/site-packages:/home/mikks/crazyflie_mapping_demo/ros2_ws/install/consensus_for_double_integrator/lib/python3.12/site-packages:/home/mikks/crazyflie_mapping_demo/ros2_ws/install/consensus_alignment/lib/python3.12/site-packages:/home/mikks/crazyflie_mapping_demo/ros2_ws/install/binary_consensus/lib/python3.12/site-packages:/home/mikks/crazyflie_mapping_demo/ros2_ws/install/Second_Order_Min_Consensus_for_Heterogeneous_Agents/lib/python3.12/site-packages:/home/mikks/crazyflie_mapping_demo/ros2_ws/install/BinaryContainmentChain/lib/python3.12/site-packages:/opt/ros/jazzy/lib/python3.12/site-packages /usr/bin/cmake --install /home/mikks/ros2_px4_ws/build/example_mode_with_executor_cpp
[5.048s] Level 1:colcon.colcon_core.environment:create_environment_scripts_only(example_rover_velocity_mode_cpp)
[5.048s] Level 1:colcon.colcon_core.environment:checking '/home/mikks/ros2_px4_ws/install/example_rover_velocity_mode_cpp' for CMake module files
[5.049s] DEBUG:colcon.colcon_core.event_handler.log_command:Invoked command in '/home/mikks/ros2_px4_ws/build/example_rover_velocity_mode_cpp' returned '0': CMAKE_PREFIX_PATH=/home/mikks/ros2_px4_ws/install/px4_ros2_cpp:/home/mikks/ros2_px4_ws/install/px4_msgs:/home/mikks/ros2_px4_ws/install/px4_ros_com:/home/mikks/ros2_px4_ws/install/px4_ros2_py:/home/mikks/ros2_px4_ws/install/example_rover_velocity_mode_cpp:/home/mikks/ros2_px4_ws/install/example_mode_with_executor_cpp:/home/mikks/ros2_px4_ws/install/example_mode_vtol_cpp:/home/mikks/ros2_px4_ws/install/example_mode_rtl_replacement_cpp:/home/mikks/ros2_px4_ws/install/example_mode_mission_cpp:/home/mikks/ros2_px4_ws/install/example_mode_manual_cpp:/home/mikks/ros2_px4_ws/install/example_mode_goto_global_cpp:/home/mikks/ros2_px4_ws/install/example_mode_goto_cpp:/home/mikks/ros2_px4_ws/install/example_mode_fw_attitude_cpp:/home/mikks/ros2_px4_ws/install/example_local_navigation_cpp:/home/mikks/ros2_px4_ws/install/example_global_navigation_cpp:/home/mikks/ros2_px4_ws/install/example_executor_with_multiple_modes_cpp:/home/mikks/crazyflie_mapping_demo/ros2_ws/install/crazyflie_ros2_multiranger_bringup:/home/mikks/crazyflie_mapping_demo/ros2_ws/install/ros_gz_crazyflie_bringup:/home/mikks/crazyflie_mapping_demo/ros2_ws/install/ros_gz_crazyflie_gazebo:/home/mikks/crazyflie_mapping_demo/ros2_ws/install/crazyflie_sim:/home/mikks/crazyflie_mapping_demo/ros2_ws/install/crazyflie_examples:/home/mikks/crazyflie_mapping_demo/ros2_ws/install/crazyflie:/home/mikks/crazyflie_mapping_demo/ros2_ws/install/crazyflie_interfaces:/opt/ros/jazzy/opt/gz_sim_vendor:/opt/ros/jazzy/opt/gz_sensors_vendor:/opt/ros/jazzy/opt/gz_physics_vendor:/opt/ros/jazzy/opt/sdformat_vendor:/opt/ros/jazzy/opt/gz_gui_vendor:/opt/ros/jazzy/opt/gz_transport_vendor:/opt/ros/jazzy/opt/gz_rendering_vendor:/opt/ros/jazzy/opt/gz_plugin_vendor:/opt/ros/jazzy/opt/gz_fuel_tools_vendor:/opt/ros/jazzy/opt/gz_msgs_vendor:/opt/ros/jazzy/opt/gz_common_vendor:/opt/ros/jazzy/opt/gz_math_vendor:/opt/ros/jazzy/opt/gz_utils_vendor:/opt/ros/jazzy/opt/gz_tools_vendor:/opt/ros/jazzy/opt/gz_ogre_next_vendor:/opt/ros/jazzy/opt/gz_dartsim_vendor:/opt/ros/jazzy/opt/gz_cmake_vendor:/home/mikks/ros2_px4_ws/install/x500_hover_controller:/home/mikks/ros2_px4_ws/install/example_mode_with_rclpy_py:/home/mikks/ros2_px4_ws/install/example_mode_goto_py:/home/mikks/ros2_px4_ws/install/px4_actuator_ctrl:/home/mikks/ros2_ws/install/rover_desc_description:/home/mikks/ros2_ws/install/px4_actuator_ctrl:/home/mikks/ros2_ws/install/mine_rover_description:/home/mikks/ros2_ws/install/ZerionURDFV5cp_description:/home/mikks/crazyflie_mapping_demo/ros2_ws/install/velocity_free_consensus:/home/mikks/crazyflie_mapping_demo/ros2_ws/install/stepwise_lowpos:/home/mikks/crazyflie_mapping_demo/ros2_ws/install/step_wise_lowpos:/home/mikks/crazyflie_mapping_demo/ros2_ws/install/second_order_formation_control:/home/mikks/crazyflie_mapping_demo/ros2_ws/install/ros_gz_crazyflie_control:/home/mikks/crazyflie_mapping_demo/ros2_ws/install/mixed_fractional_consensus:/home/mikks/crazyflie_mapping_demo/ros2_ws/install/lowest_pos:/home/mikks/crazyflie_mapping_demo/ros2_ws/install/linear_consensus:/home/mikks/crazyflie_mapping_demo/ros2_ws/install/highest_pos:/home/mikks/crazyflie_mapping_demo/ros2_ws/install/fractional_consensus_alpha:/home/mikks/crazyflie_mapping_demo/ros2_ws/install/event_triggered_swarm:/home/mikks/crazyflie_mapping_demo/ros2_ws/install/drone_logger:/home/mikks/crazyflie_mapping_demo/ros2_ws/install/distributed_average_tracking:/home/mikks/crazyflie_mapping_demo/ros2_ws/install/crazyflie_swarm_logic:/home/mikks/crazyflie_mapping_demo/ros2_ws/install/crazyflie_ros2_multiranger_wall_following:/home/mikks/crazyflie_mapping_demo/ros2_ws/install/crazyflie_ros2_multiranger_simple_mapper:/home/mikks/crazyflie_mapping_demo/ros2_ws/install/crazyflie_py:/home/mikks/crazyflie_mapping_demo/ros2_ws/install/cooperative_target_centric_formation:/home/mikks/crazyflie_mapping_demo/ros2_ws/install/containment_using_agent_information:/home/mikks/crazyflie_mapping_demo/ros2_ws/install/consensus_for_double_integrator:/home/mikks/crazyflie_mapping_demo/ros2_ws/install/consensus_alignment:/home/mikks/crazyflie_mapping_demo/ros2_ws/install/binary_consensus:/home/mikks/crazyflie_mapping_demo/ros2_ws/install/Second_Order_Min_Consensus_for_Heterogeneous_Agents:/home/mikks/crazyflie_mapping_demo/ros2_ws/install/BinaryContainmentChain:/opt/ros/jazzy DEBUGINFOD_URLS=https://debuginfod.ubuntu.com LD_LIBRARY_PATH=/home/mikks/ros2_px4_ws/install/px4_ros2_cpp/lib:/home/mikks/ros2_px4_ws/install/px4_msgs/lib:/home/mikks/ros2_px4_ws/install/px4_ros_com/lib:/home/mikks/NatNet_SDK_4.3_ubuntu/lib:/home/mikks/crazyflie_mapping_demo/ros2_ws/install/crazyflie_interfaces/lib:/opt/ros/jazzy/opt/gz_sim_vendor/lib:/opt/ros/jazzy/opt/gz_sensors_vendor/lib:/opt/ros/jazzy/opt/gz_physics_vendor/lib:/opt/ros/jazzy/opt/sdformat_vendor/lib:/opt/ros/jazzy/opt/rviz_ogre_vendor/lib:/opt/ros/jazzy/lib/x86_64-linux-gnu:/opt/ros/jazzy/opt/gz_gui_vendor/lib:/opt/ros/jazzy/opt/gz_transport_vendor/lib:/opt/ros/jazzy/opt/gz_rendering_vendor/lib:/opt/ros/jazzy/opt/gz_plugin_vendor/lib:/opt/ros/jazzy/opt/gz_fuel_tools_vendor/lib:/opt/ros/jazzy/opt/gz_msgs_vendor/lib:/opt/ros/jazzy/opt/gz_common_vendor/lib:/opt/ros/jazzy/opt/gz_math_vendor/lib:/opt/ros/jazzy/opt/gz_utils_vendor/lib:/opt/ros/jazzy/opt/gz_tools_vendor/lib:/opt/ros/jazzy/opt/gz_ogre_next_vendor/lib:/opt/ros/jazzy/opt/gz_dartsim_vendor/lib:/opt/ros/jazzy/opt/gz_cmake_vendor/lib:/opt/ros/jazzy/lib PYTHONPATH=/home/mikks/ros2_px4_ws/install/px4_msgs/lib/python3.12/site-packages:/home/mikks/ros2_px4_ws/build/x500_hover_controller:/home/mikks/ros2_px4_ws/install/x500_hover_controller/lib/python3.12/site-packages:/home/mikks/ros2_px4_ws/install/px4_ros_com/lib/python3.12/site-packages:/home/mikks/ros2_px4_ws/build/example_mode_with_rclpy_py:/home/mikks/ros2_px4_ws/install/example_mode_with_rclpy_py/lib/python3.12/site-packages:/home/mikks/ros2_px4_ws/build/example_mode_goto_py:/home/mikks/ros2_px4_ws/install/example_mode_goto_py/lib/python3.12/site-packages:/home/mikks/ros2_px4_ws/install/px4_ros2_py/lib/python3.12/site-packages:/home/mikks/ros2_px4_ws/build/px4_actuator_ctrl:/home/mikks/ros2_px4_ws/install/px4_actuator_ctrl/lib/python3.12/site-packages:/home/mikks/ros2_ws/build/rover_desc_description:/home/mikks/ros2_ws/install/rover_desc_description/lib/python3.12/site-packages:/home/mikks/ros2_ws/install/px4_actuator_ctrl/lib/python3.12/site-packages:/home/mikks/ros2_ws/build/mine_rover_description:/home/mikks/ros2_ws/install/mine_rover_description/lib/python3.12/site-packages:/home/mikks/ros2_ws/build/ZerionURDFV5cp_description:/home/mikks/ros2_ws/install/ZerionURDFV5cp_description/lib/python3.12/site-packages:/home/mikks/crazyflie_mapping_demo/ros2_ws/install/velocity_free_consensus/lib/python3.12/site-packages:/home/mikks/crazyflie_mapping_demo/ros2_ws/install/stepwise_lowpos/lib/python3.12/site-packages:/home/mikks/crazyflie_mapping_demo/ros2_ws/install/step_wise_lowpos/lib/python3.12/site-packages:/home/mikks/crazyflie_mapping_demo/ros2_ws/install/second_order_formation_control/lib/python3.12/site-packages:/home/mikks/crazyflie_mapping_demo/ros2_ws/install/ros_gz_crazyflie_control/lib/python3.12/site-packages:/home/mikks/crazyflie_mapping_demo/ros2_ws/install/mixed_fractional_consensus/lib/python3.12/site-packages:/home/mikks/crazyflie_mapping_demo/ros2_ws/install/lowest_pos/lib/python3.12/site-packages:/home/mikks/crazyflie_mapping_demo/ros2_ws/install/linear_consensus/lib/python3.12/site-packages:/home/mikks/crazyflie_mapping_demo/ros2_ws/install/highest_pos/lib/python3.12/site-packages:/home/mikks/crazyflie_mapping_demo/ros2_ws/install/fractional_consensus_alpha/lib/python3.12/site-packages:/home/mikks/crazyflie_mapping_demo/ros2_ws/install/event_triggered_swarm/lib/python3.12/site-packages:/home/mikks/crazyflie_mapping_demo/ros2_ws/install/drone_logger/lib/python3.12/site-packages:/home/mikks/crazyflie_mapping_demo/ros2_ws/install/distributed_average_tracking/lib/python3.12/site-packages:/home/mikks/crazyflie_mapping_demo/ros2_ws/install/crazyflie_swarm_logic/lib/python3.12/site-packages:/home/mikks/crazyflie_mapping_demo/ros2_ws/install/crazyflie_sim/lib/python3.12/site-packages:/home/mikks/crazyflie_mapping_demo/ros2_ws/install/crazyflie_ros2_multiranger_wall_following/lib/python3.12/site-packages:/home/mikks/crazyflie_mapping_demo/ros2_ws/install/crazyflie_ros2_multiranger_simple_mapper/lib/python3.12/site-packages:/home/mikks/crazyflie_mapping_demo/ros2_ws/install/crazyflie_examples/lib/python3.12/site-packages:/home/mikks/crazyflie_mapping_demo/ros2_ws/install/crazyflie_py/lib/python3.12/site-packages:/home/mikks/crazyflie_mapping_demo/ros2_ws/install/crazyflie_interfaces/lib/python3.12/site-packages:/home/mikks/crazyflie_mapping_demo/ros2_ws/install/cooperative_target_centric_formation/lib/python3.12/site-packages:/home/mikks/crazyflie_mapping_demo/ros2_ws/install/containment_using_agent_information/lib/python3.12/site-packages:/home/mikks/crazyflie_mapping_demo/ros2_ws/install/consensus_for_double_integrator/lib/python3.12/site-packages:/home/mikks/crazyflie_mapping_demo/ros2_ws/install/consensus_alignment/lib/python3.12/site-packages:/home/mikks/crazyflie_mapping_demo/ros2_ws/install/binary_consensus/lib/python3.12/site-packages:/home/mikks/crazyflie_mapping_demo/ros2_ws/install/Second_Order_Min_Consensus_for_Heterogeneous_Agents/lib/python3.12/site-packages:/home/mikks/crazyflie_mapping_demo/ros2_ws/install/BinaryContainmentChain/lib/python3.12/site-packages:/opt/ros/jazzy/lib/python3.12/site-packages /usr/bin/cmake --install /home/mikks/ros2_px4_ws/build/example_rover_velocity_mode_cpp
[5.049s] Level 1:colcon.colcon_core.environment:checking '/home/mikks/ros2_px4_ws/install/example_rover_velocity_mode_cpp' for CMake config files
[5.049s] Level 1:colcon.colcon_core.shell:create_environment_hook('example_rover_velocity_mode_cpp', 'cmake_prefix_path')
[5.050s] INFO:colcon.colcon_core.shell:Creating environment hook '/home/mikks/ros2_px4_ws/install/example_rover_velocity_mode_cpp/share/example_rover_velocity_mode_cpp/hook/cmake_prefix_path.ps1'
[5.050s] INFO:colcon.colcon_core.shell:Creating environment descriptor '/home/mikks/ros2_px4_ws/install/example_rover_velocity_mode_cpp/share/example_rover_velocity_mode_cpp/hook/cmake_prefix_path.dsv'
[5.050s] INFO:colcon.colcon_core.shell:Creating environment hook '/home/mikks/ros2_px4_ws/install/example_rover_velocity_mode_cpp/share/example_rover_velocity_mode_cpp/hook/cmake_prefix_path.sh'
[5.051s] Level 1:colcon.colcon_core.environment:checking '/home/mikks/ros2_px4_ws/install/example_rover_velocity_mode_cpp/lib'
[5.051s] Level 1:colcon.colcon_core.environment:checking '/home/mikks/ros2_px4_ws/install/example_rover_velocity_mode_cpp/bin'
[5.051s] Level 1:colcon.colcon_core.environment:checking '/home/mikks/ros2_px4_ws/install/example_rover_velocity_mode_cpp/lib/pkgconfig/example_rover_velocity_mode_cpp.pc'
[5.051s] Level 1:colcon.colcon_core.environment:checking '/home/mikks/ros2_px4_ws/install/example_rover_velocity_mode_cpp/lib/python3.12/site-packages'
[5.052s] Level 1:colcon.colcon_core.environment:checking '/home/mikks/ros2_px4_ws/install/example_rover_velocity_mode_cpp/bin'
[5.052s] INFO:colcon.colcon_core.shell:Creating package script '/home/mikks/ros2_px4_ws/install/example_rover_velocity_mode_cpp/share/example_rover_velocity_mode_cpp/package.ps1'
[5.052s] INFO:colcon.colcon_core.shell:Creating package descriptor '/home/mikks/ros2_px4_ws/install/example_rover_velocity_mode_cpp/share/example_rover_velocity_mode_cpp/package.dsv'
[5.053s] INFO:colcon.colcon_core.shell:Creating package script '/home/mikks/ros2_px4_ws/install/example_rover_velocity_mode_cpp/share/example_rover_velocity_mode_cpp/package.sh'
[5.053s] INFO:colcon.colcon_core.shell:Creating package script '/home/mikks/ros2_px4_ws/install/example_rover_velocity_mode_cpp/share/example_rover_velocity_mode_cpp/package.bash'
[5.053s] INFO:colcon.colcon_core.shell:Creating package script '/home/mikks/ros2_px4_ws/install/example_rover_velocity_mode_cpp/share/example_rover_velocity_mode_cpp/package.zsh'
[5.054s] Level 1:colcon.colcon_core.environment:create_file_with_runtime_dependencies(/home/mikks/ros2_px4_ws/install/example_rover_velocity_mode_cpp/share/colcon-core/packages/example_rover_velocity_mode_cpp)
[5.054s] Level 1:colcon.colcon_core.environment:create_environment_scripts_only(example_rover_velocity_mode_cpp)
[5.054s] Level 1:colcon.colcon_core.environment:checking '/home/mikks/ros2_px4_ws/install/example_rover_velocity_mode_cpp' for CMake module files
[5.055s] Level 1:colcon.colcon_core.environment:checking '/home/mikks/ros2_px4_ws/install/example_rover_velocity_mode_cpp' for CMake config files
[5.055s] Level 1:colcon.colcon_core.shell:create_environment_hook('example_rover_velocity_mode_cpp', 'cmake_prefix_path')
[5.055s] INFO:colcon.colcon_core.shell:Creating environment hook '/home/mikks/ros2_px4_ws/install/example_rover_velocity_mode_cpp/share/example_rover_velocity_mode_cpp/hook/cmake_prefix_path.ps1'
[5.055s] INFO:colcon.colcon_core.shell:Creating environment descriptor '/home/mikks/ros2_px4_ws/install/example_rover_velocity_mode_cpp/share/example_rover_velocity_mode_cpp/hook/cmake_prefix_path.dsv'
[5.056s] INFO:colcon.colcon_core.shell:Creating environment hook '/home/mikks/ros2_px4_ws/install/example_rover_velocity_mode_cpp/share/example_rover_velocity_mode_cpp/hook/cmake_prefix_path.sh'
[5.057s] Level 1:colcon.colcon_core.environment:checking '/home/mikks/ros2_px4_ws/install/example_rover_velocity_mode_cpp/lib'
[5.058s] Level 1:colcon.colcon_core.environment:checking '/home/mikks/ros2_px4_ws/install/example_rover_velocity_mode_cpp/bin'
[5.058s] Level 1:colcon.colcon_core.environment:checking '/home/mikks/ros2_px4_ws/install/example_rover_velocity_mode_cpp/lib/pkgconfig/example_rover_velocity_mode_cpp.pc'
[5.058s] Level 1:colcon.colcon_core.environment:checking '/home/mikks/ros2_px4_ws/install/example_rover_velocity_mode_cpp/lib/python3.12/site-packages'
[5.058s] Level 1:colcon.colcon_core.environment:checking '/home/mikks/ros2_px4_ws/install/example_rover_velocity_mode_cpp/bin'
[5.058s] INFO:colcon.colcon_core.shell:Creating package script '/home/mikks/ros2_px4_ws/install/example_rover_velocity_mode_cpp/share/example_rover_velocity_mode_cpp/package.ps1'
[5.059s] INFO:colcon.colcon_core.shell:Creating package descriptor '/home/mikks/ros2_px4_ws/install/example_rover_velocity_mode_cpp/share/example_rover_velocity_mode_cpp/package.dsv'
[5.059s] INFO:colcon.colcon_core.shell:Creating package script '/home/mikks/ros2_px4_ws/install/example_rover_velocity_mode_cpp/share/example_rover_velocity_mode_cpp/package.sh'
[5.061s] INFO:colcon.colcon_core.shell:Creating package script '/home/mikks/ros2_px4_ws/install/example_rover_velocity_mode_cpp/share/example_rover_velocity_mode_cpp/package.bash'
[5.061s] INFO:colcon.colcon_core.shell:Creating package script '/home/mikks/ros2_px4_ws/install/example_rover_velocity_mode_cpp/share/example_rover_velocity_mode_cpp/package.zsh'
[5.062s] Level 1:colcon.colcon_core.environment:create_file_with_runtime_dependencies(/home/mikks/ros2_px4_ws/install/example_rover_velocity_mode_cpp/share/colcon-core/packages/example_rover_velocity_mode_cpp)
[5.063s] Level 1:colcon.colcon_core.environment:create_environment_scripts_only(example_mode_vtol_cpp)
[5.063s] Level 1:colcon.colcon_core.environment:checking '/home/mikks/ros2_px4_ws/install/example_mode_vtol_cpp' for CMake module files
[5.064s] DEBUG:colcon.colcon_core.event_handler.log_command:Invoked command in '/home/mikks/ros2_px4_ws/build/example_mode_vtol_cpp' returned '0': CMAKE_PREFIX_PATH=/home/mikks/ros2_px4_ws/install/px4_ros2_cpp:/home/mikks/ros2_px4_ws/install/px4_msgs:/home/mikks/ros2_px4_ws/install/px4_ros_com:/home/mikks/ros2_px4_ws/install/px4_ros2_py:/home/mikks/ros2_px4_ws/install/example_rover_velocity_mode_cpp:/home/mikks/ros2_px4_ws/install/example_mode_with_executor_cpp:/home/mikks/ros2_px4_ws/install/example_mode_vtol_cpp:/home/mikks/ros2_px4_ws/install/example_mode_rtl_replacement_cpp:/home/mikks/ros2_px4_ws/install/example_mode_mission_cpp:/home/mikks/ros2_px4_ws/install/example_mode_manual_cpp:/home/mikks/ros2_px4_ws/install/example_mode_goto_global_cpp:/home/mikks/ros2_px4_ws/install/example_mode_goto_cpp:/home/mikks/ros2_px4_ws/install/example_mode_fw_attitude_cpp:/home/mikks/ros2_px4_ws/install/example_local_navigation_cpp:/home/mikks/ros2_px4_ws/install/example_global_navigation_cpp:/home/mikks/ros2_px4_ws/install/example_executor_with_multiple_modes_cpp:/home/mikks/crazyflie_mapping_demo/ros2_ws/install/crazyflie_ros2_multiranger_bringup:/home/mikks/crazyflie_mapping_demo/ros2_ws/install/ros_gz_crazyflie_bringup:/home/mikks/crazyflie_mapping_demo/ros2_ws/install/ros_gz_crazyflie_gazebo:/home/mikks/crazyflie_mapping_demo/ros2_ws/install/crazyflie_sim:/home/mikks/crazyflie_mapping_demo/ros2_ws/install/crazyflie_examples:/home/mikks/crazyflie_mapping_demo/ros2_ws/install/crazyflie:/home/mikks/crazyflie_mapping_demo/ros2_ws/install/crazyflie_interfaces:/opt/ros/jazzy/opt/gz_sim_vendor:/opt/ros/jazzy/opt/gz_sensors_vendor:/opt/ros/jazzy/opt/gz_physics_vendor:/opt/ros/jazzy/opt/sdformat_vendor:/opt/ros/jazzy/opt/gz_gui_vendor:/opt/ros/jazzy/opt/gz_transport_vendor:/opt/ros/jazzy/opt/gz_rendering_vendor:/opt/ros/jazzy/opt/gz_plugin_vendor:/opt/ros/jazzy/opt/gz_fuel_tools_vendor:/opt/ros/jazzy/opt/gz_msgs_vendor:/opt/ros/jazzy/opt/gz_common_vendor:/opt/ros/jazzy/opt/gz_math_vendor:/opt/ros/jazzy/opt/gz_utils_vendor:/opt/ros/jazzy/opt/gz_tools_vendor:/opt/ros/jazzy/opt/gz_ogre_next_vendor:/opt/ros/jazzy/opt/gz_dartsim_vendor:/opt/ros/jazzy/opt/gz_cmake_vendor:/home/mikks/ros2_px4_ws/install/x500_hover_controller:/home/mikks/ros2_px4_ws/install/example_mode_with_rclpy_py:/home/mikks/ros2_px4_ws/install/example_mode_goto_py:/home/mikks/ros2_px4_ws/install/px4_actuator_ctrl:/home/mikks/ros2_ws/install/rover_desc_description:/home/mikks/ros2_ws/install/px4_actuator_ctrl:/home/mikks/ros2_ws/install/mine_rover_description:/home/mikks/ros2_ws/install/ZerionURDFV5cp_description:/home/mikks/crazyflie_mapping_demo/ros2_ws/install/velocity_free_consensus:/home/mikks/crazyflie_mapping_demo/ros2_ws/install/stepwise_lowpos:/home/mikks/crazyflie_mapping_demo/ros2_ws/install/step_wise_lowpos:/home/mikks/crazyflie_mapping_demo/ros2_ws/install/second_order_formation_control:/home/mikks/crazyflie_mapping_demo/ros2_ws/install/ros_gz_crazyflie_control:/home/mikks/crazyflie_mapping_demo/ros2_ws/install/mixed_fractional_consensus:/home/mikks/crazyflie_mapping_demo/ros2_ws/install/lowest_pos:/home/mikks/crazyflie_mapping_demo/ros2_ws/install/linear_consensus:/home/mikks/crazyflie_mapping_demo/ros2_ws/install/highest_pos:/home/mikks/crazyflie_mapping_demo/ros2_ws/install/fractional_consensus_alpha:/home/mikks/crazyflie_mapping_demo/ros2_ws/install/event_triggered_swarm:/home/mikks/crazyflie_mapping_demo/ros2_ws/install/drone_logger:/home/mikks/crazyflie_mapping_demo/ros2_ws/install/distributed_average_tracking:/home/mikks/crazyflie_mapping_demo/ros2_ws/install/crazyflie_swarm_logic:/home/mikks/crazyflie_mapping_demo/ros2_ws/install/crazyflie_ros2_multiranger_wall_following:/home/mikks/crazyflie_mapping_demo/ros2_ws/install/crazyflie_ros2_multiranger_simple_mapper:/home/mikks/crazyflie_mapping_demo/ros2_ws/install/crazyflie_py:/home/mikks/crazyflie_mapping_demo/ros2_ws/install/cooperative_target_centric_formation:/home/mikks/crazyflie_mapping_demo/ros2_ws/install/containment_using_agent_information:/home/mikks/crazyflie_mapping_demo/ros2_ws/install/consensus_for_double_integrator:/home/mikks/crazyflie_mapping_demo/ros2_ws/install/consensus_alignment:/home/mikks/crazyflie_mapping_demo/ros2_ws/install/binary_consensus:/home/mikks/crazyflie_mapping_demo/ros2_ws/install/Second_Order_Min_Consensus_for_Heterogeneous_Agents:/home/mikks/crazyflie_mapping_demo/ros2_ws/install/BinaryContainmentChain:/opt/ros/jazzy DEBUGINFOD_URLS=https://debuginfod.ubuntu.com LD_LIBRARY_PATH=/home/mikks/ros2_px4_ws/install/px4_ros2_cpp/lib:/home/mikks/ros2_px4_ws/install/px4_msgs/lib:/home/mikks/ros2_px4_ws/install/px4_ros_com/lib:/home/mikks/NatNet_SDK_4.3_ubuntu/lib:/home/mikks/crazyflie_mapping_demo/ros2_ws/install/crazyflie_interfaces/lib:/opt/ros/jazzy/opt/gz_sim_vendor/lib:/opt/ros/jazzy/opt/gz_sensors_vendor/lib:/opt/ros/jazzy/opt/gz_physics_vendor/lib:/opt/ros/jazzy/opt/sdformat_vendor/lib:/opt/ros/jazzy/opt/rviz_ogre_vendor/lib:/opt/ros/jazzy/lib/x86_64-linux-gnu:/opt/ros/jazzy/opt/gz_gui_vendor/lib:/opt/ros/jazzy/opt/gz_transport_vendor/lib:/opt/ros/jazzy/opt/gz_rendering_vendor/lib:/opt/ros/jazzy/opt/gz_plugin_vendor/lib:/opt/ros/jazzy/opt/gz_fuel_tools_vendor/lib:/opt/ros/jazzy/opt/gz_msgs_vendor/lib:/opt/ros/jazzy/opt/gz_common_vendor/lib:/opt/ros/jazzy/opt/gz_math_vendor/lib:/opt/ros/jazzy/opt/gz_utils_vendor/lib:/opt/ros/jazzy/opt/gz_tools_vendor/lib:/opt/ros/jazzy/opt/gz_ogre_next_vendor/lib:/opt/ros/jazzy/opt/gz_dartsim_vendor/lib:/opt/ros/jazzy/opt/gz_cmake_vendor/lib:/opt/ros/jazzy/lib PYTHONPATH=/home/mikks/ros2_px4_ws/install/px4_msgs/lib/python3.12/site-packages:/home/mikks/ros2_px4_ws/build/x500_hover_controller:/home/mikks/ros2_px4_ws/install/x500_hover_controller/lib/python3.12/site-packages:/home/mikks/ros2_px4_ws/install/px4_ros_com/lib/python3.12/site-packages:/home/mikks/ros2_px4_ws/build/example_mode_with_rclpy_py:/home/mikks/ros2_px4_ws/install/example_mode_with_rclpy_py/lib/python3.12/site-packages:/home/mikks/ros2_px4_ws/build/example_mode_goto_py:/home/mikks/ros2_px4_ws/install/example_mode_goto_py/lib/python3.12/site-packages:/home/mikks/ros2_px4_ws/install/px4_ros2_py/lib/python3.12/site-packages:/home/mikks/ros2_px4_ws/build/px4_actuator_ctrl:/home/mikks/ros2_px4_ws/install/px4_actuator_ctrl/lib/python3.12/site-packages:/home/mikks/ros2_ws/build/rover_desc_description:/home/mikks/ros2_ws/install/rover_desc_description/lib/python3.12/site-packages:/home/mikks/ros2_ws/install/px4_actuator_ctrl/lib/python3.12/site-packages:/home/mikks/ros2_ws/build/mine_rover_description:/home/mikks/ros2_ws/install/mine_rover_description/lib/python3.12/site-packages:/home/mikks/ros2_ws/build/ZerionURDFV5cp_description:/home/mikks/ros2_ws/install/ZerionURDFV5cp_description/lib/python3.12/site-packages:/home/mikks/crazyflie_mapping_demo/ros2_ws/install/velocity_free_consensus/lib/python3.12/site-packages:/home/mikks/crazyflie_mapping_demo/ros2_ws/install/stepwise_lowpos/lib/python3.12/site-packages:/home/mikks/crazyflie_mapping_demo/ros2_ws/install/step_wise_lowpos/lib/python3.12/site-packages:/home/mikks/crazyflie_mapping_demo/ros2_ws/install/second_order_formation_control/lib/python3.12/site-packages:/home/mikks/crazyflie_mapping_demo/ros2_ws/install/ros_gz_crazyflie_control/lib/python3.12/site-packages:/home/mikks/crazyflie_mapping_demo/ros2_ws/install/mixed_fractional_consensus/lib/python3.12/site-packages:/home/mikks/crazyflie_mapping_demo/ros2_ws/install/lowest_pos/lib/python3.12/site-packages:/home/mikks/crazyflie_mapping_demo/ros2_ws/install/linear_consensus/lib/python3.12/site-packages:/home/mikks/crazyflie_mapping_demo/ros2_ws/install/highest_pos/lib/python3.12/site-packages:/home/mikks/crazyflie_mapping_demo/ros2_ws/install/fractional_consensus_alpha/lib/python3.12/site-packages:/home/mikks/crazyflie_mapping_demo/ros2_ws/install/event_triggered_swarm/lib/python3.12/site-packages:/home/mikks/crazyflie_mapping_demo/ros2_ws/install/drone_logger/lib/python3.12/site-packages:/home/mikks/crazyflie_mapping_demo/ros2_ws/install/distributed_average_tracking/lib/python3.12/site-packages:/home/mikks/crazyflie_mapping_demo/ros2_ws/install/crazyflie_swarm_logic/lib/python3.12/site-packages:/home/mikks/crazyflie_mapping_demo/ros2_ws/install/crazyflie_sim/lib/python3.12/site-packages:/home/mikks/crazyflie_mapping_demo/ros2_ws/install/crazyflie_ros2_multiranger_wall_following/lib/python3.12/site-packages:/home/mikks/crazyflie_mapping_demo/ros2_ws/install/crazyflie_ros2_multiranger_simple_mapper/lib/python3.12/site-packages:/home/mikks/crazyflie_mapping_demo/ros2_ws/install/crazyflie_examples/lib/python3.12/site-packages:/home/mikks/crazyflie_mapping_demo/ros2_ws/install/crazyflie_py/lib/python3.12/site-packages:/home/mikks/crazyflie_mapping_demo/ros2_ws/install/crazyflie_interfaces/lib/python3.12/site-packages:/home/mikks/crazyflie_mapping_demo/ros2_ws/install/cooperative_target_centric_formation/lib/python3.12/site-packages:/home/mikks/crazyflie_mapping_demo/ros2_ws/install/containment_using_agent_information/lib/python3.12/site-packages:/home/mikks/crazyflie_mapping_demo/ros2_ws/install/consensus_for_double_integrator/lib/python3.12/site-packages:/home/mikks/crazyflie_mapping_demo/ros2_ws/install/consensus_alignment/lib/python3.12/site-packages:/home/mikks/crazyflie_mapping_demo/ros2_ws/install/binary_consensus/lib/python3.12/site-packages:/home/mikks/crazyflie_mapping_demo/ros2_ws/install/Second_Order_Min_Consensus_for_Heterogeneous_Agents/lib/python3.12/site-packages:/home/mikks/crazyflie_mapping_demo/ros2_ws/install/BinaryContainmentChain/lib/python3.12/site-packages:/opt/ros/jazzy/lib/python3.12/site-packages /usr/bin/cmake --install /home/mikks/ros2_px4_ws/build/example_mode_vtol_cpp
[5.065s] Level 1:colcon.colcon_core.environment:checking '/home/mikks/ros2_px4_ws/install/example_mode_vtol_cpp' for CMake config files
[5.065s] Level 1:colcon.colcon_core.shell:create_environment_hook('example_mode_vtol_cpp', 'cmake_prefix_path')
[5.065s] INFO:colcon.colcon_core.shell:Creating environment hook '/home/mikks/ros2_px4_ws/install/example_mode_vtol_cpp/share/example_mode_vtol_cpp/hook/cmake_prefix_path.ps1'
[5.066s] INFO:colcon.colcon_core.shell:Creating environment descriptor '/home/mikks/ros2_px4_ws/install/example_mode_vtol_cpp/share/example_mode_vtol_cpp/hook/cmake_prefix_path.dsv'
[5.066s] INFO:colcon.colcon_core.shell:Creating environment hook '/home/mikks/ros2_px4_ws/install/example_mode_vtol_cpp/share/example_mode_vtol_cpp/hook/cmake_prefix_path.sh'
[5.067s] Level 1:colcon.colcon_core.environment:checking '/home/mikks/ros2_px4_ws/install/example_mode_vtol_cpp/lib'
[5.067s] Level 1:colcon.colcon_core.environment:checking '/home/mikks/ros2_px4_ws/install/example_mode_vtol_cpp/bin'
[5.067s] Level 1:colcon.colcon_core.environment:checking '/home/mikks/ros2_px4_ws/install/example_mode_vtol_cpp/lib/pkgconfig/example_mode_vtol_cpp.pc'
[5.067s] Level 1:colcon.colcon_core.environment:checking '/home/mikks/ros2_px4_ws/install/example_mode_vtol_cpp/lib/python3.12/site-packages'
[5.068s] Level 1:colcon.colcon_core.environment:checking '/home/mikks/ros2_px4_ws/install/example_mode_vtol_cpp/bin'
[5.068s] INFO:colcon.colcon_core.shell:Creating package script '/home/mikks/ros2_px4_ws/install/example_mode_vtol_cpp/share/example_mode_vtol_cpp/package.ps1'
[5.069s] INFO:colcon.colcon_core.shell:Creating package descriptor '/home/mikks/ros2_px4_ws/install/example_mode_vtol_cpp/share/example_mode_vtol_cpp/package.dsv'
[5.069s] INFO:colcon.colcon_core.shell:Creating package script '/home/mikks/ros2_px4_ws/install/example_mode_vtol_cpp/share/example_mode_vtol_cpp/package.sh'
[5.070s] INFO:colcon.colcon_core.shell:Creating package script '/home/mikks/ros2_px4_ws/install/example_mode_vtol_cpp/share/example_mode_vtol_cpp/package.bash'
[5.070s] INFO:colcon.colcon_core.shell:Creating package script '/home/mikks/ros2_px4_ws/install/example_mode_vtol_cpp/share/example_mode_vtol_cpp/package.zsh'
[5.071s] Level 1:colcon.colcon_core.environment:create_file_with_runtime_dependencies(/home/mikks/ros2_px4_ws/install/example_mode_vtol_cpp/share/colcon-core/packages/example_mode_vtol_cpp)
[5.072s] Level 1:colcon.colcon_core.environment:create_environment_scripts_only(example_mode_vtol_cpp)
[5.072s] Level 1:colcon.colcon_core.environment:checking '/home/mikks/ros2_px4_ws/install/example_mode_vtol_cpp' for CMake module files
[5.073s] Level 1:colcon.colcon_core.environment:checking '/home/mikks/ros2_px4_ws/install/example_mode_vtol_cpp' for CMake config files
[5.074s] Level 1:colcon.colcon_core.shell:create_environment_hook('example_mode_vtol_cpp', 'cmake_prefix_path')
[5.074s] INFO:colcon.colcon_core.shell:Creating environment hook '/home/mikks/ros2_px4_ws/install/example_mode_vtol_cpp/share/example_mode_vtol_cpp/hook/cmake_prefix_path.ps1'
[5.074s] INFO:colcon.colcon_core.shell:Creating environment descriptor '/home/mikks/ros2_px4_ws/install/example_mode_vtol_cpp/share/example_mode_vtol_cpp/hook/cmake_prefix_path.dsv'
[5.075s] INFO:colcon.colcon_core.shell:Creating environment hook '/home/mikks/ros2_px4_ws/install/example_mode_vtol_cpp/share/example_mode_vtol_cpp/hook/cmake_prefix_path.sh'
[5.075s] Level 1:colcon.colcon_core.environment:checking '/home/mikks/ros2_px4_ws/install/example_mode_vtol_cpp/lib'
[5.076s] Level 1:colcon.colcon_core.environment:checking '/home/mikks/ros2_px4_ws/install/example_mode_vtol_cpp/bin'
[5.076s] Level 1:colcon.colcon_core.environment:checking '/home/mikks/ros2_px4_ws/install/example_mode_vtol_cpp/lib/pkgconfig/example_mode_vtol_cpp.pc'
[5.076s] Level 1:colcon.colcon_core.environment:checking '/home/mikks/ros2_px4_ws/install/example_mode_vtol_cpp/lib/python3.12/site-packages'
[5.076s] Level 1:colcon.colcon_core.environment:checking '/home/mikks/ros2_px4_ws/install/example_mode_vtol_cpp/bin'
[5.076s] INFO:colcon.colcon_core.shell:Creating package script '/home/mikks/ros2_px4_ws/install/example_mode_vtol_cpp/share/example_mode_vtol_cpp/package.ps1'
[5.077s] INFO:colcon.colcon_core.shell:Creating package descriptor '/home/mikks/ros2_px4_ws/install/example_mode_vtol_cpp/share/example_mode_vtol_cpp/package.dsv'
[5.078s] INFO:colcon.colcon_core.shell:Creating package script '/home/mikks/ros2_px4_ws/install/example_mode_vtol_cpp/share/example_mode_vtol_cpp/package.sh'
[5.078s] INFO:colcon.colcon_core.shell:Creating package script '/home/mikks/ros2_px4_ws/install/example_mode_vtol_cpp/share/example_mode_vtol_cpp/package.bash'
[5.079s] INFO:colcon.colcon_core.shell:Creating package script '/home/mikks/ros2_px4_ws/install/example_mode_vtol_cpp/share/example_mode_vtol_cpp/package.zsh'
[5.079s] Level 1:colcon.colcon_core.environment:create_file_with_runtime_dependencies(/home/mikks/ros2_px4_ws/install/example_mode_vtol_cpp/share/colcon-core/packages/example_mode_vtol_cpp)
[5.080s] Level 1:colcon.colcon_core.environment:create_environment_scripts_only(example_mode_with_executor_cpp)
[5.081s] Level 1:colcon.colcon_core.environment:checking '/home/mikks/ros2_px4_ws/install/example_mode_with_executor_cpp' for CMake module files
[5.081s] DEBUG:colcon.colcon_core.event_handler.log_command:Invoked command in '/home/mikks/ros2_px4_ws/build/example_mode_with_executor_cpp' returned '0': CMAKE_PREFIX_PATH=/home/mikks/ros2_px4_ws/install/px4_ros2_cpp:/home/mikks/ros2_px4_ws/install/px4_msgs:/home/mikks/ros2_px4_ws/install/px4_ros_com:/home/mikks/ros2_px4_ws/install/px4_ros2_py:/home/mikks/ros2_px4_ws/install/example_rover_velocity_mode_cpp:/home/mikks/ros2_px4_ws/install/example_mode_with_executor_cpp:/home/mikks/ros2_px4_ws/install/example_mode_vtol_cpp:/home/mikks/ros2_px4_ws/install/example_mode_rtl_replacement_cpp:/home/mikks/ros2_px4_ws/install/example_mode_mission_cpp:/home/mikks/ros2_px4_ws/install/example_mode_manual_cpp:/home/mikks/ros2_px4_ws/install/example_mode_goto_global_cpp:/home/mikks/ros2_px4_ws/install/example_mode_goto_cpp:/home/mikks/ros2_px4_ws/install/example_mode_fw_attitude_cpp:/home/mikks/ros2_px4_ws/install/example_local_navigation_cpp:/home/mikks/ros2_px4_ws/install/example_global_navigation_cpp:/home/mikks/ros2_px4_ws/install/example_executor_with_multiple_modes_cpp:/home/mikks/crazyflie_mapping_demo/ros2_ws/install/crazyflie_ros2_multiranger_bringup:/home/mikks/crazyflie_mapping_demo/ros2_ws/install/ros_gz_crazyflie_bringup:/home/mikks/crazyflie_mapping_demo/ros2_ws/install/ros_gz_crazyflie_gazebo:/home/mikks/crazyflie_mapping_demo/ros2_ws/install/crazyflie_sim:/home/mikks/crazyflie_mapping_demo/ros2_ws/install/crazyflie_examples:/home/mikks/crazyflie_mapping_demo/ros2_ws/install/crazyflie:/home/mikks/crazyflie_mapping_demo/ros2_ws/install/crazyflie_interfaces:/opt/ros/jazzy/opt/gz_sim_vendor:/opt/ros/jazzy/opt/gz_sensors_vendor:/opt/ros/jazzy/opt/gz_physics_vendor:/opt/ros/jazzy/opt/sdformat_vendor:/opt/ros/jazzy/opt/gz_gui_vendor:/opt/ros/jazzy/opt/gz_transport_vendor:/opt/ros/jazzy/opt/gz_rendering_vendor:/opt/ros/jazzy/opt/gz_plugin_vendor:/opt/ros/jazzy/opt/gz_fuel_tools_vendor:/opt/ros/jazzy/opt/gz_msgs_vendor:/opt/ros/jazzy/opt/gz_common_vendor:/opt/ros/jazzy/opt/gz_math_vendor:/opt/ros/jazzy/opt/gz_utils_vendor:/opt/ros/jazzy/opt/gz_tools_vendor:/opt/ros/jazzy/opt/gz_ogre_next_vendor:/opt/ros/jazzy/opt/gz_dartsim_vendor:/opt/ros/jazzy/opt/gz_cmake_vendor:/home/mikks/ros2_px4_ws/install/x500_hover_controller:/home/mikks/ros2_px4_ws/install/example_mode_with_rclpy_py:/home/mikks/ros2_px4_ws/install/example_mode_goto_py:/home/mikks/ros2_px4_ws/install/px4_actuator_ctrl:/home/mikks/ros2_ws/install/rover_desc_description:/home/mikks/ros2_ws/install/px4_actuator_ctrl:/home/mikks/ros2_ws/install/mine_rover_description:/home/mikks/ros2_ws/install/ZerionURDFV5cp_description:/home/mikks/crazyflie_mapping_demo/ros2_ws/install/velocity_free_consensus:/home/mikks/crazyflie_mapping_demo/ros2_ws/install/stepwise_lowpos:/home/mikks/crazyflie_mapping_demo/ros2_ws/install/step_wise_lowpos:/home/mikks/crazyflie_mapping_demo/ros2_ws/install/second_order_formation_control:/home/mikks/crazyflie_mapping_demo/ros2_ws/install/ros_gz_crazyflie_control:/home/mikks/crazyflie_mapping_demo/ros2_ws/install/mixed_fractional_consensus:/home/mikks/crazyflie_mapping_demo/ros2_ws/install/lowest_pos:/home/mikks/crazyflie_mapping_demo/ros2_ws/install/linear_consensus:/home/mikks/crazyflie_mapping_demo/ros2_ws/install/highest_pos:/home/mikks/crazyflie_mapping_demo/ros2_ws/install/fractional_consensus_alpha:/home/mikks/crazyflie_mapping_demo/ros2_ws/install/event_triggered_swarm:/home/mikks/crazyflie_mapping_demo/ros2_ws/install/drone_logger:/home/mikks/crazyflie_mapping_demo/ros2_ws/install/distributed_average_tracking:/home/mikks/crazyflie_mapping_demo/ros2_ws/install/crazyflie_swarm_logic:/home/mikks/crazyflie_mapping_demo/ros2_ws/install/crazyflie_ros2_multiranger_wall_following:/home/mikks/crazyflie_mapping_demo/ros2_ws/install/crazyflie_ros2_multiranger_simple_mapper:/home/mikks/crazyflie_mapping_demo/ros2_ws/install/crazyflie_py:/home/mikks/crazyflie_mapping_demo/ros2_ws/install/cooperative_target_centric_formation:/home/mikks/crazyflie_mapping_demo/ros2_ws/install/containment_using_agent_information:/home/mikks/crazyflie_mapping_demo/ros2_ws/install/consensus_for_double_integrator:/home/mikks/crazyflie_mapping_demo/ros2_ws/install/consensus_alignment:/home/mikks/crazyflie_mapping_demo/ros2_ws/install/binary_consensus:/home/mikks/crazyflie_mapping_demo/ros2_ws/install/Second_Order_Min_Consensus_for_Heterogeneous_Agents:/home/mikks/crazyflie_mapping_demo/ros2_ws/install/BinaryContainmentChain:/opt/ros/jazzy DEBUGINFOD_URLS=https://debuginfod.ubuntu.com LD_LIBRARY_PATH=/home/mikks/ros2_px4_ws/install/px4_ros2_cpp/lib:/home/mikks/ros2_px4_ws/install/px4_msgs/lib:/home/mikks/ros2_px4_ws/install/px4_ros_com/lib:/home/mikks/NatNet_SDK_4.3_ubuntu/lib:/home/mikks/crazyflie_mapping_demo/ros2_ws/install/crazyflie_interfaces/lib:/opt/ros/jazzy/opt/gz_sim_vendor/lib:/opt/ros/jazzy/opt/gz_sensors_vendor/lib:/opt/ros/jazzy/opt/gz_physics_vendor/lib:/opt/ros/jazzy/opt/sdformat_vendor/lib:/opt/ros/jazzy/opt/rviz_ogre_vendor/lib:/opt/ros/jazzy/lib/x86_64-linux-gnu:/opt/ros/jazzy/opt/gz_gui_vendor/lib:/opt/ros/jazzy/opt/gz_transport_vendor/lib:/opt/ros/jazzy/opt/gz_rendering_vendor/lib:/opt/ros/jazzy/opt/gz_plugin_vendor/lib:/opt/ros/jazzy/opt/gz_fuel_tools_vendor/lib:/opt/ros/jazzy/opt/gz_msgs_vendor/lib:/opt/ros/jazzy/opt/gz_common_vendor/lib:/opt/ros/jazzy/opt/gz_math_vendor/lib:/opt/ros/jazzy/opt/gz_utils_vendor/lib:/opt/ros/jazzy/opt/gz_tools_vendor/lib:/opt/ros/jazzy/opt/gz_ogre_next_vendor/lib:/opt/ros/jazzy/opt/gz_dartsim_vendor/lib:/opt/ros/jazzy/opt/gz_cmake_vendor/lib:/opt/ros/jazzy/lib PYTHONPATH=/home/mikks/ros2_px4_ws/install/px4_msgs/lib/python3.12/site-packages:/home/mikks/ros2_px4_ws/build/x500_hover_controller:/home/mikks/ros2_px4_ws/install/x500_hover_controller/lib/python3.12/site-packages:/home/mikks/ros2_px4_ws/install/px4_ros_com/lib/python3.12/site-packages:/home/mikks/ros2_px4_ws/build/example_mode_with_rclpy_py:/home/mikks/ros2_px4_ws/install/example_mode_with_rclpy_py/lib/python3.12/site-packages:/home/mikks/ros2_px4_ws/build/example_mode_goto_py:/home/mikks/ros2_px4_ws/install/example_mode_goto_py/lib/python3.12/site-packages:/home/mikks/ros2_px4_ws/install/px4_ros2_py/lib/python3.12/site-packages:/home/mikks/ros2_px4_ws/build/px4_actuator_ctrl:/home/mikks/ros2_px4_ws/install/px4_actuator_ctrl/lib/python3.12/site-packages:/home/mikks/ros2_ws/build/rover_desc_description:/home/mikks/ros2_ws/install/rover_desc_description/lib/python3.12/site-packages:/home/mikks/ros2_ws/install/px4_actuator_ctrl/lib/python3.12/site-packages:/home/mikks/ros2_ws/build/mine_rover_description:/home/mikks/ros2_ws/install/mine_rover_description/lib/python3.12/site-packages:/home/mikks/ros2_ws/build/ZerionURDFV5cp_description:/home/mikks/ros2_ws/install/ZerionURDFV5cp_description/lib/python3.12/site-packages:/home/mikks/crazyflie_mapping_demo/ros2_ws/install/velocity_free_consensus/lib/python3.12/site-packages:/home/mikks/crazyflie_mapping_demo/ros2_ws/install/stepwise_lowpos/lib/python3.12/site-packages:/home/mikks/crazyflie_mapping_demo/ros2_ws/install/step_wise_lowpos/lib/python3.12/site-packages:/home/mikks/crazyflie_mapping_demo/ros2_ws/install/second_order_formation_control/lib/python3.12/site-packages:/home/mikks/crazyflie_mapping_demo/ros2_ws/install/ros_gz_crazyflie_control/lib/python3.12/site-packages:/home/mikks/crazyflie_mapping_demo/ros2_ws/install/mixed_fractional_consensus/lib/python3.12/site-packages:/home/mikks/crazyflie_mapping_demo/ros2_ws/install/lowest_pos/lib/python3.12/site-packages:/home/mikks/crazyflie_mapping_demo/ros2_ws/install/linear_consensus/lib/python3.12/site-packages:/home/mikks/crazyflie_mapping_demo/ros2_ws/install/highest_pos/lib/python3.12/site-packages:/home/mikks/crazyflie_mapping_demo/ros2_ws/install/fractional_consensus_alpha/lib/python3.12/site-packages:/home/mikks/crazyflie_mapping_demo/ros2_ws/install/event_triggered_swarm/lib/python3.12/site-packages:/home/mikks/crazyflie_mapping_demo/ros2_ws/install/drone_logger/lib/python3.12/site-packages:/home/mikks/crazyflie_mapping_demo/ros2_ws/install/distributed_average_tracking/lib/python3.12/site-packages:/home/mikks/crazyflie_mapping_demo/ros2_ws/install/crazyflie_swarm_logic/lib/python3.12/site-packages:/home/mikks/crazyflie_mapping_demo/ros2_ws/install/crazyflie_sim/lib/python3.12/site-packages:/home/mikks/crazyflie_mapping_demo/ros2_ws/install/crazyflie_ros2_multiranger_wall_following/lib/python3.12/site-packages:/home/mikks/crazyflie_mapping_demo/ros2_ws/install/crazyflie_ros2_multiranger_simple_mapper/lib/python3.12/site-packages:/home/mikks/crazyflie_mapping_demo/ros2_ws/install/crazyflie_examples/lib/python3.12/site-packages:/home/mikks/crazyflie_mapping_demo/ros2_ws/install/crazyflie_py/lib/python3.12/site-packages:/home/mikks/crazyflie_mapping_demo/ros2_ws/install/crazyflie_interfaces/lib/python3.12/site-packages:/home/mikks/crazyflie_mapping_demo/ros2_ws/install/cooperative_target_centric_formation/lib/python3.12/site-packages:/home/mikks/crazyflie_mapping_demo/ros2_ws/install/containment_using_agent_information/lib/python3.12/site-packages:/home/mikks/crazyflie_mapping_demo/ros2_ws/install/consensus_for_double_integrator/lib/python3.12/site-packages:/home/mikks/crazyflie_mapping_demo/ros2_ws/install/consensus_alignment/lib/python3.12/site-packages:/home/mikks/crazyflie_mapping_demo/ros2_ws/install/binary_consensus/lib/python3.12/site-packages:/home/mikks/crazyflie_mapping_demo/ros2_ws/install/Second_Order_Min_Consensus_for_Heterogeneous_Agents/lib/python3.12/site-packages:/home/mikks/crazyflie_mapping_demo/ros2_ws/install/BinaryContainmentChain/lib/python3.12/site-packages:/opt/ros/jazzy/lib/python3.12/site-packages /usr/bin/cmake --install /home/mikks/ros2_px4_ws/build/example_mode_with_executor_cpp
[5.082s] Level 1:colcon.colcon_core.environment:checking '/home/mikks/ros2_px4_ws/install/example_mode_with_executor_cpp' for CMake config files
[5.082s] Level 1:colcon.colcon_core.shell:create_environment_hook('example_mode_with_executor_cpp', 'cmake_prefix_path')
[5.082s] INFO:colcon.colcon_core.shell:Creating environment hook '/home/mikks/ros2_px4_ws/install/example_mode_with_executor_cpp/share/example_mode_with_executor_cpp/hook/cmake_prefix_path.ps1'
[5.083s] INFO:colcon.colcon_core.shell:Creating environment descriptor '/home/mikks/ros2_px4_ws/install/example_mode_with_executor_cpp/share/example_mode_with_executor_cpp/hook/cmake_prefix_path.dsv'
[5.083s] INFO:colcon.colcon_core.shell:Creating environment hook '/home/mikks/ros2_px4_ws/install/example_mode_with_executor_cpp/share/example_mode_with_executor_cpp/hook/cmake_prefix_path.sh'
[5.084s] Level 1:colcon.colcon_core.environment:checking '/home/mikks/ros2_px4_ws/install/example_mode_with_executor_cpp/lib'
[5.084s] Level 1:colcon.colcon_core.environment:checking '/home/mikks/ros2_px4_ws/install/example_mode_with_executor_cpp/bin'
[5.084s] Level 1:colcon.colcon_core.environment:checking '/home/mikks/ros2_px4_ws/install/example_mode_with_executor_cpp/lib/pkgconfig/example_mode_with_executor_cpp.pc'
[5.084s] Level 1:colcon.colcon_core.environment:checking '/home/mikks/ros2_px4_ws/install/example_mode_with_executor_cpp/lib/python3.12/site-packages'
[5.085s] Level 1:colcon.colcon_core.environment:checking '/home/mikks/ros2_px4_ws/install/example_mode_with_executor_cpp/bin'
[5.085s] INFO:colcon.colcon_core.shell:Creating package script '/home/mikks/ros2_px4_ws/install/example_mode_with_executor_cpp/share/example_mode_with_executor_cpp/package.ps1'
[5.086s] INFO:colcon.colcon_core.shell:Creating package descriptor '/home/mikks/ros2_px4_ws/install/example_mode_with_executor_cpp/share/example_mode_with_executor_cpp/package.dsv'
[5.086s] INFO:colcon.colcon_core.shell:Creating package script '/home/mikks/ros2_px4_ws/install/example_mode_with_executor_cpp/share/example_mode_with_executor_cpp/package.sh'
[5.087s] INFO:colcon.colcon_core.shell:Creating package script '/home/mikks/ros2_px4_ws/install/example_mode_with_executor_cpp/share/example_mode_with_executor_cpp/package.bash'
[5.087s] INFO:colcon.colcon_core.shell:Creating package script '/home/mikks/ros2_px4_ws/install/example_mode_with_executor_cpp/share/example_mode_with_executor_cpp/package.zsh'
[5.087s] Level 1:colcon.colcon_core.environment:create_file_with_runtime_dependencies(/home/mikks/ros2_px4_ws/install/example_mode_with_executor_cpp/share/colcon-core/packages/example_mode_with_executor_cpp)
[5.088s] Level 1:colcon.colcon_core.environment:create_environment_scripts_only(example_mode_with_executor_cpp)
[5.088s] Level 1:colcon.colcon_core.environment:checking '/home/mikks/ros2_px4_ws/install/example_mode_with_executor_cpp' for CMake module files
[5.089s] Level 1:colcon.colcon_core.environment:checking '/home/mikks/ros2_px4_ws/install/example_mode_with_executor_cpp' for CMake config files
[5.089s] Level 1:colcon.colcon_core.shell:create_environment_hook('example_mode_with_executor_cpp', 'cmake_prefix_path')
[5.090s] INFO:colcon.colcon_core.shell:Creating environment hook '/home/mikks/ros2_px4_ws/install/example_mode_with_executor_cpp/share/example_mode_with_executor_cpp/hook/cmake_prefix_path.ps1'
[5.090s] INFO:colcon.colcon_core.shell:Creating environment descriptor '/home/mikks/ros2_px4_ws/install/example_mode_with_executor_cpp/share/example_mode_with_executor_cpp/hook/cmake_prefix_path.dsv'
[5.090s] INFO:colcon.colcon_core.shell:Creating environment hook '/home/mikks/ros2_px4_ws/install/example_mode_with_executor_cpp/share/example_mode_with_executor_cpp/hook/cmake_prefix_path.sh'
[5.091s] Level 1:colcon.colcon_core.environment:checking '/home/mikks/ros2_px4_ws/install/example_mode_with_executor_cpp/lib'
[5.091s] Level 1:colcon.colcon_core.environment:checking '/home/mikks/ros2_px4_ws/install/example_mode_with_executor_cpp/bin'
[5.091s] Level 1:colcon.colcon_core.environment:checking '/home/mikks/ros2_px4_ws/install/example_mode_with_executor_cpp/lib/pkgconfig/example_mode_with_executor_cpp.pc'
[5.092s] Level 1:colcon.colcon_core.environment:checking '/home/mikks/ros2_px4_ws/install/example_mode_with_executor_cpp/lib/python3.12/site-packages'
[5.092s] Level 1:colcon.colcon_core.environment:checking '/home/mikks/ros2_px4_ws/install/example_mode_with_executor_cpp/bin'
[5.092s] INFO:colcon.colcon_core.shell:Creating package script '/home/mikks/ros2_px4_ws/install/example_mode_with_executor_cpp/share/example_mode_with_executor_cpp/package.ps1'
[5.093s] INFO:colcon.colcon_core.shell:Creating package descriptor '/home/mikks/ros2_px4_ws/install/example_mode_with_executor_cpp/share/example_mode_with_executor_cpp/package.dsv'
[5.093s] INFO:colcon.colcon_core.shell:Creating package script '/home/mikks/ros2_px4_ws/install/example_mode_with_executor_cpp/share/example_mode_with_executor_cpp/package.sh'
[5.094s] INFO:colcon.colcon_core.shell:Creating package script '/home/mikks/ros2_px4_ws/install/example_mode_with_executor_cpp/share/example_mode_with_executor_cpp/package.bash'
[5.094s] INFO:colcon.colcon_core.shell:Creating package script '/home/mikks/ros2_px4_ws/install/example_mode_with_executor_cpp/share/example_mode_with_executor_cpp/package.zsh'
[5.095s] Level 1:colcon.colcon_core.environment:create_file_with_runtime_dependencies(/home/mikks/ros2_px4_ws/install/example_mode_with_executor_cpp/share/colcon-core/packages/example_mode_with_executor_cpp)
[5.196s] DEBUG:colcon.colcon_core.event_handler.log_command:Invoked command in '/home/mikks/ros2_px4_ws/build/px4_ros2_py' returned '0': CMAKE_PREFIX_PATH=/home/mikks/ros2_px4_ws/install/px4_ros2_cpp:/home/mikks/ros2_px4_ws/install/px4_msgs:/home/mikks/ros2_px4_ws/install/px4_ros_com:/home/mikks/ros2_px4_ws/install/px4_ros2_py:/home/mikks/ros2_px4_ws/install/example_rover_velocity_mode_cpp:/home/mikks/ros2_px4_ws/install/example_mode_with_executor_cpp:/home/mikks/ros2_px4_ws/install/example_mode_vtol_cpp:/home/mikks/ros2_px4_ws/install/example_mode_rtl_replacement_cpp:/home/mikks/ros2_px4_ws/install/example_mode_mission_cpp:/home/mikks/ros2_px4_ws/install/example_mode_manual_cpp:/home/mikks/ros2_px4_ws/install/example_mode_goto_global_cpp:/home/mikks/ros2_px4_ws/install/example_mode_goto_cpp:/home/mikks/ros2_px4_ws/install/example_mode_fw_attitude_cpp:/home/mikks/ros2_px4_ws/install/example_local_navigation_cpp:/home/mikks/ros2_px4_ws/install/example_global_navigation_cpp:/home/mikks/ros2_px4_ws/install/example_executor_with_multiple_modes_cpp:/home/mikks/crazyflie_mapping_demo/ros2_ws/install/crazyflie_ros2_multiranger_bringup:/home/mikks/crazyflie_mapping_demo/ros2_ws/install/ros_gz_crazyflie_bringup:/home/mikks/crazyflie_mapping_demo/ros2_ws/install/ros_gz_crazyflie_gazebo:/home/mikks/crazyflie_mapping_demo/ros2_ws/install/crazyflie_sim:/home/mikks/crazyflie_mapping_demo/ros2_ws/install/crazyflie_examples:/home/mikks/crazyflie_mapping_demo/ros2_ws/install/crazyflie:/home/mikks/crazyflie_mapping_demo/ros2_ws/install/crazyflie_interfaces:/opt/ros/jazzy/opt/gz_sim_vendor:/opt/ros/jazzy/opt/gz_sensors_vendor:/opt/ros/jazzy/opt/gz_physics_vendor:/opt/ros/jazzy/opt/sdformat_vendor:/opt/ros/jazzy/opt/gz_gui_vendor:/opt/ros/jazzy/opt/gz_transport_vendor:/opt/ros/jazzy/opt/gz_rendering_vendor:/opt/ros/jazzy/opt/gz_plugin_vendor:/opt/ros/jazzy/opt/gz_fuel_tools_vendor:/opt/ros/jazzy/opt/gz_msgs_vendor:/opt/ros/jazzy/opt/gz_common_vendor:/opt/ros/jazzy/opt/gz_math_vendor:/opt/ros/jazzy/opt/gz_utils_vendor:/opt/ros/jazzy/opt/gz_tools_vendor:/opt/ros/jazzy/opt/gz_ogre_next_vendor:/opt/ros/jazzy/opt/gz_dartsim_vendor:/opt/ros/jazzy/opt/gz_cmake_vendor:/home/mikks/ros2_px4_ws/install/x500_hover_controller:/home/mikks/ros2_px4_ws/install/example_mode_with_rclpy_py:/home/mikks/ros2_px4_ws/install/example_mode_goto_py:/home/mikks/ros2_px4_ws/install/px4_actuator_ctrl:/home/mikks/ros2_ws/install/rover_desc_description:/home/mikks/ros2_ws/install/px4_actuator_ctrl:/home/mikks/ros2_ws/install/mine_rover_description:/home/mikks/ros2_ws/install/ZerionURDFV5cp_description:/home/mikks/crazyflie_mapping_demo/ros2_ws/install/velocity_free_consensus:/home/mikks/crazyflie_mapping_demo/ros2_ws/install/stepwise_lowpos:/home/mikks/crazyflie_mapping_demo/ros2_ws/install/step_wise_lowpos:/home/mikks/crazyflie_mapping_demo/ros2_ws/install/second_order_formation_control:/home/mikks/crazyflie_mapping_demo/ros2_ws/install/ros_gz_crazyflie_control:/home/mikks/crazyflie_mapping_demo/ros2_ws/install/mixed_fractional_consensus:/home/mikks/crazyflie_mapping_demo/ros2_ws/install/lowest_pos:/home/mikks/crazyflie_mapping_demo/ros2_ws/install/linear_consensus:/home/mikks/crazyflie_mapping_demo/ros2_ws/install/highest_pos:/home/mikks/crazyflie_mapping_demo/ros2_ws/install/fractional_consensus_alpha:/home/mikks/crazyflie_mapping_demo/ros2_ws/install/event_triggered_swarm:/home/mikks/crazyflie_mapping_demo/ros2_ws/install/drone_logger:/home/mikks/crazyflie_mapping_demo/ros2_ws/install/distributed_average_tracking:/home/mikks/crazyflie_mapping_demo/ros2_ws/install/crazyflie_swarm_logic:/home/mikks/crazyflie_mapping_demo/ros2_ws/install/crazyflie_ros2_multiranger_wall_following:/home/mikks/crazyflie_mapping_demo/ros2_ws/install/crazyflie_ros2_multiranger_simple_mapper:/home/mikks/crazyflie_mapping_demo/ros2_ws/install/crazyflie_py:/home/mikks/crazyflie_mapping_demo/ros2_ws/install/cooperative_target_centric_formation:/home/mikks/crazyflie_mapping_demo/ros2_ws/install/containment_using_agent_information:/home/mikks/crazyflie_mapping_demo/ros2_ws/install/consensus_for_double_integrator:/home/mikks/crazyflie_mapping_demo/ros2_ws/install/consensus_alignment:/home/mikks/crazyflie_mapping_demo/ros2_ws/install/binary_consensus:/home/mikks/crazyflie_mapping_demo/ros2_ws/install/Second_Order_Min_Consensus_for_Heterogeneous_Agents:/home/mikks/crazyflie_mapping_demo/ros2_ws/install/BinaryContainmentChain:/opt/ros/jazzy DEBUGINFOD_URLS=https://debuginfod.ubuntu.com LD_LIBRARY_PATH=/home/mikks/ros2_px4_ws/install/px4_ros2_cpp/lib:/home/mikks/ros2_px4_ws/install/px4_msgs/lib:/home/mikks/ros2_px4_ws/install/px4_ros_com/lib:/home/mikks/NatNet_SDK_4.3_ubuntu/lib:/home/mikks/crazyflie_mapping_demo/ros2_ws/install/crazyflie_interfaces/lib:/opt/ros/jazzy/opt/gz_sim_vendor/lib:/opt/ros/jazzy/opt/gz_sensors_vendor/lib:/opt/ros/jazzy/opt/gz_physics_vendor/lib:/opt/ros/jazzy/opt/sdformat_vendor/lib:/opt/ros/jazzy/opt/rviz_ogre_vendor/lib:/opt/ros/jazzy/lib/x86_64-linux-gnu:/opt/ros/jazzy/opt/gz_gui_vendor/lib:/opt/ros/jazzy/opt/gz_transport_vendor/lib:/opt/ros/jazzy/opt/gz_rendering_vendor/lib:/opt/ros/jazzy/opt/gz_plugin_vendor/lib:/opt/ros/jazzy/opt/gz_fuel_tools_vendor/lib:/opt/ros/jazzy/opt/gz_msgs_vendor/lib:/opt/ros/jazzy/opt/gz_common_vendor/lib:/opt/ros/jazzy/opt/gz_math_vendor/lib:/opt/ros/jazzy/opt/gz_utils_vendor/lib:/opt/ros/jazzy/opt/gz_tools_vendor/lib:/opt/ros/jazzy/opt/gz_ogre_next_vendor/lib:/opt/ros/jazzy/opt/gz_dartsim_vendor/lib:/opt/ros/jazzy/opt/gz_cmake_vendor/lib:/opt/ros/jazzy/lib PYTHONPATH=/home/mikks/ros2_px4_ws/install/px4_msgs/lib/python3.12/site-packages:/home/mikks/ros2_px4_ws/build/x500_hover_controller:/home/mikks/ros2_px4_ws/install/x500_hover_controller/lib/python3.12/site-packages:/home/mikks/ros2_px4_ws/install/px4_ros_com/lib/python3.12/site-packages:/home/mikks/ros2_px4_ws/build/example_mode_with_rclpy_py:/home/mikks/ros2_px4_ws/install/example_mode_with_rclpy_py/lib/python3.12/site-packages:/home/mikks/ros2_px4_ws/build/example_mode_goto_py:/home/mikks/ros2_px4_ws/install/example_mode_goto_py/lib/python3.12/site-packages:/home/mikks/ros2_px4_ws/install/px4_ros2_py/lib/python3.12/site-packages:/home/mikks/ros2_px4_ws/build/px4_actuator_ctrl:/home/mikks/ros2_px4_ws/install/px4_actuator_ctrl/lib/python3.12/site-packages:/home/mikks/ros2_ws/build/rover_desc_description:/home/mikks/ros2_ws/install/rover_desc_description/lib/python3.12/site-packages:/home/mikks/ros2_ws/install/px4_actuator_ctrl/lib/python3.12/site-packages:/home/mikks/ros2_ws/build/mine_rover_description:/home/mikks/ros2_ws/install/mine_rover_description/lib/python3.12/site-packages:/home/mikks/ros2_ws/build/ZerionURDFV5cp_description:/home/mikks/ros2_ws/install/ZerionURDFV5cp_description/lib/python3.12/site-packages:/home/mikks/crazyflie_mapping_demo/ros2_ws/install/velocity_free_consensus/lib/python3.12/site-packages:/home/mikks/crazyflie_mapping_demo/ros2_ws/install/stepwise_lowpos/lib/python3.12/site-packages:/home/mikks/crazyflie_mapping_demo/ros2_ws/install/step_wise_lowpos/lib/python3.12/site-packages:/home/mikks/crazyflie_mapping_demo/ros2_ws/install/second_order_formation_control/lib/python3.12/site-packages:/home/mikks/crazyflie_mapping_demo/ros2_ws/install/ros_gz_crazyflie_control/lib/python3.12/site-packages:/home/mikks/crazyflie_mapping_demo/ros2_ws/install/mixed_fractional_consensus/lib/python3.12/site-packages:/home/mikks/crazyflie_mapping_demo/ros2_ws/install/lowest_pos/lib/python3.12/site-packages:/home/mikks/crazyflie_mapping_demo/ros2_ws/install/linear_consensus/lib/python3.12/site-packages:/home/mikks/crazyflie_mapping_demo/ros2_ws/install/highest_pos/lib/python3.12/site-packages:/home/mikks/crazyflie_mapping_demo/ros2_ws/install/fractional_consensus_alpha/lib/python3.12/site-packages:/home/mikks/crazyflie_mapping_demo/ros2_ws/install/event_triggered_swarm/lib/python3.12/site-packages:/home/mikks/crazyflie_mapping_demo/ros2_ws/install/drone_logger/lib/python3.12/site-packages:/home/mikks/crazyflie_mapping_demo/ros2_ws/install/distributed_average_tracking/lib/python3.12/site-packages:/home/mikks/crazyflie_mapping_demo/ros2_ws/install/crazyflie_swarm_logic/lib/python3.12/site-packages:/home/mikks/crazyflie_mapping_demo/ros2_ws/install/crazyflie_sim/lib/python3.12/site-packages:/home/mikks/crazyflie_mapping_demo/ros2_ws/install/crazyflie_ros2_multiranger_wall_following/lib/python3.12/site-packages:/home/mikks/crazyflie_mapping_demo/ros2_ws/install/crazyflie_ros2_multiranger_simple_mapper/lib/python3.12/site-packages:/home/mikks/crazyflie_mapping_demo/ros2_ws/install/crazyflie_examples/lib/python3.12/site-packages:/home/mikks/crazyflie_mapping_demo/ros2_ws/install/crazyflie_py/lib/python3.12/site-packages:/home/mikks/crazyflie_mapping_demo/ros2_ws/install/crazyflie_interfaces/lib/python3.12/site-packages:/home/mikks/crazyflie_mapping_demo/ros2_ws/install/cooperative_target_centric_formation/lib/python3.12/site-packages:/home/mikks/crazyflie_mapping_demo/ros2_ws/install/containment_using_agent_information/lib/python3.12/site-packages:/home/mikks/crazyflie_mapping_demo/ros2_ws/install/consensus_for_double_integrator/lib/python3.12/site-packages:/home/mikks/crazyflie_mapping_demo/ros2_ws/install/consensus_alignment/lib/python3.12/site-packages:/home/mikks/crazyflie_mapping_demo/ros2_ws/install/binary_consensus/lib/python3.12/site-packages:/home/mikks/crazyflie_mapping_demo/ros2_ws/install/Second_Order_Min_Consensus_for_Heterogeneous_Agents/lib/python3.12/site-packages:/home/mikks/crazyflie_mapping_demo/ros2_ws/install/BinaryContainmentChain/lib/python3.12/site-packages:/opt/ros/jazzy/lib/python3.12/site-packages /usr/bin/cmake --build /home/mikks/ros2_px4_ws/build/px4_ros2_py -- -j12 -l12
[5.197s] DEBUG:colcon.colcon_core.event_handler.log_command:Invoking command in '/home/mikks/ros2_px4_ws/build/px4_ros2_py': CMAKE_PREFIX_PATH=/home/mikks/ros2_px4_ws/install/px4_ros2_cpp:/home/mikks/ros2_px4_ws/install/px4_msgs:/home/mikks/ros2_px4_ws/install/px4_ros_com:/home/mikks/ros2_px4_ws/install/px4_ros2_py:/home/mikks/ros2_px4_ws/install/example_rover_velocity_mode_cpp:/home/mikks/ros2_px4_ws/install/example_mode_with_executor_cpp:/home/mikks/ros2_px4_ws/install/example_mode_vtol_cpp:/home/mikks/ros2_px4_ws/install/example_mode_rtl_replacement_cpp:/home/mikks/ros2_px4_ws/install/example_mode_mission_cpp:/home/mikks/ros2_px4_ws/install/example_mode_manual_cpp:/home/mikks/ros2_px4_ws/install/example_mode_goto_global_cpp:/home/mikks/ros2_px4_ws/install/example_mode_goto_cpp:/home/mikks/ros2_px4_ws/install/example_mode_fw_attitude_cpp:/home/mikks/ros2_px4_ws/install/example_local_navigation_cpp:/home/mikks/ros2_px4_ws/install/example_global_navigation_cpp:/home/mikks/ros2_px4_ws/install/example_executor_with_multiple_modes_cpp:/home/mikks/crazyflie_mapping_demo/ros2_ws/install/crazyflie_ros2_multiranger_bringup:/home/mikks/crazyflie_mapping_demo/ros2_ws/install/ros_gz_crazyflie_bringup:/home/mikks/crazyflie_mapping_demo/ros2_ws/install/ros_gz_crazyflie_gazebo:/home/mikks/crazyflie_mapping_demo/ros2_ws/install/crazyflie_sim:/home/mikks/crazyflie_mapping_demo/ros2_ws/install/crazyflie_examples:/home/mikks/crazyflie_mapping_demo/ros2_ws/install/crazyflie:/home/mikks/crazyflie_mapping_demo/ros2_ws/install/crazyflie_interfaces:/opt/ros/jazzy/opt/gz_sim_vendor:/opt/ros/jazzy/opt/gz_sensors_vendor:/opt/ros/jazzy/opt/gz_physics_vendor:/opt/ros/jazzy/opt/sdformat_vendor:/opt/ros/jazzy/opt/gz_gui_vendor:/opt/ros/jazzy/opt/gz_transport_vendor:/opt/ros/jazzy/opt/gz_rendering_vendor:/opt/ros/jazzy/opt/gz_plugin_vendor:/opt/ros/jazzy/opt/gz_fuel_tools_vendor:/opt/ros/jazzy/opt/gz_msgs_vendor:/opt/ros/jazzy/opt/gz_common_vendor:/opt/ros/jazzy/opt/gz_math_vendor:/opt/ros/jazzy/opt/gz_utils_vendor:/opt/ros/jazzy/opt/gz_tools_vendor:/opt/ros/jazzy/opt/gz_ogre_next_vendor:/opt/ros/jazzy/opt/gz_dartsim_vendor:/opt/ros/jazzy/opt/gz_cmake_vendor:/home/mikks/ros2_px4_ws/install/x500_hover_controller:/home/mikks/ros2_px4_ws/install/example_mode_with_rclpy_py:/home/mikks/ros2_px4_ws/install/example_mode_goto_py:/home/mikks/ros2_px4_ws/install/px4_actuator_ctrl:/home/mikks/ros2_ws/install/rover_desc_description:/home/mikks/ros2_ws/install/px4_actuator_ctrl:/home/mikks/ros2_ws/install/mine_rover_description:/home/mikks/ros2_ws/install/ZerionURDFV5cp_description:/home/mikks/crazyflie_mapping_demo/ros2_ws/install/velocity_free_consensus:/home/mikks/crazyflie_mapping_demo/ros2_ws/install/stepwise_lowpos:/home/mikks/crazyflie_mapping_demo/ros2_ws/install/step_wise_lowpos:/home/mikks/crazyflie_mapping_demo/ros2_ws/install/second_order_formation_control:/home/mikks/crazyflie_mapping_demo/ros2_ws/install/ros_gz_crazyflie_control:/home/mikks/crazyflie_mapping_demo/ros2_ws/install/mixed_fractional_consensus:/home/mikks/crazyflie_mapping_demo/ros2_ws/install/lowest_pos:/home/mikks/crazyflie_mapping_demo/ros2_ws/install/linear_consensus:/home/mikks/crazyflie_mapping_demo/ros2_ws/install/highest_pos:/home/mikks/crazyflie_mapping_demo/ros2_ws/install/fractional_consensus_alpha:/home/mikks/crazyflie_mapping_demo/ros2_ws/install/event_triggered_swarm:/home/mikks/crazyflie_mapping_demo/ros2_ws/install/drone_logger:/home/mikks/crazyflie_mapping_demo/ros2_ws/install/distributed_average_tracking:/home/mikks/crazyflie_mapping_demo/ros2_ws/install/crazyflie_swarm_logic:/home/mikks/crazyflie_mapping_demo/ros2_ws/install/crazyflie_ros2_multiranger_wall_following:/home/mikks/crazyflie_mapping_demo/ros2_ws/install/crazyflie_ros2_multiranger_simple_mapper:/home/mikks/crazyflie_mapping_demo/ros2_ws/install/crazyflie_py:/home/mikks/crazyflie_mapping_demo/ros2_ws/install/cooperative_target_centric_formation:/home/mikks/crazyflie_mapping_demo/ros2_ws/install/containment_using_agent_information:/home/mikks/crazyflie_mapping_demo/ros2_ws/install/consensus_for_double_integrator:/home/mikks/crazyflie_mapping_demo/ros2_ws/install/consensus_alignment:/home/mikks/crazyflie_mapping_demo/ros2_ws/install/binary_consensus:/home/mikks/crazyflie_mapping_demo/ros2_ws/install/Second_Order_Min_Consensus_for_Heterogeneous_Agents:/home/mikks/crazyflie_mapping_demo/ros2_ws/install/BinaryContainmentChain:/opt/ros/jazzy DEBUGINFOD_URLS=https://debuginfod.ubuntu.com LD_LIBRARY_PATH=/home/mikks/ros2_px4_ws/install/px4_ros2_cpp/lib:/home/mikks/ros2_px4_ws/install/px4_msgs/lib:/home/mikks/ros2_px4_ws/install/px4_ros_com/lib:/home/mikks/NatNet_SDK_4.3_ubuntu/lib:/home/mikks/crazyflie_mapping_demo/ros2_ws/install/crazyflie_interfaces/lib:/opt/ros/jazzy/opt/gz_sim_vendor/lib:/opt/ros/jazzy/opt/gz_sensors_vendor/lib:/opt/ros/jazzy/opt/gz_physics_vendor/lib:/opt/ros/jazzy/opt/sdformat_vendor/lib:/opt/ros/jazzy/opt/rviz_ogre_vendor/lib:/opt/ros/jazzy/lib/x86_64-linux-gnu:/opt/ros/jazzy/opt/gz_gui_vendor/lib:/opt/ros/jazzy/opt/gz_transport_vendor/lib:/opt/ros/jazzy/opt/gz_rendering_vendor/lib:/opt/ros/jazzy/opt/gz_plugin_vendor/lib:/opt/ros/jazzy/opt/gz_fuel_tools_vendor/lib:/opt/ros/jazzy/opt/gz_msgs_vendor/lib:/opt/ros/jazzy/opt/gz_common_vendor/lib:/opt/ros/jazzy/opt/gz_math_vendor/lib:/opt/ros/jazzy/opt/gz_utils_vendor/lib:/opt/ros/jazzy/opt/gz_tools_vendor/lib:/opt/ros/jazzy/opt/gz_ogre_next_vendor/lib:/opt/ros/jazzy/opt/gz_dartsim_vendor/lib:/opt/ros/jazzy/opt/gz_cmake_vendor/lib:/opt/ros/jazzy/lib PYTHONPATH=/home/mikks/ros2_px4_ws/install/px4_msgs/lib/python3.12/site-packages:/home/mikks/ros2_px4_ws/build/x500_hover_controller:/home/mikks/ros2_px4_ws/install/x500_hover_controller/lib/python3.12/site-packages:/home/mikks/ros2_px4_ws/install/px4_ros_com/lib/python3.12/site-packages:/home/mikks/ros2_px4_ws/build/example_mode_with_rclpy_py:/home/mikks/ros2_px4_ws/install/example_mode_with_rclpy_py/lib/python3.12/site-packages:/home/mikks/ros2_px4_ws/build/example_mode_goto_py:/home/mikks/ros2_px4_ws/install/example_mode_goto_py/lib/python3.12/site-packages:/home/mikks/ros2_px4_ws/install/px4_ros2_py/lib/python3.12/site-packages:/home/mikks/ros2_px4_ws/build/px4_actuator_ctrl:/home/mikks/ros2_px4_ws/install/px4_actuator_ctrl/lib/python3.12/site-packages:/home/mikks/ros2_ws/build/rover_desc_description:/home/mikks/ros2_ws/install/rover_desc_description/lib/python3.12/site-packages:/home/mikks/ros2_ws/install/px4_actuator_ctrl/lib/python3.12/site-packages:/home/mikks/ros2_ws/build/mine_rover_description:/home/mikks/ros2_ws/install/mine_rover_description/lib/python3.12/site-packages:/home/mikks/ros2_ws/build/ZerionURDFV5cp_description:/home/mikks/ros2_ws/install/ZerionURDFV5cp_description/lib/python3.12/site-packages:/home/mikks/crazyflie_mapping_demo/ros2_ws/install/velocity_free_consensus/lib/python3.12/site-packages:/home/mikks/crazyflie_mapping_demo/ros2_ws/install/stepwise_lowpos/lib/python3.12/site-packages:/home/mikks/crazyflie_mapping_demo/ros2_ws/install/step_wise_lowpos/lib/python3.12/site-packages:/home/mikks/crazyflie_mapping_demo/ros2_ws/install/second_order_formation_control/lib/python3.12/site-packages:/home/mikks/crazyflie_mapping_demo/ros2_ws/install/ros_gz_crazyflie_control/lib/python3.12/site-packages:/home/mikks/crazyflie_mapping_demo/ros2_ws/install/mixed_fractional_consensus/lib/python3.12/site-packages:/home/mikks/crazyflie_mapping_demo/ros2_ws/install/lowest_pos/lib/python3.12/site-packages:/home/mikks/crazyflie_mapping_demo/ros2_ws/install/linear_consensus/lib/python3.12/site-packages:/home/mikks/crazyflie_mapping_demo/ros2_ws/install/highest_pos/lib/python3.12/site-packages:/home/mikks/crazyflie_mapping_demo/ros2_ws/install/fractional_consensus_alpha/lib/python3.12/site-packages:/home/mikks/crazyflie_mapping_demo/ros2_ws/install/event_triggered_swarm/lib/python3.12/site-packages:/home/mikks/crazyflie_mapping_demo/ros2_ws/install/drone_logger/lib/python3.12/site-packages:/home/mikks/crazyflie_mapping_demo/ros2_ws/install/distributed_average_tracking/lib/python3.12/site-packages:/home/mikks/crazyflie_mapping_demo/ros2_ws/install/crazyflie_swarm_logic/lib/python3.12/site-packages:/home/mikks/crazyflie_mapping_demo/ros2_ws/install/crazyflie_sim/lib/python3.12/site-packages:/home/mikks/crazyflie_mapping_demo/ros2_ws/install/crazyflie_ros2_multiranger_wall_following/lib/python3.12/site-packages:/home/mikks/crazyflie_mapping_demo/ros2_ws/install/crazyflie_ros2_multiranger_simple_mapper/lib/python3.12/site-packages:/home/mikks/crazyflie_mapping_demo/ros2_ws/install/crazyflie_examples/lib/python3.12/site-packages:/home/mikks/crazyflie_mapping_demo/ros2_ws/install/crazyflie_py/lib/python3.12/site-packages:/home/mikks/crazyflie_mapping_demo/ros2_ws/install/crazyflie_interfaces/lib/python3.12/site-packages:/home/mikks/crazyflie_mapping_demo/ros2_ws/install/cooperative_target_centric_formation/lib/python3.12/site-packages:/home/mikks/crazyflie_mapping_demo/ros2_ws/install/containment_using_agent_information/lib/python3.12/site-packages:/home/mikks/crazyflie_mapping_demo/ros2_ws/install/consensus_for_double_integrator/lib/python3.12/site-packages:/home/mikks/crazyflie_mapping_demo/ros2_ws/install/consensus_alignment/lib/python3.12/site-packages:/home/mikks/crazyflie_mapping_demo/ros2_ws/install/binary_consensus/lib/python3.12/site-packages:/home/mikks/crazyflie_mapping_demo/ros2_ws/install/Second_Order_Min_Consensus_for_Heterogeneous_Agents/lib/python3.12/site-packages:/home/mikks/crazyflie_mapping_demo/ros2_ws/install/BinaryContainmentChain/lib/python3.12/site-packages:/opt/ros/jazzy/lib/python3.12/site-packages /usr/bin/cmake --install /home/mikks/ros2_px4_ws/build/px4_ros2_py
[5.273s] Level 1:colcon.colcon_core.environment:create_environment_scripts_only(px4_ros2_py)
[5.273s] Level 1:colcon.colcon_core.environment:checking '/home/mikks/ros2_px4_ws/install/px4_ros2_py' for CMake module files
[5.274s] DEBUG:colcon.colcon_core.event_handler.log_command:Invoked command in '/home/mikks/ros2_px4_ws/build/px4_ros2_py' returned '0': CMAKE_PREFIX_PATH=/home/mikks/ros2_px4_ws/install/px4_ros2_cpp:/home/mikks/ros2_px4_ws/install/px4_msgs:/home/mikks/ros2_px4_ws/install/px4_ros_com:/home/mikks/ros2_px4_ws/install/px4_ros2_py:/home/mikks/ros2_px4_ws/install/example_rover_velocity_mode_cpp:/home/mikks/ros2_px4_ws/install/example_mode_with_executor_cpp:/home/mikks/ros2_px4_ws/install/example_mode_vtol_cpp:/home/mikks/ros2_px4_ws/install/example_mode_rtl_replacement_cpp:/home/mikks/ros2_px4_ws/install/example_mode_mission_cpp:/home/mikks/ros2_px4_ws/install/example_mode_manual_cpp:/home/mikks/ros2_px4_ws/install/example_mode_goto_global_cpp:/home/mikks/ros2_px4_ws/install/example_mode_goto_cpp:/home/mikks/ros2_px4_ws/install/example_mode_fw_attitude_cpp:/home/mikks/ros2_px4_ws/install/example_local_navigation_cpp:/home/mikks/ros2_px4_ws/install/example_global_navigation_cpp:/home/mikks/ros2_px4_ws/install/example_executor_with_multiple_modes_cpp:/home/mikks/crazyflie_mapping_demo/ros2_ws/install/crazyflie_ros2_multiranger_bringup:/home/mikks/crazyflie_mapping_demo/ros2_ws/install/ros_gz_crazyflie_bringup:/home/mikks/crazyflie_mapping_demo/ros2_ws/install/ros_gz_crazyflie_gazebo:/home/mikks/crazyflie_mapping_demo/ros2_ws/install/crazyflie_sim:/home/mikks/crazyflie_mapping_demo/ros2_ws/install/crazyflie_examples:/home/mikks/crazyflie_mapping_demo/ros2_ws/install/crazyflie:/home/mikks/crazyflie_mapping_demo/ros2_ws/install/crazyflie_interfaces:/opt/ros/jazzy/opt/gz_sim_vendor:/opt/ros/jazzy/opt/gz_sensors_vendor:/opt/ros/jazzy/opt/gz_physics_vendor:/opt/ros/jazzy/opt/sdformat_vendor:/opt/ros/jazzy/opt/gz_gui_vendor:/opt/ros/jazzy/opt/gz_transport_vendor:/opt/ros/jazzy/opt/gz_rendering_vendor:/opt/ros/jazzy/opt/gz_plugin_vendor:/opt/ros/jazzy/opt/gz_fuel_tools_vendor:/opt/ros/jazzy/opt/gz_msgs_vendor:/opt/ros/jazzy/opt/gz_common_vendor:/opt/ros/jazzy/opt/gz_math_vendor:/opt/ros/jazzy/opt/gz_utils_vendor:/opt/ros/jazzy/opt/gz_tools_vendor:/opt/ros/jazzy/opt/gz_ogre_next_vendor:/opt/ros/jazzy/opt/gz_dartsim_vendor:/opt/ros/jazzy/opt/gz_cmake_vendor:/home/mikks/ros2_px4_ws/install/x500_hover_controller:/home/mikks/ros2_px4_ws/install/example_mode_with_rclpy_py:/home/mikks/ros2_px4_ws/install/example_mode_goto_py:/home/mikks/ros2_px4_ws/install/px4_actuator_ctrl:/home/mikks/ros2_ws/install/rover_desc_description:/home/mikks/ros2_ws/install/px4_actuator_ctrl:/home/mikks/ros2_ws/install/mine_rover_description:/home/mikks/ros2_ws/install/ZerionURDFV5cp_description:/home/mikks/crazyflie_mapping_demo/ros2_ws/install/velocity_free_consensus:/home/mikks/crazyflie_mapping_demo/ros2_ws/install/stepwise_lowpos:/home/mikks/crazyflie_mapping_demo/ros2_ws/install/step_wise_lowpos:/home/mikks/crazyflie_mapping_demo/ros2_ws/install/second_order_formation_control:/home/mikks/crazyflie_mapping_demo/ros2_ws/install/ros_gz_crazyflie_control:/home/mikks/crazyflie_mapping_demo/ros2_ws/install/mixed_fractional_consensus:/home/mikks/crazyflie_mapping_demo/ros2_ws/install/lowest_pos:/home/mikks/crazyflie_mapping_demo/ros2_ws/install/linear_consensus:/home/mikks/crazyflie_mapping_demo/ros2_ws/install/highest_pos:/home/mikks/crazyflie_mapping_demo/ros2_ws/install/fractional_consensus_alpha:/home/mikks/crazyflie_mapping_demo/ros2_ws/install/event_triggered_swarm:/home/mikks/crazyflie_mapping_demo/ros2_ws/install/drone_logger:/home/mikks/crazyflie_mapping_demo/ros2_ws/install/distributed_average_tracking:/home/mikks/crazyflie_mapping_demo/ros2_ws/install/crazyflie_swarm_logic:/home/mikks/crazyflie_mapping_demo/ros2_ws/install/crazyflie_ros2_multiranger_wall_following:/home/mikks/crazyflie_mapping_demo/ros2_ws/install/crazyflie_ros2_multiranger_simple_mapper:/home/mikks/crazyflie_mapping_demo/ros2_ws/install/crazyflie_py:/home/mikks/crazyflie_mapping_demo/ros2_ws/install/cooperative_target_centric_formation:/home/mikks/crazyflie_mapping_demo/ros2_ws/install/containment_using_agent_information:/home/mikks/crazyflie_mapping_demo/ros2_ws/install/consensus_for_double_integrator:/home/mikks/crazyflie_mapping_demo/ros2_ws/install/consensus_alignment:/home/mikks/crazyflie_mapping_demo/ros2_ws/install/binary_consensus:/home/mikks/crazyflie_mapping_demo/ros2_ws/install/Second_Order_Min_Consensus_for_Heterogeneous_Agents:/home/mikks/crazyflie_mapping_demo/ros2_ws/install/BinaryContainmentChain:/opt/ros/jazzy DEBUGINFOD_URLS=https://debuginfod.ubuntu.com LD_LIBRARY_PATH=/home/mikks/ros2_px4_ws/install/px4_ros2_cpp/lib:/home/mikks/ros2_px4_ws/install/px4_msgs/lib:/home/mikks/ros2_px4_ws/install/px4_ros_com/lib:/home/mikks/NatNet_SDK_4.3_ubuntu/lib:/home/mikks/crazyflie_mapping_demo/ros2_ws/install/crazyflie_interfaces/lib:/opt/ros/jazzy/opt/gz_sim_vendor/lib:/opt/ros/jazzy/opt/gz_sensors_vendor/lib:/opt/ros/jazzy/opt/gz_physics_vendor/lib:/opt/ros/jazzy/opt/sdformat_vendor/lib:/opt/ros/jazzy/opt/rviz_ogre_vendor/lib:/opt/ros/jazzy/lib/x86_64-linux-gnu:/opt/ros/jazzy/opt/gz_gui_vendor/lib:/opt/ros/jazzy/opt/gz_transport_vendor/lib:/opt/ros/jazzy/opt/gz_rendering_vendor/lib:/opt/ros/jazzy/opt/gz_plugin_vendor/lib:/opt/ros/jazzy/opt/gz_fuel_tools_vendor/lib:/opt/ros/jazzy/opt/gz_msgs_vendor/lib:/opt/ros/jazzy/opt/gz_common_vendor/lib:/opt/ros/jazzy/opt/gz_math_vendor/lib:/opt/ros/jazzy/opt/gz_utils_vendor/lib:/opt/ros/jazzy/opt/gz_tools_vendor/lib:/opt/ros/jazzy/opt/gz_ogre_next_vendor/lib:/opt/ros/jazzy/opt/gz_dartsim_vendor/lib:/opt/ros/jazzy/opt/gz_cmake_vendor/lib:/opt/ros/jazzy/lib PYTHONPATH=/home/mikks/ros2_px4_ws/install/px4_msgs/lib/python3.12/site-packages:/home/mikks/ros2_px4_ws/build/x500_hover_controller:/home/mikks/ros2_px4_ws/install/x500_hover_controller/lib/python3.12/site-packages:/home/mikks/ros2_px4_ws/install/px4_ros_com/lib/python3.12/site-packages:/home/mikks/ros2_px4_ws/build/example_mode_with_rclpy_py:/home/mikks/ros2_px4_ws/install/example_mode_with_rclpy_py/lib/python3.12/site-packages:/home/mikks/ros2_px4_ws/build/example_mode_goto_py:/home/mikks/ros2_px4_ws/install/example_mode_goto_py/lib/python3.12/site-packages:/home/mikks/ros2_px4_ws/install/px4_ros2_py/lib/python3.12/site-packages:/home/mikks/ros2_px4_ws/build/px4_actuator_ctrl:/home/mikks/ros2_px4_ws/install/px4_actuator_ctrl/lib/python3.12/site-packages:/home/mikks/ros2_ws/build/rover_desc_description:/home/mikks/ros2_ws/install/rover_desc_description/lib/python3.12/site-packages:/home/mikks/ros2_ws/install/px4_actuator_ctrl/lib/python3.12/site-packages:/home/mikks/ros2_ws/build/mine_rover_description:/home/mikks/ros2_ws/install/mine_rover_description/lib/python3.12/site-packages:/home/mikks/ros2_ws/build/ZerionURDFV5cp_description:/home/mikks/ros2_ws/install/ZerionURDFV5cp_description/lib/python3.12/site-packages:/home/mikks/crazyflie_mapping_demo/ros2_ws/install/velocity_free_consensus/lib/python3.12/site-packages:/home/mikks/crazyflie_mapping_demo/ros2_ws/install/stepwise_lowpos/lib/python3.12/site-packages:/home/mikks/crazyflie_mapping_demo/ros2_ws/install/step_wise_lowpos/lib/python3.12/site-packages:/home/mikks/crazyflie_mapping_demo/ros2_ws/install/second_order_formation_control/lib/python3.12/site-packages:/home/mikks/crazyflie_mapping_demo/ros2_ws/install/ros_gz_crazyflie_control/lib/python3.12/site-packages:/home/mikks/crazyflie_mapping_demo/ros2_ws/install/mixed_fractional_consensus/lib/python3.12/site-packages:/home/mikks/crazyflie_mapping_demo/ros2_ws/install/lowest_pos/lib/python3.12/site-packages:/home/mikks/crazyflie_mapping_demo/ros2_ws/install/linear_consensus/lib/python3.12/site-packages:/home/mikks/crazyflie_mapping_demo/ros2_ws/install/highest_pos/lib/python3.12/site-packages:/home/mikks/crazyflie_mapping_demo/ros2_ws/install/fractional_consensus_alpha/lib/python3.12/site-packages:/home/mikks/crazyflie_mapping_demo/ros2_ws/install/event_triggered_swarm/lib/python3.12/site-packages:/home/mikks/crazyflie_mapping_demo/ros2_ws/install/drone_logger/lib/python3.12/site-packages:/home/mikks/crazyflie_mapping_demo/ros2_ws/install/distributed_average_tracking/lib/python3.12/site-packages:/home/mikks/crazyflie_mapping_demo/ros2_ws/install/crazyflie_swarm_logic/lib/python3.12/site-packages:/home/mikks/crazyflie_mapping_demo/ros2_ws/install/crazyflie_sim/lib/python3.12/site-packages:/home/mikks/crazyflie_mapping_demo/ros2_ws/install/crazyflie_ros2_multiranger_wall_following/lib/python3.12/site-packages:/home/mikks/crazyflie_mapping_demo/ros2_ws/install/crazyflie_ros2_multiranger_simple_mapper/lib/python3.12/site-packages:/home/mikks/crazyflie_mapping_demo/ros2_ws/install/crazyflie_examples/lib/python3.12/site-packages:/home/mikks/crazyflie_mapping_demo/ros2_ws/install/crazyflie_py/lib/python3.12/site-packages:/home/mikks/crazyflie_mapping_demo/ros2_ws/install/crazyflie_interfaces/lib/python3.12/site-packages:/home/mikks/crazyflie_mapping_demo/ros2_ws/install/cooperative_target_centric_formation/lib/python3.12/site-packages:/home/mikks/crazyflie_mapping_demo/ros2_ws/install/containment_using_agent_information/lib/python3.12/site-packages:/home/mikks/crazyflie_mapping_demo/ros2_ws/install/consensus_for_double_integrator/lib/python3.12/site-packages:/home/mikks/crazyflie_mapping_demo/ros2_ws/install/consensus_alignment/lib/python3.12/site-packages:/home/mikks/crazyflie_mapping_demo/ros2_ws/install/binary_consensus/lib/python3.12/site-packages:/home/mikks/crazyflie_mapping_demo/ros2_ws/install/Second_Order_Min_Consensus_for_Heterogeneous_Agents/lib/python3.12/site-packages:/home/mikks/crazyflie_mapping_demo/ros2_ws/install/BinaryContainmentChain/lib/python3.12/site-packages:/opt/ros/jazzy/lib/python3.12/site-packages /usr/bin/cmake --install /home/mikks/ros2_px4_ws/build/px4_ros2_py
[5.274s] Level 1:colcon.colcon_core.environment:checking '/home/mikks/ros2_px4_ws/install/px4_ros2_py' for CMake config files
[5.274s] Level 1:colcon.colcon_core.shell:create_environment_hook('px4_ros2_py', 'cmake_prefix_path')
[5.275s] INFO:colcon.colcon_core.shell:Creating environment hook '/home/mikks/ros2_px4_ws/install/px4_ros2_py/share/px4_ros2_py/hook/cmake_prefix_path.ps1'
[5.275s] INFO:colcon.colcon_core.shell:Creating environment descriptor '/home/mikks/ros2_px4_ws/install/px4_ros2_py/share/px4_ros2_py/hook/cmake_prefix_path.dsv'
[5.276s] INFO:colcon.colcon_core.shell:Creating environment hook '/home/mikks/ros2_px4_ws/install/px4_ros2_py/share/px4_ros2_py/hook/cmake_prefix_path.sh'
[5.276s] Level 1:colcon.colcon_core.environment:checking '/home/mikks/ros2_px4_ws/install/px4_ros2_py/lib'
[5.276s] Level 1:colcon.colcon_core.environment:checking '/home/mikks/ros2_px4_ws/install/px4_ros2_py/bin'
[5.277s] Level 1:colcon.colcon_core.environment:checking '/home/mikks/ros2_px4_ws/install/px4_ros2_py/lib/pkgconfig/px4_ros2_py.pc'
[5.277s] Level 1:colcon.colcon_core.environment:checking '/home/mikks/ros2_px4_ws/install/px4_ros2_py/lib/python3.12/site-packages'
[5.277s] Level 1:colcon.colcon_core.shell:create_environment_hook('px4_ros2_py', 'pythonpath')
[5.277s] INFO:colcon.colcon_core.shell:Creating environment hook '/home/mikks/ros2_px4_ws/install/px4_ros2_py/share/px4_ros2_py/hook/pythonpath.ps1'
[5.278s] INFO:colcon.colcon_core.shell:Creating environment descriptor '/home/mikks/ros2_px4_ws/install/px4_ros2_py/share/px4_ros2_py/hook/pythonpath.dsv'
[5.278s] INFO:colcon.colcon_core.shell:Creating environment hook '/home/mikks/ros2_px4_ws/install/px4_ros2_py/share/px4_ros2_py/hook/pythonpath.sh'
[5.279s] Level 1:colcon.colcon_core.environment:checking '/home/mikks/ros2_px4_ws/install/px4_ros2_py/bin'
[5.279s] INFO:colcon.colcon_core.shell:Creating package script '/home/mikks/ros2_px4_ws/install/px4_ros2_py/share/px4_ros2_py/package.ps1'
[5.280s] INFO:colcon.colcon_core.shell:Creating package descriptor '/home/mikks/ros2_px4_ws/install/px4_ros2_py/share/px4_ros2_py/package.dsv'
[5.280s] INFO:colcon.colcon_core.shell:Creating package script '/home/mikks/ros2_px4_ws/install/px4_ros2_py/share/px4_ros2_py/package.sh'
[5.281s] INFO:colcon.colcon_core.shell:Creating package script '/home/mikks/ros2_px4_ws/install/px4_ros2_py/share/px4_ros2_py/package.bash'
[5.281s] INFO:colcon.colcon_core.shell:Creating package script '/home/mikks/ros2_px4_ws/install/px4_ros2_py/share/px4_ros2_py/package.zsh'
[5.282s] Level 1:colcon.colcon_core.environment:create_file_with_runtime_dependencies(/home/mikks/ros2_px4_ws/install/px4_ros2_py/share/colcon-core/packages/px4_ros2_py)
[5.283s] Level 1:colcon.colcon_core.environment:create_environment_scripts_only(px4_ros2_py)
[5.283s] Level 1:colcon.colcon_core.environment:checking '/home/mikks/ros2_px4_ws/install/px4_ros2_py' for CMake module files
[5.284s] Level 1:colcon.colcon_core.environment:checking '/home/mikks/ros2_px4_ws/install/px4_ros2_py' for CMake config files
[5.284s] Level 1:colcon.colcon_core.shell:create_environment_hook('px4_ros2_py', 'cmake_prefix_path')
[5.284s] INFO:colcon.colcon_core.shell:Creating environment hook '/home/mikks/ros2_px4_ws/install/px4_ros2_py/share/px4_ros2_py/hook/cmake_prefix_path.ps1'
[5.285s] INFO:colcon.colcon_core.shell:Creating environment descriptor '/home/mikks/ros2_px4_ws/install/px4_ros2_py/share/px4_ros2_py/hook/cmake_prefix_path.dsv'
[5.285s] INFO:colcon.colcon_core.shell:Creating environment hook '/home/mikks/ros2_px4_ws/install/px4_ros2_py/share/px4_ros2_py/hook/cmake_prefix_path.sh'
[5.286s] Level 1:colcon.colcon_core.environment:checking '/home/mikks/ros2_px4_ws/install/px4_ros2_py/lib'
[5.286s] Level 1:colcon.colcon_core.environment:checking '/home/mikks/ros2_px4_ws/install/px4_ros2_py/bin'
[5.286s] Level 1:colcon.colcon_core.environment:checking '/home/mikks/ros2_px4_ws/install/px4_ros2_py/lib/pkgconfig/px4_ros2_py.pc'
[5.286s] Level 1:colcon.colcon_core.environment:checking '/home/mikks/ros2_px4_ws/install/px4_ros2_py/lib/python3.12/site-packages'
[5.287s] Level 1:colcon.colcon_core.shell:create_environment_hook('px4_ros2_py', 'pythonpath')
[5.287s] INFO:colcon.colcon_core.shell:Creating environment hook '/home/mikks/ros2_px4_ws/install/px4_ros2_py/share/px4_ros2_py/hook/pythonpath.ps1'
[5.287s] INFO:colcon.colcon_core.shell:Creating environment descriptor '/home/mikks/ros2_px4_ws/install/px4_ros2_py/share/px4_ros2_py/hook/pythonpath.dsv'
[5.288s] INFO:colcon.colcon_core.shell:Creating environment hook '/home/mikks/ros2_px4_ws/install/px4_ros2_py/share/px4_ros2_py/hook/pythonpath.sh'
[5.288s] Level 1:colcon.colcon_core.environment:checking '/home/mikks/ros2_px4_ws/install/px4_ros2_py/bin'
[5.289s] INFO:colcon.colcon_core.shell:Creating package script '/home/mikks/ros2_px4_ws/install/px4_ros2_py/share/px4_ros2_py/package.ps1'
[5.289s] INFO:colcon.colcon_core.shell:Creating package descriptor '/home/mikks/ros2_px4_ws/install/px4_ros2_py/share/px4_ros2_py/package.dsv'
[5.290s] INFO:colcon.colcon_core.shell:Creating package script '/home/mikks/ros2_px4_ws/install/px4_ros2_py/share/px4_ros2_py/package.sh'
[5.291s] INFO:colcon.colcon_core.shell:Creating package script '/home/mikks/ros2_px4_ws/install/px4_ros2_py/share/px4_ros2_py/package.bash'
[5.291s] INFO:colcon.colcon_core.shell:Creating package script '/home/mikks/ros2_px4_ws/install/px4_ros2_py/share/px4_ros2_py/package.zsh'
[5.292s] Level 1:colcon.colcon_core.environment:create_file_with_runtime_dependencies(/home/mikks/ros2_px4_ws/install/px4_ros2_py/share/colcon-core/packages/px4_ros2_py)
[5.292s] INFO:colcon.colcon_ros.task.ament_python.build:Building ROS package in '/home/mikks/ros2_px4_ws/src/px4-ros2-interface-lib/examples/python/modes/goto' with build type 'ament_python'
[5.292s] Level 1:colcon.colcon_core.shell:create_environment_hook('example_mode_goto_py', 'ament_prefix_path')
[5.293s] INFO:colcon.colcon_core.shell:Creating environment hook '/home/mikks/ros2_px4_ws/install/example_mode_goto_py/share/example_mode_goto_py/hook/ament_prefix_path.ps1'
[5.293s] INFO:colcon.colcon_core.shell:Creating environment descriptor '/home/mikks/ros2_px4_ws/install/example_mode_goto_py/share/example_mode_goto_py/hook/ament_prefix_path.dsv'
[5.294s] INFO:colcon.colcon_core.shell:Creating environment hook '/home/mikks/ros2_px4_ws/install/example_mode_goto_py/share/example_mode_goto_py/hook/ament_prefix_path.sh'
[5.295s] INFO:colcon.colcon_core.shell:Skip shell extension 'powershell' for command environment: Not usable outside of PowerShell
[5.295s] DEBUG:colcon.colcon_core.shell:Skip shell extension 'dsv' for command environment
[5.306s] INFO:colcon.colcon_ros.task.ament_python.build:Building ROS package in '/home/mikks/ros2_px4_ws/src/px4-ros2-interface-lib/examples/python/modes/goto_with_rclpy' with build type 'ament_python'
[5.306s] Level 1:colcon.colcon_core.shell:create_environment_hook('example_mode_with_rclpy_py', 'ament_prefix_path')
[5.306s] INFO:colcon.colcon_core.shell:Creating environment hook '/home/mikks/ros2_px4_ws/install/example_mode_with_rclpy_py/share/example_mode_with_rclpy_py/hook/ament_prefix_path.ps1'
[5.307s] INFO:colcon.colcon_core.shell:Creating environment descriptor '/home/mikks/ros2_px4_ws/install/example_mode_with_rclpy_py/share/example_mode_with_rclpy_py/hook/ament_prefix_path.dsv'
[5.307s] INFO:colcon.colcon_core.shell:Creating environment hook '/home/mikks/ros2_px4_ws/install/example_mode_with_rclpy_py/share/example_mode_with_rclpy_py/hook/ament_prefix_path.sh'
[5.308s] INFO:colcon.colcon_core.shell:Skip shell extension 'powershell' for command environment: Not usable outside of PowerShell
[5.308s] DEBUG:colcon.colcon_core.shell:Skip shell extension 'dsv' for command environment
[5.602s] INFO:colcon.colcon_core.task.python.build:Building Python package in '/home/mikks/ros2_px4_ws/src/px4-ros2-interface-lib/examples/python/modes/goto'
[5.602s] INFO:colcon.colcon_core.shell:Skip shell extension 'powershell' for command environment: Not usable outside of PowerShell
[5.602s] DEBUG:colcon.colcon_core.shell:Skip shell extension 'dsv' for command environment
[5.611s] DEBUG:colcon.colcon_core.event_handler.log_command:Invoking command in '/home/mikks/ros2_px4_ws/build/px4_actuator_ctrl': CMAKE_PREFIX_PATH=/home/mikks/ros2_px4_ws/install/px4_msgs:/home/mikks/ros2_px4_ws/install/px4_ros_com:/home/mikks/ros2_px4_ws/install/px4_ros2_py:/home/mikks/ros2_px4_ws/install/example_rover_velocity_mode_cpp:/home/mikks/ros2_px4_ws/install/example_mode_with_executor_cpp:/home/mikks/ros2_px4_ws/install/example_mode_vtol_cpp:/home/mikks/ros2_px4_ws/install/example_mode_rtl_replacement_cpp:/home/mikks/ros2_px4_ws/install/example_mode_mission_cpp:/home/mikks/ros2_px4_ws/install/example_mode_manual_cpp:/home/mikks/ros2_px4_ws/install/example_mode_goto_global_cpp:/home/mikks/ros2_px4_ws/install/example_mode_goto_cpp:/home/mikks/ros2_px4_ws/install/example_mode_fw_attitude_cpp:/home/mikks/ros2_px4_ws/install/example_local_navigation_cpp:/home/mikks/ros2_px4_ws/install/example_global_navigation_cpp:/home/mikks/ros2_px4_ws/install/example_executor_with_multiple_modes_cpp:/home/mikks/ros2_px4_ws/install/px4_ros2_cpp:/home/mikks/crazyflie_mapping_demo/ros2_ws/install/crazyflie_ros2_multiranger_bringup:/home/mikks/crazyflie_mapping_demo/ros2_ws/install/ros_gz_crazyflie_bringup:/home/mikks/crazyflie_mapping_demo/ros2_ws/install/ros_gz_crazyflie_gazebo:/home/mikks/crazyflie_mapping_demo/ros2_ws/install/crazyflie_sim:/home/mikks/crazyflie_mapping_demo/ros2_ws/install/crazyflie_examples:/home/mikks/crazyflie_mapping_demo/ros2_ws/install/crazyflie:/home/mikks/crazyflie_mapping_demo/ros2_ws/install/crazyflie_interfaces:/opt/ros/jazzy/opt/gz_sim_vendor:/opt/ros/jazzy/opt/gz_sensors_vendor:/opt/ros/jazzy/opt/gz_physics_vendor:/opt/ros/jazzy/opt/sdformat_vendor:/opt/ros/jazzy/opt/gz_gui_vendor:/opt/ros/jazzy/opt/gz_transport_vendor:/opt/ros/jazzy/opt/gz_rendering_vendor:/opt/ros/jazzy/opt/gz_plugin_vendor:/opt/ros/jazzy/opt/gz_fuel_tools_vendor:/opt/ros/jazzy/opt/gz_msgs_vendor:/opt/ros/jazzy/opt/gz_common_vendor:/opt/ros/jazzy/opt/gz_math_vendor:/opt/ros/jazzy/opt/gz_utils_vendor:/opt/ros/jazzy/opt/gz_tools_vendor:/opt/ros/jazzy/opt/gz_ogre_next_vendor:/opt/ros/jazzy/opt/gz_dartsim_vendor:/opt/ros/jazzy/opt/gz_cmake_vendor DEBUGINFOD_URLS=https://debuginfod.ubuntu.com LD_LIBRARY_PATH=/home/mikks/ros2_px4_ws/install/px4_msgs/lib:/home/mikks/ros2_px4_ws/install/px4_ros_com/lib:/home/mikks/ros2_px4_ws/install/px4_ros2_cpp/lib:/home/mikks/NatNet_SDK_4.3_ubuntu/lib:/home/mikks/crazyflie_mapping_demo/ros2_ws/install/crazyflie_interfaces/lib:/opt/ros/jazzy/opt/gz_sim_vendor/lib:/opt/ros/jazzy/opt/gz_sensors_vendor/lib:/opt/ros/jazzy/opt/gz_physics_vendor/lib:/opt/ros/jazzy/opt/sdformat_vendor/lib:/opt/ros/jazzy/opt/rviz_ogre_vendor/lib:/opt/ros/jazzy/lib/x86_64-linux-gnu:/opt/ros/jazzy/opt/gz_gui_vendor/lib:/opt/ros/jazzy/opt/gz_transport_vendor/lib:/opt/ros/jazzy/opt/gz_rendering_vendor/lib:/opt/ros/jazzy/opt/gz_plugin_vendor/lib:/opt/ros/jazzy/opt/gz_fuel_tools_vendor/lib:/opt/ros/jazzy/opt/gz_msgs_vendor/lib:/opt/ros/jazzy/opt/gz_common_vendor/lib:/opt/ros/jazzy/opt/gz_math_vendor/lib:/opt/ros/jazzy/opt/gz_utils_vendor/lib:/opt/ros/jazzy/opt/gz_tools_vendor/lib:/opt/ros/jazzy/opt/gz_ogre_next_vendor/lib:/opt/ros/jazzy/opt/gz_dartsim_vendor/lib:/opt/ros/jazzy/opt/gz_cmake_vendor/lib:/opt/ros/jazzy/lib PYTHONPATH=/home/mikks/ros2_px4_ws/build/px4_actuator_ctrl/prefix_override:/usr/lib/python3/dist-packages/colcon_core/task/python/colcon_distutils_commands:/home/mikks/ros2_px4_ws/install/px4_actuator_ctrl/lib/python3.12/site-packages:/home/mikks/ros2_px4_ws/install/px4_msgs/lib/python3.12/site-packages:/home/mikks/ros2_px4_ws/build/x500_hover_controller:/home/mikks/ros2_px4_ws/install/x500_hover_controller/lib/python3.12/site-packages:/home/mikks/ros2_px4_ws/install/px4_ros_com/lib/python3.12/site-packages:/home/mikks/ros2_px4_ws/build/example_mode_with_rclpy_py:/home/mikks/ros2_px4_ws/install/example_mode_with_rclpy_py/lib/python3.12/site-packages:/home/mikks/ros2_px4_ws/build/example_mode_goto_py:/home/mikks/ros2_px4_ws/install/example_mode_goto_py/lib/python3.12/site-packages:/home/mikks/ros2_px4_ws/install/px4_ros2_py/lib/python3.12/site-packages:/home/mikks/ros2_px4_ws/build/px4_actuator_ctrl:/home/mikks/ros2_px4_ws/install/px4_actuator_ctrl/lib/python3.12/site-packages:/home/mikks/ros2_ws/build/rover_desc_description:/home/mikks/ros2_ws/install/rover_desc_description/lib/python3.12/site-packages:/home/mikks/ros2_ws/install/px4_actuator_ctrl/lib/python3.12/site-packages:/home/mikks/ros2_ws/build/mine_rover_description:/home/mikks/ros2_ws/install/mine_rover_description/lib/python3.12/site-packages:/home/mikks/ros2_ws/build/ZerionURDFV5cp_description:/home/mikks/ros2_ws/install/ZerionURDFV5cp_description/lib/python3.12/site-packages:/home/mikks/crazyflie_mapping_demo/ros2_ws/install/velocity_free_consensus/lib/python3.12/site-packages:/home/mikks/crazyflie_mapping_demo/ros2_ws/install/stepwise_lowpos/lib/python3.12/site-packages:/home/mikks/crazyflie_mapping_demo/ros2_ws/install/step_wise_lowpos/lib/python3.12/site-packages:/home/mikks/crazyflie_mapping_demo/ros2_ws/install/second_order_formation_control/lib/python3.12/site-packages:/home/mikks/crazyflie_mapping_demo/ros2_ws/install/ros_gz_crazyflie_control/lib/python3.12/site-packages:/home/mikks/crazyflie_mapping_demo/ros2_ws/install/mixed_fractional_consensus/lib/python3.12/site-packages:/home/mikks/crazyflie_mapping_demo/ros2_ws/install/lowest_pos/lib/python3.12/site-packages:/home/mikks/crazyflie_mapping_demo/ros2_ws/install/linear_consensus/lib/python3.12/site-packages:/home/mikks/crazyflie_mapping_demo/ros2_ws/install/highest_pos/lib/python3.12/site-packages:/home/mikks/crazyflie_mapping_demo/ros2_ws/install/fractional_consensus_alpha/lib/python3.12/site-packages:/home/mikks/crazyflie_mapping_demo/ros2_ws/install/event_triggered_swarm/lib/python3.12/site-packages:/home/mikks/crazyflie_mapping_demo/ros2_ws/install/drone_logger/lib/python3.12/site-packages:/home/mikks/crazyflie_mapping_demo/ros2_ws/install/distributed_average_tracking/lib/python3.12/site-packages:/home/mikks/crazyflie_mapping_demo/ros2_ws/install/crazyflie_swarm_logic/lib/python3.12/site-packages:/home/mikks/crazyflie_mapping_demo/ros2_ws/install/crazyflie_sim/lib/python3.12/site-packages:/home/mikks/crazyflie_mapping_demo/ros2_ws/install/crazyflie_ros2_multiranger_wall_following/lib/python3.12/site-packages:/home/mikks/crazyflie_mapping_demo/ros2_ws/install/crazyflie_ros2_multiranger_simple_mapper/lib/python3.12/site-packages:/home/mikks/crazyflie_mapping_demo/ros2_ws/install/crazyflie_examples/lib/python3.12/site-packages:/home/mikks/crazyflie_mapping_demo/ros2_ws/install/crazyflie_py/lib/python3.12/site-packages:/home/mikks/crazyflie_mapping_demo/ros2_ws/install/crazyflie_interfaces/lib/python3.12/site-packages:/home/mikks/crazyflie_mapping_demo/ros2_ws/install/cooperative_target_centric_formation/lib/python3.12/site-packages:/home/mikks/crazyflie_mapping_demo/ros2_ws/install/containment_using_agent_information/lib/python3.12/site-packages:/home/mikks/crazyflie_mapping_demo/ros2_ws/install/consensus_for_double_integrator/lib/python3.12/site-packages:/home/mikks/crazyflie_mapping_demo/ros2_ws/install/consensus_alignment/lib/python3.12/site-packages:/home/mikks/crazyflie_mapping_demo/ros2_ws/install/binary_consensus/lib/python3.12/site-packages:/home/mikks/crazyflie_mapping_demo/ros2_ws/install/Second_Order_Min_Consensus_for_Heterogeneous_Agents/lib/python3.12/site-packages:/home/mikks/crazyflie_mapping_demo/ros2_ws/install/BinaryContainmentChain/lib/python3.12/site-packages:/opt/ros/jazzy/lib/python3.12/site-packages /usr/bin/python3 -W ignore:setup.py install is deprecated -W ignore:easy_install command is deprecated setup.py develop --editable --build-directory /home/mikks/ros2_px4_ws/build/px4_actuator_ctrl/build --no-deps symlink_data
[5.866s] INFO:colcon.colcon_core.task.python.build:Building Python package in '/home/mikks/ros2_px4_ws/src/px4-ros2-interface-lib/examples/python/modes/goto_with_rclpy'
[5.867s] INFO:colcon.colcon_core.shell:Skip shell extension 'powershell' for command environment: Not usable outside of PowerShell
[5.867s] DEBUG:colcon.colcon_core.shell:Skip shell extension 'dsv' for command environment
[5.875s] DEBUG:colcon.colcon_core.event_handler.log_command:Invoking command in '/home/mikks/ros2_px4_ws/build/x500_hover_controller': CMAKE_PREFIX_PATH=/home/mikks/ros2_px4_ws/install/px4_msgs:/home/mikks/ros2_px4_ws/install/px4_ros_com:/home/mikks/ros2_px4_ws/install/px4_ros2_py:/home/mikks/ros2_px4_ws/install/example_rover_velocity_mode_cpp:/home/mikks/ros2_px4_ws/install/example_mode_with_executor_cpp:/home/mikks/ros2_px4_ws/install/example_mode_vtol_cpp:/home/mikks/ros2_px4_ws/install/example_mode_rtl_replacement_cpp:/home/mikks/ros2_px4_ws/install/example_mode_mission_cpp:/home/mikks/ros2_px4_ws/install/example_mode_manual_cpp:/home/mikks/ros2_px4_ws/install/example_mode_goto_global_cpp:/home/mikks/ros2_px4_ws/install/example_mode_goto_cpp:/home/mikks/ros2_px4_ws/install/example_mode_fw_attitude_cpp:/home/mikks/ros2_px4_ws/install/example_local_navigation_cpp:/home/mikks/ros2_px4_ws/install/example_global_navigation_cpp:/home/mikks/ros2_px4_ws/install/example_executor_with_multiple_modes_cpp:/home/mikks/ros2_px4_ws/install/px4_ros2_cpp:/home/mikks/crazyflie_mapping_demo/ros2_ws/install/crazyflie_ros2_multiranger_bringup:/home/mikks/crazyflie_mapping_demo/ros2_ws/install/ros_gz_crazyflie_bringup:/home/mikks/crazyflie_mapping_demo/ros2_ws/install/ros_gz_crazyflie_gazebo:/home/mikks/crazyflie_mapping_demo/ros2_ws/install/crazyflie_sim:/home/mikks/crazyflie_mapping_demo/ros2_ws/install/crazyflie_examples:/home/mikks/crazyflie_mapping_demo/ros2_ws/install/crazyflie:/home/mikks/crazyflie_mapping_demo/ros2_ws/install/crazyflie_interfaces:/opt/ros/jazzy/opt/gz_sim_vendor:/opt/ros/jazzy/opt/gz_sensors_vendor:/opt/ros/jazzy/opt/gz_physics_vendor:/opt/ros/jazzy/opt/sdformat_vendor:/opt/ros/jazzy/opt/gz_gui_vendor:/opt/ros/jazzy/opt/gz_transport_vendor:/opt/ros/jazzy/opt/gz_rendering_vendor:/opt/ros/jazzy/opt/gz_plugin_vendor:/opt/ros/jazzy/opt/gz_fuel_tools_vendor:/opt/ros/jazzy/opt/gz_msgs_vendor:/opt/ros/jazzy/opt/gz_common_vendor:/opt/ros/jazzy/opt/gz_math_vendor:/opt/ros/jazzy/opt/gz_utils_vendor:/opt/ros/jazzy/opt/gz_tools_vendor:/opt/ros/jazzy/opt/gz_ogre_next_vendor:/opt/ros/jazzy/opt/gz_dartsim_vendor:/opt/ros/jazzy/opt/gz_cmake_vendor DEBUGINFOD_URLS=https://debuginfod.ubuntu.com LD_LIBRARY_PATH=/home/mikks/ros2_px4_ws/install/px4_msgs/lib:/home/mikks/ros2_px4_ws/install/px4_ros_com/lib:/home/mikks/ros2_px4_ws/install/px4_ros2_cpp/lib:/home/mikks/NatNet_SDK_4.3_ubuntu/lib:/home/mikks/crazyflie_mapping_demo/ros2_ws/install/crazyflie_interfaces/lib:/opt/ros/jazzy/opt/gz_sim_vendor/lib:/opt/ros/jazzy/opt/gz_sensors_vendor/lib:/opt/ros/jazzy/opt/gz_physics_vendor/lib:/opt/ros/jazzy/opt/sdformat_vendor/lib:/opt/ros/jazzy/opt/rviz_ogre_vendor/lib:/opt/ros/jazzy/lib/x86_64-linux-gnu:/opt/ros/jazzy/opt/gz_gui_vendor/lib:/opt/ros/jazzy/opt/gz_transport_vendor/lib:/opt/ros/jazzy/opt/gz_rendering_vendor/lib:/opt/ros/jazzy/opt/gz_plugin_vendor/lib:/opt/ros/jazzy/opt/gz_fuel_tools_vendor/lib:/opt/ros/jazzy/opt/gz_msgs_vendor/lib:/opt/ros/jazzy/opt/gz_common_vendor/lib:/opt/ros/jazzy/opt/gz_math_vendor/lib:/opt/ros/jazzy/opt/gz_utils_vendor/lib:/opt/ros/jazzy/opt/gz_tools_vendor/lib:/opt/ros/jazzy/opt/gz_ogre_next_vendor/lib:/opt/ros/jazzy/opt/gz_dartsim_vendor/lib:/opt/ros/jazzy/opt/gz_cmake_vendor/lib:/opt/ros/jazzy/lib PYTHONPATH=/home/mikks/ros2_px4_ws/build/x500_hover_controller/prefix_override:/usr/lib/python3/dist-packages/colcon_core/task/python/colcon_distutils_commands:/home/mikks/ros2_px4_ws/install/x500_hover_controller/lib/python3.12/site-packages:/home/mikks/ros2_px4_ws/install/px4_msgs/lib/python3.12/site-packages:/home/mikks/ros2_px4_ws/build/x500_hover_controller:/home/mikks/ros2_px4_ws/install/x500_hover_controller/lib/python3.12/site-packages:/home/mikks/ros2_px4_ws/install/px4_ros_com/lib/python3.12/site-packages:/home/mikks/ros2_px4_ws/build/example_mode_with_rclpy_py:/home/mikks/ros2_px4_ws/install/example_mode_with_rclpy_py/lib/python3.12/site-packages:/home/mikks/ros2_px4_ws/build/example_mode_goto_py:/home/mikks/ros2_px4_ws/install/example_mode_goto_py/lib/python3.12/site-packages:/home/mikks/ros2_px4_ws/install/px4_ros2_py/lib/python3.12/site-packages:/home/mikks/ros2_px4_ws/build/px4_actuator_ctrl:/home/mikks/ros2_px4_ws/install/px4_actuator_ctrl/lib/python3.12/site-packages:/home/mikks/ros2_ws/build/rover_desc_description:/home/mikks/ros2_ws/install/rover_desc_description/lib/python3.12/site-packages:/home/mikks/ros2_ws/install/px4_actuator_ctrl/lib/python3.12/site-packages:/home/mikks/ros2_ws/build/mine_rover_description:/home/mikks/ros2_ws/install/mine_rover_description/lib/python3.12/site-packages:/home/mikks/ros2_ws/build/ZerionURDFV5cp_description:/home/mikks/ros2_ws/install/ZerionURDFV5cp_description/lib/python3.12/site-packages:/home/mikks/crazyflie_mapping_demo/ros2_ws/install/velocity_free_consensus/lib/python3.12/site-packages:/home/mikks/crazyflie_mapping_demo/ros2_ws/install/stepwise_lowpos/lib/python3.12/site-packages:/home/mikks/crazyflie_mapping_demo/ros2_ws/install/step_wise_lowpos/lib/python3.12/site-packages:/home/mikks/crazyflie_mapping_demo/ros2_ws/install/second_order_formation_control/lib/python3.12/site-packages:/home/mikks/crazyflie_mapping_demo/ros2_ws/install/ros_gz_crazyflie_control/lib/python3.12/site-packages:/home/mikks/crazyflie_mapping_demo/ros2_ws/install/mixed_fractional_consensus/lib/python3.12/site-packages:/home/mikks/crazyflie_mapping_demo/ros2_ws/install/lowest_pos/lib/python3.12/site-packages:/home/mikks/crazyflie_mapping_demo/ros2_ws/install/linear_consensus/lib/python3.12/site-packages:/home/mikks/crazyflie_mapping_demo/ros2_ws/install/highest_pos/lib/python3.12/site-packages:/home/mikks/crazyflie_mapping_demo/ros2_ws/install/fractional_consensus_alpha/lib/python3.12/site-packages:/home/mikks/crazyflie_mapping_demo/ros2_ws/install/event_triggered_swarm/lib/python3.12/site-packages:/home/mikks/crazyflie_mapping_demo/ros2_ws/install/drone_logger/lib/python3.12/site-packages:/home/mikks/crazyflie_mapping_demo/ros2_ws/install/distributed_average_tracking/lib/python3.12/site-packages:/home/mikks/crazyflie_mapping_demo/ros2_ws/install/crazyflie_swarm_logic/lib/python3.12/site-packages:/home/mikks/crazyflie_mapping_demo/ros2_ws/install/crazyflie_sim/lib/python3.12/site-packages:/home/mikks/crazyflie_mapping_demo/ros2_ws/install/crazyflie_ros2_multiranger_wall_following/lib/python3.12/site-packages:/home/mikks/crazyflie_mapping_demo/ros2_ws/install/crazyflie_ros2_multiranger_simple_mapper/lib/python3.12/site-packages:/home/mikks/crazyflie_mapping_demo/ros2_ws/install/crazyflie_examples/lib/python3.12/site-packages:/home/mikks/crazyflie_mapping_demo/ros2_ws/install/crazyflie_py/lib/python3.12/site-packages:/home/mikks/crazyflie_mapping_demo/ros2_ws/install/crazyflie_interfaces/lib/python3.12/site-packages:/home/mikks/crazyflie_mapping_demo/ros2_ws/install/cooperative_target_centric_formation/lib/python3.12/site-packages:/home/mikks/crazyflie_mapping_demo/ros2_ws/install/containment_using_agent_information/lib/python3.12/site-packages:/home/mikks/crazyflie_mapping_demo/ros2_ws/install/consensus_for_double_integrator/lib/python3.12/site-packages:/home/mikks/crazyflie_mapping_demo/ros2_ws/install/consensus_alignment/lib/python3.12/site-packages:/home/mikks/crazyflie_mapping_demo/ros2_ws/install/binary_consensus/lib/python3.12/site-packages:/home/mikks/crazyflie_mapping_demo/ros2_ws/install/Second_Order_Min_Consensus_for_Heterogeneous_Agents/lib/python3.12/site-packages:/home/mikks/crazyflie_mapping_demo/ros2_ws/install/BinaryContainmentChain/lib/python3.12/site-packages:/opt/ros/jazzy/lib/python3.12/site-packages /usr/bin/python3 -W ignore:setup.py install is deprecated -W ignore:easy_install command is deprecated setup.py develop --editable --build-directory /home/mikks/ros2_px4_ws/build/x500_hover_controller/build --no-deps symlink_data
[6.429s] Level 1:colcon.colcon_core.shell:create_environment_hook('px4_actuator_ctrl', 'pythonpath_develop')
[6.430s] INFO:colcon.colcon_core.shell:Creating environment hook '/home/mikks/ros2_px4_ws/build/px4_actuator_ctrl/share/px4_actuator_ctrl/hook/pythonpath_develop.ps1'
[6.430s] DEBUG:colcon.colcon_core.event_handler.log_command:Invoked command in '/home/mikks/ros2_px4_ws/build/px4_actuator_ctrl' returned '0': CMAKE_PREFIX_PATH=/home/mikks/ros2_px4_ws/install/px4_msgs:/home/mikks/ros2_px4_ws/install/px4_ros_com:/home/mikks/ros2_px4_ws/install/px4_ros2_py:/home/mikks/ros2_px4_ws/install/example_rover_velocity_mode_cpp:/home/mikks/ros2_px4_ws/install/example_mode_with_executor_cpp:/home/mikks/ros2_px4_ws/install/example_mode_vtol_cpp:/home/mikks/ros2_px4_ws/install/example_mode_rtl_replacement_cpp:/home/mikks/ros2_px4_ws/install/example_mode_mission_cpp:/home/mikks/ros2_px4_ws/install/example_mode_manual_cpp:/home/mikks/ros2_px4_ws/install/example_mode_goto_global_cpp:/home/mikks/ros2_px4_ws/install/example_mode_goto_cpp:/home/mikks/ros2_px4_ws/install/example_mode_fw_attitude_cpp:/home/mikks/ros2_px4_ws/install/example_local_navigation_cpp:/home/mikks/ros2_px4_ws/install/example_global_navigation_cpp:/home/mikks/ros2_px4_ws/install/example_executor_with_multiple_modes_cpp:/home/mikks/ros2_px4_ws/install/px4_ros2_cpp:/home/mikks/crazyflie_mapping_demo/ros2_ws/install/crazyflie_ros2_multiranger_bringup:/home/mikks/crazyflie_mapping_demo/ros2_ws/install/ros_gz_crazyflie_bringup:/home/mikks/crazyflie_mapping_demo/ros2_ws/install/ros_gz_crazyflie_gazebo:/home/mikks/crazyflie_mapping_demo/ros2_ws/install/crazyflie_sim:/home/mikks/crazyflie_mapping_demo/ros2_ws/install/crazyflie_examples:/home/mikks/crazyflie_mapping_demo/ros2_ws/install/crazyflie:/home/mikks/crazyflie_mapping_demo/ros2_ws/install/crazyflie_interfaces:/opt/ros/jazzy/opt/gz_sim_vendor:/opt/ros/jazzy/opt/gz_sensors_vendor:/opt/ros/jazzy/opt/gz_physics_vendor:/opt/ros/jazzy/opt/sdformat_vendor:/opt/ros/jazzy/opt/gz_gui_vendor:/opt/ros/jazzy/opt/gz_transport_vendor:/opt/ros/jazzy/opt/gz_rendering_vendor:/opt/ros/jazzy/opt/gz_plugin_vendor:/opt/ros/jazzy/opt/gz_fuel_tools_vendor:/opt/ros/jazzy/opt/gz_msgs_vendor:/opt/ros/jazzy/opt/gz_common_vendor:/opt/ros/jazzy/opt/gz_math_vendor:/opt/ros/jazzy/opt/gz_utils_vendor:/opt/ros/jazzy/opt/gz_tools_vendor:/opt/ros/jazzy/opt/gz_ogre_next_vendor:/opt/ros/jazzy/opt/gz_dartsim_vendor:/opt/ros/jazzy/opt/gz_cmake_vendor DEBUGINFOD_URLS=https://debuginfod.ubuntu.com LD_LIBRARY_PATH=/home/mikks/ros2_px4_ws/install/px4_msgs/lib:/home/mikks/ros2_px4_ws/install/px4_ros_com/lib:/home/mikks/ros2_px4_ws/install/px4_ros2_cpp/lib:/home/mikks/NatNet_SDK_4.3_ubuntu/lib:/home/mikks/crazyflie_mapping_demo/ros2_ws/install/crazyflie_interfaces/lib:/opt/ros/jazzy/opt/gz_sim_vendor/lib:/opt/ros/jazzy/opt/gz_sensors_vendor/lib:/opt/ros/jazzy/opt/gz_physics_vendor/lib:/opt/ros/jazzy/opt/sdformat_vendor/lib:/opt/ros/jazzy/opt/rviz_ogre_vendor/lib:/opt/ros/jazzy/lib/x86_64-linux-gnu:/opt/ros/jazzy/opt/gz_gui_vendor/lib:/opt/ros/jazzy/opt/gz_transport_vendor/lib:/opt/ros/jazzy/opt/gz_rendering_vendor/lib:/opt/ros/jazzy/opt/gz_plugin_vendor/lib:/opt/ros/jazzy/opt/gz_fuel_tools_vendor/lib:/opt/ros/jazzy/opt/gz_msgs_vendor/lib:/opt/ros/jazzy/opt/gz_common_vendor/lib:/opt/ros/jazzy/opt/gz_math_vendor/lib:/opt/ros/jazzy/opt/gz_utils_vendor/lib:/opt/ros/jazzy/opt/gz_tools_vendor/lib:/opt/ros/jazzy/opt/gz_ogre_next_vendor/lib:/opt/ros/jazzy/opt/gz_dartsim_vendor/lib:/opt/ros/jazzy/opt/gz_cmake_vendor/lib:/opt/ros/jazzy/lib PYTHONPATH=/home/mikks/ros2_px4_ws/build/px4_actuator_ctrl/prefix_override:/usr/lib/python3/dist-packages/colcon_core/task/python/colcon_distutils_commands:/home/mikks/ros2_px4_ws/install/px4_actuator_ctrl/lib/python3.12/site-packages:/home/mikks/ros2_px4_ws/install/px4_msgs/lib/python3.12/site-packages:/home/mikks/ros2_px4_ws/build/x500_hover_controller:/home/mikks/ros2_px4_ws/install/x500_hover_controller/lib/python3.12/site-packages:/home/mikks/ros2_px4_ws/install/px4_ros_com/lib/python3.12/site-packages:/home/mikks/ros2_px4_ws/build/example_mode_with_rclpy_py:/home/mikks/ros2_px4_ws/install/example_mode_with_rclpy_py/lib/python3.12/site-packages:/home/mikks/ros2_px4_ws/build/example_mode_goto_py:/home/mikks/ros2_px4_ws/install/example_mode_goto_py/lib/python3.12/site-packages:/home/mikks/ros2_px4_ws/install/px4_ros2_py/lib/python3.12/site-packages:/home/mikks/ros2_px4_ws/build/px4_actuator_ctrl:/home/mikks/ros2_px4_ws/install/px4_actuator_ctrl/lib/python3.12/site-packages:/home/mikks/ros2_ws/build/rover_desc_description:/home/mikks/ros2_ws/install/rover_desc_description/lib/python3.12/site-packages:/home/mikks/ros2_ws/install/px4_actuator_ctrl/lib/python3.12/site-packages:/home/mikks/ros2_ws/build/mine_rover_description:/home/mikks/ros2_ws/install/mine_rover_description/lib/python3.12/site-packages:/home/mikks/ros2_ws/build/ZerionURDFV5cp_description:/home/mikks/ros2_ws/install/ZerionURDFV5cp_description/lib/python3.12/site-packages:/home/mikks/crazyflie_mapping_demo/ros2_ws/install/velocity_free_consensus/lib/python3.12/site-packages:/home/mikks/crazyflie_mapping_demo/ros2_ws/install/stepwise_lowpos/lib/python3.12/site-packages:/home/mikks/crazyflie_mapping_demo/ros2_ws/install/step_wise_lowpos/lib/python3.12/site-packages:/home/mikks/crazyflie_mapping_demo/ros2_ws/install/second_order_formation_control/lib/python3.12/site-packages:/home/mikks/crazyflie_mapping_demo/ros2_ws/install/ros_gz_crazyflie_control/lib/python3.12/site-packages:/home/mikks/crazyflie_mapping_demo/ros2_ws/install/mixed_fractional_consensus/lib/python3.12/site-packages:/home/mikks/crazyflie_mapping_demo/ros2_ws/install/lowest_pos/lib/python3.12/site-packages:/home/mikks/crazyflie_mapping_demo/ros2_ws/install/linear_consensus/lib/python3.12/site-packages:/home/mikks/crazyflie_mapping_demo/ros2_ws/install/highest_pos/lib/python3.12/site-packages:/home/mikks/crazyflie_mapping_demo/ros2_ws/install/fractional_consensus_alpha/lib/python3.12/site-packages:/home/mikks/crazyflie_mapping_demo/ros2_ws/install/event_triggered_swarm/lib/python3.12/site-packages:/home/mikks/crazyflie_mapping_demo/ros2_ws/install/drone_logger/lib/python3.12/site-packages:/home/mikks/crazyflie_mapping_demo/ros2_ws/install/distributed_average_tracking/lib/python3.12/site-packages:/home/mikks/crazyflie_mapping_demo/ros2_ws/install/crazyflie_swarm_logic/lib/python3.12/site-packages:/home/mikks/crazyflie_mapping_demo/ros2_ws/install/crazyflie_sim/lib/python3.12/site-packages:/home/mikks/crazyflie_mapping_demo/ros2_ws/install/crazyflie_ros2_multiranger_wall_following/lib/python3.12/site-packages:/home/mikks/crazyflie_mapping_demo/ros2_ws/install/crazyflie_ros2_multiranger_simple_mapper/lib/python3.12/site-packages:/home/mikks/crazyflie_mapping_demo/ros2_ws/install/crazyflie_examples/lib/python3.12/site-packages:/home/mikks/crazyflie_mapping_demo/ros2_ws/install/crazyflie_py/lib/python3.12/site-packages:/home/mikks/crazyflie_mapping_demo/ros2_ws/install/crazyflie_interfaces/lib/python3.12/site-packages:/home/mikks/crazyflie_mapping_demo/ros2_ws/install/cooperative_target_centric_formation/lib/python3.12/site-packages:/home/mikks/crazyflie_mapping_demo/ros2_ws/install/containment_using_agent_information/lib/python3.12/site-packages:/home/mikks/crazyflie_mapping_demo/ros2_ws/install/consensus_for_double_integrator/lib/python3.12/site-packages:/home/mikks/crazyflie_mapping_demo/ros2_ws/install/consensus_alignment/lib/python3.12/site-packages:/home/mikks/crazyflie_mapping_demo/ros2_ws/install/binary_consensus/lib/python3.12/site-packages:/home/mikks/crazyflie_mapping_demo/ros2_ws/install/Second_Order_Min_Consensus_for_Heterogeneous_Agents/lib/python3.12/site-packages:/home/mikks/crazyflie_mapping_demo/ros2_ws/install/BinaryContainmentChain/lib/python3.12/site-packages:/opt/ros/jazzy/lib/python3.12/site-packages /usr/bin/python3 -W ignore:setup.py install is deprecated -W ignore:easy_install command is deprecated setup.py develop --editable --build-directory /home/mikks/ros2_px4_ws/build/px4_actuator_ctrl/build --no-deps symlink_data
[6.431s] INFO:colcon.colcon_core.shell:Creating environment descriptor '/home/mikks/ros2_px4_ws/build/px4_actuator_ctrl/share/px4_actuator_ctrl/hook/pythonpath_develop.dsv'
[6.431s] INFO:colcon.colcon_core.shell:Creating environment hook '/home/mikks/ros2_px4_ws/build/px4_actuator_ctrl/share/px4_actuator_ctrl/hook/pythonpath_develop.sh'
[6.431s] Level 1:colcon.colcon_core.environment:checking '/home/mikks/ros2_px4_ws/install/px4_actuator_ctrl' for CMake module files
[6.432s] Level 1:colcon.colcon_core.environment:checking '/home/mikks/ros2_px4_ws/install/px4_actuator_ctrl' for CMake config files
[6.432s] Level 1:colcon.colcon_core.environment:checking '/home/mikks/ros2_px4_ws/install/px4_actuator_ctrl/lib'
[6.432s] Level 1:colcon.colcon_core.environment:checking '/home/mikks/ros2_px4_ws/install/px4_actuator_ctrl/bin'
[6.432s] Level 1:colcon.colcon_core.environment:checking '/home/mikks/ros2_px4_ws/install/px4_actuator_ctrl/lib/pkgconfig/px4_actuator_ctrl.pc'
[6.433s] Level 1:colcon.colcon_core.environment:checking '/home/mikks/ros2_px4_ws/install/px4_actuator_ctrl/lib/python3.12/site-packages'
[6.433s] Level 1:colcon.colcon_core.shell:create_environment_hook('px4_actuator_ctrl', 'pythonpath')
[6.433s] INFO:colcon.colcon_core.shell:Creating environment hook '/home/mikks/ros2_px4_ws/install/px4_actuator_ctrl/share/px4_actuator_ctrl/hook/pythonpath.ps1'
[6.433s] INFO:colcon.colcon_core.shell:Creating environment descriptor '/home/mikks/ros2_px4_ws/install/px4_actuator_ctrl/share/px4_actuator_ctrl/hook/pythonpath.dsv'
[6.433s] INFO:colcon.colcon_core.shell:Creating environment hook '/home/mikks/ros2_px4_ws/install/px4_actuator_ctrl/share/px4_actuator_ctrl/hook/pythonpath.sh'
[6.434s] Level 1:colcon.colcon_core.environment:checking '/home/mikks/ros2_px4_ws/install/px4_actuator_ctrl/bin'
[6.434s] Level 1:colcon.colcon_core.environment:create_environment_scripts_only(px4_actuator_ctrl)
[6.434s] INFO:colcon.colcon_core.shell:Creating package script '/home/mikks/ros2_px4_ws/install/px4_actuator_ctrl/share/px4_actuator_ctrl/package.ps1'
[6.435s] INFO:colcon.colcon_core.shell:Creating package descriptor '/home/mikks/ros2_px4_ws/install/px4_actuator_ctrl/share/px4_actuator_ctrl/package.dsv'
[6.435s] INFO:colcon.colcon_core.shell:Creating package script '/home/mikks/ros2_px4_ws/install/px4_actuator_ctrl/share/px4_actuator_ctrl/package.sh'
[6.436s] INFO:colcon.colcon_core.shell:Creating package script '/home/mikks/ros2_px4_ws/install/px4_actuator_ctrl/share/px4_actuator_ctrl/package.bash'
[6.436s] INFO:colcon.colcon_core.shell:Creating package script '/home/mikks/ros2_px4_ws/install/px4_actuator_ctrl/share/px4_actuator_ctrl/package.zsh'
[6.436s] Level 1:colcon.colcon_core.environment:create_file_with_runtime_dependencies(/home/mikks/ros2_px4_ws/install/px4_actuator_ctrl/share/colcon-core/packages/px4_actuator_ctrl)
[6.623s] DEBUG:colcon.colcon_core.event_handler.log_command:Invoking command in '/home/mikks/ros2_px4_ws/build/example_mode_with_rclpy_py': CMAKE_PREFIX_PATH=/home/mikks/ros2_px4_ws/install/px4_ros2_py:/home/mikks/ros2_px4_ws/install/px4_ros2_cpp:/home/mikks/ros2_px4_ws/install/px4_msgs:/home/mikks/ros2_px4_ws/install/px4_ros_com:/home/mikks/ros2_px4_ws/install/example_rover_velocity_mode_cpp:/home/mikks/ros2_px4_ws/install/example_mode_with_executor_cpp:/home/mikks/ros2_px4_ws/install/example_mode_vtol_cpp:/home/mikks/ros2_px4_ws/install/example_mode_rtl_replacement_cpp:/home/mikks/ros2_px4_ws/install/example_mode_mission_cpp:/home/mikks/ros2_px4_ws/install/example_mode_manual_cpp:/home/mikks/ros2_px4_ws/install/example_mode_goto_global_cpp:/home/mikks/ros2_px4_ws/install/example_mode_goto_cpp:/home/mikks/ros2_px4_ws/install/example_mode_fw_attitude_cpp:/home/mikks/ros2_px4_ws/install/example_local_navigation_cpp:/home/mikks/ros2_px4_ws/install/example_global_navigation_cpp:/home/mikks/ros2_px4_ws/install/example_executor_with_multiple_modes_cpp:/home/mikks/crazyflie_mapping_demo/ros2_ws/install/crazyflie_ros2_multiranger_bringup:/home/mikks/crazyflie_mapping_demo/ros2_ws/install/ros_gz_crazyflie_bringup:/home/mikks/crazyflie_mapping_demo/ros2_ws/install/ros_gz_crazyflie_gazebo:/home/mikks/crazyflie_mapping_demo/ros2_ws/install/crazyflie_sim:/home/mikks/crazyflie_mapping_demo/ros2_ws/install/crazyflie_examples:/home/mikks/crazyflie_mapping_demo/ros2_ws/install/crazyflie:/home/mikks/crazyflie_mapping_demo/ros2_ws/install/crazyflie_interfaces:/opt/ros/jazzy/opt/gz_sim_vendor:/opt/ros/jazzy/opt/gz_sensors_vendor:/opt/ros/jazzy/opt/gz_physics_vendor:/opt/ros/jazzy/opt/sdformat_vendor:/opt/ros/jazzy/opt/gz_gui_vendor:/opt/ros/jazzy/opt/gz_transport_vendor:/opt/ros/jazzy/opt/gz_rendering_vendor:/opt/ros/jazzy/opt/gz_plugin_vendor:/opt/ros/jazzy/opt/gz_fuel_tools_vendor:/opt/ros/jazzy/opt/gz_msgs_vendor:/opt/ros/jazzy/opt/gz_common_vendor:/opt/ros/jazzy/opt/gz_math_vendor:/opt/ros/jazzy/opt/gz_utils_vendor:/opt/ros/jazzy/opt/gz_tools_vendor:/opt/ros/jazzy/opt/gz_ogre_next_vendor:/opt/ros/jazzy/opt/gz_dartsim_vendor:/opt/ros/jazzy/opt/gz_cmake_vendor DEBUGINFOD_URLS=https://debuginfod.ubuntu.com LD_LIBRARY_PATH=/home/mikks/ros2_px4_ws/install/px4_ros2_cpp/lib:/home/mikks/ros2_px4_ws/install/px4_msgs/lib:/home/mikks/ros2_px4_ws/install/px4_ros_com/lib:/home/mikks/NatNet_SDK_4.3_ubuntu/lib:/home/mikks/crazyflie_mapping_demo/ros2_ws/install/crazyflie_interfaces/lib:/opt/ros/jazzy/opt/gz_sim_vendor/lib:/opt/ros/jazzy/opt/gz_sensors_vendor/lib:/opt/ros/jazzy/opt/gz_physics_vendor/lib:/opt/ros/jazzy/opt/sdformat_vendor/lib:/opt/ros/jazzy/opt/rviz_ogre_vendor/lib:/opt/ros/jazzy/lib/x86_64-linux-gnu:/opt/ros/jazzy/opt/gz_gui_vendor/lib:/opt/ros/jazzy/opt/gz_transport_vendor/lib:/opt/ros/jazzy/opt/gz_rendering_vendor/lib:/opt/ros/jazzy/opt/gz_plugin_vendor/lib:/opt/ros/jazzy/opt/gz_fuel_tools_vendor/lib:/opt/ros/jazzy/opt/gz_msgs_vendor/lib:/opt/ros/jazzy/opt/gz_common_vendor/lib:/opt/ros/jazzy/opt/gz_math_vendor/lib:/opt/ros/jazzy/opt/gz_utils_vendor/lib:/opt/ros/jazzy/opt/gz_tools_vendor/lib:/opt/ros/jazzy/opt/gz_ogre_next_vendor/lib:/opt/ros/jazzy/opt/gz_dartsim_vendor/lib:/opt/ros/jazzy/opt/gz_cmake_vendor/lib:/opt/ros/jazzy/lib PYTHONPATH=/home/mikks/ros2_px4_ws/build/example_mode_with_rclpy_py/prefix_override:/usr/lib/python3/dist-packages/colcon_core/task/python/colcon_distutils_commands:/home/mikks/ros2_px4_ws/install/example_mode_with_rclpy_py/lib/python3.12/site-packages:/home/mikks/ros2_px4_ws/install/px4_ros2_py/lib/python3.12/site-packages:/home/mikks/ros2_px4_ws/install/px4_msgs/lib/python3.12/site-packages:/home/mikks/ros2_px4_ws/build/x500_hover_controller:/home/mikks/ros2_px4_ws/install/x500_hover_controller/lib/python3.12/site-packages:/home/mikks/ros2_px4_ws/install/px4_ros_com/lib/python3.12/site-packages:/home/mikks/ros2_px4_ws/build/example_mode_with_rclpy_py:/home/mikks/ros2_px4_ws/install/example_mode_with_rclpy_py/lib/python3.12/site-packages:/home/mikks/ros2_px4_ws/build/example_mode_goto_py:/home/mikks/ros2_px4_ws/install/example_mode_goto_py/lib/python3.12/site-packages:/home/mikks/ros2_px4_ws/build/px4_actuator_ctrl:/home/mikks/ros2_px4_ws/install/px4_actuator_ctrl/lib/python3.12/site-packages:/home/mikks/ros2_ws/build/rover_desc_description:/home/mikks/ros2_ws/install/rover_desc_description/lib/python3.12/site-packages:/home/mikks/ros2_ws/install/px4_actuator_ctrl/lib/python3.12/site-packages:/home/mikks/ros2_ws/build/mine_rover_description:/home/mikks/ros2_ws/install/mine_rover_description/lib/python3.12/site-packages:/home/mikks/ros2_ws/build/ZerionURDFV5cp_description:/home/mikks/ros2_ws/install/ZerionURDFV5cp_description/lib/python3.12/site-packages:/home/mikks/crazyflie_mapping_demo/ros2_ws/install/velocity_free_consensus/lib/python3.12/site-packages:/home/mikks/crazyflie_mapping_demo/ros2_ws/install/stepwise_lowpos/lib/python3.12/site-packages:/home/mikks/crazyflie_mapping_demo/ros2_ws/install/step_wise_lowpos/lib/python3.12/site-packages:/home/mikks/crazyflie_mapping_demo/ros2_ws/install/second_order_formation_control/lib/python3.12/site-packages:/home/mikks/crazyflie_mapping_demo/ros2_ws/install/ros_gz_crazyflie_control/lib/python3.12/site-packages:/home/mikks/crazyflie_mapping_demo/ros2_ws/install/mixed_fractional_consensus/lib/python3.12/site-packages:/home/mikks/crazyflie_mapping_demo/ros2_ws/install/lowest_pos/lib/python3.12/site-packages:/home/mikks/crazyflie_mapping_demo/ros2_ws/install/linear_consensus/lib/python3.12/site-packages:/home/mikks/crazyflie_mapping_demo/ros2_ws/install/highest_pos/lib/python3.12/site-packages:/home/mikks/crazyflie_mapping_demo/ros2_ws/install/fractional_consensus_alpha/lib/python3.12/site-packages:/home/mikks/crazyflie_mapping_demo/ros2_ws/install/event_triggered_swarm/lib/python3.12/site-packages:/home/mikks/crazyflie_mapping_demo/ros2_ws/install/drone_logger/lib/python3.12/site-packages:/home/mikks/crazyflie_mapping_demo/ros2_ws/install/distributed_average_tracking/lib/python3.12/site-packages:/home/mikks/crazyflie_mapping_demo/ros2_ws/install/crazyflie_swarm_logic/lib/python3.12/site-packages:/home/mikks/crazyflie_mapping_demo/ros2_ws/install/crazyflie_sim/lib/python3.12/site-packages:/home/mikks/crazyflie_mapping_demo/ros2_ws/install/crazyflie_ros2_multiranger_wall_following/lib/python3.12/site-packages:/home/mikks/crazyflie_mapping_demo/ros2_ws/install/crazyflie_ros2_multiranger_simple_mapper/lib/python3.12/site-packages:/home/mikks/crazyflie_mapping_demo/ros2_ws/install/crazyflie_examples/lib/python3.12/site-packages:/home/mikks/crazyflie_mapping_demo/ros2_ws/install/crazyflie_py/lib/python3.12/site-packages:/home/mikks/crazyflie_mapping_demo/ros2_ws/install/crazyflie_interfaces/lib/python3.12/site-packages:/home/mikks/crazyflie_mapping_demo/ros2_ws/install/cooperative_target_centric_formation/lib/python3.12/site-packages:/home/mikks/crazyflie_mapping_demo/ros2_ws/install/containment_using_agent_information/lib/python3.12/site-packages:/home/mikks/crazyflie_mapping_demo/ros2_ws/install/consensus_for_double_integrator/lib/python3.12/site-packages:/home/mikks/crazyflie_mapping_demo/ros2_ws/install/consensus_alignment/lib/python3.12/site-packages:/home/mikks/crazyflie_mapping_demo/ros2_ws/install/binary_consensus/lib/python3.12/site-packages:/home/mikks/crazyflie_mapping_demo/ros2_ws/install/Second_Order_Min_Consensus_for_Heterogeneous_Agents/lib/python3.12/site-packages:/home/mikks/crazyflie_mapping_demo/ros2_ws/install/BinaryContainmentChain/lib/python3.12/site-packages:/opt/ros/jazzy/lib/python3.12/site-packages /usr/bin/python3 -W ignore:setup.py install is deprecated -W ignore:easy_install command is deprecated setup.py develop --editable --build-directory /home/mikks/ros2_px4_ws/build/example_mode_with_rclpy_py/build --no-deps symlink_data
[6.630s] DEBUG:colcon.colcon_core.event_handler.log_command:Invoking command in '/home/mikks/ros2_px4_ws/build/example_mode_goto_py': CMAKE_PREFIX_PATH=/home/mikks/ros2_px4_ws/install/px4_ros2_py:/home/mikks/ros2_px4_ws/install/px4_ros2_cpp:/home/mikks/ros2_px4_ws/install/px4_msgs:/home/mikks/ros2_px4_ws/install/px4_ros_com:/home/mikks/ros2_px4_ws/install/example_rover_velocity_mode_cpp:/home/mikks/ros2_px4_ws/install/example_mode_with_executor_cpp:/home/mikks/ros2_px4_ws/install/example_mode_vtol_cpp:/home/mikks/ros2_px4_ws/install/example_mode_rtl_replacement_cpp:/home/mikks/ros2_px4_ws/install/example_mode_mission_cpp:/home/mikks/ros2_px4_ws/install/example_mode_manual_cpp:/home/mikks/ros2_px4_ws/install/example_mode_goto_global_cpp:/home/mikks/ros2_px4_ws/install/example_mode_goto_cpp:/home/mikks/ros2_px4_ws/install/example_mode_fw_attitude_cpp:/home/mikks/ros2_px4_ws/install/example_local_navigation_cpp:/home/mikks/ros2_px4_ws/install/example_global_navigation_cpp:/home/mikks/ros2_px4_ws/install/example_executor_with_multiple_modes_cpp:/home/mikks/crazyflie_mapping_demo/ros2_ws/install/crazyflie_ros2_multiranger_bringup:/home/mikks/crazyflie_mapping_demo/ros2_ws/install/ros_gz_crazyflie_bringup:/home/mikks/crazyflie_mapping_demo/ros2_ws/install/ros_gz_crazyflie_gazebo:/home/mikks/crazyflie_mapping_demo/ros2_ws/install/crazyflie_sim:/home/mikks/crazyflie_mapping_demo/ros2_ws/install/crazyflie_examples:/home/mikks/crazyflie_mapping_demo/ros2_ws/install/crazyflie:/home/mikks/crazyflie_mapping_demo/ros2_ws/install/crazyflie_interfaces:/opt/ros/jazzy/opt/gz_sim_vendor:/opt/ros/jazzy/opt/gz_sensors_vendor:/opt/ros/jazzy/opt/gz_physics_vendor:/opt/ros/jazzy/opt/sdformat_vendor:/opt/ros/jazzy/opt/gz_gui_vendor:/opt/ros/jazzy/opt/gz_transport_vendor:/opt/ros/jazzy/opt/gz_rendering_vendor:/opt/ros/jazzy/opt/gz_plugin_vendor:/opt/ros/jazzy/opt/gz_fuel_tools_vendor:/opt/ros/jazzy/opt/gz_msgs_vendor:/opt/ros/jazzy/opt/gz_common_vendor:/opt/ros/jazzy/opt/gz_math_vendor:/opt/ros/jazzy/opt/gz_utils_vendor:/opt/ros/jazzy/opt/gz_tools_vendor:/opt/ros/jazzy/opt/gz_ogre_next_vendor:/opt/ros/jazzy/opt/gz_dartsim_vendor:/opt/ros/jazzy/opt/gz_cmake_vendor DEBUGINFOD_URLS=https://debuginfod.ubuntu.com LD_LIBRARY_PATH=/home/mikks/ros2_px4_ws/install/px4_ros2_cpp/lib:/home/mikks/ros2_px4_ws/install/px4_msgs/lib:/home/mikks/ros2_px4_ws/install/px4_ros_com/lib:/home/mikks/NatNet_SDK_4.3_ubuntu/lib:/home/mikks/crazyflie_mapping_demo/ros2_ws/install/crazyflie_interfaces/lib:/opt/ros/jazzy/opt/gz_sim_vendor/lib:/opt/ros/jazzy/opt/gz_sensors_vendor/lib:/opt/ros/jazzy/opt/gz_physics_vendor/lib:/opt/ros/jazzy/opt/sdformat_vendor/lib:/opt/ros/jazzy/opt/rviz_ogre_vendor/lib:/opt/ros/jazzy/lib/x86_64-linux-gnu:/opt/ros/jazzy/opt/gz_gui_vendor/lib:/opt/ros/jazzy/opt/gz_transport_vendor/lib:/opt/ros/jazzy/opt/gz_rendering_vendor/lib:/opt/ros/jazzy/opt/gz_plugin_vendor/lib:/opt/ros/jazzy/opt/gz_fuel_tools_vendor/lib:/opt/ros/jazzy/opt/gz_msgs_vendor/lib:/opt/ros/jazzy/opt/gz_common_vendor/lib:/opt/ros/jazzy/opt/gz_math_vendor/lib:/opt/ros/jazzy/opt/gz_utils_vendor/lib:/opt/ros/jazzy/opt/gz_tools_vendor/lib:/opt/ros/jazzy/opt/gz_ogre_next_vendor/lib:/opt/ros/jazzy/opt/gz_dartsim_vendor/lib:/opt/ros/jazzy/opt/gz_cmake_vendor/lib:/opt/ros/jazzy/lib PYTHONPATH=/home/mikks/ros2_px4_ws/build/example_mode_goto_py/prefix_override:/usr/lib/python3/dist-packages/colcon_core/task/python/colcon_distutils_commands:/home/mikks/ros2_px4_ws/install/example_mode_goto_py/lib/python3.12/site-packages:/home/mikks/ros2_px4_ws/install/px4_ros2_py/lib/python3.12/site-packages:/home/mikks/ros2_px4_ws/install/px4_msgs/lib/python3.12/site-packages:/home/mikks/ros2_px4_ws/build/x500_hover_controller:/home/mikks/ros2_px4_ws/install/x500_hover_controller/lib/python3.12/site-packages:/home/mikks/ros2_px4_ws/install/px4_ros_com/lib/python3.12/site-packages:/home/mikks/ros2_px4_ws/build/example_mode_with_rclpy_py:/home/mikks/ros2_px4_ws/install/example_mode_with_rclpy_py/lib/python3.12/site-packages:/home/mikks/ros2_px4_ws/build/example_mode_goto_py:/home/mikks/ros2_px4_ws/install/example_mode_goto_py/lib/python3.12/site-packages:/home/mikks/ros2_px4_ws/build/px4_actuator_ctrl:/home/mikks/ros2_px4_ws/install/px4_actuator_ctrl/lib/python3.12/site-packages:/home/mikks/ros2_ws/build/rover_desc_description:/home/mikks/ros2_ws/install/rover_desc_description/lib/python3.12/site-packages:/home/mikks/ros2_ws/install/px4_actuator_ctrl/lib/python3.12/site-packages:/home/mikks/ros2_ws/build/mine_rover_description:/home/mikks/ros2_ws/install/mine_rover_description/lib/python3.12/site-packages:/home/mikks/ros2_ws/build/ZerionURDFV5cp_description:/home/mikks/ros2_ws/install/ZerionURDFV5cp_description/lib/python3.12/site-packages:/home/mikks/crazyflie_mapping_demo/ros2_ws/install/velocity_free_consensus/lib/python3.12/site-packages:/home/mikks/crazyflie_mapping_demo/ros2_ws/install/stepwise_lowpos/lib/python3.12/site-packages:/home/mikks/crazyflie_mapping_demo/ros2_ws/install/step_wise_lowpos/lib/python3.12/site-packages:/home/mikks/crazyflie_mapping_demo/ros2_ws/install/second_order_formation_control/lib/python3.12/site-packages:/home/mikks/crazyflie_mapping_demo/ros2_ws/install/ros_gz_crazyflie_control/lib/python3.12/site-packages:/home/mikks/crazyflie_mapping_demo/ros2_ws/install/mixed_fractional_consensus/lib/python3.12/site-packages:/home/mikks/crazyflie_mapping_demo/ros2_ws/install/lowest_pos/lib/python3.12/site-packages:/home/mikks/crazyflie_mapping_demo/ros2_ws/install/linear_consensus/lib/python3.12/site-packages:/home/mikks/crazyflie_mapping_demo/ros2_ws/install/highest_pos/lib/python3.12/site-packages:/home/mikks/crazyflie_mapping_demo/ros2_ws/install/fractional_consensus_alpha/lib/python3.12/site-packages:/home/mikks/crazyflie_mapping_demo/ros2_ws/install/event_triggered_swarm/lib/python3.12/site-packages:/home/mikks/crazyflie_mapping_demo/ros2_ws/install/drone_logger/lib/python3.12/site-packages:/home/mikks/crazyflie_mapping_demo/ros2_ws/install/distributed_average_tracking/lib/python3.12/site-packages:/home/mikks/crazyflie_mapping_demo/ros2_ws/install/crazyflie_swarm_logic/lib/python3.12/site-packages:/home/mikks/crazyflie_mapping_demo/ros2_ws/install/crazyflie_sim/lib/python3.12/site-packages:/home/mikks/crazyflie_mapping_demo/ros2_ws/install/crazyflie_ros2_multiranger_wall_following/lib/python3.12/site-packages:/home/mikks/crazyflie_mapping_demo/ros2_ws/install/crazyflie_ros2_multiranger_simple_mapper/lib/python3.12/site-packages:/home/mikks/crazyflie_mapping_demo/ros2_ws/install/crazyflie_examples/lib/python3.12/site-packages:/home/mikks/crazyflie_mapping_demo/ros2_ws/install/crazyflie_py/lib/python3.12/site-packages:/home/mikks/crazyflie_mapping_demo/ros2_ws/install/crazyflie_interfaces/lib/python3.12/site-packages:/home/mikks/crazyflie_mapping_demo/ros2_ws/install/cooperative_target_centric_formation/lib/python3.12/site-packages:/home/mikks/crazyflie_mapping_demo/ros2_ws/install/containment_using_agent_information/lib/python3.12/site-packages:/home/mikks/crazyflie_mapping_demo/ros2_ws/install/consensus_for_double_integrator/lib/python3.12/site-packages:/home/mikks/crazyflie_mapping_demo/ros2_ws/install/consensus_alignment/lib/python3.12/site-packages:/home/mikks/crazyflie_mapping_demo/ros2_ws/install/binary_consensus/lib/python3.12/site-packages:/home/mikks/crazyflie_mapping_demo/ros2_ws/install/Second_Order_Min_Consensus_for_Heterogeneous_Agents/lib/python3.12/site-packages:/home/mikks/crazyflie_mapping_demo/ros2_ws/install/BinaryContainmentChain/lib/python3.12/site-packages:/opt/ros/jazzy/lib/python3.12/site-packages /usr/bin/python3 -W ignore:setup.py install is deprecated -W ignore:easy_install command is deprecated setup.py develop --editable --build-directory /home/mikks/ros2_px4_ws/build/example_mode_goto_py/build --no-deps symlink_data
[6.743s] Level 1:colcon.colcon_core.shell:create_environment_hook('x500_hover_controller', 'pythonpath_develop')
[6.743s] INFO:colcon.colcon_core.shell:Creating environment hook '/home/mikks/ros2_px4_ws/build/x500_hover_controller/share/x500_hover_controller/hook/pythonpath_develop.ps1'
[6.744s] DEBUG:colcon.colcon_core.event_handler.log_command:Invoked command in '/home/mikks/ros2_px4_ws/build/x500_hover_controller' returned '0': CMAKE_PREFIX_PATH=/home/mikks/ros2_px4_ws/install/px4_msgs:/home/mikks/ros2_px4_ws/install/px4_ros_com:/home/mikks/ros2_px4_ws/install/px4_ros2_py:/home/mikks/ros2_px4_ws/install/example_rover_velocity_mode_cpp:/home/mikks/ros2_px4_ws/install/example_mode_with_executor_cpp:/home/mikks/ros2_px4_ws/install/example_mode_vtol_cpp:/home/mikks/ros2_px4_ws/install/example_mode_rtl_replacement_cpp:/home/mikks/ros2_px4_ws/install/example_mode_mission_cpp:/home/mikks/ros2_px4_ws/install/example_mode_manual_cpp:/home/mikks/ros2_px4_ws/install/example_mode_goto_global_cpp:/home/mikks/ros2_px4_ws/install/example_mode_goto_cpp:/home/mikks/ros2_px4_ws/install/example_mode_fw_attitude_cpp:/home/mikks/ros2_px4_ws/install/example_local_navigation_cpp:/home/mikks/ros2_px4_ws/install/example_global_navigation_cpp:/home/mikks/ros2_px4_ws/install/example_executor_with_multiple_modes_cpp:/home/mikks/ros2_px4_ws/install/px4_ros2_cpp:/home/mikks/crazyflie_mapping_demo/ros2_ws/install/crazyflie_ros2_multiranger_bringup:/home/mikks/crazyflie_mapping_demo/ros2_ws/install/ros_gz_crazyflie_bringup:/home/mikks/crazyflie_mapping_demo/ros2_ws/install/ros_gz_crazyflie_gazebo:/home/mikks/crazyflie_mapping_demo/ros2_ws/install/crazyflie_sim:/home/mikks/crazyflie_mapping_demo/ros2_ws/install/crazyflie_examples:/home/mikks/crazyflie_mapping_demo/ros2_ws/install/crazyflie:/home/mikks/crazyflie_mapping_demo/ros2_ws/install/crazyflie_interfaces:/opt/ros/jazzy/opt/gz_sim_vendor:/opt/ros/jazzy/opt/gz_sensors_vendor:/opt/ros/jazzy/opt/gz_physics_vendor:/opt/ros/jazzy/opt/sdformat_vendor:/opt/ros/jazzy/opt/gz_gui_vendor:/opt/ros/jazzy/opt/gz_transport_vendor:/opt/ros/jazzy/opt/gz_rendering_vendor:/opt/ros/jazzy/opt/gz_plugin_vendor:/opt/ros/jazzy/opt/gz_fuel_tools_vendor:/opt/ros/jazzy/opt/gz_msgs_vendor:/opt/ros/jazzy/opt/gz_common_vendor:/opt/ros/jazzy/opt/gz_math_vendor:/opt/ros/jazzy/opt/gz_utils_vendor:/opt/ros/jazzy/opt/gz_tools_vendor:/opt/ros/jazzy/opt/gz_ogre_next_vendor:/opt/ros/jazzy/opt/gz_dartsim_vendor:/opt/ros/jazzy/opt/gz_cmake_vendor DEBUGINFOD_URLS=https://debuginfod.ubuntu.com LD_LIBRARY_PATH=/home/mikks/ros2_px4_ws/install/px4_msgs/lib:/home/mikks/ros2_px4_ws/install/px4_ros_com/lib:/home/mikks/ros2_px4_ws/install/px4_ros2_cpp/lib:/home/mikks/NatNet_SDK_4.3_ubuntu/lib:/home/mikks/crazyflie_mapping_demo/ros2_ws/install/crazyflie_interfaces/lib:/opt/ros/jazzy/opt/gz_sim_vendor/lib:/opt/ros/jazzy/opt/gz_sensors_vendor/lib:/opt/ros/jazzy/opt/gz_physics_vendor/lib:/opt/ros/jazzy/opt/sdformat_vendor/lib:/opt/ros/jazzy/opt/rviz_ogre_vendor/lib:/opt/ros/jazzy/lib/x86_64-linux-gnu:/opt/ros/jazzy/opt/gz_gui_vendor/lib:/opt/ros/jazzy/opt/gz_transport_vendor/lib:/opt/ros/jazzy/opt/gz_rendering_vendor/lib:/opt/ros/jazzy/opt/gz_plugin_vendor/lib:/opt/ros/jazzy/opt/gz_fuel_tools_vendor/lib:/opt/ros/jazzy/opt/gz_msgs_vendor/lib:/opt/ros/jazzy/opt/gz_common_vendor/lib:/opt/ros/jazzy/opt/gz_math_vendor/lib:/opt/ros/jazzy/opt/gz_utils_vendor/lib:/opt/ros/jazzy/opt/gz_tools_vendor/lib:/opt/ros/jazzy/opt/gz_ogre_next_vendor/lib:/opt/ros/jazzy/opt/gz_dartsim_vendor/lib:/opt/ros/jazzy/opt/gz_cmake_vendor/lib:/opt/ros/jazzy/lib PYTHONPATH=/home/mikks/ros2_px4_ws/build/x500_hover_controller/prefix_override:/usr/lib/python3/dist-packages/colcon_core/task/python/colcon_distutils_commands:/home/mikks/ros2_px4_ws/install/x500_hover_controller/lib/python3.12/site-packages:/home/mikks/ros2_px4_ws/install/px4_msgs/lib/python3.12/site-packages:/home/mikks/ros2_px4_ws/build/x500_hover_controller:/home/mikks/ros2_px4_ws/install/x500_hover_controller/lib/python3.12/site-packages:/home/mikks/ros2_px4_ws/install/px4_ros_com/lib/python3.12/site-packages:/home/mikks/ros2_px4_ws/build/example_mode_with_rclpy_py:/home/mikks/ros2_px4_ws/install/example_mode_with_rclpy_py/lib/python3.12/site-packages:/home/mikks/ros2_px4_ws/build/example_mode_goto_py:/home/mikks/ros2_px4_ws/install/example_mode_goto_py/lib/python3.12/site-packages:/home/mikks/ros2_px4_ws/install/px4_ros2_py/lib/python3.12/site-packages:/home/mikks/ros2_px4_ws/build/px4_actuator_ctrl:/home/mikks/ros2_px4_ws/install/px4_actuator_ctrl/lib/python3.12/site-packages:/home/mikks/ros2_ws/build/rover_desc_description:/home/mikks/ros2_ws/install/rover_desc_description/lib/python3.12/site-packages:/home/mikks/ros2_ws/install/px4_actuator_ctrl/lib/python3.12/site-packages:/home/mikks/ros2_ws/build/mine_rover_description:/home/mikks/ros2_ws/install/mine_rover_description/lib/python3.12/site-packages:/home/mikks/ros2_ws/build/ZerionURDFV5cp_description:/home/mikks/ros2_ws/install/ZerionURDFV5cp_description/lib/python3.12/site-packages:/home/mikks/crazyflie_mapping_demo/ros2_ws/install/velocity_free_consensus/lib/python3.12/site-packages:/home/mikks/crazyflie_mapping_demo/ros2_ws/install/stepwise_lowpos/lib/python3.12/site-packages:/home/mikks/crazyflie_mapping_demo/ros2_ws/install/step_wise_lowpos/lib/python3.12/site-packages:/home/mikks/crazyflie_mapping_demo/ros2_ws/install/second_order_formation_control/lib/python3.12/site-packages:/home/mikks/crazyflie_mapping_demo/ros2_ws/install/ros_gz_crazyflie_control/lib/python3.12/site-packages:/home/mikks/crazyflie_mapping_demo/ros2_ws/install/mixed_fractional_consensus/lib/python3.12/site-packages:/home/mikks/crazyflie_mapping_demo/ros2_ws/install/lowest_pos/lib/python3.12/site-packages:/home/mikks/crazyflie_mapping_demo/ros2_ws/install/linear_consensus/lib/python3.12/site-packages:/home/mikks/crazyflie_mapping_demo/ros2_ws/install/highest_pos/lib/python3.12/site-packages:/home/mikks/crazyflie_mapping_demo/ros2_ws/install/fractional_consensus_alpha/lib/python3.12/site-packages:/home/mikks/crazyflie_mapping_demo/ros2_ws/install/event_triggered_swarm/lib/python3.12/site-packages:/home/mikks/crazyflie_mapping_demo/ros2_ws/install/drone_logger/lib/python3.12/site-packages:/home/mikks/crazyflie_mapping_demo/ros2_ws/install/distributed_average_tracking/lib/python3.12/site-packages:/home/mikks/crazyflie_mapping_demo/ros2_ws/install/crazyflie_swarm_logic/lib/python3.12/site-packages:/home/mikks/crazyflie_mapping_demo/ros2_ws/install/crazyflie_sim/lib/python3.12/site-packages:/home/mikks/crazyflie_mapping_demo/ros2_ws/install/crazyflie_ros2_multiranger_wall_following/lib/python3.12/site-packages:/home/mikks/crazyflie_mapping_demo/ros2_ws/install/crazyflie_ros2_multiranger_simple_mapper/lib/python3.12/site-packages:/home/mikks/crazyflie_mapping_demo/ros2_ws/install/crazyflie_examples/lib/python3.12/site-packages:/home/mikks/crazyflie_mapping_demo/ros2_ws/install/crazyflie_py/lib/python3.12/site-packages:/home/mikks/crazyflie_mapping_demo/ros2_ws/install/crazyflie_interfaces/lib/python3.12/site-packages:/home/mikks/crazyflie_mapping_demo/ros2_ws/install/cooperative_target_centric_formation/lib/python3.12/site-packages:/home/mikks/crazyflie_mapping_demo/ros2_ws/install/containment_using_agent_information/lib/python3.12/site-packages:/home/mikks/crazyflie_mapping_demo/ros2_ws/install/consensus_for_double_integrator/lib/python3.12/site-packages:/home/mikks/crazyflie_mapping_demo/ros2_ws/install/consensus_alignment/lib/python3.12/site-packages:/home/mikks/crazyflie_mapping_demo/ros2_ws/install/binary_consensus/lib/python3.12/site-packages:/home/mikks/crazyflie_mapping_demo/ros2_ws/install/Second_Order_Min_Consensus_for_Heterogeneous_Agents/lib/python3.12/site-packages:/home/mikks/crazyflie_mapping_demo/ros2_ws/install/BinaryContainmentChain/lib/python3.12/site-packages:/opt/ros/jazzy/lib/python3.12/site-packages /usr/bin/python3 -W ignore:setup.py install is deprecated -W ignore:easy_install command is deprecated setup.py develop --editable --build-directory /home/mikks/ros2_px4_ws/build/x500_hover_controller/build --no-deps symlink_data
[6.744s] INFO:colcon.colcon_core.shell:Creating environment descriptor '/home/mikks/ros2_px4_ws/build/x500_hover_controller/share/x500_hover_controller/hook/pythonpath_develop.dsv'
[6.744s] INFO:colcon.colcon_core.shell:Creating environment hook '/home/mikks/ros2_px4_ws/build/x500_hover_controller/share/x500_hover_controller/hook/pythonpath_develop.sh'
[6.745s] Level 1:colcon.colcon_core.environment:checking '/home/mikks/ros2_px4_ws/install/x500_hover_controller' for CMake module files
[6.745s] Level 1:colcon.colcon_core.environment:checking '/home/mikks/ros2_px4_ws/install/x500_hover_controller' for CMake config files
[6.746s] Level 1:colcon.colcon_core.environment:checking '/home/mikks/ros2_px4_ws/install/x500_hover_controller/lib'
[6.746s] Level 1:colcon.colcon_core.environment:checking '/home/mikks/ros2_px4_ws/install/x500_hover_controller/bin'
[6.746s] Level 1:colcon.colcon_core.environment:checking '/home/mikks/ros2_px4_ws/install/x500_hover_controller/lib/pkgconfig/x500_hover_controller.pc'
[6.746s] Level 1:colcon.colcon_core.environment:checking '/home/mikks/ros2_px4_ws/install/x500_hover_controller/lib/python3.12/site-packages'
[6.746s] Level 1:colcon.colcon_core.shell:create_environment_hook('x500_hover_controller', 'pythonpath')
[6.746s] INFO:colcon.colcon_core.shell:Creating environment hook '/home/mikks/ros2_px4_ws/install/x500_hover_controller/share/x500_hover_controller/hook/pythonpath.ps1'
[6.747s] INFO:colcon.colcon_core.shell:Creating environment descriptor '/home/mikks/ros2_px4_ws/install/x500_hover_controller/share/x500_hover_controller/hook/pythonpath.dsv'
[6.747s] INFO:colcon.colcon_core.shell:Creating environment hook '/home/mikks/ros2_px4_ws/install/x500_hover_controller/share/x500_hover_controller/hook/pythonpath.sh'
[6.747s] Level 1:colcon.colcon_core.environment:checking '/home/mikks/ros2_px4_ws/install/x500_hover_controller/bin'
[6.747s] Level 1:colcon.colcon_core.environment:create_environment_scripts_only(x500_hover_controller)
[6.747s] INFO:colcon.colcon_core.shell:Creating package script '/home/mikks/ros2_px4_ws/install/x500_hover_controller/share/x500_hover_controller/package.ps1'
[6.748s] INFO:colcon.colcon_core.shell:Creating package descriptor '/home/mikks/ros2_px4_ws/install/x500_hover_controller/share/x500_hover_controller/package.dsv'
[6.748s] INFO:colcon.colcon_core.shell:Creating package script '/home/mikks/ros2_px4_ws/install/x500_hover_controller/share/x500_hover_controller/package.sh'
[6.749s] INFO:colcon.colcon_core.shell:Creating package script '/home/mikks/ros2_px4_ws/install/x500_hover_controller/share/x500_hover_controller/package.bash'
[6.749s] INFO:colcon.colcon_core.shell:Creating package script '/home/mikks/ros2_px4_ws/install/x500_hover_controller/share/x500_hover_controller/package.zsh'
[6.749s] Level 1:colcon.colcon_core.environment:create_file_with_runtime_dependencies(/home/mikks/ros2_px4_ws/install/x500_hover_controller/share/colcon-core/packages/x500_hover_controller)
[7.390s] Level 1:colcon.colcon_core.shell:create_environment_hook('example_mode_with_rclpy_py', 'pythonpath_develop')
[7.390s] INFO:colcon.colcon_core.shell:Creating environment hook '/home/mikks/ros2_px4_ws/build/example_mode_with_rclpy_py/share/example_mode_with_rclpy_py/hook/pythonpath_develop.ps1'
[7.391s] DEBUG:colcon.colcon_core.event_handler.log_command:Invoked command in '/home/mikks/ros2_px4_ws/build/example_mode_with_rclpy_py' returned '0': CMAKE_PREFIX_PATH=/home/mikks/ros2_px4_ws/install/px4_ros2_py:/home/mikks/ros2_px4_ws/install/px4_ros2_cpp:/home/mikks/ros2_px4_ws/install/px4_msgs:/home/mikks/ros2_px4_ws/install/px4_ros_com:/home/mikks/ros2_px4_ws/install/example_rover_velocity_mode_cpp:/home/mikks/ros2_px4_ws/install/example_mode_with_executor_cpp:/home/mikks/ros2_px4_ws/install/example_mode_vtol_cpp:/home/mikks/ros2_px4_ws/install/example_mode_rtl_replacement_cpp:/home/mikks/ros2_px4_ws/install/example_mode_mission_cpp:/home/mikks/ros2_px4_ws/install/example_mode_manual_cpp:/home/mikks/ros2_px4_ws/install/example_mode_goto_global_cpp:/home/mikks/ros2_px4_ws/install/example_mode_goto_cpp:/home/mikks/ros2_px4_ws/install/example_mode_fw_attitude_cpp:/home/mikks/ros2_px4_ws/install/example_local_navigation_cpp:/home/mikks/ros2_px4_ws/install/example_global_navigation_cpp:/home/mikks/ros2_px4_ws/install/example_executor_with_multiple_modes_cpp:/home/mikks/crazyflie_mapping_demo/ros2_ws/install/crazyflie_ros2_multiranger_bringup:/home/mikks/crazyflie_mapping_demo/ros2_ws/install/ros_gz_crazyflie_bringup:/home/mikks/crazyflie_mapping_demo/ros2_ws/install/ros_gz_crazyflie_gazebo:/home/mikks/crazyflie_mapping_demo/ros2_ws/install/crazyflie_sim:/home/mikks/crazyflie_mapping_demo/ros2_ws/install/crazyflie_examples:/home/mikks/crazyflie_mapping_demo/ros2_ws/install/crazyflie:/home/mikks/crazyflie_mapping_demo/ros2_ws/install/crazyflie_interfaces:/opt/ros/jazzy/opt/gz_sim_vendor:/opt/ros/jazzy/opt/gz_sensors_vendor:/opt/ros/jazzy/opt/gz_physics_vendor:/opt/ros/jazzy/opt/sdformat_vendor:/opt/ros/jazzy/opt/gz_gui_vendor:/opt/ros/jazzy/opt/gz_transport_vendor:/opt/ros/jazzy/opt/gz_rendering_vendor:/opt/ros/jazzy/opt/gz_plugin_vendor:/opt/ros/jazzy/opt/gz_fuel_tools_vendor:/opt/ros/jazzy/opt/gz_msgs_vendor:/opt/ros/jazzy/opt/gz_common_vendor:/opt/ros/jazzy/opt/gz_math_vendor:/opt/ros/jazzy/opt/gz_utils_vendor:/opt/ros/jazzy/opt/gz_tools_vendor:/opt/ros/jazzy/opt/gz_ogre_next_vendor:/opt/ros/jazzy/opt/gz_dartsim_vendor:/opt/ros/jazzy/opt/gz_cmake_vendor DEBUGINFOD_URLS=https://debuginfod.ubuntu.com LD_LIBRARY_PATH=/home/mikks/ros2_px4_ws/install/px4_ros2_cpp/lib:/home/mikks/ros2_px4_ws/install/px4_msgs/lib:/home/mikks/ros2_px4_ws/install/px4_ros_com/lib:/home/mikks/NatNet_SDK_4.3_ubuntu/lib:/home/mikks/crazyflie_mapping_demo/ros2_ws/install/crazyflie_interfaces/lib:/opt/ros/jazzy/opt/gz_sim_vendor/lib:/opt/ros/jazzy/opt/gz_sensors_vendor/lib:/opt/ros/jazzy/opt/gz_physics_vendor/lib:/opt/ros/jazzy/opt/sdformat_vendor/lib:/opt/ros/jazzy/opt/rviz_ogre_vendor/lib:/opt/ros/jazzy/lib/x86_64-linux-gnu:/opt/ros/jazzy/opt/gz_gui_vendor/lib:/opt/ros/jazzy/opt/gz_transport_vendor/lib:/opt/ros/jazzy/opt/gz_rendering_vendor/lib:/opt/ros/jazzy/opt/gz_plugin_vendor/lib:/opt/ros/jazzy/opt/gz_fuel_tools_vendor/lib:/opt/ros/jazzy/opt/gz_msgs_vendor/lib:/opt/ros/jazzy/opt/gz_common_vendor/lib:/opt/ros/jazzy/opt/gz_math_vendor/lib:/opt/ros/jazzy/opt/gz_utils_vendor/lib:/opt/ros/jazzy/opt/gz_tools_vendor/lib:/opt/ros/jazzy/opt/gz_ogre_next_vendor/lib:/opt/ros/jazzy/opt/gz_dartsim_vendor/lib:/opt/ros/jazzy/opt/gz_cmake_vendor/lib:/opt/ros/jazzy/lib PYTHONPATH=/home/mikks/ros2_px4_ws/build/example_mode_with_rclpy_py/prefix_override:/usr/lib/python3/dist-packages/colcon_core/task/python/colcon_distutils_commands:/home/mikks/ros2_px4_ws/install/example_mode_with_rclpy_py/lib/python3.12/site-packages:/home/mikks/ros2_px4_ws/install/px4_ros2_py/lib/python3.12/site-packages:/home/mikks/ros2_px4_ws/install/px4_msgs/lib/python3.12/site-packages:/home/mikks/ros2_px4_ws/build/x500_hover_controller:/home/mikks/ros2_px4_ws/install/x500_hover_controller/lib/python3.12/site-packages:/home/mikks/ros2_px4_ws/install/px4_ros_com/lib/python3.12/site-packages:/home/mikks/ros2_px4_ws/build/example_mode_with_rclpy_py:/home/mikks/ros2_px4_ws/install/example_mode_with_rclpy_py/lib/python3.12/site-packages:/home/mikks/ros2_px4_ws/build/example_mode_goto_py:/home/mikks/ros2_px4_ws/install/example_mode_goto_py/lib/python3.12/site-packages:/home/mikks/ros2_px4_ws/build/px4_actuator_ctrl:/home/mikks/ros2_px4_ws/install/px4_actuator_ctrl/lib/python3.12/site-packages:/home/mikks/ros2_ws/build/rover_desc_description:/home/mikks/ros2_ws/install/rover_desc_description/lib/python3.12/site-packages:/home/mikks/ros2_ws/install/px4_actuator_ctrl/lib/python3.12/site-packages:/home/mikks/ros2_ws/build/mine_rover_description:/home/mikks/ros2_ws/install/mine_rover_description/lib/python3.12/site-packages:/home/mikks/ros2_ws/build/ZerionURDFV5cp_description:/home/mikks/ros2_ws/install/ZerionURDFV5cp_description/lib/python3.12/site-packages:/home/mikks/crazyflie_mapping_demo/ros2_ws/install/velocity_free_consensus/lib/python3.12/site-packages:/home/mikks/crazyflie_mapping_demo/ros2_ws/install/stepwise_lowpos/lib/python3.12/site-packages:/home/mikks/crazyflie_mapping_demo/ros2_ws/install/step_wise_lowpos/lib/python3.12/site-packages:/home/mikks/crazyflie_mapping_demo/ros2_ws/install/second_order_formation_control/lib/python3.12/site-packages:/home/mikks/crazyflie_mapping_demo/ros2_ws/install/ros_gz_crazyflie_control/lib/python3.12/site-packages:/home/mikks/crazyflie_mapping_demo/ros2_ws/install/mixed_fractional_consensus/lib/python3.12/site-packages:/home/mikks/crazyflie_mapping_demo/ros2_ws/install/lowest_pos/lib/python3.12/site-packages:/home/mikks/crazyflie_mapping_demo/ros2_ws/install/linear_consensus/lib/python3.12/site-packages:/home/mikks/crazyflie_mapping_demo/ros2_ws/install/highest_pos/lib/python3.12/site-packages:/home/mikks/crazyflie_mapping_demo/ros2_ws/install/fractional_consensus_alpha/lib/python3.12/site-packages:/home/mikks/crazyflie_mapping_demo/ros2_ws/install/event_triggered_swarm/lib/python3.12/site-packages:/home/mikks/crazyflie_mapping_demo/ros2_ws/install/drone_logger/lib/python3.12/site-packages:/home/mikks/crazyflie_mapping_demo/ros2_ws/install/distributed_average_tracking/lib/python3.12/site-packages:/home/mikks/crazyflie_mapping_demo/ros2_ws/install/crazyflie_swarm_logic/lib/python3.12/site-packages:/home/mikks/crazyflie_mapping_demo/ros2_ws/install/crazyflie_sim/lib/python3.12/site-packages:/home/mikks/crazyflie_mapping_demo/ros2_ws/install/crazyflie_ros2_multiranger_wall_following/lib/python3.12/site-packages:/home/mikks/crazyflie_mapping_demo/ros2_ws/install/crazyflie_ros2_multiranger_simple_mapper/lib/python3.12/site-packages:/home/mikks/crazyflie_mapping_demo/ros2_ws/install/crazyflie_examples/lib/python3.12/site-packages:/home/mikks/crazyflie_mapping_demo/ros2_ws/install/crazyflie_py/lib/python3.12/site-packages:/home/mikks/crazyflie_mapping_demo/ros2_ws/install/crazyflie_interfaces/lib/python3.12/site-packages:/home/mikks/crazyflie_mapping_demo/ros2_ws/install/cooperative_target_centric_formation/lib/python3.12/site-packages:/home/mikks/crazyflie_mapping_demo/ros2_ws/install/containment_using_agent_information/lib/python3.12/site-packages:/home/mikks/crazyflie_mapping_demo/ros2_ws/install/consensus_for_double_integrator/lib/python3.12/site-packages:/home/mikks/crazyflie_mapping_demo/ros2_ws/install/consensus_alignment/lib/python3.12/site-packages:/home/mikks/crazyflie_mapping_demo/ros2_ws/install/binary_consensus/lib/python3.12/site-packages:/home/mikks/crazyflie_mapping_demo/ros2_ws/install/Second_Order_Min_Consensus_for_Heterogeneous_Agents/lib/python3.12/site-packages:/home/mikks/crazyflie_mapping_demo/ros2_ws/install/BinaryContainmentChain/lib/python3.12/site-packages:/opt/ros/jazzy/lib/python3.12/site-packages /usr/bin/python3 -W ignore:setup.py install is deprecated -W ignore:easy_install command is deprecated setup.py develop --editable --build-directory /home/mikks/ros2_px4_ws/build/example_mode_with_rclpy_py/build --no-deps symlink_data
[7.391s] INFO:colcon.colcon_core.shell:Creating environment descriptor '/home/mikks/ros2_px4_ws/build/example_mode_with_rclpy_py/share/example_mode_with_rclpy_py/hook/pythonpath_develop.dsv'
[7.391s] INFO:colcon.colcon_core.shell:Creating environment hook '/home/mikks/ros2_px4_ws/build/example_mode_with_rclpy_py/share/example_mode_with_rclpy_py/hook/pythonpath_develop.sh'
[7.392s] Level 1:colcon.colcon_core.environment:checking '/home/mikks/ros2_px4_ws/install/example_mode_with_rclpy_py' for CMake module files
[7.392s] Level 1:colcon.colcon_core.environment:checking '/home/mikks/ros2_px4_ws/install/example_mode_with_rclpy_py' for CMake config files
[7.393s] Level 1:colcon.colcon_core.environment:checking '/home/mikks/ros2_px4_ws/install/example_mode_with_rclpy_py/lib'
[7.393s] Level 1:colcon.colcon_core.environment:checking '/home/mikks/ros2_px4_ws/install/example_mode_with_rclpy_py/bin'
[7.393s] Level 1:colcon.colcon_core.environment:checking '/home/mikks/ros2_px4_ws/install/example_mode_with_rclpy_py/lib/pkgconfig/example_mode_with_rclpy_py.pc'
[7.393s] Level 1:colcon.colcon_core.environment:checking '/home/mikks/ros2_px4_ws/install/example_mode_with_rclpy_py/lib/python3.12/site-packages'
[7.393s] Level 1:colcon.colcon_core.shell:create_environment_hook('example_mode_with_rclpy_py', 'pythonpath')
[7.393s] INFO:colcon.colcon_core.shell:Creating environment hook '/home/mikks/ros2_px4_ws/install/example_mode_with_rclpy_py/share/example_mode_with_rclpy_py/hook/pythonpath.ps1'
[7.394s] INFO:colcon.colcon_core.shell:Creating environment descriptor '/home/mikks/ros2_px4_ws/install/example_mode_with_rclpy_py/share/example_mode_with_rclpy_py/hook/pythonpath.dsv'
[7.394s] INFO:colcon.colcon_core.shell:Creating environment hook '/home/mikks/ros2_px4_ws/install/example_mode_with_rclpy_py/share/example_mode_with_rclpy_py/hook/pythonpath.sh'
[7.394s] Level 1:colcon.colcon_core.environment:checking '/home/mikks/ros2_px4_ws/install/example_mode_with_rclpy_py/bin'
[7.394s] Level 1:colcon.colcon_core.environment:create_environment_scripts_only(example_mode_with_rclpy_py)
[7.395s] INFO:colcon.colcon_core.shell:Creating package script '/home/mikks/ros2_px4_ws/install/example_mode_with_rclpy_py/share/example_mode_with_rclpy_py/package.ps1'
[7.395s] INFO:colcon.colcon_core.shell:Creating package descriptor '/home/mikks/ros2_px4_ws/install/example_mode_with_rclpy_py/share/example_mode_with_rclpy_py/package.dsv'
[7.395s] INFO:colcon.colcon_core.shell:Creating package script '/home/mikks/ros2_px4_ws/install/example_mode_with_rclpy_py/share/example_mode_with_rclpy_py/package.sh'
[7.396s] INFO:colcon.colcon_core.shell:Creating package script '/home/mikks/ros2_px4_ws/install/example_mode_with_rclpy_py/share/example_mode_with_rclpy_py/package.bash'
[7.396s] INFO:colcon.colcon_core.shell:Creating package script '/home/mikks/ros2_px4_ws/install/example_mode_with_rclpy_py/share/example_mode_with_rclpy_py/package.zsh'
[7.396s] Level 1:colcon.colcon_core.environment:create_file_with_runtime_dependencies(/home/mikks/ros2_px4_ws/install/example_mode_with_rclpy_py/share/colcon-core/packages/example_mode_with_rclpy_py)
[7.397s] Level 1:colcon.colcon_core.shell:create_environment_hook('example_mode_goto_py', 'pythonpath_develop')
[7.397s] INFO:colcon.colcon_core.shell:Creating environment hook '/home/mikks/ros2_px4_ws/build/example_mode_goto_py/share/example_mode_goto_py/hook/pythonpath_develop.ps1'
[7.398s] DEBUG:colcon.colcon_core.event_handler.log_command:Invoked command in '/home/mikks/ros2_px4_ws/build/example_mode_goto_py' returned '0': CMAKE_PREFIX_PATH=/home/mikks/ros2_px4_ws/install/px4_ros2_py:/home/mikks/ros2_px4_ws/install/px4_ros2_cpp:/home/mikks/ros2_px4_ws/install/px4_msgs:/home/mikks/ros2_px4_ws/install/px4_ros_com:/home/mikks/ros2_px4_ws/install/example_rover_velocity_mode_cpp:/home/mikks/ros2_px4_ws/install/example_mode_with_executor_cpp:/home/mikks/ros2_px4_ws/install/example_mode_vtol_cpp:/home/mikks/ros2_px4_ws/install/example_mode_rtl_replacement_cpp:/home/mikks/ros2_px4_ws/install/example_mode_mission_cpp:/home/mikks/ros2_px4_ws/install/example_mode_manual_cpp:/home/mikks/ros2_px4_ws/install/example_mode_goto_global_cpp:/home/mikks/ros2_px4_ws/install/example_mode_goto_cpp:/home/mikks/ros2_px4_ws/install/example_mode_fw_attitude_cpp:/home/mikks/ros2_px4_ws/install/example_local_navigation_cpp:/home/mikks/ros2_px4_ws/install/example_global_navigation_cpp:/home/mikks/ros2_px4_ws/install/example_executor_with_multiple_modes_cpp:/home/mikks/crazyflie_mapping_demo/ros2_ws/install/crazyflie_ros2_multiranger_bringup:/home/mikks/crazyflie_mapping_demo/ros2_ws/install/ros_gz_crazyflie_bringup:/home/mikks/crazyflie_mapping_demo/ros2_ws/install/ros_gz_crazyflie_gazebo:/home/mikks/crazyflie_mapping_demo/ros2_ws/install/crazyflie_sim:/home/mikks/crazyflie_mapping_demo/ros2_ws/install/crazyflie_examples:/home/mikks/crazyflie_mapping_demo/ros2_ws/install/crazyflie:/home/mikks/crazyflie_mapping_demo/ros2_ws/install/crazyflie_interfaces:/opt/ros/jazzy/opt/gz_sim_vendor:/opt/ros/jazzy/opt/gz_sensors_vendor:/opt/ros/jazzy/opt/gz_physics_vendor:/opt/ros/jazzy/opt/sdformat_vendor:/opt/ros/jazzy/opt/gz_gui_vendor:/opt/ros/jazzy/opt/gz_transport_vendor:/opt/ros/jazzy/opt/gz_rendering_vendor:/opt/ros/jazzy/opt/gz_plugin_vendor:/opt/ros/jazzy/opt/gz_fuel_tools_vendor:/opt/ros/jazzy/opt/gz_msgs_vendor:/opt/ros/jazzy/opt/gz_common_vendor:/opt/ros/jazzy/opt/gz_math_vendor:/opt/ros/jazzy/opt/gz_utils_vendor:/opt/ros/jazzy/opt/gz_tools_vendor:/opt/ros/jazzy/opt/gz_ogre_next_vendor:/opt/ros/jazzy/opt/gz_dartsim_vendor:/opt/ros/jazzy/opt/gz_cmake_vendor DEBUGINFOD_URLS=https://debuginfod.ubuntu.com LD_LIBRARY_PATH=/home/mikks/ros2_px4_ws/install/px4_ros2_cpp/lib:/home/mikks/ros2_px4_ws/install/px4_msgs/lib:/home/mikks/ros2_px4_ws/install/px4_ros_com/lib:/home/mikks/NatNet_SDK_4.3_ubuntu/lib:/home/mikks/crazyflie_mapping_demo/ros2_ws/install/crazyflie_interfaces/lib:/opt/ros/jazzy/opt/gz_sim_vendor/lib:/opt/ros/jazzy/opt/gz_sensors_vendor/lib:/opt/ros/jazzy/opt/gz_physics_vendor/lib:/opt/ros/jazzy/opt/sdformat_vendor/lib:/opt/ros/jazzy/opt/rviz_ogre_vendor/lib:/opt/ros/jazzy/lib/x86_64-linux-gnu:/opt/ros/jazzy/opt/gz_gui_vendor/lib:/opt/ros/jazzy/opt/gz_transport_vendor/lib:/opt/ros/jazzy/opt/gz_rendering_vendor/lib:/opt/ros/jazzy/opt/gz_plugin_vendor/lib:/opt/ros/jazzy/opt/gz_fuel_tools_vendor/lib:/opt/ros/jazzy/opt/gz_msgs_vendor/lib:/opt/ros/jazzy/opt/gz_common_vendor/lib:/opt/ros/jazzy/opt/gz_math_vendor/lib:/opt/ros/jazzy/opt/gz_utils_vendor/lib:/opt/ros/jazzy/opt/gz_tools_vendor/lib:/opt/ros/jazzy/opt/gz_ogre_next_vendor/lib:/opt/ros/jazzy/opt/gz_dartsim_vendor/lib:/opt/ros/jazzy/opt/gz_cmake_vendor/lib:/opt/ros/jazzy/lib PYTHONPATH=/home/mikks/ros2_px4_ws/build/example_mode_goto_py/prefix_override:/usr/lib/python3/dist-packages/colcon_core/task/python/colcon_distutils_commands:/home/mikks/ros2_px4_ws/install/example_mode_goto_py/lib/python3.12/site-packages:/home/mikks/ros2_px4_ws/install/px4_ros2_py/lib/python3.12/site-packages:/home/mikks/ros2_px4_ws/install/px4_msgs/lib/python3.12/site-packages:/home/mikks/ros2_px4_ws/build/x500_hover_controller:/home/mikks/ros2_px4_ws/install/x500_hover_controller/lib/python3.12/site-packages:/home/mikks/ros2_px4_ws/install/px4_ros_com/lib/python3.12/site-packages:/home/mikks/ros2_px4_ws/build/example_mode_with_rclpy_py:/home/mikks/ros2_px4_ws/install/example_mode_with_rclpy_py/lib/python3.12/site-packages:/home/mikks/ros2_px4_ws/build/example_mode_goto_py:/home/mikks/ros2_px4_ws/install/example_mode_goto_py/lib/python3.12/site-packages:/home/mikks/ros2_px4_ws/build/px4_actuator_ctrl:/home/mikks/ros2_px4_ws/install/px4_actuator_ctrl/lib/python3.12/site-packages:/home/mikks/ros2_ws/build/rover_desc_description:/home/mikks/ros2_ws/install/rover_desc_description/lib/python3.12/site-packages:/home/mikks/ros2_ws/install/px4_actuator_ctrl/lib/python3.12/site-packages:/home/mikks/ros2_ws/build/mine_rover_description:/home/mikks/ros2_ws/install/mine_rover_description/lib/python3.12/site-packages:/home/mikks/ros2_ws/build/ZerionURDFV5cp_description:/home/mikks/ros2_ws/install/ZerionURDFV5cp_description/lib/python3.12/site-packages:/home/mikks/crazyflie_mapping_demo/ros2_ws/install/velocity_free_consensus/lib/python3.12/site-packages:/home/mikks/crazyflie_mapping_demo/ros2_ws/install/stepwise_lowpos/lib/python3.12/site-packages:/home/mikks/crazyflie_mapping_demo/ros2_ws/install/step_wise_lowpos/lib/python3.12/site-packages:/home/mikks/crazyflie_mapping_demo/ros2_ws/install/second_order_formation_control/lib/python3.12/site-packages:/home/mikks/crazyflie_mapping_demo/ros2_ws/install/ros_gz_crazyflie_control/lib/python3.12/site-packages:/home/mikks/crazyflie_mapping_demo/ros2_ws/install/mixed_fractional_consensus/lib/python3.12/site-packages:/home/mikks/crazyflie_mapping_demo/ros2_ws/install/lowest_pos/lib/python3.12/site-packages:/home/mikks/crazyflie_mapping_demo/ros2_ws/install/linear_consensus/lib/python3.12/site-packages:/home/mikks/crazyflie_mapping_demo/ros2_ws/install/highest_pos/lib/python3.12/site-packages:/home/mikks/crazyflie_mapping_demo/ros2_ws/install/fractional_consensus_alpha/lib/python3.12/site-packages:/home/mikks/crazyflie_mapping_demo/ros2_ws/install/event_triggered_swarm/lib/python3.12/site-packages:/home/mikks/crazyflie_mapping_demo/ros2_ws/install/drone_logger/lib/python3.12/site-packages:/home/mikks/crazyflie_mapping_demo/ros2_ws/install/distributed_average_tracking/lib/python3.12/site-packages:/home/mikks/crazyflie_mapping_demo/ros2_ws/install/crazyflie_swarm_logic/lib/python3.12/site-packages:/home/mikks/crazyflie_mapping_demo/ros2_ws/install/crazyflie_sim/lib/python3.12/site-packages:/home/mikks/crazyflie_mapping_demo/ros2_ws/install/crazyflie_ros2_multiranger_wall_following/lib/python3.12/site-packages:/home/mikks/crazyflie_mapping_demo/ros2_ws/install/crazyflie_ros2_multiranger_simple_mapper/lib/python3.12/site-packages:/home/mikks/crazyflie_mapping_demo/ros2_ws/install/crazyflie_examples/lib/python3.12/site-packages:/home/mikks/crazyflie_mapping_demo/ros2_ws/install/crazyflie_py/lib/python3.12/site-packages:/home/mikks/crazyflie_mapping_demo/ros2_ws/install/crazyflie_interfaces/lib/python3.12/site-packages:/home/mikks/crazyflie_mapping_demo/ros2_ws/install/cooperative_target_centric_formation/lib/python3.12/site-packages:/home/mikks/crazyflie_mapping_demo/ros2_ws/install/containment_using_agent_information/lib/python3.12/site-packages:/home/mikks/crazyflie_mapping_demo/ros2_ws/install/consensus_for_double_integrator/lib/python3.12/site-packages:/home/mikks/crazyflie_mapping_demo/ros2_ws/install/consensus_alignment/lib/python3.12/site-packages:/home/mikks/crazyflie_mapping_demo/ros2_ws/install/binary_consensus/lib/python3.12/site-packages:/home/mikks/crazyflie_mapping_demo/ros2_ws/install/Second_Order_Min_Consensus_for_Heterogeneous_Agents/lib/python3.12/site-packages:/home/mikks/crazyflie_mapping_demo/ros2_ws/install/BinaryContainmentChain/lib/python3.12/site-packages:/opt/ros/jazzy/lib/python3.12/site-packages /usr/bin/python3 -W ignore:setup.py install is deprecated -W ignore:easy_install command is deprecated setup.py develop --editable --build-directory /home/mikks/ros2_px4_ws/build/example_mode_goto_py/build --no-deps symlink_data
[7.398s] INFO:colcon.colcon_core.shell:Creating environment descriptor '/home/mikks/ros2_px4_ws/build/example_mode_goto_py/share/example_mode_goto_py/hook/pythonpath_develop.dsv'
[7.399s] INFO:colcon.colcon_core.shell:Creating environment hook '/home/mikks/ros2_px4_ws/build/example_mode_goto_py/share/example_mode_goto_py/hook/pythonpath_develop.sh'
[7.399s] Level 1:colcon.colcon_core.environment:checking '/home/mikks/ros2_px4_ws/install/example_mode_goto_py' for CMake module files
[7.400s] Level 1:colcon.colcon_core.environment:checking '/home/mikks/ros2_px4_ws/install/example_mode_goto_py' for CMake config files
[7.400s] Level 1:colcon.colcon_core.environment:checking '/home/mikks/ros2_px4_ws/install/example_mode_goto_py/lib'
[7.400s] Level 1:colcon.colcon_core.environment:checking '/home/mikks/ros2_px4_ws/install/example_mode_goto_py/bin'
[7.401s] Level 1:colcon.colcon_core.environment:checking '/home/mikks/ros2_px4_ws/install/example_mode_goto_py/lib/pkgconfig/example_mode_goto_py.pc'
[7.401s] Level 1:colcon.colcon_core.environment:checking '/home/mikks/ros2_px4_ws/install/example_mode_goto_py/lib/python3.12/site-packages'
[7.401s] Level 1:colcon.colcon_core.shell:create_environment_hook('example_mode_goto_py', 'pythonpath')
[7.401s] INFO:colcon.colcon_core.shell:Creating environment hook '/home/mikks/ros2_px4_ws/install/example_mode_goto_py/share/example_mode_goto_py/hook/pythonpath.ps1'
[7.402s] INFO:colcon.colcon_core.shell:Creating environment descriptor '/home/mikks/ros2_px4_ws/install/example_mode_goto_py/share/example_mode_goto_py/hook/pythonpath.dsv'
[7.402s] INFO:colcon.colcon_core.shell:Creating environment hook '/home/mikks/ros2_px4_ws/install/example_mode_goto_py/share/example_mode_goto_py/hook/pythonpath.sh'
[7.403s] Level 1:colcon.colcon_core.environment:checking '/home/mikks/ros2_px4_ws/install/example_mode_goto_py/bin'
[7.403s] Level 1:colcon.colcon_core.environment:create_environment_scripts_only(example_mode_goto_py)
[7.403s] INFO:colcon.colcon_core.shell:Creating package script '/home/mikks/ros2_px4_ws/install/example_mode_goto_py/share/example_mode_goto_py/package.ps1'
[7.404s] INFO:colcon.colcon_core.shell:Creating package descriptor '/home/mikks/ros2_px4_ws/install/example_mode_goto_py/share/example_mode_goto_py/package.dsv'
[7.404s] INFO:colcon.colcon_core.shell:Creating package script '/home/mikks/ros2_px4_ws/install/example_mode_goto_py/share/example_mode_goto_py/package.sh'
[7.405s] INFO:colcon.colcon_core.shell:Creating package script '/home/mikks/ros2_px4_ws/install/example_mode_goto_py/share/example_mode_goto_py/package.bash'
[7.405s] INFO:colcon.colcon_core.shell:Creating package script '/home/mikks/ros2_px4_ws/install/example_mode_goto_py/share/example_mode_goto_py/package.zsh'
[7.406s] Level 1:colcon.colcon_core.environment:create_file_with_runtime_dependencies(/home/mikks/ros2_px4_ws/install/example_mode_goto_py/share/colcon-core/packages/example_mode_goto_py)
[7.406s] DEBUG:colcon.colcon_parallel_executor.executor.parallel:closing loop
[7.406s] DEBUG:colcon.colcon_parallel_executor.executor.parallel:loop closed
[7.407s] DEBUG:colcon.colcon_parallel_executor.executor.parallel:run_until_complete finished with '0'
[7.407s] DEBUG:colcon.colcon_core.event_reactor:joining thread
[7.413s] INFO:colcon.colcon_core.plugin_system:Skipping extension 'colcon_notification.desktop_notification.terminal_notifier': Not used on non-Darwin systems
[7.413s] INFO:colcon.colcon_core.plugin_system:Skipping extension 'colcon_notification.desktop_notification.win32': Not used on non-Windows systems
[7.413s] INFO:colcon.colcon_notification.desktop_notification:Sending desktop notification using 'notify2'
[7.427s] DEBUG:colcon.colcon_core.event_reactor:joined thread
[7.427s] INFO:colcon.colcon_core.shell:Creating prefix script '/home/mikks/ros2_px4_ws/install/local_setup.ps1'
[7.429s] INFO:colcon.colcon_core.shell:Creating prefix util module '/home/mikks/ros2_px4_ws/install/_local_setup_util_ps1.py'
[7.430s] INFO:colcon.colcon_core.shell:Creating prefix chain script '/home/mikks/ros2_px4_ws/install/setup.ps1'
[7.434s] INFO:colcon.colcon_core.shell:Creating prefix script '/home/mikks/ros2_px4_ws/install/local_setup.sh'
[7.435s] INFO:colcon.colcon_core.shell:Creating prefix util module '/home/mikks/ros2_px4_ws/install/_local_setup_util_sh.py'
[7.436s] INFO:colcon.colcon_core.shell:Creating prefix chain script '/home/mikks/ros2_px4_ws/install/setup.sh'
[7.439s] INFO:colcon.colcon_core.shell:Creating prefix script '/home/mikks/ros2_px4_ws/install/local_setup.bash'
[7.440s] INFO:colcon.colcon_core.shell:Creating prefix chain script '/home/mikks/ros2_px4_ws/install/setup.bash'
[7.444s] INFO:colcon.colcon_core.shell:Creating prefix script '/home/mikks/ros2_px4_ws/install/local_setup.zsh'
[7.444s] INFO:colcon.colcon_core.shell:Creating prefix chain script '/home/mikks/ros2_px4_ws/install/setup.zsh'
